timestamp,station_id,station_name,latitude,longitude,temperature,pressure,humidity
1996-01-01T00:00:00,42309099999,LILABARI,27.233,94.117,12.6,1019.0,95.5
1996-01-01T03:00:00,42309099999,LILABARI,27.233,94.117,18.6,1021.7,71.28
1996-01-01T06:00:00,42309099999,LILABARI,27.233,94.117,24.2,1016.7,43.48
1996-01-01T12:00:00,42309099999,LILABARI,27.233,94.117,18.6,1017.9,69.45
1996-01-01T15:00:00,42309099999,LILABARI,27.233,94.117,14.0,1020.3,88.91
1996-01-01T18:00:00,42309099999,LILABARI,27.233,94.117,14.0,1020.3,88.91
1996-01-02T00:00:00,42309099999,LILABARI,27.233,94.117,10.2,1020.0,98.01
1996-01-02T03:00:00,42309099999,LILABARI,27.233,94.117,17.0,1022.7,72.88
1996-01-02T06:00:00,42309099999,LILABARI,27.233,94.117,22.6,1019.5,46.94
1996-01-02T09:00:00,42309099999,LILABARI,27.233,94.117,23.6,1018.1,43.89
1996-01-02T12:00:00,42309099999,LILABARI,27.233,94.117,18.0,1018.7,72.58
1996-01-03T03:00:00,42309099999,LILABARI,27.233,94.117,17.2,1022.0,71.96
1996-01-03T06:00:00,42309099999,LILABARI,27.233,94.117,22.6,1019.1,54.27
1996-01-03T09:00:00,42309099999,LILABARI,27.233,94.117,24.0,1017.0,42.0
1996-01-03T12:00:00,42309099999,LILABARI,27.233,94.117,17.0,1017.3,83.59
1996-01-03T15:00:00,42309099999,LILABARI,27.233,94.117,12.8,1018.6,95.51
1996-01-04T03:00:00,42309099999,LILABARI,27.233,94.117,16.8,1018.6,79.33
1996-01-04T12:00:00,42309099999,LILABARI,27.233,94.117,19.2,1014.0,71.86
1996-01-04T15:00:00,42309099999,LILABARI,27.233,94.117,16.2,1015.8,87.38
1996-01-05T00:00:00,42309099999,LILABARI,27.233,94.117,13.2,1017.2,93.05
1996-01-05T03:00:00,42309099999,LILABARI,27.233,94.117,19.0,1018.8,68.62
1996-01-05T06:00:00,42309099999,LILABARI,27.233,94.117,25.0,1016.8,40.63
1996-01-05T09:00:00,42309099999,LILABARI,27.233,94.117,25.4,1014.2,38.89
1996-01-05T12:00:00,42309099999,LILABARI,27.233,94.117,18.0,1015.2,74.5
1996-01-05T15:00:00,42309099999,LILABARI,27.233,94.117,14.4,1016.8,90.71
1996-01-06T03:00:00,42309099999,LILABARI,27.233,94.117,16.4,1018.2,75.21
1996-01-06T06:00:00,42309099999,LILABARI,27.233,94.117,21.0,1016.9,56.78
1996-01-06T09:00:00,42309099999,LILABARI,27.233,94.117,23.0,1014.4,44.61
1996-01-06T12:00:00,42309099999,LILABARI,27.233,94.117,18.6,1015.4,69.45
1996-01-06T15:00:00,42309099999,LILABARI,27.233,94.117,15.4,1017.5,85.05
1996-01-06T18:00:00,42309099999,LILABARI,27.233,94.117,12.6,1017.8,93.01
1996-01-07T03:00:00,42309099999,LILABARI,27.233,94.117,18.2,1019.6,69.37
1996-01-07T06:00:00,42309099999,LILABARI,27.233,94.117,22.0,1017.9,65.34
1996-01-07T09:00:00,42309099999,LILABARI,27.233,94.117,23.8,1015.3,44.24
1996-01-07T12:00:00,42309099999,LILABARI,27.233,94.117,18.0,1016.0,70.71
1996-01-07T15:00:00,42309099999,LILABARI,27.233,94.117,14.2,1017.8,90.69
1996-01-08T00:00:00,42309099999,LILABARI,27.233,94.117,10.0,1019.3,98.01
1996-01-08T03:00:00,42309099999,LILABARI,27.233,94.117,10.0,1019.3,98.01
1996-01-08T06:00:00,42309099999,LILABARI,27.233,94.117,22.4,1019.2,52.47
1996-01-08T09:00:00,42309099999,LILABARI,27.233,94.117,24.0,1016.5,42.0
1996-01-08T12:00:00,42309099999,LILABARI,27.233,94.117,18.0,1016.6,74.5
1996-01-09T00:00:00,42309099999,LILABARI,27.233,94.117,9.6,1017.4,98.0
1996-01-09T03:00:00,42309099999,LILABARI,27.233,94.117,18.8,1017.7,60.92
1996-01-09T06:00:00,42309099999,LILABARI,27.233,94.117,25.0,1016.9,38.26
1996-01-09T09:00:00,42309099999,LILABARI,27.233,94.117,,1014.0,
1996-01-09T12:00:00,42309099999,LILABARI,27.233,94.117,18.4,1014.6,67.61
1996-01-09T15:00:00,42309099999,LILABARI,27.233,94.117,13.6,1016.3,90.65
1996-01-10T00:00:00,42309099999,LILABARI,27.233,94.117,13.0,1015.7,77.72
1996-01-10T03:00:00,42309099999,LILABARI,27.233,94.117,18.0,1016.8,61.96
1996-01-10T06:00:00,42309099999,LILABARI,27.233,94.117,22.0,1015.2,47.41
1996-01-10T09:00:00,42309099999,LILABARI,27.233,94.117,25.0,1012.5,40.63
1996-01-10T12:00:00,42309099999,LILABARI,27.233,94.117,20.0,1012.5,64.07
1996-01-10T15:00:00,42309099999,LILABARI,27.233,94.117,17.0,1014.1,83.59
1996-01-11T00:00:00,42309099999,LILABARI,27.233,94.117,15.0,1012.3,91.34
1996-01-11T03:00:00,42309099999,LILABARI,27.233,94.117,16.0,1014.3,93.79
1996-01-11T06:00:00,42309099999,LILABARI,27.233,94.117,17.6,1013.1,82.05
1996-01-11T09:00:00,42309099999,LILABARI,27.233,94.117,15.6,1011.0,91.38
1996-01-11T12:00:00,42309099999,LILABARI,27.233,94.117,14.6,1012.5,90.13
1996-01-12T03:00:00,42309099999,LILABARI,27.233,94.117,14.2,1015.6,93.1
1996-01-12T12:00:00,42309099999,LILABARI,27.233,94.117,14.4,1015.6,90.71
1996-01-12T15:00:00,42309099999,LILABARI,27.233,94.117,14.0,1016.8,90.68
1996-01-13T00:00:00,42309099999,LILABARI,27.233,94.117,12.6,1015.6,98.05
1996-01-13T03:00:00,42309099999,LILABARI,27.233,94.117,14.8,1018.7,84.43
1996-01-13T06:00:00,42309099999,LILABARI,27.233,94.117,16.2,1017.2,77.19
1996-01-13T09:00:00,42309099999,LILABARI,27.233,94.117,18.0,1014.1,65.33
1996-01-13T12:00:00,42309099999,LILABARI,27.233,94.117,16.0,1013.8,82.93
1996-01-14T00:00:00,42309099999,LILABARI,27.233,94.117,13.0,1014.3,98.06
1996-01-14T03:00:00,42309099999,LILABARI,27.233,94.117,14.8,1016.5,88.98
1996-01-14T06:00:00,42309099999,LILABARI,27.233,94.117,18.0,1015.3,70.71
1996-01-14T09:00:00,42309099999,LILABARI,27.233,94.117,19.0,1013.1,57.81
1996-01-14T12:00:00,42309099999,LILABARI,27.233,94.117,16.0,1013.8,79.21
1996-01-14T15:00:00,42309099999,LILABARI,27.233,94.117,15.0,1015.9,88.99
1996-01-14T18:00:00,42309099999,LILABARI,27.233,94.117,11.8,1017.0,94.84
1996-01-15T03:00:00,42309099999,LILABARI,27.233,94.117,16.0,1017.8,73.18
1996-01-15T06:00:00,42309099999,LILABARI,27.233,94.117,20.8,1016.7,50.35
1996-01-15T09:00:00,42309099999,LILABARI,27.233,94.117,22.0,1014.5,43.16
1996-01-15T12:00:00,42309099999,LILABARI,27.233,94.117,17.2,1012.7,71.96
1996-01-15T15:00:00,42309099999,LILABARI,27.233,94.117,13.0,1017.3,88.24
1996-01-16T03:00:00,42309099999,LILABARI,27.233,94.117,15.8,1017.7,80.76
1996-01-16T06:00:00,42309099999,LILABARI,27.233,94.117,17.8,1016.8,79.98
1996-01-16T09:00:00,42309099999,LILABARI,27.233,94.117,16.8,1014.2,85.75
1996-01-16T12:00:00,42309099999,LILABARI,27.233,94.117,15.2,1015.1,93.15
1996-01-16T15:00:00,42309099999,LILABARI,27.233,94.117,14.8,1016.9,95.58
1996-01-17T00:00:00,42309099999,LILABARI,27.233,94.117,14.0,1014.3,93.09
1996-01-17T03:00:00,42309099999,LILABARI,27.233,94.117,15.0,1018.4,93.14
1996-01-17T06:00:00,42309099999,LILABARI,27.233,94.117,19.4,1014.5,63.52
1996-01-17T09:00:00,42309099999,LILABARI,27.233,94.117,21.6,1012.2,52.96
1996-01-17T12:00:00,42309099999,LILABARI,27.233,94.117,18.4,1012.3,76.53
1996-01-17T15:00:00,42309099999,LILABARI,27.233,94.117,15.4,1014.1,91.37
1996-01-17T18:00:00,42309099999,LILABARI,27.233,94.117,14.6,1014.3,91.32
1996-01-18T00:00:00,42309099999,LILABARI,27.233,94.117,13.6,1014.1,98.07
1996-01-18T03:00:00,42309099999,LILABARI,27.233,94.117,15.2,1017.3,98.09
1996-01-18T06:00:00,42309099999,LILABARI,27.233,94.117,18.0,1016.2,70.71
1996-01-18T09:00:00,42309099999,LILABARI,27.233,94.117,19.4,1014.5,61.46
1996-01-18T15:00:00,42309099999,LILABARI,27.233,94.117,15.0,1016.9,88.99
1996-01-19T00:00:00,42309099999,LILABARI,27.233,94.117,10.4,1014.6,94.79
1996-01-19T03:00:00,42309099999,LILABARI,27.233,94.117,14.0,1016.0,77.87
1996-01-19T06:00:00,42309099999,LILABARI,27.233,94.117,18.0,1014.1,56.41
1996-01-19T09:00:00,42309099999,LILABARI,27.233,94.117,17.8,1011.8,59.87
1996-01-19T12:00:00,42309099999,LILABARI,27.233,94.117,15.4,1012.3,82.85
1996-01-19T15:00:00,42309099999,LILABARI,27.233,94.117,13.8,1013.4,95.54
1996-01-20T03:00:00,42309099999,LILABARI,27.233,94.117,14.0,1015.9,93.09
1996-01-20T09:00:00,42309099999,LILABARI,27.233,94.117,15.2,1012.8,86.72
1996-01-20T12:00:00,42309099999,LILABARI,27.233,94.117,14.0,1013.0,93.09
1996-01-20T15:00:00,42309099999,LILABARI,27.233,94.117,13.6,1014.2,95.54
1996-01-21T00:00:00,42309099999,LILABARI,27.233,94.117,12.6,1013.7,95.5
1996-01-21T03:00:00,42309099999,LILABARI,27.233,94.117,13.4,1017.0,95.53
1996-01-21T06:00:00,42309099999,LILABARI,27.233,94.117,16.4,1016.4,75.21
1996-01-21T09:00:00,42309099999,LILABARI,27.233,94.117,14.4,1014.7,83.28
1996-01-21T12:00:00,42309099999,LILABARI,27.233,94.117,14.2,1015.3,95.56
1996-01-21T15:00:00,42309099999,LILABARI,27.233,94.117,13.2,1016.6,90.63
1996-01-22T00:00:00,42309099999,LILABARI,27.233,94.117,7.8,1017.4,97.98
1996-01-22T09:00:00,42309099999,LILABARI,27.233,94.117,20.6,1015.3,51.65
1996-01-22T12:00:00,42309099999,LILABARI,27.233,94.117,17.0,1015.5,75.81
1996-01-22T15:00:00,42309099999,LILABARI,27.233,94.117,13.0,1016.7,88.24
1996-01-23T00:00:00,42309099999,LILABARI,27.233,94.117,8.4,1017.0,94.71
1996-01-23T03:00:00,42309099999,LILABARI,27.233,94.117,14.6,1017.9,84.41
1996-01-23T06:00:00,42309099999,LILABARI,27.233,94.117,21.0,1016.0,56.78
1996-01-23T09:00:00,42309099999,LILABARI,27.233,94.117,21.4,1013.4,50.84
1996-01-23T12:00:00,42309099999,LILABARI,27.233,94.117,18.0,1013.0,76.46
1996-01-23T15:00:00,42309099999,LILABARI,27.233,94.117,15.4,1013.9,89.03
1996-01-24T00:00:00,42309099999,LILABARI,27.233,94.117,14.8,1012.6,98.08
1996-01-24T06:00:00,42309099999,LILABARI,27.233,94.117,14.6,1014.5,93.12
1996-01-24T09:00:00,42309099999,LILABARI,27.233,94.117,14.4,1013.7,95.56
1996-01-24T12:00:00,42309099999,LILABARI,27.233,94.117,13.4,1014.5,95.53
1996-01-24T15:00:00,42309099999,LILABARI,27.233,94.117,12.4,1015.8,95.5
1996-01-25T00:00:00,42309099999,LILABARI,27.233,94.117,10.2,1014.5,98.01
1996-01-25T03:00:00,42309099999,LILABARI,27.233,94.117,12.8,1015.7,95.51
1996-01-25T06:00:00,42309099999,LILABARI,27.233,94.117,16.8,1014.6,79.33
1996-01-25T09:00:00,42309099999,LILABARI,27.233,94.117,17.6,1012.0,68.79
1996-01-25T12:00:00,42309099999,LILABARI,27.233,94.117,16.0,1011.9,82.93
1996-01-25T15:00:00,42309099999,LILABARI,27.233,94.117,15.0,1012.7,88.99
1996-01-26T00:00:00,42309099999,LILABARI,27.233,94.117,13.2,1012.8,95.52
1996-01-26T03:00:00,42309099999,LILABARI,27.233,94.117,15.0,1014.9,88.99
1996-01-26T06:00:00,42309099999,LILABARI,27.233,94.117,20.4,1013.8,64.16
1996-01-26T09:00:00,42309099999,LILABARI,27.233,94.117,20.6,1011.4,59.75
1996-01-26T12:00:00,42309099999,LILABARI,27.233,94.117,17.2,1012.4,77.85
1996-01-26T15:00:00,42309099999,LILABARI,27.233,94.117,14.2,1014.5,90.69
1996-01-26T18:00:00,42309099999,LILABARI,27.233,94.117,12.6,1014.5,97.41
1996-01-27T00:00:00,42309099999,LILABARI,27.233,94.117,11.2,1015.3,94.82
1996-01-27T03:00:00,42309099999,LILABARI,27.233,94.117,16.4,1016.8,79.27
1996-01-27T06:00:00,42309099999,LILABARI,27.233,94.117,22.2,1015.4,59.74
1996-01-27T09:00:00,42309099999,LILABARI,27.233,94.117,23.0,1012.4,48.96
1996-01-27T12:00:00,42309099999,LILABARI,27.233,94.117,18.2,1013.5,74.54
1996-01-27T15:00:00,42309099999,LILABARI,27.233,94.117,14.0,1015.3,93.09
1996-01-28T00:00:00,42309099999,LILABARI,27.233,94.117,10.0,1016.2,94.77
1996-01-28T03:00:00,42309099999,LILABARI,27.233,94.117,17.0,1016.9,79.87
1996-01-28T06:00:00,42309099999,LILABARI,27.233,94.117,21.4,1015.5,61.92
1996-01-28T09:00:00,42309099999,LILABARI,27.233,94.117,23.0,1012.6,54.73
1996-01-28T12:00:00,42309099999,LILABARI,27.233,94.117,19.4,1012.9,71.9
1996-01-28T15:00:00,42309099999,LILABARI,27.233,94.117,15.4,1014.5,89.03
1996-01-29T00:00:00,42309099999,LILABARI,27.233,94.117,10.6,1014.9,97.37
1996-01-29T06:00:00,42309099999,LILABARI,27.233,94.117,22.4,1014.2,58.25
1996-01-29T12:00:00,42309099999,LILABARI,27.233,94.117,20.0,1011.8,72.47
1996-01-29T15:00:00,42309099999,LILABARI,27.233,94.117,16.0,1012.2,89.65
1996-01-30T00:00:00,42309099999,LILABARI,27.233,94.117,15.0,1013.7,93.14
1996-01-30T03:00:00,42309099999,LILABARI,27.233,94.117,17.0,1015.8,93.84
1996-01-30T06:00:00,42309099999,LILABARI,27.233,94.117,19.1,1014.7,70.91
1996-01-30T09:00:00,42309099999,LILABARI,27.233,94.117,22.0,1011.8,62.46
1996-01-30T12:00:00,42309099999,LILABARI,27.233,94.117,18.6,1011.9,78.56
1996-01-30T15:00:00,42309099999,LILABARI,27.233,94.117,15.0,1013.7,93.14
1996-01-31T00:00:00,42309099999,LILABARI,27.233,94.117,11.4,1015.0,94.83
1996-01-31T03:00:00,42309099999,LILABARI,27.233,94.117,17.0,1017.4,79.87
1996-01-31T09:00:00,42309099999,LILABARI,27.233,94.117,24.6,1012.3,44.17
1996-01-31T12:00:00,42309099999,LILABARI,27.233,94.117,20.4,1012.4,73.01
1996-01-31T15:00:00,42309099999,LILABARI,27.233,94.117,19.0,1014.5,75.15
1996-02-01T00:00:00,42309099999,LILABARI,27.233,94.117,12.4,1015.0,95.5
1996-02-01T03:00:00,42309099999,LILABARI,27.233,94.117,19.0,1016.8,71.82
1996-02-01T06:00:00,42309099999,LILABARI,27.233,94.117,24.4,1015.2,50.63
1996-02-01T09:00:00,42309099999,LILABARI,27.233,94.117,25.4,1012.5,41.29
1996-02-01T12:00:00,42309099999,LILABARI,27.233,94.117,21.2,1012.8,68.18
1996-02-01T15:00:00,42309099999,LILABARI,27.233,94.117,16.2,1014.9,87.38
1996-02-02T00:00:00,42309099999,LILABARI,27.233,94.117,11.4,1016.1,94.83
1996-02-02T03:00:00,42309099999,LILABARI,27.233,94.117,19.2,1017.4,64.74
1996-02-02T09:00:00,42309099999,LILABARI,27.233,94.117,25.4,1012.6,43.81
1996-02-02T12:00:00,42309099999,LILABARI,27.233,94.117,21.0,1012.2,68.14
1996-02-02T15:00:00,42309099999,LILABARI,27.233,94.117,15.2,1013.4,86.72
1996-02-03T03:00:00,42309099999,LILABARI,27.233,94.117,19.0,1016.9,68.18
1996-02-03T06:00:00,42309099999,LILABARI,27.233,94.117,24.0,1015.3,48.58
1996-02-03T09:00:00,42309099999,LILABARI,27.233,94.117,26.2,1011.7,33.99
1996-02-03T12:00:00,42309099999,LILABARI,27.233,94.117,20.2,1012.8,62.46
1996-02-03T15:00:00,42309099999,LILABARI,27.233,94.117,15.4,1014.1,85.05
1996-02-04T00:00:00,42309099999,LILABARI,27.233,94.117,11.0,1015.4,94.81
1996-02-04T03:00:00,42309099999,LILABARI,27.233,94.117,18.0,1017.2,72.58
1996-02-04T06:00:00,42309099999,LILABARI,27.233,94.117,23.0,1015.3,51.6
1996-02-04T09:00:00,42309099999,LILABARI,27.233,94.117,27.0,1011.8,35.15
1996-02-04T12:00:00,42309099999,LILABARI,27.233,94.117,21.0,1012.3,64.29
1996-02-04T15:00:00,42309099999,LILABARI,27.233,94.117,15.0,1014.7,88.99
1996-02-05T00:00:00,42309099999,LILABARI,27.233,94.117,10.8,1015.8,94.8
1996-02-05T03:00:00,42309099999,LILABARI,27.233,94.117,17.6,1017.6,74.43
1996-02-05T06:00:00,42309099999,LILABARI,27.233,94.117,23.4,1015.6,49.39
1996-02-05T09:00:00,42309099999,LILABARI,27.233,94.117,25.2,1012.1,39.62
1996-02-05T12:00:00,42309099999,LILABARI,27.233,94.117,21.6,1012.1,60.77
1996-02-05T15:00:00,42309099999,LILABARI,27.233,94.117,15.0,1014.6,88.99
1996-02-06T00:00:00,42309099999,LILABARI,27.233,94.117,10.0,1015.5,94.77
1996-02-06T03:00:00,42309099999,LILABARI,27.233,94.117,18.6,1016.5,62.51
1996-02-06T06:00:00,42309099999,LILABARI,27.233,94.117,24.0,1014.8,42.0
1996-02-06T09:00:00,42309099999,LILABARI,27.233,94.117,26.2,1011.6,37.59
1996-02-06T12:00:00,42309099999,LILABARI,27.233,94.117,20.4,1012.3,64.16
1996-02-06T15:00:00,42309099999,LILABARI,27.233,94.117,17.4,1014.7,79.93
1996-02-06T18:00:00,42309099999,LILABARI,27.233,94.117,15.2,1015.1,93.15
1996-02-07T00:00:00,42309099999,LILABARI,27.233,94.117,12.0,1016.1,92.98
1996-02-07T03:00:00,42309099999,LILABARI,27.233,94.117,19.0,1018.1,64.69
1996-02-07T06:00:00,42309099999,LILABARI,27.233,94.117,24.4,1016.9,45.0
1996-02-07T12:00:00,42309099999,LILABARI,27.233,94.117,21.0,1014.2,61.83
1996-02-07T15:00:00,42309099999,LILABARI,27.233,94.117,15.6,1016.3,82.88
1996-02-08T00:00:00,42309099999,LILABARI,27.233,94.117,10.4,1016.5,94.79
1996-02-08T06:00:00,42309099999,LILABARI,27.233,94.117,24.2,1017.3,42.06
1996-02-08T09:00:00,42309099999,LILABARI,27.233,94.117,25.4,1013.8,35.17
1996-02-08T12:00:00,42309099999,LILABARI,27.233,94.117,26.6,1014.1,43.86
1996-02-08T15:00:00,42309099999,LILABARI,27.233,94.117,16.0,1016.2,79.21
1996-02-09T00:00:00,42309099999,LILABARI,27.233,94.117,10.0,1018.7,94.77
1996-02-09T03:00:00,42309099999,LILABARI,27.233,94.117,19.6,1019.7,58.34
1996-02-09T06:00:00,42309099999,LILABARI,27.233,94.117,24.6,1018.7,42.73
1996-02-09T09:00:00,42309099999,LILABARI,27.233,94.117,26.8,1015.2,30.25
1996-02-09T12:00:00,42309099999,LILABARI,27.233,94.117,22.4,1015.7,55.3
1996-02-09T15:00:00,42309099999,LILABARI,27.233,94.117,15.6,1018.5,85.07
1996-02-10T00:00:00,42309099999,LILABARI,27.233,94.117,10.4,1020.7,94.79
1996-02-10T03:00:00,42309099999,LILABARI,27.233,94.117,19.6,1022.1,61.91
1996-02-10T06:00:00,42309099999,LILABARI,27.233,94.117,,1022.1,
1996-02-10T09:00:00,42309099999,LILABARI,27.233,94.117,27.4,1015.8,27.84
1996-02-10T12:00:00,42309099999,LILABARI,27.233,94.117,22.0,1015.7,65.76
1996-02-10T15:00:00,42309099999,LILABARI,27.233,94.117,15.6,1017.3,85.07
1996-02-11T00:00:00,42309099999,LILABARI,27.233,94.117,12.2,1017.3,90.56
1996-02-11T03:00:00,42309099999,LILABARI,27.233,94.117,20.2,1018.6,62.46
1996-02-11T06:00:00,42309099999,LILABARI,27.233,94.117,26.2,1016.1,38.6
1996-02-11T09:00:00,42309099999,LILABARI,27.233,94.117,28.2,1013.7,35.72
1996-02-11T12:00:00,42309099999,LILABARI,27.233,94.117,21.8,1013.5,67.43
1996-02-11T15:00:00,42309099999,LILABARI,27.233,94.117,16.2,1015.2,81.34
1996-02-12T03:00:00,42309099999,LILABARI,27.233,94.117,18.6,1016.4,69.45
1996-02-12T06:00:00,42309099999,LILABARI,27.233,94.117,23.0,1014.3,52.97
1996-02-12T09:00:00,42309099999,LILABARI,27.233,94.117,23.2,1011.4,47.73
1996-02-12T12:00:00,42309099999,LILABARI,27.233,94.117,19.4,1012.1,81.23
1996-02-12T15:00:00,42309099999,LILABARI,27.233,94.117,16.0,1015.0,87.36
1996-02-13T00:00:00,42309099999,LILABARI,27.233,94.117,12.6,1014.7,93.01
1996-02-13T03:00:00,42309099999,LILABARI,27.233,94.117,17.2,1016.4,81.47
1996-02-13T06:00:00,42309099999,LILABARI,27.233,94.117,23.6,1014.4,48.16
1996-02-13T09:00:00,42309099999,LILABARI,27.233,94.117,12.6,1014.7,93.01
1996-02-13T15:00:00,42309099999,LILABARI,27.233,94.117,15.4,1012.6,89.03
1996-02-14T00:00:00,42309099999,LILABARI,27.233,94.117,24.9,1011.8,80.93
1996-02-14T04:00:00,42309099999,LILABARI,27.233,94.117,24.9,,80.93
1996-02-14T06:00:00,42309099999,LILABARI,27.233,94.117,25.6,1013.3,45.33
1996-02-14T12:00:00,42309099999,LILABARI,27.233,94.117,22.2,1010.6,62.91
1996-02-14T18:00:00,42309099999,LILABARI,27.233,94.117,15.0,1012.4,93.14
1996-02-15T00:00:00,42309099999,LILABARI,27.233,94.117,12.6,1012.9,96.77
1996-02-15T03:00:00,42309099999,LILABARI,27.233,94.117,19.4,1014.4,72.83
1996-02-15T06:00:00,42309099999,LILABARI,27.233,94.117,24.6,1013.1,53.38
1996-02-15T09:00:00,42309099999,LILABARI,27.233,94.117,27.6,1008.6,38.23
1996-02-15T12:00:00,42309099999,LILABARI,27.233,94.117,22.6,1008.5,55.71
1996-02-15T15:00:00,42309099999,LILABARI,27.233,94.117,16.2,1010.7,85.14
1996-02-16T00:00:00,42309099999,LILABARI,27.233,94.117,14.6,1011.3,86.66
1996-02-16T03:00:00,42309099999,LILABARI,27.233,94.117,19.6,1013.3,72.4
1996-02-16T06:00:00,42309099999,LILABARI,27.233,94.117,24.2,1011.6,46.15
1996-02-16T09:00:00,42309099999,LILABARI,27.233,94.117,25.2,1008.4,42.34
1996-02-16T12:00:00,42309099999,LILABARI,27.233,94.117,21.0,1008.3,68.14
1996-02-16T15:00:00,42309099999,LILABARI,27.233,94.117,18.6,1010.5,82.7
1996-02-17T00:00:00,42309099999,LILABARI,27.233,94.117,16.0,1013.4,92.59
1996-02-17T03:00:00,42309099999,LILABARI,27.233,94.117,20.6,1015.1,77.86
1996-02-17T06:00:00,42309099999,LILABARI,27.233,94.117,23.4,1014.2,54.48
1996-02-17T09:00:00,42309099999,LILABARI,27.233,94.117,23.6,1011.1,52.44
1996-02-17T12:00:00,42309099999,LILABARI,27.233,94.117,20.0,1011.7,72.47
1996-02-17T15:00:00,42309099999,LILABARI,27.233,94.117,18.8,1014.0,75.12
1996-02-18T00:00:00,42309099999,LILABARI,27.233,94.117,13.2,1015.0,94.28
1996-02-18T03:00:00,42309099999,LILABARI,27.233,94.117,19.2,1016.9,64.74
1996-02-18T09:00:00,42309099999,LILABARI,27.233,94.117,24.8,1012.2,43.07
1996-02-18T12:00:00,42309099999,LILABARI,27.233,94.117,21.6,1012.0,67.39
1996-02-18T15:00:00,42309099999,LILABARI,27.233,94.117,19.0,1013.4,71.82
1996-02-19T00:00:00,42309099999,LILABARI,27.233,94.117,17.2,1013.1,92.07
1996-02-19T03:00:00,42309099999,LILABARI,27.233,94.117,17.6,1015.4,77.91
1996-02-19T06:00:00,42309099999,LILABARI,27.233,94.117,22.0,1014.3,61.26
1996-02-19T09:00:00,42309099999,LILABARI,27.233,94.117,24.0,1010.9,46.09
1996-02-19T12:00:00,42309099999,LILABARI,27.233,94.117,21.0,1010.4,64.71
1996-02-19T15:00:00,42309099999,LILABARI,27.233,94.117,18.2,1012.2,84.26
1996-02-20T03:00:00,42309099999,LILABARI,27.233,94.117,18.4,1012.8,78.53
1996-02-20T06:00:00,42309099999,LILABARI,27.233,94.117,23.0,1011.9,59.16
1996-02-20T09:00:00,42309099999,LILABARI,27.233,94.117,26.0,1007.6,48.49
1996-02-20T12:00:00,42309099999,LILABARI,27.233,94.117,22.0,1007.5,65.76
1996-02-20T15:00:00,42309099999,LILABARI,27.233,94.117,22.0,1007.5,65.76
1996-02-20T18:00:00,42309099999,LILABARI,27.233,94.117,17.8,1009.9,93.88
1996-02-21T00:00:00,42309099999,LILABARI,27.233,94.117,15.2,1012.5,89.01
1996-02-21T03:00:00,42309099999,LILABARI,27.233,94.117,17.2,1014.8,81.47
1996-02-21T06:00:00,42309099999,LILABARI,27.233,94.117,21.0,1013.4,61.83
1996-02-21T09:00:00,42309099999,LILABARI,27.233,94.117,21.4,1010.3,61.92
1996-02-21T12:00:00,42309099999,LILABARI,27.233,94.117,16.8,1010.4,93.83
1996-02-21T15:00:00,42309099999,LILABARI,27.233,94.117,16.0,1011.7,93.79
1996-02-22T06:00:00,42309099999,LILABARI,27.233,94.117,18.4,1011.7,80.58
1996-02-22T09:00:00,42309099999,LILABARI,27.233,94.117,21.0,1009.1,64.71
1996-02-22T12:00:00,42309099999,LILABARI,27.233,94.117,18.2,1009.9,84.26
1996-02-22T15:00:00,42309099999,LILABARI,27.233,94.117,15.8,1013.6,85.1
1996-02-23T00:00:00,42309099999,LILABARI,27.233,94.117,15.0,1014.2,91.34
1996-02-23T03:00:00,42309099999,LILABARI,27.233,94.117,15.8,1016.6,93.78
1996-02-23T06:00:00,42309099999,LILABARI,27.233,94.117,20.6,1015.4,62.96
1996-02-23T09:00:00,42309099999,LILABARI,27.233,94.117,22.4,1012.2,48.15
1996-02-23T12:00:00,42309099999,LILABARI,27.233,94.117,19.0,1012.4,71.82
1996-02-23T15:00:00,42309099999,LILABARI,27.233,94.117,17.0,1014.3,83.59
1996-02-24T00:00:00,42309099999,LILABARI,27.233,94.117,15.2,1014.7,91.36
1996-02-24T03:00:00,42309099999,LILABARI,27.233,94.117,18.6,1015.5,77.06
1996-02-24T06:00:00,42309099999,LILABARI,27.233,94.117,22.6,1014.5,57.18
1996-02-24T09:00:00,42309099999,LILABARI,27.233,94.117,23.6,1011.7,52.44
1996-02-24T12:00:00,42309099999,LILABARI,27.233,94.117,21.0,1011.9,73.11
1996-02-25T00:00:00,42309099999,LILABARI,27.233,94.117,16.6,1014.1,89.7
1996-02-25T03:00:00,42309099999,LILABARI,27.233,94.117,18.0,1016.2,80.53
1996-02-25T06:00:00,42309099999,LILABARI,27.233,94.117,21.8,1014.5,53.36
1996-02-25T09:00:00,42309099999,LILABARI,27.233,94.117,23.4,1011.2,52.05
1996-02-25T12:00:00,42309099999,LILABARI,27.233,94.117,20.8,1011.2,78.38
1996-02-25T15:00:00,42309099999,LILABARI,27.233,94.117,19.0,1013.7,86.52
1996-02-26T00:00:00,42309099999,LILABARI,27.233,94.117,17.0,1012.8,93.84
1996-02-26T03:00:00,42309099999,LILABARI,27.233,94.117,20.0,1014.9,85.0
1996-02-26T06:00:00,42309099999,LILABARI,27.233,94.117,21.6,1015.1,71.84
1996-02-26T09:00:00,42309099999,LILABARI,27.233,94.117,21.6,1013.1,70.47
1996-02-26T12:00:00,42309099999,LILABARI,27.233,94.117,20.0,1012.6,85.0
1996-02-26T15:00:00,42309099999,LILABARI,27.233,94.117,19.2,1014.0,88.2
1996-02-27T03:00:00,42309099999,LILABARI,27.233,94.117,18.8,1013.8,92.16
1996-02-27T06:00:00,42309099999,LILABARI,27.233,94.117,20.4,1012.2,81.36
1996-02-27T09:00:00,42309099999,LILABARI,27.233,94.117,20.0,1007.9,85.0
1996-02-27T12:00:00,42309099999,LILABARI,27.233,94.117,18.4,1006.7,96.3
1996-02-27T15:00:00,42309099999,LILABARI,27.233,94.117,18.0,1008.0,93.88
1996-02-28T00:00:00,42309099999,LILABARI,27.233,94.117,16.8,1012.3,98.11
1996-02-28T03:00:00,42309099999,LILABARI,27.233,94.117,17.4,1015.0,95.66
1996-02-28T06:00:00,42309099999,LILABARI,27.233,94.117,20.0,1014.7,81.31
1996-02-28T09:00:00,42309099999,LILABARI,27.233,94.117,23.0,1011.8,66.81
1996-02-28T12:00:00,42309099999,LILABARI,27.233,94.117,19.6,1012.6,79.21
1996-02-28T15:00:00,42309099999,LILABARI,27.233,94.117,18.2,1014.9,82.13
1996-02-29T00:00:00,42309099999,LILABARI,27.233,94.117,16.4,1015.7,95.63
1996-02-29T03:00:00,42309099999,LILABARI,27.233,94.117,19.6,1018.8,82.82
1996-02-29T06:00:00,42309099999,LILABARI,27.233,94.117,20.8,1017.2,68.1
1996-02-29T09:00:00,42309099999,LILABARI,27.233,94.117,23.4,1014.9,56.64
1996-02-29T12:00:00,42309099999,LILABARI,27.233,94.117,21.0,1015.9,73.11
1996-02-29T15:00:00,42309099999,LILABARI,27.233,94.117,17.2,1018.3,85.79
1996-03-01T00:00:00,42309099999,LILABARI,27.233,94.117,12.4,1018.4,95.5
1996-03-01T03:00:00,42309099999,LILABARI,27.233,94.117,21.0,1020.0,63.05
1996-03-01T06:00:00,42309099999,LILABARI,27.233,94.117,25.4,1017.8,48.96
1996-03-01T09:00:00,42309099999,LILABARI,27.233,94.117,21.0,1020.0,
1996-03-01T12:00:00,42309099999,LILABARI,27.233,94.117,23.0,1014.5,63.49
1996-03-01T15:00:00,42309099999,LILABARI,27.233,94.117,17.6,1016.3,83.65
1996-03-01T18:00:00,42309099999,LILABARI,27.233,94.117,15.8,1015.7,91.39
1996-03-02T00:00:00,42309099999,LILABARI,27.233,94.117,12.4,1015.7,95.5
1996-03-02T03:00:00,42309099999,LILABARI,27.233,94.117,21.2,1017.0,63.5
1996-03-02T06:00:00,42309099999,LILABARI,27.233,94.117,26.6,1014.4,49.28
1996-03-02T09:00:00,42309099999,LILABARI,27.233,94.117,28.4,1010.3,34.84
1996-03-02T12:00:00,42309099999,LILABARI,27.233,94.117,25.0,1010.1,61.16
1996-03-02T15:00:00,42309099999,LILABARI,27.233,94.117,18.2,1013.2,88.12
1996-03-03T00:00:00,42309099999,LILABARI,27.233,94.117,13.2,1014.7,94.28
1996-03-03T03:00:00,42309099999,LILABARI,27.233,94.117,23.8,1015.9,40.29
1996-03-03T06:00:00,42309099999,LILABARI,27.233,94.117,27.2,1014.5,36.63
1996-03-03T09:00:00,42309099999,LILABARI,27.233,94.117,29.0,1011.3,37.87
1996-03-03T12:00:00,42309099999,LILABARI,27.233,94.117,25.0,1012.8,61.16
1996-03-04T00:00:00,42309099999,LILABARI,27.233,94.117,13.8,1015.0,91.26
1996-03-04T03:00:00,42309099999,LILABARI,27.233,94.117,22.8,1016.6,61.84
1996-03-04T06:00:00,42309099999,LILABARI,27.233,94.117,28.0,1015.1,39.88
1996-03-04T12:00:00,42309099999,LILABARI,27.233,94.117,24.2,1011.4,58.69
1996-03-05T00:00:00,42309099999,LILABARI,27.233,94.117,14.6,1013.6,88.96
1996-03-05T06:00:00,42309099999,LILABARI,27.233,94.117,27.2,1013.1,40.18
1996-03-05T09:00:00,42309099999,LILABARI,27.233,94.117,29.4,1008.7,35.12
1996-03-05T12:00:00,42309099999,LILABARI,27.233,94.117,25.2,1009.3,59.68
1996-03-05T15:00:00,42309099999,LILABARI,27.233,94.117,20.0,1012.2,77.77
1996-03-06T03:00:00,42309099999,LILABARI,27.233,94.117,22.0,,61.26
1996-03-06T06:00:00,42309099999,LILABARI,27.233,94.117,26.4,1012.8,46.44
1996-03-06T09:00:00,42309099999,LILABARI,27.233,94.117,27.8,1009.3,40.88
1996-03-06T12:00:00,42309099999,LILABARI,27.233,94.117,24.8,1009.1,59.2
1996-03-06T15:00:00,42309099999,LILABARI,27.233,94.117,20.6,1010.6,76.38
1996-03-07T00:00:00,42309099999,LILABARI,27.233,94.117,15.4,1012.6,93.16
1996-03-07T06:00:00,42309099999,LILABARI,27.233,94.117,27.4,1012.4,47.62
1996-03-07T09:00:00,42309099999,LILABARI,27.233,94.117,29.8,1009.0,36.64
1996-03-07T12:00:00,42309099999,LILABARI,27.233,94.117,24.6,1008.8,64.65
1996-03-08T00:00:00,42309099999,LILABARI,27.233,94.117,19.0,1012.4,93.93
1996-03-08T03:00:00,42309099999,LILABARI,27.233,94.117,23.0,1014.0,66.81
1996-03-08T06:00:00,42309099999,LILABARI,27.233,94.117,23.2,1013.1,62.33
1996-03-08T09:00:00,42309099999,LILABARI,27.233,94.117,24.0,1009.5,52.89
1996-03-08T15:00:00,42309099999,LILABARI,27.233,94.117,18.2,1013.1,92.13
1996-03-09T00:00:00,42309099999,LILABARI,27.233,94.117,16.6,1014.0,95.64
1996-03-09T03:00:00,42309099999,LILABARI,27.233,94.117,21.0,1016.1,73.11
1996-03-09T06:00:00,42309099999,LILABARI,27.233,94.117,23.6,1014.4,55.24
1996-03-09T09:00:00,42309099999,LILABARI,27.233,94.117,25.6,1012.0,44.16
1996-03-09T12:00:00,42309099999,LILABARI,27.233,94.117,23.4,1012.3,59.63
1996-03-09T15:00:00,42309099999,LILABARI,27.233,94.117,20.0,1013.8,77.77
1996-03-09T18:00:00,42309099999,LILABARI,27.233,94.117,19.0,1014.1,92.17
1996-03-10T00:00:00,42309099999,LILABARI,27.233,94.117,17.4,1013.6,91.49
1996-03-10T06:00:00,42309099999,LILABARI,27.233,94.117,27.4,1012.5,47.62
1996-03-10T09:00:00,42309099999,LILABARI,27.233,94.117,28.0,1009.1,41.2
1996-03-10T12:00:00,42309099999,LILABARI,27.233,94.117,24.8,1009.3,59.2
1996-03-11T06:00:00,42309099999,LILABARI,27.233,94.117,24.6,1011.4,59.16
1996-03-11T09:00:00,42309099999,LILABARI,27.233,94.117,26.4,1009.1,54.18
1996-03-11T12:00:00,42309099999,LILABARI,27.233,94.117,23.0,1010.0,66.81
1996-03-11T15:00:00,42309099999,LILABARI,27.233,94.117,21.0,1012.4,81.95
1996-03-12T00:00:00,42309099999,LILABARI,27.233,94.117,19.0,1011.7,92.17
1996-03-12T03:00:00,42309099999,LILABARI,27.233,94.117,20.0,1014.1,86.62
1996-03-12T06:00:00,42309099999,LILABARI,27.233,94.117,21.6,1013.3,77.03
1996-03-12T09:00:00,42309099999,LILABARI,27.233,94.117,21.4,1010.9,78.47
1996-03-12T12:00:00,42309099999,LILABARI,27.233,94.117,20.6,1011.0,81.9
1996-03-12T15:00:00,42309099999,LILABARI,27.233,94.117,20.0,1011.7,86.62
1996-03-13T00:00:00,42309099999,LILABARI,27.233,94.117,18.4,1006.8,96.3
1996-03-13T03:00:00,42309099999,LILABARI,27.233,94.117,18.4,1007.6,96.3
1996-03-13T09:00:00,42309099999,LILABARI,27.233,94.117,18.6,1002.6,96.31
1996-03-14T00:00:00,42309099999,LILABARI,27.233,94.117,18.2,1007.3,98.13
1996-03-14T03:00:00,42309099999,LILABARI,27.233,94.117,18.2,1009.1,98.13
1996-03-14T06:00:00,42309099999,LILABARI,27.233,94.117,19.2,1008.9,93.94
1996-03-14T09:00:00,42309099999,LILABARI,27.233,94.117,20.0,1006.1,90.51
1996-03-14T12:00:00,42309099999,LILABARI,27.233,94.117,19.6,1006.2,92.21
1996-03-14T15:00:00,42309099999,LILABARI,27.233,94.117,19.0,1008.4,96.32
1996-03-15T00:00:00,42309099999,LILABARI,27.233,94.117,18.8,1007.9,95.71
1996-03-15T03:00:00,42309099999,LILABARI,27.233,94.117,18.6,1010.6,98.14
1996-03-15T06:00:00,42309099999,LILABARI,27.233,94.117,19.0,1010.3,96.32
1996-03-15T09:00:00,42309099999,LILABARI,27.233,94.117,19.4,1007.1,96.33
1996-03-15T12:00:00,42309099999,LILABARI,27.233,94.117,19.0,1006.7,93.93
1996-03-16T03:00:00,42309099999,LILABARI,27.233,94.117,19.6,1008.3,96.33
1996-03-16T06:00:00,42309099999,LILABARI,27.233,94.117,19.8,1007.6,93.97
1996-03-16T09:00:00,42309099999,LILABARI,27.233,94.117,19.8,1005.1,93.97
1996-03-16T12:00:00,42309099999,LILABARI,27.233,94.117,19.4,1005.2,98.15
1996-03-16T15:00:00,42309099999,LILABARI,27.233,94.117,19.8,1006.7,96.34
1996-03-16T18:00:00,42309099999,LILABARI,27.233,94.117,19.4,1005.6,98.15
1996-03-17T00:00:00,42309099999,LILABARI,27.233,94.117,19.2,1005.7,98.15
1996-03-17T03:00:00,42309099999,LILABARI,27.233,94.117,29.8,1008.9,53.01
1996-03-17T06:00:00,42309099999,LILABARI,27.233,94.117,20.8,1007.1,92.28
1996-03-17T12:00:00,42309099999,LILABARI,27.233,94.117,21.8,1005.1,84.13
1996-03-17T15:00:00,42309099999,LILABARI,27.233,94.117,20.6,1016.8,94.59
1996-03-18T00:00:00,42309099999,LILABARI,27.233,94.117,19.6,1006.7,93.96
1996-03-18T03:00:00,42309099999,LILABARI,27.233,94.117,22.6,1008.7,82.66
1996-03-18T09:00:00,42309099999,LILABARI,27.233,94.117,27.6,1002.2,63.3
1996-03-18T12:00:00,42309099999,LILABARI,27.233,94.117,25.0,1002.4,
1996-03-18T15:00:00,42309099999,LILABARI,27.233,94.117,23.0,1004.9,85.84
1996-03-19T00:00:00,42309099999,LILABARI,27.233,94.117,19.4,1004.5,93.95
1996-03-19T09:00:00,42309099999,LILABARI,27.233,94.117,28.8,1002.7,50.17
1996-03-19T12:00:00,42309099999,LILABARI,27.233,94.117,26.4,1002.2,63.43
1996-03-19T15:00:00,42309099999,LILABARI,27.233,94.117,24.6,1005.0,73.28
1996-03-19T18:00:00,42309099999,LILABARI,27.233,94.117,22.6,1005.0,91.25
1996-03-20T00:00:00,42309099999,LILABARI,27.233,94.117,21.4,1005.6,82.0
1996-03-20T03:00:00,42309099999,LILABARI,27.233,94.117,24.0,1007.1,67.44
1996-03-20T06:00:00,42309099999,LILABARI,27.233,94.117,27.4,1005.9,71.54
1996-03-20T09:00:00,42309099999,LILABARI,27.233,94.117,31.0,1001.5,44.77
1996-03-20T12:00:00,42309099999,LILABARI,27.233,94.117,28.0,1000.7,42.28
1996-03-20T15:00:00,42309099999,LILABARI,27.233,94.117,25.0,1003.4,65.15
1996-03-21T00:00:00,42309099999,LILABARI,27.233,94.117,18.4,1008.2,85.92
1996-03-21T03:00:00,42309099999,LILABARI,27.233,94.117,25.0,1010.2,61.16
1996-03-21T06:00:00,42309099999,LILABARI,27.233,94.117,30.0,1009.6,38.15
1996-03-21T12:00:00,42309099999,LILABARI,27.233,94.117,26.4,1007.3,55.58
1996-03-21T15:00:00,42309099999,LILABARI,27.233,94.117,21.6,1009.4,77.03
1996-03-22T03:00:00,42309099999,LILABARI,27.233,94.117,24.8,1012.1,62.29
1996-03-22T06:00:00,42309099999,LILABARI,27.233,94.117,28.0,1011.1,47.18
1996-03-22T09:00:00,42309099999,LILABARI,27.233,94.117,22.8,1007.8,50.54
1996-03-22T12:00:00,42309099999,LILABARI,27.233,94.117,25.0,1007.4,53.83
1996-03-22T15:00:00,42309099999,LILABARI,27.233,94.117,22.4,1008.5,66.27
1996-03-23T00:00:00,42309099999,LILABARI,27.233,94.117,19.0,1008.1,80.66
1996-03-23T03:00:00,42309099999,LILABARI,27.233,94.117,17.6,1008.9,98.12
1996-03-23T12:00:00,42309099999,LILABARI,27.233,94.117,20.0,1006.9,86.62
1996-03-24T00:00:00,42309099999,LILABARI,27.233,94.117,18.0,1008.6,98.13
1996-03-24T03:00:00,42309099999,LILABARI,27.233,94.117,22.2,1010.2,71.04
1996-03-24T06:00:00,42309099999,LILABARI,27.233,94.117,24.2,1008.8,66.22
1996-03-24T09:00:00,42309099999,LILABARI,27.233,94.117,26.8,1006.1,63.92
1996-03-24T12:00:00,42309099999,LILABARI,27.233,94.117,24.4,1003.7,75.55
1996-03-24T15:00:00,42309099999,LILABARI,27.233,94.117,21.2,1007.6,80.44
1996-03-25T00:00:00,42309099999,LILABARI,27.233,94.117,18.8,1008.6,92.16
1996-03-25T03:00:00,42309099999,LILABARI,27.233,94.117,19.8,1011.2,74.32
1996-03-25T06:00:00,42309099999,LILABARI,27.233,94.117,19.8,1010.9,79.24
1996-03-25T09:00:00,42309099999,LILABARI,27.233,94.117,20.4,1007.9,74.43
1996-03-25T12:00:00,42309099999,LILABARI,27.233,94.117,18.6,1008.5,78.56
1996-03-25T15:00:00,42309099999,LILABARI,27.233,94.117,18.0,1009.5,85.88
1996-03-25T18:00:00,42309099999,LILABARI,27.233,94.117,17.4,1009.0,89.76
1996-03-26T00:00:00,42309099999,LILABARI,27.233,94.117,17.0,1009.6,91.47
1996-03-26T03:00:00,42309099999,LILABARI,27.233,94.117,17.0,1009.4,89.73
1996-03-26T06:00:00,42309099999,LILABARI,27.233,94.117,17.2,1008.4,92.07
1996-03-26T12:00:00,42309099999,LILABARI,27.233,94.117,18.2,1005.2,92.13
1996-03-26T15:00:00,42309099999,LILABARI,27.233,94.117,17.4,1007.3,95.66
1996-03-26T18:00:00,42309099999,LILABARI,27.233,94.117,17.0,1004.9,95.65
1996-03-27T00:00:00,42309099999,LILABARI,27.233,94.117,16.8,1004.6,78.81
1996-03-27T03:00:00,42309099999,LILABARI,27.233,94.117,19.6,1006.0,79.21
1996-03-27T06:00:00,42309099999,LILABARI,27.233,94.117,23.2,1005.8,68.57
1996-03-27T09:00:00,42309099999,LILABARI,27.233,94.117,23.0,1004.1,66.81
1996-03-27T12:00:00,42309099999,LILABARI,27.233,94.117,20.6,1004.9,79.86
1996-03-27T15:00:00,42309099999,LILABARI,27.233,94.117,18.2,1008.6,92.13
1996-03-28T00:00:00,42309099999,LILABARI,27.233,94.117,14.6,1010.5,93.12
1996-03-28T03:00:00,42309099999,LILABARI,27.233,94.117,22.6,1011.2,71.11
1996-03-28T06:00:00,42309099999,LILABARI,27.233,94.117,25.0,1009.5,58.13
1996-03-28T09:00:00,42309099999,LILABARI,27.233,94.117,26.2,1006.1,50.13
1996-03-28T12:00:00,42309099999,LILABARI,27.233,94.117,23.8,1005.9,68.69
1996-03-29T00:00:00,42309099999,LILABARI,27.233,94.117,18.4,1006.5,92.14
1996-03-29T03:00:00,42309099999,LILABARI,27.233,94.117,23.0,1007.8,66.81
1996-03-29T09:00:00,42309099999,LILABARI,27.233,94.117,25.8,1003.3,59.06
1996-03-29T12:00:00,42309099999,LILABARI,27.233,94.117,24.0,1003.1,78.35
1996-03-29T15:00:00,42309099999,LILABARI,27.233,94.117,21.6,1005.1,78.5
1996-03-30T00:00:00,42309099999,LILABARI,27.233,94.117,19.0,1006.8,93.93
1996-03-30T03:00:00,42309099999,LILABARI,27.233,94.117,20.0,1007.4,93.97
1996-03-30T06:00:00,42309099999,LILABARI,27.233,94.117,20.2,1007.0,88.84
1996-03-30T12:00:00,42309099999,LILABARI,27.233,94.117,21.0,1003.3,88.91
1996-03-30T15:00:00,42309099999,LILABARI,27.233,94.117,20.2,1003.4,88.84
1996-03-31T00:00:00,42309099999,LILABARI,27.233,94.117,19.2,1002.9,96.32
1996-03-31T03:00:00,42309099999,LILABARI,27.233,94.117,21.0,1005.3,85.64
1996-03-31T06:00:00,42309099999,LILABARI,27.233,94.117,23.8,1004.3,73.6
1996-03-31T09:00:00,42309099999,LILABARI,27.233,94.117,25.0,1000.8,75.65
1996-03-31T12:00:00,42309099999,LILABARI,27.233,94.117,22.2,1000.5,89.0
1996-04-01T00:00:00,42309099999,LILABARI,27.233,94.117,19.2,1003.3,82.78
1996-04-01T03:00:00,42309099999,LILABARI,27.233,94.117,23.4,1005.4,75.39
1996-04-01T06:00:00,42309099999,LILABARI,27.233,94.117,27.8,1008.0,56.98
1996-04-01T12:00:00,42309099999,LILABARI,27.233,94.117,26.9,1001.7,62.75
1996-04-01T15:00:00,42309099999,LILABARI,27.233,94.117,21.4,1004.2,82.0
1996-04-02T00:00:00,42309099999,LILABARI,27.233,94.117,17.8,1008.8,88.08
1996-04-02T06:00:00,42309099999,LILABARI,27.233,94.117,26.2,1008.3,55.18
1996-04-02T09:00:00,42309099999,LILABARI,27.233,94.117,28.8,1005.7,40.89
1996-04-02T14:00:00,42309099999,LILABARI,27.233,94.117,21.4,1008.9,90.05
1996-04-02T15:00:00,42309099999,LILABARI,27.233,94.117,21.4,1008.9,69.99
1996-04-03T00:00:00,42309099999,LILABARI,27.233,94.117,17.4,1011.1,88.05
1996-04-03T03:00:00,42309099999,LILABARI,27.233,94.117,23.6,1012.1,55.24
1996-04-03T06:00:00,42309099999,LILABARI,27.233,94.117,26.8,1010.0,40.6
1996-04-03T09:00:00,42309099999,LILABARI,27.233,94.117,28.0,1007.1,38.85
1996-04-03T15:00:00,42309099999,LILABARI,27.233,94.117,21.2,1009.2,78.44
1996-04-04T03:00:00,42309099999,LILABARI,27.233,94.117,18.8,1012.9,86.5
1996-04-04T09:00:00,42309099999,LILABARI,27.233,94.117,25.0,1008.7,56.66
1996-04-04T12:00:00,42309099999,LILABARI,27.233,94.117,21.6,1009.5,71.84
1996-04-04T15:00:00,42309099999,LILABARI,27.233,94.117,19.2,1011.5,92.18
1996-04-05T00:00:00,42309099999,LILABARI,27.233,94.117,17.0,1012.8,89.73
1996-04-05T03:00:00,42309099999,LILABARI,27.233,94.117,20.2,1015.7,79.8
1996-04-05T06:00:00,42309099999,LILABARI,27.233,94.117,33.4,1009.4,61.17
1996-04-05T09:00:00,42309099999,LILABARI,27.233,94.117,22.8,1010.6,71.15
1996-04-05T12:00:00,42309099999,LILABARI,27.233,94.117,22.2,1009.8,77.12
1996-04-05T15:00:00,42309099999,LILABARI,27.233,94.117,20.0,1002.1,90.51
1996-04-06T00:00:00,42309099999,LILABARI,27.233,94.117,18.0,1012.4,93.88
1996-04-06T03:00:00,42309099999,LILABARI,27.233,94.117,22.8,1014.1,68.06
1996-04-06T06:00:00,42309099999,LILABARI,27.233,94.117,25.0,1012.8,63.93
1996-04-06T12:00:00,42309099999,LILABARI,27.233,94.117,24.2,1009.3,73.67
1996-04-06T15:00:00,42309099999,LILABARI,27.233,94.117,22.2,1011.6,84.17
1996-04-06T18:00:00,42309099999,LILABARI,27.233,94.117,21.0,1010.8,92.86
1996-04-07T00:00:00,42309099999,LILABARI,27.233,94.117,20.2,1011.8,96.35
1996-04-07T03:00:00,42309099999,LILABARI,27.233,94.117,24.0,1013.4,69.16
1996-04-07T06:00:00,42309099999,LILABARI,27.233,94.117,28.0,1012.3,57.75
1996-04-07T15:00:00,42309099999,LILABARI,27.233,94.117,23.4,1009.8,76.34
1996-04-08T06:00:00,42309099999,LILABARI,27.233,94.117,25.6,1009.5,69.9
1996-04-08T09:00:00,42309099999,LILABARI,27.233,94.117,26.6,1004.7,65.08
1996-04-08T12:00:00,42309099999,LILABARI,27.233,94.117,24.4,1004.8,76.97
1996-04-09T00:00:00,42309099999,LILABARI,27.233,94.117,20.0,1005.6,91.08
1996-04-09T03:00:00,42309099999,LILABARI,27.233,94.117,23.0,,77.72
1996-04-09T06:00:00,42309099999,LILABARI,27.233,94.117,26.4,1006.5,72.24
1996-04-09T09:00:00,42309099999,LILABARI,27.233,94.117,28.4,1002.5,65.05
1996-04-09T12:00:00,42309099999,LILABARI,27.233,94.117,26.8,1001.7,73.65
1996-04-09T15:00:00,42309099999,LILABARI,27.233,94.117,24.6,1003.9,78.44
1996-04-09T18:00:00,42309099999,LILABARI,27.233,94.117,22.0,1004.7,88.99
1996-04-10T00:00:00,42309099999,LILABARI,27.233,94.117,20.2,1006.2,86.64
1996-04-10T03:00:00,42309099999,LILABARI,27.233,94.117,26.0,1007.0,67.42
1996-04-10T06:00:00,42309099999,LILABARI,27.233,94.117,28.8,1006.0,57.58
1996-04-11T00:00:00,42309099999,LILABARI,27.233,94.117,20.0,1008.3,86.62
1996-04-11T15:00:00,42309099999,LILABARI,27.233,94.117,23.8,1008.7,76.4
1996-04-12T00:00:00,42309099999,LILABARI,27.233,94.117,20.6,1011.7,85.06
1996-04-12T06:00:00,42309099999,LILABARI,27.233,94.117,39.6,1012.7,46.48
1996-04-12T09:00:00,42309099999,LILABARI,27.233,94.117,30.6,1009.6,38.81
1996-04-13T06:00:00,42309099999,LILABARI,27.233,94.117,30.4,1010.8,50.9
1996-04-13T09:00:00,42309099999,LILABARI,27.233,94.117,31.6,1010.0,44.09
1996-04-13T15:00:00,42309099999,LILABARI,27.233,94.117,24.6,1011.9,86.52
1996-04-13T18:00:00,42309099999,LILABARI,27.233,94.117,22.4,1011.7,87.38
1996-04-14T00:00:00,42309099999,LILABARI,27.233,94.117,21.6,1011.7,87.86
1996-04-14T03:00:00,42309099999,LILABARI,27.233,94.117,26.6,1013.8,67.96
1996-04-14T06:00:00,42309099999,LILABARI,27.233,94.117,30.2,1012.2,49.28
1996-04-15T00:00:00,42309099999,LILABARI,27.233,94.117,19.8,1013.4,92.22
1996-04-15T03:00:00,42309099999,LILABARI,27.233,94.117,27.6,1013.7,51.47
1996-04-15T06:00:00,42309099999,LILABARI,27.233,94.117,31.0,1012.6,46.78
1996-04-15T09:00:00,42309099999,LILABARI,27.233,94.117,33.4,1007.4,40.09
1996-04-16T00:00:00,42309099999,LILABARI,27.233,94.117,21.0,1009.4,90.58
1996-04-16T03:00:00,42309099999,LILABARI,27.233,94.117,28.6,1010.0,57.53
1996-04-16T06:00:00,42309099999,LILABARI,27.233,94.117,31.8,1007.5,45.55
1996-04-16T09:00:00,42309099999,LILABARI,27.233,94.117,34.2,1003.9,42.89
1996-04-16T15:00:00,42309099999,LILABARI,27.233,94.117,26.4,1001.6,76.34
1996-04-17T00:00:00,42309099999,LILABARI,27.233,94.117,24.5,1006.0,87.57
1996-04-17T06:00:00,42309099999,LILABARI,27.233,94.117,28.0,1008.8,64.57
1996-04-17T09:00:00,42309099999,LILABARI,27.233,94.117,28.4,1005.6,65.85
1996-04-17T12:00:00,42309099999,LILABARI,27.233,94.117,25.6,1005.1,80.53
1996-04-17T15:00:00,42309099999,LILABARI,27.233,94.117,23.6,1006.6,88.03
1996-04-18T03:00:00,42309099999,LILABARI,27.233,94.117,28.0,1007.3,66.18
1996-04-18T06:00:00,42309099999,LILABARI,27.233,94.117,30.2,1006.5,60.08
1996-04-18T09:00:00,42309099999,LILABARI,27.233,94.117,28.0,1003.6,66.18
1996-04-18T12:00:00,42309099999,LILABARI,27.233,94.117,24.4,1006.5,79.88
1996-04-18T15:00:00,42309099999,LILABARI,27.233,94.117,22.0,1008.7,91.21
1996-04-18T18:00:00,42309099999,LILABARI,27.233,94.117,22.0,1008.8,96.4
1996-04-19T00:00:00,42309099999,LILABARI,27.233,94.117,20.6,1008.5,96.36
1996-04-19T01:00:00,42309099999,LILABARI,27.233,94.117,29.0,1008.7,60.55
1996-04-19T03:00:00,42309099999,LILABARI,27.233,94.117,26.2,1009.7,69.58
1996-04-19T06:00:00,42309099999,LILABARI,27.233,94.117,29.0,1008.7,60.55
1996-04-19T09:00:00,42309099999,LILABARI,27.233,94.117,30.6,1005.9,58.01
1996-04-19T15:00:00,42309099999,LILABARI,27.233,94.117,25.0,1006.7,86.56
1996-04-20T00:00:00,42309099999,LILABARI,27.233,94.117,23.0,1006.4,94.68
1996-04-20T03:00:00,42309099999,LILABARI,27.233,94.117,26.0,1007.7,87.17
1996-04-20T06:00:00,42309099999,LILABARI,27.233,94.117,27.4,1007.4,76.95
1996-04-20T09:00:00,42309099999,LILABARI,27.233,94.117,26.4,1004.6,84.12
1996-04-20T12:00:00,42309099999,LILABARI,27.233,94.117,25.0,1004.0,91.4
1996-04-20T15:00:00,42309099999,LILABARI,27.233,94.117,23.8,1006.0,96.45
1996-04-21T03:00:00,42309099999,LILABARI,27.233,94.117,23.2,1007.6,96.43
1996-04-21T06:00:00,42309099999,LILABARI,27.233,94.117,24.0,1008.1,91.34
1996-04-21T09:00:00,42309099999,LILABARI,27.233,94.117,24.4,1005.4,88.09
1996-04-21T12:00:00,42309099999,LILABARI,27.233,94.117,24.4,1005.1,91.36
1996-04-21T15:00:00,42309099999,LILABARI,27.233,94.117,23.0,1007.8,87.98
1996-04-22T03:00:00,42309099999,LILABARI,27.233,94.117,23.8,1008.9,89.67
1996-04-22T09:00:00,42309099999,LILABARI,27.233,94.117,26.6,1005.1,79.69
1996-04-22T18:00:00,42309099999,LILABARI,27.233,94.117,23.0,1005.7,96.43
1996-04-23T00:00:00,42309099999,LILABARI,27.233,94.117,21.3,1007.1,97.57
1996-04-23T03:00:00,42309099999,LILABARI,27.233,94.117,24.0,1008.6,
1996-04-23T06:00:00,42309099999,LILABARI,27.233,94.117,25.4,1007.7,79.52
1996-04-23T09:00:00,42309099999,LILABARI,27.233,94.117,27.6,1003.5,72.9
1996-04-23T15:00:00,42309099999,LILABARI,27.233,94.117,22.8,1004.1,87.96
1996-04-24T00:00:00,42309099999,LILABARI,27.233,94.117,20.0,1008.2,96.35
1996-04-24T03:00:00,42309099999,LILABARI,27.233,94.117,20.0,1008.2,96.35
1996-04-24T06:00:00,42309099999,LILABARI,27.233,94.117,25.0,1008.4,69.79
1996-04-25T03:00:00,42309099999,LILABARI,27.233,94.117,21.4,1011.6,90.61
1996-04-25T06:00:00,42309099999,LILABARI,27.233,94.117,24.4,1011.0,75.55
1996-04-25T09:00:00,42309099999,LILABARI,27.233,94.117,24.4,1008.9,75.55
1996-04-25T18:00:00,42309099999,LILABARI,27.233,94.117,20.6,1008.6,92.84
1996-04-26T00:00:00,42309099999,LILABARI,27.233,94.117,19.0,1008.5,93.93
1996-04-26T03:00:00,42309099999,LILABARI,27.233,94.117,21.2,1011.6,85.66
1996-04-26T06:00:00,42309099999,LILABARI,27.233,94.117,23.8,1009.7,76.4
1996-04-26T09:00:00,42309099999,LILABARI,27.233,94.117,23.0,1007.7,85.84
1996-04-26T12:00:00,42309099999,LILABARI,27.233,94.117,23.2,1007.1,86.39
1996-04-26T15:00:00,42309099999,LILABARI,27.233,94.117,21.8,1009.7,84.65
1996-04-27T00:00:00,42309099999,LILABARI,27.233,94.117,20.0,1008.7,93.97
1996-04-27T03:00:00,42309099999,LILABARI,27.233,94.117,22.6,1009.4,77.66
1996-04-27T06:00:00,42309099999,LILABARI,27.233,94.117,25.4,1007.9,77.6
1996-04-27T09:00:00,42309099999,LILABARI,27.233,94.117,28.0,1005.4,50.6
1996-04-27T12:00:00,42309099999,LILABARI,27.233,94.117,26.0,1005.0,64.54
1996-04-28T00:00:00,42309099999,LILABARI,27.233,94.117,19.2,1008.0,92.18
1996-04-28T03:00:00,42309099999,LILABARI,27.233,94.117,26.4,1008.7,63.43
1996-04-28T06:00:00,42309099999,LILABARI,27.233,94.117,29.4,1007.0,55.62
1996-04-28T12:00:00,42309099999,LILABARI,27.233,94.117,28.8,1002.5,65.53
1996-04-28T15:00:00,42309099999,LILABARI,27.233,94.117,24.0,1005.4,79.82
1996-04-28T18:00:00,42309099999,LILABARI,27.233,94.117,22.4,1006.9,92.93
1996-04-29T00:00:00,42309099999,LILABARI,27.233,94.117,21.6,1010.6,88.95
1996-04-29T03:00:00,42309099999,LILABARI,27.233,94.117,24.8,1008.5,81.91
1996-04-29T09:00:00,42309099999,LILABARI,27.233,94.117,32.0,1002.4,45.61
1996-04-29T12:00:00,42309099999,LILABARI,27.233,94.117,30.0,1001.2,58.58
1996-04-29T18:00:00,42309099999,LILABARI,27.233,94.117,24.2,1004.8,93.03
1996-04-30T00:00:00,42309099999,LILABARI,27.233,94.117,23.0,1004.6,87.98
1996-04-30T03:00:00,42309099999,LILABARI,27.233,94.117,28.8,1006.2,61.63
1996-04-30T06:00:00,42309099999,LILABARI,27.233,94.117,32.4,1005.1,48.94
1996-04-30T09:00:00,42309099999,LILABARI,27.233,94.117,31.8,1001.9,53.19
1996-04-30T12:00:00,42309099999,LILABARI,27.233,94.117,30.4,1001.1,65.07
1996-04-30T15:00:00,42309099999,LILABARI,27.233,94.117,27.4,1002.5,74.2
1996-05-01T00:00:00,42309099999,LILABARI,27.233,94.117,22.4,1004.0,96.41
1996-05-01T03:00:00,42309099999,LILABARI,27.233,94.117,24.0,1006.9,88.06
1996-05-01T06:00:00,42309099999,LILABARI,27.233,94.117,22.4,1007.0,96.41
1996-05-01T12:00:00,42309099999,LILABARI,27.233,94.117,23.4,1002.5,91.3
1996-05-01T15:00:00,42309099999,LILABARI,27.233,94.117,23.2,1004.8,92.97
1996-05-02T00:00:00,42309099999,LILABARI,27.233,94.117,22.4,1005.5,95.24
1996-05-02T03:00:00,42309099999,LILABARI,27.233,94.117,22.2,1007.9,96.4
1996-05-02T06:00:00,42309099999,LILABARI,27.233,94.117,23.0,1007.8,92.96
1996-05-02T09:00:00,42309099999,LILABARI,27.233,94.117,25.2,1006.1,79.01
1996-05-02T12:00:00,42309099999,LILABARI,27.233,94.117,24.4,1005.7,83.38
1996-05-02T15:00:00,42309099999,LILABARI,27.233,94.117,23.6,1008.0,89.66
1996-05-02T18:00:00,42309099999,LILABARI,27.233,94.117,22.2,1007.1,94.65
1996-05-03T00:00:00,42309099999,LILABARI,27.233,94.117,21.6,1008.5,98.18
1996-05-03T03:00:00,42309099999,LILABARI,27.233,94.117,22.4,,96.41
1996-05-03T06:00:00,42309099999,LILABARI,27.233,94.117,24.0,1010.6,86.46
1996-05-03T09:00:00,42309099999,LILABARI,27.233,94.117,26.6,1008.3,74.98
1996-05-03T12:00:00,42309099999,LILABARI,27.233,94.117,25.8,1007.4,79.09
1996-05-03T15:00:00,42309099999,LILABARI,27.233,94.117,24.0,1009.4,91.34
1996-05-04T00:00:00,42309099999,LILABARI,27.233,94.117,23.0,1009.3,94.68
1996-05-04T03:00:00,42309099999,LILABARI,27.233,94.117,22.4,1010.6,96.41
1996-05-04T06:00:00,42309099999,LILABARI,27.233,94.117,,1010.2,
1996-05-04T09:00:00,42309099999,LILABARI,27.233,94.117,27.4,1006.7,67.29
1996-05-04T12:00:00,42309099999,LILABARI,27.233,94.117,27.0,1005.5,76.89
1996-05-04T15:00:00,42309099999,LILABARI,27.233,94.117,25.2,1007.5,91.41
1996-05-05T00:00:00,42309099999,LILABARI,27.233,94.117,23.0,1006.9,96.43
1996-05-05T03:00:00,42309099999,LILABARI,27.233,94.117,23.6,1008.3,94.7
1996-05-05T06:00:00,42309099999,LILABARI,27.233,94.117,23.8,1007.7,93.0
1996-05-05T09:00:00,42309099999,LILABARI,27.233,94.117,25.0,1005.3,84.99
1996-05-05T12:00:00,42309099999,LILABARI,27.233,94.117,,1007.7,
1996-05-05T15:00:00,42309099999,LILABARI,27.233,94.117,23.6,1005.1,94.7
1996-05-06T00:00:00,42309099999,LILABARI,27.233,94.117,23.0,1005.4,98.2
1996-05-06T03:00:00,42309099999,LILABARI,27.233,94.117,23.8,1007.1,93.0
1996-05-06T06:00:00,42309099999,LILABARI,27.233,94.117,24.2,1006.7,93.03
1996-05-06T09:00:00,42309099999,LILABARI,27.233,94.117,27.2,1004.6,81.22
1996-05-06T12:00:00,42309099999,LILABARI,27.233,94.117,26.0,1003.8,79.12
1996-05-06T15:00:00,42309099999,LILABARI,27.233,94.117,25.0,1005.0,91.4
1996-05-07T00:00:00,42309099999,LILABARI,27.233,94.117,23.6,1006.0,96.44
1996-05-07T03:00:00,42309099999,LILABARI,27.233,94.117,23.8,1008.3,96.45
1996-05-07T06:00:00,42309099999,LILABARI,27.233,94.117,25.2,1007.5,85.01
1996-05-07T09:00:00,42309099999,LILABARI,27.233,94.117,28.2,1004.0,74.34
1996-05-07T12:00:00,42309099999,LILABARI,27.233,94.117,26.6,1003.9,83.63
1996-05-07T15:00:00,42309099999,LILABARI,27.233,94.117,25.4,1005.6,90.33
1996-05-08T00:00:00,42309099999,LILABARI,27.233,94.117,24.0,1003.2,94.72
1996-05-08T03:00:00,42309099999,LILABARI,27.233,94.117,26.4,1003.2,84.12
1996-05-08T06:00:00,42309099999,LILABARI,27.233,94.117,26.8,1002.3,90.43
1996-05-08T09:00:00,42309099999,LILABARI,27.233,94.117,26.4,1000.0,77.74
1996-05-08T12:00:00,42309099999,LILABARI,27.233,94.117,26.8,999.1,75.01
1996-05-08T15:00:00,42309099999,LILABARI,27.233,94.117,25.2,1001.4,89.77
1996-05-09T03:00:00,42309099999,LILABARI,27.233,94.117,23.2,1001.1,92.97
1996-05-09T06:00:00,42309099999,LILABARI,27.233,94.117,25.0,1000.9,91.4
1996-05-09T15:00:00,42309099999,LILABARI,27.233,94.117,23.0,999.7,91.27
1996-05-10T03:00:00,42309099999,LILABARI,27.233,94.117,22.0,1005.8,87.35
1996-05-10T09:00:00,42309099999,LILABARI,27.233,94.117,22.8,1004.1,91.26
1996-05-10T12:00:00,42309099999,LILABARI,27.233,94.117,23.0,1003.6,91.27
1996-05-11T00:00:00,42309099999,LILABARI,27.233,94.117,21.4,1007.8,96.38
1996-05-11T03:00:00,42309099999,LILABARI,27.233,94.117,24.0,1009.9,81.31
1996-05-11T06:00:00,42309099999,LILABARI,27.233,94.117,24.5,1007.9,77.94
1996-05-12T06:00:00,42309099999,LILABARI,27.233,94.117,25.4,1009.6,72.96
1996-05-12T09:00:00,42309099999,LILABARI,27.233,94.117,26.0,1006.5,71.73
1996-05-13T03:00:00,42309099999,LILABARI,27.233,94.117,20.0,1008.1,93.97
1996-05-13T06:00:00,42309099999,LILABARI,27.233,94.117,22.2,1008.7,79.08
1996-05-13T09:00:00,42309099999,LILABARI,27.233,94.117,20.0,1007.3,93.97
1996-05-13T15:00:00,42309099999,LILABARI,27.233,94.117,19.4,1007.8,96.33
1996-05-14T00:00:00,42309099999,LILABARI,27.233,94.117,19.6,1005.9,96.33
1996-05-14T03:00:00,42309099999,LILABARI,27.233,94.117,20.2,1007.5,96.35
1996-05-14T06:00:00,42309099999,LILABARI,27.233,94.117,20.0,1007.5,98.16
1996-05-14T09:00:00,42309099999,LILABARI,27.233,94.117,19.8,1005.6,96.34
1996-05-15T00:00:00,42309099999,LILABARI,27.233,94.117,20.2,1009.5,96.35
1996-05-15T03:00:00,42309099999,LILABARI,27.233,94.117,22.2,1010.8,89.0
1996-05-15T06:00:00,42309099999,LILABARI,27.233,94.117,22.2,1011.1,90.66
1996-05-15T09:00:00,42309099999,LILABARI,27.233,94.117,23.4,1009.1,82.76
1996-05-15T15:00:00,42309099999,LILABARI,27.233,94.117,21.8,1005.0,92.9
1996-05-16T00:00:00,42309099999,LILABARI,27.233,94.117,21.2,1009.3,96.38
1996-05-16T03:00:00,42309099999,LILABARI,27.233,94.117,22.8,1011.4,89.6
1996-05-16T06:00:00,42309099999,LILABARI,27.233,94.117,23.4,1011.2,86.4
1996-05-16T09:00:00,42309099999,LILABARI,27.233,94.117,24.6,1009.1,81.89
1996-05-16T12:00:00,42309099999,LILABARI,27.233,94.117,24.6,1009.1,81.89
1996-05-16T15:00:00,42309099999,LILABARI,27.233,94.117,22.8,1009.8,92.95
1996-05-17T00:00:00,42309099999,LILABARI,27.233,94.117,23.0,1010.4,92.96
1996-05-17T06:00:00,42309099999,LILABARI,27.233,94.117,22.8,1010.9,94.67
1996-05-17T09:00:00,42309099999,LILABARI,27.233,94.117,22.6,1011.0,94.67
1996-05-18T00:00:00,42309099999,LILABARI,27.233,94.117,21.4,1007.0,96.38
1996-05-18T03:00:00,42309099999,LILABARI,27.233,94.117,22.0,1008.6,94.64
1996-05-18T06:00:00,42309099999,LILABARI,27.233,94.117,23.2,1008.5,89.63
1996-05-18T09:00:00,42309099999,LILABARI,27.233,94.117,23.8,1006.0,82.8
1996-05-18T12:00:00,42309099999,LILABARI,27.233,94.117,24.0,1005.1,79.82
1996-05-18T18:00:00,42309099999,LILABARI,27.233,94.117,21.6,1006.7,94.63
1996-05-19T00:00:00,42309099999,LILABARI,27.233,94.117,21.2,1007.3,96.38
1996-05-19T03:00:00,42309099999,LILABARI,27.233,94.117,,1009.4,
1996-05-19T06:00:00,42309099999,LILABARI,27.233,94.117,26.2,1010.0,70.45
1996-05-19T09:00:00,42309099999,LILABARI,27.233,94.117,28.6,1006.6,65.09
1996-05-19T12:00:00,42309099999,LILABARI,27.233,94.117,27.0,1005.9,73.69
1996-05-19T15:00:00,42309099999,LILABARI,27.233,94.117,,1005.9,
1996-05-20T00:00:00,42309099999,LILABARI,27.233,94.117,22.4,1008.5,96.41
1996-05-20T03:00:00,42309099999,LILABARI,27.233,94.117,24.8,1010.3,88.13
1996-05-20T06:00:00,42309099999,LILABARI,27.233,94.117,29.2,1009.1,65.62
1996-05-20T09:00:00,42309099999,LILABARI,27.233,94.117,30.8,1006.4,58.05
1996-05-20T15:00:00,42309099999,LILABARI,27.233,94.117,27.0,1007.3,85.71
1996-05-21T00:00:00,42309099999,LILABARI,27.233,94.117,24.2,1008.2,89.7
1996-05-21T03:00:00,42309099999,LILABARI,27.233,94.117,26.8,1010.0,78.28
1996-05-21T06:00:00,42309099999,LILABARI,27.233,94.117,29.8,1008.8,62.24
1996-05-21T09:00:00,42309099999,LILABARI,27.233,94.117,31.6,1006.2,51.84
1996-05-21T12:00:00,42309099999,LILABARI,27.233,94.117,30.8,1005.1,61.33
1996-05-21T15:00:00,42309099999,LILABARI,27.233,94.117,27.0,1007.1,85.71
1996-05-22T00:00:00,42309099999,LILABARI,27.233,94.117,24.0,1008.9,94.72
1996-05-22T03:00:00,42309099999,LILABARI,27.233,94.117,29.4,1008.3,68.51
1996-05-22T06:00:00,42309099999,LILABARI,27.233,94.117,32.2,1007.5,59.09
1996-05-22T09:00:00,42309099999,LILABARI,27.233,94.117,33.2,1004.2,56.53
1996-05-22T12:00:00,42309099999,LILABARI,27.233,94.117,32.0,1003.6,65.01
1996-05-23T00:00:00,42309099999,LILABARI,27.233,94.117,25.4,1006.4,81.99
1996-05-23T03:00:00,42309099999,LILABARI,27.233,94.117,31.8,1007.3,63.81
1996-05-23T09:00:00,42309099999,LILABARI,27.233,94.117,35.0,1003.0,50.52
1996-05-23T12:00:00,42309099999,LILABARI,27.233,94.117,33.2,1002.0,62.23
1996-05-23T15:00:00,42309099999,LILABARI,27.233,94.117,29.6,1004.2,83.47
1996-05-24T00:00:00,42309099999,LILABARI,27.233,94.117,26.2,1005.3,88.77
1996-05-24T03:00:00,42309099999,LILABARI,27.233,94.117,31.4,1006.2,63.34
1996-05-24T06:00:00,42309099999,LILABARI,27.233,94.117,33.0,1005.3,62.18
1996-05-24T09:00:00,42309099999,LILABARI,27.233,94.117,34.0,1002.2,58.45
1996-05-24T12:00:00,42309099999,LILABARI,27.233,94.117,31.4,1001.5,76.19
1996-05-24T15:00:00,42309099999,LILABARI,27.233,94.117,28.6,1003.1,80.43
1996-05-25T00:00:00,42309099999,LILABARI,27.233,94.117,26.2,1005.6,90.38
1996-05-25T03:00:00,42309099999,LILABARI,27.233,94.117,31.0,1005.6,72.17
1996-05-25T06:00:00,42309099999,LILABARI,27.233,94.117,33.4,1004.5,64.91
1996-05-25T09:00:00,42309099999,LILABARI,27.233,94.117,34.6,1001.7,56.52
1996-05-26T00:00:00,42309099999,LILABARI,27.233,94.117,27.2,1003.4,90.45
1996-05-26T03:00:00,42309099999,LILABARI,27.233,94.117,27.6,1005.0,76.98
1996-05-26T06:00:00,42309099999,LILABARI,27.233,94.117,32.8,1003.4,67.94
1996-05-26T09:00:00,42309099999,LILABARI,27.233,94.117,34.4,999.9,63.23
1996-05-26T12:00:00,42309099999,LILABARI,27.233,94.117,28.2,999.9,82.32
1996-05-26T15:00:00,42309099999,LILABARI,27.233,94.117,27.0,1001.8,87.26
1996-05-26T18:00:00,42309099999,LILABARI,27.233,94.117,25.8,1002.8,96.5
1996-05-27T00:00:00,42309099999,LILABARI,27.233,94.117,24.2,1002.0,96.46
1996-05-27T03:00:00,42309099999,LILABARI,27.233,94.117,23.8,1003.3,93.0
1996-05-27T06:00:00,42309099999,LILABARI,27.233,94.117,28.0,1002.0,70.35
1996-05-27T09:00:00,42309099999,LILABARI,27.233,94.117,25.8,1000.1,85.07
1996-05-27T12:00:00,42309099999,LILABARI,27.233,94.117,24.6,999.6,94.74
1996-05-27T15:00:00,42309099999,LILABARI,27.233,94.117,23.8,1000.5,96.45
1996-05-28T00:00:00,42309099999,LILABARI,27.233,94.117,23.4,1000.2,96.44
1996-05-28T03:00:00,42309099999,LILABARI,27.233,94.117,23.4,1000.0,96.44
1996-05-28T06:00:00,42309099999,LILABARI,27.233,94.117,23.4,1002.6,94.12
1996-05-28T09:00:00,42309099999,LILABARI,27.233,94.117,23.0,1000.9,94.68
1996-05-28T12:00:00,42309099999,LILABARI,27.233,94.117,22.6,999.8,98.19
1996-05-28T15:00:00,42309099999,LILABARI,27.233,94.117,22.6,1001.0,98.19
1996-05-29T00:00:00,42309099999,LILABARI,27.233,94.117,22.2,1000.8,98.19
1996-05-29T03:00:00,42309099999,LILABARI,27.233,94.117,22.8,1002.7,96.42
1996-05-29T06:00:00,42309099999,LILABARI,27.233,94.117,23.0,1002.9,94.68
1996-05-29T09:00:00,42309099999,LILABARI,27.233,94.117,24.4,1001.9,89.71
1996-05-29T15:00:00,42309099999,LILABARI,27.233,94.117,23.2,1003.5,87.99
1996-05-30T00:00:00,42309099999,LILABARI,27.233,94.117,22.2,1006.1,92.92
1996-05-30T03:00:00,42309099999,LILABARI,27.233,94.117,23.0,1008.9,94.68
1996-05-30T06:00:00,42309099999,LILABARI,27.233,94.117,24.2,1008.6,89.7
1996-05-30T09:00:00,42309099999,LILABARI,27.233,94.117,26.6,1006.7,78.25
1996-05-30T15:00:00,42309099999,LILABARI,27.233,94.117,24.0,1007.9,91.34
1996-05-30T18:00:00,42309099999,LILABARI,27.233,94.117,23.2,1007.6,94.69
1996-05-31T00:00:00,42309099999,LILABARI,27.233,94.117,23.0,1008.7,94.11
1996-05-31T03:00:00,42309099999,LILABARI,27.233,94.117,22.6,1010.3,96.42
1996-05-31T06:00:00,42309099999,LILABARI,27.233,94.117,26.2,1009.5,76.3
1996-05-31T09:00:00,42309099999,LILABARI,27.233,94.117,24.8,1008.1,88.13
1996-05-31T12:00:00,42309099999,LILABARI,27.233,94.117,24.8,1006.7,88.13
1996-06-01T00:00:00,42309099999,LILABARI,27.233,94.117,,1006.7,
1996-06-01T03:00:00,42309099999,LILABARI,27.233,94.117,24.0,1008.6,94.72
1996-06-01T06:00:00,42309099999,LILABARI,27.233,94.117,24.4,1008.4,94.74
1996-06-01T09:00:00,42309099999,LILABARI,27.233,94.117,25.8,1004.8,84.05
1996-06-01T18:00:00,42309099999,LILABARI,27.233,94.117,24.4,1004.4,94.74
1996-06-02T00:00:00,42309099999,LILABARI,27.233,94.117,23.6,1005.2,96.44
1996-06-02T03:00:00,42309099999,LILABARI,27.233,94.117,24.0,1006.1,91.34
1996-06-02T06:00:00,42309099999,LILABARI,27.233,94.117,26.8,1006.0,85.69
1996-06-02T15:00:00,42309099999,LILABARI,27.233,94.117,25.2,1004.0,89.77
1996-06-03T00:00:00,42309099999,LILABARI,27.233,94.117,23.8,1004.3,94.71
1996-06-03T03:00:00,42309099999,LILABARI,27.233,94.117,24.2,1006.3,94.73
1996-06-03T06:00:00,42309099999,LILABARI,27.233,94.117,24.2,1006.6,89.7
1996-06-03T09:00:00,42309099999,LILABARI,27.233,94.117,27.6,1004.0,72.9
1996-06-03T12:00:00,42309099999,LILABARI,27.233,94.117,26.4,1003.9,74.95
1996-06-04T03:00:00,42309099999,LILABARI,27.233,94.117,25.2,1007.4,86.57
1996-06-04T06:00:00,42309099999,LILABARI,27.233,94.117,27.2,1007.9,78.33
1996-06-04T09:00:00,42309099999,LILABARI,27.233,94.117,27.6,1005.3,75.6
1996-06-05T00:00:00,42309099999,LILABARI,27.233,94.117,23.8,1005.8,89.67
1996-06-05T03:00:00,42309099999,LILABARI,27.233,94.117,24.0,1006.5,91.34
1996-06-06T06:00:00,42309099999,LILABARI,27.233,94.117,27.8,1008.6,75.63
1996-06-06T09:00:00,42309099999,LILABARI,27.233,94.117,27.8,1006.8,77.01
1996-06-06T15:00:00,42309099999,LILABARI,27.233,94.117,25.8,1006.8,85.59
1996-06-07T06:00:00,42309099999,LILABARI,27.233,94.117,29.0,1009.2,68.02
1996-06-07T09:00:00,42309099999,LILABARI,27.233,94.117,30.4,1006.8,62.75
1996-06-07T12:00:00,42309099999,LILABARI,27.233,94.117,29.6,1005.8,67.31
1996-06-07T15:00:00,42309099999,LILABARI,27.233,94.117,26.6,1007.7,82.63
1996-06-08T00:00:00,42309099999,LILABARI,27.233,94.117,24.4,1009.7,91.36
1996-06-08T03:00:00,42309099999,LILABARI,27.233,94.117,25.6,1010.8,74.36
1996-06-08T06:00:00,42309099999,LILABARI,27.233,94.117,26.4,1010.8,70.49
1996-06-08T09:00:00,42309099999,LILABARI,27.233,94.117,27.4,1007.5,71.1
1996-06-08T12:00:00,42309099999,LILABARI,27.233,94.117,27.8,1006.8,77.01
1996-06-08T18:00:00,42309099999,LILABARI,27.233,94.117,25.4,1010.4,94.77
1996-06-09T00:00:00,42309099999,LILABARI,27.233,94.117,22.3,1010.4,95.82
1996-06-09T03:00:00,42309099999,LILABARI,27.233,94.117,30.0,1010.4,61.15
1996-06-09T06:00:00,42309099999,LILABARI,27.233,94.117,31.4,1008.8,57.49
1996-06-09T09:00:00,42309099999,LILABARI,27.233,94.117,32.8,1005.3,58.52
1996-06-09T18:00:00,42309099999,LILABARI,27.233,94.117,26.4,1007.6,90.4
1996-06-10T00:00:00,42309099999,LILABARI,27.233,94.117,24.4,1009.0,89.71
1996-06-10T03:00:00,42309099999,LILABARI,27.233,94.117,30.6,1009.0,67.92
1996-06-10T06:00:00,42309099999,LILABARI,27.233,94.117,32.8,1007.0,62.14
1996-06-10T09:00:00,42309099999,LILABARI,27.233,94.117,34.6,1004.4,51.65
1996-06-10T15:00:00,42309099999,LILABARI,27.233,94.117,28.6,1006.3,81.88
1996-06-11T00:00:00,42309099999,LILABARI,27.233,94.117,26.0,1008.6,88.76
1996-06-11T03:00:00,42309099999,LILABARI,27.233,94.117,31.4,1009.7,67.26
1996-06-11T06:00:00,42309099999,LILABARI,27.233,94.117,32.0,1008.0,62.71
1996-06-11T09:00:00,42309099999,LILABARI,27.233,94.117,28.6,1005.5,67.94
1996-06-11T12:00:00,42309099999,LILABARI,27.233,94.117,29.4,1005.4,68.51
1996-06-12T00:00:00,42309099999,LILABARI,27.233,94.117,24.0,1009.6,88.06
1996-06-12T03:00:00,42309099999,LILABARI,27.233,94.117,29.0,1009.9,64.38
1996-06-12T06:00:00,42309099999,LILABARI,27.233,94.117,31.6,1008.5,58.95
1996-06-12T09:00:00,42309099999,LILABARI,27.233,94.117,32.0,1004.9,56.93
1996-06-12T12:00:00,42309099999,LILABARI,27.233,94.117,31.0,1003.7,58.1
1996-06-12T15:00:00,42309099999,LILABARI,27.233,94.117,27.4,1006.3,84.22
1996-06-13T03:00:00,42309099999,LILABARI,27.233,94.117,32.4,1006.3,51.41
1996-06-13T06:00:00,42309099999,LILABARI,27.233,94.117,32.8,1004.8,56.44
1996-06-13T09:00:00,42309099999,LILABARI,27.233,94.117,34.4,1002.1,50.98
1996-06-13T12:00:00,42309099999,LILABARI,27.233,94.117,32.2,1001.5,59.09
1996-06-13T15:00:00,42309099999,LILABARI,27.233,94.117,28.6,1004.2,83.36
1996-06-14T03:00:00,42309099999,LILABARI,27.233,94.117,32.2,1004.1,61.64
1996-06-14T06:00:00,42309099999,LILABARI,27.233,94.117,33.2,1002.5,62.23
1996-06-14T09:00:00,42309099999,LILABARI,27.233,94.117,35.4,999.5,51.85
1996-06-14T18:00:00,42309099999,LILABARI,27.233,94.117,27.6,1001.8,82.75
1996-06-15T00:00:00,42309099999,LILABARI,27.233,94.117,24.6,1002.1,94.74
1996-06-15T03:00:00,42309099999,LILABARI,27.233,94.117,24.6,1004.6,96.47
1996-06-15T06:00:00,42309099999,LILABARI,27.233,94.117,29.0,1003.1,73.58
1996-06-15T12:00:00,42309099999,LILABARI,27.233,94.117,30.2,998.8,70.33
1996-06-16T00:00:00,42309099999,LILABARI,27.233,94.117,26.0,1001.6,92.01
1996-06-16T03:00:00,42309099999,LILABARI,27.233,94.117,25.4,1003.6,96.49
1996-06-16T06:00:00,42309099999,LILABARI,27.233,94.117,30.0,1002.6,71.57
1996-06-16T09:00:00,42309099999,LILABARI,27.233,94.117,32.8,999.2,55.09
1996-06-16T15:00:00,42309099999,LILABARI,27.233,94.117,27.4,1000.8,85.75
1996-06-16T18:00:00,42309099999,LILABARI,27.233,94.117,27.0,1001.8,90.44
1996-06-17T00:00:00,42309099999,LILABARI,27.233,94.117,26.8,1001.8,90.43
1996-06-17T03:00:00,42309099999,LILABARI,27.233,94.117,32.4,1002.3,63.94
1996-06-17T06:00:00,42309099999,LILABARI,27.233,94.117,34.0,1000.9,59.15
1996-06-17T09:00:00,42309099999,LILABARI,27.233,94.117,35.4,998.7,53.11
1996-06-17T12:00:00,42309099999,LILABARI,27.233,94.117,34.0,997.3,59.5
1996-06-17T15:00:00,42309099999,LILABARI,27.233,94.117,30.4,1000.7,78.32
1996-06-18T00:00:00,42309099999,LILABARI,27.233,94.117,28.0,1000.3,87.35
1996-06-18T03:00:00,42309099999,LILABARI,27.233,94.117,32.8,1001.0,64.4
1996-06-18T06:00:00,42309099999,LILABARI,27.233,94.117,34.4,999.6,62.12
1996-06-18T09:00:00,42309099999,LILABARI,27.233,94.117,35.8,998.0,56.47
1996-06-18T12:00:00,42309099999,LILABARI,27.233,94.117,30.2,997.0,72.9
1996-06-18T15:00:00,42309099999,LILABARI,27.233,94.117,29.4,999.5,81.98
1996-06-19T00:00:00,42309099999,LILABARI,27.233,94.117,28.0,1000.0,96.55
1996-06-19T03:00:00,42309099999,LILABARI,27.233,94.117,33.0,1000.0,62.18
1996-06-19T12:00:00,42309099999,LILABARI,27.233,94.117,34.6,995.0,59.28
1996-06-19T15:00:00,42309099999,LILABARI,27.233,94.117,30.6,997.6,78.35
1996-06-20T03:00:00,42309099999,LILABARI,27.233,94.117,34.0,998.6,56.05
1996-06-20T06:00:00,42309099999,LILABARI,27.233,94.117,36.0,999.7,52.31
1996-06-20T09:00:00,42309099999,LILABARI,27.233,94.117,37.2,995.3,41.87
1996-06-20T12:00:00,42309099999,LILABARI,27.233,94.117,35.6,994.7,54.12
1996-06-20T15:00:00,42309099999,LILABARI,27.233,94.117,31.0,997.7,78.4
1996-06-21T00:00:00,42309099999,LILABARI,27.233,94.117,25.6,999.2,96.49
1996-06-21T03:00:00,42309099999,LILABARI,27.233,94.117,29.0,1001.4,81.93
1996-06-21T06:00:00,42309099999,LILABARI,27.233,94.117,30.0,1000.8,81.09
1996-06-21T09:00:00,42309099999,LILABARI,27.233,94.117,32.6,998.2,69.11
1996-06-21T12:00:00,42309099999,LILABARI,27.233,94.117,32.4,998.0,67.86
1996-06-22T00:00:00,42309099999,LILABARI,27.233,94.117,25.6,1001.3,94.78
1996-06-22T03:00:00,42309099999,LILABARI,27.233,94.117,28.8,1002.4,81.91
1996-06-22T06:00:00,42309099999,LILABARI,27.233,94.117,31.2,1000.9,69.68
1996-06-22T09:00:00,42309099999,LILABARI,27.233,94.117,33.0,998.4,63.31
1996-06-22T15:00:00,42309099999,LILABARI,27.233,94.117,26.0,1000.0,92.01
1996-06-23T03:00:00,42309099999,LILABARI,27.233,94.117,25.0,1002.6,96.48
1996-06-23T09:00:00,42309099999,LILABARI,27.233,94.117,27.8,1000.8,81.3
1996-06-23T15:00:00,42309099999,LILABARI,27.233,94.117,25.4,1002.7,96.49
1996-06-24T00:00:00,42309099999,LILABARI,27.233,94.117,24.8,1002.4,98.22
1996-06-24T03:00:00,42309099999,LILABARI,27.233,94.117,26.4,1003.8,92.03
1996-06-24T12:00:00,42309099999,LILABARI,27.233,94.117,26.2,1001.7,93.68
1996-06-24T15:00:00,42309099999,LILABARI,27.233,94.117,25.4,1003.0,91.42
1996-06-25T06:00:00,42309099999,LILABARI,27.233,94.117,25.4,1004.3,94.77
1996-06-25T09:00:00,42309099999,LILABARI,27.233,94.117,26.4,1002.1,88.79
1996-06-25T12:00:00,42309099999,LILABARI,27.233,94.117,25.6,1001.8,94.78
1996-06-25T15:00:00,42309099999,LILABARI,27.233,94.117,25.2,1003.5,96.48
1996-06-26T00:00:00,42309099999,LILABARI,27.233,94.117,25.0,1003.7,94.76
1996-06-26T06:00:00,42309099999,LILABARI,27.233,94.117,26.6,1004.6,92.04
1996-06-26T09:00:00,42309099999,LILABARI,27.233,94.117,28.4,1002.1,84.83
1996-06-26T12:00:00,42309099999,LILABARI,27.233,94.117,28.0,1002.9,84.79
1996-06-26T15:00:00,42309099999,LILABARI,27.233,94.117,27.0,1003.5,87.26
1996-06-26T18:00:00,42309099999,LILABARI,27.233,94.117,24.6,1004.7,94.74
1996-06-27T00:00:00,42309099999,LILABARI,27.233,94.117,25.0,1004.5,98.23
1996-06-27T03:00:00,42309099999,LILABARI,27.233,94.117,25.0,1005.4,98.23
1996-06-27T06:00:00,42309099999,LILABARI,27.233,94.117,26.0,1005.2,94.8
1996-06-27T09:00:00,42309099999,LILABARI,27.233,94.117,24.6,1004.7,94.74
1996-06-27T15:00:00,42309099999,LILABARI,27.233,94.117,27.0,1004.4,92.07
1996-06-28T00:00:00,42309099999,LILABARI,27.233,94.117,25.2,1002.4,97.06
1996-06-28T03:00:00,42309099999,LILABARI,27.233,94.117,25.6,1002.8,98.23
1996-06-28T06:00:00,42309099999,LILABARI,27.233,94.117,29.0,1003.4,86.92
1996-06-28T09:00:00,42309099999,LILABARI,27.233,94.117,27.0,1002.2,85.71
1996-06-28T12:00:00,42309099999,LILABARI,27.233,94.117,26.0,1002.3,90.37
1996-06-28T15:00:00,42309099999,LILABARI,27.233,94.117,25.6,1004.2,94.78
1996-06-28T18:00:00,42309099999,LILABARI,27.233,94.117,25.0,1003.0,94.76
1996-06-29T00:00:00,42309099999,LILABARI,27.233,94.117,24.4,1003.6,96.46
1996-06-29T06:00:00,42309099999,LILABARI,27.233,94.117,27.8,1004.0,87.33
1996-06-29T09:00:00,42309099999,LILABARI,27.233,94.117,29.4,1001.5,
1996-06-29T12:00:00,42309099999,LILABARI,27.233,94.117,28.2,1001.4,86.34
1996-06-29T15:00:00,42309099999,LILABARI,27.233,94.117,26.8,1003.4,96.52
1996-06-29T18:00:00,42309099999,LILABARI,27.233,94.117,26.0,1003.8,96.5
1996-06-30T00:00:00,42309099999,LILABARI,27.233,94.117,25.0,1002.5,98.23
1996-06-30T03:00:00,42309099999,LILABARI,27.233,94.117,26.4,1003.9,95.94
1996-06-30T06:00:00,42309099999,LILABARI,27.233,94.117,29.2,1002.5,81.96
1996-06-30T09:00:00,42309099999,LILABARI,27.233,94.117,30.4,999.8,74.25
1996-06-30T12:00:00,42309099999,LILABARI,27.233,94.117,28.0,999.6,87.35
1996-06-30T18:00:00,42309099999,LILABARI,27.233,94.117,25.8,1002.1,98.24
1996-07-01T00:00:00,42309099999,LILABARI,27.233,94.117,25.2,1000.8,98.23
1996-07-01T03:00:00,42309099999,LILABARI,27.233,94.117,26.0,1002.1,94.8
1996-07-01T06:00:00,42309099999,LILABARI,27.233,94.117,27.4,1001.4,88.87
1996-07-01T09:00:00,42309099999,LILABARI,27.233,94.117,29.6,999.4,81.04
1996-07-01T12:00:00,42309099999,LILABARI,27.233,94.117,27.6,999.6,92.1
1996-07-01T15:00:00,42309099999,LILABARI,27.233,94.117,26.4,1001.5,92.03
1996-07-02T00:00:00,42309099999,LILABARI,27.233,94.117,21.0,1001.0,
1996-07-02T03:00:00,42309099999,LILABARI,27.233,94.117,25.2,1002.1,98.23
1996-07-02T09:00:00,42309099999,LILABARI,27.233,94.117,28.2,1001.7,83.31
1996-07-02T12:00:00,42309099999,LILABARI,27.233,94.117,28.2,1002.3,87.37
1996-07-02T15:00:00,42309099999,LILABARI,27.233,94.117,25.2,1003.9,98.23
1996-07-03T03:00:00,42309099999,LILABARI,27.233,94.117,25.6,1006.1,98.23
1996-07-03T06:00:00,42309099999,LILABARI,27.233,94.117,26.6,1005.9,94.82
1996-07-03T09:00:00,42309099999,LILABARI,27.233,94.117,26.6,1004.6,93.7
1996-07-03T15:00:00,42309099999,LILABARI,27.233,94.117,25.6,1005.3,91.44
1996-07-04T00:00:00,42309099999,LILABARI,27.233,94.117,24.6,1005.7,94.74
1996-07-04T09:00:00,42309099999,LILABARI,27.233,94.117,28.8,1002.9,77.63
1996-07-04T12:00:00,42309099999,LILABARI,27.233,94.117,27.6,1001.9,78.39
1996-07-04T15:00:00,42309099999,LILABARI,27.233,94.117,27.2,1003.5,90.45
1996-07-05T00:00:00,42309099999,LILABARI,27.233,94.117,24.8,1003.2,98.22
1996-07-05T03:00:00,42309099999,LILABARI,27.233,94.117,24.8,1003.5,98.22
1996-07-05T06:00:00,42309099999,LILABARI,27.233,94.117,25.4,1003.1,94.77
1996-07-05T09:00:00,42309099999,LILABARI,27.233,94.117,27.2,1001.0,87.28
1996-07-05T12:00:00,42309099999,LILABARI,27.233,94.117,27.2,1000.5,90.45
1996-07-05T15:00:00,42309099999,LILABARI,27.233,94.117,26.6,1001.7,92.04
1996-07-06T00:00:00,42309099999,LILABARI,27.233,94.117,25.0,1002.6,91.4
1996-07-06T03:00:00,42309099999,LILABARI,27.233,94.117,25.4,1003.6,96.49
1996-07-06T06:00:00,42309099999,LILABARI,27.233,94.117,25.4,1003.3,96.49
1996-07-06T09:00:00,42309099999,LILABARI,27.233,94.117,29.4,1000.9,77.71
1996-07-06T12:00:00,42309099999,LILABARI,27.233,94.117,29.0,1000.2,81.93
1996-07-06T15:00:00,42309099999,LILABARI,27.233,94.117,27.0,1002.2,95.4
1996-07-06T18:00:00,42309099999,LILABARI,27.233,94.117,26.4,1002.7,96.51
1996-07-07T00:00:00,42309099999,LILABARI,27.233,94.117,25.6,1003.0,96.49
1996-07-07T03:00:00,42309099999,LILABARI,27.233,94.117,25.4,1004.8,98.23
1996-07-07T06:00:00,42309099999,LILABARI,27.233,94.117,26.2,1004.4,98.24
1996-07-07T09:00:00,42309099999,LILABARI,27.233,94.117,28.0,1002.6,87.35
1996-07-07T12:00:00,42309099999,LILABARI,27.233,94.117,26.8,1003.2,92.05
1996-07-07T15:00:00,42309099999,LILABARI,27.233,94.117,26.4,1005.2,93.69
1996-07-08T00:00:00,42309099999,LILABARI,27.233,94.117,26.6,1006.0,90.95
1996-07-08T09:00:00,42309099999,LILABARI,27.233,94.117,29.2,1003.7,79.09
1996-07-08T12:00:00,42309099999,LILABARI,27.233,94.117,28.0,1004.3,88.92
1996-07-08T18:00:00,42309099999,LILABARI,27.233,94.117,24.2,1006.5,98.21
1996-07-09T00:00:00,42309099999,LILABARI,27.233,94.117,24.4,1005.7,98.22
1996-07-09T06:00:00,42309099999,LILABARI,27.233,94.117,26.2,1005.9,96.51
1996-07-09T09:00:00,42309099999,LILABARI,27.233,94.117,27.2,1003.3,88.85
1996-07-09T12:00:00,42309099999,LILABARI,27.233,94.117,27.4,1002.7,90.47
1996-07-09T15:00:00,42309099999,LILABARI,27.233,94.117,26.0,1004.0,94.8
1996-07-10T03:00:00,42309099999,LILABARI,27.233,94.117,25.2,1003.7,94.77
1996-07-10T06:00:00,42309099999,LILABARI,27.233,94.117,26.0,1002.5,92.01
1996-07-10T09:00:00,42309099999,LILABARI,27.233,94.117,26.4,999.6,92.03
1996-07-10T12:00:00,42309099999,LILABARI,27.233,94.117,27.0,998.9,93.72
1996-07-10T15:00:00,42309099999,LILABARI,27.233,94.117,26.4,1000.4,94.81
1996-07-10T18:00:00,42309099999,LILABARI,27.233,94.117,25.8,1000.8,94.79
1996-07-11T00:00:00,42309099999,LILABARI,27.233,94.117,25.2,1000.3,98.23
1996-07-11T03:00:00,42309099999,LILABARI,27.233,94.117,26.0,1001.7,96.5
1996-07-11T09:00:00,42309099999,LILABARI,27.233,94.117,25.4,1000.5,96.49
1996-07-11T12:00:00,42309099999,LILABARI,27.233,94.117,25.0,1000.4,98.23
1996-07-11T15:00:00,42309099999,LILABARI,27.233,94.117,24.6,1001.8,98.22
1996-07-12T00:00:00,42309099999,LILABARI,27.233,94.117,24.0,1001.7,96.45
1996-07-12T06:00:00,42309099999,LILABARI,27.233,94.117,25.6,1003.5,94.78
1996-07-12T09:00:00,42309099999,LILABARI,27.233,94.117,25.8,1002.2,93.11
1996-07-12T15:00:00,42309099999,LILABARI,27.233,94.117,24.0,1004.5,96.45
1996-07-13T00:00:00,42309099999,LILABARI,27.233,94.117,22.8,1004.8,98.2
1996-07-13T03:00:00,42309099999,LILABARI,27.233,94.117,24.0,1006.5,94.72
1996-07-13T06:00:00,42309099999,LILABARI,27.233,94.117,24.0,1006.8,94.72
1996-07-13T09:00:00,42309099999,LILABARI,27.233,94.117,23.4,1005.5,92.98
1996-07-13T12:00:00,42309099999,LILABARI,27.233,94.117,23.4,1005.3,92.98
1996-07-14T00:00:00,42309099999,LILABARI,27.233,94.117,23.0,1005.4,96.43
1996-07-14T03:00:00,42309099999,LILABARI,27.233,94.117,24.2,1006.3,93.03
1996-07-14T06:00:00,42309099999,LILABARI,27.233,94.117,24.2,1007.6,93.03
1996-07-14T09:00:00,42309099999,LILABARI,27.233,94.117,24.0,1005.8,96.45
1996-07-14T12:00:00,42309099999,LILABARI,27.233,94.117,23.8,1005.4,96.45
1996-07-14T15:00:00,42309099999,LILABARI,27.233,94.117,23.6,1006.6,98.21
1996-07-15T03:00:00,42309099999,LILABARI,27.233,94.117,24.4,1006.1,98.22
1996-07-15T09:00:00,42309099999,LILABARI,27.233,94.117,25.4,1003.3,96.49
1996-07-16T12:00:00,42309099999,LILABARI,27.233,94.117,27.4,999.8,85.75
1996-07-16T15:00:00,42309099999,LILABARI,27.233,94.117,26.8,1001.3,88.82
1996-07-17T03:00:00,42309099999,LILABARI,27.233,94.117,26.6,1002.9,94.82
1996-07-17T06:00:00,42309099999,LILABARI,27.233,94.117,28.2,1002.0,87.37
1996-07-17T09:00:00,42309099999,LILABARI,27.233,94.117,28.8,999.8,81.91
1996-07-17T12:00:00,42309099999,LILABARI,27.233,94.117,28.0,1000.0,84.79
1996-07-17T15:00:00,42309099999,LILABARI,27.233,94.117,27.0,1002.1,90.44
1996-07-18T00:00:00,42309099999,LILABARI,27.233,94.117,25.8,1001.8,96.5
1996-07-18T03:00:00,42309099999,LILABARI,27.233,94.117,26.8,1002.1,93.71
1996-07-18T09:00:00,42309099999,LILABARI,27.233,94.117,28.0,999.8,85.81
1996-07-18T12:00:00,42309099999,LILABARI,27.233,94.117,27.4,999.5,88.87
1996-07-18T15:00:00,42309099999,LILABARI,27.233,94.117,26.8,1001.6,92.05
1996-07-18T18:00:00,42309099999,LILABARI,27.233,94.117,26.2,1002.1,93.68
1996-07-19T00:00:00,42309099999,LILABARI,27.233,94.117,24.8,1001.7,96.47
1996-07-19T03:00:00,42309099999,LILABARI,27.233,94.117,25.4,1002.6,93.09
1996-07-19T06:00:00,42309099999,LILABARI,27.233,94.117,25.2,1002.3,98.23
1996-07-19T09:00:00,42309099999,LILABARI,27.233,94.117,26.8,1000.6,89.89
1996-07-19T12:00:00,42309099999,LILABARI,27.233,94.117,26.8,999.6,90.43
1996-07-19T15:00:00,42309099999,LILABARI,27.233,94.117,25.0,1002.2,96.48
1996-07-20T03:00:00,42309099999,LILABARI,27.233,94.117,24.8,1002.5,96.47
1996-07-20T04:00:00,42309099999,LILABARI,27.233,94.117,24.8,1002.5,96.47
1996-07-20T06:00:00,42309099999,LILABARI,27.233,94.117,26.8,1002.1,90.43
1996-07-20T09:00:00,42309099999,LILABARI,27.233,94.117,29.2,999.5,79.09
1996-07-20T12:00:00,42309099999,LILABARI,27.233,94.117,28.4,999.0,84.83
1996-07-20T15:00:00,42309099999,LILABARI,27.233,94.117,27.4,1000.6,92.09
1996-07-21T00:00:00,42309099999,LILABARI,27.233,94.117,25.4,1000.0,96.49
1996-07-21T03:00:00,42309099999,LILABARI,27.233,94.117,28.2,1001.6,84.81
1996-07-21T06:00:00,42309099999,LILABARI,27.233,94.117,29.4,1000.9,80.54
1996-07-21T12:00:00,42309099999,LILABARI,27.233,94.117,30.6,998.2,71.68
1996-07-21T15:00:00,42309099999,LILABARI,27.233,94.117,28.6,1000.1,84.85
1996-07-21T18:00:00,42309099999,LILABARI,27.233,94.117,27.4,1000.9,90.47
1996-07-22T00:00:00,42309099999,LILABARI,27.233,94.117,26.6,1000.1,92.04
1996-07-22T03:00:00,42309099999,LILABARI,27.233,94.117,31.4,1000.5,74.85
1996-07-22T06:00:00,42309099999,LILABARI,27.233,94.117,32.6,999.3,69.11
1996-07-22T09:00:00,42309099999,LILABARI,27.233,94.117,33.0,996.2,67.58
1996-07-22T12:00:00,42309099999,LILABARI,27.233,94.117,31.8,995.9,71.04
1996-07-22T15:00:00,42309099999,LILABARI,27.233,94.117,29.4,997.8,86.45
1996-07-23T00:00:00,42309099999,LILABARI,27.233,94.117,26.6,999.1,94.26
1996-07-23T03:00:00,42309099999,LILABARI,27.233,94.117,28.0,1000.3,85.81
1996-07-23T06:00:00,42309099999,LILABARI,27.233,94.117,31.2,998.2,72.21
1996-07-23T09:00:00,42309099999,LILABARI,27.233,94.117,32.2,995.4,74.1
1996-07-23T12:00:00,42309099999,LILABARI,27.233,94.117,30.6,994.7,76.97
1996-07-23T15:00:00,42309099999,LILABARI,27.233,94.117,29.4,997.0,86.45
1996-07-23T18:00:00,42309099999,LILABARI,27.233,94.117,28.0,997.1,88.92
1996-07-24T00:00:00,42309099999,LILABARI,27.233,94.117,26.0,997.9,93.67
1996-07-24T03:00:00,42309099999,LILABARI,27.233,94.117,29.2,998.1,80.51
1996-07-24T06:00:00,42309099999,LILABARI,27.233,94.117,32.2,996.4,77.66
1996-07-24T09:00:00,42309099999,LILABARI,27.233,94.117,32.8,993.9,72.91
1996-07-24T12:00:00,42309099999,LILABARI,27.233,94.117,29.2,998.1,80.51
1996-07-24T15:00:00,42309099999,LILABARI,27.233,94.117,30.4,996.3,89.62
1996-07-25T00:00:00,42309099999,LILABARI,27.233,94.117,28.0,995.7,88.92
1996-07-25T09:00:00,42309099999,LILABARI,27.233,94.117,36.4,993.0,58.99
1996-07-25T12:00:00,42309099999,LILABARI,27.233,94.117,35.2,992.6,66.05
1996-07-26T00:00:00,42309099999,LILABARI,27.233,94.117,26.0,999.6,94.8
1996-07-26T03:00:00,42309099999,LILABARI,27.233,94.117,28.2,1000.6,90.52
1996-07-26T06:00:00,42309099999,LILABARI,27.233,94.117,32.0,999.2,79.0
1996-07-26T09:00:00,42309099999,LILABARI,27.233,94.117,34.2,996.2,66.63
1996-07-26T12:00:00,42309099999,LILABARI,27.233,94.117,32.4,996.3,76.79
1996-07-26T15:00:00,42309099999,LILABARI,27.233,94.117,29.2,998.4,87.97
1996-07-27T00:00:00,42309099999,LILABARI,27.233,94.117,27.6,999.4,81.27
1996-07-27T03:00:00,42309099999,LILABARI,27.233,94.117,27.8,1000.9,88.9
1996-07-27T06:00:00,42309099999,LILABARI,27.233,94.117,28.6,999.6,70.03
1996-07-27T09:00:00,42309099999,LILABARI,27.233,94.117,31.4,996.8,69.71
1996-07-27T12:00:00,42309099999,LILABARI,27.233,94.117,29.2,996.8,86.43
1996-07-27T15:00:00,42309099999,LILABARI,27.233,94.117,27.8,999.1,88.9
1996-07-27T18:00:00,42309099999,LILABARI,27.233,94.117,27.2,999.7,90.45
1996-07-28T00:00:00,42309099999,LILABARI,27.233,94.117,26.2,998.6,93.68
1996-07-28T03:00:00,42309099999,LILABARI,27.233,94.117,30.0,999.0,78.26
1996-07-28T06:00:00,42309099999,LILABARI,27.233,94.117,32.8,997.7,65.56
1996-07-28T12:00:00,42309099999,LILABARI,27.233,94.117,29.2,996.5,83.42
1996-07-28T15:00:00,42309099999,LILABARI,27.233,94.117,27.8,998.6,87.33
1996-07-29T00:00:00,42309099999,LILABARI,27.233,94.117,25.2,998.5,100.0
1996-07-29T03:00:00,42309099999,LILABARI,27.233,94.117,25.8,999.8,96.5
1996-07-29T06:00:00,42309099999,LILABARI,27.233,94.117,28.4,999.0,87.9
1996-07-29T09:00:00,42309099999,LILABARI,27.233,94.117,30.4,995.9,82.58
1996-07-30T00:00:00,42309099999,LILABARI,27.233,94.117,27.6,997.9,92.1
1996-07-30T03:00:00,42309099999,LILABARI,27.233,94.117,31.4,998.5,73.54
1996-07-30T06:00:00,42309099999,LILABARI,27.233,94.117,34.0,996.4,68.57
1996-07-30T09:00:00,42309099999,LILABARI,27.233,94.117,34.6,993.3,64.4
1996-07-30T15:00:00,42309099999,LILABARI,27.233,94.117,30.0,996.2,88.04
1996-07-31T00:00:00,42309099999,LILABARI,27.233,94.117,26.2,999.4,96.51
1996-07-31T03:00:00,42309099999,LILABARI,27.233,94.117,26.2,1001.1,98.24
1996-07-31T06:00:00,42309099999,LILABARI,27.233,94.117,27.2,1001.7,90.45
1996-07-31T09:00:00,42309099999,LILABARI,27.233,94.117,29.0,999.4,83.4
1996-07-31T12:00:00,42309099999,LILABARI,27.233,94.117,29.0,998.4,83.4
1996-07-31T15:00:00,42309099999,LILABARI,27.233,94.117,27.4,1000.4,90.47
1996-08-01T00:00:00,42309099999,LILABARI,27.233,94.117,26.0,1000.8,89.29
1996-08-01T03:00:00,42309099999,LILABARI,27.233,94.117,32.2,1001.3,69.04
1996-08-01T09:00:00,42309099999,LILABARI,27.233,94.117,34.2,997.3,61.71
1996-08-01T12:00:00,42309099999,LILABARI,27.233,94.117,32.6,997.8,66.7
1996-08-01T15:00:00,42309099999,LILABARI,27.233,94.117,30.0,1000.2,85.0
1996-08-01T18:00:00,42309099999,LILABARI,27.233,94.117,28.8,1000.7,87.94
1996-08-02T00:00:00,42309099999,LILABARI,27.233,94.117,27.8,1001.1,88.9
1996-08-02T03:00:00,42309099999,LILABARI,27.233,94.117,30.2,1001.8,75.55
1996-08-02T09:00:00,42309099999,LILABARI,27.233,94.117,33.6,998.3,67.29
1996-08-02T12:00:00,42309099999,LILABARI,27.233,94.117,32.6,997.7,75.48
1996-08-02T15:00:00,42309099999,LILABARI,27.233,94.117,29.8,1000.7,79.64
1996-08-03T00:00:00,42309099999,LILABARI,27.233,94.117,25.6,1002.8,91.44
1996-08-03T03:00:00,42309099999,LILABARI,27.233,94.117,28.8,1003.2,80.94
1996-08-03T06:00:00,42309099999,LILABARI,27.233,94.117,32.6,1001.5,66.7
1996-08-03T09:00:00,42309099999,LILABARI,27.233,94.117,33.0,999.0,67.58
1996-08-03T12:00:00,42309099999,LILABARI,27.233,94.117,32.2,999.2,70.28
1996-08-03T15:00:00,42309099999,LILABARI,27.233,94.117,30.2,1000.9,88.05
1996-08-04T03:00:00,42309099999,LILABARI,27.233,94.117,26.2,1003.7,96.51
1996-08-04T06:00:00,42309099999,LILABARI,27.233,94.117,28.8,1002.1,86.39
1996-08-04T12:00:00,42309099999,LILABARI,27.233,94.117,32.2,997.9,69.04
1996-08-04T15:00:00,42309099999,LILABARI,27.233,94.117,30.2,1000.6,84.03
1996-08-05T00:00:00,42309099999,LILABARI,27.233,94.117,26.8,1003.1,96.52
1996-08-05T06:00:00,42309099999,LILABARI,27.233,94.117,25.8,1003.1,94.79
1996-08-05T09:00:00,42309099999,LILABARI,27.233,94.117,28.2,1000.5,84.81
1996-08-05T12:00:00,42309099999,LILABARI,27.233,94.117,29.2,999.9,83.42
1996-08-05T15:00:00,42309099999,LILABARI,27.233,94.117,27.4,1002.1,88.87
1996-08-05T18:00:00,42309099999,LILABARI,27.233,94.117,27.0,1001.8,92.07
1996-08-06T00:00:00,42309099999,LILABARI,27.233,94.117,26.6,1002.1,96.52
1996-08-06T03:00:00,42309099999,LILABARI,27.233,94.117,25.0,1003.6,98.23
1996-08-06T06:00:00,42309099999,LILABARI,27.233,94.117,26.4,1002.5,94.81
1996-08-06T09:00:00,42309099999,LILABARI,27.233,94.117,29.0,999.6,81.93
1996-08-07T00:00:00,42309099999,LILABARI,27.233,94.117,25.4,1001.0,96.49
1996-08-07T03:00:00,42309099999,LILABARI,27.233,94.117,27.8,1001.2,85.79
1996-08-07T06:00:00,42309099999,LILABARI,27.233,94.117,30.6,999.3,76.97
1996-08-07T09:00:00,42309099999,LILABARI,27.233,94.117,33.0,997.6,64.45
1996-08-07T12:00:00,42309099999,LILABARI,27.233,94.117,31.4,996.6,76.19
1996-08-07T15:00:00,42309099999,LILABARI,27.233,94.117,29.4,999.3,87.99
1996-08-07T18:00:00,42309099999,LILABARI,27.233,94.117,26.6,1000.7,92.04
1996-08-08T00:00:00,42309099999,LILABARI,27.233,94.117,25.4,1000.4,96.49
1996-08-08T03:00:00,42309099999,LILABARI,27.233,94.117,27.2,1001.5,93.73
1996-08-08T06:00:00,42309099999,LILABARI,27.233,94.117,31.6,1000.1,74.88
1996-08-08T09:00:00,42309099999,LILABARI,27.233,94.117,33.0,997.2,64.45
1996-08-08T12:00:00,42309099999,LILABARI,27.233,94.117,31.4,997.7,73.54
1996-08-09T06:00:00,42309099999,LILABARI,27.233,94.117,26.8,1003.4,90.43
1996-08-09T09:00:00,42309099999,LILABARI,27.233,94.117,31.2,999.8,70.93
1996-08-09T15:00:00,42309099999,LILABARI,27.233,94.117,28.4,1002.3,88.95
1996-08-10T03:00:00,42309099999,LILABARI,27.233,94.117,26.4,1004.6,96.51
1996-08-10T09:00:00,42309099999,LILABARI,27.233,94.117,30.8,1001.2,77.0
1996-08-10T15:00:00,42309099999,LILABARI,27.233,94.117,28.0,1003.8,92.12
1996-08-11T00:00:00,42309099999,LILABARI,27.233,94.117,27.4,1003.8,95.41
1996-08-11T03:00:00,42309099999,LILABARI,27.233,94.117,28.4,1005.1,90.53
1996-08-11T06:00:00,42309099999,LILABARI,27.233,94.117,30.0,1003.8,82.54
1996-08-11T09:00:00,42309099999,LILABARI,27.233,94.117,27.4,1001.8,93.74
1996-08-11T15:00:00,42309099999,LILABARI,27.233,94.117,27.0,1004.6,92.07
1996-08-11T18:00:00,42309099999,LILABARI,27.233,94.117,26.0,1004.5,96.5
1996-08-12T00:00:00,42309099999,LILABARI,27.233,94.117,25.0,1005.4,98.23
1996-08-12T03:00:00,42309099999,LILABARI,27.233,94.117,25.4,1006.6,98.23
1996-08-12T06:00:00,42309099999,LILABARI,27.233,94.117,26.2,1006.5,94.8
1996-08-12T09:00:00,42309099999,LILABARI,27.233,94.117,25.8,1005.1,96.5
1996-08-12T12:00:00,42309099999,LILABARI,27.233,94.117,25.6,1005.2,96.49
1996-08-12T15:00:00,42309099999,LILABARI,27.233,94.117,25.6,1006.2,96.49
1996-08-13T00:00:00,42309099999,LILABARI,27.233,94.117,24.8,1004.7,98.22
1996-08-13T03:00:00,42309099999,LILABARI,27.233,94.117,26.4,1005.7,92.03
1996-08-13T06:00:00,42309099999,LILABARI,27.233,94.117,28.8,1004.8,77.63
1996-08-13T09:00:00,42309099999,LILABARI,27.233,94.117,28.6,1002.2,80.43
1996-08-14T00:00:00,42309099999,LILABARI,27.233,94.117,25.4,1003.3,93.09
1996-08-14T03:00:00,42309099999,LILABARI,27.233,94.117,28.6,1004.8,77.6
1996-08-14T06:00:00,42309099999,LILABARI,27.233,94.117,33.2,1003.4,60.4
1996-08-14T09:00:00,42309099999,LILABARI,27.233,94.117,32.0,1001.1,63.85
1996-08-14T12:00:00,42309099999,LILABARI,27.233,94.117,28.6,1002.3,83.36
1996-08-15T00:00:00,42309099999,LILABARI,27.233,94.117,25.4,1004.6,93.09
1996-08-15T03:00:00,42309099999,LILABARI,27.233,94.117,27.4,1006.0,85.75
1996-08-15T06:00:00,42309099999,LILABARI,27.233,94.117,26.6,1006.1,87.75
1996-08-15T09:00:00,42309099999,LILABARI,27.233,94.117,29.6,1003.6,76.82
1996-08-15T15:00:00,42309099999,LILABARI,27.233,94.117,27.4,1005.7,92.09
1996-08-15T18:00:00,42309099999,LILABARI,27.233,94.117,26.6,1006.3,90.41
1996-08-16T00:00:00,42309099999,LILABARI,27.233,94.117,25.8,1005.4,93.11
1996-08-16T03:00:00,42309099999,LILABARI,27.233,94.117,31.0,1006.8,74.79
1996-08-16T06:00:00,42309099999,LILABARI,27.233,94.117,32.8,1005.5,67.94
1996-08-16T09:00:00,42309099999,LILABARI,27.233,94.117,31.6,1002.3,77.57
1996-08-16T12:00:00,42309099999,LILABARI,27.233,94.117,30.0,1002.6,81.09
1996-08-16T15:00:00,42309099999,LILABARI,27.233,94.117,28.6,1005.0,87.92
1996-08-17T00:00:00,42309099999,LILABARI,27.233,94.117,26.0,1005.1,94.8
1996-08-17T06:00:00,42309099999,LILABARI,27.233,94.117,29.6,1005.3,79.61
1996-08-17T09:00:00,42309099999,LILABARI,27.233,94.117,29.4,1002.4,79.11
1996-08-17T12:00:00,42309099999,LILABARI,27.233,94.117,27.8,1002.6,93.75
1996-08-17T15:00:00,42309099999,LILABARI,27.233,94.117,26.6,1004.1,94.82
1996-08-18T00:00:00,42309099999,LILABARI,27.233,94.117,26.4,1004.6,93.69
1996-08-18T03:00:00,42309099999,LILABARI,27.233,94.117,29.0,1004.7,83.4
1996-08-18T06:00:00,42309099999,LILABARI,27.233,94.117,30.6,1004.6,81.16
1996-08-18T09:00:00,42309099999,LILABARI,27.233,94.117,28.0,1002.3,92.12
1996-08-18T12:00:00,42309099999,LILABARI,27.233,94.117,27.8,1001.8,90.49
1996-08-18T15:00:00,42309099999,LILABARI,27.233,94.117,26.6,1003.5,94.82
1996-08-18T18:00:00,42309099999,LILABARI,27.233,94.117,26.2,1003.5,90.38
1996-08-19T00:00:00,42309099999,LILABARI,27.233,94.117,25.4,1005.1,93.65
1996-08-19T03:00:00,42309099999,LILABARI,27.233,94.117,27.2,1005.4,92.08
1996-08-19T06:00:00,42309099999,LILABARI,27.233,94.117,29.4,1004.7,87.99
1996-08-19T15:00:00,42309099999,LILABARI,27.233,94.117,28.4,1003.2,92.14
1996-08-20T00:00:00,42309099999,LILABARI,27.233,94.117,26.2,1004.5,93.68
1996-08-20T03:00:00,42309099999,LILABARI,27.233,94.117,27.4,1005.7,90.47
1996-08-20T06:00:00,42309099999,LILABARI,27.233,94.117,30.4,1004.8,76.94
1996-08-20T09:00:00,42309099999,LILABARI,27.233,94.117,32.8,1002.3,70.39
1996-08-20T12:00:00,42309099999,LILABARI,27.233,94.117,31.0,1002.6,76.13
1996-08-20T15:00:00,42309099999,LILABARI,27.233,94.117,28.4,1005.0,90.53
1996-08-21T03:00:00,42309099999,LILABARI,27.233,94.117,24.6,1010.1,94.74
1996-08-21T06:00:00,42309099999,LILABARI,27.233,94.117,26.6,1009.5,87.23
1996-08-21T09:00:00,42309099999,LILABARI,27.233,94.117,29.0,1006.7,77.66
1996-08-22T00:00:00,42309099999,LILABARI,27.233,94.117,25.6,1009.4,94.78
1996-08-22T03:00:00,42309099999,LILABARI,27.233,94.117,30.0,1010.0,76.88
1996-08-22T09:00:00,42309099999,LILABARI,27.233,94.117,31.2,1005.5,70.93
1996-08-22T12:00:00,42309099999,LILABARI,27.233,94.117,30.6,1004.8,76.97
1996-08-22T15:00:00,42309099999,LILABARI,27.233,94.117,28.6,1007.2,87.92
1996-08-23T00:00:00,42309099999,LILABARI,27.233,94.117,25.6,1008.5,86.09
1996-08-23T03:00:00,42309099999,LILABARI,27.233,94.117,26.8,1008.8,92.05
1996-08-23T06:00:00,42309099999,LILABARI,27.233,94.117,31.2,1007.2,73.5
1996-08-23T09:00:00,42309099999,LILABARI,27.233,94.117,32.0,1003.5,68.59
1996-08-23T12:00:00,42309099999,LILABARI,27.233,94.117,31.2,1002.5,77.52
1996-08-23T15:00:00,42309099999,LILABARI,27.233,94.117,28.4,1004.1,88.95
1996-08-24T00:00:00,42309099999,LILABARI,27.233,94.117,26.4,1005.0,93.69
1996-08-24T03:00:00,42309099999,LILABARI,27.233,94.117,30.0,1005.3,78.26
1996-08-24T06:00:00,42309099999,LILABARI,27.233,94.117,32.4,1003.9,70.31
1996-08-24T09:00:00,42309099999,LILABARI,27.233,94.117,34.0,1001.5,65.04
1996-08-24T12:00:00,42309099999,LILABARI,27.233,94.117,32.0,1000.4,72.35
1996-08-24T15:00:00,42309099999,LILABARI,27.233,94.117,29.4,1002.8,86.45
1996-08-25T00:00:00,42309099999,LILABARI,27.233,94.117,27.0,1003.8,92.07
1996-08-25T03:00:00,42309099999,LILABARI,27.233,94.117,28.8,1006.0,84.87
1996-08-25T06:00:00,42309099999,LILABARI,27.233,94.117,31.8,1004.5,73.6
1996-08-25T09:00:00,42309099999,LILABARI,27.233,94.117,33.0,1001.9,69.19
1996-08-25T12:00:00,42309099999,LILABARI,27.233,94.117,,1000.9,
1996-08-25T15:00:00,42309099999,LILABARI,27.233,94.117,28.8,1003.4,86.39
1996-08-25T18:00:00,42309099999,LILABARI,27.233,94.117,27.4,1004.0,86.78
1996-08-26T00:00:00,42309099999,LILABARI,27.233,94.117,26.4,1005.8,94.25
1996-08-26T03:00:00,42309099999,LILABARI,27.233,94.117,32.6,1007.2,65.52
1996-08-26T09:00:00,42309099999,LILABARI,27.233,94.117,35.0,1003.4,54.63
1996-08-26T12:00:00,42309099999,LILABARI,27.233,94.117,32.8,1002.6,67.94
1996-08-27T00:00:00,42309099999,LILABARI,27.233,94.117,27.0,1006.8,93.16
1996-08-27T03:00:00,42309099999,LILABARI,27.233,94.117,33.6,1007.9,63.81
1996-08-27T06:00:00,42309099999,LILABARI,27.233,94.117,34.8,1006.7,57.94
1996-08-28T00:00:00,42309099999,LILABARI,27.233,94.117,26.0,1005.5,94.8
1996-08-28T03:00:00,42309099999,LILABARI,27.233,94.117,27.8,1008.7,87.33
1996-08-28T06:00:00,42309099999,LILABARI,27.233,94.117,31.4,1007.2,74.85
1996-08-28T09:00:00,42309099999,LILABARI,27.233,94.117,31.8,1004.2,71.04
1996-08-29T06:00:00,42309099999,LILABARI,27.233,94.117,27.8,1004.1,85.79
1996-08-29T15:00:00,42309099999,LILABARI,27.233,94.117,24.6,1005.9,94.74
1996-08-30T09:00:00,42309099999,LILABARI,27.233,94.117,27.8,1005.0,81.3
1996-08-31T06:00:00,42309099999,LILABARI,27.233,94.117,29.4,1008.0,77.71
1996-08-31T09:00:00,42309099999,LILABARI,27.233,94.117,26.6,1006.5,
1996-09-01T00:00:00,42309099999,LILABARI,27.233,94.117,24.6,1007.5,93.05
1996-09-01T03:00:00,42309099999,LILABARI,27.233,94.117,26.8,1010.6,85.69
1996-09-02T09:00:00,42309099999,LILABARI,27.233,94.117,29.4,1005.3,74.98
1996-09-03T03:00:00,42309099999,LILABARI,27.233,94.117,28.4,1008.8,81.86
1996-09-03T09:00:00,42309099999,LILABARI,27.233,94.117,29.8,1004.7,82.51
1996-09-04T00:00:00,42309099999,LILABARI,27.233,94.117,25.4,1007.2,91.97
1996-09-04T03:00:00,42309099999,LILABARI,27.233,94.117,,1008.4,
1996-09-04T06:00:00,42309099999,LILABARI,27.233,94.117,30.2,1007.2,75.55
1996-09-04T09:00:00,42309099999,LILABARI,27.233,94.117,32.8,1004.8,61.03
1996-09-05T03:00:00,42309099999,LILABARI,27.233,94.117,26.8,1009.3,85.69
1996-09-05T06:00:00,42309099999,LILABARI,27.233,94.117,27.4,1009.3,88.87
1996-09-06T03:00:00,42309099999,LILABARI,27.233,94.117,26.2,1009.4,93.68
1996-09-06T06:00:00,42309099999,LILABARI,27.233,94.117,28.4,1007.8,83.33
1996-09-06T09:00:00,42309099999,LILABARI,27.233,94.117,27.4,1005.0,84.22
1996-09-07T03:00:00,42309099999,LILABARI,27.233,94.117,25.2,1009.0,94.77
1996-09-07T06:00:00,42309099999,LILABARI,27.233,94.117,24.6,1008.5,97.63
1996-09-07T09:00:00,42309099999,LILABARI,27.233,94.117,28.0,1004.8,80.35
1996-09-08T03:00:00,42309099999,LILABARI,27.233,94.117,25.6,1009.7,90.34
1996-09-08T06:00:00,42309099999,LILABARI,27.233,94.117,28.6,1007.1,
1996-09-08T09:00:00,42309099999,LILABARI,27.233,94.117,30.2,1003.8,72.9
1996-09-09T03:00:00,42309099999,LILABARI,27.233,94.117,24.8,1006.9,93.06
1996-09-10T06:00:00,42309099999,LILABARI,27.233,94.117,33.0,1004.0,67.58
1996-09-10T09:00:00,42309099999,LILABARI,27.233,94.117,34.0,1000.1,61.66
1996-09-11T00:00:00,42309099999,LILABARI,27.233,94.117,26.0,1003.5,90.37
1996-09-11T03:00:00,42309099999,LILABARI,27.233,94.117,31.2,1005.0,73.5
1996-09-11T06:00:00,42309099999,LILABARI,27.233,94.117,31.6,1003.7,72.28
1996-09-11T09:00:00,42309099999,LILABARI,27.233,94.117,33.8,1000.2,62.73
1996-09-12T00:00:00,42309099999,LILABARI,27.233,94.117,25.6,1006.2,91.44
1996-09-12T03:00:00,42309099999,LILABARI,27.233,94.117,31.0,1006.5,69.23
1996-09-12T06:00:00,42309099999,LILABARI,27.233,94.117,33.4,1004.8,70.91
1996-09-13T00:00:00,42309099999,LILABARI,27.233,94.117,26.6,1003.9,92.04
1996-09-13T03:00:00,42309099999,LILABARI,27.233,94.117,32.6,1005.6,67.9
1996-09-13T06:00:00,42309099999,LILABARI,27.233,94.117,32.4,1004.2,72.84
1996-09-13T09:00:00,42309099999,LILABARI,27.233,94.117,33.0,1000.9,72.94
1996-09-14T03:00:00,42309099999,LILABARI,27.233,94.117,31.6,1003.2,71.0
1996-09-14T06:00:00,42309099999,LILABARI,27.233,94.117,33.8,1000.9,64.99
1996-09-15T03:00:00,42309099999,LILABARI,27.233,94.117,31.6,1002.9,74.88
1996-09-15T06:00:00,42309099999,LILABARI,27.233,94.117,33.8,1001.4,64.99
1996-09-15T09:00:00,42309099999,LILABARI,27.233,94.117,35.2,998.7,62.29
1996-09-16T00:00:00,42309099999,LILABARI,27.233,94.117,25.8,1001.5,92.0
1996-09-16T03:00:00,42309099999,LILABARI,27.233,94.117,33.2,1002.3,57.91
1996-09-16T06:00:00,42309099999,LILABARI,27.233,94.117,35.2,1000.9,50.88
1996-09-16T09:00:00,42309099999,LILABARI,27.233,94.117,34.8,998.7,54.58
1996-09-16T12:00:00,42309099999,LILABARI,27.233,94.117,32.6,998.5,71.6
1996-09-17T03:00:00,42309099999,LILABARI,27.233,94.117,28.8,999.9,74.88
1996-09-17T06:00:00,42309099999,LILABARI,27.233,94.117,31.0,998.5,
1996-09-18T00:00:00,42309099999,LILABARI,27.233,94.117,26.2,998.9,96.51
1996-09-18T03:00:00,42309099999,LILABARI,27.233,94.117,28.0,1000.5,84.79
1996-09-18T06:00:00,42309099999,LILABARI,27.233,94.117,30.8,998.7,55.27
1996-09-18T09:00:00,42309099999,LILABARI,27.233,94.117,30.0,996.3,79.67
1996-09-19T00:00:00,42309099999,LILABARI,27.233,94.117,25.6,1000.0,96.49
1996-09-19T03:00:00,42309099999,LILABARI,27.233,94.117,27.6,1001.7,85.77
1996-09-19T06:00:00,42309099999,LILABARI,27.233,94.117,31.8,1000.9,71.04
1996-09-19T09:00:00,42309099999,LILABARI,27.233,94.117,29.2,999.5,83.42
1996-09-20T03:00:00,42309099999,LILABARI,27.233,94.117,28.2,1004.9,84.81
1996-09-20T06:00:00,42309099999,LILABARI,27.233,94.117,30.4,1003.3,72.94
1996-09-20T09:00:00,42309099999,LILABARI,27.233,94.117,30.8,1001.0,70.44
1996-09-21T03:00:00,42309099999,LILABARI,27.233,94.117,26.6,1007.4,92.04
1996-09-22T03:00:00,42309099999,LILABARI,27.233,94.117,29.0,1007.6,79.06
1996-09-22T12:00:00,42309099999,LILABARI,27.233,94.117,30.8,1003.3,81.19
1996-09-23T00:00:00,42309099999,LILABARI,27.233,94.117,25.8,1005.7,88.74
1996-09-23T03:00:00,42309099999,LILABARI,27.233,94.117,27.6,1008.6,84.25
1996-09-23T06:00:00,42309099999,LILABARI,27.233,94.117,26.2,1008.3,90.38
1996-09-23T09:00:00,42309099999,LILABARI,27.233,94.117,24.6,1006.1,96.47
1996-09-24T03:00:00,42309099999,LILABARI,27.233,94.117,27.2,1010.1,85.73
1996-09-24T06:00:00,42309099999,LILABARI,27.233,94.117,30.2,1008.8,71.61
1996-09-24T09:00:00,42309099999,LILABARI,27.233,94.117,31.2,1005.7,66.82
1996-09-25T03:00:00,42309099999,LILABARI,27.233,94.117,29.2,,74.95
1996-09-25T06:00:00,42309099999,LILABARI,27.233,94.117,30.4,1079.0,62.75
1996-09-25T09:00:00,42309099999,LILABARI,27.233,94.117,29.6,1005.3,64.51
1996-09-26T03:00:00,42309099999,LILABARI,27.233,94.117,28.0,1006.9,75.66
1996-09-26T06:00:00,42309099999,LILABARI,27.233,94.117,29.6,1005.8,68.54
1996-09-26T09:00:00,42309099999,LILABARI,27.233,94.117,31.6,1002.0,58.6
1996-09-27T00:00:00,42309099999,LILABARI,27.233,94.117,25.6,1006.3,94.78
1996-09-27T03:00:00,42309099999,LILABARI,27.233,94.117,28.2,1007.8,80.38
1996-09-27T06:00:00,42309099999,LILABARI,27.233,94.117,30.0,1006.5,72.87
1996-09-27T09:00:00,42309099999,LILABARI,27.233,94.117,31.0,1004.2,70.9
1996-09-27T12:00:00,42309099999,LILABARI,27.233,94.117,28.6,1002.6,83.36
1996-09-28T03:00:00,42309099999,LILABARI,27.233,94.117,25.0,1010.9,93.07
1996-09-28T06:00:00,42309099999,LILABARI,27.233,94.117,27.4,1009.6,81.25
1996-09-28T09:00:00,42309099999,LILABARI,27.233,94.117,27.6,1007.6,81.27
1996-09-28T12:00:00,42309099999,LILABARI,27.233,94.117,26.4,1007.4,90.4
1996-09-29T03:00:00,42309099999,LILABARI,27.233,94.117,26.0,1010.1,88.76
1996-09-29T06:00:00,42309099999,LILABARI,27.233,94.117,28.6,1009.3,77.6
1996-09-29T15:00:00,42309099999,LILABARI,27.233,94.117,25.0,1002.2,94.76
1996-09-29T18:00:00,42309099999,LILABARI,27.233,94.117,24.8,1007.9,94.75
1996-09-29T21:00:00,42309099999,LILABARI,27.233,94.117,24.8,1007.9,94.75
1996-09-30T00:00:00,42309099999,LILABARI,27.233,94.117,24.4,1008.6,96.46
1996-09-30T03:00:00,42309099999,LILABARI,27.233,94.117,25.6,1009.3,94.78
1996-09-30T06:00:00,42309099999,LILABARI,27.233,94.117,28.6,1007.9,77.6
1996-09-30T15:00:00,42309099999,LILABARI,27.233,94.117,26.2,1007.3,90.38
1996-10-01T03:00:00,42309099999,LILABARI,27.233,94.117,,1011.1,
1996-10-01T06:00:00,42309099999,LILABARI,27.233,94.117,28.6,1009.8,77.6
1996-10-01T09:00:00,42309099999,LILABARI,27.233,94.117,30.0,1006.4,71.57
1996-10-01T12:00:00,42309099999,LILABARI,27.233,94.117,28.4,1007.1,81.86
1996-10-01T21:00:00,42309099999,LILABARI,27.233,94.117,29.6,1011.0,69.8
1996-10-02T00:00:00,42309099999,LILABARI,27.233,94.117,24.0,1009.8,94.72
1996-10-02T03:00:00,42309099999,LILABARI,27.233,94.117,29.6,1011.2,69.8
1996-10-02T06:00:00,42309099999,LILABARI,27.233,94.117,31.6,1008.8,64.93
1996-10-02T09:00:00,42309099999,LILABARI,27.233,94.117,31.2,1006.1,68.44
1996-10-03T00:00:00,42309099999,LILABARI,27.233,94.117,23.0,1010.4,96.43
1996-10-03T03:00:00,42309099999,LILABARI,27.233,94.117,23.4,1011.6,99.4
1996-10-03T06:00:00,42309099999,LILABARI,27.233,94.117,27.0,1009.1,85.2
1996-10-03T12:00:00,42309099999,LILABARI,27.233,94.117,28.6,1004.9,80.43
1996-10-03T15:00:00,42309099999,LILABARI,27.233,94.117,26.2,1007.9,90.38
1996-10-03T18:00:00,42309099999,LILABARI,27.233,94.117,24.4,1007.4,94.74
1996-10-04T00:00:00,42309099999,LILABARI,27.233,94.117,25.8,1008.5,93.11
1996-10-04T03:00:00,42309099999,LILABARI,27.233,94.117,28.2,1008.4,83.31
1996-10-04T06:00:00,42309099999,LILABARI,27.233,94.117,31.2,1006.9,62.16
1996-10-04T09:00:00,42309099999,LILABARI,27.233,94.117,31.8,1003.6,74.92
1996-10-05T00:00:00,42309099999,LILABARI,27.233,94.117,23.4,1004.8,92.98
1996-10-05T03:00:00,42309099999,LILABARI,27.233,94.117,26.6,1006.9,84.14
1996-10-05T06:00:00,42309099999,LILABARI,27.233,94.117,27.6,1005.3,84.25
1996-10-05T09:00:00,42309099999,LILABARI,27.233,94.117,27.8,1002.4,81.3
1996-10-05T12:00:00,42309099999,LILABARI,27.233,94.117,25.8,1003.4,93.11
1996-10-06T00:00:00,42309099999,LILABARI,27.233,94.117,24.4,1003.1,96.46
1996-10-06T03:00:00,42309099999,LILABARI,27.233,94.117,24.8,1005.4,94.75
1996-10-06T06:00:00,42309099999,LILABARI,27.233,94.117,26.2,1004.4,90.38
1996-10-06T09:00:00,42309099999,LILABARI,27.233,94.117,27.6,1002.3,81.27
1996-10-06T15:00:00,42309099999,LILABARI,27.233,94.117,25.8,1005.3,93.11
1996-10-07T03:00:00,42309099999,LILABARI,27.233,94.117,25.8,1009.7,95.93
1996-10-07T06:00:00,42309099999,LILABARI,27.233,94.117,25.2,1009.7,89.77
1996-10-07T09:00:00,42309099999,LILABARI,27.233,94.117,24.8,1008.1,94.75
1996-10-07T12:00:00,42309099999,LILABARI,27.233,94.117,24.0,1009.0,96.45
1996-10-07T15:00:00,42309099999,LILABARI,27.233,94.117,23.8,1011.1,96.45
1996-10-07T18:00:00,42309099999,LILABARI,27.233,94.117,23.6,1011.5,94.7
1996-10-08T03:00:00,42309099999,LILABARI,27.233,94.117,27.0,1013.8,79.74
1996-10-08T06:00:00,42309099999,LILABARI,27.233,94.117,28.0,1012.2,72.96
1996-10-08T09:00:00,42309099999,LILABARI,27.233,94.117,,1009.5,
1996-10-08T15:00:00,42309099999,LILABARI,27.233,94.117,24.2,1011.6,95.3
1996-10-09T03:00:00,42309099999,LILABARI,27.233,94.117,23.2,1013.6,94.69
1996-10-09T06:00:00,42309099999,LILABARI,27.233,94.117,25.6,1012.6,79.07
1996-10-09T09:00:00,42309099999,LILABARI,27.233,94.117,27.2,1009.5,68.5
1996-10-09T12:00:00,42309099999,LILABARI,27.233,94.117,25.6,1008.9,79.07
1996-10-09T15:00:00,42309099999,LILABARI,27.233,94.117,24.0,1011.0,91.34
1996-10-09T18:00:00,42309099999,LILABARI,27.233,94.117,22.6,1011.0,94.67
1996-10-10T00:00:00,42309099999,LILABARI,27.233,94.117,21.4,1011.4,98.18
1996-10-10T03:00:00,42309099999,LILABARI,27.233,94.117,24.2,1013.2,89.7
1996-10-10T09:00:00,42309099999,LILABARI,27.233,94.117,27.4,1009.1,74.2
1996-10-10T12:00:00,42309099999,LILABARI,27.233,94.117,25.6,1009.6,87.14
1996-10-11T03:00:00,42309099999,LILABARI,27.233,94.117,25.6,1014.0,82.01
1996-10-11T06:00:00,42309099999,LILABARI,27.233,94.117,28.0,1012.4,75.66
1996-10-11T09:00:00,42309099999,LILABARI,27.233,94.117,30.0,1009.9,55.08
1996-10-11T12:00:00,42309099999,LILABARI,27.233,94.117,26.2,1009.7,82.58
1996-10-11T15:00:00,42309099999,LILABARI,27.233,94.117,23.4,1012.3,91.3
1996-10-12T00:00:00,42309099999,LILABARI,27.233,94.117,21.0,1011.0,94.6
1996-10-12T03:00:00,42309099999,LILABARI,27.233,94.117,27.4,1015.4,69.81
1996-10-12T06:00:00,42309099999,LILABARI,27.233,94.117,30.2,1013.8,63.86
1996-10-12T09:00:00,42309099999,LILABARI,27.233,94.117,30.6,1011.0,62.79
1996-10-12T12:00:00,42309099999,LILABARI,27.233,94.117,27.0,1011.4,84.18
1996-10-12T15:00:00,42309099999,LILABARI,27.233,94.117,25.4,1013.5,83.5
1996-10-12T18:00:00,42309099999,LILABARI,27.233,94.117,24.6,1013.4,93.05
1996-10-13T00:00:00,42309099999,LILABARI,27.233,94.117,22.4,1015.0,92.93
1996-10-13T03:00:00,42309099999,LILABARI,27.233,94.117,28.4,1016.7,70.42
1996-10-13T06:00:00,42309099999,LILABARI,27.233,94.117,31.0,1015.0,65.59
1996-10-13T09:00:00,42309099999,LILABARI,27.233,94.117,31.2,1011.2,62.16
1996-10-13T12:00:00,42309099999,LILABARI,27.233,94.117,,1011.3,
1996-10-14T03:00:00,42309099999,LILABARI,27.233,94.117,28.4,1014.4,67.9
1996-10-14T06:00:00,42309099999,LILABARI,27.233,94.117,31.0,1012.7,63.26
1996-10-14T09:00:00,42309099999,LILABARI,27.233,94.117,31.4,1009.5,58.55
1996-10-15T03:00:00,42309099999,LILABARI,27.233,94.117,27.4,1013.0,69.81
1996-10-15T06:00:00,42309099999,LILABARI,27.233,94.117,29.6,1010.8,64.51
1996-10-15T09:00:00,42309099999,LILABARI,27.233,94.117,31.0,1008.0,59.54
1996-10-15T12:00:00,42309099999,LILABARI,27.233,94.117,,1008.0,
1996-10-15T15:00:00,42309099999,LILABARI,27.233,94.117,24.0,1009.9,86.46
1996-10-15T18:00:00,42309099999,LILABARI,27.233,94.117,23.0,1010.3,87.98
1996-10-16T00:00:00,42309099999,LILABARI,27.233,94.117,21.4,1011.8,92.31
1996-10-16T03:00:00,42309099999,LILABARI,27.233,94.117,27.2,1013.1,68.5
1996-10-16T06:00:00,42309099999,LILABARI,27.233,94.117,30.4,1011.2,69.11
1996-10-16T09:00:00,42309099999,LILABARI,27.233,94.117,31.0,1008.2,50.11
1996-10-16T12:00:00,42309099999,LILABARI,27.233,94.117,26.6,1008.8,76.37
1996-10-16T15:00:00,42309099999,LILABARI,27.233,94.117,23.4,1011.3,88.01
1996-10-17T03:00:00,42309099999,LILABARI,27.233,94.117,27.6,1014.6,61.75
1996-10-17T06:00:00,42309099999,LILABARI,27.233,94.117,29.2,,53.19
1996-10-17T09:00:00,42309099999,LILABARI,27.233,94.117,31.4,1009.4,51.79
1996-10-18T03:00:00,42309099999,LILABARI,27.233,94.117,28.4,1014.6,57.49
1996-10-18T06:00:00,42309099999,LILABARI,27.233,94.117,30.2,1012.1,
1996-10-18T09:00:00,42309099999,LILABARI,27.233,94.117,32.6,1009.3,44.09
1996-10-19T03:00:00,42309099999,LILABARI,27.233,94.117,28.6,1014.4,60.09
1996-10-19T06:00:00,42309099999,LILABARI,27.233,94.117,29.8,1011.9,56.06
1996-10-19T09:00:00,42309099999,LILABARI,27.233,94.117,31.0,1008.6,49.49
1996-10-20T03:00:00,42309099999,LILABARI,27.233,94.117,26.0,1013.6,70.41
1996-10-20T06:00:00,42309099999,LILABARI,27.233,94.117,29.6,1011.1,58.49
1996-10-20T09:00:00,42309099999,LILABARI,27.233,94.117,30.8,1008.3,54.6
1996-10-21T00:00:00,42309099999,LILABARI,27.233,94.117,19.4,1011.5,96.33
1996-10-21T03:00:00,42309099999,LILABARI,27.233,94.117,28.2,1012.7,59.62
1996-10-21T09:00:00,42309099999,LILABARI,27.233,94.117,32.0,1007.7,54.56
1996-10-21T12:00:00,42309099999,LILABARI,27.233,94.117,26.0,1008.5,79.12
1996-10-21T15:00:00,42309099999,LILABARI,27.233,94.117,23.2,1010.7,89.63
1996-10-21T18:00:00,42309099999,LILABARI,27.233,94.117,21.4,1010.2,90.61
1996-10-22T00:00:00,42309099999,LILABARI,27.233,94.117,19.8,1010.9,93.97
1996-10-22T03:00:00,42309099999,LILABARI,27.233,94.117,26.4,1012.7,69.19
1996-10-22T06:00:00,42309099999,LILABARI,27.233,94.117,29.6,1010.7,60.69
1996-10-22T09:00:00,42309099999,LILABARI,27.233,94.117,30.2,1007.8,55.13
1996-10-22T12:00:00,42309099999,LILABARI,27.233,94.117,29.6,1010.7,60.69
1996-10-23T00:00:00,42309099999,LILABARI,27.233,94.117,20.0,1013.5,93.97
1996-10-23T03:00:00,42309099999,LILABARI,27.233,94.117,27.0,1014.7,69.74
1996-10-23T06:00:00,42309099999,LILABARI,27.233,94.117,30.0,1012.1,58.58
1996-10-23T09:00:00,42309099999,LILABARI,27.233,94.117,30.8,1009.5,50.06
1996-10-24T00:00:00,42309099999,LILABARI,27.233,94.117,19.2,1013.1,93.94
1996-10-24T03:00:00,42309099999,LILABARI,27.233,94.117,27.4,1014.9,67.29
1996-10-24T06:00:00,42309099999,LILABARI,27.233,94.117,30.6,1012.7,55.57
1996-10-24T09:00:00,42309099999,LILABARI,27.233,94.117,31.2,1010.2,49.24
1996-10-24T15:00:00,42309099999,LILABARI,27.233,94.117,24.4,1011.7,88.09
1996-10-25T00:00:00,42309099999,LILABARI,27.233,94.117,21.8,,
1996-10-25T06:00:00,42309099999,LILABARI,27.233,94.117,31.0,1014.0,57.04
1996-10-25T12:00:00,42309099999,LILABARI,27.233,94.117,27.0,1009.7,75.5
1996-10-26T03:00:00,42309099999,LILABARI,27.233,94.117,28.0,1012.5,67.41
1996-10-26T06:00:00,42309099999,LILABARI,27.233,94.117,31.2,1011.1,52.71
1996-10-26T09:00:00,42309099999,LILABARI,27.233,94.117,32.4,1007.5,44.03
1996-10-26T15:00:00,42309099999,LILABARI,27.233,94.117,23.0,1009.7,87.98
1996-10-27T03:00:00,42309099999,LILABARI,27.233,94.117,27.0,1011.1,66.79
1996-10-27T06:00:00,42309099999,LILABARI,27.233,94.117,29.8,1010.0,59.62
1996-10-27T09:00:00,42309099999,LILABARI,27.233,94.117,29.4,1008.1,59.53
1996-10-27T12:00:00,42309099999,LILABARI,27.233,94.117,26.0,1008.8,84.07
1996-10-27T15:00:00,42309099999,LILABARI,27.233,94.117,24.0,1011.3,93.02
1996-10-28T00:00:00,42309099999,LILABARI,27.233,94.117,22.6,1012.4,96.42
1996-10-28T06:00:00,42309099999,LILABARI,27.233,94.117,24.6,1013.7,84.95
1996-10-28T09:00:00,42309099999,LILABARI,27.233,94.117,23.8,1012.2,89.67
1996-10-28T12:00:00,42309099999,LILABARI,27.233,94.117,23.4,1012.5,92.98
1996-10-28T15:00:00,42309099999,LILABARI,27.233,94.117,23.0,1014.0,89.06
1996-10-29T00:00:00,42309099999,LILABARI,27.233,94.117,20.6,1011.6,100.0
1996-10-29T06:00:00,42309099999,LILABARI,27.233,94.117,20.0,1012.5,100.0
1996-10-29T09:00:00,42309099999,LILABARI,27.233,94.117,19.5,1009.4,98.76
1996-10-29T12:00:00,42309099999,LILABARI,27.233,94.117,19.6,1009.9,98.15
1996-10-29T18:00:00,42309099999,LILABARI,27.233,94.117,19.6,1010.6,96.33
1996-10-30T00:00:00,42309099999,LILABARI,27.233,94.117,19.8,1010.3,98.77
1996-10-30T03:00:00,42309099999,LILABARI,27.233,94.117,20.4,1012.0,98.16
1996-10-30T06:00:00,42309099999,LILABARI,27.233,94.117,21.4,1010.3,62.32
1996-10-30T09:00:00,42309099999,LILABARI,27.233,94.117,21.4,1008.3,96.38
1996-10-30T12:00:00,42309099999,LILABARI,27.233,94.117,21.0,1009.1,96.37
1996-10-31T00:00:00,42309099999,LILABARI,27.233,94.117,21.0,1009.4,98.17
1996-10-31T03:00:00,42309099999,LILABARI,27.233,94.117,23.6,1011.1,86.42
1996-10-31T06:00:00,42309099999,LILABARI,27.233,94.117,26.2,1009.6,71.76
1996-10-31T15:00:00,42309099999,LILABARI,27.233,94.117,,1010.6,
1996-10-31T18:00:00,42309099999,LILABARI,27.233,94.117,21.0,1011.6,92.86
1996-11-01T00:00:00,42309099999,LILABARI,27.233,94.117,19.0,1011.4,96.32
1996-11-01T03:00:00,42309099999,LILABARI,27.233,94.117,26.6,1013.3,72.28
1996-11-01T06:00:00,42309099999,LILABARI,27.233,94.117,28.0,1009.9,63.39
1996-11-01T09:00:00,42309099999,LILABARI,27.233,94.117,29.2,1007.1,61.72
1996-11-01T12:00:00,42309099999,LILABARI,27.233,94.117,25.0,1007.0,83.45
1996-11-02T03:00:00,42309099999,LILABARI,27.233,94.117,25.6,1010.9,64.46
1996-11-02T06:00:00,42309099999,LILABARI,27.233,94.117,28.6,1008.5,60.09
1996-11-02T09:00:00,42309099999,LILABARI,27.233,94.117,30.0,1006.0,57.51
1996-11-03T03:00:00,42309099999,LILABARI,27.233,94.117,27.2,1010.2,61.28
1996-11-03T06:00:00,42309099999,LILABARI,27.233,94.117,29.2,1008.0,60.6
1996-11-03T09:00:00,42309099999,LILABARI,27.233,94.117,30.2,1005.9,54.45
1996-11-04T00:00:00,42309099999,LILABARI,27.233,94.117,17.8,1014.2,92.1
1996-11-04T03:00:00,42309099999,LILABARI,27.233,94.117,24.6,1011.3,71.03
1996-11-04T06:00:00,42309099999,LILABARI,27.233,94.117,30.0,1008.6,46.81
1996-11-04T09:00:00,42309099999,LILABARI,27.233,94.117,31.8,1006.0,46.7
1996-11-05T00:00:00,42309099999,LILABARI,27.233,94.117,18.2,1009.2,93.89
1996-11-05T03:00:00,42309099999,LILABARI,27.233,94.117,25.0,1010.2,65.15
1996-11-05T06:00:00,42309099999,LILABARI,27.233,94.117,29.0,1008.4,51.83
1996-11-06T00:00:00,42309099999,LILABARI,27.233,94.117,18.2,1009.2,95.69
1996-11-06T03:00:00,42309099999,LILABARI,27.233,94.117,26.8,1010.6,61.19
1996-11-06T06:00:00,42309099999,LILABARI,27.233,94.117,30.4,1009.5,54.16
1996-11-06T09:00:00,42309099999,LILABARI,27.233,94.117,30.0,,
1996-11-06T12:00:00,42309099999,LILABARI,27.233,94.117,25.6,1007.4,79.07
1996-11-07T03:00:00,42309099999,LILABARI,27.233,94.117,25.8,1012.6,62.91
1996-11-07T06:00:00,42309099999,LILABARI,27.233,94.117,30.6,1011.0,53.22
1996-11-07T09:00:00,42309099999,LILABARI,27.233,94.117,32.2,1008.4,50.11
1996-11-08T00:00:00,42309099999,LILABARI,27.233,94.117,19.4,1013.3,92.2
1996-11-08T03:00:00,42309099999,LILABARI,27.233,94.117,26.4,1015.2,73.59
1996-11-08T06:00:00,42309099999,LILABARI,27.233,94.117,30.0,1012.8,55.08
1996-11-08T09:00:00,42309099999,LILABARI,27.233,94.117,30.0,1010.6,60.04
1996-11-08T18:00:00,42309099999,LILABARI,27.233,94.117,21.4,1011.9,92.88
1996-11-09T00:00:00,42309099999,LILABARI,27.233,94.117,20.2,1012.2,96.35
1996-11-09T03:00:00,42309099999,LILABARI,27.233,94.117,26.0,1013.9,73.07
1996-11-09T06:00:00,42309099999,LILABARI,27.233,94.117,28.0,1012.1,62.22
1996-11-09T09:00:00,42309099999,LILABARI,27.233,94.117,28.0,1009.8,66.18
1996-11-09T12:00:00,42309099999,LILABARI,27.233,94.117,24.6,1009.9,86.52
1996-11-10T06:00:00,42309099999,LILABARI,27.233,94.117,24.4,1011.9,81.86
1996-11-10T09:00:00,42309099999,LILABARI,27.233,94.117,24.8,1009.2,77.03
1996-11-11T03:00:00,42309099999,LILABARI,27.233,94.117,22.0,1013.6,88.99
1996-11-11T09:00:00,42309099999,LILABARI,27.233,94.117,27.8,1009.3,60.65
1996-11-12T00:00:00,42309099999,LILABARI,27.233,94.117,18.6,1013.2,98.14
1996-11-12T03:00:00,42309099999,LILABARI,27.233,94.117,23.6,1013.3,81.26
1996-11-12T06:00:00,42309099999,LILABARI,27.233,94.117,27.4,1011.7,67.29
1996-11-12T09:00:00,42309099999,LILABARI,27.233,94.117,28.2,1008.7,58.52
1996-11-13T03:00:00,42309099999,LILABARI,27.233,94.117,25.0,1012.7,77.06
1996-11-13T06:00:00,42309099999,LILABARI,27.233,94.117,26.4,1011.6,69.19
1996-11-13T09:00:00,42309099999,LILABARI,27.233,94.117,26.6,1009.3,66.71
1996-11-13T12:00:00,42309099999,LILABARI,27.233,94.117,24.0,1010.2,78.35
1996-11-14T00:00:00,42309099999,LILABARI,27.233,94.117,18.0,1013.4,93.88
1996-11-14T03:00:00,42309099999,LILABARI,27.233,94.117,24.2,1016.5,66.22
1996-11-14T06:00:00,42309099999,LILABARI,27.233,94.117,26.6,1015.1,65.08
1996-11-14T09:00:00,42309099999,LILABARI,27.233,94.117,27.8,1012.7,59.53
1996-11-15T03:00:00,42309099999,LILABARI,27.233,94.117,24.0,1018.5,72.27
1996-11-15T06:00:00,42309099999,LILABARI,27.233,94.117,27.2,1016.7,60.14
1996-11-15T09:00:00,42309099999,LILABARI,27.233,94.117,27.6,1014.1,56.58
1996-11-15T12:00:00,42309099999,LILABARI,27.233,94.117,24.2,1014.4,81.34
1996-11-15T15:00:00,42309099999,LILABARI,27.233,94.117,21.8,1016.1,91.2
1996-11-16T00:00:00,42309099999,LILABARI,27.233,94.117,29.6,1015.6,52.96
1996-11-16T03:00:00,42309099999,LILABARI,27.233,94.117,23.0,1017.1,81.19
1996-11-16T06:00:00,42309099999,LILABARI,27.233,94.117,25.2,1015.5,87.63
1996-11-16T09:00:00,42309099999,LILABARI,27.233,94.117,26.0,1013.6,87.17
1996-11-17T00:00:00,42309099999,LILABARI,27.233,94.117,19.6,1016.1,96.33
1996-11-17T03:00:00,42309099999,LILABARI,27.233,94.117,22.4,1018.0,85.78
1996-11-17T06:00:00,42309099999,LILABARI,27.233,94.117,27.0,1015.8,76.89
1996-11-17T12:00:00,42309099999,LILABARI,27.233,94.117,24.0,1015.8,94.72
1996-11-18T00:00:00,42309099999,LILABARI,27.233,94.117,16.6,1016.9,93.82
1996-11-18T03:00:00,42309099999,LILABARI,27.233,94.117,24.0,1019.4,83.34
1996-11-18T06:00:00,42309099999,LILABARI,27.233,94.117,26.8,1017.2,73.65
1996-11-19T00:00:00,42309099999,LILABARI,27.233,94.117,16.8,1017.7,95.64
1996-11-19T03:00:00,42309099999,LILABARI,27.233,94.117,23.6,1019.4,66.94
1996-11-19T06:00:00,42309099999,LILABARI,27.233,94.117,27.4,1017.1,51.42
1996-11-19T09:00:00,42309099999,LILABARI,27.233,94.117,29.2,1014.7,44.85
1996-11-19T12:00:00,42309099999,LILABARI,27.233,94.117,23.0,1015.8,77.72
1996-11-20T00:00:00,42309099999,LILABARI,27.233,94.117,15.8,1017.7,95.61
1996-11-20T03:00:00,42309099999,LILABARI,27.233,94.117,23.2,1019.1,68.57
1996-11-20T06:00:00,42309099999,LILABARI,27.233,94.117,26.2,1016.8,56.24
1996-11-20T09:00:00,42309099999,LILABARI,27.233,94.117,28.4,1014.4,50.7
1996-11-21T09:00:00,42309099999,LILABARI,27.233,94.117,27.0,1012.0,45.71
1996-11-22T00:00:00,42309099999,LILABARI,27.233,94.117,18.8,1013.8,92.16
1996-11-22T03:00:00,42309099999,LILABARI,27.233,94.117,20.8,1016.4,83.49
1996-11-22T06:00:00,42309099999,LILABARI,27.233,94.117,22.6,1015.2,68.02
1996-11-22T09:00:00,42309099999,LILABARI,27.233,94.117,23.6,1012.9,70.4
1996-11-23T00:00:00,42309099999,LILABARI,27.233,94.117,18.2,1014.4,93.89
1996-11-23T03:00:00,42309099999,LILABARI,27.233,94.117,20.8,1016.2,83.49
1996-11-23T06:00:00,42309099999,LILABARI,27.233,94.117,23.0,1014.2,77.72
1996-11-23T09:00:00,42309099999,LILABARI,27.233,94.117,23.4,1011.8,71.71
1996-11-24T03:00:00,42309099999,LILABARI,27.233,94.117,20.6,1015.3,87.22
1996-11-24T06:00:00,42309099999,LILABARI,27.233,94.117,23.8,1012.9,64.07
1996-11-24T09:00:00,42309099999,LILABARI,27.233,94.117,24.6,1010.6,55.13
1996-11-25T00:00:00,42309099999,LILABARI,27.233,94.117,16.4,1014.3,95.63
1996-11-25T03:00:00,42309099999,LILABARI,27.233,94.117,16.4,1017.1,91.43
1996-11-25T06:00:00,42309099999,LILABARI,27.233,94.117,17.0,1016.0,89.73
1996-11-25T09:00:00,42309099999,LILABARI,27.233,94.117,19.8,1013.6,74.32
1996-11-25T12:00:00,42309099999,LILABARI,27.233,94.117,17.2,1013.5,96.27
1996-11-26T00:00:00,42309099999,LILABARI,27.233,94.117,13.8,1016.0,97.43
1996-11-26T03:00:00,42309099999,LILABARI,27.233,94.117,19.8,1017.6,72.43
1996-11-26T06:00:00,42309099999,LILABARI,27.233,94.117,23.4,1015.1,60.79
1996-11-26T09:00:00,42309099999,LILABARI,27.233,94.117,24.4,1012.3,60.25
1996-11-26T12:00:00,42309099999,LILABARI,27.233,94.117,20.0,1013.4,85.0
1996-11-27T00:00:00,42309099999,LILABARI,27.233,94.117,14.0,1015.4,97.44
1996-11-27T06:00:00,42309099999,LILABARI,27.233,94.117,24.2,1014.1,58.69
1996-11-27T09:00:00,42309099999,LILABARI,27.233,94.117,25.6,1011.7,54.68
1996-11-28T00:00:00,42309099999,LILABARI,27.233,94.117,13.2,1013.2,95.52
1996-11-28T06:00:00,42309099999,LILABARI,27.233,94.117,24.4,1013.4,54.73
1996-11-28T09:00:00,42309099999,LILABARI,27.233,94.117,25.4,1011.0,51.89
1996-11-29T03:00:00,42309099999,LILABARI,27.233,94.117,21.0,1015.3,69.91
1996-11-29T06:00:00,42309099999,LILABARI,27.233,94.117,25.0,1013.4,52.46
1996-11-30T00:00:00,42309099999,LILABARI,27.233,94.117,12.0,1014.2,94.85
1996-11-30T06:00:00,42309099999,LILABARI,27.233,94.117,24.4,1015.0,46.51
1996-11-30T09:00:00,42309099999,LILABARI,27.233,94.117,26.0,1012.2,42.0
1996-11-30T12:00:00,42309099999,LILABARI,27.233,94.117,18.8,1012.2,77.09
1996-12-01T00:00:00,42309099999,LILABARI,27.233,94.117,9.8,1015.1,94.76
1996-12-01T03:00:00,42309099999,LILABARI,27.233,94.117,18.4,1016.6,64.14
1996-12-01T06:00:00,42309099999,LILABARI,27.233,94.117,24.4,1014.4,38.61
1996-12-01T09:00:00,42309099999,LILABARI,27.233,94.117,27.6,1012.1,40.55
1996-12-02T00:00:00,42309099999,LILABARI,27.233,94.117,10.4,1015.6,94.79
1996-12-02T03:00:00,42309099999,LILABARI,27.233,94.117,19.0,1016.6,71.82
1996-12-02T06:00:00,42309099999,LILABARI,27.233,94.117,24.6,1014.3,44.17
1996-12-02T09:00:00,42309099999,LILABARI,27.233,94.117,25.4,1012.2,41.29
1996-12-03T00:00:00,42309099999,LILABARI,27.233,94.117,10.4,1015.8,94.79
1996-12-03T03:00:00,42309099999,LILABARI,27.233,94.117,20.4,1017.7,64.16
1996-12-03T06:00:00,42309099999,LILABARI,27.233,94.117,25.2,1015.4,40.96
1996-12-03T12:00:00,42309099999,LILABARI,27.233,94.117,20.0,1013.3,60.4
1996-12-04T03:00:00,42309099999,LILABARI,27.233,94.117,20.4,1016.7,67.58
1996-12-04T06:00:00,42309099999,LILABARI,27.233,94.117,24.6,1015.1,41.34
1996-12-04T09:00:00,42309099999,LILABARI,27.233,94.117,26.4,1012.6,42.67
1996-12-04T15:00:00,42309099999,LILABARI,27.233,94.117,15.4,1013.9,87.3
1996-12-04T18:00:00,42309099999,LILABARI,27.233,94.117,13.4,1015.3,93.06
1996-12-05T00:00:00,42309099999,LILABARI,27.233,94.117,11.0,1015.1,92.31
1996-12-05T03:00:00,42309099999,LILABARI,27.233,94.117,21.6,1015.9,64.0
1996-12-05T06:00:00,42309099999,LILABARI,27.233,94.117,26.0,1012.9,42.0
1996-12-05T09:00:00,42309099999,LILABARI,27.233,94.117,26.6,1010.3,33.42
1996-12-05T12:00:00,42309099999,LILABARI,27.233,94.117,20.0,1010.7,63.65
1996-12-06T06:00:00,42309099999,LILABARI,27.233,94.117,25.2,1014.5,43.47
1996-12-07T00:00:00,42309099999,LILABARI,27.233,94.117,12.0,1015.7,92.98
1996-12-07T03:00:00,42309099999,LILABARI,27.233,94.117,21.8,1017.7,64.05
1996-12-07T06:00:00,42309099999,LILABARI,27.233,94.117,25.0,1015.5,48.53
1996-12-07T09:00:00,42309099999,LILABARI,27.233,94.117,26.8,1012.5,48.08
1996-12-07T12:00:00,42309099999,LILABARI,27.233,94.117,19.6,1013.1,75.74
1996-12-08T03:00:00,42309099999,LILABARI,27.233,94.117,20.4,1017.1,69.35
1996-12-08T06:00:00,42309099999,LILABARI,27.233,94.117,26.0,1014.4,44.56
1996-12-08T09:00:00,42309099999,LILABARI,27.233,94.117,25.6,1011.3,48.07
1996-12-09T00:00:00,42309099999,LILABARI,27.233,94.117,11.2,1014.7,94.82
1996-12-09T03:00:00,42309099999,LILABARI,27.233,94.117,18.2,1016.7,71.21
1996-12-09T06:00:00,42309099999,LILABARI,27.233,94.117,,1014.6,
1996-12-09T09:00:00,42309099999,LILABARI,27.233,94.117,25.2,1011.6,50.19
1996-12-09T12:00:00,42309099999,LILABARI,27.233,94.117,19.2,1011.7,79.15
1996-12-09T15:00:00,42309099999,LILABARI,27.233,94.117,16.0,1013.2,89.65
1996-12-10T03:00:00,42309099999,LILABARI,27.233,94.117,21.4,1017.0,58.78
1996-12-10T06:00:00,42309099999,LILABARI,27.233,94.117,24.2,1015.2,50.25
1996-12-10T09:00:00,42309099999,LILABARI,27.233,94.117,25.2,1012.4,48.9
1996-12-10T18:00:00,42309099999,LILABARI,27.233,94.117,14.4,1014.9,90.71
1996-12-11T00:00:00,42309099999,LILABARI,27.233,94.117,12.0,1016.0,94.85
1996-12-11T03:00:00,42309099999,LILABARI,27.233,94.117,21.0,,64.71
1996-12-11T06:00:00,42309099999,LILABARI,27.233,94.117,25.4,1015.7,51.89
1996-12-11T09:00:00,42309099999,LILABARI,27.233,94.117,25.8,1012.6,45.68
1996-12-11T10:00:00,42309099999,LILABARI,27.233,94.117,25.4,1015.7,51.89
1996-12-11T12:00:00,42309099999,LILABARI,27.233,94.117,20.4,1013.2,76.35
1996-12-11T15:00:00,42309099999,LILABARI,27.233,94.117,17.0,1014.3,89.73
1996-12-12T00:00:00,42309099999,LILABARI,27.233,94.117,,1016.2,
1996-12-12T03:00:00,42309099999,LILABARI,27.233,94.117,21.2,1018.7,66.87
1996-12-12T06:00:00,42309099999,LILABARI,27.233,94.117,25.6,1016.7,54.68
1996-12-12T09:00:00,42309099999,LILABARI,27.233,94.117,25.4,1013.5,51.89
1996-12-12T12:00:00,42309099999,LILABARI,27.233,94.117,18.8,1013.9,80.64
1996-12-13T09:00:00,42309099999,LILABARI,27.233,94.117,26.0,1013.1,48.49
1996-12-14T00:00:00,42309099999,LILABARI,27.233,94.117,11.4,1013.9,94.83
1996-12-14T03:00:00,42309099999,LILABARI,27.233,94.117,19.6,1016.2,72.4
1996-12-14T06:00:00,42309099999,LILABARI,27.233,94.117,23.6,1013.5,59.68
1996-12-14T09:00:00,42309099999,LILABARI,27.233,94.117,26.2,1010.7,57.32
1996-12-15T03:00:00,42309099999,LILABARI,27.233,94.117,19.4,1015.2,81.23
1996-12-15T06:00:00,42309099999,LILABARI,27.233,94.117,22.0,1013.8,64.09
1996-12-15T09:00:00,42309099999,LILABARI,27.233,94.117,22.6,1011.1,54.27
1996-12-15T12:00:00,42309099999,LILABARI,27.233,94.117,19.0,1012.4,77.12
1996-12-15T15:00:00,42309099999,LILABARI,27.233,94.117,17.4,1013.7,89.76
1996-12-16T00:00:00,42309099999,LILABARI,27.233,94.117,13.6,1015.7,95.54
1996-12-16T03:00:00,42309099999,LILABARI,27.233,94.117,19.0,1018.0,75.15
1996-12-16T06:00:00,42309099999,LILABARI,27.233,94.117,23.4,1015.9,57.75
1996-12-16T09:00:00,42309099999,LILABARI,27.233,94.117,26.2,1013.6,44.9
1996-12-17T00:00:00,42309099999,LILABARI,27.233,94.117,11.6,1017.9,97.39
1996-12-17T03:00:00,42309099999,LILABARI,27.233,94.117,18.6,1019.8,77.06
1996-12-17T06:00:00,42309099999,LILABARI,27.233,94.117,23.6,1017.2,56.69
1996-12-17T09:00:00,42309099999,LILABARI,27.233,94.117,24.4,1014.2,53.33
1996-12-17T12:00:00,42309099999,LILABARI,27.233,94.117,18.8,1014.9,79.1
1996-12-18T09:00:00,42309099999,LILABARI,27.233,94.117,24.4,1014.0,49.33
1996-12-19T00:00:00,42309099999,LILABARI,27.233,94.117,10.4,1018.3,94.79
1996-12-19T03:00:00,42309099999,LILABARI,27.233,94.117,19.4,1021.2,59.86
1996-12-19T06:00:00,42309099999,LILABARI,27.233,94.117,25.0,1019.1,65.56
1996-12-19T09:00:00,42309099999,LILABARI,27.233,94.117,24.8,1016.0,44.23
1996-12-20T00:00:00,42309099999,LILABARI,27.233,94.117,10.0,1020.4,88.58
1996-12-20T03:00:00,42309099999,LILABARI,27.233,94.117,21.0,1021.6,56.78
1996-12-20T06:00:00,42309099999,LILABARI,27.233,94.117,21.2,1018.8,52.16
1996-12-21T00:00:00,42309099999,LILABARI,27.233,94.117,10.4,1019.7,92.27
1996-12-21T03:00:00,42309099999,LILABARI,27.233,94.117,19.2,1021.5,61.41
1996-12-21T09:00:00,42309099999,LILABARI,27.233,94.117,24.6,1016.0,45.35
1996-12-21T12:00:00,42309099999,LILABARI,27.233,94.117,17.8,1016.9,74.47
1996-12-21T15:00:00,42309099999,LILABARI,27.233,94.117,,1018.0,
1996-12-21T18:00:00,42309099999,LILABARI,27.233,94.117,12.0,1018.2,92.98
1996-12-22T00:00:00,42309099999,LILABARI,27.233,94.117,10.0,1018.1,92.25
1996-12-22T03:00:00,42309099999,LILABARI,27.233,94.117,16.4,1020.9,75.21
1996-12-22T09:00:00,42309099999,LILABARI,27.233,94.117,24.4,1015.4,46.51
1996-12-22T15:00:00,42309099999,LILABARI,27.233,94.117,14.0,1017.7,88.91
1996-12-22T18:00:00,42309099999,LILABARI,27.233,94.117,11.8,1017.6,89.92
1996-12-23T00:00:00,42309099999,LILABARI,27.233,94.117,9.2,1018.0,97.34
1996-12-23T03:00:00,42309099999,LILABARI,27.233,94.117,17.0,1020.3,75.81
1996-12-23T15:00:00,42309099999,LILABARI,27.233,94.117,13.4,1018.4,88.28
1996-12-24T00:00:00,42309099999,LILABARI,27.233,94.117,9.2,1017.6,94.74
1996-12-24T03:00:00,42309099999,LILABARI,27.233,94.117,28.4,1019.3,35.07
1996-12-24T09:00:00,42309099999,LILABARI,27.233,94.117,25.4,1014.6,45.27
1996-12-24T12:00:00,42309099999,LILABARI,27.233,94.117,17.0,1015.5,77.82
1996-12-25T00:00:00,42309099999,LILABARI,27.233,94.117,9.6,1018.4,92.23
1996-12-25T03:00:00,42309099999,LILABARI,27.233,94.117,16.8,1020.2,65.95
1996-12-25T06:00:00,42309099999,LILABARI,27.233,94.117,22.0,1018.3,53.41
1996-12-25T09:00:00,42309099999,LILABARI,27.233,94.117,25.0,1015.5,47.28
1996-12-26T00:00:00,42309099999,LILABARI,27.233,94.117,10.0,1017.1,94.77
1996-12-26T03:00:00,42309099999,LILABARI,27.233,94.117,17.0,1018.8,71.93
1996-12-26T09:00:00,42309099999,LILABARI,27.233,94.117,24.4,1014.1,46.51
1996-12-26T15:00:00,42309099999,LILABARI,27.233,94.117,14.6,1017.0,85.53
1996-12-27T00:00:00,42309099999,LILABARI,27.233,94.117,9.2,1017.1,94.74
1996-12-27T03:00:00,42309099999,LILABARI,27.233,94.117,17.6,1018.6,74.43
1996-12-27T06:00:00,42309099999,LILABARI,27.233,94.117,23.6,1016.5,51.09
1996-12-27T09:00:00,42309099999,LILABARI,27.233,94.117,24.4,1014.5,45.0
1996-12-27T12:00:00,42309099999,LILABARI,27.233,94.117,20.0,1015.2,72.47
1996-12-27T15:00:00,42309099999,LILABARI,27.233,94.117,16.0,1017.8,89.65
1996-12-28T03:00:00,42309099999,LILABARI,27.233,94.117,17.0,1019.8,79.87
1996-12-28T09:00:00,42309099999,LILABARI,27.233,94.117,23.6,1014.9,51.09
1996-12-28T12:00:00,42309099999,LILABARI,27.233,94.117,17.8,1016.7,79.98
1996-12-29T00:00:00,42309099999,LILABARI,27.233,94.117,10.0,1018.4,92.25
1996-12-29T03:00:00,42309099999,LILABARI,27.233,94.117,17.0,1019.7,77.82
1996-12-29T06:00:00,42309099999,LILABARI,27.233,94.117,22.4,1017.3,56.76
1996-12-29T09:00:00,42309099999,LILABARI,27.233,94.117,24.2,1014.9,46.15
1996-12-30T00:00:00,42309099999,LILABARI,27.233,94.117,9.4,1018.5,97.34
1996-12-30T03:00:00,42309099999,LILABARI,27.233,94.117,16.8,1020.2,75.77
1996-12-30T09:00:00,42309099999,LILABARI,27.233,94.117,25.6,1015.5,40.26
1996-12-30T12:00:00,42309099999,LILABARI,27.233,94.117,18.2,1017.2,69.37
1996-12-30T15:00:00,42309099999,LILABARI,27.233,94.117,14.8,1020.0,86.68
1996-12-31T00:00:00,42309099999,LILABARI,27.233,94.117,9.4,1020.1,94.75
1996-12-31T06:00:00,42309099999,LILABARI,27.233,94.117,24.0,1018.9,50.2
1996-12-31T09:00:00,42309099999,LILABARI,27.233,94.117,25.4,1016.2,48.96
1996-12-31T12:00:00,42309099999,LILABARI,27.233,94.117,18.4,1017.7,73.13
1996-12-31T15:00:00,42309099999,LILABARI,27.233,94.117,14.2,1020.5,94.94
