timestamp,station_id,station_name,latitude,longitude,temperature,pressure,humidity
2010-01-01T00:00:00,42309099999,LILABARI,27.295,94.098,11.2,1014.8,97.38
2010-01-01T03:00:00,42309099999,LILABARI,27.295,94.098,16.0,1017.6,85.12
2010-01-01T06:00:00,42309099999,LILABARI,27.295,94.098,22.0,1016.0,65.76
2010-01-01T09:00:00,42309099999,LILABARI,27.295,94.098,24.0,1013.5,64.52
2010-01-01T12:00:00,42309099999,LILABARI,27.295,94.098,16.4,1014.2,93.81
2010-01-01T15:00:00,42309099999,LILABARI,27.295,94.098,12.4,1016.8,97.4
2010-01-01T18:00:00,42309099999,LILABARI,27.295,94.098,11.0,1017.2,97.38
2010-01-02T00:00:00,42309099999,LILABARI,27.295,94.098,8.8,1016.7,97.33
2010-01-02T03:00:00,42309099999,LILABARI,27.295,94.098,17.4,1018.9,72.47
2010-01-02T06:00:00,42309099999,LILABARI,27.295,94.098,23.6,1016.8,61.23
2010-01-02T09:00:00,42309099999,LILABARI,27.295,94.098,24.6,1014.2,63.44
2010-01-02T12:00:00,42309099999,LILABARI,27.295,94.098,17.6,1015.3,95.67
2010-01-02T15:00:00,42309099999,LILABARI,27.295,94.098,13.2,1017.4,97.42
2010-01-02T18:00:00,42309099999,LILABARI,27.295,94.098,11.8,1017.5,97.39
2010-01-03T00:00:00,42309099999,LILABARI,27.295,94.098,8.8,1016.7,97.33
2010-01-03T03:00:00,42309099999,LILABARI,27.295,94.098,17.4,1018.0,74.4
2010-01-03T06:00:00,42309099999,LILABARI,27.295,94.098,22.2,1015.1,64.55
2010-01-03T09:00:00,42309099999,LILABARI,27.295,94.098,24.6,1012.1,53.38
2010-01-03T12:00:00,42309099999,LILABARI,27.295,94.098,17.0,1012.2,93.84
2010-01-03T15:00:00,42309099999,LILABARI,27.295,94.098,13.0,1013.3,95.52
2010-01-03T18:00:00,42309099999,LILABARI,27.295,94.098,11.6,1013.6,97.39
2010-01-04T00:00:00,42309099999,LILABARI,27.295,94.098,7.4,1014.0,97.3
2010-01-04T03:00:00,42309099999,LILABARI,27.295,94.098,15.6,1014.3,82.88
2010-01-04T06:00:00,42309099999,LILABARI,27.295,94.098,22.6,1011.0,66.31
2010-01-04T09:00:00,42309099999,LILABARI,27.295,94.098,24.2,1007.9,66.22
2010-01-04T12:00:00,42309099999,LILABARI,27.295,94.098,16.6,1008.2,93.82
2010-01-04T15:00:00,42309099999,LILABARI,27.295,94.098,13.2,1011.6,97.42
2010-01-04T18:00:00,42309099999,LILABARI,27.295,94.098,11.4,1011.0,97.38
2010-01-05T00:00:00,42309099999,LILABARI,27.295,94.098,8.4,1012.4,97.32
2010-01-05T03:00:00,42309099999,LILABARI,27.295,94.098,15.4,1014.6,80.7
2010-01-05T06:00:00,42309099999,LILABARI,27.295,94.098,22.6,1012.9,61.79
2010-01-05T09:00:00,42309099999,LILABARI,27.295,94.098,24.4,1009.8,63.39
2010-01-05T12:00:00,42309099999,LILABARI,27.295,94.098,17.6,1010.2,93.87
2010-01-05T15:00:00,42309099999,LILABARI,27.295,94.098,12.4,1012.2,95.5
2010-01-05T18:00:00,42309099999,LILABARI,27.295,94.098,11.0,1012.7,97.38
2010-01-06T00:00:00,42309099999,LILABARI,27.295,94.098,7.6,,97.31
2010-01-06T03:00:00,42309099999,LILABARI,27.295,94.098,14.0,1015.1,73.32
2010-01-06T06:00:00,42309099999,LILABARI,27.295,94.098,23.2,1013.6,57.7
2010-01-06T09:00:00,42309099999,LILABARI,27.295,94.098,25.2,1011.7,55.64
2010-01-06T12:00:00,42309099999,LILABARI,27.295,94.098,17.6,1012.5,92.09
2010-01-06T15:00:00,42309099999,LILABARI,27.295,94.098,12.2,1014.6,94.86
2010-01-06T18:00:00,42309099999,LILABARI,27.295,94.098,11.4,1014.8,97.38
2010-01-07T00:00:00,42309099999,LILABARI,27.295,94.098,8.0,1016.2,97.31
2010-01-07T03:00:00,42309099999,LILABARI,27.295,94.098,15.6,1019.2,80.73
2010-01-07T06:00:00,42309099999,LILABARI,27.295,94.098,23.4,1016.2,56.64
2010-01-07T09:00:00,42309099999,LILABARI,27.295,94.098,26.0,1013.1,55.13
2010-01-07T12:00:00,42309099999,LILABARI,27.295,94.098,17.4,1013.6,93.86
2010-01-07T15:00:00,42309099999,LILABARI,27.295,94.098,12.0,1016.4,94.85
2010-01-07T18:00:00,42309099999,LILABARI,27.295,94.098,11.0,1016.5,97.38
2010-01-08T00:00:00,42309099999,LILABARI,27.295,94.098,8.0,1016.7,97.31
2010-01-08T03:00:00,42309099999,LILABARI,27.295,94.098,16.4,1018.5,73.25
2010-01-08T06:00:00,42309099999,LILABARI,27.295,94.098,24.4,1015.7,57.62
2010-01-08T09:00:00,42309099999,LILABARI,27.295,94.098,25.8,1011.6,59.06
2010-01-08T12:00:00,42309099999,LILABARI,27.295,94.098,17.0,1011.6,93.84
2010-01-08T15:00:00,42309099999,LILABARI,27.295,94.098,12.6,1013.4,95.5
2010-01-08T18:00:00,42309099999,LILABARI,27.295,94.098,11.4,1013.8,97.38
2010-01-09T00:00:00,42309099999,LILABARI,27.295,94.098,9.0,1014.4,97.33
2010-01-09T03:00:00,42309099999,LILABARI,27.295,94.098,18.0,1016.4,70.71
2010-01-09T06:00:00,42309099999,LILABARI,27.295,94.098,24.0,1014.4,57.15
2010-01-09T09:00:00,42309099999,LILABARI,27.295,94.098,25.6,1011.5,57.54
2010-01-09T12:00:00,42309099999,LILABARI,27.295,94.098,18.2,1011.9,88.12
2010-01-09T15:00:00,42309099999,LILABARI,27.295,94.098,13.0,1013.9,95.52
2010-01-09T18:00:00,42309099999,LILABARI,27.295,94.098,11.8,1014.2,97.39
2010-01-10T00:00:00,42309099999,LILABARI,27.295,94.098,9.2,1014.2,97.34
2010-01-10T03:00:00,42309099999,LILABARI,27.295,94.098,17.4,1015.7,70.59
2010-01-10T06:00:00,42309099999,LILABARI,27.295,94.098,23.6,1013.9,59.68
2010-01-10T09:00:00,42309099999,LILABARI,27.295,94.098,26.0,1011.1,59.11
2010-01-10T12:00:00,42309099999,LILABARI,27.295,94.098,18.0,1011.7,89.8
2010-01-10T15:00:00,42309099999,LILABARI,27.295,94.098,13.0,1013.9,97.42
2010-01-10T18:00:00,42309099999,LILABARI,27.295,94.098,12.0,1014.6,97.4
2010-01-11T00:00:00,42309099999,LILABARI,27.295,94.098,9.4,1014.8,97.34
2010-01-11T03:00:00,42309099999,LILABARI,27.295,94.098,16.6,1016.7,73.77
2010-01-11T06:00:00,42309099999,LILABARI,27.295,94.098,22.2,1014.4,67.51
2010-01-11T09:00:00,42309099999,LILABARI,27.295,94.098,25.2,1011.6,59.68
2010-01-11T12:00:00,42309099999,LILABARI,27.295,94.098,17.4,1012.1,93.86
2010-01-11T15:00:00,42309099999,LILABARI,27.295,94.098,13.4,1014.3,95.53
2010-01-11T18:00:00,42309099999,LILABARI,27.295,94.098,12.2,1014.8,97.4
2010-01-12T00:00:00,42309099999,LILABARI,27.295,94.098,9.2,1014.9,97.34
2010-01-12T03:00:00,42309099999,LILABARI,27.295,94.098,14.6,1016.8,88.96
2010-01-12T06:00:00,42309099999,LILABARI,27.295,94.098,21.8,1014.7,67.43
2010-01-12T09:00:00,42309099999,LILABARI,27.295,94.098,24.6,1012.1,62.24
2010-01-12T12:00:00,42309099999,LILABARI,27.295,94.098,17.8,1013.0,95.68
2010-01-12T15:00:00,42309099999,LILABARI,27.295,94.098,13.6,1015.6,95.54
2010-01-12T18:00:00,42309099999,LILABARI,27.295,94.098,11.6,1016.3,97.39
2010-01-13T00:00:00,42309099999,LILABARI,27.295,94.098,12.6,1016.4,97.41
2010-01-13T03:00:00,42309099999,LILABARI,27.295,94.098,14.6,1018.4,82.21
2010-01-13T06:00:00,42309099999,LILABARI,27.295,94.098,19.8,1016.7,67.02
2010-01-13T09:00:00,42309099999,LILABARI,27.295,94.098,22.4,1014.5,69.29
2010-01-13T12:00:00,42309099999,LILABARI,27.295,94.098,17.8,1015.0,95.68
2010-01-13T15:00:00,42309099999,LILABARI,27.295,94.098,12.6,1017.7,97.41
2010-01-13T18:00:00,42309099999,LILABARI,27.295,94.098,11.4,1018.1,97.38
2010-01-14T00:00:00,42309099999,LILABARI,27.295,94.098,11.2,1018.5,97.38
2010-01-14T03:00:00,42309099999,LILABARI,27.295,94.098,13.0,1020.9,97.42
2010-01-14T06:00:00,42309099999,LILABARI,27.295,94.098,14.6,1019.9,93.12
2010-01-14T09:00:00,42309099999,LILABARI,27.295,94.098,17.2,1016.8,87.47
2010-01-14T12:00:00,42309099999,LILABARI,27.295,94.098,14.0,1016.9,93.09
2010-01-14T15:00:00,42309099999,LILABARI,27.295,94.098,14.2,1018.9,90.69
2010-01-14T18:00:00,42309099999,LILABARI,27.295,94.098,13.4,1019.5,95.53
2010-01-15T00:00:00,42309099999,LILABARI,27.295,94.098,13.4,1021.4,95.53
2010-01-15T03:00:00,42309099999,LILABARI,27.295,94.098,13.6,1024.1,95.54
2010-01-15T06:00:00,42309099999,LILABARI,27.295,94.098,15.4,1022.8,89.03
2010-01-15T09:00:00,42309099999,LILABARI,27.295,94.098,15.6,1019.4,93.77
2010-01-15T12:00:00,42309099999,LILABARI,27.295,94.098,13.8,1020.7,93.08
2010-01-15T15:00:00,42309099999,LILABARI,27.295,94.098,13.4,1021.8,97.42
2010-01-15T18:00:00,42309099999,LILABARI,27.295,94.098,13.0,1022.3,100.0
2010-01-16T00:00:00,42309099999,LILABARI,27.295,94.098,12.4,1021.5,97.4
2010-01-16T03:00:00,42309099999,LILABARI,27.295,94.098,13.0,1023.9,95.52
2010-01-16T06:00:00,42309099999,LILABARI,27.295,94.098,14.4,1023.0,88.94
2010-01-16T09:00:00,42309099999,LILABARI,27.295,94.098,16.2,1019.4,87.38
2010-01-16T12:00:00,42309099999,LILABARI,27.295,94.098,14.0,1019.7,95.55
2010-01-16T15:00:00,42309099999,LILABARI,27.295,94.098,10.0,1021.7,97.36
2010-01-16T18:00:00,42309099999,LILABARI,27.295,94.098,8.2,1021.6,97.32
2010-01-17T00:00:00,42309099999,LILABARI,27.295,94.098,7.0,1020.6,100.0
2010-01-17T03:00:00,42309099999,LILABARI,27.295,94.098,9.6,1022.4,97.35
2010-01-17T06:00:00,42309099999,LILABARI,27.295,94.098,16.0,1020.8,82.93
2010-01-17T09:00:00,42309099999,LILABARI,27.295,94.098,23.0,1017.6,68.1
2010-01-17T12:00:00,42309099999,LILABARI,27.295,94.098,16.4,1017.4,95.63
2010-01-17T15:00:00,42309099999,LILABARI,27.295,94.098,11.4,1019.5,94.83
2010-01-17T18:00:00,42309099999,LILABARI,27.295,94.098,9.4,1019.8,97.34
2010-01-18T00:00:00,42309099999,LILABARI,27.295,94.098,7.4,1019.2,97.3
2010-01-18T03:00:00,42309099999,LILABARI,27.295,94.098,12.2,1021.4,97.4
2010-01-18T06:00:00,42309099999,LILABARI,27.295,94.098,22.0,1019.2,65.76
2010-01-18T09:00:00,42309099999,LILABARI,27.295,94.098,25.0,1015.0,61.16
2010-01-18T12:00:00,42309099999,LILABARI,27.295,94.098,18.4,1015.1,89.83
2010-01-18T15:00:00,42309099999,LILABARI,27.295,94.098,13.2,1016.2,93.05
2010-01-18T18:00:00,42309099999,LILABARI,27.295,94.098,11.6,1016.8,94.84
2010-01-19T00:00:00,42309099999,LILABARI,27.295,94.098,10.0,1016.5,97.36
2010-01-19T03:00:00,42309099999,LILABARI,27.295,94.098,15.2,1018.3,91.36
2010-01-19T06:00:00,42309099999,LILABARI,27.295,94.098,24.0,1016.2,61.32
2010-01-19T09:00:00,42309099999,LILABARI,27.295,94.098,26.2,1013.1,56.6
2010-01-19T12:00:00,42309099999,LILABARI,27.295,94.098,18.6,1013.0,92.15
2010-01-19T15:00:00,42309099999,LILABARI,27.295,94.098,13.8,1014.3,95.54
2010-01-19T18:00:00,42309099999,LILABARI,27.295,94.098,12.4,1015.0,95.5
2010-01-20T00:00:00,42309099999,LILABARI,27.295,94.098,9.2,1016.9,97.34
2010-01-20T03:00:00,42309099999,LILABARI,27.295,94.098,18.4,1019.5,73.13
2010-01-20T06:00:00,42309099999,LILABARI,27.295,94.098,25.2,1018.2,52.85
2010-01-20T09:00:00,42309099999,LILABARI,27.295,94.098,27.0,1015.7,49.7
2010-01-20T12:00:00,42309099999,LILABARI,27.295,94.098,20.2,1015.4,85.02
2010-01-20T15:00:00,42309099999,LILABARI,27.295,94.098,14.2,1017.1,90.69
2010-01-20T18:00:00,42309099999,LILABARI,27.295,94.098,13.0,1017.8,95.52
2010-01-21T00:00:00,42309099999,LILABARI,27.295,94.098,9.0,1017.2,97.33
2010-01-21T03:00:00,42309099999,LILABARI,27.295,94.098,17.8,1018.7,68.83
2010-01-21T06:00:00,42309099999,LILABARI,27.295,94.098,26.0,1017.0,46.03
2010-01-21T09:00:00,42309099999,LILABARI,27.295,94.098,27.6,1013.2,47.68
2010-01-21T12:00:00,42309099999,LILABARI,27.295,94.098,19.2,1013.2,82.78
2010-01-21T15:00:00,42309099999,LILABARI,27.295,94.098,13.0,1014.4,93.04
2010-01-21T18:00:00,42309099999,LILABARI,27.295,94.098,12.0,1015.0,94.85
2010-01-22T00:00:00,42309099999,LILABARI,27.295,94.098,8.0,1015.5,97.31
2010-01-22T03:00:00,42309099999,LILABARI,27.295,94.098,16.2,1017.6,73.22
2010-01-22T06:00:00,42309099999,LILABARI,27.295,94.098,24.4,1016.7,54.73
2010-01-22T09:00:00,42309099999,LILABARI,27.295,94.098,27.8,1013.0,54.19
2010-01-22T12:00:00,42309099999,LILABARI,27.295,94.098,19.0,1013.8,90.45
2010-01-22T15:00:00,42309099999,LILABARI,27.295,94.098,13.8,1015.9,90.67
2010-01-22T18:00:00,42309099999,LILABARI,27.295,94.098,12.6,1016.6,93.01
2010-01-23T00:00:00,42309099999,LILABARI,27.295,94.098,8.0,1016.4,94.05
2010-01-23T03:00:00,42309099999,LILABARI,27.295,94.098,17.2,1017.7,62.6
2010-01-23T09:00:00,42309099999,LILABARI,27.295,94.098,27.6,1012.8,50.18
2010-01-23T12:00:00,42309099999,LILABARI,27.295,94.098,19.2,1013.2,88.2
2010-01-23T15:00:00,42309099999,LILABARI,27.295,94.098,13.6,1014.6,90.65
2010-01-23T18:00:00,42309099999,LILABARI,27.295,94.098,12.2,1015.0,92.99
2010-01-24T00:00:00,42309099999,LILABARI,27.295,94.098,7.6,1016.7,97.31
2010-01-24T03:00:00,42309099999,LILABARI,27.295,94.098,16.6,1018.3,69.51
2010-01-24T06:00:00,42309099999,LILABARI,27.295,94.098,26.6,1016.0,49.28
2010-01-24T09:00:00,42309099999,LILABARI,27.295,94.098,27.4,1013.2,53.75
2010-01-24T12:00:00,42309099999,LILABARI,27.295,94.098,18.8,1013.8,86.5
2010-01-24T15:00:00,42309099999,LILABARI,27.295,94.098,13.2,1016.2,90.63
2010-01-24T18:00:00,42309099999,LILABARI,27.295,94.098,11.6,1016.5,94.84
2010-01-25T06:00:00,42309099999,LILABARI,27.295,94.098,23.0,1016.8,61.88
2010-01-25T09:00:00,42309099999,LILABARI,27.295,94.098,26.0,1013.6,53.74
2010-01-25T12:00:00,42309099999,LILABARI,27.295,94.098,19.0,1013.7,84.35
2010-01-25T15:00:00,42309099999,LILABARI,27.295,94.098,12.4,1015.2,93.0
2010-01-25T18:00:00,42309099999,LILABARI,27.295,94.098,11.0,1015.8,94.81
2010-01-26T00:00:00,42309099999,LILABARI,27.295,94.098,7.6,1012.5,97.31
2010-01-26T03:00:00,42309099999,LILABARI,27.295,94.098,19.0,1016.5,63.01
2010-01-26T06:00:00,42309099999,LILABARI,27.295,94.098,27.0,1015.0,45.71
2010-01-26T09:00:00,42309099999,LILABARI,27.295,94.098,27.4,1011.8,51.42
2010-01-26T12:00:00,42309099999,LILABARI,27.295,94.098,19.6,1012.1,84.95
2010-01-26T15:00:00,42309099999,LILABARI,27.295,94.098,14.0,1014.3,88.91
2010-01-26T18:00:00,42309099999,LILABARI,27.295,94.098,12.0,1015.2,94.85
2010-01-27T00:00:00,42309099999,LILABARI,27.295,94.098,8.2,1016.8,94.7
2010-01-27T03:00:00,42309099999,LILABARI,27.295,94.098,16.0,1018.8,79.21
2010-01-27T06:00:00,42309099999,LILABARI,27.295,94.098,25.6,1017.2,50.62
2010-01-27T09:00:00,42309099999,LILABARI,27.295,94.098,26.4,1013.5,51.49
2010-01-27T12:00:00,42309099999,LILABARI,27.295,94.098,20.6,1013.9,85.06
2010-01-27T15:00:00,42309099999,LILABARI,27.295,94.098,14.8,1016.2,88.98
2010-01-27T18:00:00,42309099999,LILABARI,27.295,94.098,13.0,1016.8,93.04
2010-01-28T00:00:00,42309099999,LILABARI,27.295,94.098,9.4,1016.7,97.34
2010-01-28T03:00:00,42309099999,LILABARI,27.295,94.098,17.8,1018.4,70.67
2010-01-28T06:00:00,42309099999,LILABARI,27.295,94.098,25.6,1017.4,60.53
2010-01-28T09:00:00,42309099999,LILABARI,27.295,94.098,27.0,1013.6,52.3
2010-01-28T12:00:00,42309099999,LILABARI,27.295,94.098,20.2,1014.0,81.34
2010-01-28T15:00:00,42309099999,LILABARI,27.295,94.098,16.0,1016.1,85.12
2010-01-28T18:00:00,42309099999,LILABARI,27.295,94.098,15.0,1016.4,88.99
2010-01-29T00:00:00,42309099999,LILABARI,27.295,94.098,9.8,1016.4,97.35
2010-01-29T03:00:00,42309099999,LILABARI,27.295,94.098,16.8,1018.2,77.79
2010-01-29T06:00:00,42309099999,LILABARI,27.295,94.098,24.6,1016.1,59.16
2010-01-29T09:00:00,42309099999,LILABARI,27.295,94.098,28.0,1012.6,50.6
2010-01-29T12:00:00,42309099999,LILABARI,27.295,94.098,19.8,1012.8,84.97
2010-01-29T15:00:00,42309099999,LILABARI,27.295,94.098,15.6,1014.2,87.32
2010-01-29T18:00:00,42309099999,LILABARI,27.295,94.098,14.6,1014.6,93.12
2010-01-30T00:00:00,42309099999,LILABARI,27.295,94.098,9.8,1014.5,94.76
2010-01-30T03:00:00,42309099999,LILABARI,27.295,94.098,16.6,1016.0,79.3
2010-01-30T06:00:00,42309099999,LILABARI,27.295,94.098,25.0,1014.3,55.23
2010-01-30T09:00:00,42309099999,LILABARI,27.295,94.098,25.6,1011.6,57.54
2010-01-30T12:00:00,42309099999,LILABARI,27.295,94.098,20.0,1012.0,85.0
2010-01-30T15:00:00,42309099999,LILABARI,27.295,94.098,16.8,1014.2,85.75
2010-01-30T18:00:00,42309099999,LILABARI,27.295,94.098,15.4,1014.4,87.3
2010-01-31T00:00:00,42309099999,LILABARI,27.295,94.098,14.0,1015.8,88.91
2010-01-31T03:00:00,42309099999,LILABARI,27.295,94.098,18.0,1017.6,82.1
2010-01-31T06:00:00,42309099999,LILABARI,27.295,94.098,25.6,1015.9,54.68
2010-01-31T09:00:00,42309099999,LILABARI,27.295,94.098,27.0,1012.8,53.31
2010-01-31T12:00:00,42309099999,LILABARI,27.295,94.098,20.4,1012.8,87.2
2010-01-31T15:00:00,42309099999,LILABARI,27.295,94.098,15.6,1014.8,91.38
2010-01-31T18:00:00,42309099999,LILABARI,27.295,94.098,12.8,1015.3,93.03
2010-02-01T00:00:00,42309099999,LILABARI,27.295,94.098,10.0,1015.6,97.36
2010-02-01T03:00:00,42309099999,LILABARI,27.295,94.098,17.0,1016.4,79.87
2010-02-01T06:00:00,42309099999,LILABARI,27.295,94.098,25.0,1014.3,53.83
2010-02-01T09:00:00,42309099999,LILABARI,27.295,94.098,26.6,1011.0,52.87
2010-02-01T12:00:00,42309099999,LILABARI,27.295,94.098,19.6,1011.1,88.24
2010-02-01T15:00:00,42309099999,LILABARI,27.295,94.098,14.6,1012.6,93.12
2010-02-01T18:00:00,42309099999,LILABARI,27.295,94.098,12.4,1013.2,95.5
2010-02-02T00:00:00,42309099999,LILABARI,27.295,94.098,13.0,1014.1,95.52
2010-02-02T03:00:00,42309099999,LILABARI,27.295,94.098,16.2,1015.8,81.34
2010-02-02T06:00:00,42309099999,LILABARI,27.295,94.098,23.8,1013.6,54.22
2010-02-02T09:00:00,42309099999,LILABARI,27.295,94.098,26.0,1011.1,53.74
2010-02-02T12:00:00,42309099999,LILABARI,27.295,94.098,20.0,1011.4,90.51
2010-02-02T15:00:00,42309099999,LILABARI,27.295,94.098,15.6,1012.9,93.77
2010-02-02T18:00:00,42309099999,LILABARI,27.295,94.098,14.4,1013.3,95.56
2010-02-03T00:00:00,42309099999,LILABARI,27.295,94.098,13.0,1013.7,93.04
2010-02-03T03:00:00,42309099999,LILABARI,27.295,94.098,17.0,1015.5,89.73
2010-02-03T06:00:00,42309099999,LILABARI,27.295,94.098,23.6,1014.5,58.17
2010-02-03T09:00:00,42309099999,LILABARI,27.295,94.098,24.0,1011.7,65.76
2010-02-03T12:00:00,42309099999,LILABARI,27.295,94.098,19.2,1011.9,82.78
2010-02-03T15:00:00,42309099999,LILABARI,27.295,94.098,15.4,1013.9,91.37
2010-02-03T18:00:00,42309099999,LILABARI,27.295,94.098,14.8,1014.2,93.13
2010-02-04T00:00:00,42309099999,LILABARI,27.295,94.098,12.0,1015.1,94.85
2010-02-04T03:00:00,42309099999,LILABARI,27.295,94.098,17.0,1016.5,81.45
2010-02-04T06:00:00,42309099999,LILABARI,27.295,94.098,24.2,1016.1,56.11
2010-02-04T09:00:00,42309099999,LILABARI,27.295,94.098,25.0,1012.0,58.13
2010-02-04T12:00:00,42309099999,LILABARI,27.295,94.098,19.8,1012.2,86.6
2010-02-04T15:00:00,42309099999,LILABARI,27.295,94.098,15.0,1013.8,91.34
2010-02-04T18:00:00,42309099999,LILABARI,27.295,94.098,14.4,1014.2,93.11
2010-02-05T00:00:00,42309099999,LILABARI,27.295,94.098,9.0,1014.8,97.33
2010-02-05T03:00:00,42309099999,LILABARI,27.295,94.098,15.4,1016.5,80.7
2010-02-05T06:00:00,42309099999,LILABARI,27.295,94.098,24.8,1015.2,59.2
2010-02-05T09:00:00,42309099999,LILABARI,27.295,94.098,24.6,1012.0,52.02
2010-02-05T12:00:00,42309099999,LILABARI,27.295,94.098,18.0,1012.7,89.8
2010-02-05T15:00:00,42309099999,LILABARI,27.295,94.098,15.8,1014.2,91.39
2010-02-05T18:00:00,42309099999,LILABARI,27.295,94.098,15.0,1015.2,93.14
2010-02-06T00:00:00,42309099999,LILABARI,27.295,94.098,8.8,1017.5,97.33
2010-02-06T03:00:00,42309099999,LILABARI,27.295,94.098,15.8,1019.1,77.12
2010-02-06T06:00:00,42309099999,LILABARI,27.295,94.098,25.0,1017.5,51.12
2010-02-06T09:00:00,42309099999,LILABARI,27.295,94.098,24.8,1013.9,51.07
2010-02-06T12:00:00,42309099999,LILABARI,27.295,94.098,18.4,1014.6,85.92
2010-02-06T15:00:00,42309099999,LILABARI,27.295,94.098,13.0,1016.8,93.04
2010-02-06T18:00:00,42309099999,LILABARI,27.295,94.098,12.0,1017.4,94.85
2010-02-07T00:00:00,42309099999,LILABARI,27.295,94.098,8.0,1016.8,97.31
2010-02-07T03:00:00,42309099999,LILABARI,27.295,94.098,17.6,1017.4,65.25
2010-02-07T06:00:00,42309099999,LILABARI,27.295,94.098,25.6,1015.5,50.62
2010-02-07T09:00:00,42309099999,LILABARI,27.295,94.098,27.0,1011.7,52.3
2010-02-07T12:00:00,42309099999,LILABARI,27.295,94.098,19.8,1011.7,77.74
2010-02-07T15:00:00,42309099999,LILABARI,27.295,94.098,14.8,1013.9,91.33
2010-02-07T18:00:00,42309099999,LILABARI,27.295,94.098,13.2,1014.3,93.05
2010-02-08T00:00:00,42309099999,LILABARI,27.295,94.098,8.4,1014.6,97.32
2010-02-08T03:00:00,42309099999,LILABARI,27.295,94.098,18.0,1015.2,67.08
2010-02-08T06:00:00,42309099999,LILABARI,27.295,94.098,25.0,1013.1,53.83
2010-02-08T09:00:00,42309099999,LILABARI,27.295,94.098,27.0,1008.7,54.68
2010-02-08T12:00:00,42309099999,LILABARI,27.295,94.098,21.8,1008.9,70.51
2010-02-08T15:00:00,42309099999,LILABARI,27.295,94.098,14.4,1011.4,88.94
2010-02-08T18:00:00,42309099999,LILABARI,27.295,94.098,12.4,1011.7,95.5
2010-02-09T00:00:00,42309099999,LILABARI,27.295,94.098,9.0,1012.7,97.33
2010-02-09T03:00:00,42309099999,LILABARI,27.295,94.098,18.0,1014.3,70.71
2010-02-09T06:00:00,42309099999,LILABARI,27.295,94.098,26.0,1013.1,52.38
2010-02-09T09:00:00,42309099999,LILABARI,27.295,94.098,27.8,1009.2,48.04
2010-02-09T12:00:00,42309099999,LILABARI,27.295,94.098,20.6,1010.1,79.86
2010-02-09T15:00:00,42309099999,LILABARI,27.295,94.098,15.6,1011.6,93.77
2010-02-09T18:00:00,42309099999,LILABARI,27.295,94.098,13.8,1012.3,95.54
2010-02-10T00:00:00,42309099999,LILABARI,27.295,94.098,13.6,1012.0,95.54
2010-02-10T03:00:00,42309099999,LILABARI,27.295,94.098,17.0,1014.3,85.77
2010-02-10T06:00:00,42309099999,LILABARI,27.295,94.098,24.8,1013.6,59.2
2010-02-10T09:00:00,42309099999,LILABARI,27.295,94.098,25.6,1011.0,57.54
2010-02-10T12:00:00,42309099999,LILABARI,27.295,94.098,21.0,1011.5,81.95
2010-02-10T15:00:00,42309099999,LILABARI,27.295,94.098,18.0,1013.4,89.8
2010-02-10T18:00:00,42309099999,LILABARI,27.295,94.098,17.0,1014.0,91.47
2010-02-11T03:00:00,42309099999,LILABARI,27.295,94.098,17.0,1017.7,83.59
2010-02-11T06:00:00,42309099999,LILABARI,27.295,94.098,25.4,1017.0,55.69
2010-02-11T09:00:00,42309099999,LILABARI,27.295,94.098,25.0,1014.3,75.65
2010-02-11T12:00:00,42309099999,LILABARI,27.295,94.098,19.6,1014.8,82.82
2010-02-11T15:00:00,42309099999,LILABARI,27.295,94.098,15.4,1016.7,87.3
2010-02-11T18:00:00,42309099999,LILABARI,27.295,94.098,14.2,1017.2,90.69
2010-02-12T00:00:00,42309099999,LILABARI,27.295,94.098,11.2,1016.4,97.38
2010-02-12T03:00:00,42309099999,LILABARI,27.295,94.098,17.6,1017.6,74.43
2010-02-12T06:00:00,42309099999,LILABARI,27.295,94.098,25.0,1015.5,58.13
2010-02-12T09:00:00,42309099999,LILABARI,27.295,94.098,28.2,1011.2,50.97
2010-02-12T12:00:00,42309099999,LILABARI,27.295,94.098,21.6,1010.8,85.7
2010-02-12T15:00:00,42309099999,LILABARI,27.295,94.098,16.0,1013.1,91.41
2010-02-12T18:00:00,42309099999,LILABARI,27.295,94.098,14.0,1013.9,93.09
2010-02-13T00:00:00,42309099999,LILABARI,27.295,94.098,16.6,1011.3,89.7
2010-02-13T03:00:00,42309099999,LILABARI,27.295,94.098,20.2,1013.9,76.32
2010-02-13T06:00:00,42309099999,LILABARI,27.295,94.098,22.0,1013.2,65.76
2010-02-13T09:00:00,42309099999,LILABARI,27.295,94.098,25.0,1010.2,58.13
2010-02-13T12:00:00,42309099999,LILABARI,27.295,94.098,19.6,1009.9,81.26
2010-02-13T15:00:00,42309099999,LILABARI,27.295,94.098,16.2,1011.0,89.67
2010-02-13T18:00:00,42309099999,LILABARI,27.295,94.098,15.6,1011.2,91.38
2010-02-14T00:00:00,42309099999,LILABARI,27.295,94.098,13.0,1011.3,95.52
2010-02-14T03:00:00,42309099999,LILABARI,27.295,94.098,18.2,1013.7,82.13
2010-02-14T06:00:00,42309099999,LILABARI,27.295,94.098,25.0,1012.5,58.13
2010-02-14T09:00:00,42309099999,LILABARI,27.295,94.098,24.0,1008.9,60.16
2010-02-14T12:00:00,42309099999,LILABARI,27.295,94.098,20.2,1009.2,76.32
2010-02-14T15:00:00,42309099999,LILABARI,27.295,94.098,16.0,1010.8,89.65
2010-02-14T18:00:00,42309099999,LILABARI,27.295,94.098,14.8,1011.1,91.33
2010-02-15T00:00:00,42309099999,LILABARI,27.295,94.098,13.0,1013.0,93.04
2010-02-15T03:00:00,42309099999,LILABARI,27.295,94.098,17.2,1016.3,87.47
2010-02-15T06:00:00,42309099999,LILABARI,27.295,94.098,25.0,1015.2,58.13
2010-02-15T09:00:00,42309099999,LILABARI,27.295,94.098,24.8,1012.0,59.2
2010-02-15T12:00:00,42309099999,LILABARI,27.295,94.098,19.8,1011.9,74.32
2010-02-15T15:00:00,42309099999,LILABARI,27.295,94.098,15.2,1013.4,86.72
2010-02-15T18:00:00,42309099999,LILABARI,27.295,94.098,13.6,1013.9,90.65
2010-02-16T00:00:00,42309099999,LILABARI,27.295,94.098,13.8,1013.8,90.67
2010-02-16T03:00:00,42309099999,LILABARI,27.295,94.098,20.4,1015.9,65.85
2010-02-16T06:00:00,42309099999,LILABARI,27.295,94.098,27.0,1014.4,49.7
2010-02-16T09:00:00,42309099999,LILABARI,27.295,94.098,28.0,1010.9,50.6
2010-02-16T12:00:00,42309099999,LILABARI,27.295,94.098,21.0,1010.6,76.45
2010-02-16T15:00:00,42309099999,LILABARI,27.295,94.098,16.6,1012.1,87.41
2010-02-16T18:00:00,42309099999,LILABARI,27.295,94.098,14.8,1012.8,91.33
2010-02-17T00:00:00,42309099999,LILABARI,27.295,94.098,14.0,1012.6,90.68
2010-02-17T03:00:00,42309099999,LILABARI,27.295,94.098,20.2,1014.0,72.51
2010-02-17T06:00:00,42309099999,LILABARI,27.295,94.098,25.0,1012.7,53.83
2010-02-17T09:00:00,42309099999,LILABARI,27.295,94.098,26.0,1008.1,53.74
2010-02-17T12:00:00,42309099999,LILABARI,27.295,94.098,21.2,1007.9,76.96
2010-02-17T15:00:00,42309099999,LILABARI,27.295,94.098,18.2,1008.3,89.82
2010-02-17T18:00:00,42309099999,LILABARI,27.295,94.098,17.4,1008.8,89.76
2010-02-18T00:00:00,42309099999,LILABARI,27.295,94.098,15.2,1009.6,86.72
2010-02-18T03:00:00,42309099999,LILABARI,27.295,94.098,19.8,1012.0,74.32
2010-02-18T06:00:00,42309099999,LILABARI,27.295,94.098,25.0,1011.5,62.33
2010-02-18T09:00:00,42309099999,LILABARI,27.295,94.098,28.8,1008.1,40.89
2010-02-18T12:00:00,42309099999,LILABARI,27.295,94.098,22.4,1010.5,74.29
2010-02-18T15:00:00,42309099999,LILABARI,27.295,94.098,17.0,1014.8,81.45
2010-02-18T18:00:00,42309099999,LILABARI,27.295,94.098,16.2,1015.6,85.14
2010-02-19T00:00:00,42309099999,LILABARI,27.295,94.098,13.2,1015.6,88.26
2010-02-19T03:00:00,42309099999,LILABARI,27.295,94.098,17.6,1017.1,74.43
2010-02-19T06:00:00,42309099999,LILABARI,27.295,94.098,25.0,1015.0,56.66
2010-02-19T09:00:00,42309099999,LILABARI,27.295,94.098,26.4,1011.2,55.58
2010-02-20T15:00:00,42309099999,LILABARI,27.295,94.098,18.6,1012.6,88.15
2010-02-20T18:00:00,42309099999,LILABARI,27.295,94.098,17.8,1012.6,92.1
2010-02-21T00:00:00,42309099999,LILABARI,27.295,94.098,11.6,1014.2,97.39
2010-02-21T03:00:00,42309099999,LILABARI,27.295,94.098,18.6,1016.5,75.09
2010-02-21T06:00:00,42309099999,LILABARI,27.295,94.098,26.0,1014.1,57.63
2010-02-21T09:00:00,42309099999,LILABARI,27.295,94.098,28.0,1011.0,53.23
2010-02-21T12:00:00,42309099999,LILABARI,27.295,94.098,22.0,1011.8,84.15
2010-02-21T15:00:00,42309099999,LILABARI,27.295,94.098,16.4,1014.4,93.81
2010-02-21T18:00:00,42309099999,LILABARI,27.295,94.098,15.0,1014.7,95.58
2010-02-22T00:00:00,42309099999,LILABARI,27.295,94.098,12.2,1015.1,97.4
2010-02-22T03:00:00,42309099999,LILABARI,27.295,94.098,19.6,1016.5,75.74
2010-02-22T06:00:00,42309099999,LILABARI,27.295,94.098,26.0,1014.3,59.11
2010-02-22T09:00:00,42309099999,LILABARI,27.295,94.098,28.0,1010.2,54.58
2010-02-22T12:00:00,42309099999,LILABARI,27.295,94.098,21.8,1010.2,82.05
2010-02-22T15:00:00,42309099999,LILABARI,27.295,94.098,17.2,1011.5,83.61
2010-02-22T18:00:00,42309099999,LILABARI,27.295,94.098,15.4,1012.1,89.03
2010-02-23T00:00:00,42309099999,LILABARI,27.295,94.098,13.0,1011.1,97.42
2010-02-23T03:00:00,42309099999,LILABARI,27.295,94.098,18.4,1012.6,83.75
2010-02-23T06:00:00,42309099999,LILABARI,27.295,94.098,26.4,1011.0,55.58
2010-02-23T09:00:00,42309099999,LILABARI,27.295,94.098,27.0,1007.6,58.61
2010-02-23T12:00:00,42309099999,LILABARI,27.295,94.098,23.6,1007.5,70.4
2010-02-23T15:00:00,42309099999,LILABARI,27.295,94.098,19.8,1009.5,86.6
2010-02-23T18:00:00,42309099999,LILABARI,27.295,94.098,18.0,1010.5,95.68
2010-02-24T00:00:00,42309099999,LILABARI,27.295,94.098,16.6,1007.7,98.11
2010-02-24T03:00:00,42309099999,LILABARI,27.295,94.098,17.4,1009.9,95.66
2010-02-24T06:00:00,42309099999,LILABARI,27.295,94.098,18.0,1009.3,100.0
2010-02-24T09:00:00,42309099999,LILABARI,27.295,94.098,19.2,1007.2,88.2
2010-02-24T12:00:00,42309099999,LILABARI,27.295,94.098,18.6,1008.3,90.42
2010-02-24T15:00:00,42309099999,LILABARI,27.295,94.098,17.2,1010.6,95.66
2010-02-24T18:00:00,42309099999,LILABARI,27.295,94.098,16.4,1010.8,95.63
2010-02-25T00:00:00,42309099999,LILABARI,27.295,94.098,15.0,1010.6,97.46
2010-02-25T03:00:00,42309099999,LILABARI,27.295,94.098,17.6,1012.9,88.07
2010-02-25T06:00:00,42309099999,LILABARI,27.295,94.098,22.0,1012.3,75.64
2010-02-25T09:00:00,42309099999,LILABARI,27.295,94.098,25.6,1009.2,61.69
2010-02-25T12:00:00,42309099999,LILABARI,27.295,94.098,20.4,1010.4,77.83
2010-02-25T15:00:00,42309099999,LILABARI,27.295,94.098,17.4,1012.6,85.82
2010-02-25T18:00:00,42309099999,LILABARI,27.295,94.098,16.0,1013.0,91.41
2010-02-26T00:00:00,42309099999,LILABARI,27.295,94.098,12.6,1013.4,97.41
2010-02-26T03:00:00,42309099999,LILABARI,27.295,94.098,18.8,1015.2,79.1
2010-02-26T06:00:00,42309099999,LILABARI,27.295,94.098,25.4,1013.9,58.6
2010-02-26T09:00:00,42309099999,LILABARI,27.295,94.098,27.4,1010.1,57.61
2010-02-26T12:00:00,42309099999,LILABARI,27.295,94.098,21.4,1010.0,87.29
2010-02-26T15:00:00,42309099999,LILABARI,27.295,94.098,16.6,1012.3,93.82
2010-02-26T18:00:00,42309099999,LILABARI,27.295,94.098,15.0,1012.7,95.58
2010-02-27T00:00:00,42309099999,LILABARI,27.295,94.098,13.8,1011.9,90.67
2010-02-27T03:00:00,42309099999,LILABARI,27.295,94.098,18.4,1013.4,85.92
2010-02-27T06:00:00,42309099999,LILABARI,27.295,94.098,26.4,1011.3,56.65
2010-02-27T09:00:00,42309099999,LILABARI,27.295,94.098,28.0,1007.9,55.62
2010-02-27T12:00:00,42309099999,LILABARI,27.295,94.098,23.0,1008.0,82.71
2010-02-27T15:00:00,42309099999,LILABARI,27.295,94.098,20.0,1010.0,90.51
2010-02-27T18:00:00,42309099999,LILABARI,27.295,94.098,18.4,1010.0,92.14
2010-02-28T00:00:00,42309099999,LILABARI,27.295,94.098,17.4,1011.8,95.66
2010-02-28T03:00:00,42309099999,LILABARI,27.295,94.098,19.0,1014.8,90.45
2010-02-28T06:00:00,42309099999,LILABARI,27.295,94.098,24.6,1014.5,67.99
2010-02-28T09:00:00,42309099999,LILABARI,27.295,94.098,28.0,1010.0,57.03
2010-02-28T12:00:00,42309099999,LILABARI,27.295,94.098,24.4,1010.1,75.55
2010-02-28T15:00:00,42309099999,LILABARI,27.295,94.098,18.8,1012.6,82.73
2010-02-28T18:00:00,42309099999,LILABARI,27.295,94.098,16.0,1012.9,93.79
2010-03-01T00:00:00,42309099999,LILABARI,27.295,94.098,16.4,1012.7,91.43
2010-03-01T03:00:00,42309099999,LILABARI,27.295,94.098,19.2,1014.9,88.2
2010-03-01T06:00:00,42309099999,LILABARI,27.295,94.098,21.4,1013.6,80.47
2010-03-01T09:00:00,42309099999,LILABARI,27.295,94.098,22.2,1010.5,80.58
2010-03-01T12:00:00,42309099999,LILABARI,27.295,94.098,20.4,1010.3,87.2
2010-03-01T15:00:00,42309099999,LILABARI,27.295,94.098,19.0,1011.6,92.17
2010-03-01T18:00:00,42309099999,LILABARI,27.295,94.098,18.0,1011.5,95.68
2010-03-02T00:00:00,42309099999,LILABARI,27.295,94.098,16.6,1009.9,97.49
2010-03-02T03:00:00,42309099999,LILABARI,27.295,94.098,17.6,1011.7,97.51
2010-03-02T06:00:00,42309099999,LILABARI,27.295,94.098,18.0,1011.3,98.13
2010-03-02T09:00:00,42309099999,LILABARI,27.295,94.098,17.4,1007.8,98.12
2010-03-02T12:00:00,42309099999,LILABARI,27.295,94.098,17.6,1008.0,92.09
2010-03-02T15:00:00,42309099999,LILABARI,27.295,94.098,16.8,1008.5,100.0
2010-03-02T18:00:00,42309099999,LILABARI,27.295,94.098,16.4,1008.3,100.0
2010-03-03T00:00:00,42309099999,LILABARI,27.295,94.098,16.6,1006.0,100.0
2010-03-03T03:00:00,42309099999,LILABARI,27.295,94.098,17.6,1008.8,98.12
2010-03-03T06:00:00,42309099999,LILABARI,27.295,94.098,17.6,1009.8,98.12
2010-03-03T09:00:00,42309099999,LILABARI,27.295,94.098,18.0,1008.6,93.88
2010-03-03T12:00:00,42309099999,LILABARI,27.295,94.098,17.4,1008.2,95.66
2010-03-03T15:00:00,42309099999,LILABARI,27.295,94.098,15.6,1009.7,95.6
2010-03-03T18:00:00,42309099999,LILABARI,27.295,94.098,15.0,1010.1,97.46
2010-03-04T00:00:00,42309099999,LILABARI,27.295,94.098,15.0,1007.4,98.09
2010-03-04T03:00:00,42309099999,LILABARI,27.295,94.098,16.8,1010.0,95.64
2010-03-04T06:00:00,42309099999,LILABARI,27.295,94.098,21.8,1009.9,80.52
2010-03-04T09:00:00,42309099999,LILABARI,27.295,94.098,23.6,1006.9,73.11
2010-03-04T12:00:00,42309099999,LILABARI,27.295,94.098,20.0,1007.2,81.31
2010-03-04T15:00:00,42309099999,LILABARI,27.295,94.098,16.0,1008.6,91.41
2010-03-04T18:00:00,42309099999,LILABARI,27.295,94.098,15.2,1009.0,93.15
2010-03-05T00:00:00,42309099999,LILABARI,27.295,94.098,16.6,1007.8,98.11
2010-03-05T03:00:00,42309099999,LILABARI,27.295,94.098,18.2,1008.9,92.13
2010-03-05T06:00:00,42309099999,LILABARI,27.295,94.098,22.2,1007.6,67.51
2010-03-05T09:00:00,42309099999,LILABARI,27.295,94.098,20.6,1004.5,81.9
2010-03-05T12:00:00,42309099999,LILABARI,27.295,94.098,19.0,1004.5,92.17
2010-03-05T15:00:00,42309099999,LILABARI,27.295,94.098,17.8,1005.9,92.1
2010-03-05T18:00:00,42309099999,LILABARI,27.295,94.098,16.0,1006.1,100.0
2010-03-06T00:00:00,42309099999,LILABARI,27.295,94.098,15.8,1007.0,95.61
2010-03-06T03:00:00,42309099999,LILABARI,27.295,94.098,19.0,1009.7,90.45
2010-03-06T06:00:00,42309099999,LILABARI,27.295,94.098,25.0,1009.4,71.11
2010-03-06T09:00:00,42309099999,LILABARI,27.295,94.098,27.0,1006.3,63.96
2010-03-06T12:00:00,42309099999,LILABARI,27.295,94.098,23.6,1006.9,78.3
2010-03-06T15:00:00,42309099999,LILABARI,27.295,94.098,20.6,1009.5,91.12
2010-03-06T18:00:00,42309099999,LILABARI,27.295,94.098,18.8,1009.6,92.16
2010-03-07T00:00:00,42309099999,LILABARI,27.295,94.098,17.0,1009.9,95.65
2010-03-07T03:00:00,42309099999,LILABARI,27.295,94.098,22.6,1011.7,72.93
2010-03-07T06:00:00,42309099999,LILABARI,27.295,94.098,26.0,1009.9,64.54
2010-03-07T09:00:00,42309099999,LILABARI,27.295,94.098,27.0,1007.2,62.78
2010-03-07T12:00:00,42309099999,LILABARI,27.295,94.098,24.0,1006.6,83.34
2010-03-07T18:00:00,42309099999,LILABARI,27.295,94.098,19.0,1009.6,90.45
2010-03-08T03:00:00,42309099999,LILABARI,27.295,94.098,23.4,1013.5,71.71
2010-03-08T06:00:00,42309099999,LILABARI,27.295,94.098,28.4,1013.4,56.07
2010-03-08T09:00:00,42309099999,LILABARI,27.295,94.098,28.0,1010.8,53.23
2010-03-08T12:00:00,42309099999,LILABARI,27.295,94.098,23.0,1011.4,74.39
2010-03-08T15:00:00,42309099999,LILABARI,27.295,94.098,18.2,1013.8,88.12
2010-03-08T18:00:00,42309099999,LILABARI,27.295,94.098,17.6,1014.3,92.09
2010-03-09T00:00:00,42309099999,LILABARI,27.295,94.098,14.6,1014.3,95.57
2010-03-09T03:00:00,42309099999,LILABARI,27.295,94.098,22.6,1015.5,74.32
2010-03-09T06:00:00,42309099999,LILABARI,27.295,94.098,28.6,1014.2,56.12
2010-03-09T09:00:00,42309099999,LILABARI,27.295,94.098,29.2,1011.4,56.97
2010-03-09T12:00:00,42309099999,LILABARI,27.295,94.098,24.6,1011.7,83.41
2010-03-09T15:00:00,42309099999,LILABARI,27.295,94.098,20.4,1014.3,90.54
2010-03-09T18:00:00,42309099999,LILABARI,27.295,94.098,19.0,1014.7,92.17
2010-03-10T03:00:00,42309099999,LILABARI,27.295,94.098,21.6,1016.9,73.69
2010-03-10T06:00:00,42309099999,LILABARI,27.295,94.098,28.6,1014.6,55.08
2010-03-10T09:00:00,42309099999,LILABARI,27.295,94.098,30.0,1010.7,56.11
2010-03-10T12:00:00,42309099999,LILABARI,27.295,94.098,24.8,1010.5,83.43
2010-03-10T15:00:00,42309099999,LILABARI,27.295,94.098,20.2,1012.8,90.53
2010-03-10T18:00:00,42309099999,LILABARI,27.295,94.098,19.2,1013.3,92.18
2010-03-11T00:00:00,42309099999,LILABARI,27.295,94.098,17.0,1015.5,95.65
2010-03-11T03:00:00,42309099999,LILABARI,27.295,94.098,23.8,1017.1,70.44
2010-03-11T06:00:00,42309099999,LILABARI,27.295,94.098,28.4,1015.2,57.49
2010-03-11T09:00:00,42309099999,LILABARI,27.295,94.098,31.0,1011.7,51.37
2010-03-11T12:00:00,42309099999,LILABARI,27.295,94.098,26.4,1011.6,81.12
2010-03-11T15:00:00,42309099999,LILABARI,27.295,94.098,21.0,1014.2,90.58
2010-03-11T18:00:00,42309099999,LILABARI,27.295,94.098,19.4,1015.0,92.2
2010-03-12T00:00:00,42309099999,LILABARI,27.295,94.098,16.8,1014.9,98.11
2010-03-12T03:00:00,42309099999,LILABARI,27.295,94.098,23.4,1016.1,74.92
2010-03-12T06:00:00,42309099999,LILABARI,27.295,94.098,28.2,1014.4,62.27
2010-03-12T09:00:00,42309099999,LILABARI,27.295,94.098,29.4,1010.8,60.64
2010-03-12T12:00:00,42309099999,LILABARI,27.295,94.098,26.0,1010.2,79.12
2010-03-12T15:00:00,42309099999,LILABARI,27.295,94.098,21.2,1012.2,88.92
2010-03-12T18:00:00,42309099999,LILABARI,27.295,94.098,19.6,1012.8,90.49
2010-03-13T00:00:00,42309099999,LILABARI,27.295,94.098,16.6,1012.3,98.11
2010-03-13T03:00:00,42309099999,LILABARI,27.295,94.098,22.4,1013.9,82.64
2010-03-13T06:00:00,42309099999,LILABARI,27.295,94.098,20.4,1013.4,90.54
2010-03-13T09:00:00,42309099999,LILABARI,27.295,94.098,24.0,1010.1,78.35
2010-03-13T12:00:00,42309099999,LILABARI,27.295,94.098,22.6,1009.3,85.8
2010-03-13T15:00:00,42309099999,LILABARI,27.295,94.098,21.0,1010.4,90.58
2010-03-13T18:00:00,42309099999,LILABARI,27.295,94.098,19.8,1010.9,92.22
2010-03-14T00:00:00,42309099999,LILABARI,27.295,94.098,17.4,1009.6,98.12
2010-03-14T03:00:00,42309099999,LILABARI,27.295,94.098,21.0,1011.6,85.64
2010-03-14T06:00:00,42309099999,LILABARI,27.295,94.098,26.4,1011.0,66.26
2010-03-14T09:00:00,42309099999,LILABARI,27.295,94.098,25.0,1008.9,68.07
2010-03-14T12:00:00,42309099999,LILABARI,27.295,94.098,22.2,1009.4,75.67
2010-03-14T15:00:00,42309099999,LILABARI,27.295,94.098,19.8,1011.5,86.6
2010-03-14T18:00:00,42309099999,LILABARI,27.295,94.098,19.0,1011.9,90.45
2010-03-15T00:00:00,42309099999,LILABARI,27.295,94.098,15.4,1011.6,95.6
2010-03-15T03:00:00,42309099999,LILABARI,27.295,94.098,21.0,1012.7,73.11
2010-03-15T06:00:00,42309099999,LILABARI,27.295,94.098,26.0,1011.7,66.18
2010-03-15T09:00:00,42309099999,LILABARI,27.295,94.098,29.8,1009.4,53.68
2010-03-15T12:00:00,42309099999,LILABARI,27.295,94.098,21.0,1013.1,87.26
2010-03-15T15:00:00,42309099999,LILABARI,27.295,94.098,18.6,1015.8,88.15
2010-03-15T18:00:00,42309099999,LILABARI,27.295,94.098,17.4,1016.1,93.86
2010-03-16T00:00:00,42309099999,LILABARI,27.295,94.098,17.0,1017.0,95.65
2010-03-16T03:00:00,42309099999,LILABARI,27.295,94.098,24.0,1017.6,62.91
2010-03-16T06:00:00,42309099999,LILABARI,27.295,94.098,28.4,1015.9,54.68
2010-03-16T09:00:00,42309099999,LILABARI,27.295,94.098,30.0,1012.2,49.23
2010-03-16T12:00:00,42309099999,LILABARI,27.295,94.098,25.8,1012.3,74.85
2010-03-16T15:00:00,42309099999,LILABARI,27.295,94.098,20.0,1015.1,93.97
2010-03-16T18:00:00,42309099999,LILABARI,27.295,94.098,18.6,1015.5,93.91
2010-03-17T00:00:00,42309099999,LILABARI,27.295,94.098,15.0,1016.6,95.58
2010-03-17T03:00:00,42309099999,LILABARI,27.295,94.098,24.0,1018.4,62.91
2010-03-17T06:00:00,42309099999,LILABARI,27.295,94.098,29.8,1017.3,52.36
2010-03-17T09:00:00,42309099999,LILABARI,27.295,94.098,31.8,1013.5,49.7
2010-03-17T12:00:00,42309099999,LILABARI,27.295,94.098,27.0,1013.5,69.74
2010-03-17T15:00:00,42309099999,LILABARI,27.295,94.098,20.6,1015.7,88.87
2010-03-17T18:00:00,42309099999,LILABARI,27.295,94.098,18.8,1015.8,92.16
2010-03-18T00:00:00,42309099999,LILABARI,27.295,94.098,16.0,1016.7,95.62
2010-03-18T03:00:00,42309099999,LILABARI,27.295,94.098,23.6,1018.4,71.74
2010-03-18T06:00:00,42309099999,LILABARI,27.295,94.098,31.0,1016.3,47.97
2010-03-18T09:00:00,42309099999,LILABARI,27.295,94.098,33.0,1012.2,44.75
2010-03-18T12:00:00,42309099999,LILABARI,27.295,94.098,27.4,1011.9,76.95
2010-03-18T15:00:00,42309099999,LILABARI,27.295,94.098,21.2,1013.2,88.92
2010-03-18T18:00:00,42309099999,LILABARI,27.295,94.098,19.0,1014.0,92.17
2010-03-19T00:00:00,42309099999,LILABARI,27.295,94.098,15.4,1012.7,95.6
2010-03-19T03:00:00,42309099999,LILABARI,27.295,94.098,26.6,1018.6,59.63
2010-03-19T06:00:00,42309099999,LILABARI,27.295,94.098,31.6,1011.7,47.53
2010-03-19T12:00:00,42309099999,LILABARI,27.295,94.098,27.6,1006.8,74.24
2010-03-19T15:00:00,42309099999,LILABARI,27.295,94.098,21.8,1009.2,84.13
2010-03-19T18:00:00,42309099999,LILABARI,27.295,94.098,19.0,1009.7,93.93
2010-03-20T00:00:00,42309099999,LILABARI,27.295,94.098,17.4,1011.9,95.66
2010-03-20T03:00:00,42309099999,LILABARI,27.295,94.098,27.0,1012.5,62.78
2010-03-20T06:00:00,42309099999,LILABARI,27.295,94.098,32.8,1010.2,47.55
2010-03-20T09:00:00,42309099999,LILABARI,27.295,94.098,34.2,1005.9,44.79
2010-03-20T12:00:00,42309099999,LILABARI,27.295,94.098,30.4,1005.2,69.11
2010-03-20T15:00:00,42309099999,LILABARI,27.295,94.098,22.6,1008.1,91.25
2010-03-20T18:00:00,42309099999,LILABARI,27.295,94.098,19.4,1008.4,92.2
2010-03-21T00:00:00,42309099999,LILABARI,27.295,94.098,17.8,1009.4,95.68
2010-03-21T03:00:00,42309099999,LILABARI,27.295,94.098,25.6,1010.5,64.46
2010-03-21T06:00:00,42309099999,LILABARI,27.295,94.098,31.0,1007.8,56.01
2010-03-21T09:00:00,42309099999,LILABARI,27.295,94.098,33.6,1003.5,50.47
2010-03-21T12:00:00,42309099999,LILABARI,27.295,94.098,28.8,1002.2,77.63
2010-03-21T15:00:00,42309099999,LILABARI,27.295,94.098,23.0,1004.4,91.27
2010-03-21T18:00:00,42309099999,LILABARI,27.295,94.098,21.0,1005.3,92.86
2010-03-22T00:00:00,42309099999,LILABARI,27.295,94.098,20.0,1004.4,93.97
2010-03-22T03:00:00,42309099999,LILABARI,27.295,94.098,23.8,1005.6,81.29
2010-03-22T06:00:00,42309099999,LILABARI,27.295,94.098,23.0,1005.5,91.27
2010-03-22T09:00:00,42309099999,LILABARI,27.295,94.098,22.6,1002.0,85.8
2010-03-22T12:00:00,42309099999,LILABARI,27.295,94.098,22.0,1003.3,94.64
2010-03-22T15:00:00,42309099999,LILABARI,27.295,94.098,21.2,1004.9,94.61
2010-03-22T18:00:00,42309099999,LILABARI,27.295,94.098,20.4,1005.4,96.36
2010-03-23T00:00:00,42309099999,LILABARI,27.295,94.098,20.0,1003.8,100.0
2010-03-23T03:00:00,42309099999,LILABARI,27.295,94.098,19.8,1005.9,100.0
2010-03-23T06:00:00,42309099999,LILABARI,27.295,94.098,19.4,1005.3,98.15
2010-03-23T09:00:00,42309099999,LILABARI,27.295,94.098,19.6,1002.5,100.0
2010-03-23T12:00:00,42309099999,LILABARI,27.295,94.098,19.6,1002.4,98.15
2010-03-23T15:00:00,42309099999,LILABARI,27.295,94.098,19.6,1004.1,98.15
2010-03-23T18:00:00,42309099999,LILABARI,27.295,94.098,19.2,1003.5,100.0
2010-03-24T00:00:00,42309099999,LILABARI,27.295,94.098,19.6,1004.5,100.0
2010-03-24T03:00:00,42309099999,LILABARI,27.295,94.098,19.6,1007.6,100.0
2010-03-24T06:00:00,42309099999,LILABARI,27.295,94.098,20.0,1007.8,100.0
2010-03-24T09:00:00,42309099999,LILABARI,27.295,94.098,20.6,1005.5,98.17
2010-03-24T12:00:00,42309099999,LILABARI,27.295,94.098,20.4,1005.7,98.16
2010-03-24T15:00:00,42309099999,LILABARI,27.295,94.098,20.2,1007.4,98.16
2010-03-24T18:00:00,42309099999,LILABARI,27.295,94.098,20.0,1007.3,98.16
2010-03-25T00:00:00,42309099999,LILABARI,27.295,94.098,20.0,1006.3,100.0
2010-03-25T03:00:00,42309099999,LILABARI,27.295,94.098,20.2,1009.4,100.0
2010-03-25T06:00:00,42309099999,LILABARI,27.295,94.098,20.6,1009.4,100.0
2010-03-25T09:00:00,42309099999,LILABARI,27.295,94.098,21.0,1006.7,100.0
2010-03-25T12:00:00,42309099999,LILABARI,27.295,94.098,20.6,1007.8,98.17
2010-03-25T15:00:00,42309099999,LILABARI,27.295,94.098,20.4,1009.7,98.16
2010-03-25T18:00:00,42309099999,LILABARI,27.295,94.098,20.4,1009.4,100.0
2010-03-26T00:00:00,42309099999,LILABARI,27.295,94.098,20.0,1007.6,100.0
2010-03-26T03:00:00,42309099999,LILABARI,27.295,94.098,20.2,1010.2,100.0
2010-03-26T06:00:00,42309099999,LILABARI,27.295,94.098,20.0,1009.3,100.0
2010-03-26T09:00:00,42309099999,LILABARI,27.295,94.098,20.0,1006.5,100.0
2010-03-26T12:00:00,42309099999,LILABARI,27.295,94.098,20.0,1005.7,100.0
2010-03-26T15:00:00,42309099999,LILABARI,27.295,94.098,19.0,1008.0,98.14
2010-03-26T18:00:00,42309099999,LILABARI,27.295,94.098,18.6,1008.2,100.0
2010-03-27T00:00:00,42309099999,LILABARI,27.295,94.098,19.0,1010.4,100.0
2010-03-27T03:00:00,42309099999,LILABARI,27.295,94.098,20.8,1012.0,92.28
2010-03-27T06:00:00,42309099999,LILABARI,27.295,94.098,24.4,1011.0,81.86
2010-03-27T09:00:00,42309099999,LILABARI,27.295,94.098,23.0,1008.2,92.96
2010-03-27T12:00:00,42309099999,LILABARI,27.295,94.098,21.6,1007.5,96.39
2010-03-27T15:00:00,42309099999,LILABARI,27.295,94.098,20.8,1010.1,96.37
2010-03-27T18:00:00,42309099999,LILABARI,27.295,94.098,20.6,1010.3,98.17
2010-03-28T03:00:00,42309099999,LILABARI,27.295,94.098,18.8,1012.4,95.71
2010-03-28T06:00:00,42309099999,LILABARI,27.295,94.098,19.8,1011.8,92.22
2010-03-28T09:00:00,42309099999,LILABARI,27.295,94.098,19.0,1008.9,93.93
2010-03-28T12:00:00,42309099999,LILABARI,27.295,94.098,18.0,1009.2,98.13
2010-03-28T15:00:00,42309099999,LILABARI,27.295,94.098,18.4,1011.4,98.14
2010-03-28T18:00:00,42309099999,LILABARI,27.295,94.098,18.0,1011.7,98.13
2010-03-29T00:00:00,42309099999,LILABARI,27.295,94.098,17.4,1012.0,98.12
2010-03-29T03:00:00,42309099999,LILABARI,27.295,94.098,20.4,1013.1,90.54
2010-03-29T06:00:00,42309099999,LILABARI,27.295,94.098,22.0,1011.5,87.35
2010-03-29T09:00:00,42309099999,LILABARI,27.295,94.098,21.6,1008.8,91.19
2010-03-29T12:00:00,42309099999,LILABARI,27.295,94.098,19.8,1009.0,96.34
2010-03-29T15:00:00,42309099999,LILABARI,27.295,94.098,19.0,1010.3,98.14
2010-03-29T18:00:00,42309099999,LILABARI,27.295,94.098,18.8,1011.1,98.14
2010-03-30T00:00:00,42309099999,LILABARI,27.295,94.098,18.6,1009.7,98.14
2010-03-30T03:00:00,42309099999,LILABARI,27.295,94.098,20.8,1011.1,92.28
2010-03-30T06:00:00,42309099999,LILABARI,27.295,94.098,20.0,1011.1,100.0
2010-03-30T09:00:00,42309099999,LILABARI,27.295,94.098,21.6,1007.4,88.95
2010-03-30T12:00:00,42309099999,LILABARI,27.295,94.098,21.0,1006.2,94.6
2010-03-30T15:00:00,42309099999,LILABARI,27.295,94.098,19.0,1007.6,100.0
2010-03-30T18:00:00,42309099999,LILABARI,27.295,94.098,18.6,1008.0,98.14
2010-03-31T00:00:00,42309099999,LILABARI,27.295,94.098,18.0,1004.8,100.0
2010-03-31T03:00:00,42309099999,LILABARI,27.295,94.098,18.8,1007.1,98.14
2010-03-31T06:00:00,42309099999,LILABARI,27.295,94.098,18.8,1006.9,98.14
2010-03-31T09:00:00,42309099999,LILABARI,27.295,94.098,19.8,1003.8,96.34
2010-03-31T12:00:00,42309099999,LILABARI,27.295,94.098,19.6,1003.1,90.49
2010-03-31T15:00:00,42309099999,LILABARI,27.295,94.098,18.2,1004.5,98.13
2010-03-31T18:00:00,42309099999,LILABARI,27.295,94.098,17.8,1004.9,98.13
2010-04-01T00:00:00,42309099999,LILABARI,27.295,94.098,17.4,1004.9,98.12
2010-04-01T03:00:00,42309099999,LILABARI,27.295,94.098,20.6,1006.7,88.87
2010-04-01T06:00:00,42309099999,LILABARI,27.295,94.098,24.6,1006.0,78.44
2010-04-01T09:00:00,42309099999,LILABARI,27.295,94.098,24.6,1003.0,75.59
2010-04-01T12:00:00,42309099999,LILABARI,27.295,94.098,20.6,1003.4,94.59
2010-04-01T15:00:00,42309099999,LILABARI,27.295,94.098,20.0,1005.2,98.16
2010-04-01T18:00:00,42309099999,LILABARI,27.295,94.098,19.4,1005.7,96.33
2010-04-02T00:00:00,42309099999,LILABARI,27.295,94.098,18.8,1006.2,95.71
2010-04-02T03:00:00,42309099999,LILABARI,27.295,94.098,21.0,1008.3,87.26
2010-04-02T06:00:00,42309099999,LILABARI,27.295,94.098,25.8,1007.4,73.03
2010-04-02T09:00:00,42309099999,LILABARI,27.295,94.098,25.0,1004.6,75.65
2010-04-02T12:00:00,42309099999,LILABARI,27.295,94.098,21.6,1005.1,96.39
2010-04-02T15:00:00,42309099999,LILABARI,27.295,94.098,20.2,1006.3,98.16
2010-04-02T18:00:00,42309099999,LILABARI,27.295,94.098,19.0,1006.4,100.0
2010-04-03T00:00:00,42309099999,LILABARI,27.295,94.098,19.4,1007.8,100.0
2010-04-03T03:00:00,42309099999,LILABARI,27.295,94.098,22.4,1010.4,87.38
2010-04-03T06:00:00,42309099999,LILABARI,27.295,94.098,23.0,1010.3,92.96
2010-04-03T09:00:00,42309099999,LILABARI,27.295,94.098,26.4,1006.8,76.34
2010-04-03T12:00:00,42309099999,LILABARI,27.295,94.098,23.6,1006.6,86.42
2010-04-03T15:00:00,42309099999,LILABARI,27.295,94.098,22.2,1008.0,91.22
2010-04-03T18:00:00,42309099999,LILABARI,27.295,94.098,21.0,1008.3,90.58
2010-04-04T00:00:00,42309099999,LILABARI,27.295,94.098,19.0,1011.2,100.0
2010-04-04T03:00:00,42309099999,LILABARI,27.295,94.098,19.8,1013.5,96.34
2010-04-04T06:00:00,42309099999,LILABARI,27.295,94.098,24.4,1012.1,75.55
2010-04-04T09:00:00,42309099999,LILABARI,27.295,94.098,26.4,1008.3,73.59
2010-04-04T12:00:00,42309099999,LILABARI,27.295,94.098,24.6,1007.0,86.52
2010-04-04T15:00:00,42309099999,LILABARI,27.295,94.098,22.2,1009.2,92.92
2010-04-04T18:00:00,42309099999,LILABARI,27.295,94.098,21.0,1009.7,92.86
2010-04-05T00:00:00,42309099999,LILABARI,27.295,94.098,21.2,1008.3,98.17
2010-04-05T03:00:00,42309099999,LILABARI,27.295,94.098,22.6,1009.6,91.25
2010-04-05T06:00:00,42309099999,LILABARI,27.295,94.098,23.8,1009.0,91.88
2010-04-05T09:00:00,42309099999,LILABARI,27.295,94.098,25.0,1006.1,83.45
2010-04-05T12:00:00,42309099999,LILABARI,27.295,94.098,24.0,1004.7,88.06
2010-04-05T15:00:00,42309099999,LILABARI,27.295,94.098,22.2,1006.4,98.19
2010-04-05T18:00:00,42309099999,LILABARI,27.295,94.098,21.6,1006.0,98.18
2010-04-06T00:00:00,42309099999,LILABARI,27.295,94.098,20.4,1006.1,98.16
2010-04-06T03:00:00,42309099999,LILABARI,27.295,94.098,22.0,1007.8,94.64
2010-04-06T06:00:00,42309099999,LILABARI,27.295,94.098,23.8,1008.4,89.67
2010-04-06T09:00:00,42309099999,LILABARI,27.295,94.098,26.6,1004.3,79.69
2010-04-06T12:00:00,42309099999,LILABARI,27.295,94.098,25.0,1004.6,83.45
2010-04-06T15:00:00,42309099999,LILABARI,27.295,94.098,22.4,1006.6,91.24
2010-04-06T18:00:00,42309099999,LILABARI,27.295,94.098,22.0,1006.1,98.19
2010-04-07T00:00:00,42309099999,LILABARI,27.295,94.098,20.0,1011.9,98.16
2010-04-07T03:00:00,42309099999,LILABARI,27.295,94.098,22.0,1014.3,79.05
2010-04-07T06:00:00,42309099999,LILABARI,27.295,94.098,27.4,1013.8,67.29
2010-04-07T09:00:00,42309099999,LILABARI,27.295,94.098,29.4,1010.7,63.3
2010-04-07T12:00:00,42309099999,LILABARI,27.295,94.098,26.8,1010.9,76.4
2010-04-07T15:00:00,42309099999,LILABARI,27.295,94.098,24.0,1013.8,91.34
2010-04-07T18:00:00,42309099999,LILABARI,27.295,94.098,23.0,1014.4,92.96
2010-04-08T00:00:00,42309099999,LILABARI,27.295,94.098,19.4,1013.3,98.15
2010-04-08T03:00:00,42309099999,LILABARI,27.295,94.098,26.4,1014.4,73.59
2010-04-08T06:00:00,42309099999,LILABARI,27.295,94.098,31.0,1012.0,59.54
2010-04-08T09:00:00,42309099999,LILABARI,27.295,94.098,32.0,1007.5,63.85
2010-04-08T12:00:00,42309099999,LILABARI,27.295,94.098,29.0,1006.9,81.93
2010-04-08T15:00:00,42309099999,LILABARI,27.295,94.098,24.6,1008.9,91.37
2010-04-08T18:00:00,42309099999,LILABARI,27.295,94.098,23.0,1009.4,92.96
2010-04-09T00:00:00,42309099999,LILABARI,27.295,94.098,22.2,1007.5,96.4
2010-04-09T03:00:00,42309099999,LILABARI,27.295,94.098,26.0,1009.0,80.58
2010-04-09T06:00:00,42309099999,LILABARI,27.295,94.098,27.0,1007.9,75.5
2010-04-09T09:00:00,42309099999,LILABARI,27.295,94.098,25.6,1003.9,83.52
2010-04-09T12:00:00,42309099999,LILABARI,27.295,94.098,24.0,1003.7,88.06
2010-04-09T15:00:00,42309099999,LILABARI,27.295,94.098,23.8,1005.5,96.45
2010-04-09T18:00:00,42309099999,LILABARI,27.295,94.098,23.4,1005.7,96.44
2010-04-10T00:00:00,42309099999,LILABARI,27.295,94.098,21.2,1004.0,100.0
2010-04-10T03:00:00,42309099999,LILABARI,27.295,94.098,21.4,1005.6,100.0
2010-04-10T06:00:00,42309099999,LILABARI,27.295,94.098,21.6,1004.8,94.63
2010-04-10T09:00:00,42309099999,LILABARI,27.295,94.098,25.2,1000.5,85.01
2010-04-11T15:00:00,42309099999,LILABARI,27.295,94.098,22.2,1005.5,96.4
2010-04-11T18:00:00,42309099999,LILABARI,27.295,94.098,21.6,1005.7,98.18
2010-04-12T00:00:00,42309099999,LILABARI,27.295,94.098,21.0,1006.6,100.0
2010-04-12T03:00:00,42309099999,LILABARI,27.295,94.098,21.6,1008.9,98.18
2010-04-12T06:00:00,42309099999,LILABARI,27.295,94.098,24.4,1008.1,89.71
2010-04-12T09:00:00,42309099999,LILABARI,27.295,94.098,24.6,1005.1,91.37
2010-04-12T12:00:00,42309099999,LILABARI,27.295,94.098,23.0,1006.1,100.0
2010-04-12T15:00:00,42309099999,LILABARI,27.295,94.098,22.2,1007.6,100.0
2010-04-12T18:00:00,42309099999,LILABARI,27.295,94.098,21.6,1007.9,100.0
2010-04-13T00:00:00,42309099999,LILABARI,27.295,94.098,21.4,1007.4,98.18
2010-04-13T03:00:00,42309099999,LILABARI,27.295,94.098,23.0,1008.7,96.43
2010-04-13T06:00:00,42309099999,LILABARI,27.295,94.098,24.0,1007.6,91.34
2010-04-13T09:00:00,42309099999,LILABARI,27.295,94.098,24.6,1004.3,89.73
2010-04-13T12:00:00,42309099999,LILABARI,27.295,94.098,23.0,1002.8,100.0
2010-04-13T15:00:00,42309099999,LILABARI,27.295,94.098,22.4,1004.8,100.0
2010-04-13T18:00:00,42309099999,LILABARI,27.295,94.098,21.6,1004.5,100.0
2010-04-14T00:00:00,42309099999,LILABARI,27.295,94.098,22.0,1007.4,100.0
2010-04-14T03:00:00,42309099999,LILABARI,27.295,94.098,23.2,1008.8,98.2
2010-04-14T06:00:00,42309099999,LILABARI,27.295,94.098,28.0,1008.6,80.35
2010-04-14T09:00:00,42309099999,LILABARI,27.295,94.098,27.4,1006.7,76.95
2010-04-14T12:00:00,42309099999,LILABARI,27.295,94.098,23.0,1008.0,91.27
2010-04-14T15:00:00,42309099999,LILABARI,27.295,94.098,22.0,1009.8,94.64
2010-04-14T18:00:00,42309099999,LILABARI,27.295,94.098,21.4,1009.6,96.38
2010-04-15T00:00:00,42309099999,LILABARI,27.295,94.098,20.4,1011.8,96.36
2010-04-15T03:00:00,42309099999,LILABARI,27.295,94.098,26.2,1013.1,79.15
2010-04-15T06:00:00,42309099999,LILABARI,27.295,94.098,28.8,1011.7,65.53
2010-04-15T09:00:00,42309099999,LILABARI,27.295,94.098,31.0,1009.7,65.59
2010-04-15T12:00:00,42309099999,LILABARI,27.295,94.098,27.0,1007.5,84.18
2010-04-15T15:00:00,42309099999,LILABARI,27.295,94.098,24.0,1010.5,91.34
2010-04-15T18:00:00,42309099999,LILABARI,27.295,94.098,22.6,1010.8,94.67
2010-04-16T00:00:00,42309099999,LILABARI,27.295,94.098,21.2,1011.1,98.17
2010-04-16T03:00:00,42309099999,LILABARI,27.295,94.098,23.8,1012.8,84.87
2010-04-16T06:00:00,42309099999,LILABARI,27.295,94.098,29.0,1011.1,73.58
2010-04-16T09:00:00,42309099999,LILABARI,27.295,94.098,30.4,1006.8,69.11
2010-04-16T12:00:00,42309099999,LILABARI,27.295,94.098,26.6,1004.6,82.63
2010-04-16T15:00:00,42309099999,LILABARI,27.295,94.098,24.4,1007.7,91.36
2010-04-16T18:00:00,42309099999,LILABARI,27.295,94.098,22.8,1008.0,96.42
2010-04-17T00:00:00,42309099999,LILABARI,27.295,94.098,22.2,1008.5,94.65
2010-04-17T03:00:00,42309099999,LILABARI,27.295,94.098,23.6,1010.4,96.44
2010-04-17T06:00:00,42309099999,LILABARI,27.295,94.098,25.0,1010.6,91.4
2010-04-17T09:00:00,42309099999,LILABARI,27.295,94.098,24.0,1008.6,94.72
2010-04-17T12:00:00,42309099999,LILABARI,27.295,94.098,23.2,1008.3,94.69
2010-04-17T15:00:00,42309099999,LILABARI,27.295,94.098,22.0,1010.1,100.0
2010-04-17T18:00:00,42309099999,LILABARI,27.295,94.098,21.4,1010.5,100.0
2010-04-18T00:00:00,42309099999,LILABARI,27.295,94.098,21.2,1009.6,98.17
2010-04-18T03:00:00,42309099999,LILABARI,27.295,94.098,24.0,1010.8,86.46
2010-04-18T06:00:00,42309099999,LILABARI,27.295,94.098,27.0,1009.5,76.89
2010-04-18T09:00:00,42309099999,LILABARI,27.295,94.098,27.6,1006.4,72.9
2010-04-18T12:00:00,42309099999,LILABARI,27.295,94.098,26.0,1006.3,85.61
2010-04-18T15:00:00,42309099999,LILABARI,27.295,94.098,24.4,1007.6,90.81
2010-04-18T18:00:00,42309099999,LILABARI,27.295,94.098,23.0,1007.5,96.43
2010-04-19T00:00:00,42309099999,LILABARI,27.295,94.098,21.6,1004.6,100.0
2010-04-19T03:00:00,42309099999,LILABARI,27.295,94.098,22.2,1006.6,100.0
2010-04-19T06:00:00,42309099999,LILABARI,27.295,94.098,22.4,1006.0,100.0
2010-04-19T09:00:00,42309099999,LILABARI,27.295,94.098,22.6,1003.0,98.19
2010-04-19T12:00:00,42309099999,LILABARI,27.295,94.098,21.4,1002.4,100.0
2010-04-19T15:00:00,42309099999,LILABARI,27.295,94.098,21.0,1004.0,100.0
2010-04-19T18:00:00,42309099999,LILABARI,27.295,94.098,20.6,1003.8,100.0
2010-04-20T00:00:00,42309099999,LILABARI,27.295,94.098,20.0,1002.6,100.0
2010-04-20T03:00:00,42309099999,LILABARI,27.295,94.098,21.6,1004.0,98.18
2010-04-20T06:00:00,42309099999,LILABARI,27.295,94.098,23.6,1003.7,91.31
2010-04-20T09:00:00,42309099999,LILABARI,27.295,94.098,23.6,1000.9,96.44
2010-04-20T12:00:00,42309099999,LILABARI,27.295,94.098,22.0,1000.8,100.0
2010-04-20T15:00:00,42309099999,LILABARI,27.295,94.098,21.4,1002.6,100.0
2010-04-20T18:00:00,42309099999,LILABARI,27.295,94.098,21.0,1002.4,100.0
2010-04-21T00:00:00,42309099999,LILABARI,27.295,94.098,20.2,1003.8,100.0
2010-04-21T03:00:00,42309099999,LILABARI,27.295,94.098,21.4,1005.8,100.0
2010-04-21T06:00:00,42309099999,LILABARI,27.295,94.098,21.4,1005.5,100.0
2010-04-21T09:00:00,42309099999,LILABARI,27.295,94.098,21.8,1003.5,98.18
2010-04-21T12:00:00,42309099999,LILABARI,27.295,94.098,21.4,1002.8,100.0
2010-04-21T15:00:00,42309099999,LILABARI,27.295,94.098,20.4,1003.9,100.0
2010-04-21T18:00:00,42309099999,LILABARI,27.295,94.098,20.2,1003.7,100.0
2010-04-22T00:00:00,42309099999,LILABARI,27.295,94.098,20.8,1004.5,100.0
2010-04-22T03:00:00,42309099999,LILABARI,27.295,94.098,22.0,1007.2,98.19
2010-04-22T06:00:00,42309099999,LILABARI,27.295,94.098,22.0,1006.8,100.0
2010-04-22T09:00:00,42309099999,LILABARI,27.295,94.098,22.2,1004.5,100.0
2010-04-22T12:00:00,42309099999,LILABARI,27.295,94.098,21.6,1004.9,100.0
2010-04-22T15:00:00,42309099999,LILABARI,27.295,94.098,20.2,1006.1,100.0
2010-04-22T18:00:00,42309099999,LILABARI,27.295,94.098,20.0,1006.3,100.0
2010-04-22T21:00:00,42309099999,LILABARI,27.295,94.098,20.0,1006.3,100.0
2010-04-23T00:00:00,42309099999,LILABARI,27.295,94.098,21.4,1006.4,100.0
2010-04-23T03:00:00,42309099999,LILABARI,27.295,94.098,21.4,1008.9,100.0
2010-04-23T06:00:00,42309099999,LILABARI,27.295,94.098,21.6,1008.6,100.0
2010-04-23T09:00:00,42309099999,LILABARI,27.295,94.098,21.6,1005.5,100.0
2010-04-23T18:00:00,42309099999,LILABARI,27.295,94.098,20.2,1007.1,100.0
2010-04-24T00:00:00,42309099999,LILABARI,27.295,94.098,20.4,1006.6,100.0
2010-04-24T03:00:00,42309099999,LILABARI,27.295,94.098,21.6,1008.8,94.63
2010-04-24T06:00:00,42309099999,LILABARI,27.295,94.098,22.0,1007.8,91.21
2010-04-24T09:00:00,42309099999,LILABARI,27.295,94.098,22.6,1004.3,94.67
2010-04-24T12:00:00,42309099999,LILABARI,27.295,94.098,20.4,1004.2,100.0
2010-04-24T15:00:00,42309099999,LILABARI,27.295,94.098,20.8,1004.8,96.37
2010-04-24T18:00:00,42309099999,LILABARI,27.295,94.098,20.4,1005.0,98.16
2010-04-25T00:00:00,42309099999,LILABARI,27.295,94.098,19.0,1006.0,100.0
2010-04-25T03:00:00,42309099999,LILABARI,27.295,94.098,20.6,1009.5,96.36
2010-04-25T06:00:00,42309099999,LILABARI,27.295,94.098,23.2,1008.6,86.39
2010-04-25T09:00:00,42309099999,LILABARI,27.295,94.098,24.0,1007.0,83.34
2010-04-25T12:00:00,42309099999,LILABARI,27.295,94.098,22.0,1006.6,91.21
2010-04-25T15:00:00,42309099999,LILABARI,27.295,94.098,19.6,1008.5,100.0
2010-04-25T18:00:00,42309099999,LILABARI,27.295,94.098,19.6,1008.9,100.0
2010-04-26T00:00:00,42309099999,LILABARI,27.295,94.098,19.4,1012.5,100.0
2010-04-26T03:00:00,42309099999,LILABARI,27.295,94.098,20.0,1014.5,100.0
2010-04-26T06:00:00,42309099999,LILABARI,27.295,94.098,21.0,1015.3,100.0
2010-04-26T09:00:00,42309099999,LILABARI,27.295,94.098,24.4,1013.8,84.93
2010-04-26T12:00:00,42309099999,LILABARI,27.295,94.098,21.8,1013.0,96.39
2010-04-26T15:00:00,42309099999,LILABARI,27.295,94.098,20.4,1013.5,98.16
2010-04-26T18:00:00,42309099999,LILABARI,27.295,94.098,20.0,1014.0,100.0
2010-04-27T00:00:00,42309099999,LILABARI,27.295,94.098,18.6,1014.0,98.14
2010-04-27T03:00:00,42309099999,LILABARI,27.295,94.098,23.0,1016.3,85.84
2010-04-27T06:00:00,42309099999,LILABARI,27.295,94.098,26.4,1015.2,72.24
2010-04-27T09:00:00,42309099999,LILABARI,27.295,94.098,26.6,1012.2,73.62
2010-04-27T12:00:00,42309099999,LILABARI,27.295,94.098,24.6,1012.0,88.11
2010-04-27T15:00:00,42309099999,LILABARI,27.295,94.098,21.0,1013.0,98.17
2010-04-27T18:00:00,42309099999,LILABARI,27.295,94.098,20.4,1013.7,98.16
2010-04-28T00:00:00,42309099999,LILABARI,27.295,94.098,18.2,1013.2,98.13
2010-04-28T03:00:00,42309099999,LILABARI,27.295,94.098,25.2,1013.8,79.01
2010-04-28T06:00:00,42309099999,LILABARI,27.295,94.098,28.4,1011.8,69.15
2010-04-28T09:00:00,42309099999,LILABARI,27.295,94.098,29.6,1008.8,67.31
2010-04-28T12:00:00,42309099999,LILABARI,27.295,94.098,27.0,1008.0,84.18
2010-04-28T15:00:00,42309099999,LILABARI,27.295,94.098,23.8,1010.5,89.67
2010-04-28T18:00:00,42309099999,LILABARI,27.295,94.098,21.8,1011.0,95.8
2010-04-29T00:00:00,42309099999,LILABARI,27.295,94.098,20.4,,96.36
2010-04-29T03:00:00,42309099999,LILABARI,27.295,94.098,27.2,1011.5,75.54
2010-04-29T06:00:00,42309099999,LILABARI,27.295,94.098,28.8,1011.3,72.22
2010-04-29T09:00:00,42309099999,LILABARI,27.295,94.098,23.4,1011.5,88.01
2010-04-29T12:00:00,42309099999,LILABARI,27.295,94.098,21.6,1009.9,96.39
2010-04-29T15:00:00,42309099999,LILABARI,27.295,94.098,21.4,1010.6,96.38
2010-04-29T18:00:00,42309099999,LILABARI,27.295,94.098,21.2,1010.8,98.17
2010-04-30T00:00:00,42309099999,LILABARI,27.295,94.098,19.8,1012.6,96.34
2010-04-30T03:00:00,42309099999,LILABARI,27.295,94.098,25.6,1013.5,77.63
2010-04-30T06:00:00,42309099999,LILABARI,27.295,94.098,29.6,1012.7,67.31
2010-04-30T09:00:00,42309099999,LILABARI,27.295,94.098,30.0,1009.1,72.87
2010-04-30T12:00:00,42309099999,LILABARI,27.295,94.098,27.4,1008.3,84.22
2010-04-30T15:00:00,42309099999,LILABARI,27.295,94.098,24.2,1009.9,96.46
2010-04-30T18:00:00,42309099999,LILABARI,27.295,94.098,23.6,1010.3,90.76
2010-05-01T00:00:00,42309099999,LILABARI,27.295,94.098,21.4,1011.7,98.18
2010-05-01T03:00:00,42309099999,LILABARI,27.295,94.098,29.0,1012.4,73.58
2010-05-01T06:00:00,42309099999,LILABARI,27.295,94.098,31.6,1010.9,64.93
2010-05-01T09:00:00,42309099999,LILABARI,27.295,94.098,32.6,1006.9,63.22
2010-05-01T12:00:00,42309099999,LILABARI,27.295,94.098,30.2,1006.0,75.55
2010-05-01T15:00:00,42309099999,LILABARI,27.295,94.098,25.6,1007.8,91.44
2010-05-01T18:00:00,42309099999,LILABARI,27.295,94.098,23.4,1007.8,92.98
2010-05-02T00:00:00,42309099999,LILABARI,27.295,94.098,22.6,1008.8,96.42
2010-05-02T03:00:00,42309099999,LILABARI,27.295,94.098,27.0,1010.2,84.18
2010-05-02T06:00:00,42309099999,LILABARI,27.295,94.098,28.6,1009.8,83.36
2010-05-02T09:00:00,42309099999,LILABARI,27.295,94.098,29.4,1006.9,79.11
2010-05-02T12:00:00,42309099999,LILABARI,27.295,94.098,27.6,1005.9,87.31
2010-05-02T15:00:00,42309099999,LILABARI,27.295,94.098,24.2,1006.3,96.46
2010-05-02T18:00:00,42309099999,LILABARI,27.295,94.098,23.2,1007.4,96.43
2010-05-03T00:00:00,42309099999,LILABARI,27.295,94.098,22.6,1006.1,96.42
2010-05-03T03:00:00,42309099999,LILABARI,27.295,94.098,28.2,1006.9,81.83
2010-05-03T06:00:00,42309099999,LILABARI,27.295,94.098,31.4,1005.4,69.71
2010-05-03T09:00:00,42309099999,LILABARI,27.295,94.098,32.0,1003.4,69.83
2010-05-03T12:00:00,42309099999,LILABARI,27.295,94.098,27.0,1001.5,92.07
2010-05-03T15:00:00,42309099999,LILABARI,27.295,94.098,25.4,1004.2,85.03
2010-05-03T18:00:00,42309099999,LILABARI,27.295,94.098,24.0,1004.1,94.72
2010-05-04T00:00:00,42309099999,LILABARI,27.295,94.098,23.2,1004.5,96.43
2010-05-04T03:00:00,42309099999,LILABARI,27.295,94.098,24.0,1008.5,94.72
2010-05-04T06:00:00,42309099999,LILABARI,27.295,94.098,24.0,1007.7,91.34
2010-05-04T09:00:00,42309099999,LILABARI,27.295,94.098,24.8,1005.6,83.43
2010-05-04T12:00:00,42309099999,LILABARI,27.295,94.098,24.6,1004.7,86.52
2010-05-04T15:00:00,42309099999,LILABARI,27.295,94.098,23.6,1006.1,94.7
2010-05-04T18:00:00,42309099999,LILABARI,27.295,94.098,23.0,1006.7,96.43
2010-05-05T00:00:00,42309099999,LILABARI,27.295,94.098,22.4,,96.41
2010-05-05T03:00:00,42309099999,LILABARI,27.295,94.098,26.2,1007.5,82.58
2010-05-05T06:00:00,42309099999,LILABARI,27.295,94.098,30.0,1006.1,75.52
2010-05-05T09:00:00,42309099999,LILABARI,27.295,94.098,31.8,1003.4,71.04
2010-05-05T12:00:00,42309099999,LILABARI,27.295,94.098,29.0,1002.6,81.93
2010-05-05T15:00:00,42309099999,LILABARI,27.295,94.098,26.0,1004.6,90.37
2010-05-05T18:00:00,42309099999,LILABARI,27.295,94.098,25.0,1005.0,94.19
2010-05-06T00:00:00,42309099999,LILABARI,27.295,94.098,23.2,1006.0,94.69
2010-05-06T03:00:00,42309099999,LILABARI,27.295,94.098,26.0,1008.4,87.17
2010-05-06T06:00:00,42309099999,LILABARI,27.295,94.098,31.0,1007.3,72.17
2010-05-06T09:00:00,42309099999,LILABARI,27.295,94.098,31.2,1004.1,70.93
2010-05-06T12:00:00,42309099999,LILABARI,27.295,94.098,28.8,1003.8,77.63
2010-05-06T15:00:00,42309099999,LILABARI,27.295,94.098,25.2,1005.4,91.41
2010-05-06T18:00:00,42309099999,LILABARI,27.295,94.098,24.0,1005.9,94.72
2010-05-07T00:00:00,42309099999,LILABARI,27.295,94.098,23.0,1005.3,92.96
2010-05-07T03:00:00,42309099999,LILABARI,27.295,94.098,28.0,1006.4,81.81
2010-05-07T06:00:00,42309099999,LILABARI,27.295,94.098,31.6,1005.6,71.0
2010-05-07T09:00:00,42309099999,LILABARI,27.295,94.098,33.6,1002.6,69.71
2010-05-07T12:00:00,42309099999,LILABARI,27.295,94.098,27.2,1002.9,84.2
2010-05-07T15:00:00,42309099999,LILABARI,27.295,94.098,24.4,1004.6,93.04
2010-05-07T18:00:00,42309099999,LILABARI,27.295,94.098,23.6,1004.8,94.7
2010-05-08T00:00:00,42309099999,LILABARI,27.295,94.098,23.0,1004.8,96.43
2010-05-08T03:00:00,42309099999,LILABARI,27.295,94.098,24.6,1005.9,94.74
2010-05-08T06:00:00,42309099999,LILABARI,27.295,94.098,27.6,1004.7,82.75
2010-05-08T09:00:00,42309099999,LILABARI,27.295,94.098,26.6,1002.5,92.04
2010-05-09T00:00:00,42309099999,LILABARI,27.295,94.098,22.6,1002.5,98.19
2010-05-09T03:00:00,42309099999,LILABARI,27.295,94.098,23.4,1004.4,96.44
2010-05-09T06:00:00,42309099999,LILABARI,27.295,94.098,23.4,1004.0,96.44
2010-05-09T09:00:00,42309099999,LILABARI,27.295,94.098,23.2,1001.5,98.2
2010-05-09T12:00:00,42309099999,LILABARI,27.295,94.098,23.4,1001.2,96.44
2010-05-09T15:00:00,42309099999,LILABARI,27.295,94.098,22.4,1003.8,98.19
2010-05-09T18:00:00,42309099999,LILABARI,27.295,94.098,22.0,1004.3,98.19
2010-05-10T00:00:00,42309099999,LILABARI,27.295,94.098,22.0,1004.0,94.64
2010-05-10T03:00:00,42309099999,LILABARI,27.295,94.098,26.6,1005.1,76.37
2010-05-10T06:00:00,42309099999,LILABARI,27.295,94.098,26.4,1004.7,81.12
2010-05-10T09:00:00,42309099999,LILABARI,27.295,94.098,24.6,1002.8,91.37
2010-05-10T12:00:00,42309099999,LILABARI,27.295,94.098,24.0,1001.9,93.02
2010-05-10T15:00:00,42309099999,LILABARI,27.295,94.098,22.4,1002.7,100.0
2010-05-10T18:00:00,42309099999,LILABARI,27.295,94.098,22.0,1003.3,100.0
2010-05-11T00:00:00,42309099999,LILABARI,27.295,94.098,22.0,1004.3,98.19
2010-05-11T03:00:00,42309099999,LILABARI,27.295,94.098,23.6,1004.0,94.7
2010-05-11T06:00:00,42309099999,LILABARI,27.295,94.098,24.0,1003.3,96.45
2010-05-11T09:00:00,42309099999,LILABARI,27.295,94.098,23.6,1000.5,98.21
2010-05-11T12:00:00,42309099999,LILABARI,27.295,94.098,22.2,1000.0,99.39
2010-05-11T15:00:00,42309099999,LILABARI,27.295,94.098,22.2,1001.0,100.0
2010-05-11T18:00:00,42309099999,LILABARI,27.295,94.098,22.0,1001.3,100.0
2010-05-12T00:00:00,42309099999,LILABARI,27.295,94.098,22.2,1002.6,100.0
2010-05-12T03:00:00,42309099999,LILABARI,27.295,94.098,22.2,1004.3,100.0
2010-05-12T06:00:00,42309099999,LILABARI,27.295,94.098,23.6,1003.7,91.31
2010-05-12T09:00:00,42309099999,LILABARI,27.295,94.098,24.2,1001.0,91.35
2010-05-12T12:00:00,42309099999,LILABARI,27.295,94.098,24.2,1000.5,93.03
2010-05-12T15:00:00,42309099999,LILABARI,27.295,94.098,22.4,1003.0,98.19
2010-05-12T18:00:00,42309099999,LILABARI,27.295,94.098,22.2,1003.4,98.19
2010-05-13T00:00:00,42309099999,LILABARI,27.295,94.098,21.2,1004.8,98.17
2010-05-13T03:00:00,42309099999,LILABARI,27.295,94.098,23.0,1006.3,94.68
2010-05-13T06:00:00,42309099999,LILABARI,27.295,94.098,26.0,1005.6,84.07
2010-05-13T09:00:00,42309099999,LILABARI,27.295,94.098,26.4,1002.8,84.12
2010-05-14T09:00:00,42309099999,LILABARI,27.295,94.098,25.8,1003.9,77.66
2010-05-14T12:00:00,42309099999,LILABARI,27.295,94.098,23.6,1002.8,91.31
2010-05-14T15:00:00,42309099999,LILABARI,27.295,94.098,22.8,1002.8,92.95
2010-05-14T18:00:00,42309099999,LILABARI,27.295,94.098,22.0,1004.4,94.64
2010-05-14T21:00:00,42309099999,LILABARI,27.295,94.098,21.6,1004.4,96.39
2010-05-15T00:00:00,42309099999,LILABARI,27.295,94.098,22.2,1004.6,98.19
2010-05-15T03:00:00,42309099999,LILABARI,27.295,94.098,25.6,1006.0,87.14
2010-05-15T06:00:00,42309099999,LILABARI,27.295,94.098,25.4,1004.9,81.99
2010-05-15T09:00:00,42309099999,LILABARI,27.295,94.098,25.4,1002.8,88.18
2010-05-15T12:00:00,42309099999,LILABARI,27.295,94.098,24.8,1001.4,91.39
2010-05-15T15:00:00,42309099999,LILABARI,27.295,94.098,23.6,1003.3,91.31
2010-05-15T18:00:00,42309099999,LILABARI,27.295,94.098,23.0,1004.5,91.27
2010-05-16T00:00:00,42309099999,LILABARI,27.295,94.098,21.4,1005.2,100.0
2010-05-16T03:00:00,42309099999,LILABARI,27.295,94.098,21.0,1009.0,100.0
2010-05-16T06:00:00,42309099999,LILABARI,27.295,94.098,23.4,1007.9,91.3
2010-05-16T09:00:00,42309099999,LILABARI,27.295,94.098,23.4,1007.1,92.98
2010-05-16T12:00:00,42309099999,LILABARI,27.295,94.098,22.2,1007.0,92.92
2010-05-16T15:00:00,42309099999,LILABARI,27.295,94.098,21.6,1008.2,98.18
2010-05-16T18:00:00,42309099999,LILABARI,27.295,94.098,21.0,1008.6,98.17
2010-05-17T00:00:00,42309099999,LILABARI,27.295,94.098,20.2,1009.4,98.16
2010-05-17T06:00:00,42309099999,LILABARI,27.295,94.098,26.4,1009.6,84.12
2010-05-17T09:00:00,42309099999,LILABARI,27.295,94.098,26.8,1006.5,78.28
2010-05-17T12:00:00,42309099999,LILABARI,27.295,94.098,27.0,1005.8,85.71
2010-05-17T15:00:00,42309099999,LILABARI,27.295,94.098,24.0,1007.3,91.34
2010-05-17T18:00:00,42309099999,LILABARI,27.295,94.098,22.6,1007.8,94.67
2010-05-18T00:00:00,42309099999,LILABARI,27.295,94.098,21.0,1008.9,96.37
2010-05-18T03:00:00,42309099999,LILABARI,27.295,94.098,28.6,1008.9,73.51
2010-05-18T06:00:00,42309099999,LILABARI,27.295,94.098,31.4,1007.4,68.48
2010-05-18T09:00:00,42309099999,LILABARI,27.295,94.098,32.6,1004.6,66.7
2010-05-18T12:00:00,42309099999,LILABARI,27.295,94.098,30.6,1003.7,81.16
2010-05-18T15:00:00,42309099999,LILABARI,27.295,94.098,28.0,1005.7,88.92
2010-05-18T18:00:00,42309099999,LILABARI,27.295,94.098,25.4,1006.3,96.49
2010-05-19T00:00:00,42309099999,LILABARI,27.295,94.098,23.4,1007.4,98.2
2010-05-19T03:00:00,42309099999,LILABARI,27.295,94.098,24.0,1008.4,96.45
2010-05-19T06:00:00,42309099999,LILABARI,27.295,94.098,24.0,1007.6,94.72
2010-05-19T09:00:00,42309099999,LILABARI,27.295,94.098,24.6,1005.8,94.74
2010-05-19T12:00:00,42309099999,LILABARI,27.295,94.098,24.0,1005.2,94.72
2010-05-19T15:00:00,42309099999,LILABARI,27.295,94.098,23.0,1005.7,100.0
2010-05-19T18:00:00,42309099999,LILABARI,27.295,94.098,22.2,1006.1,100.0
2010-05-20T00:00:00,42309099999,LILABARI,27.295,94.098,22.8,1003.7,98.2
2010-05-20T03:00:00,42309099999,LILABARI,27.295,94.098,23.4,1005.2,98.2
2010-05-20T06:00:00,42309099999,LILABARI,27.295,94.098,24.2,1005.9,98.21
2010-05-20T09:00:00,42309099999,LILABARI,27.295,94.098,25.6,1003.4,93.1
2010-05-20T12:00:00,42309099999,LILABARI,27.295,94.098,25.2,1002.4,98.23
2010-05-20T15:00:00,42309099999,LILABARI,27.295,94.098,24.8,1004.4,96.47
2010-05-20T18:00:00,42309099999,LILABARI,27.295,94.098,24.0,1005.3,96.45
2010-05-21T00:00:00,42309099999,LILABARI,27.295,94.098,23.2,1004.8,98.2
2010-05-21T03:00:00,42309099999,LILABARI,27.295,94.098,24.4,1007.1,98.22
2010-05-21T06:00:00,42309099999,LILABARI,27.295,94.098,26.6,1006.2,88.81
2010-05-21T09:00:00,42309099999,LILABARI,27.295,94.098,24.6,1004.6,96.47
2010-05-21T12:00:00,42309099999,LILABARI,27.295,94.098,23.8,1004.4,93.0
2010-05-21T15:00:00,42309099999,LILABARI,27.295,94.098,23.4,1006.0,94.7
2010-05-21T18:00:00,42309099999,LILABARI,27.295,94.098,23.0,1007.2,96.43
2010-05-22T00:00:00,42309099999,LILABARI,27.295,94.098,22.0,1007.8,100.0
2010-05-22T03:00:00,42309099999,LILABARI,27.295,94.098,24.6,1009.5,89.73
2010-05-22T06:00:00,42309099999,LILABARI,27.295,94.098,28.6,1008.1,77.6
2010-05-22T09:00:00,42309099999,LILABARI,27.295,94.098,30.2,1005.0,76.91
2010-05-22T12:00:00,42309099999,LILABARI,27.295,94.098,28.4,1003.8,81.86
2010-05-22T15:00:00,42309099999,LILABARI,27.295,94.098,26.0,1006.1,87.17
2010-05-22T18:00:00,42309099999,LILABARI,27.295,94.098,23.8,1006.8,88.04
2010-05-23T00:00:00,42309099999,LILABARI,27.295,94.098,24.4,1006.2,98.22
2010-05-23T03:00:00,42309099999,LILABARI,27.295,94.098,29.0,1006.4,77.66
2010-05-23T06:00:00,42309099999,LILABARI,27.295,94.098,31.0,1005.3,77.49
2010-05-23T09:00:00,42309099999,LILABARI,27.295,94.098,32.0,1002.1,69.83
2010-05-23T12:00:00,42309099999,LILABARI,27.295,94.098,29.6,1000.9,75.46
2010-05-23T15:00:00,42309099999,LILABARI,27.295,94.098,27.4,1002.6,90.47
2010-05-23T18:00:00,42309099999,LILABARI,27.295,94.098,26.0,1003.2,94.8
2010-05-24T00:00:00,42309099999,LILABARI,27.295,94.098,25.6,1003.0,94.78
2010-05-24T03:00:00,42309099999,LILABARI,27.295,94.098,27.6,1003.4,85.77
2010-05-24T06:00:00,42309099999,LILABARI,27.295,94.098,30.4,1002.3,78.32
2010-05-24T09:00:00,42309099999,LILABARI,27.295,94.098,31.0,999.4,73.47
2010-05-24T12:00:00,42309099999,LILABARI,27.295,94.098,29.6,999.0,84.96
2010-05-24T15:00:00,42309099999,LILABARI,27.295,94.098,27.0,1000.1,93.72
2010-05-24T18:00:00,42309099999,LILABARI,27.295,94.098,26.0,1000.4,94.8
2010-05-25T00:00:00,42309099999,LILABARI,27.295,94.098,23.8,999.8,96.45
2010-05-25T03:00:00,42309099999,LILABARI,27.295,94.098,28.0,1000.2,78.45
2010-05-25T06:00:00,42309099999,LILABARI,27.295,94.098,30.2,999.4,69.07
2010-05-25T09:00:00,42309099999,LILABARI,27.295,94.098,30.8,996.4,73.0
2010-05-25T12:00:00,42309099999,LILABARI,27.295,94.098,28.8,997.0,79.03
2010-05-25T15:00:00,42309099999,LILABARI,27.295,94.098,26.4,998.5,88.79
2010-05-25T18:00:00,42309099999,LILABARI,27.295,94.098,25.6,998.8,93.1
2010-05-26T00:00:00,42309099999,LILABARI,27.295,94.098,24.4,1000.2,96.46
2010-05-26T03:00:00,42309099999,LILABARI,27.295,94.098,28.2,999.8,80.38
2010-05-26T06:00:00,42309099999,LILABARI,27.295,94.098,30.0,999.9,75.52
2010-05-26T09:00:00,42309099999,LILABARI,27.295,94.098,31.6,997.8,69.75
2010-05-26T12:00:00,42309099999,LILABARI,27.295,94.098,29.4,997.8,80.54
2010-05-26T15:00:00,42309099999,LILABARI,27.295,94.098,27.2,1000.4,82.7
2010-05-26T18:00:00,42309099999,LILABARI,27.295,94.098,25.8,1001.5,88.74
2010-05-27T00:00:00,42309099999,LILABARI,27.295,94.098,24.2,1000.9,94.73
2010-05-27T03:00:00,42309099999,LILABARI,27.295,94.098,28.2,1001.9,78.95
2010-05-27T06:00:00,42309099999,LILABARI,27.295,94.098,29.4,1002.1,69.76
2010-05-27T09:00:00,42309099999,LILABARI,27.295,94.098,30.6,1000.5,78.35
2010-05-27T12:00:00,42309099999,LILABARI,27.295,94.098,29.2,1001.0,87.97
2010-05-27T15:00:00,42309099999,LILABARI,27.295,94.098,27.0,1002.4,85.71
2010-05-27T18:00:00,42309099999,LILABARI,27.295,94.098,25.6,1002.7,91.44
2010-05-28T00:00:00,42309099999,LILABARI,27.295,94.098,22.8,1004.7,98.2
2010-05-28T03:00:00,42309099999,LILABARI,27.295,94.098,28.2,1005.9,77.54
2010-05-28T06:00:00,42309099999,LILABARI,27.295,94.098,31.8,1005.2,59.0
2010-05-28T09:00:00,42309099999,LILABARI,27.295,94.098,33.0,1002.6,66.78
2010-05-28T12:00:00,42309099999,LILABARI,27.295,94.098,31.4,1001.3,73.54
2010-05-28T15:00:00,42309099999,LILABARI,27.295,94.098,27.2,1003.7,87.28
2010-05-28T18:00:00,42309099999,LILABARI,27.295,94.098,25.6,1004.9,91.44
2010-05-29T00:00:00,42309099999,LILABARI,27.295,94.098,25.2,1004.5,93.08
2010-05-29T03:00:00,42309099999,LILABARI,27.295,94.098,29.0,1004.6,64.38
2010-05-29T06:00:00,42309099999,LILABARI,27.295,94.098,31.4,1003.6,76.19
2010-05-29T09:00:00,42309099999,LILABARI,27.295,94.098,33.0,1000.7,71.67
2010-05-29T12:00:00,42309099999,LILABARI,27.295,94.098,31.6,1000.2,81.76
2010-05-29T15:00:00,42309099999,LILABARI,27.295,94.098,28.2,1002.0,83.31
2010-05-29T18:00:00,42309099999,LILABARI,27.295,94.098,26.8,1002.4,85.69
2010-05-30T00:00:00,42309099999,LILABARI,27.295,94.098,24.6,1003.1,98.22
2010-05-30T03:00:00,42309099999,LILABARI,27.295,94.098,25.2,1005.0,96.48
2010-05-30T06:00:00,42309099999,LILABARI,27.295,94.098,29.0,1004.0,84.9
2010-05-30T09:00:00,42309099999,LILABARI,27.295,94.098,30.8,1001.0,79.77
2010-05-30T12:00:00,42309099999,LILABARI,27.295,94.098,27.8,1001.2,82.77
2010-05-30T15:00:00,42309099999,LILABARI,27.295,94.098,26.0,1002.7,88.76
2010-05-30T18:00:00,42309099999,LILABARI,27.295,94.098,25.4,1003.1,94.77
2010-05-31T00:00:00,42309099999,LILABARI,27.295,94.098,23.6,1002.6,100.0
2010-05-31T03:00:00,42309099999,LILABARI,27.295,94.098,25.0,1003.7,100.0
2010-05-31T06:00:00,42309099999,LILABARI,27.295,94.098,26.4,1003.1,96.51
2010-05-31T09:00:00,42309099999,LILABARI,27.295,94.098,30.4,1000.8,81.14
2010-05-31T12:00:00,42309099999,LILABARI,27.295,94.098,28.6,1000.6,84.85
2010-05-31T15:00:00,42309099999,LILABARI,27.295,94.098,25.6,1002.1,93.1
2010-05-31T18:00:00,42309099999,LILABARI,27.295,94.098,24.8,1002.9,96.47
2010-06-01T00:00:00,42309099999,LILABARI,27.295,94.098,23.8,1004.6,98.21
2010-06-01T03:00:00,42309099999,LILABARI,27.295,94.098,24.0,1005.6,98.21
2010-06-01T06:00:00,42309099999,LILABARI,27.295,94.098,24.6,1005.7,98.22
2010-06-01T09:00:00,42309099999,LILABARI,27.295,94.098,24.0,1004.6,96.45
2010-06-01T12:00:00,42309099999,LILABARI,27.295,94.098,24.4,1003.7,86.5
2010-06-01T15:00:00,42309099999,LILABARI,27.295,94.098,24.0,1005.1,91.34
2010-06-01T18:00:00,42309099999,LILABARI,27.295,94.098,23.4,1005.7,97.61
2010-06-02T00:00:00,42309099999,LILABARI,27.295,94.098,23.4,1006.7,98.2
2010-06-02T03:00:00,42309099999,LILABARI,27.295,94.098,25.0,1007.1,93.07
2010-06-02T06:00:00,42309099999,LILABARI,27.295,94.098,27.6,1006.7,79.82
2010-06-02T09:00:00,42309099999,LILABARI,27.295,94.098,28.2,1005.4,80.38
2010-06-02T12:00:00,42309099999,LILABARI,27.295,94.098,24.0,1005.3,96.45
2010-06-02T15:00:00,42309099999,LILABARI,27.295,94.098,23.4,1006.4,98.2
2010-06-02T18:00:00,42309099999,LILABARI,27.295,94.098,23.0,1006.6,98.2
2010-06-03T00:00:00,42309099999,LILABARI,27.295,94.098,23.4,1006.7,98.2
2010-06-03T03:00:00,42309099999,LILABARI,27.295,94.098,26.2,1007.2,92.02
2010-06-03T06:00:00,42309099999,LILABARI,27.295,94.098,28.4,1007.1,78.98
2010-06-03T09:00:00,42309099999,LILABARI,27.295,94.098,24.4,1005.5,96.46
2010-06-03T12:00:00,42309099999,LILABARI,27.295,94.098,25.0,1004.9,
2010-06-03T15:00:00,42309099999,LILABARI,27.295,94.098,24.6,1006.0,94.74
2010-06-03T18:00:00,42309099999,LILABARI,27.295,94.098,24.0,1006.4,96.45
2010-06-04T00:00:00,42309099999,LILABARI,27.295,94.098,24.0,1006.8,96.45
2010-06-04T03:00:00,42309099999,LILABARI,27.295,94.098,24.6,1007.2,94.74
2010-06-04T06:00:00,42309099999,LILABARI,27.295,94.098,26.6,1007.3,87.23
2010-06-04T09:00:00,42309099999,LILABARI,27.295,94.098,25.4,1005.2,93.09
2010-06-04T12:00:00,42309099999,LILABARI,27.295,94.098,26.0,1003.3,88.76
2010-06-04T15:00:00,42309099999,LILABARI,27.295,94.098,25.2,1003.9,89.77
2010-06-04T18:00:00,42309099999,LILABARI,27.295,94.098,24.6,1004.1,93.05
2010-06-05T00:00:00,42309099999,LILABARI,27.295,94.098,23.8,1003.4,98.21
2010-06-05T03:00:00,42309099999,LILABARI,27.295,94.098,24.8,1002.8,98.22
2010-06-05T06:00:00,42309099999,LILABARI,27.295,94.098,25.4,1002.2,98.23
2010-06-05T09:00:00,42309099999,LILABARI,27.295,94.098,24.2,1001.7,94.73
2010-06-05T12:00:00,42309099999,LILABARI,27.295,94.098,23.4,1000.0,98.2
2010-06-05T15:00:00,42309099999,LILABARI,27.295,94.098,23.0,1001.2,96.43
2010-06-05T18:00:00,42309099999,LILABARI,27.295,94.098,22.8,1001.6,98.2
2010-06-06T00:00:00,42309099999,LILABARI,27.295,94.098,23.2,999.6,98.2
2010-06-06T03:00:00,42309099999,LILABARI,27.295,94.098,23.4,1001.0,98.2
2010-06-06T06:00:00,42309099999,LILABARI,27.295,94.098,23.0,1000.2,98.2
2010-06-06T09:00:00,42309099999,LILABARI,27.295,94.098,22.8,998.9,100.0
2010-06-06T12:00:00,42309099999,LILABARI,27.295,94.098,22.2,998.3,100.0
2010-06-06T15:00:00,42309099999,LILABARI,27.295,94.098,22.4,999.6,100.0
2010-06-06T18:00:00,42309099999,LILABARI,27.295,94.098,22.0,999.8,100.0
2010-06-07T00:00:00,42309099999,LILABARI,27.295,94.098,22.6,1001.5,100.0
2010-06-07T03:00:00,42309099999,LILABARI,27.295,94.098,22.6,1003.2,100.0
2010-06-07T06:00:00,42309099999,LILABARI,27.295,94.098,23.0,1004.0,100.0
2010-06-07T09:00:00,42309099999,LILABARI,27.295,94.098,23.0,1003.9,98.2
2010-06-07T12:00:00,42309099999,LILABARI,27.295,94.098,22.8,1003.4,100.0
2010-06-07T15:00:00,42309099999,LILABARI,27.295,94.098,22.8,1004.7,98.2
2010-06-07T18:00:00,42309099999,LILABARI,27.295,94.098,22.6,1004.5,98.19
2010-06-08T00:00:00,42309099999,LILABARI,27.295,94.098,22.6,1005.5,100.0
2010-06-08T03:00:00,42309099999,LILABARI,27.295,94.098,22.8,1006.2,100.0
2010-06-08T06:00:00,42309099999,LILABARI,27.295,94.098,24.6,1005.7,98.22
2010-06-08T09:00:00,42309099999,LILABARI,27.295,94.098,24.0,1004.3,98.21
2010-06-08T12:00:00,42309099999,LILABARI,27.295,94.098,23.6,1003.8,96.44
2010-06-08T15:00:00,42309099999,LILABARI,27.295,94.098,23.0,1004.4,96.43
2010-06-08T18:00:00,42309099999,LILABARI,27.295,94.098,22.6,1004.2,98.19
2010-06-09T00:00:00,42309099999,LILABARI,27.295,94.098,22.6,1004.9,98.19
2010-06-09T03:00:00,42309099999,LILABARI,27.295,94.098,22.4,1005.7,100.0
2010-06-09T06:00:00,42309099999,LILABARI,27.295,94.098,24.4,1004.8,96.46
2010-06-09T09:00:00,42309099999,LILABARI,27.295,94.098,24.6,1003.9,94.74
2010-06-09T12:00:00,42309099999,LILABARI,27.295,94.098,24.0,1003.3,96.45
2010-06-09T15:00:00,42309099999,LILABARI,27.295,94.098,23.4,1004.3,100.0
2010-06-09T18:00:00,42309099999,LILABARI,27.295,94.098,23.0,1004.0,100.0
2010-06-10T00:00:00,42309099999,LILABARI,27.295,94.098,23.6,1004.7,98.21
2010-06-10T03:00:00,42309099999,LILABARI,27.295,94.098,24.8,1005.8,98.22
2010-06-10T06:00:00,42309099999,LILABARI,27.295,94.098,25.6,1005.5,94.78
2010-06-10T09:00:00,42309099999,LILABARI,27.295,94.098,28.0,1002.5,85.81
2010-06-10T12:00:00,42309099999,LILABARI,27.295,94.098,26.8,1002.5,87.24
2010-06-10T15:00:00,42309099999,LILABARI,27.295,94.098,25.6,1004.6,90.34
2010-06-10T18:00:00,42309099999,LILABARI,27.295,94.098,24.8,1004.9,93.06
2010-06-11T00:00:00,42309099999,LILABARI,27.295,94.098,24.4,1004.1,100.0
2010-06-11T03:00:00,42309099999,LILABARI,27.295,94.098,24.4,1006.1,100.0
2010-06-11T06:00:00,42309099999,LILABARI,27.295,94.098,26.0,1006.2,96.5
2010-06-11T09:00:00,42309099999,LILABARI,27.295,94.098,28.4,1003.8,83.33
2010-06-11T12:00:00,42309099999,LILABARI,27.295,94.098,26.8,1003.1,87.24
2010-06-11T15:00:00,42309099999,LILABARI,27.295,94.098,25.6,1004.8,90.34
2010-06-12T00:00:00,42309099999,LILABARI,27.295,94.098,24.0,1005.0,96.45
2010-06-12T03:00:00,42309099999,LILABARI,27.295,94.098,29.4,1004.9,74.98
2010-06-12T06:00:00,42309099999,LILABARI,27.295,94.098,30.0,1004.8,69.04
2010-06-12T09:00:00,42309099999,LILABARI,27.295,94.098,32.2,1001.6,69.04
2010-06-12T12:00:00,42309099999,LILABARI,27.295,94.098,31.2,1001.0,73.5
2010-06-12T15:00:00,42309099999,LILABARI,27.295,94.098,28.0,1001.4,88.92
2010-06-12T18:00:00,42309099999,LILABARI,27.295,94.098,27.2,1001.2,96.53
2010-06-13T00:00:00,42309099999,LILABARI,27.295,94.098,24.8,1004.2,98.22
2010-06-13T03:00:00,42309099999,LILABARI,27.295,94.098,26.4,1004.8,92.03
2010-06-13T06:00:00,42309099999,LILABARI,27.295,94.098,28.8,1004.0,76.24
2010-06-13T09:00:00,42309099999,LILABARI,27.295,94.098,31.4,1001.4,69.71
2010-06-13T12:00:00,42309099999,LILABARI,27.295,94.098,30.0,1000.9,78.26
2010-06-13T15:00:00,42309099999,LILABARI,27.295,94.098,27.6,1002.7,92.1
2010-06-13T18:00:00,42309099999,LILABARI,27.295,94.098,26.8,1002.4,96.52
2010-06-14T00:00:00,42309099999,LILABARI,27.295,94.098,26.0,1002.8,94.8
2010-06-14T03:00:00,42309099999,LILABARI,27.295,94.098,24.6,1002.9,100.0
2010-06-14T06:00:00,42309099999,LILABARI,27.295,94.098,26.0,1002.3,100.0
2010-06-14T09:00:00,42309099999,LILABARI,27.295,94.098,28.6,1000.9,87.92
2010-06-14T12:00:00,42309099999,LILABARI,27.295,94.098,28.4,1000.2,86.36
2010-06-14T15:00:00,42309099999,LILABARI,27.295,94.098,26.6,1002.1,88.81
2010-06-14T18:00:00,42309099999,LILABARI,27.295,94.098,25.4,1002.5,93.09
2010-06-15T00:00:00,42309099999,LILABARI,27.295,94.098,25.0,1002.0,98.23
2010-06-15T03:00:00,42309099999,LILABARI,27.295,94.098,26.4,1002.0,96.51
2010-06-15T06:00:00,42309099999,LILABARI,27.295,94.098,30.4,1000.5,78.32
2010-06-15T09:00:00,42309099999,LILABARI,27.295,94.098,32.2,998.1,72.81
2010-06-15T12:00:00,42309099999,LILABARI,27.295,94.098,31.6,997.4,72.28
2010-06-15T15:00:00,42309099999,LILABARI,27.295,94.098,28.0,999.4,92.12
2010-06-15T18:00:00,42309099999,LILABARI,27.295,94.098,26.8,1000.1,96.52
2010-06-16T00:00:00,42309099999,LILABARI,27.295,94.098,24.6,1002.1,98.22
2010-06-16T03:00:00,42309099999,LILABARI,27.295,94.098,24.8,1003.3,100.0
2010-06-16T06:00:00,42309099999,LILABARI,27.295,94.098,29.2,1001.6,79.09
2010-06-16T09:00:00,42309099999,LILABARI,27.295,94.098,31.2,1000.3,77.52
2010-06-16T12:00:00,42309099999,LILABARI,27.295,94.098,30.2,999.1,88.05
2010-06-16T15:00:00,42309099999,LILABARI,27.295,94.098,28.6,1002.5,83.36
2010-06-16T18:00:00,42309099999,LILABARI,27.295,94.098,26.6,1003.1,90.41
2010-06-17T00:00:00,42309099999,LILABARI,27.295,94.098,26.2,1002.8,97.66
2010-06-17T03:00:00,42309099999,LILABARI,27.295,94.098,26.8,1003.9,93.71
2010-06-17T06:00:00,42309099999,LILABARI,27.295,94.098,29.2,1002.8,86.43
2010-06-17T09:00:00,42309099999,LILABARI,27.295,94.098,31.8,1000.4,80.37
2010-06-17T12:00:00,42309099999,LILABARI,27.295,94.098,30.6,1000.6,89.63
2010-06-17T15:00:00,42309099999,LILABARI,27.295,94.098,28.8,1001.7,89.5
2010-06-17T18:00:00,42309099999,LILABARI,27.295,94.098,27.0,1003.1,92.07
2010-06-18T00:00:00,42309099999,LILABARI,27.295,94.098,26.4,1003.5,96.51
2010-06-18T03:00:00,42309099999,LILABARI,27.295,94.098,27.6,1004.5,93.74
2010-06-18T06:00:00,42309099999,LILABARI,27.295,94.098,29.8,1003.8,84.98
2010-06-18T09:00:00,42309099999,LILABARI,27.295,94.098,31.6,1001.3,74.88
2010-06-18T12:00:00,42309099999,LILABARI,27.295,94.098,30.8,1000.5,78.38
2010-06-18T15:00:00,42309099999,LILABARI,27.295,94.098,27.6,1002.9,88.88
2010-06-18T18:00:00,42309099999,LILABARI,27.295,94.098,26.8,1003.9,93.71
2010-06-19T00:00:00,42309099999,LILABARI,27.295,94.098,26.8,1003.7,87.24
2010-06-19T03:00:00,42309099999,LILABARI,27.295,94.098,26.2,1005.3,100.0
2010-06-19T06:00:00,42309099999,LILABARI,27.295,94.098,27.0,1004.6,92.07
2010-06-19T09:00:00,42309099999,LILABARI,27.295,94.098,29.8,1002.5,88.02
2010-06-19T12:00:00,42309099999,LILABARI,27.295,94.098,29.4,1002.4,91.13
2010-06-19T15:00:00,42309099999,LILABARI,27.295,94.098,27.0,1004.7,95.4
2010-06-19T18:00:00,42309099999,LILABARI,27.295,94.098,26.4,1005.0,96.51
2010-06-20T00:00:00,42309099999,LILABARI,27.295,94.098,25.6,1004.3,100.0
2010-06-20T03:00:00,42309099999,LILABARI,27.295,94.098,27.4,1005.0,95.41
2010-06-20T06:00:00,42309099999,LILABARI,27.295,94.098,27.6,1004.4,98.26
2010-06-20T09:00:00,42309099999,LILABARI,27.295,94.098,30.4,1002.0,82.58
2010-06-20T12:00:00,42309099999,LILABARI,27.295,94.098,28.4,1002.1,87.9
2010-06-20T15:00:00,42309099999,LILABARI,27.295,94.098,26.0,1003.4,98.24
2010-06-20T18:00:00,42309099999,LILABARI,27.295,94.098,25.0,1004.9,98.23
2010-06-21T00:00:00,42309099999,LILABARI,27.295,94.098,24.2,1004.1,100.0
2010-06-21T03:00:00,42309099999,LILABARI,27.295,94.098,25.8,1004.2,98.24
2010-06-21T06:00:00,42309099999,LILABARI,27.295,94.098,26.6,1003.6,94.82
2010-06-21T09:00:00,42309099999,LILABARI,27.295,94.098,29.0,1000.7,82.91
2010-06-21T12:00:00,42309099999,LILABARI,27.295,94.098,28.4,1000.3,88.95
2010-06-21T15:00:00,42309099999,LILABARI,27.295,94.098,27.2,1001.6,96.53
2010-06-21T18:00:00,42309099999,LILABARI,27.295,94.098,26.2,1003.2,98.24
2010-06-22T00:00:00,42309099999,LILABARI,27.295,94.098,24.0,1003.5,100.0
2010-06-22T03:00:00,42309099999,LILABARI,27.295,94.098,25.2,1002.2,100.0
2010-06-22T06:00:00,42309099999,LILABARI,27.295,94.098,26.4,1001.8,96.51
2010-06-22T09:00:00,42309099999,LILABARI,27.295,94.098,28.6,1000.2,90.55
2010-06-22T12:00:00,42309099999,LILABARI,27.295,94.098,28.6,998.7,87.92
2010-06-22T18:00:00,42309099999,LILABARI,27.295,94.098,26.2,1001.2,98.24
2010-06-23T00:00:00,42309099999,LILABARI,27.295,94.098,25.0,1002.4,98.23
2010-06-23T03:00:00,42309099999,LILABARI,27.295,94.098,25.0,1002.4,100.0
2010-06-23T06:00:00,42309099999,LILABARI,27.295,94.098,25.4,1002.2,100.0
2010-06-23T09:00:00,42309099999,LILABARI,27.295,94.098,29.6,1000.7,86.47
2010-06-23T12:00:00,42309099999,LILABARI,27.295,94.098,29.4,999.3,86.45
2010-06-23T18:00:00,42309099999,LILABARI,27.295,94.098,26.0,1001.0,94.8
2010-06-24T00:00:00,42309099999,LILABARI,27.295,94.098,25.8,999.9,98.24
2010-06-24T03:00:00,42309099999,LILABARI,27.295,94.098,27.0,999.1,96.53
2010-06-24T06:00:00,42309099999,LILABARI,27.295,94.098,29.6,999.8,81.04
2010-06-24T12:00:00,42309099999,LILABARI,27.295,94.098,30.2,997.2,78.29
2010-06-24T18:00:00,42309099999,LILABARI,27.295,94.098,27.4,999.9,88.87
2010-06-25T00:00:00,42309099999,LILABARI,27.295,94.098,25.4,1000.0,98.23
2010-06-25T03:00:00,42309099999,LILABARI,27.295,94.098,27.2,1000.7,95.4
2010-06-25T06:00:00,42309099999,LILABARI,27.295,94.098,31.2,999.9,79.82
2010-06-25T09:00:00,42309099999,LILABARI,27.295,94.098,32.8,996.6,74.2
2010-06-25T12:00:00,42309099999,LILABARI,27.295,94.098,29.8,996.2,86.49
2010-06-25T15:00:00,42309099999,LILABARI,27.295,94.098,28.0,998.3,84.79
2010-06-25T18:00:00,42309099999,LILABARI,27.295,94.098,26.8,998.9,88.82
2010-06-26T00:00:00,42309099999,LILABARI,27.295,94.098,25.8,1000.3,98.24
2010-06-26T03:00:00,42309099999,LILABARI,27.295,94.098,26.0,1001.0,98.24
2010-06-26T06:00:00,42309099999,LILABARI,27.295,94.098,28.4,1001.5,84.83
2010-06-26T09:00:00,42309099999,LILABARI,27.295,94.098,29.4,1000.0,87.99
2010-06-26T12:00:00,42309099999,LILABARI,27.295,94.098,28.2,1000.0,95.44
2010-06-26T15:00:00,42309099999,LILABARI,27.295,94.098,27.2,1001.8,96.53
2010-06-26T18:00:00,42309099999,LILABARI,27.295,94.098,26.0,1002.4,96.5
2010-06-27T00:00:00,42309099999,LILABARI,27.295,94.098,25.0,1001.9,100.0
2010-06-27T03:00:00,42309099999,LILABARI,27.295,94.098,26.2,1002.2,96.51
2010-06-27T06:00:00,42309099999,LILABARI,27.295,94.098,26.6,1003.2,98.25
2010-06-27T09:00:00,42309099999,LILABARI,27.295,94.098,27.6,1001.8,93.74
2010-06-27T12:00:00,42309099999,LILABARI,27.295,94.098,26.6,1001.6,96.52
2010-06-27T15:00:00,42309099999,LILABARI,27.295,94.098,26.0,1002.6,98.24
2010-06-27T18:00:00,42309099999,LILABARI,27.295,94.098,25.0,1003.2,98.23
2010-06-28T00:00:00,42309099999,LILABARI,27.295,94.098,24.6,1001.1,96.47
2010-06-28T06:00:00,42309099999,LILABARI,27.295,94.098,25.2,1001.7,94.77
2010-06-28T09:00:00,42309099999,LILABARI,27.295,94.098,27.6,999.9,87.31
2010-06-28T12:00:00,42309099999,LILABARI,27.295,94.098,27.0,,96.53
2010-06-28T15:00:00,42309099999,LILABARI,27.295,94.098,26.4,1000.5,98.24
2010-06-28T18:00:00,42309099999,LILABARI,27.295,94.098,26.0,1001.4,98.24
2010-06-29T00:00:00,42309099999,LILABARI,27.295,94.098,25.4,1001.0,100.0
2010-06-29T03:00:00,42309099999,LILABARI,27.295,94.098,25.2,1001.7,100.0
2010-06-29T06:00:00,42309099999,LILABARI,27.295,94.098,26.0,1001.9,100.0
2010-06-29T09:00:00,42309099999,LILABARI,27.295,94.098,27.4,1000.7,96.54
2010-06-29T12:00:00,42309099999,LILABARI,27.295,94.098,27.0,999.6,96.53
2010-06-29T15:00:00,42309099999,LILABARI,27.295,94.098,25.6,1000.3,96.49
2010-06-29T18:00:00,42309099999,LILABARI,27.295,94.098,24.8,1001.1,98.22
2010-06-30T00:00:00,42309099999,LILABARI,27.295,94.098,26.0,1002.0,96.5
2010-06-30T03:00:00,42309099999,LILABARI,27.295,94.098,25.8,1002.9,98.24
2010-06-30T06:00:00,42309099999,LILABARI,27.295,94.098,28.2,1002.5,86.34
2010-06-30T09:00:00,42309099999,LILABARI,27.295,94.098,29.4,999.5,81.98
2010-06-30T12:00:00,42309099999,LILABARI,27.295,94.098,30.0,998.7,86.5
2010-06-30T15:00:00,42309099999,LILABARI,27.295,94.098,28.0,1000.5,93.76
2010-06-30T18:00:00,42309099999,LILABARI,27.295,94.098,26.6,1001.2,96.52
2010-07-01T00:00:00,42309099999,LILABARI,27.295,94.098,26.6,1002.1,96.52
2010-07-01T03:00:00,42309099999,LILABARI,27.295,94.098,27.2,1003.2,93.73
2010-07-01T06:00:00,42309099999,LILABARI,27.295,94.098,29.8,1002.5,81.06
2010-07-01T09:00:00,42309099999,LILABARI,27.295,94.098,30.8,1001.0,82.63
2010-07-01T12:00:00,42309099999,LILABARI,27.295,94.098,28.0,1000.6,83.29
2010-07-01T15:00:00,42309099999,LILABARI,27.295,94.098,27.2,1002.1,92.08
2010-07-01T18:00:00,42309099999,LILABARI,27.295,94.098,26.6,1002.7,94.82
2010-07-02T00:00:00,42309099999,LILABARI,27.295,94.098,25.6,1003.5,98.23
2010-07-02T03:00:00,42309099999,LILABARI,27.295,94.098,26.0,1004.5,98.24
2010-07-02T06:00:00,42309099999,LILABARI,27.295,94.098,28.0,1003.8,95.43
2010-07-02T09:00:00,42309099999,LILABARI,27.295,94.098,30.0,1001.4,88.04
2010-07-02T12:00:00,42309099999,LILABARI,27.295,94.098,29.0,1001.1,84.9
2010-07-02T15:00:00,42309099999,LILABARI,27.295,94.098,28.0,1002.8,90.51
2010-07-02T18:00:00,42309099999,LILABARI,27.295,94.098,27.0,1003.7,93.72
2010-07-03T06:00:00,42309099999,LILABARI,27.295,94.098,30.6,1004.6,81.16
2010-07-03T09:00:00,42309099999,LILABARI,27.295,94.098,31.0,1002.0,79.8
2010-07-03T12:00:00,42309099999,LILABARI,27.295,94.098,31.2,1001.3,85.61
2010-07-03T15:00:00,42309099999,LILABARI,27.295,94.098,28.0,1003.1,93.76
2010-07-03T18:00:00,42309099999,LILABARI,27.295,94.098,26.6,1003.9,96.52
2010-07-04T00:00:00,42309099999,LILABARI,27.295,94.098,26.0,1005.7,98.24
2010-07-04T03:00:00,42309099999,LILABARI,27.295,94.098,25.8,1006.8,100.0
2010-07-04T06:00:00,42309099999,LILABARI,27.295,94.098,29.0,1006.7,86.41
2010-07-04T09:00:00,42309099999,LILABARI,27.295,94.098,31.6,1004.3,82.72
2010-07-04T12:00:00,42309099999,LILABARI,27.295,94.098,30.0,1002.5,86.5
2010-07-04T15:00:00,42309099999,LILABARI,27.295,94.098,27.6,1004.9,96.54
2010-07-04T18:00:00,42309099999,LILABARI,27.295,94.098,26.4,1006.0,98.24
2010-07-05T00:00:00,42309099999,LILABARI,27.295,94.098,26.0,1006.3,94.8
2010-07-05T03:00:00,42309099999,LILABARI,27.295,94.098,29.2,1006.7,86.43
2010-07-05T06:00:00,42309099999,LILABARI,27.295,94.098,28.2,1006.2,100.0
2010-07-05T09:00:00,42309099999,LILABARI,27.295,94.098,28.6,1003.5,92.16
2010-07-05T12:00:00,42309099999,LILABARI,27.295,94.098,29.0,1002.9,92.18
2010-07-05T15:00:00,42309099999,LILABARI,27.295,94.098,27.8,1004.7,94.86
2010-07-05T18:00:00,42309099999,LILABARI,27.295,94.098,27.4,1005.6,98.26
2010-07-06T00:00:00,42309099999,LILABARI,27.295,94.098,25.8,1005.8,100.0
2010-07-06T03:00:00,42309099999,LILABARI,27.295,94.098,26.2,1006.6,96.51
2010-07-06T06:00:00,42309099999,LILABARI,27.295,94.098,28.0,1006.0,95.43
2010-07-06T15:00:00,42309099999,LILABARI,27.295,94.098,27.8,1004.8,94.86
2010-07-06T18:00:00,42309099999,LILABARI,27.295,94.098,27.2,1005.6,96.53
2010-07-07T00:00:00,42309099999,LILABARI,27.295,94.098,26.4,1006.1,96.51
2010-07-07T03:00:00,42309099999,LILABARI,27.295,94.098,28.6,1005.4,87.92
2010-07-07T06:00:00,42309099999,LILABARI,27.295,94.098,31.8,1004.0,80.37
2010-07-07T09:00:00,42309099999,LILABARI,27.295,94.098,30.6,1002.8,81.16
2010-07-07T12:00:00,42309099999,LILABARI,27.295,94.098,30.0,1002.0,78.26
2010-07-07T15:00:00,42309099999,LILABARI,27.295,94.098,28.2,1004.1,93.77
2010-07-07T18:00:00,42309099999,LILABARI,27.295,94.098,27.0,1004.9,95.4
2010-07-08T00:00:00,42309099999,LILABARI,27.295,94.098,26.6,1005.3,95.38
2010-07-08T03:00:00,42309099999,LILABARI,27.295,94.098,28.6,1005.0,84.85
2010-07-08T06:00:00,42309099999,LILABARI,27.295,94.098,29.6,1004.1,82.0
2010-07-08T09:00:00,42309099999,LILABARI,27.295,94.098,30.6,1002.4,78.35
2010-07-08T12:00:00,42309099999,LILABARI,27.295,94.098,28.6,1001.8,80.43
2010-07-08T15:00:00,42309099999,LILABARI,27.295,94.098,27.4,1004.4,88.87
2010-07-08T18:00:00,42309099999,LILABARI,27.295,94.098,26.6,1005.4,93.7
2010-07-09T00:00:00,42309099999,LILABARI,27.295,94.098,24.8,1003.5,98.22
2010-07-09T03:00:00,42309099999,LILABARI,27.295,94.098,25.4,1004.1,98.23
2010-07-09T06:00:00,42309099999,LILABARI,27.295,94.098,27.4,1003.7,90.47
2010-07-09T09:00:00,42309099999,LILABARI,27.295,94.098,29.0,1001.2,90.57
2010-07-09T12:00:00,42309099999,LILABARI,27.295,94.098,28.4,999.3,92.14
2010-07-09T15:00:00,42309099999,LILABARI,27.295,94.098,27.6,1002.4,90.48
2010-07-09T18:00:00,42309099999,LILABARI,27.295,94.098,26.8,1004.0,93.71
2010-07-10T00:00:00,42309099999,LILABARI,27.295,94.098,25.4,1002.5,100.0
2010-07-10T03:00:00,42309099999,LILABARI,27.295,94.098,26.2,1003.6,98.24
2010-07-10T06:00:00,42309099999,LILABARI,27.295,94.098,26.8,1003.5,100.0
2010-07-10T09:00:00,42309099999,LILABARI,27.295,94.098,27.4,1002.4,98.26
2010-07-10T12:00:00,42309099999,LILABARI,27.295,94.098,27.6,1000.9,92.1
2010-07-10T18:00:00,42309099999,LILABARI,27.295,94.098,25.6,1004.2,96.49
2010-07-11T03:00:00,42309099999,LILABARI,27.295,94.098,26.6,1004.0,95.38
2010-07-11T06:00:00,42309099999,LILABARI,27.295,94.098,27.2,1003.6,92.08
2010-07-11T09:00:00,42309099999,LILABARI,27.295,94.098,30.6,1001.1,85.56
2010-07-11T12:00:00,42309099999,LILABARI,27.295,94.098,29.8,1000.3,89.57
2010-07-11T15:00:00,42309099999,LILABARI,27.295,94.098,27.6,1001.6,93.74
2010-07-11T18:00:00,42309099999,LILABARI,27.295,94.098,26.6,1002.8,96.52
2010-07-12T00:00:00,42309099999,LILABARI,27.295,94.098,26.2,1003.4,98.24
2010-07-12T03:00:00,42309099999,LILABARI,27.295,94.098,26.0,1003.2,100.0
2010-07-12T06:00:00,42309099999,LILABARI,27.295,94.098,26.8,1003.0,96.52
2010-07-12T09:00:00,42309099999,LILABARI,27.295,94.098,29.6,1000.4,88.0
2010-07-12T12:00:00,42309099999,LILABARI,27.295,94.098,30.8,999.3,85.58
2010-07-12T15:00:00,42309099999,LILABARI,27.295,94.098,28.8,1000.0,92.17
2010-07-12T18:00:00,42309099999,LILABARI,27.295,94.098,27.6,1001.9,96.54
2010-07-13T00:00:00,42309099999,LILABARI,27.295,94.098,26.8,1002.7,96.52
2010-07-13T03:00:00,42309099999,LILABARI,27.295,94.098,28.6,1003.9,88.96
2010-07-13T06:00:00,42309099999,LILABARI,27.295,94.098,31.8,1003.1,81.79
2010-07-13T09:00:00,42309099999,LILABARI,27.295,94.098,33.0,1000.4,75.55
2010-07-13T12:00:00,42309099999,LILABARI,27.295,94.098,31.6,999.1,85.65
2010-07-13T15:00:00,42309099999,LILABARI,27.295,94.098,29.0,1001.1,98.28
2010-07-13T18:00:00,42309099999,LILABARI,27.295,94.098,28.0,1002.1,98.26
2010-07-14T00:00:00,42309099999,LILABARI,27.295,94.098,26.8,1002.6,98.25
2010-07-14T03:00:00,42309099999,LILABARI,27.295,94.098,28.6,1003.5,87.92
2010-07-14T06:00:00,42309099999,LILABARI,27.295,94.098,31.4,1003.0,78.92
2010-07-14T09:00:00,42309099999,LILABARI,27.295,94.098,32.8,1000.7,70.39
2010-07-14T12:00:00,42309099999,LILABARI,27.295,94.098,31.8,999.8,76.25
2010-07-15T03:00:00,42309099999,LILABARI,27.295,94.098,26.4,1004.0,98.24
2010-07-15T06:00:00,42309099999,LILABARI,27.295,94.098,27.4,1003.6,96.54
2010-07-15T09:00:00,42309099999,LILABARI,27.295,94.098,29.4,1001.3,87.99
2010-07-15T12:00:00,42309099999,LILABARI,27.295,94.098,27.6,1000.6,95.42
2010-07-15T15:00:00,42309099999,LILABARI,27.295,94.098,26.8,1002.5,96.52
2010-07-15T18:00:00,42309099999,LILABARI,27.295,94.098,26.2,1003.7,98.24
2010-07-16T00:00:00,42309099999,LILABARI,27.295,94.098,26.4,1002.4,98.24
2010-07-16T03:00:00,42309099999,LILABARI,27.295,94.098,26.6,1003.1,98.25
2010-07-16T06:00:00,42309099999,LILABARI,27.295,94.098,28.2,1002.8,90.52
2010-07-16T09:00:00,42309099999,LILABARI,27.295,94.098,30.2,1001.1,86.52
2010-07-16T12:00:00,42309099999,LILABARI,27.295,94.098,29.0,1000.1,89.52
2010-07-16T15:00:00,42309099999,LILABARI,27.295,94.098,27.8,1002.0,93.75
2010-07-16T18:00:00,42309099999,LILABARI,27.295,94.098,27.2,1003.4,94.28
2010-07-17T00:00:00,42309099999,LILABARI,27.295,94.098,26.4,1002.9,98.24
2010-07-17T03:00:00,42309099999,LILABARI,27.295,94.098,28.0,1003.3,93.76
2010-07-17T06:00:00,42309099999,LILABARI,27.295,94.098,29.0,1002.5,93.81
2010-07-17T09:00:00,42309099999,LILABARI,27.295,94.098,30.0,1000.7,89.59
2010-07-17T12:00:00,42309099999,LILABARI,27.295,94.098,29.2,999.1,90.59
2010-07-17T15:00:00,42309099999,LILABARI,27.295,94.098,28.0,1001.7,92.12
2010-07-17T18:00:00,42309099999,LILABARI,27.295,94.098,27.4,1002.4,93.74
2010-07-18T00:00:00,42309099999,LILABARI,27.295,94.098,26.2,1000.4,98.24
2010-07-18T03:00:00,42309099999,LILABARI,27.295,94.098,27.6,1001.5,92.1
2010-07-18T06:00:00,42309099999,LILABARI,27.295,94.098,27.0,1001.7,95.4
2010-07-18T09:00:00,42309099999,LILABARI,27.295,94.098,28.4,1000.2,92.14
2010-07-18T12:00:00,42309099999,LILABARI,27.295,94.098,28.0,1000.2,92.12
2010-07-18T15:00:00,42309099999,LILABARI,27.295,94.098,26.6,1001.8,94.82
2010-07-18T18:00:00,42309099999,LILABARI,27.295,94.098,26.0,1002.7,96.5
2010-07-19T00:00:00,42309099999,LILABARI,27.295,94.098,24.6,1002.7,100.0
2010-07-19T03:00:00,42309099999,LILABARI,27.295,94.098,25.6,1003.5,96.49
2010-07-19T06:00:00,42309099999,LILABARI,27.295,94.098,28.6,1002.8,87.92
2010-07-19T09:00:00,42309099999,LILABARI,27.295,94.098,28.6,1000.9,92.16
2010-07-19T12:00:00,42309099999,LILABARI,27.295,94.098,27.4,1001.2,92.09
2010-07-19T15:00:00,42309099999,LILABARI,27.295,94.098,27.0,1002.8,93.72
2010-07-19T18:00:00,42309099999,LILABARI,27.295,94.098,26.6,1003.9,94.82
2010-07-20T00:00:00,42309099999,LILABARI,27.295,94.098,25.8,1002.2,98.24
2010-07-20T03:00:00,42309099999,LILABARI,27.295,94.098,27.4,1003.0,92.09
2010-07-20T06:00:00,42309099999,LILABARI,27.295,94.098,29.0,1002.8,87.95
2010-07-20T09:00:00,42309099999,LILABARI,27.295,94.098,28.6,1001.7,93.79
2010-07-20T12:00:00,42309099999,LILABARI,27.295,94.098,27.6,1000.8,95.42
2010-07-20T15:00:00,42309099999,LILABARI,27.295,94.098,26.6,1002.8,96.52
2010-07-20T18:00:00,42309099999,LILABARI,27.295,94.098,25.6,1004.3,98.23
2010-07-21T00:00:00,42309099999,LILABARI,27.295,94.098,26.0,1003.5,96.5
2010-07-21T03:00:00,42309099999,LILABARI,27.295,94.098,27.0,1003.9,95.4
2010-07-21T06:00:00,42309099999,LILABARI,27.295,94.098,29.0,1003.2,92.18
2010-07-21T09:00:00,42309099999,LILABARI,27.295,94.098,31.0,1001.0,82.65
2010-07-21T12:00:00,42309099999,LILABARI,27.295,94.098,30.2,1000.3,88.05
2010-07-21T15:00:00,42309099999,LILABARI,27.295,94.098,27.6,1002.5,96.54
2010-07-21T18:00:00,42309099999,LILABARI,27.295,94.098,26.6,1003.2,96.52
2010-07-22T00:00:00,42309099999,LILABARI,27.295,94.098,26.0,1002.7,96.5
2010-07-22T03:00:00,42309099999,LILABARI,27.295,94.098,27.2,1003.1,93.73
2010-07-22T06:00:00,42309099999,LILABARI,27.295,94.098,29.2,1002.4,80.51
2010-07-22T09:00:00,42309099999,LILABARI,27.295,94.098,29.4,1000.3,80.54
2010-07-22T12:00:00,42309099999,LILABARI,27.295,94.098,29.0,999.0,86.41
2010-07-22T15:00:00,42309099999,LILABARI,27.295,94.098,27.8,1000.9,92.11
2010-07-22T18:00:00,42309099999,LILABARI,27.295,94.098,27.0,1001.5,95.4
2010-07-23T00:00:00,42309099999,LILABARI,27.295,94.098,26.4,1000.3,98.24
2010-07-23T03:00:00,42309099999,LILABARI,27.295,94.098,27.2,1001.0,95.4
2010-07-23T06:00:00,42309099999,LILABARI,27.295,94.098,29.2,1000.5,83.42
2010-07-23T09:00:00,42309099999,LILABARI,27.295,94.098,30.0,997.1,88.04
2010-07-23T12:00:00,42309099999,LILABARI,27.295,94.098,28.8,996.7,87.94
2010-07-23T15:00:00,42309099999,LILABARI,27.295,94.098,27.4,999.6,96.54
2010-07-23T18:00:00,42309099999,LILABARI,27.295,94.098,26.8,1001.5,96.52
2010-07-24T00:00:00,42309099999,LILABARI,27.295,94.098,26.0,999.9,98.24
2010-07-24T03:00:00,42309099999,LILABARI,27.295,94.098,26.4,1001.0,100.0
2010-07-24T06:00:00,42309099999,LILABARI,27.295,94.098,29.6,999.9,88.0
2010-07-24T09:00:00,42309099999,LILABARI,27.295,94.098,31.4,998.2,87.14
2010-07-24T12:00:00,42309099999,LILABARI,27.295,94.098,31.8,996.3,85.67
2010-07-24T15:00:00,42309099999,LILABARI,27.295,94.098,28.8,,90.56
2010-07-24T18:00:00,42309099999,LILABARI,27.295,94.098,27.4,999.9,93.74
2010-07-25T00:00:00,42309099999,LILABARI,27.295,94.098,27.0,998.4,95.4
2010-07-25T03:00:00,42309099999,LILABARI,27.295,94.098,29.4,999.1,89.55
2010-07-25T06:00:00,42309099999,LILABARI,27.295,94.098,31.8,998.6,77.6
2010-07-25T09:00:00,42309099999,LILABARI,27.295,94.098,33.4,995.2,70.91
2010-07-25T12:00:00,42309099999,LILABARI,27.295,94.098,31.4,995.5,81.26
2010-07-25T15:00:00,42309099999,LILABARI,27.295,94.098,29.2,998.0,93.82
2010-07-25T18:00:00,42309099999,LILABARI,27.295,94.098,27.4,999.1,96.54
2010-07-26T00:00:00,42309099999,LILABARI,27.295,94.098,25.6,1002.6,100.0
2010-07-26T03:00:00,42309099999,LILABARI,27.295,94.098,25.8,1004.2,100.0
2010-07-26T06:00:00,42309099999,LILABARI,27.295,94.098,26.0,1005.2,100.0
2010-07-26T09:00:00,42309099999,LILABARI,27.295,94.098,28.0,1003.6,90.51
2010-07-26T12:00:00,42309099999,LILABARI,27.295,94.098,28.0,1002.5,88.92
2010-07-26T15:00:00,42309099999,LILABARI,27.295,94.098,27.6,1004.2,90.48
2010-07-26T18:00:00,42309099999,LILABARI,27.295,94.098,27.2,1004.9,93.73
2010-07-27T00:00:00,42309099999,LILABARI,27.295,94.098,26.0,1006.2,96.5
2010-07-27T03:00:00,42309099999,LILABARI,27.295,94.098,29.8,1005.4,84.98
2010-07-27T06:00:00,42309099999,LILABARI,27.295,94.098,33.2,1003.8,75.58
2010-07-27T09:00:00,42309099999,LILABARI,27.295,94.098,34.0,1000.9,65.04
2010-07-27T12:00:00,42309099999,LILABARI,27.295,94.098,33.2,999.0,76.91
2010-07-27T15:00:00,42309099999,LILABARI,27.295,94.098,29.2,1001.2,81.96
2010-07-27T18:00:00,42309099999,LILABARI,27.295,94.098,28.6,1002.3,87.92
2010-07-28T00:00:00,42309099999,LILABARI,27.295,94.098,26.6,1004.4,92.04
2010-07-28T03:00:00,42309099999,LILABARI,27.295,94.098,28.0,1002.6,93.76
2010-07-28T06:00:00,42309099999,LILABARI,27.295,94.098,31.4,1001.5,77.54
2010-07-28T09:00:00,42309099999,LILABARI,27.295,94.098,33.0,999.1,70.42
2010-07-28T12:00:00,42309099999,LILABARI,27.295,94.098,31.6,998.4,84.18
2010-07-28T15:00:00,42309099999,LILABARI,27.295,94.098,28.8,1000.5,84.87
2010-07-28T18:00:00,42309099999,LILABARI,27.295,94.098,28.2,1001.7,86.34
2010-07-29T00:00:00,42309099999,LILABARI,27.295,94.098,25.4,1001.6,98.23
2010-07-29T03:00:00,42309099999,LILABARI,27.295,94.098,26.2,1003.0,98.24
2010-07-29T06:00:00,42309099999,LILABARI,27.295,94.098,27.2,1002.6,93.73
2010-07-29T09:00:00,42309099999,LILABARI,27.295,94.098,28.4,1000.1,93.78
2010-07-29T12:00:00,42309099999,LILABARI,27.295,94.098,28.6,999.4,84.85
2010-07-29T15:00:00,42309099999,LILABARI,27.295,94.098,27.8,1001.5,90.49
2010-07-29T18:00:00,42309099999,LILABARI,27.295,94.098,27.0,1002.4,92.07
2010-07-30T00:00:00,42309099999,LILABARI,27.295,94.098,25.4,1004.3,100.0
2010-07-30T03:00:00,42309099999,LILABARI,27.295,94.098,24.6,1005.3,100.0
2010-07-30T06:00:00,42309099999,LILABARI,27.295,94.098,25.6,1005.0,100.0
2010-07-30T09:00:00,42309099999,LILABARI,27.295,94.098,26.4,1002.8,98.24
2010-07-30T15:00:00,42309099999,LILABARI,27.295,94.098,26.6,1004.3,93.7
2010-07-30T18:00:00,42309099999,LILABARI,27.295,94.098,27.0,1005.9,89.37
2010-07-31T00:00:00,42309099999,LILABARI,27.295,94.098,26.8,1005.0,95.39
2010-07-31T03:00:00,42309099999,LILABARI,27.295,94.098,28.0,1004.7,84.79
2010-07-31T06:00:00,42309099999,LILABARI,27.295,94.098,32.6,1003.7,74.17
2010-07-31T09:00:00,42309099999,LILABARI,27.295,94.098,33.6,1000.9,72.2
2010-07-31T12:00:00,42309099999,LILABARI,27.295,94.098,31.6,1000.0,85.65
2010-07-31T15:00:00,42309099999,LILABARI,27.295,94.098,28.0,1002.4,88.92
2010-07-31T18:00:00,42309099999,LILABARI,27.295,94.098,26.4,1003.7,96.51
2010-08-01T00:00:00,42309099999,LILABARI,27.295,94.098,26.0,1004.4,100.0
2010-08-01T03:00:00,42309099999,LILABARI,27.295,94.098,27.0,1004.8,98.25
2010-08-01T06:00:00,42309099999,LILABARI,27.295,94.098,28.0,1004.6,96.55
2010-08-01T09:00:00,42309099999,LILABARI,27.295,94.098,27.8,1002.7,93.75
2010-08-01T12:00:00,42309099999,LILABARI,27.295,94.098,28.8,1001.6,92.17
2010-08-01T15:00:00,42309099999,LILABARI,27.295,94.098,27.2,1004.3,96.53
2010-08-01T18:00:00,42309099999,LILABARI,27.295,94.098,26.0,1005.6,96.5
2010-08-02T00:00:00,42309099999,LILABARI,27.295,94.098,26.2,1004.2,99.41
2010-08-02T03:00:00,42309099999,LILABARI,27.295,94.098,26.2,1006.1,96.51
2010-08-02T06:00:00,42309099999,LILABARI,27.295,94.098,31.0,1003.8,78.4
2010-08-02T09:00:00,42309099999,LILABARI,27.295,94.098,33.4,1000.3,73.01
2010-08-02T12:00:00,42309099999,LILABARI,27.295,94.098,33.0,999.5,78.23
2010-08-02T15:00:00,42309099999,LILABARI,27.295,94.098,29.2,1002.0,90.59
2010-08-02T18:00:00,42309099999,LILABARI,27.295,94.098,28.6,1003.9,93.79
2010-08-03T00:00:00,42309099999,LILABARI,27.295,94.098,26.2,1004.9,100.0
2010-08-03T03:00:00,42309099999,LILABARI,27.295,94.098,25.4,1004.8,100.0
2010-08-03T06:00:00,42309099999,LILABARI,27.295,94.098,27.8,1003.6,92.11
2010-08-03T09:00:00,42309099999,LILABARI,27.295,94.098,29.6,1000.5,83.47
2010-08-03T12:00:00,42309099999,LILABARI,27.295,94.098,28.2,999.3,88.93
2010-08-03T15:00:00,42309099999,LILABARI,27.295,94.098,27.6,1002.4,90.48
2010-08-03T18:00:00,42309099999,LILABARI,27.295,94.098,26.8,1003.4,93.71
2010-08-04T00:00:00,42309099999,LILABARI,27.295,94.098,25.8,1002.4,98.24
2010-08-04T03:00:00,42309099999,LILABARI,27.295,94.098,26.8,1003.7,93.71
2010-08-04T06:00:00,42309099999,LILABARI,27.295,94.098,27.2,1003.3,93.73
2010-08-04T09:00:00,42309099999,LILABARI,27.295,94.098,29.8,1001.2,84.98
2010-08-04T12:00:00,42309099999,LILABARI,27.295,94.098,30.4,1000.6,83.07
2010-08-04T15:00:00,42309099999,LILABARI,27.295,94.098,28.8,1002.5,84.87
2010-08-04T18:00:00,42309099999,LILABARI,27.295,94.098,27.8,1003.7,88.9
2010-08-05T00:00:00,42309099999,LILABARI,27.295,94.098,26.2,1003.1,96.51
2010-08-05T03:00:00,42309099999,LILABARI,27.295,94.098,31.6,1004.3,74.88
2010-08-05T06:00:00,42309099999,LILABARI,27.295,94.098,33.6,1003.1,70.94
2010-08-05T09:00:00,42309099999,LILABARI,27.295,94.098,34.6,1001.2,67.88
2010-08-05T12:00:00,42309099999,LILABARI,27.295,94.098,34.8,999.4,57.94
2010-08-05T15:00:00,42309099999,LILABARI,27.295,94.098,30.0,1002.3,85.0
2010-08-05T18:00:00,42309099999,LILABARI,27.295,94.098,28.8,1004.4,90.56
2010-08-06T00:00:00,42309099999,LILABARI,27.295,94.098,26.6,1004.9,94.82
2010-08-06T03:00:00,42309099999,LILABARI,27.295,94.098,29.0,1006.7,87.95
2010-08-06T06:00:00,42309099999,LILABARI,27.295,94.098,29.8,1006.9,79.64
2010-08-06T09:00:00,42309099999,LILABARI,27.295,94.098,33.6,1002.9,69.71
2010-08-06T12:00:00,42309099999,LILABARI,27.295,94.098,32.0,1002.1,76.28
2010-08-06T15:00:00,42309099999,LILABARI,27.295,94.098,28.8,1004.5,84.87
2010-08-06T18:00:00,42309099999,LILABARI,27.295,94.098,27.6,1005.2,88.88
2010-08-07T00:00:00,42309099999,LILABARI,27.295,94.098,26.4,1005.0,96.51
2010-08-07T03:00:00,42309099999,LILABARI,27.295,94.098,30.6,1006.0,82.61
2010-08-07T06:00:00,42309099999,LILABARI,27.295,94.098,33.8,1004.3,73.5
2010-08-07T09:00:00,42309099999,LILABARI,27.295,94.098,34.8,1000.8,67.92
2010-08-07T12:00:00,42309099999,LILABARI,27.295,94.098,33.0,999.6,78.23
2010-08-07T15:00:00,42309099999,LILABARI,27.295,94.098,29.6,1001.0,88.0
2010-08-07T18:00:00,42309099999,LILABARI,27.295,94.098,28.2,1002.3,90.52
2010-08-08T03:00:00,42309099999,LILABARI,27.295,94.098,28.4,1003.9,93.78
2010-08-08T06:00:00,42309099999,LILABARI,27.295,94.098,29.0,1003.5,89.52
2010-08-08T09:00:00,42309099999,LILABARI,27.295,94.098,32.8,1000.0,79.11
2010-08-08T12:00:00,42309099999,LILABARI,27.295,94.098,32.0,998.7,84.22
2010-08-08T15:00:00,42309099999,LILABARI,27.295,94.098,29.2,1000.1,90.59
2010-08-08T18:00:00,42309099999,LILABARI,27.295,94.098,27.6,1001.4,93.74
2010-08-09T00:00:00,42309099999,LILABARI,27.295,94.098,26.2,1002.9,100.0
2010-08-09T03:00:00,42309099999,LILABARI,27.295,94.098,26.6,1002.9,98.25
2010-08-09T06:00:00,42309099999,LILABARI,27.295,94.098,28.4,1001.9,93.78
2010-08-09T09:00:00,42309099999,LILABARI,27.295,94.098,32.0,998.5,84.22
2010-08-09T12:00:00,42309099999,LILABARI,27.295,94.098,32.0,997.5,84.22
2010-08-09T15:00:00,42309099999,LILABARI,27.295,94.098,29.4,999.9,87.99
2010-08-09T18:00:00,42309099999,LILABARI,27.295,94.098,27.2,1001.2,95.97
2010-08-10T00:00:00,42309099999,LILABARI,27.295,94.098,26.6,1002.5,94.82
2010-08-10T03:00:00,42309099999,LILABARI,27.295,94.098,29.2,1003.6,87.97
2010-08-10T06:00:00,42309099999,LILABARI,27.295,94.098,32.2,1002.6,79.03
2010-08-10T09:00:00,42309099999,LILABARI,27.295,94.098,35.4,999.2,66.09
2010-08-10T12:00:00,42309099999,LILABARI,27.295,94.098,33.4,998.3,76.93
2010-08-10T15:00:00,42309099999,LILABARI,27.295,94.098,30.6,1000.0,81.16
2010-08-10T18:00:00,42309099999,LILABARI,27.295,94.098,29.0,1000.8,86.41
2010-08-11T00:00:00,42309099999,LILABARI,27.295,94.098,28.0,1003.7,
2010-08-11T03:00:00,42309099999,LILABARI,27.295,94.098,29.4,1005.1,89.55
2010-08-11T06:00:00,42309099999,LILABARI,27.295,94.098,32.6,1002.9,77.72
2010-08-11T09:00:00,42309099999,LILABARI,27.295,94.098,35.2,999.8,67.21
2010-08-11T12:00:00,42309099999,LILABARI,27.295,94.098,33.4,998.6,76.93
2010-08-11T15:00:00,42309099999,LILABARI,27.295,94.098,30.6,1002.3,84.07
2010-08-11T18:00:00,42309099999,LILABARI,27.295,94.098,29.6,1002.9,86.47
2010-08-12T00:00:00,42309099999,LILABARI,27.295,94.098,28.4,1003.1,97.13
2010-08-12T03:00:00,42309099999,LILABARI,27.295,94.098,32.4,1004.0,79.06
2010-08-12T06:00:00,42309099999,LILABARI,27.295,94.098,31.4,1003.4,80.32
2010-08-12T09:00:00,42309099999,LILABARI,27.295,94.098,33.2,1000.5,76.46
2010-08-12T12:00:00,42309099999,LILABARI,27.295,94.098,31.8,999.2,85.67
2010-08-12T15:00:00,42309099999,LILABARI,27.295,94.098,29.8,1002.1,91.15
2010-08-12T18:00:00,42309099999,LILABARI,27.295,94.098,28.8,1003.2,93.8
2010-08-13T06:00:00,42309099999,LILABARI,27.295,94.098,28.6,1004.1,95.45
2010-08-13T09:00:00,42309099999,LILABARI,27.295,94.098,30.0,1002.1,85.0
2010-08-13T12:00:00,42309099999,LILABARI,27.295,94.098,28.4,1001.9,88.95
2010-08-13T15:00:00,42309099999,LILABARI,27.295,94.098,27.8,1003.6,90.49
2010-08-13T18:00:00,42309099999,LILABARI,27.295,94.098,27.0,1004.4,93.72
2010-08-14T00:00:00,42309099999,LILABARI,27.295,94.098,26.4,1004.0,96.51
2010-08-14T03:00:00,42309099999,LILABARI,27.295,94.098,28.0,1004.2,96.55
2010-08-14T06:00:00,42309099999,LILABARI,27.295,94.098,29.4,1003.6,86.45
2010-08-14T09:00:00,42309099999,LILABARI,27.295,94.098,31.4,1001.3,82.7
2010-08-14T12:00:00,42309099999,LILABARI,27.295,94.098,30.4,1000.9,89.62
2010-08-14T15:00:00,42309099999,LILABARI,27.295,94.098,28.8,1002.9,93.8
2010-08-14T18:00:00,42309099999,LILABARI,27.295,94.098,27.0,1004.0,95.4
2010-08-15T00:00:00,42309099999,LILABARI,27.295,94.098,26.8,1003.6,93.71
2010-08-15T06:00:00,42309099999,LILABARI,27.295,94.098,27.6,1005.5,96.54
2010-08-15T09:00:00,42309099999,LILABARI,27.295,94.098,30.0,1003.6,88.04
2010-08-15T12:00:00,42309099999,LILABARI,27.295,94.098,30.0,1003.0,85.0
2010-08-15T15:00:00,42309099999,LILABARI,27.295,94.098,28.4,1004.5,92.14
2010-08-15T18:00:00,42309099999,LILABARI,27.295,94.098,26.6,1005.6,94.82
2010-08-16T00:00:00,42309099999,LILABARI,27.295,94.098,26.6,1004.3,94.82
2010-08-16T03:00:00,42309099999,LILABARI,27.295,94.098,27.0,1005.1,96.53
2010-08-16T06:00:00,42309099999,LILABARI,27.295,94.098,27.0,1004.4,100.0
2010-08-16T09:00:00,42309099999,LILABARI,27.295,94.098,27.8,1001.3,92.11
2010-08-16T12:00:00,42309099999,LILABARI,27.295,94.098,28.8,1000.4,92.17
2010-08-16T15:00:00,42309099999,LILABARI,27.295,94.098,28.2,1002.7,93.77
2010-08-16T18:00:00,42309099999,LILABARI,27.295,94.098,27.6,1004.2,93.74
2010-08-17T00:00:00,42309099999,LILABARI,27.295,94.098,26.4,1004.2,96.51
2010-08-17T03:00:00,42309099999,LILABARI,27.295,94.098,28.4,1004.0,93.78
2010-08-17T06:00:00,42309099999,LILABARI,27.295,94.098,31.0,1002.0,84.11
2010-08-17T09:00:00,42309099999,LILABARI,27.295,94.098,31.6,1000.3,80.35
2010-08-17T12:00:00,42309099999,LILABARI,27.295,94.098,29.2,999.3,87.45
2010-08-17T15:00:00,42309099999,LILABARI,27.295,94.098,28.4,1001.8,93.78
2010-08-17T18:00:00,42309099999,LILABARI,27.295,94.098,27.6,1002.8,95.42
2010-08-18T00:00:00,42309099999,LILABARI,27.295,94.098,27.2,1002.9,92.08
2010-08-18T03:00:00,42309099999,LILABARI,27.295,94.098,26.4,1004.4,96.51
2010-08-18T06:00:00,42309099999,LILABARI,27.295,94.098,26.8,1004.3,96.52
2010-08-18T09:00:00,42309099999,LILABARI,27.295,94.098,28.4,1002.4,90.53
2010-08-18T12:00:00,42309099999,LILABARI,27.295,94.098,28.6,1002.1,95.45
2010-08-18T15:00:00,42309099999,LILABARI,27.295,94.098,27.2,1004.0,95.4
2010-08-18T18:00:00,42309099999,LILABARI,27.295,94.098,26.4,1004.9,96.51
2010-08-19T00:00:00,42309099999,LILABARI,27.295,94.098,26.4,1005.9,98.24
2010-08-19T03:00:00,42309099999,LILABARI,27.295,94.098,28.2,1007.7,92.13
2010-08-19T06:00:00,42309099999,LILABARI,27.295,94.098,30.8,1006.9,82.63
2010-08-19T09:00:00,42309099999,LILABARI,27.295,94.098,33.4,1003.5,70.91
2010-08-19T12:00:00,42309099999,LILABARI,27.295,94.098,29.6,1003.0,88.0
2010-08-19T15:00:00,42309099999,LILABARI,27.295,94.098,28.2,1005.9,90.52
2010-08-19T18:00:00,42309099999,LILABARI,27.295,94.098,26.4,1007.1,96.51
2010-08-20T00:00:00,42309099999,LILABARI,27.295,94.098,26.0,1007.2,100.0
2010-08-20T03:00:00,42309099999,LILABARI,27.295,94.098,26.0,1009.1,100.0
2010-08-20T06:00:00,42309099999,LILABARI,27.295,94.098,26.6,1008.2,98.25
2010-08-20T09:00:00,42309099999,LILABARI,27.295,94.098,27.4,1005.2,96.54
2010-08-20T12:00:00,42309099999,LILABARI,27.295,94.098,28.0,1004.7,85.81
2010-08-20T15:00:00,42309099999,LILABARI,27.295,94.098,27.0,1006.8,93.72
2010-08-20T18:00:00,42309099999,LILABARI,27.295,94.098,26.6,1007.7,94.82
2010-08-21T00:00:00,42309099999,LILABARI,27.295,94.098,26.0,1005.6,98.24
2010-08-21T03:00:00,42309099999,LILABARI,27.295,94.098,25.6,1006.1,98.23
2010-08-21T06:00:00,42309099999,LILABARI,27.295,94.098,26.6,1005.1,96.52
2010-08-21T09:00:00,42309099999,LILABARI,27.295,94.098,28.4,1002.5,88.95
2010-08-21T12:00:00,42309099999,LILABARI,27.295,94.098,28.0,1001.1,95.43
2010-08-21T15:00:00,42309099999,LILABARI,27.295,94.098,27.0,1003.7,95.4
2010-08-21T18:00:00,42309099999,LILABARI,27.295,94.098,26.4,1004.6,96.51
2010-08-22T00:00:00,42309099999,LILABARI,27.295,94.098,25.4,1003.7,100.0
2010-08-22T03:00:00,42309099999,LILABARI,27.295,94.098,25.8,1005.2,98.24
2010-08-22T06:00:00,42309099999,LILABARI,27.295,94.098,26.4,1004.8,98.24
2010-08-22T09:00:00,42309099999,LILABARI,27.295,94.098,27.2,1002.0,95.4
2010-08-22T12:00:00,42309099999,LILABARI,27.295,94.098,27.0,1002.1,93.72
2010-08-22T15:00:00,42309099999,LILABARI,27.295,94.098,26.4,1003.6,96.51
2010-08-22T18:00:00,42309099999,LILABARI,27.295,94.098,25.6,1004.5,96.49
2010-08-23T00:00:00,42309099999,LILABARI,27.295,94.098,25.4,1003.9,98.23
2010-08-23T03:00:00,42309099999,LILABARI,27.295,94.098,27.0,1005.1,95.4
2010-08-23T06:00:00,42309099999,LILABARI,27.295,94.098,28.2,1004.7,90.52
2010-08-23T09:00:00,42309099999,LILABARI,27.295,94.098,30.0,1002.4,86.5
2010-08-23T12:00:00,42309099999,LILABARI,27.295,94.098,27.6,1002.2,87.31
2010-08-23T15:00:00,42309099999,LILABARI,27.295,94.098,27.0,1003.3,93.72
2010-08-23T18:00:00,42309099999,LILABARI,27.295,94.098,26.6,1003.9,94.82
2010-08-24T00:00:00,42309099999,LILABARI,27.295,94.098,25.6,1003.8,96.49
2010-08-24T03:00:00,42309099999,LILABARI,27.295,94.098,31.2,1004.5,79.82
2010-08-24T06:00:00,42309099999,LILABARI,27.295,94.098,32.8,1003.4,72.91
2010-08-24T09:00:00,42309099999,LILABARI,27.295,94.098,33.4,1000.4,72.16
2010-08-24T12:00:00,42309099999,LILABARI,27.295,94.098,32.0,1000.8,84.22
2010-08-24T15:00:00,42309099999,LILABARI,27.295,94.098,29.2,1002.4,84.92
2010-08-24T18:00:00,42309099999,LILABARI,27.295,94.098,28.0,1003.4,90.51
2010-08-25T00:00:00,42309099999,LILABARI,27.295,94.098,26.0,1004.3,94.8
2010-08-25T03:00:00,42309099999,LILABARI,27.295,94.098,29.6,1005.8,88.0
2010-08-25T06:00:00,42309099999,LILABARI,27.295,94.098,32.8,1004.2,70.39
2010-08-25T09:00:00,42309099999,LILABARI,27.295,94.098,29.2,1002.9,86.94
2010-08-25T12:00:00,42309099999,LILABARI,27.295,94.098,30.2,1001.1,92.24
2010-08-25T15:00:00,42309099999,LILABARI,27.295,94.098,28.2,1003.1,93.77
2010-08-25T18:00:00,42309099999,LILABARI,27.295,94.098,26.8,1004.2,95.39
2010-08-26T00:00:00,42309099999,LILABARI,27.295,94.098,26.4,1004.4,98.24
2010-08-26T03:00:00,42309099999,LILABARI,27.295,94.098,26.6,1006.0,98.25
2010-08-26T09:00:00,42309099999,LILABARI,27.295,94.098,32.0,1001.5,79.0
2010-08-26T15:00:00,42309099999,LILABARI,27.295,94.098,28.6,1003.5,97.13
2010-08-26T18:00:00,42309099999,LILABARI,27.295,94.098,27.4,1005.1,98.26
2010-08-27T00:00:00,42309099999,LILABARI,27.295,94.098,25.2,1004.2,100.0
2010-08-27T03:00:00,42309099999,LILABARI,27.295,94.098,25.4,1005.5,100.0
2010-08-27T06:00:00,42309099999,LILABARI,27.295,94.098,25.0,1005.3,100.0
2010-08-27T09:00:00,42309099999,LILABARI,27.295,94.098,26.8,1002.8,95.39
2010-08-27T12:00:00,42309099999,LILABARI,27.295,94.098,26.6,1002.4,96.52
2010-08-27T15:00:00,42309099999,LILABARI,27.295,94.098,26.4,1004.6,98.24
2010-08-27T18:00:00,42309099999,LILABARI,27.295,94.098,26.2,1005.4,98.24
2010-08-28T00:00:00,42309099999,LILABARI,27.295,94.098,25.4,1004.7,100.0
2010-08-28T03:00:00,42309099999,LILABARI,27.295,94.098,26.0,1006.0,98.24
2010-08-28T06:00:00,42309099999,LILABARI,27.295,94.098,27.6,1004.4,90.48
2010-08-28T09:00:00,42309099999,LILABARI,27.295,94.098,28.4,1002.5,88.95
2010-08-28T12:00:00,42309099999,LILABARI,27.295,94.098,28.6,1002.0,92.16
2010-08-28T15:00:00,42309099999,LILABARI,27.295,94.098,27.8,1003.4,93.75
2010-08-28T18:00:00,42309099999,LILABARI,27.295,94.098,26.6,1004.4,96.52
2010-08-29T03:00:00,42309099999,LILABARI,27.295,94.098,26.8,1005.1,95.39
2010-08-29T06:00:00,42309099999,LILABARI,27.295,94.098,31.8,1003.6,77.6
2010-08-29T09:00:00,42309099999,LILABARI,27.295,94.098,33.0,1000.9,69.19
2010-08-29T12:00:00,42309099999,LILABARI,27.295,94.098,31.2,999.8,82.68
2010-08-29T15:00:00,42309099999,LILABARI,27.295,94.098,28.4,1001.2,88.95
2010-08-29T18:00:00,42309099999,LILABARI,27.295,94.098,27.0,1002.2,93.72
2010-08-30T00:00:00,42309099999,LILABARI,27.295,94.098,26.4,1003.0,96.51
2010-08-30T03:00:00,42309099999,LILABARI,27.295,94.098,24.6,1004.8,100.0
2010-08-30T06:00:00,42309099999,LILABARI,27.295,94.098,26.6,1004.3,94.82
2010-08-30T09:00:00,42309099999,LILABARI,27.295,94.098,29.6,1001.5,76.82
2010-08-30T12:00:00,42309099999,LILABARI,27.295,94.098,29.4,1000.6,89.55
2010-08-30T15:00:00,42309099999,LILABARI,27.295,94.098,28.0,1002.6,90.51
2010-08-30T18:00:00,42309099999,LILABARI,27.295,94.098,27.4,1003.9,92.09
2010-08-31T00:00:00,42309099999,LILABARI,27.295,94.098,25.2,1003.5,96.48
2010-08-31T03:00:00,42309099999,LILABARI,27.295,94.098,28.6,1004.6,87.92
2010-08-31T06:00:00,42309099999,LILABARI,27.295,94.098,31.0,1003.6,84.11
2010-08-31T09:00:00,42309099999,LILABARI,27.295,94.098,33.6,1000.7,74.76
2010-08-31T12:00:00,42309099999,LILABARI,27.295,94.098,32.2,999.9,80.42
2010-08-31T15:00:00,42309099999,LILABARI,27.295,94.098,28.6,1002.4,87.92
2010-08-31T18:00:00,42309099999,LILABARI,27.295,94.098,27.8,1003.8,92.11
2010-09-01T00:00:00,42309099999,LILABARI,27.295,94.098,25.6,1003.8,94.78
2010-09-01T03:00:00,42309099999,LILABARI,27.295,94.098,27.0,1006.2,93.72
2010-09-01T06:00:00,42309099999,LILABARI,27.295,94.098,27.0,1006.7,96.53
2010-09-01T09:00:00,42309099999,LILABARI,27.295,94.098,28.0,1004.3,92.12
2010-09-01T12:00:00,42309099999,LILABARI,27.295,94.098,27.0,1003.8,95.4
2010-09-01T15:00:00,42309099999,LILABARI,27.295,94.098,26.6,1004.6,94.82
2010-09-01T18:00:00,42309099999,LILABARI,27.295,94.098,26.2,1005.4,96.51
2010-09-02T00:00:00,42309099999,LILABARI,27.295,94.098,25.4,1004.6,98.23
2010-09-02T03:00:00,42309099999,LILABARI,27.295,94.098,27.8,1007.6,90.49
2010-09-02T06:00:00,42309099999,LILABARI,27.295,94.098,30.2,1006.6,82.56
2010-09-02T09:00:00,42309099999,LILABARI,27.295,94.098,32.6,1002.9,80.47
2010-09-02T12:00:00,42309099999,LILABARI,27.295,94.098,31.2,1002.2,84.13
2010-09-02T15:00:00,42309099999,LILABARI,27.295,94.098,28.0,1004.3,88.92
2010-09-02T18:00:00,42309099999,LILABARI,27.295,94.098,26.8,1005.4,93.71
2010-09-03T00:00:00,42309099999,LILABARI,27.295,94.098,25.4,1004.5,96.49
2010-09-03T03:00:00,42309099999,LILABARI,27.295,94.098,30.2,1005.7,84.03
2010-09-03T06:00:00,42309099999,LILABARI,27.295,94.098,32.2,1003.9,72.81
2010-09-03T09:00:00,42309099999,LILABARI,27.295,94.098,33.0,1001.1,75.99
2010-09-03T15:00:00,42309099999,LILABARI,27.295,94.098,29.2,1002.7,90.59
2010-09-03T18:00:00,42309099999,LILABARI,27.295,94.098,27.8,1003.4,92.11
2010-09-04T00:00:00,42309099999,LILABARI,27.295,94.098,25.6,1004.0,100.0
2010-09-04T03:00:00,42309099999,LILABARI,27.295,94.098,26.4,1003.8,96.51
2010-09-04T06:00:00,42309099999,LILABARI,27.295,94.098,28.0,1002.7,96.55
2010-09-04T09:00:00,42309099999,LILABARI,27.295,94.098,31.2,1000.4,81.24
2010-09-04T12:00:00,42309099999,LILABARI,27.295,94.098,27.6,1001.0,93.74
2010-09-04T15:00:00,42309099999,LILABARI,27.295,94.098,27.0,1002.4,95.4
2010-09-04T18:00:00,42309099999,LILABARI,27.295,94.098,25.8,1003.5,96.5
2010-09-05T03:00:00,42309099999,LILABARI,27.295,94.098,25.0,1005.4,100.0
2010-09-05T06:00:00,42309099999,LILABARI,27.295,94.098,27.2,1004.6,95.4
2010-09-05T09:00:00,42309099999,LILABARI,27.295,94.098,27.0,1002.1,95.4
2010-09-05T12:00:00,42309099999,LILABARI,27.295,94.098,26.6,1001.6,98.25
2010-09-05T15:00:00,42309099999,LILABARI,27.295,94.098,26.0,1003.5,98.24
2010-09-05T18:00:00,42309099999,LILABARI,27.295,94.098,25.4,1004.5,98.23
2010-09-06T00:00:00,42309099999,LILABARI,27.295,94.098,24.4,1003.4,100.0
2010-09-06T03:00:00,42309099999,LILABARI,27.295,94.098,25.4,1005.2,100.0
2010-09-06T06:00:00,42309099999,LILABARI,27.295,94.098,26.2,1005.0,100.0
2010-09-06T09:00:00,42309099999,LILABARI,27.295,94.098,25.6,1002.6,98.23
2010-09-06T12:00:00,42309099999,LILABARI,27.295,94.098,25.6,1002.4,97.65
2010-09-06T15:00:00,42309099999,LILABARI,27.295,94.098,25.4,1004.5,96.49
2010-09-06T18:00:00,42309099999,LILABARI,27.295,94.098,24.8,1005.9,98.22
2010-09-07T00:00:00,42309099999,LILABARI,27.295,94.098,24.4,1004.3,98.22
2010-09-07T03:00:00,42309099999,LILABARI,27.295,94.098,25.8,1006.4,96.5
2010-09-07T06:00:00,42309099999,LILABARI,27.295,94.098,27.6,1005.8,90.48
2010-09-07T09:00:00,42309099999,LILABARI,27.295,94.098,29.2,1002.5,87.97
2010-09-07T12:00:00,42309099999,LILABARI,27.295,94.098,27.6,1002.5,92.1
2010-09-07T15:00:00,42309099999,LILABARI,27.295,94.098,27.0,1004.1,95.4
2010-09-07T18:00:00,42309099999,LILABARI,27.295,94.098,26.0,1004.9,96.5
2010-09-08T00:00:00,42309099999,LILABARI,27.295,94.098,24.8,1005.8,96.47
2010-09-08T03:00:00,42309099999,LILABARI,27.295,94.098,27.8,1006.9,92.11
2010-09-08T06:00:00,42309099999,LILABARI,27.295,94.098,30.0,1005.7,91.17
2010-09-08T09:00:00,42309099999,LILABARI,27.295,94.098,29.8,1003.2,88.02
2010-09-08T12:00:00,42309099999,LILABARI,27.295,94.098,28.6,1002.8,92.16
2010-09-08T15:00:00,42309099999,LILABARI,27.295,94.098,27.2,1004.8,98.25
2010-09-08T18:00:00,42309099999,LILABARI,27.295,94.098,25.8,1005.7,98.24
2010-09-09T00:00:00,42309099999,LILABARI,27.295,94.098,24.8,1005.7,98.22
2010-09-09T03:00:00,42309099999,LILABARI,27.295,94.098,26.4,1006.8,98.24
2010-09-09T06:00:00,42309099999,LILABARI,27.295,94.098,27.0,1006.1,98.25
2010-09-09T09:00:00,42309099999,LILABARI,27.295,94.098,27.2,1003.5,98.25
2010-09-09T12:00:00,42309099999,LILABARI,27.295,94.098,24.8,1003.6,98.22
2010-09-09T15:00:00,42309099999,LILABARI,27.295,94.098,24.8,1005.0,98.22
2010-09-09T18:00:00,42309099999,LILABARI,27.295,94.098,24.2,1006.0,98.21
2010-09-10T00:00:00,42309099999,LILABARI,27.295,94.098,25.0,1005.8,98.81
2010-09-10T03:00:00,42309099999,LILABARI,27.295,94.098,24.0,1006.0,100.0
2010-09-10T06:00:00,42309099999,LILABARI,27.295,94.098,24.6,1005.0,100.0
2010-09-10T09:00:00,42309099999,LILABARI,27.295,94.098,25.4,1002.2,98.23
2010-09-10T12:00:00,42309099999,LILABARI,27.295,94.098,25.0,1002.6,98.23
2010-09-10T15:00:00,42309099999,LILABARI,27.295,94.098,24.6,1005.1,96.47
2010-09-10T18:00:00,42309099999,LILABARI,27.295,94.098,24.2,1006.4,98.21
2010-09-11T00:00:00,42309099999,LILABARI,27.295,94.098,23.6,1005.3,98.21
2010-09-11T03:00:00,42309099999,LILABARI,27.295,94.098,28.0,1007.3,87.35
2010-09-11T06:00:00,42309099999,LILABARI,27.295,94.098,30.6,1006.0,81.16
2010-09-11T09:00:00,42309099999,LILABARI,27.295,94.098,31.8,1003.1,77.6
2010-09-11T12:00:00,42309099999,LILABARI,27.295,94.098,30.0,1002.9,89.59
2010-09-11T15:00:00,42309099999,LILABARI,27.295,94.098,28.0,1005.0,92.12
2010-09-11T18:00:00,42309099999,LILABARI,27.295,94.098,26.4,1006.3,96.51
2010-09-12T00:00:00,42309099999,LILABARI,27.295,94.098,25.6,1005.7,100.0
2010-09-12T03:00:00,42309099999,LILABARI,27.295,94.098,29.8,1006.8,82.51
2010-09-12T06:00:00,42309099999,LILABARI,27.295,94.098,33.2,1006.1,74.27
2010-09-12T09:00:00,42309099999,LILABARI,27.295,94.098,33.6,1002.0,72.2
2010-09-12T12:00:00,42309099999,LILABARI,27.295,94.098,28.8,1002.4,86.39
2010-09-12T15:00:00,42309099999,LILABARI,27.295,94.098,28.2,1004.0,90.52
2010-09-12T18:00:00,42309099999,LILABARI,27.295,94.098,27.0,1005.2,93.72
2010-09-13T00:00:00,42309099999,LILABARI,27.295,94.098,25.6,1004.0,98.23
2010-09-13T03:00:00,42309099999,LILABARI,27.295,94.098,26.4,1005.4,98.24
2010-09-13T06:00:00,42309099999,LILABARI,27.295,94.098,31.2,1004.2,78.89
2010-09-13T09:00:00,42309099999,LILABARI,27.295,94.098,32.4,,70.31
2010-09-13T12:00:00,42309099999,LILABARI,27.295,94.098,29.4,1000.4,89.55
2010-09-13T15:00:00,42309099999,LILABARI,27.295,94.098,27.6,1002.7,87.31
2010-09-13T18:00:00,42309099999,LILABARI,27.295,94.098,26.2,1004.1,90.38
2010-09-14T00:00:00,42309099999,LILABARI,27.295,94.098,25.6,1004.1,96.49
2010-09-14T03:00:00,42309099999,LILABARI,27.295,94.098,27.4,1005.2,93.74
2010-09-14T06:00:00,42309099999,LILABARI,27.295,94.098,29.6,1004.1,82.0
2010-09-14T09:00:00,42309099999,LILABARI,27.295,94.098,31.2,1000.4,69.68
2010-09-14T12:00:00,42309099999,LILABARI,27.295,94.098,29.4,1001.4,89.55
2010-09-14T15:00:00,42309099999,LILABARI,27.295,94.098,27.8,1004.1,92.11
2010-09-14T18:00:00,42309099999,LILABARI,27.295,94.098,26.4,1005.2,96.51
2010-09-15T00:00:00,42309099999,LILABARI,27.295,94.098,25.6,1005.1,96.49
2010-09-15T03:00:00,42309099999,LILABARI,27.295,94.098,26.4,1006.6,96.51
2010-09-15T06:00:00,42309099999,LILABARI,27.295,94.098,28.6,1004.8,92.16
2010-09-15T09:00:00,42309099999,LILABARI,27.295,94.098,31.0,1002.0,79.8
2010-09-15T12:00:00,42309099999,LILABARI,27.295,94.098,29.8,1002.6,91.15
2010-09-15T15:00:00,42309099999,LILABARI,27.295,94.098,27.8,1004.4,92.11
2010-09-15T18:00:00,42309099999,LILABARI,27.295,94.098,26.0,1005.6,94.8
2010-09-16T00:00:00,42309099999,LILABARI,27.295,94.098,,1005.3,
2010-09-16T03:00:00,42309099999,LILABARI,27.295,94.098,24.2,1007.3,98.21
2010-09-16T06:00:00,42309099999,LILABARI,27.295,94.098,26.0,1006.5,94.8
2010-09-16T09:00:00,42309099999,LILABARI,27.295,94.098,29.2,1003.1,86.43
2010-09-17T00:00:00,42309099999,LILABARI,27.295,94.098,24.8,1005.8,98.22
2010-09-17T03:00:00,42309099999,LILABARI,27.295,94.098,25.2,1007.8,94.77
2010-09-17T06:00:00,42309099999,LILABARI,27.295,94.098,24.8,1006.4,100.0
2010-09-17T09:00:00,42309099999,LILABARI,27.295,94.098,29.0,1002.5,93.81
2010-09-17T12:00:00,42309099999,LILABARI,27.295,94.098,28.4,1002.7,90.53
2010-09-17T15:00:00,42309099999,LILABARI,27.295,94.098,26.6,1005.2,90.41
2010-09-17T18:00:00,42309099999,LILABARI,27.295,94.098,25.4,1006.2,91.42
2010-09-18T03:00:00,42309099999,LILABARI,27.295,94.098,24.8,1008.6,96.47
2010-09-18T06:00:00,42309099999,LILABARI,27.295,94.098,30.0,1007.3,85.0
2010-09-18T09:00:00,42309099999,LILABARI,27.295,94.098,32.4,1002.5,74.14
2010-09-18T12:00:00,42309099999,LILABARI,27.295,94.098,29.6,1003.5,93.83
2010-09-18T15:00:00,42309099999,LILABARI,27.295,94.098,27.8,1006.0,94.86
2010-09-18T18:00:00,42309099999,LILABARI,27.295,94.098,26.2,1007.1,94.8
2010-09-19T00:00:00,42309099999,LILABARI,27.295,94.098,25.0,1005.6,96.48
2010-09-19T03:00:00,42309099999,LILABARI,27.295,94.098,23.8,1009.7,100.0
2010-09-19T06:00:00,42309099999,LILABARI,27.295,94.098,25.6,1008.6,94.78
2010-09-19T09:00:00,42309099999,LILABARI,27.295,94.098,28.4,1006.1,84.83
2010-09-19T12:00:00,42309099999,LILABARI,27.295,94.098,27.0,1006.3,87.26
2010-09-19T15:00:00,42309099999,LILABARI,27.295,94.098,26.6,1007.2,88.81
2010-09-19T18:00:00,42309099999,LILABARI,27.295,94.098,26.0,1008.1,93.67
2010-09-20T00:00:00,42309099999,LILABARI,27.295,94.098,24.8,1007.5,94.75
2010-09-20T03:00:00,42309099999,LILABARI,27.295,94.098,25.8,1008.4,98.24
2010-09-20T06:00:00,42309099999,LILABARI,27.295,94.098,26.6,1007.6,98.25
2010-09-20T09:00:00,42309099999,LILABARI,27.295,94.098,27.2,1005.2,95.4
2010-09-20T12:00:00,42309099999,LILABARI,27.295,94.098,27.4,1004.9,92.09
2010-09-20T15:00:00,42309099999,LILABARI,27.295,94.098,26.8,1007.8,92.05
2010-09-20T18:00:00,42309099999,LILABARI,27.295,94.098,26.2,1008.3,94.8
2010-09-21T00:00:00,42309099999,LILABARI,27.295,94.098,25.4,,96.49
2010-09-21T03:00:00,42309099999,LILABARI,27.295,94.098,27.4,1009.3,93.74
2010-09-21T06:00:00,42309099999,LILABARI,27.295,94.098,30.0,1008.0,82.54
2010-09-21T09:00:00,42309099999,LILABARI,27.295,94.098,31.8,1005.4,82.74
2010-09-21T12:00:00,42309099999,LILABARI,27.295,94.098,29.4,1006.0,92.2
2010-09-21T15:00:00,42309099999,LILABARI,27.295,94.098,27.6,1007.6,92.1
2010-09-21T18:00:00,42309099999,LILABARI,27.295,94.098,27.0,1008.5,95.4
2010-09-22T00:00:00,42309099999,LILABARI,27.295,94.098,24.6,1008.1,96.47
2010-09-22T03:00:00,42309099999,LILABARI,27.295,94.098,29.6,1008.7,83.47
2010-09-22T06:00:00,42309099999,LILABARI,27.295,94.098,31.8,1007.4,77.6
2010-09-22T09:00:00,42309099999,LILABARI,27.295,94.098,32.6,1004.6,72.88
2010-09-22T12:00:00,42309099999,LILABARI,27.295,94.098,30.2,1003.8,88.05
2010-09-22T15:00:00,42309099999,LILABARI,27.295,94.098,28.0,1005.6,92.12
2010-09-22T18:00:00,42309099999,LILABARI,27.295,94.098,27.0,1006.7,93.72
2010-09-23T00:00:00,42309099999,LILABARI,27.295,94.098,25.0,1006.7,96.48
2010-09-23T03:00:00,42309099999,LILABARI,27.295,94.098,30.8,1007.3,79.77
2010-09-23T06:00:00,42309099999,LILABARI,27.295,94.098,32.2,1006.2,74.98
2010-09-23T09:00:00,42309099999,LILABARI,27.295,94.098,34.4,1001.9,70.26
2010-09-23T12:00:00,42309099999,LILABARI,27.295,94.098,30.6,1001.4,81.16
2010-09-23T15:00:00,42309099999,LILABARI,27.295,94.098,27.8,1003.4,87.33
2010-09-23T18:00:00,42309099999,LILABARI,27.295,94.098,26.0,1005.0,90.37
2010-09-24T00:00:00,42309099999,LILABARI,27.295,94.098,25.6,1005.9,91.44
2010-09-24T03:00:00,42309099999,LILABARI,27.295,94.098,25.4,1007.6,98.23
2010-09-24T06:00:00,42309099999,LILABARI,27.295,94.098,28.4,1005.9,88.95
2010-09-24T09:00:00,42309099999,LILABARI,27.295,94.098,31.2,1003.1,82.68
2010-09-24T12:00:00,42309099999,LILABARI,27.295,94.098,29.8,1003.2,82.51
2010-09-24T15:00:00,42309099999,LILABARI,27.295,94.098,27.4,1005.8,90.47
2010-09-24T18:00:00,42309099999,LILABARI,27.295,94.098,26.2,1006.9,92.02
2010-09-25T00:00:00,42309099999,LILABARI,27.295,94.098,25.6,1006.4,91.44
2010-09-25T03:00:00,42309099999,LILABARI,27.295,94.098,29.0,1007.7,84.9
2010-09-25T06:00:00,42309099999,LILABARI,27.295,94.098,30.8,1006.6,77.0
2010-09-25T09:00:00,42309099999,LILABARI,27.295,94.098,27.2,1004.7,90.45
2010-09-25T12:00:00,42309099999,LILABARI,27.295,94.098,27.0,1004.8,95.4
2010-09-25T15:00:00,42309099999,LILABARI,27.295,94.098,26.0,1007.0,94.8
2010-09-25T18:00:00,42309099999,LILABARI,27.295,94.098,25.6,1007.7,96.49
2010-09-26T00:00:00,42309099999,LILABARI,27.295,94.098,25.4,1007.3,98.82
2010-09-26T03:00:00,42309099999,LILABARI,27.295,94.098,25.2,1009.0,100.0
2010-09-26T06:00:00,42309099999,LILABARI,27.295,94.098,28.8,1008.0,87.94
2010-09-26T09:00:00,42309099999,LILABARI,27.295,94.098,28.2,1005.6,90.52
2010-09-26T12:00:00,42309099999,LILABARI,27.295,94.098,27.2,1004.6,96.53
2010-09-26T15:00:00,42309099999,LILABARI,27.295,94.098,25.0,1007.5,98.23
2010-09-26T18:00:00,42309099999,LILABARI,27.295,94.098,24.6,1008.2,98.22
2010-09-27T00:00:00,42309099999,LILABARI,27.295,94.098,24.6,1006.5,98.22
2010-09-27T03:00:00,42309099999,LILABARI,27.295,94.098,25.6,1008.1,98.23
2010-09-27T06:00:00,42309099999,LILABARI,27.295,94.098,29.6,1007.3,86.47
2010-09-27T09:00:00,42309099999,LILABARI,27.295,94.098,27.4,1005.0,96.54
2010-09-27T12:00:00,42309099999,LILABARI,27.295,94.098,26.4,1005.0,96.51
2010-09-27T15:00:00,42309099999,LILABARI,27.295,94.098,26.0,1007.2,94.8
2010-09-27T18:00:00,42309099999,LILABARI,27.295,94.098,25.4,1007.6,94.77
2010-09-28T00:00:00,42309099999,LILABARI,27.295,94.098,24.4,1008.1,98.22
2010-09-28T03:00:00,42309099999,LILABARI,27.295,94.098,24.0,1010.7,100.0
2010-09-28T06:00:00,42309099999,LILABARI,27.295,94.098,26.4,1009.7,94.81
2010-09-28T09:00:00,42309099999,LILABARI,27.295,94.098,27.8,1007.5,87.33
2010-09-28T12:00:00,42309099999,LILABARI,27.295,94.098,26.0,1007.9,93.67
2010-09-28T15:00:00,42309099999,LILABARI,27.295,94.098,25.2,1009.8,94.77
2010-09-28T18:00:00,42309099999,LILABARI,27.295,94.098,24.8,1010.4,96.47
2010-09-29T00:00:00,42309099999,LILABARI,27.295,94.098,23.4,1011.0,100.0
2010-09-29T03:00:00,42309099999,LILABARI,27.295,94.098,28.0,1011.4,80.35
2010-09-29T06:00:00,42309099999,LILABARI,27.295,94.098,31.4,1009.3,68.48
2010-09-29T09:00:00,42309099999,LILABARI,27.295,94.098,32.6,1006.4,66.7
2010-09-29T12:00:00,42309099999,LILABARI,27.295,94.098,29.6,1006.1,91.14
2010-09-29T15:00:00,42309099999,LILABARI,27.295,94.098,27.6,1008.4,93.74
2010-09-29T18:00:00,42309099999,LILABARI,27.295,94.098,26.4,1009.3,96.51
2010-09-30T00:00:00,42309099999,LILABARI,27.295,94.098,24.4,1010.1,98.22
2010-09-30T03:00:00,42309099999,LILABARI,27.295,94.098,30.2,1010.7,74.22
2010-09-30T06:00:00,42309099999,LILABARI,27.295,94.098,32.4,1008.8,63.94
2010-09-30T09:00:00,42309099999,LILABARI,27.295,94.098,33.4,1005.5,61.17
2010-09-30T12:00:00,42309099999,LILABARI,27.295,94.098,28.6,1005.5,81.88
2010-09-30T15:00:00,42309099999,LILABARI,27.295,94.098,28.0,1007.4,90.51
2010-09-30T18:00:00,42309099999,LILABARI,27.295,94.098,26.6,1008.5,93.7
2010-10-01T00:00:00,42309099999,LILABARI,27.295,94.098,24.6,1009.4,98.22
2010-10-01T03:00:00,42309099999,LILABARI,27.295,94.098,28.6,1010.2,83.36
2010-10-01T06:00:00,42309099999,LILABARI,27.295,94.098,31.6,1008.6,73.57
2010-10-01T09:00:00,42309099999,LILABARI,27.295,94.098,33.4,1005.9,70.91
2010-10-01T12:00:00,42309099999,LILABARI,27.295,94.098,27.8,1006.3,85.79
2010-10-01T15:00:00,42309099999,LILABARI,27.295,94.098,27.0,1008.4,92.07
2010-10-01T18:00:00,42309099999,LILABARI,27.295,94.098,26.2,1009.9,93.68
2010-10-02T00:00:00,42309099999,LILABARI,27.295,94.098,24.2,1009.4,98.21
2010-10-02T03:00:00,42309099999,LILABARI,27.295,94.098,30.8,1010.0,73.0
2010-10-02T06:00:00,42309099999,LILABARI,27.295,94.098,32.4,1008.6,66.66
2010-10-02T12:00:00,42309099999,LILABARI,27.295,94.098,28.2,1005.5,88.93
2010-10-02T15:00:00,42309099999,LILABARI,27.295,94.098,27.4,1008.1,92.09
2010-10-02T18:00:00,42309099999,LILABARI,27.295,94.098,26.4,1009.1,94.81
2010-10-03T00:00:00,42309099999,LILABARI,27.295,94.098,24.6,1009.4,98.22
2010-10-03T03:00:00,42309099999,LILABARI,27.295,94.098,31.0,1009.8,76.13
2010-10-03T06:00:00,42309099999,LILABARI,27.295,94.098,33.2,1009.3,66.03
2010-10-03T09:00:00,42309099999,LILABARI,27.295,94.098,34.0,1005.4,62.77
2010-10-03T12:00:00,42309099999,LILABARI,27.295,94.098,29.8,1005.2,81.06
2010-10-03T15:00:00,42309099999,LILABARI,27.295,94.098,28.2,1007.3,90.52
2010-10-03T18:00:00,42309099999,LILABARI,27.295,94.098,27.0,1008.2,93.72
2010-10-04T00:00:00,42309099999,LILABARI,27.295,94.098,24.4,1009.0,98.22
2010-10-04T06:00:00,42309099999,LILABARI,27.295,94.098,33.0,1007.9,66.78
2010-10-04T09:00:00,42309099999,LILABARI,27.295,94.098,33.6,1003.9,66.12
2010-10-04T12:00:00,42309099999,LILABARI,27.295,94.098,29.6,1003.9,81.04
2010-10-04T15:00:00,42309099999,LILABARI,27.295,94.098,27.2,1006.2,85.73
2010-10-04T18:00:00,42309099999,LILABARI,27.295,94.098,25.8,1007.3,90.36
2010-10-05T00:00:00,42309099999,LILABARI,27.295,94.098,24.0,1007.1,96.45
2010-10-05T03:00:00,42309099999,LILABARI,27.295,94.098,30.0,1008.1,76.88
2010-10-05T06:00:00,42309099999,LILABARI,27.295,94.098,33.0,1006.5,71.67
2010-10-05T09:00:00,42309099999,LILABARI,27.295,94.098,33.4,1003.3,64.91
2010-10-05T12:00:00,42309099999,LILABARI,27.295,94.098,29.8,1003.6,84.98
2010-10-05T15:00:00,42309099999,LILABARI,27.295,94.098,,1005.9,
2010-10-05T18:00:00,42309099999,LILABARI,27.295,94.098,25.6,1006.7,93.1
2010-10-06T00:00:00,42309099999,LILABARI,27.295,94.098,24.8,1009.1,98.22
2010-10-06T03:00:00,42309099999,LILABARI,27.295,94.098,26.0,1010.8,87.17
2010-10-06T06:00:00,42309099999,LILABARI,27.295,94.098,29.6,1008.7,78.21
2010-10-06T09:00:00,42309099999,LILABARI,27.295,94.098,30.0,1006.1,78.26
2010-10-06T12:00:00,42309099999,LILABARI,27.295,94.098,27.2,1006.9,93.73
2010-10-06T15:00:00,42309099999,LILABARI,27.295,94.098,26.0,1009.1,96.5
2010-10-06T18:00:00,42309099999,LILABARI,27.295,94.098,25.0,1009.9,98.81
2010-10-07T00:00:00,42309099999,LILABARI,27.295,94.098,24.0,1011.4,96.45
2010-10-07T03:00:00,42309099999,LILABARI,27.295,94.098,26.4,1010.3,88.79
2010-10-07T06:00:00,42309099999,LILABARI,27.295,94.098,29.0,1007.4,77.66
2010-10-07T09:00:00,42309099999,LILABARI,27.295,94.098,29.2,1004.8,77.68
2010-10-07T12:00:00,42309099999,LILABARI,27.295,94.098,28.6,1005.4,84.85
2010-10-07T15:00:00,42309099999,LILABARI,27.295,94.098,27.0,1007.6,92.07
2010-10-07T18:00:00,42309099999,LILABARI,27.295,94.098,25.2,1008.6,94.77
2010-10-08T00:00:00,42309099999,LILABARI,27.295,94.098,23.8,1006.8,96.45
2010-10-08T03:00:00,42309099999,LILABARI,27.295,94.098,25.2,1008.2,94.77
2010-10-08T06:00:00,42309099999,LILABARI,27.295,94.098,26.4,1007.5,88.79
2010-10-08T09:00:00,42309099999,LILABARI,27.295,94.098,24.8,1005.2,94.75
2010-10-08T12:00:00,42309099999,LILABARI,27.295,94.098,23.0,1005.0,100.0
2010-10-08T15:00:00,42309099999,LILABARI,27.295,94.098,22.6,1005.3,98.19
2010-10-08T18:00:00,42309099999,LILABARI,27.295,94.098,22.4,1005.7,100.0
2010-10-09T00:00:00,42309099999,LILABARI,27.295,94.098,22.2,1006.6,98.19
2010-10-09T03:00:00,42309099999,LILABARI,27.295,94.098,23.0,1007.7,98.2
2010-10-09T06:00:00,42309099999,LILABARI,27.295,94.098,26.4,1001.9,87.21
2010-10-09T09:00:00,42309099999,LILABARI,27.295,94.098,26.0,999.7,88.76
2010-10-09T12:00:00,42309099999,LILABARI,27.295,94.098,23.4,1000.2,96.44
2010-10-09T15:00:00,42309099999,LILABARI,27.295,94.098,23.0,1002.2,98.2
2010-10-09T18:00:00,42309099999,LILABARI,27.295,94.098,22.8,1003.2,98.2
2010-10-10T00:00:00,42309099999,LILABARI,27.295,94.098,22.4,1004.8,96.41
2010-10-10T03:00:00,42309099999,LILABARI,27.295,94.098,24.8,1004.9,91.39
2010-10-10T06:00:00,42309099999,LILABARI,27.295,94.098,26.8,1004.1,87.24
2010-10-10T09:00:00,42309099999,LILABARI,27.295,94.098,25.4,1002.1,91.42
2010-10-10T12:00:00,42309099999,LILABARI,27.295,94.098,25.0,1002.4,91.4
2010-10-10T15:00:00,42309099999,LILABARI,27.295,94.098,24.2,1005.1,93.03
2010-10-10T18:00:00,42309099999,LILABARI,27.295,94.098,23.6,1006.0,94.7
2010-10-11T00:00:00,42309099999,LILABARI,27.295,94.098,23.0,1007.0,98.2
2010-10-11T03:00:00,42309099999,LILABARI,27.295,94.098,25.2,1009.4,89.77
2010-10-11T06:00:00,42309099999,LILABARI,27.295,94.098,29.4,1008.3,68.51
2010-10-11T09:00:00,42309099999,LILABARI,27.295,94.098,30.6,1006.0,74.28
2010-10-11T12:00:00,42309099999,LILABARI,27.295,94.098,26.8,1005.9,85.69
2010-10-11T15:00:00,42309099999,LILABARI,27.295,94.098,24.8,1007.9,93.06
2010-10-11T18:00:00,42309099999,LILABARI,27.295,94.098,24.0,1008.7,93.02
2010-10-12T00:00:00,42309099999,LILABARI,27.295,94.098,22.8,1008.7,92.95
2010-10-12T03:00:00,42309099999,LILABARI,27.295,94.098,27.2,1010.2,84.2
2010-10-12T06:00:00,42309099999,LILABARI,27.295,94.098,30.6,1008.7,61.66
2010-10-12T09:00:00,42309099999,LILABARI,27.295,94.098,31.0,1006.3,72.17
2010-10-12T12:00:00,42309099999,LILABARI,27.295,94.098,27.4,1006.0,82.72
2010-10-12T15:00:00,42309099999,LILABARI,27.295,94.098,25.8,1007.7,90.36
2010-10-12T18:00:00,42309099999,LILABARI,27.295,94.098,24.2,1008.7,89.7
2010-10-13T00:00:00,42309099999,LILABARI,27.295,94.098,23.0,1008.2,96.43
2010-10-13T03:00:00,42309099999,LILABARI,27.295,94.098,27.4,1009.5,85.75
2010-10-13T06:00:00,42309099999,LILABARI,27.295,94.098,29.4,1008.3,79.11
2010-10-13T09:00:00,42309099999,LILABARI,27.295,94.098,29.0,1005.3,83.4
2010-10-13T12:00:00,42309099999,LILABARI,27.295,94.098,27.4,1005.3,90.47
2010-10-13T15:00:00,42309099999,LILABARI,27.295,94.098,25.0,1006.2,93.07
2010-10-13T18:00:00,42309099999,LILABARI,27.295,94.098,23.8,1006.7,94.71
2010-10-14T00:00:00,42309099999,LILABARI,27.295,94.098,23.2,1007.7,94.69
2010-10-14T03:00:00,42309099999,LILABARI,27.295,94.098,25.6,1007.7,90.34
2010-10-14T06:00:00,42309099999,LILABARI,27.295,94.098,30.6,1005.9,71.68
2010-10-14T09:00:00,42309099999,LILABARI,27.295,94.098,29.6,1003.1,67.31
2010-10-14T12:00:00,42309099999,LILABARI,27.295,94.098,27.8,1003.8,85.79
2010-10-14T15:00:00,42309099999,LILABARI,27.295,94.098,25.6,1005.4,88.73
2010-10-14T18:00:00,42309099999,LILABARI,27.295,94.098,24.0,1005.8,93.02
2010-10-15T00:00:00,42309099999,LILABARI,27.295,94.098,23.0,1007.1,96.43
2010-10-15T03:00:00,42309099999,LILABARI,27.295,94.098,24.8,1009.1,94.75
2010-10-15T06:00:00,42309099999,LILABARI,27.295,94.098,27.6,1007.2,84.25
2010-10-15T09:00:00,42309099999,LILABARI,27.295,94.098,28.8,1005.1,80.46
2010-10-15T12:00:00,42309099999,LILABARI,27.295,94.098,27.4,1006.1,92.09
2010-10-15T15:00:00,42309099999,LILABARI,27.295,94.098,26.2,1007.3,90.93
2010-10-15T18:00:00,42309099999,LILABARI,27.295,94.098,25.0,1007.6,93.07
2010-10-16T00:00:00,42309099999,LILABARI,27.295,94.098,23.2,1007.8,94.69
2010-10-16T03:00:00,42309099999,LILABARI,27.295,94.098,25.4,1010.1,96.49
2010-10-16T06:00:00,42309099999,LILABARI,27.295,94.098,25.2,1009.4,95.91
2010-10-16T09:00:00,42309099999,LILABARI,27.295,94.098,26.8,1007.9,92.05
2010-10-16T12:00:00,42309099999,LILABARI,27.295,94.098,25.4,1007.1,93.09
2010-10-16T15:00:00,42309099999,LILABARI,27.295,94.098,25.0,1008.2,93.07
2010-10-16T18:00:00,42309099999,LILABARI,27.295,94.098,24.6,1008.5,94.74
2010-10-17T00:00:00,42309099999,LILABARI,27.295,94.098,23.6,1008.6,94.7
2010-10-17T03:00:00,42309099999,LILABARI,27.295,94.098,24.8,1006.8,94.75
2010-10-17T06:00:00,42309099999,LILABARI,27.295,94.098,26.2,1005.2,93.68
2010-10-17T12:00:00,42309099999,LILABARI,27.295,94.098,25.6,1008.5,88.73
2010-10-17T15:00:00,42309099999,LILABARI,27.295,94.098,25.2,1010.0,91.41
2010-10-17T18:00:00,42309099999,LILABARI,27.295,94.098,24.8,1010.2,93.06
2010-10-18T00:00:00,42309099999,LILABARI,27.295,94.098,23.8,1009.0,93.0
2010-10-18T03:00:00,42309099999,LILABARI,27.295,94.098,24.6,1011.8,93.05
2010-10-18T06:00:00,42309099999,LILABARI,27.295,94.098,26.6,1010.1,82.63
2010-10-18T09:00:00,42309099999,LILABARI,27.295,94.098,28.8,1006.8,79.03
2010-10-18T12:00:00,42309099999,LILABARI,27.295,94.098,26.2,1007.0,90.38
2010-10-18T15:00:00,42309099999,LILABARI,27.295,94.098,24.8,1008.9,89.74
2010-10-18T18:00:00,42309099999,LILABARI,27.295,94.098,24.0,1009.4,93.02
2010-10-19T00:00:00,42309099999,LILABARI,27.295,94.098,21.2,1010.3,96.38
2010-10-19T03:00:00,42309099999,LILABARI,27.295,94.098,29.4,1010.8,71.03
2010-10-19T06:00:00,42309099999,LILABARI,27.295,94.098,31.0,1008.7,65.59
2010-10-19T09:00:00,42309099999,LILABARI,27.295,94.098,32.2,1005.6,65.05
2010-10-19T12:00:00,42309099999,LILABARI,27.295,94.098,28.2,1006.4,86.34
2010-10-19T15:00:00,42309099999,LILABARI,27.295,94.098,26.8,1008.2,90.43
2010-10-19T18:00:00,42309099999,LILABARI,27.295,94.098,25.8,1008.8,90.36
2010-10-20T00:00:00,42309099999,LILABARI,27.295,94.098,21.4,1009.0,96.38
2010-10-20T03:00:00,42309099999,LILABARI,27.295,94.098,30.6,1010.0,70.4
2010-10-20T06:00:00,42309099999,LILABARI,27.295,94.098,32.8,1007.6,62.14
2010-10-20T09:00:00,42309099999,LILABARI,27.295,94.098,33.8,1004.3,60.53
2010-10-20T12:00:00,42309099999,LILABARI,27.295,94.098,27.8,1005.0,90.49
2010-10-20T15:00:00,42309099999,LILABARI,27.295,94.098,26.4,1007.1,92.03
2010-10-20T18:00:00,42309099999,LILABARI,27.295,94.098,25.6,1008.0,93.1
2010-10-21T00:00:00,42309099999,LILABARI,27.295,94.098,21.4,1009.0,98.18
2010-10-21T03:00:00,42309099999,LILABARI,27.295,94.098,25.6,1008.6,82.01
2010-10-21T06:00:00,42309099999,LILABARI,27.295,94.098,29.6,1006.9,71.07
2010-10-21T09:00:00,42309099999,LILABARI,27.295,94.098,28.2,1004.0,77.54
2010-10-21T12:00:00,42309099999,LILABARI,27.295,94.098,25.8,1004.3,84.05
2010-10-21T15:00:00,42309099999,LILABARI,27.295,94.098,24.2,1005.2,88.08
2010-10-21T18:00:00,42309099999,LILABARI,27.295,94.098,23.2,1005.5,91.29
2010-10-22T03:00:00,42309099999,LILABARI,27.295,94.098,25.4,1006.6,89.79
2010-10-22T06:00:00,42309099999,LILABARI,27.295,94.098,27.4,1005.4,74.2
2010-10-22T09:00:00,42309099999,LILABARI,27.295,94.098,27.2,1003.2,88.85
2010-10-22T12:00:00,42309099999,LILABARI,27.295,94.098,26.0,1003.1,94.8
2010-10-22T15:00:00,42309099999,LILABARI,27.295,94.098,24.6,1005.1,93.05
2010-10-22T18:00:00,42309099999,LILABARI,27.295,94.098,23.2,1006.1,94.69
2010-10-23T00:00:00,42309099999,LILABARI,27.295,94.098,23.0,1004.4,92.96
2010-10-23T03:00:00,42309099999,LILABARI,27.295,94.098,25.2,1005.1,93.08
2010-10-23T06:00:00,42309099999,LILABARI,27.295,94.098,29.8,1004.3,74.15
2010-10-23T09:00:00,42309099999,LILABARI,27.295,94.098,29.0,1001.6,77.66
2010-10-23T12:00:00,42309099999,LILABARI,27.295,94.098,26.2,1002.2,90.38
2010-10-23T15:00:00,42309099999,LILABARI,27.295,94.098,25.4,1003.4,94.77
2010-10-23T18:00:00,42309099999,LILABARI,27.295,94.098,23.4,1004.2,96.44
2010-10-24T00:00:00,42309099999,LILABARI,27.295,94.098,22.8,1003.9,92.95
2010-10-24T03:00:00,42309099999,LILABARI,27.295,94.098,28.4,1006.2,83.83
2010-10-24T06:00:00,42309099999,LILABARI,27.295,94.098,31.0,1005.5,70.9
2010-10-24T09:00:00,42309099999,LILABARI,27.295,94.098,32.2,1002.6,70.28
2010-10-24T12:00:00,42309099999,LILABARI,27.295,94.098,28.0,1003.4,88.92
2010-10-24T15:00:00,42309099999,LILABARI,27.295,94.098,25.0,1006.5,94.76
2010-10-25T00:00:00,42309099999,LILABARI,27.295,94.098,22.4,1006.6,96.41
2010-10-25T03:00:00,42309099999,LILABARI,27.295,94.098,25.4,1009.4,79.04
2010-10-25T06:00:00,42309099999,LILABARI,27.295,94.098,29.4,1008.8,71.03
2010-10-25T09:00:00,42309099999,LILABARI,27.295,94.098,31.8,1006.4,59.0
2010-10-25T12:00:00,42309099999,LILABARI,27.295,94.098,26.4,1007.3,84.12
2010-10-25T15:00:00,42309099999,LILABARI,27.295,94.098,24.4,1009.5,86.5
2010-10-25T18:00:00,42309099999,LILABARI,27.295,94.098,23.0,1009.2,91.27
2010-10-26T00:00:00,42309099999,LILABARI,27.295,94.098,21.0,1011.2,96.37
2010-10-26T03:00:00,42309099999,LILABARI,27.295,94.098,28.4,1011.2,70.42
2010-10-26T06:00:00,42309099999,LILABARI,27.295,94.098,30.6,1009.6,61.66
2010-10-26T09:00:00,42309099999,LILABARI,27.295,94.098,32.8,1007.1,65.56
2010-10-26T12:00:00,42309099999,LILABARI,27.295,94.098,28.2,1007.4,90.52
2010-10-26T15:00:00,42309099999,LILABARI,27.295,94.098,25.2,1009.9,93.08
2010-10-26T18:00:00,42309099999,LILABARI,27.295,94.098,23.0,1010.6,97.01
2010-10-27T00:00:00,42309099999,LILABARI,27.295,94.098,21.2,1011.4,96.38
2010-10-27T03:00:00,42309099999,LILABARI,27.295,94.098,29.0,1012.1,70.96
2010-10-27T06:00:00,42309099999,LILABARI,27.295,94.098,31.6,1010.2,66.11
2010-10-27T09:00:00,42309099999,LILABARI,27.295,94.098,33.2,1007.5,62.23
2010-10-27T12:00:00,42309099999,LILABARI,27.295,94.098,28.2,1007.6,88.93
2010-10-27T15:00:00,42309099999,LILABARI,27.295,94.098,25.6,1009.6,93.1
2010-10-27T18:00:00,42309099999,LILABARI,27.295,94.098,23.4,1010.3,96.44
2010-10-28T00:00:00,42309099999,LILABARI,27.295,94.098,21.4,1011.4,96.38
2010-10-28T03:00:00,42309099999,LILABARI,27.295,94.098,24.6,1012.7,83.41
2010-10-28T06:00:00,42309099999,LILABARI,27.295,94.098,28.0,1012.4,69.07
2010-10-28T09:00:00,42309099999,LILABARI,27.295,94.098,28.4,1009.8,74.82
2010-10-28T12:00:00,42309099999,LILABARI,27.295,94.098,25.8,1009.8,82.04
2010-10-28T15:00:00,42309099999,LILABARI,27.295,94.098,24.6,1012.5,93.05
2010-10-28T18:00:00,42309099999,LILABARI,27.295,94.098,23.0,1013.1,96.43
2010-10-29T00:00:00,42309099999,LILABARI,27.295,94.098,21.0,1014.4,96.37
2010-10-29T03:00:00,42309099999,LILABARI,27.295,94.098,25.8,1016.3,77.66
2010-10-29T06:00:00,42309099999,LILABARI,27.295,94.098,28.6,1014.1,73.51
2010-10-29T09:00:00,42309099999,LILABARI,27.295,94.098,29.2,1011.1,72.29
2010-10-29T12:00:00,42309099999,LILABARI,27.295,94.098,25.6,1011.4,83.52
2010-10-29T15:00:00,42309099999,LILABARI,27.295,94.098,24.2,1013.7,89.7
2010-10-29T18:00:00,42309099999,LILABARI,27.295,94.098,22.8,1014.8,92.95
2010-10-30T00:00:00,42309099999,LILABARI,27.295,94.098,20.6,1015.4,96.36
2010-10-30T03:00:00,42309099999,LILABARI,27.295,94.098,26.0,1017.1,76.27
2010-10-30T06:00:00,42309099999,LILABARI,27.295,94.098,27.8,1015.5,74.27
2010-10-30T09:00:00,42309099999,LILABARI,27.295,94.098,31.4,1012.3,61.09
2010-10-30T12:00:00,42309099999,LILABARI,27.295,94.098,25.8,1012.6,85.59
2010-10-30T15:00:00,42309099999,LILABARI,27.295,94.098,24.0,1014.4,91.34
2010-10-30T18:00:00,42309099999,LILABARI,27.295,94.098,23.0,1015.3,96.43
2010-10-31T00:00:00,42309099999,LILABARI,27.295,94.098,18.6,1016.5,96.31
2010-10-31T03:00:00,42309099999,LILABARI,27.295,94.098,25.2,1017.2,71.14
2010-10-31T06:00:00,42309099999,LILABARI,27.295,94.098,30.0,1013.2,57.51
2010-10-31T09:00:00,42309099999,LILABARI,27.295,94.098,30.2,1009.8,62.7
2010-10-31T12:00:00,42309099999,LILABARI,27.295,94.098,25.6,1009.7,82.01
2010-10-31T15:00:00,42309099999,LILABARI,27.295,94.098,23.6,1011.4,92.99
2010-10-31T18:00:00,42309099999,LILABARI,27.295,94.098,22.6,1012.3,94.67
2010-11-01T00:00:00,42309099999,LILABARI,27.295,94.098,18.0,1013.6,93.88
2010-11-01T03:00:00,42309099999,LILABARI,27.295,94.098,22.2,,
2010-11-01T06:00:00,42309099999,LILABARI,27.295,94.098,26.4,1011.3,76.34
2010-11-01T09:00:00,42309099999,LILABARI,27.295,94.098,26.4,1009.4,77.74
2010-11-01T12:00:00,42309099999,LILABARI,27.295,94.098,25.0,1009.5,88.14
2010-11-01T15:00:00,42309099999,LILABARI,27.295,94.098,24.2,1011.5,93.03
2010-11-01T18:00:00,42309099999,LILABARI,27.295,94.098,23.6,1012.7,94.7
2010-11-02T00:00:00,42309099999,LILABARI,27.295,94.098,22.0,1012.6,96.4
2010-11-02T03:00:00,42309099999,LILABARI,27.295,94.098,23.0,1014.1,91.27
2010-11-02T06:00:00,42309099999,LILABARI,27.295,94.098,26.4,1012.6,73.59
2010-11-02T09:00:00,42309099999,LILABARI,27.295,94.098,27.0,1010.4,78.31
2010-11-02T12:00:00,42309099999,LILABARI,27.295,94.098,24.2,1011.1,93.03
2010-11-02T15:00:00,42309099999,LILABARI,27.295,94.098,23.4,1013.2,94.7
2010-11-02T18:00:00,42309099999,LILABARI,27.295,94.098,22.6,1014.3,94.67
2010-11-03T00:00:00,42309099999,LILABARI,27.295,94.098,19.8,1014.1,93.97
2010-11-03T03:00:00,42309099999,LILABARI,27.295,94.098,26.0,1015.1,69.12
2010-11-03T06:00:00,42309099999,LILABARI,27.295,94.098,28.6,1013.0,58.62
2010-11-03T09:00:00,42309099999,LILABARI,27.295,94.098,29.6,1010.0,58.49
2010-11-03T12:00:00,42309099999,LILABARI,27.295,94.098,26.0,1011.0,92.01
2010-11-03T15:00:00,42309099999,LILABARI,27.295,94.098,24.2,1013.4,94.73
2010-11-03T18:00:00,42309099999,LILABARI,27.295,94.098,23.0,1014.5,96.43
2010-11-04T00:00:00,42309099999,LILABARI,27.295,94.098,19.0,1014.7,93.93
2010-11-04T03:00:00,42309099999,LILABARI,27.295,94.098,26.0,1015.6,73.07
2010-11-04T06:00:00,42309099999,LILABARI,27.295,94.098,29.2,1012.2,53.19
2010-11-04T09:00:00,42309099999,LILABARI,27.295,94.098,30.0,1010.0,66.18
2010-11-04T12:00:00,42309099999,LILABARI,27.295,94.098,25.0,1010.6,84.99
2010-11-04T15:00:00,42309099999,LILABARI,27.295,94.098,23.8,1013.1,93.0
2010-11-04T18:00:00,42309099999,LILABARI,27.295,94.098,22.8,1014.0,94.67
2010-11-05T00:00:00,42309099999,LILABARI,27.295,94.098,18.8,1014.4,95.71
2010-11-05T03:00:00,42309099999,LILABARI,27.295,94.098,25.6,1015.3,73.0
2010-11-05T06:00:00,42309099999,LILABARI,27.295,94.098,28.6,1012.7,52.38
2010-11-05T09:00:00,42309099999,LILABARI,27.295,94.098,30.4,1009.4,65.07
2010-11-05T12:00:00,42309099999,LILABARI,27.295,94.098,24.6,1010.0,80.4
2010-11-05T15:00:00,42309099999,LILABARI,27.295,94.098,22.0,1012.3,91.21
2010-11-05T18:00:00,42309099999,LILABARI,27.295,94.098,20.8,1012.7,94.59
2010-11-06T00:00:00,42309099999,LILABARI,27.295,94.098,17.8,1013.6,93.88
2010-11-06T03:00:00,42309099999,LILABARI,27.295,94.098,26.6,1014.8,67.96
2010-11-06T06:00:00,42309099999,LILABARI,27.295,94.098,29.0,1013.8,66.79
2010-11-06T09:00:00,42309099999,LILABARI,27.295,94.098,31.4,1009.3,63.34
2010-11-06T12:00:00,42309099999,LILABARI,27.295,94.098,25.6,1009.8,90.34
2010-11-06T15:00:00,42309099999,LILABARI,27.295,94.098,22.4,1011.4,92.93
2010-11-06T18:00:00,42309099999,LILABARI,27.295,94.098,21.0,1012.2,94.6
2010-11-07T00:00:00,42309099999,LILABARI,27.295,94.098,17.6,1013.3,95.67
2010-11-07T03:00:00,42309099999,LILABARI,27.295,94.098,24.4,1015.2,75.55
2010-11-07T06:00:00,42309099999,LILABARI,27.295,94.098,28.0,1013.3,67.41
2010-11-07T09:00:00,42309099999,LILABARI,27.295,94.098,30.0,1010.6,63.81
2010-11-07T12:00:00,42309099999,LILABARI,27.295,94.098,25.0,1011.4,81.94
2010-11-07T15:00:00,42309099999,LILABARI,27.295,94.098,22.0,1013.5,88.99
2010-11-07T18:00:00,42309099999,LILABARI,27.295,94.098,19.8,1014.3,93.97
2010-11-08T00:00:00,42309099999,LILABARI,27.295,94.098,17.0,1014.7,93.84
2010-11-08T03:00:00,42309099999,LILABARI,27.295,94.098,24.8,1017.0,72.41
2010-11-08T06:00:00,42309099999,LILABARI,27.295,94.098,28.0,1015.3,70.35
2010-11-08T09:00:00,42309099999,LILABARI,27.295,94.098,30.0,1012.5,61.15
2010-11-08T12:00:00,42309099999,LILABARI,27.295,94.098,24.2,1012.2,96.46
2010-11-08T15:00:00,42309099999,LILABARI,27.295,94.098,22.2,1015.8,85.23
2010-11-08T18:00:00,42309099999,LILABARI,27.295,94.098,19.6,1016.2,96.33
2010-11-09T09:00:00,42309099999,LILABARI,27.295,94.098,30.2,1013.2,60.08
2010-11-09T12:00:00,42309099999,LILABARI,27.295,94.098,24.2,1013.6,91.35
2010-11-09T15:00:00,42309099999,LILABARI,27.295,94.098,22.0,1014.4,91.21
2010-11-09T18:00:00,42309099999,LILABARI,27.295,94.098,19.0,1015.3,90.45
2010-11-10T00:00:00,42309099999,LILABARI,27.295,94.098,15.8,1015.6,95.61
2010-11-10T03:00:00,42309099999,LILABARI,27.295,94.098,23.6,1016.5,68.65
2010-11-10T06:00:00,42309099999,LILABARI,27.295,94.098,29.4,1013.8,65.66
2010-11-10T09:00:00,42309099999,LILABARI,27.295,94.098,31.6,1010.4,56.49
2010-11-10T12:00:00,42309099999,LILABARI,27.295,94.098,23.6,1010.8,91.31
2010-11-10T15:00:00,42309099999,LILABARI,27.295,94.098,22.4,1011.9,92.93
2010-11-10T18:00:00,42309099999,LILABARI,27.295,94.098,18.8,1012.3,93.92
2010-11-11T00:00:00,42309099999,LILABARI,27.295,94.098,16.3,1013.9,93.81
2010-11-11T03:00:00,42309099999,LILABARI,27.295,94.098,24.4,1014.9,64.61
2010-11-11T12:00:00,42309099999,LILABARI,27.295,94.098,23.8,1009.2,88.04
2010-11-11T15:00:00,42309099999,LILABARI,27.295,94.098,22.0,1011.2,96.99
2010-11-11T18:00:00,42309099999,LILABARI,27.295,94.098,19.8,1012.2,90.5
2010-11-12T00:00:00,42309099999,LILABARI,27.295,94.098,13.0,1011.3,
2010-11-12T03:00:00,42309099999,LILABARI,27.295,94.098,22.6,1012.0,77.66
2010-11-12T06:00:00,42309099999,LILABARI,27.295,94.098,27.4,1009.0,62.86
2010-11-12T09:00:00,42309099999,LILABARI,27.295,94.098,28.8,1006.3,61.63
2010-11-12T12:00:00,42309099999,LILABARI,27.295,94.098,23.0,1007.2,91.27
2010-11-12T15:00:00,42309099999,LILABARI,27.295,94.098,20.8,1009.5,92.28
2010-11-12T18:00:00,42309099999,LILABARI,27.295,94.098,18.2,1010.9,93.89
2010-11-13T00:00:00,42309099999,LILABARI,27.295,94.098,16.4,1010.7,91.43
2010-11-13T03:00:00,42309099999,LILABARI,27.295,94.098,23.8,1012.5,73.6
2010-11-13T06:00:00,42309099999,LILABARI,27.295,94.098,26.4,1010.8,67.92
2010-11-13T09:00:00,42309099999,LILABARI,27.295,94.098,27.2,1007.6,66.83
2010-11-13T12:00:00,42309099999,LILABARI,27.295,94.098,22.6,1010.2,92.94
2010-11-13T15:00:00,42309099999,LILABARI,27.295,94.098,20.0,1012.1,93.97
2010-11-13T18:00:00,42309099999,LILABARI,27.295,94.098,18.0,1012.7,93.88
2010-11-14T03:00:00,42309099999,LILABARI,27.295,94.098,21.4,1016.3,90.61
2010-11-14T06:00:00,42309099999,LILABARI,27.295,94.098,26.4,1014.3,60.71
2010-11-14T09:00:00,42309099999,LILABARI,27.295,94.098,26.4,1013.1,63.43
2010-11-14T12:00:00,42309099999,LILABARI,27.295,94.098,22.6,1014.7,82.66
2010-11-14T15:00:00,42309099999,LILABARI,27.295,94.098,21.2,1016.3,87.28
2010-11-14T18:00:00,42309099999,LILABARI,27.295,94.098,19.2,1016.8,92.18
2010-11-15T00:00:00,42309099999,LILABARI,27.295,94.098,17.8,1018.0,93.88
2010-11-15T03:00:00,42309099999,LILABARI,27.295,94.098,23.2,1018.3,73.04
2010-11-15T06:00:00,42309099999,LILABARI,27.295,94.098,27.0,1015.4,53.31
2010-11-15T09:00:00,42309099999,LILABARI,27.295,94.098,27.8,,45.63
2010-11-15T12:00:00,42309099999,LILABARI,27.295,94.098,24.0,1012.1,75.02
2010-11-15T15:00:00,42309099999,LILABARI,27.295,94.098,23.2,1013.9,88.53
2010-11-15T18:00:00,42309099999,LILABARI,27.295,94.098,22.2,1014.5,91.22
2010-11-16T00:00:00,42309099999,LILABARI,27.295,94.098,17.6,1016.7,93.87
2010-11-16T03:00:00,42309099999,LILABARI,27.295,94.098,21.0,1015.2,90.58
2010-11-16T06:00:00,42309099999,LILABARI,27.295,94.098,27.2,1012.9,64.4
2010-11-16T09:00:00,42309099999,LILABARI,27.295,94.098,28.8,1010.0,70.93
2010-11-16T15:00:00,42309099999,LILABARI,27.295,94.098,22.2,1011.5,92.92
2010-11-16T18:00:00,42309099999,LILABARI,27.295,94.098,21.0,1012.3,94.6
2010-11-17T00:00:00,42309099999,LILABARI,27.295,94.098,20.0,1012.9,93.97
2010-11-17T03:00:00,42309099999,LILABARI,27.295,94.098,21.6,1015.2,91.19
2010-11-17T06:00:00,42309099999,LILABARI,27.295,94.098,26.0,1013.5,69.12
2010-11-17T09:00:00,42309099999,LILABARI,27.295,94.098,26.0,1010.9,64.54
2010-11-17T12:00:00,42309099999,LILABARI,27.295,94.098,23.0,1011.5,94.68
2010-11-17T15:00:00,42309099999,LILABARI,27.295,94.098,22.0,1013.7,94.64
2010-11-17T18:00:00,42309099999,LILABARI,27.295,94.098,21.0,1014.4,94.6
2010-11-18T00:00:00,42309099999,LILABARI,27.295,94.098,17.6,1014.4,96.28
2010-11-18T03:00:00,42309099999,LILABARI,27.295,94.098,23.8,1016.0,78.33
2010-11-18T06:00:00,42309099999,LILABARI,27.295,94.098,27.2,1013.5,57.56
2010-11-18T09:00:00,42309099999,LILABARI,27.295,94.098,27.4,1010.6,62.86
2010-11-18T12:00:00,42309099999,LILABARI,27.295,94.098,23.2,1010.9,86.39
2010-11-18T15:00:00,42309099999,LILABARI,27.295,94.098,21.8,1012.6,92.9
2010-11-18T18:00:00,42309099999,LILABARI,27.295,94.098,19.4,1013.2,93.95
2010-11-19T00:00:00,42309099999,LILABARI,27.295,94.098,16.4,1013.3,93.81
2010-11-19T03:00:00,42309099999,LILABARI,27.295,94.098,21.6,1013.6,88.95
2010-11-19T06:00:00,42309099999,LILABARI,27.295,94.098,26.0,1011.1,60.62
2010-11-19T09:00:00,42309099999,LILABARI,27.295,94.098,26.0,1007.9,77.69
2010-11-19T12:00:00,42309099999,LILABARI,27.295,94.098,23.0,1008.0,91.27
2010-11-19T15:00:00,42309099999,LILABARI,27.295,94.098,20.6,1009.1,96.36
2010-11-19T18:00:00,42309099999,LILABARI,27.295,94.098,19.0,1009.9,96.32
2010-11-20T00:00:00,42309099999,LILABARI,27.295,94.098,18.0,1007.2,98.13
2010-11-20T03:00:00,42309099999,LILABARI,27.295,94.098,19.8,1008.4,96.34
2010-11-20T06:00:00,42309099999,LILABARI,27.295,94.098,19.4,1006.5,98.15
2010-11-20T09:00:00,42309099999,LILABARI,27.295,94.098,20.2,1004.2,98.16
2010-11-20T12:00:00,42309099999,LILABARI,27.295,94.098,19.0,1004.7,98.14
2010-11-20T15:00:00,42309099999,LILABARI,27.295,94.098,18.4,1006.4,98.14
2010-11-20T18:00:00,42309099999,LILABARI,27.295,94.098,18.0,1007.2,98.13
2010-11-21T03:00:00,42309099999,LILABARI,27.295,94.098,19.6,1012.2,90.49
2010-11-21T06:00:00,42309099999,LILABARI,27.295,94.098,21.8,1011.3,72.33
2010-11-21T09:00:00,42309099999,LILABARI,27.295,94.098,22.6,1009.2,72.93
2010-11-21T12:00:00,42309099999,LILABARI,27.295,94.098,20.0,1009.8,85.0
2010-11-21T15:00:00,42309099999,LILABARI,27.295,94.098,18.6,1011.6,93.91
2010-11-21T18:00:00,42309099999,LILABARI,27.295,94.098,17.8,1012.2,93.88
2010-11-22T00:00:00,42309099999,LILABARI,27.295,94.098,16.0,1013.7,93.79
2010-11-22T03:00:00,42309099999,LILABARI,27.295,94.098,20.0,1014.1,81.31
2010-11-22T06:00:00,42309099999,LILABARI,27.295,94.098,24.2,1012.4,58.69
2010-11-22T09:00:00,42309099999,LILABARI,27.295,94.098,25.0,1008.8,68.07
2010-11-22T12:00:00,42309099999,LILABARI,27.295,94.098,19.8,1010.1,88.81
2010-11-22T15:00:00,42309099999,LILABARI,27.295,94.098,17.8,1011.3,92.1
2010-11-22T18:00:00,42309099999,LILABARI,27.295,94.098,16.2,1011.8,93.8
2010-11-23T00:00:00,42309099999,LILABARI,27.295,94.098,14.0,1010.8,95.55
2010-11-23T03:00:00,42309099999,LILABARI,27.295,94.098,20.0,1012.5,75.8
2010-11-23T06:00:00,42309099999,LILABARI,27.295,94.098,24.6,1010.8,67.99
2010-11-23T09:00:00,42309099999,LILABARI,27.295,94.098,27.4,1008.4,57.61
2010-11-23T12:00:00,42309099999,LILABARI,27.295,94.098,22.0,1009.1,84.15
2010-11-23T15:00:00,42309099999,LILABARI,27.295,94.098,18.6,1010.5,93.91
2010-11-23T18:00:00,42309099999,LILABARI,27.295,94.098,17.0,1011.4,93.84
2010-11-24T00:00:00,42309099999,LILABARI,27.295,94.098,13.6,1012.4,95.54
2010-11-24T03:00:00,42309099999,LILABARI,27.295,94.098,20.8,1013.9,83.49
2010-11-24T06:00:00,42309099999,LILABARI,27.295,94.098,25.2,1011.4,58.18
2010-11-24T09:00:00,42309099999,LILABARI,27.295,94.098,27.0,1009.2,53.31
2010-11-24T12:00:00,42309099999,LILABARI,27.295,94.098,21.0,1010.5,85.64
2010-11-24T15:00:00,42309099999,LILABARI,27.295,94.098,18.4,1012.6,93.9
2010-11-24T18:00:00,42309099999,LILABARI,27.295,94.098,16.8,1013.4,93.83
2010-11-25T00:00:00,42309099999,LILABARI,27.295,94.098,13.0,1012.8,95.52
2010-11-25T03:00:00,42309099999,LILABARI,27.295,94.098,21.0,1014.0,78.41
2010-11-25T06:00:00,42309099999,LILABARI,27.295,94.098,25.0,1012.5,55.23
2010-11-25T09:00:00,42309099999,LILABARI,27.295,94.098,27.0,1009.9,56.08
2010-11-25T12:00:00,42309099999,LILABARI,27.295,94.098,21.2,1010.2,85.66
2010-11-25T15:00:00,42309099999,LILABARI,27.295,94.098,18.0,1012.1,92.12
2010-11-25T18:00:00,42309099999,LILABARI,27.295,94.098,15.4,1012.4,93.16
2010-11-26T00:00:00,42309099999,LILABARI,27.295,94.098,15.0,1014.7,94.97
2010-11-26T03:00:00,42309099999,LILABARI,27.295,94.098,20.6,1012.7,87.22
2010-11-26T06:00:00,42309099999,LILABARI,27.295,94.098,25.0,1010.9,62.33
2010-11-26T09:00:00,42309099999,LILABARI,27.295,94.098,25.0,1008.4,62.33
2010-11-26T12:00:00,42309099999,LILABARI,27.295,94.098,22.6,1008.8,94.67
2010-11-26T15:00:00,42309099999,LILABARI,27.295,94.098,20.4,1010.0,92.25
2010-11-26T18:00:00,42309099999,LILABARI,27.295,94.098,18.8,1010.9,93.92
2010-11-27T00:00:00,42309099999,LILABARI,27.295,94.098,16.8,1010.5,93.83
2010-11-27T03:00:00,42309099999,LILABARI,27.295,94.098,22.4,1011.9,82.64
2010-11-27T06:00:00,42309099999,LILABARI,27.295,94.098,27.0,1009.9,66.79
2010-11-27T09:00:00,42309099999,LILABARI,27.295,94.098,26.8,1007.8,73.65
2010-11-27T12:00:00,42309099999,LILABARI,27.295,94.098,23.0,1008.8,87.98
2010-11-27T15:00:00,42309099999,LILABARI,27.295,94.098,21.0,1011.1,90.58
2010-11-27T18:00:00,42309099999,LILABARI,27.295,94.098,19.4,1011.8,92.2
2010-11-28T03:00:00,42309099999,LILABARI,27.295,94.098,21.2,1014.0,88.92
2010-11-28T06:00:00,42309099999,LILABARI,27.295,94.098,27.6,1011.5,69.85
2010-11-28T09:00:00,42309099999,LILABARI,27.295,94.098,25.0,1009.9,81.94
2010-11-28T12:00:00,42309099999,LILABARI,27.295,94.098,22.2,1010.5,89.0
2010-11-28T15:00:00,42309099999,LILABARI,27.295,94.098,21.4,1011.9,90.61
2010-11-28T18:00:00,42309099999,LILABARI,27.295,94.098,19.8,1012.8,93.97
2010-11-29T03:00:00,42309099999,LILABARI,27.295,94.098,21.4,1013.5,92.88
2010-11-29T06:00:00,42309099999,LILABARI,27.295,94.098,23.4,1012.0,79.74
2010-11-29T09:00:00,42309099999,LILABARI,27.295,94.098,23.6,1009.4,86.42
2010-11-29T12:00:00,42309099999,LILABARI,27.295,94.098,23.4,1010.1,89.64
2010-11-29T15:00:00,42309099999,LILABARI,27.295,94.098,22.8,1012.3,92.95
2010-11-29T18:00:00,42309099999,LILABARI,27.295,94.098,22.4,1013.1,92.93
2010-11-30T00:00:00,42309099999,LILABARI,27.295,94.098,18.8,1011.4,97.53
2010-11-30T03:00:00,42309099999,LILABARI,27.295,94.098,19.6,1013.9,93.96
2010-11-30T06:00:00,42309099999,LILABARI,27.295,94.098,22.4,1012.1,82.64
2010-11-30T09:00:00,42309099999,LILABARI,27.295,94.098,21.8,1010.2,84.13
2010-11-30T12:00:00,42309099999,LILABARI,27.295,94.098,19.6,1011.5,88.24
2010-12-01T03:00:00,42309099999,LILABARI,27.295,94.098,23.8,1015.1,93.0
2010-12-01T06:00:00,42309099999,LILABARI,27.295,94.098,24.6,1012.5,67.99
2010-12-01T09:00:00,42309099999,LILABARI,27.295,94.098,25.8,1009.9,65.72
2010-12-01T12:00:00,42309099999,LILABARI,27.295,94.098,23.6,1010.5,88.03
2010-12-02T00:00:00,42309099999,LILABARI,27.295,94.098,13.0,1013.8,97.42
2010-12-02T03:00:00,42309099999,LILABARI,27.295,94.098,19.6,1015.5,84.95
2010-12-02T06:00:00,42309099999,LILABARI,27.295,94.098,23.4,1014.1,69.92
2010-12-02T09:00:00,42309099999,LILABARI,27.295,94.098,26.0,1010.8,61.78
2010-12-02T15:00:00,42309099999,LILABARI,27.295,94.098,17.6,1013.8,89.77
2010-12-02T18:00:00,42309099999,LILABARI,27.295,94.098,15.0,1014.7,93.14
2010-12-03T00:00:00,42309099999,LILABARI,27.295,94.098,13.4,1014.1,93.06
2010-12-03T03:00:00,42309099999,LILABARI,27.295,94.098,19.6,1016.3,75.74
2010-12-03T06:00:00,42309099999,LILABARI,27.295,94.098,25.2,1013.5,65.6
2010-12-03T09:00:00,42309099999,LILABARI,27.295,94.098,26.2,1011.4,64.99
2010-12-03T15:00:00,42309099999,LILABARI,27.295,94.098,17.4,1013.5,89.76
2010-12-03T18:00:00,42309099999,LILABARI,27.295,94.098,14.8,1014.5,91.33
2010-12-04T03:00:00,42309099999,LILABARI,27.295,94.098,18.8,1015.5,73.2
2010-12-04T06:00:00,42309099999,LILABARI,27.295,94.098,24.8,1012.3,55.18
2010-12-04T09:00:00,42309099999,LILABARI,27.295,94.098,25.8,1009.9,56.14
2010-12-04T12:00:00,42309099999,LILABARI,27.295,94.098,19.8,1010.8,82.85
2010-12-04T15:00:00,42309099999,LILABARI,27.295,94.098,15.6,1012.7,87.32
2010-12-04T18:00:00,42309099999,LILABARI,27.295,94.098,13.4,1013.6,93.06
2010-12-05T00:00:00,42309099999,LILABARI,27.295,94.098,10.8,1015.1,94.8
2010-12-05T03:00:00,42309099999,LILABARI,27.295,94.098,19.2,1014.9,77.15
2010-12-05T06:00:00,42309099999,LILABARI,27.295,94.098,25.2,1012.0,58.18
2010-12-05T09:00:00,42309099999,LILABARI,27.295,94.098,25.0,1010.2,61.16
2010-12-05T12:00:00,42309099999,LILABARI,27.295,94.098,19.4,1010.8,82.8
2010-12-05T15:00:00,42309099999,LILABARI,27.295,94.098,15.6,1012.6,93.77
2010-12-05T18:00:00,42309099999,LILABARI,27.295,94.098,13.2,1013.7,93.05
2010-12-06T00:00:00,42309099999,LILABARI,27.295,94.098,11.0,1015.8,94.81
2010-12-06T03:00:00,42309099999,LILABARI,27.295,94.098,15.6,1015.8,82.88
2010-12-06T06:00:00,42309099999,LILABARI,27.295,94.098,22.6,1013.5,63.4
2010-12-06T09:00:00,42309099999,LILABARI,27.295,94.098,24.0,1011.7,62.91
2010-12-06T12:00:00,42309099999,LILABARI,27.295,94.098,19.0,1012.5,86.52
2010-12-06T15:00:00,42309099999,LILABARI,27.295,94.098,17.0,1014.0,89.73
2010-12-06T18:00:00,42309099999,LILABARI,27.295,94.098,14.8,1015.0,95.58
2010-12-07T00:00:00,42309099999,LILABARI,27.295,94.098,12.0,1013.7,92.98
2010-12-07T03:00:00,42309099999,LILABARI,27.295,94.098,18.4,1014.8,76.53
2010-12-07T06:00:00,42309099999,LILABARI,27.295,94.098,23.6,1012.5,59.68
2010-12-07T09:00:00,42309099999,LILABARI,27.295,94.098,27.4,1010.5,50.12
2010-12-07T12:00:00,42309099999,LILABARI,27.295,94.098,19.0,1011.3,80.66
2010-12-07T15:00:00,42309099999,LILABARI,27.295,94.098,16.0,1013.2,91.41
2010-12-07T18:00:00,42309099999,LILABARI,27.295,94.098,13.8,1013.9,95.54
2010-12-08T00:00:00,42309099999,LILABARI,27.295,94.098,10.6,1013.0,94.8
2010-12-08T03:00:00,42309099999,LILABARI,27.295,94.098,21.0,1013.8,61.83
2010-12-08T06:00:00,42309099999,LILABARI,27.295,94.098,25.0,1011.8,61.16
2010-12-08T09:00:00,42309099999,LILABARI,27.295,94.098,25.4,1009.2,65.64
2010-12-08T12:00:00,42309099999,LILABARI,27.295,94.098,20.0,1010.2,79.77
2010-12-08T15:00:00,42309099999,LILABARI,27.295,94.098,17.8,1012.0,88.08
2010-12-08T18:00:00,42309099999,LILABARI,27.295,94.098,15.0,1013.1,91.34
2010-12-09T00:00:00,42309099999,LILABARI,27.295,94.098,13.2,1010.1,90.63
2010-12-09T03:00:00,42309099999,LILABARI,27.295,94.098,18.0,1011.4,95.68
2010-12-09T06:00:00,42309099999,LILABARI,27.295,94.098,19.6,1010.5,96.33
2010-12-09T09:00:00,42309099999,LILABARI,27.295,94.098,20.4,1008.4,96.36
2010-12-09T12:00:00,42309099999,LILABARI,27.295,94.098,18.2,1007.5,96.3
2010-12-09T15:00:00,42309099999,LILABARI,27.295,94.098,16.0,1009.3,95.62
2010-12-09T18:00:00,42309099999,LILABARI,27.295,94.098,14.2,1010.6,
2010-12-10T00:00:00,42309099999,LILABARI,27.295,94.098,11.8,1008.6,94.84
2010-12-10T03:00:00,42309099999,LILABARI,27.295,94.098,20.0,1009.9,75.8
2010-12-10T06:00:00,42309099999,LILABARI,27.295,94.098,24.2,1007.6,66.22
2010-12-10T09:00:00,42309099999,LILABARI,27.295,94.098,25.0,1004.3,65.15
2010-12-10T12:00:00,42309099999,LILABARI,27.295,94.098,18.8,1004.7,84.33
2010-12-10T15:00:00,42309099999,LILABARI,27.295,94.098,15.6,1007.1,93.77
2010-12-10T18:00:00,42309099999,LILABARI,27.295,94.098,13.4,1009.0,95.53
2010-12-11T00:00:00,42309099999,LILABARI,27.295,94.098,11.0,1006.0,94.81
2010-12-11T03:00:00,42309099999,LILABARI,27.295,94.098,20.8,1006.8,78.38
2010-12-11T06:00:00,42309099999,LILABARI,27.295,94.098,25.4,1004.1,62.82
2010-12-11T09:00:00,42309099999,LILABARI,27.295,94.098,26.0,1000.8,64.54
2010-12-11T12:00:00,42309099999,LILABARI,27.295,94.098,19.6,1001.7,90.49
2010-12-11T15:00:00,42309099999,LILABARI,27.295,94.098,18.2,1003.0,89.82
2010-12-11T18:00:00,42309099999,LILABARI,27.295,94.098,16.0,1002.9,93.79
2010-12-12T00:00:00,42309099999,LILABARI,27.295,94.098,14.0,1004.0,96.18
2010-12-12T03:00:00,42309099999,LILABARI,27.295,94.098,20.0,1006.0,86.62
2010-12-12T06:00:00,42309099999,LILABARI,27.295,94.098,21.2,1004.9,83.54
2010-12-12T09:00:00,42309099999,LILABARI,27.295,94.098,17.4,1005.0,88.05
2010-12-12T12:00:00,42309099999,LILABARI,27.295,94.098,16.6,1006.4,93.82
2010-12-12T15:00:00,42309099999,LILABARI,27.295,94.098,14.8,1009.0,93.13
2010-12-12T18:00:00,42309099999,LILABARI,27.295,94.098,13.2,1008.0,95.52
2010-12-13T00:00:00,42309099999,LILABARI,27.295,94.098,11.4,1010.7,92.33
2010-12-13T03:00:00,42309099999,LILABARI,27.295,94.098,16.6,1013.8,93.82
2010-12-13T06:00:00,42309099999,LILABARI,27.295,94.098,20.6,1011.7,71.19
2010-12-13T09:00:00,42309099999,LILABARI,27.295,94.098,22.6,1009.3,75.74
2010-12-13T12:00:00,42309099999,LILABARI,27.295,94.098,19.2,1010.5,88.2
2010-12-13T15:00:00,42309099999,LILABARI,27.295,94.098,15.6,1012.1,95.6
2010-12-13T18:00:00,42309099999,LILABARI,27.295,94.098,13.4,1012.8,94.29
2010-12-14T03:00:00,42309099999,LILABARI,27.295,94.098,16.2,1013.2,91.42
2010-12-14T06:00:00,42309099999,LILABARI,27.295,94.098,23.8,1010.8,62.86
2010-12-14T09:00:00,42309099999,LILABARI,27.295,94.098,24.6,1008.9,54.78
2010-12-14T12:00:00,42309099999,LILABARI,27.295,94.098,19.4,1008.3,88.22
2010-12-14T15:00:00,42309099999,LILABARI,27.295,94.098,17.0,1011.5,91.47
2010-12-14T18:00:00,42309099999,LILABARI,27.295,94.098,14.6,1012.3,93.12
2010-12-15T00:00:00,42309099999,LILABARI,27.295,94.098,11.6,1012.8,92.34
2010-12-15T03:00:00,42309099999,LILABARI,27.295,94.098,16.4,1015.2,89.68
2010-12-15T06:00:00,42309099999,LILABARI,27.295,94.098,22.6,1013.1,66.31
2010-12-15T09:00:00,42309099999,LILABARI,27.295,94.098,24.6,1009.9,62.24
2010-12-15T12:00:00,42309099999,LILABARI,27.295,94.098,19.6,1010.5,88.24
2010-12-15T15:00:00,42309099999,LILABARI,27.295,94.098,16.2,1013.2,91.42
2010-12-15T18:00:00,42309099999,LILABARI,27.295,94.098,14.6,1013.9,93.12
2010-12-16T00:00:00,42309099999,LILABARI,27.295,94.098,11.2,1014.0,94.82
2010-12-16T03:00:00,42309099999,LILABARI,27.295,94.098,17.6,1014.9,77.91
2010-12-16T06:00:00,42309099999,LILABARI,27.295,94.098,23.2,1012.3,63.94
2010-12-16T09:00:00,42309099999,LILABARI,27.295,94.098,25.2,1009.5,59.68
2010-12-16T12:00:00,42309099999,LILABARI,27.295,94.098,18.8,1010.0,92.16
2010-12-16T15:00:00,42309099999,LILABARI,27.295,94.098,15.4,1012.5,91.37
2010-12-16T18:00:00,42309099999,LILABARI,27.295,94.098,13.6,1012.8,93.07
2010-12-17T00:00:00,42309099999,LILABARI,27.295,94.098,10.8,1013.2,94.8
2010-12-17T03:00:00,42309099999,LILABARI,27.295,94.098,16.4,1014.1,85.16
2010-12-17T06:00:00,42309099999,LILABARI,27.295,94.098,24.2,1012.6,60.21
2010-12-17T09:00:00,42309099999,LILABARI,27.295,94.098,25.6,1009.9,57.54
2010-12-17T12:00:00,42309099999,LILABARI,27.295,94.098,18.2,1010.6,84.26
2010-12-17T15:00:00,42309099999,LILABARI,27.295,94.098,15.0,1012.2,91.34
2010-12-17T18:00:00,42309099999,LILABARI,27.295,94.098,13.0,1011.8,93.04
2010-12-18T00:00:00,42309099999,LILABARI,27.295,94.098,10.4,1012.9,97.36
2010-12-18T03:00:00,42309099999,LILABARI,27.295,94.098,16.2,1014.4,77.19
2010-12-18T09:00:00,42309099999,LILABARI,27.295,94.098,24.6,1010.8,56.2
2010-12-18T12:00:00,42309099999,LILABARI,27.295,94.098,18.0,1011.2,89.8
2010-12-18T15:00:00,42309099999,LILABARI,27.295,94.098,15.2,1012.4,93.15
2010-12-18T18:00:00,42309099999,LILABARI,27.295,94.098,13.2,1012.5,93.05
2010-12-19T00:00:00,42309099999,LILABARI,27.295,94.098,10.0,1013.2,97.36
2010-12-19T09:00:00,42309099999,LILABARI,27.295,94.098,25.4,1012.4,54.28
2010-12-19T12:00:00,42309099999,LILABARI,27.295,94.098,17.0,1012.8,79.87
2010-12-19T15:00:00,42309099999,LILABARI,27.295,94.098,14.2,1014.0,93.1
2010-12-19T18:00:00,42309099999,LILABARI,27.295,94.098,13.0,1014.9,93.04
2010-12-20T00:00:00,42309099999,LILABARI,27.295,94.098,9.8,1016.2,97.35
2010-12-20T03:00:00,42309099999,LILABARI,27.295,94.098,14.8,1018.9,80.62
2010-12-20T06:00:00,42309099999,LILABARI,27.295,94.098,24.2,1016.7,64.57
2010-12-20T09:00:00,42309099999,LILABARI,27.295,94.098,24.6,1012.4,59.16
2010-12-20T12:00:00,42309099999,LILABARI,27.295,94.098,17.4,1012.7,72.47
2010-12-20T15:00:00,42309099999,LILABARI,27.295,94.098,14.0,1014.7,93.09
2010-12-20T18:00:00,42309099999,LILABARI,27.295,94.098,12.8,1015.3,93.03
2010-12-21T00:00:00,42309099999,LILABARI,27.295,94.098,9.6,1016.6,94.76
2010-12-21T03:00:00,42309099999,LILABARI,27.295,94.098,16.2,1015.9,77.19
2010-12-21T06:00:00,42309099999,LILABARI,27.295,94.098,24.2,1013.1,64.57
2010-12-21T09:00:00,42309099999,LILABARI,27.295,94.098,23.6,1009.4,52.44
2010-12-21T12:00:00,42309099999,LILABARI,27.295,94.098,17.0,1009.4,79.87
2010-12-21T15:00:00,42309099999,LILABARI,27.295,94.098,14.6,1011.1,93.12
2010-12-21T18:00:00,42309099999,LILABARI,27.295,94.098,13.2,1012.3,93.05
2010-12-22T00:00:00,42309099999,LILABARI,27.295,94.098,8.6,1011.1,94.72
2010-12-22T03:00:00,42309099999,LILABARI,27.295,94.098,15.6,1011.9,76.58
2010-12-22T06:00:00,42309099999,LILABARI,27.295,94.098,21.6,1009.8,60.77
2010-12-22T09:00:00,42309099999,LILABARI,27.295,94.098,23.0,1006.8,43.15
2010-12-22T12:00:00,42309099999,LILABARI,27.295,94.098,16.8,1006.9,81.42
2010-12-22T15:00:00,42309099999,LILABARI,27.295,94.098,14.2,1009.4,95.56
2010-12-22T18:00:00,42309099999,LILABARI,27.295,94.098,12.8,1010.5,95.51
2010-12-23T00:00:00,42309099999,LILABARI,27.295,94.098,8.4,1010.1,94.71
2010-12-23T03:00:00,42309099999,LILABARI,27.295,94.098,13.6,1012.8,77.29
2010-12-23T06:00:00,42309099999,LILABARI,27.295,94.098,22.0,1011.4,54.83
2010-12-23T09:00:00,42309099999,LILABARI,27.295,94.098,24.6,1009.1,52.02
2010-12-23T12:00:00,42309099999,LILABARI,27.295,94.098,14.8,1009.4,80.62
2010-12-23T15:00:00,42309099999,LILABARI,27.295,94.098,14.0,1011.4,88.91
2010-12-23T18:00:00,42309099999,LILABARI,27.295,94.098,12.8,1012.3,90.6
2010-12-24T00:00:00,42309099999,LILABARI,27.295,94.098,8.0,1012.4,94.05
2010-12-24T03:00:00,42309099999,LILABARI,27.295,94.098,16.4,1013.9,81.37
2010-12-24T09:00:00,42309099999,LILABARI,27.295,94.098,21.0,1010.3,59.84
2010-12-24T12:00:00,42309099999,LILABARI,27.295,94.098,16.2,1010.2,89.67
2010-12-24T15:00:00,42309099999,LILABARI,27.295,94.098,13.8,1011.7,90.67
2010-12-24T18:00:00,42309099999,LILABARI,27.295,94.098,11.2,1012.0,92.32
2010-12-25T00:00:00,42309099999,LILABARI,27.295,94.098,9.2,1013.5,97.34
2010-12-25T03:00:00,42309099999,LILABARI,27.295,94.098,15.2,1014.5,80.68
2010-12-25T06:00:00,42309099999,LILABARI,27.295,94.098,21.6,1013.3,57.68
2010-12-25T09:00:00,42309099999,LILABARI,27.295,94.098,23.6,1010.0,58.17
2010-12-25T12:00:00,42309099999,LILABARI,27.295,94.098,17.0,1010.8,83.59
2010-12-25T15:00:00,42309099999,LILABARI,27.295,94.098,14.2,1012.6,90.69
2010-12-25T18:00:00,42309099999,LILABARI,27.295,94.098,12.0,1012.9,92.98
2010-12-26T00:00:00,42309099999,LILABARI,27.295,94.098,8.8,1013.1,97.33
2010-12-26T03:00:00,42309099999,LILABARI,27.295,94.098,15.8,1015.1,80.76
2010-12-26T06:00:00,42309099999,LILABARI,27.295,94.098,22.8,1012.9,66.35
2010-12-26T09:00:00,42309099999,LILABARI,27.295,94.098,24.4,1010.0,57.62
2010-12-26T12:00:00,42309099999,LILABARI,27.295,94.098,16.0,1011.2,85.12
2010-12-26T15:00:00,42309099999,LILABARI,27.295,94.098,13.8,1013.3,93.08
2010-12-26T18:00:00,42309099999,LILABARI,27.295,94.098,11.6,1013.9,92.34
2010-12-27T00:00:00,42309099999,LILABARI,27.295,94.098,9.2,1013.4,94.74
2010-12-27T03:00:00,42309099999,LILABARI,27.295,94.098,15.8,1015.7,79.18
2010-12-27T06:00:00,42309099999,LILABARI,27.295,94.098,21.6,1013.3,64.0
2010-12-27T09:00:00,42309099999,LILABARI,27.295,94.098,24.8,1010.1,58.08
2010-12-27T12:00:00,42309099999,LILABARI,27.295,94.098,17.0,1011.3,79.87
2010-12-27T15:00:00,42309099999,LILABARI,27.295,94.098,13.6,1013.3,90.65
2010-12-27T18:00:00,42309099999,LILABARI,27.295,94.098,12.4,1014.0,95.5
2010-12-28T00:00:00,42309099999,LILABARI,27.295,94.098,8.4,1013.8,94.71
2010-12-28T03:00:00,42309099999,LILABARI,27.295,94.098,15.6,1015.7,80.73
2010-12-28T06:00:00,42309099999,LILABARI,27.295,94.098,21.6,1016.6,65.25
2010-12-28T09:00:00,42309099999,LILABARI,27.295,94.098,23.2,1011.2,57.7
2010-12-28T12:00:00,42309099999,LILABARI,27.295,94.098,17.4,1011.7,77.88
2010-12-28T15:00:00,42309099999,LILABARI,27.295,94.098,13.8,1014.1,86.58
2010-12-28T18:00:00,42309099999,LILABARI,27.295,94.098,12.0,1015.0,90.54
2010-12-29T00:00:00,42309099999,LILABARI,27.295,94.098,9.6,1014.5,94.76
2010-12-29T03:00:00,42309099999,LILABARI,27.295,94.098,15.6,1015.7,82.88
2010-12-29T06:00:00,42309099999,LILABARI,27.295,94.098,21.8,1013.4,65.72
2010-12-29T09:00:00,42309099999,LILABARI,27.295,94.098,23.2,1010.7,65.18
2010-12-29T12:00:00,42309099999,LILABARI,27.295,94.098,17.6,1011.9,77.91
2010-12-29T15:00:00,42309099999,LILABARI,27.295,94.098,14.0,1014.2,86.6
2010-12-29T18:00:00,42309099999,LILABARI,27.295,94.098,12.4,1014.4,90.57
2010-12-30T00:00:00,42309099999,LILABARI,27.295,94.098,9.0,1014.6,94.73
2010-12-30T03:00:00,42309099999,LILABARI,27.295,94.098,15.6,1016.1,78.63
2010-12-30T06:00:00,42309099999,LILABARI,27.295,94.098,21.8,1013.8,45.79
2010-12-30T09:00:00,42309099999,LILABARI,27.295,94.098,24.6,1009.7,57.66
2010-12-30T12:00:00,42309099999,LILABARI,27.295,94.098,17.4,1009.4,77.88
2010-12-30T15:00:00,42309099999,LILABARI,27.295,94.098,14.0,1011.2,88.91
2010-12-30T18:00:00,42309099999,LILABARI,27.295,94.098,13.0,1012.2,90.61
2010-12-31T00:00:00,42309099999,LILABARI,27.295,94.098,8.8,1013.3,94.72
2010-12-31T03:00:00,42309099999,LILABARI,27.295,94.098,15.0,1014.4,80.65
2010-12-31T06:00:00,42309099999,LILABARI,27.295,94.098,22.6,1011.6,54.27
2010-12-31T09:00:00,42309099999,LILABARI,27.295,94.098,24.4,1008.4,51.97
2010-12-31T12:00:00,42309099999,LILABARI,27.295,94.098,17.4,1008.3,82.03
2010-12-31T15:00:00,42309099999,LILABARI,27.295,94.098,15.8,1009.6,89.06
2010-12-31T18:00:00,42309099999,LILABARI,27.295,94.098,13.6,1010.4,93.07
