timestamp,station_id,station_name,latitude,longitude,temperature,pressure,humidity
2010-01-01T00:00:00,42410099999,GUWAHATI INTL / LOKPRIYA GOPINATH BORDOLOI INTL,26.1,91.583,14.2,1014.6,97.44
2010-01-01T03:00:00,42410099999,GUWAHATI INTL / LOKPRIYA GOPINATH BORDOLOI INTL,26.1,91.583,15.4,1018.2,95.6
2010-01-01T06:00:00,42410099999,GUWAHATI INTL / LOKPRIYA GOPINATH BORDOLOI INTL,26.1,91.583,20.4,1016.3,67.58
2010-01-01T09:00:00,42410099999,GUWAHATI INTL / LOKPRIYA GOPINATH BORDOLOI INTL,26.1,91.583,21.8,1014.2,53.36
2010-01-01T12:00:00,42410099999,GUWAHATI INTL / LOKPRIYA GOPINATH BORDOLOI INTL,26.1,91.583,19.0,1014.9,69.98
2010-01-01T15:00:00,42410099999,GUWAHATI INTL / LOKPRIYA GOPINATH BORDOLOI INTL,26.1,91.583,14.0,1017.4,97.44
2010-01-01T18:00:00,42410099999,GUWAHATI INTL / LOKPRIYA GOPINATH BORDOLOI INTL,26.1,91.583,13.4,1017.4,96.79
2010-01-01T21:00:00,42410099999,GUWAHATI INTL / LOKPRIYA GOPINATH BORDOLOI INTL,26.1,91.583,12.6,1016.9,100.0
2010-01-02T00:00:00,42410099999,GUWAHATI INTL / LOKPRIYA GOPINATH BORDOLOI INTL,26.1,91.583,10.6,1016.8,100.0
2010-01-02T03:00:00,42410099999,GUWAHATI INTL / LOKPRIYA GOPINATH BORDOLOI INTL,26.1,91.583,13.4,1019.8,93.06
2010-01-02T06:00:00,42410099999,GUWAHATI INTL / LOKPRIYA GOPINATH BORDOLOI INTL,26.1,91.583,22.2,1017.4,62.91
2010-01-02T09:00:00,42410099999,GUWAHATI INTL / LOKPRIYA GOPINATH BORDOLOI INTL,26.1,91.583,23.4,1014.1,49.39
2010-01-02T12:00:00,42410099999,GUWAHATI INTL / LOKPRIYA GOPINATH BORDOLOI INTL,26.1,91.583,19.0,1015.4,71.82
2010-01-02T18:00:00,42410099999,GUWAHATI INTL / LOKPRIYA GOPINATH BORDOLOI INTL,26.1,91.583,14.2,1017.3,97.44
2010-01-02T21:00:00,42410099999,GUWAHATI INTL / LOKPRIYA GOPINATH BORDOLOI INTL,26.1,91.583,13.0,1017.3,95.52
2010-01-03T00:00:00,42410099999,GUWAHATI INTL / LOKPRIYA GOPINATH BORDOLOI INTL,26.1,91.583,9.4,1016.4,100.0
2010-01-03T03:00:00,42410099999,GUWAHATI INTL / LOKPRIYA GOPINATH BORDOLOI INTL,26.1,91.583,14.0,1017.9,95.55
2010-01-03T06:00:00,42410099999,GUWAHATI INTL / LOKPRIYA GOPINATH BORDOLOI INTL,26.1,91.583,22.8,1014.2,57.23
2010-01-03T09:00:00,42410099999,GUWAHATI INTL / LOKPRIYA GOPINATH BORDOLOI INTL,26.1,91.583,24.4,1012.1,47.74
2010-01-03T12:00:00,42410099999,GUWAHATI INTL / LOKPRIYA GOPINATH BORDOLOI INTL,26.1,91.583,20.6,1012.6,62.96
2010-01-03T15:00:00,42410099999,GUWAHATI INTL / LOKPRIYA GOPINATH BORDOLOI INTL,26.1,91.583,14.4,1014.3,95.56
2010-01-03T18:00:00,42410099999,GUWAHATI INTL / LOKPRIYA GOPINATH BORDOLOI INTL,26.1,91.583,14.2,1014.2,95.56
2010-01-03T21:00:00,42410099999,GUWAHATI INTL / LOKPRIYA GOPINATH BORDOLOI INTL,26.1,91.583,12.0,1014.5,97.4
2010-01-04T00:00:00,42410099999,GUWAHATI INTL / LOKPRIYA GOPINATH BORDOLOI INTL,26.1,91.583,10.4,1013.7,100.0
2010-01-04T03:00:00,42410099999,GUWAHATI INTL / LOKPRIYA GOPINATH BORDOLOI INTL,26.1,91.583,14.7,1015.2,91.92
2010-01-04T06:00:00,42410099999,GUWAHATI INTL / LOKPRIYA GOPINATH BORDOLOI INTL,26.1,91.583,19.4,1012.5,73.78
2010-01-04T09:00:00,42410099999,GUWAHATI INTL / LOKPRIYA GOPINATH BORDOLOI INTL,26.1,91.583,23.2,1008.6,59.21
2010-01-04T12:00:00,42410099999,GUWAHATI INTL / LOKPRIYA GOPINATH BORDOLOI INTL,26.1,91.583,18.0,1009.0,74.5
2010-01-04T15:00:00,42410099999,GUWAHATI INTL / LOKPRIYA GOPINATH BORDOLOI INTL,26.1,91.583,14.4,1012.8,90.71
2010-01-04T18:00:00,42410099999,GUWAHATI INTL / LOKPRIYA GOPINATH BORDOLOI INTL,26.1,91.583,14.0,1012.7,93.09
2010-01-04T21:00:00,42410099999,GUWAHATI INTL / LOKPRIYA GOPINATH BORDOLOI INTL,26.1,91.583,12.2,1012.1,97.4
2010-01-05T00:00:00,42410099999,GUWAHATI INTL / LOKPRIYA GOPINATH BORDOLOI INTL,26.1,91.583,13.4,1014.0,97.42
2010-01-05T03:00:00,42410099999,GUWAHATI INTL / LOKPRIYA GOPINATH BORDOLOI INTL,26.1,91.583,14.0,1015.0,97.44
2010-01-05T06:00:00,42410099999,GUWAHATI INTL / LOKPRIYA GOPINATH BORDOLOI INTL,26.1,91.583,15.6,1013.9,87.32
2010-01-05T09:00:00,42410099999,GUWAHATI INTL / LOKPRIYA GOPINATH BORDOLOI INTL,26.1,91.583,19.0,1010.8,71.82
2010-01-05T12:00:00,42410099999,GUWAHATI INTL / LOKPRIYA GOPINATH BORDOLOI INTL,26.1,91.583,15.4,1011.0,91.37
2010-01-05T15:00:00,42410099999,GUWAHATI INTL / LOKPRIYA GOPINATH BORDOLOI INTL,26.1,91.583,12.8,1012.9,97.41
2010-01-05T18:00:00,42410099999,GUWAHATI INTL / LOKPRIYA GOPINATH BORDOLOI INTL,26.1,91.583,12.2,1013.2,100.0
2010-01-05T21:00:00,42410099999,GUWAHATI INTL / LOKPRIYA GOPINATH BORDOLOI INTL,26.1,91.583,11.8,1013.5,100.0
2010-01-06T00:00:00,42410099999,GUWAHATI INTL / LOKPRIYA GOPINATH BORDOLOI INTL,26.1,91.583,10.6,1013.4,100.0
2010-01-06T03:00:00,42410099999,GUWAHATI INTL / LOKPRIYA GOPINATH BORDOLOI INTL,26.1,91.583,11.8,1016.0,97.39
2010-01-06T06:00:00,42410099999,GUWAHATI INTL / LOKPRIYA GOPINATH BORDOLOI INTL,26.1,91.583,17.2,1014.6,87.47
2010-01-06T09:00:00,42410099999,GUWAHATI INTL / LOKPRIYA GOPINATH BORDOLOI INTL,26.1,91.583,23.4,1010.7,56.64
2010-01-06T12:00:00,42410099999,GUWAHATI INTL / LOKPRIYA GOPINATH BORDOLOI INTL,26.1,91.583,18.4,1012.7,82.68
2010-01-06T15:00:00,42410099999,GUWAHATI INTL / LOKPRIYA GOPINATH BORDOLOI INTL,26.1,91.583,14.8,1014.8,95.58
2010-01-06T18:00:00,42410099999,GUWAHATI INTL / LOKPRIYA GOPINATH BORDOLOI INTL,26.1,91.583,13.4,1015.2,95.53
2010-01-06T21:00:00,42410099999,GUWAHATI INTL / LOKPRIYA GOPINATH BORDOLOI INTL,26.1,91.583,12.2,1014.8,97.4
2010-01-07T00:00:00,42410099999,GUWAHATI INTL / LOKPRIYA GOPINATH BORDOLOI INTL,26.1,91.583,9.8,1016.1,100.0
2010-01-07T03:00:00,42410099999,GUWAHATI INTL / LOKPRIYA GOPINATH BORDOLOI INTL,26.1,91.583,14.4,1017.2,93.11
2010-01-07T06:00:00,42410099999,GUWAHATI INTL / LOKPRIYA GOPINATH BORDOLOI INTL,26.1,91.583,22.2,1016.4,59.74
2010-01-07T12:00:00,42410099999,GUWAHATI INTL / LOKPRIYA GOPINATH BORDOLOI INTL,26.1,91.583,22.6,1013.4,55.71
2010-01-07T15:00:00,42410099999,GUWAHATI INTL / LOKPRIYA GOPINATH BORDOLOI INTL,26.1,91.583,15.8,1016.4,87.34
2010-01-07T18:00:00,42410099999,GUWAHATI INTL / LOKPRIYA GOPINATH BORDOLOI INTL,26.1,91.583,14.6,1017.3,91.32
2010-01-07T21:00:00,42410099999,GUWAHATI INTL / LOKPRIYA GOPINATH BORDOLOI INTL,26.1,91.583,13.4,1017.2,95.53
2010-01-08T00:00:00,42410099999,GUWAHATI INTL / LOKPRIYA GOPINATH BORDOLOI INTL,26.1,91.583,11.2,1015.9,94.82
2010-01-08T03:00:00,42410099999,GUWAHATI INTL / LOKPRIYA GOPINATH BORDOLOI INTL,26.1,91.583,15.6,1018.1,90.2
2010-01-08T06:00:00,42410099999,GUWAHATI INTL / LOKPRIYA GOPINATH BORDOLOI INTL,26.1,91.583,23.9,1015.3,51.17
2010-01-08T09:00:00,42410099999,GUWAHATI INTL / LOKPRIYA GOPINATH BORDOLOI INTL,26.1,91.583,25.4,1011.7,41.29
2010-01-08T12:00:00,42410099999,GUWAHATI INTL / LOKPRIYA GOPINATH BORDOLOI INTL,26.1,91.583,19.1,1011.9,79.65
2010-01-08T15:00:00,42410099999,GUWAHATI INTL / LOKPRIYA GOPINATH BORDOLOI INTL,26.1,91.583,15.9,1013.7,93.19
2010-01-08T18:00:00,42410099999,GUWAHATI INTL / LOKPRIYA GOPINATH BORDOLOI INTL,26.1,91.583,15.0,1014.4,91.34
2010-01-08T21:00:00,42410099999,GUWAHATI INTL / LOKPRIYA GOPINATH BORDOLOI INTL,26.1,91.583,13.6,1014.9,95.54
2010-01-09T00:00:00,42410099999,GUWAHATI INTL / LOKPRIYA GOPINATH BORDOLOI INTL,26.1,91.583,12.0,1015.4,97.4
2010-01-09T03:00:00,42410099999,GUWAHATI INTL / LOKPRIYA GOPINATH BORDOLOI INTL,26.1,91.583,16.2,1017.0,88.52
2010-01-09T06:00:00,42410099999,GUWAHATI INTL / LOKPRIYA GOPINATH BORDOLOI INTL,26.1,91.583,23.6,1014.8,52.78
2010-01-09T09:00:00,42410099999,GUWAHATI INTL / LOKPRIYA GOPINATH BORDOLOI INTL,26.1,91.583,25.3,1012.0,47.99
2010-01-09T12:00:00,42410099999,GUWAHATI INTL / LOKPRIYA GOPINATH BORDOLOI INTL,26.1,91.583,18.6,1012.5,84.31
2010-01-09T15:00:00,42410099999,GUWAHATI INTL / LOKPRIYA GOPINATH BORDOLOI INTL,26.1,91.583,16.6,1014.3,85.18
2010-01-09T18:00:00,42410099999,GUWAHATI INTL / LOKPRIYA GOPINATH BORDOLOI INTL,26.1,91.583,14.8,1014.7,93.13
2010-01-09T21:00:00,42410099999,GUWAHATI INTL / LOKPRIYA GOPINATH BORDOLOI INTL,26.1,91.583,14.4,1014.5,97.44
2010-01-10T00:00:00,42410099999,GUWAHATI INTL / LOKPRIYA GOPINATH BORDOLOI INTL,26.1,91.583,12.6,1014.6,93.01
2010-01-10T03:00:00,42410099999,GUWAHATI INTL / LOKPRIYA GOPINATH BORDOLOI INTL,26.1,91.583,16.5,1017.0,84.62
2010-01-10T06:00:00,42410099999,GUWAHATI INTL / LOKPRIYA GOPINATH BORDOLOI INTL,26.1,91.583,22.3,1014.9,58.61
2010-01-10T09:00:00,42410099999,GUWAHATI INTL / LOKPRIYA GOPINATH BORDOLOI INTL,26.1,91.583,24.8,1011.8,48.48
2010-01-10T12:00:00,42410099999,GUWAHATI INTL / LOKPRIYA GOPINATH BORDOLOI INTL,26.1,91.583,20.3,1012.4,76.34
2010-01-10T15:00:00,42410099999,GUWAHATI INTL / LOKPRIYA GOPINATH BORDOLOI INTL,26.1,91.583,15.4,1014.4,93.16
2010-01-10T18:00:00,42410099999,GUWAHATI INTL / LOKPRIYA GOPINATH BORDOLOI INTL,26.1,91.583,14.2,1015.3,95.56
2010-01-10T21:00:00,42410099999,GUWAHATI INTL / LOKPRIYA GOPINATH BORDOLOI INTL,26.1,91.583,12.8,1015.2,97.41
2010-01-11T00:00:00,42410099999,GUWAHATI INTL / LOKPRIYA GOPINATH BORDOLOI INTL,26.1,91.583,12.2,1015.0,94.86
2010-01-11T03:00:00,42410099999,GUWAHATI INTL / LOKPRIYA GOPINATH BORDOLOI INTL,26.1,91.583,13.7,1017.7,100.0
2010-01-11T06:00:00,42410099999,GUWAHATI INTL / LOKPRIYA GOPINATH BORDOLOI INTL,26.1,91.583,18.4,1015.5,76.53
2010-01-11T09:00:00,42410099999,GUWAHATI INTL / LOKPRIYA GOPINATH BORDOLOI INTL,26.1,91.583,21.1,1012.5,67.72
2010-01-11T12:00:00,42410099999,GUWAHATI INTL / LOKPRIYA GOPINATH BORDOLOI INTL,26.1,91.583,18.3,1013.4,83.2
2010-01-11T15:00:00,42410099999,GUWAHATI INTL / LOKPRIYA GOPINATH BORDOLOI INTL,26.1,91.583,14.6,1016.0,88.96
2010-01-11T18:00:00,42410099999,GUWAHATI INTL / LOKPRIYA GOPINATH BORDOLOI INTL,26.1,91.583,13.6,1016.7,93.07
2010-01-11T21:00:00,42410099999,GUWAHATI INTL / LOKPRIYA GOPINATH BORDOLOI INTL,26.1,91.583,12.8,1016.6,97.41
2010-01-12T00:00:00,42410099999,GUWAHATI INTL / LOKPRIYA GOPINATH BORDOLOI INTL,26.1,91.583,12.6,1015.5,97.41
2010-01-12T03:00:00,42410099999,GUWAHATI INTL / LOKPRIYA GOPINATH BORDOLOI INTL,26.1,91.583,13.0,1018.3,100.0
2010-01-12T06:00:00,42410099999,GUWAHATI INTL / LOKPRIYA GOPINATH BORDOLOI INTL,26.1,91.583,14.0,1016.8,94.93
2010-01-12T09:00:00,42410099999,GUWAHATI INTL / LOKPRIYA GOPINATH BORDOLOI INTL,26.1,91.583,14.3,1014.1,92.5
2010-01-12T12:00:00,42410099999,GUWAHATI INTL / LOKPRIYA GOPINATH BORDOLOI INTL,26.1,91.583,13.8,1015.3,93.08
2010-01-12T15:00:00,42410099999,GUWAHATI INTL / LOKPRIYA GOPINATH BORDOLOI INTL,26.1,91.583,14.0,1017.6,90.68
2010-01-12T18:00:00,42410099999,GUWAHATI INTL / LOKPRIYA GOPINATH BORDOLOI INTL,26.1,91.583,13.4,1018.0,93.06
2010-01-12T21:00:00,42410099999,GUWAHATI INTL / LOKPRIYA GOPINATH BORDOLOI INTL,26.1,91.583,12.4,1017.0,97.4
2010-01-13T00:00:00,42410099999,GUWAHATI INTL / LOKPRIYA GOPINATH BORDOLOI INTL,26.1,91.583,13.4,1017.2,95.53
2010-01-13T03:00:00,42410099999,GUWAHATI INTL / LOKPRIYA GOPINATH BORDOLOI INTL,26.1,91.583,13.8,1019.5,91.26
2010-01-13T06:00:00,42410099999,GUWAHATI INTL / LOKPRIYA GOPINATH BORDOLOI INTL,26.1,91.583,14.9,1018.2,87.83
2010-01-13T09:00:00,42410099999,GUWAHATI INTL / LOKPRIYA GOPINATH BORDOLOI INTL,26.1,91.583,16.2,1016.0,77.19
2010-01-13T12:00:00,42410099999,GUWAHATI INTL / LOKPRIYA GOPINATH BORDOLOI INTL,26.1,91.583,13.8,1016.9,94.3
2010-01-13T15:00:00,42410099999,GUWAHATI INTL / LOKPRIYA GOPINATH BORDOLOI INTL,26.1,91.583,12.6,1018.9,95.5
2010-01-13T18:00:00,42410099999,GUWAHATI INTL / LOKPRIYA GOPINATH BORDOLOI INTL,26.1,91.583,12.2,1019.4,97.4
2010-01-13T21:00:00,42410099999,GUWAHATI INTL / LOKPRIYA GOPINATH BORDOLOI INTL,26.1,91.583,11.8,1018.6,100.0
2010-01-14T00:00:00,42410099999,GUWAHATI INTL / LOKPRIYA GOPINATH BORDOLOI INTL,26.1,91.583,11.2,1019.1,100.0
2010-01-14T03:00:00,42410099999,GUWAHATI INTL / LOKPRIYA GOPINATH BORDOLOI INTL,26.1,91.583,13.6,1021.3,95.54
2010-01-14T06:00:00,42410099999,GUWAHATI INTL / LOKPRIYA GOPINATH BORDOLOI INTL,26.1,91.583,16.6,1020.2,85.73
2010-01-14T09:00:00,42410099999,GUWAHATI INTL / LOKPRIYA GOPINATH BORDOLOI INTL,26.1,91.583,20.4,1016.5,73.95
2010-01-14T12:00:00,42410099999,GUWAHATI INTL / LOKPRIYA GOPINATH BORDOLOI INTL,26.1,91.583,17.0,1017.3,85.77
2010-01-14T15:00:00,42410099999,GUWAHATI INTL / LOKPRIYA GOPINATH BORDOLOI INTL,26.1,91.583,12.4,1019.6,97.4
2010-01-14T18:00:00,42410099999,GUWAHATI INTL / LOKPRIYA GOPINATH BORDOLOI INTL,26.1,91.583,12.0,,97.4
2010-01-14T21:00:00,42410099999,GUWAHATI INTL / LOKPRIYA GOPINATH BORDOLOI INTL,26.1,91.583,11.6,1018.0,100.0
2010-01-15T00:00:00,42410099999,GUWAHATI INTL / LOKPRIYA GOPINATH BORDOLOI INTL,26.1,91.583,13.4,1022.1,100.0
2010-01-15T03:00:00,42410099999,GUWAHATI INTL / LOKPRIYA GOPINATH BORDOLOI INTL,26.1,91.583,13.3,1023.8,100.0
2010-01-15T05:30:00,42410099999,GUWAHATI INTL / LOKPRIYA GOPINATH BORDOLOI INTL,26.1,91.583,17.0,,93.84
2010-01-15T06:00:00,42410099999,GUWAHATI INTL / LOKPRIYA GOPINATH BORDOLOI INTL,26.1,91.583,18.2,1021.8,83.72
2010-01-15T09:00:00,42410099999,GUWAHATI INTL / LOKPRIYA GOPINATH BORDOLOI INTL,26.1,91.583,16.9,1019.3,87.44
2010-01-15T12:00:00,42410099999,GUWAHATI INTL / LOKPRIYA GOPINATH BORDOLOI INTL,26.1,91.583,14.6,1020.4,98.08
2010-01-15T15:00:00,42410099999,GUWAHATI INTL / LOKPRIYA GOPINATH BORDOLOI INTL,26.1,91.583,14.2,1021.0,97.44
2010-01-15T18:00:00,42410099999,GUWAHATI INTL / LOKPRIYA GOPINATH BORDOLOI INTL,26.1,91.583,12.8,1022.0,100.0
2010-01-15T21:00:00,42410099999,GUWAHATI INTL / LOKPRIYA GOPINATH BORDOLOI INTL,26.1,91.583,12.0,1021.8,100.0
2010-01-16T00:00:00,42410099999,GUWAHATI INTL / LOKPRIYA GOPINATH BORDOLOI INTL,26.1,91.583,14.4,1021.0,90.71
2010-01-16T03:00:00,42410099999,GUWAHATI INTL / LOKPRIYA GOPINATH BORDOLOI INTL,26.1,91.583,14.6,1023.4,96.82
2010-01-16T06:00:00,42410099999,GUWAHATI INTL / LOKPRIYA GOPINATH BORDOLOI INTL,26.1,91.583,15.8,1022.3,90.8
2010-01-16T09:00:00,42410099999,GUWAHATI INTL / LOKPRIYA GOPINATH BORDOLOI INTL,26.1,91.583,16.1,1019.9,85.68
2010-01-16T12:00:00,42410099999,GUWAHATI INTL / LOKPRIYA GOPINATH BORDOLOI INTL,26.1,91.583,15.3,1020.3,88.44
2010-01-16T15:00:00,42410099999,GUWAHATI INTL / LOKPRIYA GOPINATH BORDOLOI INTL,26.1,91.583,12.2,1021.7,100.0
2010-01-16T18:00:00,42410099999,GUWAHATI INTL / LOKPRIYA GOPINATH BORDOLOI INTL,26.1,91.583,12.6,1021.8,93.01
2010-01-16T21:00:00,42410099999,GUWAHATI INTL / LOKPRIYA GOPINATH BORDOLOI INTL,26.1,91.583,12.2,1021.6,94.86
2010-01-17T00:00:00,42410099999,GUWAHATI INTL / LOKPRIYA GOPINATH BORDOLOI INTL,26.1,91.583,12.0,1020.5,100.0
2010-01-17T03:00:00,42410099999,GUWAHATI INTL / LOKPRIYA GOPINATH BORDOLOI INTL,26.1,91.583,13.5,1022.7,100.0
2010-01-17T06:00:00,42410099999,GUWAHATI INTL / LOKPRIYA GOPINATH BORDOLOI INTL,26.1,91.583,17.8,1020.8,80.5
2010-01-17T09:00:00,42410099999,GUWAHATI INTL / LOKPRIYA GOPINATH BORDOLOI INTL,26.1,91.583,20.3,1017.8,71.6
2010-01-17T12:00:00,42410099999,GUWAHATI INTL / LOKPRIYA GOPINATH BORDOLOI INTL,26.1,91.583,17.2,1017.5,84.7
2010-01-17T15:00:00,42410099999,GUWAHATI INTL / LOKPRIYA GOPINATH BORDOLOI INTL,26.1,91.583,13.6,1019.5,100.0
2010-01-17T18:00:00,42410099999,GUWAHATI INTL / LOKPRIYA GOPINATH BORDOLOI INTL,26.1,91.583,11.9,1019.5,100.0
2010-01-17T21:00:00,42410099999,GUWAHATI INTL / LOKPRIYA GOPINATH BORDOLOI INTL,26.1,91.583,11.1,1018.8,100.0
2010-01-18T00:00:00,42410099999,GUWAHATI INTL / LOKPRIYA GOPINATH BORDOLOI INTL,26.1,91.583,10.6,1019.5,100.0
2010-01-18T03:00:00,42410099999,GUWAHATI INTL / LOKPRIYA GOPINATH BORDOLOI INTL,26.1,91.583,12.9,1021.2,100.0
2010-01-18T06:00:00,42410099999,GUWAHATI INTL / LOKPRIYA GOPINATH BORDOLOI INTL,26.1,91.583,19.7,1018.9,77.23
2010-01-18T09:00:00,42410099999,GUWAHATI INTL / LOKPRIYA GOPINATH BORDOLOI INTL,26.1,91.583,25.0,1014.8,49.81
2010-01-18T12:00:00,42410099999,GUWAHATI INTL / LOKPRIYA GOPINATH BORDOLOI INTL,26.1,91.583,20.0,1014.9,72.94
2010-01-18T15:00:00,42410099999,GUWAHATI INTL / LOKPRIYA GOPINATH BORDOLOI INTL,26.1,91.583,16.8,1016.4,95.04
2010-01-18T18:00:00,42410099999,GUWAHATI INTL / LOKPRIYA GOPINATH BORDOLOI INTL,26.1,91.583,15.0,1017.4,93.14
2010-01-18T21:00:00,42410099999,GUWAHATI INTL / LOKPRIYA GOPINATH BORDOLOI INTL,26.1,91.583,12.8,1017.0,97.41
2010-01-19T00:00:00,42410099999,GUWAHATI INTL / LOKPRIYA GOPINATH BORDOLOI INTL,26.1,91.583,12.6,1015.8,100.0
2010-01-19T03:00:00,42410099999,GUWAHATI INTL / LOKPRIYA GOPINATH BORDOLOI INTL,26.1,91.583,15.8,1018.2,95.61
2010-01-19T06:00:00,42410099999,GUWAHATI INTL / LOKPRIYA GOPINATH BORDOLOI INTL,26.1,91.583,22.2,1016.1,66.65
2010-01-19T09:00:00,42410099999,GUWAHATI INTL / LOKPRIYA GOPINATH BORDOLOI INTL,26.1,91.583,25.4,1012.7,52.56
2010-01-19T12:00:00,42410099999,GUWAHATI INTL / LOKPRIYA GOPINATH BORDOLOI INTL,26.1,91.583,21.1,1012.5,68.6
2010-01-19T15:00:00,42410099999,GUWAHATI INTL / LOKPRIYA GOPINATH BORDOLOI INTL,26.1,91.583,16.7,1015.0,96.87
2010-01-19T18:00:00,42410099999,GUWAHATI INTL / LOKPRIYA GOPINATH BORDOLOI INTL,26.1,91.583,17.0,1015.2,83.59
2010-01-19T21:00:00,42410099999,GUWAHATI INTL / LOKPRIYA GOPINATH BORDOLOI INTL,26.1,91.583,15.0,1014.9,93.14
2010-01-20T00:00:00,42410099999,GUWAHATI INTL / LOKPRIYA GOPINATH BORDOLOI INTL,26.1,91.583,13.4,1017.5,95.53
2010-01-20T03:00:00,42410099999,GUWAHATI INTL / LOKPRIYA GOPINATH BORDOLOI INTL,26.1,91.583,15.7,1020.8,94.39
2010-01-20T06:00:00,42410099999,GUWAHATI INTL / LOKPRIYA GOPINATH BORDOLOI INTL,26.1,91.583,21.2,1019.1,72.68
2010-01-20T09:00:00,42410099999,GUWAHATI INTL / LOKPRIYA GOPINATH BORDOLOI INTL,26.1,91.583,24.1,1015.6,64.95
2010-01-20T12:00:00,42410099999,GUWAHATI INTL / LOKPRIYA GOPINATH BORDOLOI INTL,26.1,91.583,21.8,1015.5,75.61
2010-01-20T15:00:00,42410099999,GUWAHATI INTL / LOKPRIYA GOPINATH BORDOLOI INTL,26.1,91.583,17.4,1017.0,93.86
2010-01-20T18:00:00,42410099999,GUWAHATI INTL / LOKPRIYA GOPINATH BORDOLOI INTL,26.1,91.583,16.8,1017.3,93.83
2010-01-20T21:00:00,42410099999,GUWAHATI INTL / LOKPRIYA GOPINATH BORDOLOI INTL,26.1,91.583,14.2,1016.9,95.56
2010-01-21T00:00:00,42410099999,GUWAHATI INTL / LOKPRIYA GOPINATH BORDOLOI INTL,26.1,91.583,13.4,1017.3,95.53
2010-01-21T03:00:00,42410099999,GUWAHATI INTL / LOKPRIYA GOPINATH BORDOLOI INTL,26.1,91.583,17.2,1019.2,92.66
2010-01-21T06:00:00,42410099999,GUWAHATI INTL / LOKPRIYA GOPINATH BORDOLOI INTL,26.1,91.583,23.8,1016.9,63.67
2010-01-21T09:00:00,42410099999,GUWAHATI INTL / LOKPRIYA GOPINATH BORDOLOI INTL,26.1,91.583,26.4,1012.9,46.14
2010-01-21T12:00:00,42410099999,GUWAHATI INTL / LOKPRIYA GOPINATH BORDOLOI INTL,26.1,91.583,20.9,1013.0,67.68
2010-01-21T15:00:00,42410099999,GUWAHATI INTL / LOKPRIYA GOPINATH BORDOLOI INTL,26.1,91.583,16.6,1014.8,85.18
2010-01-21T18:00:00,42410099999,GUWAHATI INTL / LOKPRIYA GOPINATH BORDOLOI INTL,26.1,91.583,15.0,1015.2,95.58
2010-01-21T21:00:00,42410099999,GUWAHATI INTL / LOKPRIYA GOPINATH BORDOLOI INTL,26.1,91.583,14.6,1014.9,95.57
2010-01-22T00:00:00,42410099999,GUWAHATI INTL / LOKPRIYA GOPINATH BORDOLOI INTL,26.1,91.583,11.6,1016.0,97.39
2010-01-22T03:00:00,42410099999,GUWAHATI INTL / LOKPRIYA GOPINATH BORDOLOI INTL,26.1,91.583,17.1,1017.6,89.16
2010-01-22T06:00:00,42410099999,GUWAHATI INTL / LOKPRIYA GOPINATH BORDOLOI INTL,26.1,91.583,24.3,1016.2,57.59
2010-01-22T09:00:00,42410099999,GUWAHATI INTL / LOKPRIYA GOPINATH BORDOLOI INTL,26.1,91.583,26.6,1013.0,43.29
2010-01-22T12:00:00,42410099999,GUWAHATI INTL / LOKPRIYA GOPINATH BORDOLOI INTL,26.1,91.583,20.4,1014.3,76.35
2010-01-22T15:00:00,42410099999,GUWAHATI INTL / LOKPRIYA GOPINATH BORDOLOI INTL,26.1,91.583,17.0,1016.3,84.67
2010-01-22T18:00:00,42410099999,GUWAHATI INTL / LOKPRIYA GOPINATH BORDOLOI INTL,26.1,91.583,15.4,1017.2,91.37
2010-01-22T21:00:00,42410099999,GUWAHATI INTL / LOKPRIYA GOPINATH BORDOLOI INTL,26.1,91.583,14.2,1016.8,93.1
2010-01-23T00:00:00,42410099999,GUWAHATI INTL / LOKPRIYA GOPINATH BORDOLOI INTL,26.1,91.583,12.4,1016.6,95.5
2010-01-23T03:00:00,42410099999,GUWAHATI INTL / LOKPRIYA GOPINATH BORDOLOI INTL,26.1,91.583,16.7,1018.7,89.7
2010-01-23T09:00:00,42410099999,GUWAHATI INTL / LOKPRIYA GOPINATH BORDOLOI INTL,26.1,91.583,26.6,1013.1,43.29
2010-01-23T12:00:00,42410099999,GUWAHATI INTL / LOKPRIYA GOPINATH BORDOLOI INTL,26.1,91.583,20.5,1012.7,78.84
2010-01-23T15:00:00,42410099999,GUWAHATI INTL / LOKPRIYA GOPINATH BORDOLOI INTL,26.1,91.583,16.6,1015.4,87.98
2010-01-23T18:00:00,42410099999,GUWAHATI INTL / LOKPRIYA GOPINATH BORDOLOI INTL,26.1,91.583,14.0,1016.3,93.09
2010-01-23T21:00:00,42410099999,GUWAHATI INTL / LOKPRIYA GOPINATH BORDOLOI INTL,26.1,91.583,12.8,1016.0,95.51
2010-01-24T00:00:00,42410099999,GUWAHATI INTL / LOKPRIYA GOPINATH BORDOLOI INTL,26.1,91.583,12.4,1016.5,93.0
2010-01-24T03:00:00,42410099999,GUWAHATI INTL / LOKPRIYA GOPINATH BORDOLOI INTL,26.1,91.583,17.1,1018.3,86.9
2010-01-24T06:00:00,42410099999,GUWAHATI INTL / LOKPRIYA GOPINATH BORDOLOI INTL,26.1,91.583,25.0,1016.7,40.63
2010-01-24T09:00:00,42410099999,GUWAHATI INTL / LOKPRIYA GOPINATH BORDOLOI INTL,26.1,91.583,26.5,1013.5,44.12
2010-01-24T12:00:00,42410099999,GUWAHATI INTL / LOKPRIYA GOPINATH BORDOLOI INTL,26.1,91.583,20.4,1014.2,71.16
2010-01-24T15:00:00,42410099999,GUWAHATI INTL / LOKPRIYA GOPINATH BORDOLOI INTL,26.1,91.583,16.6,1016.1,85.18
2010-01-24T18:00:00,42410099999,GUWAHATI INTL / LOKPRIYA GOPINATH BORDOLOI INTL,26.1,91.583,14.9,1016.7,88.98
2010-01-24T21:00:00,42410099999,GUWAHATI INTL / LOKPRIYA GOPINATH BORDOLOI INTL,26.1,91.583,13.0,1016.8,95.52
2010-01-25T00:00:00,42410099999,GUWAHATI INTL / LOKPRIYA GOPINATH BORDOLOI INTL,26.1,91.583,13.4,1015.7,95.53
2010-01-25T03:00:00,42410099999,GUWAHATI INTL / LOKPRIYA GOPINATH BORDOLOI INTL,26.1,91.583,16.0,1018.4,90.23
2010-01-25T06:00:00,42410099999,GUWAHATI INTL / LOKPRIYA GOPINATH BORDOLOI INTL,26.1,91.583,22.6,1017.3,55.71
2010-01-25T08:00:00,42410099999,GUWAHATI INTL / LOKPRIYA GOPINATH BORDOLOI INTL,26.1,91.583,27.0,,36.82
2010-01-25T09:00:00,42410099999,GUWAHATI INTL / LOKPRIYA GOPINATH BORDOLOI INTL,26.1,91.583,26.6,1012.9,29.99
2010-01-25T12:00:00,42410099999,GUWAHATI INTL / LOKPRIYA GOPINATH BORDOLOI INTL,26.1,91.583,21.3,1012.9,57.23
2010-01-25T15:00:00,42410099999,GUWAHATI INTL / LOKPRIYA GOPINATH BORDOLOI INTL,26.1,91.583,15.8,1014.6,87.34
2010-01-25T18:00:00,42410099999,GUWAHATI INTL / LOKPRIYA GOPINATH BORDOLOI INTL,26.1,91.583,14.2,1015.1,95.56
2010-01-25T21:00:00,42410099999,GUWAHATI INTL / LOKPRIYA GOPINATH BORDOLOI INTL,26.1,91.583,13.6,1014.4,95.54
2010-01-26T00:00:00,42410099999,GUWAHATI INTL / LOKPRIYA GOPINATH BORDOLOI INTL,26.1,91.583,12.0,1014.5,100.0
2010-01-26T03:00:00,42410099999,GUWAHATI INTL / LOKPRIYA GOPINATH BORDOLOI INTL,26.1,91.583,16.2,1017.6,86.81
2010-01-26T06:00:00,42410099999,GUWAHATI INTL / LOKPRIYA GOPINATH BORDOLOI INTL,26.1,91.583,23.5,1015.7,57.77
2010-01-26T09:00:00,42410099999,GUWAHATI INTL / LOKPRIYA GOPINATH BORDOLOI INTL,26.1,91.583,27.0,1012.0,44.54
2010-01-26T12:00:00,42410099999,GUWAHATI INTL / LOKPRIYA GOPINATH BORDOLOI INTL,26.1,91.583,20.0,1012.9,74.36
2010-01-26T15:00:00,42410099999,GUWAHATI INTL / LOKPRIYA GOPINATH BORDOLOI INTL,26.1,91.583,16.0,1015.3,87.36
2010-01-26T18:00:00,42410099999,GUWAHATI INTL / LOKPRIYA GOPINATH BORDOLOI INTL,26.1,91.583,14.0,1016.2,90.68
2010-01-26T21:00:00,42410099999,GUWAHATI INTL / LOKPRIYA GOPINATH BORDOLOI INTL,26.1,91.583,13.2,1015.8,93.05
2010-01-27T00:00:00,42410099999,GUWAHATI INTL / LOKPRIYA GOPINATH BORDOLOI INTL,26.1,91.583,12.6,1017.1,93.01
2010-01-27T03:00:00,42410099999,GUWAHATI INTL / LOKPRIYA GOPINATH BORDOLOI INTL,26.1,91.583,17.2,1019.0,79.9
2010-01-27T06:00:00,42410099999,GUWAHATI INTL / LOKPRIYA GOPINATH BORDOLOI INTL,26.1,91.583,24.4,1017.2,50.63
2010-01-27T09:00:00,42410099999,GUWAHATI INTL / LOKPRIYA GOPINATH BORDOLOI INTL,26.1,91.583,26.1,1014.3,44.88
2010-01-27T12:00:00,42410099999,GUWAHATI INTL / LOKPRIYA GOPINATH BORDOLOI INTL,26.1,91.583,20.4,1014.8,75.38
2010-01-27T15:00:00,42410099999,GUWAHATI INTL / LOKPRIYA GOPINATH BORDOLOI INTL,26.1,91.583,16.0,1017.0,87.36
2010-01-27T18:00:00,42410099999,GUWAHATI INTL / LOKPRIYA GOPINATH BORDOLOI INTL,26.1,91.583,15.0,1017.4,91.34
2010-01-27T21:00:00,42410099999,GUWAHATI INTL / LOKPRIYA GOPINATH BORDOLOI INTL,26.1,91.583,13.8,1017.2,93.08
2010-01-28T00:00:00,42410099999,GUWAHATI INTL / LOKPRIYA GOPINATH BORDOLOI INTL,26.1,91.583,12.8,1016.5,97.41
2010-01-28T03:00:00,42410099999,GUWAHATI INTL / LOKPRIYA GOPINATH BORDOLOI INTL,26.1,91.583,16.6,1019.2,87.98
2010-01-28T06:00:00,42410099999,GUWAHATI INTL / LOKPRIYA GOPINATH BORDOLOI INTL,26.1,91.583,23.9,1017.4,57.13
2010-01-28T09:00:00,42410099999,GUWAHATI INTL / LOKPRIYA GOPINATH BORDOLOI INTL,26.1,91.583,26.8,1014.2,39.54
2010-01-28T12:00:00,42410099999,GUWAHATI INTL / LOKPRIYA GOPINATH BORDOLOI INTL,26.1,91.583,23.4,1014.6,57.75
2010-01-28T15:00:00,42410099999,GUWAHATI INTL / LOKPRIYA GOPINATH BORDOLOI INTL,26.1,91.583,16.9,1016.8,86.32
2010-01-28T18:00:00,42410099999,GUWAHATI INTL / LOKPRIYA GOPINATH BORDOLOI INTL,26.1,91.583,15.2,1017.1,89.01
2010-01-28T21:00:00,42410099999,GUWAHATI INTL / LOKPRIYA GOPINATH BORDOLOI INTL,26.1,91.583,13.6,1016.9,93.07
2010-01-29T00:00:00,42410099999,GUWAHATI INTL / LOKPRIYA GOPINATH BORDOLOI INTL,26.1,91.583,12.4,1016.8,95.5
2010-01-29T03:00:00,42410099999,GUWAHATI INTL / LOKPRIYA GOPINATH BORDOLOI INTL,26.1,91.583,16.8,1018.8,87.43
2010-01-29T06:00:00,42410099999,GUWAHATI INTL / LOKPRIYA GOPINATH BORDOLOI INTL,26.1,91.583,24.4,1016.5,55.08
2010-01-29T09:00:00,42410099999,GUWAHATI INTL / LOKPRIYA GOPINATH BORDOLOI INTL,26.1,91.583,26.7,1013.1,40.84
2010-01-29T12:00:00,42410099999,GUWAHATI INTL / LOKPRIYA GOPINATH BORDOLOI INTL,26.1,91.583,20.7,1013.3,70.3
2010-01-29T15:00:00,42410099999,GUWAHATI INTL / LOKPRIYA GOPINATH BORDOLOI INTL,26.1,91.583,16.6,1014.5,81.39
2010-01-29T18:00:00,42410099999,GUWAHATI INTL / LOKPRIYA GOPINATH BORDOLOI INTL,26.1,91.583,15.8,1015.3,91.39
2010-01-29T21:00:00,42410099999,GUWAHATI INTL / LOKPRIYA GOPINATH BORDOLOI INTL,26.1,91.583,14.8,1014.9,93.13
2010-01-30T00:00:00,42410099999,GUWAHATI INTL / LOKPRIYA GOPINATH BORDOLOI INTL,26.1,91.583,12.4,1014.6,95.5
2010-01-30T03:00:00,42410099999,GUWAHATI INTL / LOKPRIYA GOPINATH BORDOLOI INTL,26.1,91.583,16.8,1016.7,84.11
2010-01-30T06:00:00,42410099999,GUWAHATI INTL / LOKPRIYA GOPINATH BORDOLOI INTL,26.1,91.583,22.6,1015.8,61.79
2010-01-30T09:00:00,42410099999,GUWAHATI INTL / LOKPRIYA GOPINATH BORDOLOI INTL,26.1,91.583,26.0,1011.7,43.41
2010-01-30T12:00:00,42410099999,GUWAHATI INTL / LOKPRIYA GOPINATH BORDOLOI INTL,26.1,91.583,20.4,1012.5,78.32
2010-01-30T15:00:00,42410099999,GUWAHATI INTL / LOKPRIYA GOPINATH BORDOLOI INTL,26.1,91.583,16.6,1015.0,85.18
2010-01-30T18:00:00,42410099999,GUWAHATI INTL / LOKPRIYA GOPINATH BORDOLOI INTL,26.1,91.583,15.4,1016.0,91.37
2010-01-30T21:00:00,42410099999,GUWAHATI INTL / LOKPRIYA GOPINATH BORDOLOI INTL,26.1,91.583,13.8,1015.6,93.08
2010-01-31T00:00:00,42410099999,GUWAHATI INTL / LOKPRIYA GOPINATH BORDOLOI INTL,26.1,91.583,12.2,1016.6,94.86
2010-01-31T03:00:00,42410099999,GUWAHATI INTL / LOKPRIYA GOPINATH BORDOLOI INTL,26.1,91.583,16.5,1018.5,84.62
2010-01-31T06:00:00,42410099999,GUWAHATI INTL / LOKPRIYA GOPINATH BORDOLOI INTL,26.1,91.583,23.8,1016.8,49.49
2010-01-31T09:00:00,42410099999,GUWAHATI INTL / LOKPRIYA GOPINATH BORDOLOI INTL,26.1,91.583,25.5,1013.6,50.27
2010-01-31T12:00:00,42410099999,GUWAHATI INTL / LOKPRIYA GOPINATH BORDOLOI INTL,26.1,91.583,20.6,1014.2,74.94
2010-01-31T15:00:00,42410099999,GUWAHATI INTL / LOKPRIYA GOPINATH BORDOLOI INTL,26.1,91.583,18.4,1015.3,78.53
2010-01-31T18:00:00,42410099999,GUWAHATI INTL / LOKPRIYA GOPINATH BORDOLOI INTL,26.1,91.583,16.4,1016.2,89.68
2010-01-31T21:00:00,42410099999,GUWAHATI INTL / LOKPRIYA GOPINATH BORDOLOI INTL,26.1,91.583,14.6,1016.0,91.32
2010-02-01T00:00:00,42410099999,GUWAHATI INTL / LOKPRIYA GOPINATH BORDOLOI INTL,26.1,91.583,13.6,1015.4,95.54
2010-02-01T03:00:00,42410099999,GUWAHATI INTL / LOKPRIYA GOPINATH BORDOLOI INTL,26.1,91.583,17.0,1017.9,86.33
2010-02-01T06:00:00,42410099999,GUWAHATI INTL / LOKPRIYA GOPINATH BORDOLOI INTL,26.1,91.583,23.0,1015.4,60.31
2010-02-01T09:00:00,42410099999,GUWAHATI INTL / LOKPRIYA GOPINATH BORDOLOI INTL,26.1,91.583,25.7,1011.8,42.76
2010-02-01T12:00:00,42410099999,GUWAHATI INTL / LOKPRIYA GOPINATH BORDOLOI INTL,26.1,91.583,19.8,1012.2,71.97
2010-02-01T15:00:00,42410099999,GUWAHATI INTL / LOKPRIYA GOPINATH BORDOLOI INTL,26.1,91.583,16.4,1012.9,81.37
2010-02-01T18:00:00,42410099999,GUWAHATI INTL / LOKPRIYA GOPINATH BORDOLOI INTL,26.1,91.583,15.0,1012.5,93.14
2010-02-01T21:00:00,42410099999,GUWAHATI INTL / LOKPRIYA GOPINATH BORDOLOI INTL,26.1,91.583,14.4,1014.9,94.33
2010-02-02T00:00:00,42410099999,GUWAHATI INTL / LOKPRIYA GOPINATH BORDOLOI INTL,26.1,91.583,13.0,1013.7,88.24
2010-02-02T03:00:00,42410099999,GUWAHATI INTL / LOKPRIYA GOPINATH BORDOLOI INTL,26.1,91.583,16.4,1016.8,87.39
2010-02-02T06:00:00,42410099999,GUWAHATI INTL / LOKPRIYA GOPINATH BORDOLOI INTL,26.1,91.583,23.5,1014.5,54.15
2010-02-02T09:00:00,42410099999,GUWAHATI INTL / LOKPRIYA GOPINATH BORDOLOI INTL,26.1,91.583,26.4,1011.6,25.37
2010-02-02T12:00:00,42410099999,GUWAHATI INTL / LOKPRIYA GOPINATH BORDOLOI INTL,26.1,91.583,21.3,1012.1,51.5
2010-02-02T15:00:00,42410099999,GUWAHATI INTL / LOKPRIYA GOPINATH BORDOLOI INTL,26.1,91.583,15.8,1014.1,77.63
2010-02-02T18:00:00,42410099999,GUWAHATI INTL / LOKPRIYA GOPINATH BORDOLOI INTL,26.1,91.583,15.2,1013.9,78.57
2010-02-02T21:00:00,42410099999,GUWAHATI INTL / LOKPRIYA GOPINATH BORDOLOI INTL,26.1,91.583,14.6,1013.7,88.96
2010-02-03T00:00:00,42410099999,GUWAHATI INTL / LOKPRIYA GOPINATH BORDOLOI INTL,26.1,91.583,11.2,1013.8,96.09
2010-02-03T03:00:00,42410099999,GUWAHATI INTL / LOKPRIYA GOPINATH BORDOLOI INTL,26.1,91.583,16.3,1016.5,75.2
2010-02-03T06:00:00,42410099999,GUWAHATI INTL / LOKPRIYA GOPINATH BORDOLOI INTL,26.1,91.583,24.5,1014.9,32.83
2010-02-03T09:00:00,42410099999,GUWAHATI INTL / LOKPRIYA GOPINATH BORDOLOI INTL,26.1,91.583,25.8,1011.9,25.92
2010-02-03T12:00:00,42410099999,GUWAHATI INTL / LOKPRIYA GOPINATH BORDOLOI INTL,26.1,91.583,19.5,1013.0,56.79
2010-02-03T15:00:00,42410099999,GUWAHATI INTL / LOKPRIYA GOPINATH BORDOLOI INTL,26.1,91.583,14.6,1015.6,71.96
2010-02-03T18:00:00,42410099999,GUWAHATI INTL / LOKPRIYA GOPINATH BORDOLOI INTL,26.1,91.583,13.0,1016.3,74.64
2010-02-03T21:00:00,42410099999,GUWAHATI INTL / LOKPRIYA GOPINATH BORDOLOI INTL,26.1,91.583,11.8,1015.5,90.53
2010-02-04T00:00:00,42410099999,GUWAHATI INTL / LOKPRIYA GOPINATH BORDOLOI INTL,26.1,91.583,10.4,1015.5,84.5
2010-02-04T03:00:00,42410099999,GUWAHATI INTL / LOKPRIYA GOPINATH BORDOLOI INTL,26.1,91.583,15.0,1017.6,72.52
2010-02-04T06:00:00,42410099999,GUWAHATI INTL / LOKPRIYA GOPINATH BORDOLOI INTL,26.1,91.583,23.7,1015.7,36.88
2010-02-04T09:00:00,42410099999,GUWAHATI INTL / LOKPRIYA GOPINATH BORDOLOI INTL,26.1,91.583,26.0,1012.2,28.82
2010-02-04T12:00:00,42410099999,GUWAHATI INTL / LOKPRIYA GOPINATH BORDOLOI INTL,26.1,91.583,18.6,1012.9,57.71
2010-02-04T15:00:00,42410099999,GUWAHATI INTL / LOKPRIYA GOPINATH BORDOLOI INTL,26.1,91.583,15.2,1015.2,62.57
2010-02-04T18:00:00,42410099999,GUWAHATI INTL / LOKPRIYA GOPINATH BORDOLOI INTL,26.1,91.583,13.0,1015.8,77.2
2010-02-04T21:00:00,42410099999,GUWAHATI INTL / LOKPRIYA GOPINATH BORDOLOI INTL,26.1,91.583,12.0,1015.6,80.78
2010-02-05T00:00:00,42410099999,GUWAHATI INTL / LOKPRIYA GOPINATH BORDOLOI INTL,26.1,91.583,11.2,1015.1,85.17
2010-02-05T03:00:00,42410099999,GUWAHATI INTL / LOKPRIYA GOPINATH BORDOLOI INTL,26.1,91.583,15.0,1017.6,78.03
2010-02-05T06:00:00,42410099999,GUWAHATI INTL / LOKPRIYA GOPINATH BORDOLOI INTL,26.1,91.583,23.1,1015.9,44.05
2010-02-05T09:00:00,42410099999,GUWAHATI INTL / LOKPRIYA GOPINATH BORDOLOI INTL,26.1,91.583,25.2,1012.3,29.81
2010-02-05T12:00:00,42410099999,GUWAHATI INTL / LOKPRIYA GOPINATH BORDOLOI INTL,26.1,91.583,19.2,1013.4,60.21
2010-02-05T15:00:00,42410099999,GUWAHATI INTL / LOKPRIYA GOPINATH BORDOLOI INTL,26.1,91.583,13.0,1015.9,88.24
2010-02-05T18:00:00,42410099999,GUWAHATI INTL / LOKPRIYA GOPINATH BORDOLOI INTL,26.1,91.583,12.4,1016.4,90.57
2010-02-05T21:00:00,42410099999,GUWAHATI INTL / LOKPRIYA GOPINATH BORDOLOI INTL,26.1,91.583,11.8,1016.2,92.36
2010-02-06T00:00:00,42410099999,GUWAHATI INTL / LOKPRIYA GOPINATH BORDOLOI INTL,26.1,91.583,10.2,1017.9,97.36
2010-02-06T03:00:00,42410099999,GUWAHATI INTL / LOKPRIYA GOPINATH BORDOLOI INTL,26.1,91.583,15.4,1019.2,71.63
2010-02-06T06:00:00,42410099999,GUWAHATI INTL / LOKPRIYA GOPINATH BORDOLOI INTL,26.1,91.583,23.1,1017.7,45.84
2010-02-06T09:00:00,42410099999,GUWAHATI INTL / LOKPRIYA GOPINATH BORDOLOI INTL,26.1,91.583,25.1,1014.0,39.85
2010-02-06T12:00:00,42410099999,GUWAHATI INTL / LOKPRIYA GOPINATH BORDOLOI INTL,26.1,91.583,20.3,1014.9,60.47
2010-02-06T15:00:00,42410099999,GUWAHATI INTL / LOKPRIYA GOPINATH BORDOLOI INTL,26.1,91.583,14.4,1017.2,86.64
2010-02-06T18:00:00,42410099999,GUWAHATI INTL / LOKPRIYA GOPINATH BORDOLOI INTL,26.1,91.583,14.0,1017.7,90.68
2010-02-06T21:00:00,42410099999,GUWAHATI INTL / LOKPRIYA GOPINATH BORDOLOI INTL,26.1,91.583,13.6,1017.5,95.54
2010-02-07T00:00:00,42410099999,GUWAHATI INTL / LOKPRIYA GOPINATH BORDOLOI INTL,26.1,91.583,11.2,1016.2,94.82
2010-02-07T03:00:00,42410099999,GUWAHATI INTL / LOKPRIYA GOPINATH BORDOLOI INTL,26.1,91.583,15.7,1018.2,83.98
2010-02-07T06:00:00,42410099999,GUWAHATI INTL / LOKPRIYA GOPINATH BORDOLOI INTL,26.1,91.583,24.3,1015.8,50.28
2010-02-07T09:00:00,42410099999,GUWAHATI INTL / LOKPRIYA GOPINATH BORDOLOI INTL,26.1,91.583,26.3,1011.7,33.34
2010-02-07T12:00:00,42410099999,GUWAHATI INTL / LOKPRIYA GOPINATH BORDOLOI INTL,26.1,91.583,20.3,1012.7,55.13
2010-02-07T15:00:00,42410099999,GUWAHATI INTL / LOKPRIYA GOPINATH BORDOLOI INTL,26.1,91.583,15.8,1014.4,80.76
2010-02-07T18:00:00,42410099999,GUWAHATI INTL / LOKPRIYA GOPINATH BORDOLOI INTL,26.1,91.583,13.8,1015.3,86.58
2010-02-07T21:00:00,42410099999,GUWAHATI INTL / LOKPRIYA GOPINATH BORDOLOI INTL,26.1,91.583,13.0,1014.8,90.61
2010-02-08T00:00:00,42410099999,GUWAHATI INTL / LOKPRIYA GOPINATH BORDOLOI INTL,26.1,91.583,11.4,1013.7,94.83
2010-02-08T03:00:00,42410099999,GUWAHATI INTL / LOKPRIYA GOPINATH BORDOLOI INTL,26.1,91.583,17.0,1015.7,78.84
2010-02-08T06:00:00,42410099999,GUWAHATI INTL / LOKPRIYA GOPINATH BORDOLOI INTL,26.1,91.583,24.0,1013.2,49.55
2010-02-08T09:00:00,42410099999,GUWAHATI INTL / LOKPRIYA GOPINATH BORDOLOI INTL,26.1,91.583,26.5,1009.5,41.87
2010-02-08T12:00:00,42410099999,GUWAHATI INTL / LOKPRIYA GOPINATH BORDOLOI INTL,26.1,91.583,21.7,1010.0,66.98
2010-02-08T15:00:00,42410099999,GUWAHATI INTL / LOKPRIYA GOPINATH BORDOLOI INTL,26.1,91.583,19.6,1011.6,72.4
2010-02-08T18:00:00,42410099999,GUWAHATI INTL / LOKPRIYA GOPINATH BORDOLOI INTL,26.1,91.583,17.4,1012.6,79.93
2010-02-08T21:00:00,42410099999,GUWAHATI INTL / LOKPRIYA GOPINATH BORDOLOI INTL,26.1,91.583,14.0,1012.3,90.68
2010-02-09T00:00:00,42410099999,GUWAHATI INTL / LOKPRIYA GOPINATH BORDOLOI INTL,26.1,91.583,13.0,1012.6,90.61
2010-02-09T03:00:00,42410099999,GUWAHATI INTL / LOKPRIYA GOPINATH BORDOLOI INTL,26.1,91.583,17.9,1015.1,78.97
2010-02-09T06:00:00,42410099999,GUWAHATI INTL / LOKPRIYA GOPINATH BORDOLOI INTL,26.1,91.583,24.6,1014.0,53.38
2010-02-09T09:00:00,42410099999,GUWAHATI INTL / LOKPRIYA GOPINATH BORDOLOI INTL,26.1,91.583,27.2,1011.1,36.63
2010-02-09T12:00:00,42410099999,GUWAHATI INTL / LOKPRIYA GOPINATH BORDOLOI INTL,26.1,91.583,23.8,1011.2,57.1
2010-02-09T15:00:00,42410099999,GUWAHATI INTL / LOKPRIYA GOPINATH BORDOLOI INTL,26.1,91.583,18.5,1012.3,81.12
2010-02-09T18:00:00,42410099999,GUWAHATI INTL / LOKPRIYA GOPINATH BORDOLOI INTL,26.1,91.583,17.0,1012.4,83.59
2010-02-09T21:00:00,42410099999,GUWAHATI INTL / LOKPRIYA GOPINATH BORDOLOI INTL,26.1,91.583,14.0,1012.0,93.09
2010-02-10T00:00:00,42410099999,GUWAHATI INTL / LOKPRIYA GOPINATH BORDOLOI INTL,26.1,91.583,14.6,1012.3,88.96
2010-02-10T03:00:00,42410099999,GUWAHATI INTL / LOKPRIYA GOPINATH BORDOLOI INTL,26.1,91.583,17.8,1015.8,79.98
2010-02-10T06:00:00,42410099999,GUWAHATI INTL / LOKPRIYA GOPINATH BORDOLOI INTL,26.1,91.583,25.4,1014.0,47.7
2010-02-10T09:00:00,42410099999,GUWAHATI INTL / LOKPRIYA GOPINATH BORDOLOI INTL,26.1,91.583,27.4,1010.5,37.92
2010-02-10T12:00:00,42410099999,GUWAHATI INTL / LOKPRIYA GOPINATH BORDOLOI INTL,26.1,91.583,22.5,1011.3,64.2
2010-02-10T15:00:00,42410099999,GUWAHATI INTL / LOKPRIYA GOPINATH BORDOLOI INTL,26.1,91.583,18.0,1014.0,78.47
2010-02-10T18:00:00,42410099999,GUWAHATI INTL / LOKPRIYA GOPINATH BORDOLOI INTL,26.1,91.583,16.0,1014.3,89.65
2010-02-10T21:00:00,42410099999,GUWAHATI INTL / LOKPRIYA GOPINATH BORDOLOI INTL,26.1,91.583,14.8,1014.3,91.33
2010-02-11T00:00:00,42410099999,GUWAHATI INTL / LOKPRIYA GOPINATH BORDOLOI INTL,26.1,91.583,12.6,1015.8,95.5
2010-02-11T03:00:00,42410099999,GUWAHATI INTL / LOKPRIYA GOPINATH BORDOLOI INTL,26.1,91.583,19.1,1018.6,73.73
2010-02-11T06:00:00,42410099999,GUWAHATI INTL / LOKPRIYA GOPINATH BORDOLOI INTL,26.1,91.583,26.5,1017.1,49.57
2010-02-11T09:00:00,42410099999,GUWAHATI INTL / LOKPRIYA GOPINATH BORDOLOI INTL,26.1,91.583,28.8,1013.8,29.99
2010-02-11T12:00:00,42410099999,GUWAHATI INTL / LOKPRIYA GOPINATH BORDOLOI INTL,26.1,91.583,23.3,1014.0,56.25
2010-02-11T15:00:00,42410099999,GUWAHATI INTL / LOKPRIYA GOPINATH BORDOLOI INTL,26.1,91.583,18.2,1016.1,80.56
2010-02-11T18:00:00,42410099999,GUWAHATI INTL / LOKPRIYA GOPINATH BORDOLOI INTL,26.1,91.583,15.8,1016.9,85.1
2010-02-11T21:00:00,42410099999,GUWAHATI INTL / LOKPRIYA GOPINATH BORDOLOI INTL,26.1,91.583,14.6,1016.5,91.32
2010-02-12T00:00:00,42410099999,GUWAHATI INTL / LOKPRIYA GOPINATH BORDOLOI INTL,26.1,91.583,13.4,1016.1,95.53
2010-02-12T03:00:00,42410099999,GUWAHATI INTL / LOKPRIYA GOPINATH BORDOLOI INTL,26.1,91.583,18.1,1017.9,81.06
2010-02-12T06:00:00,42410099999,GUWAHATI INTL / LOKPRIYA GOPINATH BORDOLOI INTL,26.1,91.583,25.7,1015.5,49.68
2010-02-12T09:00:00,42410099999,GUWAHATI INTL / LOKPRIYA GOPINATH BORDOLOI INTL,26.1,91.583,28.0,1012.1,40.4
2010-02-12T12:00:00,42410099999,GUWAHATI INTL / LOKPRIYA GOPINATH BORDOLOI INTL,26.1,91.583,22.6,1012.4,70.22
2010-02-12T15:00:00,42410099999,GUWAHATI INTL / LOKPRIYA GOPINATH BORDOLOI INTL,26.1,91.583,19.6,1014.4,72.4
2010-02-12T18:00:00,42410099999,GUWAHATI INTL / LOKPRIYA GOPINATH BORDOLOI INTL,26.1,91.583,18.0,1015.1,76.46
2010-02-12T21:00:00,42410099999,GUWAHATI INTL / LOKPRIYA GOPINATH BORDOLOI INTL,26.1,91.583,16.0,1014.9,89.65
2010-02-13T00:00:00,42410099999,GUWAHATI INTL / LOKPRIYA GOPINATH BORDOLOI INTL,26.1,91.583,15.0,1012.0,86.7
2010-02-13T03:00:00,42410099999,GUWAHATI INTL / LOKPRIYA GOPINATH BORDOLOI INTL,26.1,91.583,21.5,1014.3,55.8
2010-02-13T06:00:00,42410099999,GUWAHATI INTL / LOKPRIYA GOPINATH BORDOLOI INTL,26.1,91.583,25.6,1013.0,41.62
2010-02-13T09:00:00,42410099999,GUWAHATI INTL / LOKPRIYA GOPINATH BORDOLOI INTL,26.1,91.583,28.1,1009.1,37.87
2010-02-13T12:00:00,42410099999,GUWAHATI INTL / LOKPRIYA GOPINATH BORDOLOI INTL,26.1,91.583,22.5,1009.2,58.28
2010-02-13T15:00:00,42410099999,GUWAHATI INTL / LOKPRIYA GOPINATH BORDOLOI INTL,26.1,91.583,19.6,1012.0,66.98
2010-02-13T18:00:00,42410099999,GUWAHATI INTL / LOKPRIYA GOPINATH BORDOLOI INTL,26.1,91.583,18.2,1012.5,76.5
2010-02-13T21:00:00,42410099999,GUWAHATI INTL / LOKPRIYA GOPINATH BORDOLOI INTL,26.1,91.583,16.2,1012.7,89.67
2010-02-14T00:00:00,42410099999,GUWAHATI INTL / LOKPRIYA GOPINATH BORDOLOI INTL,26.1,91.583,14.4,1011.5,93.72
2010-02-14T03:00:00,42410099999,GUWAHATI INTL / LOKPRIYA GOPINATH BORDOLOI INTL,26.1,91.583,19.8,1014.0,76.75
2010-02-14T06:00:00,42410099999,GUWAHATI INTL / LOKPRIYA GOPINATH BORDOLOI INTL,26.1,91.583,24.3,1013.1,54.7
2010-02-14T09:00:00,42410099999,GUWAHATI INTL / LOKPRIYA GOPINATH BORDOLOI INTL,26.1,91.583,26.6,1009.3,37.95
2010-02-14T12:00:00,42410099999,GUWAHATI INTL / LOKPRIYA GOPINATH BORDOLOI INTL,26.1,91.583,22.5,1009.6,51.81
2010-02-14T15:00:00,42410099999,GUWAHATI INTL / LOKPRIYA GOPINATH BORDOLOI INTL,26.1,91.583,17.5,1012.5,78.91
2010-02-14T18:00:00,42410099999,GUWAHATI INTL / LOKPRIYA GOPINATH BORDOLOI INTL,26.1,91.583,16.0,1013.2,89.65
2010-02-14T21:00:00,42410099999,GUWAHATI INTL / LOKPRIYA GOPINATH BORDOLOI INTL,26.1,91.583,15.6,1012.9,91.38
2010-02-15T00:00:00,42410099999,GUWAHATI INTL / LOKPRIYA GOPINATH BORDOLOI INTL,26.1,91.583,12.8,1013.4,93.03
2010-02-15T03:00:00,42410099999,GUWAHATI INTL / LOKPRIYA GOPINATH BORDOLOI INTL,26.1,91.583,17.3,1016.6,82.01
2010-02-15T06:00:00,42410099999,GUWAHATI INTL / LOKPRIYA GOPINATH BORDOLOI INTL,26.1,91.583,23.6,1015.2,53.82
2010-02-15T09:00:00,42410099999,GUWAHATI INTL / LOKPRIYA GOPINATH BORDOLOI INTL,26.1,91.583,25.3,1011.8,44.07
2010-02-15T12:00:00,42410099999,GUWAHATI INTL / LOKPRIYA GOPINATH BORDOLOI INTL,26.1,91.583,22.4,1011.3,56.39
2010-02-15T15:00:00,42410099999,GUWAHATI INTL / LOKPRIYA GOPINATH BORDOLOI INTL,26.1,91.583,16.4,1014.2,85.16
2010-02-15T18:00:00,42410099999,GUWAHATI INTL / LOKPRIYA GOPINATH BORDOLOI INTL,26.1,91.583,15.2,1015.0,91.36
2010-02-15T21:00:00,42410099999,GUWAHATI INTL / LOKPRIYA GOPINATH BORDOLOI INTL,26.1,91.583,13.8,1014.8,93.08
2010-02-16T00:00:00,42410099999,GUWAHATI INTL / LOKPRIYA GOPINATH BORDOLOI INTL,26.1,91.583,13.0,1014.7,95.52
2010-02-16T03:00:00,42410099999,GUWAHATI INTL / LOKPRIYA GOPINATH BORDOLOI INTL,26.1,91.583,17.4,1017.1,79.93
2010-02-16T06:00:00,42410099999,GUWAHATI INTL / LOKPRIYA GOPINATH BORDOLOI INTL,26.1,91.583,25.5,1015.0,48.35
2010-02-16T09:00:00,42410099999,GUWAHATI INTL / LOKPRIYA GOPINATH BORDOLOI INTL,26.1,91.583,27.2,1011.1,33.37
2010-02-16T12:00:00,42410099999,GUWAHATI INTL / LOKPRIYA GOPINATH BORDOLOI INTL,26.1,91.583,23.6,1010.5,49.77
2010-02-16T15:00:00,42410099999,GUWAHATI INTL / LOKPRIYA GOPINATH BORDOLOI INTL,26.1,91.583,17.4,1012.0,82.03
2010-02-16T18:00:00,42410099999,GUWAHATI INTL / LOKPRIYA GOPINATH BORDOLOI INTL,26.1,91.583,16.2,1013.6,85.14
2010-02-16T21:00:00,42410099999,GUWAHATI INTL / LOKPRIYA GOPINATH BORDOLOI INTL,26.1,91.583,14.4,1014.5,90.71
2010-02-17T00:00:00,42410099999,GUWAHATI INTL / LOKPRIYA GOPINATH BORDOLOI INTL,26.1,91.583,16.0,1012.7,81.32
2010-02-17T03:00:00,42410099999,GUWAHATI INTL / LOKPRIYA GOPINATH BORDOLOI INTL,26.1,91.583,19.1,1014.6,75.66
2010-02-17T06:00:00,42410099999,GUWAHATI INTL / LOKPRIYA GOPINATH BORDOLOI INTL,26.1,91.583,27.4,1013.4,41.57
2010-02-17T09:00:00,42410099999,GUWAHATI INTL / LOKPRIYA GOPINATH BORDOLOI INTL,26.1,91.583,28.8,1008.3,39.84
2010-02-17T12:00:00,42410099999,GUWAHATI INTL / LOKPRIYA GOPINATH BORDOLOI INTL,26.1,91.583,24.1,1007.8,64.14
2010-02-17T15:00:00,42410099999,GUWAHATI INTL / LOKPRIYA GOPINATH BORDOLOI INTL,26.1,91.583,18.5,1010.0,92.73
2010-02-17T18:00:00,42410099999,GUWAHATI INTL / LOKPRIYA GOPINATH BORDOLOI INTL,26.1,91.583,18.0,1011.4,88.1
2010-02-17T21:00:00,42410099999,GUWAHATI INTL / LOKPRIYA GOPINATH BORDOLOI INTL,26.1,91.583,17.0,1012.3,91.47
2010-02-18T00:00:00,42410099999,GUWAHATI INTL / LOKPRIYA GOPINATH BORDOLOI INTL,26.1,91.583,17.4,1009.6,72.47
2010-02-18T03:00:00,42410099999,GUWAHATI INTL / LOKPRIYA GOPINATH BORDOLOI INTL,26.1,91.583,23.0,1012.9,42.86
2010-02-18T06:00:00,42410099999,GUWAHATI INTL / LOKPRIYA GOPINATH BORDOLOI INTL,26.1,91.583,27.2,1011.9,20.16
2010-02-18T09:00:00,42410099999,GUWAHATI INTL / LOKPRIYA GOPINATH BORDOLOI INTL,26.1,91.583,27.3,1009.4,21.21
2010-02-18T12:00:00,42410099999,GUWAHATI INTL / LOKPRIYA GOPINATH BORDOLOI INTL,26.1,91.583,23.4,1011.3,33.89
2010-02-18T15:00:00,42410099999,GUWAHATI INTL / LOKPRIYA GOPINATH BORDOLOI INTL,26.1,91.583,16.8,1014.4,65.95
2010-02-18T18:00:00,42410099999,GUWAHATI INTL / LOKPRIYA GOPINATH BORDOLOI INTL,26.1,91.583,14.8,1015.5,73.95
2010-02-18T21:00:00,42410099999,GUWAHATI INTL / LOKPRIYA GOPINATH BORDOLOI INTL,26.1,91.583,14.2,1014.9,82.16
2010-02-19T00:00:00,42410099999,GUWAHATI INTL / LOKPRIYA GOPINATH BORDOLOI INTL,26.1,91.583,12.2,1015.9,88.17
2010-02-19T03:00:00,42410099999,GUWAHATI INTL / LOKPRIYA GOPINATH BORDOLOI INTL,26.1,91.583,18.8,1017.5,53.65
2010-02-19T06:00:00,42410099999,GUWAHATI INTL / LOKPRIYA GOPINATH BORDOLOI INTL,26.1,91.583,26.0,1015.4,33.48
2010-02-19T09:00:00,42410099999,GUWAHATI INTL / LOKPRIYA GOPINATH BORDOLOI INTL,26.1,91.583,26.5,1011.7,28.37
2010-02-19T12:00:00,42410099999,GUWAHATI INTL / LOKPRIYA GOPINATH BORDOLOI INTL,26.1,91.583,21.8,1012.3,51.29
2010-02-20T03:00:00,42410099999,GUWAHATI INTL / LOKPRIYA GOPINATH BORDOLOI INTL,26.1,91.583,18.5,1017.6,62.48
2010-02-20T06:00:00,42410099999,GUWAHATI INTL / LOKPRIYA GOPINATH BORDOLOI INTL,26.1,91.583,25.3,1015.1,38.35
2010-02-20T09:00:00,42410099999,GUWAHATI INTL / LOKPRIYA GOPINATH BORDOLOI INTL,26.1,91.583,27.0,1011.2,30.93
2010-02-20T12:00:00,42410099999,GUWAHATI INTL / LOKPRIYA GOPINATH BORDOLOI INTL,26.1,91.583,22.8,1011.9,50.88
2010-02-20T15:00:00,42410099999,GUWAHATI INTL / LOKPRIYA GOPINATH BORDOLOI INTL,26.1,91.583,15.0,1015.0,85.01
2010-02-20T18:00:00,42410099999,GUWAHATI INTL / LOKPRIYA GOPINATH BORDOLOI INTL,26.1,91.583,14.2,1014.7,88.93
2010-02-20T21:00:00,42410099999,GUWAHATI INTL / LOKPRIYA GOPINATH BORDOLOI INTL,26.1,91.583,14.2,1014.7,88.93
2010-02-21T00:00:00,42410099999,GUWAHATI INTL / LOKPRIYA GOPINATH BORDOLOI INTL,26.1,91.583,13.2,1013.9,85.95
2010-02-21T03:00:00,42410099999,GUWAHATI INTL / LOKPRIYA GOPINATH BORDOLOI INTL,26.1,91.583,18.4,1016.9,74.57
2010-02-21T06:00:00,42410099999,GUWAHATI INTL / LOKPRIYA GOPINATH BORDOLOI INTL,26.1,91.583,25.5,1015.1,42.7
2010-02-21T09:00:00,42410099999,GUWAHATI INTL / LOKPRIYA GOPINATH BORDOLOI INTL,26.1,91.583,27.2,1011.7,38.12
2010-02-21T12:00:00,42410099999,GUWAHATI INTL / LOKPRIYA GOPINATH BORDOLOI INTL,26.1,91.583,24.0,1012.5,62.91
2010-02-21T15:00:00,42410099999,GUWAHATI INTL / LOKPRIYA GOPINATH BORDOLOI INTL,26.1,91.583,19.6,1014.9,79.21
2010-02-21T18:00:00,42410099999,GUWAHATI INTL / LOKPRIYA GOPINATH BORDOLOI INTL,26.1,91.583,17.4,1015.3,85.82
2010-02-21T21:00:00,42410099999,GUWAHATI INTL / LOKPRIYA GOPINATH BORDOLOI INTL,26.1,91.583,16.0,1014.7,89.65
2010-02-22T00:00:00,42410099999,GUWAHATI INTL / LOKPRIYA GOPINATH BORDOLOI INTL,26.1,91.583,15.4,1015.4,87.3
2010-02-22T03:00:00,42410099999,GUWAHATI INTL / LOKPRIYA GOPINATH BORDOLOI INTL,26.1,91.583,18.9,1017.5,75.62
2010-02-22T06:00:00,42410099999,GUWAHATI INTL / LOKPRIYA GOPINATH BORDOLOI INTL,26.1,91.583,24.8,1015.2,53.09
2010-02-22T09:00:00,42410099999,GUWAHATI INTL / LOKPRIYA GOPINATH BORDOLOI INTL,26.1,91.583,27.1,1011.1,43.99
2010-02-22T12:00:00,42410099999,GUWAHATI INTL / LOKPRIYA GOPINATH BORDOLOI INTL,26.1,91.583,22.9,1010.7,67.65
2010-02-22T15:00:00,42410099999,GUWAHATI INTL / LOKPRIYA GOPINATH BORDOLOI INTL,26.1,91.583,19.5,1012.3,79.71
2010-02-22T18:00:00,42410099999,GUWAHATI INTL / LOKPRIYA GOPINATH BORDOLOI INTL,26.1,91.583,18.2,1012.3,80.56
2010-02-22T21:00:00,42410099999,GUWAHATI INTL / LOKPRIYA GOPINATH BORDOLOI INTL,26.1,91.583,17.8,1012.2,82.08
2010-02-23T00:00:00,42410099999,GUWAHATI INTL / LOKPRIYA GOPINATH BORDOLOI INTL,26.1,91.583,16.0,1011.1,89.65
2010-02-23T03:00:00,42410099999,GUWAHATI INTL / LOKPRIYA GOPINATH BORDOLOI INTL,26.1,91.583,19.2,1013.2,80.69
2010-02-23T06:00:00,42410099999,GUWAHATI INTL / LOKPRIYA GOPINATH BORDOLOI INTL,26.1,91.583,26.2,1011.1,51.43
2010-02-23T09:00:00,42410099999,GUWAHATI INTL / LOKPRIYA GOPINATH BORDOLOI INTL,26.1,91.583,28.0,1007.7,44.81
2010-02-23T12:00:00,42410099999,GUWAHATI INTL / LOKPRIYA GOPINATH BORDOLOI INTL,26.1,91.583,23.4,1008.0,68.18
2010-02-23T15:00:00,42410099999,GUWAHATI INTL / LOKPRIYA GOPINATH BORDOLOI INTL,26.1,91.583,20.6,1010.4,76.38
2010-02-23T18:00:00,42410099999,GUWAHATI INTL / LOKPRIYA GOPINATH BORDOLOI INTL,26.1,91.583,18.8,1011.6,80.64
2010-02-23T21:00:00,42410099999,GUWAHATI INTL / LOKPRIYA GOPINATH BORDOLOI INTL,26.1,91.583,17.2,1011.0,87.47
2010-02-24T00:00:00,42410099999,GUWAHATI INTL / LOKPRIYA GOPINATH BORDOLOI INTL,26.1,91.583,14.0,1008.5,93.09
2010-02-24T03:00:00,42410099999,GUWAHATI INTL / LOKPRIYA GOPINATH BORDOLOI INTL,26.1,91.583,20.6,1009.7,70.74
2010-02-24T06:00:00,42410099999,GUWAHATI INTL / LOKPRIYA GOPINATH BORDOLOI INTL,26.1,91.583,27.1,1008.2,47.54
2010-02-24T09:00:00,42410099999,GUWAHATI INTL / LOKPRIYA GOPINATH BORDOLOI INTL,26.1,91.583,29.2,1004.9,35.53
2010-02-24T12:00:00,42410099999,GUWAHATI INTL / LOKPRIYA GOPINATH BORDOLOI INTL,26.1,91.583,26.7,1005.5,39.78
2010-02-24T15:00:00,42410099999,GUWAHATI INTL / LOKPRIYA GOPINATH BORDOLOI INTL,26.1,91.583,20.4,1008.3,64.16
2010-02-24T18:00:00,42410099999,GUWAHATI INTL / LOKPRIYA GOPINATH BORDOLOI INTL,26.1,91.583,19.4,1009.1,68.7
2010-02-24T21:00:00,42410099999,GUWAHATI INTL / LOKPRIYA GOPINATH BORDOLOI INTL,26.1,91.583,18.0,1009.0,72.58
2010-02-25T00:00:00,42410099999,GUWAHATI INTL / LOKPRIYA GOPINATH BORDOLOI INTL,26.1,91.583,15.4,1010.2,87.3
2010-02-25T03:00:00,42410099999,GUWAHATI INTL / LOKPRIYA GOPINATH BORDOLOI INTL,26.1,91.583,21.0,1012.9,69.91
2010-02-25T06:00:00,42410099999,GUWAHATI INTL / LOKPRIYA GOPINATH BORDOLOI INTL,26.1,91.583,25.7,1011.4,53.32
2010-02-25T09:00:00,42410099999,GUWAHATI INTL / LOKPRIYA GOPINATH BORDOLOI INTL,26.1,91.583,28.5,1007.9,49.78
2010-02-25T12:00:00,42410099999,GUWAHATI INTL / LOKPRIYA GOPINATH BORDOLOI INTL,26.1,91.583,26.4,1008.3,52.82
2010-02-25T15:00:00,42410099999,GUWAHATI INTL / LOKPRIYA GOPINATH BORDOLOI INTL,26.1,91.583,21.0,1011.8,87.26
2010-02-25T18:00:00,42410099999,GUWAHATI INTL / LOKPRIYA GOPINATH BORDOLOI INTL,26.1,91.583,19.6,1012.3,86.58
2010-02-25T21:00:00,42410099999,GUWAHATI INTL / LOKPRIYA GOPINATH BORDOLOI INTL,26.1,91.583,18.0,1011.0,88.1
2010-02-26T00:00:00,42410099999,GUWAHATI INTL / LOKPRIYA GOPINATH BORDOLOI INTL,26.1,91.583,17.2,1012.1,89.74
2010-02-26T03:00:00,42410099999,GUWAHATI INTL / LOKPRIYA GOPINATH BORDOLOI INTL,26.1,91.583,20.0,1015.4,79.77
2010-02-26T06:00:00,42410099999,GUWAHATI INTL / LOKPRIYA GOPINATH BORDOLOI INTL,26.1,91.583,26.0,1014.1,55.13
2010-02-26T09:00:00,42410099999,GUWAHATI INTL / LOKPRIYA GOPINATH BORDOLOI INTL,26.1,91.583,29.2,1010.1,35.76
2010-02-26T12:00:00,42410099999,GUWAHATI INTL / LOKPRIYA GOPINATH BORDOLOI INTL,26.1,91.583,25.5,1009.8,49.95
2010-02-26T15:00:00,42410099999,GUWAHATI INTL / LOKPRIYA GOPINATH BORDOLOI INTL,26.1,91.583,19.2,1012.4,79.15
2010-02-26T18:00:00,42410099999,GUWAHATI INTL / LOKPRIYA GOPINATH BORDOLOI INTL,26.1,91.583,18.8,1013.1,82.73
2010-02-26T21:00:00,42410099999,GUWAHATI INTL / LOKPRIYA GOPINATH BORDOLOI INTL,26.1,91.583,18.2,1012.9,88.12
2010-02-27T00:00:00,42410099999,GUWAHATI INTL / LOKPRIYA GOPINATH BORDOLOI INTL,26.1,91.583,14.8,1011.7,91.33
2010-02-27T03:00:00,42410099999,GUWAHATI INTL / LOKPRIYA GOPINATH BORDOLOI INTL,26.1,91.583,21.3,1013.8,69.08
2010-02-27T06:00:00,42410099999,GUWAHATI INTL / LOKPRIYA GOPINATH BORDOLOI INTL,26.1,91.583,27.1,1012.1,45.44
2010-02-27T09:00:00,42410099999,GUWAHATI INTL / LOKPRIYA GOPINATH BORDOLOI INTL,26.1,91.583,30.4,1008.1,34.26
2010-02-27T12:00:00,42410099999,GUWAHATI INTL / LOKPRIYA GOPINATH BORDOLOI INTL,26.1,91.583,25.0,1008.1,56.3
2010-02-27T15:00:00,42410099999,GUWAHATI INTL / LOKPRIYA GOPINATH BORDOLOI INTL,26.1,91.583,21.4,1010.3,81.49
2010-02-27T18:00:00,42410099999,GUWAHATI INTL / LOKPRIYA GOPINATH BORDOLOI INTL,26.1,91.583,19.8,1011.2,82.85
2010-02-27T21:00:00,42410099999,GUWAHATI INTL / LOKPRIYA GOPINATH BORDOLOI INTL,26.1,91.583,18.6,1010.9,90.42
2010-02-28T00:00:00,42410099999,GUWAHATI INTL / LOKPRIYA GOPINATH BORDOLOI INTL,26.1,91.583,18.0,1011.0,89.8
2010-02-28T03:00:00,42410099999,GUWAHATI INTL / LOKPRIYA GOPINATH BORDOLOI INTL,26.1,91.583,20.8,1013.8,85.61
2010-02-28T06:00:00,42410099999,GUWAHATI INTL / LOKPRIYA GOPINATH BORDOLOI INTL,26.1,91.583,23.4,1013.3,73.99
2010-02-28T09:00:00,42410099999,GUWAHATI INTL / LOKPRIYA GOPINATH BORDOLOI INTL,26.1,91.583,25.9,1009.9,60.22
2010-02-28T12:00:00,42410099999,GUWAHATI INTL / LOKPRIYA GOPINATH BORDOLOI INTL,26.1,91.583,23.4,1010.7,68.18
2010-02-28T15:00:00,42410099999,GUWAHATI INTL / LOKPRIYA GOPINATH BORDOLOI INTL,26.1,91.583,22.4,1012.1,72.44
2010-02-28T18:00:00,42410099999,GUWAHATI INTL / LOKPRIYA GOPINATH BORDOLOI INTL,26.1,91.583,20.0,1013.4,81.31
2010-02-28T21:00:00,42410099999,GUWAHATI INTL / LOKPRIYA GOPINATH BORDOLOI INTL,26.1,91.583,18.2,1013.1,93.89
2010-03-01T00:00:00,42410099999,GUWAHATI INTL / LOKPRIYA GOPINATH BORDOLOI INTL,26.1,91.583,17.0,1010.0,93.84
2010-03-01T03:00:00,42410099999,GUWAHATI INTL / LOKPRIYA GOPINATH BORDOLOI INTL,26.1,91.583,21.3,1014.5,79.45
2010-03-01T06:00:00,42410099999,GUWAHATI INTL / LOKPRIYA GOPINATH BORDOLOI INTL,26.1,91.583,26.5,1013.1,58.86
2010-03-01T09:00:00,42410099999,GUWAHATI INTL / LOKPRIYA GOPINATH BORDOLOI INTL,26.1,91.583,27.0,1009.9,53.99
2010-03-01T12:00:00,42410099999,GUWAHATI INTL / LOKPRIYA GOPINATH BORDOLOI INTL,26.1,91.583,24.4,1009.3,64.2
2010-03-01T15:00:00,42410099999,GUWAHATI INTL / LOKPRIYA GOPINATH BORDOLOI INTL,26.1,91.583,23.4,,69.92
2010-03-01T18:00:00,42410099999,GUWAHATI INTL / LOKPRIYA GOPINATH BORDOLOI INTL,26.1,91.583,20.2,1011.7,81.34
2010-03-01T21:00:00,42410099999,GUWAHATI INTL / LOKPRIYA GOPINATH BORDOLOI INTL,26.1,91.583,18.4,1012.7,85.92
2010-03-02T00:00:00,42410099999,GUWAHATI INTL / LOKPRIYA GOPINATH BORDOLOI INTL,26.1,91.583,19.0,1009.8,88.19
2010-03-02T03:00:00,42410099999,GUWAHATI INTL / LOKPRIYA GOPINATH BORDOLOI INTL,26.1,91.583,20.7,1011.0,82.43
2010-03-02T06:00:00,42410099999,GUWAHATI INTL / LOKPRIYA GOPINATH BORDOLOI INTL,26.1,91.583,24.1,1009.7,71.39
2010-03-02T09:00:00,42410099999,GUWAHATI INTL / LOKPRIYA GOPINATH BORDOLOI INTL,26.1,91.583,25.2,1006.2,64.78
2010-03-02T12:00:00,42410099999,GUWAHATI INTL / LOKPRIYA GOPINATH BORDOLOI INTL,26.1,91.583,22.6,1006.4,76.7
2010-03-02T15:00:00,42410099999,GUWAHATI INTL / LOKPRIYA GOPINATH BORDOLOI INTL,26.1,91.583,20.0,1007.4,91.66
2010-03-02T18:00:00,42410099999,GUWAHATI INTL / LOKPRIYA GOPINATH BORDOLOI INTL,26.1,91.583,18.8,1006.5,92.16
2010-03-02T21:00:00,42410099999,GUWAHATI INTL / LOKPRIYA GOPINATH BORDOLOI INTL,26.1,91.583,18.6,1006.4,93.91
2010-03-03T00:00:00,42410099999,GUWAHATI INTL / LOKPRIYA GOPINATH BORDOLOI INTL,26.1,91.583,17.4,1006.3,95.66
2010-03-03T03:00:00,42410099999,GUWAHATI INTL / LOKPRIYA GOPINATH BORDOLOI INTL,26.1,91.583,20.3,1008.7,87.74
2010-03-03T06:00:00,42410099999,GUWAHATI INTL / LOKPRIYA GOPINATH BORDOLOI INTL,26.1,91.583,25.1,1007.8,64.76
2010-03-03T09:00:00,42410099999,GUWAHATI INTL / LOKPRIYA GOPINATH BORDOLOI INTL,26.1,91.583,27.0,1006.2,56.08
2010-03-03T12:00:00,42410099999,GUWAHATI INTL / LOKPRIYA GOPINATH BORDOLOI INTL,26.1,91.583,25.9,1005.5,63.72
2010-03-03T15:00:00,42410099999,GUWAHATI INTL / LOKPRIYA GOPINATH BORDOLOI INTL,26.1,91.583,23.8,1007.8,71.78
2010-03-03T18:00:00,42410099999,GUWAHATI INTL / LOKPRIYA GOPINATH BORDOLOI INTL,26.1,91.583,21.4,1007.0,78.47
2010-03-03T21:00:00,42410099999,GUWAHATI INTL / LOKPRIYA GOPINATH BORDOLOI INTL,26.1,91.583,19.8,1007.8,84.97
2010-03-04T00:00:00,42410099999,GUWAHATI INTL / LOKPRIYA GOPINATH BORDOLOI INTL,26.1,91.583,17.4,1008.2,89.76
2010-03-04T03:00:00,42410099999,GUWAHATI INTL / LOKPRIYA GOPINATH BORDOLOI INTL,26.1,91.583,20.0,1009.3,86.07
2010-03-04T06:00:00,42410099999,GUWAHATI INTL / LOKPRIYA GOPINATH BORDOLOI INTL,26.1,91.583,26.0,1007.8,63.74
2010-03-04T09:00:00,42410099999,GUWAHATI INTL / LOKPRIYA GOPINATH BORDOLOI INTL,26.1,91.583,30.0,1004.1,45.64
2010-03-04T12:00:00,42410099999,GUWAHATI INTL / LOKPRIYA GOPINATH BORDOLOI INTL,26.1,91.583,26.7,1004.8,58.9
2010-03-04T15:00:00,42410099999,GUWAHATI INTL / LOKPRIYA GOPINATH BORDOLOI INTL,26.1,91.583,20.8,1007.6,83.49
2010-03-04T18:00:00,42410099999,GUWAHATI INTL / LOKPRIYA GOPINATH BORDOLOI INTL,26.1,91.583,19.4,1007.1,84.93
2010-03-04T21:00:00,42410099999,GUWAHATI INTL / LOKPRIYA GOPINATH BORDOLOI INTL,26.1,91.583,19.0,1007.7,88.19
2010-03-05T00:00:00,42410099999,GUWAHATI INTL / LOKPRIYA GOPINATH BORDOLOI INTL,26.1,91.583,17.0,1007.0,93.84
2010-03-05T03:00:00,42410099999,GUWAHATI INTL / LOKPRIYA GOPINATH BORDOLOI INTL,26.1,91.583,21.1,1008.3,74.54
2010-03-05T06:00:00,42410099999,GUWAHATI INTL / LOKPRIYA GOPINATH BORDOLOI INTL,26.1,91.583,27.2,1006.6,54.38
2010-03-05T09:00:00,42410099999,GUWAHATI INTL / LOKPRIYA GOPINATH BORDOLOI INTL,26.1,91.583,29.8,1003.1,41.16
2010-03-05T12:00:00,42410099999,GUWAHATI INTL / LOKPRIYA GOPINATH BORDOLOI INTL,26.1,91.583,28.0,1002.5,56.32
2010-03-05T15:00:00,42410099999,GUWAHATI INTL / LOKPRIYA GOPINATH BORDOLOI INTL,26.1,91.583,24.0,1005.4,73.63
2010-03-05T18:00:00,42410099999,GUWAHATI INTL / LOKPRIYA GOPINATH BORDOLOI INTL,26.1,91.583,22.2,1005.0,80.58
2010-03-05T21:00:00,42410099999,GUWAHATI INTL / LOKPRIYA GOPINATH BORDOLOI INTL,26.1,91.583,20.4,1006.1,83.44
2010-03-06T00:00:00,42410099999,GUWAHATI INTL / LOKPRIYA GOPINATH BORDOLOI INTL,26.1,91.583,20.0,1005.6,81.31
2010-03-06T03:00:00,42410099999,GUWAHATI INTL / LOKPRIYA GOPINATH BORDOLOI INTL,26.1,91.583,24.5,1009.1,67.97
2010-03-06T06:00:00,42410099999,GUWAHATI INTL / LOKPRIYA GOPINATH BORDOLOI INTL,26.1,91.583,30.6,1007.7,44.1
2010-03-06T09:00:00,42410099999,GUWAHATI INTL / LOKPRIYA GOPINATH BORDOLOI INTL,26.1,91.583,33.8,1005.0,18.91
2010-03-06T12:00:00,42410099999,GUWAHATI INTL / LOKPRIYA GOPINATH BORDOLOI INTL,26.1,91.583,29.1,1006.2,33.01
2010-03-06T15:00:00,42410099999,GUWAHATI INTL / LOKPRIYA GOPINATH BORDOLOI INTL,26.1,91.583,24.7,1009.6,51.04
2010-03-06T18:00:00,42410099999,GUWAHATI INTL / LOKPRIYA GOPINATH BORDOLOI INTL,26.1,91.583,21.8,1010.1,68.73
2010-03-06T21:00:00,42410099999,GUWAHATI INTL / LOKPRIYA GOPINATH BORDOLOI INTL,26.1,91.583,20.2,1010.0,83.42
2010-03-07T00:00:00,42410099999,GUWAHATI INTL / LOKPRIYA GOPINATH BORDOLOI INTL,26.1,91.583,18.2,1009.6,71.21
2010-03-07T03:00:00,42410099999,GUWAHATI INTL / LOKPRIYA GOPINATH BORDOLOI INTL,26.1,91.583,25.1,1011.9,50.82
2010-03-07T06:00:00,42410099999,GUWAHATI INTL / LOKPRIYA GOPINATH BORDOLOI INTL,26.1,91.583,30.3,1009.8,27.51
2010-03-07T09:00:00,42410099999,GUWAHATI INTL / LOKPRIYA GOPINATH BORDOLOI INTL,26.1,91.583,30.9,1006.7,30.37
2010-03-07T12:00:00,42410099999,GUWAHATI INTL / LOKPRIYA GOPINATH BORDOLOI INTL,26.1,91.583,29.4,1006.3,35.12
2010-03-07T15:00:00,42410099999,GUWAHATI INTL / LOKPRIYA GOPINATH BORDOLOI INTL,26.1,91.583,24.0,1009.6,48.58
2010-03-07T18:00:00,42410099999,GUWAHATI INTL / LOKPRIYA GOPINATH BORDOLOI INTL,26.1,91.583,21.6,1010.5,59.21
2010-03-07T21:00:00,42410099999,GUWAHATI INTL / LOKPRIYA GOPINATH BORDOLOI INTL,26.1,91.583,20.4,1010.5,67.58
2010-03-08T00:00:00,42410099999,GUWAHATI INTL / LOKPRIYA GOPINATH BORDOLOI INTL,26.1,91.583,16.4,1010.0,89.68
2010-03-08T03:00:00,42410099999,GUWAHATI INTL / LOKPRIYA GOPINATH BORDOLOI INTL,26.1,91.583,25.0,1013.5,52.46
2010-03-08T06:00:00,42410099999,GUWAHATI INTL / LOKPRIYA GOPINATH BORDOLOI INTL,26.1,91.583,30.0,1012.3,36.93
2010-03-08T09:00:00,42410099999,GUWAHATI INTL / LOKPRIYA GOPINATH BORDOLOI INTL,26.1,91.583,32.8,1008.4,28.74
2010-03-08T12:00:00,42410099999,GUWAHATI INTL / LOKPRIYA GOPINATH BORDOLOI INTL,26.1,91.583,29.8,1008.9,39.86
2010-03-08T15:00:00,42410099999,GUWAHATI INTL / LOKPRIYA GOPINATH BORDOLOI INTL,26.1,91.583,22.0,1013.2,71.91
2010-03-08T18:00:00,42410099999,GUWAHATI INTL / LOKPRIYA GOPINATH BORDOLOI INTL,26.1,91.583,20.2,1013.8,76.32
2010-03-08T21:00:00,42410099999,GUWAHATI INTL / LOKPRIYA GOPINATH BORDOLOI INTL,26.1,91.583,19.0,1012.3,79.13
2010-03-09T00:00:00,42410099999,GUWAHATI INTL / LOKPRIYA GOPINATH BORDOLOI INTL,26.1,91.583,15.4,1014.4,95.6
2010-03-09T03:00:00,42410099999,GUWAHATI INTL / LOKPRIYA GOPINATH BORDOLOI INTL,26.1,91.583,22.4,1016.3,59.02
2010-03-09T06:00:00,42410099999,GUWAHATI INTL / LOKPRIYA GOPINATH BORDOLOI INTL,26.1,91.583,29.4,1015.0,32.88
2010-03-09T09:00:00,42410099999,GUWAHATI INTL / LOKPRIYA GOPINATH BORDOLOI INTL,26.1,91.583,31.4,1011.4,31.32
2010-03-09T12:00:00,42410099999,GUWAHATI INTL / LOKPRIYA GOPINATH BORDOLOI INTL,26.1,91.583,27.9,1011.3,37.57
2010-03-09T15:00:00,42410099999,GUWAHATI INTL / LOKPRIYA GOPINATH BORDOLOI INTL,26.1,91.583,20.8,1014.3,73.08
2010-03-09T18:00:00,42410099999,GUWAHATI INTL / LOKPRIYA GOPINATH BORDOLOI INTL,26.1,91.583,19.2,1014.9,77.15
2010-03-09T21:00:00,42410099999,GUWAHATI INTL / LOKPRIYA GOPINATH BORDOLOI INTL,26.1,91.583,18.0,1014.0,84.24
2010-03-10T03:00:00,42410099999,GUWAHATI INTL / LOKPRIYA GOPINATH BORDOLOI INTL,26.1,91.583,22.1,1017.6,63.7
2010-03-10T06:00:00,42410099999,GUWAHATI INTL / LOKPRIYA GOPINATH BORDOLOI INTL,26.1,91.583,29.8,1015.2,31.5
2010-03-10T09:00:00,42410099999,GUWAHATI INTL / LOKPRIYA GOPINATH BORDOLOI INTL,26.1,91.583,32.0,1010.8,28.72
2010-03-10T12:00:00,42410099999,GUWAHATI INTL / LOKPRIYA GOPINATH BORDOLOI INTL,26.1,91.583,27.0,1010.8,49.7
2010-03-10T15:00:00,42410099999,GUWAHATI INTL / LOKPRIYA GOPINATH BORDOLOI INTL,26.1,91.583,21.0,1013.6,69.91
2010-03-10T18:00:00,42410099999,GUWAHATI INTL / LOKPRIYA GOPINATH BORDOLOI INTL,26.1,91.583,20.6,1014.3,73.04
2010-03-10T21:00:00,42410099999,GUWAHATI INTL / LOKPRIYA GOPINATH BORDOLOI INTL,26.1,91.583,18.6,1014.1,88.15
2010-03-11T00:00:00,42410099999,GUWAHATI INTL / LOKPRIYA GOPINATH BORDOLOI INTL,26.1,91.583,17.0,1015.6,71.93
2010-03-11T03:00:00,42410099999,GUWAHATI INTL / LOKPRIYA GOPINATH BORDOLOI INTL,26.1,91.583,22.5,1018.2,62.97
2010-03-11T06:00:00,42410099999,GUWAHATI INTL / LOKPRIYA GOPINATH BORDOLOI INTL,26.1,91.583,30.6,1015.8,30.69
2010-03-11T09:00:00,42410099999,GUWAHATI INTL / LOKPRIYA GOPINATH BORDOLOI INTL,26.1,91.583,32.0,1013.0,28.72
2010-03-11T12:00:00,42410099999,GUWAHATI INTL / LOKPRIYA GOPINATH BORDOLOI INTL,26.1,91.583,27.0,1012.1,43.4
2010-03-11T15:00:00,42410099999,GUWAHATI INTL / LOKPRIYA GOPINATH BORDOLOI INTL,26.1,91.583,21.2,1015.2,68.18
2010-03-11T18:00:00,42410099999,GUWAHATI INTL / LOKPRIYA GOPINATH BORDOLOI INTL,26.1,91.583,20.0,1016.1,72.47
2010-03-11T21:00:00,42410099999,GUWAHATI INTL / LOKPRIYA GOPINATH BORDOLOI INTL,26.1,91.583,18.2,1015.9,78.5
2010-03-12T00:00:00,42410099999,GUWAHATI INTL / LOKPRIYA GOPINATH BORDOLOI INTL,26.1,91.583,17.6,1015.2,79.96
2010-03-12T03:00:00,42410099999,GUWAHATI INTL / LOKPRIYA GOPINATH BORDOLOI INTL,26.1,91.583,25.4,1017.1,50.24
2010-03-12T06:00:00,42410099999,GUWAHATI INTL / LOKPRIYA GOPINATH BORDOLOI INTL,26.1,91.583,31.4,1014.2,25.83
2010-03-12T09:00:00,42410099999,GUWAHATI INTL / LOKPRIYA GOPINATH BORDOLOI INTL,26.1,91.583,32.8,1010.5,22.46
2010-03-12T12:00:00,42410099999,GUWAHATI INTL / LOKPRIYA GOPINATH BORDOLOI INTL,26.1,91.583,28.2,1010.8,30.23
2010-03-12T15:00:00,42410099999,GUWAHATI INTL / LOKPRIYA GOPINATH BORDOLOI INTL,26.1,91.583,23.4,1013.2,60.79
2010-03-12T18:00:00,42410099999,GUWAHATI INTL / LOKPRIYA GOPINATH BORDOLOI INTL,26.1,91.583,21.0,1013.9,71.73
2010-03-12T21:00:00,42410099999,GUWAHATI INTL / LOKPRIYA GOPINATH BORDOLOI INTL,26.1,91.583,18.6,1013.9,77.06
2010-03-13T00:00:00,42410099999,GUWAHATI INTL / LOKPRIYA GOPINATH BORDOLOI INTL,26.1,91.583,18.0,1013.1,69.33
2010-03-13T03:00:00,42410099999,GUWAHATI INTL / LOKPRIYA GOPINATH BORDOLOI INTL,26.1,91.583,23.0,1015.3,52.97
2010-03-13T06:00:00,42410099999,GUWAHATI INTL / LOKPRIYA GOPINATH BORDOLOI INTL,26.1,91.583,30.4,1012.9,25.39
2010-03-13T09:00:00,42410099999,GUWAHATI INTL / LOKPRIYA GOPINATH BORDOLOI INTL,26.1,91.583,31.2,1009.2,27.57
2010-03-13T12:00:00,42410099999,GUWAHATI INTL / LOKPRIYA GOPINATH BORDOLOI INTL,26.1,91.583,27.8,1008.6,38.54
2010-03-13T15:00:00,42410099999,GUWAHATI INTL / LOKPRIYA GOPINATH BORDOLOI INTL,26.1,91.583,19.2,1008.9,75.67
2010-03-13T18:00:00,42410099999,GUWAHATI INTL / LOKPRIYA GOPINATH BORDOLOI INTL,26.1,91.583,18.8,1012.5,75.12
2010-03-13T21:00:00,42410099999,GUWAHATI INTL / LOKPRIYA GOPINATH BORDOLOI INTL,26.1,91.583,18.0,1013.0,80.53
2010-03-14T00:00:00,42410099999,GUWAHATI INTL / LOKPRIYA GOPINATH BORDOLOI INTL,26.1,91.583,15.4,1009.8,85.05
2010-03-14T03:00:00,42410099999,GUWAHATI INTL / LOKPRIYA GOPINATH BORDOLOI INTL,26.1,91.583,21.8,1011.0,64.05
2010-03-14T06:00:00,42410099999,GUWAHATI INTL / LOKPRIYA GOPINATH BORDOLOI INTL,26.1,91.583,29.0,1010.1,37.87
2010-03-14T09:00:00,42410099999,GUWAHATI INTL / LOKPRIYA GOPINATH BORDOLOI INTL,26.1,91.583,30.6,1007.7,31.1
2010-03-14T12:00:00,42410099999,GUWAHATI INTL / LOKPRIYA GOPINATH BORDOLOI INTL,26.1,91.583,28.0,1008.1,42.28
2010-03-14T15:00:00,42410099999,GUWAHATI INTL / LOKPRIYA GOPINATH BORDOLOI INTL,26.1,91.583,22.2,1011.1,72.4
2010-03-14T18:00:00,42410099999,GUWAHATI INTL / LOKPRIYA GOPINATH BORDOLOI INTL,26.1,91.583,21.2,1011.3,78.44
2010-03-14T21:00:00,42410099999,GUWAHATI INTL / LOKPRIYA GOPINATH BORDOLOI INTL,26.1,91.583,20.6,1011.0,83.47
2010-03-15T00:00:00,42410099999,GUWAHATI INTL / LOKPRIYA GOPINATH BORDOLOI INTL,26.1,91.583,17.2,1010.0,91.48
2010-03-15T03:00:00,42410099999,GUWAHATI INTL / LOKPRIYA GOPINATH BORDOLOI INTL,26.1,91.583,22.6,1012.3,68.02
2010-03-15T06:00:00,42410099999,GUWAHATI INTL / LOKPRIYA GOPINATH BORDOLOI INTL,26.1,91.583,17.4,1011.2,78.39
2010-03-15T09:00:00,42410099999,GUWAHATI INTL / LOKPRIYA GOPINATH BORDOLOI INTL,26.1,91.583,25.8,1007.7,65.72
2010-03-15T12:00:00,42410099999,GUWAHATI INTL / LOKPRIYA GOPINATH BORDOLOI INTL,26.1,91.583,26.4,1008.6,60.71
2010-03-15T15:00:00,42410099999,GUWAHATI INTL / LOKPRIYA GOPINATH BORDOLOI INTL,26.1,91.583,22.0,1012.5,68.77
2010-03-15T18:00:00,42410099999,GUWAHATI INTL / LOKPRIYA GOPINATH BORDOLOI INTL,26.1,91.583,20.2,1013.6,79.8
2010-03-15T21:00:00,42410099999,GUWAHATI INTL / LOKPRIYA GOPINATH BORDOLOI INTL,26.1,91.583,18.6,1013.2,90.42
2010-03-16T00:00:00,42410099999,GUWAHATI INTL / LOKPRIYA GOPINATH BORDOLOI INTL,26.1,91.583,17.4,1015.5,91.49
2010-03-16T03:00:00,42410099999,GUWAHATI INTL / LOKPRIYA GOPINATH BORDOLOI INTL,26.1,91.583,23.2,1007.2,57.7
2010-03-16T06:00:00,42410099999,GUWAHATI INTL / LOKPRIYA GOPINATH BORDOLOI INTL,26.1,91.583,29.0,,39.38
2010-03-16T09:00:00,42410099999,GUWAHATI INTL / LOKPRIYA GOPINATH BORDOLOI INTL,26.1,91.583,30.6,1011.5,30.69
2010-03-16T12:00:00,42410099999,GUWAHATI INTL / LOKPRIYA GOPINATH BORDOLOI INTL,26.1,91.583,27.1,1012.4,41.76
2010-03-16T15:00:00,42410099999,GUWAHATI INTL / LOKPRIYA GOPINATH BORDOLOI INTL,26.1,91.583,22.4,1014.7,62.95
2010-03-16T18:00:00,42410099999,GUWAHATI INTL / LOKPRIYA GOPINATH BORDOLOI INTL,26.1,91.583,20.2,1015.4,76.32
2010-03-16T21:00:00,42410099999,GUWAHATI INTL / LOKPRIYA GOPINATH BORDOLOI INTL,26.1,91.583,18.4,1013.8,85.92
2010-03-17T00:00:00,42410099999,GUWAHATI INTL / LOKPRIYA GOPINATH BORDOLOI INTL,26.1,91.583,16.4,1015.7,87.39
2010-03-17T03:00:00,42410099999,GUWAHATI INTL / LOKPRIYA GOPINATH BORDOLOI INTL,26.1,91.583,24.8,1018.2,54.13
2010-03-17T06:00:00,42410099999,GUWAHATI INTL / LOKPRIYA GOPINATH BORDOLOI INTL,26.1,91.583,31.5,1016.7,33.68
2010-03-17T09:00:00,42410099999,GUWAHATI INTL / LOKPRIYA GOPINATH BORDOLOI INTL,26.1,91.583,33.2,1013.2,22.26
2010-03-17T12:00:00,42410099999,GUWAHATI INTL / LOKPRIYA GOPINATH BORDOLOI INTL,26.1,91.583,29.0,1013.4,35.94
2010-03-17T15:00:00,42410099999,GUWAHATI INTL / LOKPRIYA GOPINATH BORDOLOI INTL,26.1,91.583,22.5,1015.7,58.28
2010-03-17T18:00:00,42410099999,GUWAHATI INTL / LOKPRIYA GOPINATH BORDOLOI INTL,26.1,91.583,20.4,1015.8,74.43
2010-03-17T21:00:00,42410099999,GUWAHATI INTL / LOKPRIYA GOPINATH BORDOLOI INTL,26.1,91.583,18.2,1015.1,86.45
2010-03-18T00:00:00,42410099999,GUWAHATI INTL / LOKPRIYA GOPINATH BORDOLOI INTL,26.1,91.583,18.0,1017.5,78.47
2010-03-18T03:00:00,42410099999,GUWAHATI INTL / LOKPRIYA GOPINATH BORDOLOI INTL,26.1,91.583,24.6,1018.2,59.16
2010-03-18T06:00:00,42410099999,GUWAHATI INTL / LOKPRIYA GOPINATH BORDOLOI INTL,26.1,91.583,30.2,1017.1,37.23
2010-03-18T09:00:00,42410099999,GUWAHATI INTL / LOKPRIYA GOPINATH BORDOLOI INTL,26.1,91.583,34.4,1011.8,29.94
2010-03-18T12:00:00,42410099999,GUWAHATI INTL / LOKPRIYA GOPINATH BORDOLOI INTL,26.1,91.583,30.0,1012.0,36.93
2010-03-18T15:00:00,42410099999,GUWAHATI INTL / LOKPRIYA GOPINATH BORDOLOI INTL,26.1,91.583,24.6,1013.4,53.38
2010-03-18T18:00:00,42410099999,GUWAHATI INTL / LOKPRIYA GOPINATH BORDOLOI INTL,26.1,91.583,21.0,1013.8,73.11
2010-03-18T21:00:00,42410099999,GUWAHATI INTL / LOKPRIYA GOPINATH BORDOLOI INTL,26.1,91.583,20.2,1013.6,81.34
2010-03-19T00:00:00,42410099999,GUWAHATI INTL / LOKPRIYA GOPINATH BORDOLOI INTL,26.1,91.583,17.0,1012.9,81.45
2010-03-19T03:00:00,42410099999,GUWAHATI INTL / LOKPRIYA GOPINATH BORDOLOI INTL,26.1,91.583,24.3,1014.7,57.96
2010-03-19T06:00:00,42410099999,GUWAHATI INTL / LOKPRIYA GOPINATH BORDOLOI INTL,26.1,91.583,32.2,1012.0,34.54
2010-03-19T09:00:00,42410099999,GUWAHATI INTL / LOKPRIYA GOPINATH BORDOLOI INTL,26.1,91.583,34.8,1008.0,27.09
2010-03-19T12:00:00,42410099999,GUWAHATI INTL / LOKPRIYA GOPINATH BORDOLOI INTL,26.1,91.583,31.9,1007.6,37.7
2010-03-19T15:00:00,42410099999,GUWAHATI INTL / LOKPRIYA GOPINATH BORDOLOI INTL,26.1,91.583,24.2,1009.4,57.2
2010-03-19T18:00:00,42410099999,GUWAHATI INTL / LOKPRIYA GOPINATH BORDOLOI INTL,26.1,91.583,21.2,1010.5,73.15
2010-03-19T21:00:00,42410099999,GUWAHATI INTL / LOKPRIYA GOPINATH BORDOLOI INTL,26.1,91.583,18.8,1010.2,82.73
2010-03-20T00:00:00,42410099999,GUWAHATI INTL / LOKPRIYA GOPINATH BORDOLOI INTL,26.1,91.583,18.0,1011.2,85.88
2010-03-20T03:00:00,42410099999,GUWAHATI INTL / LOKPRIYA GOPINATH BORDOLOI INTL,26.1,91.583,26.4,1013.0,49.54
2010-03-20T09:00:00,42410099999,GUWAHATI INTL / LOKPRIYA GOPINATH BORDOLOI INTL,26.1,91.583,36.6,1006.1,19.72
2010-03-20T12:00:00,42410099999,GUWAHATI INTL / LOKPRIYA GOPINATH BORDOLOI INTL,26.1,91.583,32.1,1006.5,37.28
2010-03-20T15:00:00,42410099999,GUWAHATI INTL / LOKPRIYA GOPINATH BORDOLOI INTL,26.1,91.583,26.0,1008.8,52.38
2010-03-20T18:00:00,42410099999,GUWAHATI INTL / LOKPRIYA GOPINATH BORDOLOI INTL,26.1,91.583,22.2,1010.2,69.25
2010-03-20T21:00:00,42410099999,GUWAHATI INTL / LOKPRIYA GOPINATH BORDOLOI INTL,26.1,91.583,19.0,1011.0,80.66
2010-03-21T00:00:00,42410099999,GUWAHATI INTL / LOKPRIYA GOPINATH BORDOLOI INTL,26.1,91.583,21.2,1008.8,73.15
2010-03-21T03:00:00,42410099999,GUWAHATI INTL / LOKPRIYA GOPINATH BORDOLOI INTL,26.1,91.583,27.9,1010.2,51.87
2010-03-21T06:00:00,42410099999,GUWAHATI INTL / LOKPRIYA GOPINATH BORDOLOI INTL,26.1,91.583,34.2,1007.3,37.14
2010-03-21T09:00:00,42410099999,GUWAHATI INTL / LOKPRIYA GOPINATH BORDOLOI INTL,26.1,91.583,35.5,1002.9,33.06
2010-03-21T12:00:00,42410099999,GUWAHATI INTL / LOKPRIYA GOPINATH BORDOLOI INTL,26.1,91.583,32.0,1002.8,45.89
2010-03-21T15:00:00,42410099999,GUWAHATI INTL / LOKPRIYA GOPINATH BORDOLOI INTL,26.1,91.583,28.4,1005.0,54.34
2010-03-21T18:00:00,42410099999,GUWAHATI INTL / LOKPRIYA GOPINATH BORDOLOI INTL,26.1,91.583,26.2,1006.3,59.16
2010-03-21T21:00:00,42410099999,GUWAHATI INTL / LOKPRIYA GOPINATH BORDOLOI INTL,26.1,91.583,22.4,1006.1,72.44
2010-03-22T00:00:00,42410099999,GUWAHATI INTL / LOKPRIYA GOPINATH BORDOLOI INTL,26.1,91.583,23.0,1003.6,76.28
2010-03-22T03:00:00,42410099999,GUWAHATI INTL / LOKPRIYA GOPINATH BORDOLOI INTL,26.1,91.583,28.5,1005.1,54.71
2010-03-22T06:00:00,42410099999,GUWAHATI INTL / LOKPRIYA GOPINATH BORDOLOI INTL,26.1,91.583,32.9,1003.6,39.95
2010-03-22T09:00:00,42410099999,GUWAHATI INTL / LOKPRIYA GOPINATH BORDOLOI INTL,26.1,91.583,33.4,1000.4,41.88
2010-03-22T12:00:00,42410099999,GUWAHATI INTL / LOKPRIYA GOPINATH BORDOLOI INTL,26.1,91.583,29.1,1001.3,57.3
2010-03-22T15:00:00,42410099999,GUWAHATI INTL / LOKPRIYA GOPINATH BORDOLOI INTL,26.1,91.583,26.2,1003.5,63.79
2010-03-22T18:00:00,42410099999,GUWAHATI INTL / LOKPRIYA GOPINATH BORDOLOI INTL,26.1,91.583,25.4,1003.9,64.01
2010-03-22T21:00:00,42410099999,GUWAHATI INTL / LOKPRIYA GOPINATH BORDOLOI INTL,26.1,91.583,24.8,1003.8,68.03
2010-03-23T00:00:00,42410099999,GUWAHATI INTL / LOKPRIYA GOPINATH BORDOLOI INTL,26.1,91.583,22.2,1002.7,80.58
2010-03-23T03:00:00,42410099999,GUWAHATI INTL / LOKPRIYA GOPINATH BORDOLOI INTL,26.1,91.583,23.5,1004.5,79.75
2010-03-23T06:00:00,42410099999,GUWAHATI INTL / LOKPRIYA GOPINATH BORDOLOI INTL,26.1,91.583,26.5,1002.9,66.28
2010-03-23T09:00:00,42410099999,GUWAHATI INTL / LOKPRIYA GOPINATH BORDOLOI INTL,26.1,91.583,28.6,1000.1,59.72
2010-03-23T12:00:00,42410099999,GUWAHATI INTL / LOKPRIYA GOPINATH BORDOLOI INTL,26.1,91.583,25.9,1000.9,69.96
2010-03-23T15:00:00,42410099999,GUWAHATI INTL / LOKPRIYA GOPINATH BORDOLOI INTL,26.1,91.583,23.4,1002.7,79.74
2010-03-23T18:00:00,42410099999,GUWAHATI INTL / LOKPRIYA GOPINATH BORDOLOI INTL,26.1,91.583,21.6,1003.8,88.95
2010-03-23T21:00:00,42410099999,GUWAHATI INTL / LOKPRIYA GOPINATH BORDOLOI INTL,26.1,91.583,19.8,1003.7,90.5
2010-03-24T00:00:00,42410099999,GUWAHATI INTL / LOKPRIYA GOPINATH BORDOLOI INTL,26.1,91.583,18.5,1003.1,94.5
2010-03-24T03:00:00,42410099999,GUWAHATI INTL / LOKPRIYA GOPINATH BORDOLOI INTL,26.1,91.583,23.8,1006.4,80.79
2010-03-24T06:00:00,42410099999,GUWAHATI INTL / LOKPRIYA GOPINATH BORDOLOI INTL,26.1,91.583,29.9,1005.0,58.2
2010-03-24T09:00:00,42410099999,GUWAHATI INTL / LOKPRIYA GOPINATH BORDOLOI INTL,26.1,91.583,32.1,1001.9,52.94
2010-03-24T12:00:00,42410099999,GUWAHATI INTL / LOKPRIYA GOPINATH BORDOLOI INTL,26.1,91.583,29.6,1002.9,63.73
2010-03-24T15:00:00,42410099999,GUWAHATI INTL / LOKPRIYA GOPINATH BORDOLOI INTL,26.1,91.583,25.0,1006.0,75.65
2010-03-24T18:00:00,42410099999,GUWAHATI INTL / LOKPRIYA GOPINATH BORDOLOI INTL,26.1,91.583,24.4,1007.1,76.97
2010-03-24T21:00:00,42410099999,GUWAHATI INTL / LOKPRIYA GOPINATH BORDOLOI INTL,26.1,91.583,21.4,1006.2,88.94
2010-03-25T00:00:00,42410099999,GUWAHATI INTL / LOKPRIYA GOPINATH BORDOLOI INTL,26.1,91.583,21.0,1006.4,85.64
2010-03-25T03:00:00,42410099999,GUWAHATI INTL / LOKPRIYA GOPINATH BORDOLOI INTL,26.1,91.583,24.9,1008.1,74.7
2010-03-25T06:00:00,42410099999,GUWAHATI INTL / LOKPRIYA GOPINATH BORDOLOI INTL,26.1,91.583,29.8,1006.9,55.03
2010-03-25T09:00:00,42410099999,GUWAHATI INTL / LOKPRIYA GOPINATH BORDOLOI INTL,26.1,91.583,31.2,1003.9,55.03
2010-03-25T12:00:00,42410099999,GUWAHATI INTL / LOKPRIYA GOPINATH BORDOLOI INTL,26.1,91.583,28.6,,65.09
2010-03-25T15:00:00,42410099999,GUWAHATI INTL / LOKPRIYA GOPINATH BORDOLOI INTL,26.1,91.583,25.4,1007.9,74.33
2010-03-25T18:00:00,42410099999,GUWAHATI INTL / LOKPRIYA GOPINATH BORDOLOI INTL,26.1,91.583,24.8,1008.6,77.03
2010-03-25T21:00:00,42410099999,GUWAHATI INTL / LOKPRIYA GOPINATH BORDOLOI INTL,26.1,91.583,22.0,1008.2,88.99
2010-03-26T00:00:00,42410099999,GUWAHATI INTL / LOKPRIYA GOPINATH BORDOLOI INTL,26.1,91.583,21.0,1008.3,87.26
2010-03-26T03:00:00,42410099999,GUWAHATI INTL / LOKPRIYA GOPINATH BORDOLOI INTL,26.1,91.583,25.0,1009.2,72.89
2010-03-26T06:00:00,42410099999,GUWAHATI INTL / LOKPRIYA GOPINATH BORDOLOI INTL,26.1,91.583,28.6,1007.6,61.21
2010-03-26T09:00:00,42410099999,GUWAHATI INTL / LOKPRIYA GOPINATH BORDOLOI INTL,26.1,91.583,31.2,1003.9,55.03
2010-03-26T12:00:00,42410099999,GUWAHATI INTL / LOKPRIYA GOPINATH BORDOLOI INTL,26.1,91.583,28.0,1003.7,
2010-03-26T15:00:00,42410099999,GUWAHATI INTL / LOKPRIYA GOPINATH BORDOLOI INTL,26.1,91.583,27.2,1005.3,71.07
2010-03-26T18:00:00,42410099999,GUWAHATI INTL / LOKPRIYA GOPINATH BORDOLOI INTL,26.1,91.583,24.0,1006.3,84.89
2010-03-26T21:00:00,42410099999,GUWAHATI INTL / LOKPRIYA GOPINATH BORDOLOI INTL,26.1,91.583,23.6,1006.2,86.42
2010-03-27T00:00:00,42410099999,GUWAHATI INTL / LOKPRIYA GOPINATH BORDOLOI INTL,26.1,91.583,20.6,1007.4,87.22
2010-03-27T03:00:00,42410099999,GUWAHATI INTL / LOKPRIYA GOPINATH BORDOLOI INTL,26.1,91.583,24.0,1009.9,76.91
2010-03-27T06:00:00,42410099999,GUWAHATI INTL / LOKPRIYA GOPINATH BORDOLOI INTL,26.1,91.583,28.2,1009.1,56.73
2010-03-27T09:00:00,42410099999,GUWAHATI INTL / LOKPRIYA GOPINATH BORDOLOI INTL,26.1,91.583,29.8,1006.1,52.03
2010-03-27T12:00:00,42410099999,GUWAHATI INTL / LOKPRIYA GOPINATH BORDOLOI INTL,26.1,91.583,27.2,1005.3,64.4
2010-03-27T15:00:00,42410099999,GUWAHATI INTL / LOKPRIYA GOPINATH BORDOLOI INTL,26.1,91.583,23.9,1008.1,73.62
2010-03-27T18:00:00,42410099999,GUWAHATI INTL / LOKPRIYA GOPINATH BORDOLOI INTL,26.1,91.583,22.2,1009.0,79.08
2010-03-27T21:00:00,42410099999,GUWAHATI INTL / LOKPRIYA GOPINATH BORDOLOI INTL,26.1,91.583,21.6,1008.5,84.11
2010-03-28T00:00:00,42410099999,GUWAHATI INTL / LOKPRIYA GOPINATH BORDOLOI INTL,26.1,91.583,20.4,1010.2,96.36
2010-03-28T03:00:00,42410099999,GUWAHATI INTL / LOKPRIYA GOPINATH BORDOLOI INTL,26.1,91.583,19.9,1010.5,98.16
2010-03-28T06:00:00,42410099999,GUWAHATI INTL / LOKPRIYA GOPINATH BORDOLOI INTL,26.1,91.583,22.7,1009.6,81.65
2010-03-28T09:00:00,42410099999,GUWAHATI INTL / LOKPRIYA GOPINATH BORDOLOI INTL,26.1,91.583,25.4,1005.9,69.0
2010-03-28T12:00:00,42410099999,GUWAHATI INTL / LOKPRIYA GOPINATH BORDOLOI INTL,26.1,91.583,23.8,1005.7,74.06
2010-03-28T15:00:00,42410099999,GUWAHATI INTL / LOKPRIYA GOPINATH BORDOLOI INTL,26.1,91.583,21.0,1009.6,85.64
2010-03-28T18:00:00,42410099999,GUWAHATI INTL / LOKPRIYA GOPINATH BORDOLOI INTL,26.1,91.583,19.4,1010.0,92.2
2010-03-28T21:00:00,42410099999,GUWAHATI INTL / LOKPRIYA GOPINATH BORDOLOI INTL,26.1,91.583,18.4,1009.8,89.83
2010-03-29T00:00:00,42410099999,GUWAHATI INTL / LOKPRIYA GOPINATH BORDOLOI INTL,26.1,91.583,20.4,1011.2,87.2
2010-03-29T03:00:00,42410099999,GUWAHATI INTL / LOKPRIYA GOPINATH BORDOLOI INTL,26.1,91.583,20.1,1013.4,91.66
2010-03-29T06:00:00,42410099999,GUWAHATI INTL / LOKPRIYA GOPINATH BORDOLOI INTL,26.1,91.583,20.7,1011.6,94.59
2010-03-29T09:00:00,42410099999,GUWAHATI INTL / LOKPRIYA GOPINATH BORDOLOI INTL,26.1,91.583,20.4,1008.8,90.54
2010-03-29T12:00:00,42410099999,GUWAHATI INTL / LOKPRIYA GOPINATH BORDOLOI INTL,26.1,91.583,20.3,1007.5,91.1
2010-03-29T15:00:00,42410099999,GUWAHATI INTL / LOKPRIYA GOPINATH BORDOLOI INTL,26.1,91.583,20.2,1009.7,92.24
2010-03-29T18:00:00,42410099999,GUWAHATI INTL / LOKPRIYA GOPINATH BORDOLOI INTL,26.1,91.583,19.2,1010.1,92.18
2010-03-29T21:00:00,42410099999,GUWAHATI INTL / LOKPRIYA GOPINATH BORDOLOI INTL,26.1,91.583,18.4,1010.7,92.14
2010-03-30T00:00:00,42410099999,GUWAHATI INTL / LOKPRIYA GOPINATH BORDOLOI INTL,26.1,91.583,19.8,1008.8,92.22
2010-03-30T03:00:00,42410099999,GUWAHATI INTL / LOKPRIYA GOPINATH BORDOLOI INTL,26.1,91.583,19.9,1010.5,92.8
2010-03-30T06:00:00,42410099999,GUWAHATI INTL / LOKPRIYA GOPINATH BORDOLOI INTL,26.1,91.583,20.7,1010.0,90.56
2010-03-30T09:00:00,42410099999,GUWAHATI INTL / LOKPRIYA GOPINATH BORDOLOI INTL,26.1,91.583,22.3,1005.5,87.92
2010-03-30T12:00:00,42410099999,GUWAHATI INTL / LOKPRIYA GOPINATH BORDOLOI INTL,26.1,91.583,20.6,1004.7,88.87
2010-03-30T15:00:00,42410099999,GUWAHATI INTL / LOKPRIYA GOPINATH BORDOLOI INTL,26.1,91.583,19.8,1006.4,92.22
2010-03-30T18:00:00,42410099999,GUWAHATI INTL / LOKPRIYA GOPINATH BORDOLOI INTL,26.1,91.583,19.6,1006.3,93.96
2010-03-30T21:00:00,42410099999,GUWAHATI INTL / LOKPRIYA GOPINATH BORDOLOI INTL,26.1,91.583,19.0,1006.0,98.14
2010-03-31T00:00:00,42410099999,GUWAHATI INTL / LOKPRIYA GOPINATH BORDOLOI INTL,26.1,91.583,19.0,1004.3,98.14
2010-03-31T03:00:00,42410099999,GUWAHATI INTL / LOKPRIYA GOPINATH BORDOLOI INTL,26.1,91.583,19.6,1005.8,100.0
2010-03-31T06:00:00,42410099999,GUWAHATI INTL / LOKPRIYA GOPINATH BORDOLOI INTL,26.1,91.583,24.3,1005.6,81.35
2010-03-31T09:00:00,42410099999,GUWAHATI INTL / LOKPRIYA GOPINATH BORDOLOI INTL,26.1,91.583,26.5,1001.8,72.26
2010-03-31T12:00:00,42410099999,GUWAHATI INTL / LOKPRIYA GOPINATH BORDOLOI INTL,26.1,91.583,24.4,1000.6,78.41
2010-03-31T15:00:00,42410099999,GUWAHATI INTL / LOKPRIYA GOPINATH BORDOLOI INTL,26.1,91.583,22.1,1002.1,92.92
2010-03-31T18:00:00,42410099999,GUWAHATI INTL / LOKPRIYA GOPINATH BORDOLOI INTL,26.1,91.583,20.6,1003.6,92.26
2010-03-31T21:00:00,42410099999,GUWAHATI INTL / LOKPRIYA GOPINATH BORDOLOI INTL,26.1,91.583,19.8,1003.1,93.97
2010-04-01T00:00:00,42410099999,GUWAHATI INTL / LOKPRIYA GOPINATH BORDOLOI INTL,26.1,91.583,19.0,1003.8,96.32
2010-04-01T03:00:00,42410099999,GUWAHATI INTL / LOKPRIYA GOPINATH BORDOLOI INTL,26.1,91.583,21.5,1006.3,92.31
2010-04-01T06:00:00,42410099999,GUWAHATI INTL / LOKPRIYA GOPINATH BORDOLOI INTL,26.1,91.583,27.0,1005.0,72.79
2010-04-01T09:00:00,42410099999,GUWAHATI INTL / LOKPRIYA GOPINATH BORDOLOI INTL,26.1,91.583,29.0,1001.1,63.21
2010-04-01T12:00:00,42410099999,GUWAHATI INTL / LOKPRIYA GOPINATH BORDOLOI INTL,26.1,91.583,26.7,1000.9,74.54
2010-04-01T15:00:00,42410099999,GUWAHATI INTL / LOKPRIYA GOPINATH BORDOLOI INTL,26.1,91.583,23.4,1003.4,81.24
2010-04-01T18:00:00,42410099999,GUWAHATI INTL / LOKPRIYA GOPINATH BORDOLOI INTL,26.1,91.583,23.0,1005.3,82.71
2010-04-01T21:00:00,42410099999,GUWAHATI INTL / LOKPRIYA GOPINATH BORDOLOI INTL,26.1,91.583,20.2,1003.7,90.53
2010-04-02T00:00:00,42410099999,GUWAHATI INTL / LOKPRIYA GOPINATH BORDOLOI INTL,26.1,91.583,20.6,1005.6,91.12
2010-04-02T03:00:00,42410099999,GUWAHATI INTL / LOKPRIYA GOPINATH BORDOLOI INTL,26.1,91.583,24.2,1007.9,81.34
2010-04-02T06:00:00,42410099999,GUWAHATI INTL / LOKPRIYA GOPINATH BORDOLOI INTL,26.1,91.583,28.6,1006.5,66.7
2010-04-02T09:00:00,42410099999,GUWAHATI INTL / LOKPRIYA GOPINATH BORDOLOI INTL,26.1,91.583,30.8,1003.6,59.49
2010-04-02T12:00:00,42410099999,GUWAHATI INTL / LOKPRIYA GOPINATH BORDOLOI INTL,26.1,91.583,29.3,1002.0,71.88
2010-04-02T15:00:00,42410099999,GUWAHATI INTL / LOKPRIYA GOPINATH BORDOLOI INTL,26.1,91.583,27.0,1005.5,75.5
2010-04-02T18:00:00,42410099999,GUWAHATI INTL / LOKPRIYA GOPINATH BORDOLOI INTL,26.1,91.583,15.2,1006.2,
2010-04-02T21:00:00,42410099999,GUWAHATI INTL / LOKPRIYA GOPINATH BORDOLOI INTL,26.1,91.583,24.0,1004.9,83.34
2010-04-03T00:00:00,42410099999,GUWAHATI INTL / LOKPRIYA GOPINATH BORDOLOI INTL,26.1,91.583,23.0,1006.8,84.26
2010-04-03T03:00:00,42410099999,GUWAHATI INTL / LOKPRIYA GOPINATH BORDOLOI INTL,26.1,91.583,25.8,1009.6,81.54
2010-04-03T06:00:00,42410099999,GUWAHATI INTL / LOKPRIYA GOPINATH BORDOLOI INTL,26.1,91.583,29.0,1008.9,68.43
2010-04-03T09:00:00,42410099999,GUWAHATI INTL / LOKPRIYA GOPINATH BORDOLOI INTL,26.1,91.583,30.6,1005.6,66.3
2010-04-03T12:00:00,42410099999,GUWAHATI INTL / LOKPRIYA GOPINATH BORDOLOI INTL,26.1,91.583,30.5,1004.9,67.49
2010-04-03T15:00:00,42410099999,GUWAHATI INTL / LOKPRIYA GOPINATH BORDOLOI INTL,26.1,91.583,24.1,1007.1,75.51
2010-04-03T18:00:00,42410099999,GUWAHATI INTL / LOKPRIYA GOPINATH BORDOLOI INTL,26.1,91.583,22.8,1006.9,89.6
2010-04-03T21:00:00,42410099999,GUWAHATI INTL / LOKPRIYA GOPINATH BORDOLOI INTL,26.1,91.583,22.6,1006.5,87.4
2010-04-04T00:00:00,42410099999,GUWAHATI INTL / LOKPRIYA GOPINATH BORDOLOI INTL,26.1,91.583,22.0,1008.4,92.91
2010-04-04T03:00:00,42410099999,GUWAHATI INTL / LOKPRIYA GOPINATH BORDOLOI INTL,26.1,91.583,24.4,1012.6,86.5
2010-04-04T06:00:00,42410099999,GUWAHATI INTL / LOKPRIYA GOPINATH BORDOLOI INTL,26.1,91.583,27.9,1010.9,71.63
2010-04-04T09:00:00,42410099999,GUWAHATI INTL / LOKPRIYA GOPINATH BORDOLOI INTL,26.1,91.583,29.0,1007.4,68.43
2010-04-04T12:00:00,42410099999,GUWAHATI INTL / LOKPRIYA GOPINATH BORDOLOI INTL,26.1,91.583,27.4,1006.5,74.66
2010-04-04T15:00:00,42410099999,GUWAHATI INTL / LOKPRIYA GOPINATH BORDOLOI INTL,26.1,91.583,25.4,1009.0,80.5
2010-04-04T18:00:00,42410099999,GUWAHATI INTL / LOKPRIYA GOPINATH BORDOLOI INTL,26.1,91.583,24.0,1010.1,88.06
2010-04-04T21:00:00,42410099999,GUWAHATI INTL / LOKPRIYA GOPINATH BORDOLOI INTL,26.1,91.583,22.8,1009.8,92.95
2010-04-05T00:00:00,42410099999,GUWAHATI INTL / LOKPRIYA GOPINATH BORDOLOI INTL,26.1,91.583,21.2,1008.5,96.38
2010-04-05T03:00:00,42410099999,GUWAHATI INTL / LOKPRIYA GOPINATH BORDOLOI INTL,26.1,91.583,25.4,1009.9,81.99
2010-04-05T06:00:00,42410099999,GUWAHATI INTL / LOKPRIYA GOPINATH BORDOLOI INTL,26.1,91.583,28.8,1007.9,69.23
2010-04-05T09:00:00,42410099999,GUWAHATI INTL / LOKPRIYA GOPINATH BORDOLOI INTL,26.1,91.583,31.4,1004.0,58.55
2010-04-05T12:00:00,42410099999,GUWAHATI INTL / LOKPRIYA GOPINATH BORDOLOI INTL,26.1,91.583,29.2,1002.6,76.3
2010-04-05T15:00:00,42410099999,GUWAHATI INTL / LOKPRIYA GOPINATH BORDOLOI INTL,26.1,91.583,22.0,1006.3,100.0
2010-04-05T18:00:00,42410099999,GUWAHATI INTL / LOKPRIYA GOPINATH BORDOLOI INTL,26.1,91.583,21.4,1007.2,92.88
2010-04-05T21:00:00,42410099999,GUWAHATI INTL / LOKPRIYA GOPINATH BORDOLOI INTL,26.1,91.583,20.2,1006.6,92.24
2010-04-06T00:00:00,42410099999,GUWAHATI INTL / LOKPRIYA GOPINATH BORDOLOI INTL,26.1,91.583,22.0,1005.8,92.91
2010-04-06T03:00:00,42410099999,GUWAHATI INTL / LOKPRIYA GOPINATH BORDOLOI INTL,26.1,91.583,26.0,1008.0,76.27
2010-04-06T06:00:00,42410099999,GUWAHATI INTL / LOKPRIYA GOPINATH BORDOLOI INTL,26.1,91.583,30.6,1006.3,65.51
2010-04-06T09:00:00,42410099999,GUWAHATI INTL / LOKPRIYA GOPINATH BORDOLOI INTL,26.1,91.583,33.1,1002.9,54.82
2010-04-06T12:00:00,42410099999,GUWAHATI INTL / LOKPRIYA GOPINATH BORDOLOI INTL,26.1,91.583,31.3,1003.0,68.46
2010-04-06T15:00:00,42410099999,GUWAHATI INTL / LOKPRIYA GOPINATH BORDOLOI INTL,26.1,91.583,28.9,1005.3,54.81
2010-04-06T18:00:00,42410099999,GUWAHATI INTL / LOKPRIYA GOPINATH BORDOLOI INTL,26.1,91.583,26.4,1007.0,62.25
2010-04-06T21:00:00,42410099999,GUWAHATI INTL / LOKPRIYA GOPINATH BORDOLOI INTL,26.1,91.583,24.0,1006.8,76.91
2010-04-07T00:00:00,42410099999,GUWAHATI INTL / LOKPRIYA GOPINATH BORDOLOI INTL,26.1,91.583,23.0,1008.1,92.96
2010-04-07T03:00:00,42410099999,GUWAHATI INTL / LOKPRIYA GOPINATH BORDOLOI INTL,26.1,91.583,26.4,1012.1,76.34
2010-04-07T06:00:00,42410099999,GUWAHATI INTL / LOKPRIYA GOPINATH BORDOLOI INTL,26.1,91.583,28.8,1011.2,67.98
2010-04-07T09:00:00,42410099999,GUWAHATI INTL / LOKPRIYA GOPINATH BORDOLOI INTL,26.1,91.583,30.4,1008.9,54.16
2010-04-07T12:00:00,42410099999,GUWAHATI INTL / LOKPRIYA GOPINATH BORDOLOI INTL,26.1,91.583,29.0,1009.4,57.99
2010-04-07T15:00:00,42410099999,GUWAHATI INTL / LOKPRIYA GOPINATH BORDOLOI INTL,26.1,91.583,27.2,1013.0,65.61
2010-04-07T18:00:00,42410099999,GUWAHATI INTL / LOKPRIYA GOPINATH BORDOLOI INTL,26.1,91.583,25.4,1013.6,75.71
2010-04-07T21:00:00,42410099999,GUWAHATI INTL / LOKPRIYA GOPINATH BORDOLOI INTL,26.1,91.583,25.0,1013.9,77.06
2010-04-08T00:00:00,42410099999,GUWAHATI INTL / LOKPRIYA GOPINATH BORDOLOI INTL,26.1,91.583,22.0,1012.9,91.21
2010-04-08T03:00:00,42410099999,GUWAHATI INTL / LOKPRIYA GOPINATH BORDOLOI INTL,26.1,91.583,28.2,1014.1,62.27
2010-04-08T06:00:00,42410099999,GUWAHATI INTL / LOKPRIYA GOPINATH BORDOLOI INTL,26.1,91.583,31.0,1011.9,59.54
2010-04-08T09:00:00,42410099999,GUWAHATI INTL / LOKPRIYA GOPINATH BORDOLOI INTL,26.1,91.583,33.4,1007.1,47.13
2010-04-08T12:00:00,42410099999,GUWAHATI INTL / LOKPRIYA GOPINATH BORDOLOI INTL,26.1,91.583,31.4,1007.0,61.09
2010-04-08T15:00:00,42410099999,GUWAHATI INTL / LOKPRIYA GOPINATH BORDOLOI INTL,26.1,91.583,26.2,1009.1,84.09
2010-04-08T18:00:00,42410099999,GUWAHATI INTL / LOKPRIYA GOPINATH BORDOLOI INTL,26.1,91.583,24.6,1010.5,86.52
2010-04-08T21:00:00,42410099999,GUWAHATI INTL / LOKPRIYA GOPINATH BORDOLOI INTL,26.1,91.583,23.4,1010.0,89.64
2010-04-09T00:00:00,42410099999,GUWAHATI INTL / LOKPRIYA GOPINATH BORDOLOI INTL,26.1,91.583,23.0,1007.6,92.96
2010-04-09T03:00:00,42410099999,GUWAHATI INTL / LOKPRIYA GOPINATH BORDOLOI INTL,26.1,91.583,24.4,1008.5,89.71
2010-04-09T06:00:00,42410099999,GUWAHATI INTL / LOKPRIYA GOPINATH BORDOLOI INTL,26.1,91.583,24.6,1008.3,89.73
2010-04-09T09:00:00,42410099999,GUWAHATI INTL / LOKPRIYA GOPINATH BORDOLOI INTL,26.1,91.583,28.6,1003.2,73.95
2010-04-09T12:00:00,42410099999,GUWAHATI INTL / LOKPRIYA GOPINATH BORDOLOI INTL,26.1,91.583,27.6,1002.7,69.85
2010-04-09T15:00:00,42410099999,GUWAHATI INTL / LOKPRIYA GOPINATH BORDOLOI INTL,26.1,91.583,25.6,1004.9,77.63
2010-04-09T18:00:00,42410099999,GUWAHATI INTL / LOKPRIYA GOPINATH BORDOLOI INTL,26.1,91.583,24.4,1006.3,83.38
2010-04-09T21:00:00,42410099999,GUWAHATI INTL / LOKPRIYA GOPINATH BORDOLOI INTL,26.1,91.583,23.4,1005.6,88.01
2010-04-10T00:00:00,42410099999,GUWAHATI INTL / LOKPRIYA GOPINATH BORDOLOI INTL,26.1,91.583,22.6,1003.1,87.4
2010-04-10T03:00:00,42410099999,GUWAHATI INTL / LOKPRIYA GOPINATH BORDOLOI INTL,26.1,91.583,25.1,1005.0,79.0
2010-04-10T06:00:00,42410099999,GUWAHATI INTL / LOKPRIYA GOPINATH BORDOLOI INTL,26.1,91.583,29.0,1005.5,66.79
2010-04-10T09:00:00,42410099999,GUWAHATI INTL / LOKPRIYA GOPINATH BORDOLOI INTL,26.1,91.583,30.6,998.9,60.54
2010-04-10T12:00:00,42410099999,GUWAHATI INTL / LOKPRIYA GOPINATH BORDOLOI INTL,26.1,91.583,28.6,998.9,70.89
2010-04-11T03:00:00,42410099999,GUWAHATI INTL / LOKPRIYA GOPINATH BORDOLOI INTL,26.1,91.583,26.1,1006.8,78.18
2010-04-11T06:00:00,42410099999,GUWAHATI INTL / LOKPRIYA GOPINATH BORDOLOI INTL,26.1,91.583,28.6,1006.1,67.94
2010-04-11T09:00:00,42410099999,GUWAHATI INTL / LOKPRIYA GOPINATH BORDOLOI INTL,26.1,91.583,29.7,1003.1,65.32
2010-04-11T12:00:00,42410099999,GUWAHATI INTL / LOKPRIYA GOPINATH BORDOLOI INTL,26.1,91.583,27.5,1002.7,70.69
2010-04-11T15:00:00,42410099999,GUWAHATI INTL / LOKPRIYA GOPINATH BORDOLOI INTL,26.1,91.583,26.4,1004.8,73.59
2010-04-11T18:00:00,42410099999,GUWAHATI INTL / LOKPRIYA GOPINATH BORDOLOI INTL,26.1,91.583,25.2,1005.1,80.47
2010-04-11T21:00:00,42410099999,GUWAHATI INTL / LOKPRIYA GOPINATH BORDOLOI INTL,26.1,91.583,24.8,1005.0,82.42
2010-04-12T00:00:00,42410099999,GUWAHATI INTL / LOKPRIYA GOPINATH BORDOLOI INTL,26.1,91.583,23.2,1005.4,91.29
2010-04-12T03:00:00,42410099999,GUWAHATI INTL / LOKPRIYA GOPINATH BORDOLOI INTL,26.1,91.583,25.4,1008.8,79.04
2010-04-12T06:00:00,42410099999,GUWAHATI INTL / LOKPRIYA GOPINATH BORDOLOI INTL,26.1,91.583,29.2,1007.4,68.47
2010-04-12T09:00:00,42410099999,GUWAHATI INTL / LOKPRIYA GOPINATH BORDOLOI INTL,26.1,91.583,30.9,1004.0,63.24
2010-04-12T12:00:00,42410099999,GUWAHATI INTL / LOKPRIYA GOPINATH BORDOLOI INTL,26.1,91.583,28.8,1004.6,70.93
2010-04-12T15:00:00,42410099999,GUWAHATI INTL / LOKPRIYA GOPINATH BORDOLOI INTL,26.1,91.583,27.2,1006.0,69.77
2010-04-12T18:00:00,42410099999,GUWAHATI INTL / LOKPRIYA GOPINATH BORDOLOI INTL,26.1,91.583,25.4,1007.0,75.25
2010-04-12T21:00:00,42410099999,GUWAHATI INTL / LOKPRIYA GOPINATH BORDOLOI INTL,26.1,91.583,24.4,1006.8,81.86
2010-04-13T00:00:00,42410099999,GUWAHATI INTL / LOKPRIYA GOPINATH BORDOLOI INTL,26.1,91.583,22.6,1007.5,94.67
2010-04-13T03:00:00,42410099999,GUWAHATI INTL / LOKPRIYA GOPINATH BORDOLOI INTL,26.1,91.583,26.3,1009.0,82.1
2010-04-13T06:00:00,42410099999,GUWAHATI INTL / LOKPRIYA GOPINATH BORDOLOI INTL,26.1,91.583,29.4,1007.2,64.86
2010-04-13T09:00:00,42410099999,GUWAHATI INTL / LOKPRIYA GOPINATH BORDOLOI INTL,26.1,91.583,30.3,1003.6,66.24
2010-04-13T12:00:00,42410099999,GUWAHATI INTL / LOKPRIYA GOPINATH BORDOLOI INTL,26.1,91.583,29.3,1002.2,72.75
2010-04-13T15:00:00,42410099999,GUWAHATI INTL / LOKPRIYA GOPINATH BORDOLOI INTL,26.1,91.583,26.4,1003.7,92.03
2010-04-13T18:00:00,42410099999,GUWAHATI INTL / LOKPRIYA GOPINATH BORDOLOI INTL,26.1,91.583,25.4,1004.2,93.09
2010-04-13T21:00:00,42410099999,GUWAHATI INTL / LOKPRIYA GOPINATH BORDOLOI INTL,26.1,91.583,23.4,1005.2,91.3
2010-04-14T00:00:00,42410099999,GUWAHATI INTL / LOKPRIYA GOPINATH BORDOLOI INTL,26.1,91.583,21.4,1004.5,83.56
2010-04-14T03:00:00,42410099999,GUWAHATI INTL / LOKPRIYA GOPINATH BORDOLOI INTL,26.1,91.583,25.6,1009.0,73.0
2010-04-14T06:00:00,42410099999,GUWAHATI INTL / LOKPRIYA GOPINATH BORDOLOI INTL,26.1,91.583,29.1,1009.0,59.46
2010-04-14T09:00:00,42410099999,GUWAHATI INTL / LOKPRIYA GOPINATH BORDOLOI INTL,26.1,91.583,30.5,1005.9,55.88
2010-04-14T12:00:00,42410099999,GUWAHATI INTL / LOKPRIYA GOPINATH BORDOLOI INTL,26.1,91.583,28.8,1006.4,67.56
2010-04-14T15:00:00,42410099999,GUWAHATI INTL / LOKPRIYA GOPINATH BORDOLOI INTL,26.1,91.583,26.4,1009.3,84.12
2010-04-14T18:00:00,42410099999,GUWAHATI INTL / LOKPRIYA GOPINATH BORDOLOI INTL,26.1,91.583,26.0,1009.7,84.07
2010-04-14T21:00:00,42410099999,GUWAHATI INTL / LOKPRIYA GOPINATH BORDOLOI INTL,26.1,91.583,24.2,1010.4,89.7
2010-04-15T00:00:00,42410099999,GUWAHATI INTL / LOKPRIYA GOPINATH BORDOLOI INTL,26.1,91.583,23.4,1010.6,88.01
2010-04-15T03:00:00,42410099999,GUWAHATI INTL / LOKPRIYA GOPINATH BORDOLOI INTL,26.1,91.583,26.8,1013.1,75.93
2010-04-15T06:00:00,42410099999,GUWAHATI INTL / LOKPRIYA GOPINATH BORDOLOI INTL,26.1,91.583,29.1,1011.6,68.03
2010-04-15T09:00:00,42410099999,GUWAHATI INTL / LOKPRIYA GOPINATH BORDOLOI INTL,26.1,91.583,31.4,1007.8,58.91
2010-04-15T12:00:00,42410099999,GUWAHATI INTL / LOKPRIYA GOPINATH BORDOLOI INTL,26.1,91.583,29.5,1007.6,64.49
2010-04-15T15:00:00,42410099999,GUWAHATI INTL / LOKPRIYA GOPINATH BORDOLOI INTL,26.1,91.583,26.8,1009.6,82.65
2010-04-15T18:00:00,42410099999,GUWAHATI INTL / LOKPRIYA GOPINATH BORDOLOI INTL,26.1,91.583,22.0,1011.2,80.55
2010-04-15T21:00:00,42410099999,GUWAHATI INTL / LOKPRIYA GOPINATH BORDOLOI INTL,26.1,91.583,21.8,1011.0,84.13
2010-04-16T00:00:00,42410099999,GUWAHATI INTL / LOKPRIYA GOPINATH BORDOLOI INTL,26.1,91.583,20.8,1010.6,90.57
2010-04-16T03:00:00,42410099999,GUWAHATI INTL / LOKPRIYA GOPINATH BORDOLOI INTL,26.1,91.583,27.0,1012.8,65.56
2010-04-16T06:00:00,42410099999,GUWAHATI INTL / LOKPRIYA GOPINATH BORDOLOI INTL,26.1,91.583,30.4,1011.0,56.55
2010-04-16T09:00:00,42410099999,GUWAHATI INTL / LOKPRIYA GOPINATH BORDOLOI INTL,26.1,91.583,31.8,1007.2,47.59
2010-04-16T12:00:00,42410099999,GUWAHATI INTL / LOKPRIYA GOPINATH BORDOLOI INTL,26.1,91.583,30.4,1006.5,52.51
2010-04-16T15:00:00,42410099999,GUWAHATI INTL / LOKPRIYA GOPINATH BORDOLOI INTL,26.1,91.583,26.2,1008.2,82.58
2010-04-16T18:00:00,42410099999,GUWAHATI INTL / LOKPRIYA GOPINATH BORDOLOI INTL,26.1,91.583,24.0,1009.2,88.06
2010-04-16T21:00:00,42410099999,GUWAHATI INTL / LOKPRIYA GOPINATH BORDOLOI INTL,26.1,91.583,22.6,1009.1,91.25
2010-04-17T00:00:00,42410099999,GUWAHATI INTL / LOKPRIYA GOPINATH BORDOLOI INTL,26.1,91.583,22.6,1008.4,98.19
2010-04-17T03:00:00,42410099999,GUWAHATI INTL / LOKPRIYA GOPINATH BORDOLOI INTL,26.1,91.583,23.0,1011.1,94.68
2010-04-17T06:00:00,42410099999,GUWAHATI INTL / LOKPRIYA GOPINATH BORDOLOI INTL,26.1,91.583,24.4,1009.8,88.09
2010-04-17T09:00:00,42410099999,GUWAHATI INTL / LOKPRIYA GOPINATH BORDOLOI INTL,26.1,91.583,25.6,1007.4,79.07
2010-04-17T12:00:00,42410099999,GUWAHATI INTL / LOKPRIYA GOPINATH BORDOLOI INTL,26.1,91.583,23.9,1006.6,91.89
2010-04-17T15:00:00,42410099999,GUWAHATI INTL / LOKPRIYA GOPINATH BORDOLOI INTL,26.1,91.583,22.0,1010.2,100.0
2010-04-17T18:00:00,42410099999,GUWAHATI INTL / LOKPRIYA GOPINATH BORDOLOI INTL,26.1,91.583,21.4,1009.3,100.0
2010-04-17T21:00:00,42410099999,GUWAHATI INTL / LOKPRIYA GOPINATH BORDOLOI INTL,26.1,91.583,21.0,1010.4,98.17
2010-04-18T00:00:00,42410099999,GUWAHATI INTL / LOKPRIYA GOPINATH BORDOLOI INTL,26.1,91.583,22.0,1008.4,92.91
2010-04-18T03:00:00,42410099999,GUWAHATI INTL / LOKPRIYA GOPINATH BORDOLOI INTL,26.1,91.583,24.2,1010.5,83.36
2010-04-18T06:00:00,42410099999,GUWAHATI INTL / LOKPRIYA GOPINATH BORDOLOI INTL,26.1,91.583,25.2,1009.1,83.48
2010-04-18T09:00:00,42410099999,GUWAHATI INTL / LOKPRIYA GOPINATH BORDOLOI INTL,26.1,91.583,26.0,1006.6,80.58
2010-04-18T12:00:00,42410099999,GUWAHATI INTL / LOKPRIYA GOPINATH BORDOLOI INTL,26.1,91.583,24.6,1006.5,89.73
2010-04-18T15:00:00,42410099999,GUWAHATI INTL / LOKPRIYA GOPINATH BORDOLOI INTL,26.1,91.583,25.0,1007.4,84.99
2010-04-18T18:00:00,42410099999,GUWAHATI INTL / LOKPRIYA GOPINATH BORDOLOI INTL,26.1,91.583,24.0,1007.6,86.46
2010-04-18T21:00:00,42410099999,GUWAHATI INTL / LOKPRIYA GOPINATH BORDOLOI INTL,26.1,91.583,23.2,1007.0,89.63
2010-04-19T00:00:00,42410099999,GUWAHATI INTL / LOKPRIYA GOPINATH BORDOLOI INTL,26.1,91.583,22.2,1005.3,94.65
2010-04-19T03:00:00,42410099999,GUWAHATI INTL / LOKPRIYA GOPINATH BORDOLOI INTL,26.1,91.583,22.2,1005.5,96.4
2010-04-19T06:00:00,42410099999,GUWAHATI INTL / LOKPRIYA GOPINATH BORDOLOI INTL,26.1,91.583,22.5,1005.5,95.83
2010-04-19T09:00:00,42410099999,GUWAHATI INTL / LOKPRIYA GOPINATH BORDOLOI INTL,26.1,91.583,22.2,1001.2,100.0
2010-04-19T12:00:00,42410099999,GUWAHATI INTL / LOKPRIYA GOPINATH BORDOLOI INTL,26.1,91.583,22.7,1000.2,97.6
2010-04-19T15:00:00,42410099999,GUWAHATI INTL / LOKPRIYA GOPINATH BORDOLOI INTL,26.1,91.583,22.5,1001.1,97.6
2010-04-19T18:00:00,42410099999,GUWAHATI INTL / LOKPRIYA GOPINATH BORDOLOI INTL,26.1,91.583,22.0,1002.3,100.0
2010-04-19T21:00:00,42410099999,GUWAHATI INTL / LOKPRIYA GOPINATH BORDOLOI INTL,26.1,91.583,22.2,1002.4,98.19
2010-04-20T00:00:00,42410099999,GUWAHATI INTL / LOKPRIYA GOPINATH BORDOLOI INTL,26.1,91.583,21.8,1001.4,100.0
2010-04-20T03:00:00,42410099999,GUWAHATI INTL / LOKPRIYA GOPINATH BORDOLOI INTL,26.1,91.583,22.4,1003.5,97.59
2010-04-20T06:00:00,42410099999,GUWAHATI INTL / LOKPRIYA GOPINATH BORDOLOI INTL,26.1,91.583,23.3,1002.5,92.98
2010-04-20T09:00:00,42410099999,GUWAHATI INTL / LOKPRIYA GOPINATH BORDOLOI INTL,26.1,91.583,23.4,1000.4,91.3
2010-04-20T12:00:00,42410099999,GUWAHATI INTL / LOKPRIYA GOPINATH BORDOLOI INTL,26.1,91.583,23.0,1000.9,92.96
2010-04-20T15:00:00,42410099999,GUWAHATI INTL / LOKPRIYA GOPINATH BORDOLOI INTL,26.1,91.583,22.4,1000.6,96.41
2010-04-20T18:00:00,42410099999,GUWAHATI INTL / LOKPRIYA GOPINATH BORDOLOI INTL,26.1,91.583,22.0,1001.5,98.19
2010-04-20T21:00:00,42410099999,GUWAHATI INTL / LOKPRIYA GOPINATH BORDOLOI INTL,26.1,91.583,21.6,1001.1,98.18
2010-04-21T00:00:00,42410099999,GUWAHATI INTL / LOKPRIYA GOPINATH BORDOLOI INTL,26.1,91.583,22.2,1003.1,98.19
2010-04-21T03:00:00,42410099999,GUWAHATI INTL / LOKPRIYA GOPINATH BORDOLOI INTL,26.1,91.583,24.2,1005.8,91.91
2010-04-21T06:00:00,42410099999,GUWAHATI INTL / LOKPRIYA GOPINATH BORDOLOI INTL,26.1,91.583,29.1,1004.3,70.98
2010-04-21T09:00:00,42410099999,GUWAHATI INTL / LOKPRIYA GOPINATH BORDOLOI INTL,26.1,91.583,29.0,1001.9,70.53
2010-04-21T12:00:00,42410099999,GUWAHATI INTL / LOKPRIYA GOPINATH BORDOLOI INTL,26.1,91.583,27.6,1001.3,80.79
2010-04-21T15:00:00,42410099999,GUWAHATI INTL / LOKPRIYA GOPINATH BORDOLOI INTL,26.1,91.583,26.8,1002.3,84.16
2010-04-21T18:00:00,42410099999,GUWAHATI INTL / LOKPRIYA GOPINATH BORDOLOI INTL,26.1,91.583,24.4,1002.3,91.36
2010-04-21T21:00:00,42410099999,GUWAHATI INTL / LOKPRIYA GOPINATH BORDOLOI INTL,26.1,91.583,23.2,1002.8,92.97
2010-04-22T00:00:00,42410099999,GUWAHATI INTL / LOKPRIYA GOPINATH BORDOLOI INTL,26.1,91.583,22.2,1002.0,92.92
2010-04-22T03:00:00,42410099999,GUWAHATI INTL / LOKPRIYA GOPINATH BORDOLOI INTL,26.1,91.583,23.4,1007.1,89.64
2010-04-22T06:00:00,42410099999,GUWAHATI INTL / LOKPRIYA GOPINATH BORDOLOI INTL,26.1,91.583,28.6,1006.5,69.19
2010-04-22T09:00:00,42410099999,GUWAHATI INTL / LOKPRIYA GOPINATH BORDOLOI INTL,26.1,91.583,30.4,1003.0,59.76
2010-04-22T12:00:00,42410099999,GUWAHATI INTL / LOKPRIYA GOPINATH BORDOLOI INTL,26.1,91.583,29.9,1002.0,70.27
2010-04-22T15:00:00,42410099999,GUWAHATI INTL / LOKPRIYA GOPINATH BORDOLOI INTL,26.1,91.583,27.7,1006.0,86.8
2010-04-22T18:00:00,42410099999,GUWAHATI INTL / LOKPRIYA GOPINATH BORDOLOI INTL,26.1,91.583,26.4,1003.7,87.21
2010-04-22T21:00:00,42410099999,GUWAHATI INTL / LOKPRIYA GOPINATH BORDOLOI INTL,26.1,91.583,23.4,1003.4,94.7
2010-04-23T00:00:00,42410099999,GUWAHATI INTL / LOKPRIYA GOPINATH BORDOLOI INTL,26.1,91.583,23.0,1006.4,81.19
2010-04-23T03:00:00,42410099999,GUWAHATI INTL / LOKPRIYA GOPINATH BORDOLOI INTL,26.1,91.583,26.4,1008.4,72.24
2010-04-23T06:00:00,42410099999,GUWAHATI INTL / LOKPRIYA GOPINATH BORDOLOI INTL,26.1,91.583,29.7,1007.3,66.52
2010-04-23T09:00:00,42410099999,GUWAHATI INTL / LOKPRIYA GOPINATH BORDOLOI INTL,26.1,91.583,31.6,1004.2,66.5
2010-04-23T12:00:00,42410099999,GUWAHATI INTL / LOKPRIYA GOPINATH BORDOLOI INTL,26.1,91.583,30.5,1003.4,75.15
2010-04-23T15:00:00,42410099999,GUWAHATI INTL / LOKPRIYA GOPINATH BORDOLOI INTL,26.1,91.583,28.8,1005.2,83.38
2010-04-23T18:00:00,42410099999,GUWAHATI INTL / LOKPRIYA GOPINATH BORDOLOI INTL,26.1,91.583,27.6,1005.4,90.48
2010-04-23T21:00:00,42410099999,GUWAHATI INTL / LOKPRIYA GOPINATH BORDOLOI INTL,26.1,91.583,27.0,1005.1,92.07
2010-04-24T00:00:00,42410099999,GUWAHATI INTL / LOKPRIYA GOPINATH BORDOLOI INTL,26.1,91.583,24.6,1006.2,67.99
2010-04-24T03:00:00,42410099999,GUWAHATI INTL / LOKPRIYA GOPINATH BORDOLOI INTL,26.1,91.583,28.4,1007.5,61.54
2010-04-24T06:00:00,42410099999,GUWAHATI INTL / LOKPRIYA GOPINATH BORDOLOI INTL,26.1,91.583,30.3,1006.4,66.64
2010-04-24T09:00:00,42410099999,GUWAHATI INTL / LOKPRIYA GOPINATH BORDOLOI INTL,26.1,91.583,32.9,1002.2,64.43
2010-04-24T12:00:00,42410099999,GUWAHATI INTL / LOKPRIYA GOPINATH BORDOLOI INTL,26.1,91.583,31.2,1000.7,75.71
2010-04-24T15:00:00,42410099999,GUWAHATI INTL / LOKPRIYA GOPINATH BORDOLOI INTL,26.1,91.583,28.0,1002.9,72.96
2010-04-24T18:00:00,42410099999,GUWAHATI INTL / LOKPRIYA GOPINATH BORDOLOI INTL,26.1,91.583,20.8,1005.3,98.17
2010-04-24T21:00:00,42410099999,GUWAHATI INTL / LOKPRIYA GOPINATH BORDOLOI INTL,26.1,91.583,20.4,1004.7,98.77
2010-04-25T00:00:00,42410099999,GUWAHATI INTL / LOKPRIYA GOPINATH BORDOLOI INTL,26.1,91.583,21.6,1006.4,85.7
2010-04-25T03:00:00,42410099999,GUWAHATI INTL / LOKPRIYA GOPINATH BORDOLOI INTL,26.1,91.583,26.1,1007.7,73.08
2010-04-25T06:00:00,42410099999,GUWAHATI INTL / LOKPRIYA GOPINATH BORDOLOI INTL,26.1,91.583,28.5,1006.3,64.28
2010-04-25T09:00:00,42410099999,GUWAHATI INTL / LOKPRIYA GOPINATH BORDOLOI INTL,26.1,91.583,29.1,1004.1,70.13
2010-04-25T12:00:00,42410099999,GUWAHATI INTL / LOKPRIYA GOPINATH BORDOLOI INTL,26.1,91.583,26.8,1004.6,80.68
2010-04-25T15:00:00,42410099999,GUWAHATI INTL / LOKPRIYA GOPINATH BORDOLOI INTL,26.1,91.583,22.0,1007.2,100.0
2010-04-25T18:00:00,42410099999,GUWAHATI INTL / LOKPRIYA GOPINATH BORDOLOI INTL,26.1,91.583,22.4,1007.9,96.41
2010-04-25T21:00:00,42410099999,GUWAHATI INTL / LOKPRIYA GOPINATH BORDOLOI INTL,26.1,91.583,22.2,1007.7,98.19
2010-04-26T00:00:00,42410099999,GUWAHATI INTL / LOKPRIYA GOPINATH BORDOLOI INTL,26.1,91.583,20.8,1011.0,92.28
2010-04-26T03:00:00,42410099999,GUWAHATI INTL / LOKPRIYA GOPINATH BORDOLOI INTL,26.1,91.583,25.4,1014.0,72.96
2010-04-26T06:00:00,42410099999,GUWAHATI INTL / LOKPRIYA GOPINATH BORDOLOI INTL,26.1,91.583,27.2,1013.5,74.17
2010-04-26T09:00:00,42410099999,GUWAHATI INTL / LOKPRIYA GOPINATH BORDOLOI INTL,26.1,91.583,26.8,1010.5,73.65
2010-04-26T12:00:00,42410099999,GUWAHATI INTL / LOKPRIYA GOPINATH BORDOLOI INTL,26.1,91.583,23.0,1011.5,82.71
2010-04-26T15:00:00,42410099999,GUWAHATI INTL / LOKPRIYA GOPINATH BORDOLOI INTL,26.1,91.583,22.8,1011.9,82.69
2010-04-26T18:00:00,42410099999,GUWAHATI INTL / LOKPRIYA GOPINATH BORDOLOI INTL,26.1,91.583,22.6,1012.5,85.8
2010-04-26T21:00:00,42410099999,GUWAHATI INTL / LOKPRIYA GOPINATH BORDOLOI INTL,26.1,91.583,21.4,1012.3,88.94
2010-04-27T00:00:00,42410099999,GUWAHATI INTL / LOKPRIYA GOPINATH BORDOLOI INTL,26.1,91.583,20.8,1015.2,96.37
2010-04-27T03:00:00,42410099999,GUWAHATI INTL / LOKPRIYA GOPINATH BORDOLOI INTL,26.1,91.583,21.6,1016.6,85.7
2010-04-27T05:30:00,42410099999,GUWAHATI INTL / LOKPRIYA GOPINATH BORDOLOI INTL,26.1,91.583,24.0,,78.35
2010-04-27T06:00:00,42410099999,GUWAHATI INTL / LOKPRIYA GOPINATH BORDOLOI INTL,26.1,91.583,23.8,1015.5,79.79
2010-04-27T09:00:00,42410099999,GUWAHATI INTL / LOKPRIYA GOPINATH BORDOLOI INTL,26.1,91.583,26.4,1012.2,58.1
2010-04-27T12:00:00,42410099999,GUWAHATI INTL / LOKPRIYA GOPINATH BORDOLOI INTL,26.1,91.583,26.2,1012.8,71.76
2010-04-27T15:00:00,42410099999,GUWAHATI INTL / LOKPRIYA GOPINATH BORDOLOI INTL,26.1,91.583,24.2,1013.5,86.48
2010-04-27T18:00:00,42410099999,GUWAHATI INTL / LOKPRIYA GOPINATH BORDOLOI INTL,26.1,91.583,23.0,1013.7,91.27
2010-04-27T21:00:00,42410099999,GUWAHATI INTL / LOKPRIYA GOPINATH BORDOLOI INTL,26.1,91.583,22.8,1013.5,92.95
2010-04-28T00:00:00,42410099999,GUWAHATI INTL / LOKPRIYA GOPINATH BORDOLOI INTL,26.1,91.583,21.4,1013.2,96.38
2010-04-28T03:00:00,42410099999,GUWAHATI INTL / LOKPRIYA GOPINATH BORDOLOI INTL,26.1,91.583,25.6,1013.5,74.36
2010-04-28T06:00:00,42410099999,GUWAHATI INTL / LOKPRIYA GOPINATH BORDOLOI INTL,26.1,91.583,29.4,1011.5,59.9
2010-04-28T09:00:00,42410099999,GUWAHATI INTL / LOKPRIYA GOPINATH BORDOLOI INTL,26.1,91.583,29.0,1009.0,51.83
2010-04-28T12:00:00,42410099999,GUWAHATI INTL / LOKPRIYA GOPINATH BORDOLOI INTL,26.1,91.583,28.4,1007.9,52.33
2010-04-28T15:00:00,42410099999,GUWAHATI INTL / LOKPRIYA GOPINATH BORDOLOI INTL,26.1,91.583,25.4,1009.6,84.52
2010-04-28T18:00:00,42410099999,GUWAHATI INTL / LOKPRIYA GOPINATH BORDOLOI INTL,26.1,91.583,24.2,1010.4,90.8
2010-04-29T00:00:00,42410099999,GUWAHATI INTL / LOKPRIYA GOPINATH BORDOLOI INTL,26.1,91.583,23.6,1009.9,86.42
2010-04-29T03:00:00,42410099999,GUWAHATI INTL / LOKPRIYA GOPINATH BORDOLOI INTL,26.1,91.583,22.0,1014.3,98.19
2010-04-29T06:00:00,42410099999,GUWAHATI INTL / LOKPRIYA GOPINATH BORDOLOI INTL,26.1,91.583,24.8,1012.9,83.43
2010-04-29T09:00:00,42410099999,GUWAHATI INTL / LOKPRIYA GOPINATH BORDOLOI INTL,26.1,91.583,27.6,1011.0,65.69
2010-04-29T12:00:00,42410099999,GUWAHATI INTL / LOKPRIYA GOPINATH BORDOLOI INTL,26.1,91.583,25.4,1009.5,79.04
2010-04-29T15:00:00,42410099999,GUWAHATI INTL / LOKPRIYA GOPINATH BORDOLOI INTL,26.1,91.583,24.2,1011.4,88.08
2010-04-29T18:00:00,42410099999,GUWAHATI INTL / LOKPRIYA GOPINATH BORDOLOI INTL,26.1,91.583,23.4,1012.6,89.64
2010-04-29T21:00:00,42410099999,GUWAHATI INTL / LOKPRIYA GOPINATH BORDOLOI INTL,26.1,91.583,23.2,1012.3,91.29
2010-04-30T00:00:00,42410099999,GUWAHATI INTL / LOKPRIYA GOPINATH BORDOLOI INTL,26.1,91.583,22.0,1012.2,96.4
2010-04-30T03:00:00,42410099999,GUWAHATI INTL / LOKPRIYA GOPINATH BORDOLOI INTL,26.1,91.583,25.0,1013.5,83.45
2010-04-30T06:00:00,42410099999,GUWAHATI INTL / LOKPRIYA GOPINATH BORDOLOI INTL,26.1,91.583,25.2,1012.5,86.57
2010-04-30T09:00:00,42410099999,GUWAHATI INTL / LOKPRIYA GOPINATH BORDOLOI INTL,26.1,91.583,27.6,1009.2,71.58
2010-04-30T12:00:00,42410099999,GUWAHATI INTL / LOKPRIYA GOPINATH BORDOLOI INTL,26.1,91.583,25.6,1007.6,79.07
2010-04-30T15:00:00,42410099999,GUWAHATI INTL / LOKPRIYA GOPINATH BORDOLOI INTL,26.1,91.583,24.8,1010.7,85.49
2010-04-30T18:00:00,42410099999,GUWAHATI INTL / LOKPRIYA GOPINATH BORDOLOI INTL,26.1,91.583,23.2,1012.4,89.63
2010-04-30T21:00:00,42410099999,GUWAHATI INTL / LOKPRIYA GOPINATH BORDOLOI INTL,26.1,91.583,23.0,1011.9,91.27
2010-05-01T00:00:00,42410099999,GUWAHATI INTL / LOKPRIYA GOPINATH BORDOLOI INTL,26.1,91.583,23.2,1011.5,95.27
2010-05-01T03:00:00,42410099999,GUWAHATI INTL / LOKPRIYA GOPINATH BORDOLOI INTL,26.1,91.583,25.0,1013.5,83.45
2010-05-01T06:00:00,42410099999,GUWAHATI INTL / LOKPRIYA GOPINATH BORDOLOI INTL,26.1,91.583,26.2,1012.1,82.58
2010-05-01T09:00:00,42410099999,GUWAHATI INTL / LOKPRIYA GOPINATH BORDOLOI INTL,26.1,91.583,31.2,1007.5,59.58
2010-05-01T12:00:00,42410099999,GUWAHATI INTL / LOKPRIYA GOPINATH BORDOLOI INTL,26.1,91.583,26.4,1005.2,73.59
2010-05-01T15:00:00,42410099999,GUWAHATI INTL / LOKPRIYA GOPINATH BORDOLOI INTL,26.1,91.583,26.8,1008.0,85.69
2010-05-01T18:00:00,42410099999,GUWAHATI INTL / LOKPRIYA GOPINATH BORDOLOI INTL,26.1,91.583,25.6,1009.1,88.73
2010-05-01T21:00:00,42410099999,GUWAHATI INTL / LOKPRIYA GOPINATH BORDOLOI INTL,26.1,91.583,25.2,1009.1,88.16
2010-05-02T00:00:00,42410099999,GUWAHATI INTL / LOKPRIYA GOPINATH BORDOLOI INTL,26.1,91.583,23.0,1009.6,98.2
2010-05-02T03:00:00,42410099999,GUWAHATI INTL / LOKPRIYA GOPINATH BORDOLOI INTL,26.1,91.583,23.4,1010.3,98.8
2010-05-02T06:00:00,42410099999,GUWAHATI INTL / LOKPRIYA GOPINATH BORDOLOI INTL,26.1,91.583,26.4,1009.4,87.21
2010-05-02T09:00:00,42410099999,GUWAHATI INTL / LOKPRIYA GOPINATH BORDOLOI INTL,26.1,91.583,29.4,1006.7,71.03
2010-05-02T12:00:00,42410099999,GUWAHATI INTL / LOKPRIYA GOPINATH BORDOLOI INTL,26.1,91.583,28.2,1006.0,76.15
2010-05-02T15:00:00,42410099999,GUWAHATI INTL / LOKPRIYA GOPINATH BORDOLOI INTL,26.1,91.583,26.0,1008.0,94.8
2010-05-02T18:00:00,42410099999,GUWAHATI INTL / LOKPRIYA GOPINATH BORDOLOI INTL,26.1,91.583,25.8,1007.3,93.11
2010-05-02T21:00:00,42410099999,GUWAHATI INTL / LOKPRIYA GOPINATH BORDOLOI INTL,26.1,91.583,25.2,1007.2,94.77
2010-05-03T00:00:00,42410099999,GUWAHATI INTL / LOKPRIYA GOPINATH BORDOLOI INTL,26.1,91.583,25.0,1006.2,96.48
2010-05-03T03:00:00,42410099999,GUWAHATI INTL / LOKPRIYA GOPINATH BORDOLOI INTL,26.1,91.583,28.4,1006.3,80.41
2010-05-03T06:00:00,42410099999,GUWAHATI INTL / LOKPRIYA GOPINATH BORDOLOI INTL,26.1,91.583,31.4,1005.8,69.71
2010-05-03T09:00:00,42410099999,GUWAHATI INTL / LOKPRIYA GOPINATH BORDOLOI INTL,26.1,91.583,32.0,1002.9,62.71
2010-05-03T11:30:00,42410099999,GUWAHATI INTL / LOKPRIYA GOPINATH BORDOLOI INTL,26.1,91.583,31.0,,70.48
2010-05-03T12:00:00,42410099999,GUWAHATI INTL / LOKPRIYA GOPINATH BORDOLOI INTL,26.1,91.583,30.2,1001.7,69.07
2010-05-03T15:00:00,42410099999,GUWAHATI INTL / LOKPRIYA GOPINATH BORDOLOI INTL,26.1,91.583,28.6,1003.2,86.37
2010-05-03T18:00:00,42410099999,GUWAHATI INTL / LOKPRIYA GOPINATH BORDOLOI INTL,26.1,91.583,27.8,1004.0,88.9
2010-05-03T21:00:00,42410099999,GUWAHATI INTL / LOKPRIYA GOPINATH BORDOLOI INTL,26.1,91.583,27.2,1004.1,92.08
2010-05-04T00:00:00,42410099999,GUWAHATI INTL / LOKPRIYA GOPINATH BORDOLOI INTL,26.1,91.583,24.6,1006.1,78.44
2010-05-04T03:00:00,42410099999,GUWAHATI INTL / LOKPRIYA GOPINATH BORDOLOI INTL,26.1,91.583,28.6,1005.1,65.09
2010-05-04T06:00:00,42410099999,GUWAHATI INTL / LOKPRIYA GOPINATH BORDOLOI INTL,26.1,91.583,30.4,1005.2,65.07
2010-05-04T09:00:00,42410099999,GUWAHATI INTL / LOKPRIYA GOPINATH BORDOLOI INTL,26.1,91.583,33.0,1002.3,55.47
2010-05-04T12:00:00,42410099999,GUWAHATI INTL / LOKPRIYA GOPINATH BORDOLOI INTL,26.1,91.583,31.0,1002.3,64.41
2010-05-04T15:00:00,42410099999,GUWAHATI INTL / LOKPRIYA GOPINATH BORDOLOI INTL,26.1,91.583,27.4,1005.7,88.87
2010-05-04T18:00:00,42410099999,GUWAHATI INTL / LOKPRIYA GOPINATH BORDOLOI INTL,26.1,91.583,26.8,1006.3,92.05
2010-05-04T21:00:00,42410099999,GUWAHATI INTL / LOKPRIYA GOPINATH BORDOLOI INTL,26.1,91.583,26.0,1005.9,96.5
2010-05-05T00:00:00,42410099999,GUWAHATI INTL / LOKPRIYA GOPINATH BORDOLOI INTL,26.1,91.583,24.2,1006.0,91.35
2010-05-05T03:00:00,42410099999,GUWAHATI INTL / LOKPRIYA GOPINATH BORDOLOI INTL,26.1,91.583,26.4,1008.0,85.65
2010-05-05T06:00:00,42410099999,GUWAHATI INTL / LOKPRIYA GOPINATH BORDOLOI INTL,26.1,91.583,30.0,1005.5,67.39
2010-05-05T09:00:00,42410099999,GUWAHATI INTL / LOKPRIYA GOPINATH BORDOLOI INTL,26.1,91.583,30.0,1003.1,64.99
2010-05-05T12:00:00,42410099999,GUWAHATI INTL / LOKPRIYA GOPINATH BORDOLOI INTL,26.1,91.583,29.4,1002.4,68.51
2010-05-05T15:00:00,42410099999,GUWAHATI INTL / LOKPRIYA GOPINATH BORDOLOI INTL,26.1,91.583,26.6,1004.6,87.23
2010-05-05T18:00:00,42410099999,GUWAHATI INTL / LOKPRIYA GOPINATH BORDOLOI INTL,26.1,91.583,26.2,1005.2,88.77
2010-05-05T21:00:00,42410099999,GUWAHATI INTL / LOKPRIYA GOPINATH BORDOLOI INTL,26.1,91.583,25.8,1004.5,90.36
2010-05-06T00:00:00,42410099999,GUWAHATI INTL / LOKPRIYA GOPINATH BORDOLOI INTL,26.1,91.583,24.8,1007.1,93.06
2010-05-06T03:00:00,42410099999,GUWAHATI INTL / LOKPRIYA GOPINATH BORDOLOI INTL,26.1,91.583,28.6,1007.1,72.19
2010-05-06T06:00:00,42410099999,GUWAHATI INTL / LOKPRIYA GOPINATH BORDOLOI INTL,26.1,91.583,29.2,1006.9,76.3
2010-05-06T09:00:00,42410099999,GUWAHATI INTL / LOKPRIYA GOPINATH BORDOLOI INTL,26.1,91.583,32.2,1003.3,55.95
2010-05-06T12:00:00,42410099999,GUWAHATI INTL / LOKPRIYA GOPINATH BORDOLOI INTL,26.1,91.583,26.0,997.4,87.17
2010-05-06T15:00:00,42410099999,GUWAHATI INTL / LOKPRIYA GOPINATH BORDOLOI INTL,26.1,91.583,25.6,1006.1,88.19
2010-05-06T18:00:00,42410099999,GUWAHATI INTL / LOKPRIYA GOPINATH BORDOLOI INTL,26.1,91.583,25.0,1006.7,93.63
2010-05-06T21:00:00,42410099999,GUWAHATI INTL / LOKPRIYA GOPINATH BORDOLOI INTL,26.1,91.583,24.8,1006.0,93.06
2010-05-07T00:00:00,42410099999,GUWAHATI INTL / LOKPRIYA GOPINATH BORDOLOI INTL,26.1,91.583,24.4,1006.2,94.74
2010-05-07T03:00:00,42410099999,GUWAHATI INTL / LOKPRIYA GOPINATH BORDOLOI INTL,26.1,91.583,30.0,1007.1,66.18
2010-05-07T06:00:00,42410099999,GUWAHATI INTL / LOKPRIYA GOPINATH BORDOLOI INTL,26.1,91.583,31.4,1005.5,59.99
2010-05-07T09:00:00,42410099999,GUWAHATI INTL / LOKPRIYA GOPINATH BORDOLOI INTL,26.1,91.583,28.0,1003.6,76.12
2010-05-07T12:00:00,42410099999,GUWAHATI INTL / LOKPRIYA GOPINATH BORDOLOI INTL,26.1,91.583,23.6,1004.5,98.21
2010-05-07T15:00:00,42410099999,GUWAHATI INTL / LOKPRIYA GOPINATH BORDOLOI INTL,26.1,91.583,24.2,1004.9,98.21
2010-05-07T18:00:00,42410099999,GUWAHATI INTL / LOKPRIYA GOPINATH BORDOLOI INTL,26.1,91.583,24.2,1005.5,93.03
2010-05-07T21:00:00,42410099999,GUWAHATI INTL / LOKPRIYA GOPINATH BORDOLOI INTL,26.1,91.583,24.4,1005.3,93.04
2010-05-08T00:00:00,42410099999,GUWAHATI INTL / LOKPRIYA GOPINATH BORDOLOI INTL,26.1,91.583,24.0,1003.9,96.45
2010-05-08T03:00:00,42410099999,GUWAHATI INTL / LOKPRIYA GOPINATH BORDOLOI INTL,26.1,91.583,24.8,1006.1,91.39
2010-05-08T06:00:00,42410099999,GUWAHATI INTL / LOKPRIYA GOPINATH BORDOLOI INTL,26.1,91.583,26.8,1004.4,84.16
2010-05-08T09:00:00,42410099999,GUWAHATI INTL / LOKPRIYA GOPINATH BORDOLOI INTL,26.1,91.583,28.0,1002.8,75.66
2010-05-08T18:00:00,42410099999,GUWAHATI INTL / LOKPRIYA GOPINATH BORDOLOI INTL,26.1,91.583,25.0,1004.3,93.07
2010-05-08T21:00:00,42410099999,GUWAHATI INTL / LOKPRIYA GOPINATH BORDOLOI INTL,26.1,91.583,24.4,1005.1,94.17
2010-05-09T00:00:00,42410099999,GUWAHATI INTL / LOKPRIYA GOPINATH BORDOLOI INTL,26.1,91.583,23.4,1001.8,96.44
2010-05-09T03:00:00,42410099999,GUWAHATI INTL / LOKPRIYA GOPINATH BORDOLOI INTL,26.1,91.583,24.0,1004.3,91.34
2010-05-09T06:00:00,42410099999,GUWAHATI INTL / LOKPRIYA GOPINATH BORDOLOI INTL,26.1,91.583,25.0,1002.4,94.76
2010-05-09T09:00:00,42410099999,GUWAHATI INTL / LOKPRIYA GOPINATH BORDOLOI INTL,26.1,91.583,29.0,1000.1,76.27
2010-05-09T12:00:00,42410099999,GUWAHATI INTL / LOKPRIYA GOPINATH BORDOLOI INTL,26.1,91.583,29.4,999.6,72.33
2010-05-09T15:00:00,42410099999,GUWAHATI INTL / LOKPRIYA GOPINATH BORDOLOI INTL,26.1,91.583,25.0,1001.3,98.23
2010-05-09T18:00:00,42410099999,GUWAHATI INTL / LOKPRIYA GOPINATH BORDOLOI INTL,26.1,91.583,25.0,1002.5,98.23
2010-05-09T21:00:00,42410099999,GUWAHATI INTL / LOKPRIYA GOPINATH BORDOLOI INTL,26.1,91.583,24.4,1003.6,94.74
2010-05-10T00:00:00,42410099999,GUWAHATI INTL / LOKPRIYA GOPINATH BORDOLOI INTL,26.1,91.583,24.2,1002.3,91.91
2010-05-10T03:00:00,42410099999,GUWAHATI INTL / LOKPRIYA GOPINATH BORDOLOI INTL,26.1,91.583,25.2,1004.8,88.16
2010-05-10T06:00:00,42410099999,GUWAHATI INTL / LOKPRIYA GOPINATH BORDOLOI INTL,26.1,91.583,25.0,1004.3,81.94
2010-05-10T09:00:00,42410099999,GUWAHATI INTL / LOKPRIYA GOPINATH BORDOLOI INTL,26.1,91.583,26.2,1001.2,81.59
2010-05-10T12:00:00,42410099999,GUWAHATI INTL / LOKPRIYA GOPINATH BORDOLOI INTL,26.1,91.583,25.0,1001.1,84.99
2010-05-10T15:00:00,42410099999,GUWAHATI INTL / LOKPRIYA GOPINATH BORDOLOI INTL,26.1,91.583,24.0,1001.8,93.02
2010-05-10T18:00:00,42410099999,GUWAHATI INTL / LOKPRIYA GOPINATH BORDOLOI INTL,26.1,91.583,24.0,1001.8,94.72
2010-05-10T21:00:00,42410099999,GUWAHATI INTL / LOKPRIYA GOPINATH BORDOLOI INTL,26.1,91.583,23.8,1003.0,94.71
2010-05-11T00:00:00,42410099999,GUWAHATI INTL / LOKPRIYA GOPINATH BORDOLOI INTL,26.1,91.583,23.0,1001.7,91.27
2010-05-11T03:00:00,42410099999,GUWAHATI INTL / LOKPRIYA GOPINATH BORDOLOI INTL,26.1,91.583,27.0,1003.2,78.31
2010-05-11T06:00:00,42410099999,GUWAHATI INTL / LOKPRIYA GOPINATH BORDOLOI INTL,26.1,91.583,29.0,1002.2,73.58
2010-05-11T09:00:00,42410099999,GUWAHATI INTL / LOKPRIYA GOPINATH BORDOLOI INTL,26.1,91.583,31.0,999.6,70.9
2010-05-11T12:00:00,42410099999,GUWAHATI INTL / LOKPRIYA GOPINATH BORDOLOI INTL,26.1,91.583,30.0,998.0,74.18
2010-05-11T15:00:00,42410099999,GUWAHATI INTL / LOKPRIYA GOPINATH BORDOLOI INTL,26.1,91.583,28.0,998.9,90.51
2010-05-11T18:00:00,42410099999,GUWAHATI INTL / LOKPRIYA GOPINATH BORDOLOI INTL,26.1,91.583,26.4,999.5,93.69
2010-05-11T21:00:00,42410099999,GUWAHATI INTL / LOKPRIYA GOPINATH BORDOLOI INTL,26.1,91.583,24.2,1000.8,94.73
2010-05-12T00:00:00,42410099999,GUWAHATI INTL / LOKPRIYA GOPINATH BORDOLOI INTL,26.1,91.583,25.0,1001.7,86.56
2010-05-12T03:00:00,42410099999,GUWAHATI INTL / LOKPRIYA GOPINATH BORDOLOI INTL,26.1,91.583,28.0,1005.1,71.65
2010-05-12T06:00:00,42410099999,GUWAHATI INTL / LOKPRIYA GOPINATH BORDOLOI INTL,26.1,91.583,30.4,1003.1,66.66
2010-05-12T09:00:00,42410099999,GUWAHATI INTL / LOKPRIYA GOPINATH BORDOLOI INTL,26.1,91.583,31.4,999.9,68.48
2010-05-12T12:00:00,42410099999,GUWAHATI INTL / LOKPRIYA GOPINATH BORDOLOI INTL,26.1,91.583,30.8,998.9,77.0
2010-05-12T15:00:00,42410099999,GUWAHATI INTL / LOKPRIYA GOPINATH BORDOLOI INTL,26.1,91.583,29.2,1000.7,89.53
2010-05-12T18:00:00,42410099999,GUWAHATI INTL / LOKPRIYA GOPINATH BORDOLOI INTL,26.1,91.583,27.4,1001.3,92.09
2010-05-12T21:00:00,42410099999,GUWAHATI INTL / LOKPRIYA GOPINATH BORDOLOI INTL,26.1,91.583,25.4,1001.0,91.42
2010-05-13T00:00:00,42410099999,GUWAHATI INTL / LOKPRIYA GOPINATH BORDOLOI INTL,26.1,91.583,25.6,1003.1,87.14
2010-05-13T03:00:00,42410099999,GUWAHATI INTL / LOKPRIYA GOPINATH BORDOLOI INTL,26.1,91.583,29.4,1004.7,68.51
2010-05-13T06:00:00,42410099999,GUWAHATI INTL / LOKPRIYA GOPINATH BORDOLOI INTL,26.1,91.583,31.2,1004.0,65.63
2010-05-13T09:00:00,42410099999,GUWAHATI INTL / LOKPRIYA GOPINATH BORDOLOI INTL,26.1,91.583,32.8,1000.7,61.03
2010-05-14T03:00:00,42410099999,GUWAHATI INTL / LOKPRIYA GOPINATH BORDOLOI INTL,26.1,91.583,28.0,1006.7,60.7
2010-05-14T06:00:00,42410099999,GUWAHATI INTL / LOKPRIYA GOPINATH BORDOLOI INTL,26.1,91.583,29.0,1006.1,69.69
2010-05-14T09:00:00,42410099999,GUWAHATI INTL / LOKPRIYA GOPINATH BORDOLOI INTL,26.1,91.583,32.6,1003.4,59.54
2010-05-14T12:00:00,42410099999,GUWAHATI INTL / LOKPRIYA GOPINATH BORDOLOI INTL,26.1,91.583,29.4,1000.9,68.51
2010-05-14T15:00:00,42410099999,GUWAHATI INTL / LOKPRIYA GOPINATH BORDOLOI INTL,26.1,91.583,28.0,1000.5,72.96
2010-05-14T18:00:00,42410099999,GUWAHATI INTL / LOKPRIYA GOPINATH BORDOLOI INTL,26.1,91.583,24.4,1003.1,91.36
2010-05-14T21:00:00,42410099999,GUWAHATI INTL / LOKPRIYA GOPINATH BORDOLOI INTL,26.1,91.583,24.2,1002.3,91.35
2010-05-15T00:00:00,42410099999,GUWAHATI INTL / LOKPRIYA GOPINATH BORDOLOI INTL,26.1,91.583,23.0,1005.3,92.96
2010-05-15T03:00:00,42410099999,GUWAHATI INTL / LOKPRIYA GOPINATH BORDOLOI INTL,26.1,91.583,27.4,1005.0,78.36
2010-05-15T06:00:00,42410099999,GUWAHATI INTL / LOKPRIYA GOPINATH BORDOLOI INTL,26.1,91.583,31.0,1004.6,62.12
2010-05-15T09:00:00,42410099999,GUWAHATI INTL / LOKPRIYA GOPINATH BORDOLOI INTL,26.1,91.583,32.4,1001.2,61.68
2010-05-15T12:00:00,42410099999,GUWAHATI INTL / LOKPRIYA GOPINATH BORDOLOI INTL,26.1,91.583,32.0,1000.6,61.59
2010-05-15T15:00:00,42410099999,GUWAHATI INTL / LOKPRIYA GOPINATH BORDOLOI INTL,26.1,91.583,28.2,1002.7,83.31
2010-05-15T18:00:00,42410099999,GUWAHATI INTL / LOKPRIYA GOPINATH BORDOLOI INTL,26.1,91.583,26.0,1005.2,92.01
2010-05-15T21:00:00,42410099999,GUWAHATI INTL / LOKPRIYA GOPINATH BORDOLOI INTL,26.1,91.583,25.0,1004.2,91.4
2010-05-16T00:00:00,42410099999,GUWAHATI INTL / LOKPRIYA GOPINATH BORDOLOI INTL,26.1,91.583,23.0,1004.3,82.71
2010-05-16T03:00:00,42410099999,GUWAHATI INTL / LOKPRIYA GOPINATH BORDOLOI INTL,26.1,91.583,27.0,1005.7,65.56
2010-05-16T06:00:00,42410099999,GUWAHATI INTL / LOKPRIYA GOPINATH BORDOLOI INTL,26.1,91.583,28.2,1005.5,74.34
2010-05-16T09:00:00,42410099999,GUWAHATI INTL / LOKPRIYA GOPINATH BORDOLOI INTL,26.1,91.583,28.8,1003.9,67.98
2010-05-16T12:00:00,42410099999,GUWAHATI INTL / LOKPRIYA GOPINATH BORDOLOI INTL,26.1,91.583,26.6,1004.6,69.23
2010-05-16T15:00:00,42410099999,GUWAHATI INTL / LOKPRIYA GOPINATH BORDOLOI INTL,26.1,91.583,24.4,1007.1,79.88
2010-05-16T18:00:00,42410099999,GUWAHATI INTL / LOKPRIYA GOPINATH BORDOLOI INTL,26.1,91.583,24.0,1007.6,81.31
2010-05-16T21:00:00,42410099999,GUWAHATI INTL / LOKPRIYA GOPINATH BORDOLOI INTL,26.1,91.583,23.4,1006.3,82.76
2010-05-17T00:00:00,42410099999,GUWAHATI INTL / LOKPRIYA GOPINATH BORDOLOI INTL,26.1,91.583,22.4,1008.3,91.24
2010-05-17T06:00:00,42410099999,GUWAHATI INTL / LOKPRIYA GOPINATH BORDOLOI INTL,26.1,91.583,27.8,1008.4,68.62
2010-05-17T09:00:00,42410099999,GUWAHATI INTL / LOKPRIYA GOPINATH BORDOLOI INTL,26.1,91.583,28.4,1006.1,70.42
2010-05-17T12:00:00,42410099999,GUWAHATI INTL / LOKPRIYA GOPINATH BORDOLOI INTL,26.1,91.583,27.0,1005.5,69.74
2010-05-17T15:00:00,42410099999,GUWAHATI INTL / LOKPRIYA GOPINATH BORDOLOI INTL,26.1,91.583,24.8,1007.4,86.54
2010-05-17T18:00:00,42410099999,GUWAHATI INTL / LOKPRIYA GOPINATH BORDOLOI INTL,26.1,91.583,24.2,1008.0,86.48
2010-05-17T21:00:00,42410099999,GUWAHATI INTL / LOKPRIYA GOPINATH BORDOLOI INTL,26.1,91.583,23.2,1006.9,82.73
2010-05-18T00:00:00,42410099999,GUWAHATI INTL / LOKPRIYA GOPINATH BORDOLOI INTL,26.1,91.583,24.2,1008.0,84.91
2010-05-18T03:00:00,42410099999,GUWAHATI INTL / LOKPRIYA GOPINATH BORDOLOI INTL,26.1,91.583,27.4,1009.1,81.25
2010-05-18T06:00:00,42410099999,GUWAHATI INTL / LOKPRIYA GOPINATH BORDOLOI INTL,26.1,91.583,31.4,1007.9,63.34
2010-05-18T09:00:00,42410099999,GUWAHATI INTL / LOKPRIYA GOPINATH BORDOLOI INTL,26.1,91.583,32.8,1005.3,58.52
2010-05-18T12:00:00,42410099999,GUWAHATI INTL / LOKPRIYA GOPINATH BORDOLOI INTL,26.1,91.583,31.0,1004.9,67.99
2010-05-18T15:00:00,42410099999,GUWAHATI INTL / LOKPRIYA GOPINATH BORDOLOI INTL,26.1,91.583,28.4,1006.3,81.86
2010-05-18T18:00:00,42410099999,GUWAHATI INTL / LOKPRIYA GOPINATH BORDOLOI INTL,26.1,91.583,26.8,1007.3,90.43
2010-05-18T21:00:00,42410099999,GUWAHATI INTL / LOKPRIYA GOPINATH BORDOLOI INTL,26.1,91.583,26.0,1006.3,93.67
2010-05-19T00:00:00,42410099999,GUWAHATI INTL / LOKPRIYA GOPINATH BORDOLOI INTL,26.1,91.583,25.0,1007.3,96.48
2010-05-19T03:00:00,42410099999,GUWAHATI INTL / LOKPRIYA GOPINATH BORDOLOI INTL,26.1,91.583,26.0,1007.9,87.17
2010-05-19T06:00:00,42410099999,GUWAHATI INTL / LOKPRIYA GOPINATH BORDOLOI INTL,26.1,91.583,27.4,1007.1,81.25
2010-05-19T09:00:00,42410099999,GUWAHATI INTL / LOKPRIYA GOPINATH BORDOLOI INTL,26.1,91.583,30.6,1004.3,69.15
2010-05-19T12:00:00,42410099999,GUWAHATI INTL / LOKPRIYA GOPINATH BORDOLOI INTL,26.1,91.583,28.0,1002.7,80.35
2010-05-19T15:00:00,42410099999,GUWAHATI INTL / LOKPRIYA GOPINATH BORDOLOI INTL,26.1,91.583,26.4,1004.8,88.79
2010-05-19T18:00:00,42410099999,GUWAHATI INTL / LOKPRIYA GOPINATH BORDOLOI INTL,26.1,91.583,26.0,1005.8,90.37
2010-05-19T21:00:00,42410099999,GUWAHATI INTL / LOKPRIYA GOPINATH BORDOLOI INTL,26.1,91.583,25.2,1005.3,91.41
2010-05-20T00:00:00,42410099999,GUWAHATI INTL / LOKPRIYA GOPINATH BORDOLOI INTL,26.1,91.583,24.4,1004.0,96.46
2010-05-20T03:00:00,42410099999,GUWAHATI INTL / LOKPRIYA GOPINATH BORDOLOI INTL,26.1,91.583,24.8,1005.3,93.06
2010-05-20T06:00:00,42410099999,GUWAHATI INTL / LOKPRIYA GOPINATH BORDOLOI INTL,26.1,91.583,26.0,1004.4,87.17
2010-05-20T09:00:00,42410099999,GUWAHATI INTL / LOKPRIYA GOPINATH BORDOLOI INTL,26.1,91.583,25.2,1003.0,93.08
2010-05-20T12:00:00,42410099999,GUWAHATI INTL / LOKPRIYA GOPINATH BORDOLOI INTL,26.1,91.583,26.0,1001.4,85.61
2010-05-20T15:00:00,42410099999,GUWAHATI INTL / LOKPRIYA GOPINATH BORDOLOI INTL,26.1,91.583,24.0,1005.2,94.72
2010-05-20T18:00:00,42410099999,GUWAHATI INTL / LOKPRIYA GOPINATH BORDOLOI INTL,26.1,91.583,23.4,1004.6,96.44
2010-05-20T21:00:00,42410099999,GUWAHATI INTL / LOKPRIYA GOPINATH BORDOLOI INTL,26.1,91.583,23.0,1004.3,96.43
2010-05-21T00:00:00,42410099999,GUWAHATI INTL / LOKPRIYA GOPINATH BORDOLOI INTL,26.1,91.583,23.6,1005.3,92.99
2010-05-21T03:00:00,42410099999,GUWAHATI INTL / LOKPRIYA GOPINATH BORDOLOI INTL,26.1,91.583,24.6,1006.8,91.37
2010-05-21T06:00:00,42410099999,GUWAHATI INTL / LOKPRIYA GOPINATH BORDOLOI INTL,26.1,91.583,28.2,1006.7,78.95
2010-05-21T09:00:00,42410099999,GUWAHATI INTL / LOKPRIYA GOPINATH BORDOLOI INTL,26.1,91.583,27.4,1004.6,79.79
2010-05-21T12:00:00,42410099999,GUWAHATI INTL / LOKPRIYA GOPINATH BORDOLOI INTL,26.1,91.583,27.0,1005.1,76.89
2010-05-21T15:00:00,42410099999,GUWAHATI INTL / LOKPRIYA GOPINATH BORDOLOI INTL,26.1,91.583,25.4,1006.0,94.77
2010-05-21T18:00:00,42410099999,GUWAHATI INTL / LOKPRIYA GOPINATH BORDOLOI INTL,26.1,91.583,25.0,1005.3,96.48
2010-05-21T21:00:00,42410099999,GUWAHATI INTL / LOKPRIYA GOPINATH BORDOLOI INTL,26.1,91.583,23.8,1004.7,94.71
2010-05-22T00:00:00,42410099999,GUWAHATI INTL / LOKPRIYA GOPINATH BORDOLOI INTL,26.1,91.583,24.4,1007.7,94.74
2010-05-22T03:00:00,42410099999,GUWAHATI INTL / LOKPRIYA GOPINATH BORDOLOI INTL,26.1,91.583,27.0,1010.2,84.18
2010-05-22T06:00:00,42410099999,GUWAHATI INTL / LOKPRIYA GOPINATH BORDOLOI INTL,26.1,91.583,30.2,1007.3,70.33
2010-05-22T09:00:00,42410099999,GUWAHATI INTL / LOKPRIYA GOPINATH BORDOLOI INTL,26.1,91.583,31.0,1005.6,67.99
2010-05-22T12:00:00,42410099999,GUWAHATI INTL / LOKPRIYA GOPINATH BORDOLOI INTL,26.1,91.583,32.0,1004.8,66.19
2010-05-22T15:00:00,42410099999,GUWAHATI INTL / LOKPRIYA GOPINATH BORDOLOI INTL,26.1,91.583,27.6,1006.3,92.1
2010-05-22T18:00:00,42410099999,GUWAHATI INTL / LOKPRIYA GOPINATH BORDOLOI INTL,26.1,91.583,26.0,1007.1,93.67
2010-05-22T21:00:00,42410099999,GUWAHATI INTL / LOKPRIYA GOPINATH BORDOLOI INTL,26.1,91.583,25.4,1006.0,93.09
2010-05-23T00:00:00,42410099999,GUWAHATI INTL / LOKPRIYA GOPINATH BORDOLOI INTL,26.1,91.583,25.4,1005.8,94.77
2010-05-23T03:00:00,42410099999,GUWAHATI INTL / LOKPRIYA GOPINATH BORDOLOI INTL,26.1,91.583,30.2,1007.7,75.55
2010-05-23T06:00:00,42410099999,GUWAHATI INTL / LOKPRIYA GOPINATH BORDOLOI INTL,26.1,91.583,31.6,1005.2,69.75
2010-05-23T09:00:00,42410099999,GUWAHATI INTL / LOKPRIYA GOPINATH BORDOLOI INTL,26.1,91.583,33.0,1001.9,61.08
2010-05-23T12:00:00,42410099999,GUWAHATI INTL / LOKPRIYA GOPINATH BORDOLOI INTL,26.1,91.583,31.6,1002.4,71.0
2010-05-23T15:00:00,42410099999,GUWAHATI INTL / LOKPRIYA GOPINATH BORDOLOI INTL,26.1,91.583,28.2,1003.0,84.81
2010-05-23T18:00:00,42410099999,GUWAHATI INTL / LOKPRIYA GOPINATH BORDOLOI INTL,26.1,91.583,26.8,1003.2,93.71
2010-05-23T21:00:00,42410099999,GUWAHATI INTL / LOKPRIYA GOPINATH BORDOLOI INTL,26.1,91.583,25.6,1002.5,93.1
2010-05-24T00:00:00,42410099999,GUWAHATI INTL / LOKPRIYA GOPINATH BORDOLOI INTL,26.1,91.583,26.4,1001.8,94.81
2010-05-24T03:00:00,42410099999,GUWAHATI INTL / LOKPRIYA GOPINATH BORDOLOI INTL,26.1,91.583,28.4,1002.8,80.41
2010-05-24T06:00:00,42410099999,GUWAHATI INTL / LOKPRIYA GOPINATH BORDOLOI INTL,26.1,91.583,30.2,1001.8,76.91
2010-05-24T09:00:00,42410099999,GUWAHATI INTL / LOKPRIYA GOPINATH BORDOLOI INTL,26.1,91.583,33.0,998.1,59.99
2010-05-24T12:00:00,42410099999,GUWAHATI INTL / LOKPRIYA GOPINATH BORDOLOI INTL,26.1,91.583,24.0,1000.5,94.72
2010-05-24T15:00:00,42410099999,GUWAHATI INTL / LOKPRIYA GOPINATH BORDOLOI INTL,26.1,91.583,24.6,1002.0,94.74
2010-05-24T18:00:00,42410099999,GUWAHATI INTL / LOKPRIYA GOPINATH BORDOLOI INTL,26.1,91.583,24.2,1002.5,96.46
2010-05-24T21:00:00,42410099999,GUWAHATI INTL / LOKPRIYA GOPINATH BORDOLOI INTL,26.1,91.583,24.0,1003.4,96.45
2010-05-25T00:00:00,42410099999,GUWAHATI INTL / LOKPRIYA GOPINATH BORDOLOI INTL,26.1,91.583,23.4,1000.3,96.44
2010-05-25T03:00:00,42410099999,GUWAHATI INTL / LOKPRIYA GOPINATH BORDOLOI INTL,26.1,91.583,27.2,1000.2,81.22
2010-05-25T06:00:00,42410099999,GUWAHATI INTL / LOKPRIYA GOPINATH BORDOLOI INTL,26.1,91.583,29.6,999.5,78.21
2010-05-25T09:00:00,42410099999,GUWAHATI INTL / LOKPRIYA GOPINATH BORDOLOI INTL,26.1,91.583,30.2,996.3,71.61
2010-05-25T12:00:00,42410099999,GUWAHATI INTL / LOKPRIYA GOPINATH BORDOLOI INTL,26.1,91.583,29.6,996.1,66.1
2010-05-25T15:00:00,42410099999,GUWAHATI INTL / LOKPRIYA GOPINATH BORDOLOI INTL,26.1,91.583,25.0,998.4,91.4
2010-05-25T18:00:00,42410099999,GUWAHATI INTL / LOKPRIYA GOPINATH BORDOLOI INTL,26.1,91.583,24.4,999.0,94.74
2010-05-25T21:00:00,42410099999,GUWAHATI INTL / LOKPRIYA GOPINATH BORDOLOI INTL,26.1,91.583,24.0,999.5,98.21
2010-05-26T00:00:00,42410099999,GUWAHATI INTL / LOKPRIYA GOPINATH BORDOLOI INTL,26.1,91.583,24.4,998.6,94.74
2010-05-26T02:30:00,42410099999,GUWAHATI INTL / LOKPRIYA GOPINATH BORDOLOI INTL,26.1,91.583,27.0,,88.84
2010-05-26T03:00:00,42410099999,GUWAHATI INTL / LOKPRIYA GOPINATH BORDOLOI INTL,26.1,91.583,29.6,999.0,74.12
2010-05-26T06:00:00,42410099999,GUWAHATI INTL / LOKPRIYA GOPINATH BORDOLOI INTL,26.1,91.583,30.2,999.1,76.91
2010-05-26T09:00:00,42410099999,GUWAHATI INTL / LOKPRIYA GOPINATH BORDOLOI INTL,26.1,91.583,32.6,996.7,63.22
2010-05-26T12:00:00,42410099999,GUWAHATI INTL / LOKPRIYA GOPINATH BORDOLOI INTL,26.1,91.583,31.4,997.2,69.71
2010-05-26T15:00:00,42410099999,GUWAHATI INTL / LOKPRIYA GOPINATH BORDOLOI INTL,26.1,91.583,28.8,999.2,86.39
2010-05-26T18:00:00,42410099999,GUWAHATI INTL / LOKPRIYA GOPINATH BORDOLOI INTL,26.1,91.583,28.0,1000.1,85.81
2010-05-26T21:00:00,42410099999,GUWAHATI INTL / LOKPRIYA GOPINATH BORDOLOI INTL,26.1,91.583,27.4,999.1,87.3
2010-05-27T00:00:00,42410099999,GUWAHATI INTL / LOKPRIYA GOPINATH BORDOLOI INTL,26.1,91.583,24.6,1000.6,89.73
2010-05-27T03:00:00,42410099999,GUWAHATI INTL / LOKPRIYA GOPINATH BORDOLOI INTL,26.1,91.583,26.4,1003.0,87.21
2010-05-27T06:00:00,42410099999,GUWAHATI INTL / LOKPRIYA GOPINATH BORDOLOI INTL,26.1,91.583,27.0,1003.5,84.18
2010-05-27T09:00:00,42410099999,GUWAHATI INTL / LOKPRIYA GOPINATH BORDOLOI INTL,26.1,91.583,27.4,1001.3,82.72
2010-05-27T12:00:00,42410099999,GUWAHATI INTL / LOKPRIYA GOPINATH BORDOLOI INTL,26.1,91.583,27.0,1001.0,85.71
2010-05-27T15:00:00,42410099999,GUWAHATI INTL / LOKPRIYA GOPINATH BORDOLOI INTL,26.1,91.583,26.4,1004.4,93.69
2010-05-27T18:00:00,42410099999,GUWAHATI INTL / LOKPRIYA GOPINATH BORDOLOI INTL,26.1,91.583,26.0,1004.8,93.67
2010-05-27T21:00:00,42410099999,GUWAHATI INTL / LOKPRIYA GOPINATH BORDOLOI INTL,26.1,91.583,25.0,1004.0,94.76
2010-05-28T00:00:00,42410099999,GUWAHATI INTL / LOKPRIYA GOPINATH BORDOLOI INTL,26.1,91.583,25.0,1004.4,93.07
2010-05-28T03:00:00,42410099999,GUWAHATI INTL / LOKPRIYA GOPINATH BORDOLOI INTL,26.1,91.583,29.0,1005.3,76.27
2010-05-28T06:00:00,42410099999,GUWAHATI INTL / LOKPRIYA GOPINATH BORDOLOI INTL,26.1,91.583,28.0,1005.2,83.29
2010-05-28T09:00:00,42410099999,GUWAHATI INTL / LOKPRIYA GOPINATH BORDOLOI INTL,26.1,91.583,30.6,1002.5,76.97
2010-05-28T12:00:00,42410099999,GUWAHATI INTL / LOKPRIYA GOPINATH BORDOLOI INTL,26.1,91.583,28.4,1001.9,66.26
2010-05-28T15:00:00,42410099999,GUWAHATI INTL / LOKPRIYA GOPINATH BORDOLOI INTL,26.1,91.583,26.4,1003.9,81.12
2010-05-28T18:00:00,42410099999,GUWAHATI INTL / LOKPRIYA GOPINATH BORDOLOI INTL,26.1,91.583,26.0,1004.9,82.56
2010-05-28T21:00:00,42410099999,GUWAHATI INTL / LOKPRIYA GOPINATH BORDOLOI INTL,26.1,91.583,25.2,1004.2,86.57
2010-05-29T00:00:00,42410099999,GUWAHATI INTL / LOKPRIYA GOPINATH BORDOLOI INTL,26.1,91.583,26.0,1005.0,92.01
2010-05-29T03:00:00,42410099999,GUWAHATI INTL / LOKPRIYA GOPINATH BORDOLOI INTL,26.1,91.583,30.4,1005.2,69.11
2010-05-29T06:00:00,42410099999,GUWAHATI INTL / LOKPRIYA GOPINATH BORDOLOI INTL,26.1,91.583,30.8,1003.0,70.86
2010-05-29T09:00:00,42410099999,GUWAHATI INTL / LOKPRIYA GOPINATH BORDOLOI INTL,26.1,91.583,31.8,1000.7,64.97
2010-05-29T12:00:00,42410099999,GUWAHATI INTL / LOKPRIYA GOPINATH BORDOLOI INTL,26.1,91.583,29.2,1000.8,81.96
2010-05-29T15:00:00,42410099999,GUWAHATI INTL / LOKPRIYA GOPINATH BORDOLOI INTL,26.1,91.583,27.4,1002.4,88.87
2010-05-29T18:00:00,42410099999,GUWAHATI INTL / LOKPRIYA GOPINATH BORDOLOI INTL,26.1,91.583,26.8,1003.3,90.43
2010-05-29T21:00:00,42410099999,GUWAHATI INTL / LOKPRIYA GOPINATH BORDOLOI INTL,26.1,91.583,25.8,1002.9,92.0
2010-05-30T00:00:00,42410099999,GUWAHATI INTL / LOKPRIYA GOPINATH BORDOLOI INTL,26.1,91.583,26.4,1002.7,87.21
2010-05-30T03:00:00,42410099999,GUWAHATI INTL / LOKPRIYA GOPINATH BORDOLOI INTL,26.1,91.583,27.8,1006.9,81.3
2010-05-30T06:00:00,42410099999,GUWAHATI INTL / LOKPRIYA GOPINATH BORDOLOI INTL,26.1,91.583,29.0,1004.9,77.66
2010-05-30T09:00:00,42410099999,GUWAHATI INTL / LOKPRIYA GOPINATH BORDOLOI INTL,26.1,91.583,31.8,1001.2,69.37
2010-05-30T12:00:00,42410099999,GUWAHATI INTL / LOKPRIYA GOPINATH BORDOLOI INTL,26.1,91.583,32.0,1000.9,62.71
2010-05-30T15:00:00,42410099999,GUWAHATI INTL / LOKPRIYA GOPINATH BORDOLOI INTL,26.1,91.583,28.4,1001.8,84.83
2010-05-30T18:00:00,42410099999,GUWAHATI INTL / LOKPRIYA GOPINATH BORDOLOI INTL,26.1,91.583,26.4,1003.1,94.81
2010-05-30T21:00:00,42410099999,GUWAHATI INTL / LOKPRIYA GOPINATH BORDOLOI INTL,26.1,91.583,26.0,1002.1,94.8
2010-05-31T00:00:00,42410099999,GUWAHATI INTL / LOKPRIYA GOPINATH BORDOLOI INTL,26.1,91.583,23.4,1004.2,96.44
2010-05-31T03:00:00,42410099999,GUWAHATI INTL / LOKPRIYA GOPINATH BORDOLOI INTL,26.1,91.583,26.0,1003.4,85.61
2010-05-31T06:00:00,42410099999,GUWAHATI INTL / LOKPRIYA GOPINATH BORDOLOI INTL,26.1,91.583,29.8,1002.9,70.68
2010-05-31T09:00:00,42410099999,GUWAHATI INTL / LOKPRIYA GOPINATH BORDOLOI INTL,26.1,91.583,31.4,1000.3,59.99
2010-05-31T12:00:00,42410099999,GUWAHATI INTL / LOKPRIYA GOPINATH BORDOLOI INTL,26.1,91.583,30.6,1000.0,69.15
2010-05-31T15:00:00,42410099999,GUWAHATI INTL / LOKPRIYA GOPINATH BORDOLOI INTL,26.1,91.583,28.4,1002.1,87.9
2010-05-31T18:00:00,42410099999,GUWAHATI INTL / LOKPRIYA GOPINATH BORDOLOI INTL,26.1,91.583,26.2,1003.3,96.51
2010-05-31T21:00:00,42410099999,GUWAHATI INTL / LOKPRIYA GOPINATH BORDOLOI INTL,26.1,91.583,26.0,1002.4,96.5
2010-06-01T00:00:00,42410099999,GUWAHATI INTL / LOKPRIYA GOPINATH BORDOLOI INTL,26.1,91.583,23.0,1003.4,92.96
2010-06-01T03:00:00,42410099999,GUWAHATI INTL / LOKPRIYA GOPINATH BORDOLOI INTL,26.1,91.583,25.4,1005.3,90.33
2010-06-01T06:00:00,42410099999,GUWAHATI INTL / LOKPRIYA GOPINATH BORDOLOI INTL,26.1,91.583,28.6,1004.2,81.88
2010-06-01T09:00:00,42410099999,GUWAHATI INTL / LOKPRIYA GOPINATH BORDOLOI INTL,26.1,91.583,31.8,1002.8,67.34
2010-06-01T12:00:00,42410099999,GUWAHATI INTL / LOKPRIYA GOPINATH BORDOLOI INTL,26.1,91.583,31.0,1001.0,72.17
2010-06-01T15:00:00,42410099999,GUWAHATI INTL / LOKPRIYA GOPINATH BORDOLOI INTL,26.1,91.583,27.2,1002.8,82.7
2010-06-01T18:00:00,42410099999,GUWAHATI INTL / LOKPRIYA GOPINATH BORDOLOI INTL,26.1,91.583,26.0,1003.3,92.01
2010-06-01T21:00:00,42410099999,GUWAHATI INTL / LOKPRIYA GOPINATH BORDOLOI INTL,26.1,91.583,25.4,1003.3,94.77
2010-06-02T00:00:00,42410099999,GUWAHATI INTL / LOKPRIYA GOPINATH BORDOLOI INTL,26.1,91.583,25.0,1005.1,94.76
2010-06-02T03:00:00,42410099999,GUWAHATI INTL / LOKPRIYA GOPINATH BORDOLOI INTL,26.1,91.583,26.4,1007.2,88.79
2010-06-02T06:00:00,42410099999,GUWAHATI INTL / LOKPRIYA GOPINATH BORDOLOI INTL,26.1,91.583,26.0,1006.5,88.76
2010-06-02T09:00:00,42410099999,GUWAHATI INTL / LOKPRIYA GOPINATH BORDOLOI INTL,26.1,91.583,28.0,1004.1,81.81
2010-06-02T12:00:00,42410099999,GUWAHATI INTL / LOKPRIYA GOPINATH BORDOLOI INTL,26.1,91.583,28.0,1004.2,80.35
2010-06-02T15:00:00,42410099999,GUWAHATI INTL / LOKPRIYA GOPINATH BORDOLOI INTL,26.1,91.583,27.0,1004.9,88.84
2010-06-02T18:00:00,42410099999,GUWAHATI INTL / LOKPRIYA GOPINATH BORDOLOI INTL,26.1,91.583,26.0,1005.3,93.67
2010-06-02T21:00:00,42410099999,GUWAHATI INTL / LOKPRIYA GOPINATH BORDOLOI INTL,26.1,91.583,25.2,1005.9,96.48
2010-06-03T00:00:00,42410099999,GUWAHATI INTL / LOKPRIYA GOPINATH BORDOLOI INTL,26.1,91.583,25.0,1006.2,93.07
2010-06-03T03:00:00,42410099999,GUWAHATI INTL / LOKPRIYA GOPINATH BORDOLOI INTL,26.1,91.583,25.0,1007.9,93.07
2010-06-03T06:00:00,42410099999,GUWAHATI INTL / LOKPRIYA GOPINATH BORDOLOI INTL,26.1,91.583,25.8,1006.9,92.0
2010-06-03T09:00:00,42410099999,GUWAHATI INTL / LOKPRIYA GOPINATH BORDOLOI INTL,26.1,91.583,27.0,1005.1,87.26
2010-06-03T12:00:00,42410099999,GUWAHATI INTL / LOKPRIYA GOPINATH BORDOLOI INTL,26.1,91.583,26.0,1003.6,92.01
2010-06-03T15:00:00,42410099999,GUWAHATI INTL / LOKPRIYA GOPINATH BORDOLOI INTL,26.1,91.583,24.6,1006.2,85.47
2010-06-03T18:00:00,42410099999,GUWAHATI INTL / LOKPRIYA GOPINATH BORDOLOI INTL,26.1,91.583,23.6,1007.1,94.7
2010-06-03T21:00:00,42410099999,GUWAHATI INTL / LOKPRIYA GOPINATH BORDOLOI INTL,26.1,91.583,23.0,1007.6,96.43
2010-06-04T00:00:00,42410099999,GUWAHATI INTL / LOKPRIYA GOPINATH BORDOLOI INTL,26.1,91.583,24.0,1006.7,98.21
2010-06-04T03:00:00,42410099999,GUWAHATI INTL / LOKPRIYA GOPINATH BORDOLOI INTL,26.1,91.583,26.0,1007.7,90.37
2010-06-04T06:00:00,42410099999,GUWAHATI INTL / LOKPRIYA GOPINATH BORDOLOI INTL,26.1,91.583,25.4,1007.7,93.09
2010-06-04T09:00:00,42410099999,GUWAHATI INTL / LOKPRIYA GOPINATH BORDOLOI INTL,26.1,91.583,28.0,1003.3,80.35
2010-06-04T12:00:00,42410099999,GUWAHATI INTL / LOKPRIYA GOPINATH BORDOLOI INTL,26.1,91.583,27.6,1002.2,82.75
2010-06-04T15:00:00,42410099999,GUWAHATI INTL / LOKPRIYA GOPINATH BORDOLOI INTL,26.1,91.583,26.0,1004.0,94.8
2010-06-04T18:00:00,42410099999,GUWAHATI INTL / LOKPRIYA GOPINATH BORDOLOI INTL,26.1,91.583,25.8,1004.0,94.79
2010-06-04T21:00:00,42410099999,GUWAHATI INTL / LOKPRIYA GOPINATH BORDOLOI INTL,26.1,91.583,24.8,1004.4,94.75
2010-06-05T00:00:00,42410099999,GUWAHATI INTL / LOKPRIYA GOPINATH BORDOLOI INTL,26.1,91.583,25.2,1002.3,94.77
2010-06-05T03:00:00,42410099999,GUWAHATI INTL / LOKPRIYA GOPINATH BORDOLOI INTL,26.1,91.583,26.4,1003.2,88.79
2010-06-05T06:00:00,42410099999,GUWAHATI INTL / LOKPRIYA GOPINATH BORDOLOI INTL,26.1,91.583,28.0,1002.3,81.81
2010-06-05T09:00:00,42410099999,GUWAHATI INTL / LOKPRIYA GOPINATH BORDOLOI INTL,26.1,91.583,29.0,,80.48
2010-06-05T12:00:00,42410099999,GUWAHATI INTL / LOKPRIYA GOPINATH BORDOLOI INTL,26.1,91.583,29.0,998.5,74.91
2010-06-05T15:00:00,42410099999,GUWAHATI INTL / LOKPRIYA GOPINATH BORDOLOI INTL,26.1,91.583,27.4,999.2,87.82
2010-06-05T18:00:00,42410099999,GUWAHATI INTL / LOKPRIYA GOPINATH BORDOLOI INTL,26.1,91.583,26.0,,96.5
2010-06-05T21:00:00,42410099999,GUWAHATI INTL / LOKPRIYA GOPINATH BORDOLOI INTL,26.1,91.583,25.0,1000.7,98.23
2010-06-06T00:00:00,42410099999,GUWAHATI INTL / LOKPRIYA GOPINATH BORDOLOI INTL,26.1,91.583,25.4,999.1,96.49
2010-06-06T03:00:00,42410099999,GUWAHATI INTL / LOKPRIYA GOPINATH BORDOLOI INTL,26.1,91.583,27.4,1000.6,88.87
2010-06-06T06:00:00,42410099999,GUWAHATI INTL / LOKPRIYA GOPINATH BORDOLOI INTL,26.1,91.583,29.4,999.6,79.11
2010-06-06T09:00:00,42410099999,GUWAHATI INTL / LOKPRIYA GOPINATH BORDOLOI INTL,26.1,91.583,31.4,997.5,85.63
2010-06-06T12:00:00,42410099999,GUWAHATI INTL / LOKPRIYA GOPINATH BORDOLOI INTL,26.1,91.583,30.4,996.5,79.72
2010-06-06T15:00:00,42410099999,GUWAHATI INTL / LOKPRIYA GOPINATH BORDOLOI INTL,26.1,91.583,29.2,999.8,76.3
2010-06-06T18:00:00,42410099999,GUWAHATI INTL / LOKPRIYA GOPINATH BORDOLOI INTL,26.1,91.583,27.4,1000.3,85.75
2010-06-06T21:00:00,42410099999,GUWAHATI INTL / LOKPRIYA GOPINATH BORDOLOI INTL,26.1,91.583,26.0,1000.7,93.67
2010-06-07T00:00:00,42410099999,GUWAHATI INTL / LOKPRIYA GOPINATH BORDOLOI INTL,26.1,91.583,26.0,1001.1,92.01
2010-06-07T03:00:00,42410099999,GUWAHATI INTL / LOKPRIYA GOPINATH BORDOLOI INTL,26.1,91.583,28.6,1002.6,79.0
2010-06-07T09:00:00,42410099999,GUWAHATI INTL / LOKPRIYA GOPINATH BORDOLOI INTL,26.1,91.583,33.0,999.8,72.94
2010-06-07T12:00:00,42410099999,GUWAHATI INTL / LOKPRIYA GOPINATH BORDOLOI INTL,26.1,91.583,30.4,999.9,72.94
2010-06-07T15:00:00,42410099999,GUWAHATI INTL / LOKPRIYA GOPINATH BORDOLOI INTL,26.1,91.583,25.4,1001.6,90.33
2010-06-07T18:00:00,42410099999,GUWAHATI INTL / LOKPRIYA GOPINATH BORDOLOI INTL,26.1,91.583,25.0,1003.8,91.4
2010-06-07T21:00:00,42410099999,GUWAHATI INTL / LOKPRIYA GOPINATH BORDOLOI INTL,26.1,91.583,25.0,1002.6,91.4
2010-06-08T00:00:00,42410099999,GUWAHATI INTL / LOKPRIYA GOPINATH BORDOLOI INTL,26.1,91.583,23.4,1003.9,91.3
2010-06-08T03:00:00,42410099999,GUWAHATI INTL / LOKPRIYA GOPINATH BORDOLOI INTL,26.1,91.583,25.0,1005.7,94.76
2010-06-08T06:00:00,42410099999,GUWAHATI INTL / LOKPRIYA GOPINATH BORDOLOI INTL,26.1,91.583,25.0,1005.2,93.07
2010-06-08T09:00:00,42410099999,GUWAHATI INTL / LOKPRIYA GOPINATH BORDOLOI INTL,26.1,91.583,26.2,1002.7,90.38
2010-06-08T12:00:00,42410099999,GUWAHATI INTL / LOKPRIYA GOPINATH BORDOLOI INTL,26.1,91.583,24.4,1001.2,88.09
2010-06-08T15:00:00,42410099999,GUWAHATI INTL / LOKPRIYA GOPINATH BORDOLOI INTL,26.1,91.583,24.0,1003.4,98.21
2010-06-08T18:00:00,42410099999,GUWAHATI INTL / LOKPRIYA GOPINATH BORDOLOI INTL,26.1,91.583,24.6,1003.9,98.22
2010-06-08T21:00:00,42410099999,GUWAHATI INTL / LOKPRIYA GOPINATH BORDOLOI INTL,26.1,91.583,24.4,1003.6,98.22
2010-06-09T00:00:00,42410099999,GUWAHATI INTL / LOKPRIYA GOPINATH BORDOLOI INTL,26.1,91.583,23.6,1005.4,98.21
2010-06-09T03:00:00,42410099999,GUWAHATI INTL / LOKPRIYA GOPINATH BORDOLOI INTL,26.1,91.583,23.6,1005.5,96.44
2010-06-09T06:00:00,42410099999,GUWAHATI INTL / LOKPRIYA GOPINATH BORDOLOI INTL,26.1,91.583,26.4,1004.4,90.4
2010-06-09T09:00:00,42410099999,GUWAHATI INTL / LOKPRIYA GOPINATH BORDOLOI INTL,26.1,91.583,26.4,1002.2,88.79
2010-06-09T12:00:00,42410099999,GUWAHATI INTL / LOKPRIYA GOPINATH BORDOLOI INTL,26.1,91.583,26.6,1001.6,87.23
2010-06-09T15:00:00,42410099999,GUWAHATI INTL / LOKPRIYA GOPINATH BORDOLOI INTL,26.1,91.583,24.8,1005.1,92.5
2010-06-09T18:00:00,42410099999,GUWAHATI INTL / LOKPRIYA GOPINATH BORDOLOI INTL,26.1,91.583,24.2,1006.1,96.46
2010-06-09T21:00:00,42410099999,GUWAHATI INTL / LOKPRIYA GOPINATH BORDOLOI INTL,26.1,91.583,24.0,1005.7,96.45
2010-06-10T00:00:00,42410099999,GUWAHATI INTL / LOKPRIYA GOPINATH BORDOLOI INTL,26.1,91.583,24.8,1005.3,93.06
2010-06-10T03:00:00,42410099999,GUWAHATI INTL / LOKPRIYA GOPINATH BORDOLOI INTL,26.1,91.583,25.4,1006.2,93.09
2010-06-10T06:00:00,42410099999,GUWAHATI INTL / LOKPRIYA GOPINATH BORDOLOI INTL,26.1,91.583,27.0,1005.1,90.44
2010-06-10T09:00:00,42410099999,GUWAHATI INTL / LOKPRIYA GOPINATH BORDOLOI INTL,26.1,91.583,30.3,1002.4,78.31
2010-06-10T12:00:00,42410099999,GUWAHATI INTL / LOKPRIYA GOPINATH BORDOLOI INTL,26.1,91.583,31.0,1001.9,76.13
2010-06-10T15:00:00,42410099999,GUWAHATI INTL / LOKPRIYA GOPINATH BORDOLOI INTL,26.1,91.583,29.0,1003.9,87.95
2010-06-10T18:00:00,42410099999,GUWAHATI INTL / LOKPRIYA GOPINATH BORDOLOI INTL,26.1,91.583,28.0,1004.4,92.12
2010-06-10T21:00:00,42410099999,GUWAHATI INTL / LOKPRIYA GOPINATH BORDOLOI INTL,26.1,91.583,26.2,1005.5,93.68
2010-06-11T00:00:00,42410099999,GUWAHATI INTL / LOKPRIYA GOPINATH BORDOLOI INTL,26.1,91.583,25.4,1004.6,93.09
2010-06-11T03:00:00,42410099999,GUWAHATI INTL / LOKPRIYA GOPINATH BORDOLOI INTL,26.1,91.583,27.2,1006.3,85.73
2010-06-11T06:00:00,42410099999,GUWAHATI INTL / LOKPRIYA GOPINATH BORDOLOI INTL,26.1,91.583,29.2,1005.8,77.68
2010-06-11T09:00:00,42410099999,GUWAHATI INTL / LOKPRIYA GOPINATH BORDOLOI INTL,26.1,91.583,31.4,1003.9,67.26
2010-06-11T12:00:00,42410099999,GUWAHATI INTL / LOKPRIYA GOPINATH BORDOLOI INTL,26.1,91.583,32.4,1001.8,63.94
2010-06-11T15:00:00,42410099999,GUWAHATI INTL / LOKPRIYA GOPINATH BORDOLOI INTL,26.1,91.583,27.2,1003.9,97.1
2010-06-11T18:00:00,42410099999,GUWAHATI INTL / LOKPRIYA GOPINATH BORDOLOI INTL,26.1,91.583,28.0,1004.8,92.12
2010-06-11T21:00:00,42410099999,GUWAHATI INTL / LOKPRIYA GOPINATH BORDOLOI INTL,26.1,91.583,26.4,1004.9,92.03
2010-06-12T00:00:00,42410099999,GUWAHATI INTL / LOKPRIYA GOPINATH BORDOLOI INTL,26.1,91.583,26.0,1006.0,90.37
2010-06-12T03:00:00,42410099999,GUWAHATI INTL / LOKPRIYA GOPINATH BORDOLOI INTL,26.1,91.583,28.0,1006.1,84.29
2010-06-12T06:00:00,42410099999,GUWAHATI INTL / LOKPRIYA GOPINATH BORDOLOI INTL,26.1,91.583,30.2,1003.9,76.91
2010-06-12T09:00:00,42410099999,GUWAHATI INTL / LOKPRIYA GOPINATH BORDOLOI INTL,26.1,91.583,31.6,1002.7,72.28
2010-06-12T12:00:00,42410099999,GUWAHATI INTL / LOKPRIYA GOPINATH BORDOLOI INTL,26.1,91.583,33.0,1002.0,72.94
2010-06-12T15:00:00,42410099999,GUWAHATI INTL / LOKPRIYA GOPINATH BORDOLOI INTL,26.1,91.583,27.6,1003.9,84.25
2010-06-12T18:00:00,42410099999,GUWAHATI INTL / LOKPRIYA GOPINATH BORDOLOI INTL,26.1,91.583,27.4,1004.2,95.41
2010-06-12T21:00:00,42410099999,GUWAHATI INTL / LOKPRIYA GOPINATH BORDOLOI INTL,26.1,91.583,27.0,1004.5,96.53
2010-06-13T00:00:00,42410099999,GUWAHATI INTL / LOKPRIYA GOPINATH BORDOLOI INTL,26.1,91.583,26.4,1004.6,94.81
2010-06-13T03:00:00,42410099999,GUWAHATI INTL / LOKPRIYA GOPINATH BORDOLOI INTL,26.1,91.583,30.0,1004.7,74.18
2010-06-13T06:00:00,42410099999,GUWAHATI INTL / LOKPRIYA GOPINATH BORDOLOI INTL,26.1,91.583,32.2,1003.1,71.53
2010-06-13T09:00:00,42410099999,GUWAHATI INTL / LOKPRIYA GOPINATH BORDOLOI INTL,26.1,91.583,33.2,1001.5,64.49
2010-06-13T12:00:00,42410099999,GUWAHATI INTL / LOKPRIYA GOPINATH BORDOLOI INTL,26.1,91.583,31.6,1000.7,68.52
2010-06-13T15:00:00,42410099999,GUWAHATI INTL / LOKPRIYA GOPINATH BORDOLOI INTL,26.1,91.583,30.0,1002.7,78.26
2010-06-13T18:00:00,42410099999,GUWAHATI INTL / LOKPRIYA GOPINATH BORDOLOI INTL,26.1,91.583,29.2,1003.8,81.96
2010-06-13T21:00:00,42410099999,GUWAHATI INTL / LOKPRIYA GOPINATH BORDOLOI INTL,26.1,91.583,27.4,1004.2,90.47
2010-06-14T00:00:00,42410099999,GUWAHATI INTL / LOKPRIYA GOPINATH BORDOLOI INTL,26.1,91.583,26.4,1003.8,93.69
2010-06-14T03:00:00,42410099999,GUWAHATI INTL / LOKPRIYA GOPINATH BORDOLOI INTL,26.1,91.583,29.8,1003.8,80.11
2010-06-14T06:00:00,42410099999,GUWAHATI INTL / LOKPRIYA GOPINATH BORDOLOI INTL,26.1,91.583,31.4,1002.0,73.54
2010-06-14T09:00:00,42410099999,GUWAHATI INTL / LOKPRIYA GOPINATH BORDOLOI INTL,26.1,91.583,32.8,1000.0,67.94
2010-06-14T12:00:00,42410099999,GUWAHATI INTL / LOKPRIYA GOPINATH BORDOLOI INTL,26.1,91.583,31.8,999.3,71.46
2010-06-14T15:00:00,42410099999,GUWAHATI INTL / LOKPRIYA GOPINATH BORDOLOI INTL,26.1,91.583,29.2,1001.5,85.42
2010-06-14T18:00:00,42410099999,GUWAHATI INTL / LOKPRIYA GOPINATH BORDOLOI INTL,26.1,91.583,28.6,1003.1,90.55
2010-06-14T21:00:00,42410099999,GUWAHATI INTL / LOKPRIYA GOPINATH BORDOLOI INTL,26.1,91.583,27.0,1003.7,96.53
2010-06-15T00:00:00,42410099999,GUWAHATI INTL / LOKPRIYA GOPINATH BORDOLOI INTL,26.1,91.583,26.4,1002.9,94.81
2010-06-15T03:00:00,42410099999,GUWAHATI INTL / LOKPRIYA GOPINATH BORDOLOI INTL,26.1,91.583,29.7,1001.6,80.1
2010-06-15T06:00:00,42410099999,GUWAHATI INTL / LOKPRIYA GOPINATH BORDOLOI INTL,26.1,91.583,32.1,1000.5,69.84
2010-06-15T09:00:00,42410099999,GUWAHATI INTL / LOKPRIYA GOPINATH BORDOLOI INTL,26.1,91.583,33.3,998.2,66.05
2010-06-15T12:00:00,42410099999,GUWAHATI INTL / LOKPRIYA GOPINATH BORDOLOI INTL,26.1,91.583,31.4,998.5,85.63
2010-06-15T15:00:00,42410099999,GUWAHATI INTL / LOKPRIYA GOPINATH BORDOLOI INTL,26.1,91.583,30.1,1000.7,87.53
2010-06-15T18:00:00,42410099999,GUWAHATI INTL / LOKPRIYA GOPINATH BORDOLOI INTL,26.1,91.583,29.2,1001.8,87.97
2010-06-15T21:00:00,42410099999,GUWAHATI INTL / LOKPRIYA GOPINATH BORDOLOI INTL,26.1,91.583,27.0,1001.6,96.53
2010-06-16T00:00:00,42410099999,GUWAHATI INTL / LOKPRIYA GOPINATH BORDOLOI INTL,26.1,91.583,27.6,1000.9,92.1
2010-06-16T03:00:00,42410099999,GUWAHATI INTL / LOKPRIYA GOPINATH BORDOLOI INTL,26.1,91.583,30.5,1002.5,76.5
2010-06-16T06:00:00,42410099999,GUWAHATI INTL / LOKPRIYA GOPINATH BORDOLOI INTL,26.1,91.583,29.0,1001.8,88.47
2010-06-16T09:00:00,42410099999,GUWAHATI INTL / LOKPRIYA GOPINATH BORDOLOI INTL,26.1,91.583,31.0,1000.0,77.03
2010-06-16T12:00:00,42410099999,GUWAHATI INTL / LOKPRIYA GOPINATH BORDOLOI INTL,26.1,91.583,31.4,998.9,76.19
2010-06-16T15:00:00,42410099999,GUWAHATI INTL / LOKPRIYA GOPINATH BORDOLOI INTL,26.1,91.583,29.0,1000.6,92.18
2010-06-16T18:00:00,42410099999,GUWAHATI INTL / LOKPRIYA GOPINATH BORDOLOI INTL,26.1,91.583,28.4,1001.6,95.44
2010-06-16T21:00:00,42410099999,GUWAHATI INTL / LOKPRIYA GOPINATH BORDOLOI INTL,26.1,91.583,27.6,1001.9,95.42
2010-06-17T00:00:00,42410099999,GUWAHATI INTL / LOKPRIYA GOPINATH BORDOLOI INTL,26.1,91.583,27.8,1002.2,96.55
2010-06-17T03:00:00,42410099999,GUWAHATI INTL / LOKPRIYA GOPINATH BORDOLOI INTL,26.1,91.583,23.4,1005.1,94.7
2010-06-17T06:00:00,42410099999,GUWAHATI INTL / LOKPRIYA GOPINATH BORDOLOI INTL,26.1,91.583,29.8,1002.5,75.49
2010-06-17T09:00:00,42410099999,GUWAHATI INTL / LOKPRIYA GOPINATH BORDOLOI INTL,26.1,91.583,31.0,1001.0,65.59
2010-06-17T12:00:00,42410099999,GUWAHATI INTL / LOKPRIYA GOPINATH BORDOLOI INTL,26.1,91.583,30.0,1001.3,75.52
2010-06-17T15:00:00,42410099999,GUWAHATI INTL / LOKPRIYA GOPINATH BORDOLOI INTL,26.1,91.583,28.2,1003.6,88.93
2010-06-17T18:00:00,42410099999,GUWAHATI INTL / LOKPRIYA GOPINATH BORDOLOI INTL,26.1,91.583,27.4,1004.1,92.09
2010-06-17T21:00:00,42410099999,GUWAHATI INTL / LOKPRIYA GOPINATH BORDOLOI INTL,26.1,91.583,26.2,1003.8,95.37
2010-06-18T00:00:00,42410099999,GUWAHATI INTL / LOKPRIYA GOPINATH BORDOLOI INTL,26.1,91.583,27.2,1003.8,93.73
2010-06-18T03:00:00,42410099999,GUWAHATI INTL / LOKPRIYA GOPINATH BORDOLOI INTL,26.1,91.583,31.0,1004.7,74.79
2010-06-18T06:00:00,42410099999,GUWAHATI INTL / LOKPRIYA GOPINATH BORDOLOI INTL,26.1,91.583,32.2,1003.4,74.1
2010-06-18T09:00:00,42410099999,GUWAHATI INTL / LOKPRIYA GOPINATH BORDOLOI INTL,26.1,91.583,32.8,1001.0,67.94
2010-06-18T12:00:00,42410099999,GUWAHATI INTL / LOKPRIYA GOPINATH BORDOLOI INTL,26.1,91.583,32.6,1000.6,72.88
2010-06-18T15:00:00,42410099999,GUWAHATI INTL / LOKPRIYA GOPINATH BORDOLOI INTL,26.1,91.583,29.0,1004.0,84.9
2010-06-18T18:00:00,42410099999,GUWAHATI INTL / LOKPRIYA GOPINATH BORDOLOI INTL,26.1,91.583,28.4,1004.3,84.83
2010-06-18T21:00:00,42410099999,GUWAHATI INTL / LOKPRIYA GOPINATH BORDOLOI INTL,26.1,91.583,27.0,1003.6,92.07
2010-06-19T00:00:00,42410099999,GUWAHATI INTL / LOKPRIYA GOPINATH BORDOLOI INTL,26.1,91.583,27.6,1004.7,88.88
2010-06-19T03:00:00,42410099999,GUWAHATI INTL / LOKPRIYA GOPINATH BORDOLOI INTL,26.1,91.583,29.6,1005.3,79.61
2010-06-19T06:00:00,42410099999,GUWAHATI INTL / LOKPRIYA GOPINATH BORDOLOI INTL,26.1,91.583,32.0,1003.7,73.64
2010-06-19T09:00:00,42410099999,GUWAHATI INTL / LOKPRIYA GOPINATH BORDOLOI INTL,26.1,91.583,32.0,1001.9,83.25
2010-06-19T12:00:00,42410099999,GUWAHATI INTL / LOKPRIYA GOPINATH BORDOLOI INTL,26.1,91.583,28.0,1002.8,89.44
2010-06-19T15:00:00,42410099999,GUWAHATI INTL / LOKPRIYA GOPINATH BORDOLOI INTL,26.1,91.583,28.2,1004.8,90.52
2010-06-19T18:00:00,42410099999,GUWAHATI INTL / LOKPRIYA GOPINATH BORDOLOI INTL,26.1,91.583,28.0,1005.3,92.12
2010-06-19T21:00:00,42410099999,GUWAHATI INTL / LOKPRIYA GOPINATH BORDOLOI INTL,26.1,91.583,27.2,1004.9,93.73
2010-06-20T00:00:00,42410099999,GUWAHATI INTL / LOKPRIYA GOPINATH BORDOLOI INTL,26.1,91.583,27.4,1004.4,92.09
2010-06-20T03:00:00,42410099999,GUWAHATI INTL / LOKPRIYA GOPINATH BORDOLOI INTL,26.1,91.583,27.6,1006.0,93.19
2010-06-20T06:00:00,42410099999,GUWAHATI INTL / LOKPRIYA GOPINATH BORDOLOI INTL,26.1,91.583,31.2,1004.0,79.82
2010-06-20T09:00:00,42410099999,GUWAHATI INTL / LOKPRIYA GOPINATH BORDOLOI INTL,26.1,91.583,29.6,1001.6,86.47
2010-06-20T12:00:00,42410099999,GUWAHATI INTL / LOKPRIYA GOPINATH BORDOLOI INTL,26.1,91.583,30.4,1001.2,82.58
2010-06-20T15:00:00,42410099999,GUWAHATI INTL / LOKPRIYA GOPINATH BORDOLOI INTL,26.1,91.583,29.2,1004.0,87.97
2010-06-20T18:00:00,42410099999,GUWAHATI INTL / LOKPRIYA GOPINATH BORDOLOI INTL,26.1,91.583,27.0,1003.9,100.0
2010-06-20T21:00:00,42410099999,GUWAHATI INTL / LOKPRIYA GOPINATH BORDOLOI INTL,26.1,91.583,26.6,1003.4,100.0
2010-06-21T00:00:00,42410099999,GUWAHATI INTL / LOKPRIYA GOPINATH BORDOLOI INTL,26.1,91.583,26.8,1002.5,98.25
2010-06-21T03:00:00,42410099999,GUWAHATI INTL / LOKPRIYA GOPINATH BORDOLOI INTL,26.1,91.583,28.2,1004.1,90.52
2010-06-21T06:00:00,42410099999,GUWAHATI INTL / LOKPRIYA GOPINATH BORDOLOI INTL,26.1,91.583,29.6,1003.7,84.96
2010-06-21T09:00:00,42410099999,GUWAHATI INTL / LOKPRIYA GOPINATH BORDOLOI INTL,26.1,91.583,32.0,1000.5,81.81
2010-06-21T12:00:00,42410099999,GUWAHATI INTL / LOKPRIYA GOPINATH BORDOLOI INTL,26.1,91.583,29.0,999.6,87.95
2010-06-21T15:00:00,42410099999,GUWAHATI INTL / LOKPRIYA GOPINATH BORDOLOI INTL,26.1,91.583,27.0,1003.1,88.84
2010-06-21T18:00:00,42410099999,GUWAHATI INTL / LOKPRIYA GOPINATH BORDOLOI INTL,26.1,91.583,27.0,1003.1,88.84
2010-06-21T21:00:00,42410099999,GUWAHATI INTL / LOKPRIYA GOPINATH BORDOLOI INTL,26.1,91.583,26.4,1002.6,92.03
2010-06-22T00:00:00,42410099999,GUWAHATI INTL / LOKPRIYA GOPINATH BORDOLOI INTL,26.1,91.583,26.4,1000.7,94.81
2010-06-22T03:00:00,42410099999,GUWAHATI INTL / LOKPRIYA GOPINATH BORDOLOI INTL,26.1,91.583,27.4,1002.9,94.85
2010-06-22T06:00:00,42410099999,GUWAHATI INTL / LOKPRIYA GOPINATH BORDOLOI INTL,26.1,91.583,28.6,1002.0,86.89
2010-06-22T09:00:00,42410099999,GUWAHATI INTL / LOKPRIYA GOPINATH BORDOLOI INTL,26.1,91.583,30.2,999.0,84.52
2010-06-22T12:00:00,42410099999,GUWAHATI INTL / LOKPRIYA GOPINATH BORDOLOI INTL,26.1,91.583,31.2,997.6,78.89
2010-06-22T15:00:00,42410099999,GUWAHATI INTL / LOKPRIYA GOPINATH BORDOLOI INTL,26.1,91.583,29.4,1000.6,91.13
2010-06-22T18:00:00,42410099999,GUWAHATI INTL / LOKPRIYA GOPINATH BORDOLOI INTL,26.1,91.583,28.6,1002.8,92.16
2010-06-23T00:00:00,42410099999,GUWAHATI INTL / LOKPRIYA GOPINATH BORDOLOI INTL,26.1,91.583,27.0,1001.2,96.53
2010-06-23T03:00:00,42410099999,GUWAHATI INTL / LOKPRIYA GOPINATH BORDOLOI INTL,26.1,91.583,30.4,1001.8,82.58
2010-06-23T06:00:00,42410099999,GUWAHATI INTL / LOKPRIYA GOPINATH BORDOLOI INTL,26.1,91.583,30.8,1001.0,79.77
2010-06-23T09:00:00,42410099999,GUWAHATI INTL / LOKPRIYA GOPINATH BORDOLOI INTL,26.1,91.583,33.8,998.3,68.53
2010-06-23T12:00:00,42410099999,GUWAHATI INTL / LOKPRIYA GOPINATH BORDOLOI INTL,26.1,91.583,31.2,998.0,84.13
2010-06-23T18:00:00,42410099999,GUWAHATI INTL / LOKPRIYA GOPINATH BORDOLOI INTL,26.1,91.583,28.6,1002.4,92.16
2010-06-23T21:00:00,42410099999,GUWAHATI INTL / LOKPRIYA GOPINATH BORDOLOI INTL,26.1,91.583,27.8,1002.7,92.11
2010-06-24T00:00:00,42410099999,GUWAHATI INTL / LOKPRIYA GOPINATH BORDOLOI INTL,26.1,91.583,27.8,999.2,93.75
2010-06-24T03:00:00,42410099999,GUWAHATI INTL / LOKPRIYA GOPINATH BORDOLOI INTL,26.1,91.583,30.4,1001.4,81.14
2010-06-24T06:00:00,42410099999,GUWAHATI INTL / LOKPRIYA GOPINATH BORDOLOI INTL,26.1,91.583,32.8,999.1,66.74
2010-06-24T12:00:00,42410099999,GUWAHATI INTL / LOKPRIYA GOPINATH BORDOLOI INTL,26.1,91.583,30.8,997.7,80.24
2010-06-24T18:00:00,42410099999,GUWAHATI INTL / LOKPRIYA GOPINATH BORDOLOI INTL,26.1,91.583,28.4,1000.0,93.78
2010-06-24T21:00:00,42410099999,GUWAHATI INTL / LOKPRIYA GOPINATH BORDOLOI INTL,26.1,91.583,27.8,1000.4,97.69
2010-06-25T00:00:00,42410099999,GUWAHATI INTL / LOKPRIYA GOPINATH BORDOLOI INTL,26.1,91.583,28.0,999.6,92.12
2010-06-25T03:00:00,42410099999,GUWAHATI INTL / LOKPRIYA GOPINATH BORDOLOI INTL,26.1,91.583,31.0,999.9,87.1
2010-06-25T06:00:00,42410099999,GUWAHATI INTL / LOKPRIYA GOPINATH BORDOLOI INTL,26.1,91.583,32.1,998.7,79.02
2010-06-25T09:00:00,42410099999,GUWAHATI INTL / LOKPRIYA GOPINATH BORDOLOI INTL,26.1,91.583,27.6,997.7,95.98
2010-06-25T12:00:00,42410099999,GUWAHATI INTL / LOKPRIYA GOPINATH BORDOLOI INTL,26.1,91.583,28.0,996.7,92.12
2010-06-25T15:00:00,42410099999,GUWAHATI INTL / LOKPRIYA GOPINATH BORDOLOI INTL,26.1,91.583,28.0,999.6,93.76
2010-06-25T18:00:00,42410099999,GUWAHATI INTL / LOKPRIYA GOPINATH BORDOLOI INTL,26.1,91.583,27.2,1000.3,98.25
2010-06-25T21:00:00,42410099999,GUWAHATI INTL / LOKPRIYA GOPINATH BORDOLOI INTL,26.1,91.583,27.0,1001.1,96.53
2010-06-26T00:00:00,42410099999,GUWAHATI INTL / LOKPRIYA GOPINATH BORDOLOI INTL,26.1,91.583,27.8,999.1,92.11
2010-06-26T03:00:00,42410099999,GUWAHATI INTL / LOKPRIYA GOPINATH BORDOLOI INTL,26.1,91.583,28.4,1000.4,90.53
2010-06-26T06:00:00,42410099999,GUWAHATI INTL / LOKPRIYA GOPINATH BORDOLOI INTL,26.1,91.583,30.0,999.9,81.09
2010-06-26T09:00:00,42410099999,GUWAHATI INTL / LOKPRIYA GOPINATH BORDOLOI INTL,26.1,91.583,27.0,999.7,96.53
2010-06-26T12:00:00,42410099999,GUWAHATI INTL / LOKPRIYA GOPINATH BORDOLOI INTL,26.1,91.583,27.4,999.7,92.09
2010-06-26T15:00:00,42410099999,GUWAHATI INTL / LOKPRIYA GOPINATH BORDOLOI INTL,26.1,91.583,27.4,1001.4,88.87
2010-06-26T18:00:00,42410099999,GUWAHATI INTL / LOKPRIYA GOPINATH BORDOLOI INTL,26.1,91.583,26.8,1001.6,98.25
2010-06-26T21:00:00,42410099999,GUWAHATI INTL / LOKPRIYA GOPINATH BORDOLOI INTL,26.1,91.583,26.4,1002.0,98.24
2010-06-27T00:00:00,42410099999,GUWAHATI INTL / LOKPRIYA GOPINATH BORDOLOI INTL,26.1,91.583,26.4,1000.7,98.24
2010-06-27T03:00:00,42410099999,GUWAHATI INTL / LOKPRIYA GOPINATH BORDOLOI INTL,26.1,91.583,27.1,1002.1,97.68
2010-06-27T06:00:00,42410099999,GUWAHATI INTL / LOKPRIYA GOPINATH BORDOLOI INTL,26.1,91.583,28.7,1002.6,87.41
2010-06-27T09:00:00,42410099999,GUWAHATI INTL / LOKPRIYA GOPINATH BORDOLOI INTL,26.1,91.583,28.1,1001.5,92.67
2010-06-27T12:00:00,42410099999,GUWAHATI INTL / LOKPRIYA GOPINATH BORDOLOI INTL,26.1,91.583,27.6,1001.3,94.3
2010-06-27T15:00:00,42410099999,GUWAHATI INTL / LOKPRIYA GOPINATH BORDOLOI INTL,26.1,91.583,27.5,1002.6,97.11
2010-06-27T18:00:00,42410099999,GUWAHATI INTL / LOKPRIYA GOPINATH BORDOLOI INTL,26.1,91.583,27.2,1003.1,96.53
2010-06-27T21:00:00,42410099999,GUWAHATI INTL / LOKPRIYA GOPINATH BORDOLOI INTL,26.1,91.583,26.6,1003.6,98.25
2010-06-28T00:00:00,42410099999,GUWAHATI INTL / LOKPRIYA GOPINATH BORDOLOI INTL,26.1,91.583,26.0,1002.9,100.0
2010-06-28T03:00:00,42410099999,GUWAHATI INTL / LOKPRIYA GOPINATH BORDOLOI INTL,26.1,91.583,26.7,1002.0,96.52
2010-06-28T06:00:00,42410099999,GUWAHATI INTL / LOKPRIYA GOPINATH BORDOLOI INTL,26.1,91.583,26.3,1001.6,100.0
2010-06-28T09:00:00,42410099999,GUWAHATI INTL / LOKPRIYA GOPINATH BORDOLOI INTL,26.1,91.583,27.0,1000.1,98.25
2010-06-28T12:00:00,42410099999,GUWAHATI INTL / LOKPRIYA GOPINATH BORDOLOI INTL,26.1,91.583,26.4,999.1,99.41
2010-06-28T15:00:00,42410099999,GUWAHATI INTL / LOKPRIYA GOPINATH BORDOLOI INTL,26.1,91.583,26.4,1000.7,100.0
2010-06-28T18:00:00,42410099999,GUWAHATI INTL / LOKPRIYA GOPINATH BORDOLOI INTL,26.1,91.583,26.4,1001.1,100.0
2010-06-28T21:00:00,42410099999,GUWAHATI INTL / LOKPRIYA GOPINATH BORDOLOI INTL,26.1,91.583,26.2,1000.2,100.0
2010-06-29T00:00:00,42410099999,GUWAHATI INTL / LOKPRIYA GOPINATH BORDOLOI INTL,26.1,91.583,26.2,1001.0,100.0
2010-06-29T03:00:00,42410099999,GUWAHATI INTL / LOKPRIYA GOPINATH BORDOLOI INTL,26.1,91.583,27.6,1001.2,92.1
2010-06-29T06:00:00,42410099999,GUWAHATI INTL / LOKPRIYA GOPINATH BORDOLOI INTL,26.1,91.583,29.2,1001.4,85.42
2010-06-29T09:00:00,42410099999,GUWAHATI INTL / LOKPRIYA GOPINATH BORDOLOI INTL,26.1,91.583,30.0,999.8,85.0
2010-06-29T12:00:00,42410099999,GUWAHATI INTL / LOKPRIYA GOPINATH BORDOLOI INTL,26.1,91.583,29.3,998.6,87.46
2010-06-29T15:00:00,42410099999,GUWAHATI INTL / LOKPRIYA GOPINATH BORDOLOI INTL,26.1,91.583,27.8,1000.4,96.55
2010-06-29T18:00:00,42410099999,GUWAHATI INTL / LOKPRIYA GOPINATH BORDOLOI INTL,26.1,91.583,27.2,1000.6,95.4
2010-06-29T21:00:00,42410099999,GUWAHATI INTL / LOKPRIYA GOPINATH BORDOLOI INTL,26.1,91.583,26.6,1000.3,94.82
2010-06-30T00:00:00,42410099999,GUWAHATI INTL / LOKPRIYA GOPINATH BORDOLOI INTL,26.1,91.583,27.0,1001.6,96.53
2010-06-30T03:00:00,42410099999,GUWAHATI INTL / LOKPRIYA GOPINATH BORDOLOI INTL,26.1,91.583,28.2,1003.2,93.77
2010-06-30T06:00:00,42410099999,GUWAHATI INTL / LOKPRIYA GOPINATH BORDOLOI INTL,26.1,91.583,31.1,1002.3,73.92
2010-06-30T09:00:00,42410099999,GUWAHATI INTL / LOKPRIYA GOPINATH BORDOLOI INTL,26.1,91.583,30.0,1000.3,81.09
2010-06-30T12:00:00,42410099999,GUWAHATI INTL / LOKPRIYA GOPINATH BORDOLOI INTL,26.1,91.583,30.9,999.0,75.66
2010-06-30T15:00:00,42410099999,GUWAHATI INTL / LOKPRIYA GOPINATH BORDOLOI INTL,26.1,91.583,28.7,1001.6,91.09
2010-06-30T18:00:00,42410099999,GUWAHATI INTL / LOKPRIYA GOPINATH BORDOLOI INTL,26.1,91.583,28.2,1002.5,93.77
2010-06-30T21:00:00,42410099999,GUWAHATI INTL / LOKPRIYA GOPINATH BORDOLOI INTL,26.1,91.583,27.8,1002.4,94.86
2010-07-01T00:00:00,42410099999,GUWAHATI INTL / LOKPRIYA GOPINATH BORDOLOI INTL,26.1,91.583,27.2,1002.1,95.4
2010-07-01T03:00:00,42410099999,GUWAHATI INTL / LOKPRIYA GOPINATH BORDOLOI INTL,26.1,91.583,29.7,1003.5,85.97
2010-07-01T06:00:00,42410099999,GUWAHATI INTL / LOKPRIYA GOPINATH BORDOLOI INTL,26.1,91.583,31.4,1002.4,76.19
2010-07-01T09:00:00,42410099999,GUWAHATI INTL / LOKPRIYA GOPINATH BORDOLOI INTL,26.1,91.583,29.4,1000.7,86.45
2010-07-01T12:00:00,42410099999,GUWAHATI INTL / LOKPRIYA GOPINATH BORDOLOI INTL,26.1,91.583,29.2,1000.8,91.65
2010-07-01T15:00:00,42410099999,GUWAHATI INTL / LOKPRIYA GOPINATH BORDOLOI INTL,26.1,91.583,28.6,1002.9,95.45
2010-07-01T18:00:00,42410099999,GUWAHATI INTL / LOKPRIYA GOPINATH BORDOLOI INTL,26.1,91.583,28.4,1003.1,90.53
2010-07-01T21:00:00,42410099999,GUWAHATI INTL / LOKPRIYA GOPINATH BORDOLOI INTL,26.1,91.583,27.2,1003.8,96.53
2010-07-02T00:00:00,42410099999,GUWAHATI INTL / LOKPRIYA GOPINATH BORDOLOI INTL,26.1,91.583,27.0,1003.0,93.72
2010-07-02T03:00:00,42410099999,GUWAHATI INTL / LOKPRIYA GOPINATH BORDOLOI INTL,26.1,91.583,29.6,1004.6,84.96
2010-07-02T06:00:00,42410099999,GUWAHATI INTL / LOKPRIYA GOPINATH BORDOLOI INTL,26.1,91.583,31.3,1003.5,77.53
2010-07-02T09:00:00,42410099999,GUWAHATI INTL / LOKPRIYA GOPINATH BORDOLOI INTL,26.1,91.583,32.1,1001.1,73.22
2010-07-02T12:00:00,42410099999,GUWAHATI INTL / LOKPRIYA GOPINATH BORDOLOI INTL,26.1,91.583,31.8,1001.1,78.98
2010-07-02T15:00:00,42410099999,GUWAHATI INTL / LOKPRIYA GOPINATH BORDOLOI INTL,26.1,91.583,29.8,1003.6,88.02
2010-07-02T18:00:00,42410099999,GUWAHATI INTL / LOKPRIYA GOPINATH BORDOLOI INTL,26.1,91.583,27.4,1003.9,92.09
2010-07-03T06:00:00,42410099999,GUWAHATI INTL / LOKPRIYA GOPINATH BORDOLOI INTL,26.1,91.583,31.7,1004.1,74.02
2010-07-03T09:00:00,42410099999,GUWAHATI INTL / LOKPRIYA GOPINATH BORDOLOI INTL,26.1,91.583,31.8,1002.4,78.52
2010-07-03T12:00:00,42410099999,GUWAHATI INTL / LOKPRIYA GOPINATH BORDOLOI INTL,26.1,91.583,29.7,1002.6,82.99
2010-07-03T15:00:00,42410099999,GUWAHATI INTL / LOKPRIYA GOPINATH BORDOLOI INTL,26.1,91.583,29.1,1004.6,91.11
2010-07-03T18:00:00,42410099999,GUWAHATI INTL / LOKPRIYA GOPINATH BORDOLOI INTL,26.1,91.583,29.0,1005.1,84.9
2010-07-03T21:00:00,42410099999,GUWAHATI INTL / LOKPRIYA GOPINATH BORDOLOI INTL,26.1,91.583,28.0,1004.8,90.51
2010-07-04T00:00:00,42410099999,GUWAHATI INTL / LOKPRIYA GOPINATH BORDOLOI INTL,26.1,91.583,27.4,1005.2,92.09
2010-07-04T03:00:00,42410099999,GUWAHATI INTL / LOKPRIYA GOPINATH BORDOLOI INTL,26.1,91.583,26.4,1007.1,100.0
2010-07-04T06:00:00,42410099999,GUWAHATI INTL / LOKPRIYA GOPINATH BORDOLOI INTL,26.1,91.583,31.6,1007.1,72.28
2010-07-04T09:00:00,42410099999,GUWAHATI INTL / LOKPRIYA GOPINATH BORDOLOI INTL,26.1,91.583,31.0,1005.0,77.49
2010-07-04T12:00:00,42410099999,GUWAHATI INTL / LOKPRIYA GOPINATH BORDOLOI INTL,26.1,91.583,31.6,1003.7,71.0
2010-07-04T15:00:00,42410099999,GUWAHATI INTL / LOKPRIYA GOPINATH BORDOLOI INTL,26.1,91.583,28.8,1005.5,93.8
2010-07-04T18:00:00,42410099999,GUWAHATI INTL / LOKPRIYA GOPINATH BORDOLOI INTL,26.1,91.583,28.4,1006.3,95.44
2010-07-04T21:00:00,42410099999,GUWAHATI INTL / LOKPRIYA GOPINATH BORDOLOI INTL,26.1,91.583,27.8,1005.4,93.75
2010-07-05T00:00:00,42410099999,GUWAHATI INTL / LOKPRIYA GOPINATH BORDOLOI INTL,26.1,91.583,27.2,1006.7,92.08
2010-07-05T03:00:00,42410099999,GUWAHATI INTL / LOKPRIYA GOPINATH BORDOLOI INTL,26.1,91.583,28.6,1007.7,87.92
2010-07-05T06:00:00,42410099999,GUWAHATI INTL / LOKPRIYA GOPINATH BORDOLOI INTL,26.1,91.583,31.0,1006.1,73.47
2010-07-05T09:00:00,42410099999,GUWAHATI INTL / LOKPRIYA GOPINATH BORDOLOI INTL,26.1,91.583,33.4,1002.5,69.67
2010-07-05T12:00:00,42410099999,GUWAHATI INTL / LOKPRIYA GOPINATH BORDOLOI INTL,26.1,91.583,33.2,1004.0,71.71
2010-07-05T15:00:00,42410099999,GUWAHATI INTL / LOKPRIYA GOPINATH BORDOLOI INTL,26.1,91.583,29.4,1005.6,84.94
2010-07-05T18:00:00,42410099999,GUWAHATI INTL / LOKPRIYA GOPINATH BORDOLOI INTL,26.1,91.583,28.8,1006.0,89.5
2010-07-05T21:00:00,42410099999,GUWAHATI INTL / LOKPRIYA GOPINATH BORDOLOI INTL,26.1,91.583,28.0,1005.6,92.12
2010-07-06T00:00:00,42410099999,GUWAHATI INTL / LOKPRIYA GOPINATH BORDOLOI INTL,26.1,91.583,27.4,1005.9,96.54
2010-07-06T03:00:00,42410099999,GUWAHATI INTL / LOKPRIYA GOPINATH BORDOLOI INTL,26.1,91.583,30.2,1007.2,81.11
2010-07-06T06:00:00,42410099999,GUWAHATI INTL / LOKPRIYA GOPINATH BORDOLOI INTL,26.1,91.583,32.2,1006.6,74.98
2010-07-06T15:00:00,42410099999,GUWAHATI INTL / LOKPRIYA GOPINATH BORDOLOI INTL,26.1,91.583,29.6,1005.8,89.56
2010-07-06T18:00:00,42410099999,GUWAHATI INTL / LOKPRIYA GOPINATH BORDOLOI INTL,26.1,91.583,29.0,1006.9,90.57
2010-07-06T21:00:00,42410099999,GUWAHATI INTL / LOKPRIYA GOPINATH BORDOLOI INTL,26.1,91.583,28.6,1007.1,92.16
2010-07-07T00:00:00,42410099999,GUWAHATI INTL / LOKPRIYA GOPINATH BORDOLOI INTL,26.1,91.583,27.4,1006.9,90.47
2010-07-07T03:00:00,42410099999,GUWAHATI INTL / LOKPRIYA GOPINATH BORDOLOI INTL,26.1,91.583,30.4,1007.6,79.72
2010-07-07T06:00:00,42410099999,GUWAHATI INTL / LOKPRIYA GOPINATH BORDOLOI INTL,26.1,91.583,32.8,1007.7,74.2
2010-07-07T08:30:00,42410099999,GUWAHATI INTL / LOKPRIYA GOPINATH BORDOLOI INTL,26.1,91.583,32.0,,74.95
2010-07-07T09:00:00,42410099999,GUWAHATI INTL / LOKPRIYA GOPINATH BORDOLOI INTL,26.1,91.583,31.4,1004.5,74.85
2010-07-07T12:00:00,42410099999,GUWAHATI INTL / LOKPRIYA GOPINATH BORDOLOI INTL,26.1,91.583,32.0,1004.5,77.63
2010-07-07T15:00:00,42410099999,GUWAHATI INTL / LOKPRIYA GOPINATH BORDOLOI INTL,26.1,91.583,29.4,1005.5,86.45
2010-07-07T18:00:00,42410099999,GUWAHATI INTL / LOKPRIYA GOPINATH BORDOLOI INTL,26.1,91.583,29.0,1005.7,87.95
2010-07-07T21:00:00,42410099999,GUWAHATI INTL / LOKPRIYA GOPINATH BORDOLOI INTL,26.1,91.583,28.4,1006.1,90.53
2010-07-08T00:00:00,42410099999,GUWAHATI INTL / LOKPRIYA GOPINATH BORDOLOI INTL,26.1,91.583,27.6,1006.1,90.48
2010-07-08T03:00:00,42410099999,GUWAHATI INTL / LOKPRIYA GOPINATH BORDOLOI INTL,26.1,91.583,29.2,1007.0,89.53
2010-07-08T06:00:00,42410099999,GUWAHATI INTL / LOKPRIYA GOPINATH BORDOLOI INTL,26.1,91.583,32.6,1005.8,66.7
2010-07-08T09:00:00,42410099999,GUWAHATI INTL / LOKPRIYA GOPINATH BORDOLOI INTL,26.1,91.583,33.0,1003.5,65.6
2010-07-08T12:00:00,42410099999,GUWAHATI INTL / LOKPRIYA GOPINATH BORDOLOI INTL,26.1,91.583,32.0,1003.0,72.35
2010-07-08T15:00:00,42410099999,GUWAHATI INTL / LOKPRIYA GOPINATH BORDOLOI INTL,26.1,91.583,28.4,1004.7,92.14
2010-07-08T18:00:00,42410099999,GUWAHATI INTL / LOKPRIYA GOPINATH BORDOLOI INTL,26.1,91.583,28.2,1005.4,92.13
2010-07-08T21:00:00,42410099999,GUWAHATI INTL / LOKPRIYA GOPINATH BORDOLOI INTL,26.1,91.583,27.8,1005.0,93.75
2010-07-09T00:00:00,42410099999,GUWAHATI INTL / LOKPRIYA GOPINATH BORDOLOI INTL,26.1,91.583,27.6,1006.0,87.31
2010-07-09T03:00:00,42410099999,GUWAHATI INTL / LOKPRIYA GOPINATH BORDOLOI INTL,26.1,91.583,28.0,1005.4,87.35
2010-07-09T06:00:00,42410099999,GUWAHATI INTL / LOKPRIYA GOPINATH BORDOLOI INTL,26.1,91.583,28.6,1004.7,87.92
2010-07-09T09:00:00,42410099999,GUWAHATI INTL / LOKPRIYA GOPINATH BORDOLOI INTL,26.1,91.583,31.0,1002.2,79.8
2010-07-09T12:00:00,42410099999,GUWAHATI INTL / LOKPRIYA GOPINATH BORDOLOI INTL,26.1,91.583,31.4,1000.9,82.7
2010-07-09T15:00:00,42410099999,GUWAHATI INTL / LOKPRIYA GOPINATH BORDOLOI INTL,26.1,91.583,28.4,1004.6,93.78
2010-07-09T18:00:00,42410099999,GUWAHATI INTL / LOKPRIYA GOPINATH BORDOLOI INTL,26.1,91.583,28.0,1005.0,95.43
2010-07-09T21:00:00,42410099999,GUWAHATI INTL / LOKPRIYA GOPINATH BORDOLOI INTL,26.1,91.583,27.4,1005.7,95.41
2010-07-10T00:00:00,42410099999,GUWAHATI INTL / LOKPRIYA GOPINATH BORDOLOI INTL,26.1,91.583,27.4,1001.8,96.54
2010-07-10T03:00:00,42410099999,GUWAHATI INTL / LOKPRIYA GOPINATH BORDOLOI INTL,26.1,91.583,27.0,1004.8,96.53
2010-07-10T06:00:00,42410099999,GUWAHATI INTL / LOKPRIYA GOPINATH BORDOLOI INTL,26.1,91.583,29.0,1004.6,84.9
2010-07-10T09:00:00,42410099999,GUWAHATI INTL / LOKPRIYA GOPINATH BORDOLOI INTL,26.1,91.583,28.2,1002.5,87.37
2010-07-10T12:00:00,42410099999,GUWAHATI INTL / LOKPRIYA GOPINATH BORDOLOI INTL,26.1,91.583,28.0,1001.4,91.04
2010-07-10T18:00:00,42410099999,GUWAHATI INTL / LOKPRIYA GOPINATH BORDOLOI INTL,26.1,91.583,27.4,1004.0,96.54
2010-07-11T03:00:00,42410099999,GUWAHATI INTL / LOKPRIYA GOPINATH BORDOLOI INTL,26.1,91.583,28.4,1003.1,91.6
2010-07-11T06:00:00,42410099999,GUWAHATI INTL / LOKPRIYA GOPINATH BORDOLOI INTL,26.1,91.583,29.6,1003.2,83.47
2010-07-11T09:00:00,42410099999,GUWAHATI INTL / LOKPRIYA GOPINATH BORDOLOI INTL,26.1,91.583,29.8,1001.1,79.64
2010-07-11T12:00:00,42410099999,GUWAHATI INTL / LOKPRIYA GOPINATH BORDOLOI INTL,26.1,91.583,29.7,1000.0,84.47
2010-07-11T15:00:00,42410099999,GUWAHATI INTL / LOKPRIYA GOPINATH BORDOLOI INTL,26.1,91.583,28.4,1002.6,90.53
2010-07-11T18:00:00,42410099999,GUWAHATI INTL / LOKPRIYA GOPINATH BORDOLOI INTL,26.1,91.583,28.0,1003.1,92.12
2010-07-11T21:00:00,42410099999,GUWAHATI INTL / LOKPRIYA GOPINATH BORDOLOI INTL,26.1,91.583,27.6,1003.6,93.74
2010-07-12T00:00:00,42410099999,GUWAHATI INTL / LOKPRIYA GOPINATH BORDOLOI INTL,26.1,91.583,26.0,1001.6,98.24
2010-07-12T03:00:00,42410099999,GUWAHATI INTL / LOKPRIYA GOPINATH BORDOLOI INTL,26.1,91.583,29.6,1002.6,82.0
2010-07-12T06:00:00,42410099999,GUWAHATI INTL / LOKPRIYA GOPINATH BORDOLOI INTL,26.1,91.583,31.6,1001.6,81.76
2010-07-12T09:00:00,42410099999,GUWAHATI INTL / LOKPRIYA GOPINATH BORDOLOI INTL,26.1,91.583,27.0,1000.0,100.0
2010-07-12T12:00:00,42410099999,GUWAHATI INTL / LOKPRIYA GOPINATH BORDOLOI INTL,26.1,91.583,28.4,999.7,90.53
2010-07-12T15:00:00,42410099999,GUWAHATI INTL / LOKPRIYA GOPINATH BORDOLOI INTL,26.1,91.583,26.0,1001.9,94.8
2010-07-12T18:00:00,42410099999,GUWAHATI INTL / LOKPRIYA GOPINATH BORDOLOI INTL,26.1,91.583,26.4,1003.2,96.51
2010-07-12T21:00:00,42410099999,GUWAHATI INTL / LOKPRIYA GOPINATH BORDOLOI INTL,26.1,91.583,26.2,1002.2,97.08
2010-07-13T00:00:00,42410099999,GUWAHATI INTL / LOKPRIYA GOPINATH BORDOLOI INTL,26.1,91.583,26.6,1002.0,94.82
2010-07-13T03:00:00,42410099999,GUWAHATI INTL / LOKPRIYA GOPINATH BORDOLOI INTL,26.1,91.583,28.4,1003.7,86.36
2010-07-13T06:00:00,42410099999,GUWAHATI INTL / LOKPRIYA GOPINATH BORDOLOI INTL,26.1,91.583,30.8,1002.9,81.19
2010-07-13T09:00:00,42410099999,GUWAHATI INTL / LOKPRIYA GOPINATH BORDOLOI INTL,26.1,91.583,29.0,1001.2,90.57
2010-07-13T12:00:00,42410099999,GUWAHATI INTL / LOKPRIYA GOPINATH BORDOLOI INTL,26.1,91.583,30.2,1000.2,91.18
2010-07-13T15:00:00,42410099999,GUWAHATI INTL / LOKPRIYA GOPINATH BORDOLOI INTL,26.1,91.583,28.8,1002.7,92.17
2010-07-13T18:00:00,42410099999,GUWAHATI INTL / LOKPRIYA GOPINATH BORDOLOI INTL,26.1,91.583,28.2,1002.8,95.44
2010-07-13T21:00:00,42410099999,GUWAHATI INTL / LOKPRIYA GOPINATH BORDOLOI INTL,26.1,91.583,27.2,1002.7,98.25
2010-07-14T00:00:00,42410099999,GUWAHATI INTL / LOKPRIYA GOPINATH BORDOLOI INTL,26.1,91.583,27.4,1002.1,96.54
2010-07-14T03:00:00,42410099999,GUWAHATI INTL / LOKPRIYA GOPINATH BORDOLOI INTL,26.1,91.583,31.6,1003.6,74.88
2010-07-14T06:00:00,42410099999,GUWAHATI INTL / LOKPRIYA GOPINATH BORDOLOI INTL,26.1,91.583,32.0,1003.8,76.73
2010-07-14T09:00:00,42410099999,GUWAHATI INTL / LOKPRIYA GOPINATH BORDOLOI INTL,26.1,91.583,32.8,1000.6,70.39
2010-07-14T12:00:00,42410099999,GUWAHATI INTL / LOKPRIYA GOPINATH BORDOLOI INTL,26.1,91.583,32.0,1000.3,77.63
2010-07-15T03:00:00,42410099999,GUWAHATI INTL / LOKPRIYA GOPINATH BORDOLOI INTL,26.1,91.583,30.8,1004.2,75.65
2010-07-15T06:00:00,42410099999,GUWAHATI INTL / LOKPRIYA GOPINATH BORDOLOI INTL,26.1,91.583,32.4,1003.2,74.14
2010-07-15T09:00:00,42410099999,GUWAHATI INTL / LOKPRIYA GOPINATH BORDOLOI INTL,26.1,91.583,33.2,1000.9,76.91
2010-07-15T11:30:00,42410099999,GUWAHATI INTL / LOKPRIYA GOPINATH BORDOLOI INTL,26.1,91.583,32.0,,74.95
2010-07-15T12:00:00,42410099999,GUWAHATI INTL / LOKPRIYA GOPINATH BORDOLOI INTL,26.1,91.583,32.4,1000.5,79.06
2010-07-15T15:00:00,42410099999,GUWAHATI INTL / LOKPRIYA GOPINATH BORDOLOI INTL,26.1,91.583,30.0,1002.6,83.51
2010-07-15T18:00:00,42410099999,GUWAHATI INTL / LOKPRIYA GOPINATH BORDOLOI INTL,26.1,91.583,29.4,1002.9,86.45
2010-07-15T21:00:00,42410099999,GUWAHATI INTL / LOKPRIYA GOPINATH BORDOLOI INTL,26.1,91.583,29.4,1002.9,86.45
2010-07-16T00:00:00,42410099999,GUWAHATI INTL / LOKPRIYA GOPINATH BORDOLOI INTL,26.1,91.583,28.0,1002.2,92.12
2010-07-16T03:00:00,42410099999,GUWAHATI INTL / LOKPRIYA GOPINATH BORDOLOI INTL,26.1,91.583,31.0,1003.9,78.4
2010-07-16T06:00:00,42410099999,GUWAHATI INTL / LOKPRIYA GOPINATH BORDOLOI INTL,26.1,91.583,32.0,1003.2,68.59
2010-07-16T09:00:00,42410099999,GUWAHATI INTL / LOKPRIYA GOPINATH BORDOLOI INTL,26.1,91.583,32.0,1001.3,73.64
2010-07-16T12:00:00,42410099999,GUWAHATI INTL / LOKPRIYA GOPINATH BORDOLOI INTL,26.1,91.583,32.0,1000.1,79.0
2010-07-16T15:00:00,42410099999,GUWAHATI INTL / LOKPRIYA GOPINATH BORDOLOI INTL,26.1,91.583,29.0,1001.8,92.18
2010-07-16T18:00:00,42410099999,GUWAHATI INTL / LOKPRIYA GOPINATH BORDOLOI INTL,26.1,91.583,28.4,1003.4,92.14
2010-07-16T21:00:00,42410099999,GUWAHATI INTL / LOKPRIYA GOPINATH BORDOLOI INTL,26.1,91.583,27.8,1002.1,93.75
2010-07-17T00:00:00,42410099999,GUWAHATI INTL / LOKPRIYA GOPINATH BORDOLOI INTL,26.1,91.583,27.4,1002.7,95.41
2010-07-17T03:00:00,42410099999,GUWAHATI INTL / LOKPRIYA GOPINATH BORDOLOI INTL,26.1,91.583,31.2,1004.0,82.68
2010-07-17T06:00:00,42410099999,GUWAHATI INTL / LOKPRIYA GOPINATH BORDOLOI INTL,26.1,91.583,30.8,1003.5,79.77
2010-07-17T09:00:00,42410099999,GUWAHATI INTL / LOKPRIYA GOPINATH BORDOLOI INTL,26.1,91.583,32.4,1000.9,81.86
2010-07-17T12:00:00,42410099999,GUWAHATI INTL / LOKPRIYA GOPINATH BORDOLOI INTL,26.1,91.583,30.8,1000.0,78.38
2010-07-17T15:00:00,42410099999,GUWAHATI INTL / LOKPRIYA GOPINATH BORDOLOI INTL,26.1,91.583,29.0,1001.9,92.18
2010-07-17T18:00:00,42410099999,GUWAHATI INTL / LOKPRIYA GOPINATH BORDOLOI INTL,26.1,91.583,28.6,1002.1,95.45
2010-07-17T21:00:00,42410099999,GUWAHATI INTL / LOKPRIYA GOPINATH BORDOLOI INTL,26.1,91.583,27.8,1001.5,96.55
2010-07-18T00:00:00,42410099999,GUWAHATI INTL / LOKPRIYA GOPINATH BORDOLOI INTL,26.1,91.583,28.4,1002.2,92.14
2010-07-18T03:00:00,42410099999,GUWAHATI INTL / LOKPRIYA GOPINATH BORDOLOI INTL,26.1,91.583,29.0,1003.6,84.9
2010-07-18T06:00:00,42410099999,GUWAHATI INTL / LOKPRIYA GOPINATH BORDOLOI INTL,26.1,91.583,29.4,1002.6,84.94
2010-07-18T09:00:00,42410099999,GUWAHATI INTL / LOKPRIYA GOPINATH BORDOLOI INTL,26.1,91.583,29.4,1000.7,83.45
2010-07-18T12:00:00,42410099999,GUWAHATI INTL / LOKPRIYA GOPINATH BORDOLOI INTL,26.1,91.583,30.2,1000.5,78.29
2010-07-18T15:00:00,42410099999,GUWAHATI INTL / LOKPRIYA GOPINATH BORDOLOI INTL,26.1,91.583,28.2,1002.6,95.44
2010-07-18T18:00:00,42410099999,GUWAHATI INTL / LOKPRIYA GOPINATH BORDOLOI INTL,26.1,91.583,27.6,1003.7,98.26
2010-07-18T21:00:00,42410099999,GUWAHATI INTL / LOKPRIYA GOPINATH BORDOLOI INTL,26.1,91.583,27.4,1003.4,98.26
2010-07-19T00:00:00,42410099999,GUWAHATI INTL / LOKPRIYA GOPINATH BORDOLOI INTL,26.1,91.583,26.6,1002.3,94.82
2010-07-19T03:00:00,42410099999,GUWAHATI INTL / LOKPRIYA GOPINATH BORDOLOI INTL,26.1,91.583,28.4,1003.4,84.83
2010-07-19T06:00:00,42410099999,GUWAHATI INTL / LOKPRIYA GOPINATH BORDOLOI INTL,26.1,91.583,30.0,1002.4,85.0
2010-07-19T09:00:00,42410099999,GUWAHATI INTL / LOKPRIYA GOPINATH BORDOLOI INTL,26.1,91.583,27.0,1001.7,95.4
2010-07-19T12:00:00,42410099999,GUWAHATI INTL / LOKPRIYA GOPINATH BORDOLOI INTL,26.1,91.583,28.4,1000.6,88.95
2010-07-19T15:00:00,42410099999,GUWAHATI INTL / LOKPRIYA GOPINATH BORDOLOI INTL,26.1,91.583,27.6,1003.1,98.26
2010-07-19T18:00:00,42410099999,GUWAHATI INTL / LOKPRIYA GOPINATH BORDOLOI INTL,26.1,91.583,27.2,1003.6,98.25
2010-07-19T21:00:00,42410099999,GUWAHATI INTL / LOKPRIYA GOPINATH BORDOLOI INTL,26.1,91.583,27.0,1004.1,98.25
2010-07-20T00:00:00,42410099999,GUWAHATI INTL / LOKPRIYA GOPINATH BORDOLOI INTL,26.1,91.583,27.0,1001.6,95.4
2010-07-20T03:00:00,42410099999,GUWAHATI INTL / LOKPRIYA GOPINATH BORDOLOI INTL,26.1,91.583,28.0,1004.1,92.12
2010-07-20T06:00:00,42410099999,GUWAHATI INTL / LOKPRIYA GOPINATH BORDOLOI INTL,26.1,91.583,28.8,1004.6,89.5
2010-07-20T09:00:00,42410099999,GUWAHATI INTL / LOKPRIYA GOPINATH BORDOLOI INTL,26.1,91.583,26.0,1002.7,98.24
2010-07-20T12:00:00,42410099999,GUWAHATI INTL / LOKPRIYA GOPINATH BORDOLOI INTL,26.1,91.583,27.0,1001.8,90.44
2010-07-20T15:00:00,42410099999,GUWAHATI INTL / LOKPRIYA GOPINATH BORDOLOI INTL,26.1,91.583,26.6,1003.3,98.25
2010-07-20T18:00:00,42410099999,GUWAHATI INTL / LOKPRIYA GOPINATH BORDOLOI INTL,26.1,91.583,26.6,1005.0,98.25
2010-07-20T21:00:00,42410099999,GUWAHATI INTL / LOKPRIYA GOPINATH BORDOLOI INTL,26.1,91.583,26.4,1003.5,98.24
2010-07-21T00:00:00,42410099999,GUWAHATI INTL / LOKPRIYA GOPINATH BORDOLOI INTL,26.1,91.583,26.6,1003.9,96.52
2010-07-21T03:00:00,42410099999,GUWAHATI INTL / LOKPRIYA GOPINATH BORDOLOI INTL,26.1,91.583,29.0,1004.8,84.9
2010-07-21T06:00:00,42410099999,GUWAHATI INTL / LOKPRIYA GOPINATH BORDOLOI INTL,26.1,91.583,31.2,1003.7,77.52
2010-07-21T09:00:00,42410099999,GUWAHATI INTL / LOKPRIYA GOPINATH BORDOLOI INTL,26.1,91.583,29.0,1001.8,86.41
2010-07-21T12:00:00,42410099999,GUWAHATI INTL / LOKPRIYA GOPINATH BORDOLOI INTL,26.1,91.583,29.8,1001.2,79.64
2010-07-21T15:00:00,42410099999,GUWAHATI INTL / LOKPRIYA GOPINATH BORDOLOI INTL,26.1,91.583,28.4,1004.2,92.14
2010-07-21T18:00:00,42410099999,GUWAHATI INTL / LOKPRIYA GOPINATH BORDOLOI INTL,26.1,91.583,28.0,1004.8,93.76
2010-07-21T21:00:00,42410099999,GUWAHATI INTL / LOKPRIYA GOPINATH BORDOLOI INTL,26.1,91.583,27.4,1004.6,95.41
2010-07-22T00:00:00,42410099999,GUWAHATI INTL / LOKPRIYA GOPINATH BORDOLOI INTL,26.1,91.583,27.0,1003.6,96.53
2010-07-22T03:00:00,42410099999,GUWAHATI INTL / LOKPRIYA GOPINATH BORDOLOI INTL,26.1,91.583,30.4,1004.2,76.94
2010-07-22T06:00:00,42410099999,GUWAHATI INTL / LOKPRIYA GOPINATH BORDOLOI INTL,26.1,91.583,32.2,1002.6,76.31
2010-07-22T09:00:00,42410099999,GUWAHATI INTL / LOKPRIYA GOPINATH BORDOLOI INTL,26.1,91.583,32.2,999.8,77.66
2010-07-22T12:00:00,42410099999,GUWAHATI INTL / LOKPRIYA GOPINATH BORDOLOI INTL,26.1,91.583,30.6,999.5,86.56
2010-07-22T15:00:00,42410099999,GUWAHATI INTL / LOKPRIYA GOPINATH BORDOLOI INTL,26.1,91.583,28.8,1001.7,87.94
2010-07-22T18:00:00,42410099999,GUWAHATI INTL / LOKPRIYA GOPINATH BORDOLOI INTL,26.1,91.583,28.0,1002.7,92.12
2010-07-22T21:00:00,42410099999,GUWAHATI INTL / LOKPRIYA GOPINATH BORDOLOI INTL,26.1,91.583,27.6,1002.3,93.74
2010-07-23T00:00:00,42410099999,GUWAHATI INTL / LOKPRIYA GOPINATH BORDOLOI INTL,26.1,91.583,27.6,1000.8,93.74
2010-07-23T03:00:00,42410099999,GUWAHATI INTL / LOKPRIYA GOPINATH BORDOLOI INTL,26.1,91.583,29.4,1001.6,84.94
2010-07-23T06:00:00,42410099999,GUWAHATI INTL / LOKPRIYA GOPINATH BORDOLOI INTL,26.1,91.583,32.6,999.4,77.72
2010-07-23T09:00:00,42410099999,GUWAHATI INTL / LOKPRIYA GOPINATH BORDOLOI INTL,26.1,91.583,34.0,996.5,68.57
2010-07-23T12:00:00,42410099999,GUWAHATI INTL / LOKPRIYA GOPINATH BORDOLOI INTL,26.1,91.583,28.6,997.6,92.16
2010-07-23T15:00:00,42410099999,GUWAHATI INTL / LOKPRIYA GOPINATH BORDOLOI INTL,26.1,91.583,27.2,1000.4,96.53
2010-07-23T18:00:00,42410099999,GUWAHATI INTL / LOKPRIYA GOPINATH BORDOLOI INTL,26.1,91.583,27.0,1000.8,96.53
2010-07-23T21:00:00,42410099999,GUWAHATI INTL / LOKPRIYA GOPINATH BORDOLOI INTL,26.1,91.583,26.4,1001.1,96.51
2010-07-24T00:00:00,42410099999,GUWAHATI INTL / LOKPRIYA GOPINATH BORDOLOI INTL,26.1,91.583,27.8,,93.75
2010-07-24T03:00:00,42410099999,GUWAHATI INTL / LOKPRIYA GOPINATH BORDOLOI INTL,26.1,91.583,29.4,1000.1,84.94
2010-07-24T06:00:00,42410099999,GUWAHATI INTL / LOKPRIYA GOPINATH BORDOLOI INTL,26.1,91.583,31.2,998.9,76.16
2010-07-24T09:00:00,42410099999,GUWAHATI INTL / LOKPRIYA GOPINATH BORDOLOI INTL,26.1,91.583,31.8,997.0,76.25
2010-07-24T12:00:00,42410099999,GUWAHATI INTL / LOKPRIYA GOPINATH BORDOLOI INTL,26.1,91.583,30.2,996.5,78.29
2010-07-24T15:00:00,42410099999,GUWAHATI INTL / LOKPRIYA GOPINATH BORDOLOI INTL,26.1,91.583,27.4,998.9,88.87
2010-07-24T18:00:00,42410099999,GUWAHATI INTL / LOKPRIYA GOPINATH BORDOLOI INTL,26.1,91.583,27.2,1000.4,93.73
2010-07-24T21:00:00,42410099999,GUWAHATI INTL / LOKPRIYA GOPINATH BORDOLOI INTL,26.1,91.583,27.2,999.2,93.73
2010-07-25T00:00:00,42410099999,GUWAHATI INTL / LOKPRIYA GOPINATH BORDOLOI INTL,26.1,91.583,26.8,997.8,95.39
2010-07-25T03:00:00,42410099999,GUWAHATI INTL / LOKPRIYA GOPINATH BORDOLOI INTL,26.1,91.583,30.6,998.9,85.56
2010-07-25T06:00:00,42410099999,GUWAHATI INTL / LOKPRIYA GOPINATH BORDOLOI INTL,26.1,91.583,32.6,998.0,79.09
2010-07-25T09:00:00,42410099999,GUWAHATI INTL / LOKPRIYA GOPINATH BORDOLOI INTL,26.1,91.583,27.4,996.2,98.26
2010-07-25T12:00:00,42410099999,GUWAHATI INTL / LOKPRIYA GOPINATH BORDOLOI INTL,26.1,91.583,28.0,996.6,95.43
2010-07-25T15:00:00,42410099999,GUWAHATI INTL / LOKPRIYA GOPINATH BORDOLOI INTL,26.1,91.583,28.0,999.0,93.76
2010-07-25T18:00:00,42410099999,GUWAHATI INTL / LOKPRIYA GOPINATH BORDOLOI INTL,26.1,91.583,27.8,999.6,93.75
2010-07-25T21:00:00,42410099999,GUWAHATI INTL / LOKPRIYA GOPINATH BORDOLOI INTL,26.1,91.583,27.2,999.1,96.53
2010-07-26T00:00:00,42410099999,GUWAHATI INTL / LOKPRIYA GOPINATH BORDOLOI INTL,26.1,91.583,27.0,1001.1,93.72
2010-07-26T03:00:00,42410099999,GUWAHATI INTL / LOKPRIYA GOPINATH BORDOLOI INTL,26.1,91.583,29.0,1003.7,84.9
2010-07-26T06:00:00,42410099999,GUWAHATI INTL / LOKPRIYA GOPINATH BORDOLOI INTL,26.1,91.583,29.0,1002.9,92.18
2010-07-26T09:00:00,42410099999,GUWAHATI INTL / LOKPRIYA GOPINATH BORDOLOI INTL,26.1,91.583,29.4,1002.2,83.45
2010-07-26T12:00:00,42410099999,GUWAHATI INTL / LOKPRIYA GOPINATH BORDOLOI INTL,26.1,91.583,29.0,1001.7,84.9
2010-07-26T15:00:00,42410099999,GUWAHATI INTL / LOKPRIYA GOPINATH BORDOLOI INTL,26.1,91.583,27.8,1004.6,92.11
2010-07-26T18:00:00,42410099999,GUWAHATI INTL / LOKPRIYA GOPINATH BORDOLOI INTL,26.1,91.583,27.4,1005.5,93.74
2010-07-26T21:00:00,42410099999,GUWAHATI INTL / LOKPRIYA GOPINATH BORDOLOI INTL,26.1,91.583,27.2,1004.8,96.53
2010-07-27T00:00:00,42410099999,GUWAHATI INTL / LOKPRIYA GOPINATH BORDOLOI INTL,26.1,91.583,27.4,1005.1,95.41
2010-07-27T03:00:00,42410099999,GUWAHATI INTL / LOKPRIYA GOPINATH BORDOLOI INTL,26.1,91.583,31.4,1005.4,76.19
2010-07-27T06:00:00,42410099999,GUWAHATI INTL / LOKPRIYA GOPINATH BORDOLOI INTL,26.1,91.583,33.0,1003.9,71.67
2010-07-27T09:00:00,42410099999,GUWAHATI INTL / LOKPRIYA GOPINATH BORDOLOI INTL,26.1,91.583,35.2,1001.4,62.66
2010-07-27T12:00:00,42410099999,GUWAHATI INTL / LOKPRIYA GOPINATH BORDOLOI INTL,26.1,91.583,31.6,1000.5,80.35
2010-07-27T15:00:00,42410099999,GUWAHATI INTL / LOKPRIYA GOPINATH BORDOLOI INTL,26.1,91.583,29.4,1002.6,81.98
2010-07-27T18:00:00,42410099999,GUWAHATI INTL / LOKPRIYA GOPINATH BORDOLOI INTL,26.1,91.583,28.4,1003.1,87.9
2010-07-27T21:00:00,42410099999,GUWAHATI INTL / LOKPRIYA GOPINATH BORDOLOI INTL,26.1,91.583,27.6,1003.6,88.88
2010-07-28T00:00:00,42410099999,GUWAHATI INTL / LOKPRIYA GOPINATH BORDOLOI INTL,26.1,91.583,28.0,1003.6,88.92
2010-07-28T03:00:00,42410099999,GUWAHATI INTL / LOKPRIYA GOPINATH BORDOLOI INTL,26.1,91.583,32.0,1002.7,74.95
2010-07-28T06:00:00,42410099999,GUWAHATI INTL / LOKPRIYA GOPINATH BORDOLOI INTL,26.1,91.583,32.4,1002.4,70.73
2010-07-28T09:00:00,42410099999,GUWAHATI INTL / LOKPRIYA GOPINATH BORDOLOI INTL,26.1,91.583,34.2,999.5,61.71
2010-07-28T12:00:00,42410099999,GUWAHATI INTL / LOKPRIYA GOPINATH BORDOLOI INTL,26.1,91.583,33.8,999.3,69.75
2010-07-28T15:00:00,42410099999,GUWAHATI INTL / LOKPRIYA GOPINATH BORDOLOI INTL,26.1,91.583,30.4,1001.5,82.58
2010-07-28T18:00:00,42410099999,GUWAHATI INTL / LOKPRIYA GOPINATH BORDOLOI INTL,26.1,91.583,29.0,1002.9,90.57
2010-07-28T21:00:00,42410099999,GUWAHATI INTL / LOKPRIYA GOPINATH BORDOLOI INTL,26.1,91.583,28.6,1001.9,90.55
2010-07-29T00:00:00,42410099999,GUWAHATI INTL / LOKPRIYA GOPINATH BORDOLOI INTL,26.1,91.583,27.0,1002.1,96.53
2010-07-29T03:00:00,42410099999,GUWAHATI INTL / LOKPRIYA GOPINATH BORDOLOI INTL,26.1,91.583,25.6,1004.0,98.23
2010-07-29T06:00:00,42410099999,GUWAHATI INTL / LOKPRIYA GOPINATH BORDOLOI INTL,26.1,91.583,25.8,1002.8,94.79
2010-07-29T09:00:00,42410099999,GUWAHATI INTL / LOKPRIYA GOPINATH BORDOLOI INTL,26.1,91.583,30.2,1000.7,79.69
2010-07-29T12:00:00,42410099999,GUWAHATI INTL / LOKPRIYA GOPINATH BORDOLOI INTL,26.1,91.583,29.0,1000.7,83.4
2010-07-29T15:00:00,42410099999,GUWAHATI INTL / LOKPRIYA GOPINATH BORDOLOI INTL,26.1,91.583,28.2,1003.6,96.56
2010-07-29T18:00:00,42410099999,GUWAHATI INTL / LOKPRIYA GOPINATH BORDOLOI INTL,26.1,91.583,28.0,1004.5,90.51
2010-07-29T21:00:00,42410099999,GUWAHATI INTL / LOKPRIYA GOPINATH BORDOLOI INTL,26.1,91.583,26.4,1004.2,
2010-07-30T00:00:00,42410099999,GUWAHATI INTL / LOKPRIYA GOPINATH BORDOLOI INTL,26.1,91.583,27.0,1003.4,98.25
2010-07-30T03:00:00,42410099999,GUWAHATI INTL / LOKPRIYA GOPINATH BORDOLOI INTL,26.1,91.583,28.6,1004.9,87.92
2010-07-30T06:00:00,42410099999,GUWAHATI INTL / LOKPRIYA GOPINATH BORDOLOI INTL,26.1,91.583,30.2,1003.7,81.11
2010-07-30T09:00:00,42410099999,GUWAHATI INTL / LOKPRIYA GOPINATH BORDOLOI INTL,26.1,91.583,30.6,1002.6,79.75
2010-07-30T15:00:00,42410099999,GUWAHATI INTL / LOKPRIYA GOPINATH BORDOLOI INTL,26.1,91.583,27.4,1004.5,98.26
2010-07-30T18:00:00,42410099999,GUWAHATI INTL / LOKPRIYA GOPINATH BORDOLOI INTL,26.1,91.583,27.4,1005.9,93.74
2010-07-30T21:00:00,42410099999,GUWAHATI INTL / LOKPRIYA GOPINATH BORDOLOI INTL,26.1,91.583,27.0,1005.5,92.07
2010-07-31T00:00:00,42410099999,GUWAHATI INTL / LOKPRIYA GOPINATH BORDOLOI INTL,26.1,91.583,27.0,1004.5,98.25
2010-07-31T03:00:00,42410099999,GUWAHATI INTL / LOKPRIYA GOPINATH BORDOLOI INTL,26.1,91.583,30.6,1005.0,81.16
2010-07-31T06:00:00,42410099999,GUWAHATI INTL / LOKPRIYA GOPINATH BORDOLOI INTL,26.1,91.583,31.8,1003.4,77.6
2010-07-31T09:00:00,42410099999,GUWAHATI INTL / LOKPRIYA GOPINATH BORDOLOI INTL,26.1,91.583,29.0,1002.0,92.18
2010-07-31T12:00:00,42410099999,GUWAHATI INTL / LOKPRIYA GOPINATH BORDOLOI INTL,26.1,91.583,28.6,1001.2,88.96
2010-07-31T15:00:00,42410099999,GUWAHATI INTL / LOKPRIYA GOPINATH BORDOLOI INTL,26.1,91.583,28.4,1003.7,97.13
2010-07-31T18:00:00,42410099999,GUWAHATI INTL / LOKPRIYA GOPINATH BORDOLOI INTL,26.1,91.583,28.2,1004.1,96.56
2010-07-31T21:00:00,42410099999,GUWAHATI INTL / LOKPRIYA GOPINATH BORDOLOI INTL,26.1,91.583,27.4,1003.8,96.54
2010-08-01T00:00:00,42410099999,GUWAHATI INTL / LOKPRIYA GOPINATH BORDOLOI INTL,26.1,91.583,27.2,1003.8,95.4
2010-08-01T03:00:00,42410099999,GUWAHATI INTL / LOKPRIYA GOPINATH BORDOLOI INTL,26.1,91.583,30.2,1004.8,76.91
2010-08-01T06:00:00,42410099999,GUWAHATI INTL / LOKPRIYA GOPINATH BORDOLOI INTL,26.1,91.583,32.0,1004.5,68.59
2010-08-01T09:00:00,42410099999,GUWAHATI INTL / LOKPRIYA GOPINATH BORDOLOI INTL,26.1,91.583,32.2,1002.1,70.28
2010-08-01T12:00:00,42410099999,GUWAHATI INTL / LOKPRIYA GOPINATH BORDOLOI INTL,26.1,91.583,28.8,1002.0,85.88
2010-08-01T15:00:00,42410099999,GUWAHATI INTL / LOKPRIYA GOPINATH BORDOLOI INTL,26.1,91.583,28.0,1004.6,95.43
2010-08-01T18:00:00,42410099999,GUWAHATI INTL / LOKPRIYA GOPINATH BORDOLOI INTL,26.1,91.583,27.8,1006.5,94.86
2010-08-01T21:00:00,42410099999,GUWAHATI INTL / LOKPRIYA GOPINATH BORDOLOI INTL,26.1,91.583,27.6,1005.0,96.54
2010-08-02T00:00:00,42410099999,GUWAHATI INTL / LOKPRIYA GOPINATH BORDOLOI INTL,26.1,91.583,27.0,1004.1,96.53
2010-08-02T03:00:00,42410099999,GUWAHATI INTL / LOKPRIYA GOPINATH BORDOLOI INTL,26.1,91.583,30.7,1005.4,78.36
2010-08-02T06:00:00,42410099999,GUWAHATI INTL / LOKPRIYA GOPINATH BORDOLOI INTL,26.1,91.583,31.8,1004.3,75.36
2010-08-02T09:00:00,42410099999,GUWAHATI INTL / LOKPRIYA GOPINATH BORDOLOI INTL,26.1,91.583,32.8,1001.7,74.2
2010-08-02T12:00:00,42410099999,GUWAHATI INTL / LOKPRIYA GOPINATH BORDOLOI INTL,26.1,91.583,29.3,1001.1,85.43
2010-08-02T15:00:00,42410099999,GUWAHATI INTL / LOKPRIYA GOPINATH BORDOLOI INTL,26.1,91.583,28.0,1003.8,93.76
2010-08-02T18:00:00,42410099999,GUWAHATI INTL / LOKPRIYA GOPINATH BORDOLOI INTL,26.1,91.583,27.6,1004.3,93.74
2010-08-02T21:00:00,42410099999,GUWAHATI INTL / LOKPRIYA GOPINATH BORDOLOI INTL,26.1,91.583,27.4,1004.0,93.74
2010-08-03T00:00:00,42410099999,GUWAHATI INTL / LOKPRIYA GOPINATH BORDOLOI INTL,26.1,91.583,27.0,1002.5,93.72
2010-08-03T03:00:00,42410099999,GUWAHATI INTL / LOKPRIYA GOPINATH BORDOLOI INTL,26.1,91.583,29.9,1004.4,80.12
2010-08-03T06:00:00,42410099999,GUWAHATI INTL / LOKPRIYA GOPINATH BORDOLOI INTL,26.1,91.583,32.5,1002.9,65.89
2010-08-03T09:00:00,42410099999,GUWAHATI INTL / LOKPRIYA GOPINATH BORDOLOI INTL,26.1,91.583,31.1,1000.2,79.34
2010-08-03T12:00:00,42410099999,GUWAHATI INTL / LOKPRIYA GOPINATH BORDOLOI INTL,26.1,91.583,29.2,1000.4,89.53
2010-08-03T15:00:00,42410099999,GUWAHATI INTL / LOKPRIYA GOPINATH BORDOLOI INTL,26.1,91.583,28.5,1002.9,89.48
2010-08-03T18:00:00,42410099999,GUWAHATI INTL / LOKPRIYA GOPINATH BORDOLOI INTL,26.1,91.583,28.0,1003.2,96.55
2010-08-03T21:00:00,42410099999,GUWAHATI INTL / LOKPRIYA GOPINATH BORDOLOI INTL,26.1,91.583,27.8,1003.6,96.55
2010-08-04T00:00:00,42410099999,GUWAHATI INTL / LOKPRIYA GOPINATH BORDOLOI INTL,26.1,91.583,27.2,1001.1,98.25
2010-08-04T03:00:00,42410099999,GUWAHATI INTL / LOKPRIYA GOPINATH BORDOLOI INTL,26.1,91.583,29.6,1003.2,88.52
2010-08-04T06:00:00,42410099999,GUWAHATI INTL / LOKPRIYA GOPINATH BORDOLOI INTL,26.1,91.583,32.4,1001.5,72.42
2010-08-04T09:00:00,42410099999,GUWAHATI INTL / LOKPRIYA GOPINATH BORDOLOI INTL,26.1,91.583,32.5,999.5,73.72
2010-08-04T12:00:00,42410099999,GUWAHATI INTL / LOKPRIYA GOPINATH BORDOLOI INTL,26.1,91.583,30.1,1000.1,81.1
2010-08-04T15:00:00,42410099999,GUWAHATI INTL / LOKPRIYA GOPINATH BORDOLOI INTL,26.1,91.583,29.0,1003.2,92.18
2010-08-04T18:00:00,42410099999,GUWAHATI INTL / LOKPRIYA GOPINATH BORDOLOI INTL,26.1,91.583,28.4,1003.4,93.78
2010-08-04T21:00:00,42410099999,GUWAHATI INTL / LOKPRIYA GOPINATH BORDOLOI INTL,26.1,91.583,27.4,1004.0,93.74
2010-08-05T00:00:00,42410099999,GUWAHATI INTL / LOKPRIYA GOPINATH BORDOLOI INTL,26.1,91.583,27.6,1003.8,95.42
2010-08-05T03:00:00,42410099999,GUWAHATI INTL / LOKPRIYA GOPINATH BORDOLOI INTL,26.1,91.583,29.7,1004.5,88.53
2010-08-05T06:00:00,42410099999,GUWAHATI INTL / LOKPRIYA GOPINATH BORDOLOI INTL,26.1,91.583,33.6,1002.8,72.2
2010-08-05T09:00:00,42410099999,GUWAHATI INTL / LOKPRIYA GOPINATH BORDOLOI INTL,26.1,91.583,34.6,1000.0,67.1
2010-08-05T12:00:00,42410099999,GUWAHATI INTL / LOKPRIYA GOPINATH BORDOLOI INTL,26.1,91.583,29.9,1001.6,78.25
2010-08-05T15:00:00,42410099999,GUWAHATI INTL / LOKPRIYA GOPINATH BORDOLOI INTL,26.1,91.583,28.8,1004.4,86.9
2010-08-05T18:00:00,42410099999,GUWAHATI INTL / LOKPRIYA GOPINATH BORDOLOI INTL,26.1,91.583,28.6,1005.0,92.16
2010-08-05T21:00:00,42410099999,GUWAHATI INTL / LOKPRIYA GOPINATH BORDOLOI INTL,26.1,91.583,28.0,1005.4,95.43
2010-08-06T00:00:00,42410099999,GUWAHATI INTL / LOKPRIYA GOPINATH BORDOLOI INTL,26.1,91.583,27.4,1005.5,95.41
2010-08-06T03:00:00,42410099999,GUWAHATI INTL / LOKPRIYA GOPINATH BORDOLOI INTL,26.1,91.583,30.6,1007.4,81.64
2010-08-06T06:00:00,42410099999,GUWAHATI INTL / LOKPRIYA GOPINATH BORDOLOI INTL,26.1,91.583,33.3,1006.4,69.25
2010-08-06T09:00:00,42410099999,GUWAHATI INTL / LOKPRIYA GOPINATH BORDOLOI INTL,26.1,91.583,26.0,1000.6,99.41
2010-08-06T12:00:00,42410099999,GUWAHATI INTL / LOKPRIYA GOPINATH BORDOLOI INTL,26.1,91.583,27.4,1004.6,95.41
2010-08-06T15:00:00,42410099999,GUWAHATI INTL / LOKPRIYA GOPINATH BORDOLOI INTL,26.1,91.583,27.6,1006.8,95.42
2010-08-06T18:00:00,42410099999,GUWAHATI INTL / LOKPRIYA GOPINATH BORDOLOI INTL,26.1,91.583,27.4,1007.1,98.26
2010-08-06T21:00:00,42410099999,GUWAHATI INTL / LOKPRIYA GOPINATH BORDOLOI INTL,26.1,91.583,27.2,1006.8,98.25
2010-08-07T00:00:00,42410099999,GUWAHATI INTL / LOKPRIYA GOPINATH BORDOLOI INTL,26.1,91.583,26.6,1006.3,96.52
2010-08-07T03:00:00,42410099999,GUWAHATI INTL / LOKPRIYA GOPINATH BORDOLOI INTL,26.1,91.583,30.2,1006.6,82.56
2010-08-07T06:00:00,42410099999,GUWAHATI INTL / LOKPRIYA GOPINATH BORDOLOI INTL,26.1,91.583,32.0,1005.0,73.64
2010-08-07T09:00:00,42410099999,GUWAHATI INTL / LOKPRIYA GOPINATH BORDOLOI INTL,26.1,91.583,33.4,1002.0,62.27
2010-08-07T12:00:00,42410099999,GUWAHATI INTL / LOKPRIYA GOPINATH BORDOLOI INTL,26.1,91.583,33.4,1000.5,69.67
2010-08-07T15:00:00,42410099999,GUWAHATI INTL / LOKPRIYA GOPINATH BORDOLOI INTL,26.1,91.583,29.4,1002.8,87.99
2010-08-07T18:00:00,42410099999,GUWAHATI INTL / LOKPRIYA GOPINATH BORDOLOI INTL,26.1,91.583,29.0,1003.5,89.52
2010-08-07T21:00:00,42410099999,GUWAHATI INTL / LOKPRIYA GOPINATH BORDOLOI INTL,26.1,91.583,28.4,1003.1,90.53
2010-08-08T00:00:00,42410099999,GUWAHATI INTL / LOKPRIYA GOPINATH BORDOLOI INTL,26.1,91.583,27.8,1002.8,93.75
2010-08-08T03:00:00,42410099999,GUWAHATI INTL / LOKPRIYA GOPINATH BORDOLOI INTL,26.1,91.583,31.0,1003.8,77.49
2010-08-08T06:00:00,42410099999,GUWAHATI INTL / LOKPRIYA GOPINATH BORDOLOI INTL,26.1,91.583,33.0,1003.4,69.19
2010-08-08T09:00:00,42410099999,GUWAHATI INTL / LOKPRIYA GOPINATH BORDOLOI INTL,26.1,91.583,34.0,1000.7,64.65
2010-08-08T12:00:00,42410099999,GUWAHATI INTL / LOKPRIYA GOPINATH BORDOLOI INTL,26.1,91.583,33.2,999.2,64.49
2010-08-08T15:00:00,42410099999,GUWAHATI INTL / LOKPRIYA GOPINATH BORDOLOI INTL,26.1,91.583,29.0,1001.6,86.41
2010-08-08T18:00:00,42410099999,GUWAHATI INTL / LOKPRIYA GOPINATH BORDOLOI INTL,26.1,91.583,28.6,1002.8,87.92
2010-08-08T21:00:00,42410099999,GUWAHATI INTL / LOKPRIYA GOPINATH BORDOLOI INTL,26.1,91.583,28.0,1003.0,90.51
2010-08-09T00:00:00,42410099999,GUWAHATI INTL / LOKPRIYA GOPINATH BORDOLOI INTL,26.1,91.583,27.8,1002.6,93.75
2010-08-09T03:00:00,42410099999,GUWAHATI INTL / LOKPRIYA GOPINATH BORDOLOI INTL,26.1,91.583,32.0,1003.5,76.28
2010-08-09T06:00:00,42410099999,GUWAHATI INTL / LOKPRIYA GOPINATH BORDOLOI INTL,26.1,91.583,33.4,1001.5,68.45
2010-08-09T09:00:00,42410099999,GUWAHATI INTL / LOKPRIYA GOPINATH BORDOLOI INTL,26.1,91.583,34.2,999.0,62.81
2010-08-09T12:00:00,42410099999,GUWAHATI INTL / LOKPRIYA GOPINATH BORDOLOI INTL,26.1,91.583,30.8,998.9,82.63
2010-08-09T15:00:00,42410099999,GUWAHATI INTL / LOKPRIYA GOPINATH BORDOLOI INTL,26.1,91.583,28.6,1001.6,88.96
2010-08-09T18:00:00,42410099999,GUWAHATI INTL / LOKPRIYA GOPINATH BORDOLOI INTL,26.1,91.583,28.2,1002.6,90.52
2010-08-09T21:00:00,42410099999,GUWAHATI INTL / LOKPRIYA GOPINATH BORDOLOI INTL,26.1,91.583,28.0,1003.1,90.51
2010-08-10T00:00:00,42410099999,GUWAHATI INTL / LOKPRIYA GOPINATH BORDOLOI INTL,26.1,91.583,28.0,1002.6,93.76
2010-08-10T03:00:00,42410099999,GUWAHATI INTL / LOKPRIYA GOPINATH BORDOLOI INTL,26.1,91.583,31.2,1003.9,81.24
2010-08-10T06:00:00,42410099999,GUWAHATI INTL / LOKPRIYA GOPINATH BORDOLOI INTL,26.1,91.583,32.4,1003.2,76.79
2010-08-10T09:00:00,42410099999,GUWAHATI INTL / LOKPRIYA GOPINATH BORDOLOI INTL,26.1,91.583,35.0,1000.4,66.78
2010-08-10T12:00:00,42410099999,GUWAHATI INTL / LOKPRIYA GOPINATH BORDOLOI INTL,26.1,91.583,33.0,999.3,78.23
2010-08-10T15:00:00,42410099999,GUWAHATI INTL / LOKPRIYA GOPINATH BORDOLOI INTL,26.1,91.583,29.0,1002.1,84.9
2010-08-10T18:00:00,42410099999,GUWAHATI INTL / LOKPRIYA GOPINATH BORDOLOI INTL,26.1,91.583,28.4,1002.6,87.9
2010-08-10T21:00:00,42410099999,GUWAHATI INTL / LOKPRIYA GOPINATH BORDOLOI INTL,26.1,91.583,28.0,1003.1,88.92
2010-08-11T00:00:00,42410099999,GUWAHATI INTL / LOKPRIYA GOPINATH BORDOLOI INTL,26.1,91.583,27.4,1003.6,93.74
2010-08-11T03:00:00,42410099999,GUWAHATI INTL / LOKPRIYA GOPINATH BORDOLOI INTL,26.1,91.583,32.6,1004.5,74.17
2010-08-11T06:00:00,42410099999,GUWAHATI INTL / LOKPRIYA GOPINATH BORDOLOI INTL,26.1,91.583,34.0,1002.7,65.04
2010-08-11T09:00:00,42410099999,GUWAHATI INTL / LOKPRIYA GOPINATH BORDOLOI INTL,26.1,91.583,33.2,1001.1,76.91
2010-08-11T09:30:00,42410099999,GUWAHATI INTL / LOKPRIYA GOPINATH BORDOLOI INTL,26.1,91.583,34.0,,71.01
2010-08-11T12:00:00,42410099999,GUWAHATI INTL / LOKPRIYA GOPINATH BORDOLOI INTL,26.1,91.583,31.6,1000.2,78.49
2010-08-11T15:00:00,42410099999,GUWAHATI INTL / LOKPRIYA GOPINATH BORDOLOI INTL,26.1,91.583,29.6,1002.7,91.14
2010-08-11T18:00:00,42410099999,GUWAHATI INTL / LOKPRIYA GOPINATH BORDOLOI INTL,26.1,91.583,29.0,1004.3,95.46
2010-08-11T21:00:00,42410099999,GUWAHATI INTL / LOKPRIYA GOPINATH BORDOLOI INTL,26.1,91.583,28.4,1003.7,97.13
2010-08-12T00:00:00,42410099999,GUWAHATI INTL / LOKPRIYA GOPINATH BORDOLOI INTL,26.1,91.583,27.6,1003.8,96.54
2010-08-12T03:00:00,42410099999,GUWAHATI INTL / LOKPRIYA GOPINATH BORDOLOI INTL,26.1,91.583,31.2,1004.5,84.13
2010-08-12T06:00:00,42410099999,GUWAHATI INTL / LOKPRIYA GOPINATH BORDOLOI INTL,26.1,91.583,31.4,1004.1,81.26
2010-08-12T09:00:00,42410099999,GUWAHATI INTL / LOKPRIYA GOPINATH BORDOLOI INTL,26.1,91.583,33.8,1000.9,72.23
2010-08-12T12:00:00,42410099999,GUWAHATI INTL / LOKPRIYA GOPINATH BORDOLOI INTL,26.1,91.583,33.0,1000.6,74.23
2010-08-12T15:00:00,42410099999,GUWAHATI INTL / LOKPRIYA GOPINATH BORDOLOI INTL,26.1,91.583,29.4,1004.5,89.55
2010-08-12T18:00:00,42410099999,GUWAHATI INTL / LOKPRIYA GOPINATH BORDOLOI INTL,26.1,91.583,29.0,1005.0,90.57
2010-08-12T21:00:00,42410099999,GUWAHATI INTL / LOKPRIYA GOPINATH BORDOLOI INTL,26.1,91.583,28.4,1004.5,93.78
2010-08-13T00:00:00,42410099999,GUWAHATI INTL / LOKPRIYA GOPINATH BORDOLOI INTL,26.1,91.583,26.4,1004.3,96.51
2010-08-13T03:00:00,42410099999,GUWAHATI INTL / LOKPRIYA GOPINATH BORDOLOI INTL,26.1,91.583,29.4,1005.1,86.45
2010-08-13T06:00:00,42410099999,GUWAHATI INTL / LOKPRIYA GOPINATH BORDOLOI INTL,26.1,91.583,31.2,1004.5,81.24
2010-08-13T09:00:00,42410099999,GUWAHATI INTL / LOKPRIYA GOPINATH BORDOLOI INTL,26.1,91.583,30.0,1003.4,88.04
2010-08-13T12:00:00,42410099999,GUWAHATI INTL / LOKPRIYA GOPINATH BORDOLOI INTL,26.1,91.583,26.6,1002.7,94.82
2010-08-13T15:00:00,42410099999,GUWAHATI INTL / LOKPRIYA GOPINATH BORDOLOI INTL,26.1,91.583,27.2,1004.2,95.4
2010-08-13T18:00:00,42410099999,GUWAHATI INTL / LOKPRIYA GOPINATH BORDOLOI INTL,26.1,91.583,27.0,1005.0,96.53
2010-08-13T21:00:00,42410099999,GUWAHATI INTL / LOKPRIYA GOPINATH BORDOLOI INTL,26.1,91.583,26.8,1004.4,96.52
2010-08-14T00:00:00,42410099999,GUWAHATI INTL / LOKPRIYA GOPINATH BORDOLOI INTL,26.1,91.583,26.4,1003.5,93.69
2010-08-14T03:00:00,42410099999,GUWAHATI INTL / LOKPRIYA GOPINATH BORDOLOI INTL,26.1,91.583,29.6,1004.8,78.21
2010-08-14T06:00:00,42410099999,GUWAHATI INTL / LOKPRIYA GOPINATH BORDOLOI INTL,26.1,91.583,31.8,1003.3,74.92
2010-08-14T09:00:00,42410099999,GUWAHATI INTL / LOKPRIYA GOPINATH BORDOLOI INTL,26.1,91.583,34.4,1001.0,67.85
2010-08-14T12:00:00,42410099999,GUWAHATI INTL / LOKPRIYA GOPINATH BORDOLOI INTL,26.1,91.583,34.4,1001.0,67.85
2010-08-14T15:00:00,42410099999,GUWAHATI INTL / LOKPRIYA GOPINATH BORDOLOI INTL,26.1,91.583,28.4,1004.8,93.78
2010-08-14T18:00:00,42410099999,GUWAHATI INTL / LOKPRIYA GOPINATH BORDOLOI INTL,26.1,91.583,27.6,1005.4,93.74
2010-08-14T21:00:00,42410099999,GUWAHATI INTL / LOKPRIYA GOPINATH BORDOLOI INTL,26.1,91.583,27.2,1004.8,93.73
2010-08-15T00:00:00,42410099999,GUWAHATI INTL / LOKPRIYA GOPINATH BORDOLOI INTL,26.1,91.583,25.8,1004.5,96.5
2010-08-15T03:00:00,42410099999,GUWAHATI INTL / LOKPRIYA GOPINATH BORDOLOI INTL,26.1,91.583,31.0,1005.8,78.4
2010-08-15T06:00:00,42410099999,GUWAHATI INTL / LOKPRIYA GOPINATH BORDOLOI INTL,26.1,91.583,32.8,1005.3,74.2
2010-08-15T09:00:00,42410099999,GUWAHATI INTL / LOKPRIYA GOPINATH BORDOLOI INTL,26.1,91.583,33.8,1003.4,67.33
2010-08-15T12:00:00,42410099999,GUWAHATI INTL / LOKPRIYA GOPINATH BORDOLOI INTL,26.1,91.583,29.8,1004.0,88.02
2010-08-15T15:00:00,42410099999,GUWAHATI INTL / LOKPRIYA GOPINATH BORDOLOI INTL,26.1,91.583,28.4,1006.4,92.14
2010-08-15T18:00:00,42410099999,GUWAHATI INTL / LOKPRIYA GOPINATH BORDOLOI INTL,26.1,91.583,27.8,1007.2,98.26
2010-08-15T21:00:00,42410099999,GUWAHATI INTL / LOKPRIYA GOPINATH BORDOLOI INTL,26.1,91.583,27.0,1006.6,98.25
2010-08-16T00:00:00,42410099999,GUWAHATI INTL / LOKPRIYA GOPINATH BORDOLOI INTL,26.1,91.583,27.0,1005.7,98.25
2010-08-16T03:00:00,42410099999,GUWAHATI INTL / LOKPRIYA GOPINATH BORDOLOI INTL,26.1,91.583,30.4,1006.8,82.58
2010-08-16T06:00:00,42410099999,GUWAHATI INTL / LOKPRIYA GOPINATH BORDOLOI INTL,26.1,91.583,31.6,1005.4,80.35
2010-08-16T09:00:00,42410099999,GUWAHATI INTL / LOKPRIYA GOPINATH BORDOLOI INTL,26.1,91.583,33.8,1002.2,72.23
2010-08-16T12:00:00,42410099999,GUWAHATI INTL / LOKPRIYA GOPINATH BORDOLOI INTL,26.1,91.583,29.4,1001.8,89.55
2010-08-16T15:00:00,42410099999,GUWAHATI INTL / LOKPRIYA GOPINATH BORDOLOI INTL,26.1,91.583,29.0,1004.4,95.46
2010-08-16T18:00:00,42410099999,GUWAHATI INTL / LOKPRIYA GOPINATH BORDOLOI INTL,26.1,91.583,28.4,1004.8,97.13
2010-08-16T21:00:00,42410099999,GUWAHATI INTL / LOKPRIYA GOPINATH BORDOLOI INTL,26.1,91.583,27.4,1005.1,96.54
2010-08-17T00:00:00,42410099999,GUWAHATI INTL / LOKPRIYA GOPINATH BORDOLOI INTL,26.1,91.583,27.2,1003.6,95.4
2010-08-17T03:00:00,42410099999,GUWAHATI INTL / LOKPRIYA GOPINATH BORDOLOI INTL,26.1,91.583,29.4,1004.6,93.82
2010-08-17T06:00:00,42410099999,GUWAHATI INTL / LOKPRIYA GOPINATH BORDOLOI INTL,26.1,91.583,28.8,1003.2,90.56
2010-08-17T09:00:00,42410099999,GUWAHATI INTL / LOKPRIYA GOPINATH BORDOLOI INTL,26.1,91.583,32.4,1000.4,72.84
2010-08-17T12:00:00,42410099999,GUWAHATI INTL / LOKPRIYA GOPINATH BORDOLOI INTL,26.1,91.583,29.0,1000.1,84.9
2010-08-17T15:00:00,42410099999,GUWAHATI INTL / LOKPRIYA GOPINATH BORDOLOI INTL,26.1,91.583,28.1,1002.8,91.59
2010-08-17T18:00:00,42410099999,GUWAHATI INTL / LOKPRIYA GOPINATH BORDOLOI INTL,26.1,91.583,27.6,1004.4,92.1
2010-08-17T21:00:00,42410099999,GUWAHATI INTL / LOKPRIYA GOPINATH BORDOLOI INTL,26.1,91.583,27.4,1003.0,92.09
2010-08-18T00:00:00,42410099999,GUWAHATI INTL / LOKPRIYA GOPINATH BORDOLOI INTL,26.1,91.583,25.4,1002.2,96.49
2010-08-18T03:00:00,42410099999,GUWAHATI INTL / LOKPRIYA GOPINATH BORDOLOI INTL,26.1,91.583,26.2,1004.8,96.51
2010-08-18T06:00:00,42410099999,GUWAHATI INTL / LOKPRIYA GOPINATH BORDOLOI INTL,26.1,91.583,28.2,1004.9,87.37
2010-08-18T09:00:00,42410099999,GUWAHATI INTL / LOKPRIYA GOPINATH BORDOLOI INTL,26.1,91.583,29.2,1002.2,86.43
2010-08-18T12:00:00,42410099999,GUWAHATI INTL / LOKPRIYA GOPINATH BORDOLOI INTL,26.1,91.583,29.4,1002.6,84.94
2010-08-18T15:00:00,42410099999,GUWAHATI INTL / LOKPRIYA GOPINATH BORDOLOI INTL,26.1,91.583,28.0,1005.3,92.12
2010-08-18T18:00:00,42410099999,GUWAHATI INTL / LOKPRIYA GOPINATH BORDOLOI INTL,26.1,91.583,27.2,1005.9,95.4
2010-08-18T21:00:00,42410099999,GUWAHATI INTL / LOKPRIYA GOPINATH BORDOLOI INTL,26.1,91.583,27.0,1005.3,96.53
2010-08-19T00:00:00,42410099999,GUWAHATI INTL / LOKPRIYA GOPINATH BORDOLOI INTL,26.1,91.583,27.0,1005.5,92.07
2010-08-19T03:00:00,42410099999,GUWAHATI INTL / LOKPRIYA GOPINATH BORDOLOI INTL,26.1,91.583,30.2,1007.6,91.18
2010-08-19T06:00:00,42410099999,GUWAHATI INTL / LOKPRIYA GOPINATH BORDOLOI INTL,26.1,91.583,32.4,1006.9,71.57
2010-08-19T09:00:00,42410099999,GUWAHATI INTL / LOKPRIYA GOPINATH BORDOLOI INTL,26.1,91.583,32.2,1004.4,73.24
2010-08-19T12:00:00,42410099999,GUWAHATI INTL / LOKPRIYA GOPINATH BORDOLOI INTL,26.1,91.583,28.3,1004.5,94.88
2010-08-19T15:00:00,42410099999,GUWAHATI INTL / LOKPRIYA GOPINATH BORDOLOI INTL,26.1,91.583,28.0,1007.6,95.43
2010-08-19T18:00:00,42410099999,GUWAHATI INTL / LOKPRIYA GOPINATH BORDOLOI INTL,26.1,91.583,27.6,1008.5,96.54
2010-08-19T21:00:00,42410099999,GUWAHATI INTL / LOKPRIYA GOPINATH BORDOLOI INTL,26.1,91.583,27.2,1007.9,96.53
2010-08-20T00:00:00,42410099999,GUWAHATI INTL / LOKPRIYA GOPINATH BORDOLOI INTL,26.1,91.583,26.2,1008.1,100.0
2010-08-20T03:00:00,42410099999,GUWAHATI INTL / LOKPRIYA GOPINATH BORDOLOI INTL,26.1,91.583,28.1,1009.9,93.77
2010-08-20T06:00:00,42410099999,GUWAHATI INTL / LOKPRIYA GOPINATH BORDOLOI INTL,26.1,91.583,30.7,1008.5,75.63
2010-08-20T09:00:00,42410099999,GUWAHATI INTL / LOKPRIYA GOPINATH BORDOLOI INTL,26.1,91.583,31.0,1005.2,79.33
2010-08-20T12:00:00,42410099999,GUWAHATI INTL / LOKPRIYA GOPINATH BORDOLOI INTL,26.1,91.583,29.4,1005.4,97.15
2010-08-20T15:00:00,42410099999,GUWAHATI INTL / LOKPRIYA GOPINATH BORDOLOI INTL,26.1,91.583,29.0,1006.6,92.18
2010-08-20T18:00:00,42410099999,GUWAHATI INTL / LOKPRIYA GOPINATH BORDOLOI INTL,26.1,91.583,28.2,1007.4,95.44
2010-08-20T21:00:00,42410099999,GUWAHATI INTL / LOKPRIYA GOPINATH BORDOLOI INTL,26.1,91.583,27.4,1007.6,95.41
2010-08-21T00:00:00,42410099999,GUWAHATI INTL / LOKPRIYA GOPINATH BORDOLOI INTL,26.1,91.583,27.4,1006.6,95.41
2010-08-21T03:00:00,42410099999,GUWAHATI INTL / LOKPRIYA GOPINATH BORDOLOI INTL,26.1,91.583,29.6,1006.9,78.21
2010-08-21T06:00:00,42410099999,GUWAHATI INTL / LOKPRIYA GOPINATH BORDOLOI INTL,26.1,91.583,31.0,1005.8,73.47
2010-08-21T09:00:00,42410099999,GUWAHATI INTL / LOKPRIYA GOPINATH BORDOLOI INTL,26.1,91.583,32.2,1002.5,67.82
2010-08-21T12:00:00,42410099999,GUWAHATI INTL / LOKPRIYA GOPINATH BORDOLOI INTL,26.1,91.583,29.6,1002.6,83.47
2010-08-21T15:00:00,42410099999,GUWAHATI INTL / LOKPRIYA GOPINATH BORDOLOI INTL,26.1,91.583,28.4,1004.2,97.13
2010-08-21T18:00:00,42410099999,GUWAHATI INTL / LOKPRIYA GOPINATH BORDOLOI INTL,26.1,91.583,28.0,1005.1,96.55
2010-08-21T21:00:00,42410099999,GUWAHATI INTL / LOKPRIYA GOPINATH BORDOLOI INTL,26.1,91.583,27.6,1004.4,96.54
2010-08-22T00:00:00,42410099999,GUWAHATI INTL / LOKPRIYA GOPINATH BORDOLOI INTL,26.1,91.583,26.0,1003.9,96.5
2010-08-22T03:00:00,42410099999,GUWAHATI INTL / LOKPRIYA GOPINATH BORDOLOI INTL,26.1,91.583,27.0,1005.7,95.4
2010-08-22T06:00:00,42410099999,GUWAHATI INTL / LOKPRIYA GOPINATH BORDOLOI INTL,26.1,91.583,27.3,1005.3,94.84
2010-08-22T09:00:00,42410099999,GUWAHATI INTL / LOKPRIYA GOPINATH BORDOLOI INTL,26.1,91.583,28.4,1002.3,86.36
2010-08-22T12:00:00,42410099999,GUWAHATI INTL / LOKPRIYA GOPINATH BORDOLOI INTL,26.1,91.583,28.0,1002.7,88.92
2010-08-22T15:00:00,42410099999,GUWAHATI INTL / LOKPRIYA GOPINATH BORDOLOI INTL,26.1,91.583,27.4,1004.7,93.74
2010-08-22T18:00:00,42410099999,GUWAHATI INTL / LOKPRIYA GOPINATH BORDOLOI INTL,26.1,91.583,27.0,1005.1,95.4
2010-08-22T21:00:00,42410099999,GUWAHATI INTL / LOKPRIYA GOPINATH BORDOLOI INTL,26.1,91.583,26.4,1004.9,94.81
2010-08-23T00:00:00,42410099999,GUWAHATI INTL / LOKPRIYA GOPINATH BORDOLOI INTL,26.1,91.583,27.0,1003.6,95.4
2010-08-23T03:00:00,42410099999,GUWAHATI INTL / LOKPRIYA GOPINATH BORDOLOI INTL,26.1,91.583,28.8,1005.2,86.39
2010-08-23T06:00:00,42410099999,GUWAHATI INTL / LOKPRIYA GOPINATH BORDOLOI INTL,26.1,91.583,29.6,1004.6,84.96
2010-08-23T09:00:00,42410099999,GUWAHATI INTL / LOKPRIYA GOPINATH BORDOLOI INTL,26.1,91.583,27.6,1002.2,90.48
2010-08-23T12:00:00,42410099999,GUWAHATI INTL / LOKPRIYA GOPINATH BORDOLOI INTL,26.1,91.583,27.2,1002.0,95.4
2010-08-23T15:00:00,42410099999,GUWAHATI INTL / LOKPRIYA GOPINATH BORDOLOI INTL,26.1,91.583,27.2,1003.9,96.53
2010-08-23T18:00:00,42410099999,GUWAHATI INTL / LOKPRIYA GOPINATH BORDOLOI INTL,26.1,91.583,26.8,1004.4,98.25
2010-08-23T21:00:00,42410099999,GUWAHATI INTL / LOKPRIYA GOPINATH BORDOLOI INTL,26.1,91.583,26.6,1004.1,98.25
2010-08-24T00:00:00,42410099999,GUWAHATI INTL / LOKPRIYA GOPINATH BORDOLOI INTL,26.1,91.583,25.8,1003.7,100.0
2010-08-24T03:00:00,42410099999,GUWAHATI INTL / LOKPRIYA GOPINATH BORDOLOI INTL,26.1,91.583,30.0,1004.8,78.26
2010-08-24T06:00:00,42410099999,GUWAHATI INTL / LOKPRIYA GOPINATH BORDOLOI INTL,26.1,91.583,32.2,1003.3,76.31
2010-08-24T09:00:00,42410099999,GUWAHATI INTL / LOKPRIYA GOPINATH BORDOLOI INTL,26.1,91.583,31.7,1000.7,74.02
2010-08-24T12:00:00,42410099999,GUWAHATI INTL / LOKPRIYA GOPINATH BORDOLOI INTL,26.1,91.583,29.0,1001.0,92.18
2010-08-24T15:00:00,42410099999,GUWAHATI INTL / LOKPRIYA GOPINATH BORDOLOI INTL,26.1,91.583,28.4,1003.8,90.53
2010-08-24T18:00:00,42410099999,GUWAHATI INTL / LOKPRIYA GOPINATH BORDOLOI INTL,26.1,91.583,28.0,1004.6,92.12
2010-08-24T21:00:00,42410099999,GUWAHATI INTL / LOKPRIYA GOPINATH BORDOLOI INTL,26.1,91.583,27.0,1004.8,95.4
2010-08-25T00:00:00,42410099999,GUWAHATI INTL / LOKPRIYA GOPINATH BORDOLOI INTL,26.1,91.583,26.4,1005.6,96.51
2010-08-25T03:00:00,42410099999,GUWAHATI INTL / LOKPRIYA GOPINATH BORDOLOI INTL,26.1,91.583,29.2,1007.6,83.42
2010-08-25T06:00:00,42410099999,GUWAHATI INTL / LOKPRIYA GOPINATH BORDOLOI INTL,26.1,91.583,31.0,1005.3,77.49
2010-08-25T09:00:00,42410099999,GUWAHATI INTL / LOKPRIYA GOPINATH BORDOLOI INTL,26.1,91.583,30.0,1002.7,82.54
2010-08-25T12:00:00,42410099999,GUWAHATI INTL / LOKPRIYA GOPINATH BORDOLOI INTL,26.1,91.583,29.8,1001.9,81.06
2010-08-25T15:00:00,42410099999,GUWAHATI INTL / LOKPRIYA GOPINATH BORDOLOI INTL,26.1,91.583,28.0,1004.6,96.55
2010-08-25T18:00:00,42410099999,GUWAHATI INTL / LOKPRIYA GOPINATH BORDOLOI INTL,26.1,91.583,27.4,1006.3,95.41
2010-08-25T21:00:00,42410099999,GUWAHATI INTL / LOKPRIYA GOPINATH BORDOLOI INTL,26.1,91.583,27.0,1005.2,96.53
2010-08-26T00:00:00,42410099999,GUWAHATI INTL / LOKPRIYA GOPINATH BORDOLOI INTL,26.1,91.583,27.2,1004.9,92.08
2010-08-26T03:00:00,42410099999,GUWAHATI INTL / LOKPRIYA GOPINATH BORDOLOI INTL,26.1,91.583,29.8,1005.8,86.49
2010-08-26T06:00:00,42410099999,GUWAHATI INTL / LOKPRIYA GOPINATH BORDOLOI INTL,26.1,91.583,31.8,1004.9,73.6
2010-08-26T09:00:00,42410099999,GUWAHATI INTL / LOKPRIYA GOPINATH BORDOLOI INTL,26.1,91.583,32.9,1002.3,65.2
2010-08-26T12:00:00,42410099999,GUWAHATI INTL / LOKPRIYA GOPINATH BORDOLOI INTL,26.1,91.583,30.5,1001.8,82.11
2010-08-26T15:00:00,42410099999,GUWAHATI INTL / LOKPRIYA GOPINATH BORDOLOI INTL,26.1,91.583,28.9,1004.1,94.9
2010-08-26T18:00:00,42410099999,GUWAHATI INTL / LOKPRIYA GOPINATH BORDOLOI INTL,26.1,91.583,28.4,1005.0,93.78
2010-08-26T21:00:00,42410099999,GUWAHATI INTL / LOKPRIYA GOPINATH BORDOLOI INTL,26.1,91.583,27.4,1005.4,95.41
2010-08-27T00:00:00,42410099999,GUWAHATI INTL / LOKPRIYA GOPINATH BORDOLOI INTL,26.1,91.583,27.4,1005.1,95.41
2010-08-27T03:00:00,42410099999,GUWAHATI INTL / LOKPRIYA GOPINATH BORDOLOI INTL,26.1,91.583,30.1,1006.0,79.68
2010-08-27T06:00:00,42410099999,GUWAHATI INTL / LOKPRIYA GOPINATH BORDOLOI INTL,26.1,91.583,31.2,1004.8,76.61
2010-08-27T09:00:00,42410099999,GUWAHATI INTL / LOKPRIYA GOPINATH BORDOLOI INTL,26.1,91.583,31.4,1002.1,76.64
2010-08-27T12:00:00,42410099999,GUWAHATI INTL / LOKPRIYA GOPINATH BORDOLOI INTL,26.1,91.583,26.9,1002.8,98.25
2010-08-27T15:00:00,42410099999,GUWAHATI INTL / LOKPRIYA GOPINATH BORDOLOI INTL,26.1,91.583,27.4,1004.9,95.41
2010-08-27T18:00:00,42410099999,GUWAHATI INTL / LOKPRIYA GOPINATH BORDOLOI INTL,26.1,91.583,27.4,1005.5,96.54
2010-08-27T21:00:00,42410099999,GUWAHATI INTL / LOKPRIYA GOPINATH BORDOLOI INTL,26.1,91.583,27.4,1005.2,98.26
2010-08-28T00:00:00,42410099999,GUWAHATI INTL / LOKPRIYA GOPINATH BORDOLOI INTL,26.1,91.583,26.6,1004.7,98.25
2010-08-28T03:00:00,42410099999,GUWAHATI INTL / LOKPRIYA GOPINATH BORDOLOI INTL,26.1,91.583,29.1,1006.3,87.44
2010-08-28T06:00:00,42410099999,GUWAHATI INTL / LOKPRIYA GOPINATH BORDOLOI INTL,26.1,91.583,31.8,1004.5,75.8
2010-08-28T09:00:00,42410099999,GUWAHATI INTL / LOKPRIYA GOPINATH BORDOLOI INTL,26.1,91.583,30.3,1002.1,83.55
2010-08-28T12:00:00,42410099999,GUWAHATI INTL / LOKPRIYA GOPINATH BORDOLOI INTL,26.1,91.583,29.4,1002.3,85.44
2010-08-28T15:00:00,42410099999,GUWAHATI INTL / LOKPRIYA GOPINATH BORDOLOI INTL,26.1,91.583,28.4,1004.6,92.14
2010-08-28T18:00:00,42410099999,GUWAHATI INTL / LOKPRIYA GOPINATH BORDOLOI INTL,26.1,91.583,28.0,1005.0,93.76
2010-08-29T03:00:00,42410099999,GUWAHATI INTL / LOKPRIYA GOPINATH BORDOLOI INTL,26.1,91.583,28.5,1005.9,86.88
2010-08-29T06:00:00,42410099999,GUWAHATI INTL / LOKPRIYA GOPINATH BORDOLOI INTL,26.1,91.583,31.4,1003.7,74.85
2010-08-29T09:00:00,42410099999,GUWAHATI INTL / LOKPRIYA GOPINATH BORDOLOI INTL,26.1,91.583,33.0,1000.6,67.98
2010-08-29T12:00:00,42410099999,GUWAHATI INTL / LOKPRIYA GOPINATH BORDOLOI INTL,26.1,91.583,31.4,999.6,81.26
2010-08-29T15:00:00,42410099999,GUWAHATI INTL / LOKPRIYA GOPINATH BORDOLOI INTL,26.1,91.583,27.4,1002.7,95.97
2010-08-29T18:00:00,42410099999,GUWAHATI INTL / LOKPRIYA GOPINATH BORDOLOI INTL,26.1,91.583,27.0,1003.7,92.07
2010-08-29T21:00:00,42410099999,GUWAHATI INTL / LOKPRIYA GOPINATH BORDOLOI INTL,26.1,91.583,26.8,1002.7,93.71
2010-08-30T00:00:00,42410099999,GUWAHATI INTL / LOKPRIYA GOPINATH BORDOLOI INTL,26.1,91.583,27.0,1002.6,95.4
2010-08-30T03:00:00,42410099999,GUWAHATI INTL / LOKPRIYA GOPINATH BORDOLOI INTL,26.1,91.583,29.5,1004.5,87.99
2010-08-30T06:00:00,42410099999,GUWAHATI INTL / LOKPRIYA GOPINATH BORDOLOI INTL,26.1,91.583,30.1,1003.5,84.02
2010-08-30T09:00:00,42410099999,GUWAHATI INTL / LOKPRIYA GOPINATH BORDOLOI INTL,26.1,91.583,31.9,1000.6,76.71
2010-08-30T12:00:00,42410099999,GUWAHATI INTL / LOKPRIYA GOPINATH BORDOLOI INTL,26.1,91.583,30.3,1001.0,74.68
2010-08-30T15:00:00,42410099999,GUWAHATI INTL / LOKPRIYA GOPINATH BORDOLOI INTL,26.1,91.583,28.4,1004.0,88.95
2010-08-30T18:00:00,42410099999,GUWAHATI INTL / LOKPRIYA GOPINATH BORDOLOI INTL,26.1,91.583,27.2,1004.8,98.25
2010-08-30T21:00:00,42410099999,GUWAHATI INTL / LOKPRIYA GOPINATH BORDOLOI INTL,26.1,91.583,27.0,1003.7,96.53
2010-08-31T00:00:00,42410099999,GUWAHATI INTL / LOKPRIYA GOPINATH BORDOLOI INTL,26.1,91.583,26.5,1003.4,95.95
2010-08-31T03:00:00,42410099999,GUWAHATI INTL / LOKPRIYA GOPINATH BORDOLOI INTL,26.1,91.583,29.3,1005.3,86.44
2010-08-31T06:00:00,42410099999,GUWAHATI INTL / LOKPRIYA GOPINATH BORDOLOI INTL,26.1,91.583,30.1,1003.8,84.02
2010-08-31T09:00:00,42410099999,GUWAHATI INTL / LOKPRIYA GOPINATH BORDOLOI INTL,26.1,91.583,31.0,1001.4,79.8
2010-08-31T12:00:00,42410099999,GUWAHATI INTL / LOKPRIYA GOPINATH BORDOLOI INTL,26.1,91.583,28.6,1001.7,90.02
2010-08-31T15:00:00,42410099999,GUWAHATI INTL / LOKPRIYA GOPINATH BORDOLOI INTL,26.1,91.583,27.6,1003.7,98.26
2010-08-31T18:00:00,42410099999,GUWAHATI INTL / LOKPRIYA GOPINATH BORDOLOI INTL,26.1,91.583,27.4,1004.5,96.54
2010-08-31T21:00:00,42410099999,GUWAHATI INTL / LOKPRIYA GOPINATH BORDOLOI INTL,26.1,91.583,27.0,1004.3,96.53
2010-09-01T00:00:00,42410099999,GUWAHATI INTL / LOKPRIYA GOPINATH BORDOLOI INTL,26.1,91.583,26.6,1004.4,98.25
2010-09-01T03:00:00,42410099999,GUWAHATI INTL / LOKPRIYA GOPINATH BORDOLOI INTL,26.1,91.583,29.6,1006.3,84.96
2010-09-01T06:00:00,42410099999,GUWAHATI INTL / LOKPRIYA GOPINATH BORDOLOI INTL,26.1,91.583,31.2,1005.0,74.38
2010-09-01T09:00:00,42410099999,GUWAHATI INTL / LOKPRIYA GOPINATH BORDOLOI INTL,26.1,91.583,33.1,1002.2,67.2
2010-09-01T12:00:00,42410099999,GUWAHATI INTL / LOKPRIYA GOPINATH BORDOLOI INTL,26.1,91.583,30.5,1002.4,82.59
2010-09-01T15:00:00,42410099999,GUWAHATI INTL / LOKPRIYA GOPINATH BORDOLOI INTL,26.1,91.583,29.4,1004.5,89.55
2010-09-01T18:00:00,42410099999,GUWAHATI INTL / LOKPRIYA GOPINATH BORDOLOI INTL,26.1,91.583,29.0,1005.0,89.52
2010-09-01T21:00:00,42410099999,GUWAHATI INTL / LOKPRIYA GOPINATH BORDOLOI INTL,26.1,91.583,28.2,1004.7,92.13
2010-09-02T00:00:00,42410099999,GUWAHATI INTL / LOKPRIYA GOPINATH BORDOLOI INTL,26.1,91.583,26.0,1006.6,96.5
2010-09-02T03:00:00,42410099999,GUWAHATI INTL / LOKPRIYA GOPINATH BORDOLOI INTL,26.1,91.583,26.4,1008.2,96.51
2010-09-02T06:00:00,42410099999,GUWAHATI INTL / LOKPRIYA GOPINATH BORDOLOI INTL,26.1,91.583,29.4,1006.9,81.98
2010-09-02T09:00:00,42410099999,GUWAHATI INTL / LOKPRIYA GOPINATH BORDOLOI INTL,26.1,91.583,30.6,1004.5,78.35
2010-09-02T12:00:00,42410099999,GUWAHATI INTL / LOKPRIYA GOPINATH BORDOLOI INTL,26.1,91.583,30.1,1003.1,81.58
2010-09-02T15:00:00,42410099999,GUWAHATI INTL / LOKPRIYA GOPINATH BORDOLOI INTL,26.1,91.583,28.5,1005.6,87.91
2010-09-02T18:00:00,42410099999,GUWAHATI INTL / LOKPRIYA GOPINATH BORDOLOI INTL,26.1,91.583,27.8,1006.3,88.9
2010-09-02T21:00:00,42410099999,GUWAHATI INTL / LOKPRIYA GOPINATH BORDOLOI INTL,26.1,91.583,27.4,1005.5,90.47
2010-09-03T00:00:00,42410099999,GUWAHATI INTL / LOKPRIYA GOPINATH BORDOLOI INTL,26.1,91.583,27.0,1004.7,95.4
2010-09-03T03:00:00,42410099999,GUWAHATI INTL / LOKPRIYA GOPINATH BORDOLOI INTL,26.1,91.583,29.5,1006.3,87.48
2010-09-03T06:00:00,42410099999,GUWAHATI INTL / LOKPRIYA GOPINATH BORDOLOI INTL,26.1,91.583,32.2,1004.5,69.86
2010-09-03T09:00:00,42410099999,GUWAHATI INTL / LOKPRIYA GOPINATH BORDOLOI INTL,26.1,91.583,33.2,1001.5,64.87
2010-09-03T12:00:00,42410099999,GUWAHATI INTL / LOKPRIYA GOPINATH BORDOLOI INTL,26.1,91.583,32.3,1001.9,72.83
2010-09-03T15:00:00,42410099999,GUWAHATI INTL / LOKPRIYA GOPINATH BORDOLOI INTL,26.1,91.583,28.3,1003.7,85.33
2010-09-03T18:00:00,42410099999,GUWAHATI INTL / LOKPRIYA GOPINATH BORDOLOI INTL,26.1,91.583,27.4,1003.6,93.74
2010-09-03T21:00:00,42410099999,GUWAHATI INTL / LOKPRIYA GOPINATH BORDOLOI INTL,26.1,91.583,27.2,1003.3,93.73
2010-09-04T00:00:00,42410099999,GUWAHATI INTL / LOKPRIYA GOPINATH BORDOLOI INTL,26.1,91.583,26.4,1003.1,96.51
2010-09-04T03:00:00,42410099999,GUWAHATI INTL / LOKPRIYA GOPINATH BORDOLOI INTL,26.1,91.583,29.3,1005.0,83.44
2010-09-04T06:00:00,42410099999,GUWAHATI INTL / LOKPRIYA GOPINATH BORDOLOI INTL,26.1,91.583,31.6,1003.4,73.57
2010-09-04T09:00:00,42410099999,GUWAHATI INTL / LOKPRIYA GOPINATH BORDOLOI INTL,26.1,91.583,27.5,1001.8,94.85
2010-09-04T12:00:00,42410099999,GUWAHATI INTL / LOKPRIYA GOPINATH BORDOLOI INTL,26.1,91.583,27.6,1002.0,93.19
2010-09-04T15:00:00,42410099999,GUWAHATI INTL / LOKPRIYA GOPINATH BORDOLOI INTL,26.1,91.583,27.2,1003.6,98.25
2010-09-04T18:00:00,42410099999,GUWAHATI INTL / LOKPRIYA GOPINATH BORDOLOI INTL,26.1,91.583,26.4,1004.0,98.24
2010-09-04T21:00:00,42410099999,GUWAHATI INTL / LOKPRIYA GOPINATH BORDOLOI INTL,26.1,91.583,26.2,1004.3,98.24
2010-09-05T00:00:00,42410099999,GUWAHATI INTL / LOKPRIYA GOPINATH BORDOLOI INTL,26.1,91.583,26.0,1004.3,98.24
2010-09-05T03:00:00,42410099999,GUWAHATI INTL / LOKPRIYA GOPINATH BORDOLOI INTL,26.1,91.583,28.5,1006.1,80.9
2010-09-05T06:00:00,42410099999,GUWAHATI INTL / LOKPRIYA GOPINATH BORDOLOI INTL,26.1,91.583,31.1,1004.6,72.62
2010-09-05T09:00:00,42410099999,GUWAHATI INTL / LOKPRIYA GOPINATH BORDOLOI INTL,26.1,91.583,32.7,1001.4,67.92
2010-09-05T12:00:00,42410099999,GUWAHATI INTL / LOKPRIYA GOPINATH BORDOLOI INTL,26.1,91.583,30.4,1001.2,81.62
2010-09-05T15:00:00,42410099999,GUWAHATI INTL / LOKPRIYA GOPINATH BORDOLOI INTL,26.1,91.583,29.0,1003.6,95.46
2010-09-05T18:00:00,42410099999,GUWAHATI INTL / LOKPRIYA GOPINATH BORDOLOI INTL,26.1,91.583,28.4,1004.0,95.44
2010-09-05T21:00:00,42410099999,GUWAHATI INTL / LOKPRIYA GOPINATH BORDOLOI INTL,26.1,91.583,27.0,1004.5,96.53
2010-09-06T00:00:00,42410099999,GUWAHATI INTL / LOKPRIYA GOPINATH BORDOLOI INTL,26.1,91.583,27.4,1003.3,96.54
2010-09-06T03:00:00,42410099999,GUWAHATI INTL / LOKPRIYA GOPINATH BORDOLOI INTL,26.1,91.583,30.3,1005.1,83.55
2010-09-06T06:00:00,42410099999,GUWAHATI INTL / LOKPRIYA GOPINATH BORDOLOI INTL,26.1,91.583,32.0,1003.7,73.64
2010-09-06T09:00:00,42410099999,GUWAHATI INTL / LOKPRIYA GOPINATH BORDOLOI INTL,26.1,91.583,32.1,1000.6,74.53
2010-09-06T12:00:00,42410099999,GUWAHATI INTL / LOKPRIYA GOPINATH BORDOLOI INTL,26.1,91.583,29.6,1001.1,93.29
2010-09-06T15:00:00,42410099999,GUWAHATI INTL / LOKPRIYA GOPINATH BORDOLOI INTL,26.1,91.583,28.8,1003.6,93.8
2010-09-06T18:00:00,42410099999,GUWAHATI INTL / LOKPRIYA GOPINATH BORDOLOI INTL,26.1,91.583,27.4,1004.6,95.41
2010-09-06T21:00:00,42410099999,GUWAHATI INTL / LOKPRIYA GOPINATH BORDOLOI INTL,26.1,91.583,27.0,1003.9,95.4
2010-09-07T00:00:00,42410099999,GUWAHATI INTL / LOKPRIYA GOPINATH BORDOLOI INTL,26.1,91.583,27.2,1004.4,90.45
2010-09-07T03:00:00,42410099999,GUWAHATI INTL / LOKPRIYA GOPINATH BORDOLOI INTL,26.1,91.583,28.3,1006.6,90.53
2010-09-07T06:00:00,42410099999,GUWAHATI INTL / LOKPRIYA GOPINATH BORDOLOI INTL,26.1,91.583,29.4,1005.1,85.44
2010-09-07T09:00:00,42410099999,GUWAHATI INTL / LOKPRIYA GOPINATH BORDOLOI INTL,26.1,91.583,31.3,1002.2,75.73
2010-09-07T12:00:00,42410099999,GUWAHATI INTL / LOKPRIYA GOPINATH BORDOLOI INTL,26.1,91.583,30.6,1002.6,86.56
2010-09-07T15:00:00,42410099999,GUWAHATI INTL / LOKPRIYA GOPINATH BORDOLOI INTL,26.1,91.583,27.2,1007.6,93.73
2010-09-07T18:00:00,42410099999,GUWAHATI INTL / LOKPRIYA GOPINATH BORDOLOI INTL,26.1,91.583,27.0,1008.1,95.4
2010-09-07T21:00:00,42410099999,GUWAHATI INTL / LOKPRIYA GOPINATH BORDOLOI INTL,26.1,91.583,26.6,1007.6,94.82
2010-09-08T00:00:00,42410099999,GUWAHATI INTL / LOKPRIYA GOPINATH BORDOLOI INTL,26.1,91.583,27.0,1005.6,95.4
2010-09-08T03:00:00,42410099999,GUWAHATI INTL / LOKPRIYA GOPINATH BORDOLOI INTL,26.1,91.583,29.8,1007.2,85.48
2010-09-08T06:00:00,42410099999,GUWAHATI INTL / LOKPRIYA GOPINATH BORDOLOI INTL,26.1,91.583,31.9,1006.1,73.62
2010-09-08T09:00:00,42410099999,GUWAHATI INTL / LOKPRIYA GOPINATH BORDOLOI INTL,26.1,91.583,32.6,1003.4,74.17
2010-09-08T12:00:00,42410099999,GUWAHATI INTL / LOKPRIYA GOPINATH BORDOLOI INTL,26.1,91.583,31.4,1003.2,78.46
2010-09-08T15:00:00,42410099999,GUWAHATI INTL / LOKPRIYA GOPINATH BORDOLOI INTL,26.1,91.583,29.4,1005.8,86.45
2010-09-08T18:00:00,42410099999,GUWAHATI INTL / LOKPRIYA GOPINATH BORDOLOI INTL,26.1,91.583,28.2,1006.1,95.44
2010-09-08T21:00:00,42410099999,GUWAHATI INTL / LOKPRIYA GOPINATH BORDOLOI INTL,26.1,91.583,27.6,1006.0,96.54
2010-09-09T00:00:00,42410099999,GUWAHATI INTL / LOKPRIYA GOPINATH BORDOLOI INTL,26.1,91.583,27.6,1005.8,93.74
2010-09-09T03:00:00,42410099999,GUWAHATI INTL / LOKPRIYA GOPINATH BORDOLOI INTL,26.1,91.583,30.2,1006.9,81.11
2010-09-09T06:00:00,42410099999,GUWAHATI INTL / LOKPRIYA GOPINATH BORDOLOI INTL,26.1,91.583,30.4,1006.9,85.54
2010-09-09T09:00:00,42410099999,GUWAHATI INTL / LOKPRIYA GOPINATH BORDOLOI INTL,26.1,91.583,28.4,1004.1,90.53
2010-09-09T12:00:00,42410099999,GUWAHATI INTL / LOKPRIYA GOPINATH BORDOLOI INTL,26.1,91.583,28.4,1003.8,88.95
2010-09-09T15:00:00,42410099999,GUWAHATI INTL / LOKPRIYA GOPINATH BORDOLOI INTL,26.1,91.583,28.2,1006.2,93.77
2010-09-09T18:00:00,42410099999,GUWAHATI INTL / LOKPRIYA GOPINATH BORDOLOI INTL,26.1,91.583,28.0,1006.6,93.76
2010-09-09T21:00:00,42410099999,GUWAHATI INTL / LOKPRIYA GOPINATH BORDOLOI INTL,26.1,91.583,27.4,1006.1,93.74
2010-09-10T00:00:00,42410099999,GUWAHATI INTL / LOKPRIYA GOPINATH BORDOLOI INTL,26.1,91.583,27.6,1003.8,96.54
2010-09-10T03:00:00,42410099999,GUWAHATI INTL / LOKPRIYA GOPINATH BORDOLOI INTL,26.1,91.583,29.2,1005.7,86.43
2010-09-10T06:00:00,42410099999,GUWAHATI INTL / LOKPRIYA GOPINATH BORDOLOI INTL,26.1,91.583,26.4,1005.9,96.51
2010-09-10T09:00:00,42410099999,GUWAHATI INTL / LOKPRIYA GOPINATH BORDOLOI INTL,26.1,91.583,26.6,1003.7,93.7
2010-09-10T12:00:00,42410099999,GUWAHATI INTL / LOKPRIYA GOPINATH BORDOLOI INTL,26.1,91.583,27.6,1002.2,90.48
2010-09-10T15:00:00,42410099999,GUWAHATI INTL / LOKPRIYA GOPINATH BORDOLOI INTL,26.1,91.583,26.8,1004.3,98.25
2010-09-10T18:00:00,42410099999,GUWAHATI INTL / LOKPRIYA GOPINATH BORDOLOI INTL,26.1,91.583,26.6,1005.5,98.25
2010-09-10T21:00:00,42410099999,GUWAHATI INTL / LOKPRIYA GOPINATH BORDOLOI INTL,26.1,91.583,26.4,1004.6,98.24
2010-09-11T00:00:00,42410099999,GUWAHATI INTL / LOKPRIYA GOPINATH BORDOLOI INTL,26.1,91.583,26.6,1004.2,94.82
2010-09-11T03:00:00,42410099999,GUWAHATI INTL / LOKPRIYA GOPINATH BORDOLOI INTL,26.1,91.583,26.0,1007.9,96.5
2010-09-11T06:00:00,42410099999,GUWAHATI INTL / LOKPRIYA GOPINATH BORDOLOI INTL,26.1,91.583,26.0,1007.0,88.76
2010-09-11T09:00:00,42410099999,GUWAHATI INTL / LOKPRIYA GOPINATH BORDOLOI INTL,26.1,91.583,29.0,1004.3,79.06
2010-09-11T12:00:00,42410099999,GUWAHATI INTL / LOKPRIYA GOPINATH BORDOLOI INTL,26.1,91.583,28.0,1004.7,87.35
2010-09-11T15:00:00,42410099999,GUWAHATI INTL / LOKPRIYA GOPINATH BORDOLOI INTL,26.1,91.583,26.8,1006.2,93.71
2010-09-11T18:00:00,42410099999,GUWAHATI INTL / LOKPRIYA GOPINATH BORDOLOI INTL,26.1,91.583,26.6,1006.4,93.7
2010-09-11T21:00:00,42410099999,GUWAHATI INTL / LOKPRIYA GOPINATH BORDOLOI INTL,26.1,91.583,26.4,1006.6,93.69
2010-09-12T00:00:00,42410099999,GUWAHATI INTL / LOKPRIYA GOPINATH BORDOLOI INTL,26.1,91.583,25.4,1006.9,96.49
2010-09-12T03:00:00,42410099999,GUWAHATI INTL / LOKPRIYA GOPINATH BORDOLOI INTL,26.1,91.583,30.0,1007.8,79.67
2010-09-12T06:00:00,42410099999,GUWAHATI INTL / LOKPRIYA GOPINATH BORDOLOI INTL,26.1,91.583,31.8,1006.6,72.31
2010-09-12T09:00:00,42410099999,GUWAHATI INTL / LOKPRIYA GOPINATH BORDOLOI INTL,26.1,91.583,33.0,1002.6,72.94
2010-09-12T12:00:00,42410099999,GUWAHATI INTL / LOKPRIYA GOPINATH BORDOLOI INTL,26.1,91.583,31.0,1002.8,77.49
2010-09-12T15:00:00,42410099999,GUWAHATI INTL / LOKPRIYA GOPINATH BORDOLOI INTL,26.1,91.583,28.4,1004.6,92.14
2010-09-12T18:00:00,42410099999,GUWAHATI INTL / LOKPRIYA GOPINATH BORDOLOI INTL,26.1,91.583,27.2,1005.3,96.53
2010-09-12T21:00:00,42410099999,GUWAHATI INTL / LOKPRIYA GOPINATH BORDOLOI INTL,26.1,91.583,26.8,1005.1,96.52
2010-09-13T00:00:00,42410099999,GUWAHATI INTL / LOKPRIYA GOPINATH BORDOLOI INTL,26.1,91.583,26.0,1004.7,94.8
2010-09-13T03:00:00,42410099999,GUWAHATI INTL / LOKPRIYA GOPINATH BORDOLOI INTL,26.1,91.583,30.4,1005.1,79.72
2010-09-13T06:00:00,42410099999,GUWAHATI INTL / LOKPRIYA GOPINATH BORDOLOI INTL,26.1,91.583,32.8,1003.8,67.94
2010-09-13T09:00:00,42410099999,GUWAHATI INTL / LOKPRIYA GOPINATH BORDOLOI INTL,26.1,91.583,33.2,1000.5,68.42
2010-09-13T12:00:00,42410099999,GUWAHATI INTL / LOKPRIYA GOPINATH BORDOLOI INTL,26.1,91.583,27.0,1001.6,95.4
2010-09-13T15:00:00,42410099999,GUWAHATI INTL / LOKPRIYA GOPINATH BORDOLOI INTL,26.1,91.583,26.6,1004.3,93.7
2010-09-13T18:00:00,42410099999,GUWAHATI INTL / LOKPRIYA GOPINATH BORDOLOI INTL,26.1,91.583,26.4,1004.7,93.69
2010-09-13T21:00:00,42410099999,GUWAHATI INTL / LOKPRIYA GOPINATH BORDOLOI INTL,26.1,91.583,26.0,1004.1,94.8
2010-09-14T00:00:00,42410099999,GUWAHATI INTL / LOKPRIYA GOPINATH BORDOLOI INTL,26.1,91.583,26.4,1003.9,96.51
2010-09-14T03:00:00,42410099999,GUWAHATI INTL / LOKPRIYA GOPINATH BORDOLOI INTL,26.1,91.583,27.0,1006.1,93.72
2010-09-14T06:00:00,42410099999,GUWAHATI INTL / LOKPRIYA GOPINATH BORDOLOI INTL,26.1,91.583,28.8,1004.3,84.87
2010-09-14T09:00:00,42410099999,GUWAHATI INTL / LOKPRIYA GOPINATH BORDOLOI INTL,26.1,91.583,30.0,1001.7,79.67
2010-09-14T12:00:00,42410099999,GUWAHATI INTL / LOKPRIYA GOPINATH BORDOLOI INTL,26.1,91.583,29.0,1001.9,83.4
2010-09-14T15:00:00,42410099999,GUWAHATI INTL / LOKPRIYA GOPINATH BORDOLOI INTL,26.1,91.583,27.0,1004.4,95.4
2010-09-14T18:00:00,42410099999,GUWAHATI INTL / LOKPRIYA GOPINATH BORDOLOI INTL,26.1,91.583,26.6,1005.6,94.82
2010-09-14T21:00:00,42410099999,GUWAHATI INTL / LOKPRIYA GOPINATH BORDOLOI INTL,26.1,91.583,26.4,1004.6,96.51
2010-09-15T00:00:00,42410099999,GUWAHATI INTL / LOKPRIYA GOPINATH BORDOLOI INTL,26.1,91.583,25.6,1004.8,94.78
2010-09-15T03:00:00,42410099999,GUWAHATI INTL / LOKPRIYA GOPINATH BORDOLOI INTL,26.1,91.583,27.0,1006.6,92.07
2010-09-15T06:00:00,42410099999,GUWAHATI INTL / LOKPRIYA GOPINATH BORDOLOI INTL,26.1,91.583,30.4,1005.6,81.14
2010-09-15T09:00:00,42410099999,GUWAHATI INTL / LOKPRIYA GOPINATH BORDOLOI INTL,26.1,91.583,30.4,1001.7,81.14
2010-09-15T12:00:00,42410099999,GUWAHATI INTL / LOKPRIYA GOPINATH BORDOLOI INTL,26.1,91.583,29.0,1003.1,89.52
2010-09-15T15:00:00,42410099999,GUWAHATI INTL / LOKPRIYA GOPINATH BORDOLOI INTL,26.1,91.583,25.4,1005.7,98.23
2010-09-15T18:00:00,42410099999,GUWAHATI INTL / LOKPRIYA GOPINATH BORDOLOI INTL,26.1,91.583,25.4,1005.9,98.23
2010-09-15T21:00:00,42410099999,GUWAHATI INTL / LOKPRIYA GOPINATH BORDOLOI INTL,26.1,91.583,25.2,1005.8,98.23
2010-09-16T00:00:00,42410099999,GUWAHATI INTL / LOKPRIYA GOPINATH BORDOLOI INTL,26.1,91.583,26.0,1005.3,94.8
2010-09-16T03:00:00,42410099999,GUWAHATI INTL / LOKPRIYA GOPINATH BORDOLOI INTL,26.1,91.583,27.0,1008.8,93.72
2010-09-16T06:00:00,42410099999,GUWAHATI INTL / LOKPRIYA GOPINATH BORDOLOI INTL,26.1,91.583,27.8,1006.8,90.49
2010-09-16T09:00:00,42410099999,GUWAHATI INTL / LOKPRIYA GOPINATH BORDOLOI INTL,26.1,91.583,27.4,1003.8,90.47
2010-09-16T12:00:00,42410099999,GUWAHATI INTL / LOKPRIYA GOPINATH BORDOLOI INTL,26.1,91.583,27.0,1003.6,95.4
2010-09-16T15:00:00,42410099999,GUWAHATI INTL / LOKPRIYA GOPINATH BORDOLOI INTL,26.1,91.583,26.4,1005.7,100.0
2010-09-16T18:00:00,42410099999,GUWAHATI INTL / LOKPRIYA GOPINATH BORDOLOI INTL,26.1,91.583,26.2,1006.5,100.0
2010-09-16T21:00:00,42410099999,GUWAHATI INTL / LOKPRIYA GOPINATH BORDOLOI INTL,26.1,91.583,26.0,1006.2,100.0
2010-09-17T00:00:00,42410099999,GUWAHATI INTL / LOKPRIYA GOPINATH BORDOLOI INTL,26.1,91.583,26.0,1005.6,98.24
2010-09-17T03:00:00,42410099999,GUWAHATI INTL / LOKPRIYA GOPINATH BORDOLOI INTL,26.1,91.583,29.0,1007.2,83.4
2010-09-17T06:00:00,42410099999,GUWAHATI INTL / LOKPRIYA GOPINATH BORDOLOI INTL,26.1,91.583,30.8,1006.0,78.38
2010-09-17T09:00:00,42410099999,GUWAHATI INTL / LOKPRIYA GOPINATH BORDOLOI INTL,26.1,91.583,31.8,1002.3,73.6
2010-09-17T12:00:00,42410099999,GUWAHATI INTL / LOKPRIYA GOPINATH BORDOLOI INTL,26.1,91.583,29.4,1002.9,89.55
2010-09-17T15:00:00,42410099999,GUWAHATI INTL / LOKPRIYA GOPINATH BORDOLOI INTL,26.1,91.583,27.0,1006.1,92.07
2010-09-17T18:00:00,42410099999,GUWAHATI INTL / LOKPRIYA GOPINATH BORDOLOI INTL,26.1,91.583,26.4,1006.7,94.81
2010-09-18T03:00:00,42410099999,GUWAHATI INTL / LOKPRIYA GOPINATH BORDOLOI INTL,26.1,91.583,27.8,1008.6,88.9
2010-09-18T06:00:00,42410099999,GUWAHATI INTL / LOKPRIYA GOPINATH BORDOLOI INTL,26.1,91.583,29.4,1007.8,83.45
2010-09-18T09:00:00,42410099999,GUWAHATI INTL / LOKPRIYA GOPINATH BORDOLOI INTL,26.1,91.583,28.4,1004.4,86.36
2010-09-18T12:00:00,42410099999,GUWAHATI INTL / LOKPRIYA GOPINATH BORDOLOI INTL,26.1,91.583,28.3,1004.8,92.68
2010-09-18T15:00:00,42410099999,GUWAHATI INTL / LOKPRIYA GOPINATH BORDOLOI INTL,26.1,91.583,26.8,1007.8,100.0
2010-09-18T18:00:00,42410099999,GUWAHATI INTL / LOKPRIYA GOPINATH BORDOLOI INTL,26.1,91.583,26.4,1008.9,94.81
2010-09-18T21:00:00,42410099999,GUWAHATI INTL / LOKPRIYA GOPINATH BORDOLOI INTL,26.1,91.583,26.2,1007.0,94.8
2010-09-19T00:00:00,42410099999,GUWAHATI INTL / LOKPRIYA GOPINATH BORDOLOI INTL,26.1,91.583,26.0,1006.6,94.8
2010-09-19T03:00:00,42410099999,GUWAHATI INTL / LOKPRIYA GOPINATH BORDOLOI INTL,26.1,91.583,28.0,1009.2,92.67
2010-09-19T06:00:00,42410099999,GUWAHATI INTL / LOKPRIYA GOPINATH BORDOLOI INTL,26.1,91.583,27.9,1008.1,92.12
2010-09-19T09:00:00,42410099999,GUWAHATI INTL / LOKPRIYA GOPINATH BORDOLOI INTL,26.1,91.583,30.6,1005.5,82.12
2010-09-19T12:00:00,42410099999,GUWAHATI INTL / LOKPRIYA GOPINATH BORDOLOI INTL,26.1,91.583,26.1,1005.7,99.41
2010-09-19T15:00:00,42410099999,GUWAHATI INTL / LOKPRIYA GOPINATH BORDOLOI INTL,26.1,91.583,26.4,1008.1,98.24
2010-09-19T18:00:00,42410099999,GUWAHATI INTL / LOKPRIYA GOPINATH BORDOLOI INTL,26.1,91.583,26.2,1007.8,98.24
2010-09-19T21:00:00,42410099999,GUWAHATI INTL / LOKPRIYA GOPINATH BORDOLOI INTL,26.1,91.583,26.0,1007.6,98.24
2010-09-20T00:00:00,42410099999,GUWAHATI INTL / LOKPRIYA GOPINATH BORDOLOI INTL,26.1,91.583,25.4,1007.7,98.23
2010-09-20T03:00:00,42410099999,GUWAHATI INTL / LOKPRIYA GOPINATH BORDOLOI INTL,26.1,91.583,27.0,1009.0,95.96
2010-09-20T06:00:00,42410099999,GUWAHATI INTL / LOKPRIYA GOPINATH BORDOLOI INTL,26.1,91.583,29.0,1007.5,81.93
2010-09-20T09:00:00,42410099999,GUWAHATI INTL / LOKPRIYA GOPINATH BORDOLOI INTL,26.1,91.583,29.1,1005.0,78.13
2010-09-20T12:00:00,42410099999,GUWAHATI INTL / LOKPRIYA GOPINATH BORDOLOI INTL,26.1,91.583,26.1,1005.9,99.41
2010-09-20T15:00:00,42410099999,GUWAHATI INTL / LOKPRIYA GOPINATH BORDOLOI INTL,26.1,91.583,25.9,1008.5,99.41
2010-09-20T18:00:00,42410099999,GUWAHATI INTL / LOKPRIYA GOPINATH BORDOLOI INTL,26.1,91.583,25.8,1007.8,100.0
2010-09-20T21:00:00,42410099999,GUWAHATI INTL / LOKPRIYA GOPINATH BORDOLOI INTL,26.1,91.583,25.8,1007.8,100.0
2010-09-21T00:00:00,42410099999,GUWAHATI INTL / LOKPRIYA GOPINATH BORDOLOI INTL,26.1,91.583,25.8,1008.0,100.0
2010-09-21T03:00:00,42410099999,GUWAHATI INTL / LOKPRIYA GOPINATH BORDOLOI INTL,26.1,91.583,25.8,1010.4,100.0
2010-09-21T06:00:00,42410099999,GUWAHATI INTL / LOKPRIYA GOPINATH BORDOLOI INTL,26.1,91.583,27.5,1009.3,95.41
2010-09-21T09:00:00,42410099999,GUWAHATI INTL / LOKPRIYA GOPINATH BORDOLOI INTL,26.1,91.583,28.2,1006.9,84.81
2010-09-21T12:00:00,42410099999,GUWAHATI INTL / LOKPRIYA GOPINATH BORDOLOI INTL,26.1,91.583,26.9,1006.9,92.61
2010-09-21T15:00:00,42410099999,GUWAHATI INTL / LOKPRIYA GOPINATH BORDOLOI INTL,26.1,91.583,26.4,1009.3,88.79
2010-09-21T18:00:00,42410099999,GUWAHATI INTL / LOKPRIYA GOPINATH BORDOLOI INTL,26.1,91.583,26.0,1009.4,90.37
2010-09-21T21:00:00,42410099999,GUWAHATI INTL / LOKPRIYA GOPINATH BORDOLOI INTL,26.1,91.583,25.8,1009.8,92.0
2010-09-22T00:00:00,42410099999,GUWAHATI INTL / LOKPRIYA GOPINATH BORDOLOI INTL,26.1,91.583,25.4,1008.0,96.49
2010-09-22T03:00:00,42410099999,GUWAHATI INTL / LOKPRIYA GOPINATH BORDOLOI INTL,26.1,91.583,28.0,1009.9,87.87
2010-09-22T06:00:00,42410099999,GUWAHATI INTL / LOKPRIYA GOPINATH BORDOLOI INTL,26.1,91.583,30.9,1008.3,73.89
2010-09-22T09:00:00,42410099999,GUWAHATI INTL / LOKPRIYA GOPINATH BORDOLOI INTL,26.1,91.583,31.2,1005.4,73.5
2010-09-22T12:00:00,42410099999,GUWAHATI INTL / LOKPRIYA GOPINATH BORDOLOI INTL,26.1,91.583,29.0,1005.1,85.4
2010-09-22T15:00:00,42410099999,GUWAHATI INTL / LOKPRIYA GOPINATH BORDOLOI INTL,26.1,91.583,27.0,1007.6,96.53
2010-09-22T18:00:00,42410099999,GUWAHATI INTL / LOKPRIYA GOPINATH BORDOLOI INTL,26.1,91.583,26.4,1008.5,93.69
2010-09-22T21:00:00,42410099999,GUWAHATI INTL / LOKPRIYA GOPINATH BORDOLOI INTL,26.1,91.583,26.0,1007.6,94.8
2010-09-23T00:00:00,42410099999,GUWAHATI INTL / LOKPRIYA GOPINATH BORDOLOI INTL,26.1,91.583,25.0,1006.5,96.48
2010-09-23T03:00:00,42410099999,GUWAHATI INTL / LOKPRIYA GOPINATH BORDOLOI INTL,26.1,91.583,29.9,1008.1,81.56
2010-09-23T06:00:00,42410099999,GUWAHATI INTL / LOKPRIYA GOPINATH BORDOLOI INTL,26.1,91.583,31.8,1006.6,74.48
2010-09-23T09:00:00,42410099999,GUWAHATI INTL / LOKPRIYA GOPINATH BORDOLOI INTL,26.1,91.583,31.1,1003.2,82.18
2010-09-23T10:30:00,42410099999,GUWAHATI INTL / LOKPRIYA GOPINATH BORDOLOI INTL,26.1,91.583,30.0,,89.07
2010-09-23T12:00:00,42410099999,GUWAHATI INTL / LOKPRIYA GOPINATH BORDOLOI INTL,26.1,91.583,30.0,1003.6,92.23
2010-09-23T15:00:00,42410099999,GUWAHATI INTL / LOKPRIYA GOPINATH BORDOLOI INTL,26.1,91.583,26.8,1005.6,90.43
2010-09-23T18:00:00,42410099999,GUWAHATI INTL / LOKPRIYA GOPINATH BORDOLOI INTL,26.1,91.583,25.8,1005.5,95.93
2010-09-23T21:00:00,42410099999,GUWAHATI INTL / LOKPRIYA GOPINATH BORDOLOI INTL,26.1,91.583,25.6,1005.3,96.49
2010-09-24T00:00:00,42410099999,GUWAHATI INTL / LOKPRIYA GOPINATH BORDOLOI INTL,26.1,91.583,25.2,1005.4,100.0
2010-09-24T03:00:00,42410099999,GUWAHATI INTL / LOKPRIYA GOPINATH BORDOLOI INTL,26.1,91.583,29.6,1006.9,76.37
2010-09-24T06:00:00,42410099999,GUWAHATI INTL / LOKPRIYA GOPINATH BORDOLOI INTL,26.1,91.583,32.1,1005.0,69.84
2010-09-24T09:00:00,42410099999,GUWAHATI INTL / LOKPRIYA GOPINATH BORDOLOI INTL,26.1,91.583,28.5,1003.6,83.84
2010-09-24T12:00:00,42410099999,GUWAHATI INTL / LOKPRIYA GOPINATH BORDOLOI INTL,26.1,91.583,26.5,1004.4,93.7
2010-09-24T15:00:00,42410099999,GUWAHATI INTL / LOKPRIYA GOPINATH BORDOLOI INTL,26.1,91.583,26.2,1006.9,98.24
2010-09-24T18:00:00,42410099999,GUWAHATI INTL / LOKPRIYA GOPINATH BORDOLOI INTL,26.1,91.583,25.6,1006.9,100.0
2010-09-24T21:00:00,42410099999,GUWAHATI INTL / LOKPRIYA GOPINATH BORDOLOI INTL,26.1,91.583,25.6,1006.6,100.0
2010-09-25T00:00:00,42410099999,GUWAHATI INTL / LOKPRIYA GOPINATH BORDOLOI INTL,26.1,91.583,25.4,1006.8,100.0
2010-09-25T03:00:00,42410099999,GUWAHATI INTL / LOKPRIYA GOPINATH BORDOLOI INTL,26.1,91.583,28.9,1008.6,83.39
2010-09-25T06:00:00,42410099999,GUWAHATI INTL / LOKPRIYA GOPINATH BORDOLOI INTL,26.1,91.583,30.7,1006.9,70.42
2010-09-25T09:00:00,42410099999,GUWAHATI INTL / LOKPRIYA GOPINATH BORDOLOI INTL,26.1,91.583,30.1,1004.6,78.28
2010-09-25T12:00:00,42410099999,GUWAHATI INTL / LOKPRIYA GOPINATH BORDOLOI INTL,26.1,91.583,28.3,1005.1,85.33
2010-09-25T15:00:00,42410099999,GUWAHATI INTL / LOKPRIYA GOPINATH BORDOLOI INTL,26.1,91.583,27.0,1006.7,95.4
2010-09-25T18:00:00,42410099999,GUWAHATI INTL / LOKPRIYA GOPINATH BORDOLOI INTL,26.1,91.583,26.4,1007.1,96.51
2010-09-25T21:00:00,42410099999,GUWAHATI INTL / LOKPRIYA GOPINATH BORDOLOI INTL,26.1,91.583,26.0,1006.9,96.5
2010-09-26T00:00:00,42410099999,GUWAHATI INTL / LOKPRIYA GOPINATH BORDOLOI INTL,26.1,91.583,26.0,1008.3,87.17
2010-09-26T03:00:00,42410099999,GUWAHATI INTL / LOKPRIYA GOPINATH BORDOLOI INTL,26.1,91.583,28.8,1009.9,85.88
2010-09-26T06:00:00,42410099999,GUWAHATI INTL / LOKPRIYA GOPINATH BORDOLOI INTL,26.1,91.583,30.5,1009.1,75.6
2010-09-26T09:00:00,42410099999,GUWAHATI INTL / LOKPRIYA GOPINATH BORDOLOI INTL,26.1,91.583,31.7,1005.8,72.3
2010-09-26T12:00:00,42410099999,GUWAHATI INTL / LOKPRIYA GOPINATH BORDOLOI INTL,26.1,91.583,28.6,1005.9,89.49
2010-09-26T15:00:00,42410099999,GUWAHATI INTL / LOKPRIYA GOPINATH BORDOLOI INTL,26.1,91.583,26.9,1007.8,97.67
2010-09-26T18:00:00,42410099999,GUWAHATI INTL / LOKPRIYA GOPINATH BORDOLOI INTL,26.1,91.583,26.4,1008.9,94.81
2010-09-26T21:00:00,42410099999,GUWAHATI INTL / LOKPRIYA GOPINATH BORDOLOI INTL,26.1,91.583,26.0,1007.8,96.5
2010-09-27T00:00:00,42410099999,GUWAHATI INTL / LOKPRIYA GOPINATH BORDOLOI INTL,26.1,91.583,25.0,1007.3,96.48
2010-09-27T03:00:00,42410099999,GUWAHATI INTL / LOKPRIYA GOPINATH BORDOLOI INTL,26.1,91.583,28.5,1009.4,85.86
2010-09-27T06:00:00,42410099999,GUWAHATI INTL / LOKPRIYA GOPINATH BORDOLOI INTL,26.1,91.583,29.7,1008.5,80.57
2010-09-27T09:00:00,42410099999,GUWAHATI INTL / LOKPRIYA GOPINATH BORDOLOI INTL,26.1,91.583,32.2,1005.1,82.79
2010-09-27T12:00:00,42410099999,GUWAHATI INTL / LOKPRIYA GOPINATH BORDOLOI INTL,26.1,91.583,29.6,1005.1,82.0
2010-09-27T15:00:00,42410099999,GUWAHATI INTL / LOKPRIYA GOPINATH BORDOLOI INTL,26.1,91.583,27.2,1007.1,95.4
2010-09-27T18:00:00,42410099999,GUWAHATI INTL / LOKPRIYA GOPINATH BORDOLOI INTL,26.1,91.583,26.0,1006.8,98.24
2010-09-27T21:00:00,42410099999,GUWAHATI INTL / LOKPRIYA GOPINATH BORDOLOI INTL,26.1,91.583,25.8,1006.6,98.24
2010-09-28T00:00:00,42410099999,GUWAHATI INTL / LOKPRIYA GOPINATH BORDOLOI INTL,26.1,91.583,24.8,1007.3,94.75
2010-09-28T03:00:00,42410099999,GUWAHATI INTL / LOKPRIYA GOPINATH BORDOLOI INTL,26.1,91.583,30.0,1009.9,78.26
2010-09-28T06:00:00,42410099999,GUWAHATI INTL / LOKPRIYA GOPINATH BORDOLOI INTL,26.1,91.583,31.8,1008.6,69.37
2010-09-28T09:00:00,42410099999,GUWAHATI INTL / LOKPRIYA GOPINATH BORDOLOI INTL,26.1,91.583,32.4,1006.1,70.31
2010-09-28T12:00:00,42410099999,GUWAHATI INTL / LOKPRIYA GOPINATH BORDOLOI INTL,26.1,91.583,30.1,1006.6,79.21
2010-09-28T15:00:00,42410099999,GUWAHATI INTL / LOKPRIYA GOPINATH BORDOLOI INTL,26.1,91.583,27.4,1008.9,98.26
2010-09-28T18:00:00,42410099999,GUWAHATI INTL / LOKPRIYA GOPINATH BORDOLOI INTL,26.1,91.583,26.4,1010.2,100.0
2010-09-28T21:00:00,42410099999,GUWAHATI INTL / LOKPRIYA GOPINATH BORDOLOI INTL,26.1,91.583,26.0,1009.8,100.0
2010-09-29T00:00:00,42410099999,GUWAHATI INTL / LOKPRIYA GOPINATH BORDOLOI INTL,26.1,91.583,26.2,1010.5,94.8
2010-09-29T03:00:00,42410099999,GUWAHATI INTL / LOKPRIYA GOPINATH BORDOLOI INTL,26.1,91.583,27.3,1012.4,87.81
2010-09-29T06:00:00,42410099999,GUWAHATI INTL / LOKPRIYA GOPINATH BORDOLOI INTL,26.1,91.583,31.4,1009.7,74.85
2010-09-29T09:00:00,42410099999,GUWAHATI INTL / LOKPRIYA GOPINATH BORDOLOI INTL,26.1,91.583,32.2,1006.8,67.82
2010-09-29T12:00:00,42410099999,GUWAHATI INTL / LOKPRIYA GOPINATH BORDOLOI INTL,26.1,91.583,29.4,1006.9,82.95
2010-09-29T15:00:00,42410099999,GUWAHATI INTL / LOKPRIYA GOPINATH BORDOLOI INTL,26.1,91.583,28.0,1009.1,92.12
2010-09-29T18:00:00,42410099999,GUWAHATI INTL / LOKPRIYA GOPINATH BORDOLOI INTL,26.1,91.583,27.4,1009.6,95.41
2010-09-29T21:00:00,42410099999,GUWAHATI INTL / LOKPRIYA GOPINATH BORDOLOI INTL,26.1,91.583,27.0,1009.2,95.4
2010-09-30T00:00:00,42410099999,GUWAHATI INTL / LOKPRIYA GOPINATH BORDOLOI INTL,26.1,91.583,25.4,1010.7,96.49
2010-09-30T03:00:00,42410099999,GUWAHATI INTL / LOKPRIYA GOPINATH BORDOLOI INTL,26.1,91.583,29.1,1011.1,87.44
2010-09-30T06:00:00,42410099999,GUWAHATI INTL / LOKPRIYA GOPINATH BORDOLOI INTL,26.1,91.583,32.3,1008.9,69.47
2010-09-30T09:00:00,42410099999,GUWAHATI INTL / LOKPRIYA GOPINATH BORDOLOI INTL,26.1,91.583,33.0,1006.1,63.31
2010-09-30T12:00:00,42410099999,GUWAHATI INTL / LOKPRIYA GOPINATH BORDOLOI INTL,26.1,91.583,30.6,1006.1,76.97
2010-09-30T15:00:00,42410099999,GUWAHATI INTL / LOKPRIYA GOPINATH BORDOLOI INTL,26.1,91.583,26.7,1008.6,93.7
2010-09-30T18:00:00,42410099999,GUWAHATI INTL / LOKPRIYA GOPINATH BORDOLOI INTL,26.1,91.583,26.2,1009.8,92.02
2010-09-30T21:00:00,42410099999,GUWAHATI INTL / LOKPRIYA GOPINATH BORDOLOI INTL,26.1,91.583,25.8,1008.8,93.11
2010-10-01T00:00:00,42410099999,GUWAHATI INTL / LOKPRIYA GOPINATH BORDOLOI INTL,26.1,91.583,24.6,1008.9,94.74
2010-10-01T03:00:00,42410099999,GUWAHATI INTL / LOKPRIYA GOPINATH BORDOLOI INTL,26.1,91.583,29.8,1011.2,77.77
2010-10-01T06:00:00,42410099999,GUWAHATI INTL / LOKPRIYA GOPINATH BORDOLOI INTL,26.1,91.583,32.4,1009.3,66.66
2010-10-01T09:00:00,42410099999,GUWAHATI INTL / LOKPRIYA GOPINATH BORDOLOI INTL,26.1,91.583,32.8,1005.5,58.52
2010-10-01T12:00:00,42410099999,GUWAHATI INTL / LOKPRIYA GOPINATH BORDOLOI INTL,26.1,91.583,30.4,1006.3,77.4
2010-10-01T15:00:00,42410099999,GUWAHATI INTL / LOKPRIYA GOPINATH BORDOLOI INTL,26.1,91.583,27.3,1008.6,88.86
2010-10-01T18:00:00,42410099999,GUWAHATI INTL / LOKPRIYA GOPINATH BORDOLOI INTL,26.1,91.583,26.2,1008.3,94.8
2010-10-01T21:00:00,42410099999,GUWAHATI INTL / LOKPRIYA GOPINATH BORDOLOI INTL,26.1,91.583,26.0,1008.2,92.01
2010-10-02T00:00:00,42410099999,GUWAHATI INTL / LOKPRIYA GOPINATH BORDOLOI INTL,26.1,91.583,25.2,1008.6,98.23
2010-10-02T03:00:00,42410099999,GUWAHATI INTL / LOKPRIYA GOPINATH BORDOLOI INTL,26.1,91.583,28.9,1010.7,87.43
2010-10-02T06:00:00,42410099999,GUWAHATI INTL / LOKPRIYA GOPINATH BORDOLOI INTL,26.1,91.583,31.8,1008.7,70.62
2010-10-02T09:00:00,42410099999,GUWAHATI INTL / LOKPRIYA GOPINATH BORDOLOI INTL,26.1,91.583,32.9,1006.0,62.91
2010-10-02T12:00:00,42410099999,GUWAHATI INTL / LOKPRIYA GOPINATH BORDOLOI INTL,26.1,91.583,29.5,1006.3,86.46
2010-10-02T15:00:00,42410099999,GUWAHATI INTL / LOKPRIYA GOPINATH BORDOLOI INTL,26.1,91.583,27.6,1008.5,87.31
2010-10-02T18:00:00,42410099999,GUWAHATI INTL / LOKPRIYA GOPINATH BORDOLOI INTL,26.1,91.583,26.8,1009.5,90.43
2010-10-02T21:00:00,42410099999,GUWAHATI INTL / LOKPRIYA GOPINATH BORDOLOI INTL,26.1,91.583,26.2,1009.7,93.68
2010-10-03T00:00:00,42410099999,GUWAHATI INTL / LOKPRIYA GOPINATH BORDOLOI INTL,26.1,91.583,25.0,1008.7,96.48
2010-10-03T03:00:00,42410099999,GUWAHATI INTL / LOKPRIYA GOPINATH BORDOLOI INTL,26.1,91.583,29.1,1010.4,83.41
2010-10-03T06:00:00,42410099999,GUWAHATI INTL / LOKPRIYA GOPINATH BORDOLOI INTL,26.1,91.583,32.6,1008.4,72.45
2010-10-03T09:00:00,42410099999,GUWAHATI INTL / LOKPRIYA GOPINATH BORDOLOI INTL,26.1,91.583,33.3,1005.5,61.88
2010-10-03T12:00:00,42410099999,GUWAHATI INTL / LOKPRIYA GOPINATH BORDOLOI INTL,26.1,91.583,29.8,1005.4,83.49
2010-10-03T15:00:00,42410099999,GUWAHATI INTL / LOKPRIYA GOPINATH BORDOLOI INTL,26.1,91.583,26.9,1007.9,93.16
2010-10-03T18:00:00,42410099999,GUWAHATI INTL / LOKPRIYA GOPINATH BORDOLOI INTL,26.1,91.583,26.8,1008.0,88.82
2010-10-03T21:00:00,42410099999,GUWAHATI INTL / LOKPRIYA GOPINATH BORDOLOI INTL,26.1,91.583,25.6,1008.6,96.49
2010-10-04T00:00:00,42410099999,GUWAHATI INTL / LOKPRIYA GOPINATH BORDOLOI INTL,26.1,91.583,25.0,1007.8,94.76
2010-10-04T03:00:00,42410099999,GUWAHATI INTL / LOKPRIYA GOPINATH BORDOLOI INTL,26.1,91.583,29.1,1009.5,83.41
2010-10-04T06:00:00,42410099999,GUWAHATI INTL / LOKPRIYA GOPINATH BORDOLOI INTL,26.1,91.583,32.7,1007.7,72.89
2010-10-04T09:00:00,42410099999,GUWAHATI INTL / LOKPRIYA GOPINATH BORDOLOI INTL,26.1,91.583,33.4,1004.0,65.69
2010-10-04T12:00:00,42410099999,GUWAHATI INTL / LOKPRIYA GOPINATH BORDOLOI INTL,26.1,91.583,30.2,1004.3,87.03
2010-10-04T15:00:00,42410099999,GUWAHATI INTL / LOKPRIYA GOPINATH BORDOLOI INTL,26.1,91.583,27.2,1006.9,93.73
2010-10-04T18:00:00,42410099999,GUWAHATI INTL / LOKPRIYA GOPINATH BORDOLOI INTL,26.1,91.583,26.2,1007.8,93.68
2010-10-04T21:00:00,42410099999,GUWAHATI INTL / LOKPRIYA GOPINATH BORDOLOI INTL,26.1,91.583,25.6,1006.7,94.78
2010-10-05T00:00:00,42410099999,GUWAHATI INTL / LOKPRIYA GOPINATH BORDOLOI INTL,26.1,91.583,25.2,1006.0,94.77
2010-10-05T03:00:00,42410099999,GUWAHATI INTL / LOKPRIYA GOPINATH BORDOLOI INTL,26.1,91.583,30.4,1007.6,75.59
2010-10-05T06:00:00,42410099999,GUWAHATI INTL / LOKPRIYA GOPINATH BORDOLOI INTL,26.1,91.583,32.6,1006.3,77.72
2010-10-05T09:00:00,42410099999,GUWAHATI INTL / LOKPRIYA GOPINATH BORDOLOI INTL,26.1,91.583,32.9,1002.9,67.96
2010-10-05T12:00:00,42410099999,GUWAHATI INTL / LOKPRIYA GOPINATH BORDOLOI INTL,26.1,91.583,24.9,1005.0,86.02
2010-10-05T15:00:00,42410099999,GUWAHATI INTL / LOKPRIYA GOPINATH BORDOLOI INTL,26.1,91.583,25.5,1008.4,88.72
2010-10-05T18:00:00,42410099999,GUWAHATI INTL / LOKPRIYA GOPINATH BORDOLOI INTL,26.1,91.583,24.0,1008.2,94.72
2010-10-05T21:00:00,42410099999,GUWAHATI INTL / LOKPRIYA GOPINATH BORDOLOI INTL,26.1,91.583,23.8,1007.9,96.45
2010-10-06T00:00:00,42410099999,GUWAHATI INTL / LOKPRIYA GOPINATH BORDOLOI INTL,26.1,91.583,23.6,1008.1,98.21
2010-10-06T03:00:00,42410099999,GUWAHATI INTL / LOKPRIYA GOPINATH BORDOLOI INTL,26.1,91.583,28.4,1009.4,78.98
2010-10-06T06:00:00,42410099999,GUWAHATI INTL / LOKPRIYA GOPINATH BORDOLOI INTL,26.1,91.583,27.8,1008.6,78.42
2010-10-06T09:00:00,42410099999,GUWAHATI INTL / LOKPRIYA GOPINATH BORDOLOI INTL,26.1,91.583,29.4,1005.7,77.71
2010-10-06T12:00:00,42410099999,GUWAHATI INTL / LOKPRIYA GOPINATH BORDOLOI INTL,26.1,91.583,27.4,1006.6,86.78
2010-10-06T15:00:00,42410099999,GUWAHATI INTL / LOKPRIYA GOPINATH BORDOLOI INTL,26.1,91.583,26.8,1009.4,90.97
2010-10-06T18:00:00,42410099999,GUWAHATI INTL / LOKPRIYA GOPINATH BORDOLOI INTL,26.1,91.583,26.0,1009.3,94.8
2010-10-06T21:00:00,42410099999,GUWAHATI INTL / LOKPRIYA GOPINATH BORDOLOI INTL,26.1,91.583,25.8,1009.1,94.79
2010-10-07T00:00:00,42410099999,GUWAHATI INTL / LOKPRIYA GOPINATH BORDOLOI INTL,26.1,91.583,25.4,1007.4,93.09
2010-10-07T03:00:00,42410099999,GUWAHATI INTL / LOKPRIYA GOPINATH BORDOLOI INTL,26.1,91.583,26.0,1009.1,89.83
2010-10-07T06:00:00,42410099999,GUWAHATI INTL / LOKPRIYA GOPINATH BORDOLOI INTL,26.1,91.583,26.0,1007.9,93.12
2010-10-07T09:00:00,42410099999,GUWAHATI INTL / LOKPRIYA GOPINATH BORDOLOI INTL,26.1,91.583,26.0,1005.3,95.36
2010-10-07T12:00:00,42410099999,GUWAHATI INTL / LOKPRIYA GOPINATH BORDOLOI INTL,26.1,91.583,26.0,1005.6,93.67
2010-10-07T15:00:00,42410099999,GUWAHATI INTL / LOKPRIYA GOPINATH BORDOLOI INTL,26.1,91.583,25.4,1007.8,93.09
2010-10-07T18:00:00,42410099999,GUWAHATI INTL / LOKPRIYA GOPINATH BORDOLOI INTL,26.1,91.583,25.2,1008.5,93.08
2010-10-07T21:00:00,42410099999,GUWAHATI INTL / LOKPRIYA GOPINATH BORDOLOI INTL,26.1,91.583,25.0,1008.4,93.07
2010-10-08T00:00:00,42410099999,GUWAHATI INTL / LOKPRIYA GOPINATH BORDOLOI INTL,26.1,91.583,22.0,1007.2,98.19
2010-10-08T03:00:00,42410099999,GUWAHATI INTL / LOKPRIYA GOPINATH BORDOLOI INTL,26.1,91.583,22.8,1006.4,100.0
2010-10-08T06:00:00,42410099999,GUWAHATI INTL / LOKPRIYA GOPINATH BORDOLOI INTL,26.1,91.583,23.4,1006.4,98.8
2010-10-08T09:00:00,42410099999,GUWAHATI INTL / LOKPRIYA GOPINATH BORDOLOI INTL,26.1,91.583,23.0,1002.8,92.96
2010-10-08T12:00:00,42410099999,GUWAHATI INTL / LOKPRIYA GOPINATH BORDOLOI INTL,26.1,91.583,22.4,1002.5,96.41
2010-10-08T15:00:00,42410099999,GUWAHATI INTL / LOKPRIYA GOPINATH BORDOLOI INTL,26.1,91.583,22.0,1003.1,94.64
2010-10-08T18:00:00,42410099999,GUWAHATI INTL / LOKPRIYA GOPINATH BORDOLOI INTL,26.1,91.583,22.0,1003.9,94.64
2010-10-08T21:00:00,42410099999,GUWAHATI INTL / LOKPRIYA GOPINATH BORDOLOI INTL,26.1,91.583,21.8,1003.2,96.39
2010-10-09T00:00:00,42410099999,GUWAHATI INTL / LOKPRIYA GOPINATH BORDOLOI INTL,26.1,91.583,22.0,1002.3,94.64
2010-10-09T03:00:00,42410099999,GUWAHATI INTL / LOKPRIYA GOPINATH BORDOLOI INTL,26.1,91.583,26.0,1003.3,80.58
2010-10-09T06:00:00,42410099999,GUWAHATI INTL / LOKPRIYA GOPINATH BORDOLOI INTL,26.1,91.583,27.0,1002.1,82.68
2010-10-09T09:00:00,42410099999,GUWAHATI INTL / LOKPRIYA GOPINATH BORDOLOI INTL,26.1,91.583,29.0,999.7,74.91
2010-10-09T12:00:00,42410099999,GUWAHATI INTL / LOKPRIYA GOPINATH BORDOLOI INTL,26.1,91.583,26.0,1000.1,92.01
2010-10-09T15:00:00,42410099999,GUWAHATI INTL / LOKPRIYA GOPINATH BORDOLOI INTL,26.1,91.583,24.3,1003.3,100.0
2010-10-09T18:00:00,42410099999,GUWAHATI INTL / LOKPRIYA GOPINATH BORDOLOI INTL,26.1,91.583,24.0,1003.5,98.21
2010-10-09T21:00:00,42410099999,GUWAHATI INTL / LOKPRIYA GOPINATH BORDOLOI INTL,26.1,91.583,23.8,1003.3,98.21
2010-10-10T00:00:00,42410099999,GUWAHATI INTL / LOKPRIYA GOPINATH BORDOLOI INTL,26.1,91.583,22.8,1003.5,98.2
2010-10-10T03:00:00,42410099999,GUWAHATI INTL / LOKPRIYA GOPINATH BORDOLOI INTL,26.1,91.583,28.2,1005.2,78.95
2010-10-10T06:00:00,42410099999,GUWAHATI INTL / LOKPRIYA GOPINATH BORDOLOI INTL,26.1,91.583,28.8,1004.2,73.54
2010-10-10T09:00:00,42410099999,GUWAHATI INTL / LOKPRIYA GOPINATH BORDOLOI INTL,26.1,91.583,29.2,1002.2,72.29
2010-10-10T12:00:00,42410099999,GUWAHATI INTL / LOKPRIYA GOPINATH BORDOLOI INTL,26.1,91.583,27.4,1002.8,81.74
2010-10-10T15:00:00,42410099999,GUWAHATI INTL / LOKPRIYA GOPINATH BORDOLOI INTL,26.1,91.583,25.4,1005.9,95.91
2010-10-10T18:00:00,42410099999,GUWAHATI INTL / LOKPRIYA GOPINATH BORDOLOI INTL,26.1,91.583,25.4,1006.5,93.09
2010-10-10T21:00:00,42410099999,GUWAHATI INTL / LOKPRIYA GOPINATH BORDOLOI INTL,26.1,91.583,24.4,1007.1,96.46
2010-10-11T00:00:00,42410099999,GUWAHATI INTL / LOKPRIYA GOPINATH BORDOLOI INTL,26.1,91.583,24.2,1008.1,94.73
2010-10-11T03:00:00,42410099999,GUWAHATI INTL / LOKPRIYA GOPINATH BORDOLOI INTL,26.1,91.583,25.5,1010.1,89.79
2010-10-11T06:00:00,42410099999,GUWAHATI INTL / LOKPRIYA GOPINATH BORDOLOI INTL,26.1,91.583,28.5,1008.3,73.05
2010-10-11T09:00:00,42410099999,GUWAHATI INTL / LOKPRIYA GOPINATH BORDOLOI INTL,26.1,91.583,29.6,1005.9,67.31
2010-10-11T12:00:00,42410099999,GUWAHATI INTL / LOKPRIYA GOPINATH BORDOLOI INTL,26.1,91.583,27.0,1006.5,82.18
2010-10-11T15:00:00,42410099999,GUWAHATI INTL / LOKPRIYA GOPINATH BORDOLOI INTL,26.1,91.583,24.9,1009.1,100.0
2010-10-11T18:00:00,42410099999,GUWAHATI INTL / LOKPRIYA GOPINATH BORDOLOI INTL,26.1,91.583,24.2,1009.4,98.21
2010-10-11T21:00:00,42410099999,GUWAHATI INTL / LOKPRIYA GOPINATH BORDOLOI INTL,26.1,91.583,24.0,1010.1,98.21
2010-10-12T00:00:00,42410099999,GUWAHATI INTL / LOKPRIYA GOPINATH BORDOLOI INTL,26.1,91.583,23.0,1009.2,92.96
2010-10-12T03:00:00,42410099999,GUWAHATI INTL / LOKPRIYA GOPINATH BORDOLOI INTL,26.1,91.583,25.8,1010.4,91.45
2010-10-12T06:00:00,42410099999,GUWAHATI INTL / LOKPRIYA GOPINATH BORDOLOI INTL,26.1,91.583,29.9,1008.1,75.06
2010-10-12T09:00:00,42410099999,GUWAHATI INTL / LOKPRIYA GOPINATH BORDOLOI INTL,26.1,91.583,31.0,1005.3,67.99
2010-10-12T12:00:00,42410099999,GUWAHATI INTL / LOKPRIYA GOPINATH BORDOLOI INTL,26.1,91.583,29.0,1005.8,73.58
2010-10-12T15:00:00,42410099999,GUWAHATI INTL / LOKPRIYA GOPINATH BORDOLOI INTL,26.1,91.583,26.0,1008.2,94.23
2010-10-12T18:00:00,42410099999,GUWAHATI INTL / LOKPRIYA GOPINATH BORDOLOI INTL,26.1,91.583,25.2,1009.0,94.77
2010-10-12T21:00:00,42410099999,GUWAHATI INTL / LOKPRIYA GOPINATH BORDOLOI INTL,26.1,91.583,24.6,1008.2,94.74
2010-10-13T00:00:00,42410099999,GUWAHATI INTL / LOKPRIYA GOPINATH BORDOLOI INTL,26.1,91.583,24.4,1008.1,93.04
2010-10-13T03:00:00,42410099999,GUWAHATI INTL / LOKPRIYA GOPINATH BORDOLOI INTL,26.1,91.583,26.0,1009.9,96.5
2010-10-13T06:00:00,42410099999,GUWAHATI INTL / LOKPRIYA GOPINATH BORDOLOI INTL,26.1,91.583,28.5,1007.8,82.85
2010-10-13T09:00:00,42410099999,GUWAHATI INTL / LOKPRIYA GOPINATH BORDOLOI INTL,26.1,91.583,28.5,1005.5,81.87
2010-10-13T12:00:00,42410099999,GUWAHATI INTL / LOKPRIYA GOPINATH BORDOLOI INTL,26.1,91.583,27.1,1005.2,92.07
2010-10-13T15:00:00,42410099999,GUWAHATI INTL / LOKPRIYA GOPINATH BORDOLOI INTL,26.1,91.583,26.1,1006.3,96.51
2010-10-13T18:00:00,42410099999,GUWAHATI INTL / LOKPRIYA GOPINATH BORDOLOI INTL,26.1,91.583,25.4,1006.4,98.23
2010-10-13T21:00:00,42410099999,GUWAHATI INTL / LOKPRIYA GOPINATH BORDOLOI INTL,26.1,91.583,25.2,1006.2,98.23
2010-10-14T00:00:00,42410099999,GUWAHATI INTL / LOKPRIYA GOPINATH BORDOLOI INTL,26.1,91.583,24.4,1005.1,98.22
2010-10-14T03:00:00,42410099999,GUWAHATI INTL / LOKPRIYA GOPINATH BORDOLOI INTL,26.1,91.583,26.3,1007.3,95.37
2010-10-14T06:00:00,42410099999,GUWAHATI INTL / LOKPRIYA GOPINATH BORDOLOI INTL,26.1,91.583,30.1,1005.2,78.74
2010-10-14T09:00:00,42410099999,GUWAHATI INTL / LOKPRIYA GOPINATH BORDOLOI INTL,26.1,91.583,29.8,1003.0,72.83
2010-10-14T12:00:00,42410099999,GUWAHATI INTL / LOKPRIYA GOPINATH BORDOLOI INTL,26.1,91.583,26.3,1004.2,100.0
2010-10-14T15:00:00,42410099999,GUWAHATI INTL / LOKPRIYA GOPINATH BORDOLOI INTL,26.1,91.583,27.4,1005.7,92.09
2010-10-14T18:00:00,42410099999,GUWAHATI INTL / LOKPRIYA GOPINATH BORDOLOI INTL,26.1,91.583,26.4,1006.6,96.51
2010-10-14T21:00:00,42410099999,GUWAHATI INTL / LOKPRIYA GOPINATH BORDOLOI INTL,26.1,91.583,25.8,1006.4,96.5
2010-10-15T00:00:00,42410099999,GUWAHATI INTL / LOKPRIYA GOPINATH BORDOLOI INTL,26.1,91.583,25.0,1006.5,96.48
2010-10-15T03:00:00,42410099999,GUWAHATI INTL / LOKPRIYA GOPINATH BORDOLOI INTL,26.1,91.583,28.0,1008.2,87.35
2010-10-15T06:00:00,42410099999,GUWAHATI INTL / LOKPRIYA GOPINATH BORDOLOI INTL,26.1,91.583,28.0,1007.1,87.35
2010-10-15T09:00:00,42410099999,GUWAHATI INTL / LOKPRIYA GOPINATH BORDOLOI INTL,26.1,91.583,28.5,1005.2,82.36
2010-10-15T12:00:00,42410099999,GUWAHATI INTL / LOKPRIYA GOPINATH BORDOLOI INTL,26.1,91.583,27.2,1005.7,93.17
2010-10-15T15:00:00,42410099999,GUWAHATI INTL / LOKPRIYA GOPINATH BORDOLOI INTL,26.1,91.583,26.8,1008.7,96.52
2010-10-15T18:00:00,42410099999,GUWAHATI INTL / LOKPRIYA GOPINATH BORDOLOI INTL,26.1,91.583,26.0,1009.6,98.24
2010-10-15T21:00:00,42410099999,GUWAHATI INTL / LOKPRIYA GOPINATH BORDOLOI INTL,26.1,91.583,25.4,1009.3,98.23
2010-10-16T00:00:00,42410099999,GUWAHATI INTL / LOKPRIYA GOPINATH BORDOLOI INTL,26.1,91.583,26.0,1009.0,92.01
2010-10-16T03:00:00,42410099999,GUWAHATI INTL / LOKPRIYA GOPINATH BORDOLOI INTL,26.1,91.583,24.6,1010.8,100.0
2010-10-16T06:00:00,42410099999,GUWAHATI INTL / LOKPRIYA GOPINATH BORDOLOI INTL,26.1,91.583,25.0,1009.9,93.07
2010-10-16T09:00:00,42410099999,GUWAHATI INTL / LOKPRIYA GOPINATH BORDOLOI INTL,26.1,91.583,25.6,1007.1,92.54
2010-10-16T12:00:00,42410099999,GUWAHATI INTL / LOKPRIYA GOPINATH BORDOLOI INTL,26.1,91.583,25.1,1007.1,98.81
2010-10-16T15:00:00,42410099999,GUWAHATI INTL / LOKPRIYA GOPINATH BORDOLOI INTL,26.1,91.583,24.7,1008.8,100.0
2010-10-16T18:00:00,42410099999,GUWAHATI INTL / LOKPRIYA GOPINATH BORDOLOI INTL,26.1,91.583,24.6,1010.0,98.22
2010-10-17T00:00:00,42410099999,GUWAHATI INTL / LOKPRIYA GOPINATH BORDOLOI INTL,26.1,91.583,24.4,1009.3,96.46
2010-10-17T03:00:00,42410099999,GUWAHATI INTL / LOKPRIYA GOPINATH BORDOLOI INTL,26.1,91.583,25.6,1011.1,97.07
2010-10-17T06:00:00,42410099999,GUWAHATI INTL / LOKPRIYA GOPINATH BORDOLOI INTL,26.1,91.583,27.8,1009.3,84.77
2010-10-17T12:00:00,42410099999,GUWAHATI INTL / LOKPRIYA GOPINATH BORDOLOI INTL,26.1,91.583,27.4,1008.1,84.22
2010-10-17T15:00:00,42410099999,GUWAHATI INTL / LOKPRIYA GOPINATH BORDOLOI INTL,26.1,91.583,26.0,1009.1,92.01
2010-10-17T18:00:00,42410099999,GUWAHATI INTL / LOKPRIYA GOPINATH BORDOLOI INTL,26.1,91.583,25.0,1000.9,96.48
2010-10-17T21:00:00,42410099999,GUWAHATI INTL / LOKPRIYA GOPINATH BORDOLOI INTL,26.1,91.583,25.4,1000.0,94.77
2010-10-18T00:00:00,42410099999,GUWAHATI INTL / LOKPRIYA GOPINATH BORDOLOI INTL,26.1,91.583,24.6,,94.74
2010-10-18T03:00:00,42410099999,GUWAHATI INTL / LOKPRIYA GOPINATH BORDOLOI INTL,26.1,91.583,27.2,1012.0,85.73
2010-10-18T06:00:00,42410099999,GUWAHATI INTL / LOKPRIYA GOPINATH BORDOLOI INTL,26.1,91.583,29.3,1009.1,81.48
2010-10-18T09:00:00,42410099999,GUWAHATI INTL / LOKPRIYA GOPINATH BORDOLOI INTL,26.1,91.583,29.8,1006.2,75.04
2010-10-18T12:00:00,42410099999,GUWAHATI INTL / LOKPRIYA GOPINATH BORDOLOI INTL,26.1,91.583,28.1,1006.9,81.82
2010-10-18T15:00:00,42410099999,GUWAHATI INTL / LOKPRIYA GOPINATH BORDOLOI INTL,26.1,91.583,26.2,1009.3,93.68
2010-10-18T18:00:00,42410099999,GUWAHATI INTL / LOKPRIYA GOPINATH BORDOLOI INTL,26.1,91.583,25.2,1008.9,94.77
2010-10-18T21:00:00,42410099999,GUWAHATI INTL / LOKPRIYA GOPINATH BORDOLOI INTL,26.1,91.583,24.6,1008.6,93.05
2010-10-19T00:00:00,42410099999,GUWAHATI INTL / LOKPRIYA GOPINATH BORDOLOI INTL,26.1,91.583,25.0,1008.9,94.76
2010-10-19T03:00:00,42410099999,GUWAHATI INTL / LOKPRIYA GOPINATH BORDOLOI INTL,26.1,91.583,27.3,1010.8,89.39
2010-10-19T06:00:00,42410099999,GUWAHATI INTL / LOKPRIYA GOPINATH BORDOLOI INTL,26.1,91.583,30.8,1008.5,75.65
2010-10-19T09:00:00,42410099999,GUWAHATI INTL / LOKPRIYA GOPINATH BORDOLOI INTL,26.1,91.583,31.2,1006.1,69.68
2010-10-19T12:00:00,42410099999,GUWAHATI INTL / LOKPRIYA GOPINATH BORDOLOI INTL,26.1,91.583,29.4,1006.1,80.54
2010-10-19T15:00:00,42410099999,GUWAHATI INTL / LOKPRIYA GOPINATH BORDOLOI INTL,26.1,91.583,27.4,1007.8,92.09
2010-10-19T18:00:00,42410099999,GUWAHATI INTL / LOKPRIYA GOPINATH BORDOLOI INTL,26.1,91.583,27.0,1008.6,93.72
2010-10-19T21:00:00,42410099999,GUWAHATI INTL / LOKPRIYA GOPINATH BORDOLOI INTL,26.1,91.583,26.0,1008.8,96.5
2010-10-20T00:00:00,42410099999,GUWAHATI INTL / LOKPRIYA GOPINATH BORDOLOI INTL,26.1,91.583,24.0,1008.4,96.45
2010-10-20T03:00:00,42410099999,GUWAHATI INTL / LOKPRIYA GOPINATH BORDOLOI INTL,26.1,91.583,27.6,1010.5,89.41
2010-10-20T06:00:00,42410099999,GUWAHATI INTL / LOKPRIYA GOPINATH BORDOLOI INTL,26.1,91.583,31.4,1007.5,75.3
2010-10-20T09:00:00,42410099999,GUWAHATI INTL / LOKPRIYA GOPINATH BORDOLOI INTL,26.1,91.583,32.0,1004.1,71.08
2010-10-20T12:00:00,42410099999,GUWAHATI INTL / LOKPRIYA GOPINATH BORDOLOI INTL,26.1,91.583,25.4,1005.1,77.6
2010-10-20T15:00:00,42410099999,GUWAHATI INTL / LOKPRIYA GOPINATH BORDOLOI INTL,26.1,91.583,24.2,1007.5,93.03
2010-10-20T18:00:00,42410099999,GUWAHATI INTL / LOKPRIYA GOPINATH BORDOLOI INTL,26.1,91.583,23.8,1008.8,94.71
2010-10-20T21:00:00,42410099999,GUWAHATI INTL / LOKPRIYA GOPINATH BORDOLOI INTL,26.1,91.583,23.6,1007.8,94.7
2010-10-21T00:00:00,42410099999,GUWAHATI INTL / LOKPRIYA GOPINATH BORDOLOI INTL,26.1,91.583,23.4,1006.2,96.44
2010-10-21T03:00:00,42410099999,GUWAHATI INTL / LOKPRIYA GOPINATH BORDOLOI INTL,26.1,91.583,29.2,1007.3,74.95
2010-10-21T06:00:00,42410099999,GUWAHATI INTL / LOKPRIYA GOPINATH BORDOLOI INTL,26.1,91.583,30.1,1005.2,76.9
2010-10-21T09:00:00,42410099999,GUWAHATI INTL / LOKPRIYA GOPINATH BORDOLOI INTL,26.1,91.583,30.6,1002.0,70.83
2010-10-21T12:00:00,42410099999,GUWAHATI INTL / LOKPRIYA GOPINATH BORDOLOI INTL,26.1,91.583,26.1,1002.9,83.07
2010-10-21T15:00:00,42410099999,GUWAHATI INTL / LOKPRIYA GOPINATH BORDOLOI INTL,26.1,91.583,24.6,1005.2,88.65
2010-10-21T18:00:00,42410099999,GUWAHATI INTL / LOKPRIYA GOPINATH BORDOLOI INTL,26.1,91.583,24.4,1005.0,91.36
2010-10-21T21:00:00,42410099999,GUWAHATI INTL / LOKPRIYA GOPINATH BORDOLOI INTL,26.1,91.583,24.2,1004.7,93.03
2010-10-22T00:00:00,42410099999,GUWAHATI INTL / LOKPRIYA GOPINATH BORDOLOI INTL,26.1,91.583,23.2,1004.1,98.2
2010-10-22T03:00:00,42410099999,GUWAHATI INTL / LOKPRIYA GOPINATH BORDOLOI INTL,26.1,91.583,24.9,1006.1,91.95
2010-10-22T06:00:00,42410099999,GUWAHATI INTL / LOKPRIYA GOPINATH BORDOLOI INTL,26.1,91.583,26.9,1004.8,82.67
2010-10-22T09:00:00,42410099999,GUWAHATI INTL / LOKPRIYA GOPINATH BORDOLOI INTL,26.1,91.583,26.8,1002.6,78.75
2010-10-22T12:00:00,42410099999,GUWAHATI INTL / LOKPRIYA GOPINATH BORDOLOI INTL,26.1,91.583,25.7,1003.4,88.74
2010-10-22T15:00:00,42410099999,GUWAHATI INTL / LOKPRIYA GOPINATH BORDOLOI INTL,26.1,91.583,24.6,1005.9,89.73
2010-10-22T18:00:00,42410099999,GUWAHATI INTL / LOKPRIYA GOPINATH BORDOLOI INTL,26.1,91.583,24.4,1006.3,89.71
2010-10-22T21:00:00,42410099999,GUWAHATI INTL / LOKPRIYA GOPINATH BORDOLOI INTL,26.1,91.583,23.6,1006.1,94.7
2010-10-23T00:00:00,42410099999,GUWAHATI INTL / LOKPRIYA GOPINATH BORDOLOI INTL,26.1,91.583,23.4,1004.0,94.7
2010-10-23T03:00:00,42410099999,GUWAHATI INTL / LOKPRIYA GOPINATH BORDOLOI INTL,26.1,91.583,26.4,1006.1,85.14
2010-10-23T06:00:00,42410099999,GUWAHATI INTL / LOKPRIYA GOPINATH BORDOLOI INTL,26.1,91.583,29.3,1004.2,71.88
2010-10-23T09:00:00,42410099999,GUWAHATI INTL / LOKPRIYA GOPINATH BORDOLOI INTL,26.1,91.583,29.5,1001.2,73.66
2010-10-23T12:00:00,42410099999,GUWAHATI INTL / LOKPRIYA GOPINATH BORDOLOI INTL,26.1,91.583,27.1,1002.2,80.72
2010-10-23T15:00:00,42410099999,GUWAHATI INTL / LOKPRIYA GOPINATH BORDOLOI INTL,26.1,91.583,25.2,1004.5,98.23
2010-10-23T18:00:00,42410099999,GUWAHATI INTL / LOKPRIYA GOPINATH BORDOLOI INTL,26.1,91.583,26.0,1004.3,90.37
2010-10-23T21:00:00,42410099999,GUWAHATI INTL / LOKPRIYA GOPINATH BORDOLOI INTL,26.1,91.583,25.0,1004.9,94.76
2010-10-24T00:00:00,42410099999,GUWAHATI INTL / LOKPRIYA GOPINATH BORDOLOI INTL,26.1,91.583,23.4,1005.1,96.44
2010-10-24T03:00:00,42410099999,GUWAHATI INTL / LOKPRIYA GOPINATH BORDOLOI INTL,26.1,91.583,26.1,1007.3,93.12
2010-10-24T06:00:00,42410099999,GUWAHATI INTL / LOKPRIYA GOPINATH BORDOLOI INTL,26.1,91.583,29.8,1006.1,71.96
2010-10-24T09:00:00,42410099999,GUWAHATI INTL / LOKPRIYA GOPINATH BORDOLOI INTL,26.1,91.583,31.3,1003.8,61.07
2010-10-24T12:00:00,42410099999,GUWAHATI INTL / LOKPRIYA GOPINATH BORDOLOI INTL,26.1,91.583,27.2,1004.7,88.85
2010-10-24T15:00:00,42410099999,GUWAHATI INTL / LOKPRIYA GOPINATH BORDOLOI INTL,26.1,91.583,25.6,1007.1,96.49
2010-10-24T21:00:00,42410099999,GUWAHATI INTL / LOKPRIYA GOPINATH BORDOLOI INTL,26.1,91.583,25.0,1007.4,98.23
2010-10-25T00:00:00,42410099999,GUWAHATI INTL / LOKPRIYA GOPINATH BORDOLOI INTL,26.1,91.583,23.0,1008.2,92.96
2010-10-25T03:00:00,42410099999,GUWAHATI INTL / LOKPRIYA GOPINATH BORDOLOI INTL,26.1,91.583,26.9,1010.7,86.21
2010-10-25T06:00:00,42410099999,GUWAHATI INTL / LOKPRIYA GOPINATH BORDOLOI INTL,26.1,91.583,29.3,1009.4,74.07
2010-10-25T09:00:00,42410099999,GUWAHATI INTL / LOKPRIYA GOPINATH BORDOLOI INTL,26.1,91.583,31.2,1008.7,65.63
2010-10-25T12:00:00,42410099999,GUWAHATI INTL / LOKPRIYA GOPINATH BORDOLOI INTL,26.1,91.583,27.5,1007.9,91.01
2010-10-25T15:00:00,42410099999,GUWAHATI INTL / LOKPRIYA GOPINATH BORDOLOI INTL,26.1,91.583,25.0,1010.2,100.0
2010-10-25T18:00:00,42410099999,GUWAHATI INTL / LOKPRIYA GOPINATH BORDOLOI INTL,26.1,91.583,24.2,1010.3,98.21
2010-10-25T21:00:00,42410099999,GUWAHATI INTL / LOKPRIYA GOPINATH BORDOLOI INTL,26.1,91.583,24.0,1009.8,98.21
2010-10-26T00:00:00,42410099999,GUWAHATI INTL / LOKPRIYA GOPINATH BORDOLOI INTL,26.1,91.583,22.8,1010.5,98.2
2010-10-26T03:00:00,42410099999,GUWAHATI INTL / LOKPRIYA GOPINATH BORDOLOI INTL,26.1,91.583,26.8,1012.2,92.05
2010-10-26T06:00:00,42410099999,GUWAHATI INTL / LOKPRIYA GOPINATH BORDOLOI INTL,26.1,91.583,30.5,1010.0,72.95
2010-10-26T09:00:00,42410099999,GUWAHATI INTL / LOKPRIYA GOPINATH BORDOLOI INTL,26.1,91.583,30.6,1007.9,63.94
2010-10-26T12:00:00,42410099999,GUWAHATI INTL / LOKPRIYA GOPINATH BORDOLOI INTL,26.1,91.583,26.9,1009.2,74.12
2010-10-26T15:00:00,42410099999,GUWAHATI INTL / LOKPRIYA GOPINATH BORDOLOI INTL,26.1,91.583,23.8,1011.1,91.88
2010-10-26T18:00:00,42410099999,GUWAHATI INTL / LOKPRIYA GOPINATH BORDOLOI INTL,26.1,91.583,23.4,1009.4,89.64
2010-10-26T21:00:00,42410099999,GUWAHATI INTL / LOKPRIYA GOPINATH BORDOLOI INTL,26.1,91.583,23.4,1008.9,94.12
2010-10-27T00:00:00,42410099999,GUWAHATI INTL / LOKPRIYA GOPINATH BORDOLOI INTL,26.1,91.583,22.0,1010.1,94.64
2010-10-27T03:00:00,42410099999,GUWAHATI INTL / LOKPRIYA GOPINATH BORDOLOI INTL,26.1,91.583,26.6,1013.1,83.13
2010-10-27T06:00:00,42410099999,GUWAHATI INTL / LOKPRIYA GOPINATH BORDOLOI INTL,26.1,91.583,29.9,1011.2,69.43
2010-10-27T09:00:00,42410099999,GUWAHATI INTL / LOKPRIYA GOPINATH BORDOLOI INTL,26.1,91.583,30.6,1008.8,66.7
2010-10-27T12:00:00,42410099999,GUWAHATI INTL / LOKPRIYA GOPINATH BORDOLOI INTL,26.1,91.583,28.6,1010.0,76.67
2010-10-27T15:00:00,42410099999,GUWAHATI INTL / LOKPRIYA GOPINATH BORDOLOI INTL,26.1,91.583,24.8,1010.9,98.22
2010-10-27T18:00:00,42410099999,GUWAHATI INTL / LOKPRIYA GOPINATH BORDOLOI INTL,26.1,91.583,24.0,1011.3,98.21
2010-10-27T21:00:00,42410099999,GUWAHATI INTL / LOKPRIYA GOPINATH BORDOLOI INTL,26.1,91.583,23.0,1010.9,98.2
2010-10-28T00:00:00,42410099999,GUWAHATI INTL / LOKPRIYA GOPINATH BORDOLOI INTL,26.1,91.583,22.8,1011.7,94.67
2010-10-28T03:00:00,42410099999,GUWAHATI INTL / LOKPRIYA GOPINATH BORDOLOI INTL,26.1,91.583,26.8,1013.5,78.75
2010-10-28T06:00:00,42410099999,GUWAHATI INTL / LOKPRIYA GOPINATH BORDOLOI INTL,26.1,91.583,29.3,1012.1,63.28
2010-10-28T09:00:00,42410099999,GUWAHATI INTL / LOKPRIYA GOPINATH BORDOLOI INTL,26.1,91.583,29.8,1009.7,57.46
2010-10-28T12:00:00,42410099999,GUWAHATI INTL / LOKPRIYA GOPINATH BORDOLOI INTL,26.1,91.583,25.6,1010.4,88.19
2010-10-28T15:00:00,42410099999,GUWAHATI INTL / LOKPRIYA GOPINATH BORDOLOI INTL,26.1,91.583,23.5,1013.0,93.56
2010-10-28T18:00:00,42410099999,GUWAHATI INTL / LOKPRIYA GOPINATH BORDOLOI INTL,26.1,91.583,23.0,1014.0,92.96
2010-10-28T21:00:00,42410099999,GUWAHATI INTL / LOKPRIYA GOPINATH BORDOLOI INTL,26.1,91.583,22.6,1013.0,94.67
2010-10-29T00:00:00,42410099999,GUWAHATI INTL / LOKPRIYA GOPINATH BORDOLOI INTL,26.1,91.583,21.6,1014.5,91.19
2010-10-29T03:00:00,42410099999,GUWAHATI INTL / LOKPRIYA GOPINATH BORDOLOI INTL,26.1,91.583,25.4,1016.2,85.55
2010-10-29T06:00:00,42410099999,GUWAHATI INTL / LOKPRIYA GOPINATH BORDOLOI INTL,26.1,91.583,28.6,1014.0,76.21
2010-10-29T09:00:00,42410099999,GUWAHATI INTL / LOKPRIYA GOPINATH BORDOLOI INTL,26.1,91.583,29.7,1011.2,67.74
2010-10-29T12:00:00,42410099999,GUWAHATI INTL / LOKPRIYA GOPINATH BORDOLOI INTL,26.1,91.583,28.0,1011.8,72.96
2010-10-29T15:00:00,42410099999,GUWAHATI INTL / LOKPRIYA GOPINATH BORDOLOI INTL,26.1,91.583,23.6,1014.0,100.0
2010-10-29T18:00:00,42410099999,GUWAHATI INTL / LOKPRIYA GOPINATH BORDOLOI INTL,26.1,91.583,22.6,1014.3,98.19
2010-10-29T21:00:00,42410099999,GUWAHATI INTL / LOKPRIYA GOPINATH BORDOLOI INTL,26.1,91.583,22.4,1014.0,98.19
2010-10-30T00:00:00,42410099999,GUWAHATI INTL / LOKPRIYA GOPINATH BORDOLOI INTL,26.1,91.583,21.6,1015.7,98.18
2010-10-30T03:00:00,42410099999,GUWAHATI INTL / LOKPRIYA GOPINATH BORDOLOI INTL,26.1,91.583,24.5,1017.6,85.98
2010-10-30T06:00:00,42410099999,GUWAHATI INTL / LOKPRIYA GOPINATH BORDOLOI INTL,26.1,91.583,29.1,1015.3,69.7
2010-10-30T09:00:00,42410099999,GUWAHATI INTL / LOKPRIYA GOPINATH BORDOLOI INTL,26.1,91.583,29.7,1012.6,62.59
2010-10-30T12:00:00,42410099999,GUWAHATI INTL / LOKPRIYA GOPINATH BORDOLOI INTL,26.1,91.583,25.9,1012.8,85.6
2010-10-30T15:00:00,42410099999,GUWAHATI INTL / LOKPRIYA GOPINATH BORDOLOI INTL,26.1,91.583,23.3,1015.2,100.0
2010-10-30T18:00:00,42410099999,GUWAHATI INTL / LOKPRIYA GOPINATH BORDOLOI INTL,26.1,91.583,23.0,1014.4,94.68
2010-10-31T00:00:00,42410099999,GUWAHATI INTL / LOKPRIYA GOPINATH BORDOLOI INTL,26.1,91.583,20.0,1014.4,96.35
2010-10-31T03:00:00,42410099999,GUWAHATI INTL / LOKPRIYA GOPINATH BORDOLOI INTL,26.1,91.583,24.5,1016.7,88.1
2010-10-31T06:00:00,42410099999,GUWAHATI INTL / LOKPRIYA GOPINATH BORDOLOI INTL,26.1,91.583,29.0,1013.6,68.43
2010-10-31T09:00:00,42410099999,GUWAHATI INTL / LOKPRIYA GOPINATH BORDOLOI INTL,26.1,91.583,30.0,1010.3,62.66
2010-10-31T12:00:00,42410099999,GUWAHATI INTL / LOKPRIYA GOPINATH BORDOLOI INTL,26.1,91.583,26.0,1010.7,88.76
2010-10-31T15:00:00,42410099999,GUWAHATI INTL / LOKPRIYA GOPINATH BORDOLOI INTL,26.1,91.583,24.4,1012.0,96.46
2010-10-31T18:00:00,42410099999,GUWAHATI INTL / LOKPRIYA GOPINATH BORDOLOI INTL,26.1,91.583,23.2,1012.9,97.61
2010-10-31T21:00:00,42410099999,GUWAHATI INTL / LOKPRIYA GOPINATH BORDOLOI INTL,26.1,91.583,21.4,1012.5,98.18
2010-11-01T00:00:00,42410099999,GUWAHATI INTL / LOKPRIYA GOPINATH BORDOLOI INTL,26.1,91.583,20.6,1011.4,91.12
2010-11-01T03:00:00,42410099999,GUWAHATI INTL / LOKPRIYA GOPINATH BORDOLOI INTL,26.1,91.583,22.3,1013.4,92.36
2010-11-01T06:00:00,42410099999,GUWAHATI INTL / LOKPRIYA GOPINATH BORDOLOI INTL,26.1,91.583,24.1,1012.4,79.34
2010-11-01T09:00:00,42410099999,GUWAHATI INTL / LOKPRIYA GOPINATH BORDOLOI INTL,26.1,91.583,24.0,1010.1,80.81
2010-11-01T12:00:00,42410099999,GUWAHATI INTL / LOKPRIYA GOPINATH BORDOLOI INTL,26.1,91.583,23.8,1009.2,88.04
2010-11-01T15:00:00,42410099999,GUWAHATI INTL / LOKPRIYA GOPINATH BORDOLOI INTL,26.1,91.583,23.0,1013.2,92.96
2010-11-01T18:00:00,42410099999,GUWAHATI INTL / LOKPRIYA GOPINATH BORDOLOI INTL,26.1,91.583,21.4,1012.5,96.38
2010-11-01T21:00:00,42410099999,GUWAHATI INTL / LOKPRIYA GOPINATH BORDOLOI INTL,26.1,91.583,20.8,1013.1,98.17
2010-11-02T00:00:00,42410099999,GUWAHATI INTL / LOKPRIYA GOPINATH BORDOLOI INTL,26.1,91.583,20.4,1012.5,100.0
2010-11-02T03:00:00,42410099999,GUWAHATI INTL / LOKPRIYA GOPINATH BORDOLOI INTL,26.1,91.583,23.6,1013.4,86.42
2010-11-02T06:00:00,42410099999,GUWAHATI INTL / LOKPRIYA GOPINATH BORDOLOI INTL,26.1,91.583,27.6,1012.4,68.58
2010-11-02T09:00:00,42410099999,GUWAHATI INTL / LOKPRIYA GOPINATH BORDOLOI INTL,26.1,91.583,28.4,1009.6,66.26
2010-11-02T12:00:00,42410099999,GUWAHATI INTL / LOKPRIYA GOPINATH BORDOLOI INTL,26.1,91.583,24.6,1011.3,89.19
2010-11-02T15:00:00,42410099999,GUWAHATI INTL / LOKPRIYA GOPINATH BORDOLOI INTL,26.1,91.583,23.0,1013.6,96.43
2010-11-02T18:00:00,42410099999,GUWAHATI INTL / LOKPRIYA GOPINATH BORDOLOI INTL,26.1,91.583,21.6,1014.0,98.18
2010-11-02T21:00:00,42410099999,GUWAHATI INTL / LOKPRIYA GOPINATH BORDOLOI INTL,26.1,91.583,21.2,1013.8,98.17
2010-11-03T00:00:00,42410099999,GUWAHATI INTL / LOKPRIYA GOPINATH BORDOLOI INTL,26.1,91.583,21.6,1014.5,98.18
2010-11-03T03:00:00,42410099999,GUWAHATI INTL / LOKPRIYA GOPINATH BORDOLOI INTL,26.1,91.583,23.0,1015.5,91.27
2010-11-03T06:00:00,42410099999,GUWAHATI INTL / LOKPRIYA GOPINATH BORDOLOI INTL,26.1,91.583,27.6,1013.4,75.6
2010-11-03T09:00:00,42410099999,GUWAHATI INTL / LOKPRIYA GOPINATH BORDOLOI INTL,26.1,91.583,29.0,1010.9,64.38
2010-11-03T12:00:00,42410099999,GUWAHATI INTL / LOKPRIYA GOPINATH BORDOLOI INTL,26.1,91.583,27.0,1011.2,79.74
2010-11-03T15:00:00,42410099999,GUWAHATI INTL / LOKPRIYA GOPINATH BORDOLOI INTL,26.1,91.583,23.4,1012.9,91.3
2010-11-03T18:00:00,42410099999,GUWAHATI INTL / LOKPRIYA GOPINATH BORDOLOI INTL,26.1,91.583,22.6,1012.4,98.19
2010-11-03T21:00:00,42410099999,GUWAHATI INTL / LOKPRIYA GOPINATH BORDOLOI INTL,26.1,91.583,21.4,1013.4,98.78
2010-11-04T00:00:00,42410099999,GUWAHATI INTL / LOKPRIYA GOPINATH BORDOLOI INTL,26.1,91.583,20.4,1013.4,98.16
2010-11-04T03:00:00,42410099999,GUWAHATI INTL / LOKPRIYA GOPINATH BORDOLOI INTL,26.1,91.583,24.5,1016.0,90.27
2010-11-04T06:00:00,42410099999,GUWAHATI INTL / LOKPRIYA GOPINATH BORDOLOI INTL,26.1,91.583,29.8,1012.7,69.83
2010-11-04T09:00:00,42410099999,GUWAHATI INTL / LOKPRIYA GOPINATH BORDOLOI INTL,26.1,91.583,29.6,1010.0,59.95
2010-11-04T12:00:00,42410099999,GUWAHATI INTL / LOKPRIYA GOPINATH BORDOLOI INTL,26.1,91.583,27.4,1010.9,79.79
2010-11-04T15:00:00,42410099999,GUWAHATI INTL / LOKPRIYA GOPINATH BORDOLOI INTL,26.1,91.583,23.2,1012.9,96.43
2010-11-04T18:00:00,42410099999,GUWAHATI INTL / LOKPRIYA GOPINATH BORDOLOI INTL,26.1,91.583,22.0,1013.4,96.4
2010-11-04T21:00:00,42410099999,GUWAHATI INTL / LOKPRIYA GOPINATH BORDOLOI INTL,26.1,91.583,21.0,1014.1,98.17
2010-11-05T00:00:00,42410099999,GUWAHATI INTL / LOKPRIYA GOPINATH BORDOLOI INTL,26.1,91.583,21.4,1014.2,96.38
2010-11-05T03:00:00,42410099999,GUWAHATI INTL / LOKPRIYA GOPINATH BORDOLOI INTL,26.1,91.583,24.6,1015.4,88.11
2010-11-05T06:00:00,42410099999,GUWAHATI INTL / LOKPRIYA GOPINATH BORDOLOI INTL,26.1,91.583,29.2,1012.5,64.43
2010-11-05T09:00:00,42410099999,GUWAHATI INTL / LOKPRIYA GOPINATH BORDOLOI INTL,26.1,91.583,29.8,1009.4,57.82
2010-11-05T12:00:00,42410099999,GUWAHATI INTL / LOKPRIYA GOPINATH BORDOLOI INTL,26.1,91.583,27.4,1008.9,71.1
2010-11-05T15:00:00,42410099999,GUWAHATI INTL / LOKPRIYA GOPINATH BORDOLOI INTL,26.1,91.583,23.6,1012.8,94.7
2010-11-05T18:00:00,42410099999,GUWAHATI INTL / LOKPRIYA GOPINATH BORDOLOI INTL,26.1,91.583,22.4,1013.2,96.41
2010-11-05T21:00:00,42410099999,GUWAHATI INTL / LOKPRIYA GOPINATH BORDOLOI INTL,26.1,91.583,21.2,1014.2,96.38
2010-11-06T00:00:00,42410099999,GUWAHATI INTL / LOKPRIYA GOPINATH BORDOLOI INTL,26.1,91.583,21.0,1013.8,100.0
2010-11-06T03:00:00,42410099999,GUWAHATI INTL / LOKPRIYA GOPINATH BORDOLOI INTL,26.1,91.583,24.0,1015.3,94.15
2010-11-06T06:00:00,42410099999,GUWAHATI INTL / LOKPRIYA GOPINATH BORDOLOI INTL,26.1,91.583,28.9,1012.7,74.45
2010-11-06T09:00:00,42410099999,GUWAHATI INTL / LOKPRIYA GOPINATH BORDOLOI INTL,26.1,91.583,30.0,1009.7,65.78
2010-11-06T12:00:00,42410099999,GUWAHATI INTL / LOKPRIYA GOPINATH BORDOLOI INTL,26.1,91.583,25.3,1010.4,87.64
2010-11-06T15:00:00,42410099999,GUWAHATI INTL / LOKPRIYA GOPINATH BORDOLOI INTL,26.1,91.583,23.6,1011.8,94.7
2010-11-06T21:00:00,42410099999,GUWAHATI INTL / LOKPRIYA GOPINATH BORDOLOI INTL,26.1,91.583,21.2,1013.0,98.17
2010-11-07T00:00:00,42410099999,GUWAHATI INTL / LOKPRIYA GOPINATH BORDOLOI INTL,26.1,91.583,19.6,1013.3,100.0
2010-11-07T03:00:00,42410099999,GUWAHATI INTL / LOKPRIYA GOPINATH BORDOLOI INTL,26.1,91.583,21.7,1016.1,100.0
2010-11-07T06:00:00,42410099999,GUWAHATI INTL / LOKPRIYA GOPINATH BORDOLOI INTL,26.1,91.583,28.7,1013.7,72.64
2010-11-07T09:00:00,42410099999,GUWAHATI INTL / LOKPRIYA GOPINATH BORDOLOI INTL,26.1,91.583,30.0,1011.1,64.59
2010-11-07T12:00:00,42410099999,GUWAHATI INTL / LOKPRIYA GOPINATH BORDOLOI INTL,26.1,91.583,24.8,1012.3,91.39
2010-11-07T15:00:00,42410099999,GUWAHATI INTL / LOKPRIYA GOPINATH BORDOLOI INTL,26.1,91.583,22.8,1014.2,97.01
2010-11-07T18:00:00,42410099999,GUWAHATI INTL / LOKPRIYA GOPINATH BORDOLOI INTL,26.1,91.583,21.4,1012.1,90.61
2010-11-07T21:00:00,42410099999,GUWAHATI INTL / LOKPRIYA GOPINATH BORDOLOI INTL,26.1,91.583,20.2,1013.1,96.35
2010-11-08T00:00:00,42410099999,GUWAHATI INTL / LOKPRIYA GOPINATH BORDOLOI INTL,26.1,91.583,19.4,1013.4,100.0
2010-11-08T03:00:00,42410099999,GUWAHATI INTL / LOKPRIYA GOPINATH BORDOLOI INTL,26.1,91.583,22.2,1017.1,100.0
2010-11-08T06:00:00,42410099999,GUWAHATI INTL / LOKPRIYA GOPINATH BORDOLOI INTL,26.1,91.583,28.5,1015.4,68.75
2010-11-08T09:00:00,42410099999,GUWAHATI INTL / LOKPRIYA GOPINATH BORDOLOI INTL,26.1,91.583,29.7,1013.2,55.0
2010-11-08T12:00:00,42410099999,GUWAHATI INTL / LOKPRIYA GOPINATH BORDOLOI INTL,26.1,91.583,23.8,1013.9,91.88
2010-11-08T15:00:00,42410099999,GUWAHATI INTL / LOKPRIYA GOPINATH BORDOLOI INTL,26.1,91.583,22.0,1015.3,96.4
2010-11-08T18:00:00,42410099999,GUWAHATI INTL / LOKPRIYA GOPINATH BORDOLOI INTL,26.1,91.583,21.4,1011.8,98.18
2010-11-08T21:00:00,42410099999,GUWAHATI INTL / LOKPRIYA GOPINATH BORDOLOI INTL,26.1,91.583,20.4,1016.5,
2010-11-09T00:00:00,42410099999,GUWAHATI INTL / LOKPRIYA GOPINATH BORDOLOI INTL,26.1,91.583,19.0,1017.9,96.32
2010-11-09T03:00:00,42410099999,GUWAHATI INTL / LOKPRIYA GOPINATH BORDOLOI INTL,26.1,91.583,23.6,1019.2,89.66
2010-11-09T06:00:00,42410099999,GUWAHATI INTL / LOKPRIYA GOPINATH BORDOLOI INTL,26.1,91.583,28.4,1016.4,69.57
2010-11-09T09:00:00,42410099999,GUWAHATI INTL / LOKPRIYA GOPINATH BORDOLOI INTL,26.1,91.583,28.9,1013.5,59.05
2010-11-09T12:00:00,42410099999,GUWAHATI INTL / LOKPRIYA GOPINATH BORDOLOI INTL,26.1,91.583,24.3,1013.7,83.37
2010-11-09T15:00:00,42410099999,GUWAHATI INTL / LOKPRIYA GOPINATH BORDOLOI INTL,26.1,91.583,21.6,1014.4,92.89
2010-11-09T18:00:00,42410099999,GUWAHATI INTL / LOKPRIYA GOPINATH BORDOLOI INTL,26.1,91.583,20.6,1013.4,96.36
2010-11-09T21:00:00,42410099999,GUWAHATI INTL / LOKPRIYA GOPINATH BORDOLOI INTL,26.1,91.583,19.4,1014.8,98.15
2010-11-10T00:00:00,42410099999,GUWAHATI INTL / LOKPRIYA GOPINATH BORDOLOI INTL,26.1,91.583,18.6,1013.6,98.14
2010-11-10T03:00:00,42410099999,GUWAHATI INTL / LOKPRIYA GOPINATH BORDOLOI INTL,26.1,91.583,23.3,1016.9,90.74
2010-11-10T06:00:00,42410099999,GUWAHATI INTL / LOKPRIYA GOPINATH BORDOLOI INTL,26.1,91.583,28.4,1014.0,69.57
2010-11-10T09:00:00,42410099999,GUWAHATI INTL / LOKPRIYA GOPINATH BORDOLOI INTL,26.1,91.583,29.0,1010.6,59.07
2010-11-10T12:00:00,42410099999,GUWAHATI INTL / LOKPRIYA GOPINATH BORDOLOI INTL,26.1,91.583,24.0,1011.2,89.14
2010-11-10T15:00:00,42410099999,GUWAHATI INTL / LOKPRIYA GOPINATH BORDOLOI INTL,26.1,91.583,22.1,1012.8,97.59
2010-11-10T18:00:00,42410099999,GUWAHATI INTL / LOKPRIYA GOPINATH BORDOLOI INTL,26.1,91.583,20.8,1012.4,98.17
2010-11-10T21:00:00,42410099999,GUWAHATI INTL / LOKPRIYA GOPINATH BORDOLOI INTL,26.1,91.583,20.4,1012.4,98.16
2010-11-11T00:00:00,42410099999,GUWAHATI INTL / LOKPRIYA GOPINATH BORDOLOI INTL,26.1,91.583,19.0,1012.7,98.14
2010-11-11T03:00:00,42410099999,GUWAHATI INTL / LOKPRIYA GOPINATH BORDOLOI INTL,26.1,91.583,24.3,1015.0,85.44
2010-11-11T06:00:00,42410099999,GUWAHATI INTL / LOKPRIYA GOPINATH BORDOLOI INTL,26.1,91.583,28.1,1012.2,69.52
2010-11-11T09:00:00,42410099999,GUWAHATI INTL / LOKPRIYA GOPINATH BORDOLOI INTL,26.1,91.583,29.0,1009.4,59.07
2010-11-11T12:00:00,42410099999,GUWAHATI INTL / LOKPRIYA GOPINATH BORDOLOI INTL,26.1,91.583,24.6,1010.0,89.73
2010-11-11T15:00:00,42410099999,GUWAHATI INTL / LOKPRIYA GOPINATH BORDOLOI INTL,26.1,91.583,22.7,1011.4,95.83
2010-11-11T18:00:00,42410099999,GUWAHATI INTL / LOKPRIYA GOPINATH BORDOLOI INTL,26.1,91.583,21.8,1011.0,98.18
2010-11-11T21:00:00,42410099999,GUWAHATI INTL / LOKPRIYA GOPINATH BORDOLOI INTL,26.1,91.583,20.0,1011.8,98.16
2010-11-12T00:00:00,42410099999,GUWAHATI INTL / LOKPRIYA GOPINATH BORDOLOI INTL,26.1,91.583,20.6,1009.8,96.36
2010-11-12T03:00:00,42410099999,GUWAHATI INTL / LOKPRIYA GOPINATH BORDOLOI INTL,26.1,91.583,23.1,1011.6,92.4
2010-11-12T06:00:00,42410099999,GUWAHATI INTL / LOKPRIYA GOPINATH BORDOLOI INTL,26.1,91.583,28.6,1009.2,66.7
2010-11-12T09:00:00,42410099999,GUWAHATI INTL / LOKPRIYA GOPINATH BORDOLOI INTL,26.1,91.583,28.7,1006.5,57.92
2010-11-12T12:00:00,42410099999,GUWAHATI INTL / LOKPRIYA GOPINATH BORDOLOI INTL,26.1,91.583,24.0,1008.3,84.89
2010-11-12T15:00:00,42410099999,GUWAHATI INTL / LOKPRIYA GOPINATH BORDOLOI INTL,26.1,91.583,22.1,1009.9,86.28
2010-11-12T18:00:00,42410099999,GUWAHATI INTL / LOKPRIYA GOPINATH BORDOLOI INTL,26.1,91.583,20.4,1010.3,98.16
2010-11-12T21:00:00,42410099999,GUWAHATI INTL / LOKPRIYA GOPINATH BORDOLOI INTL,26.1,91.583,20.0,1010.8,98.16
2010-11-13T00:00:00,42410099999,GUWAHATI INTL / LOKPRIYA GOPINATH BORDOLOI INTL,26.1,91.583,19.4,1009.4,96.33
2010-11-13T03:00:00,42410099999,GUWAHATI INTL / LOKPRIYA GOPINATH BORDOLOI INTL,26.1,91.583,23.1,1012.7,87.45
2010-11-13T06:00:00,42410099999,GUWAHATI INTL / LOKPRIYA GOPINATH BORDOLOI INTL,26.1,91.583,27.8,1010.7,68.2
2010-11-13T09:00:00,42410099999,GUWAHATI INTL / LOKPRIYA GOPINATH BORDOLOI INTL,26.1,91.583,28.2,1009.0,58.52
2010-11-13T12:00:00,42410099999,GUWAHATI INTL / LOKPRIYA GOPINATH BORDOLOI INTL,26.1,91.583,24.5,1011.0,77.94
2010-11-13T15:00:00,42410099999,GUWAHATI INTL / LOKPRIYA GOPINATH BORDOLOI INTL,26.1,91.583,21.4,1012.0,90.61
2010-11-13T18:00:00,42410099999,GUWAHATI INTL / LOKPRIYA GOPINATH BORDOLOI INTL,26.1,91.583,20.8,1012.5,94.59
2010-11-13T21:00:00,42410099999,GUWAHATI INTL / LOKPRIYA GOPINATH BORDOLOI INTL,26.1,91.583,19.8,1013.1,96.34
2010-11-14T00:00:00,42410099999,GUWAHATI INTL / LOKPRIYA GOPINATH BORDOLOI INTL,26.1,91.583,18.6,1014.9,96.31
2010-11-14T03:00:00,42410099999,GUWAHATI INTL / LOKPRIYA GOPINATH BORDOLOI INTL,26.1,91.583,23.4,1016.5,81.74
2010-11-14T06:00:00,42410099999,GUWAHATI INTL / LOKPRIYA GOPINATH BORDOLOI INTL,26.1,91.583,27.7,1014.6,68.18
2010-11-14T09:00:00,42410099999,GUWAHATI INTL / LOKPRIYA GOPINATH BORDOLOI INTL,26.1,91.583,27.4,1012.5,69.81
2010-11-14T12:00:00,42410099999,GUWAHATI INTL / LOKPRIYA GOPINATH BORDOLOI INTL,26.1,91.583,23.8,1014.2,88.04
2010-11-14T15:00:00,42410099999,GUWAHATI INTL / LOKPRIYA GOPINATH BORDOLOI INTL,26.1,91.583,21.9,1016.0,92.91
2010-11-14T18:00:00,42410099999,GUWAHATI INTL / LOKPRIYA GOPINATH BORDOLOI INTL,26.1,91.583,20.6,1016.9,92.26
2010-11-14T21:00:00,42410099999,GUWAHATI INTL / LOKPRIYA GOPINATH BORDOLOI INTL,26.1,91.583,19.4,1017.1,98.15
2010-11-15T00:00:00,42410099999,GUWAHATI INTL / LOKPRIYA GOPINATH BORDOLOI INTL,26.1,91.583,18.6,1016.0,98.14
2010-11-15T03:00:00,42410099999,GUWAHATI INTL / LOKPRIYA GOPINATH BORDOLOI INTL,26.1,91.583,23.0,1018.2,88.52
2010-11-15T06:00:00,42410099999,GUWAHATI INTL / LOKPRIYA GOPINATH BORDOLOI INTL,26.1,91.583,27.6,1015.1,60.61
2010-11-15T09:00:00,42410099999,GUWAHATI INTL / LOKPRIYA GOPINATH BORDOLOI INTL,26.1,91.583,29.2,1010.8,56.97
2010-11-15T12:00:00,42410099999,GUWAHATI INTL / LOKPRIYA GOPINATH BORDOLOI INTL,26.1,91.583,25.0,1012.3,71.11
2010-11-15T15:00:00,42410099999,GUWAHATI INTL / LOKPRIYA GOPINATH BORDOLOI INTL,26.1,91.583,20.4,1014.2,96.36
2010-11-15T18:00:00,42410099999,GUWAHATI INTL / LOKPRIYA GOPINATH BORDOLOI INTL,26.1,91.583,20.2,1014.6,93.98
2010-11-15T21:00:00,42410099999,GUWAHATI INTL / LOKPRIYA GOPINATH BORDOLOI INTL,26.1,91.583,19.6,1013.9,96.33
2010-11-16T00:00:00,42410099999,GUWAHATI INTL / LOKPRIYA GOPINATH BORDOLOI INTL,26.1,91.583,18.2,1015.5,98.13
2010-11-16T03:00:00,42410099999,GUWAHATI INTL / LOKPRIYA GOPINATH BORDOLOI INTL,26.1,91.583,24.0,1015.2,76.91
2010-11-16T06:00:00,42410099999,GUWAHATI INTL / LOKPRIYA GOPINATH BORDOLOI INTL,26.1,91.583,27.6,1013.3,65.69
2010-11-16T09:00:00,42410099999,GUWAHATI INTL / LOKPRIYA GOPINATH BORDOLOI INTL,26.1,91.583,29.2,1010.1,63.26
2010-11-16T12:00:00,42410099999,GUWAHATI INTL / LOKPRIYA GOPINATH BORDOLOI INTL,26.1,91.583,23.6,1010.5,91.31
2010-11-16T15:00:00,42410099999,GUWAHATI INTL / LOKPRIYA GOPINATH BORDOLOI INTL,26.1,91.583,21.6,1012.6,94.05
2010-11-16T18:00:00,42410099999,GUWAHATI INTL / LOKPRIYA GOPINATH BORDOLOI INTL,26.1,91.583,24.4,1013.3,75.55
2010-11-16T21:00:00,42410099999,GUWAHATI INTL / LOKPRIYA GOPINATH BORDOLOI INTL,26.1,91.583,19.0,1013.6,98.14
2010-11-17T00:00:00,42410099999,GUWAHATI INTL / LOKPRIYA GOPINATH BORDOLOI INTL,26.1,91.583,19.0,1012.8,100.0
2010-11-17T03:00:00,42410099999,GUWAHATI INTL / LOKPRIYA GOPINATH BORDOLOI INTL,26.1,91.583,24.2,1015.0,75.05
2010-11-17T06:00:00,42410099999,GUWAHATI INTL / LOKPRIYA GOPINATH BORDOLOI INTL,26.1,91.583,27.8,1013.8,66.14
2010-11-17T09:00:00,42410099999,GUWAHATI INTL / LOKPRIYA GOPINATH BORDOLOI INTL,26.1,91.583,28.6,1011.1,60.09
2010-11-17T12:00:00,42410099999,GUWAHATI INTL / LOKPRIYA GOPINATH BORDOLOI INTL,26.1,91.583,25.0,1012.3,71.11
2010-11-17T15:00:00,42410099999,GUWAHATI INTL / LOKPRIYA GOPINATH BORDOLOI INTL,26.1,91.583,21.2,1014.2,96.38
2010-11-17T18:00:00,42410099999,GUWAHATI INTL / LOKPRIYA GOPINATH BORDOLOI INTL,26.1,91.583,20.4,1014.6,96.36
2010-11-17T21:00:00,42410099999,GUWAHATI INTL / LOKPRIYA GOPINATH BORDOLOI INTL,26.1,91.583,19.0,1015.0,98.14
2010-11-18T00:00:00,42410099999,GUWAHATI INTL / LOKPRIYA GOPINATH BORDOLOI INTL,26.1,91.583,19.0,1014.5,96.32
2010-11-18T03:00:00,42410099999,GUWAHATI INTL / LOKPRIYA GOPINATH BORDOLOI INTL,26.1,91.583,23.2,1016.6,81.21
2010-11-18T06:00:00,42410099999,GUWAHATI INTL / LOKPRIYA GOPINATH BORDOLOI INTL,26.1,91.583,27.6,1013.9,65.69
2010-11-18T09:00:00,42410099999,GUWAHATI INTL / LOKPRIYA GOPINATH BORDOLOI INTL,26.1,91.583,30.0,1011.2,56.11
2010-11-18T12:00:00,42410099999,GUWAHATI INTL / LOKPRIYA GOPINATH BORDOLOI INTL,26.1,91.583,24.0,1011.2,86.46
2010-11-18T15:00:00,42410099999,GUWAHATI INTL / LOKPRIYA GOPINATH BORDOLOI INTL,26.1,91.583,21.0,1013.5,96.37
2010-11-18T18:00:00,42410099999,GUWAHATI INTL / LOKPRIYA GOPINATH BORDOLOI INTL,26.1,91.583,19.8,1014.3,96.34
2010-11-18T21:00:00,42410099999,GUWAHATI INTL / LOKPRIYA GOPINATH BORDOLOI INTL,26.1,91.583,18.8,1014.6,95.71
2010-11-19T00:00:00,42410099999,GUWAHATI INTL / LOKPRIYA GOPINATH BORDOLOI INTL,26.1,91.583,19.8,1011.9,98.15
2010-11-19T03:00:00,42410099999,GUWAHATI INTL / LOKPRIYA GOPINATH BORDOLOI INTL,26.1,91.583,22.6,1014.2,87.4
2010-11-19T06:00:00,42410099999,GUWAHATI INTL / LOKPRIYA GOPINATH BORDOLOI INTL,26.1,91.583,26.0,1011.5,73.07
2010-11-19T09:00:00,42410099999,GUWAHATI INTL / LOKPRIYA GOPINATH BORDOLOI INTL,26.1,91.583,28.2,1008.3,63.82
2010-11-19T12:00:00,42410099999,GUWAHATI INTL / LOKPRIYA GOPINATH BORDOLOI INTL,26.1,91.583,24.0,1008.0,83.34
2010-11-19T15:00:00,42410099999,GUWAHATI INTL / LOKPRIYA GOPINATH BORDOLOI INTL,26.1,91.583,22.0,1008.9,91.21
2010-11-19T18:00:00,42410099999,GUWAHATI INTL / LOKPRIYA GOPINATH BORDOLOI INTL,26.1,91.583,20.2,1008.5,94.57
2010-11-19T21:00:00,42410099999,GUWAHATI INTL / LOKPRIYA GOPINATH BORDOLOI INTL,26.1,91.583,19.0,1009.4,93.93
2010-11-20T00:00:00,42410099999,GUWAHATI INTL / LOKPRIYA GOPINATH BORDOLOI INTL,26.1,91.583,19.6,1006.8,98.15
2010-11-20T03:00:00,42410099999,GUWAHATI INTL / LOKPRIYA GOPINATH BORDOLOI INTL,26.1,91.583,23.6,1008.7,81.26
2010-11-20T06:00:00,42410099999,GUWAHATI INTL / LOKPRIYA GOPINATH BORDOLOI INTL,26.1,91.583,29.2,1006.7,56.97
2010-11-20T09:00:00,42410099999,GUWAHATI INTL / LOKPRIYA GOPINATH BORDOLOI INTL,26.1,91.583,29.2,1003.2,47.5
2010-11-20T12:00:00,42410099999,GUWAHATI INTL / LOKPRIYA GOPINATH BORDOLOI INTL,26.1,91.583,23.8,1004.6,68.69
2010-11-20T15:00:00,42410099999,GUWAHATI INTL / LOKPRIYA GOPINATH BORDOLOI INTL,26.1,91.583,20.4,1008.3,98.16
2010-11-20T18:00:00,42410099999,GUWAHATI INTL / LOKPRIYA GOPINATH BORDOLOI INTL,26.1,91.583,20.0,1008.8,98.16
2010-11-20T21:00:00,42410099999,GUWAHATI INTL / LOKPRIYA GOPINATH BORDOLOI INTL,26.1,91.583,19.4,1009.2,98.15
2010-11-21T00:00:00,42410099999,GUWAHATI INTL / LOKPRIYA GOPINATH BORDOLOI INTL,26.1,91.583,16.4,1008.9,95.63
2010-11-21T03:00:00,42410099999,GUWAHATI INTL / LOKPRIYA GOPINATH BORDOLOI INTL,26.1,91.583,22.3,1011.4,77.13
2010-11-21T06:00:00,42410099999,GUWAHATI INTL / LOKPRIYA GOPINATH BORDOLOI INTL,26.1,91.583,26.9,1009.8,44.51
2010-11-21T09:00:00,42410099999,GUWAHATI INTL / LOKPRIYA GOPINATH BORDOLOI INTL,26.1,91.583,28.0,1007.5,39.1
2010-11-21T12:00:00,42410099999,GUWAHATI INTL / LOKPRIYA GOPINATH BORDOLOI INTL,26.1,91.583,20.5,1008.7,83.46
2010-11-21T15:00:00,42410099999,GUWAHATI INTL / LOKPRIYA GOPINATH BORDOLOI INTL,26.1,91.583,17.8,1011.0,92.1
2010-11-21T18:00:00,42410099999,GUWAHATI INTL / LOKPRIYA GOPINATH BORDOLOI INTL,26.1,91.583,16.6,1012.3,91.44
2010-11-21T21:00:00,42410099999,GUWAHATI INTL / LOKPRIYA GOPINATH BORDOLOI INTL,26.1,91.583,15.2,1011.3,98.09
2010-11-22T00:00:00,42410099999,GUWAHATI INTL / LOKPRIYA GOPINATH BORDOLOI INTL,26.1,91.583,14.8,1011.5,88.98
2010-11-22T03:00:00,42410099999,GUWAHATI INTL / LOKPRIYA GOPINATH BORDOLOI INTL,26.1,91.583,19.0,1014.3,84.35
2010-11-22T06:00:00,42410099999,GUWAHATI INTL / LOKPRIYA GOPINATH BORDOLOI INTL,26.1,91.583,25.4,1011.5,58.6
2010-11-22T09:00:00,42410099999,GUWAHATI INTL / LOKPRIYA GOPINATH BORDOLOI INTL,26.1,91.583,26.4,1008.5,52.82
2010-11-22T12:00:00,42410099999,GUWAHATI INTL / LOKPRIYA GOPINATH BORDOLOI INTL,26.1,91.583,21.9,1009.6,74.68
2010-11-22T15:00:00,42410099999,GUWAHATI INTL / LOKPRIYA GOPINATH BORDOLOI INTL,26.1,91.583,18.2,1011.3,100.0
2010-11-22T18:00:00,42410099999,GUWAHATI INTL / LOKPRIYA GOPINATH BORDOLOI INTL,26.1,91.583,17.6,1011.9,100.0
2010-11-22T21:00:00,42410099999,GUWAHATI INTL / LOKPRIYA GOPINATH BORDOLOI INTL,26.1,91.583,15.2,1012.2,100.0
2010-11-23T00:00:00,42410099999,GUWAHATI INTL / LOKPRIYA GOPINATH BORDOLOI INTL,26.1,91.583,15.2,1011.0,98.09
2010-11-23T03:00:00,42410099999,GUWAHATI INTL / LOKPRIYA GOPINATH BORDOLOI INTL,26.1,91.583,20.2,1012.9,83.95
2010-11-23T06:00:00,42410099999,GUWAHATI INTL / LOKPRIYA GOPINATH BORDOLOI INTL,26.1,91.583,25.1,1011.0,65.17
2010-11-23T09:00:00,42410099999,GUWAHATI INTL / LOKPRIYA GOPINATH BORDOLOI INTL,26.1,91.583,26.3,1008.6,57.34
2010-11-23T12:00:00,42410099999,GUWAHATI INTL / LOKPRIYA GOPINATH BORDOLOI INTL,26.1,91.583,21.5,1009.7,87.3
2010-11-23T15:00:00,42410099999,GUWAHATI INTL / LOKPRIYA GOPINATH BORDOLOI INTL,26.1,91.583,19.5,1012.1,96.33
2010-11-23T18:00:00,42410099999,GUWAHATI INTL / LOKPRIYA GOPINATH BORDOLOI INTL,26.1,91.583,18.2,1012.4,98.13
2010-11-23T21:00:00,42410099999,GUWAHATI INTL / LOKPRIYA GOPINATH BORDOLOI INTL,26.1,91.583,17.0,1013.0,96.88
2010-11-24T00:00:00,42410099999,GUWAHATI INTL / LOKPRIYA GOPINATH BORDOLOI INTL,26.1,91.583,16.0,1012.4,93.79
2010-11-24T03:00:00,42410099999,GUWAHATI INTL / LOKPRIYA GOPINATH BORDOLOI INTL,26.1,91.583,21.7,1014.0,83.59
2010-11-24T06:00:00,42410099999,GUWAHATI INTL / LOKPRIYA GOPINATH BORDOLOI INTL,26.1,91.583,25.8,1011.7,62.91
2010-11-24T09:00:00,42410099999,GUWAHATI INTL / LOKPRIYA GOPINATH BORDOLOI INTL,26.1,91.583,27.6,1009.5,48.6
2010-11-24T12:00:00,42410099999,GUWAHATI INTL / LOKPRIYA GOPINATH BORDOLOI INTL,26.1,91.583,21.6,1010.7,85.7
2010-11-24T15:00:00,42410099999,GUWAHATI INTL / LOKPRIYA GOPINATH BORDOLOI INTL,26.1,91.583,18.6,1012.7,98.14
2010-11-24T18:00:00,42410099999,GUWAHATI INTL / LOKPRIYA GOPINATH BORDOLOI INTL,26.1,91.583,18.2,1013.1,98.13
2010-11-24T21:00:00,42410099999,GUWAHATI INTL / LOKPRIYA GOPINATH BORDOLOI INTL,26.1,91.583,17.0,1013.6,100.0
2010-11-25T00:00:00,42410099999,GUWAHATI INTL / LOKPRIYA GOPINATH BORDOLOI INTL,26.1,91.583,16.4,1013.1,98.11
2010-11-25T03:00:00,42410099999,GUWAHATI INTL / LOKPRIYA GOPINATH BORDOLOI INTL,26.1,91.583,21.0,1015.5,88.91
2010-11-25T06:00:00,42410099999,GUWAHATI INTL / LOKPRIYA GOPINATH BORDOLOI INTL,26.1,91.583,26.2,1013.2,66.63
2010-11-25T09:00:00,42410099999,GUWAHATI INTL / LOKPRIYA GOPINATH BORDOLOI INTL,26.1,91.583,27.3,1010.1,55.45
2010-11-25T12:00:00,42410099999,GUWAHATI INTL / LOKPRIYA GOPINATH BORDOLOI INTL,26.1,91.583,21.5,1010.7,85.69
2010-11-25T15:00:00,42410099999,GUWAHATI INTL / LOKPRIYA GOPINATH BORDOLOI INTL,26.1,91.583,18.9,1011.6,98.76
2010-11-25T18:00:00,42410099999,GUWAHATI INTL / LOKPRIYA GOPINATH BORDOLOI INTL,26.1,91.583,18.0,1010.9,100.0
2010-11-25T21:00:00,42410099999,GUWAHATI INTL / LOKPRIYA GOPINATH BORDOLOI INTL,26.1,91.583,17.2,1010.3,100.0
2010-11-26T00:00:00,42410099999,GUWAHATI INTL / LOKPRIYA GOPINATH BORDOLOI INTL,26.1,91.583,16.4,1010.6,98.11
2010-11-26T03:00:00,42410099999,GUWAHATI INTL / LOKPRIYA GOPINATH BORDOLOI INTL,26.1,91.583,21.4,1013.2,82.0
2010-11-26T06:00:00,42410099999,GUWAHATI INTL / LOKPRIYA GOPINATH BORDOLOI INTL,26.1,91.583,27.2,1011.0,62.04
2010-11-26T09:00:00,42410099999,GUWAHATI INTL / LOKPRIYA GOPINATH BORDOLOI INTL,26.1,91.583,28.2,1008.2,50.65
2010-11-26T12:00:00,42410099999,GUWAHATI INTL / LOKPRIYA GOPINATH BORDOLOI INTL,26.1,91.583,21.6,1009.3,88.4
2010-11-26T15:00:00,42410099999,GUWAHATI INTL / LOKPRIYA GOPINATH BORDOLOI INTL,26.1,91.583,19.5,1010.7,93.95
2010-11-26T18:00:00,42410099999,GUWAHATI INTL / LOKPRIYA GOPINATH BORDOLOI INTL,26.1,91.583,18.6,1010.5,99.38
2010-11-26T21:00:00,42410099999,GUWAHATI INTL / LOKPRIYA GOPINATH BORDOLOI INTL,26.1,91.583,17.4,1009.6,100.0
2010-11-27T00:00:00,42410099999,GUWAHATI INTL / LOKPRIYA GOPINATH BORDOLOI INTL,26.1,91.583,16.8,1010.5,95.64
2010-11-27T03:00:00,42410099999,GUWAHATI INTL / LOKPRIYA GOPINATH BORDOLOI INTL,26.1,91.583,23.4,1012.7,79.74
2010-11-27T06:00:00,42410099999,GUWAHATI INTL / LOKPRIYA GOPINATH BORDOLOI INTL,26.1,91.583,26.7,1010.3,65.91
2010-11-27T09:00:00,42410099999,GUWAHATI INTL / LOKPRIYA GOPINATH BORDOLOI INTL,26.1,91.583,27.9,1008.0,51.87
2010-11-27T12:00:00,42410099999,GUWAHATI INTL / LOKPRIYA GOPINATH BORDOLOI INTL,26.1,91.583,21.8,1009.8,92.9
2010-11-27T15:00:00,42410099999,GUWAHATI INTL / LOKPRIYA GOPINATH BORDOLOI INTL,26.1,91.583,19.6,1011.6,96.94
2010-11-27T18:00:00,42410099999,GUWAHATI INTL / LOKPRIYA GOPINATH BORDOLOI INTL,26.1,91.583,19.4,1012.1,98.15
2010-11-27T21:00:00,42410099999,GUWAHATI INTL / LOKPRIYA GOPINATH BORDOLOI INTL,26.1,91.583,17.4,1012.4,98.12
2010-11-28T00:00:00,42410099999,GUWAHATI INTL / LOKPRIYA GOPINATH BORDOLOI INTL,26.1,91.583,17.2,1012.5,98.12
2010-11-28T03:00:00,42410099999,GUWAHATI INTL / LOKPRIYA GOPINATH BORDOLOI INTL,26.1,91.583,21.4,1014.8,88.39
2010-11-28T06:00:00,42410099999,GUWAHATI INTL / LOKPRIYA GOPINATH BORDOLOI INTL,26.1,91.583,25.3,1012.7,72.5
2010-11-28T09:00:00,42410099999,GUWAHATI INTL / LOKPRIYA GOPINATH BORDOLOI INTL,26.1,91.583,26.8,1009.9,65.12
2010-11-28T12:00:00,42410099999,GUWAHATI INTL / LOKPRIYA GOPINATH BORDOLOI INTL,26.1,91.583,22.7,1011.4,90.7
2010-11-28T15:00:00,42410099999,GUWAHATI INTL / LOKPRIYA GOPINATH BORDOLOI INTL,26.1,91.583,21.0,1012.6,94.6
2010-11-28T18:00:00,42410099999,GUWAHATI INTL / LOKPRIYA GOPINATH BORDOLOI INTL,26.1,91.583,20.0,1013.1,96.35
2010-11-28T21:00:00,42410099999,GUWAHATI INTL / LOKPRIYA GOPINATH BORDOLOI INTL,26.1,91.583,18.1,1013.4,97.51
2010-11-29T00:00:00,42410099999,GUWAHATI INTL / LOKPRIYA GOPINATH BORDOLOI INTL,26.1,91.583,18.0,1013.8,98.13
2010-11-29T03:00:00,42410099999,GUWAHATI INTL / LOKPRIYA GOPINATH BORDOLOI INTL,26.1,91.583,21.5,1014.3,91.75
2010-11-29T06:00:00,42410099999,GUWAHATI INTL / LOKPRIYA GOPINATH BORDOLOI INTL,26.1,91.583,26.6,1011.7,69.23
2010-11-29T09:00:00,42410099999,GUWAHATI INTL / LOKPRIYA GOPINATH BORDOLOI INTL,26.1,91.583,27.4,1009.5,68.54
2010-11-29T12:00:00,42410099999,GUWAHATI INTL / LOKPRIYA GOPINATH BORDOLOI INTL,26.1,91.583,22.4,1009.7,91.24
2010-11-29T15:00:00,42410099999,GUWAHATI INTL / LOKPRIYA GOPINATH BORDOLOI INTL,26.1,91.583,20.2,1011.6,98.16
2010-11-29T18:00:00,42410099999,GUWAHATI INTL / LOKPRIYA GOPINATH BORDOLOI INTL,26.1,91.583,18.6,1012.0,98.14
2010-11-29T21:00:00,42410099999,GUWAHATI INTL / LOKPRIYA GOPINATH BORDOLOI INTL,26.1,91.583,18.2,1012.5,98.13
2010-11-30T00:00:00,42410099999,GUWAHATI INTL / LOKPRIYA GOPINATH BORDOLOI INTL,26.1,91.583,16.2,1012.8,95.62
2010-11-30T03:00:00,42410099999,GUWAHATI INTL / LOKPRIYA GOPINATH BORDOLOI INTL,26.1,91.583,20.4,1013.8,77.83
2010-11-30T06:00:00,42410099999,GUWAHATI INTL / LOKPRIYA GOPINATH BORDOLOI INTL,26.1,91.583,26.6,1011.7,49.28
2010-11-30T09:00:00,42410099999,GUWAHATI INTL / LOKPRIYA GOPINATH BORDOLOI INTL,26.1,91.583,26.6,1009.1,51.87
2010-11-30T12:00:00,42410099999,GUWAHATI INTL / LOKPRIYA GOPINATH BORDOLOI INTL,26.1,91.583,22.0,1009.7,73.75
2010-11-30T15:00:00,42410099999,GUWAHATI INTL / LOKPRIYA GOPINATH BORDOLOI INTL,26.1,91.583,18.4,1010.9,92.14
2010-11-30T18:00:00,42410099999,GUWAHATI INTL / LOKPRIYA GOPINATH BORDOLOI INTL,26.1,91.583,17.8,1012.6,92.1
2010-11-30T21:00:00,42410099999,GUWAHATI INTL / LOKPRIYA GOPINATH BORDOLOI INTL,26.1,91.583,17.0,1013.1,95.65
2010-12-01T00:00:00,42410099999,GUWAHATI INTL / LOKPRIYA GOPINATH BORDOLOI INTL,26.1,91.583,14.4,1014.0,97.44
2010-12-01T03:00:00,42410099999,GUWAHATI INTL / LOKPRIYA GOPINATH BORDOLOI INTL,26.1,91.583,19.6,1015.2,79.21
2010-12-01T06:00:00,42410099999,GUWAHATI INTL / LOKPRIYA GOPINATH BORDOLOI INTL,26.1,91.583,24.0,1013.0,71.37
2010-12-01T09:00:00,42410099999,GUWAHATI INTL / LOKPRIYA GOPINATH BORDOLOI INTL,26.1,91.583,24.6,1010.7,69.28
2010-12-01T12:00:00,42410099999,GUWAHATI INTL / LOKPRIYA GOPINATH BORDOLOI INTL,26.1,91.583,21.6,1010.3,84.11
2010-12-01T15:00:00,42410099999,GUWAHATI INTL / LOKPRIYA GOPINATH BORDOLOI INTL,26.1,91.583,18.4,1012.9,92.14
2010-12-01T18:00:00,42410099999,GUWAHATI INTL / LOKPRIYA GOPINATH BORDOLOI INTL,26.1,91.583,17.0,1013.2,98.12
2010-12-01T21:00:00,42410099999,GUWAHATI INTL / LOKPRIYA GOPINATH BORDOLOI INTL,26.1,91.583,16.6,1013.8,98.11
2010-12-02T00:00:00,42410099999,GUWAHATI INTL / LOKPRIYA GOPINATH BORDOLOI INTL,26.1,91.583,16.2,1013.3,100.0
2010-12-02T03:00:00,42410099999,GUWAHATI INTL / LOKPRIYA GOPINATH BORDOLOI INTL,26.1,91.583,16.5,1016.3,100.0
2010-12-02T06:00:00,42410099999,GUWAHATI INTL / LOKPRIYA GOPINATH BORDOLOI INTL,26.1,91.583,23.6,1013.4,66.94
2010-12-02T09:00:00,42410099999,GUWAHATI INTL / LOKPRIYA GOPINATH BORDOLOI INTL,26.1,91.583,25.2,1010.1,62.38
2010-12-02T12:00:00,42410099999,GUWAHATI INTL / LOKPRIYA GOPINATH BORDOLOI INTL,26.1,91.583,20.8,1012.1,87.79
2010-12-02T15:00:00,42410099999,GUWAHATI INTL / LOKPRIYA GOPINATH BORDOLOI INTL,26.1,91.583,17.2,1014.1,100.0
2010-12-02T18:00:00,42410099999,GUWAHATI INTL / LOKPRIYA GOPINATH BORDOLOI INTL,26.1,91.583,17.0,1014.3,100.0
2010-12-02T21:00:00,42410099999,GUWAHATI INTL / LOKPRIYA GOPINATH BORDOLOI INTL,26.1,91.583,16.4,1014.7,100.0
2010-12-03T00:00:00,42410099999,GUWAHATI INTL / LOKPRIYA GOPINATH BORDOLOI INTL,26.1,91.583,13.0,1015.0,100.0
2010-12-03T03:00:00,42410099999,GUWAHATI INTL / LOKPRIYA GOPINATH BORDOLOI INTL,26.1,91.583,18.5,1016.7,80.6
2010-12-03T06:00:00,42410099999,GUWAHATI INTL / LOKPRIYA GOPINATH BORDOLOI INTL,26.1,91.583,24.6,1014.0,65.89
2010-12-03T09:00:00,42410099999,GUWAHATI INTL / LOKPRIYA GOPINATH BORDOLOI INTL,26.1,91.583,25.7,1010.8,59.79
2010-12-03T12:00:00,42410099999,GUWAHATI INTL / LOKPRIYA GOPINATH BORDOLOI INTL,26.1,91.583,20.8,1012.1,81.41
2010-12-03T15:00:00,42410099999,GUWAHATI INTL / LOKPRIYA GOPINATH BORDOLOI INTL,26.1,91.583,17.0,1014.3,100.0
2010-12-03T18:00:00,42410099999,GUWAHATI INTL / LOKPRIYA GOPINATH BORDOLOI INTL,26.1,91.583,16.0,1015.4,100.0
2010-12-03T21:00:00,42410099999,GUWAHATI INTL / LOKPRIYA GOPINATH BORDOLOI INTL,26.1,91.583,14.6,1015.3,100.0
2010-12-04T00:00:00,42410099999,GUWAHATI INTL / LOKPRIYA GOPINATH BORDOLOI INTL,26.1,91.583,13.6,1012.6,100.0
2010-12-04T03:00:00,42410099999,GUWAHATI INTL / LOKPRIYA GOPINATH BORDOLOI INTL,26.1,91.583,19.3,1015.3,87.66
2010-12-04T06:00:00,42410099999,GUWAHATI INTL / LOKPRIYA GOPINATH BORDOLOI INTL,26.1,91.583,25.2,1012.4,60.06
2010-12-04T09:00:00,42410099999,GUWAHATI INTL / LOKPRIYA GOPINATH BORDOLOI INTL,26.1,91.583,26.0,1009.7,54.08
2010-12-04T12:00:00,42410099999,GUWAHATI INTL / LOKPRIYA GOPINATH BORDOLOI INTL,26.1,91.583,21.8,1010.7,71.87
2010-12-04T15:00:00,42410099999,GUWAHATI INTL / LOKPRIYA GOPINATH BORDOLOI INTL,26.1,91.583,16.9,1012.9,98.74
2010-12-04T18:00:00,42410099999,GUWAHATI INTL / LOKPRIYA GOPINATH BORDOLOI INTL,26.1,91.583,15.4,1014.5,98.09
2010-12-04T21:00:00,42410099999,GUWAHATI INTL / LOKPRIYA GOPINATH BORDOLOI INTL,26.1,91.583,14.4,1013.1,97.44
2010-12-05T00:00:00,42410099999,GUWAHATI INTL / LOKPRIYA GOPINATH BORDOLOI INTL,26.1,91.583,12.8,1012.3,100.0
2010-12-05T03:00:00,42410099999,GUWAHATI INTL / LOKPRIYA GOPINATH BORDOLOI INTL,26.1,91.583,18.2,1014.8,86.45
2010-12-05T06:00:00,42410099999,GUWAHATI INTL / LOKPRIYA GOPINATH BORDOLOI INTL,26.1,91.583,25.1,1012.3,58.53
2010-12-05T09:00:00,42410099999,GUWAHATI INTL / LOKPRIYA GOPINATH BORDOLOI INTL,26.1,91.583,25.9,1009.7,52.69
2010-12-05T12:00:00,42410099999,GUWAHATI INTL / LOKPRIYA GOPINATH BORDOLOI INTL,26.1,91.583,20.0,1010.7,75.8
2010-12-05T15:00:00,42410099999,GUWAHATI INTL / LOKPRIYA GOPINATH BORDOLOI INTL,26.1,91.583,17.6,1012.4,89.77
2010-12-05T18:00:00,42410099999,GUWAHATI INTL / LOKPRIYA GOPINATH BORDOLOI INTL,26.1,91.583,16.2,1013.7,98.1
2010-12-05T21:00:00,42410099999,GUWAHATI INTL / LOKPRIYA GOPINATH BORDOLOI INTL,26.1,91.583,14.8,1013.2,98.08
2010-12-06T00:00:00,42410099999,GUWAHATI INTL / LOKPRIYA GOPINATH BORDOLOI INTL,26.1,91.583,17.6,1012.8,88.07
2010-12-06T03:00:00,42410099999,GUWAHATI INTL / LOKPRIYA GOPINATH BORDOLOI INTL,26.1,91.583,18.8,1015.1,91.0
2010-12-06T06:00:00,42410099999,GUWAHATI INTL / LOKPRIYA GOPINATH BORDOLOI INTL,26.1,91.583,22.3,1013.6,76.65
2010-12-06T09:00:00,42410099999,GUWAHATI INTL / LOKPRIYA GOPINATH BORDOLOI INTL,26.1,91.583,23.7,1011.7,71.31
2010-12-06T12:00:00,42410099999,GUWAHATI INTL / LOKPRIYA GOPINATH BORDOLOI INTL,26.1,91.583,21.1,1012.9,74.54
2010-12-06T15:00:00,42410099999,GUWAHATI INTL / LOKPRIYA GOPINATH BORDOLOI INTL,26.1,91.583,18.8,1015.3,98.14
2010-12-06T18:00:00,42410099999,GUWAHATI INTL / LOKPRIYA GOPINATH BORDOLOI INTL,26.1,91.583,17.2,1015.7,98.12
2010-12-06T21:00:00,42410099999,GUWAHATI INTL / LOKPRIYA GOPINATH BORDOLOI INTL,26.1,91.583,16.0,1015.7,100.0
2010-12-07T00:00:00,42410099999,GUWAHATI INTL / LOKPRIYA GOPINATH BORDOLOI INTL,26.1,91.583,17.4,1012.9,98.12
2010-12-07T03:00:00,42410099999,GUWAHATI INTL / LOKPRIYA GOPINATH BORDOLOI INTL,26.1,91.583,19.4,1015.0,91.62
2010-12-07T06:00:00,42410099999,GUWAHATI INTL / LOKPRIYA GOPINATH BORDOLOI INTL,26.1,91.583,22.8,1013.4,73.43
2010-12-07T09:00:00,42410099999,GUWAHATI INTL / LOKPRIYA GOPINATH BORDOLOI INTL,26.1,91.583,23.3,1011.0,73.51
2010-12-07T12:00:00,42410099999,GUWAHATI INTL / LOKPRIYA GOPINATH BORDOLOI INTL,26.1,91.583,21.5,1011.4,86.22
2010-12-07T15:00:00,42410099999,GUWAHATI INTL / LOKPRIYA GOPINATH BORDOLOI INTL,26.1,91.583,20.9,1012.6,92.86
2010-12-07T18:00:00,42410099999,GUWAHATI INTL / LOKPRIYA GOPINATH BORDOLOI INTL,26.1,91.583,19.8,1012.1,96.34
2010-12-07T21:00:00,42410099999,GUWAHATI INTL / LOKPRIYA GOPINATH BORDOLOI INTL,26.1,91.583,17.8,1012.0,95.68
2010-12-08T00:00:00,42410099999,GUWAHATI INTL / LOKPRIYA GOPINATH BORDOLOI INTL,26.1,91.583,19.4,1011.5,96.33
2010-12-08T03:00:00,42410099999,GUWAHATI INTL / LOKPRIYA GOPINATH BORDOLOI INTL,26.1,91.583,20.9,1013.3,88.9
2010-12-08T06:00:00,42410099999,GUWAHATI INTL / LOKPRIYA GOPINATH BORDOLOI INTL,26.1,91.583,21.9,1012.0,83.62
2010-12-08T09:00:00,42410099999,GUWAHATI INTL / LOKPRIYA GOPINATH BORDOLOI INTL,26.1,91.583,22.8,1009.5,81.16
2010-12-08T12:00:00,42410099999,GUWAHATI INTL / LOKPRIYA GOPINATH BORDOLOI INTL,26.1,91.583,21.2,1010.2,81.98
2010-12-08T15:00:00,42410099999,GUWAHATI INTL / LOKPRIYA GOPINATH BORDOLOI INTL,26.1,91.583,20.2,1011.3,88.84
2010-12-08T18:00:00,42410099999,GUWAHATI INTL / LOKPRIYA GOPINATH BORDOLOI INTL,26.1,91.583,19.6,1011.4,92.21
2010-12-08T21:00:00,42410099999,GUWAHATI INTL / LOKPRIYA GOPINATH BORDOLOI INTL,26.1,91.583,19.2,1011.2,96.32
2010-12-09T00:00:00,42410099999,GUWAHATI INTL / LOKPRIYA GOPINATH BORDOLOI INTL,26.1,91.583,18.2,1009.3,100.0
2010-12-09T03:00:00,42410099999,GUWAHATI INTL / LOKPRIYA GOPINATH BORDOLOI INTL,26.1,91.583,19.6,1011.3,100.0
2010-12-09T06:00:00,42410099999,GUWAHATI INTL / LOKPRIYA GOPINATH BORDOLOI INTL,26.1,91.583,20.8,1009.5,96.96
2010-12-09T09:00:00,42410099999,GUWAHATI INTL / LOKPRIYA GOPINATH BORDOLOI INTL,26.1,91.583,21.6,1006.6,88.95
2010-12-09T12:00:00,42410099999,GUWAHATI INTL / LOKPRIYA GOPINATH BORDOLOI INTL,26.1,91.583,20.1,1007.5,90.52
2010-12-09T15:00:00,42410099999,GUWAHATI INTL / LOKPRIYA GOPINATH BORDOLOI INTL,26.1,91.583,20.2,1008.8,88.84
2010-12-09T18:00:00,42410099999,GUWAHATI INTL / LOKPRIYA GOPINATH BORDOLOI INTL,26.1,91.583,19.1,1009.1,93.35
2010-12-09T21:00:00,42410099999,GUWAHATI INTL / LOKPRIYA GOPINATH BORDOLOI INTL,26.1,91.583,18.2,1010.0,98.13
2010-12-10T00:00:00,42410099999,GUWAHATI INTL / LOKPRIYA GOPINATH BORDOLOI INTL,26.1,91.583,18.2,1008.0,93.89
2010-12-10T03:00:00,42410099999,GUWAHATI INTL / LOKPRIYA GOPINATH BORDOLOI INTL,26.1,91.583,20.0,1010.0,94.56
2010-12-10T06:00:00,42410099999,GUWAHATI INTL / LOKPRIYA GOPINATH BORDOLOI INTL,26.1,91.583,23.4,1007.3,80.73
2010-12-10T09:00:00,42410099999,GUWAHATI INTL / LOKPRIYA GOPINATH BORDOLOI INTL,26.1,91.583,24.9,1004.3,75.17
2010-12-10T12:00:00,42410099999,GUWAHATI INTL / LOKPRIYA GOPINATH BORDOLOI INTL,26.1,91.583,21.4,1005.0,92.31
2010-12-10T15:00:00,42410099999,GUWAHATI INTL / LOKPRIYA GOPINATH BORDOLOI INTL,26.1,91.583,19.9,1007.1,98.77
2010-12-10T18:00:00,42410099999,GUWAHATI INTL / LOKPRIYA GOPINATH BORDOLOI INTL,26.1,91.583,18.6,1007.1,98.14
2010-12-10T21:00:00,42410099999,GUWAHATI INTL / LOKPRIYA GOPINATH BORDOLOI INTL,26.1,91.583,18.0,1007.0,98.13
2010-12-11T00:00:00,42410099999,GUWAHATI INTL / LOKPRIYA GOPINATH BORDOLOI INTL,26.1,91.583,16.4,1006.1,100.0
2010-12-11T03:00:00,42410099999,GUWAHATI INTL / LOKPRIYA GOPINATH BORDOLOI INTL,26.1,91.583,18.1,1007.5,100.0
2010-12-11T06:00:00,42410099999,GUWAHATI INTL / LOKPRIYA GOPINATH BORDOLOI INTL,26.1,91.583,20.3,1005.2,95.76
2010-12-11T09:00:00,42410099999,GUWAHATI INTL / LOKPRIYA GOPINATH BORDOLOI INTL,26.1,91.583,23.8,1002.2,76.88
2010-12-11T12:00:00,42410099999,GUWAHATI INTL / LOKPRIYA GOPINATH BORDOLOI INTL,26.1,91.583,20.7,1002.4,95.77
2010-12-11T15:00:00,42410099999,GUWAHATI INTL / LOKPRIYA GOPINATH BORDOLOI INTL,26.1,91.583,18.6,1003.8,98.14
2010-12-11T18:00:00,42410099999,GUWAHATI INTL / LOKPRIYA GOPINATH BORDOLOI INTL,26.1,91.583,18.0,1003.4,98.13
2010-12-11T21:00:00,42410099999,GUWAHATI INTL / LOKPRIYA GOPINATH BORDOLOI INTL,26.1,91.583,17.6,1002.9,98.12
2010-12-12T00:00:00,42410099999,GUWAHATI INTL / LOKPRIYA GOPINATH BORDOLOI INTL,26.1,91.583,16.0,1004.7,87.36
2010-12-12T03:00:00,42410099999,GUWAHATI INTL / LOKPRIYA GOPINATH BORDOLOI INTL,26.1,91.583,19.2,1007.2,73.74
2010-12-12T06:00:00,42410099999,GUWAHATI INTL / LOKPRIYA GOPINATH BORDOLOI INTL,26.1,91.583,24.0,1005.8,48.27
2010-12-12T09:00:00,42410099999,GUWAHATI INTL / LOKPRIYA GOPINATH BORDOLOI INTL,26.1,91.583,25.3,1004.0,33.28
2010-12-12T12:00:00,42410099999,GUWAHATI INTL / LOKPRIYA GOPINATH BORDOLOI INTL,26.1,91.583,19.0,1006.0,63.43
2010-12-12T15:00:00,42410099999,GUWAHATI INTL / LOKPRIYA GOPINATH BORDOLOI INTL,26.1,91.583,15.4,1009.0,83.95
2010-12-12T18:00:00,42410099999,GUWAHATI INTL / LOKPRIYA GOPINATH BORDOLOI INTL,26.1,91.583,14.2,1009.5,90.69
2010-12-12T21:00:00,42410099999,GUWAHATI INTL / LOKPRIYA GOPINATH BORDOLOI INTL,26.1,91.583,13.6,1008.7,95.54
2010-12-13T00:00:00,42410099999,GUWAHATI INTL / LOKPRIYA GOPINATH BORDOLOI INTL,26.1,91.583,12.2,1011.5,97.4
2010-12-13T03:00:00,42410099999,GUWAHATI INTL / LOKPRIYA GOPINATH BORDOLOI INTL,26.1,91.583,16.6,1014.4,83.0
2010-12-13T06:00:00,42410099999,GUWAHATI INTL / LOKPRIYA GOPINATH BORDOLOI INTL,26.1,91.583,21.7,1012.1,58.85
2010-12-13T09:00:00,42410099999,GUWAHATI INTL / LOKPRIYA GOPINATH BORDOLOI INTL,26.1,91.583,23.7,1009.5,53.85
2010-12-13T12:00:00,42410099999,GUWAHATI INTL / LOKPRIYA GOPINATH BORDOLOI INTL,26.1,91.583,17.8,1010.5,90.94
2010-12-13T15:00:00,42410099999,GUWAHATI INTL / LOKPRIYA GOPINATH BORDOLOI INTL,26.1,91.583,15.2,1011.5,89.01
2010-12-13T18:00:00,42410099999,GUWAHATI INTL / LOKPRIYA GOPINATH BORDOLOI INTL,26.1,91.583,14.4,1011.9,97.44
2010-12-13T21:00:00,42410099999,GUWAHATI INTL / LOKPRIYA GOPINATH BORDOLOI INTL,26.1,91.583,13.6,1010.4,97.43
2010-12-14T00:00:00,42410099999,GUWAHATI INTL / LOKPRIYA GOPINATH BORDOLOI INTL,26.1,91.583,12.4,1011.9,100.0
2010-12-14T03:00:00,42410099999,GUWAHATI INTL / LOKPRIYA GOPINATH BORDOLOI INTL,26.1,91.583,16.6,1014.1,92.03
2010-12-14T06:00:00,42410099999,GUWAHATI INTL / LOKPRIYA GOPINATH BORDOLOI INTL,26.1,91.583,22.1,1011.9,62.08
2010-12-14T09:00:00,42410099999,GUWAHATI INTL / LOKPRIYA GOPINATH BORDOLOI INTL,26.1,91.583,23.1,1009.0,59.18
2010-12-14T12:00:00,42410099999,GUWAHATI INTL / LOKPRIYA GOPINATH BORDOLOI INTL,26.1,91.583,18.2,1009.5,89.25
2010-12-14T15:00:00,42410099999,GUWAHATI INTL / LOKPRIYA GOPINATH BORDOLOI INTL,26.1,91.583,16.0,1012.3,98.1
2010-12-14T18:00:00,42410099999,GUWAHATI INTL / LOKPRIYA GOPINATH BORDOLOI INTL,26.1,91.583,14.6,1013.3,98.08
2010-12-14T21:00:00,42410099999,GUWAHATI INTL / LOKPRIYA GOPINATH BORDOLOI INTL,26.1,91.583,14.2,1012.1,97.44
2010-12-15T00:00:00,42410099999,GUWAHATI INTL / LOKPRIYA GOPINATH BORDOLOI INTL,26.1,91.583,12.2,1012.3,97.4
2010-12-15T03:00:00,42410099999,GUWAHATI INTL / LOKPRIYA GOPINATH BORDOLOI INTL,26.1,91.583,16.0,1016.1,84.56
2010-12-15T06:00:00,42410099999,GUWAHATI INTL / LOKPRIYA GOPINATH BORDOLOI INTL,26.1,91.583,21.4,1014.2,55.41
2010-12-15T09:00:00,42410099999,GUWAHATI INTL / LOKPRIYA GOPINATH BORDOLOI INTL,26.1,91.583,23.0,1010.9,53.67
2010-12-15T12:00:00,42410099999,GUWAHATI INTL / LOKPRIYA GOPINATH BORDOLOI INTL,26.1,91.583,17.6,1012.0,92.09
2010-12-15T15:00:00,42410099999,GUWAHATI INTL / LOKPRIYA GOPINATH BORDOLOI INTL,26.1,91.583,15.2,1014.3,96.83
2010-12-15T18:00:00,42410099999,GUWAHATI INTL / LOKPRIYA GOPINATH BORDOLOI INTL,26.1,91.583,13.6,1014.2,97.43
2010-12-15T21:00:00,42410099999,GUWAHATI INTL / LOKPRIYA GOPINATH BORDOLOI INTL,26.1,91.583,13.0,1013.6,97.42
2010-12-16T00:00:00,42410099999,GUWAHATI INTL / LOKPRIYA GOPINATH BORDOLOI INTL,26.1,91.583,11.8,1012.8,100.0
2010-12-16T03:00:00,42410099999,GUWAHATI INTL / LOKPRIYA GOPINATH BORDOLOI INTL,26.1,91.583,14.9,1015.5,100.0
2010-12-16T06:00:00,42410099999,GUWAHATI INTL / LOKPRIYA GOPINATH BORDOLOI INTL,26.1,91.583,21.6,1012.9,75.1
2010-12-16T09:00:00,42410099999,GUWAHATI INTL / LOKPRIYA GOPINATH BORDOLOI INTL,26.1,91.583,23.9,1010.1,63.28
2010-12-16T12:00:00,42410099999,GUWAHATI INTL / LOKPRIYA GOPINATH BORDOLOI INTL,26.1,91.583,19.3,1011.2,82.26
2010-12-16T15:00:00,42410099999,GUWAHATI INTL / LOKPRIYA GOPINATH BORDOLOI INTL,26.1,91.583,16.9,1012.7,97.49
2010-12-16T18:00:00,42410099999,GUWAHATI INTL / LOKPRIYA GOPINATH BORDOLOI INTL,26.1,91.583,14.8,1013.7,98.08
2010-12-16T21:00:00,42410099999,GUWAHATI INTL / LOKPRIYA GOPINATH BORDOLOI INTL,26.1,91.583,13.4,1012.7,97.42
2010-12-17T00:00:00,42410099999,GUWAHATI INTL / LOKPRIYA GOPINATH BORDOLOI INTL,26.1,91.583,12.4,1012.3,97.4
2010-12-17T03:00:00,42410099999,GUWAHATI INTL / LOKPRIYA GOPINATH BORDOLOI INTL,26.1,91.583,15.0,1015.4,100.0
2010-12-17T06:00:00,42410099999,GUWAHATI INTL / LOKPRIYA GOPINATH BORDOLOI INTL,26.1,91.583,22.3,1013.1,73.81
2010-12-17T12:00:00,42410099999,GUWAHATI INTL / LOKPRIYA GOPINATH BORDOLOI INTL,26.1,91.583,18.2,1010.9,94.49
2010-12-17T15:00:00,42410099999,GUWAHATI INTL / LOKPRIYA GOPINATH BORDOLOI INTL,26.1,91.583,16.6,1012.2,99.37
2010-12-17T18:00:00,42410099999,GUWAHATI INTL / LOKPRIYA GOPINATH BORDOLOI INTL,26.1,91.583,14.4,1012.1,97.44
2010-12-17T21:00:00,42410099999,GUWAHATI INTL / LOKPRIYA GOPINATH BORDOLOI INTL,26.1,91.583,13.2,1012.0,97.42
2010-12-18T00:00:00,42410099999,GUWAHATI INTL / LOKPRIYA GOPINATH BORDOLOI INTL,26.1,91.583,12.8,1012.9,97.41
2010-12-18T03:00:00,42410099999,GUWAHATI INTL / LOKPRIYA GOPINATH BORDOLOI INTL,26.1,91.583,16.2,1015.4,95.01
2010-12-18T06:00:00,42410099999,GUWAHATI INTL / LOKPRIYA GOPINATH BORDOLOI INTL,26.1,91.583,22.4,1013.0,70.62
2010-12-18T09:00:00,42410099999,GUWAHATI INTL / LOKPRIYA GOPINATH BORDOLOI INTL,26.1,91.583,24.1,1010.5,62.53
2010-12-18T12:00:00,42410099999,GUWAHATI INTL / LOKPRIYA GOPINATH BORDOLOI INTL,26.1,91.583,18.9,1011.6,88.18
2010-12-18T15:00:00,42410099999,GUWAHATI INTL / LOKPRIYA GOPINATH BORDOLOI INTL,26.1,91.583,17.1,1013.6,96.26
2010-12-18T18:00:00,42410099999,GUWAHATI INTL / LOKPRIYA GOPINATH BORDOLOI INTL,26.1,91.583,15.0,1013.6,97.46
2010-12-18T21:00:00,42410099999,GUWAHATI INTL / LOKPRIYA GOPINATH BORDOLOI INTL,26.1,91.583,14.4,1014.1,100.0
2010-12-19T00:00:00,42410099999,GUWAHATI INTL / LOKPRIYA GOPINATH BORDOLOI INTL,26.1,91.583,13.4,1016.1,97.42
2010-12-19T03:00:00,42410099999,GUWAHATI INTL / LOKPRIYA GOPINATH BORDOLOI INTL,26.1,91.583,17.8,1018.0,94.47
2010-12-19T06:00:00,42410099999,GUWAHATI INTL / LOKPRIYA GOPINATH BORDOLOI INTL,26.1,91.583,22.6,1015.9,64.22
2010-12-19T09:00:00,42410099999,GUWAHATI INTL / LOKPRIYA GOPINATH BORDOLOI INTL,26.1,91.583,24.4,1013.0,60.25
2010-12-19T12:00:00,42410099999,GUWAHATI INTL / LOKPRIYA GOPINATH BORDOLOI INTL,26.1,91.583,18.7,1013.2,93.33
2010-12-19T15:00:00,42410099999,GUWAHATI INTL / LOKPRIYA GOPINATH BORDOLOI INTL,26.1,91.583,16.9,1014.8,97.49
2010-12-19T18:00:00,42410099999,GUWAHATI INTL / LOKPRIYA GOPINATH BORDOLOI INTL,26.1,91.583,15.8,1015.5,98.1
2010-12-19T21:00:00,42410099999,GUWAHATI INTL / LOKPRIYA GOPINATH BORDOLOI INTL,26.1,91.583,15.0,1016.1,97.46
2010-12-20T00:00:00,42410099999,GUWAHATI INTL / LOKPRIYA GOPINATH BORDOLOI INTL,26.1,91.583,13.9,1015.9,100.0
2010-12-20T03:00:00,42410099999,GUWAHATI INTL / LOKPRIYA GOPINATH BORDOLOI INTL,26.1,91.583,17.8,1019.4,83.68
2010-12-20T06:00:00,42410099999,GUWAHATI INTL / LOKPRIYA GOPINATH BORDOLOI INTL,26.1,91.583,23.6,1016.9,60.45
2010-12-20T09:00:00,42410099999,GUWAHATI INTL / LOKPRIYA GOPINATH BORDOLOI INTL,26.1,91.583,25.0,1013.2,44.57
2010-12-20T12:00:00,42410099999,GUWAHATI INTL / LOKPRIYA GOPINATH BORDOLOI INTL,26.1,91.583,18.1,1014.1,80.54
2010-12-20T15:00:00,42410099999,GUWAHATI INTL / LOKPRIYA GOPINATH BORDOLOI INTL,26.1,91.583,15.6,1015.2,92.57
2010-12-20T18:00:00,42410099999,GUWAHATI INTL / LOKPRIYA GOPINATH BORDOLOI INTL,26.1,91.583,13.6,1015.2,93.07
2010-12-20T21:00:00,42410099999,GUWAHATI INTL / LOKPRIYA GOPINATH BORDOLOI INTL,26.1,91.583,12.6,1014.8,95.5
2010-12-21T00:00:00,42410099999,GUWAHATI INTL / LOKPRIYA GOPINATH BORDOLOI INTL,26.1,91.583,11.4,1013.5,94.83
2010-12-21T03:00:00,42410099999,GUWAHATI INTL / LOKPRIYA GOPINATH BORDOLOI INTL,26.1,91.583,15.2,1015.9,100.0
2010-12-21T06:00:00,42410099999,GUWAHATI INTL / LOKPRIYA GOPINATH BORDOLOI INTL,26.1,91.583,22.0,1013.4,63.27
2010-12-21T09:00:00,42410099999,GUWAHATI INTL / LOKPRIYA GOPINATH BORDOLOI INTL,26.1,91.583,23.9,1009.9,50.17
2010-12-21T12:00:00,42410099999,GUWAHATI INTL / LOKPRIYA GOPINATH BORDOLOI INTL,26.1,91.583,18.1,1010.1,83.18
2010-12-21T15:00:00,42410099999,GUWAHATI INTL / LOKPRIYA GOPINATH BORDOLOI INTL,26.1,91.583,17.0,1011.5,79.87
2010-12-21T18:00:00,42410099999,GUWAHATI INTL / LOKPRIYA GOPINATH BORDOLOI INTL,26.1,91.583,14.8,1011.9,98.08
2010-12-21T21:00:00,42410099999,GUWAHATI INTL / LOKPRIYA GOPINATH BORDOLOI INTL,26.1,91.583,13.2,1011.7,100.0
2010-12-22T00:00:00,42410099999,GUWAHATI INTL / LOKPRIYA GOPINATH BORDOLOI INTL,26.1,91.583,11.8,1010.1,97.39
2010-12-22T03:00:00,42410099999,GUWAHATI INTL / LOKPRIYA GOPINATH BORDOLOI INTL,26.1,91.583,16.3,1012.3,96.86
2010-12-22T06:00:00,42410099999,GUWAHATI INTL / LOKPRIYA GOPINATH BORDOLOI INTL,26.1,91.583,21.6,1010.3,66.95
2010-12-22T09:00:00,42410099999,GUWAHATI INTL / LOKPRIYA GOPINATH BORDOLOI INTL,26.1,91.583,24.1,1007.5,54.65
2010-12-22T12:00:00,42410099999,GUWAHATI INTL / LOKPRIYA GOPINATH BORDOLOI INTL,26.1,91.583,18.6,1008.2,88.71
2010-12-22T15:00:00,42410099999,GUWAHATI INTL / LOKPRIYA GOPINATH BORDOLOI INTL,26.1,91.583,16.0,1010.3,95.62
2010-12-22T18:00:00,42410099999,GUWAHATI INTL / LOKPRIYA GOPINATH BORDOLOI INTL,26.1,91.583,14.0,1010.8,97.44
2010-12-22T21:00:00,42410099999,GUWAHATI INTL / LOKPRIYA GOPINATH BORDOLOI INTL,26.1,91.583,13.0,1010.9,100.0
2010-12-23T00:00:00,42410099999,GUWAHATI INTL / LOKPRIYA GOPINATH BORDOLOI INTL,26.1,91.583,14.0,1012.1,100.0
2010-12-23T03:00:00,42410099999,GUWAHATI INTL / LOKPRIYA GOPINATH BORDOLOI INTL,26.1,91.583,18.1,1014.3,88.67
2010-12-23T06:00:00,42410099999,GUWAHATI INTL / LOKPRIYA GOPINATH BORDOLOI INTL,26.1,91.583,22.7,1012.4,60.24
2010-12-23T09:00:00,42410099999,GUWAHATI INTL / LOKPRIYA GOPINATH BORDOLOI INTL,26.1,91.583,23.4,1009.7,51.04
2010-12-23T12:00:00,42410099999,GUWAHATI INTL / LOKPRIYA GOPINATH BORDOLOI INTL,26.1,91.583,17.7,1010.3,89.21
2010-12-23T15:00:00,42410099999,GUWAHATI INTL / LOKPRIYA GOPINATH BORDOLOI INTL,26.1,91.583,16.0,1012.0,90.82
2010-12-23T18:00:00,42410099999,GUWAHATI INTL / LOKPRIYA GOPINATH BORDOLOI INTL,26.1,91.583,15.0,1013.0,95.58
2010-12-23T21:00:00,42410099999,GUWAHATI INTL / LOKPRIYA GOPINATH BORDOLOI INTL,26.1,91.583,14.2,1012.6,97.44
2010-12-24T00:00:00,42410099999,GUWAHATI INTL / LOKPRIYA GOPINATH BORDOLOI INTL,26.1,91.583,12.8,1012.8,100.0
2010-12-24T03:00:00,42410099999,GUWAHATI INTL / LOKPRIYA GOPINATH BORDOLOI INTL,26.1,91.583,16.3,1014.9,95.63
2010-12-24T06:00:00,42410099999,GUWAHATI INTL / LOKPRIYA GOPINATH BORDOLOI INTL,26.1,91.583,22.1,1013.2,63.29
2010-12-24T09:00:00,42410099999,GUWAHATI INTL / LOKPRIYA GOPINATH BORDOLOI INTL,26.1,91.583,22.9,1010.2,56.51
2010-12-24T12:00:00,42410099999,GUWAHATI INTL / LOKPRIYA GOPINATH BORDOLOI INTL,26.1,91.583,17.5,1010.9,89.76
2010-12-24T15:00:00,42410099999,GUWAHATI INTL / LOKPRIYA GOPINATH BORDOLOI INTL,26.1,91.583,15.9,1012.4,97.47
2010-12-24T18:00:00,42410099999,GUWAHATI INTL / LOKPRIYA GOPINATH BORDOLOI INTL,26.1,91.583,14.2,1012.5,95.56
2010-12-24T21:00:00,42410099999,GUWAHATI INTL / LOKPRIYA GOPINATH BORDOLOI INTL,26.1,91.583,13.2,1012.0,97.42
2010-12-25T00:00:00,42410099999,GUWAHATI INTL / LOKPRIYA GOPINATH BORDOLOI INTL,26.1,91.583,12.0,1012.8,97.4
2010-12-25T03:00:00,42410099999,GUWAHATI INTL / LOKPRIYA GOPINATH BORDOLOI INTL,26.1,91.583,15.6,1015.5,96.84
2010-12-25T06:00:00,42410099999,GUWAHATI INTL / LOKPRIYA GOPINATH BORDOLOI INTL,26.1,91.583,22.2,1013.0,62.5
2010-12-25T09:00:00,42410099999,GUWAHATI INTL / LOKPRIYA GOPINATH BORDOLOI INTL,26.1,91.583,23.6,1010.3,58.54
2010-12-25T12:00:00,42410099999,GUWAHATI INTL / LOKPRIYA GOPINATH BORDOLOI INTL,26.1,91.583,17.7,1011.3,93.28
2010-12-25T15:00:00,42410099999,GUWAHATI INTL / LOKPRIYA GOPINATH BORDOLOI INTL,26.1,91.583,15.9,1013.2,96.23
2010-12-25T18:00:00,42410099999,GUWAHATI INTL / LOKPRIYA GOPINATH BORDOLOI INTL,26.1,91.583,14.6,1013.7,98.08
2010-12-25T21:00:00,42410099999,GUWAHATI INTL / LOKPRIYA GOPINATH BORDOLOI INTL,26.1,91.583,13.2,1013.3,97.42
2010-12-26T00:00:00,42410099999,GUWAHATI INTL / LOKPRIYA GOPINATH BORDOLOI INTL,26.1,91.583,13.0,1013.1,93.04
2010-12-26T03:00:00,42410099999,GUWAHATI INTL / LOKPRIYA GOPINATH BORDOLOI INTL,26.1,91.583,16.6,1016.0,93.22
2010-12-26T06:00:00,42410099999,GUWAHATI INTL / LOKPRIYA GOPINATH BORDOLOI INTL,26.1,91.583,22.5,1013.6,64.2
2010-12-26T09:00:00,42410099999,GUWAHATI INTL / LOKPRIYA GOPINATH BORDOLOI INTL,26.1,91.583,24.0,1010.7,51.86
2010-12-26T12:00:00,42410099999,GUWAHATI INTL / LOKPRIYA GOPINATH BORDOLOI INTL,26.1,91.583,17.0,1011.9,88.01
2010-12-26T15:00:00,42410099999,GUWAHATI INTL / LOKPRIYA GOPINATH BORDOLOI INTL,26.1,91.583,14.8,1014.2,94.35
2010-12-26T18:00:00,42410099999,GUWAHATI INTL / LOKPRIYA GOPINATH BORDOLOI INTL,26.1,91.583,13.4,1014.6,95.53
2010-12-26T21:00:00,42410099999,GUWAHATI INTL / LOKPRIYA GOPINATH BORDOLOI INTL,26.1,91.583,12.8,1014.3,97.41
2010-12-27T00:00:00,42410099999,GUWAHATI INTL / LOKPRIYA GOPINATH BORDOLOI INTL,26.1,91.583,11.6,1014.0,97.39
2010-12-27T03:00:00,42410099999,GUWAHATI INTL / LOKPRIYA GOPINATH BORDOLOI INTL,26.1,91.583,16.5,1016.1,92.03
2010-12-27T06:00:00,42410099999,GUWAHATI INTL / LOKPRIYA GOPINATH BORDOLOI INTL,26.1,91.583,22.3,1013.6,62.93
2010-12-27T09:00:00,42410099999,GUWAHATI INTL / LOKPRIYA GOPINATH BORDOLOI INTL,26.1,91.583,24.0,1010.6,43.14
2010-12-27T12:00:00,42410099999,GUWAHATI INTL / LOKPRIYA GOPINATH BORDOLOI INTL,26.1,91.583,19.5,1011.9,84.94
2010-12-27T15:00:00,42410099999,GUWAHATI INTL / LOKPRIYA GOPINATH BORDOLOI INTL,26.1,91.583,16.3,1014.2,98.11
2010-12-27T18:00:00,42410099999,GUWAHATI INTL / LOKPRIYA GOPINATH BORDOLOI INTL,26.1,91.583,14.6,1014.0,100.0
2010-12-27T21:00:00,42410099999,GUWAHATI INTL / LOKPRIYA GOPINATH BORDOLOI INTL,26.1,91.583,13.4,1013.7,100.0
2010-12-28T00:00:00,42410099999,GUWAHATI INTL / LOKPRIYA GOPINATH BORDOLOI INTL,26.1,91.583,12.2,1012.5,100.0
2010-12-28T03:00:00,42410099999,GUWAHATI INTL / LOKPRIYA GOPINATH BORDOLOI INTL,26.1,91.583,16.8,1016.3,96.26
2010-12-28T06:00:00,42410099999,GUWAHATI INTL / LOKPRIYA GOPINATH BORDOLOI INTL,26.1,91.583,22.2,1014.3,62.5
2010-12-28T09:00:00,42410099999,GUWAHATI INTL / LOKPRIYA GOPINATH BORDOLOI INTL,26.1,91.583,24.2,1011.5,52.25
2010-12-28T12:00:00,42410099999,GUWAHATI INTL / LOKPRIYA GOPINATH BORDOLOI INTL,26.1,91.583,20.1,1012.4,80.81
2010-12-28T15:00:00,42410099999,GUWAHATI INTL / LOKPRIYA GOPINATH BORDOLOI INTL,26.1,91.583,17.0,1014.4,91.47
2010-12-28T18:00:00,42410099999,GUWAHATI INTL / LOKPRIYA GOPINATH BORDOLOI INTL,26.1,91.583,14.4,1014.9,93.11
2010-12-28T21:00:00,42410099999,GUWAHATI INTL / LOKPRIYA GOPINATH BORDOLOI INTL,26.1,91.583,13.2,1014.5,97.42
2010-12-29T00:00:00,42410099999,GUWAHATI INTL / LOKPRIYA GOPINATH BORDOLOI INTL,26.1,91.583,12.2,1014.4,97.4
2010-12-29T03:00:00,42410099999,GUWAHATI INTL / LOKPRIYA GOPINATH BORDOLOI INTL,26.1,91.583,15.9,1016.5,100.0
2010-12-29T06:00:00,42410099999,GUWAHATI INTL / LOKPRIYA GOPINATH BORDOLOI INTL,26.1,91.583,22.9,1014.1,60.68
2010-12-29T09:00:00,42410099999,GUWAHATI INTL / LOKPRIYA GOPINATH BORDOLOI INTL,26.1,91.583,24.2,1011.2,51.58
2010-12-29T12:00:00,42410099999,GUWAHATI INTL / LOKPRIYA GOPINATH BORDOLOI INTL,26.1,91.583,19.2,1012.0,82.78
2010-12-29T15:00:00,42410099999,GUWAHATI INTL / LOKPRIYA GOPINATH BORDOLOI INTL,26.1,91.583,15.6,1014.6,98.1
2010-12-29T18:00:00,42410099999,GUWAHATI INTL / LOKPRIYA GOPINATH BORDOLOI INTL,26.1,91.583,14.4,1014.7,95.56
2010-12-29T21:00:00,42410099999,GUWAHATI INTL / LOKPRIYA GOPINATH BORDOLOI INTL,26.1,91.583,13.0,1014.3,100.0
2010-12-30T00:00:00,42410099999,GUWAHATI INTL / LOKPRIYA GOPINATH BORDOLOI INTL,26.1,91.583,12.0,,100.0
2010-12-30T03:00:00,42410099999,GUWAHATI INTL / LOKPRIYA GOPINATH BORDOLOI INTL,26.1,91.583,15.2,1016.2,100.0
2010-12-30T06:00:00,42410099999,GUWAHATI INTL / LOKPRIYA GOPINATH BORDOLOI INTL,26.1,91.583,22.0,1013.3,67.04
2010-12-30T09:00:00,42410099999,GUWAHATI INTL / LOKPRIYA GOPINATH BORDOLOI INTL,26.1,91.583,23.7,1009.7,57.45
2010-12-30T12:00:00,42410099999,GUWAHATI INTL / LOKPRIYA GOPINATH BORDOLOI INTL,26.1,91.583,18.4,1010.3,82.68
2010-12-30T15:00:00,42410099999,GUWAHATI INTL / LOKPRIYA GOPINATH BORDOLOI INTL,26.1,91.583,16.2,1012.2,98.73
2010-12-30T18:00:00,42410099999,GUWAHATI INTL / LOKPRIYA GOPINATH BORDOLOI INTL,26.1,91.583,14.8,1011.8,100.0
2010-12-30T21:00:00,42410099999,GUWAHATI INTL / LOKPRIYA GOPINATH BORDOLOI INTL,26.1,91.583,14.0,1011.5,100.0
2010-12-31T00:00:00,42410099999,GUWAHATI INTL / LOKPRIYA GOPINATH BORDOLOI INTL,26.1,91.583,12.4,1011.9,100.0
2010-12-31T03:00:00,42410099999,GUWAHATI INTL / LOKPRIYA GOPINATH BORDOLOI INTL,26.1,91.583,16.0,1014.7,100.0
2010-12-31T06:00:00,42410099999,GUWAHATI INTL / LOKPRIYA GOPINATH BORDOLOI INTL,26.1,91.583,22.0,1012.1,67.9
2010-12-31T09:00:00,42410099999,GUWAHATI INTL / LOKPRIYA GOPINATH BORDOLOI INTL,26.1,91.583,24.0,1008.8,60.54
2010-12-31T12:00:00,42410099999,GUWAHATI INTL / LOKPRIYA GOPINATH BORDOLOI INTL,26.1,91.583,19.5,1008.8,89.35
2010-12-31T15:00:00,42410099999,GUWAHATI INTL / LOKPRIYA GOPINATH BORDOLOI INTL,26.1,91.583,17.0,1010.3,95.65
2010-12-31T18:00:00,42410099999,GUWAHATI INTL / LOKPRIYA GOPINATH BORDOLOI INTL,26.1,91.583,16.0,1010.7,100.0
2010-12-31T21:00:00,42410099999,GUWAHATI INTL / LOKPRIYA GOPINATH BORDOLOI INTL,26.1,91.583,14.8,1010.5,100.0
