timestamp,station_id,station_name,latitude,longitude,temperature,pressure,humidity
2006-01-01T00:00:00,42415099999,TEZPUR,26.617,92.783,12.4,1017.8,95.5
2006-01-01T03:00:00,42415099999,TEZPUR,26.617,92.783,15.6,1019.8,82.88
2006-01-01T06:00:00,42415099999,TEZPUR,26.617,92.783,22.6,1017.5,46.94
2006-01-01T09:00:00,42415099999,TEZPUR,26.617,92.783,24.6,1014.2,38.92
2006-01-01T12:00:00,42415099999,TEZPUR,26.617,92.783,20.0,1015.0,55.79
2006-01-01T18:00:00,42415099999,TEZPUR,26.617,92.783,15.0,1016.9,88.99
2006-01-01T21:00:00,42415099999,TEZPUR,26.617,92.783,13.6,1016.1,93.07
2006-01-02T00:00:00,42415099999,TEZPUR,26.617,92.783,12.2,1016.3,94.86
2006-01-02T03:00:00,42415099999,TEZPUR,26.617,92.783,15.6,1017.9,80.73
2006-01-02T06:00:00,42415099999,TEZPUR,26.617,92.783,23.0,1016.0,48.96
2006-01-02T09:00:00,42415099999,TEZPUR,26.617,92.783,24.6,1012.6,42.73
2006-01-02T12:00:00,42415099999,TEZPUR,26.617,92.783,20.0,1013.1,55.79
2006-01-02T18:00:00,42415099999,TEZPUR,26.617,92.783,14.8,1014.3,86.68
2006-01-03T00:00:00,42415099999,TEZPUR,26.617,92.783,11.8,1014.8,94.84
2006-01-03T03:00:00,42415099999,TEZPUR,26.617,92.783,15.4,1017.0,82.85
2006-01-03T06:00:00,42415099999,TEZPUR,26.617,92.783,22.0,1014.5,54.83
2006-01-03T09:00:00,42415099999,TEZPUR,26.617,92.783,24.2,1011.0,46.15
2006-01-03T12:00:00,42415099999,TEZPUR,26.617,92.783,19.4,1011.5,63.52
2006-01-03T15:00:00,42415099999,TEZPUR,26.617,92.783,16.0,1013.3,79.21
2006-01-03T18:00:00,42415099999,TEZPUR,26.617,92.783,14.4,1013.9,88.94
2006-01-04T00:00:00,42415099999,TEZPUR,26.617,92.783,12.0,1013.9,92.98
2006-01-04T03:00:00,42415099999,TEZPUR,26.617,92.783,15.0,1015.8,85.01
2006-01-04T06:00:00,42415099999,TEZPUR,26.617,92.783,22.2,1012.8,55.25
2006-01-04T09:00:00,42415099999,TEZPUR,26.617,92.783,23.6,1010.1,45.38
2006-01-04T12:00:00,42415099999,TEZPUR,26.617,92.783,19.0,1010.7,63.01
2006-01-04T15:00:00,42415099999,TEZPUR,26.617,92.783,15.0,1012.1,82.8
2006-01-04T18:00:00,42415099999,TEZPUR,26.617,92.783,14.2,1012.9,90.69
2006-01-05T00:00:00,42415099999,TEZPUR,26.617,92.783,12.0,1012.9,94.85
2006-01-05T03:00:00,42415099999,TEZPUR,26.617,92.783,15.6,1015.5,82.88
2006-01-05T06:00:00,42415099999,TEZPUR,26.617,92.783,21.8,1013.2,57.73
2006-01-05T12:00:00,42415099999,TEZPUR,26.617,92.783,19.4,1010.8,61.46
2006-01-05T15:00:00,42415099999,TEZPUR,26.617,92.783,15.6,1012.5,82.88
2006-01-05T18:00:00,42415099999,TEZPUR,26.617,92.783,14.2,1013.2,93.1
2006-01-06T00:00:00,42415099999,TEZPUR,26.617,92.783,12.0,1013.7,94.85
2006-01-06T03:00:00,42415099999,TEZPUR,26.617,92.783,15.2,1016.1,93.15
2006-01-06T06:00:00,42415099999,TEZPUR,26.617,92.783,22.8,1013.9,52.92
2006-01-06T09:00:00,42415099999,TEZPUR,26.617,92.783,24.4,1010.0,43.82
2006-01-06T12:00:00,42415099999,TEZPUR,26.617,92.783,19.6,1011.2,61.91
2006-01-06T18:00:00,42415099999,TEZPUR,26.617,92.783,14.8,1013.5,86.68
2006-01-07T00:00:00,42415099999,TEZPUR,26.617,92.783,12.4,1014.0,95.5
2006-01-07T03:00:00,42415099999,TEZPUR,26.617,92.783,14.0,1016.5,90.68
2006-01-07T06:00:00,42415099999,TEZPUR,26.617,92.783,22.4,1014.3,53.87
2006-01-07T09:00:00,42415099999,TEZPUR,26.617,92.783,24.8,1011.6,39.24
2006-01-07T12:00:00,42415099999,TEZPUR,26.617,92.783,19.6,1012.2,65.25
2006-01-07T15:00:00,42415099999,TEZPUR,26.617,92.783,17.2,1014.3,79.9
2006-01-07T18:00:00,42415099999,TEZPUR,26.617,92.783,14.2,1014.5,90.69
2006-01-07T21:00:00,42415099999,TEZPUR,26.617,92.783,12.6,1013.9,90.58
2006-01-08T00:00:00,42415099999,TEZPUR,26.617,92.783,11.4,1014.4,94.83
2006-01-08T03:00:00,42415099999,TEZPUR,26.617,92.783,15.8,1016.5,77.12
2006-01-08T06:00:00,42415099999,TEZPUR,26.617,92.783,21.6,1013.7,56.19
2006-01-08T09:00:00,42415099999,TEZPUR,26.617,92.783,24.0,1010.5,46.09
2006-01-08T12:00:00,42415099999,TEZPUR,26.617,92.783,19.4,1010.9,65.21
2006-01-08T15:00:00,42415099999,TEZPUR,26.617,92.783,16.2,1013.7,79.24
2006-01-08T21:00:00,42415099999,TEZPUR,26.617,92.783,13.2,1013.3,93.05
2006-01-09T00:00:00,42415099999,TEZPUR,26.617,92.783,12.2,1013.8,94.86
2006-01-09T03:00:00,42415099999,TEZPUR,26.617,92.783,13.4,1016.9,97.42
2006-01-09T06:00:00,42415099999,TEZPUR,26.617,92.783,17.6,1014.1,79.96
2006-01-09T09:00:00,42415099999,TEZPUR,26.617,92.783,23.2,1011.3,51.99
2006-01-09T12:00:00,42415099999,TEZPUR,26.617,92.783,19.4,1011.6,62.28
2006-01-09T15:00:00,42415099999,TEZPUR,26.617,92.783,15.2,1013.9,82.83
2006-01-09T18:00:00,42415099999,TEZPUR,26.617,92.783,13.6,1014.5,88.29
2006-01-09T21:00:00,42415099999,TEZPUR,26.617,92.783,13.0,1014.1,95.52
2006-01-10T00:00:00,42415099999,TEZPUR,26.617,92.783,,1015.0,
2006-01-10T03:00:00,42415099999,TEZPUR,26.617,92.783,13.4,1017.3,100.0
2006-01-10T06:00:00,42415099999,TEZPUR,26.617,92.783,15.0,1015.2,95.58
2006-01-10T09:00:00,42415099999,TEZPUR,26.617,92.783,19.0,1011.2,77.12
2006-01-10T12:00:00,42415099999,TEZPUR,26.617,92.783,17.4,1011.2,88.05
2006-01-10T15:00:00,42415099999,TEZPUR,26.617,92.783,14.6,1013.0,95.57
2006-01-11T00:00:00,42415099999,TEZPUR,26.617,92.783,14.0,1012.8,100.0
2006-01-11T03:00:00,42415099999,TEZPUR,26.617,92.783,14.4,1015.9,97.44
2006-01-11T06:00:00,42415099999,TEZPUR,26.617,92.783,15.2,1014.3,95.59
2006-01-11T09:00:00,42415099999,TEZPUR,26.617,92.783,16.4,1012.5,89.68
2006-01-11T12:00:00,42415099999,TEZPUR,26.617,92.783,15.2,1012.0,95.59
2006-01-11T15:00:00,42415099999,TEZPUR,26.617,92.783,15.2,1013.9,95.59
2006-01-11T18:00:00,42415099999,TEZPUR,26.617,92.783,15.0,1014.3,95.58
2006-01-11T21:00:00,42415099999,TEZPUR,26.617,92.783,14.4,1013.5,97.44
2006-01-12T00:00:00,42415099999,TEZPUR,26.617,92.783,13.8,1014.2,97.43
2006-01-12T03:00:00,42415099999,TEZPUR,26.617,92.783,14.4,1017.0,97.44
2006-01-12T06:00:00,42415099999,TEZPUR,26.617,92.783,15.2,1014.6,93.15
2006-01-12T09:00:00,42415099999,TEZPUR,26.617,92.783,17.0,1011.8,79.87
2006-01-12T12:00:00,42415099999,TEZPUR,26.617,92.783,15.4,1011.7,91.37
2006-01-12T15:00:00,42415099999,TEZPUR,26.617,92.783,14.0,1012.1,95.55
2006-01-12T21:00:00,42415099999,TEZPUR,26.617,92.783,13.2,1011.7,100.0
2006-01-13T00:00:00,42415099999,TEZPUR,26.617,92.783,13.2,1012.0,100.0
2006-01-13T03:00:00,42415099999,TEZPUR,26.617,92.783,14.0,1015.6,97.44
2006-01-13T06:00:00,42415099999,TEZPUR,26.617,92.783,15.0,1013.9,95.58
2006-01-13T09:00:00,42415099999,TEZPUR,26.617,92.783,16.8,1011.9,85.75
2006-01-13T12:00:00,42415099999,TEZPUR,26.617,92.783,15.0,1012.2,91.34
2006-01-13T15:00:00,42415099999,TEZPUR,26.617,92.783,13.4,1013.2,95.53
2006-01-13T18:00:00,42415099999,TEZPUR,26.617,92.783,13.0,1013.9,95.52
2006-01-13T21:00:00,42415099999,TEZPUR,26.617,92.783,13.0,1013.1,97.42
2006-01-14T00:00:00,42415099999,TEZPUR,26.617,92.783,13.0,1013.5,100.0
2006-01-14T03:00:00,42415099999,TEZPUR,26.617,92.783,14.0,1015.0,95.55
2006-01-14T06:00:00,42415099999,TEZPUR,26.617,92.783,16.2,1013.6,89.67
2006-01-14T15:00:00,42415099999,TEZPUR,26.617,92.783,16.6,1014.0,85.18
2006-01-14T18:00:00,42415099999,TEZPUR,26.617,92.783,15.6,1014.5,87.32
2006-01-14T21:00:00,42415099999,TEZPUR,26.617,92.783,13.6,1014.2,90.65
2006-01-15T00:00:00,42415099999,TEZPUR,26.617,92.783,12.4,1014.7,95.5
2006-01-15T06:00:00,42415099999,TEZPUR,26.617,92.783,20.6,1014.4,68.06
2006-01-15T09:00:00,42415099999,TEZPUR,26.617,92.783,22.0,1012.0,54.83
2006-01-15T12:00:00,42415099999,TEZPUR,26.617,92.783,17.6,1012.3,72.51
2006-01-15T15:00:00,42415099999,TEZPUR,26.617,92.783,15.6,1014.0,82.88
2006-01-15T18:00:00,42415099999,TEZPUR,26.617,92.783,13.4,1014.4,93.06
2006-01-16T00:00:00,42415099999,TEZPUR,26.617,92.783,11.4,1013.5,97.38
2006-01-16T03:00:00,42415099999,TEZPUR,26.617,92.783,14.6,1014.7,86.66
2006-01-16T06:00:00,42415099999,TEZPUR,26.617,92.783,20.0,1011.8,64.07
2006-01-16T12:00:00,42415099999,TEZPUR,26.617,92.783,19.2,1010.6,66.46
2006-01-16T15:00:00,42415099999,TEZPUR,26.617,92.783,17.4,1012.6,94.46
2006-01-16T21:00:00,42415099999,TEZPUR,26.617,92.783,13.6,1012.4,95.54
2006-01-17T00:00:00,42415099999,TEZPUR,26.617,92.783,12.4,1012.9,97.4
2006-01-17T03:00:00,42415099999,TEZPUR,26.617,92.783,15.4,1014.4,89.03
2006-01-17T06:00:00,42415099999,TEZPUR,26.617,92.783,20.2,1012.1,71.12
2006-01-17T09:00:00,42415099999,TEZPUR,26.617,92.783,21.6,1010.0,60.77
2006-01-17T12:00:00,42415099999,TEZPUR,26.617,92.783,19.0,1010.8,77.12
2006-01-17T15:00:00,42415099999,TEZPUR,26.617,92.783,17.8,1012.0,79.98
2006-01-17T18:00:00,42415099999,TEZPUR,26.617,92.783,15.6,1011.9,93.77
2006-01-17T21:00:00,42415099999,TEZPUR,26.617,92.783,15.4,1010.6,95.6
2006-01-18T00:00:00,42415099999,TEZPUR,26.617,92.783,15.2,1011.0,98.09
2006-01-18T03:00:00,42415099999,TEZPUR,26.617,92.783,16.0,1013.5,93.79
2006-01-18T06:00:00,42415099999,TEZPUR,26.617,92.783,20.4,1011.5,73.01
2006-01-18T09:00:00,42415099999,TEZPUR,26.617,92.783,20.6,1009.5,64.62
2006-01-18T12:00:00,42415099999,TEZPUR,26.617,92.783,18.0,1010.5,70.71
2006-01-18T15:00:00,42415099999,TEZPUR,26.617,92.783,17.2,1012.6,77.85
2006-01-18T21:00:00,42415099999,TEZPUR,26.617,92.783,15.8,1011.4,91.39
2006-01-19T00:00:00,42415099999,TEZPUR,26.617,92.783,15.4,1012.0,91.37
2006-01-19T03:00:00,42415099999,TEZPUR,26.617,92.783,16.4,1014.0,87.39
2006-01-19T06:00:00,42415099999,TEZPUR,26.617,92.783,20.0,1011.6,72.47
2006-01-19T09:00:00,42415099999,TEZPUR,26.617,92.783,21.0,1009.0,61.83
2006-01-19T12:00:00,42415099999,TEZPUR,26.617,92.783,18.6,1009.6,75.09
2006-01-19T15:00:00,42415099999,TEZPUR,26.617,92.783,17.4,1010.9,79.93
2006-01-19T18:00:00,42415099999,TEZPUR,26.617,92.783,16.4,1011.2,85.16
2006-01-19T21:00:00,42415099999,TEZPUR,26.617,92.783,15.4,1010.9,89.03
2006-01-20T00:00:00,42415099999,TEZPUR,26.617,92.783,14.2,1011.3,95.56
2006-01-20T03:00:00,42415099999,TEZPUR,26.617,92.783,15.4,1013.9,91.37
2006-01-20T12:00:00,42415099999,TEZPUR,26.617,92.783,20.0,1010.4,72.47
2006-01-20T15:00:00,42415099999,TEZPUR,26.617,92.783,18.0,1012.6,82.1
2006-01-20T18:00:00,42415099999,TEZPUR,26.617,92.783,17.0,1013.0,89.73
2006-01-20T21:00:00,42415099999,TEZPUR,26.617,92.783,16.0,1012.3,91.41
2006-01-21T00:00:00,42415099999,TEZPUR,26.617,92.783,15.0,1012.8,93.14
2006-01-21T03:00:00,42415099999,TEZPUR,26.617,92.783,17.2,1014.9,89.74
2006-01-21T06:00:00,42415099999,TEZPUR,26.617,92.783,20.4,1012.6,73.01
2006-01-21T09:00:00,42415099999,TEZPUR,26.617,92.783,22.4,1008.0,64.59
2006-01-21T12:00:00,42415099999,TEZPUR,26.617,92.783,20.0,1007.8,75.8
2006-01-21T15:00:00,42415099999,TEZPUR,26.617,92.783,18.4,1010.3,88.13
2006-01-21T18:00:00,42415099999,TEZPUR,26.617,92.783,17.2,1010.6,93.85
2006-01-21T21:00:00,42415099999,TEZPUR,26.617,92.783,16.8,1011.3,93.83
2006-01-22T00:00:00,42415099999,TEZPUR,26.617,92.783,16.4,1011.8,95.63
2006-01-22T03:00:00,42415099999,TEZPUR,26.617,92.783,17.2,1014.7,93.85
2006-01-22T06:00:00,42415099999,TEZPUR,26.617,92.783,21.4,1013.4,51.18
2006-01-22T09:00:00,42415099999,TEZPUR,26.617,92.783,22.8,1009.6,51.55
2006-01-22T12:00:00,42415099999,TEZPUR,26.617,92.783,19.0,1009.8,71.82
2006-01-22T15:00:00,42415099999,TEZPUR,26.617,92.783,16.2,1013.2,87.38
2006-01-22T18:00:00,42415099999,TEZPUR,26.617,92.783,15.2,1013.2,93.15
2006-01-22T21:00:00,42415099999,TEZPUR,26.617,92.783,14.4,1012.5,97.44
2006-01-23T00:00:00,42415099999,TEZPUR,26.617,92.783,13.2,1012.5,97.42
2006-01-23T03:00:00,42415099999,TEZPUR,26.617,92.783,14.8,1015.0,98.08
2006-01-23T06:00:00,42415099999,TEZPUR,26.617,92.783,19.0,1012.7,80.66
2006-01-23T09:00:00,42415099999,TEZPUR,26.617,92.783,22.0,1010.7,62.46
2006-01-23T12:00:00,42415099999,TEZPUR,26.617,92.783,19.0,1011.5,77.12
2006-01-23T15:00:00,42415099999,TEZPUR,26.617,92.783,16.4,1012.6,87.39
2006-01-23T18:00:00,42415099999,TEZPUR,26.617,92.783,15.2,1012.9,95.59
2006-01-23T21:00:00,42415099999,TEZPUR,26.617,92.783,12.8,1013.3,95.51
2006-01-24T00:00:00,42415099999,TEZPUR,26.617,92.783,12.4,1014.0,100.0
2006-01-24T03:00:00,42415099999,TEZPUR,26.617,92.783,14.0,1016.4,95.55
2006-01-24T06:00:00,42415099999,TEZPUR,26.617,92.783,20.4,1015.4,62.5
2006-01-24T09:00:00,42415099999,TEZPUR,26.617,92.783,23.8,1013.2,51.14
2006-01-24T12:00:00,42415099999,TEZPUR,26.617,92.783,19.4,1013.4,71.9
2006-01-24T15:00:00,42415099999,TEZPUR,26.617,92.783,16.4,1014.0,85.16
2006-01-24T21:00:00,42415099999,TEZPUR,26.617,92.783,14.8,1015.4,91.33
2006-01-25T00:00:00,42415099999,TEZPUR,26.617,92.783,13.6,1016.3,93.07
2006-01-25T03:00:00,42415099999,TEZPUR,26.617,92.783,16.0,1019.7,89.65
2006-01-25T06:00:00,42415099999,TEZPUR,26.617,92.783,22.0,1018.4,62.46
2006-01-25T09:00:00,42415099999,TEZPUR,26.617,92.783,24.2,1015.2,51.58
2006-01-25T12:00:00,42415099999,TEZPUR,26.617,92.783,20.2,1016.5,67.54
2006-01-25T15:00:00,42415099999,TEZPUR,26.617,92.783,13.8,,
2006-01-25T18:00:00,42415099999,TEZPUR,26.617,92.783,15.6,1018.8,91.38
2006-01-25T21:00:00,42415099999,TEZPUR,26.617,92.783,14.2,1017.9,
2006-01-26T00:00:00,42415099999,TEZPUR,26.617,92.783,13.0,1018.2,95.52
2006-01-26T03:00:00,42415099999,TEZPUR,26.617,92.783,16.4,1020.7,75.21
2006-01-26T06:00:00,42415099999,TEZPUR,26.617,92.783,23.6,1018.5,51.09
2006-01-26T12:00:00,42415099999,TEZPUR,26.617,92.783,21.0,1014.2,58.68
2006-01-26T15:00:00,42415099999,TEZPUR,26.617,92.783,17.4,1016.2,75.87
2006-01-26T18:00:00,42415099999,TEZPUR,26.617,92.783,15.8,1016.7,80.76
2006-01-26T21:00:00,42415099999,TEZPUR,26.617,92.783,14.0,1016.0,84.34
2006-01-27T00:00:00,42415099999,TEZPUR,26.617,92.783,12.4,1016.4,85.87
2006-01-27T03:00:00,42415099999,TEZPUR,26.617,92.783,16.6,1018.9,69.51
2006-01-27T06:00:00,42415099999,TEZPUR,26.617,92.783,24.0,1016.8,39.28
2006-01-27T09:00:00,42415099999,TEZPUR,26.617,92.783,26.2,1013.4,35.16
2006-01-27T12:00:00,42415099999,TEZPUR,26.617,92.783,21.0,1013.7,56.78
2006-01-27T15:00:00,42415099999,TEZPUR,26.617,92.783,16.6,1015.6,75.74
2006-01-27T18:00:00,42415099999,TEZPUR,26.617,92.783,15.0,1015.7,80.65
2006-01-27T21:00:00,42415099999,TEZPUR,26.617,92.783,12.4,1016.1,85.87
2006-01-28T00:00:00,42415099999,TEZPUR,26.617,92.783,13.4,1015.6,83.72
2006-01-28T03:00:00,42415099999,TEZPUR,26.617,92.783,16.4,1017.7,69.47
2006-01-28T06:00:00,42415099999,TEZPUR,26.617,92.783,23.6,1016.0,39.97
2006-01-28T09:00:00,42415099999,TEZPUR,26.617,92.783,26.8,1011.7,31.72
2006-01-28T12:00:00,42415099999,TEZPUR,26.617,92.783,20.4,1011.5,53.0
2006-01-28T15:00:00,42415099999,TEZPUR,26.617,92.783,17.0,1013.6,66.43
2006-01-28T18:00:00,42415099999,TEZPUR,26.617,92.783,15.0,1014.3,82.8
2006-01-28T21:00:00,42415099999,TEZPUR,26.617,92.783,13.4,1014.0,85.97
2006-01-29T00:00:00,42415099999,TEZPUR,26.617,92.783,12.4,1014.6,88.19
2006-01-29T06:00:00,42415099999,TEZPUR,26.617,92.783,23.8,1013.8,44.24
2006-01-29T09:00:00,42415099999,TEZPUR,26.617,92.783,26.2,1010.6,33.99
2006-01-29T12:00:00,42415099999,TEZPUR,26.617,92.783,20.4,1010.7,57.77
2006-01-29T15:00:00,42415099999,TEZPUR,26.617,92.783,17.9,1013.5,68.4
2006-01-29T18:00:00,42415099999,TEZPUR,26.617,92.783,15.2,1015.0,82.83
2006-01-29T21:00:00,42415099999,TEZPUR,26.617,92.783,13.4,1015.2,83.72
2006-01-30T00:00:00,42415099999,TEZPUR,26.617,92.783,12.2,1016.1,88.17
2006-01-30T03:00:00,42415099999,TEZPUR,26.617,92.783,17.4,1017.9,70.59
2006-01-30T06:00:00,42415099999,TEZPUR,26.617,92.783,24.6,1016.0,44.17
2006-01-30T09:00:00,42415099999,TEZPUR,26.617,92.783,27.0,1013.2,31.56
2006-01-30T12:00:00,42415099999,TEZPUR,26.617,92.783,21.6,1014.1,51.58
2006-01-30T15:00:00,42415099999,TEZPUR,26.617,92.783,18.2,1015.7,63.67
2006-01-30T18:00:00,42415099999,TEZPUR,26.617,92.783,16.0,1016.5,79.21
2006-01-31T00:00:00,42415099999,TEZPUR,26.617,92.783,13.6,1017.4,90.65
2006-01-31T03:00:00,42415099999,TEZPUR,26.617,92.783,18.0,1019.1,70.71
2006-01-31T09:00:00,42415099999,TEZPUR,26.617,92.783,27.8,1014.7,28.53
2006-01-31T12:00:00,42415099999,TEZPUR,26.617,92.783,22.2,1015.0,46.21
2006-01-31T15:00:00,42415099999,TEZPUR,26.617,92.783,18.6,1015.3,62.51
2006-01-31T18:00:00,42415099999,TEZPUR,26.617,92.783,16.0,1016.8,77.16
2006-01-31T21:00:00,42415099999,TEZPUR,26.617,92.783,14.8,1015.6,82.78
2006-02-01T00:00:00,42415099999,TEZPUR,26.617,92.783,13.6,1016.1,86.56
2006-02-01T03:00:00,42415099999,TEZPUR,26.617,92.783,18.6,1018.7,75.09
2006-02-01T06:00:00,42415099999,TEZPUR,26.617,92.783,26.0,1017.2,43.41
2006-02-01T12:00:00,42415099999,TEZPUR,26.617,92.783,22.6,1013.3,51.16
2006-02-01T15:00:00,42415099999,TEZPUR,26.617,92.783,19.0,1015.1,63.01
2006-02-01T18:00:00,42415099999,TEZPUR,26.617,92.783,16.4,1016.0,83.52
2006-02-01T21:00:00,42415099999,TEZPUR,26.617,92.783,15.4,1015.7,87.3
2006-02-02T00:00:00,42415099999,TEZPUR,26.617,92.783,14.4,1016.4,88.94
2006-02-02T03:00:00,42415099999,TEZPUR,26.617,92.783,19.0,1018.2,71.82
2006-02-02T06:00:00,42415099999,TEZPUR,26.617,92.783,24.6,1016.5,46.87
2006-02-02T09:00:00,42415099999,TEZPUR,26.617,92.783,27.8,1013.3,38.54
2006-02-02T12:00:00,42415099999,TEZPUR,26.617,92.783,23.0,1013.5,59.16
2006-02-02T15:00:00,42415099999,TEZPUR,26.617,92.783,19.0,1013.7,71.82
2006-02-02T18:00:00,42415099999,TEZPUR,26.617,92.783,16.6,1015.9,85.18
2006-02-02T21:00:00,42415099999,TEZPUR,26.617,92.783,15.8,1014.8,87.34
2006-02-03T00:00:00,42415099999,TEZPUR,26.617,92.783,15.2,1015.3,86.72
2006-02-03T03:00:00,42415099999,TEZPUR,26.617,92.783,19.0,1018.1,71.82
2006-02-03T06:00:00,42415099999,TEZPUR,26.617,92.783,24.6,1016.7,46.87
2006-02-03T09:00:00,42415099999,TEZPUR,26.617,92.783,28.0,1013.6,38.85
2006-02-03T12:00:00,42415099999,TEZPUR,26.617,92.783,23.0,1013.9,59.16
2006-02-03T15:00:00,42415099999,TEZPUR,26.617,92.783,20.0,1016.0,68.82
2006-02-03T18:00:00,42415099999,TEZPUR,26.617,92.783,18.0,1016.6,82.1
2006-02-04T00:00:00,42415099999,TEZPUR,26.617,92.783,16.2,1015.4,91.42
2006-02-04T03:00:00,42415099999,TEZPUR,26.617,92.783,19.0,1017.2,84.35
2006-02-04T06:00:00,42415099999,TEZPUR,26.617,92.783,24.2,1015.7,57.2
2006-02-04T09:00:00,42415099999,TEZPUR,26.617,92.783,27.6,1010.9,40.55
2006-02-04T15:00:00,42415099999,TEZPUR,26.617,92.783,18.4,1015.0,85.92
2006-02-04T18:00:00,42415099999,TEZPUR,26.617,92.783,17.2,1016.0,87.47
2006-02-04T21:00:00,42415099999,TEZPUR,26.617,92.783,16.6,1016.0,89.7
2006-02-05T00:00:00,42415099999,TEZPUR,26.617,92.783,16.2,1016.5,91.42
2006-02-05T03:00:00,42415099999,TEZPUR,26.617,92.783,18.0,1018.6,82.1
2006-02-05T06:00:00,42415099999,TEZPUR,26.617,92.783,22.0,1017.2,64.09
2006-02-05T09:00:00,42415099999,TEZPUR,26.617,92.783,23.6,1012.8,52.44
2006-02-05T12:00:00,42415099999,TEZPUR,26.617,92.783,21.0,1014.1,63.05
2006-02-05T15:00:00,42415099999,TEZPUR,26.617,92.783,17.2,1015.9,85.79
2006-02-05T18:00:00,42415099999,TEZPUR,26.617,92.783,16.0,1016.7,89.65
2006-02-05T21:00:00,42415099999,TEZPUR,26.617,92.783,15.0,1016.0,91.34
2006-02-06T00:00:00,42415099999,TEZPUR,26.617,92.783,14.0,1016.2,93.09
2006-02-06T03:00:00,42415099999,TEZPUR,26.617,92.783,18.4,1017.4,75.05
2006-02-06T06:00:00,42415099999,TEZPUR,26.617,92.783,24.6,1015.4,53.38
2006-02-06T09:00:00,42415099999,TEZPUR,26.617,92.783,27.0,1012.3,38.57
2006-02-06T12:00:00,42415099999,TEZPUR,26.617,92.783,22.6,1012.4,60.22
2006-02-06T15:00:00,42415099999,TEZPUR,26.617,92.783,17.8,1015.5,84.22
2006-02-06T18:00:00,42415099999,TEZPUR,26.617,92.783,17.0,1015.0,83.59
2006-02-06T21:00:00,42415099999,TEZPUR,26.617,92.783,15.6,1014.7,89.04
2006-02-07T00:00:00,42415099999,TEZPUR,26.617,92.783,14.0,1014.9,93.09
2006-02-07T03:00:00,42415099999,TEZPUR,26.617,92.783,18.4,1016.8,73.13
2006-02-07T06:00:00,42415099999,TEZPUR,26.617,92.783,25.0,1015.5,49.81
2006-02-07T09:00:00,42415099999,TEZPUR,26.617,92.783,27.6,1012.8,40.55
2006-02-07T12:00:00,42415099999,TEZPUR,26.617,92.783,23.0,1013.1,59.16
2006-02-07T15:00:00,42415099999,TEZPUR,26.617,92.783,19.0,1014.4,77.12
2006-02-07T18:00:00,42415099999,TEZPUR,26.617,92.783,17.0,1015.7,85.77
2006-02-07T21:00:00,42415099999,TEZPUR,26.617,92.783,16.0,1014.7,85.12
2006-02-08T00:00:00,42415099999,TEZPUR,26.617,92.783,15.2,1015.1,85.03
2006-02-08T03:00:00,42415099999,TEZPUR,26.617,92.783,18.6,1018.6,71.28
2006-02-08T06:00:00,42415099999,TEZPUR,26.617,92.783,26.2,1017.0,51.43
2006-02-08T09:00:00,42415099999,TEZPUR,26.617,92.783,28.4,1013.8,38.2
2006-02-08T12:00:00,42415099999,TEZPUR,26.617,92.783,23.4,1014.2,56.64
2006-02-08T15:00:00,42415099999,TEZPUR,26.617,92.783,19.6,1016.7,72.4
2006-02-08T18:00:00,42415099999,TEZPUR,26.617,92.783,18.0,1017.5,74.5
2006-02-08T21:00:00,42415099999,TEZPUR,26.617,92.783,16.6,1017.3,81.39
2006-02-09T00:00:00,42415099999,TEZPUR,26.617,92.783,15.4,1017.7,87.3
2006-02-09T03:00:00,42415099999,TEZPUR,26.617,92.783,19.4,1019.8,68.7
2006-02-09T06:00:00,42415099999,TEZPUR,26.617,92.783,25.2,1017.9,50.19
2006-02-09T12:00:00,42415099999,TEZPUR,26.617,92.783,24.6,1013.1,53.38
2006-02-09T15:00:00,42415099999,TEZPUR,26.617,92.783,19.2,1016.1,73.74
2006-02-09T18:00:00,42415099999,TEZPUR,26.617,92.783,18.2,1016.5,76.5
2006-02-09T21:00:00,42415099999,TEZPUR,26.617,92.783,16.8,1015.0,83.56
2006-02-10T00:00:00,42415099999,TEZPUR,26.617,92.783,15.4,1015.5,91.37
2006-02-10T03:00:00,42415099999,TEZPUR,26.617,92.783,19.0,1017.6,68.18
2006-02-10T06:00:00,42415099999,TEZPUR,26.617,92.783,25.4,1015.4,48.96
2006-02-10T12:00:00,42415099999,TEZPUR,26.617,92.783,23.0,1011.3,59.16
2006-02-10T15:00:00,42415099999,TEZPUR,26.617,92.783,20.0,1014.0,75.8
2006-02-10T18:00:00,42415099999,TEZPUR,26.617,92.783,18.0,1015.0,80.53
2006-02-10T21:00:00,42415099999,TEZPUR,26.617,92.783,17.0,1014.2,83.59
2006-02-11T00:00:00,42415099999,TEZPUR,26.617,92.783,16.0,1014.7,89.65
2006-02-11T03:00:00,42415099999,TEZPUR,26.617,92.783,19.0,1016.0,75.15
2006-02-11T06:00:00,42415099999,TEZPUR,26.617,92.783,25.0,1014.7,44.57
2006-02-11T09:00:00,42415099999,TEZPUR,26.617,92.783,28.2,1011.2,37.9
2006-02-11T12:00:00,42415099999,TEZPUR,26.617,92.783,24.0,1011.6,52.89
2006-02-11T15:00:00,42415099999,TEZPUR,26.617,92.783,21.4,1013.7,66.91
2006-02-11T18:00:00,42415099999,TEZPUR,26.617,92.783,18.6,1014.5,80.61
2006-02-11T21:00:00,42415099999,TEZPUR,26.617,92.783,17.0,1014.2,85.77
2006-02-12T00:00:00,42415099999,TEZPUR,26.617,92.783,15.2,1014.7,91.36
2006-02-12T03:00:00,42415099999,TEZPUR,26.617,92.783,19.0,1016.5,75.15
2006-02-12T06:00:00,42415099999,TEZPUR,26.617,92.783,25.6,1014.7,48.07
2006-02-12T09:00:00,42415099999,TEZPUR,26.617,92.783,28.0,1010.7,39.88
2006-02-12T12:00:00,42415099999,TEZPUR,26.617,92.783,24.6,1010.4,50.69
2006-02-12T15:00:00,42415099999,TEZPUR,26.617,92.783,20.6,1012.1,71.19
2006-02-12T18:00:00,42415099999,TEZPUR,26.617,92.783,19.0,1012.6,75.15
2006-02-12T21:00:00,42415099999,TEZPUR,26.617,92.783,18.2,1011.3,80.56
2006-02-13T00:00:00,42415099999,TEZPUR,26.617,92.783,17.6,1012.0,83.65
2006-02-13T03:00:00,42415099999,TEZPUR,26.617,92.783,20.2,1015.2,71.12
2006-02-13T06:00:00,42415099999,TEZPUR,26.617,92.783,24.0,1013.0,55.7
2006-02-13T12:00:00,42415099999,TEZPUR,26.617,92.783,24.2,1009.4,61.76
2006-02-13T15:00:00,42415099999,TEZPUR,26.617,92.783,22.2,1011.3,65.8
2006-02-13T18:00:00,42415099999,TEZPUR,26.617,92.783,20.0,1010.9,81.31
2006-02-13T21:00:00,42415099999,TEZPUR,26.617,92.783,19.2,1009.1,86.54
2006-02-14T00:00:00,42415099999,TEZPUR,26.617,92.783,18.4,1009.8,92.14
2006-02-14T03:00:00,42415099999,TEZPUR,26.617,92.783,18.6,1011.8,90.42
2006-02-14T06:00:00,42415099999,TEZPUR,26.617,92.783,20.0,1010.4,81.31
2006-02-14T09:00:00,42415099999,TEZPUR,26.617,92.783,19.6,1009.1,75.74
2006-02-14T12:00:00,42415099999,TEZPUR,26.617,92.783,18.6,1009.0,84.31
2006-02-14T15:00:00,42415099999,TEZPUR,26.617,92.783,17.6,1010.0,93.87
2006-02-14T18:00:00,42415099999,TEZPUR,26.617,92.783,17.0,1010.2,95.65
2006-02-14T21:00:00,42415099999,TEZPUR,26.617,92.783,16.8,1009.0,95.64
2006-02-15T00:00:00,42415099999,TEZPUR,26.617,92.783,16.6,1009.3,95.64
2006-02-15T03:00:00,42415099999,TEZPUR,26.617,92.783,17.8,1011.7,92.1
2006-02-15T06:00:00,42415099999,TEZPUR,26.617,92.783,19.4,1010.5,81.23
2006-02-15T09:00:00,42415099999,TEZPUR,26.617,92.783,20.0,1007.0,75.8
2006-02-15T12:00:00,42415099999,TEZPUR,26.617,92.783,17.4,1006.8,93.86
2006-02-15T15:00:00,42415099999,TEZPUR,26.617,92.783,17.0,1008.0,95.65
2006-02-17T03:00:00,42415099999,TEZPUR,26.617,92.783,18.2,1012.5,86.45
2006-02-17T06:00:00,42415099999,TEZPUR,26.617,92.783,21.4,1012.1,71.8
2006-02-17T09:00:00,42415099999,TEZPUR,26.617,92.783,21.8,1009.4,67.43
2006-02-17T12:00:00,42415099999,TEZPUR,26.617,92.783,20.0,1009.6,75.8
2006-02-17T15:00:00,42415099999,TEZPUR,26.617,92.783,18.6,1012.2,80.61
2006-02-17T18:00:00,42415099999,TEZPUR,26.617,92.783,18.6,1013.2,80.61
2006-02-17T21:00:00,42415099999,TEZPUR,26.617,92.783,17.6,1013.0,89.77
2006-02-18T00:00:00,42415099999,TEZPUR,26.617,92.783,17.2,1013.8,92.07
2006-02-18T03:00:00,42415099999,TEZPUR,26.617,92.783,18.4,1015.0,85.92
2006-02-18T06:00:00,42415099999,TEZPUR,26.617,92.783,23.0,1013.8,65.13
2006-02-18T09:00:00,42415099999,TEZPUR,26.617,92.783,24.8,1010.1,62.29
2006-02-18T12:00:00,42415099999,TEZPUR,26.617,92.783,22.4,1010.3,71.07
2006-02-18T15:00:00,42415099999,TEZPUR,26.617,92.783,21.2,1013.1,76.96
2006-02-18T18:00:00,42415099999,TEZPUR,26.617,92.783,20.4,1013.0,83.44
2006-02-18T21:00:00,42415099999,TEZPUR,26.617,92.783,20.0,1010.9,86.62
2006-02-19T00:00:00,42415099999,TEZPUR,26.617,92.783,19.6,1011.4,88.24
2006-02-19T03:00:00,42415099999,TEZPUR,26.617,92.783,21.6,1013.2,82.03
2006-02-19T06:00:00,42415099999,TEZPUR,26.617,92.783,25.8,1010.9,62.91
2006-02-19T09:00:00,42415099999,TEZPUR,26.617,92.783,26.2,1008.9,60.67
2006-02-19T12:00:00,42415099999,TEZPUR,26.617,92.783,23.4,1009.1,66.9
2006-02-19T15:00:00,42415099999,TEZPUR,26.617,92.783,21.6,1012.0,77.03
2006-02-19T18:00:00,42415099999,TEZPUR,26.617,92.783,20.0,1012.2,86.62
2006-02-19T21:00:00,42415099999,TEZPUR,26.617,92.783,19.8,1010.6,82.85
2006-02-20T00:00:00,42415099999,TEZPUR,26.617,92.783,19.4,1011.4,88.22
2006-02-20T03:00:00,42415099999,TEZPUR,26.617,92.783,22.0,1013.4,77.09
2006-02-20T06:00:00,42415099999,TEZPUR,26.617,92.783,27.8,1011.6,55.57
2006-02-20T09:00:00,42415099999,TEZPUR,26.617,92.783,29.0,1008.6,50.54
2006-02-20T12:00:00,42415099999,TEZPUR,26.617,92.783,26.2,1009.0,60.67
2006-02-20T15:00:00,42415099999,TEZPUR,26.617,92.783,23.6,1010.4,74.96
2006-02-20T18:00:00,42415099999,TEZPUR,26.617,92.783,22.0,1010.4,82.08
2006-02-20T21:00:00,42415099999,TEZPUR,26.617,92.783,21.4,,80.47
2006-02-21T00:00:00,42415099999,TEZPUR,26.617,92.783,20.8,1009.1,81.93
2006-02-21T03:00:00,42415099999,TEZPUR,26.617,92.783,20.4,1010.6,83.44
2006-02-21T06:00:00,42415099999,TEZPUR,26.617,92.783,21.0,1010.5,81.95
2006-02-21T09:00:00,42415099999,TEZPUR,26.617,92.783,20.4,1008.1,87.2
2006-02-21T12:00:00,42415099999,TEZPUR,26.617,92.783,20.0,1008.7,86.62
2006-02-21T15:00:00,42415099999,TEZPUR,26.617,92.783,19.2,1011.5,93.94
2006-02-21T18:00:00,42415099999,TEZPUR,26.617,92.783,19.2,1011.7,90.46
2006-02-21T21:00:00,42415099999,TEZPUR,26.617,92.783,18.8,1010.3,93.92
2006-02-22T00:00:00,42415099999,TEZPUR,26.617,92.783,18.4,1010.6,96.3
2006-02-22T03:00:00,42415099999,TEZPUR,26.617,92.783,18.6,1013.3,96.31
2006-02-22T06:00:00,42415099999,TEZPUR,26.617,92.783,20.4,1012.2,87.2
2006-02-22T09:00:00,42415099999,TEZPUR,26.617,92.783,22.0,1008.6,75.64
2006-02-22T12:00:00,42415099999,TEZPUR,26.617,92.783,21.0,1008.7,79.91
2006-02-22T15:00:00,42415099999,TEZPUR,26.617,92.783,20.2,1009.7,83.42
2006-02-22T18:00:00,42415099999,TEZPUR,26.617,92.783,20.0,1009.9,86.62
2006-02-22T21:00:00,42415099999,TEZPUR,26.617,92.783,19.6,1009.2,90.49
2006-02-23T00:00:00,42415099999,TEZPUR,26.617,92.783,19.0,1009.3,96.32
2006-02-23T03:00:00,42415099999,TEZPUR,26.617,92.783,20.6,1013.0,91.12
2006-02-23T06:00:00,42415099999,TEZPUR,26.617,92.783,24.8,1011.1,69.75
2006-02-23T09:00:00,42415099999,TEZPUR,26.617,92.783,20.6,1013.0,91.12
2006-02-23T12:00:00,42415099999,TEZPUR,26.617,92.783,22.8,,81.16
2006-02-23T15:00:00,42415099999,TEZPUR,26.617,92.783,20.8,1007.6,88.89
2006-02-24T00:00:00,42415099999,TEZPUR,26.617,92.783,20.0,1005.4,90.51
2006-02-24T03:00:00,42415099999,TEZPUR,26.617,92.783,21.0,1009.3,87.26
2006-02-24T06:00:00,42415099999,TEZPUR,26.617,92.783,22.4,1008.7,79.11
2006-02-24T09:00:00,42415099999,TEZPUR,26.617,92.783,23.0,1005.7,74.39
2006-02-24T12:00:00,42415099999,TEZPUR,26.617,92.783,20.4,1006.9,87.2
2006-02-24T15:00:00,42415099999,TEZPUR,26.617,92.783,19.8,1009.7,86.6
2006-02-24T18:00:00,42415099999,TEZPUR,26.617,92.783,19.8,1009.9,82.85
2006-02-24T21:00:00,42415099999,TEZPUR,26.617,92.783,19.0,1008.9,90.45
2006-02-25T00:00:00,42415099999,TEZPUR,26.617,92.783,18.6,1009.4,93.91
2006-02-25T03:00:00,42415099999,TEZPUR,26.617,92.783,21.0,1011.5,81.95
2006-02-25T06:00:00,42415099999,TEZPUR,26.617,92.783,24.8,1009.6,62.29
2006-02-25T09:00:00,42415099999,TEZPUR,26.617,92.783,25.8,1005.6,62.91
2006-02-25T12:00:00,42415099999,TEZPUR,26.617,92.783,23.8,1005.4,71.78
2006-02-25T18:00:00,42415099999,TEZPUR,26.617,92.783,21.2,1007.5,88.92
2006-02-25T21:00:00,42415099999,TEZPUR,26.617,92.783,20.4,1006.9,87.2
2006-02-26T00:00:00,42415099999,TEZPUR,26.617,92.783,19.8,1007.6,88.81
2006-02-26T03:00:00,42415099999,TEZPUR,26.617,92.783,22.0,1009.8,82.08
2006-02-26T06:00:00,42415099999,TEZPUR,26.617,92.783,25.0,1007.9,68.07
2006-02-26T09:00:00,42415099999,TEZPUR,26.617,92.783,25.8,1004.4,67.38
2006-02-26T12:00:00,42415099999,TEZPUR,26.617,92.783,23.2,1004.1,82.73
2006-02-26T15:00:00,42415099999,TEZPUR,26.617,92.783,22.0,1005.9,75.64
2006-02-26T18:00:00,42415099999,TEZPUR,26.617,92.783,21.2,1005.0,80.44
2006-02-26T21:00:00,42415099999,TEZPUR,26.617,92.783,20.6,1004.2,85.06
2006-02-27T00:00:00,42415099999,TEZPUR,26.617,92.783,19.6,1003.2,86.58
2006-02-27T03:00:00,42415099999,TEZPUR,26.617,92.783,21.4,1005.5,82.0
2006-02-27T06:00:00,42415099999,TEZPUR,26.617,92.783,24.0,1004.7,75.02
2006-02-27T09:00:00,42415099999,TEZPUR,26.617,92.783,26.6,1000.9,63.87
2006-02-27T12:00:00,42415099999,TEZPUR,26.617,92.783,23.0,1001.2,74.39
2006-02-27T15:00:00,42415099999,TEZPUR,26.617,92.783,20.6,1002.8,85.06
2006-02-27T18:00:00,42415099999,TEZPUR,26.617,92.783,19.8,1003.1,86.6
2006-02-28T00:00:00,42415099999,TEZPUR,26.617,92.783,17.6,1003.3,93.87
2006-02-28T03:00:00,42415099999,TEZPUR,26.617,92.783,22.8,1005.8,65.09
2006-02-28T06:00:00,42415099999,TEZPUR,26.617,92.783,28.0,1005.4,36.38
2006-02-28T09:00:00,42415099999,TEZPUR,26.617,92.783,30.0,1002.2,35.98
2006-02-28T12:00:00,42415099999,TEZPUR,26.617,92.783,26.4,1002.8,45.25
2006-02-28T15:00:00,42415099999,TEZPUR,26.617,92.783,23.4,1006.3,56.64
2006-02-28T18:00:00,42415099999,TEZPUR,26.617,92.783,21.6,1007.7,56.19
2006-02-28T21:00:00,42415099999,TEZPUR,26.617,92.783,19.4,1007.1,68.7
2006-03-01T00:00:00,42415099999,TEZPUR,26.617,92.783,17.2,1008.1,77.85
2006-03-01T03:00:00,42415099999,TEZPUR,26.617,92.783,23.6,1010.8,55.24
2006-03-01T06:00:00,42415099999,TEZPUR,26.617,92.783,28.0,1009.3,34.27
2006-03-01T09:00:00,42415099999,TEZPUR,26.617,92.783,30.0,1006.2,25.63
2006-03-01T12:00:00,42415099999,TEZPUR,26.617,92.783,26.2,1006.5,41.24
2006-03-01T15:00:00,42415099999,TEZPUR,26.617,92.783,21.6,1010.3,66.95
2006-03-01T18:00:00,42415099999,TEZPUR,26.617,92.783,20.6,1012.2,73.04
2006-03-02T00:00:00,42415099999,TEZPUR,26.617,92.783,16.8,1012.0,83.56
2006-03-02T03:00:00,42415099999,TEZPUR,26.617,92.783,21.6,1013.7,64.0
2006-03-02T06:00:00,42415099999,TEZPUR,26.617,92.783,27.6,1011.8,43.0
2006-03-02T09:00:00,42415099999,TEZPUR,26.617,92.783,29.6,1007.8,37.55
2006-03-02T12:00:00,42415099999,TEZPUR,26.617,92.783,25.8,1007.0,51.0
2006-03-02T15:00:00,42415099999,TEZPUR,26.617,92.783,21.8,1009.7,67.43
2006-03-02T18:00:00,42415099999,TEZPUR,26.617,92.783,19.8,1010.3,81.28
2006-03-02T21:00:00,42415099999,TEZPUR,26.617,92.783,18.8,1008.9,84.33
2006-03-03T00:00:00,42415099999,TEZPUR,26.617,92.783,17.6,1010.4,85.84
2006-03-03T03:00:00,42415099999,TEZPUR,26.617,92.783,20.8,1013.0,71.23
2006-03-03T06:00:00,42415099999,TEZPUR,26.617,92.783,25.6,1011.9,56.09
2006-03-03T09:00:00,42415099999,TEZPUR,26.617,92.783,28.8,1008.4,42.23
2006-03-03T12:00:00,42415099999,TEZPUR,26.617,92.783,25.2,1008.7,59.68
2006-03-03T15:00:00,42415099999,TEZPUR,26.617,92.783,23.4,1011.3,60.41
2006-03-03T18:00:00,42415099999,TEZPUR,26.617,92.783,20.4,1011.5,71.16
2006-03-03T21:00:00,42415099999,TEZPUR,26.617,92.783,18.9,1011.1,83.27
2006-03-04T00:00:00,42415099999,TEZPUR,26.617,92.783,17.0,1011.9,91.47
2006-03-04T03:00:00,42415099999,TEZPUR,26.617,92.783,20.0,1014.1,85.0
2006-03-04T06:00:00,42415099999,TEZPUR,26.617,92.783,26.2,1012.9,48.54
2006-03-04T09:00:00,42415099999,TEZPUR,26.617,92.783,28.0,1011.4,38.85
2006-03-04T12:00:00,42415099999,TEZPUR,26.617,92.783,25.6,1009.1,51.94
2006-03-04T15:00:00,42415099999,TEZPUR,26.617,92.783,21.4,1011.6,68.66
2006-03-04T18:00:00,42415099999,TEZPUR,26.617,92.783,19.0,1012.3,80.66
2006-03-04T21:00:00,42415099999,TEZPUR,26.617,92.783,17.4,1011.6,85.82
2006-03-05T00:00:00,42415099999,TEZPUR,26.617,92.783,16.4,1012.0,89.68
2006-03-05T03:00:00,42415099999,TEZPUR,26.617,92.783,21.4,1013.9,69.99
2006-03-05T06:00:00,42415099999,TEZPUR,26.617,92.783,26.4,1012.1,52.82
2006-03-05T09:00:00,42415099999,TEZPUR,26.617,92.783,29.0,1008.4,40.16
2006-03-05T12:00:00,42415099999,TEZPUR,26.617,92.783,25.2,1008.5,54.23
2006-03-05T15:00:00,42415099999,TEZPUR,26.617,92.783,23.0,1010.8,66.81
2006-03-05T18:00:00,42415099999,TEZPUR,26.617,92.783,22.8,1011.5,65.09
2006-03-05T21:00:00,42415099999,TEZPUR,26.617,92.783,21.4,1011.1,82.0
2006-03-06T00:00:00,42415099999,TEZPUR,26.617,92.783,19.4,1011.8,77.18
2006-03-06T03:00:00,42415099999,TEZPUR,26.617,92.783,22.0,1014.0,61.26
2006-03-06T06:00:00,42415099999,TEZPUR,26.617,92.783,26.0,1013.1,48.49
2006-03-06T12:00:00,42415099999,TEZPUR,26.617,92.783,24.2,1010.4,58.69
2006-03-06T15:00:00,42415099999,TEZPUR,26.617,92.783,23.0,1012.5,59.16
2006-03-06T18:00:00,42415099999,TEZPUR,26.617,92.783,20.8,1013.5,69.87
2006-03-06T21:00:00,42415099999,TEZPUR,26.617,92.783,18.6,1013.4,75.09
2006-03-07T00:00:00,42415099999,TEZPUR,26.617,92.783,16.8,1013.6,81.42
2006-03-07T03:00:00,42415099999,TEZPUR,26.617,92.783,21.8,1014.3,64.05
2006-03-07T06:00:00,42415099999,TEZPUR,26.617,92.783,26.6,1012.6,45.31
2006-03-07T09:00:00,42415099999,TEZPUR,26.617,92.783,29.0,1010.0,37.87
2006-03-07T12:00:00,42415099999,TEZPUR,26.617,92.783,25.0,1010.3,47.28
2006-03-07T15:00:00,42415099999,TEZPUR,26.617,92.783,21.6,1012.4,65.25
2006-03-08T00:00:00,42415099999,TEZPUR,26.617,92.783,16.6,1013.7,89.7
2006-03-08T03:00:00,42415099999,TEZPUR,26.617,92.783,22.0,1016.4,65.76
2006-03-08T06:00:00,42415099999,TEZPUR,26.617,92.783,28.0,1014.9,47.18
2006-03-08T09:00:00,42415099999,TEZPUR,26.617,92.783,30.0,1011.8,39.15
2006-03-08T12:00:00,42415099999,TEZPUR,26.617,92.783,25.0,1011.9,56.66
2006-03-08T15:00:00,42415099999,TEZPUR,26.617,92.783,22.0,1014.1,68.77
2006-03-08T18:00:00,42415099999,TEZPUR,26.617,92.783,20.4,1014.3,77.83
2006-03-08T21:00:00,42415099999,TEZPUR,26.617,92.783,19.0,1013.9,80.66
2006-03-09T00:00:00,42415099999,TEZPUR,26.617,92.783,18.0,1014.7,84.24
2006-03-09T03:00:00,42415099999,TEZPUR,26.617,92.783,22.2,1017.0,71.04
2006-03-09T06:00:00,42415099999,TEZPUR,26.617,92.783,28.2,1014.8,49.7
2006-03-09T09:00:00,42415099999,TEZPUR,26.617,92.783,30.4,1009.8,41.86
2006-03-09T12:00:00,42415099999,TEZPUR,26.617,92.783,26.0,1010.6,60.62
2006-03-09T15:00:00,42415099999,TEZPUR,26.617,92.783,23.0,1012.3,71.18
2006-03-09T18:00:00,42415099999,TEZPUR,26.617,92.783,20.4,1012.1,87.2
2006-03-09T21:00:00,42415099999,TEZPUR,26.617,92.783,18.6,1011.4,84.31
2006-03-10T00:00:00,42415099999,TEZPUR,26.617,92.783,17.6,1011.9,89.77
2006-03-10T03:00:00,42415099999,TEZPUR,26.617,92.783,23.4,1014.0,65.64
2006-03-10T06:00:00,42415099999,TEZPUR,26.617,92.783,29.6,1011.9,46.41
2006-03-10T09:00:00,42415099999,TEZPUR,26.617,92.783,31.0,1008.0,41.49
2006-03-10T12:00:00,42415099999,TEZPUR,26.617,92.783,27.6,1008.3,59.11
2006-03-10T15:00:00,42415099999,TEZPUR,26.617,92.783,25.4,1010.1,61.25
2006-03-10T18:00:00,42415099999,TEZPUR,26.617,92.783,23.0,1010.0,77.72
2006-03-10T21:00:00,42415099999,TEZPUR,26.617,92.783,20.0,1009.6,86.62
2006-03-11T00:00:00,42415099999,TEZPUR,26.617,92.783,19.6,1008.8,93.96
2006-03-11T03:00:00,42415099999,TEZPUR,26.617,92.783,31.4,1010.2,46.31
2006-03-11T06:00:00,42415099999,TEZPUR,26.617,92.783,27.2,1009.1,57.56
2006-03-11T09:00:00,42415099999,TEZPUR,26.617,92.783,25.0,1009.1,61.16
2006-03-11T12:00:00,42415099999,TEZPUR,26.617,92.783,22.0,1010.5,73.75
2006-03-11T15:00:00,42415099999,TEZPUR,26.617,92.783,19.6,1010.3,88.24
2006-03-11T18:00:00,42415099999,TEZPUR,26.617,92.783,18.4,1009.6,92.14
2006-03-11T21:00:00,42415099999,TEZPUR,26.617,92.783,18.2,1008.2,93.89
2006-03-12T00:00:00,42415099999,TEZPUR,26.617,92.783,18.0,1007.5,95.68
2006-03-12T03:00:00,42415099999,TEZPUR,26.617,92.783,20.0,1010.4,86.62
2006-03-12T06:00:00,42415099999,TEZPUR,26.617,92.783,22.4,1008.8,77.63
2006-03-12T09:00:00,42415099999,TEZPUR,26.617,92.783,27.6,1003.7,54.14
2006-03-12T12:00:00,42415099999,TEZPUR,26.617,92.783,25.4,1004.1,58.6
2006-03-12T15:00:00,42415099999,TEZPUR,26.617,92.783,23.0,1006.1,71.18
2006-03-12T18:00:00,42415099999,TEZPUR,26.617,92.783,21.4,1007.3,75.07
2006-03-12T21:00:00,42415099999,TEZPUR,26.617,92.783,18.6,1007.3,90.42
2006-03-13T00:00:00,42415099999,TEZPUR,26.617,92.783,18.6,1008.6,90.42
2006-03-13T03:00:00,42415099999,TEZPUR,26.617,92.783,21.2,1011.6,76.96
2006-03-13T06:00:00,42415099999,TEZPUR,26.617,92.783,26.2,1011.2,60.67
2006-03-13T09:00:00,42415099999,TEZPUR,26.617,92.783,27.8,1008.5,49.28
2006-03-13T12:00:00,42415099999,TEZPUR,26.617,92.783,24.6,1008.8,63.44
2006-03-13T15:00:00,42415099999,TEZPUR,26.617,92.783,22.2,1011.5,75.67
2006-03-13T18:00:00,42415099999,TEZPUR,26.617,92.783,21.8,1011.8,68.73
2006-03-14T03:00:00,42415099999,TEZPUR,26.617,92.783,22.8,1013.9,65.09
2006-03-14T06:00:00,42415099999,TEZPUR,26.617,92.783,28.2,1012.2,43.73
2006-03-14T09:00:00,42415099999,TEZPUR,26.617,92.783,29.6,1008.4,40.84
2006-03-14T12:00:00,42415099999,TEZPUR,26.617,92.783,27.0,1008.4,52.3
2006-03-14T15:00:00,42415099999,TEZPUR,26.617,92.783,23.2,1009.9,65.18
2006-03-14T18:00:00,42415099999,TEZPUR,26.617,92.783,23.0,1010.8,61.88
2006-03-14T21:00:00,42415099999,TEZPUR,26.617,92.783,21.0,1010.7,83.51
2006-03-15T00:00:00,42415099999,TEZPUR,26.617,92.783,18.6,1011.1,84.31
2006-03-15T03:00:00,42415099999,TEZPUR,26.617,92.783,23.4,1014.2,59.63
2006-03-15T06:00:00,42415099999,TEZPUR,26.617,92.783,28.2,1012.7,46.04
2006-03-15T09:00:00,42415099999,TEZPUR,26.617,92.783,30.0,1009.4,42.29
2006-03-15T12:00:00,42415099999,TEZPUR,26.617,92.783,25.6,1009.2,56.09
2006-03-15T15:00:00,42415099999,TEZPUR,26.617,92.783,23.8,1011.1,63.67
2006-03-15T18:00:00,42415099999,TEZPUR,26.617,92.783,21.8,1011.5,67.43
2006-03-15T21:00:00,42415099999,TEZPUR,26.617,92.783,19.8,1011.0,75.77
2006-03-16T00:00:00,42415099999,TEZPUR,26.617,92.783,19.0,1010.2,80.66
2006-03-16T03:00:00,42415099999,TEZPUR,26.617,92.783,22.6,1011.6,69.33
2006-03-16T06:00:00,42415099999,TEZPUR,26.617,92.783,25.2,1011.1,59.68
2006-03-16T09:00:00,42415099999,TEZPUR,26.617,92.783,25.6,1007.7,65.68
2006-03-16T12:00:00,42415099999,TEZPUR,26.617,92.783,22.8,1007.3,84.24
2006-03-16T15:00:00,42415099999,TEZPUR,26.617,92.783,21.0,1008.4,90.58
2006-03-16T18:00:00,42415099999,TEZPUR,26.617,92.783,19.6,1008.4,90.49
2006-03-16T21:00:00,42415099999,TEZPUR,26.617,92.783,18.0,1008.2,88.1
2006-03-17T00:00:00,42415099999,TEZPUR,26.617,92.783,17.4,1008.6,93.86
2006-03-17T03:00:00,42415099999,TEZPUR,26.617,92.783,22.0,1011.8,77.09
2006-03-17T06:00:00,42415099999,TEZPUR,26.617,92.783,28.2,1010.2,46.04
2006-03-17T09:00:00,42415099999,TEZPUR,26.617,92.783,29.6,1006.1,43.0
2006-03-17T12:00:00,42415099999,TEZPUR,26.617,92.783,27.4,1005.5,53.75
2006-03-17T15:00:00,42415099999,TEZPUR,26.617,92.783,23.4,1007.9,66.9
2006-03-17T18:00:00,42415099999,TEZPUR,26.617,92.783,22.2,1009.1,72.4
2006-03-18T00:00:00,42415099999,TEZPUR,26.617,92.783,17.6,1010.1,89.77
2006-03-18T03:00:00,42415099999,TEZPUR,26.617,92.783,22.6,1013.0,78.15
2006-03-18T06:00:00,42415099999,TEZPUR,26.617,92.783,28.0,1012.0,47.18
2006-03-18T09:00:00,42415099999,TEZPUR,26.617,92.783,30.0,1007.7,35.98
2006-03-18T12:00:00,42415099999,TEZPUR,26.617,92.783,26.4,1007.4,43.8
2006-03-18T15:00:00,42415099999,TEZPUR,26.617,92.783,23.2,1010.9,62.33
2006-03-18T18:00:00,42415099999,TEZPUR,26.617,92.783,21.2,1011.4,75.04
2006-03-18T21:00:00,42415099999,TEZPUR,26.617,92.783,19.0,1011.0,84.35
2006-03-19T00:00:00,42415099999,TEZPUR,26.617,92.783,17.4,1011.7,83.63
2006-03-19T03:00:00,42415099999,TEZPUR,26.617,92.783,24.6,1013.0,54.78
2006-03-19T06:00:00,42415099999,TEZPUR,26.617,92.783,31.0,1010.7,34.88
2006-03-19T09:00:00,42415099999,TEZPUR,26.617,92.783,31.4,1007.4,31.73
2006-03-19T12:00:00,42415099999,TEZPUR,26.617,92.783,26.6,1007.2,45.31
2006-03-19T15:00:00,42415099999,TEZPUR,26.617,92.783,23.0,1009.8,59.16
2006-03-19T18:00:00,42415099999,TEZPUR,26.617,92.783,22.0,1010.3,64.09
2006-03-20T00:00:00,42415099999,TEZPUR,26.617,92.783,17.6,1010.3,77.91
2006-03-20T03:00:00,42415099999,TEZPUR,26.617,92.783,22.8,1011.5,57.23
2006-03-20T06:00:00,42415099999,TEZPUR,26.617,92.783,30.4,1009.4,36.57
2006-03-20T09:00:00,42415099999,TEZPUR,26.617,92.783,31.6,1005.8,26.23
2006-03-20T12:00:00,42415099999,TEZPUR,26.617,92.783,27.6,1005.8,39.51
2006-03-20T15:00:00,42415099999,TEZPUR,26.617,92.783,24.2,1007.6,51.58
2006-03-20T18:00:00,42415099999,TEZPUR,26.617,92.783,21.2,1008.4,75.04
2006-03-20T21:00:00,42415099999,TEZPUR,26.617,92.783,19.4,1008.7,81.23
2006-03-21T00:00:00,42415099999,TEZPUR,26.617,92.783,17.6,1008.1,85.84
2006-03-21T03:00:00,42415099999,TEZPUR,26.617,92.783,24.0,1009.0,57.15
2006-03-21T06:00:00,42415099999,TEZPUR,26.617,92.783,28.0,1007.7,41.2
2006-03-21T09:00:00,42415099999,TEZPUR,26.617,92.783,30.8,1002.8,36.92
2006-03-21T12:00:00,42415099999,TEZPUR,26.617,92.783,28.4,1002.7,45.21
2006-03-21T15:00:00,42415099999,TEZPUR,26.617,92.783,24.8,1004.4,58.08
2006-03-21T18:00:00,42415099999,TEZPUR,26.617,92.783,23.4,1004.6,66.9
2006-03-21T21:00:00,42415099999,TEZPUR,26.617,92.783,20.4,1004.7,81.36
2006-03-22T00:00:00,42415099999,TEZPUR,26.617,92.783,19.4,1005.3,82.8
2006-03-22T03:00:00,42415099999,TEZPUR,26.617,92.783,21.4,1007.9,69.99
2006-03-22T06:00:00,42415099999,TEZPUR,26.617,92.783,24.4,1007.2,57.62
2006-03-22T09:00:00,42415099999,TEZPUR,26.617,92.783,25.0,1003.6,56.66
2006-03-22T12:00:00,42415099999,TEZPUR,26.617,92.783,21.2,1004.3,71.76
2006-03-22T15:00:00,42415099999,TEZPUR,26.617,92.783,20.0,1006.6,72.47
2006-03-22T18:00:00,42415099999,TEZPUR,26.617,92.783,18.8,1007.1,79.1
2006-03-22T21:00:00,42415099999,TEZPUR,26.617,92.783,17.4,1006.8,83.63
2006-03-23T00:00:00,42415099999,TEZPUR,26.617,92.783,16.6,1007.0,91.44
2006-03-23T03:00:00,42415099999,TEZPUR,26.617,92.783,22.0,1008.6,67.47
2006-03-23T06:00:00,42415099999,TEZPUR,26.617,92.783,27.0,1006.8,48.44
2006-03-23T09:00:00,42415099999,TEZPUR,26.617,92.783,28.6,1003.6,45.27
2006-03-23T12:00:00,42415099999,TEZPUR,26.617,92.783,23.6,1004.3,65.68
2006-03-23T15:00:00,42415099999,TEZPUR,26.617,92.783,22.0,1006.4,58.16
2006-03-23T18:00:00,42415099999,TEZPUR,26.617,92.783,19.6,1007.3,66.98
2006-03-23T21:00:00,42415099999,TEZPUR,26.617,92.783,17.6,1007.1,74.43
2006-03-24T00:00:00,42415099999,TEZPUR,26.617,92.783,18.6,1007.5,80.61
2006-03-24T03:00:00,42415099999,TEZPUR,26.617,92.783,22.2,1010.2,64.55
2006-03-24T06:00:00,42415099999,TEZPUR,26.617,92.783,26.6,1009.1,45.31
2006-03-24T09:00:00,42415099999,TEZPUR,26.617,92.783,25.8,1005.6,44.5
2006-03-24T12:00:00,42415099999,TEZPUR,26.617,92.783,23.0,1005.5,54.73
2006-03-24T15:00:00,42415099999,TEZPUR,26.617,92.783,21.6,1007.7,60.77
2006-03-24T18:00:00,42415099999,TEZPUR,26.617,92.783,20.6,1008.2,71.19
2006-03-24T21:00:00,42415099999,TEZPUR,26.617,92.783,19.0,1007.8,80.66
2006-03-25T00:00:00,42415099999,TEZPUR,26.617,92.783,19.0,1008.3,84.35
2006-03-25T03:00:00,42415099999,TEZPUR,26.617,92.783,21.6,1010.2,70.47
2006-03-25T06:00:00,42415099999,TEZPUR,26.617,92.783,27.2,1009.1,44.89
2006-03-25T09:00:00,42415099999,TEZPUR,26.617,92.783,27.4,1005.5,46.41
2006-03-25T12:00:00,42415099999,TEZPUR,26.617,92.783,24.6,1004.7,53.38
2006-03-25T15:00:00,42415099999,TEZPUR,26.617,92.783,22.8,1008.0,61.84
2006-03-25T18:00:00,42415099999,TEZPUR,26.617,92.783,21.4,1007.8,73.65
2006-03-25T21:00:00,42415099999,TEZPUR,26.617,92.783,20.4,1007.3,81.36
2006-03-26T00:00:00,42415099999,TEZPUR,26.617,92.783,20.0,1006.6,75.8
2006-03-26T03:00:00,42415099999,TEZPUR,26.617,92.783,23.8,1007.3,61.28
2006-03-26T06:00:00,42415099999,TEZPUR,26.617,92.783,29.4,1005.5,41.59
2006-03-26T09:00:00,42415099999,TEZPUR,26.617,92.783,31.0,1001.5,40.45
2006-03-26T12:00:00,42415099999,TEZPUR,26.617,92.783,25.6,1001.2,53.3
2006-03-26T15:00:00,42415099999,TEZPUR,26.617,92.783,22.6,1004.2,66.31
2006-03-26T18:00:00,42415099999,TEZPUR,26.617,92.783,21.6,1005.0,68.69
2006-03-26T21:00:00,42415099999,TEZPUR,26.617,92.783,20.2,1005.4,76.32
2006-03-27T00:00:00,42415099999,TEZPUR,26.617,92.783,19.4,1004.8,82.8
2006-03-27T03:00:00,42415099999,TEZPUR,26.617,92.783,24.0,1007.6,62.91
2006-03-27T06:00:00,42415099999,TEZPUR,26.617,92.783,28.8,1005.9,50.17
2006-03-27T09:00:00,42415099999,TEZPUR,26.617,92.783,32.6,1002.3,36.24
2006-03-27T12:00:00,42415099999,TEZPUR,26.617,92.783,28.0,1002.1,55.62
2006-03-27T15:00:00,42415099999,TEZPUR,26.617,92.783,25.0,1005.3,65.15
2006-03-27T18:00:00,42415099999,TEZPUR,26.617,92.783,23.6,1006.6,71.74
2006-03-27T21:00:00,42415099999,TEZPUR,26.617,92.783,21.8,1007.1,80.52
2006-03-28T00:00:00,42415099999,TEZPUR,26.617,92.783,19.2,1008.2,90.46
2006-03-28T03:00:00,42415099999,TEZPUR,26.617,92.783,25.4,1010.0,65.64
2006-03-28T06:00:00,42415099999,TEZPUR,26.617,92.783,31.6,1008.7,35.96
2006-03-28T09:00:00,42415099999,TEZPUR,26.617,92.783,33.2,1005.1,24.78
2006-03-28T12:00:00,42415099999,TEZPUR,26.617,92.783,30.6,1004.4,30.69
2006-03-28T15:00:00,42415099999,TEZPUR,26.617,92.783,26.0,1006.1,37.28
2006-03-28T18:00:00,42415099999,TEZPUR,26.617,92.783,23.6,1007.5,62.42
2006-03-28T21:00:00,42415099999,TEZPUR,26.617,92.783,23.0,1008.0,60.7
2006-03-29T00:00:00,42415099999,TEZPUR,26.617,92.783,18.4,1008.9,85.92
2006-03-29T03:00:00,42415099999,TEZPUR,26.617,92.783,25.6,1011.6,50.62
2006-03-29T06:00:00,42415099999,TEZPUR,26.617,92.783,31.2,1010.1,26.48
2006-03-29T09:00:00,42415099999,TEZPUR,26.617,92.783,33.6,1005.9,14.58
2006-03-29T12:00:00,42415099999,TEZPUR,26.617,92.783,29.4,1005.2,36.29
2006-03-29T15:00:00,42415099999,TEZPUR,26.617,92.783,26.0,1007.7,40.91
2006-03-29T18:00:00,42415099999,TEZPUR,26.617,92.783,21.4,1009.5,51.18
2006-03-29T21:00:00,42415099999,TEZPUR,26.617,92.783,19.6,1009.8,63.56
2006-03-30T00:00:00,42415099999,TEZPUR,26.617,92.783,16.6,1010.4,71.85
2006-03-30T03:00:00,42415099999,TEZPUR,26.617,92.783,25.0,1012.4,47.28
2006-03-30T06:00:00,42415099999,TEZPUR,26.617,92.783,31.6,1010.9,34.82
2006-03-30T09:00:00,42415099999,TEZPUR,26.617,92.783,33.6,1007.4,17.25
2006-03-30T12:00:00,42415099999,TEZPUR,26.617,92.783,28.0,1007.6,38.85
2006-03-30T15:00:00,42415099999,TEZPUR,26.617,92.783,24.0,1009.5,52.89
2006-03-30T18:00:00,42415099999,TEZPUR,26.617,92.783,20.8,1009.8,58.25
2006-03-30T21:00:00,42415099999,TEZPUR,26.617,92.783,19.6,1010.2,65.25
2006-03-31T00:00:00,42415099999,TEZPUR,26.617,92.783,18.0,1009.3,67.08
2006-03-31T03:00:00,42415099999,TEZPUR,26.617,92.783,24.6,1011.9,48.11
2006-03-31T06:00:00,42415099999,TEZPUR,26.617,92.783,31.0,1009.6,34.2
2006-03-31T09:00:00,42415099999,TEZPUR,26.617,92.783,33.4,1005.7,24.18
2006-03-31T12:00:00,42415099999,TEZPUR,26.617,92.783,30.6,1005.2,35.69
2006-03-31T15:00:00,42415099999,TEZPUR,26.617,92.783,24.0,1007.7,54.27
2006-03-31T18:00:00,42415099999,TEZPUR,26.617,92.783,21.6,1008.6,65.25
2006-03-31T21:00:00,42415099999,TEZPUR,26.617,92.783,20.0,1008.4,75.8
2006-04-01T00:00:00,42415099999,TEZPUR,26.617,92.783,19.2,1008.6,77.15
2006-04-01T03:00:00,42415099999,TEZPUR,26.617,92.783,25.0,1010.4,53.83
2006-04-01T06:00:00,42415099999,TEZPUR,26.617,92.783,30.0,1008.5,36.93
2006-04-01T09:00:00,42415099999,TEZPUR,26.617,92.783,33.6,1004.2,29.92
2006-04-01T12:00:00,42415099999,TEZPUR,26.617,92.783,29.4,1003.6,44.06
2006-04-01T15:00:00,42415099999,TEZPUR,26.617,92.783,27.6,1008.2,50.18
2006-04-01T18:00:00,42415099999,TEZPUR,26.617,92.783,24.6,1008.6,63.44
2006-04-01T21:00:00,42415099999,TEZPUR,26.617,92.783,22.2,1008.3,
2006-04-02T00:00:00,42415099999,TEZPUR,26.617,92.783,20.6,1009.5,85.06
2006-04-02T03:00:00,42415099999,TEZPUR,26.617,92.783,25.4,1011.0,60.1
2006-04-02T06:00:00,42415099999,TEZPUR,26.617,92.783,29.0,1009.4,48.05
2006-04-02T09:00:00,42415099999,TEZPUR,26.617,92.783,30.2,1005.3,40.49
2006-04-02T12:00:00,42415099999,TEZPUR,26.617,92.783,27.2,1005.1,51.04
2006-04-02T15:00:00,42415099999,TEZPUR,26.617,92.783,22.0,1008.8,73.75
2006-04-02T18:00:00,42415099999,TEZPUR,26.617,92.783,20.4,1006.2,87.2
2006-04-02T21:00:00,42415099999,TEZPUR,26.617,92.783,18.4,1007.1,80.58
2006-04-03T00:00:00,42415099999,TEZPUR,26.617,92.783,19.0,1008.6,86.52
2006-04-03T03:00:00,42415099999,TEZPUR,26.617,92.783,23.2,1011.1,73.04
2006-04-03T06:00:00,42415099999,TEZPUR,26.617,92.783,25.4,1009.5,61.25
2006-04-03T09:00:00,42415099999,TEZPUR,26.617,92.783,26.6,1007.7,54.23
2006-04-03T12:00:00,42415099999,TEZPUR,26.617,92.783,23.0,1005.7,74.39
2006-04-03T15:00:00,42415099999,TEZPUR,26.617,92.783,21.4,1009.9,78.47
2006-04-03T18:00:00,42415099999,TEZPUR,26.617,92.783,19.2,1009.5,88.2
2006-04-03T21:00:00,42415099999,TEZPUR,26.617,92.783,19.0,1009.7,90.45
2006-04-04T00:00:00,42415099999,TEZPUR,26.617,92.783,18.6,1008.6,84.31
2006-04-04T03:00:00,42415099999,TEZPUR,26.617,92.783,22.2,1010.7,71.04
2006-04-04T06:00:00,42415099999,TEZPUR,26.617,92.783,20.0,1009.7,90.51
2006-04-04T09:00:00,42415099999,TEZPUR,26.617,92.783,21.4,1007.2,78.47
2006-04-04T12:00:00,42415099999,TEZPUR,26.617,92.783,20.0,1006.6,81.31
2006-04-04T15:00:00,42415099999,TEZPUR,26.617,92.783,18.2,1008.3,92.13
2006-04-04T18:00:00,42415099999,TEZPUR,26.617,92.783,18.8,1008.6,90.43
2006-04-04T21:00:00,42415099999,TEZPUR,26.617,92.783,18.0,1006.3,95.68
2006-04-05T00:00:00,42415099999,TEZPUR,26.617,92.783,18.0,1008.2,95.68
2006-04-05T03:00:00,42415099999,TEZPUR,26.617,92.783,19.6,1010.4,88.24
2006-04-05T06:00:00,42415099999,TEZPUR,26.617,92.783,22.6,1009.6,77.66
2006-04-05T09:00:00,42415099999,TEZPUR,26.617,92.783,23.7,1007.5,68.24
2006-04-05T12:00:00,42415099999,TEZPUR,26.617,92.783,22.0,1006.8,79.05
2006-04-05T15:00:00,42415099999,TEZPUR,26.617,92.783,20.0,1009.1,93.97
2006-04-05T18:00:00,42415099999,TEZPUR,26.617,92.783,19.6,1010.5,96.33
2006-04-05T21:00:00,42415099999,TEZPUR,26.617,92.783,19.4,1009.4,96.33
2006-04-06T00:00:00,42415099999,TEZPUR,26.617,92.783,19.4,1010.7,96.33
2006-04-06T03:00:00,42415099999,TEZPUR,26.617,92.783,21.4,1013.0,88.94
2006-04-06T09:00:00,42415099999,TEZPUR,26.617,92.783,21.0,1008.9,92.86
2006-04-06T15:00:00,42415099999,TEZPUR,26.617,92.783,21.4,1009.6,87.29
2006-04-06T18:00:00,42415099999,TEZPUR,26.617,92.783,19.4,1009.6,96.33
2006-04-06T21:00:00,42415099999,TEZPUR,26.617,92.783,18.4,1007.1,92.14
2006-04-07T00:00:00,42415099999,TEZPUR,26.617,92.783,18.8,1010.4,93.92
2006-04-07T03:00:00,42415099999,TEZPUR,26.617,92.783,24.6,1012.2,76.06
2006-04-07T06:00:00,42415099999,TEZPUR,26.617,92.783,24.0,1011.2,72.27
2006-04-07T09:00:00,42415099999,TEZPUR,26.617,92.783,24.8,1007.4,65.1
2006-04-07T12:00:00,42415099999,TEZPUR,26.617,92.783,22.0,1007.6,82.08
2006-04-07T15:00:00,42415099999,TEZPUR,26.617,92.783,20.6,1010.4,85.06
2006-04-07T18:00:00,42415099999,TEZPUR,26.617,92.783,20.2,1009.9,85.02
2006-04-07T21:00:00,42415099999,TEZPUR,26.617,92.783,19.4,1008.6,86.56
2006-04-08T00:00:00,42415099999,TEZPUR,26.617,92.783,19.4,1008.8,88.22
2006-04-08T03:00:00,42415099999,TEZPUR,26.617,92.783,21.4,1010.8,83.56
2006-04-08T06:00:00,42415099999,TEZPUR,26.617,92.783,22.8,1009.9,79.16
2006-04-08T09:00:00,42415099999,TEZPUR,26.617,92.783,24.0,1006.2,67.44
2006-04-08T12:00:00,42415099999,TEZPUR,26.617,92.783,23.0,1006.0,74.39
2006-04-08T15:00:00,42415099999,TEZPUR,26.617,92.783,21.4,1008.1,82.0
2006-04-08T18:00:00,42415099999,TEZPUR,26.617,92.783,20.6,1009.4,88.87
2006-04-08T21:00:00,42415099999,TEZPUR,26.617,92.783,19.4,1007.8,90.47
2006-04-09T00:00:00,42415099999,TEZPUR,26.617,92.783,19.4,1009.2,92.2
2006-04-09T03:00:00,42415099999,TEZPUR,26.617,92.783,23.6,1010.5,78.3
2006-04-09T06:00:00,42415099999,TEZPUR,26.617,92.783,24.8,1008.9,71.07
2006-04-09T09:00:00,42415099999,TEZPUR,26.617,92.783,28.0,1006.0,57.03
2006-04-09T12:00:00,42415099999,TEZPUR,26.617,92.783,26.0,1005.4,70.41
2006-04-09T15:00:00,42415099999,TEZPUR,26.617,92.783,23.2,1008.0,81.21
2006-04-09T18:00:00,42415099999,TEZPUR,26.617,92.783,23.0,1008.5,84.26
2006-04-09T21:00:00,42415099999,TEZPUR,26.617,92.783,22.4,1007.1,87.38
2006-04-10T00:00:00,42415099999,TEZPUR,26.617,92.783,21.4,1007.8,94.62
2006-04-10T03:00:00,42415099999,TEZPUR,26.617,92.783,23.0,1009.1,87.98
2006-04-10T06:00:00,42415099999,TEZPUR,26.617,92.783,26.6,1009.7,76.37
2006-04-10T09:00:00,42415099999,TEZPUR,26.617,92.783,24.4,1005.0,64.61
2006-04-10T12:00:00,42415099999,TEZPUR,26.617,92.783,23.6,1003.4,81.26
2006-04-10T15:00:00,42415099999,TEZPUR,26.617,92.783,22.4,1005.4,91.24
2006-04-10T18:00:00,42415099999,TEZPUR,26.617,92.783,20.6,1004.7,96.96
2006-04-10T21:00:00,42415099999,TEZPUR,26.617,92.783,20.4,1003.6,88.86
2006-04-11T00:00:00,42415099999,TEZPUR,26.617,92.783,20.6,1003.8,94.59
2006-04-11T03:00:00,42415099999,TEZPUR,26.617,92.783,25.2,,75.68
2006-04-11T06:00:00,42415099999,TEZPUR,26.617,92.783,28.0,1002.6,72.96
2006-04-11T09:00:00,42415099999,TEZPUR,26.617,92.783,28.4,1000.5,71.72
2006-04-11T12:00:00,42415099999,TEZPUR,26.617,92.783,27.8,999.2,73.37
2006-04-11T15:00:00,42415099999,TEZPUR,26.617,92.783,25.8,1000.7,80.55
2006-04-11T18:00:00,42415099999,TEZPUR,26.617,92.783,25.0,999.9,86.56
2006-04-11T21:00:00,42415099999,TEZPUR,26.617,92.783,25.4,999.2,81.99
2006-04-12T00:00:00,42415099999,TEZPUR,26.617,92.783,24.2,1001.1,84.91
2006-04-12T03:00:00,42415099999,TEZPUR,26.617,92.783,27.6,1004.0,72.9
2006-04-12T06:00:00,42415099999,TEZPUR,26.617,92.783,30.6,1002.5,63.94
2006-04-12T09:00:00,42415099999,TEZPUR,26.617,92.783,31.4,999.7,63.34
2006-04-12T12:00:00,42415099999,TEZPUR,26.617,92.783,29.8,999.2,69.83
2006-04-12T15:00:00,42415099999,TEZPUR,26.617,92.783,27.0,1001.5,84.18
2006-04-12T18:00:00,42415099999,TEZPUR,26.617,92.783,23.8,1002.0,88.04
2006-04-13T00:00:00,42415099999,TEZPUR,26.617,92.783,21.8,1002.7,91.2
2006-04-13T03:00:00,42415099999,TEZPUR,26.617,92.783,27.6,1004.9,72.9
2006-04-13T06:00:00,42415099999,TEZPUR,26.617,92.783,31.2,1003.7,55.03
2006-04-13T09:00:00,42415099999,TEZPUR,26.617,92.783,32.4,1000.0,56.0
2006-04-13T12:00:00,42415099999,TEZPUR,26.617,92.783,30.2,999.0,70.33
2006-04-13T15:00:00,42415099999,TEZPUR,26.617,92.783,27.4,1001.9,78.36
2006-04-13T18:00:00,42415099999,TEZPUR,26.617,92.783,27.2,1003.4,68.5
2006-04-13T21:00:00,42415099999,TEZPUR,26.617,92.783,26.8,1003.2,65.12
2006-04-14T00:00:00,42415099999,TEZPUR,26.617,92.783,24.4,1003.9,72.34
2006-04-14T03:00:00,42415099999,TEZPUR,26.617,92.783,28.0,1007.0,58.11
2006-04-14T06:00:00,42415099999,TEZPUR,26.617,92.783,31.6,1005.8,55.47
2006-04-14T09:00:00,42415099999,TEZPUR,26.617,92.783,33.4,1003.2,44.03
2006-04-14T12:00:00,42415099999,TEZPUR,26.617,92.783,30.0,1002.3,64.99
2006-04-14T15:00:00,42415099999,TEZPUR,26.617,92.783,28.0,1004.2,67.41
2006-04-14T18:00:00,42415099999,TEZPUR,26.617,92.783,26.0,1004.9,76.27
2006-04-15T00:00:00,42415099999,TEZPUR,26.617,92.783,23.8,1006.6,82.8
2006-04-15T03:00:00,42415099999,TEZPUR,26.617,92.783,25.6,1009.0,68.61
2006-04-15T06:00:00,42415099999,TEZPUR,26.617,92.783,28.2,1007.8,61.12
2006-04-15T09:00:00,42415099999,TEZPUR,26.617,92.783,29.6,1004.1,57.06
2006-04-15T12:00:00,42415099999,TEZPUR,26.617,92.783,27.2,1002.8,64.4
2006-04-15T15:00:00,42415099999,TEZPUR,26.617,92.783,25.4,1004.4,71.62
2006-04-15T18:00:00,42415099999,TEZPUR,26.617,92.783,23.6,1004.6,79.77
2006-04-15T21:00:00,42415099999,TEZPUR,26.617,92.783,22.2,1004.0,85.76
2006-04-16T00:00:00,42415099999,TEZPUR,26.617,92.783,22.0,1005.3,87.35
2006-04-16T03:00:00,42415099999,TEZPUR,26.617,92.783,27.0,1007.4,65.56
2006-04-16T06:00:00,42415099999,TEZPUR,26.617,92.783,28.8,1006.2,59.03
2006-04-16T09:00:00,42415099999,TEZPUR,26.617,92.783,30.6,1003.2,59.08
2006-04-16T12:00:00,42415099999,TEZPUR,26.617,92.783,27.4,1003.1,68.54
2006-04-16T15:00:00,42415099999,TEZPUR,26.617,92.783,25.4,1005.1,75.71
2006-04-16T18:00:00,42415099999,TEZPUR,26.617,92.783,23.0,1005.0,82.71
2006-04-16T21:00:00,42415099999,TEZPUR,26.617,92.783,21.6,1003.7,88.95
2006-04-17T00:00:00,42415099999,TEZPUR,26.617,92.783,21.4,1007.2,90.61
2006-04-17T03:00:00,42415099999,TEZPUR,26.617,92.783,25.0,1008.4,65.15
2006-04-17T06:00:00,42415099999,TEZPUR,26.617,92.783,29.6,1008.0,54.64
2006-04-17T09:00:00,42415099999,TEZPUR,26.617,92.783,29.6,1004.9,53.96
2006-04-17T12:00:00,42415099999,TEZPUR,26.617,92.783,27.0,1004.4,66.79
2006-04-17T15:00:00,42415099999,TEZPUR,26.617,92.783,24.0,1006.4,79.82
2006-04-17T18:00:00,42415099999,TEZPUR,26.617,92.783,23.4,1006.2,79.74
2006-04-17T21:00:00,42415099999,TEZPUR,26.617,92.783,22.6,1005.8,81.64
2006-04-18T00:00:00,42415099999,TEZPUR,26.617,92.783,21.0,1010.0,94.6
2006-04-18T03:00:00,42415099999,TEZPUR,26.617,92.783,21.6,1013.0,94.63
2006-04-18T06:00:00,42415099999,TEZPUR,26.617,92.783,22.6,1012.0,87.4
2006-04-18T09:00:00,42415099999,TEZPUR,26.617,92.783,23.2,1010.3,84.28
2006-04-18T12:00:00,42415099999,TEZPUR,26.617,92.783,22.0,1009.8,92.91
2006-04-18T15:00:00,42415099999,TEZPUR,26.617,92.783,21.4,1011.5,92.88
2006-04-18T18:00:00,42415099999,TEZPUR,26.617,92.783,21.2,1012.2,92.87
2006-04-18T21:00:00,42415099999,TEZPUR,26.617,92.783,20.6,1011.1,94.59
2006-04-19T00:00:00,42415099999,TEZPUR,26.617,92.783,20.6,1012.2,88.87
2006-04-19T03:00:00,42415099999,TEZPUR,26.617,92.783,23.0,1013.6,79.19
2006-04-19T06:00:00,42415099999,TEZPUR,26.617,92.783,19.0,1015.0,90.45
2006-04-19T09:00:00,42415099999,TEZPUR,26.617,92.783,22.2,1011.5,80.58
2006-04-19T12:00:00,42415099999,TEZPUR,26.617,92.783,23.6,1010.8,74.03
2006-04-19T15:00:00,42415099999,TEZPUR,26.617,92.783,20.0,1013.0,92.23
2006-04-19T18:00:00,42415099999,TEZPUR,26.617,92.783,19.8,1013.0,93.97
2006-04-19T21:00:00,42415099999,TEZPUR,26.617,92.783,19.2,1012.1,93.94
2006-04-20T00:00:00,42415099999,TEZPUR,26.617,92.783,19.0,1013.4,93.93
2006-04-20T03:00:00,42415099999,TEZPUR,26.617,92.783,24.6,1014.6,77.0
2006-04-20T06:00:00,42415099999,TEZPUR,26.617,92.783,28.0,1012.6,58.11
2006-04-20T09:00:00,42415099999,TEZPUR,26.617,92.783,30.0,1009.0,52.74
2006-04-20T12:00:00,42415099999,TEZPUR,26.617,92.783,26.8,1007.2,61.19
2006-04-20T15:00:00,42415099999,TEZPUR,26.617,92.783,24.6,1009.5,71.03
2006-04-20T18:00:00,42415099999,TEZPUR,26.617,92.783,22.6,1010.1,82.66
2006-04-21T00:00:00,42415099999,TEZPUR,26.617,92.783,20.6,1009.2,94.59
2006-04-21T03:00:00,42415099999,TEZPUR,26.617,92.783,26.0,1011.6,66.18
2006-04-21T06:00:00,42415099999,TEZPUR,26.617,92.783,24.8,1010.5,72.41
2006-04-21T09:00:00,42415099999,TEZPUR,26.617,92.783,29.0,1007.1,51.83
2006-04-21T12:00:00,42415099999,TEZPUR,26.617,92.783,27.4,1006.3,59.07
2006-04-21T18:00:00,42415099999,TEZPUR,26.617,92.783,21.4,1008.7,90.61
2006-04-21T21:00:00,42415099999,TEZPUR,26.617,92.783,20.2,1007.5,92.24
2006-04-22T00:00:00,42415099999,TEZPUR,26.617,92.783,19.4,1008.8,90.47
2006-04-22T03:00:00,42415099999,TEZPUR,26.617,92.783,27.0,1010.1,58.61
2006-04-22T06:00:00,42415099999,TEZPUR,26.617,92.783,30.4,1007.9,54.16
2006-04-22T09:00:00,42415099999,TEZPUR,26.617,92.783,30.8,1004.9,44.43
2006-04-22T12:00:00,42415099999,TEZPUR,26.617,92.783,29.4,1004.2,55.62
2006-04-22T15:00:00,42415099999,TEZPUR,26.617,92.783,25.2,1006.7,69.83
2006-04-22T18:00:00,42415099999,TEZPUR,26.617,92.783,23.4,1007.0,76.34
2006-04-22T21:00:00,42415099999,TEZPUR,26.617,92.783,22.0,1006.3,82.08
2006-04-23T00:00:00,42415099999,TEZPUR,26.617,92.783,22.0,1007.5,84.15
2006-04-23T03:00:00,42415099999,TEZPUR,26.617,92.783,23.8,1009.3,79.79
2006-04-23T06:00:00,42415099999,TEZPUR,26.617,92.783,28.4,1007.4,63.86
2006-04-23T09:00:00,42415099999,TEZPUR,26.617,92.783,30.6,1004.3,35.69
2006-04-23T12:00:00,42415099999,TEZPUR,26.617,92.783,26.6,1004.3,67.96
2006-04-23T18:00:00,42415099999,TEZPUR,26.617,92.783,24.0,1006.5,71.37
2006-04-23T21:00:00,42415099999,TEZPUR,26.617,92.783,22.8,1006.0,77.69
2006-04-24T00:00:00,42415099999,TEZPUR,26.617,92.783,22.0,1007.6,84.15
2006-04-24T03:00:00,42415099999,TEZPUR,26.617,92.783,24.2,1009.5,73.67
2006-04-24T06:00:00,42415099999,TEZPUR,26.617,92.783,26.2,1009.1,64.99
2006-04-24T09:00:00,42415099999,TEZPUR,26.617,92.783,27.6,1006.6,61.75
2006-04-24T12:00:00,42415099999,TEZPUR,26.617,92.783,24.0,1006.6,78.35
2006-04-24T15:00:00,42415099999,TEZPUR,26.617,92.783,22.2,1007.6,91.22
2006-04-24T18:00:00,42415099999,TEZPUR,26.617,92.783,21.4,1007.9,90.61
2006-04-25T00:00:00,42415099999,TEZPUR,26.617,92.783,20.4,1008.1,94.58
2006-04-25T03:00:00,42415099999,TEZPUR,26.617,92.783,27.0,1008.8,65.56
2006-04-25T06:00:00,42415099999,TEZPUR,26.617,92.783,29.8,1007.0,58.53
2006-04-25T09:00:00,42415099999,TEZPUR,26.617,92.783,23.0,1003.7,87.44
2006-04-25T12:00:00,42415099999,TEZPUR,26.617,92.783,29.2,1003.3,65.62
2006-04-25T15:00:00,42415099999,TEZPUR,26.617,92.783,26.0,1006.1,73.07
2006-04-25T18:00:00,42415099999,TEZPUR,26.617,92.783,24.6,1006.7,73.73
2006-04-25T21:00:00,42415099999,TEZPUR,26.617,92.783,23.2,1006.2,76.31
2006-04-26T00:00:00,42415099999,TEZPUR,26.617,92.783,21.0,1007.9,96.37
2006-04-26T03:00:00,42415099999,TEZPUR,26.617,92.783,24.8,1008.8,80.42
2006-04-26T06:00:00,42415099999,TEZPUR,26.617,92.783,28.2,1007.5,66.22
2006-04-26T09:00:00,42415099999,TEZPUR,26.617,92.783,29.6,1004.6,54.64
2006-04-26T12:00:00,42415099999,TEZPUR,26.617,92.783,27.2,1004.5,68.5
2006-04-26T15:00:00,42415099999,TEZPUR,26.617,92.783,24.8,1005.4,77.03
2006-04-26T18:00:00,42415099999,TEZPUR,26.617,92.783,24.2,1006.5,81.34
2006-04-26T21:00:00,42415099999,TEZPUR,26.617,92.783,22.0,1006.2,84.15
2006-04-27T00:00:00,42415099999,TEZPUR,26.617,92.783,21.0,1007.9,90.58
2006-04-30T03:00:00,42415099999,TEZPUR,26.617,92.783,27.8,1004.2,64.53
2006-04-30T06:00:00,42415099999,TEZPUR,26.617,92.783,31.8,1002.5,53.19
2006-04-30T09:00:00,42415099999,TEZPUR,26.617,92.783,34.0,1000.2,38.76
2006-04-30T12:00:00,42415099999,TEZPUR,26.617,92.783,32.4,1000.3,49.24
2006-04-30T15:00:00,42415099999,TEZPUR,26.617,92.783,28.4,1003.5,74.82
2006-05-01T00:00:00,42415099999,TEZPUR,26.617,92.783,25.0,1006.2,83.45
2006-05-01T03:00:00,42415099999,TEZPUR,26.617,92.783,30.6,1007.9,61.66
2006-05-01T06:00:00,42415099999,TEZPUR,26.617,92.783,32.6,1006.3,51.78
2006-05-01T09:00:00,42415099999,TEZPUR,26.617,92.783,34.2,1003.8,43.7
2006-05-01T12:00:00,42415099999,TEZPUR,26.617,92.783,30.6,1003.7,69.15
2006-05-02T00:00:00,42415099999,TEZPUR,26.617,92.783,22.6,1009.4,89.58
2006-05-02T03:00:00,42415099999,TEZPUR,26.617,92.783,25.0,1010.6,88.14
2006-05-02T06:00:00,42415099999,TEZPUR,26.617,92.783,29.6,1009.0,72.36
2006-05-02T09:00:00,42415099999,TEZPUR,26.617,92.783,32.0,1006.1,62.71
2006-05-02T12:00:00,42415099999,TEZPUR,26.617,92.783,30.6,1005.8,65.51
2006-05-02T15:00:00,42415099999,TEZPUR,26.617,92.783,26.8,1006.3,84.16
2006-05-03T00:00:00,42415099999,TEZPUR,26.617,92.783,21.4,1010.6,92.88
2006-05-03T09:00:00,42415099999,TEZPUR,26.617,92.783,30.8,1006.4,57.0
2006-05-03T12:00:00,42415099999,TEZPUR,26.617,92.783,30.0,1005.3,64.99
2006-05-03T15:00:00,42415099999,TEZPUR,26.617,92.783,27.4,1006.9,76.95
2006-05-03T18:00:00,42415099999,TEZPUR,26.617,92.783,26.6,1006.6,87.23
2006-05-04T00:00:00,42415099999,TEZPUR,26.617,92.783,24.6,1007.8,96.47
2006-05-04T03:00:00,42415099999,TEZPUR,26.617,92.783,27.0,1009.3,84.18
2006-05-04T06:00:00,42415099999,TEZPUR,26.617,92.783,29.8,1008.1,74.15
2006-05-04T09:00:00,42415099999,TEZPUR,26.617,92.783,29.4,1006.4,65.66
2006-05-04T12:00:00,42415099999,TEZPUR,26.617,92.783,26.2,1005.4,82.58
2006-05-04T18:00:00,42415099999,TEZPUR,26.617,92.783,24.2,1006.8,83.36
2006-05-04T21:00:00,42415099999,TEZPUR,26.617,92.783,23.6,1006.8,94.7
2006-05-05T00:00:00,42415099999,TEZPUR,26.617,92.783,22.6,1008.5,94.67
2006-05-05T03:00:00,42415099999,TEZPUR,26.617,92.783,27.8,1010.7,68.62
2006-05-05T06:00:00,42415099999,TEZPUR,26.617,92.783,29.6,1009.7,60.69
2006-05-05T09:00:00,42415099999,TEZPUR,26.617,92.783,31.4,1006.8,55.08
2006-05-05T12:00:00,42415099999,TEZPUR,26.617,92.783,30.0,1005.8,66.18
2006-05-05T15:00:00,42415099999,TEZPUR,26.617,92.783,25.4,1007.4,88.18
2006-05-05T18:00:00,42415099999,TEZPUR,26.617,92.783,24.2,1008.1,89.7
2006-05-05T21:00:00,42415099999,TEZPUR,26.617,92.783,23.0,1008.2,94.68
2006-05-06T00:00:00,42415099999,TEZPUR,26.617,92.783,22.4,1008.4,96.41
2006-05-06T03:00:00,42415099999,TEZPUR,26.617,92.783,24.5,1011.1,90.82
2006-05-06T06:00:00,42415099999,TEZPUR,26.617,92.783,26.4,1009.3,73.59
2006-05-06T09:00:00,42415099999,TEZPUR,26.617,92.783,27.0,1007.2,72.35
2006-05-06T12:00:00,42415099999,TEZPUR,26.617,92.783,23.8,1007.6,76.4
2006-05-06T18:00:00,42415099999,TEZPUR,26.617,92.783,21.4,1009.0,96.38
2006-05-07T00:00:00,42415099999,TEZPUR,26.617,92.783,21.4,1008.0,92.88
2006-05-07T03:00:00,42415099999,TEZPUR,26.617,92.783,24.2,1009.5,78.38
2006-05-07T06:00:00,42415099999,TEZPUR,26.617,92.783,28.6,1008.4,65.09
2006-05-07T09:00:00,42415099999,TEZPUR,26.617,92.783,29.8,1005.3,59.62
2006-05-07T12:00:00,42415099999,TEZPUR,26.617,92.783,28.0,1005.2,70.35
2006-05-07T18:00:00,42415099999,TEZPUR,26.617,92.783,23.8,1007.0,91.32
2006-05-07T21:00:00,42415099999,TEZPUR,26.617,92.783,22.6,1006.7,92.94
2006-05-08T00:00:00,42415099999,TEZPUR,26.617,92.783,22.4,1007.8,92.93
2006-05-08T03:00:00,42415099999,TEZPUR,26.617,92.783,28.0,1009.7,70.35
2006-05-08T12:00:00,42415099999,TEZPUR,26.617,92.783,31.0,1004.0,60.63
2006-05-08T15:00:00,42415099999,TEZPUR,26.617,92.783,27.0,1006.4,75.5
2006-05-08T21:00:00,42415099999,TEZPUR,26.617,92.783,24.8,1006.4,77.99
2006-05-09T03:00:00,42415099999,TEZPUR,26.617,92.783,27.4,1008.5,76.95
2006-05-09T06:00:00,42415099999,TEZPUR,26.617,92.783,31.2,1006.9,64.46
2006-05-09T09:00:00,42415099999,TEZPUR,26.617,92.783,32.6,1003.4,59.54
2006-05-09T12:00:00,42415099999,TEZPUR,26.617,92.783,30.6,1002.7,62.79
2006-05-09T15:00:00,42415099999,TEZPUR,26.617,92.783,27.4,1004.1,82.72
2006-05-09T18:00:00,42415099999,TEZPUR,26.617,92.783,26.2,1004.3,88.77
2006-05-09T21:00:00,42415099999,TEZPUR,26.617,92.783,24.8,1004.7,94.75
2006-05-10T00:00:00,42415099999,TEZPUR,26.617,92.783,25.0,1004.3,91.4
2006-05-10T03:00:00,42415099999,TEZPUR,26.617,92.783,30.0,1006.0,71.57
2006-05-10T06:00:00,42415099999,TEZPUR,26.617,92.783,23.6,1006.6,98.21
2006-05-11T12:00:00,42415099999,TEZPUR,26.617,92.783,27.4,1004.5,68.96
2006-05-11T21:00:00,42415099999,TEZPUR,26.617,92.783,24.8,1006.9,91.39
2006-05-12T00:00:00,42415099999,TEZPUR,26.617,92.783,24.6,1007.0,93.05
2006-05-12T03:00:00,42415099999,TEZPUR,26.617,92.783,27.0,1009.1,84.18
2006-05-12T06:00:00,42415099999,TEZPUR,26.617,92.783,30.4,1007.6,65.07
2006-05-12T09:00:00,42415099999,TEZPUR,26.617,92.783,30.2,1004.3,74.22
2006-05-12T12:00:00,42415099999,TEZPUR,26.617,92.783,26.8,1003.5,78.28
2006-05-12T18:00:00,42415099999,TEZPUR,26.617,92.783,25.4,1007.6,91.42
2006-05-13T00:00:00,42415099999,TEZPUR,26.617,92.783,22.8,1008.0,94.67
2006-05-13T06:00:00,42415099999,TEZPUR,26.617,92.783,27.6,1009.0,72.9
2006-05-13T12:00:00,42415099999,TEZPUR,26.617,92.783,27.6,1005.6,79.82
2006-05-13T15:00:00,42415099999,TEZPUR,26.617,92.783,26.4,1007.7,88.79
2006-05-13T18:00:00,42415099999,TEZPUR,26.617,92.783,25.4,1008.2,93.09
2006-05-14T00:00:00,42415099999,TEZPUR,26.617,92.783,23.0,1008.2,76.28
2006-05-14T03:00:00,42415099999,TEZPUR,26.617,92.783,21.6,1011.7,85.7
2006-05-14T06:00:00,42415099999,TEZPUR,26.617,92.783,21.8,1010.3,94.63
2006-05-14T09:00:00,42415099999,TEZPUR,26.617,92.783,23.6,1007.3,88.03
2006-05-14T12:00:00,42415099999,TEZPUR,26.617,92.783,24.4,1005.9,79.88
2006-05-14T15:00:00,42415099999,TEZPUR,26.617,92.783,22.4,1007.9,87.38
2006-05-14T18:00:00,42415099999,TEZPUR,26.617,92.783,21.0,1008.4,96.37
2006-05-14T21:00:00,42415099999,TEZPUR,26.617,92.783,20.0,1008.4,96.35
2006-05-15T00:00:00,42415099999,TEZPUR,26.617,92.783,21.0,1007.8,94.6
2006-05-15T03:00:00,42415099999,TEZPUR,26.617,92.783,26.0,1009.6,74.88
2006-05-15T06:00:00,42415099999,TEZPUR,26.617,92.783,29.6,1006.8,57.06
2006-05-15T12:00:00,42415099999,TEZPUR,26.617,92.783,29.4,,63.3
2006-05-15T15:00:00,42415099999,TEZPUR,26.617,92.783,25.4,1007.0,75.71
2006-05-15T18:00:00,42415099999,TEZPUR,26.617,92.783,25.0,1007.5,75.65
2006-05-15T21:00:00,42415099999,TEZPUR,26.617,92.783,24.2,1006.7,79.85
2006-05-16T00:00:00,42415099999,TEZPUR,26.617,92.783,23.0,1008.7,74.39
2006-05-16T03:00:00,42415099999,TEZPUR,26.617,92.783,28.2,1009.4,56.02
2006-05-16T06:00:00,42415099999,TEZPUR,26.617,92.783,31.2,1007.6,45.97
2006-05-16T09:00:00,42415099999,TEZPUR,26.617,92.783,33.4,1004.6,38.11
2006-05-16T12:00:00,42415099999,TEZPUR,26.617,92.783,30.6,1004.3,50.95
2006-05-16T18:00:00,42415099999,TEZPUR,26.617,92.783,24.2,1007.7,86.48
2006-05-16T21:00:00,42415099999,TEZPUR,26.617,92.783,23.4,1007.0,90.74
2006-05-17T00:00:00,42415099999,TEZPUR,26.617,92.783,23.4,1009.1,88.01
2006-05-17T03:00:00,42415099999,TEZPUR,26.617,92.783,29.8,1009.9,63.38
2006-05-17T06:00:00,42415099999,TEZPUR,26.617,92.783,32.8,1007.6,51.83
2006-05-17T09:00:00,42415099999,TEZPUR,26.617,92.783,34.4,1004.3,41.12
2006-05-17T12:00:00,42415099999,TEZPUR,26.617,92.783,32.0,1003.6,52.27
2006-05-17T15:00:00,42415099999,TEZPUR,26.617,92.783,27.4,1004.9,76.95
2006-05-17T18:00:00,42415099999,TEZPUR,26.617,92.783,25.0,1005.3,89.76
2006-05-17T21:00:00,42415099999,TEZPUR,26.617,92.783,24.0,1004.4,89.69
2006-05-18T00:00:00,42415099999,TEZPUR,26.617,92.783,25.0,1007.2,71.11
2006-05-18T03:00:00,42415099999,TEZPUR,26.617,92.783,30.6,1006.9,61.66
2006-05-18T06:00:00,42415099999,TEZPUR,26.617,92.783,30.0,1004.4,61.9
2006-05-18T09:00:00,42415099999,TEZPUR,26.617,92.783,33.6,1001.2,49.25
2006-05-18T12:00:00,42415099999,TEZPUR,26.617,92.783,31.6,1000.1,54.13
2006-05-18T15:00:00,42415099999,TEZPUR,26.617,92.783,29.0,1001.5,69.69
2006-05-18T18:00:00,42415099999,TEZPUR,26.617,92.783,27.4,1002.7,82.72
2006-05-19T00:00:00,42415099999,TEZPUR,26.617,92.783,25.0,1003.3,88.14
2006-05-19T03:00:00,42415099999,TEZPUR,26.617,92.783,31.2,1004.8,66.82
2006-05-19T06:00:00,42415099999,TEZPUR,26.617,92.783,33.0,1003.1,55.47
2006-05-19T09:00:00,42415099999,TEZPUR,26.617,92.783,34.4,999.9,54.15
2006-05-19T12:00:00,42415099999,TEZPUR,26.617,92.783,22.6,,80.13
2006-05-19T15:00:00,42415099999,TEZPUR,26.617,92.783,24.2,1003.1,86.48
2006-05-19T18:00:00,42415099999,TEZPUR,26.617,92.783,23.8,1003.5,84.87
2006-05-19T21:00:00,42415099999,TEZPUR,26.617,92.783,23.4,1002.7,88.01
2006-05-20T00:00:00,42415099999,TEZPUR,26.617,92.783,24.0,1004.5,91.34
2006-05-20T03:00:00,42415099999,TEZPUR,26.617,92.783,29.0,1005.8,68.02
2006-05-20T06:00:00,42415099999,TEZPUR,26.617,92.783,30.4,1003.6,62.75
2006-05-20T09:00:00,42415099999,TEZPUR,26.617,92.783,30.4,999.1,59.03
2006-05-20T12:00:00,42415099999,TEZPUR,26.617,92.783,30.6,999.7,62.79
2006-05-20T18:00:00,42415099999,TEZPUR,26.617,92.783,27.0,1003.4,79.74
2006-05-21T00:00:00,42415099999,TEZPUR,26.617,92.783,26.0,1004.0,71.73
2006-05-21T03:00:00,42415099999,TEZPUR,26.617,92.783,30.4,1004.7,50.9
2006-05-21T06:00:00,42415099999,TEZPUR,26.617,92.783,32.6,1004.9,48.39
2006-05-21T09:00:00,42415099999,TEZPUR,26.617,92.783,34.0,999.5,43.64
2006-05-21T12:00:00,42415099999,TEZPUR,26.617,92.783,32.0,999.4,48.84
2006-05-21T15:00:00,42415099999,TEZPUR,26.617,92.783,28.0,1002.9,70.35
2006-05-21T18:00:00,42415099999,TEZPUR,26.617,92.783,26.0,1003.5,84.07
2006-05-21T21:00:00,42415099999,TEZPUR,26.617,92.783,24.8,1003.1,86.54
2006-05-22T00:00:00,42415099999,TEZPUR,26.617,92.783,24.6,1003.5,88.11
2006-05-22T03:00:00,42415099999,TEZPUR,26.617,92.783,29.4,1004.2,64.47
2006-05-22T06:00:00,42415099999,TEZPUR,26.617,92.783,32.0,1003.2,52.27
2006-05-22T09:00:00,42415099999,TEZPUR,26.617,92.783,34.4,999.3,44.02
2006-05-22T12:00:00,42415099999,TEZPUR,26.617,92.783,30.2,999.5,65.03
2006-05-22T18:00:00,42415099999,TEZPUR,26.617,92.783,27.6,1003.0,79.82
2006-05-23T00:00:00,42415099999,TEZPUR,26.617,92.783,26.0,1003.4,87.17
2006-05-23T03:00:00,42415099999,TEZPUR,26.617,92.783,29.8,1004.2,69.83
2006-05-23T06:00:00,42415099999,TEZPUR,26.617,92.783,33.8,1001.9,53.68
2006-05-23T09:00:00,42415099999,TEZPUR,26.617,92.783,35.2,999.2,47.89
2006-05-23T12:00:00,42415099999,TEZPUR,26.617,92.783,32.4,998.3,54.99
2006-05-23T15:00:00,42415099999,TEZPUR,26.617,92.783,28.6,1001.6,74.85
2006-05-23T18:00:00,42415099999,TEZPUR,26.617,92.783,26.6,1002.1,81.15
2006-05-23T21:00:00,42415099999,TEZPUR,26.617,92.783,,1001.7,
2006-05-24T00:00:00,42415099999,TEZPUR,26.617,92.783,25.0,1001.7,86.56
2006-05-24T03:00:00,42415099999,TEZPUR,26.617,92.783,31.6,1002.4,62.25
2006-05-24T06:00:00,42415099999,TEZPUR,26.617,92.783,34.4,1000.7,52.23
2006-05-24T12:00:00,42415099999,TEZPUR,26.617,92.783,32.8,996.4,56.44
2006-05-24T15:00:00,42415099999,TEZPUR,26.617,92.783,28.6,1000.0,72.19
2006-05-24T18:00:00,42415099999,TEZPUR,26.617,92.783,26.8,1000.9,84.16
2006-05-24T21:00:00,42415099999,TEZPUR,26.617,92.783,25.6,1000.7,87.14
2006-05-25T00:00:00,42415099999,TEZPUR,26.617,92.783,25.8,1001.2,93.11
2006-05-25T03:00:00,42415099999,TEZPUR,26.617,92.783,33.0,1001.4,58.57
2006-05-25T06:00:00,42415099999,TEZPUR,26.617,92.783,35.8,1000.5,51.33
2006-05-25T09:00:00,42415099999,TEZPUR,26.617,92.783,37.0,996.7,45.53
2006-05-25T12:00:00,42415099999,TEZPUR,26.617,92.783,36.0,996.1,46.38
2006-05-25T15:00:00,42415099999,TEZPUR,26.617,92.783,32.0,999.1,56.93
2006-05-25T18:00:00,42415099999,TEZPUR,26.617,92.783,27.6,1001.5,76.98
2006-05-25T21:00:00,42415099999,TEZPUR,26.617,92.783,24.8,1002.3,93.06
2006-05-26T00:00:00,42415099999,TEZPUR,26.617,92.783,25.0,1003.7,96.48
2006-05-26T03:00:00,42415099999,TEZPUR,26.617,92.783,28.0,1005.8,83.29
2006-05-26T06:00:00,42415099999,TEZPUR,26.617,92.783,31.0,1005.3,66.78
2006-05-26T12:00:00,42415099999,TEZPUR,26.617,92.783,28.2,1003.1,83.31
2006-05-26T15:00:00,42415099999,TEZPUR,26.617,92.783,27.4,1006.0,85.75
2006-05-26T18:00:00,42415099999,TEZPUR,26.617,92.783,25.2,1006.4,91.41
2006-05-26T21:00:00,42415099999,TEZPUR,26.617,92.783,25.2,1004.9,91.41
2006-05-27T00:00:00,42415099999,TEZPUR,26.617,92.783,25.6,1005.7,91.44
2006-05-27T03:00:00,42415099999,TEZPUR,26.617,92.783,27.0,1007.7,85.71
2006-05-27T06:00:00,42415099999,TEZPUR,26.617,92.783,36.0,1006.9,51.08
2006-05-27T09:00:00,42415099999,TEZPUR,26.617,92.783,25.4,1004.3,93.09
2006-05-27T12:00:00,42415099999,TEZPUR,26.617,92.783,24.4,1003.5,96.46
2006-05-27T18:00:00,42415099999,TEZPUR,26.617,92.783,23.6,1004.7,96.44
2006-05-27T21:00:00,42415099999,TEZPUR,26.617,92.783,23.4,1003.4,96.44
2006-05-28T00:00:00,42415099999,TEZPUR,26.617,92.783,23.6,1003.5,96.44
2006-05-28T03:00:00,42415099999,TEZPUR,26.617,92.783,25.0,1004.6,91.4
2006-05-28T06:00:00,42415099999,TEZPUR,26.617,92.783,24.6,1003.9,94.74
2006-05-28T09:00:00,42415099999,TEZPUR,26.617,92.783,26.4,1001.0,90.4
2006-05-28T12:00:00,42415099999,TEZPUR,26.617,92.783,27.0,1000.9,84.18
2006-05-28T15:00:00,42415099999,TEZPUR,26.617,92.783,25.0,1002.6,88.14
2006-05-28T18:00:00,42415099999,TEZPUR,26.617,92.783,25.0,1001.9,91.4
2006-05-29T00:00:00,42415099999,TEZPUR,26.617,92.783,24.2,1000.4,94.73
2006-05-29T03:00:00,42415099999,TEZPUR,26.617,92.783,26.0,1000.7,92.01
2006-05-29T06:00:00,42415099999,TEZPUR,26.617,92.783,27.8,999.4,81.3
2006-05-29T09:00:00,42415099999,TEZPUR,26.617,92.783,30.0,996.1,78.26
2006-05-29T12:00:00,42415099999,TEZPUR,26.617,92.783,27.2,996.0,87.28
2006-05-29T15:00:00,42415099999,TEZPUR,26.617,92.783,26.4,997.7,88.79
2006-05-29T18:00:00,42415099999,TEZPUR,26.617,92.783,26.2,997.7,92.02
2006-05-29T21:00:00,42415099999,TEZPUR,26.617,92.783,26.0,997.4,93.67
2006-05-30T00:00:00,42415099999,TEZPUR,26.617,92.783,25.2,997.2,93.08
2006-05-30T03:00:00,42415099999,TEZPUR,26.617,92.783,27.0,998.3,84.18
2006-05-30T06:00:00,42415099999,TEZPUR,26.617,92.783,26.4,998.3,87.21
2006-05-30T12:00:00,42415099999,TEZPUR,26.617,92.783,26.6,996.7,90.41
2006-05-30T15:00:00,42415099999,TEZPUR,26.617,92.783,25.6,999.5,91.44
2006-05-30T18:00:00,42415099999,TEZPUR,26.617,92.783,25.2,999.7,93.08
2006-05-31T00:00:00,42415099999,TEZPUR,26.617,92.783,24.6,1000.5,98.22
2006-05-31T03:00:00,42415099999,TEZPUR,26.617,92.783,24.6,1002.3,96.47
2006-05-31T09:00:00,42415099999,TEZPUR,26.617,92.783,26.4,1001.0,88.79
2006-05-31T12:00:00,42415099999,TEZPUR,26.617,92.783,26.0,1000.7,94.8
2006-05-31T15:00:00,42415099999,TEZPUR,26.617,92.783,25.2,1002.9,98.23
2006-05-31T18:00:00,42415099999,TEZPUR,26.617,92.783,24.2,1001.9,98.21
2006-06-01T00:00:00,42415099999,TEZPUR,26.617,92.783,23.8,1002.9,98.21
2006-06-01T03:00:00,42415099999,TEZPUR,26.617,92.783,24.6,1003.7,98.22
2006-06-01T06:00:00,42415099999,TEZPUR,26.617,92.783,27.6,1003.3,87.31
2006-06-01T09:00:00,42415099999,TEZPUR,26.617,92.783,26.8,1001.6,90.43
2006-06-01T12:00:00,42415099999,TEZPUR,26.617,92.783,25.4,1001.3,91.42
2006-06-01T18:00:00,42415099999,TEZPUR,26.617,92.783,25.0,1003.3,96.48
2006-06-02T00:00:00,42415099999,TEZPUR,26.617,92.783,24.2,1002.5,98.21
2006-06-02T03:00:00,42415099999,TEZPUR,26.617,92.783,25.6,1004.0,94.78
2006-06-02T06:00:00,42415099999,TEZPUR,26.617,92.783,27.2,1003.4,87.28
2006-06-02T12:00:00,42415099999,TEZPUR,26.617,92.783,26.2,1000.4,90.38
2006-06-02T15:00:00,42415099999,TEZPUR,26.617,92.783,25.6,1001.7,90.34
2006-06-02T18:00:00,42415099999,TEZPUR,26.617,92.783,25.0,1003.0,94.19
2006-06-02T21:00:00,42415099999,TEZPUR,26.617,92.783,24.6,1002.7,94.74
2006-06-03T00:00:00,42415099999,TEZPUR,26.617,92.783,24.4,1002.7,96.46
2006-06-03T03:00:00,42415099999,TEZPUR,26.617,92.783,28.0,1003.6,84.79
2006-06-03T06:00:00,42415099999,TEZPUR,26.617,92.783,30.6,1003.2,70.4
2006-06-03T12:00:00,42415099999,TEZPUR,26.617,92.783,28.8,998.9,76.24
2006-06-03T15:00:00,42415099999,TEZPUR,26.617,92.783,28.0,999.9,85.81
2006-06-03T18:00:00,42415099999,TEZPUR,26.617,92.783,26.6,1000.9,87.23
2006-06-04T00:00:00,42415099999,TEZPUR,26.617,92.783,26.2,1000.0,90.38
2006-06-04T03:00:00,42415099999,TEZPUR,26.617,92.783,28.6,1002.4,88.96
2006-06-04T06:00:00,42415099999,TEZPUR,26.617,92.783,29.8,999.9,76.85
2006-06-04T09:00:00,42415099999,TEZPUR,26.617,92.783,31.0,997.4,65.59
2006-06-04T12:00:00,42415099999,TEZPUR,26.617,92.783,30.8,997.0,73.0
2006-06-04T15:00:00,42415099999,TEZPUR,26.617,92.783,29.2,999.2,81.96
2006-06-04T18:00:00,42415099999,TEZPUR,26.617,92.783,27.6,1000.0,90.48
2006-06-05T00:00:00,42415099999,TEZPUR,26.617,92.783,26.4,1001.5,90.4
2006-06-05T03:00:00,42415099999,TEZPUR,26.617,92.783,25.6,1002.4,96.49
2006-06-05T06:00:00,42415099999,TEZPUR,26.617,92.783,27.4,1001.1,90.47
2006-06-05T12:00:00,42415099999,TEZPUR,26.617,92.783,30.4,998.3,76.94
2006-06-05T15:00:00,42415099999,TEZPUR,26.617,92.783,28.2,1000.2,87.37
2006-06-05T18:00:00,42415099999,TEZPUR,26.617,92.783,27.2,1000.5,92.08
2006-06-05T21:00:00,42415099999,TEZPUR,26.617,92.783,25.6,999.6,90.34
2006-06-06T00:00:00,42415099999,TEZPUR,26.617,92.783,15.2,1001.4,
2006-06-06T03:00:00,42415099999,TEZPUR,26.617,92.783,28.6,1002.4,81.88
2006-06-06T06:00:00,42415099999,TEZPUR,26.617,92.783,32.0,1001.4,71.08
2006-06-06T12:00:00,42415099999,TEZPUR,26.617,92.783,28.0,997.9,85.81
2006-06-06T15:00:00,42415099999,TEZPUR,26.617,92.783,28.0,1000.4,87.35
2006-06-07T00:00:00,42415099999,TEZPUR,26.617,92.783,25.4,1001.2,96.49
2006-06-07T03:00:00,42415099999,TEZPUR,26.617,92.783,29.2,1002.6,84.92
2006-06-07T09:00:00,42415099999,TEZPUR,26.617,92.783,34.2,999.1,60.62
2006-06-07T12:00:00,42415099999,TEZPUR,26.617,92.783,33.0,998.9,65.6
2006-06-07T18:00:00,42415099999,TEZPUR,26.617,92.783,25.6,1002.2,94.78
2006-06-08T00:00:00,42415099999,TEZPUR,26.617,92.783,25.8,1001.3,96.5
2006-06-08T03:00:00,42415099999,TEZPUR,26.617,92.783,29.0,1001.7,84.9
2006-06-08T06:00:00,42415099999,TEZPUR,26.617,92.783,30.6,1001.4,78.35
2006-06-08T09:00:00,42415099999,TEZPUR,26.617,92.783,33.2,998.6,66.03
2006-06-08T12:00:00,42415099999,TEZPUR,26.617,92.783,28.6,998.9,81.88
2006-06-08T15:00:00,42415099999,TEZPUR,26.617,92.783,28.4,999.5,88.95
2006-06-08T18:00:00,42415099999,TEZPUR,26.617,92.783,28.0,999.7,95.43
2006-06-08T21:00:00,42415099999,TEZPUR,26.617,92.783,27.0,998.2,92.07
2006-06-09T00:00:00,42415099999,TEZPUR,26.617,92.783,26.4,999.3,93.13
2006-06-09T03:00:00,42415099999,TEZPUR,26.617,92.783,26.6,1001.5,92.04
2006-06-09T06:00:00,42415099999,TEZPUR,26.617,92.783,30.0,999.9,75.52
2006-06-09T12:00:00,42415099999,TEZPUR,26.617,92.783,31.2,997.6,77.52
2006-06-09T15:00:00,42415099999,TEZPUR,26.617,92.783,26.6,1000.0,94.82
2006-06-09T18:00:00,42415099999,TEZPUR,26.617,92.783,26.6,999.9,98.25
2006-06-10T00:00:00,42415099999,TEZPUR,26.617,92.783,26.6,999.5,94.82
2006-06-10T03:00:00,42415099999,TEZPUR,26.617,92.783,26.6,1001.6,94.82
2006-06-10T06:00:00,42415099999,TEZPUR,26.617,92.783,26.2,1001.5,98.24
2006-06-10T09:00:00,42415099999,TEZPUR,26.617,92.783,25.7,999.5,
2006-06-10T12:00:00,42415099999,TEZPUR,26.617,92.783,26.6,998.6,92.04
2006-06-10T18:00:00,42415099999,TEZPUR,26.617,92.783,26.0,999.2,93.67
2006-06-10T21:00:00,42415099999,TEZPUR,26.617,92.783,26.5,997.7,89.87
2006-06-11T00:00:00,42415099999,TEZPUR,26.617,92.783,25.4,997.5,96.49
2006-06-11T03:00:00,42415099999,TEZPUR,26.617,92.783,25.0,999.6,100.0
2006-06-11T06:00:00,42415099999,TEZPUR,26.617,92.783,25.0,999.8,98.81
2006-06-11T09:00:00,42415099999,TEZPUR,26.617,92.783,25.8,998.3,92.0
2006-06-11T12:00:00,42415099999,TEZPUR,26.617,92.783,25.4,997.3,86.59
2006-06-11T18:00:00,42415099999,TEZPUR,26.617,92.783,25.0,999.2,93.07
2006-06-11T21:00:00,42415099999,TEZPUR,26.617,92.783,24.4,998.4,98.22
2006-06-12T00:00:00,42415099999,TEZPUR,26.617,92.783,24.0,1000.0,98.21
2006-06-12T03:00:00,42415099999,TEZPUR,26.617,92.783,24.2,1001.1,98.21
2006-06-12T06:00:00,42415099999,TEZPUR,26.617,92.783,25.0,1001.8,93.07
2006-06-12T12:00:00,42415099999,TEZPUR,26.617,92.783,24.2,999.6,98.21
2006-06-12T15:00:00,42415099999,TEZPUR,26.617,92.783,23.8,1000.8,96.45
2006-06-12T18:00:00,42415099999,TEZPUR,26.617,92.783,23.4,1000.5,96.44
2006-06-12T21:00:00,42415099999,TEZPUR,26.617,92.783,23.2,999.4,96.43
2006-06-13T00:00:00,42415099999,TEZPUR,26.617,92.783,23.4,1001.2,96.44
2006-06-13T03:00:00,42415099999,TEZPUR,26.617,92.783,23.8,1002.9,94.71
2006-06-13T06:00:00,42415099999,TEZPUR,26.617,92.783,24.6,1002.6,93.05
2006-06-13T12:00:00,42415099999,TEZPUR,26.617,92.783,24.8,1000.2,93.06
2006-06-13T18:00:00,42415099999,TEZPUR,26.617,92.783,23.4,1002.1,96.44
2006-06-14T00:00:00,42415099999,TEZPUR,26.617,92.783,23.4,1003.4,98.2
2006-06-14T03:00:00,42415099999,TEZPUR,26.617,92.783,24.0,1004.5,96.45
2006-06-14T06:00:00,42415099999,TEZPUR,26.617,92.783,26.8,1004.1,87.24
2006-06-14T12:00:00,42415099999,TEZPUR,26.617,92.783,26.4,1001.8,88.79
2006-06-14T15:00:00,42415099999,TEZPUR,26.617,92.783,24.6,1003.2,94.74
2006-06-14T18:00:00,42415099999,TEZPUR,26.617,92.783,24.4,1003.7,96.46
2006-06-14T21:00:00,42415099999,TEZPUR,26.617,92.783,24.0,1004.5,98.21
2006-06-15T00:00:00,42415099999,TEZPUR,26.617,92.783,24.0,1003.4,98.21
2006-06-15T03:00:00,42415099999,TEZPUR,26.617,92.783,26.4,1004.3,88.79
2006-06-15T06:00:00,42415099999,TEZPUR,26.617,92.783,29.2,1003.5,80.51
2006-06-15T12:00:00,42415099999,TEZPUR,26.617,92.783,28.6,1000.1,80.43
2006-06-15T15:00:00,42415099999,TEZPUR,26.617,92.783,28.0,1000.8,85.81
2006-06-15T18:00:00,42415099999,TEZPUR,26.617,92.783,25.4,1002.5,90.33
2006-06-16T00:00:00,42415099999,TEZPUR,26.617,92.783,24.6,1003.0,96.47
2006-06-16T03:00:00,42415099999,TEZPUR,26.617,92.783,27.4,1005.4,82.72
2006-06-16T06:00:00,42415099999,TEZPUR,26.617,92.783,28.0,1005.4,78.45
2006-06-16T09:00:00,42415099999,TEZPUR,26.617,92.783,27.0,1003.9,79.74
2006-06-16T12:00:00,42415099999,TEZPUR,26.617,92.783,25.0,1002.9,83.45
2006-06-16T15:00:00,42415099999,TEZPUR,26.617,92.783,24.2,1004.5,86.48
2006-06-16T18:00:00,42415099999,TEZPUR,26.617,92.783,23.0,1004.9,96.43
2006-06-17T00:00:00,42415099999,TEZPUR,26.617,92.783,22.4,1005.6,98.19
2006-06-17T03:00:00,42415099999,TEZPUR,26.617,92.783,24.8,1006.8,88.13
2006-06-17T06:00:00,42415099999,TEZPUR,26.617,92.783,24.6,1006.8,91.37
2006-06-17T12:00:00,42415099999,TEZPUR,26.617,92.783,27.0,1003.6,81.2
2006-06-17T15:00:00,42415099999,TEZPUR,26.617,92.783,25.2,1004.9,89.77
2006-06-17T18:00:00,42415099999,TEZPUR,26.617,92.783,24.6,1005.2,91.37
2006-06-18T00:00:00,42415099999,TEZPUR,26.617,92.783,25.0,1004.7,94.76
2006-06-18T03:00:00,42415099999,TEZPUR,26.617,92.783,29.0,1005.4,80.48
2006-06-18T06:00:00,42415099999,TEZPUR,26.617,92.783,31.4,1004.4,72.24
2006-06-18T09:00:00,42415099999,TEZPUR,26.617,92.783,32.0,1001.4,67.38
2006-06-18T12:00:00,42415099999,TEZPUR,26.617,92.783,29.6,1000.3,75.46
2006-06-18T15:00:00,42415099999,TEZPUR,26.617,92.783,26.6,1001.9,87.23
2006-06-18T18:00:00,42415099999,TEZPUR,26.617,92.783,26.4,1003.7,90.4
2006-06-18T21:00:00,42415099999,TEZPUR,26.617,92.783,26.0,1003.6,92.01
2006-06-19T00:00:00,42415099999,TEZPUR,26.617,92.783,25.6,1003.4,94.78
2006-06-19T03:00:00,42415099999,TEZPUR,26.617,92.783,31.0,1004.3,77.49
2006-06-19T06:00:00,42415099999,TEZPUR,26.617,92.783,30.8,1003.4,79.77
2006-06-19T09:00:00,42415099999,TEZPUR,26.617,92.783,34.4,1000.0,56.48
2006-06-19T12:00:00,42415099999,TEZPUR,26.617,92.783,31.6,999.8,74.88
2006-06-19T15:00:00,42415099999,TEZPUR,26.617,92.783,29.0,1002.2,84.9
2006-06-19T18:00:00,42415099999,TEZPUR,26.617,92.783,27.6,1002.9,65.28
2006-06-19T21:00:00,42415099999,TEZPUR,26.617,92.783,26.8,1002.4,88.82
2006-06-20T00:00:00,42415099999,TEZPUR,26.617,92.783,27.2,1003.5,95.4
2006-06-20T03:00:00,42415099999,TEZPUR,26.617,92.783,27.6,1004.4,95.42
2006-06-20T06:00:00,42415099999,TEZPUR,26.617,92.783,29.0,1003.2,89.52
2006-06-20T09:00:00,42415099999,TEZPUR,26.617,92.783,27.4,1000.7,82.72
2006-06-20T15:00:00,42415099999,TEZPUR,26.617,92.783,26.8,1004.0,87.24
2006-06-20T18:00:00,42415099999,TEZPUR,26.617,92.783,25.8,1004.8,93.11
2006-06-20T21:00:00,42415099999,TEZPUR,26.617,92.783,24.8,1004.5,96.47
2006-06-21T00:00:00,42415099999,TEZPUR,26.617,92.783,25.8,1004.8,93.11
2006-06-21T03:00:00,42415099999,TEZPUR,26.617,92.783,28.4,1007.0,84.83
2006-06-21T06:00:00,42415099999,TEZPUR,26.617,92.783,29.2,1005.8,76.3
2006-06-21T09:00:00,42415099999,TEZPUR,26.617,92.783,29.2,1003.4,79.09
2006-06-21T12:00:00,42415099999,TEZPUR,26.617,92.783,30.2,1002.0,72.9
2006-06-21T15:00:00,42415099999,TEZPUR,26.617,92.783,28.4,1004.0,81.86
2006-06-21T18:00:00,42415099999,TEZPUR,26.617,92.783,27.0,1004.4,95.4
2006-06-21T21:00:00,42415099999,TEZPUR,26.617,92.783,26.2,1003.9,94.8
2006-06-22T00:00:00,42415099999,TEZPUR,26.617,92.783,26.4,1004.4,96.51
2006-06-22T03:00:00,42415099999,TEZPUR,26.617,92.783,28.6,1005.5,88.96
2006-06-22T06:00:00,42415099999,TEZPUR,26.617,92.783,32.6,1003.5,69.11
2006-06-22T12:00:00,42415099999,TEZPUR,26.617,92.783,29.0,1000.2,80.48
2006-06-22T18:00:00,42415099999,TEZPUR,26.617,92.783,27.4,1003.2,90.47
2006-06-22T21:00:00,42415099999,TEZPUR,26.617,92.783,24.8,1002.8,94.75
2006-06-23T00:00:00,42415099999,TEZPUR,26.617,92.783,25.4,1004.0,96.49
2006-06-23T03:00:00,42415099999,TEZPUR,26.617,92.783,27.2,1006.3,85.73
2006-06-23T06:00:00,42415099999,TEZPUR,26.617,92.783,30.0,1005.1,78.26
2006-06-23T09:00:00,42415099999,TEZPUR,26.617,92.783,32.4,1001.8,72.84
2006-06-23T12:00:00,42415099999,TEZPUR,26.617,92.783,27.0,1002.3,95.4
2006-06-23T15:00:00,42415099999,TEZPUR,26.617,92.783,26.6,1004.6,94.82
2006-06-23T18:00:00,42415099999,TEZPUR,26.617,92.783,26.4,1005.0,96.51
2006-06-24T00:00:00,42415099999,TEZPUR,26.617,92.783,26.4,1004.9,96.51
2006-06-24T03:00:00,42415099999,TEZPUR,26.617,92.783,28.4,1006.3,87.9
2006-06-24T06:00:00,42415099999,TEZPUR,26.617,92.783,27.2,1005.9,96.53
2006-06-24T09:00:00,42415099999,TEZPUR,26.617,92.783,27.8,1003.6,93.75
2006-06-24T12:00:00,42415099999,TEZPUR,26.617,92.783,26.6,1003.9,96.52
2006-06-24T15:00:00,42415099999,TEZPUR,26.617,92.783,26.0,1005.7,93.67
2006-06-24T18:00:00,42415099999,TEZPUR,26.617,92.783,25.6,1006.0,96.49
2006-06-24T21:00:00,42415099999,TEZPUR,26.617,92.783,25.6,1004.7,96.49
2006-06-25T00:00:00,42415099999,TEZPUR,26.617,92.783,26.0,1005.2,94.8
2006-06-25T03:00:00,42415099999,TEZPUR,26.617,92.783,25.8,1006.8,94.79
2006-06-25T06:00:00,42415099999,TEZPUR,26.617,92.783,26.0,1006.2,94.8
2006-06-25T09:00:00,42415099999,TEZPUR,26.617,92.783,26.4,1003.2,94.81
2006-06-25T12:00:00,42415099999,TEZPUR,26.617,92.783,26.0,1003.0,94.8
2006-06-25T15:00:00,42415099999,TEZPUR,26.617,92.783,25.6,1005.1,98.23
2006-06-25T18:00:00,42415099999,TEZPUR,26.617,92.783,25.2,1005.1,98.23
2006-06-25T21:00:00,42415099999,TEZPUR,26.617,92.783,24.8,1003.6,96.47
2006-06-26T00:00:00,42415099999,TEZPUR,26.617,92.783,25.0,1004.5,98.23
2006-06-26T03:00:00,42415099999,TEZPUR,26.617,92.783,26.4,1005.8,94.81
2006-06-26T06:00:00,42415099999,TEZPUR,26.617,92.783,29.0,1004.2,83.4
2006-06-26T09:00:00,42415099999,TEZPUR,26.617,92.783,30.0,1001.6,75.52
2006-06-26T12:00:00,42415099999,TEZPUR,26.617,92.783,28.8,1001.4,80.46
2006-06-26T15:00:00,42415099999,TEZPUR,26.617,92.783,27.0,1003.3,88.84
2006-06-26T18:00:00,42415099999,TEZPUR,26.617,92.783,26.6,1004.1,93.7
2006-06-26T21:00:00,42415099999,TEZPUR,26.617,92.783,26.2,1002.8,96.51
2006-06-27T00:00:00,42415099999,TEZPUR,26.617,92.783,26.4,1002.6,94.81
2006-06-27T03:00:00,42415099999,TEZPUR,26.617,92.783,27.4,1003.5,93.74
2006-06-27T06:00:00,42415099999,TEZPUR,26.617,92.783,26.4,1002.6,94.81
2006-06-27T09:00:00,42415099999,TEZPUR,26.617,92.783,27.0,1001.0,92.07
2006-06-27T12:00:00,42415099999,TEZPUR,26.617,92.783,27.4,1001.0,88.87
2006-06-27T15:00:00,42415099999,TEZPUR,26.617,92.783,26.4,1002.6,92.03
2006-06-27T18:00:00,42415099999,TEZPUR,26.617,92.783,25.8,1002.9,94.79
2006-06-27T21:00:00,42415099999,TEZPUR,26.617,92.783,25.2,1002.3,96.48
2006-06-28T00:00:00,42415099999,TEZPUR,26.617,92.783,25.6,1002.2,96.49
2006-06-28T03:00:00,42415099999,TEZPUR,26.617,92.783,29.6,1003.4,81.04
2006-06-28T06:00:00,42415099999,TEZPUR,26.617,92.783,30.2,1002.4,71.61
2006-06-28T09:00:00,42415099999,TEZPUR,26.617,92.783,28.0,1001.3,88.92
2006-06-28T12:00:00,42415099999,TEZPUR,26.617,92.783,27.6,1000.4,88.88
2006-06-28T15:00:00,42415099999,TEZPUR,26.617,92.783,27.0,1001.4,92.07
2006-06-28T18:00:00,42415099999,TEZPUR,26.617,92.783,26.6,1002.1,94.82
2006-06-28T21:00:00,42415099999,TEZPUR,26.617,92.783,26.0,1002.0,96.5
2006-06-29T00:00:00,42415099999,TEZPUR,26.617,92.783,26.0,1001.2,94.8
2006-06-29T03:00:00,42415099999,TEZPUR,26.617,92.783,28.0,1002.1,87.35
2006-06-29T06:00:00,42415099999,TEZPUR,26.617,92.783,30.0,1000.9,78.26
2006-06-29T09:00:00,42415099999,TEZPUR,26.617,92.783,32.4,998.1,66.66
2006-06-29T12:00:00,42415099999,TEZPUR,26.617,92.783,31.0,997.2,73.47
2006-06-29T15:00:00,42415099999,TEZPUR,26.617,92.783,28.8,999.4,84.87
2006-06-29T18:00:00,42415099999,TEZPUR,26.617,92.783,28.0,999.5,90.51
2006-06-29T21:00:00,42415099999,TEZPUR,26.617,92.783,27.4,999.4,93.74
2006-06-30T00:00:00,42415099999,TEZPUR,26.617,92.783,26.0,999.3,96.5
2006-06-30T03:00:00,42415099999,TEZPUR,26.617,92.783,27.2,1001.1,95.4
2006-06-30T06:00:00,42415099999,TEZPUR,26.617,92.783,30.0,999.5,81.09
2006-06-30T09:00:00,42415099999,TEZPUR,26.617,92.783,31.6,997.1,77.57
2006-06-30T12:00:00,42415099999,TEZPUR,26.617,92.783,32.0,995.8,74.95
2006-06-30T15:00:00,42415099999,TEZPUR,26.617,92.783,29.0,997.4,89.52
2006-06-30T18:00:00,42415099999,TEZPUR,26.617,92.783,28.2,998.5,93.77
2006-06-30T21:00:00,42415099999,TEZPUR,26.617,92.783,27.2,998.1,93.73
2006-07-01T00:00:00,42415099999,TEZPUR,26.617,92.783,27.4,998.6,95.41
2006-07-01T03:00:00,42415099999,TEZPUR,26.617,92.783,31.0,999.3,78.4
2006-07-01T06:00:00,42415099999,TEZPUR,26.617,92.783,32.4,997.6,70.31
2006-07-01T09:00:00,42415099999,TEZPUR,26.617,92.783,34.6,995.0,64.4
2006-07-01T12:00:00,42415099999,TEZPUR,26.617,92.783,33.0,994.0,69.19
2006-07-01T15:00:00,42415099999,TEZPUR,26.617,92.783,30.6,997.0,85.56
2006-07-01T18:00:00,42415099999,TEZPUR,26.617,92.783,30.2,997.2,85.02
2006-07-02T00:00:00,42415099999,TEZPUR,26.617,92.783,28.4,997.6,90.53
2006-07-02T03:00:00,42415099999,TEZPUR,26.617,92.783,32.0,999.2,67.38
2006-07-02T06:00:00,42415099999,TEZPUR,26.617,92.783,34.8,997.5,63.31
2006-07-02T09:00:00,42415099999,TEZPUR,26.617,92.783,35.4,994.7,60.53
2006-07-02T12:00:00,42415099999,TEZPUR,26.617,92.783,34.4,994.0,67.85
2006-07-02T15:00:00,42415099999,TEZPUR,26.617,92.783,31.8,997.0,72.31
2006-07-02T18:00:00,42415099999,TEZPUR,26.617,92.783,30.0,998.2,86.5
2006-07-02T21:00:00,42415099999,TEZPUR,26.617,92.783,28.2,997.8,88.93
2006-07-03T00:00:00,42415099999,TEZPUR,26.617,92.783,28.4,999.1,92.14
2006-07-03T03:00:00,42415099999,TEZPUR,26.617,92.783,30.4,1000.1,82.58
2006-07-03T06:00:00,42415099999,TEZPUR,26.617,92.783,33.8,998.7,59.46
2006-07-03T09:00:00,42415099999,TEZPUR,26.617,92.783,34.0,996.9,72.27
2006-07-03T12:00:00,42415099999,TEZPUR,26.617,92.783,32.6,996.9,74.17
2006-07-03T15:00:00,42415099999,TEZPUR,26.617,92.783,29.0,999.5,90.57
2006-07-03T18:00:00,42415099999,TEZPUR,26.617,92.783,28.2,999.9,92.13
2006-07-03T21:00:00,42415099999,TEZPUR,26.617,92.783,27.8,999.1,92.11
2006-07-04T00:00:00,42415099999,TEZPUR,26.617,92.783,27.6,1001.3,90.48
2006-07-04T03:00:00,42415099999,TEZPUR,26.617,92.783,28.2,1001.9,86.34
2006-07-04T06:00:00,42415099999,TEZPUR,26.617,92.783,26.8,1001.4,
2006-07-04T09:00:00,42415099999,TEZPUR,26.617,92.783,30.4,998.9,82.58
2006-07-04T12:00:00,42415099999,TEZPUR,26.617,92.783,30.4,998.0,82.58
2006-07-04T15:00:00,42415099999,TEZPUR,26.617,92.783,29.4,1000.3,84.94
2006-07-04T18:00:00,42415099999,TEZPUR,26.617,92.783,28.4,1000.7,92.14
2006-07-04T21:00:00,42415099999,TEZPUR,26.617,92.783,27.2,1000.4,93.73
2006-07-05T00:00:00,42415099999,TEZPUR,26.617,92.783,28.0,1001.0,87.35
2006-07-05T03:00:00,42415099999,TEZPUR,26.617,92.783,28.6,1001.9,87.92
2006-07-05T06:00:00,42415099999,TEZPUR,26.617,92.783,28.6,1001.0,88.96
2006-07-05T09:00:00,42415099999,TEZPUR,26.617,92.783,31.6,998.5,74.88
2006-07-05T12:00:00,42415099999,TEZPUR,26.617,92.783,30.6,998.2,82.61
2006-07-05T15:00:00,42415099999,TEZPUR,26.617,92.783,28.0,1000.3,92.12
2006-07-05T21:00:00,42415099999,TEZPUR,26.617,92.783,26.2,999.8,93.68
2006-07-06T00:00:00,42415099999,TEZPUR,26.617,92.783,27.0,999.7,95.4
2006-07-06T03:00:00,42415099999,TEZPUR,26.617,92.783,27.6,1000.3,93.74
2006-07-06T06:00:00,42415099999,TEZPUR,26.617,92.783,28.0,999.8,92.12
2006-07-06T09:00:00,42415099999,TEZPUR,26.617,92.783,29.4,997.7,83.45
2006-07-06T12:00:00,42415099999,TEZPUR,26.617,92.783,28.4,996.9,88.95
2006-07-06T15:00:00,42415099999,TEZPUR,26.617,92.783,28.0,,92.12
2006-07-06T18:00:00,42415099999,TEZPUR,26.617,92.783,27.2,998.1,93.73
2006-07-06T21:00:00,42415099999,TEZPUR,26.617,92.783,27.2,997.8,93.73
2006-07-07T00:00:00,42415099999,TEZPUR,26.617,92.783,27.2,997.5,95.4
2006-07-07T03:00:00,42415099999,TEZPUR,26.617,92.783,28.0,998.5,90.51
2006-07-07T06:00:00,42415099999,TEZPUR,26.617,92.783,29.2,997.2,84.92
2006-07-07T09:00:00,42415099999,TEZPUR,26.617,92.783,28.4,996.3,92.14
2006-07-07T12:00:00,42415099999,TEZPUR,26.617,92.783,28.0,996.1,87.35
2006-07-07T18:00:00,42415099999,TEZPUR,26.617,92.783,27.0,997.7,93.72
2006-07-07T21:00:00,42415099999,TEZPUR,26.617,92.783,26.6,996.5,96.52
2006-07-08T00:00:00,42415099999,TEZPUR,26.617,92.783,27.0,997.0,95.4
2006-07-08T03:00:00,42415099999,TEZPUR,26.617,92.783,27.6,998.1,95.42
2006-07-08T06:00:00,42415099999,TEZPUR,26.617,92.783,30.2,997.5,82.56
2006-07-08T09:00:00,42415099999,TEZPUR,26.617,92.783,31.4,995.2,72.24
2006-07-08T12:00:00,42415099999,TEZPUR,26.617,92.783,29.0,995.2,84.9
2006-07-08T15:00:00,42415099999,TEZPUR,26.617,92.783,28.6,997.3,88.96
2006-07-08T18:00:00,42415099999,TEZPUR,26.617,92.783,27.6,998.5,95.42
2006-07-08T21:00:00,42415099999,TEZPUR,26.617,92.783,27.2,997.5,93.73
2006-07-09T00:00:00,42415099999,TEZPUR,26.617,92.783,27.0,997.9,95.4
2006-07-09T03:00:00,42415099999,TEZPUR,26.617,92.783,30.4,998.3,78.32
2006-07-09T09:00:00,42415099999,TEZPUR,26.617,92.783,32.4,994.8,71.57
2006-07-09T12:00:00,42415099999,TEZPUR,26.617,92.783,33.0,994.7,71.67
2006-07-09T15:00:00,42415099999,TEZPUR,26.617,92.783,30.2,997.1,79.69
2006-07-09T18:00:00,42415099999,TEZPUR,26.617,92.783,27.0,997.8,92.07
2006-07-09T21:00:00,42415099999,TEZPUR,26.617,92.783,26.4,997.2,93.69
2006-07-10T00:00:00,42415099999,TEZPUR,26.617,92.783,27.0,997.5,96.53
2006-07-10T03:00:00,42415099999,TEZPUR,26.617,92.783,30.4,998.4,82.58
2006-07-10T06:00:00,42415099999,TEZPUR,26.617,92.783,33.2,997.9,68.42
2006-07-10T09:00:00,42415099999,TEZPUR,26.617,92.783,34.6,995.4,63.27
2006-07-10T12:00:00,42415099999,TEZPUR,26.617,92.783,31.6,995.0,73.57
2006-07-10T15:00:00,42415099999,TEZPUR,26.617,92.783,29.0,997.3,84.9
2006-07-10T18:00:00,42415099999,TEZPUR,26.617,92.783,28.4,997.9,88.95
2006-07-10T21:00:00,42415099999,TEZPUR,26.617,92.783,27.0,997.4,95.4
2006-07-11T00:00:00,42415099999,TEZPUR,26.617,92.783,26.4,998.2,96.51
2006-07-11T03:00:00,42415099999,TEZPUR,26.617,92.783,29.0,999.3,87.95
2006-07-11T09:00:00,42415099999,TEZPUR,26.617,92.783,28.2,996.8,92.68
2006-07-11T12:00:00,42415099999,TEZPUR,26.617,92.783,30.6,996.5,78.35
2006-07-11T15:00:00,42415099999,TEZPUR,26.617,92.783,29.0,998.5,87.95
2006-07-11T18:00:00,42415099999,TEZPUR,26.617,92.783,28.4,999.6,88.95
2006-07-11T21:00:00,42415099999,TEZPUR,26.617,92.783,27.6,999.3,92.1
2006-07-12T00:00:00,42415099999,TEZPUR,26.617,92.783,27.2,999.9,90.45
2006-07-12T03:00:00,42415099999,TEZPUR,26.617,92.783,29.0,1001.2,80.48
2006-07-12T06:00:00,42415099999,TEZPUR,26.617,92.783,30.0,999.9,76.88
2006-07-12T09:00:00,42415099999,TEZPUR,26.617,92.783,31.2,996.5,78.89
2006-07-12T12:00:00,42415099999,TEZPUR,26.617,92.783,31.2,995.9,77.52
2006-07-12T15:00:00,42415099999,TEZPUR,26.617,92.783,29.4,998.4,89.55
2006-07-12T18:00:00,42415099999,TEZPUR,26.617,92.783,27.4,998.9,90.47
2006-07-12T21:00:00,42415099999,TEZPUR,26.617,92.783,26.8,998.4,93.71
2006-07-13T00:00:00,42415099999,TEZPUR,26.617,92.783,27.4,998.4,93.74
2006-07-13T03:00:00,42415099999,TEZPUR,26.617,92.783,27.6,999.8,93.74
2006-07-13T06:00:00,42415099999,TEZPUR,26.617,92.783,29.0,998.9,86.41
2006-07-13T09:00:00,42415099999,TEZPUR,26.617,92.783,31.0,996.2,78.4
2006-07-13T12:00:00,42415099999,TEZPUR,26.617,92.783,29.4,995.6,84.94
2006-07-13T15:00:00,42415099999,TEZPUR,26.617,92.783,28.4,998.3,86.36
2006-07-13T18:00:00,42415099999,TEZPUR,26.617,92.783,28.0,998.6,92.12
2006-07-13T21:00:00,42415099999,TEZPUR,26.617,92.783,27.4,997.5,93.74
2006-07-14T03:00:00,42415099999,TEZPUR,26.617,92.783,28.6,998.5,88.96
2006-07-14T06:00:00,42415099999,TEZPUR,26.617,92.783,31.2,997.1,74.82
2006-07-14T09:00:00,42415099999,TEZPUR,26.617,92.783,33.0,994.8,66.78
2006-07-14T12:00:00,42415099999,TEZPUR,26.617,92.783,31.2,994.9,74.82
2006-07-14T15:00:00,42415099999,TEZPUR,26.617,92.783,28.4,997.0,88.95
2006-07-14T18:00:00,42415099999,TEZPUR,26.617,92.783,27.2,997.7,93.73
2006-07-14T21:00:00,42415099999,TEZPUR,26.617,92.783,26.2,997.3,94.8
2006-07-15T00:00:00,42415099999,TEZPUR,26.617,92.783,26.4,998.5,96.51
2006-07-15T03:00:00,42415099999,TEZPUR,26.617,92.783,27.0,998.9,95.4
2006-07-15T06:00:00,42415099999,TEZPUR,26.617,92.783,31.6,998.7,74.88
2006-07-15T09:00:00,42415099999,TEZPUR,26.617,92.783,31.4,996.4,72.24
2006-07-15T12:00:00,42415099999,TEZPUR,26.617,92.783,31.4,996.0,78.92
2006-07-15T15:00:00,42415099999,TEZPUR,26.617,92.783,29.2,999.0,86.43
2006-07-15T18:00:00,42415099999,TEZPUR,26.617,92.783,28.6,999.8,92.16
2006-07-15T21:00:00,42415099999,TEZPUR,26.617,92.783,28.2,998.8,92.13
2006-07-16T00:00:00,42415099999,TEZPUR,26.617,92.783,27.4,999.6,96.54
2006-07-16T03:00:00,42415099999,TEZPUR,26.617,92.783,31.0,999.7,78.4
2006-07-16T06:00:00,42415099999,TEZPUR,26.617,92.783,30.4,998.4,82.58
2006-07-16T09:00:00,42415099999,TEZPUR,26.617,92.783,32.6,995.8,69.11
2006-07-16T12:00:00,42415099999,TEZPUR,26.617,92.783,32.4,994.7,72.84
2006-07-16T15:00:00,42415099999,TEZPUR,26.617,92.783,30.2,996.7,79.69
2006-07-16T18:00:00,42415099999,TEZPUR,26.617,92.783,28.4,997.8,88.95
2006-07-16T21:00:00,42415099999,TEZPUR,26.617,92.783,27.8,996.9,92.11
2006-07-17T00:00:00,42415099999,TEZPUR,26.617,92.783,28.0,998.3,92.12
2006-07-17T03:00:00,42415099999,TEZPUR,26.617,92.783,30.0,998.8,86.5
2006-07-17T06:00:00,42415099999,TEZPUR,26.617,92.783,31.2,997.6,81.24
2006-07-17T09:00:00,42415099999,TEZPUR,26.617,92.783,33.2,995.0,71.71
2006-07-17T12:00:00,42415099999,TEZPUR,26.617,92.783,32.6,994.1,66.7
2006-07-17T15:00:00,42415099999,TEZPUR,26.617,92.783,30.0,996.5,83.51
2006-07-17T18:00:00,42415099999,TEZPUR,26.617,92.783,28.2,997.8,92.13
2006-07-17T21:00:00,42415099999,TEZPUR,26.617,92.783,27.8,996.5,92.11
2006-07-18T00:00:00,42415099999,TEZPUR,26.617,92.783,27.6,998.7,93.74
2006-07-18T03:00:00,42415099999,TEZPUR,26.617,92.783,28.2,1000.9,90.52
2006-07-18T06:00:00,42415099999,TEZPUR,26.617,92.783,28.4,999.3,84.83
2006-07-18T09:00:00,42415099999,TEZPUR,26.617,92.783,29.0,998.7,87.95
2006-07-18T12:00:00,42415099999,TEZPUR,26.617,92.783,30.2,997.8,82.56
2006-07-18T15:00:00,42415099999,TEZPUR,26.617,92.783,28.0,1000.2,92.12
2006-07-18T18:00:00,42415099999,TEZPUR,26.617,92.783,27.2,1001.6,92.08
2006-07-18T21:00:00,42415099999,TEZPUR,26.617,92.783,26.6,1000.6,94.82
2006-07-19T00:00:00,42415099999,TEZPUR,26.617,92.783,26.4,1001.4,96.51
2006-07-19T03:00:00,42415099999,TEZPUR,26.617,92.783,27.6,1002.2,90.48
2006-07-19T06:00:00,42415099999,TEZPUR,26.617,92.783,29.0,1001.3,84.9
2006-07-19T09:00:00,42415099999,TEZPUR,26.617,92.783,31.0,999.8,76.13
2006-07-19T12:00:00,42415099999,TEZPUR,26.617,92.783,30.6,999.9,84.07
2006-07-19T15:00:00,42415099999,TEZPUR,26.617,92.783,29.0,1001.9,89.52
2006-07-19T18:00:00,42415099999,TEZPUR,26.617,92.783,28.4,1002.3,88.95
2006-07-19T21:00:00,42415099999,TEZPUR,26.617,92.783,27.4,1001.7,92.09
2006-07-20T00:00:00,42415099999,TEZPUR,26.617,92.783,27.0,1002.9,88.84
2006-07-20T03:00:00,42415099999,TEZPUR,26.617,92.783,29.0,1004.4,86.41
2006-07-20T06:00:00,42415099999,TEZPUR,26.617,92.783,31.2,1003.7,77.52
2006-07-20T09:00:00,42415099999,TEZPUR,26.617,92.783,32.4,1001.6,70.31
2006-07-20T12:00:00,42415099999,TEZPUR,26.617,92.783,31.8,1000.4,71.04
2006-07-20T15:00:00,42415099999,TEZPUR,26.617,92.783,29.0,1002.3,84.9
2006-07-20T18:00:00,42415099999,TEZPUR,26.617,92.783,28.4,1002.8,88.95
2006-07-20T21:00:00,42415099999,TEZPUR,26.617,92.783,27.0,1002.5,92.07
2006-07-21T00:00:00,42415099999,TEZPUR,26.617,92.783,26.2,,94.8
2006-07-21T03:00:00,42415099999,TEZPUR,26.617,92.783,28.0,1004.5,88.92
2006-07-21T06:00:00,42415099999,TEZPUR,26.617,92.783,32.0,1003.5,72.35
2006-07-21T09:00:00,42415099999,TEZPUR,26.617,92.783,32.4,1001.0,65.48
2006-07-21T12:00:00,42415099999,TEZPUR,26.617,92.783,31.2,1000.4,77.52
2006-07-21T15:00:00,42415099999,TEZPUR,26.617,92.783,29.6,1003.3,84.96
2006-07-21T18:00:00,42415099999,TEZPUR,26.617,92.783,28.0,1003.6,88.92
2006-07-21T21:00:00,42415099999,TEZPUR,26.617,92.783,27.0,1003.5,95.4
2006-07-22T00:00:00,42415099999,TEZPUR,26.617,92.783,26.6,1004.2,96.52
2006-07-22T03:00:00,42415099999,TEZPUR,26.617,92.783,26.6,1005.5,94.82
2006-07-22T06:00:00,42415099999,TEZPUR,26.617,92.783,29.2,1004.6,80.51
2006-07-22T09:00:00,42415099999,TEZPUR,26.617,92.783,29.4,1001.8,81.98
2006-07-22T12:00:00,42415099999,TEZPUR,26.617,92.783,29.0,1001.4,87.95
2006-07-22T15:00:00,42415099999,TEZPUR,26.617,92.783,28.2,1003.3,83.31
2006-07-22T18:00:00,42415099999,TEZPUR,26.617,92.783,27.4,1003.6,90.47
2006-07-22T21:00:00,42415099999,TEZPUR,26.617,92.783,27.0,1003.4,92.07
2006-07-23T00:00:00,42415099999,TEZPUR,26.617,92.783,27.2,1003.0,88.85
2006-07-23T03:00:00,42415099999,TEZPUR,26.617,92.783,27.6,1004.5,87.31
2006-07-23T06:00:00,42415099999,TEZPUR,26.617,92.783,28.6,1003.5,87.92
2006-07-23T09:00:00,42415099999,TEZPUR,26.617,92.783,29.4,1001.9,84.94
2006-07-23T12:00:00,42415099999,TEZPUR,26.617,92.783,29.8,1001.8,82.51
2006-07-23T15:00:00,42415099999,TEZPUR,26.617,92.783,27.0,1004.2,92.07
2006-07-23T18:00:00,42415099999,TEZPUR,26.617,92.783,26.0,1005.0,94.8
2006-07-23T21:00:00,42415099999,TEZPUR,26.617,92.783,26.0,1004.5,92.01
2006-07-24T00:00:00,42415099999,TEZPUR,26.617,92.783,26.0,1003.9,94.23
2006-07-24T03:00:00,42415099999,TEZPUR,26.617,92.783,29.0,1005.1,87.95
2006-07-24T06:00:00,42415099999,TEZPUR,26.617,92.783,30.0,1004.1,78.26
2006-07-24T09:00:00,42415099999,TEZPUR,26.617,92.783,31.4,1001.7,78.92
2006-07-24T12:00:00,42415099999,TEZPUR,26.617,92.783,29.2,1001.2,83.42
2006-07-24T15:00:00,42415099999,TEZPUR,26.617,92.783,28.0,1002.8,88.92
2006-07-24T18:00:00,42415099999,TEZPUR,26.617,92.783,27.2,1004.1,92.08
2006-07-24T21:00:00,42415099999,TEZPUR,26.617,92.783,26.4,1003.2,100.0
2006-07-25T00:00:00,42415099999,TEZPUR,26.617,92.783,26.0,1003.4,96.5
2006-07-25T06:00:00,42415099999,TEZPUR,26.617,92.783,28.2,1004.0,92.13
2006-07-25T09:00:00,42415099999,TEZPUR,26.617,92.783,27.8,1002.5,87.33
2006-07-26T00:00:00,42415099999,TEZPUR,26.617,92.783,25.6,1004.0,94.78
2006-07-26T03:00:00,42415099999,TEZPUR,26.617,92.783,28.0,1005.3,88.92
2006-07-26T06:00:00,42415099999,TEZPUR,26.617,92.783,31.2,1004.2,78.89
2006-07-26T09:00:00,42415099999,TEZPUR,26.617,92.783,29.8,1002.0,81.06
2006-07-26T12:00:00,42415099999,TEZPUR,26.617,92.783,29.4,1000.7,81.98
2006-07-26T15:00:00,42415099999,TEZPUR,26.617,92.783,27.8,1002.6,87.33
2006-07-26T18:00:00,42415099999,TEZPUR,26.617,92.783,27.6,1003.7,90.48
2006-07-26T21:00:00,42415099999,TEZPUR,26.617,92.783,27.0,1003.2,92.07
2006-07-27T00:00:00,42415099999,TEZPUR,26.617,92.783,26.8,1002.6,93.71
2006-07-27T03:00:00,42415099999,TEZPUR,26.617,92.783,28.4,1002.5,88.95
2006-07-27T06:00:00,42415099999,TEZPUR,26.617,92.783,30.2,1001.2,78.29
2006-07-27T09:00:00,42415099999,TEZPUR,26.617,92.783,30.8,997.7,73.0
2006-07-27T12:00:00,42415099999,TEZPUR,26.617,92.783,31.8,996.6,68.56
2006-07-27T15:00:00,42415099999,TEZPUR,26.617,92.783,29.2,998.8,84.92
2006-07-27T18:00:00,42415099999,TEZPUR,26.617,92.783,27.2,999.3,90.45
2006-07-27T21:00:00,42415099999,TEZPUR,26.617,92.783,26.0,998.9,92.01
2006-07-28T00:00:00,42415099999,TEZPUR,26.617,92.783,26.0,998.7,93.67
2006-07-28T03:00:00,42415099999,TEZPUR,26.617,92.783,32.0,998.7,72.35
2006-07-28T06:00:00,42415099999,TEZPUR,26.617,92.783,33.2,997.3,72.13
2006-07-28T09:00:00,42415099999,TEZPUR,26.617,92.783,35.0,994.5,62.25
2006-07-28T12:00:00,42415099999,TEZPUR,26.617,92.783,32.4,993.7,70.31
2006-07-28T15:00:00,42415099999,TEZPUR,26.617,92.783,30.0,996.3,85.0
2006-07-28T21:00:00,42415099999,TEZPUR,26.617,92.783,28.4,997.4,90.53
2006-07-29T00:00:00,42415099999,TEZPUR,26.617,92.783,28.2,998.0,83.31
2006-07-29T03:00:00,42415099999,TEZPUR,26.617,92.783,32.0,998.9,66.19
2006-07-29T06:00:00,42415099999,TEZPUR,26.617,92.783,34.4,998.5,59.59
2006-07-29T09:00:00,42415099999,TEZPUR,26.617,92.783,34.8,996.5,57.94
2006-07-29T12:00:00,42415099999,TEZPUR,26.617,92.783,33.8,996.9,59.46
2006-07-29T15:00:00,42415099999,TEZPUR,26.617,92.783,30.2,1000.0,81.11
2006-07-29T18:00:00,42415099999,TEZPUR,26.617,92.783,29.0,1001.0,83.4
2006-07-29T21:00:00,42415099999,TEZPUR,26.617,92.783,28.4,1000.6,84.83
2006-07-30T00:00:00,42415099999,TEZPUR,26.617,92.783,26.6,1003.0,94.82
2006-07-30T03:00:00,42415099999,TEZPUR,26.617,92.783,28.4,1004.0,88.95
2006-07-30T06:00:00,42415099999,TEZPUR,26.617,92.783,30.4,1003.2,82.58
2006-07-30T09:00:00,42415099999,TEZPUR,26.617,92.783,33.0,999.9,71.67
2006-07-30T12:00:00,42415099999,TEZPUR,26.617,92.783,32.4,999.7,72.84
2006-07-30T15:00:00,42415099999,TEZPUR,26.617,92.783,30.0,1002.3,79.67
2006-07-30T18:00:00,42415099999,TEZPUR,26.617,92.783,29.0,1003.8,90.57
2006-07-31T00:00:00,42415099999,TEZPUR,26.617,92.783,28.0,1002.9,95.43
2006-07-31T03:00:00,42415099999,TEZPUR,26.617,92.783,29.8,1002.8,86.49
2006-07-31T06:00:00,42415099999,TEZPUR,26.617,92.783,32.0,1001.9,76.28
2006-07-31T09:00:00,42415099999,TEZPUR,26.617,92.783,32.8,999.0,69.15
2006-07-31T12:00:00,42415099999,TEZPUR,26.617,92.783,31.6,998.0,77.57
2006-07-31T15:00:00,42415099999,TEZPUR,26.617,92.783,30.2,1000.5,86.52
2006-07-31T18:00:00,42415099999,TEZPUR,26.617,92.783,29.0,1002.7,95.46
2006-08-01T00:00:00,42415099999,TEZPUR,26.617,92.783,25.6,1000.2,87.14
2006-08-01T03:00:00,42415099999,TEZPUR,26.617,92.783,28.0,1002.0,84.79
2006-08-01T06:00:00,42415099999,TEZPUR,26.617,92.783,28.0,1001.7,87.35
2006-08-01T09:00:00,42415099999,TEZPUR,26.617,92.783,29.0,998.5,80.48
2006-08-01T12:00:00,42415099999,TEZPUR,26.617,92.783,29.2,998.5,80.51
2006-08-01T15:00:00,42415099999,TEZPUR,26.617,92.783,27.8,1000.8,88.9
2006-08-01T18:00:00,42415099999,TEZPUR,26.617,92.783,26.8,1002.0,93.71
2006-08-01T21:00:00,42415099999,TEZPUR,26.617,92.783,26.4,1001.3,94.81
2006-08-02T00:00:00,42415099999,TEZPUR,26.617,92.783,27.0,1002.1,95.4
2006-08-02T03:00:00,42415099999,TEZPUR,26.617,92.783,31.8,1002.7,73.6
2006-08-02T06:00:00,42415099999,TEZPUR,26.617,92.783,33.4,1001.1,67.26
2006-08-02T12:00:00,42415099999,TEZPUR,26.617,92.783,31.8,998.2,73.6
2006-08-02T15:00:00,42415099999,TEZPUR,26.617,92.783,29.4,1000.8,89.55
2006-08-02T18:00:00,42415099999,TEZPUR,26.617,92.783,28.6,1001.1,90.55
2006-08-02T21:00:00,42415099999,TEZPUR,26.617,92.783,27.8,1000.7,92.11
2006-08-03T00:00:00,42415099999,TEZPUR,26.617,92.783,28.0,1001.8,92.12
2006-08-03T03:00:00,42415099999,TEZPUR,26.617,92.783,29.0,1003.8,87.95
2006-08-03T06:00:00,42415099999,TEZPUR,26.617,92.783,31.2,1003.0,81.24
2006-08-03T09:00:00,42415099999,TEZPUR,26.617,92.783,32.6,1000.0,75.48
2006-08-03T12:00:00,42415099999,TEZPUR,26.617,92.783,30.4,1000.4,75.59
2006-08-03T15:00:00,42415099999,TEZPUR,26.617,92.783,28.2,1003.1,88.93
2006-08-03T18:00:00,42415099999,TEZPUR,26.617,92.783,28.2,1004.2,90.52
2006-08-03T21:00:00,42415099999,TEZPUR,26.617,92.783,27.8,1003.4,92.11
2006-08-04T00:00:00,42415099999,TEZPUR,26.617,92.783,26.2,1004.9,94.8
2006-08-04T03:00:00,42415099999,TEZPUR,26.617,92.783,28.0,1007.0,85.81
2006-08-04T06:00:00,42415099999,TEZPUR,26.617,92.783,25.0,1006.6,94.76
2006-08-04T09:00:00,42415099999,TEZPUR,26.617,92.783,29.6,1003.3,76.82
2006-08-04T12:00:00,42415099999,TEZPUR,26.617,92.783,,1002.9,
2006-08-04T15:00:00,42415099999,TEZPUR,26.617,92.783,27.0,1006.0,92.07
2006-08-04T18:00:00,42415099999,TEZPUR,26.617,92.783,26.6,1006.3,94.82
2006-08-05T00:00:00,42415099999,TEZPUR,26.617,92.783,27.2,1006.8,93.17
2006-08-05T03:00:00,42415099999,TEZPUR,26.617,92.783,27.0,1008.4,85.71
2006-08-05T06:00:00,42415099999,TEZPUR,26.617,92.783,30.0,1007.2,78.26
2006-08-05T09:00:00,42415099999,TEZPUR,26.617,92.783,31.0,1003.8,67.99
2006-08-05T12:00:00,42415099999,TEZPUR,26.617,92.783,30.4,1003.3,75.59
2006-08-05T15:00:00,42415099999,TEZPUR,26.617,92.783,27.4,1005.8,82.72
2006-08-05T18:00:00,42415099999,TEZPUR,26.617,92.783,27.2,1006.1,87.28
2006-08-05T21:00:00,42415099999,TEZPUR,26.617,92.783,27.0,1005.1,88.84
2006-08-06T00:00:00,42415099999,TEZPUR,26.617,92.783,26.8,1006.7,87.24
2006-08-06T03:00:00,42415099999,TEZPUR,26.617,92.783,29.4,1007.1,74.98
2006-08-06T06:00:00,42415099999,TEZPUR,26.617,92.783,30.2,1005.9,70.33
2006-08-06T09:00:00,42415099999,TEZPUR,26.617,92.783,32.2,1003.1,59.09
2006-08-06T12:00:00,42415099999,TEZPUR,26.617,92.783,31.0,1002.4,67.99
2006-08-06T15:00:00,42415099999,TEZPUR,26.617,92.783,28.6,1004.5,87.92
2006-08-06T18:00:00,42415099999,TEZPUR,26.617,92.783,27.8,1004.7,88.9
2006-08-06T21:00:00,42415099999,TEZPUR,26.617,92.783,27.2,1003.7,90.45
2006-08-07T00:00:00,42415099999,TEZPUR,26.617,92.783,27.0,1004.0,92.07
2006-08-07T03:00:00,42415099999,TEZPUR,26.617,92.783,29.0,1005.0,77.66
2006-08-07T06:00:00,42415099999,TEZPUR,26.617,92.783,31.4,1003.2,69.71
2006-08-07T09:00:00,42415099999,TEZPUR,26.617,92.783,33.0,1000.2,61.08
2006-08-07T12:00:00,42415099999,TEZPUR,26.617,92.783,31.6,999.6,68.52
2006-08-07T15:00:00,42415099999,TEZPUR,26.617,92.783,28.8,1001.7,89.5
2006-08-07T18:00:00,42415099999,TEZPUR,26.617,92.783,28.0,1002.3,87.35
2006-08-07T21:00:00,42415099999,TEZPUR,26.617,92.783,27.4,1001.6,90.47
2006-08-08T00:00:00,42415099999,TEZPUR,26.617,92.783,27.2,1001.9,92.08
2006-08-08T03:00:00,42415099999,TEZPUR,26.617,92.783,29.6,1002.8,82.0
2006-08-08T06:00:00,42415099999,TEZPUR,26.617,92.783,31.4,1001.2,72.24
2006-08-08T09:00:00,42415099999,TEZPUR,26.617,92.783,33.4,998.2,62.27
2006-08-08T12:00:00,42415099999,TEZPUR,26.617,92.783,32.2,998.0,69.04
2006-08-08T15:00:00,42415099999,TEZPUR,26.617,92.783,29.8,1000.6,82.51
2006-08-08T18:00:00,42415099999,TEZPUR,26.617,92.783,29.0,1001.0,87.95
2006-08-08T21:00:00,42415099999,TEZPUR,26.617,92.783,27.6,1000.7,92.1
2006-08-09T00:00:00,42415099999,TEZPUR,26.617,92.783,26.4,1000.7,93.69
2006-08-09T03:00:00,42415099999,TEZPUR,26.617,92.783,30.4,1000.8,82.58
2006-08-09T06:00:00,42415099999,TEZPUR,26.617,92.783,33.0,999.2,70.42
2006-08-09T09:00:00,42415099999,TEZPUR,26.617,92.783,34.0,995.7,60.57
2006-08-09T12:00:00,42415099999,TEZPUR,26.617,92.783,34.0,996.4,61.66
2006-08-09T15:00:00,42415099999,TEZPUR,26.617,92.783,31.4,999.0,78.92
2006-08-09T18:00:00,42415099999,TEZPUR,26.617,92.783,30.4,1000.1,82.58
2006-08-09T21:00:00,42415099999,TEZPUR,26.617,92.783,28.8,999.6,89.5
2006-08-10T00:00:00,42415099999,TEZPUR,26.617,92.783,29.0,999.3,87.95
2006-08-10T03:00:00,42415099999,TEZPUR,26.617,92.783,33.6,1000.1,64.95
2006-08-10T06:00:00,42415099999,TEZPUR,26.617,92.783,37.0,998.7,55.11
2006-08-10T09:00:00,42415099999,TEZPUR,26.617,92.783,37.6,995.7,50.87
2006-08-10T12:00:00,42415099999,TEZPUR,26.617,92.783,34.8,995.0,60.04
2006-08-10T15:00:00,42415099999,TEZPUR,26.617,92.783,31.2,997.7,77.52
2006-08-10T18:00:00,42415099999,TEZPUR,26.617,92.783,30.2,999.5,88.05
2006-08-10T21:00:00,42415099999,TEZPUR,26.617,92.783,29.2,999.0,90.59
2006-08-11T00:00:00,42415099999,TEZPUR,26.617,92.783,29.0,998.2,92.18
2006-08-11T03:00:00,42415099999,TEZPUR,26.617,92.783,32.8,998.8,74.2
2006-08-11T06:00:00,42415099999,TEZPUR,26.617,92.783,36.7,998.5,59.76
2006-08-11T09:00:00,42415099999,TEZPUR,26.617,92.783,35.0,996.6,64.48
2006-08-11T12:00:00,42415099999,TEZPUR,26.617,92.783,31.0,996.0,78.4
2006-08-11T15:00:00,42415099999,TEZPUR,26.617,92.783,30.0,998.4,88.04
2006-08-11T18:00:00,42415099999,TEZPUR,26.617,92.783,30.0,1000.1,81.09
2006-08-11T21:00:00,42415099999,TEZPUR,26.617,92.783,29.2,999.4,86.43
2006-08-12T00:00:00,42415099999,TEZPUR,26.617,92.783,28.0,1001.1,83.29
2006-08-12T03:00:00,42415099999,TEZPUR,26.617,92.783,32.6,1001.0,75.48
2006-08-12T06:00:00,42415099999,TEZPUR,26.617,92.783,35.0,999.9,55.95
2006-08-12T09:00:00,42415099999,TEZPUR,26.617,92.783,36.0,997.0,57.53
2006-08-12T12:00:00,42415099999,TEZPUR,26.617,92.783,34.8,995.7,60.04
2006-08-12T15:00:00,42415099999,TEZPUR,26.617,92.783,31.0,999.1,78.4
2006-08-12T18:00:00,42415099999,TEZPUR,26.617,92.783,30.8,1000.4,84.09
2006-08-12T21:00:00,42415099999,TEZPUR,26.617,92.783,29.6,999.6,91.14
2006-08-13T00:00:00,42415099999,TEZPUR,26.617,92.783,26.2,1001.7,90.38
2006-08-13T03:00:00,42415099999,TEZPUR,26.617,92.783,28.8,1002.5,79.03
2006-08-13T06:00:00,42415099999,TEZPUR,26.617,92.783,31.4,1000.7,72.24
2006-08-13T09:00:00,42415099999,TEZPUR,26.617,92.783,33.4,997.6,66.07
2006-08-13T12:00:00,42415099999,TEZPUR,26.617,92.783,33.0,996.6,66.78
2006-08-13T18:00:00,42415099999,TEZPUR,26.617,92.783,29.2,1000.6,86.43
2006-08-13T21:00:00,42415099999,TEZPUR,26.617,92.783,28.4,1000.2,88.95
2006-08-14T00:00:00,42415099999,TEZPUR,26.617,92.783,28.0,1000.1,88.92
2006-08-14T03:00:00,42415099999,TEZPUR,26.617,92.783,25.0,1002.5,94.76
2006-08-14T06:00:00,42415099999,TEZPUR,26.617,92.783,28.6,1001.5,80.43
2006-08-14T09:00:00,42415099999,TEZPUR,26.617,92.783,32.2,998.2,69.04
2006-08-14T12:00:00,42415099999,TEZPUR,26.617,92.783,30.8,997.1,73.0
2006-08-14T18:00:00,42415099999,TEZPUR,26.617,92.783,28.0,1000.1,90.51
2006-08-14T21:00:00,42415099999,TEZPUR,26.617,92.783,27.2,999.4,91.53
2006-08-15T00:00:00,42415099999,TEZPUR,26.617,92.783,26.6,999.9,94.82
2006-08-15T03:00:00,42415099999,TEZPUR,26.617,92.783,32.2,1000.3,71.53
2006-08-15T06:00:00,42415099999,TEZPUR,26.617,92.783,35.2,998.1,56.0
2006-08-15T09:00:00,42415099999,TEZPUR,26.617,92.783,37.0,995.7,51.33
2006-08-15T12:00:00,42415099999,TEZPUR,26.617,92.783,35.0,995.2,57.98
2006-08-15T15:00:00,42415099999,TEZPUR,26.617,92.783,30.0,997.8,81.09
2006-08-15T18:00:00,42415099999,TEZPUR,26.617,92.783,28.8,999.2,86.39
2006-08-15T21:00:00,42415099999,TEZPUR,26.617,92.783,27.8,999.0,88.9
2006-08-16T00:00:00,42415099999,TEZPUR,26.617,92.783,27.2,999.2,92.08
2006-08-16T03:00:00,42415099999,TEZPUR,26.617,92.783,34.0,999.7,68.57
2006-08-16T06:00:00,42415099999,TEZPUR,26.617,92.783,36.6,998.6,56.0
2006-08-16T09:00:00,42415099999,TEZPUR,26.617,92.783,37.0,996.5,58.44
2006-08-16T12:00:00,42415099999,TEZPUR,26.617,92.783,35.4,995.2,66.09
2006-08-16T15:00:00,42415099999,TEZPUR,26.617,92.783,31.2,998.0,79.82
2006-08-16T18:00:00,42415099999,TEZPUR,26.617,92.783,29.4,999.2,89.55
2006-08-16T21:00:00,42415099999,TEZPUR,26.617,92.783,28.0,999.1,92.12
2006-08-17T00:00:00,42415099999,TEZPUR,26.617,92.783,27.8,999.9,88.9
2006-08-17T03:00:00,42415099999,TEZPUR,26.617,92.783,32.0,1001.9,68.59
2006-08-17T06:00:00,42415099999,TEZPUR,26.617,92.783,33.6,1000.7,70.94
2006-08-17T09:00:00,42415099999,TEZPUR,26.617,92.783,33.8,998.9,73.5
2006-08-17T12:00:00,42415099999,TEZPUR,26.617,92.783,30.4,999.2,72.94
2006-08-17T15:00:00,42415099999,TEZPUR,26.617,92.783,28.6,1002.0,83.36
2006-08-17T18:00:00,42415099999,TEZPUR,26.617,92.783,28.6,1003.1,84.85
2006-08-17T21:00:00,42415099999,TEZPUR,26.617,92.783,28.0,1003.1,90.51
2006-08-18T00:00:00,42415099999,TEZPUR,26.617,92.783,27.6,1003.6,88.88
2006-08-18T03:00:00,42415099999,TEZPUR,26.617,92.783,30.1,1005.5,77.81
2006-08-18T06:00:00,42415099999,TEZPUR,26.617,92.783,32.8,1004.2,67.94
2006-08-18T09:00:00,42415099999,TEZPUR,26.617,92.783,33.4,1001.0,64.91
2006-08-18T12:00:00,42415099999,TEZPUR,26.617,92.783,32.0,1000.3,72.35
2006-08-18T15:00:00,42415099999,TEZPUR,26.617,92.783,29.0,1003.5,81.93
2006-08-18T18:00:00,42415099999,TEZPUR,26.617,92.783,29.0,1004.0,84.9
2006-08-18T21:00:00,42415099999,TEZPUR,26.617,92.783,29.0,1003.7,84.9
2006-08-19T00:00:00,42415099999,TEZPUR,26.617,92.783,28.2,1004.5,88.93
2006-08-19T03:00:00,42415099999,TEZPUR,26.617,92.783,30.0,1006.3,78.26
2006-08-19T06:00:00,42415099999,TEZPUR,26.617,92.783,32.0,1004.8,72.35
2006-08-19T09:00:00,42415099999,TEZPUR,26.617,92.783,33.2,1001.2,66.03
2006-08-19T12:00:00,42415099999,TEZPUR,26.617,92.783,32.6,1000.7,70.35
2006-08-19T15:00:00,42415099999,TEZPUR,26.617,92.783,30.6,1004.0,84.07
2006-08-19T18:00:00,42415099999,TEZPUR,26.617,92.783,30.0,1004.6,85.0
2006-08-19T21:00:00,42415099999,TEZPUR,26.617,92.783,29.2,1004.1,87.97
2006-08-20T00:00:00,42415099999,TEZPUR,26.617,92.783,28.2,1003.2,93.77
2006-08-20T03:00:00,42415099999,TEZPUR,26.617,92.783,30.4,1003.5,82.58
2006-08-20T06:00:00,42415099999,TEZPUR,26.617,92.783,33.4,1001.4,67.26
2006-08-20T09:00:00,42415099999,TEZPUR,26.617,92.783,35.0,998.0,61.16
2006-08-20T12:00:00,42415099999,TEZPUR,26.617,92.783,33.2,998.0,66.03
2006-08-20T15:00:00,42415099999,TEZPUR,26.617,92.783,31.4,1001.3,78.92
2006-08-20T18:00:00,42415099999,TEZPUR,26.617,92.783,30.0,1001.3,78.26
2006-08-20T21:00:00,42415099999,TEZPUR,26.617,92.783,28.6,1000.8,84.85
2006-08-21T00:00:00,42415099999,TEZPUR,26.617,92.783,24.4,1001.9,89.71
2006-08-21T03:00:00,42415099999,TEZPUR,26.617,92.783,27.0,1004.2,92.07
2006-08-21T06:00:00,42415099999,TEZPUR,26.617,92.783,30.4,1003.1,76.94
2006-08-21T09:00:00,42415099999,TEZPUR,26.617,92.783,32.4,1000.5,63.94
2006-08-21T12:00:00,42415099999,TEZPUR,26.617,92.783,31.4,999.6,70.97
2006-08-21T15:00:00,42415099999,TEZPUR,26.617,92.783,29.0,1002.5,84.9
2006-08-21T18:00:00,42415099999,TEZPUR,26.617,92.783,28.8,1003.6,93.8
2006-08-21T21:00:00,42415099999,TEZPUR,26.617,92.783,28.2,1003.2,93.22
2006-08-22T00:00:00,42415099999,TEZPUR,26.617,92.783,27.6,1003.2,95.42
2006-08-22T03:00:00,42415099999,TEZPUR,26.617,92.783,29.4,1004.5,79.11
2006-08-22T06:00:00,42415099999,TEZPUR,26.617,92.783,32.0,1003.5,66.19
2006-08-22T09:00:00,42415099999,TEZPUR,26.617,92.783,34.2,1000.4,57.45
2006-08-22T12:00:00,42415099999,TEZPUR,26.617,92.783,33.2,1000.0,66.03
2006-08-22T15:00:00,42415099999,TEZPUR,26.617,92.783,30.0,1002.4,81.09
2006-08-22T18:00:00,42415099999,TEZPUR,26.617,92.783,27.4,1003.2,92.09
2006-08-22T21:00:00,42415099999,TEZPUR,26.617,92.783,26.8,1002.8,93.71
2006-08-23T00:00:00,42415099999,TEZPUR,26.617,92.783,27.0,1002.8,92.07
2006-08-23T03:00:00,42415099999,TEZPUR,26.617,92.783,26.2,1004.7,92.02
2006-08-23T06:00:00,42415099999,TEZPUR,26.617,92.783,29.8,1003.9,81.06
2006-08-23T09:00:00,42415099999,TEZPUR,26.617,92.783,28.8,1001.5,79.03
2006-08-23T12:00:00,42415099999,TEZPUR,26.617,92.783,31.0,1001.2,72.17
2006-08-23T15:00:00,42415099999,TEZPUR,26.617,92.783,27.4,1003.7,92.09
2006-08-23T18:00:00,42415099999,TEZPUR,26.617,92.783,27.4,1003.5,92.09
2006-08-23T21:00:00,42415099999,TEZPUR,26.617,92.783,26.8,1002.9,92.05
2006-08-24T00:00:00,42415099999,TEZPUR,26.617,92.783,26.4,1003.2,93.69
2006-08-24T03:00:00,42415099999,TEZPUR,26.617,92.783,26.6,1004.8,92.04
2006-08-24T06:00:00,42415099999,TEZPUR,26.617,92.783,29.0,1003.8,80.48
2006-08-24T09:00:00,42415099999,TEZPUR,26.617,92.783,30.4,1001.4,78.32
2006-08-24T12:00:00,42415099999,TEZPUR,26.617,92.783,30.0,1001.5,81.09
2006-08-24T15:00:00,42415099999,TEZPUR,26.617,92.783,27.0,1003.9,95.4
2006-08-24T18:00:00,42415099999,TEZPUR,26.617,92.783,26.4,1004.1,96.51
2006-08-24T21:00:00,42415099999,TEZPUR,26.617,92.783,26.4,1003.0,98.24
2006-08-25T00:00:00,42415099999,TEZPUR,26.617,92.783,26.0,1004.2,96.5
2006-08-25T03:00:00,42415099999,TEZPUR,26.617,92.783,25.8,1005.5,100.0
2006-08-25T06:00:00,42415099999,TEZPUR,26.617,92.783,28.0,1005.2,92.12
2006-08-25T09:00:00,42415099999,TEZPUR,26.617,92.783,29.0,1001.8,87.95
2006-08-25T12:00:00,42415099999,TEZPUR,26.617,92.783,28.6,1001.7,87.92
2006-08-25T15:00:00,42415099999,TEZPUR,26.617,92.783,27.4,1004.1,90.47
2006-08-25T18:00:00,42415099999,TEZPUR,26.617,92.783,26.6,1003.6,94.82
2006-08-25T21:00:00,42415099999,TEZPUR,26.617,92.783,26.4,1002.4,96.51
2006-08-26T00:00:00,42415099999,TEZPUR,26.617,92.783,26.0,1002.7,94.8
2006-08-26T03:00:00,42415099999,TEZPUR,26.617,92.783,28.0,1003.6,87.35
2006-08-26T06:00:00,42415099999,TEZPUR,26.617,92.783,31.0,1002.0,72.17
2006-08-26T09:00:00,42415099999,TEZPUR,26.617,92.783,31.0,999.2,74.79
2006-08-26T12:00:00,42415099999,TEZPUR,26.617,92.783,29.0,999.1,84.9
2006-08-26T15:00:00,42415099999,TEZPUR,26.617,92.783,28.2,1000.9,90.52
2006-08-26T18:00:00,42415099999,TEZPUR,26.617,92.783,28.0,1001.2,92.12
2006-08-26T21:00:00,42415099999,TEZPUR,26.617,92.783,27.4,1000.8,93.74
2006-08-27T00:00:00,42415099999,TEZPUR,26.617,92.783,26.6,1000.7,98.25
2006-08-27T03:00:00,42415099999,TEZPUR,26.617,92.783,29.0,1001.6,84.9
2006-08-27T06:00:00,42415099999,TEZPUR,26.617,92.783,32.4,1000.7,72.84
2006-08-27T09:00:00,42415099999,TEZPUR,26.617,92.783,34.0,997.9,58.45
2006-08-27T12:00:00,42415099999,TEZPUR,26.617,92.783,31.2,997.6,77.52
2006-08-27T15:00:00,42415099999,TEZPUR,26.617,92.783,28.6,1000.0,87.92
2006-08-27T18:00:00,42415099999,TEZPUR,26.617,92.783,28.0,1000.1,92.12
2006-08-27T21:00:00,42415099999,TEZPUR,26.617,92.783,27.2,999.4,93.73
2006-08-28T00:00:00,42415099999,TEZPUR,26.617,92.783,27.0,999.6,96.53
2006-08-28T03:00:00,42415099999,TEZPUR,26.617,92.783,30.0,1001.1,85.0
2006-08-28T06:00:00,42415099999,TEZPUR,26.617,92.783,32.4,1000.2,70.31
2006-08-28T09:00:00,42415099999,TEZPUR,26.617,92.783,32.0,998.0,74.95
2006-08-28T12:00:00,42415099999,TEZPUR,26.617,92.783,31.2,998.3,77.52
2006-08-28T15:00:00,42415099999,TEZPUR,26.617,92.783,28.2,1001.1,86.34
2006-08-28T18:00:00,42415099999,TEZPUR,26.617,92.783,27.8,1001.4,88.9
2006-08-28T21:00:00,42415099999,TEZPUR,26.617,92.783,27.4,1001.0,92.09
2006-08-29T00:00:00,42415099999,TEZPUR,26.617,92.783,27.6,1002.2,85.77
2006-08-29T03:00:00,42415099999,TEZPUR,26.617,92.783,29.8,1005.0,76.85
2006-08-29T06:00:00,42415099999,TEZPUR,26.617,92.783,32.4,1004.6,70.31
2006-08-29T09:00:00,42415099999,TEZPUR,26.617,92.783,31.0,1002.6,73.47
2006-08-29T12:00:00,42415099999,TEZPUR,26.617,92.783,28.8,1002.8,89.5
2006-08-29T15:00:00,42415099999,TEZPUR,26.617,92.783,27.6,1006.6,93.74
2006-08-29T18:00:00,42415099999,TEZPUR,26.617,92.783,26.8,1006.2,95.39
2006-08-30T00:00:00,42415099999,TEZPUR,26.617,92.783,25.6,1008.0,94.78
2006-08-30T03:00:00,42415099999,TEZPUR,26.617,92.783,27.8,1009.8,87.33
2006-08-30T06:00:00,42415099999,TEZPUR,26.617,92.783,30.0,1008.1,78.26
2006-08-30T09:00:00,42415099999,TEZPUR,26.617,92.783,28.4,1005.5,84.83
2006-08-30T12:00:00,42415099999,TEZPUR,26.617,92.783,28.2,1004.7,90.52
2006-08-30T15:00:00,42415099999,TEZPUR,26.617,92.783,27.6,1006.7,92.1
2006-08-30T18:00:00,42415099999,TEZPUR,26.617,92.783,27.2,1006.1,93.73
2006-08-30T21:00:00,42415099999,TEZPUR,26.617,92.783,26.4,1005.4,94.81
2006-08-31T00:00:00,42415099999,TEZPUR,26.617,92.783,26.4,1005.8,96.51
2006-08-31T03:00:00,42415099999,TEZPUR,26.617,92.783,28.6,1007.3,87.92
2006-08-31T06:00:00,42415099999,TEZPUR,26.617,92.783,31.4,1005.4,72.24
2006-08-31T09:00:00,42415099999,TEZPUR,26.617,92.783,31.8,1002.2,72.31
2006-08-31T12:00:00,42415099999,TEZPUR,26.617,92.783,30.8,1001.9,79.77
2006-08-31T15:00:00,42415099999,TEZPUR,26.617,92.783,29.0,1003.7,84.9
2006-08-31T18:00:00,42415099999,TEZPUR,26.617,92.783,28.4,1003.9,88.95
2006-08-31T21:00:00,42415099999,TEZPUR,26.617,92.783,28.0,1003.4,92.12
2006-09-01T00:00:00,42415099999,TEZPUR,26.617,92.783,27.4,1004.2,92.09
2006-09-01T03:00:00,42415099999,TEZPUR,26.617,92.783,29.8,1005.9,79.64
2006-09-01T06:00:00,42415099999,TEZPUR,26.617,92.783,31.8,1004.0,67.34
2006-09-01T09:00:00,42415099999,TEZPUR,26.617,92.783,33.0,1001.2,61.08
2006-09-01T12:00:00,42415099999,TEZPUR,26.617,92.783,32.0,1001.0,66.19
2006-09-01T15:00:00,42415099999,TEZPUR,26.617,92.783,29.4,1003.7,86.45
2006-09-01T18:00:00,42415099999,TEZPUR,26.617,92.783,29.0,1003.5,86.41
2006-09-01T21:00:00,42415099999,TEZPUR,26.617,92.783,28.2,1003.0,90.52
2006-09-02T00:00:00,42415099999,TEZPUR,26.617,92.783,27.8,1005.0,94.86
2006-09-02T03:00:00,42415099999,TEZPUR,26.617,92.783,30.4,1006.1,82.58
2006-09-02T06:00:00,42415099999,TEZPUR,26.617,92.783,32.6,1004.5,65.52
2006-09-02T12:00:00,42415099999,TEZPUR,26.617,92.783,32.0,1002.2,67.38
2006-09-02T15:00:00,42415099999,TEZPUR,26.617,92.783,30.0,1004.8,81.09
2006-09-02T18:00:00,42415099999,TEZPUR,26.617,92.783,28.6,1005.3,88.96
2006-09-02T21:00:00,42415099999,TEZPUR,26.617,92.783,26.2,1005.0,90.38
2006-09-03T00:00:00,42415099999,TEZPUR,26.617,92.783,26.4,1004.9,92.03
2006-09-03T03:00:00,42415099999,TEZPUR,26.617,92.783,30.0,1006.1,81.09
2006-09-03T06:00:00,42415099999,TEZPUR,26.617,92.783,33.0,1004.2,66.78
2006-09-03T09:00:00,42415099999,TEZPUR,26.617,92.783,34.4,1001.5,62.12
2006-09-03T12:00:00,42415099999,TEZPUR,26.617,92.783,33.4,1000.9,73.01
2006-09-03T15:00:00,42415099999,TEZPUR,26.617,92.783,30.0,1004.1,88.04
2006-09-03T18:00:00,42415099999,TEZPUR,26.617,92.783,28.6,1004.4,90.55
2006-09-03T21:00:00,42415099999,TEZPUR,26.617,92.783,27.0,1003.9,92.61
2006-09-04T00:00:00,42415099999,TEZPUR,26.617,92.783,28.0,1005.7,88.92
2006-09-04T03:00:00,42415099999,TEZPUR,26.617,92.783,30.4,1007.4,75.59
2006-09-04T06:00:00,42415099999,TEZPUR,26.617,92.783,32.0,1005.8,66.19
2006-09-04T09:00:00,42415099999,TEZPUR,26.617,92.783,32.8,1003.2,67.94
2006-09-04T12:00:00,42415099999,TEZPUR,26.617,92.783,30.8,1002.9,77.0
2006-09-04T15:00:00,42415099999,TEZPUR,26.617,92.783,28.8,1005.6,83.38
2006-09-04T18:00:00,42415099999,TEZPUR,26.617,92.783,28.6,1005.7,83.36
2006-09-04T21:00:00,42415099999,TEZPUR,26.617,92.783,28.0,1005.0,87.35
2006-09-05T00:00:00,42415099999,TEZPUR,26.617,92.783,27.2,1006.0,82.7
2006-09-05T03:00:00,42415099999,TEZPUR,26.617,92.783,29.6,1007.2,74.12
2006-09-05T06:00:00,42415099999,TEZPUR,26.617,92.783,31.0,1006.4,72.17
2006-09-05T09:00:00,42415099999,TEZPUR,26.617,92.783,31.6,1003.0,68.52
2006-09-05T12:00:00,42415099999,TEZPUR,26.617,92.783,30.4,1003.1,70.37
2006-09-05T15:00:00,42415099999,TEZPUR,26.617,92.783,28.6,1005.3,83.36
2006-09-05T18:00:00,42415099999,TEZPUR,26.617,92.783,28.4,1005.2,83.33
2006-09-05T21:00:00,42415099999,TEZPUR,26.617,92.783,27.2,1004.6,88.85
2006-09-06T00:00:00,42415099999,TEZPUR,26.617,92.783,27.0,1005.0,87.26
2006-09-06T03:00:00,42415099999,TEZPUR,26.617,92.783,28.6,1006.8,80.43
2006-09-06T06:00:00,42415099999,TEZPUR,26.617,92.783,30.8,1005.6,73.0
2006-09-06T09:00:00,42415099999,TEZPUR,26.617,92.783,30.4,1002.5,75.59
2006-09-06T12:00:00,42415099999,TEZPUR,26.617,92.783,29.4,1002.2,81.98
2006-09-06T15:00:00,42415099999,TEZPUR,26.617,92.783,28.2,1004.5,90.52
2006-09-06T18:00:00,42415099999,TEZPUR,26.617,92.783,28.0,1004.6,88.92
2006-09-06T21:00:00,42415099999,TEZPUR,26.617,92.783,27.0,1004.0,92.07
2006-09-07T00:00:00,42415099999,TEZPUR,26.617,92.783,27.0,1005.3,95.4
2006-09-07T03:00:00,42415099999,TEZPUR,26.617,92.783,28.6,1006.3,84.85
2006-09-07T06:00:00,42415099999,TEZPUR,26.617,92.783,29.2,1005.1,80.51
2006-09-07T09:00:00,42415099999,TEZPUR,26.617,92.783,30.6,1001.8,75.62
2006-09-07T12:00:00,42415099999,TEZPUR,26.617,92.783,29.2,1001.9,77.68
2006-09-07T15:00:00,42415099999,TEZPUR,26.617,92.783,27.0,1005.1,87.26
2006-09-07T18:00:00,42415099999,TEZPUR,26.617,92.783,26.6,1004.4,90.41
2006-09-08T00:00:00,42415099999,TEZPUR,26.617,92.783,26.0,1004.8,96.5
2006-09-08T03:00:00,42415099999,TEZPUR,26.617,92.783,25.0,1005.7,98.23
2006-09-08T06:00:00,42415099999,TEZPUR,26.617,92.783,27.8,1006.8,87.33
2006-09-08T09:00:00,42415099999,TEZPUR,26.617,92.783,26.4,1004.5,96.51
2006-09-08T12:00:00,42415099999,TEZPUR,26.617,92.783,26.4,1005.0,94.81
2006-09-08T15:00:00,42415099999,TEZPUR,26.617,92.783,25.6,1007.3,93.1
2006-09-08T18:00:00,42415099999,TEZPUR,26.617,92.783,25.4,1007.5,93.09
2006-09-08T21:00:00,42415099999,TEZPUR,26.617,92.783,25.4,1006.7,93.09
2006-09-09T00:00:00,42415099999,TEZPUR,26.617,92.783,25.4,1006.7,98.23
2006-09-09T03:00:00,42415099999,TEZPUR,26.617,92.783,28.4,1008.6,84.83
2006-09-09T06:00:00,42415099999,TEZPUR,26.617,92.783,30.6,1007.3,71.68
2006-09-09T09:00:00,42415099999,TEZPUR,26.617,92.783,31.4,1004.3,70.97
2006-09-09T12:00:00,42415099999,TEZPUR,26.617,92.783,29.4,1004.3,79.11
2006-09-09T15:00:00,42415099999,TEZPUR,26.617,92.783,27.0,1007.1,92.07
2006-09-09T18:00:00,42415099999,TEZPUR,26.617,92.783,26.6,1007.1,94.82
2006-09-09T21:00:00,42415099999,TEZPUR,26.617,92.783,26.4,1006.9,94.81
2006-09-10T00:00:00,42415099999,TEZPUR,26.617,92.783,26.2,1006.7,94.8
2006-09-10T03:00:00,42415099999,TEZPUR,26.617,92.783,28.0,1008.4,84.79
2006-09-10T06:00:00,42415099999,TEZPUR,26.617,92.783,30.4,1007.3,69.11
2006-09-10T09:00:00,42415099999,TEZPUR,26.617,92.783,31.0,1003.9,72.17
2006-09-10T12:00:00,42415099999,TEZPUR,26.617,92.783,28.0,1003.9,80.35
2006-09-10T15:00:00,42415099999,TEZPUR,26.617,92.783,25.4,1006.6,96.49
2006-09-10T18:00:00,42415099999,TEZPUR,26.617,92.783,24.8,1006.4,94.75
2006-09-10T21:00:00,42415099999,TEZPUR,26.617,92.783,24.4,1005.6,94.74
2006-09-11T00:00:00,42415099999,TEZPUR,26.617,92.783,24.4,1005.7,98.22
2006-09-11T03:00:00,42415099999,TEZPUR,26.617,92.783,26.0,1006.6,92.01
2006-09-11T06:00:00,42415099999,TEZPUR,26.617,92.783,28.0,1005.9,84.79
2006-09-11T09:00:00,42415099999,TEZPUR,26.617,92.783,29.2,1002.8,81.96
2006-09-11T12:00:00,42415099999,TEZPUR,26.617,92.783,29.2,1002.9,74.5
2006-09-11T15:00:00,42415099999,TEZPUR,26.617,92.783,25.6,1006.5,94.78
2006-09-11T18:00:00,42415099999,TEZPUR,26.617,92.783,24.4,1005.4,98.22
2006-09-11T21:00:00,42415099999,TEZPUR,26.617,92.783,24.2,1004.9,96.46
2006-09-12T00:00:00,42415099999,TEZPUR,26.617,92.783,24.4,1004.7,96.46
2006-09-12T03:00:00,42415099999,TEZPUR,26.617,92.783,27.0,1005.9,90.44
2006-09-12T06:00:00,42415099999,TEZPUR,26.617,92.783,29.0,1005.3,77.66
2006-09-12T09:00:00,42415099999,TEZPUR,26.617,92.783,26.4,1004.0,92.03
2006-09-12T12:00:00,42415099999,TEZPUR,26.617,92.783,26.0,1004.5,93.67
2006-09-12T15:00:00,42415099999,TEZPUR,26.617,92.783,25.6,1007.6,96.49
2006-09-12T18:00:00,42415099999,TEZPUR,26.617,92.783,25.4,1007.1,96.49
2006-09-12T21:00:00,42415099999,TEZPUR,26.617,92.783,25.2,1006.5,98.23
2006-09-13T00:00:00,42415099999,TEZPUR,26.617,92.783,24.6,1006.9,98.22
2006-09-13T03:00:00,42415099999,TEZPUR,26.617,92.783,26.0,1009.3,94.8
2006-09-13T06:00:00,42415099999,TEZPUR,26.617,92.783,30.4,1007.9,78.32
2006-09-13T09:00:00,42415099999,TEZPUR,26.617,92.783,30.0,1005.6,75.52
2006-09-13T12:00:00,42415099999,TEZPUR,26.617,92.783,27.8,1005.6,85.79
2006-09-13T15:00:00,42415099999,TEZPUR,26.617,92.783,26.0,1008.4,92.01
2006-09-13T18:00:00,42415099999,TEZPUR,26.617,92.783,25.0,1009.1,93.07
2006-09-13T21:00:00,42415099999,TEZPUR,26.617,92.783,24.6,1008.4,94.74
2006-09-14T00:00:00,42415099999,TEZPUR,26.617,92.783,24.4,1008.6,91.36
2006-09-14T03:00:00,42415099999,TEZPUR,26.617,92.783,26.6,1010.1,87.23
2006-09-14T06:00:00,42415099999,TEZPUR,26.617,92.783,30.0,1008.6,75.52
2006-09-14T09:00:00,42415099999,TEZPUR,26.617,92.783,30.0,1005.4,75.52
2006-09-14T12:00:00,42415099999,TEZPUR,26.617,92.783,27.6,1005.6,81.27
2006-09-14T15:00:00,42415099999,TEZPUR,26.617,92.783,26.2,1007.8,90.38
2006-09-14T18:00:00,42415099999,TEZPUR,26.617,92.783,25.6,,91.44
2006-09-14T21:00:00,42415099999,TEZPUR,26.617,92.783,25.4,1008.1,93.09
2006-09-15T00:00:00,42415099999,TEZPUR,26.617,92.783,25.0,1008.4,94.76
2006-09-15T03:00:00,42415099999,TEZPUR,26.617,92.783,27.6,1004.4,95.42
2006-09-15T06:00:00,42415099999,TEZPUR,26.617,92.783,31.6,1008.0,66.11
2006-09-15T09:00:00,42415099999,TEZPUR,26.617,92.783,32.4,1004.6,63.94
2006-09-15T12:00:00,42415099999,TEZPUR,26.617,92.783,30.0,1005.4,74.18
2006-09-15T15:00:00,42415099999,TEZPUR,26.617,92.783,26.4,1007.7,84.12
2006-09-15T18:00:00,42415099999,TEZPUR,26.617,92.783,25.4,1008.4,90.33
2006-09-16T00:00:00,42415099999,TEZPUR,26.617,92.783,25.0,1008.6,96.48
2006-09-16T03:00:00,42415099999,TEZPUR,26.617,92.783,27.0,1010.2,84.18
2006-09-16T06:00:00,42415099999,TEZPUR,26.617,92.783,30.0,1008.5,69.04
2006-09-16T09:00:00,42415099999,TEZPUR,26.617,92.783,31.4,1005.0,64.5
2006-09-16T12:00:00,42415099999,TEZPUR,26.617,92.783,30.0,1005.3,71.57
2006-09-16T15:00:00,42415099999,TEZPUR,26.617,92.783,27.4,1007.6,84.22
2006-09-16T18:00:00,42415099999,TEZPUR,26.617,92.783,26.0,1008.4,92.01
2006-09-17T00:00:00,42415099999,TEZPUR,26.617,92.783,25.4,1007.8,94.77
2006-09-17T03:00:00,42415099999,TEZPUR,26.617,92.783,28.0,1009.3,81.81
2006-09-17T06:00:00,42415099999,TEZPUR,26.617,92.783,31.0,1007.1,70.9
2006-09-17T09:00:00,42415099999,TEZPUR,26.617,92.783,32.2,1004.0,63.9
2006-09-17T12:00:00,42415099999,TEZPUR,26.617,92.783,29.0,1003.4,73.58
2006-09-17T15:00:00,42415099999,TEZPUR,26.617,92.783,27.0,1005.9,85.71
2006-09-17T18:00:00,42415099999,TEZPUR,26.617,92.783,26.4,1006.2,92.03
2006-09-17T21:00:00,42415099999,TEZPUR,26.617,92.783,25.6,1005.6,94.78
2006-09-18T00:00:00,42415099999,TEZPUR,26.617,92.783,25.0,1005.8,97.64
2006-09-18T06:00:00,42415099999,TEZPUR,26.617,92.783,32.6,1004.9,59.54
2006-09-18T09:00:00,42415099999,TEZPUR,26.617,92.783,34.2,1001.3,56.43
2006-09-18T12:00:00,42415099999,TEZPUR,26.617,92.783,31.0,1001.0,63.26
2006-09-18T15:00:00,42415099999,TEZPUR,26.617,92.783,28.2,1004.2,76.15
2006-09-18T18:00:00,42415099999,TEZPUR,26.617,92.783,27.0,1005.0,90.44
2006-09-18T21:00:00,42415099999,TEZPUR,26.617,92.783,26.2,1003.5,92.02
2006-09-19T00:00:00,42415099999,TEZPUR,26.617,92.783,26.0,1004.3,93.67
2006-09-19T03:00:00,42415099999,TEZPUR,26.617,92.783,31.6,1005.2,69.75
2006-09-19T06:00:00,42415099999,TEZPUR,26.617,92.783,34.4,1003.6,56.48
2006-09-19T09:00:00,42415099999,TEZPUR,26.617,92.783,34.6,1000.7,56.52
2006-09-19T12:00:00,42415099999,TEZPUR,26.617,92.783,31.6,1000.8,62.25
2006-09-19T15:00:00,42415099999,TEZPUR,26.617,92.783,29.8,1004.6,75.49
2006-09-19T18:00:00,42415099999,TEZPUR,26.617,92.783,27.8,1005.4,85.79
2006-09-19T21:00:00,42415099999,TEZPUR,26.617,92.783,26.4,1004.6,90.4
2006-09-20T00:00:00,42415099999,TEZPUR,26.617,92.783,27.0,1005.0,75.5
2006-09-20T03:00:00,42415099999,TEZPUR,26.617,92.783,31.2,1007.1,58.5
2006-09-20T06:00:00,42415099999,TEZPUR,26.617,92.783,33.2,1005.8,55.52
2006-09-20T09:00:00,42415099999,TEZPUR,26.617,92.783,34.0,1003.5,51.82
2006-09-20T12:00:00,42415099999,TEZPUR,26.617,92.783,29.6,1004.5,68.54
2006-09-20T15:00:00,42415099999,TEZPUR,26.617,92.783,28.0,1007.5,84.79
2006-09-20T18:00:00,42415099999,TEZPUR,26.617,92.783,27.6,1007.4,82.75
2006-09-20T21:00:00,42415099999,TEZPUR,26.617,92.783,26.2,1006.5,90.38
2006-09-21T00:00:00,42415099999,TEZPUR,26.617,92.783,26.0,1007.4,87.17
2006-09-21T03:00:00,42415099999,TEZPUR,26.617,92.783,29.0,1008.3,70.96
2006-09-21T06:00:00,42415099999,TEZPUR,26.617,92.783,31.2,1007.2,64.46
2006-09-21T12:00:00,42415099999,TEZPUR,26.617,92.783,29.2,1004.9,69.72
2006-09-21T15:00:00,42415099999,TEZPUR,26.617,92.783,28.0,1007.4,78.45
2006-09-21T18:00:00,42415099999,TEZPUR,26.617,92.783,27.0,1007.7,84.18
2006-09-21T21:00:00,42415099999,TEZPUR,26.617,92.783,26.0,1006.9,88.76
2006-09-22T00:00:00,42415099999,TEZPUR,26.617,92.783,25.0,1006.9,91.4
2006-09-22T03:00:00,42415099999,TEZPUR,26.617,92.783,26.4,1008.8,88.79
2006-09-22T06:00:00,42415099999,TEZPUR,26.617,92.783,27.0,1007.5,84.18
2006-09-22T09:00:00,42415099999,TEZPUR,26.617,92.783,28.0,1005.6,80.35
2006-09-22T12:00:00,42415099999,TEZPUR,26.617,92.783,27.0,1005.1,84.18
2006-09-22T15:00:00,42415099999,TEZPUR,26.617,92.783,26.2,1007.7,90.38
2006-09-22T18:00:00,42415099999,TEZPUR,26.617,92.783,25.8,1007.6,94.79
2006-09-22T21:00:00,42415099999,TEZPUR,26.617,92.783,25.4,1006.6,96.49
2006-09-23T00:00:00,42415099999,TEZPUR,26.617,92.783,25.2,1007.3,96.48
2006-09-23T03:00:00,42415099999,TEZPUR,26.617,92.783,26.2,1010.1,96.51
2006-09-23T06:00:00,42415099999,TEZPUR,26.617,92.783,25.8,1009.5,94.79
2006-09-23T09:00:00,42415099999,TEZPUR,26.617,92.783,27.0,1006.5,84.18
2006-09-23T12:00:00,42415099999,TEZPUR,26.617,92.783,26.2,1006.6,90.38
2006-09-23T15:00:00,42415099999,TEZPUR,26.617,92.783,25.8,1008.7,93.11
2006-09-23T18:00:00,42415099999,TEZPUR,26.617,92.783,25.6,1008.2,94.78
2006-09-23T21:00:00,42415099999,TEZPUR,26.617,92.783,25.4,1007.8,96.49
2006-09-24T00:00:00,42415099999,TEZPUR,26.617,92.783,24.4,1008.5,98.22
2006-09-24T03:00:00,42415099999,TEZPUR,26.617,92.783,27.0,1010.3,84.18
2006-09-24T06:00:00,42415099999,TEZPUR,26.617,92.783,31.0,1008.4,62.12
2006-09-24T09:00:00,42415099999,TEZPUR,26.617,92.783,31.2,1005.4,59.58
2006-09-24T12:00:00,42415099999,TEZPUR,26.617,92.783,30.0,1005.4,71.57
2006-09-24T15:00:00,42415099999,TEZPUR,26.617,92.783,27.2,1007.7,82.7
2006-09-24T18:00:00,42415099999,TEZPUR,26.617,92.783,26.8,1008.6,92.05
2006-09-24T21:00:00,42415099999,TEZPUR,26.617,92.783,26.0,1007.5,92.01
2006-09-25T00:00:00,42415099999,TEZPUR,26.617,92.783,25.6,1008.5,94.78
2006-09-25T03:00:00,42415099999,TEZPUR,26.617,92.783,28.0,1010.6,84.79
2006-09-25T06:00:00,42415099999,TEZPUR,26.617,92.783,32.0,1008.0,69.83
2006-09-25T12:00:00,42415099999,TEZPUR,26.617,92.783,29.8,1004.0,74.15
2006-09-25T15:00:00,42415099999,TEZPUR,26.617,92.783,28.0,1006.4,88.92
2006-09-25T18:00:00,42415099999,TEZPUR,26.617,92.783,27.6,1005.7,92.1
2006-09-25T21:00:00,42415099999,TEZPUR,26.617,92.783,27.0,1004.8,92.07
2006-09-26T00:00:00,42415099999,TEZPUR,26.617,92.783,26.6,1005.8,96.52
2006-09-26T03:00:00,42415099999,TEZPUR,26.617,92.783,29.4,1006.9,81.98
2006-09-26T06:00:00,42415099999,TEZPUR,26.617,92.783,32.2,1005.0,61.64
2006-09-26T09:00:00,42415099999,TEZPUR,26.617,92.783,32.2,1002.2,65.05
2006-09-26T12:00:00,42415099999,TEZPUR,26.617,92.783,29.0,1002.0,83.4
2006-09-26T15:00:00,42415099999,TEZPUR,26.617,92.783,27.0,1003.8,92.07
2006-09-26T18:00:00,42415099999,TEZPUR,26.617,92.783,26.4,1003.8,93.69
2006-09-26T21:00:00,42415099999,TEZPUR,26.617,92.783,25.6,1003.2,94.78
2006-09-27T00:00:00,42415099999,TEZPUR,26.617,92.783,25.4,1004.3,96.49
2006-09-27T03:00:00,42415099999,TEZPUR,26.617,92.783,29.0,1006.0,86.41
2006-09-27T06:00:00,42415099999,TEZPUR,26.617,92.783,32.4,1004.7,66.66
2006-09-27T09:00:00,42415099999,TEZPUR,26.617,92.783,33.6,1001.6,61.58
2006-09-27T12:00:00,42415099999,TEZPUR,26.617,92.783,30.4,1002.0,72.94
2006-09-27T15:00:00,42415099999,TEZPUR,26.617,92.783,28.0,1005.2,87.35
2006-09-28T00:00:00,42415099999,TEZPUR,26.617,92.783,26.0,1005.7,94.8
2006-09-28T03:00:00,42415099999,TEZPUR,26.617,92.783,30.8,1006.7,77.0
2006-09-28T06:00:00,42415099999,TEZPUR,26.617,92.783,34.0,1005.3,61.66
2006-09-28T09:00:00,42415099999,TEZPUR,26.617,92.783,35.0,1002.3,53.65
2006-09-28T12:00:00,42415099999,TEZPUR,26.617,92.783,31.2,1003.6,70.93
2006-09-28T15:00:00,42415099999,TEZPUR,26.617,92.783,27.6,1007.0,79.82
2006-09-28T18:00:00,42415099999,TEZPUR,26.617,92.783,26.4,1006.9,88.79
2006-09-28T21:00:00,42415099999,TEZPUR,26.617,92.783,26.0,1006.3,92.01
2006-09-29T00:00:00,42415099999,TEZPUR,26.617,92.783,25.8,1007.4,93.11
2006-09-29T03:00:00,42415099999,TEZPUR,26.617,92.783,27.4,1009.9,78.36
2006-09-29T06:00:00,42415099999,TEZPUR,26.617,92.783,24.0,1009.1,96.45
2006-09-29T09:00:00,42415099999,TEZPUR,26.617,92.783,28.6,1005.4,80.43
2006-09-29T12:00:00,42415099999,TEZPUR,26.617,92.783,27.4,1005.3,88.87
2006-09-29T15:00:00,42415099999,TEZPUR,26.617,92.783,26.6,1008.5,94.82
2006-09-29T18:00:00,42415099999,TEZPUR,26.617,92.783,26.4,1008.2,93.69
2006-09-29T21:00:00,42415099999,TEZPUR,26.617,92.783,26.2,1007.5,93.68
2006-09-30T00:00:00,42415099999,TEZPUR,26.617,92.783,25.2,1008.7,96.48
2006-09-30T03:00:00,42415099999,TEZPUR,26.617,92.783,27.6,1010.9,87.31
2006-09-30T06:00:00,42415099999,TEZPUR,26.617,92.783,31.6,1009.2,71.0
2006-09-30T09:00:00,42415099999,TEZPUR,26.617,92.783,32.0,1005.4,68.59
2006-09-30T12:00:00,42415099999,TEZPUR,26.617,92.783,30.0,1005.5,78.26
2006-09-30T15:00:00,42415099999,TEZPUR,26.617,92.783,28.2,1008.5,86.34
2006-09-30T18:00:00,42415099999,TEZPUR,26.617,92.783,26.6,1007.5,92.04
2006-09-30T21:00:00,42415099999,TEZPUR,26.617,92.783,26.0,1007.1,94.8
2006-10-01T00:00:00,42415099999,TEZPUR,26.617,92.783,26.2,1008.2,94.8
2006-10-01T03:00:00,42415099999,TEZPUR,26.617,92.783,27.4,1010.0,88.87
2006-10-01T06:00:00,42415099999,TEZPUR,26.617,92.783,29.0,1008.6,81.93
2006-10-01T09:00:00,42415099999,TEZPUR,26.617,92.783,28.4,1005.5,84.83
2006-10-01T12:00:00,42415099999,TEZPUR,26.617,92.783,27.4,1005.5,92.09
2006-10-01T15:00:00,42415099999,TEZPUR,26.617,92.783,26.2,1007.9,96.51
2006-10-01T18:00:00,42415099999,TEZPUR,26.617,92.783,25.8,1007.8,98.24
2006-10-01T21:00:00,42415099999,TEZPUR,26.617,92.783,25.4,1006.4,98.23
2006-10-02T00:00:00,42415099999,TEZPUR,26.617,92.783,25.0,1007.1,98.23
2006-10-02T03:00:00,42415099999,TEZPUR,26.617,92.783,28.0,1008.9,78.45
2006-10-02T06:00:00,42415099999,TEZPUR,26.617,92.783,30.0,1006.8,72.87
2006-10-02T09:00:00,42415099999,TEZPUR,26.617,92.783,31.6,1003.6,69.75
2006-10-02T12:00:00,42415099999,TEZPUR,26.617,92.783,29.0,1003.9,79.06
2006-10-02T15:00:00,42415099999,TEZPUR,26.617,92.783,27.4,1006.1,81.25
2006-10-02T18:00:00,42415099999,TEZPUR,26.617,92.783,26.4,1006.0,92.03
2006-10-02T21:00:00,42415099999,TEZPUR,26.617,92.783,25.6,1005.1,94.78
2006-10-03T00:00:00,42415099999,TEZPUR,26.617,92.783,25.4,1006.4,96.49
2006-10-03T03:00:00,42415099999,TEZPUR,26.617,92.783,28.2,1008.8,80.38
2006-10-03T06:00:00,42415099999,TEZPUR,26.617,92.783,31.4,1006.6,69.71
2006-10-03T09:00:00,42415099999,TEZPUR,26.617,92.783,30.8,1003.5,69.6
2006-10-03T12:00:00,42415099999,TEZPUR,26.617,92.783,29.6,1003.8,82.0
2006-10-03T15:00:00,42415099999,TEZPUR,26.617,92.783,27.8,1005.9,88.9
2006-10-03T18:00:00,42415099999,TEZPUR,26.617,92.783,27.0,1006.1,92.07
2006-10-03T21:00:00,42415099999,TEZPUR,26.617,92.783,25.8,1005.4,94.79
2006-10-04T00:00:00,42415099999,TEZPUR,26.617,92.783,26.0,1005.4,94.8
2006-10-04T03:00:00,42415099999,TEZPUR,26.617,92.783,28.2,1006.4,84.81
2006-10-04T06:00:00,42415099999,TEZPUR,26.617,92.783,28.0,1005.8,78.45
2006-10-04T12:00:00,42415099999,TEZPUR,26.617,92.783,25.8,1002.7,93.11
2006-10-04T15:00:00,42415099999,TEZPUR,26.617,92.783,26.0,1004.7,92.01
2006-10-04T18:00:00,42415099999,TEZPUR,26.617,92.783,25.4,1004.8,94.77
2006-10-04T21:00:00,42415099999,TEZPUR,26.617,92.783,25.0,1004.3,96.48
2006-10-05T00:00:00,42415099999,TEZPUR,26.617,92.783,24.0,1004.2,100.0
2006-10-05T03:00:00,42415099999,TEZPUR,26.617,92.783,24.6,1006.0,98.22
2006-10-05T06:00:00,42415099999,TEZPUR,26.617,92.783,25.8,1004.6,93.11
2006-10-05T09:00:00,42415099999,TEZPUR,26.617,92.783,27.4,1001.9,85.75
2006-10-05T12:00:00,42415099999,TEZPUR,26.617,92.783,26.2,1002.0,90.38
2006-10-06T00:00:00,42415099999,TEZPUR,26.617,92.783,23.6,1004.7,96.44
2006-10-06T03:00:00,42415099999,TEZPUR,26.617,92.783,28.0,1006.3,78.45
2006-10-06T06:00:00,42415099999,TEZPUR,26.617,92.783,30.6,1004.8,66.7
2006-10-06T09:00:00,42415099999,TEZPUR,26.617,92.783,31.4,1002.3,61.09
2006-10-06T12:00:00,42415099999,TEZPUR,26.617,92.783,28.6,1002.2,80.43
2006-10-06T15:00:00,42415099999,TEZPUR,26.617,92.783,25.6,1005.2,83.52
2006-10-06T18:00:00,42415099999,TEZPUR,26.617,92.783,25.0,1005.5,93.07
2006-10-06T21:00:00,42415099999,TEZPUR,26.617,92.783,23.0,1004.5,92.96
2006-10-07T00:00:00,42415099999,TEZPUR,26.617,92.783,22.2,1005.5,92.92
2006-10-07T03:00:00,42415099999,TEZPUR,26.617,92.783,27.6,1007.3,75.6
2006-10-07T06:00:00,42415099999,TEZPUR,26.617,92.783,30.4,1005.8,67.88
2006-10-07T09:00:00,42415099999,TEZPUR,26.617,92.783,31.0,1002.6,62.12
2006-10-07T12:00:00,42415099999,TEZPUR,26.617,92.783,28.4,1002.8,77.57
2006-10-07T15:00:00,42415099999,TEZPUR,26.617,92.783,26.0,1005.6,88.76
2006-10-07T18:00:00,42415099999,TEZPUR,26.617,92.783,25.0,1006.6,94.76
2006-10-07T21:00:00,42415099999,TEZPUR,26.617,92.783,23.4,1006.3,91.3
2006-10-08T00:00:00,42415099999,TEZPUR,26.617,92.783,22.4,1006.9,91.24
2006-10-08T03:00:00,42415099999,TEZPUR,26.617,92.783,27.6,1008.5,78.39
2006-10-08T06:00:00,42415099999,TEZPUR,26.617,92.783,31.0,1006.9,66.78
2006-10-08T09:00:00,42415099999,TEZPUR,26.617,92.783,32.0,1004.3,60.13
2006-10-08T12:00:00,42415099999,TEZPUR,26.617,92.783,28.8,1004.7,76.24
2006-10-08T15:00:00,42415099999,TEZPUR,26.617,92.783,26.0,1007.6,90.37
2006-10-08T18:00:00,42415099999,TEZPUR,26.617,92.783,25.0,1008.5,94.76
2006-10-08T21:00:00,42415099999,TEZPUR,26.617,92.783,24.0,1007.4,96.45
2006-10-09T00:00:00,42415099999,TEZPUR,26.617,92.783,23.2,1008.1,96.43
2006-10-09T03:00:00,42415099999,TEZPUR,26.617,92.783,28.4,1009.3,76.18
2006-10-09T06:00:00,42415099999,TEZPUR,26.617,92.783,32.6,1007.2,63.22
2006-10-09T09:00:00,42415099999,TEZPUR,26.617,92.783,33.4,1004.2,55.57
2006-10-09T12:00:00,42415099999,TEZPUR,26.617,92.783,30.2,1004.5,70.33
2006-10-09T15:00:00,42415099999,TEZPUR,26.617,92.783,27.0,1007.0,84.18
2006-10-09T18:00:00,42415099999,TEZPUR,26.617,92.783,25.8,1008.0,93.11
2006-10-09T21:00:00,42415099999,TEZPUR,26.617,92.783,24.6,1006.7,94.74
2006-10-10T00:00:00,42415099999,TEZPUR,26.617,92.783,23.8,1008.7,93.0
2006-10-10T03:00:00,42415099999,TEZPUR,26.617,92.783,29.2,1010.5,76.3
2006-10-10T06:00:00,42415099999,TEZPUR,26.617,92.783,23.4,,77.3
2006-10-10T09:00:00,42415099999,TEZPUR,26.617,92.783,33.2,1005.7,58.96
2006-10-10T12:00:00,42415099999,TEZPUR,26.617,92.783,30.0,1006.4,72.87
2006-10-10T15:00:00,42415099999,TEZPUR,26.617,92.783,27.8,1009.2,85.79
2006-10-10T18:00:00,42415099999,TEZPUR,26.617,92.783,25.6,1009.3,90.34
2006-10-10T21:00:00,42415099999,TEZPUR,26.617,92.783,24.6,1008.5,94.74
2006-10-11T00:00:00,42415099999,TEZPUR,26.617,92.783,24.4,1009.2,93.04
2006-10-11T03:00:00,42415099999,TEZPUR,26.617,92.783,27.2,1012.7,81.22
2006-10-11T06:00:00,42415099999,TEZPUR,26.617,92.783,30.4,1010.6,61.61
2006-10-11T09:00:00,42415099999,TEZPUR,26.617,92.783,31.4,1007.8,61.09
2006-10-11T12:00:00,42415099999,TEZPUR,26.617,92.783,27.6,1007.9,75.6
2006-10-11T15:00:00,42415099999,TEZPUR,26.617,92.783,25.4,1010.0,85.03
2006-10-11T18:00:00,42415099999,TEZPUR,26.617,92.783,25.0,1010.5,91.4
2006-10-12T00:00:00,42415099999,TEZPUR,26.617,92.783,24.4,1011.4,93.04
2006-10-12T03:00:00,42415099999,TEZPUR,26.617,92.783,28.2,1012.7,76.15
2006-10-12T06:00:00,42415099999,TEZPUR,26.617,92.783,30.6,1011.5,63.94
2006-10-12T09:00:00,42415099999,TEZPUR,26.617,92.783,31.0,1008.3,59.54
2006-10-12T12:00:00,42415099999,TEZPUR,26.617,92.783,28.2,1009.3,71.68
2006-10-12T15:00:00,42415099999,TEZPUR,26.617,92.783,27.2,1012.2,82.7
2006-10-12T18:00:00,42415099999,TEZPUR,26.617,92.783,26.2,1012.5,90.38
2006-10-12T21:00:00,42415099999,TEZPUR,26.617,92.783,25.4,1011.9,91.42
2006-10-13T00:00:00,42415099999,TEZPUR,26.617,92.783,24.4,1012.6,93.6
2006-10-13T03:00:00,42415099999,TEZPUR,26.617,92.783,29.2,1015.1,71.0
2006-10-13T06:00:00,42415099999,TEZPUR,26.617,92.783,31.6,1013.5,61.13
2006-10-13T09:00:00,42415099999,TEZPUR,26.617,92.783,32.0,1011.0,60.13
2006-10-13T12:00:00,42415099999,TEZPUR,26.617,92.783,29.0,1011.6,70.96
2006-10-13T15:00:00,42415099999,TEZPUR,26.617,92.783,26.8,1013.8,82.65
2006-10-13T18:00:00,42415099999,TEZPUR,26.617,92.783,25.4,1013.7,89.79
2006-10-14T00:00:00,42415099999,TEZPUR,26.617,92.783,23.8,1013.8,91.32
2006-10-14T03:00:00,42415099999,TEZPUR,26.617,92.783,28.0,1015.6,77.51
2006-10-14T06:00:00,42415099999,TEZPUR,26.617,92.783,29.2,1013.6,72.29
2006-10-14T09:00:00,42415099999,TEZPUR,26.617,92.783,30.0,1010.4,67.39
2006-10-14T12:00:00,42415099999,TEZPUR,26.617,92.783,27.2,1010.8,82.7
2006-10-14T15:00:00,42415099999,TEZPUR,26.617,92.783,25.4,1012.9,91.42
2006-10-14T18:00:00,42415099999,TEZPUR,26.617,92.783,25.0,1012.3,93.07
2006-10-14T21:00:00,42415099999,TEZPUR,26.617,92.783,24.2,1011.2,94.73
2006-10-15T00:00:00,42415099999,TEZPUR,26.617,92.783,24.0,1012.0,96.45
2006-10-15T03:00:00,42415099999,TEZPUR,26.617,92.783,26.4,1014.3,87.21
2006-10-15T06:00:00,42415099999,TEZPUR,26.617,92.783,27.8,1012.3,81.3
2006-10-15T09:00:00,42415099999,TEZPUR,26.617,92.783,29.6,1009.6,71.07
2006-10-15T12:00:00,42415099999,TEZPUR,26.617,92.783,26.4,1010.0,84.12
2006-10-15T15:00:00,42415099999,TEZPUR,26.617,92.783,25.0,1012.0,91.4
2006-10-15T18:00:00,42415099999,TEZPUR,26.617,92.783,24.2,1011.7,94.73
2006-10-15T21:00:00,42415099999,TEZPUR,26.617,92.783,23.4,1010.6,96.44
2006-10-16T00:00:00,42415099999,TEZPUR,26.617,92.783,23.0,1012.7,96.43
2006-10-16T03:00:00,42415099999,TEZPUR,26.617,92.783,27.4,1014.6,81.25
2006-10-16T06:00:00,42415099999,TEZPUR,26.617,92.783,30.0,1012.6,71.57
2006-10-16T09:00:00,42415099999,TEZPUR,26.617,92.783,31.2,1010.3,64.46
2006-10-16T12:00:00,42415099999,TEZPUR,26.617,92.783,28.0,1010.7,78.45
2006-10-16T15:00:00,42415099999,TEZPUR,26.617,92.783,25.6,1012.5,91.44
2006-10-16T18:00:00,42415099999,TEZPUR,26.617,92.783,24.8,1012.6,94.75
2006-10-16T21:00:00,42415099999,TEZPUR,26.617,92.783,23.4,1011.8,94.7
2006-10-17T00:00:00,42415099999,TEZPUR,26.617,92.783,22.8,1012.8,94.67
2006-10-17T03:00:00,42415099999,TEZPUR,26.617,92.783,25.2,1014.9,91.41
2006-10-17T06:00:00,42415099999,TEZPUR,26.617,92.783,30.4,1012.6,69.11
2006-10-17T09:00:00,42415099999,TEZPUR,26.617,92.783,31.2,1010.2,64.46
2006-10-17T12:00:00,42415099999,TEZPUR,26.617,92.783,27.2,1010.3,78.33
2006-10-17T15:00:00,42415099999,TEZPUR,26.617,92.783,24.4,1012.6,88.09
2006-10-17T18:00:00,42415099999,TEZPUR,26.617,92.783,24.0,1012.8,91.34
2006-10-18T00:00:00,42415099999,TEZPUR,26.617,92.783,22.6,1013.4,98.19
2006-10-18T03:00:00,42415099999,TEZPUR,26.617,92.783,25.4,1015.2,88.18
2006-10-18T06:00:00,42415099999,TEZPUR,26.617,92.783,28.4,1012.9,71.72
2006-10-18T09:00:00,42415099999,TEZPUR,26.617,92.783,29.8,1010.0,66.14
2006-10-18T12:00:00,42415099999,TEZPUR,26.617,92.783,26.2,1010.5,84.09
2006-10-18T15:00:00,42415099999,TEZPUR,26.617,92.783,24.6,1012.6,91.37
2006-10-18T18:00:00,42415099999,TEZPUR,26.617,92.783,24.0,1012.9,94.72
2006-10-19T00:00:00,42415099999,TEZPUR,26.617,92.783,22.0,1012.8,94.64
2006-10-19T03:00:00,42415099999,TEZPUR,26.617,92.783,25.8,1014.6,82.04
2006-10-19T06:00:00,42415099999,TEZPUR,26.617,92.783,29.2,1012.7,64.43
2006-10-19T12:00:00,42415099999,TEZPUR,26.617,92.783,26.6,1011.4,81.15
2006-10-19T15:00:00,42415099999,TEZPUR,26.617,92.783,25.2,1013.6,86.57
2006-10-19T18:00:00,42415099999,TEZPUR,26.617,92.783,24.2,1013.5,91.35
2006-10-20T00:00:00,42415099999,TEZPUR,26.617,92.783,22.4,1014.1,96.41
2006-10-20T03:00:00,42415099999,TEZPUR,26.617,92.783,27.0,1016.3,78.31
2006-10-20T06:00:00,42415099999,TEZPUR,26.617,92.783,31.0,1014.0,59.54
2006-10-20T09:00:00,42415099999,TEZPUR,26.617,92.783,30.4,1011.5,61.61
2006-10-20T12:00:00,42415099999,TEZPUR,26.617,92.783,27.4,1012.1,76.95
2006-10-20T15:00:00,42415099999,TEZPUR,26.617,92.783,26.0,1014.2,87.17
2006-10-20T18:00:00,42415099999,TEZPUR,26.617,92.783,25.4,1014.2,88.18
2006-10-20T21:00:00,42415099999,TEZPUR,26.617,92.783,23.2,1013.3,92.97
2006-10-21T00:00:00,42415099999,TEZPUR,26.617,92.783,21.2,1016.2,94.61
2006-10-21T03:00:00,42415099999,TEZPUR,26.617,92.783,22.0,1017.6,94.64
2006-10-21T06:00:00,42415099999,TEZPUR,26.617,92.783,28.0,1015.9,67.41
2006-10-21T12:00:00,42415099999,TEZPUR,26.617,92.783,25.4,1013.0,75.71
2006-10-21T15:00:00,42415099999,TEZPUR,26.617,92.783,23.0,1015.7,91.27
2006-10-21T18:00:00,42415099999,TEZPUR,26.617,92.783,22.0,1015.6,91.21
2006-10-22T00:00:00,42415099999,TEZPUR,26.617,92.783,21.0,1015.6,94.6
2006-10-22T03:00:00,42415099999,TEZPUR,26.617,92.783,25.2,1017.3,75.68
2006-10-22T06:00:00,42415099999,TEZPUR,26.617,92.783,29.0,1015.0,60.55
2006-10-22T09:00:00,42415099999,TEZPUR,26.617,92.783,29.4,1011.4,52.26
2006-10-22T12:00:00,42415099999,TEZPUR,26.617,92.783,26.4,1011.8,69.19
2006-10-22T15:00:00,42415099999,TEZPUR,26.617,92.783,23.4,1013.3,84.3
2006-10-22T18:00:00,42415099999,TEZPUR,26.617,92.783,22.2,1013.8,92.92
2006-10-22T21:00:00,42415099999,TEZPUR,26.617,92.783,21.6,1013.0,94.63
2006-10-23T00:00:00,42415099999,TEZPUR,26.617,92.783,20.8,1014.3,96.37
2006-10-23T03:00:00,42415099999,TEZPUR,26.617,92.783,25.4,1016.4,75.71
2006-10-23T06:00:00,42415099999,TEZPUR,26.617,92.783,30.0,1014.0,61.15
2006-10-23T09:00:00,42415099999,TEZPUR,26.617,92.783,30.6,1011.2,56.95
2006-10-23T12:00:00,42415099999,TEZPUR,26.617,92.783,27.0,1011.6,69.74
2006-10-23T15:00:00,42415099999,TEZPUR,26.617,92.783,23.6,1013.1,89.66
2006-10-23T18:00:00,42415099999,TEZPUR,26.617,92.783,22.4,1012.9,94.66
2006-10-23T21:00:00,42415099999,TEZPUR,26.617,92.783,21.2,1012.5,96.38
2006-10-24T00:00:00,42415099999,TEZPUR,26.617,92.783,21.0,1014.3,94.6
2006-10-24T03:00:00,42415099999,TEZPUR,26.617,92.783,26.2,1016.0,67.46
2006-10-24T06:00:00,42415099999,TEZPUR,26.617,92.783,30.0,1013.7,58.58
2006-10-24T09:00:00,42415099999,TEZPUR,26.617,92.783,30.8,1011.7,54.6
2006-10-24T12:00:00,42415099999,TEZPUR,26.617,92.783,25.2,1013.0,61.21
2006-10-24T15:00:00,42415099999,TEZPUR,26.617,92.783,23.0,1015.2,77.72
2006-10-24T18:00:00,42415099999,TEZPUR,26.617,92.783,21.4,1015.7,83.56
2006-10-24T21:00:00,42415099999,TEZPUR,26.617,92.783,20.2,1014.9,90.53
2006-10-25T00:00:00,42415099999,TEZPUR,26.617,92.783,20.0,1016.4,90.51
2006-10-25T03:00:00,42415099999,TEZPUR,26.617,92.783,25.2,1018.1,63.97
2006-10-25T06:00:00,42415099999,TEZPUR,26.617,92.783,30.0,1015.5,52.74
2006-10-25T09:00:00,42415099999,TEZPUR,26.617,92.783,31.0,1012.7,47.97
2006-10-25T12:00:00,42415099999,TEZPUR,26.617,92.783,26.0,1013.0,69.12
2006-10-25T15:00:00,42415099999,TEZPUR,26.617,92.783,23.0,1015.2,82.71
2006-10-25T18:00:00,42415099999,TEZPUR,26.617,92.783,22.0,1015.1,91.21
2006-10-25T21:00:00,42415099999,TEZPUR,26.617,92.783,20.6,1014.2,94.59
2006-10-26T00:00:00,42415099999,TEZPUR,26.617,92.783,19.4,1015.8,93.95
2006-10-26T03:00:00,42415099999,TEZPUR,26.617,92.783,25.6,1017.4,71.66
2006-10-26T06:00:00,42415099999,TEZPUR,26.617,92.783,30.0,,55.08
2006-10-26T09:00:00,42415099999,TEZPUR,26.617,92.783,31.0,1012.5,47.97
2006-10-26T12:00:00,42415099999,TEZPUR,26.617,92.783,25.6,1012.5,74.36
2006-10-26T15:00:00,42415099999,TEZPUR,26.617,92.783,23.8,1015.2,84.87
2006-10-26T18:00:00,42415099999,TEZPUR,26.617,92.783,22.0,1015.6,85.74
2006-10-26T21:00:00,42415099999,TEZPUR,26.617,92.783,20.8,1014.8,92.28
2006-10-27T00:00:00,42415099999,TEZPUR,26.617,92.783,19.4,1016.4,90.47
2006-10-27T03:00:00,42415099999,TEZPUR,26.617,92.783,25.6,1017.9,64.46
2006-10-27T06:00:00,42415099999,TEZPUR,26.617,92.783,30.2,1015.6,54.11
2006-10-27T09:00:00,42415099999,TEZPUR,26.617,92.783,31.4,1012.2,48.38
2006-10-27T12:00:00,42415099999,TEZPUR,26.617,92.783,26.2,1012.3,71.76
2006-10-27T15:00:00,42415099999,TEZPUR,26.617,92.783,23.4,1014.6,81.24
2006-10-27T18:00:00,42415099999,TEZPUR,26.617,92.783,21.6,1014.7,87.31
2006-10-27T21:00:00,42415099999,TEZPUR,26.617,92.783,20.6,1013.9,88.87
2006-10-28T00:00:00,42415099999,TEZPUR,26.617,92.783,19.4,1015.3,90.47
2006-10-28T03:00:00,42415099999,TEZPUR,26.617,92.783,25.4,1016.4,68.57
2006-10-28T06:00:00,42415099999,TEZPUR,26.617,92.783,29.4,1014.3,55.62
2006-10-28T09:00:00,42415099999,TEZPUR,26.617,92.783,29.4,1011.9,58.08
2006-10-28T12:00:00,42415099999,TEZPUR,26.617,92.783,25.2,1012.1,74.29
2006-10-28T15:00:00,42415099999,TEZPUR,26.617,92.783,22.6,1014.3,85.8
2006-10-28T18:00:00,42415099999,TEZPUR,26.617,92.783,21.4,1014.3,90.61
2006-10-28T21:00:00,42415099999,TEZPUR,26.617,92.783,20.4,1013.6,92.25
2006-10-29T00:00:00,42415099999,TEZPUR,26.617,92.783,19.0,1015.1,93.93
2006-10-29T03:00:00,42415099999,TEZPUR,26.617,92.783,25.0,1016.3,74.26
2006-10-29T06:00:00,42415099999,TEZPUR,26.617,92.783,29.2,1013.9,58.03
2006-10-29T09:00:00,42415099999,TEZPUR,26.617,92.783,30.0,1010.8,52.74
2006-10-29T12:00:00,42415099999,TEZPUR,26.617,92.783,25.6,1010.9,74.36
2006-10-29T15:00:00,42415099999,TEZPUR,26.617,92.783,22.2,1013.0,87.37
2006-10-29T18:00:00,42415099999,TEZPUR,26.617,92.783,20.6,1013.3,91.12
2006-10-29T21:00:00,42415099999,TEZPUR,26.617,92.783,19.2,1013.0,93.94
2006-10-30T00:00:00,42415099999,TEZPUR,26.617,92.783,18.4,1017.7,95.1
2006-10-30T03:00:00,42415099999,TEZPUR,26.617,92.783,25.0,1015.9,71.11
2006-10-30T06:00:00,42415099999,TEZPUR,26.617,92.783,29.2,1012.7,56.97
2006-10-30T09:00:00,42415099999,TEZPUR,26.617,92.783,30.0,1010.6,46.81
2006-10-30T12:00:00,42415099999,TEZPUR,26.617,92.783,25.6,1011.8,65.68
2006-10-30T15:00:00,42415099999,TEZPUR,26.617,92.783,22.4,1013.9,82.64
2006-10-30T18:00:00,42415099999,TEZPUR,26.617,92.783,20.2,1013.9,90.53
2006-10-30T21:00:00,42415099999,TEZPUR,26.617,92.783,19.0,1013.4,93.93
2006-10-31T00:00:00,42415099999,TEZPUR,26.617,92.783,18.0,1015.1,92.12
2006-10-31T03:00:00,42415099999,TEZPUR,26.617,92.783,22.4,1016.6,79.11
2006-10-31T06:00:00,42415099999,TEZPUR,26.617,92.783,28.0,1014.2,53.23
2006-10-31T09:00:00,42415099999,TEZPUR,26.617,92.783,29.6,1011.0,46.41
2006-10-31T12:00:00,42415099999,TEZPUR,26.617,92.783,25.0,1011.8,61.16
2006-10-31T18:00:00,42415099999,TEZPUR,26.617,92.783,20.4,1013.7,90.54
2006-10-31T21:00:00,42415099999,TEZPUR,26.617,92.783,21.4,1013.9,83.56
2006-11-01T00:00:00,42415099999,TEZPUR,26.617,92.783,18.4,1014.7,96.3
2006-11-01T03:00:00,42415099999,TEZPUR,26.617,92.783,23.4,1016.4,79.74
2006-11-01T06:00:00,42415099999,TEZPUR,26.617,92.783,27.6,1013.9,61.75
2006-11-01T09:00:00,42415099999,TEZPUR,26.617,92.783,30.0,1011.4,49.23
2006-11-01T12:00:00,42415099999,TEZPUR,26.617,92.783,24.8,1011.7,71.07
2006-11-01T15:00:00,42415099999,TEZPUR,26.617,92.783,22.4,1013.3,82.64
2006-11-01T18:00:00,42415099999,TEZPUR,26.617,92.783,20.8,1013.8,92.28
2006-11-01T21:00:00,42415099999,TEZPUR,26.617,92.783,19.0,1014.0,93.93
2006-11-02T00:00:00,42415099999,TEZPUR,26.617,92.783,18.6,1013.9,93.91
2006-11-02T03:00:00,42415099999,TEZPUR,26.617,92.783,24.4,1016.1,75.55
2006-11-02T06:00:00,42415099999,TEZPUR,26.617,92.783,29.0,1013.8,54.15
2006-11-02T09:00:00,42415099999,TEZPUR,26.617,92.783,30.0,1010.4,48.01
2006-11-02T12:00:00,42415099999,TEZPUR,26.617,92.783,25.0,1011.3,75.65
2006-11-02T18:00:00,42415099999,TEZPUR,26.617,92.783,21.4,1013.2,88.94
2006-11-03T00:00:00,42415099999,TEZPUR,26.617,92.783,19.8,1013.3,93.97
2006-11-03T03:00:00,42415099999,TEZPUR,26.617,92.783,24.6,1015.8,73.73
2006-11-03T06:00:00,42415099999,TEZPUR,26.617,92.783,27.9,1013.1,64.15
2006-11-03T12:00:00,42415099999,TEZPUR,26.617,92.783,25.2,1010.7,69.83
2006-11-03T15:00:00,42415099999,TEZPUR,26.617,92.783,22.8,1012.5,84.24
2006-11-03T18:00:00,42415099999,TEZPUR,26.617,92.783,21.4,1012.5,90.61
2006-11-03T21:00:00,42415099999,TEZPUR,26.617,92.783,20.4,1011.4,92.25
2006-11-04T00:00:00,42415099999,TEZPUR,26.617,92.783,19.6,1012.6,93.96
2006-11-04T03:00:00,42415099999,TEZPUR,26.617,92.783,24.6,1014.3,72.37
2006-11-04T06:00:00,42415099999,TEZPUR,26.617,92.783,28.4,1012.1,60.04
2006-11-04T09:00:00,42415099999,TEZPUR,26.617,92.783,28.0,1010.4,66.18
2006-11-04T12:00:00,42415099999,TEZPUR,26.617,92.783,25.4,1011.3,80.5
2006-11-04T15:00:00,42415099999,TEZPUR,26.617,92.783,23.0,1012.8,91.27
2006-11-04T18:00:00,42415099999,TEZPUR,26.617,92.783,22.8,1013.0,87.96
2006-11-04T21:00:00,42415099999,TEZPUR,26.617,92.783,22.0,1011.8,91.21
2006-11-05T00:00:00,42415099999,TEZPUR,26.617,92.783,21.6,1012.6,91.19
2006-11-05T03:00:00,42415099999,TEZPUR,26.617,92.783,25.4,1014.3,68.57
2006-11-05T06:00:00,42415099999,TEZPUR,26.617,92.783,29.0,1011.9,51.83
2006-11-05T09:00:00,42415099999,TEZPUR,26.617,92.783,30.0,1009.5,52.74
2006-11-05T12:00:00,42415099999,TEZPUR,26.617,92.783,25.4,1010.6,75.71
2006-11-05T15:00:00,42415099999,TEZPUR,26.617,92.783,23.0,1012.4,84.26
2006-11-05T18:00:00,42415099999,TEZPUR,26.617,92.783,21.4,1012.9,88.94
2006-11-05T21:00:00,42415099999,TEZPUR,26.617,92.783,19.8,1012.4,92.22
2006-11-06T00:00:00,42415099999,TEZPUR,26.617,92.783,19.4,1013.3,93.95
2006-11-06T03:00:00,42415099999,TEZPUR,26.617,92.783,25.0,1015.4,71.11
2006-11-06T06:00:00,42415099999,TEZPUR,26.617,92.783,28.4,1012.6,57.49
2006-11-06T09:00:00,42415099999,TEZPUR,26.617,92.783,30.0,1010.1,52.74
2006-11-06T12:00:00,42415099999,TEZPUR,26.617,92.783,25.2,1010.6,74.29
2006-11-06T18:00:00,42415099999,TEZPUR,26.617,92.783,20.8,1012.7,92.28
2006-11-06T21:00:00,42415099999,TEZPUR,26.617,92.783,19.6,1012.0,93.96
2006-11-07T00:00:00,42415099999,TEZPUR,26.617,92.783,19.2,1012.6,93.94
2006-11-07T03:00:00,42415099999,TEZPUR,26.617,92.783,23.2,1014.5,82.73
2006-11-07T06:00:00,42415099999,TEZPUR,26.617,92.783,28.0,1012.7,59.58
2006-11-07T12:00:00,42415099999,TEZPUR,26.617,92.783,24.4,1010.3,79.88
2006-11-07T15:00:00,42415099999,TEZPUR,26.617,92.783,21.6,1012.6,88.95
2006-11-07T18:00:00,42415099999,TEZPUR,26.617,92.783,20.4,1014.0,96.36
2006-11-07T21:00:00,42415099999,TEZPUR,26.617,92.783,19.0,1013.5,96.32
2006-11-08T00:00:00,42415099999,TEZPUR,26.617,92.783,19.0,1014.8,96.32
2006-11-08T03:00:00,42415099999,TEZPUR,26.617,92.783,22.4,1017.1,87.38
2006-11-08T06:00:00,42415099999,TEZPUR,26.617,92.783,26.2,1014.7,67.46
2006-11-08T12:00:00,42415099999,TEZPUR,26.617,92.783,23.6,1014.0,81.26
2006-11-08T15:00:00,42415099999,TEZPUR,26.617,92.783,22.0,1016.4,88.99
2006-11-08T18:00:00,42415099999,TEZPUR,26.617,92.783,21.4,1016.8,90.61
2006-11-08T21:00:00,42415099999,TEZPUR,26.617,92.783,20.0,1016.0,93.97
2006-11-09T00:00:00,42415099999,TEZPUR,26.617,92.783,20.4,1016.6,94.58
2006-11-09T03:00:00,42415099999,TEZPUR,26.617,92.783,23.4,1018.2,79.74
2006-11-09T06:00:00,42415099999,TEZPUR,26.617,92.783,27.4,1016.2,64.44
2006-11-09T12:00:00,42415099999,TEZPUR,26.617,92.783,24.4,1015.4,79.88
2006-11-09T15:00:00,42415099999,TEZPUR,26.617,92.783,23.0,1017.4,85.84
2006-11-09T18:00:00,42415099999,TEZPUR,26.617,92.783,22.4,1017.8,91.24
2006-11-09T21:00:00,42415099999,TEZPUR,26.617,92.783,21.0,1016.7,92.86
2006-11-10T00:00:00,42415099999,TEZPUR,26.617,92.783,20.8,1017.1,92.28
2006-11-10T03:00:00,42415099999,TEZPUR,26.617,92.783,23.0,1018.3,82.71
2006-11-10T06:00:00,42415099999,TEZPUR,26.617,92.783,28.6,1015.9,61.21
2006-11-10T09:00:00,42415099999,TEZPUR,26.617,92.783,28.0,1014.0,57.03
2006-11-10T12:00:00,42415099999,TEZPUR,26.617,92.783,25.0,1015.2,78.98
2006-11-10T15:00:00,42415099999,TEZPUR,26.617,92.783,24.0,1017.5,86.46
2006-11-10T18:00:00,42415099999,TEZPUR,26.617,92.783,23.4,1017.8,82.76
2006-11-10T21:00:00,42415099999,TEZPUR,26.617,92.783,23.0,1017.1,91.27
2006-11-11T00:00:00,42415099999,TEZPUR,26.617,92.783,21.2,1018.4,94.61
2006-11-11T03:00:00,42415099999,TEZPUR,26.617,92.783,20.6,1020.0,91.12
2006-11-11T06:00:00,42415099999,TEZPUR,26.617,92.783,21.4,1018.8,96.38
2006-11-11T09:00:00,42415099999,TEZPUR,26.617,92.783,20.4,1017.2,90.54
2006-11-11T12:00:00,42415099999,TEZPUR,26.617,92.783,19.4,1017.3,96.33
2006-11-11T15:00:00,42415099999,TEZPUR,26.617,92.783,19.6,1017.9,93.96
2006-11-11T18:00:00,42415099999,TEZPUR,26.617,92.783,19.4,1017.8,96.33
2006-11-11T21:00:00,42415099999,TEZPUR,26.617,92.783,19.2,1016.4,90.46
2006-11-12T00:00:00,42415099999,TEZPUR,26.617,92.783,18.6,1017.1,96.31
2006-11-12T03:00:00,42415099999,TEZPUR,26.617,92.783,22.4,1018.6,79.11
2006-11-12T06:00:00,42415099999,TEZPUR,26.617,92.783,26.0,1015.8,64.54
2006-11-12T09:00:00,42415099999,TEZPUR,26.617,92.783,26.8,1012.6,63.92
2006-11-12T12:00:00,42415099999,TEZPUR,26.617,92.783,22.6,1013.2,84.22
2006-11-12T15:00:00,42415099999,TEZPUR,26.617,92.783,21.0,1015.3,90.58
2006-11-12T18:00:00,42415099999,TEZPUR,26.617,92.783,19.6,1014.9,93.96
2006-11-12T21:00:00,42415099999,TEZPUR,26.617,92.783,19.0,1013.6,96.32
2006-11-13T00:00:00,42415099999,TEZPUR,26.617,92.783,18.4,1014.2,96.3
2006-11-13T03:00:00,42415099999,TEZPUR,26.617,92.783,23.0,1015.7,82.71
2006-11-13T06:00:00,42415099999,TEZPUR,26.617,92.783,27.2,1012.7,64.4
2006-11-13T09:00:00,42415099999,TEZPUR,26.617,92.783,28.4,1010.3,56.07
2006-11-13T12:00:00,42415099999,TEZPUR,26.617,92.783,24.4,1011.3,75.55
2006-11-13T15:00:00,42415099999,TEZPUR,26.617,92.783,22.2,1013.2,82.61
2006-11-13T18:00:00,42415099999,TEZPUR,26.617,92.783,20.8,1013.0,92.28
2006-11-13T21:00:00,42415099999,TEZPUR,26.617,92.783,20.0,1012.9,93.97
2006-11-14T00:00:00,42415099999,TEZPUR,26.617,92.783,19.4,1013.8,93.95
2006-11-14T03:00:00,42415099999,TEZPUR,26.617,92.783,24.8,1015.6,74.23
2006-11-14T06:00:00,42415099999,TEZPUR,26.617,92.783,28.6,1013.2,60.09
2006-11-14T09:00:00,42415099999,TEZPUR,26.617,92.783,29.4,1011.1,59.53
2006-11-14T12:00:00,42415099999,TEZPUR,26.617,92.783,24.4,1011.9,78.41
2006-11-14T15:00:00,42415099999,TEZPUR,26.617,92.783,21.4,1013.9,90.61
2006-11-14T18:00:00,42415099999,TEZPUR,26.617,92.783,20.4,1014.0,94.58
2006-11-14T21:00:00,42415099999,TEZPUR,26.617,92.783,19.2,1013.6,96.32
2006-11-15T00:00:00,42415099999,TEZPUR,26.617,92.783,18.4,1015.5,96.3
2006-11-15T03:00:00,42415099999,TEZPUR,26.617,92.783,23.6,1017.2,73.11
2006-11-15T06:00:00,42415099999,TEZPUR,26.617,92.783,29.0,1014.1,60.55
2006-11-15T09:00:00,42415099999,TEZPUR,26.617,92.783,29.0,1011.3,52.81
2006-11-15T12:00:00,42415099999,TEZPUR,26.617,92.783,23.6,1012.0,78.3
2006-11-15T15:00:00,42415099999,TEZPUR,26.617,92.783,21.4,1013.6,87.29
2006-11-15T18:00:00,42415099999,TEZPUR,26.617,92.783,20.0,1014.0,93.97
2006-11-15T21:00:00,42415099999,TEZPUR,26.617,92.783,19.0,1013.5,96.32
2006-11-16T00:00:00,42415099999,TEZPUR,26.617,92.783,18.0,1014.1,93.88
2006-11-16T03:00:00,42415099999,TEZPUR,26.617,92.783,22.6,1015.8,81.13
2006-11-16T06:00:00,42415099999,TEZPUR,26.617,92.783,27.8,1012.5,55.57
2006-11-16T09:00:00,42415099999,TEZPUR,26.617,92.783,29.2,1009.4,47.2
2006-11-16T12:00:00,42415099999,TEZPUR,26.617,92.783,23.8,1010.2,74.99
2006-11-16T15:00:00,42415099999,TEZPUR,26.617,92.783,21.6,1011.9,85.7
2006-11-16T18:00:00,42415099999,TEZPUR,26.617,92.783,20.4,1011.8,87.2
2006-11-17T00:00:00,42415099999,TEZPUR,26.617,92.783,18.6,1012.2,88.15
2006-11-17T03:00:00,42415099999,TEZPUR,26.617,92.783,23.8,1015.2,70.44
2006-11-17T06:00:00,42415099999,TEZPUR,26.617,92.783,28.0,1012.6,57.03
2006-11-17T09:00:00,42415099999,TEZPUR,26.617,92.783,28.4,1010.2,51.03
2006-11-17T12:00:00,42415099999,TEZPUR,26.617,92.783,23.4,1011.0,76.34
2006-11-17T15:00:00,42415099999,TEZPUR,26.617,92.783,21.2,1012.6,88.92
2006-11-17T18:00:00,42415099999,TEZPUR,26.617,92.783,19.8,1012.7,88.81
2006-11-17T21:00:00,42415099999,TEZPUR,26.617,92.783,18.2,1011.7,92.13
2006-11-18T00:00:00,42415099999,TEZPUR,26.617,92.783,17.4,1013.0,91.49
2006-11-18T03:00:00,42415099999,TEZPUR,26.617,92.783,23.4,1015.0,73.07
2006-11-18T06:00:00,42415099999,TEZPUR,26.617,92.783,27.4,1012.3,53.75
2006-11-18T09:00:00,42415099999,TEZPUR,26.617,92.783,28.0,1009.3,53.23
2006-11-18T12:00:00,42415099999,TEZPUR,26.617,92.783,23.0,1009.7,74.39
2006-11-18T15:00:00,42415099999,TEZPUR,26.617,92.783,21.2,1011.7,83.54
2006-11-18T18:00:00,42415099999,TEZPUR,26.617,92.783,19.6,1011.8,90.49
2006-11-18T21:00:00,42415099999,TEZPUR,26.617,92.783,18.0,1010.8,89.8
2006-11-19T00:00:00,42415099999,TEZPUR,26.617,92.783,18.6,1011.6,93.91
2006-11-19T03:00:00,42415099999,TEZPUR,26.617,92.783,22.0,1013.5,77.09
2006-11-19T06:00:00,42415099999,TEZPUR,26.617,92.783,27.0,1010.8,58.61
2006-11-19T09:00:00,42415099999,TEZPUR,26.617,92.783,26.8,1007.8,61.19
2006-11-19T12:00:00,42415099999,TEZPUR,26.617,92.783,20.0,1009.0,81.31
2006-11-19T15:00:00,42415099999,TEZPUR,26.617,92.783,19.4,1011.0,84.93
2006-11-19T18:00:00,42415099999,TEZPUR,26.617,92.783,18.4,1010.4,92.14
2006-11-19T21:00:00,42415099999,TEZPUR,26.617,92.783,19.4,1009.6,96.33
2006-11-20T00:00:00,42415099999,TEZPUR,26.617,92.783,19.4,1010.4,93.95
2006-11-20T03:00:00,42415099999,TEZPUR,26.617,92.783,18.4,1013.2,93.9
2006-11-20T06:00:00,42415099999,TEZPUR,26.617,92.783,20.4,1011.6,81.36
2006-11-20T09:00:00,42415099999,TEZPUR,26.617,92.783,19.8,1009.4,86.6
2006-11-20T15:00:00,42415099999,TEZPUR,26.617,92.783,19.0,1013.2,88.19
2006-11-20T18:00:00,42415099999,TEZPUR,26.617,92.783,18.4,1012.5,93.9
2006-11-21T00:00:00,42415099999,TEZPUR,26.617,92.783,17.6,1012.1,95.67
2006-11-21T03:00:00,42415099999,TEZPUR,26.617,92.783,19.0,1013.6,92.17
2006-11-21T06:00:00,42415099999,TEZPUR,26.617,92.783,21.6,1011.5,75.58
2006-11-21T09:00:00,42415099999,TEZPUR,26.617,92.783,21.6,1009.2,77.03
2006-11-21T12:00:00,42415099999,TEZPUR,26.617,92.783,20.0,1009.9,83.4
2006-11-21T18:00:00,42415099999,TEZPUR,26.617,92.783,19.0,1010.5,93.93
2006-11-21T21:00:00,42415099999,TEZPUR,26.617,92.783,18.2,1010.1,93.89
2006-11-22T00:00:00,42415099999,TEZPUR,26.617,92.783,17.8,1010.5,95.68
2006-11-22T03:00:00,42415099999,TEZPUR,26.617,92.783,20.0,1012.8,90.51
2006-11-22T06:00:00,42415099999,TEZPUR,26.617,92.783,24.0,1010.6,70.48
2006-11-22T09:00:00,42415099999,TEZPUR,26.617,92.783,23.6,1008.1,71.74
2006-11-22T12:00:00,42415099999,TEZPUR,26.617,92.783,21.4,1009.0,78.47
2006-11-22T15:00:00,42415099999,TEZPUR,26.617,92.783,21.0,1010.3,85.64
2006-11-22T18:00:00,42415099999,TEZPUR,26.617,92.783,20.0,1009.7,90.51
2006-11-22T21:00:00,42415099999,TEZPUR,26.617,92.783,19.2,1009.2,96.32
2006-11-23T00:00:00,42415099999,TEZPUR,26.617,92.783,19.4,1009.1,98.15
2006-11-23T03:00:00,42415099999,TEZPUR,26.617,92.783,19.4,1011.3,96.33
2006-11-23T06:00:00,42415099999,TEZPUR,26.617,92.783,22.6,1009.9,79.13
2006-11-23T09:00:00,42415099999,TEZPUR,26.617,92.783,23.6,1007.7,64.03
2006-11-23T12:00:00,42415099999,TEZPUR,26.617,92.783,21.2,1008.5,87.28
2006-11-23T15:00:00,42415099999,TEZPUR,26.617,92.783,19.0,1010.4,90.45
2006-11-23T18:00:00,42415099999,TEZPUR,26.617,92.783,18.0,1010.7,89.8
2006-11-23T21:00:00,42415099999,TEZPUR,26.617,92.783,17.4,1009.8,93.86
2006-11-24T00:00:00,42415099999,TEZPUR,26.617,92.783,17.4,1009.9,93.86
2006-11-24T03:00:00,42415099999,TEZPUR,26.617,92.783,19.0,1012.6,88.19
2006-11-24T06:00:00,42415099999,TEZPUR,26.617,92.783,21.4,1012.2,76.99
2006-11-24T09:00:00,42415099999,TEZPUR,26.617,92.783,20.0,1009.6,83.4
2006-11-24T12:00:00,42415099999,TEZPUR,26.617,92.783,18.0,1010.0,89.8
2006-11-24T15:00:00,42415099999,TEZPUR,26.617,92.783,17.2,1011.1,92.07
2006-11-24T18:00:00,42415099999,TEZPUR,26.617,92.783,17.0,1011.1,91.47
2006-11-24T21:00:00,42415099999,TEZPUR,26.617,92.783,16.4,1010.3,93.81
2006-11-25T00:00:00,42415099999,TEZPUR,26.617,92.783,17.0,1010.7,93.84
2006-11-25T03:00:00,42415099999,TEZPUR,26.617,92.783,18.4,1012.6,88.13
2006-11-25T06:00:00,42415099999,TEZPUR,26.617,92.783,21.4,1010.8,71.8
2006-11-25T09:00:00,42415099999,TEZPUR,26.617,92.783,23.4,1008.0,69.92
2006-11-25T12:00:00,42415099999,TEZPUR,26.617,92.783,20.0,1008.7,85.0
2006-11-25T15:00:00,42415099999,TEZPUR,26.617,92.783,18.6,1011.3,90.42
2006-11-25T18:00:00,42415099999,TEZPUR,26.617,92.783,18.0,1011.7,95.68
2006-11-25T21:00:00,42415099999,TEZPUR,26.617,92.783,16.4,1010.9,95.63
2006-11-26T00:00:00,42415099999,TEZPUR,26.617,92.783,15.0,1011.2,95.58
2006-11-26T03:00:00,42415099999,TEZPUR,26.617,92.783,17.4,1013.4,89.76
2006-11-26T06:00:00,42415099999,TEZPUR,26.617,92.783,22.0,1011.6,68.77
2006-11-26T09:00:00,42415099999,TEZPUR,26.617,92.783,23.0,1008.8,66.81
2006-11-26T12:00:00,42415099999,TEZPUR,26.617,92.783,18.6,1010.0,80.61
2006-11-26T15:00:00,42415099999,TEZPUR,26.617,92.783,17.0,1012.2,79.87
2006-11-26T21:00:00,42415099999,TEZPUR,26.617,92.783,15.0,1012.0,88.99
2006-11-27T00:00:00,42415099999,TEZPUR,26.617,92.783,14.0,1013.7,96.18
2006-11-27T03:00:00,42415099999,TEZPUR,26.617,92.783,18.0,1016.7,76.46
2006-11-27T06:00:00,42415099999,TEZPUR,26.617,92.783,22.4,1014.7,55.3
2006-11-27T09:00:00,42415099999,TEZPUR,26.617,92.783,22.4,1012.9,55.3
2006-11-27T12:00:00,42415099999,TEZPUR,26.617,92.783,28.4,1013.5,36.97
2006-11-27T15:00:00,42415099999,TEZPUR,26.617,92.783,15.6,1014.8,85.07
2006-11-27T18:00:00,42415099999,TEZPUR,26.617,92.783,14.8,1014.6,91.33
2006-11-27T21:00:00,42415099999,TEZPUR,26.617,92.783,14.0,1013.8,93.09
2006-11-28T00:00:00,42415099999,TEZPUR,26.617,92.783,13.0,1013.5,95.52
2006-11-28T03:00:00,42415099999,TEZPUR,26.617,92.783,16.0,1015.1,87.36
2006-11-28T06:00:00,42415099999,TEZPUR,26.617,92.783,21.8,1012.9,62.41
2006-11-28T09:00:00,42415099999,TEZPUR,26.617,92.783,23.4,1010.0,53.77
2006-11-28T12:00:00,42415099999,TEZPUR,26.617,92.783,18.6,1012.0,73.16
2006-11-28T15:00:00,42415099999,TEZPUR,26.617,92.783,18.0,1014.9,76.46
2006-11-28T18:00:00,42415099999,TEZPUR,26.617,92.783,16.0,1015.1,89.65
2006-11-28T21:00:00,42415099999,TEZPUR,26.617,92.783,14.8,1014.5,93.13
2006-11-29T00:00:00,42415099999,TEZPUR,26.617,92.783,14.0,1015.3,93.09
2006-11-29T03:00:00,42415099999,TEZPUR,26.617,92.783,17.4,1017.6,77.88
2006-11-29T06:00:00,42415099999,TEZPUR,26.617,92.783,23.0,1014.9,56.17
2006-11-29T09:00:00,42415099999,TEZPUR,26.617,92.783,23.2,1012.9,53.37
2006-11-29T12:00:00,42415099999,TEZPUR,26.617,92.783,18.2,1013.6,74.54
2006-11-29T15:00:00,42415099999,TEZPUR,26.617,92.783,15.8,1015.2,85.1
2006-11-29T18:00:00,42415099999,TEZPUR,26.617,92.783,14.4,1015.4,93.11
2006-11-29T21:00:00,42415099999,TEZPUR,26.617,92.783,13.4,1014.8,95.53
2006-11-30T00:00:00,42415099999,TEZPUR,26.617,92.783,13.0,1014.6,93.04
2006-11-30T03:00:00,42415099999,TEZPUR,26.617,92.783,16.4,1016.2,87.39
2006-11-30T06:00:00,42415099999,TEZPUR,26.617,92.783,23.0,1013.9,59.16
2006-11-30T12:00:00,42415099999,TEZPUR,26.617,92.783,18.2,1012.6,78.5
2006-11-30T15:00:00,42415099999,TEZPUR,26.617,92.783,15.8,1013.4,85.1
2006-11-30T18:00:00,42415099999,TEZPUR,26.617,92.783,15.0,1014.4,88.99
2006-11-30T21:00:00,42415099999,TEZPUR,26.617,92.783,13.6,1013.7,90.65
2006-12-01T00:00:00,42415099999,TEZPUR,26.617,92.783,12.5,1014.3,93.63
2006-12-01T03:00:00,42415099999,TEZPUR,26.617,92.783,17.2,1017.0,83.61
2006-12-01T06:00:00,42415099999,TEZPUR,26.617,92.783,22.6,1014.7,57.18
2006-12-01T09:00:00,42415099999,TEZPUR,26.617,92.783,24.0,1011.5,54.27
2006-12-01T12:00:00,42415099999,TEZPUR,26.617,92.783,19.0,1012.2,75.15
2006-12-01T15:00:00,42415099999,TEZPUR,26.617,92.783,16.6,1013.8,83.54
2006-12-01T18:00:00,42415099999,TEZPUR,26.617,92.783,15.6,1013.6,91.38
2006-12-02T00:00:00,42415099999,TEZPUR,26.617,92.783,14.0,1014.1,95.55
2006-12-02T03:00:00,42415099999,TEZPUR,26.617,92.783,17.2,1016.5,83.61
2006-12-02T06:00:00,42415099999,TEZPUR,26.617,92.783,23.2,1014.2,59.21
2006-12-02T09:00:00,42415099999,TEZPUR,26.617,92.783,24.0,1011.1,52.89
2006-12-02T12:00:00,42415099999,TEZPUR,26.617,92.783,19.8,1013.2,74.32
2006-12-02T15:00:00,42415099999,TEZPUR,26.617,92.783,16.6,1015.2,87.41
2006-12-02T18:00:00,42415099999,TEZPUR,26.617,92.783,15.6,1014.9,93.77
2006-12-02T21:00:00,42415099999,TEZPUR,26.617,92.783,14.4,1014.5,95.56
2006-12-03T00:00:00,42415099999,TEZPUR,26.617,92.783,13.4,1015.3,95.53
2006-12-03T03:00:00,42415099999,TEZPUR,26.617,92.783,17.4,1017.7,85.82
2006-12-03T06:00:00,42415099999,TEZPUR,26.617,92.783,22.4,1015.4,62.95
2006-12-03T09:00:00,42415099999,TEZPUR,26.617,92.783,24.2,1012.6,56.11
2006-12-03T12:00:00,42415099999,TEZPUR,26.617,92.783,19.0,1013.6,80.66
2006-12-03T15:00:00,42415099999,TEZPUR,26.617,92.783,17.6,1016.0,85.84
2006-12-03T18:00:00,42415099999,TEZPUR,26.617,92.783,15.2,1016.1,91.36
2006-12-03T21:00:00,42415099999,TEZPUR,26.617,92.783,14.0,1016.0,93.09
2006-12-04T00:00:00,42415099999,TEZPUR,26.617,92.783,13.4,1016.7,95.53
2006-12-04T03:00:00,42415099999,TEZPUR,26.617,92.783,17.4,1018.7,89.76
2006-12-04T06:00:00,42415099999,TEZPUR,26.617,92.783,24.4,1016.0,57.62
2006-12-04T09:00:00,42415099999,TEZPUR,26.617,92.783,24.8,1013.1,53.78
2006-12-04T12:00:00,42415099999,TEZPUR,26.617,92.783,19.8,1014.4,70.59
2006-12-04T15:00:00,42415099999,TEZPUR,26.617,92.783,16.4,1016.2,87.39
2006-12-04T18:00:00,42415099999,TEZPUR,26.617,92.783,15.8,1015.6,93.78
2006-12-04T21:00:00,42415099999,TEZPUR,26.617,92.783,14.8,1015.1,95.58
2006-12-05T00:00:00,42415099999,TEZPUR,26.617,92.783,13.6,1015.6,95.54
2006-12-05T03:00:00,42415099999,TEZPUR,26.617,92.783,17.8,1017.4,85.86
2006-12-05T06:00:00,42415099999,TEZPUR,26.617,92.783,24.4,1014.9,54.73
2006-12-05T09:00:00,42415099999,TEZPUR,26.617,92.783,25.0,1013.4,51.12
2006-12-05T12:00:00,42415099999,TEZPUR,26.617,92.783,20.0,1013.8,74.36
2006-12-05T15:00:00,42415099999,TEZPUR,26.617,92.783,16.8,1015.7,85.75
2006-12-05T18:00:00,42415099999,TEZPUR,26.617,92.783,15.6,1015.4,93.77
2006-12-06T00:00:00,42415099999,TEZPUR,26.617,92.783,13.8,1015.4,95.54
2006-12-06T03:00:00,42415099999,TEZPUR,26.617,92.783,18.4,1017.8,80.58
2006-12-06T06:00:00,42415099999,TEZPUR,26.617,92.783,24.6,1015.3,56.2
2006-12-06T09:00:00,42415099999,TEZPUR,26.617,92.783,24.8,1013.0,52.41
2006-12-06T15:00:00,42415099999,TEZPUR,26.617,92.783,17.0,1015.0,83.59
2006-12-06T18:00:00,42415099999,TEZPUR,26.617,92.783,16.2,1015.3,91.42
2006-12-06T21:00:00,42415099999,TEZPUR,26.617,92.783,14.8,1015.2,93.13
2006-12-07T00:00:00,42415099999,TEZPUR,26.617,92.783,14.0,1015.6,93.09
2006-12-07T03:00:00,42415099999,TEZPUR,26.617,92.783,18.0,1017.5,84.24
2006-12-07T06:00:00,42415099999,TEZPUR,26.617,92.783,24.0,1015.1,52.89
2006-12-07T12:00:00,42415099999,TEZPUR,26.617,92.783,19.8,1012.6,74.32
2006-12-07T15:00:00,42415099999,TEZPUR,26.617,92.783,17.4,1014.2,85.82
2006-12-07T18:00:00,42415099999,TEZPUR,26.617,92.783,16.4,1014.4,89.68
2006-12-07T21:00:00,42415099999,TEZPUR,26.617,92.783,15.0,1014.2,91.34
2006-12-08T00:00:00,42415099999,TEZPUR,26.617,92.783,14.4,1015.0,95.56
2006-12-08T03:00:00,42415099999,TEZPUR,26.617,92.783,17.8,1017.4,78.44
2006-12-08T09:00:00,42415099999,TEZPUR,26.617,92.783,25.4,1012.5,51.89
2006-12-08T12:00:00,42415099999,TEZPUR,26.617,92.783,20.6,1013.3,71.19
2006-12-08T15:00:00,42415099999,TEZPUR,26.617,92.783,18.4,1015.5,80.58
2006-12-08T18:00:00,42415099999,TEZPUR,26.617,92.783,16.4,1015.9,89.68
2006-12-08T21:00:00,42415099999,TEZPUR,26.617,92.783,15.0,1015.4,91.34
2006-12-09T00:00:00,42415099999,TEZPUR,26.617,92.783,15.4,1016.2,95.6
2006-12-09T03:00:00,42415099999,TEZPUR,26.617,92.783,19.0,1018.6,75.15
2006-12-09T06:00:00,42415099999,TEZPUR,26.617,92.783,24.2,1016.4,58.69
2006-12-09T12:00:00,42415099999,TEZPUR,26.617,92.783,20.4,1014.2,76.35
2006-12-09T15:00:00,42415099999,TEZPUR,26.617,92.783,17.8,1015.9,88.08
2006-12-09T18:00:00,42415099999,TEZPUR,26.617,92.783,16.6,1015.5,91.44
2006-12-09T21:00:00,42415099999,TEZPUR,26.617,92.783,15.4,1014.9,93.16
2006-12-10T00:00:00,42415099999,TEZPUR,26.617,92.783,16.2,1016.4,95.62
2006-12-10T03:00:00,42415099999,TEZPUR,26.617,92.783,18.2,1018.3,89.82
2006-12-10T06:00:00,42415099999,TEZPUR,26.617,92.783,24.6,1016.2,57.66
2006-12-10T09:00:00,42415099999,TEZPUR,26.617,92.783,25.0,1013.7,55.23
2006-12-10T12:00:00,42415099999,TEZPUR,26.617,92.783,19.6,1014.0,79.21
2006-12-10T15:00:00,42415099999,TEZPUR,26.617,92.783,17.4,1015.6,88.05
2006-12-10T18:00:00,42415099999,TEZPUR,26.617,92.783,16.2,1015.3,93.8
2006-12-10T21:00:00,42415099999,TEZPUR,26.617,92.783,15.4,1014.6,96.22
2006-12-11T00:00:00,42415099999,TEZPUR,26.617,92.783,16.0,1014.8,93.79
2006-12-11T03:00:00,42415099999,TEZPUR,26.617,92.783,19.0,1016.5,80.66
2006-12-11T06:00:00,42415099999,TEZPUR,26.617,92.783,23.4,1014.3,60.79
2006-12-11T09:00:00,42415099999,TEZPUR,26.617,92.783,24.0,1011.9,60.16
2006-12-11T12:00:00,42415099999,TEZPUR,26.617,92.783,19.6,1012.0,75.74
2006-12-11T15:00:00,42415099999,TEZPUR,26.617,92.783,18.4,1013.7,84.28
2006-12-11T18:00:00,42415099999,TEZPUR,26.617,92.783,18.0,1013.0,89.8
2006-12-11T21:00:00,42415099999,TEZPUR,26.617,92.783,17.8,1012.0,89.79
2006-12-12T00:00:00,42415099999,TEZPUR,26.617,92.783,17.8,1011.8,89.79
2006-12-12T03:00:00,42415099999,TEZPUR,26.617,92.783,18.0,1013.8,89.8
2006-12-12T06:00:00,42415099999,TEZPUR,26.617,92.783,18.0,1012.9,95.68
2006-12-12T09:00:00,42415099999,TEZPUR,26.617,92.783,19.8,1010.1,86.6
2006-12-12T12:00:00,42415099999,TEZPUR,26.617,92.783,18.2,1010.5,88.12
2006-12-12T15:00:00,42415099999,TEZPUR,26.617,92.783,16.8,1013.6,93.83
2006-12-12T18:00:00,42415099999,TEZPUR,26.617,92.783,16.4,1014.4,95.63
2006-12-12T21:00:00,42415099999,TEZPUR,26.617,92.783,15.6,1013.8,95.6
2006-12-13T00:00:00,42415099999,TEZPUR,26.617,92.783,15.4,1015.8,98.09
2006-12-13T03:00:00,42415099999,TEZPUR,26.617,92.783,17.4,1018.8,89.76
2006-12-13T06:00:00,42415099999,TEZPUR,26.617,92.783,21.4,1017.2,69.99
2006-12-13T12:00:00,42415099999,TEZPUR,26.617,92.783,18.2,1016.1,84.26
2006-12-13T15:00:00,42415099999,TEZPUR,26.617,92.783,16.0,1017.2,93.79
2006-12-13T18:00:00,42415099999,TEZPUR,26.617,92.783,15.0,1016.5,93.14
2006-12-13T21:00:00,42415099999,TEZPUR,26.617,92.783,14.0,1015.5,95.55
2006-12-14T00:00:00,42415099999,TEZPUR,26.617,92.783,13.4,1016.4,95.53
2006-12-14T03:00:00,42415099999,TEZPUR,26.617,92.783,15.0,1018.4,95.58
2006-12-14T06:00:00,42415099999,TEZPUR,26.617,92.783,21.4,1015.6,61.92
2006-12-14T12:00:00,42415099999,TEZPUR,26.617,92.783,20.4,1013.7,77.83
2006-12-14T15:00:00,42415099999,TEZPUR,26.617,92.783,16.6,1014.3,85.18
2006-12-14T18:00:00,42415099999,TEZPUR,26.617,92.783,14.4,1014.6,93.11
2006-12-15T00:00:00,42415099999,TEZPUR,26.617,92.783,12.4,1014.6,95.5
2006-12-15T03:00:00,42415099999,TEZPUR,26.617,92.783,15.0,1017.2,91.34
2006-12-15T06:00:00,42415099999,TEZPUR,26.617,92.783,21.0,1014.9,66.4
2006-12-15T09:00:00,42415099999,TEZPUR,26.617,92.783,23.0,1012.1,52.97
2006-12-15T12:00:00,42415099999,TEZPUR,26.617,92.783,19.2,1013.9,70.02
2006-12-15T15:00:00,42415099999,TEZPUR,26.617,92.783,16.2,1017.1,87.38
2006-12-15T18:00:00,42415099999,TEZPUR,26.617,92.783,15.2,1016.9,91.36
2006-12-16T00:00:00,42415099999,TEZPUR,26.617,92.783,13.4,1016.0,95.53
2006-12-16T03:00:00,42415099999,TEZPUR,26.617,92.783,17.0,1019.3,81.45
2006-12-16T06:00:00,42415099999,TEZPUR,26.617,92.783,23.4,1017.6,56.64
2006-12-16T09:00:00,42415099999,TEZPUR,26.617,92.783,24.4,1015.0,50.63
2006-12-16T12:00:00,42415099999,TEZPUR,26.617,92.783,19.0,1016.2,75.15
2006-12-16T15:00:00,42415099999,TEZPUR,26.617,92.783,16.4,1018.0,87.39
2006-12-17T00:00:00,42415099999,TEZPUR,26.617,92.783,13.0,1017.9,95.52
2006-12-17T03:00:00,42415099999,TEZPUR,26.617,92.783,17.4,1019.0,79.93
2006-12-17T06:00:00,42415099999,TEZPUR,26.617,92.783,24.0,1015.9,52.89
2006-12-17T09:00:00,42415099999,TEZPUR,26.617,92.783,25.6,1012.3,50.62
2006-12-17T12:00:00,42415099999,TEZPUR,26.617,92.783,19.6,1012.7,75.74
2006-12-17T15:00:00,42415099999,TEZPUR,26.617,92.783,17.2,1014.8,84.7
2006-12-17T18:00:00,42415099999,TEZPUR,26.617,92.783,15.6,1014.1,89.04
2006-12-17T21:00:00,42415099999,TEZPUR,26.617,92.783,14.2,1013.5,93.1
2006-12-18T00:00:00,42415099999,TEZPUR,26.617,92.783,13.4,1014.7,95.53
2006-12-18T03:00:00,42415099999,TEZPUR,26.617,92.783,17.0,1017.3,83.59
2006-12-18T06:00:00,42415099999,TEZPUR,26.617,92.783,24.0,1014.2,52.89
2006-12-18T09:00:00,42415099999,TEZPUR,26.617,92.783,25.2,1012.4,52.85
2006-12-18T12:00:00,42415099999,TEZPUR,26.617,92.783,21.0,1013.5,64.71
2006-12-18T15:00:00,42415099999,TEZPUR,26.617,92.783,18.4,1015.8,80.58
2006-12-18T18:00:00,42415099999,TEZPUR,26.617,92.783,16.6,1015.6,89.7
2006-12-18T21:00:00,42415099999,TEZPUR,26.617,92.783,15.4,1015.5,93.16
2006-12-19T00:00:00,42415099999,TEZPUR,26.617,92.783,14.4,1016.5,95.56
2006-12-19T03:00:00,42415099999,TEZPUR,26.617,92.783,17.8,1019.5,84.22
2006-12-19T06:00:00,42415099999,TEZPUR,26.617,92.783,24.0,1017.2,60.16
2006-12-19T09:00:00,42415099999,TEZPUR,26.617,92.783,25.4,1014.5,51.89
2006-12-19T12:00:00,42415099999,TEZPUR,26.617,92.783,20.0,1015.7,75.8
2006-12-19T15:00:00,42415099999,TEZPUR,26.617,92.783,18.4,1018.3,80.58
2006-12-19T18:00:00,42415099999,TEZPUR,26.617,92.783,16.2,1018.8,89.67
2006-12-19T21:00:00,42415099999,TEZPUR,26.617,92.783,15.2,1018.5,93.15
2006-12-20T00:00:00,42415099999,TEZPUR,26.617,92.783,13.6,1013.3,93.07
2006-12-20T03:00:00,42415099999,TEZPUR,26.617,92.783,17.8,1022.2,74.47
2006-12-20T06:00:00,42415099999,TEZPUR,26.617,92.783,24.6,1019.8,56.2
2006-12-20T09:00:00,42415099999,TEZPUR,26.617,92.783,25.6,1016.7,51.94
2006-12-20T12:00:00,42415099999,TEZPUR,26.617,92.783,20.2,1017.6,79.8
2006-12-20T15:00:00,42415099999,TEZPUR,26.617,92.783,18.0,1018.9,84.24
2006-12-20T18:00:00,42415099999,TEZPUR,26.617,92.783,16.4,1018.8,89.68
2006-12-20T21:00:00,42415099999,TEZPUR,26.617,92.783,14.8,1018.2,91.33
2006-12-21T00:00:00,42415099999,TEZPUR,26.617,92.783,14.0,1018.4,93.09
2006-12-21T03:00:00,42415099999,TEZPUR,26.617,92.783,18.4,1020.8,76.53
2006-12-21T06:00:00,42415099999,TEZPUR,26.617,92.783,25.4,1017.8,54.28
2006-12-21T12:00:00,42415099999,TEZPUR,26.617,92.783,21.2,1014.7,60.28
2006-12-21T15:00:00,42415099999,TEZPUR,26.617,92.783,17.8,1015.3,84.22
2006-12-21T18:00:00,42415099999,TEZPUR,26.617,92.783,16.6,1015.1,89.7
2006-12-21T21:00:00,42415099999,TEZPUR,26.617,92.783,15.0,1014.6,87.84
2006-12-22T00:00:00,42415099999,TEZPUR,26.617,92.783,14.0,1014.2,93.09
2006-12-22T03:00:00,42415099999,TEZPUR,26.617,92.783,18.2,1017.3,78.5
2006-12-22T06:00:00,42415099999,TEZPUR,26.617,92.783,24.4,1014.4,50.63
2006-12-22T09:00:00,42415099999,TEZPUR,26.617,92.783,25.4,1011.5,48.96
2006-12-22T12:00:00,42415099999,TEZPUR,26.617,92.783,21.0,1011.9,64.71
2006-12-22T15:00:00,42415099999,TEZPUR,26.617,92.783,19.2,1014.0,73.74
2006-12-22T21:00:00,42415099999,TEZPUR,26.617,92.783,16.4,1014.3,89.68
2006-12-23T00:00:00,42415099999,TEZPUR,26.617,92.783,15.6,1015.1,91.38
2006-12-23T03:00:00,42415099999,TEZPUR,26.617,92.783,20.8,1017.7,68.1
2006-12-23T06:00:00,42415099999,TEZPUR,26.617,92.783,25.2,1014.9,47.34
2006-12-23T09:00:00,42415099999,TEZPUR,26.617,92.783,26.0,1012.4,44.56
2006-12-23T12:00:00,42415099999,TEZPUR,26.617,92.783,21.0,1013.1,68.14
2006-12-23T15:00:00,42415099999,TEZPUR,26.617,92.783,18.0,1014.8,84.24
2006-12-23T18:00:00,42415099999,TEZPUR,26.617,92.783,16.4,1014.7,89.68
2006-12-24T00:00:00,42415099999,TEZPUR,26.617,92.783,15.0,1015.3,91.34
2006-12-24T03:00:00,42415099999,TEZPUR,26.617,92.783,18.8,1017.6,77.09
2006-12-24T06:00:00,42415099999,TEZPUR,26.617,92.783,23.4,1015.5,52.05
2006-12-24T09:00:00,42415099999,TEZPUR,26.617,92.783,25.0,1012.4,53.83
2006-12-24T12:00:00,42415099999,TEZPUR,26.617,92.783,20.4,1012.6,73.01
2006-12-24T15:00:00,42415099999,TEZPUR,26.617,92.783,17.2,1014.6,87.47
2006-12-24T18:00:00,42415099999,TEZPUR,26.617,92.783,16.0,1014.2,89.65
2006-12-24T21:00:00,42415099999,TEZPUR,26.617,92.783,15.0,1013.5,93.14
2006-12-25T00:00:00,42415099999,TEZPUR,26.617,92.783,14.0,1014.5,95.55
2006-12-25T03:00:00,42415099999,TEZPUR,26.617,92.783,18.2,1016.9,82.13
2006-12-25T06:00:00,42415099999,TEZPUR,26.617,92.783,24.0,1013.5,52.89
2006-12-25T09:00:00,42415099999,TEZPUR,26.617,92.783,25.0,1010.4,49.81
2006-12-25T12:00:00,42415099999,TEZPUR,26.617,92.783,19.8,1011.3,74.32
2006-12-25T18:00:00,42415099999,TEZPUR,26.617,92.783,15.6,1012.7,93.77
2006-12-25T21:00:00,42415099999,TEZPUR,26.617,92.783,14.6,1012.4,93.12
2006-12-26T00:00:00,42415099999,TEZPUR,26.617,92.783,13.6,1012.3,95.54
2006-12-26T03:00:00,42415099999,TEZPUR,26.617,92.783,17.6,1015.0,88.07
2006-12-26T06:00:00,42415099999,TEZPUR,26.617,92.783,23.0,1013.1,61.88
2006-12-26T09:00:00,42415099999,TEZPUR,26.617,92.783,24.6,1010.2,53.38
2006-12-26T12:00:00,42415099999,TEZPUR,26.617,92.783,20.6,1010.9,73.04
2006-12-26T15:00:00,42415099999,TEZPUR,26.617,92.783,19.0,1013.1,84.35
2006-12-26T18:00:00,42415099999,TEZPUR,26.617,92.783,18.8,1013.0,84.33
2006-12-27T00:00:00,42415099999,TEZPUR,26.617,92.783,17.0,1012.8,89.73
2006-12-27T03:00:00,42415099999,TEZPUR,26.617,92.783,18.4,1014.9,85.92
2006-12-27T06:00:00,42415099999,TEZPUR,26.617,92.783,21.0,1013.1,69.91
2006-12-27T09:00:00,42415099999,TEZPUR,26.617,92.783,22.4,1010.7,66.27
2006-12-27T12:00:00,42415099999,TEZPUR,26.617,92.783,20.0,1011.6,75.8
2006-12-27T15:00:00,42415099999,TEZPUR,26.617,92.783,19.0,1013.3,77.12
2006-12-27T18:00:00,42415099999,TEZPUR,26.617,92.783,18.2,1013.5,80.56
2006-12-27T21:00:00,42415099999,TEZPUR,26.617,92.783,17.2,1013.4,87.47
2006-12-28T00:00:00,42415099999,TEZPUR,26.617,92.783,16.4,1014.8,85.16
2006-12-28T03:00:00,42415099999,TEZPUR,26.617,92.783,16.8,1018.1,92.64
2006-12-28T06:00:00,42415099999,TEZPUR,26.617,92.783,20.6,1016.4,73.04
2006-12-28T09:00:00,42415099999,TEZPUR,26.617,92.783,21.2,1015.0,61.87
2006-12-28T12:00:00,42415099999,TEZPUR,26.617,92.783,17.6,1015.5,83.65
2006-12-28T15:00:00,42415099999,TEZPUR,26.617,92.783,16.0,1016.6,89.65
2006-12-28T18:00:00,42415099999,TEZPUR,26.617,92.783,14.6,1017.0,93.12
2006-12-28T21:00:00,42415099999,TEZPUR,26.617,92.783,13.6,1016.0,95.54
2006-12-29T00:00:00,42415099999,TEZPUR,26.617,92.783,12.6,1017.1,97.41
2006-12-29T03:00:00,42415099999,TEZPUR,26.617,92.783,15.2,1019.9,89.01
2006-12-29T06:00:00,42415099999,TEZPUR,26.617,92.783,20.8,1016.8,63.0
2006-12-29T09:00:00,42415099999,TEZPUR,26.617,92.783,22.4,1013.6,56.76
2006-12-29T15:00:00,42415099999,TEZPUR,26.617,92.783,15.6,1015.7,89.04
2006-12-29T18:00:00,42415099999,TEZPUR,26.617,92.783,15.0,1015.5,91.34
2006-12-29T21:00:00,42415099999,TEZPUR,26.617,92.783,14.0,1014.7,93.09
2006-12-30T00:00:00,42415099999,TEZPUR,26.617,92.783,12.4,1015.2,95.5
2006-12-30T03:00:00,42415099999,TEZPUR,26.617,92.783,16.0,1017.9,87.36
2006-12-30T06:00:00,42415099999,TEZPUR,26.617,92.783,22.2,1015.7,62.91
2006-12-30T09:00:00,42415099999,TEZPUR,26.617,92.783,23.2,1012.4,53.37
2006-12-30T12:00:00,42415099999,TEZPUR,26.617,92.783,19.6,1013.1,70.55
2006-12-31T00:00:00,42415099999,TEZPUR,26.617,92.783,14.6,1014.8,95.57
2006-12-31T03:00:00,42415099999,TEZPUR,26.617,92.783,17.4,1017.5,85.82
2006-12-31T06:00:00,42415099999,TEZPUR,26.617,92.783,21.6,1015.2,65.25
2006-12-31T09:00:00,42415099999,TEZPUR,26.617,92.783,23.4,1012.6,59.63
2006-12-31T12:00:00,42415099999,TEZPUR,26.617,92.783,20.0,1012.8,70.63
2006-12-31T15:00:00,42415099999,TEZPUR,26.617,92.783,18.4,1015.0,84.28
2006-12-31T18:00:00,42415099999,TEZPUR,26.617,92.783,17.8,1014.7,88.08
2006-12-31T21:00:00,42415099999,TEZPUR,26.617,92.783,17.2,1014.1,89.74
