timestamp,station_id,station_name,latitude,longitude,temperature,pressure,humidity
1957-01-01T03:00:00,42410099999,GUWAHATI INTL / LOKPRIYA GOPINATH BORDOLOI INTL,26.1,91.583,15.0,1020.1,100.0
1957-01-02T03:00:00,42410099999,GUWAHATI INTL / LOKPRIYA GOPINATH BORDOLOI INTL,26.1,91.583,16.1,1018.4,80.8
1957-01-02T18:00:00,42410099999,GUWAHATI INTL / LOKPRIYA GOPINATH BORDOLOI INTL,26.1,91.583,13.9,1016.9,93.08
1957-01-03T03:00:00,42410099999,GUWAHATI INTL / LOKPRIYA GOPINATH BORDOLOI INTL,26.1,91.583,15.0,1020.2,86.7
1957-01-04T03:00:00,42410099999,GUWAHATI INTL / LOKPRIYA GOPINATH BORDOLOI INTL,26.1,91.583,12.8,1020.1,100.0
1957-01-04T18:00:00,42410099999,GUWAHATI INTL / LOKPRIYA GOPINATH BORDOLOI INTL,26.1,91.583,12.2,1016.9,100.0
1957-01-05T03:00:00,42410099999,GUWAHATI INTL / LOKPRIYA GOPINATH BORDOLOI INTL,26.1,91.583,15.0,1017.8,93.14
1957-01-05T18:00:00,42410099999,GUWAHATI INTL / LOKPRIYA GOPINATH BORDOLOI INTL,26.1,91.583,12.2,1016.5,100.0
1957-01-06T03:00:00,42410099999,GUWAHATI INTL / LOKPRIYA GOPINATH BORDOLOI INTL,26.1,91.583,16.1,1018.2,86.8
1957-01-06T18:00:00,42410099999,GUWAHATI INTL / LOKPRIYA GOPINATH BORDOLOI INTL,26.1,91.583,13.9,1017.2,93.08
1957-01-07T03:00:00,42410099999,GUWAHATI INTL / LOKPRIYA GOPINATH BORDOLOI INTL,26.1,91.583,15.0,1018.3,86.7
1957-01-08T03:00:00,42410099999,GUWAHATI INTL / LOKPRIYA GOPINATH BORDOLOI INTL,26.1,91.583,15.0,1017.2,93.14
1957-01-08T18:00:00,42410099999,GUWAHATI INTL / LOKPRIYA GOPINATH BORDOLOI INTL,26.1,91.583,13.9,1016.7,93.08
1957-01-09T03:00:00,42410099999,GUWAHATI INTL / LOKPRIYA GOPINATH BORDOLOI INTL,26.1,91.583,16.1,1018.0,86.8
1957-01-10T03:00:00,42410099999,GUWAHATI INTL / LOKPRIYA GOPINATH BORDOLOI INTL,26.1,91.583,13.9,1018.3,93.08
1957-01-11T03:00:00,42410099999,GUWAHATI INTL / LOKPRIYA GOPINATH BORDOLOI INTL,26.1,91.583,15.0,1015.4,93.14
1957-01-11T18:00:00,42410099999,GUWAHATI INTL / LOKPRIYA GOPINATH BORDOLOI INTL,26.1,91.583,15.0,1013.8,100.0
1957-01-12T03:00:00,42410099999,GUWAHATI INTL / LOKPRIYA GOPINATH BORDOLOI INTL,26.1,91.583,16.1,1015.2,93.2
1957-01-13T03:00:00,42410099999,GUWAHATI INTL / LOKPRIYA GOPINATH BORDOLOI INTL,26.1,91.583,15.0,1019.0,93.14
1957-01-13T18:00:00,42410099999,GUWAHATI INTL / LOKPRIYA GOPINATH BORDOLOI INTL,26.1,91.583,15.0,1018.7,86.7
1957-01-14T03:00:00,42410099999,GUWAHATI INTL / LOKPRIYA GOPINATH BORDOLOI INTL,26.1,91.583,13.9,1019.5,89.49
1957-01-15T03:00:00,42410099999,GUWAHATI INTL / LOKPRIYA GOPINATH BORDOLOI INTL,26.1,91.583,16.1,1019.2,80.8
1957-01-15T18:00:00,42410099999,GUWAHATI INTL / LOKPRIYA GOPINATH BORDOLOI INTL,26.1,91.583,12.8,1018.3,96.14
1957-01-16T03:00:00,42410099999,GUWAHATI INTL / LOKPRIYA GOPINATH BORDOLOI INTL,26.1,91.583,12.8,1020.6,100.0
1957-01-16T18:00:00,42410099999,GUWAHATI INTL / LOKPRIYA GOPINATH BORDOLOI INTL,26.1,91.583,12.2,1018.7,100.0
1957-01-17T03:00:00,42410099999,GUWAHATI INTL / LOKPRIYA GOPINATH BORDOLOI INTL,26.1,91.583,13.9,1020.4,83.22
1957-01-17T18:00:00,42410099999,GUWAHATI INTL / LOKPRIYA GOPINATH BORDOLOI INTL,26.1,91.583,11.1,1016.5,86.31
1957-01-18T03:00:00,42410099999,GUWAHATI INTL / LOKPRIYA GOPINATH BORDOLOI INTL,26.1,91.583,13.9,1018.5,100.0
1957-01-18T18:00:00,42410099999,GUWAHATI INTL / LOKPRIYA GOPINATH BORDOLOI INTL,26.1,91.583,12.8,1013.6,100.0
1957-01-19T03:00:00,42410099999,GUWAHATI INTL / LOKPRIYA GOPINATH BORDOLOI INTL,26.1,91.583,17.2,1014.8,75.35
1957-01-20T03:00:00,42410099999,GUWAHATI INTL / LOKPRIYA GOPINATH BORDOLOI INTL,26.1,91.583,17.2,1015.0,86.91
1957-01-20T18:00:00,42410099999,GUWAHATI INTL / LOKPRIYA GOPINATH BORDOLOI INTL,26.1,91.583,16.1,1013.8,93.2
1957-01-21T03:00:00,42410099999,GUWAHATI INTL / LOKPRIYA GOPINATH BORDOLOI INTL,26.1,91.583,17.2,,86.91
1957-01-21T18:00:00,42410099999,GUWAHATI INTL / LOKPRIYA GOPINATH BORDOLOI INTL,26.1,91.583,13.9,1015.1,89.49
1957-01-22T03:00:00,42410099999,GUWAHATI INTL / LOKPRIYA GOPINATH BORDOLOI INTL,26.1,91.583,17.8,1016.1,89.79
1957-01-23T03:00:00,42410099999,GUWAHATI INTL / LOKPRIYA GOPINATH BORDOLOI INTL,26.1,91.583,17.2,1018.6,80.94
1957-01-23T18:00:00,42410099999,GUWAHATI INTL / LOKPRIYA GOPINATH BORDOLOI INTL,26.1,91.583,12.8,1016.6,96.14
1957-01-24T03:00:00,42410099999,GUWAHATI INTL / LOKPRIYA GOPINATH BORDOLOI INTL,26.1,91.583,17.2,1017.4,75.35
1957-01-24T18:00:00,42410099999,GUWAHATI INTL / LOKPRIYA GOPINATH BORDOLOI INTL,26.1,91.583,12.8,1015.5,96.14
1957-01-25T03:00:00,42410099999,GUWAHATI INTL / LOKPRIYA GOPINATH BORDOLOI INTL,26.1,91.583,17.2,1017.0,75.35
1957-01-25T18:00:00,42410099999,GUWAHATI INTL / LOKPRIYA GOPINATH BORDOLOI INTL,26.1,91.583,12.8,1014.9,96.14
1957-01-26T03:00:00,42410099999,GUWAHATI INTL / LOKPRIYA GOPINATH BORDOLOI INTL,26.1,91.583,16.1,1014.1,86.8
1957-01-27T03:00:00,42410099999,GUWAHATI INTL / LOKPRIYA GOPINATH BORDOLOI INTL,26.1,91.583,16.1,1013.5,100.0
1957-01-27T18:00:00,42410099999,GUWAHATI INTL / LOKPRIYA GOPINATH BORDOLOI INTL,26.1,91.583,16.1,1011.1,93.2
1957-01-28T03:00:00,42410099999,GUWAHATI INTL / LOKPRIYA GOPINATH BORDOLOI INTL,26.1,91.583,17.2,1012.7,86.91
1957-01-28T18:00:00,42410099999,GUWAHATI INTL / LOKPRIYA GOPINATH BORDOLOI INTL,26.1,91.583,17.8,1012.0,64.86
1957-01-29T03:00:00,42410099999,GUWAHATI INTL / LOKPRIYA GOPINATH BORDOLOI INTL,26.1,91.583,16.1,1014.3,93.2
1957-01-30T03:00:00,42410099999,GUWAHATI INTL / LOKPRIYA GOPINATH BORDOLOI INTL,26.1,91.583,15.0,1016.0,93.14
1957-01-30T18:00:00,42410099999,GUWAHATI INTL / LOKPRIYA GOPINATH BORDOLOI INTL,26.1,91.583,15.0,1013.3,93.14
1957-01-31T03:00:00,42410099999,GUWAHATI INTL / LOKPRIYA GOPINATH BORDOLOI INTL,26.1,91.583,16.1,1016.0,86.8
1957-01-31T18:00:00,42410099999,GUWAHATI INTL / LOKPRIYA GOPINATH BORDOLOI INTL,26.1,91.583,16.1,1013.0,86.8
1957-02-01T03:00:00,42410099999,GUWAHATI INTL / LOKPRIYA GOPINATH BORDOLOI INTL,26.1,91.583,20.0,1013.9,63.24
1957-02-01T18:00:00,42410099999,GUWAHATI INTL / LOKPRIYA GOPINATH BORDOLOI INTL,26.1,91.583,12.2,1018.4,92.99
1957-02-02T03:00:00,42410099999,GUWAHATI INTL / LOKPRIYA GOPINATH BORDOLOI INTL,26.1,91.583,15.0,1017.3,72.03
1957-02-02T18:00:00,42410099999,GUWAHATI INTL / LOKPRIYA GOPINATH BORDOLOI INTL,26.1,91.583,16.1,1013.6,80.8
1957-02-03T03:00:00,42410099999,GUWAHATI INTL / LOKPRIYA GOPINATH BORDOLOI INTL,26.1,91.583,16.1,1013.4,77.68
1957-02-03T18:00:00,42410099999,GUWAHATI INTL / LOKPRIYA GOPINATH BORDOLOI INTL,26.1,91.583,16.1,1010.8,86.8
1957-02-04T03:00:00,42410099999,GUWAHATI INTL / LOKPRIYA GOPINATH BORDOLOI INTL,26.1,91.583,15.0,1011.1,86.7
1957-02-04T18:00:00,42410099999,GUWAHATI INTL / LOKPRIYA GOPINATH BORDOLOI INTL,26.1,91.583,15.0,1010.7,93.14
1957-02-05T03:00:00,42410099999,GUWAHATI INTL / LOKPRIYA GOPINATH BORDOLOI INTL,26.1,91.583,15.0,1010.9,86.7
1957-02-05T18:00:00,42410099999,GUWAHATI INTL / LOKPRIYA GOPINATH BORDOLOI INTL,26.1,91.583,15.0,1012.5,83.35
1957-02-06T03:00:00,42410099999,GUWAHATI INTL / LOKPRIYA GOPINATH BORDOLOI INTL,26.1,91.583,15.0,1011.9,86.7
1957-02-07T03:00:00,42410099999,GUWAHATI INTL / LOKPRIYA GOPINATH BORDOLOI INTL,26.1,91.583,13.9,1011.7,89.49
1957-02-07T18:00:00,42410099999,GUWAHATI INTL / LOKPRIYA GOPINATH BORDOLOI INTL,26.1,91.583,13.9,1010.3,93.08
1957-02-08T03:00:00,42410099999,GUWAHATI INTL / LOKPRIYA GOPINATH BORDOLOI INTL,26.1,91.583,16.1,1012.0,86.8
1957-02-09T03:00:00,42410099999,GUWAHATI INTL / LOKPRIYA GOPINATH BORDOLOI INTL,26.1,91.583,16.1,1015.4,80.8
1957-02-10T03:00:00,42410099999,GUWAHATI INTL / LOKPRIYA GOPINATH BORDOLOI INTL,26.1,91.583,16.1,1015.3,86.8
1957-02-10T18:00:00,42410099999,GUWAHATI INTL / LOKPRIYA GOPINATH BORDOLOI INTL,26.1,91.583,17.8,1011.9,96.28
1957-02-11T03:00:00,42410099999,GUWAHATI INTL / LOKPRIYA GOPINATH BORDOLOI INTL,26.1,91.583,17.8,1015.5,96.28
1957-02-11T18:00:00,42410099999,GUWAHATI INTL / LOKPRIYA GOPINATH BORDOLOI INTL,26.1,91.583,15.0,1013.5,93.14
1957-02-13T18:00:00,42410099999,GUWAHATI INTL / LOKPRIYA GOPINATH BORDOLOI INTL,26.1,91.583,22.8,1014.4,51.21
1957-02-15T18:00:00,42410099999,GUWAHATI INTL / LOKPRIYA GOPINATH BORDOLOI INTL,26.1,91.583,12.2,1015.2,92.99
1957-02-17T03:00:00,42410099999,GUWAHATI INTL / LOKPRIYA GOPINATH BORDOLOI INTL,26.1,91.583,15.0,1018.0,77.51
1957-02-17T18:00:00,42410099999,GUWAHATI INTL / LOKPRIYA GOPINATH BORDOLOI INTL,26.1,91.583,12.8,1016.6,89.4
1957-02-19T18:00:00,42410099999,GUWAHATI INTL / LOKPRIYA GOPINATH BORDOLOI INTL,26.1,91.583,15.0,1012.9,83.35
1957-02-20T03:00:00,42410099999,GUWAHATI INTL / LOKPRIYA GOPINATH BORDOLOI INTL,26.1,91.583,17.8,1013.1,69.75
1957-02-21T03:00:00,42410099999,GUWAHATI INTL / LOKPRIYA GOPINATH BORDOLOI INTL,26.1,91.583,16.1,1012.6,86.8
1957-02-22T03:00:00,42410099999,GUWAHATI INTL / LOKPRIYA GOPINATH BORDOLOI INTL,26.1,91.583,15.0,1015.0,93.14
1957-02-22T18:00:00,42410099999,GUWAHATI INTL / LOKPRIYA GOPINATH BORDOLOI INTL,26.1,91.583,15.0,1015.5,86.7
1957-02-23T03:00:00,42410099999,GUWAHATI INTL / LOKPRIYA GOPINATH BORDOLOI INTL,26.1,91.583,16.1,1016.1,86.8
1957-02-23T18:00:00,42410099999,GUWAHATI INTL / LOKPRIYA GOPINATH BORDOLOI INTL,26.1,91.583,16.1,1011.6,80.8
1957-02-24T03:00:00,42410099999,GUWAHATI INTL / LOKPRIYA GOPINATH BORDOLOI INTL,26.1,91.583,20.0,1013.0,63.24
1957-02-24T18:00:00,42410099999,GUWAHATI INTL / LOKPRIYA GOPINATH BORDOLOI INTL,26.1,91.583,13.9,1011.6,93.08
1957-02-25T03:00:00,42410099999,GUWAHATI INTL / LOKPRIYA GOPINATH BORDOLOI INTL,26.1,91.583,17.8,1014.9,77.94
1957-02-25T18:00:00,42410099999,GUWAHATI INTL / LOKPRIYA GOPINATH BORDOLOI INTL,26.1,91.583,12.8,1013.6,83.09
1957-02-26T03:00:00,42410099999,GUWAHATI INTL / LOKPRIYA GOPINATH BORDOLOI INTL,26.1,91.583,17.2,1017.8,67.36
1957-02-26T18:00:00,42410099999,GUWAHATI INTL / LOKPRIYA GOPINATH BORDOLOI INTL,26.1,91.583,17.8,1016.6,72.55
1957-02-27T03:00:00,42410099999,GUWAHATI INTL / LOKPRIYA GOPINATH BORDOLOI INTL,26.1,91.583,17.8,1017.7,77.94
1957-02-27T18:00:00,42410099999,GUWAHATI INTL / LOKPRIYA GOPINATH BORDOLOI INTL,26.1,91.583,16.1,1015.0,93.2
1957-02-28T03:00:00,42410099999,GUWAHATI INTL / LOKPRIYA GOPINATH BORDOLOI INTL,26.1,91.583,15.0,1016.4,93.14
1957-03-01T03:00:00,42410099999,GUWAHATI INTL / LOKPRIYA GOPINATH BORDOLOI INTL,26.1,91.583,17.2,1018.4,80.94
1957-03-01T18:00:00,42410099999,GUWAHATI INTL / LOKPRIYA GOPINATH BORDOLOI INTL,26.1,91.583,15.0,1013.4,93.14
1957-03-02T18:00:00,42410099999,GUWAHATI INTL / LOKPRIYA GOPINATH BORDOLOI INTL,26.1,91.583,17.8,1012.4,83.68
1957-03-03T03:00:00,42410099999,GUWAHATI INTL / LOKPRIYA GOPINATH BORDOLOI INTL,26.1,91.583,18.9,1015.0,83.8
1957-03-03T18:00:00,42410099999,GUWAHATI INTL / LOKPRIYA GOPINATH BORDOLOI INTL,26.1,91.583,16.1,1013.2,86.8
1957-03-04T03:00:00,42410099999,GUWAHATI INTL / LOKPRIYA GOPINATH BORDOLOI INTL,26.1,91.583,18.9,1015.1,78.1
1957-03-04T12:00:00,42410099999,GUWAHATI INTL / LOKPRIYA GOPINATH BORDOLOI INTL,26.1,91.583,17.2,1011.9,80.94
1957-03-05T03:00:00,42410099999,GUWAHATI INTL / LOKPRIYA GOPINATH BORDOLOI INTL,26.1,91.583,21.1,1014.5,68.16
1957-03-06T03:00:00,42410099999,GUWAHATI INTL / LOKPRIYA GOPINATH BORDOLOI INTL,26.1,91.583,18.9,1011.2,89.87
1957-03-06T18:00:00,42410099999,GUWAHATI INTL / LOKPRIYA GOPINATH BORDOLOI INTL,26.1,91.583,17.2,1010.7,93.25
1957-03-07T03:00:00,42410099999,GUWAHATI INTL / LOKPRIYA GOPINATH BORDOLOI INTL,26.1,91.583,22.2,1013.3,81.59
1957-03-08T03:00:00,42410099999,GUWAHATI INTL / LOKPRIYA GOPINATH BORDOLOI INTL,26.1,91.583,21.1,1015.6,63.48
1957-03-08T18:00:00,42410099999,GUWAHATI INTL / LOKPRIYA GOPINATH BORDOLOI INTL,26.1,91.583,17.2,1012.1,80.94
1957-03-09T03:00:00,42410099999,GUWAHATI INTL / LOKPRIYA GOPINATH BORDOLOI INTL,26.1,91.583,22.2,1013.8,59.35
1957-03-09T18:00:00,42410099999,GUWAHATI INTL / LOKPRIYA GOPINATH BORDOLOI INTL,26.1,91.583,17.2,1014.0,80.94
1957-03-10T03:00:00,42410099999,GUWAHATI INTL / LOKPRIYA GOPINATH BORDOLOI INTL,26.1,91.583,21.1,1015.4,63.48
1957-03-10T18:00:00,42410099999,GUWAHATI INTL / LOKPRIYA GOPINATH BORDOLOI INTL,26.1,91.583,17.2,1011.6,75.35
1957-03-11T03:00:00,42410099999,GUWAHATI INTL / LOKPRIYA GOPINATH BORDOLOI INTL,26.1,91.583,21.1,1013.3,68.16
1957-03-11T18:00:00,42410099999,GUWAHATI INTL / LOKPRIYA GOPINATH BORDOLOI INTL,26.1,91.583,17.2,1011.4,86.91
1957-03-12T03:00:00,42410099999,GUWAHATI INTL / LOKPRIYA GOPINATH BORDOLOI INTL,26.1,91.583,21.1,1012.7,73.13
1957-03-13T03:00:00,42410099999,GUWAHATI INTL / LOKPRIYA GOPINATH BORDOLOI INTL,26.1,91.583,20.0,1013.5,78.26
1957-03-13T18:00:00,42410099999,GUWAHATI INTL / LOKPRIYA GOPINATH BORDOLOI INTL,26.1,91.583,18.9,1011.9,60.54
1957-03-14T03:00:00,42410099999,GUWAHATI INTL / LOKPRIYA GOPINATH BORDOLOI INTL,26.1,91.583,20.0,1014.8,63.24
1957-03-14T18:00:00,42410099999,GUWAHATI INTL / LOKPRIYA GOPINATH BORDOLOI INTL,26.1,91.583,13.9,1014.2,89.49
1957-03-15T03:00:00,42410099999,GUWAHATI INTL / LOKPRIYA GOPINATH BORDOLOI INTL,26.1,91.583,18.9,1017.7,72.74
1957-03-15T18:00:00,42410099999,GUWAHATI INTL / LOKPRIYA GOPINATH BORDOLOI INTL,26.1,91.583,17.2,1014.2,75.35
1957-03-16T03:00:00,42410099999,GUWAHATI INTL / LOKPRIYA GOPINATH BORDOLOI INTL,26.1,91.583,20.0,1015.0,67.93
1957-03-16T18:00:00,42410099999,GUWAHATI INTL / LOKPRIYA GOPINATH BORDOLOI INTL,26.1,91.583,17.2,1014.5,80.94
1957-03-17T03:00:00,42410099999,GUWAHATI INTL / LOKPRIYA GOPINATH BORDOLOI INTL,26.1,91.583,22.2,1016.5,59.35
1957-03-17T18:00:00,42410099999,GUWAHATI INTL / LOKPRIYA GOPINATH BORDOLOI INTL,26.1,91.583,27.8,1013.6,42.5
1957-03-18T03:00:00,42410099999,GUWAHATI INTL / LOKPRIYA GOPINATH BORDOLOI INTL,26.1,91.583,22.2,1015.3,81.59
1957-03-19T03:00:00,42410099999,GUWAHATI INTL / LOKPRIYA GOPINATH BORDOLOI INTL,26.1,91.583,23.9,1013.1,66.16
1957-03-19T18:00:00,42410099999,GUWAHATI INTL / LOKPRIYA GOPINATH BORDOLOI INTL,26.1,91.583,22.8,1010.8,70.7
1957-03-20T03:00:00,42410099999,GUWAHATI INTL / LOKPRIYA GOPINATH BORDOLOI INTL,26.1,91.583,23.9,1013.8,66.16
1957-03-21T03:00:00,42410099999,GUWAHATI INTL / LOKPRIYA GOPINATH BORDOLOI INTL,26.1,91.583,25.0,1013.1,68.92
1957-03-21T18:00:00,42410099999,GUWAHATI INTL / LOKPRIYA GOPINATH BORDOLOI INTL,26.1,91.583,22.2,1010.4,81.59
1957-03-22T03:00:00,42410099999,GUWAHATI INTL / LOKPRIYA GOPINATH BORDOLOI INTL,26.1,91.583,26.1,1012.3,69.14
1957-03-22T18:00:00,42410099999,GUWAHATI INTL / LOKPRIYA GOPINATH BORDOLOI INTL,26.1,91.583,27.8,1009.8,32.87
1957-03-23T03:00:00,42410099999,GUWAHATI INTL / LOKPRIYA GOPINATH BORDOLOI INTL,26.1,91.583,26.1,1010.1,46.97
1957-03-24T03:00:00,42410099999,GUWAHATI INTL / LOKPRIYA GOPINATH BORDOLOI INTL,26.1,91.583,26.1,1011.2,43.72
1957-03-25T03:00:00,42410099999,GUWAHATI INTL / LOKPRIYA GOPINATH BORDOLOI INTL,26.1,91.583,25.0,1011.3,64.33
1957-03-26T03:00:00,42410099999,GUWAHATI INTL / LOKPRIYA GOPINATH BORDOLOI INTL,26.1,91.583,26.1,1012.2,54.11
1957-03-26T18:00:00,42410099999,GUWAHATI INTL / LOKPRIYA GOPINATH BORDOLOI INTL,26.1,91.583,18.9,1011.9,72.74
1957-03-27T03:00:00,42410099999,GUWAHATI INTL / LOKPRIYA GOPINATH BORDOLOI INTL,26.1,91.583,22.8,1013.2,70.7
1957-03-28T03:00:00,42410099999,GUWAHATI INTL / LOKPRIYA GOPINATH BORDOLOI INTL,26.1,91.583,22.8,1014.1,70.7
1957-03-28T18:00:00,42410099999,GUWAHATI INTL / LOKPRIYA GOPINATH BORDOLOI INTL,26.1,91.583,17.8,1012.2,77.94
1957-03-29T03:00:00,42410099999,GUWAHATI INTL / LOKPRIYA GOPINATH BORDOLOI INTL,26.1,91.583,23.9,1014.2,53.55
1957-03-30T03:00:00,42410099999,GUWAHATI INTL / LOKPRIYA GOPINATH BORDOLOI INTL,26.1,91.583,23.9,1014.1,57.49
1957-03-30T18:00:00,42410099999,GUWAHATI INTL / LOKPRIYA GOPINATH BORDOLOI INTL,26.1,91.583,22.2,1012.9,63.72
1957-03-31T03:00:00,42410099999,GUWAHATI INTL / LOKPRIYA GOPINATH BORDOLOI INTL,26.1,91.583,23.9,1013.0,66.16
1957-03-31T18:00:00,42410099999,GUWAHATI INTL / LOKPRIYA GOPINATH BORDOLOI INTL,26.1,91.583,18.9,1010.2,93.34
1957-04-01T03:00:00,42410099999,GUWAHATI INTL / LOKPRIYA GOPINATH BORDOLOI INTL,26.1,91.583,21.1,1012.3,78.42
1957-04-02T03:00:00,42410099999,GUWAHATI INTL / LOKPRIYA GOPINATH BORDOLOI INTL,26.1,91.583,22.8,1014.5,65.93
1957-04-03T03:00:00,42410099999,GUWAHATI INTL / LOKPRIYA GOPINATH BORDOLOI INTL,26.1,91.583,26.1,1014.2,54.11
1957-04-04T03:00:00,42410099999,GUWAHATI INTL / LOKPRIYA GOPINATH BORDOLOI INTL,26.1,91.583,25.0,1013.6,61.94
1957-04-04T18:00:00,42410099999,GUWAHATI INTL / LOKPRIYA GOPINATH BORDOLOI INTL,26.1,91.583,21.1,1008.9,68.16
1957-04-05T03:00:00,42410099999,GUWAHATI INTL / LOKPRIYA GOPINATH BORDOLOI INTL,26.1,91.583,25.0,1010.5,61.94
1957-04-06T03:00:00,42410099999,GUWAHATI INTL / LOKPRIYA GOPINATH BORDOLOI INTL,26.1,91.583,26.1,1012.1,54.11
1957-04-06T18:00:00,42410099999,GUWAHATI INTL / LOKPRIYA GOPINATH BORDOLOI INTL,26.1,91.583,25.0,1010.8,61.94
1957-04-07T03:00:00,42410099999,GUWAHATI INTL / LOKPRIYA GOPINATH BORDOLOI INTL,26.1,91.583,27.2,1014.1,56.48
1957-04-08T03:00:00,42410099999,GUWAHATI INTL / LOKPRIYA GOPINATH BORDOLOI INTL,26.1,91.583,26.1,1011.6,64.57
1957-04-09T18:00:00,42410099999,GUWAHATI INTL / LOKPRIYA GOPINATH BORDOLOI INTL,26.1,91.583,21.1,1009.6,52.83
1957-04-10T03:00:00,42410099999,GUWAHATI INTL / LOKPRIYA GOPINATH BORDOLOI INTL,26.1,91.583,26.1,1011.1,50.43
1957-04-10T18:00:00,42410099999,GUWAHATI INTL / LOKPRIYA GOPINATH BORDOLOI INTL,26.1,91.583,21.1,1009.4,49.1
1957-04-11T03:00:00,42410099999,GUWAHATI INTL / LOKPRIYA GOPINATH BORDOLOI INTL,26.1,91.583,25.0,1011.5,53.83
1957-04-11T18:00:00,42410099999,GUWAHATI INTL / LOKPRIYA GOPINATH BORDOLOI INTL,26.1,91.583,23.9,1009.1,57.49
1957-04-12T03:00:00,42410099999,GUWAHATI INTL / LOKPRIYA GOPINATH BORDOLOI INTL,26.1,91.583,27.2,1010.9,50.71
1957-04-13T03:00:00,42410099999,GUWAHATI INTL / LOKPRIYA GOPINATH BORDOLOI INTL,26.1,91.583,27.2,1009.7,47.26
1957-04-13T18:00:00,42410099999,GUWAHATI INTL / LOKPRIYA GOPINATH BORDOLOI INTL,26.1,91.583,23.9,1007.1,68.71
1957-04-14T03:00:00,42410099999,GUWAHATI INTL / LOKPRIYA GOPINATH BORDOLOI INTL,26.1,91.583,27.2,1007.5,60.52
1957-04-16T03:00:00,42410099999,GUWAHATI INTL / LOKPRIYA GOPINATH BORDOLOI INTL,26.1,91.583,22.2,1010.7,93.5
1957-04-16T18:00:00,42410099999,GUWAHATI INTL / LOKPRIYA GOPINATH BORDOLOI INTL,26.1,91.583,22.2,1006.2,81.59
1957-04-17T03:00:00,42410099999,GUWAHATI INTL / LOKPRIYA GOPINATH BORDOLOI INTL,26.1,91.583,22.8,1008.4,84.24
1957-04-18T03:00:00,42410099999,GUWAHATI INTL / LOKPRIYA GOPINATH BORDOLOI INTL,26.1,91.583,25.0,1004.9,73.8
1957-04-19T03:00:00,42410099999,GUWAHATI INTL / LOKPRIYA GOPINATH BORDOLOI INTL,26.1,91.583,25.0,1003.8,68.92
1957-04-19T18:00:00,42410099999,GUWAHATI INTL / LOKPRIYA GOPINATH BORDOLOI INTL,26.1,91.583,32.2,1004.2,45.37
1957-04-20T03:00:00,42410099999,GUWAHATI INTL / LOKPRIYA GOPINATH BORDOLOI INTL,26.1,91.583,25.0,1004.1,68.92
1957-04-21T03:00:00,42410099999,GUWAHATI INTL / LOKPRIYA GOPINATH BORDOLOI INTL,26.1,91.583,28.9,1005.1,54.81
1957-04-23T03:00:00,42410099999,GUWAHATI INTL / LOKPRIYA GOPINATH BORDOLOI INTL,26.1,91.583,27.8,1006.5,58.43
1957-04-23T18:00:00,42410099999,GUWAHATI INTL / LOKPRIYA GOPINATH BORDOLOI INTL,26.1,91.583,25.0,1006.0,68.92
1957-04-24T03:00:00,42410099999,GUWAHATI INTL / LOKPRIYA GOPINATH BORDOLOI INTL,26.1,91.583,26.1,1009.3,64.57
1957-04-24T18:00:00,42410099999,GUWAHATI INTL / LOKPRIYA GOPINATH BORDOLOI INTL,26.1,91.583,22.2,1007.6,81.59
1957-04-25T03:00:00,42410099999,GUWAHATI INTL / LOKPRIYA GOPINATH BORDOLOI INTL,26.1,91.583,23.9,1010.2,73.62
1957-04-26T03:00:00,42410099999,GUWAHATI INTL / LOKPRIYA GOPINATH BORDOLOI INTL,26.1,91.583,23.9,1009.0,84.36
1957-04-26T18:00:00,42410099999,GUWAHATI INTL / LOKPRIYA GOPINATH BORDOLOI INTL,26.1,91.583,22.8,1006.7,96.42
1957-04-27T03:00:00,42410099999,GUWAHATI INTL / LOKPRIYA GOPINATH BORDOLOI INTL,26.1,91.583,26.1,1007.8,73.99
1957-04-27T18:00:00,42410099999,GUWAHATI INTL / LOKPRIYA GOPINATH BORDOLOI INTL,26.1,91.583,23.9,1004.2,90.23
1957-04-28T03:00:00,42410099999,GUWAHATI INTL / LOKPRIYA GOPINATH BORDOLOI INTL,26.1,91.583,26.1,1007.7,73.99
1957-04-28T18:00:00,42410099999,GUWAHATI INTL / LOKPRIYA GOPINATH BORDOLOI INTL,26.1,91.583,26.1,1006.3,82.07
1957-04-29T03:00:00,42410099999,GUWAHATI INTL / LOKPRIYA GOPINATH BORDOLOI INTL,26.1,91.583,27.8,1008.3,71.61
1957-04-29T18:00:00,42410099999,GUWAHATI INTL / LOKPRIYA GOPINATH BORDOLOI INTL,26.1,91.583,32.2,1009.7,42.35
1957-04-30T03:00:00,42410099999,GUWAHATI INTL / LOKPRIYA GOPINATH BORDOLOI INTL,26.1,91.583,23.9,1011.5,68.71
1957-05-01T03:00:00,42410099999,GUWAHATI INTL / LOKPRIYA GOPINATH BORDOLOI INTL,26.1,91.583,26.1,1009.7,64.57
1957-05-01T18:00:00,42410099999,GUWAHATI INTL / LOKPRIYA GOPINATH BORDOLOI INTL,26.1,91.583,26.1,1006.4,73.99
1957-05-02T03:00:00,42410099999,GUWAHATI INTL / LOKPRIYA GOPINATH BORDOLOI INTL,26.1,91.583,27.2,1008.0,74.17
1957-05-03T03:00:00,42410099999,GUWAHATI INTL / LOKPRIYA GOPINATH BORDOLOI INTL,26.1,91.583,22.2,1010.1,100.0
1957-05-03T18:00:00,42410099999,GUWAHATI INTL / LOKPRIYA GOPINATH BORDOLOI INTL,26.1,91.583,22.2,1009.1,93.5
1957-05-04T03:00:00,42410099999,GUWAHATI INTL / LOKPRIYA GOPINATH BORDOLOI INTL,26.1,91.583,25.0,1008.4,78.98
1957-05-05T03:00:00,42410099999,GUWAHATI INTL / LOKPRIYA GOPINATH BORDOLOI INTL,26.1,91.583,22.2,1006.2,93.5
1957-05-06T03:00:00,42410099999,GUWAHATI INTL / LOKPRIYA GOPINATH BORDOLOI INTL,26.1,91.583,22.2,1003.9,93.5
1957-05-07T03:00:00,42410099999,GUWAHATI INTL / LOKPRIYA GOPINATH BORDOLOI INTL,26.1,91.583,27.2,1004.5,76.92
1957-05-07T18:00:00,42410099999,GUWAHATI INTL / LOKPRIYA GOPINATH BORDOLOI INTL,26.1,91.583,23.9,1002.4,90.23
1957-05-08T03:00:00,42410099999,GUWAHATI INTL / LOKPRIYA GOPINATH BORDOLOI INTL,26.1,91.583,28.9,1004.8,69.67
1957-05-09T03:00:00,42410099999,GUWAHATI INTL / LOKPRIYA GOPINATH BORDOLOI INTL,26.1,91.583,28.9,1006.9,74.45
1957-05-09T18:00:00,42410099999,GUWAHATI INTL / LOKPRIYA GOPINATH BORDOLOI INTL,26.1,91.583,22.8,1008.4,84.24
1957-05-10T03:00:00,42410099999,GUWAHATI INTL / LOKPRIYA GOPINATH BORDOLOI INTL,26.1,91.583,25.0,1011.1,78.98
1957-05-10T18:00:00,42410099999,GUWAHATI INTL / LOKPRIYA GOPINATH BORDOLOI INTL,26.1,91.583,22.2,1008.9,93.5
1957-05-11T03:00:00,42410099999,GUWAHATI INTL / LOKPRIYA GOPINATH BORDOLOI INTL,26.1,91.583,23.9,1009.9,84.36
1957-05-12T03:00:00,42410099999,GUWAHATI INTL / LOKPRIYA GOPINATH BORDOLOI INTL,26.1,91.583,22.8,1007.8,96.42
1957-05-12T18:00:00,42410099999,GUWAHATI INTL / LOKPRIYA GOPINATH BORDOLOI INTL,26.1,91.583,26.1,1001.5,87.71
1957-05-13T03:00:00,42410099999,GUWAHATI INTL / LOKPRIYA GOPINATH BORDOLOI INTL,26.1,91.583,28.9,1004.0,67.17
1957-05-13T18:00:00,42410099999,GUWAHATI INTL / LOKPRIYA GOPINATH BORDOLOI INTL,26.1,91.583,27.8,1003.0,79.37
1957-05-14T03:00:00,42410099999,GUWAHATI INTL / LOKPRIYA GOPINATH BORDOLOI INTL,26.1,91.583,27.8,1006.5,74.27
1957-05-15T03:00:00,42410099999,GUWAHATI INTL / LOKPRIYA GOPINATH BORDOLOI INTL,26.1,91.583,28.9,1004.0,62.8
1957-05-15T18:00:00,42410099999,GUWAHATI INTL / LOKPRIYA GOPINATH BORDOLOI INTL,26.1,91.583,26.1,1002.5,82.07
1957-05-16T03:00:00,42410099999,GUWAHATI INTL / LOKPRIYA GOPINATH BORDOLOI INTL,26.1,91.583,27.2,1005.6,74.17
1957-05-17T03:00:00,42410099999,GUWAHATI INTL / LOKPRIYA GOPINATH BORDOLOI INTL,26.1,91.583,27.2,1006.1,74.17
1957-05-18T03:00:00,42410099999,GUWAHATI INTL / LOKPRIYA GOPINATH BORDOLOI INTL,26.1,91.583,25.0,1008.0,73.8
1957-05-19T03:00:00,42410099999,GUWAHATI INTL / LOKPRIYA GOPINATH BORDOLOI INTL,26.1,91.583,23.9,1006.4,90.23
1957-05-20T03:00:00,42410099999,GUWAHATI INTL / LOKPRIYA GOPINATH BORDOLOI INTL,26.1,91.583,25.0,1005.0,78.98
1957-05-21T03:00:00,42410099999,GUWAHATI INTL / LOKPRIYA GOPINATH BORDOLOI INTL,26.1,91.583,27.2,1003.7,76.92
1957-05-22T03:00:00,42410099999,GUWAHATI INTL / LOKPRIYA GOPINATH BORDOLOI INTL,26.1,91.583,27.2,1007.8,69.35
1957-05-23T03:00:00,42410099999,GUWAHATI INTL / LOKPRIYA GOPINATH BORDOLOI INTL,26.1,91.583,27.8,1006.9,79.37
1957-05-23T18:00:00,42410099999,GUWAHATI INTL / LOKPRIYA GOPINATH BORDOLOI INTL,26.1,91.583,27.2,1003.2,82.2
1957-05-24T03:00:00,42410099999,GUWAHATI INTL / LOKPRIYA GOPINATH BORDOLOI INTL,26.1,91.583,27.2,1006.2,82.2
1957-05-24T18:00:00,42410099999,GUWAHATI INTL / LOKPRIYA GOPINATH BORDOLOI INTL,26.1,91.583,27.8,1001.4,74.27
1957-05-25T03:00:00,42410099999,GUWAHATI INTL / LOKPRIYA GOPINATH BORDOLOI INTL,26.1,91.583,28.9,1006.6,79.52
1957-05-26T03:00:00,42410099999,GUWAHATI INTL / LOKPRIYA GOPINATH BORDOLOI INTL,26.1,91.583,28.9,1005.7,84.88
1957-05-27T03:00:00,42410099999,GUWAHATI INTL / LOKPRIYA GOPINATH BORDOLOI INTL,26.1,91.583,28.9,1001.6,79.52
1957-05-27T18:00:00,42410099999,GUWAHATI INTL / LOKPRIYA GOPINATH BORDOLOI INTL,26.1,91.583,27.2,1000.1,93.73
1957-05-28T03:00:00,42410099999,GUWAHATI INTL / LOKPRIYA GOPINATH BORDOLOI INTL,26.1,91.583,28.9,1004.0,74.45
1957-05-29T03:00:00,42410099999,GUWAHATI INTL / LOKPRIYA GOPINATH BORDOLOI INTL,26.1,91.583,36.1,1005.3,41.83
1957-05-30T03:00:00,42410099999,GUWAHATI INTL / LOKPRIYA GOPINATH BORDOLOI INTL,26.1,91.583,22.2,1002.8,93.5
1957-05-31T03:00:00,42410099999,GUWAHATI INTL / LOKPRIYA GOPINATH BORDOLOI INTL,26.1,91.583,25.0,1002.9,78.98
1957-06-01T03:00:00,42410099999,GUWAHATI INTL / LOKPRIYA GOPINATH BORDOLOI INTL,26.1,91.583,27.2,1005.0,74.17
1957-06-01T18:00:00,42410099999,GUWAHATI INTL / LOKPRIYA GOPINATH BORDOLOI INTL,26.1,91.583,30.0,1006.3,69.87
1957-06-02T03:00:00,42410099999,GUWAHATI INTL / LOKPRIYA GOPINATH BORDOLOI INTL,26.1,91.583,26.1,1008.3,82.07
1957-06-02T18:00:00,42410099999,GUWAHATI INTL / LOKPRIYA GOPINATH BORDOLOI INTL,26.1,91.583,27.2,1006.4,74.17
1957-06-03T03:00:00,42410099999,GUWAHATI INTL / LOKPRIYA GOPINATH BORDOLOI INTL,26.1,91.583,30.0,1006.1,69.87
1957-06-04T03:00:00,42410099999,GUWAHATI INTL / LOKPRIYA GOPINATH BORDOLOI INTL,26.1,91.583,28.9,1001.8,74.45
1957-06-05T03:00:00,42410099999,GUWAHATI INTL / LOKPRIYA GOPINATH BORDOLOI INTL,26.1,91.583,23.9,1000.6,100.0
1957-06-07T03:00:00,42410099999,GUWAHATI INTL / LOKPRIYA GOPINATH BORDOLOI INTL,26.1,91.583,22.8,1002.3,100.0
1957-06-08T03:00:00,42410099999,GUWAHATI INTL / LOKPRIYA GOPINATH BORDOLOI INTL,26.1,91.583,27.8,1004.6,79.37
1957-06-09T03:00:00,42410099999,GUWAHATI INTL / LOKPRIYA GOPINATH BORDOLOI INTL,26.1,91.583,27.2,1003.4,82.2
1957-06-10T03:00:00,42410099999,GUWAHATI INTL / LOKPRIYA GOPINATH BORDOLOI INTL,26.1,91.583,30.0,1000.3,69.87
1957-06-11T03:00:00,42410099999,GUWAHATI INTL / LOKPRIYA GOPINATH BORDOLOI INTL,26.1,91.583,30.0,999.5,69.87
1957-06-12T03:00:00,42410099999,GUWAHATI INTL / LOKPRIYA GOPINATH BORDOLOI INTL,26.1,91.583,31.1,999.8,70.08
1957-06-12T18:00:00,42410099999,GUWAHATI INTL / LOKPRIYA GOPINATH BORDOLOI INTL,26.1,91.583,26.1,999.3,87.71
1957-06-13T03:00:00,42410099999,GUWAHATI INTL / LOKPRIYA GOPINATH BORDOLOI INTL,26.1,91.583,30.0,1001.4,74.63
1957-06-14T03:00:00,42410099999,GUWAHATI INTL / LOKPRIYA GOPINATH BORDOLOI INTL,26.1,91.583,28.9,1002.5,74.45
1957-06-14T18:00:00,42410099999,GUWAHATI INTL / LOKPRIYA GOPINATH BORDOLOI INTL,26.1,91.583,27.8,999.2,90.49
1957-06-15T03:00:00,42410099999,GUWAHATI INTL / LOKPRIYA GOPINATH BORDOLOI INTL,26.1,91.583,27.8,1002.1,74.27
1957-06-16T03:00:00,42410099999,GUWAHATI INTL / LOKPRIYA GOPINATH BORDOLOI INTL,26.1,91.583,27.2,1003.2,87.8
1957-06-16T18:00:00,42410099999,GUWAHATI INTL / LOKPRIYA GOPINATH BORDOLOI INTL,26.1,91.583,25.0,1001.5,93.63
1957-06-17T03:00:00,42410099999,GUWAHATI INTL / LOKPRIYA GOPINATH BORDOLOI INTL,26.1,91.583,27.8,1002.4,84.77
1957-06-19T03:00:00,42410099999,GUWAHATI INTL / LOKPRIYA GOPINATH BORDOLOI INTL,26.1,91.583,27.2,1001.4,82.2
1957-06-20T03:00:00,42410099999,GUWAHATI INTL / LOKPRIYA GOPINATH BORDOLOI INTL,26.1,91.583,26.1,1005.1,87.71
1957-06-20T18:00:00,42410099999,GUWAHATI INTL / LOKPRIYA GOPINATH BORDOLOI INTL,26.1,91.583,26.1,1004.3,93.68
1957-06-21T03:00:00,42410099999,GUWAHATI INTL / LOKPRIYA GOPINATH BORDOLOI INTL,26.1,91.583,23.9,1007.5,93.58
1957-06-23T03:00:00,42410099999,GUWAHATI INTL / LOKPRIYA GOPINATH BORDOLOI INTL,26.1,91.583,27.2,1009.0,93.73
1957-06-24T03:00:00,42410099999,GUWAHATI INTL / LOKPRIYA GOPINATH BORDOLOI INTL,26.1,91.583,27.8,1004.9,90.49
1957-06-25T03:00:00,42410099999,GUWAHATI INTL / LOKPRIYA GOPINATH BORDOLOI INTL,26.1,91.583,27.2,1004.1,93.73
1957-06-26T03:00:00,42410099999,GUWAHATI INTL / LOKPRIYA GOPINATH BORDOLOI INTL,26.1,91.583,23.9,1003.6,93.58
1957-06-27T03:00:00,42410099999,GUWAHATI INTL / LOKPRIYA GOPINATH BORDOLOI INTL,26.1,91.583,27.2,1002.2,87.8
1957-06-28T03:00:00,42410099999,GUWAHATI INTL / LOKPRIYA GOPINATH BORDOLOI INTL,26.1,91.583,26.1,1000.4,93.68
1957-06-29T03:00:00,42410099999,GUWAHATI INTL / LOKPRIYA GOPINATH BORDOLOI INTL,26.1,91.583,27.8,999.6,90.49
1957-06-29T18:00:00,42410099999,GUWAHATI INTL / LOKPRIYA GOPINATH BORDOLOI INTL,26.1,91.583,27.2,998.4,93.73
1957-06-30T03:00:00,42410099999,GUWAHATI INTL / LOKPRIYA GOPINATH BORDOLOI INTL,26.1,91.583,27.8,998.5,79.37
1957-07-01T00:00:00,42410099999,GUWAHATI INTL / LOKPRIYA GOPINATH BORDOLOI INTL,26.1,91.583,26.1,996.0,93.68
1957-07-01T03:00:00,42410099999,GUWAHATI INTL / LOKPRIYA GOPINATH BORDOLOI INTL,26.1,91.583,27.2,1000.9,87.8
1957-07-01T06:00:00,42410099999,GUWAHATI INTL / LOKPRIYA GOPINATH BORDOLOI INTL,26.1,91.583,30.0,995.9,79.67
1957-07-01T18:00:00,42410099999,GUWAHATI INTL / LOKPRIYA GOPINATH BORDOLOI INTL,26.1,91.583,27.2,997.0,93.73
1957-07-02T00:00:00,42410099999,GUWAHATI INTL / LOKPRIYA GOPINATH BORDOLOI INTL,26.1,91.583,27.2,996.3,93.73
1957-07-02T03:00:00,42410099999,GUWAHATI INTL / LOKPRIYA GOPINATH BORDOLOI INTL,26.1,91.583,27.8,997.8,90.49
1957-07-02T06:00:00,42410099999,GUWAHATI INTL / LOKPRIYA GOPINATH BORDOLOI INTL,26.1,91.583,31.1,996.8,74.8
1957-07-02T18:00:00,42410099999,GUWAHATI INTL / LOKPRIYA GOPINATH BORDOLOI INTL,26.1,91.583,28.9,996.2,90.57
1957-07-03T00:00:00,42410099999,GUWAHATI INTL / LOKPRIYA GOPINATH BORDOLOI INTL,26.1,91.583,27.8,997.0,90.49
1957-07-03T06:00:00,42410099999,GUWAHATI INTL / LOKPRIYA GOPINATH BORDOLOI INTL,26.1,91.583,33.9,996.7,63.87
1957-07-03T18:00:00,42410099999,GUWAHATI INTL / LOKPRIYA GOPINATH BORDOLOI INTL,26.1,91.583,27.8,999.2,90.49
1957-07-04T00:00:00,42410099999,GUWAHATI INTL / LOKPRIYA GOPINATH BORDOLOI INTL,26.1,91.583,26.1,1000.5,93.68
1957-07-04T03:00:00,42410099999,GUWAHATI INTL / LOKPRIYA GOPINATH BORDOLOI INTL,26.1,91.583,27.2,1001.7,93.73
1957-07-04T06:00:00,42410099999,GUWAHATI INTL / LOKPRIYA GOPINATH BORDOLOI INTL,26.1,91.583,31.1,1000.3,74.8
1957-07-04T18:00:00,42410099999,GUWAHATI INTL / LOKPRIYA GOPINATH BORDOLOI INTL,26.1,91.583,27.2,1000.4,87.8
1957-07-05T00:00:00,42410099999,GUWAHATI INTL / LOKPRIYA GOPINATH BORDOLOI INTL,26.1,91.583,26.1,999.6,87.71
1957-07-05T03:00:00,42410099999,GUWAHATI INTL / LOKPRIYA GOPINATH BORDOLOI INTL,26.1,91.583,28.9,1000.4,74.45
1957-07-05T06:00:00,42410099999,GUWAHATI INTL / LOKPRIYA GOPINATH BORDOLOI INTL,26.1,91.583,32.2,999.6,61.64
1957-07-05T18:00:00,42410099999,GUWAHATI INTL / LOKPRIYA GOPINATH BORDOLOI INTL,26.1,91.583,27.8,998.0,90.49
1957-07-06T00:00:00,42410099999,GUWAHATI INTL / LOKPRIYA GOPINATH BORDOLOI INTL,26.1,91.583,27.2,997.5,87.8
1957-07-06T03:00:00,42410099999,GUWAHATI INTL / LOKPRIYA GOPINATH BORDOLOI INTL,26.1,91.583,30.0,998.4,69.87
1957-07-06T06:00:00,42410099999,GUWAHATI INTL / LOKPRIYA GOPINATH BORDOLOI INTL,26.1,91.583,31.1,997.8,74.8
1957-07-06T18:00:00,42410099999,GUWAHATI INTL / LOKPRIYA GOPINATH BORDOLOI INTL,26.1,91.583,27.8,999.2,90.49
1957-07-07T00:00:00,42410099999,GUWAHATI INTL / LOKPRIYA GOPINATH BORDOLOI INTL,26.1,91.583,27.2,999.1,93.73
1957-07-07T03:00:00,42410099999,GUWAHATI INTL / LOKPRIYA GOPINATH BORDOLOI INTL,26.1,91.583,30.0,1000.7,74.63
1957-07-07T06:00:00,42410099999,GUWAHATI INTL / LOKPRIYA GOPINATH BORDOLOI INTL,26.1,91.583,32.2,999.8,70.28
1957-07-07T18:00:00,42410099999,GUWAHATI INTL / LOKPRIYA GOPINATH BORDOLOI INTL,26.1,91.583,27.2,1002.9,93.73
1957-07-08T00:00:00,42410099999,GUWAHATI INTL / LOKPRIYA GOPINATH BORDOLOI INTL,26.1,91.583,26.1,1002.3,100.0
1957-07-08T03:00:00,42410099999,GUWAHATI INTL / LOKPRIYA GOPINATH BORDOLOI INTL,26.1,91.583,27.2,1004.1,100.0
1957-07-08T06:00:00,42410099999,GUWAHATI INTL / LOKPRIYA GOPINATH BORDOLOI INTL,26.1,91.583,28.9,1003.5,84.88
1957-07-08T18:00:00,42410099999,GUWAHATI INTL / LOKPRIYA GOPINATH BORDOLOI INTL,26.1,91.583,27.8,1002.5,90.49
1957-07-09T00:00:00,42410099999,GUWAHATI INTL / LOKPRIYA GOPINATH BORDOLOI INTL,26.1,91.583,26.1,1001.3,100.0
1957-07-09T03:00:00,42410099999,GUWAHATI INTL / LOKPRIYA GOPINATH BORDOLOI INTL,26.1,91.583,26.1,1002.0,93.68
1957-07-09T06:00:00,42410099999,GUWAHATI INTL / LOKPRIYA GOPINATH BORDOLOI INTL,26.1,91.583,27.2,1001.2,93.73
1957-07-09T18:00:00,42410099999,GUWAHATI INTL / LOKPRIYA GOPINATH BORDOLOI INTL,26.1,91.583,26.1,1001.1,100.0
1957-07-10T00:00:00,42410099999,GUWAHATI INTL / LOKPRIYA GOPINATH BORDOLOI INTL,26.1,91.583,26.1,1000.4,100.0
1957-07-10T03:00:00,42410099999,GUWAHATI INTL / LOKPRIYA GOPINATH BORDOLOI INTL,26.1,91.583,27.2,1001.2,76.92
1957-07-10T06:00:00,42410099999,GUWAHATI INTL / LOKPRIYA GOPINATH BORDOLOI INTL,26.1,91.583,27.2,1000.8,93.73
1957-07-10T18:00:00,42410099999,GUWAHATI INTL / LOKPRIYA GOPINATH BORDOLOI INTL,26.1,91.583,30.0,1001.0,69.87
1957-07-11T00:00:00,42410099999,GUWAHATI INTL / LOKPRIYA GOPINATH BORDOLOI INTL,26.1,91.583,27.2,999.9,93.73
1957-07-11T03:00:00,42410099999,GUWAHATI INTL / LOKPRIYA GOPINATH BORDOLOI INTL,26.1,91.583,28.9,1000.5,84.88
1957-07-11T06:00:00,42410099999,GUWAHATI INTL / LOKPRIYA GOPINATH BORDOLOI INTL,26.1,91.583,31.1,999.8,70.08
1957-07-11T18:00:00,42410099999,GUWAHATI INTL / LOKPRIYA GOPINATH BORDOLOI INTL,26.1,91.583,27.2,1000.0,93.73
1957-07-12T00:00:00,42410099999,GUWAHATI INTL / LOKPRIYA GOPINATH BORDOLOI INTL,26.1,91.583,26.1,1000.2,100.0
1957-07-12T03:00:00,42410099999,GUWAHATI INTL / LOKPRIYA GOPINATH BORDOLOI INTL,26.1,91.583,26.1,1002.3,100.0
1957-07-12T06:00:00,42410099999,GUWAHATI INTL / LOKPRIYA GOPINATH BORDOLOI INTL,26.1,91.583,27.2,1001.4,93.73
1957-07-12T12:00:00,42410099999,GUWAHATI INTL / LOKPRIYA GOPINATH BORDOLOI INTL,26.1,91.583,31.1,998.2,74.8
1957-07-12T18:00:00,42410099999,GUWAHATI INTL / LOKPRIYA GOPINATH BORDOLOI INTL,26.1,91.583,27.2,1001.6,87.8
1957-07-13T00:00:00,42410099999,GUWAHATI INTL / LOKPRIYA GOPINATH BORDOLOI INTL,26.1,91.583,25.0,1002.5,93.63
1957-07-13T03:00:00,42410099999,GUWAHATI INTL / LOKPRIYA GOPINATH BORDOLOI INTL,26.1,91.583,26.1,1003.9,100.0
1957-07-13T06:00:00,42410099999,GUWAHATI INTL / LOKPRIYA GOPINATH BORDOLOI INTL,26.1,91.583,28.9,1002.6,74.45
1957-07-13T18:00:00,42410099999,GUWAHATI INTL / LOKPRIYA GOPINATH BORDOLOI INTL,26.1,91.583,27.8,1002.0,90.49
1957-07-14T00:00:00,42410099999,GUWAHATI INTL / LOKPRIYA GOPINATH BORDOLOI INTL,26.1,91.583,26.1,1001.8,93.68
1957-07-14T03:00:00,42410099999,GUWAHATI INTL / LOKPRIYA GOPINATH BORDOLOI INTL,26.1,91.583,28.9,1002.9,84.88
1957-07-14T06:00:00,42410099999,GUWAHATI INTL / LOKPRIYA GOPINATH BORDOLOI INTL,26.1,91.583,32.2,1001.8,61.64
1957-07-14T12:00:00,42410099999,GUWAHATI INTL / LOKPRIYA GOPINATH BORDOLOI INTL,26.1,91.583,32.2,998.3,82.79
1957-07-14T18:00:00,42410099999,GUWAHATI INTL / LOKPRIYA GOPINATH BORDOLOI INTL,26.1,91.583,28.9,1001.0,90.57
1957-07-15T00:00:00,42410099999,GUWAHATI INTL / LOKPRIYA GOPINATH BORDOLOI INTL,26.1,91.583,27.8,1000.7,90.49
1957-07-15T03:00:00,42410099999,GUWAHATI INTL / LOKPRIYA GOPINATH BORDOLOI INTL,26.1,91.583,31.1,1001.3,74.8
1957-07-15T06:00:00,42410099999,GUWAHATI INTL / LOKPRIYA GOPINATH BORDOLOI INTL,26.1,91.583,32.2,1000.1,70.28
1957-07-15T18:00:00,42410099999,GUWAHATI INTL / LOKPRIYA GOPINATH BORDOLOI INTL,26.1,91.583,28.9,999.8,90.57
1957-07-16T00:00:00,42410099999,GUWAHATI INTL / LOKPRIYA GOPINATH BORDOLOI INTL,26.1,91.583,27.8,998.5,96.55
1957-07-16T03:00:00,42410099999,GUWAHATI INTL / LOKPRIYA GOPINATH BORDOLOI INTL,26.1,91.583,30.0,999.1,79.67
1957-07-16T06:00:00,42410099999,GUWAHATI INTL / LOKPRIYA GOPINATH BORDOLOI INTL,26.1,91.583,31.1,998.0,79.81
1957-07-16T18:00:00,42410099999,GUWAHATI INTL / LOKPRIYA GOPINATH BORDOLOI INTL,26.1,91.583,27.8,997.4,90.49
1957-07-17T00:00:00,42410099999,GUWAHATI INTL / LOKPRIYA GOPINATH BORDOLOI INTL,26.1,91.583,27.2,997.1,100.0
1957-07-17T06:00:00,42410099999,GUWAHATI INTL / LOKPRIYA GOPINATH BORDOLOI INTL,26.1,91.583,28.9,997.2,84.88
1957-07-17T18:00:00,42410099999,GUWAHATI INTL / LOKPRIYA GOPINATH BORDOLOI INTL,26.1,91.583,27.2,998.0,93.73
1957-07-18T00:00:00,42410099999,GUWAHATI INTL / LOKPRIYA GOPINATH BORDOLOI INTL,26.1,91.583,27.2,997.2,93.73
1957-07-18T03:00:00,42410099999,GUWAHATI INTL / LOKPRIYA GOPINATH BORDOLOI INTL,26.1,91.583,28.9,998.1,90.57
1957-07-18T06:00:00,42410099999,GUWAHATI INTL / LOKPRIYA GOPINATH BORDOLOI INTL,26.1,91.583,30.0,997.3,74.63
1957-07-18T18:00:00,42410099999,GUWAHATI INTL / LOKPRIYA GOPINATH BORDOLOI INTL,26.1,91.583,27.8,998.3,96.55
1957-07-19T00:00:00,42410099999,GUWAHATI INTL / LOKPRIYA GOPINATH BORDOLOI INTL,26.1,91.583,27.2,998.1,93.73
1957-07-19T03:00:00,42410099999,GUWAHATI INTL / LOKPRIYA GOPINATH BORDOLOI INTL,26.1,91.583,28.9,998.8,84.88
1957-07-19T06:00:00,42410099999,GUWAHATI INTL / LOKPRIYA GOPINATH BORDOLOI INTL,26.1,91.583,31.1,998.0,74.8
1957-07-19T18:00:00,42410099999,GUWAHATI INTL / LOKPRIYA GOPINATH BORDOLOI INTL,26.1,91.583,28.9,997.9,90.57
1957-07-20T00:00:00,42410099999,GUWAHATI INTL / LOKPRIYA GOPINATH BORDOLOI INTL,26.1,91.583,27.8,997.0,96.55
1957-07-20T03:00:00,42410099999,GUWAHATI INTL / LOKPRIYA GOPINATH BORDOLOI INTL,26.1,91.583,28.9,999.1,90.57
1957-07-20T06:00:00,42410099999,GUWAHATI INTL / LOKPRIYA GOPINATH BORDOLOI INTL,26.1,91.583,31.1,998.3,79.81
1957-07-20T18:00:00,42410099999,GUWAHATI INTL / LOKPRIYA GOPINATH BORDOLOI INTL,26.1,91.583,27.8,1000.2,96.55
1957-07-21T00:00:00,42410099999,GUWAHATI INTL / LOKPRIYA GOPINATH BORDOLOI INTL,26.1,91.583,27.2,1000.1,93.73
1957-07-21T03:00:00,42410099999,GUWAHATI INTL / LOKPRIYA GOPINATH BORDOLOI INTL,26.1,91.583,28.9,1000.8,84.88
1957-07-21T06:00:00,42410099999,GUWAHATI INTL / LOKPRIYA GOPINATH BORDOLOI INTL,26.1,91.583,30.0,1001.4,79.67
1957-07-21T18:00:00,42410099999,GUWAHATI INTL / LOKPRIYA GOPINATH BORDOLOI INTL,26.1,91.583,27.2,1005.3,87.8
1957-07-22T00:00:00,42410099999,GUWAHATI INTL / LOKPRIYA GOPINATH BORDOLOI INTL,26.1,91.583,25.0,1006.2,93.63
1957-07-22T03:00:00,42410099999,GUWAHATI INTL / LOKPRIYA GOPINATH BORDOLOI INTL,26.1,91.583,25.0,1007.5,100.0
1957-07-22T06:00:00,42410099999,GUWAHATI INTL / LOKPRIYA GOPINATH BORDOLOI INTL,26.1,91.583,26.1,1006.6,100.0
1957-07-22T18:00:00,42410099999,GUWAHATI INTL / LOKPRIYA GOPINATH BORDOLOI INTL,26.1,91.583,27.2,1007.6,87.8
1957-07-23T00:00:00,42410099999,GUWAHATI INTL / LOKPRIYA GOPINATH BORDOLOI INTL,26.1,91.583,26.1,1006.3,87.71
1957-07-23T03:00:00,42410099999,GUWAHATI INTL / LOKPRIYA GOPINATH BORDOLOI INTL,26.1,91.583,28.9,1006.7,74.45
1957-07-23T06:00:00,42410099999,GUWAHATI INTL / LOKPRIYA GOPINATH BORDOLOI INTL,26.1,91.583,30.0,1005.0,74.63
1957-07-23T18:00:00,42410099999,GUWAHATI INTL / LOKPRIYA GOPINATH BORDOLOI INTL,26.1,91.583,27.2,1004.0,93.73
1957-07-24T00:00:00,42410099999,GUWAHATI INTL / LOKPRIYA GOPINATH BORDOLOI INTL,26.1,91.583,27.2,1003.9,87.8
1957-07-24T03:00:00,42410099999,GUWAHATI INTL / LOKPRIYA GOPINATH BORDOLOI INTL,26.1,91.583,27.8,1005.1,79.37
1957-07-24T06:00:00,42410099999,GUWAHATI INTL / LOKPRIYA GOPINATH BORDOLOI INTL,26.1,91.583,31.1,1004.7,70.08
1957-07-24T18:00:00,42410099999,GUWAHATI INTL / LOKPRIYA GOPINATH BORDOLOI INTL,26.1,91.583,27.2,1005.9,93.73
1957-07-25T00:00:00,42410099999,GUWAHATI INTL / LOKPRIYA GOPINATH BORDOLOI INTL,26.1,91.583,26.1,1006.7,93.68
1957-07-25T03:00:00,42410099999,GUWAHATI INTL / LOKPRIYA GOPINATH BORDOLOI INTL,26.1,91.583,27.2,1008.6,82.2
1957-07-25T06:00:00,42410099999,GUWAHATI INTL / LOKPRIYA GOPINATH BORDOLOI INTL,26.1,91.583,28.9,1008.1,74.45
1957-07-25T18:00:00,42410099999,GUWAHATI INTL / LOKPRIYA GOPINATH BORDOLOI INTL,26.1,91.583,27.8,1007.1,84.77
1957-07-26T00:00:00,42410099999,GUWAHATI INTL / LOKPRIYA GOPINATH BORDOLOI INTL,26.1,91.583,26.1,1006.7,93.68
1957-07-26T03:00:00,42410099999,GUWAHATI INTL / LOKPRIYA GOPINATH BORDOLOI INTL,26.1,91.583,27.8,1007.8,79.37
1957-07-26T06:00:00,42410099999,GUWAHATI INTL / LOKPRIYA GOPINATH BORDOLOI INTL,26.1,91.583,31.1,1007.1,65.61
1957-07-26T18:00:00,42410099999,GUWAHATI INTL / LOKPRIYA GOPINATH BORDOLOI INTL,26.1,91.583,27.8,1004.1,90.49
1957-07-27T00:00:00,42410099999,GUWAHATI INTL / LOKPRIYA GOPINATH BORDOLOI INTL,26.1,91.583,27.2,1003.2,93.73
1957-07-27T03:00:00,42410099999,GUWAHATI INTL / LOKPRIYA GOPINATH BORDOLOI INTL,26.1,91.583,27.2,1004.7,93.73
1957-07-27T06:00:00,42410099999,GUWAHATI INTL / LOKPRIYA GOPINATH BORDOLOI INTL,26.1,91.583,30.0,1003.5,74.63
1957-07-27T18:00:00,42410099999,GUWAHATI INTL / LOKPRIYA GOPINATH BORDOLOI INTL,26.1,91.583,27.2,1002.2,87.8
1957-07-28T00:00:00,42410099999,GUWAHATI INTL / LOKPRIYA GOPINATH BORDOLOI INTL,26.1,91.583,26.1,1002.2,87.71
1957-07-28T06:00:00,42410099999,GUWAHATI INTL / LOKPRIYA GOPINATH BORDOLOI INTL,26.1,91.583,28.9,1003.1,79.52
1957-07-28T18:00:00,42410099999,GUWAHATI INTL / LOKPRIYA GOPINATH BORDOLOI INTL,26.1,91.583,27.2,1002.4,87.8
1957-07-29T00:00:00,42410099999,GUWAHATI INTL / LOKPRIYA GOPINATH BORDOLOI INTL,26.1,91.583,26.1,1000.8,87.71
1957-07-29T06:00:00,42410099999,GUWAHATI INTL / LOKPRIYA GOPINATH BORDOLOI INTL,26.1,91.583,31.1,1001.9,74.8
1957-07-29T18:00:00,42410099999,GUWAHATI INTL / LOKPRIYA GOPINATH BORDOLOI INTL,26.1,91.583,27.2,1001.9,93.73
1957-07-30T00:00:00,42410099999,GUWAHATI INTL / LOKPRIYA GOPINATH BORDOLOI INTL,26.1,91.583,27.2,1001.4,93.73
1957-07-30T03:00:00,42410099999,GUWAHATI INTL / LOKPRIYA GOPINATH BORDOLOI INTL,26.1,91.583,28.9,1003.2,79.52
1957-07-30T06:00:00,42410099999,GUWAHATI INTL / LOKPRIYA GOPINATH BORDOLOI INTL,26.1,91.583,31.1,1002.8,70.08
1957-07-30T18:00:00,42410099999,GUWAHATI INTL / LOKPRIYA GOPINATH BORDOLOI INTL,26.1,91.583,27.2,1004.0,93.73
1957-07-31T00:00:00,42410099999,GUWAHATI INTL / LOKPRIYA GOPINATH BORDOLOI INTL,26.1,91.583,27.2,1002.8,93.73
1957-07-31T03:00:00,42410099999,GUWAHATI INTL / LOKPRIYA GOPINATH BORDOLOI INTL,26.1,91.583,27.8,1004.6,84.77
1957-07-31T06:00:00,42410099999,GUWAHATI INTL / LOKPRIYA GOPINATH BORDOLOI INTL,26.1,91.583,30.0,1004.6,74.63
1957-07-31T12:00:00,42410099999,GUWAHATI INTL / LOKPRIYA GOPINATH BORDOLOI INTL,26.1,91.583,27.8,,84.77
1957-07-31T18:00:00,42410099999,GUWAHATI INTL / LOKPRIYA GOPINATH BORDOLOI INTL,26.1,91.583,26.1,1004.1,100.0
1957-08-01T00:00:00,42410099999,GUWAHATI INTL / LOKPRIYA GOPINATH BORDOLOI INTL,26.1,91.583,26.1,1003.6,100.0
1957-08-01T03:00:00,42410099999,GUWAHATI INTL / LOKPRIYA GOPINATH BORDOLOI INTL,26.1,91.583,27.8,1005.9,79.37
1957-08-01T06:00:00,42410099999,GUWAHATI INTL / LOKPRIYA GOPINATH BORDOLOI INTL,26.1,91.583,27.8,1005.5,90.49
1957-08-01T18:00:00,42410099999,GUWAHATI INTL / LOKPRIYA GOPINATH BORDOLOI INTL,26.1,91.583,25.0,1004.8,100.0
1957-08-02T00:00:00,42410099999,GUWAHATI INTL / LOKPRIYA GOPINATH BORDOLOI INTL,26.1,91.583,26.1,1004.5,93.68
1957-08-02T03:00:00,42410099999,GUWAHATI INTL / LOKPRIYA GOPINATH BORDOLOI INTL,26.1,91.583,26.1,1005.9,87.71
1957-08-02T06:00:00,42410099999,GUWAHATI INTL / LOKPRIYA GOPINATH BORDOLOI INTL,26.1,91.583,30.0,1004.2,74.63
1957-08-02T18:00:00,42410099999,GUWAHATI INTL / LOKPRIYA GOPINATH BORDOLOI INTL,26.1,91.583,27.8,1004.0,96.55
1957-08-03T00:00:00,42410099999,GUWAHATI INTL / LOKPRIYA GOPINATH BORDOLOI INTL,26.1,91.583,27.2,1004.2,93.73
1957-08-03T03:00:00,42410099999,GUWAHATI INTL / LOKPRIYA GOPINATH BORDOLOI INTL,26.1,91.583,27.8,1005.0,84.77
1957-08-03T06:00:00,42410099999,GUWAHATI INTL / LOKPRIYA GOPINATH BORDOLOI INTL,26.1,91.583,30.0,1003.7,69.87
1957-08-03T18:00:00,42410099999,GUWAHATI INTL / LOKPRIYA GOPINATH BORDOLOI INTL,26.1,91.583,27.2,1002.3,87.8
1957-08-04T00:00:00,42410099999,GUWAHATI INTL / LOKPRIYA GOPINATH BORDOLOI INTL,26.1,91.583,27.2,1002.4,87.8
1957-08-04T03:00:00,42410099999,GUWAHATI INTL / LOKPRIYA GOPINATH BORDOLOI INTL,26.1,91.583,27.8,1002.8,84.77
1957-08-04T06:00:00,42410099999,GUWAHATI INTL / LOKPRIYA GOPINATH BORDOLOI INTL,26.1,91.583,28.9,1002.8,74.45
1957-08-04T12:00:00,42410099999,GUWAHATI INTL / LOKPRIYA GOPINATH BORDOLOI INTL,26.1,91.583,25.0,999.7,93.63
1957-08-04T18:00:00,42410099999,GUWAHATI INTL / LOKPRIYA GOPINATH BORDOLOI INTL,26.1,91.583,26.1,1002.1,87.71
1957-08-05T00:00:00,42410099999,GUWAHATI INTL / LOKPRIYA GOPINATH BORDOLOI INTL,26.1,91.583,25.0,1001.2,93.63
1957-08-05T03:00:00,42410099999,GUWAHATI INTL / LOKPRIYA GOPINATH BORDOLOI INTL,26.1,91.583,27.2,1003.0,87.8
1957-08-05T06:00:00,42410099999,GUWAHATI INTL / LOKPRIYA GOPINATH BORDOLOI INTL,26.1,91.583,28.9,1001.5,74.45
1957-08-05T18:00:00,42410099999,GUWAHATI INTL / LOKPRIYA GOPINATH BORDOLOI INTL,26.1,91.583,27.2,1001.7,93.73
1957-08-06T00:00:00,42410099999,GUWAHATI INTL / LOKPRIYA GOPINATH BORDOLOI INTL,26.1,91.583,27.2,1001.6,87.8
1957-08-06T03:00:00,42410099999,GUWAHATI INTL / LOKPRIYA GOPINATH BORDOLOI INTL,26.1,91.583,27.2,1002.9,93.73
1957-08-06T06:00:00,42410099999,GUWAHATI INTL / LOKPRIYA GOPINATH BORDOLOI INTL,26.1,91.583,28.9,1002.7,79.52
1957-08-06T18:00:00,42410099999,GUWAHATI INTL / LOKPRIYA GOPINATH BORDOLOI INTL,26.1,91.583,26.1,1002.4,93.68
1957-08-07T00:00:00,42410099999,GUWAHATI INTL / LOKPRIYA GOPINATH BORDOLOI INTL,26.1,91.583,26.1,1001.7,93.68
1957-08-07T03:00:00,42410099999,GUWAHATI INTL / LOKPRIYA GOPINATH BORDOLOI INTL,26.1,91.583,26.1,1003.8,100.0
1957-08-07T06:00:00,42410099999,GUWAHATI INTL / LOKPRIYA GOPINATH BORDOLOI INTL,26.1,91.583,27.2,1002.3,93.73
1957-08-07T18:00:00,42410099999,GUWAHATI INTL / LOKPRIYA GOPINATH BORDOLOI INTL,26.1,91.583,26.1,1002.0,87.71
1957-08-08T00:00:00,42410099999,GUWAHATI INTL / LOKPRIYA GOPINATH BORDOLOI INTL,26.1,91.583,26.1,1001.5,100.0
1957-08-08T03:00:00,42410099999,GUWAHATI INTL / LOKPRIYA GOPINATH BORDOLOI INTL,26.1,91.583,25.0,1003.0,100.0
1957-08-08T06:00:00,42410099999,GUWAHATI INTL / LOKPRIYA GOPINATH BORDOLOI INTL,26.1,91.583,31.1,1001.6,65.61
1957-08-08T18:00:00,42410099999,GUWAHATI INTL / LOKPRIYA GOPINATH BORDOLOI INTL,26.1,91.583,27.8,1003.2,96.55
1957-08-09T00:00:00,42410099999,GUWAHATI INTL / LOKPRIYA GOPINATH BORDOLOI INTL,26.1,91.583,26.1,1003.5,100.0
1957-08-09T03:00:00,42410099999,GUWAHATI INTL / LOKPRIYA GOPINATH BORDOLOI INTL,26.1,91.583,27.2,1005.6,93.73
1957-08-09T06:00:00,42410099999,GUWAHATI INTL / LOKPRIYA GOPINATH BORDOLOI INTL,26.1,91.583,30.0,1005.0,79.67
1957-08-09T18:00:00,42410099999,GUWAHATI INTL / LOKPRIYA GOPINATH BORDOLOI INTL,26.1,91.583,26.1,1007.7,93.68
1957-08-10T00:00:00,42410099999,GUWAHATI INTL / LOKPRIYA GOPINATH BORDOLOI INTL,26.1,91.583,26.1,1007.7,87.71
1957-08-10T03:00:00,42410099999,GUWAHATI INTL / LOKPRIYA GOPINATH BORDOLOI INTL,26.1,91.583,26.1,1010.0,100.0
1957-08-10T06:00:00,42410099999,GUWAHATI INTL / LOKPRIYA GOPINATH BORDOLOI INTL,26.1,91.583,30.0,1009.1,74.63
1957-08-10T18:00:00,42410099999,GUWAHATI INTL / LOKPRIYA GOPINATH BORDOLOI INTL,26.1,91.583,25.0,1009.1,93.63
1957-08-11T00:00:00,42410099999,GUWAHATI INTL / LOKPRIYA GOPINATH BORDOLOI INTL,26.1,91.583,25.0,1008.2,93.63
1957-08-11T03:00:00,42410099999,GUWAHATI INTL / LOKPRIYA GOPINATH BORDOLOI INTL,26.1,91.583,25.0,1009.8,87.61
1957-08-11T06:00:00,42410099999,GUWAHATI INTL / LOKPRIYA GOPINATH BORDOLOI INTL,26.1,91.583,27.2,1008.6,87.8
1957-08-11T18:00:00,42410099999,GUWAHATI INTL / LOKPRIYA GOPINATH BORDOLOI INTL,26.1,91.583,26.1,1006.7,93.68
1957-08-12T00:00:00,42410099999,GUWAHATI INTL / LOKPRIYA GOPINATH BORDOLOI INTL,26.1,91.583,25.0,1005.9,93.63
1957-08-12T03:00:00,42410099999,GUWAHATI INTL / LOKPRIYA GOPINATH BORDOLOI INTL,26.1,91.583,27.2,1006.9,87.8
1957-08-12T06:00:00,42410099999,GUWAHATI INTL / LOKPRIYA GOPINATH BORDOLOI INTL,26.1,91.583,30.0,1005.4,65.38
1957-08-12T18:00:00,42410099999,GUWAHATI INTL / LOKPRIYA GOPINATH BORDOLOI INTL,26.1,91.583,27.2,1005.4,87.8
1957-08-13T00:00:00,42410099999,GUWAHATI INTL / LOKPRIYA GOPINATH BORDOLOI INTL,26.1,91.583,25.0,1004.9,87.61
1957-08-13T03:00:00,42410099999,GUWAHATI INTL / LOKPRIYA GOPINATH BORDOLOI INTL,26.1,91.583,26.1,1006.2,87.71
1957-08-13T06:00:00,42410099999,GUWAHATI INTL / LOKPRIYA GOPINATH BORDOLOI INTL,26.1,91.583,27.8,1005.7,84.77
1957-08-13T18:00:00,42410099999,GUWAHATI INTL / LOKPRIYA GOPINATH BORDOLOI INTL,26.1,91.583,27.2,1005.1,82.2
1957-08-14T00:00:00,42410099999,GUWAHATI INTL / LOKPRIYA GOPINATH BORDOLOI INTL,26.1,91.583,26.1,1004.9,87.71
1957-08-14T06:00:00,42410099999,GUWAHATI INTL / LOKPRIYA GOPINATH BORDOLOI INTL,26.1,91.583,31.1,1005.5,74.8
1957-08-14T18:00:00,42410099999,GUWAHATI INTL / LOKPRIYA GOPINATH BORDOLOI INTL,26.1,91.583,27.2,1005.0,87.8
1957-08-15T00:00:00,42410099999,GUWAHATI INTL / LOKPRIYA GOPINATH BORDOLOI INTL,26.1,91.583,26.1,1005.9,87.71
1957-08-15T03:00:00,42410099999,GUWAHATI INTL / LOKPRIYA GOPINATH BORDOLOI INTL,26.1,91.583,28.9,1006.8,84.88
1957-08-15T06:00:00,42410099999,GUWAHATI INTL / LOKPRIYA GOPINATH BORDOLOI INTL,26.1,91.583,31.1,1005.5,65.61
1957-08-15T18:00:00,42410099999,GUWAHATI INTL / LOKPRIYA GOPINATH BORDOLOI INTL,26.1,91.583,27.8,1005.0,90.49
1957-08-16T00:00:00,42410099999,GUWAHATI INTL / LOKPRIYA GOPINATH BORDOLOI INTL,26.1,91.583,26.1,1004.9,93.68
1957-08-16T03:00:00,42410099999,GUWAHATI INTL / LOKPRIYA GOPINATH BORDOLOI INTL,26.1,91.583,28.9,1006.1,74.45
1957-08-16T06:00:00,42410099999,GUWAHATI INTL / LOKPRIYA GOPINATH BORDOLOI INTL,26.1,91.583,31.1,1004.1,65.61
1957-08-16T12:00:00,42410099999,GUWAHATI INTL / LOKPRIYA GOPINATH BORDOLOI INTL,26.1,91.583,32.2,1000.2,70.28
1957-08-16T18:00:00,42410099999,GUWAHATI INTL / LOKPRIYA GOPINATH BORDOLOI INTL,26.1,91.583,27.8,1003.3,90.49
1957-08-17T00:00:00,42410099999,GUWAHATI INTL / LOKPRIYA GOPINATH BORDOLOI INTL,26.1,91.583,26.1,1003.5,100.0
1957-08-17T03:00:00,42410099999,GUWAHATI INTL / LOKPRIYA GOPINATH BORDOLOI INTL,26.1,91.583,28.9,1004.5,62.8
1957-08-17T06:00:00,42410099999,GUWAHATI INTL / LOKPRIYA GOPINATH BORDOLOI INTL,26.1,91.583,31.1,1002.7,65.61
1957-08-17T18:00:00,42410099999,GUWAHATI INTL / LOKPRIYA GOPINATH BORDOLOI INTL,26.1,91.583,27.8,1001.9,90.49
1957-08-18T00:00:00,42410099999,GUWAHATI INTL / LOKPRIYA GOPINATH BORDOLOI INTL,26.1,91.583,27.2,1001.4,100.0
1957-08-18T03:00:00,42410099999,GUWAHATI INTL / LOKPRIYA GOPINATH BORDOLOI INTL,26.1,91.583,28.9,1002.1,84.88
1957-08-18T06:00:00,42410099999,GUWAHATI INTL / LOKPRIYA GOPINATH BORDOLOI INTL,26.1,91.583,31.1,1000.3,70.08
1957-08-18T18:00:00,42410099999,GUWAHATI INTL / LOKPRIYA GOPINATH BORDOLOI INTL,26.1,91.583,27.2,999.4,93.73
1957-08-19T00:00:00,42410099999,GUWAHATI INTL / LOKPRIYA GOPINATH BORDOLOI INTL,26.1,91.583,27.2,999.1,93.73
1957-08-19T03:00:00,42410099999,GUWAHATI INTL / LOKPRIYA GOPINATH BORDOLOI INTL,26.1,91.583,30.0,1000.4,85.0
1957-08-19T06:00:00,42410099999,GUWAHATI INTL / LOKPRIYA GOPINATH BORDOLOI INTL,26.1,91.583,32.8,998.0,75.07
1957-08-19T18:00:00,42410099999,GUWAHATI INTL / LOKPRIYA GOPINATH BORDOLOI INTL,26.1,91.583,30.0,997.6,88.04
1957-08-20T00:00:00,42410099999,GUWAHATI INTL / LOKPRIYA GOPINATH BORDOLOI INTL,26.1,91.583,28.9,997.9,90.57
1957-08-20T03:00:00,42410099999,GUWAHATI INTL / LOKPRIYA GOPINATH BORDOLOI INTL,26.1,91.583,35.0,998.8,56.28
1957-08-20T06:00:00,42410099999,GUWAHATI INTL / LOKPRIYA GOPINATH BORDOLOI INTL,26.1,91.583,33.9,996.6,80.18
1957-08-20T18:00:00,42410099999,GUWAHATI INTL / LOKPRIYA GOPINATH BORDOLOI INTL,26.1,91.583,32.2,997.6,70.28
1957-08-21T00:00:00,42410099999,GUWAHATI INTL / LOKPRIYA GOPINATH BORDOLOI INTL,26.1,91.583,27.2,998.0,93.73
1957-08-21T03:00:00,42410099999,GUWAHATI INTL / LOKPRIYA GOPINATH BORDOLOI INTL,26.1,91.583,32.8,999.1,80.03
1957-08-21T06:00:00,42410099999,GUWAHATI INTL / LOKPRIYA GOPINATH BORDOLOI INTL,26.1,91.583,35.0,997.4,70.78
1957-08-21T18:00:00,42410099999,GUWAHATI INTL / LOKPRIYA GOPINATH BORDOLOI INTL,26.1,91.583,28.9,1000.5,90.57
1957-08-22T00:00:00,42410099999,GUWAHATI INTL / LOKPRIYA GOPINATH BORDOLOI INTL,26.1,91.583,26.1,1001.3,93.68
1957-08-22T06:00:00,42410099999,GUWAHATI INTL / LOKPRIYA GOPINATH BORDOLOI INTL,26.1,91.583,32.8,1002.0,72.48
1957-08-22T18:00:00,42410099999,GUWAHATI INTL / LOKPRIYA GOPINATH BORDOLOI INTL,26.1,91.583,27.8,1001.5,90.49
1957-08-23T00:00:00,42410099999,GUWAHATI INTL / LOKPRIYA GOPINATH BORDOLOI INTL,26.1,91.583,27.2,1002.0,93.73
1957-08-23T03:00:00,42410099999,GUWAHATI INTL / LOKPRIYA GOPINATH BORDOLOI INTL,26.1,91.583,28.9,1003.3,84.88
1957-08-23T06:00:00,42410099999,GUWAHATI INTL / LOKPRIYA GOPINATH BORDOLOI INTL,26.1,91.583,31.1,1002.1,70.08
1957-08-23T18:00:00,42410099999,GUWAHATI INTL / LOKPRIYA GOPINATH BORDOLOI INTL,26.1,91.583,27.2,1002.9,93.73
1957-08-24T00:00:00,42410099999,GUWAHATI INTL / LOKPRIYA GOPINATH BORDOLOI INTL,26.1,91.583,26.1,1003.2,100.0
1957-08-24T03:00:00,42410099999,GUWAHATI INTL / LOKPRIYA GOPINATH BORDOLOI INTL,26.1,91.583,26.1,1005.3,100.0
1957-08-24T06:00:00,42410099999,GUWAHATI INTL / LOKPRIYA GOPINATH BORDOLOI INTL,26.1,91.583,28.9,1005.1,84.88
1957-08-24T18:00:00,42410099999,GUWAHATI INTL / LOKPRIYA GOPINATH BORDOLOI INTL,26.1,91.583,27.2,1005.5,93.73
1957-08-25T00:00:00,42410099999,GUWAHATI INTL / LOKPRIYA GOPINATH BORDOLOI INTL,26.1,91.583,26.1,1004.4,100.0
1957-08-25T03:00:00,42410099999,GUWAHATI INTL / LOKPRIYA GOPINATH BORDOLOI INTL,26.1,91.583,30.0,1005.6,79.67
1957-08-25T06:00:00,42410099999,GUWAHATI INTL / LOKPRIYA GOPINATH BORDOLOI INTL,26.1,91.583,31.1,1004.0,70.08
1957-08-25T18:00:00,42410099999,GUWAHATI INTL / LOKPRIYA GOPINATH BORDOLOI INTL,26.1,91.583,26.1,1004.6,100.0
1957-08-26T00:00:00,42410099999,GUWAHATI INTL / LOKPRIYA GOPINATH BORDOLOI INTL,26.1,91.583,26.1,1003.2,100.0
1957-08-26T03:00:00,42410099999,GUWAHATI INTL / LOKPRIYA GOPINATH BORDOLOI INTL,26.1,91.583,33.9,1004.9,63.87
1957-08-26T06:00:00,42410099999,GUWAHATI INTL / LOKPRIYA GOPINATH BORDOLOI INTL,26.1,91.583,30.0,1003.0,85.0
1957-08-26T18:00:00,42410099999,GUWAHATI INTL / LOKPRIYA GOPINATH BORDOLOI INTL,26.1,91.583,27.2,1003.0,93.73
1957-08-27T00:00:00,42410099999,GUWAHATI INTL / LOKPRIYA GOPINATH BORDOLOI INTL,26.1,91.583,27.2,1002.2,100.0
1957-08-27T03:00:00,42410099999,GUWAHATI INTL / LOKPRIYA GOPINATH BORDOLOI INTL,26.1,91.583,32.2,1003.5,74.98
1957-08-27T06:00:00,42410099999,GUWAHATI INTL / LOKPRIYA GOPINATH BORDOLOI INTL,26.1,91.583,31.1,1002.1,74.8
1957-08-27T18:00:00,42410099999,GUWAHATI INTL / LOKPRIYA GOPINATH BORDOLOI INTL,26.1,91.583,27.2,1001.9,93.73
1957-08-28T00:00:00,42410099999,GUWAHATI INTL / LOKPRIYA GOPINATH BORDOLOI INTL,26.1,91.583,26.1,1002.1,100.0
1957-08-28T03:00:00,42410099999,GUWAHATI INTL / LOKPRIYA GOPINATH BORDOLOI INTL,26.1,91.583,27.2,1004.1,93.73
1957-08-28T06:00:00,42410099999,GUWAHATI INTL / LOKPRIYA GOPINATH BORDOLOI INTL,26.1,91.583,30.0,1003.0,74.63
1957-08-28T18:00:00,42410099999,GUWAHATI INTL / LOKPRIYA GOPINATH BORDOLOI INTL,26.1,91.583,28.9,1003.1,90.57
1957-08-29T00:00:00,42410099999,GUWAHATI INTL / LOKPRIYA GOPINATH BORDOLOI INTL,26.1,91.583,27.2,1002.6,93.73
1957-08-29T03:00:00,42410099999,GUWAHATI INTL / LOKPRIYA GOPINATH BORDOLOI INTL,26.1,91.583,27.8,1004.1,90.49
1957-08-29T06:00:00,42410099999,GUWAHATI INTL / LOKPRIYA GOPINATH BORDOLOI INTL,26.1,91.583,31.1,1002.7,70.08
1957-08-29T18:00:00,42410099999,GUWAHATI INTL / LOKPRIYA GOPINATH BORDOLOI INTL,26.1,91.583,27.2,1002.2,93.73
1957-08-30T00:00:00,42410099999,GUWAHATI INTL / LOKPRIYA GOPINATH BORDOLOI INTL,26.1,91.583,27.2,1001.4,93.73
1957-08-30T06:00:00,42410099999,GUWAHATI INTL / LOKPRIYA GOPINATH BORDOLOI INTL,26.1,91.583,31.1,1001.6,74.8
1957-08-30T18:00:00,42410099999,GUWAHATI INTL / LOKPRIYA GOPINATH BORDOLOI INTL,26.1,91.583,27.8,1001.7,96.55
1957-08-31T00:00:00,42410099999,GUWAHATI INTL / LOKPRIYA GOPINATH BORDOLOI INTL,26.1,91.583,27.2,1000.9,100.0
1957-08-31T03:00:00,42410099999,GUWAHATI INTL / LOKPRIYA GOPINATH BORDOLOI INTL,26.1,91.583,28.9,1002.5,90.57
1957-08-31T06:00:00,42410099999,GUWAHATI INTL / LOKPRIYA GOPINATH BORDOLOI INTL,26.1,91.583,32.2,1001.0,74.98
1957-08-31T18:00:00,42410099999,GUWAHATI INTL / LOKPRIYA GOPINATH BORDOLOI INTL,26.1,91.583,27.8,1002.0,90.49
1957-09-01T00:00:00,42410099999,GUWAHATI INTL / LOKPRIYA GOPINATH BORDOLOI INTL,26.1,91.583,27.8,1001.2,90.49
1957-09-01T03:00:00,42410099999,GUWAHATI INTL / LOKPRIYA GOPINATH BORDOLOI INTL,26.1,91.583,30.0,1003.5,79.67
1957-09-01T06:00:00,42410099999,GUWAHATI INTL / LOKPRIYA GOPINATH BORDOLOI INTL,26.1,91.583,32.2,1002.8,70.28
1957-09-01T18:00:00,42410099999,GUWAHATI INTL / LOKPRIYA GOPINATH BORDOLOI INTL,26.1,91.583,27.2,1005.0,87.8
1957-09-02T00:00:00,42410099999,GUWAHATI INTL / LOKPRIYA GOPINATH BORDOLOI INTL,26.1,91.583,25.0,1006.3,93.63
1957-09-02T03:00:00,42410099999,GUWAHATI INTL / LOKPRIYA GOPINATH BORDOLOI INTL,26.1,91.583,25.0,1007.7,93.63
1957-09-02T06:00:00,42410099999,GUWAHATI INTL / LOKPRIYA GOPINATH BORDOLOI INTL,26.1,91.583,28.9,1006.6,74.45
1957-09-02T18:00:00,42410099999,GUWAHATI INTL / LOKPRIYA GOPINATH BORDOLOI INTL,26.1,91.583,27.2,1005.2,87.8
1957-09-03T00:00:00,42410099999,GUWAHATI INTL / LOKPRIYA GOPINATH BORDOLOI INTL,26.1,91.583,26.1,1006.1,87.71
1957-09-03T03:00:00,42410099999,GUWAHATI INTL / LOKPRIYA GOPINATH BORDOLOI INTL,26.1,91.583,27.8,1007.7,79.37
1957-09-03T06:00:00,42410099999,GUWAHATI INTL / LOKPRIYA GOPINATH BORDOLOI INTL,26.1,91.583,32.2,1006.1,61.64
1957-09-03T18:00:00,42410099999,GUWAHATI INTL / LOKPRIYA GOPINATH BORDOLOI INTL,26.1,91.583,26.1,1007.0,87.71
1957-09-04T00:00:00,42410099999,GUWAHATI INTL / LOKPRIYA GOPINATH BORDOLOI INTL,26.1,91.583,25.0,1006.7,93.63
1957-09-04T03:00:00,42410099999,GUWAHATI INTL / LOKPRIYA GOPINATH BORDOLOI INTL,26.1,91.583,27.8,1008.4,84.77
1957-09-04T06:00:00,42410099999,GUWAHATI INTL / LOKPRIYA GOPINATH BORDOLOI INTL,26.1,91.583,31.1,1006.5,65.61
1957-09-04T18:00:00,42410099999,GUWAHATI INTL / LOKPRIYA GOPINATH BORDOLOI INTL,26.1,91.583,26.1,1007.8,100.0
1957-09-05T00:00:00,42410099999,GUWAHATI INTL / LOKPRIYA GOPINATH BORDOLOI INTL,26.1,91.583,26.1,1006.4,93.68
1957-09-05T03:00:00,42410099999,GUWAHATI INTL / LOKPRIYA GOPINATH BORDOLOI INTL,26.1,91.583,28.9,1008.3,74.45
1957-09-05T06:00:00,42410099999,GUWAHATI INTL / LOKPRIYA GOPINATH BORDOLOI INTL,26.1,91.583,27.2,1007.7,82.2
1957-09-05T18:00:00,42410099999,GUWAHATI INTL / LOKPRIYA GOPINATH BORDOLOI INTL,26.1,91.583,25.0,1007.4,100.0
1957-09-06T00:00:00,42410099999,GUWAHATI INTL / LOKPRIYA GOPINATH BORDOLOI INTL,26.1,91.583,25.0,1006.6,93.63
1957-09-06T03:00:00,42410099999,GUWAHATI INTL / LOKPRIYA GOPINATH BORDOLOI INTL,26.1,91.583,26.1,1008.3,100.0
1957-09-06T06:00:00,42410099999,GUWAHATI INTL / LOKPRIYA GOPINATH BORDOLOI INTL,26.1,91.583,28.9,1006.5,74.45
1957-09-06T18:00:00,42410099999,GUWAHATI INTL / LOKPRIYA GOPINATH BORDOLOI INTL,26.1,91.583,27.2,1005.4,82.2
1957-09-07T00:00:00,42410099999,GUWAHATI INTL / LOKPRIYA GOPINATH BORDOLOI INTL,26.1,91.583,26.1,1005.5,87.71
1957-09-07T03:00:00,42410099999,GUWAHATI INTL / LOKPRIYA GOPINATH BORDOLOI INTL,26.1,91.583,27.2,1007.6,87.8
1957-09-07T06:00:00,42410099999,GUWAHATI INTL / LOKPRIYA GOPINATH BORDOLOI INTL,26.1,91.583,27.8,1006.1,84.77
1957-09-07T18:00:00,42410099999,GUWAHATI INTL / LOKPRIYA GOPINATH BORDOLOI INTL,26.1,91.583,27.2,1007.0,93.73
1957-09-08T00:00:00,42410099999,GUWAHATI INTL / LOKPRIYA GOPINATH BORDOLOI INTL,26.1,91.583,26.1,1007.4,93.68
1957-09-08T03:00:00,42410099999,GUWAHATI INTL / LOKPRIYA GOPINATH BORDOLOI INTL,26.1,91.583,26.1,1009.4,100.0
1957-09-08T06:00:00,42410099999,GUWAHATI INTL / LOKPRIYA GOPINATH BORDOLOI INTL,26.1,91.583,32.2,1007.9,65.83
1957-09-08T18:00:00,42410099999,GUWAHATI INTL / LOKPRIYA GOPINATH BORDOLOI INTL,26.1,91.583,26.1,1008.0,93.68
1957-09-09T00:00:00,42410099999,GUWAHATI INTL / LOKPRIYA GOPINATH BORDOLOI INTL,26.1,91.583,26.1,1007.9,87.71
1957-09-09T03:00:00,42410099999,GUWAHATI INTL / LOKPRIYA GOPINATH BORDOLOI INTL,26.1,91.583,31.1,1008.7,65.61
1957-09-09T06:00:00,42410099999,GUWAHATI INTL / LOKPRIYA GOPINATH BORDOLOI INTL,26.1,91.583,32.2,1007.0,70.28
1957-09-09T18:00:00,42410099999,GUWAHATI INTL / LOKPRIYA GOPINATH BORDOLOI INTL,26.1,91.583,26.1,1007.6,87.71
1957-09-10T00:00:00,42410099999,GUWAHATI INTL / LOKPRIYA GOPINATH BORDOLOI INTL,26.1,91.583,23.9,1006.5,93.58
1957-09-10T03:00:00,42410099999,GUWAHATI INTL / LOKPRIYA GOPINATH BORDOLOI INTL,26.1,91.583,28.9,1008.7,74.45
1957-09-10T06:00:00,42410099999,GUWAHATI INTL / LOKPRIYA GOPINATH BORDOLOI INTL,26.1,91.583,31.1,1007.2,74.8
1957-09-10T12:00:00,42410099999,GUWAHATI INTL / LOKPRIYA GOPINATH BORDOLOI INTL,26.1,91.583,28.9,1004.7,69.67
1957-09-10T18:00:00,42410099999,GUWAHATI INTL / LOKPRIYA GOPINATH BORDOLOI INTL,26.1,91.583,27.2,1007.3,93.73
1957-09-11T00:00:00,42410099999,GUWAHATI INTL / LOKPRIYA GOPINATH BORDOLOI INTL,26.1,91.583,25.0,1008.7,93.63
1957-09-11T03:00:00,42410099999,GUWAHATI INTL / LOKPRIYA GOPINATH BORDOLOI INTL,26.1,91.583,27.8,1011.0,79.37
1957-09-11T06:00:00,42410099999,GUWAHATI INTL / LOKPRIYA GOPINATH BORDOLOI INTL,26.1,91.583,30.0,1008.3,69.87
1957-09-11T18:00:00,42410099999,GUWAHATI INTL / LOKPRIYA GOPINATH BORDOLOI INTL,26.1,91.583,27.2,1009.1,93.73
1957-09-12T00:00:00,42410099999,GUWAHATI INTL / LOKPRIYA GOPINATH BORDOLOI INTL,26.1,91.583,25.0,1008.0,93.63
1957-09-12T03:00:00,42410099999,GUWAHATI INTL / LOKPRIYA GOPINATH BORDOLOI INTL,26.1,91.583,28.9,1010.1,79.52
1957-09-12T06:00:00,42410099999,GUWAHATI INTL / LOKPRIYA GOPINATH BORDOLOI INTL,26.1,91.583,31.1,1008.9,65.61
1957-09-12T18:00:00,42410099999,GUWAHATI INTL / LOKPRIYA GOPINATH BORDOLOI INTL,26.1,91.583,27.2,1007.3,93.73
1957-09-13T00:00:00,42410099999,GUWAHATI INTL / LOKPRIYA GOPINATH BORDOLOI INTL,26.1,91.583,26.1,1007.3,93.68
1957-09-13T03:00:00,42410099999,GUWAHATI INTL / LOKPRIYA GOPINATH BORDOLOI INTL,26.1,91.583,28.9,1006.3,84.88
1957-09-13T06:00:00,42410099999,GUWAHATI INTL / LOKPRIYA GOPINATH BORDOLOI INTL,26.1,91.583,32.2,1006.6,61.64
1957-09-13T18:00:00,42410099999,GUWAHATI INTL / LOKPRIYA GOPINATH BORDOLOI INTL,26.1,91.583,27.8,1006.0,96.55
1957-09-14T00:00:00,42410099999,GUWAHATI INTL / LOKPRIYA GOPINATH BORDOLOI INTL,26.1,91.583,26.1,1006.3,100.0
1957-09-14T03:00:00,42410099999,GUWAHATI INTL / LOKPRIYA GOPINATH BORDOLOI INTL,26.1,91.583,28.9,1007.8,84.88
1957-09-14T06:00:00,42410099999,GUWAHATI INTL / LOKPRIYA GOPINATH BORDOLOI INTL,26.1,91.583,32.2,1006.4,61.64
1957-09-14T18:00:00,42410099999,GUWAHATI INTL / LOKPRIYA GOPINATH BORDOLOI INTL,26.1,91.583,27.2,1005.8,87.8
1957-09-15T00:00:00,42410099999,GUWAHATI INTL / LOKPRIYA GOPINATH BORDOLOI INTL,26.1,91.583,26.1,1007.1,87.71
1957-09-15T03:00:00,42410099999,GUWAHATI INTL / LOKPRIYA GOPINATH BORDOLOI INTL,26.1,91.583,30.0,1007.8,69.87
1957-09-15T06:00:00,42410099999,GUWAHATI INTL / LOKPRIYA GOPINATH BORDOLOI INTL,26.1,91.583,32.8,1007.4,59.59
1957-09-15T18:00:00,42410099999,GUWAHATI INTL / LOKPRIYA GOPINATH BORDOLOI INTL,26.1,91.583,27.2,1007.0,93.73
1957-09-16T00:00:00,42410099999,GUWAHATI INTL / LOKPRIYA GOPINATH BORDOLOI INTL,26.1,91.583,26.1,1006.8,93.68
1957-09-16T03:00:00,42410099999,GUWAHATI INTL / LOKPRIYA GOPINATH BORDOLOI INTL,26.1,91.583,,1003.3,
1957-09-16T06:00:00,42410099999,GUWAHATI INTL / LOKPRIYA GOPINATH BORDOLOI INTL,26.1,91.583,32.8,1007.2,59.59
1957-09-16T18:00:00,42410099999,GUWAHATI INTL / LOKPRIYA GOPINATH BORDOLOI INTL,26.1,91.583,27.2,1005.9,93.73
1957-09-17T00:00:00,42410099999,GUWAHATI INTL / LOKPRIYA GOPINATH BORDOLOI INTL,26.1,91.583,26.1,1005.8,93.68
1957-09-17T03:00:00,42410099999,GUWAHATI INTL / LOKPRIYA GOPINATH BORDOLOI INTL,26.1,91.583,28.9,1006.7,84.88
1957-09-17T06:00:00,42410099999,GUWAHATI INTL / LOKPRIYA GOPINATH BORDOLOI INTL,26.1,91.583,31.1,1005.8,70.08
1957-09-17T18:00:00,42410099999,GUWAHATI INTL / LOKPRIYA GOPINATH BORDOLOI INTL,26.1,91.583,26.1,1004.4,87.71
1957-09-18T00:00:00,42410099999,GUWAHATI INTL / LOKPRIYA GOPINATH BORDOLOI INTL,26.1,91.583,25.0,1004.9,93.63
1957-09-18T03:00:00,42410099999,GUWAHATI INTL / LOKPRIYA GOPINATH BORDOLOI INTL,26.1,91.583,27.2,1007.6,93.73
1957-09-18T06:00:00,42410099999,GUWAHATI INTL / LOKPRIYA GOPINATH BORDOLOI INTL,26.1,91.583,31.1,1005.7,70.08
1957-09-18T12:00:00,42410099999,GUWAHATI INTL / LOKPRIYA GOPINATH BORDOLOI INTL,26.1,91.583,27.8,1002.6,79.37
1957-09-18T18:00:00,42410099999,GUWAHATI INTL / LOKPRIYA GOPINATH BORDOLOI INTL,26.1,91.583,26.1,1005.9,93.68
1957-09-19T00:00:00,42410099999,GUWAHATI INTL / LOKPRIYA GOPINATH BORDOLOI INTL,26.1,91.583,25.0,1005.9,93.63
1957-09-19T03:00:00,42410099999,GUWAHATI INTL / LOKPRIYA GOPINATH BORDOLOI INTL,26.1,91.583,27.2,1007.5,82.2
1957-09-19T06:00:00,42410099999,GUWAHATI INTL / LOKPRIYA GOPINATH BORDOLOI INTL,26.1,91.583,30.0,1006.2,74.63
1957-09-19T18:00:00,42410099999,GUWAHATI INTL / LOKPRIYA GOPINATH BORDOLOI INTL,26.1,91.583,27.2,1006.0,87.8
1957-09-20T00:00:00,42410099999,GUWAHATI INTL / LOKPRIYA GOPINATH BORDOLOI INTL,26.1,91.583,25.0,1006.2,100.0
1957-09-20T03:00:00,42410099999,GUWAHATI INTL / LOKPRIYA GOPINATH BORDOLOI INTL,26.1,91.583,28.9,1007.8,79.52
1957-09-20T06:00:00,42410099999,GUWAHATI INTL / LOKPRIYA GOPINATH BORDOLOI INTL,26.1,91.583,32.2,1005.7,65.83
1957-09-20T18:00:00,42410099999,GUWAHATI INTL / LOKPRIYA GOPINATH BORDOLOI INTL,26.1,91.583,27.2,1006.1,93.73
1957-09-21T00:00:00,42410099999,GUWAHATI INTL / LOKPRIYA GOPINATH BORDOLOI INTL,26.1,91.583,26.1,1005.2,100.0
1957-09-21T03:00:00,42410099999,GUWAHATI INTL / LOKPRIYA GOPINATH BORDOLOI INTL,26.1,91.583,30.0,1006.3,74.63
1957-09-21T06:00:00,42410099999,GUWAHATI INTL / LOKPRIYA GOPINATH BORDOLOI INTL,26.1,91.583,32.2,1004.8,65.83
1957-09-21T18:00:00,42410099999,GUWAHATI INTL / LOKPRIYA GOPINATH BORDOLOI INTL,26.1,91.583,26.1,1005.4,100.0
1957-09-22T00:00:00,42410099999,GUWAHATI INTL / LOKPRIYA GOPINATH BORDOLOI INTL,26.1,91.583,26.1,1003.7,93.68
1957-09-22T03:00:00,42410099999,GUWAHATI INTL / LOKPRIYA GOPINATH BORDOLOI INTL,26.1,91.583,27.8,1005.8,90.49
1957-09-22T06:00:00,42410099999,GUWAHATI INTL / LOKPRIYA GOPINATH BORDOLOI INTL,26.1,91.583,32.2,1003.9,74.98
1957-09-22T18:00:00,42410099999,GUWAHATI INTL / LOKPRIYA GOPINATH BORDOLOI INTL,26.1,91.583,26.1,1003.3,87.71
1957-09-23T00:00:00,42410099999,GUWAHATI INTL / LOKPRIYA GOPINATH BORDOLOI INTL,26.1,91.583,25.0,1002.5,93.63
1957-09-23T03:00:00,42410099999,GUWAHATI INTL / LOKPRIYA GOPINATH BORDOLOI INTL,26.1,91.583,27.8,1002.5,79.37
1957-09-23T06:00:00,42410099999,GUWAHATI INTL / LOKPRIYA GOPINATH BORDOLOI INTL,26.1,91.583,30.0,1003.7,79.67
1957-09-23T18:00:00,42410099999,GUWAHATI INTL / LOKPRIYA GOPINATH BORDOLOI INTL,26.1,91.583,26.1,1004.4,100.0
1957-09-24T00:00:00,42410099999,GUWAHATI INTL / LOKPRIYA GOPINATH BORDOLOI INTL,26.1,91.583,25.0,1004.5,93.63
1957-09-24T03:00:00,42410099999,GUWAHATI INTL / LOKPRIYA GOPINATH BORDOLOI INTL,26.1,91.583,26.1,1007.1,87.71
1957-09-24T06:00:00,42410099999,GUWAHATI INTL / LOKPRIYA GOPINATH BORDOLOI INTL,26.1,91.583,27.8,1004.9,84.77
1957-09-24T18:00:00,42410099999,GUWAHATI INTL / LOKPRIYA GOPINATH BORDOLOI INTL,26.1,91.583,27.2,1005.4,93.73
1957-09-25T00:00:00,42410099999,GUWAHATI INTL / LOKPRIYA GOPINATH BORDOLOI INTL,26.1,91.583,26.1,1005.0,93.68
1957-09-25T03:00:00,42410099999,GUWAHATI INTL / LOKPRIYA GOPINATH BORDOLOI INTL,26.1,91.583,28.9,1006.3,84.88
1957-09-25T06:00:00,42410099999,GUWAHATI INTL / LOKPRIYA GOPINATH BORDOLOI INTL,26.1,91.583,31.1,1003.9,70.08
1957-09-25T18:00:00,42410099999,GUWAHATI INTL / LOKPRIYA GOPINATH BORDOLOI INTL,26.1,91.583,27.2,1003.2,93.73
1957-09-26T00:00:00,42410099999,GUWAHATI INTL / LOKPRIYA GOPINATH BORDOLOI INTL,26.1,91.583,25.0,1002.7,93.63
1957-09-26T03:00:00,42410099999,GUWAHATI INTL / LOKPRIYA GOPINATH BORDOLOI INTL,26.1,91.583,23.9,1004.7,100.0
1957-09-26T06:00:00,42410099999,GUWAHATI INTL / LOKPRIYA GOPINATH BORDOLOI INTL,26.1,91.583,26.1,1003.3,87.71
1957-09-26T18:00:00,42410099999,GUWAHATI INTL / LOKPRIYA GOPINATH BORDOLOI INTL,26.1,91.583,25.0,1002.8,93.63
1957-09-27T00:00:00,42410099999,GUWAHATI INTL / LOKPRIYA GOPINATH BORDOLOI INTL,26.1,91.583,25.0,1001.6,93.63
1957-09-27T03:00:00,42410099999,GUWAHATI INTL / LOKPRIYA GOPINATH BORDOLOI INTL,26.1,91.583,27.2,1003.2,87.8
1957-09-27T06:00:00,42410099999,GUWAHATI INTL / LOKPRIYA GOPINATH BORDOLOI INTL,26.1,91.583,31.1,1002.0,74.8
1957-09-27T18:00:00,42410099999,GUWAHATI INTL / LOKPRIYA GOPINATH BORDOLOI INTL,26.1,91.583,26.1,1003.1,93.68
1957-09-28T00:00:00,42410099999,GUWAHATI INTL / LOKPRIYA GOPINATH BORDOLOI INTL,26.1,91.583,25.0,1003.8,93.63
1957-09-28T03:00:00,42410099999,GUWAHATI INTL / LOKPRIYA GOPINATH BORDOLOI INTL,26.1,91.583,27.8,1007.0,79.37
1957-09-28T06:00:00,42410099999,GUWAHATI INTL / LOKPRIYA GOPINATH BORDOLOI INTL,26.1,91.583,31.1,1006.2,59.2
1957-09-28T18:00:00,42410099999,GUWAHATI INTL / LOKPRIYA GOPINATH BORDOLOI INTL,26.1,91.583,23.9,1006.4,90.23
1957-09-29T00:00:00,42410099999,GUWAHATI INTL / LOKPRIYA GOPINATH BORDOLOI INTL,26.1,91.583,22.8,1007.4,100.0
1957-09-29T03:00:00,42410099999,GUWAHATI INTL / LOKPRIYA GOPINATH BORDOLOI INTL,26.1,91.583,25.0,1009.2,78.98
1957-09-29T06:00:00,42410099999,GUWAHATI INTL / LOKPRIYA GOPINATH BORDOLOI INTL,26.1,91.583,30.0,1007.6,63.04
1957-09-29T18:00:00,42410099999,GUWAHATI INTL / LOKPRIYA GOPINATH BORDOLOI INTL,26.1,91.583,25.0,1008.2,87.61
1957-09-30T00:00:00,42410099999,GUWAHATI INTL / LOKPRIYA GOPINATH BORDOLOI INTL,26.1,91.583,23.9,1009.5,93.58
1957-09-30T03:00:00,42410099999,GUWAHATI INTL / LOKPRIYA GOPINATH BORDOLOI INTL,26.1,91.583,26.1,1011.2,82.07
1957-09-30T06:00:00,42410099999,GUWAHATI INTL / LOKPRIYA GOPINATH BORDOLOI INTL,26.1,91.583,28.9,1009.3,74.45
1957-09-30T18:00:00,42410099999,GUWAHATI INTL / LOKPRIYA GOPINATH BORDOLOI INTL,26.1,91.583,26.1,1009.2,73.99
1957-10-01T00:00:00,42410099999,GUWAHATI INTL / LOKPRIYA GOPINATH BORDOLOI INTL,26.1,91.583,23.9,1008.8,90.23
1957-10-01T03:00:00,42410099999,GUWAHATI INTL / LOKPRIYA GOPINATH BORDOLOI INTL,26.1,91.583,27.2,1010.3,76.92
1957-10-01T06:00:00,42410099999,GUWAHATI INTL / LOKPRIYA GOPINATH BORDOLOI INTL,26.1,91.583,31.1,1008.6,65.61
1957-10-01T18:00:00,42410099999,GUWAHATI INTL / LOKPRIYA GOPINATH BORDOLOI INTL,26.1,91.583,25.0,1008.0,93.63
1957-10-02T00:00:00,42410099999,GUWAHATI INTL / LOKPRIYA GOPINATH BORDOLOI INTL,26.1,91.583,22.8,1007.7,96.42
1957-10-02T03:00:00,42410099999,GUWAHATI INTL / LOKPRIYA GOPINATH BORDOLOI INTL,26.1,91.583,27.2,1009.2,82.2
1957-10-02T06:00:00,42410099999,GUWAHATI INTL / LOKPRIYA GOPINATH BORDOLOI INTL,26.1,91.583,31.1,1007.3,65.61
1957-10-02T18:00:00,42410099999,GUWAHATI INTL / LOKPRIYA GOPINATH BORDOLOI INTL,26.1,91.583,26.1,1008.2,87.71
1957-10-03T00:00:00,42410099999,GUWAHATI INTL / LOKPRIYA GOPINATH BORDOLOI INTL,26.1,91.583,25.0,1007.9,93.63
1957-10-03T03:00:00,42410099999,GUWAHATI INTL / LOKPRIYA GOPINATH BORDOLOI INTL,26.1,91.583,27.2,1010.1,87.8
1957-10-03T06:00:00,42410099999,GUWAHATI INTL / LOKPRIYA GOPINATH BORDOLOI INTL,26.1,91.583,30.0,1008.0,69.87
1957-10-03T18:00:00,42410099999,GUWAHATI INTL / LOKPRIYA GOPINATH BORDOLOI INTL,26.1,91.583,26.1,1007.4,93.68
1957-10-04T00:00:00,42410099999,GUWAHATI INTL / LOKPRIYA GOPINATH BORDOLOI INTL,26.1,91.583,25.0,1008.4,93.63
1957-10-04T03:00:00,42410099999,GUWAHATI INTL / LOKPRIYA GOPINATH BORDOLOI INTL,26.1,91.583,27.2,1010.3,87.8
1957-10-04T06:00:00,42410099999,GUWAHATI INTL / LOKPRIYA GOPINATH BORDOLOI INTL,26.1,91.583,30.0,1008.1,79.67
1957-10-04T18:00:00,42410099999,GUWAHATI INTL / LOKPRIYA GOPINATH BORDOLOI INTL,26.1,91.583,25.0,1007.9,93.63
1957-10-05T00:00:00,42410099999,GUWAHATI INTL / LOKPRIYA GOPINATH BORDOLOI INTL,26.1,91.583,25.0,1007.9,93.63
1957-10-05T03:00:00,42410099999,GUWAHATI INTL / LOKPRIYA GOPINATH BORDOLOI INTL,26.1,91.583,25.0,1009.6,93.63
1957-10-05T06:00:00,42410099999,GUWAHATI INTL / LOKPRIYA GOPINATH BORDOLOI INTL,26.1,91.583,28.9,1007.4,74.45
1957-10-05T18:00:00,42410099999,GUWAHATI INTL / LOKPRIYA GOPINATH BORDOLOI INTL,26.1,91.583,25.0,1007.5,93.63
1957-10-06T00:00:00,42410099999,GUWAHATI INTL / LOKPRIYA GOPINATH BORDOLOI INTL,26.1,91.583,23.9,1007.3,100.0
1957-10-06T06:00:00,42410099999,GUWAHATI INTL / LOKPRIYA GOPINATH BORDOLOI INTL,26.1,91.583,30.0,1007.1,65.38
1957-10-06T18:00:00,42410099999,GUWAHATI INTL / LOKPRIYA GOPINATH BORDOLOI INTL,26.1,91.583,25.0,1007.1,93.63
1957-10-07T00:00:00,42410099999,GUWAHATI INTL / LOKPRIYA GOPINATH BORDOLOI INTL,26.1,91.583,25.0,1007.5,93.63
1957-10-07T03:00:00,42410099999,GUWAHATI INTL / LOKPRIYA GOPINATH BORDOLOI INTL,26.1,91.583,27.2,1008.8,76.92
1957-10-07T06:00:00,42410099999,GUWAHATI INTL / LOKPRIYA GOPINATH BORDOLOI INTL,26.1,91.583,31.1,1007.4,65.61
1957-10-07T18:00:00,42410099999,GUWAHATI INTL / LOKPRIYA GOPINATH BORDOLOI INTL,26.1,91.583,26.1,1006.3,82.07
1957-10-08T00:00:00,42410099999,GUWAHATI INTL / LOKPRIYA GOPINATH BORDOLOI INTL,26.1,91.583,22.8,1006.2,100.0
1957-10-08T03:00:00,42410099999,GUWAHATI INTL / LOKPRIYA GOPINATH BORDOLOI INTL,26.1,91.583,27.2,1007.9,82.2
1957-10-08T06:00:00,42410099999,GUWAHATI INTL / LOKPRIYA GOPINATH BORDOLOI INTL,26.1,91.583,31.1,1006.5,59.2
1957-10-08T18:00:00,42410099999,GUWAHATI INTL / LOKPRIYA GOPINATH BORDOLOI INTL,26.1,91.583,22.8,1006.6,100.0
1957-10-09T00:00:00,42410099999,GUWAHATI INTL / LOKPRIYA GOPINATH BORDOLOI INTL,26.1,91.583,21.1,1006.9,93.44
1957-10-09T03:00:00,42410099999,GUWAHATI INTL / LOKPRIYA GOPINATH BORDOLOI INTL,26.1,91.583,26.1,1009.0,79.13
1957-10-09T06:00:00,42410099999,GUWAHATI INTL / LOKPRIYA GOPINATH BORDOLOI INTL,26.1,91.583,30.0,1007.1,58.94
1957-10-09T18:00:00,42410099999,GUWAHATI INTL / LOKPRIYA GOPINATH BORDOLOI INTL,26.1,91.583,23.9,1007.2,90.23
1957-10-10T00:00:00,42410099999,GUWAHATI INTL / LOKPRIYA GOPINATH BORDOLOI INTL,26.1,91.583,22.8,1008.9,96.42
1957-10-10T03:00:00,42410099999,GUWAHATI INTL / LOKPRIYA GOPINATH BORDOLOI INTL,26.1,91.583,26.1,1010.6,87.71
1957-10-10T06:00:00,42410099999,GUWAHATI INTL / LOKPRIYA GOPINATH BORDOLOI INTL,26.1,91.583,30.0,1008.4,65.38
1957-10-10T18:00:00,42410099999,GUWAHATI INTL / LOKPRIYA GOPINATH BORDOLOI INTL,26.1,91.583,22.8,1010.6,96.42
1957-10-11T00:00:00,42410099999,GUWAHATI INTL / LOKPRIYA GOPINATH BORDOLOI INTL,26.1,91.583,22.2,1010.8,93.5
1957-10-11T03:00:00,42410099999,GUWAHATI INTL / LOKPRIYA GOPINATH BORDOLOI INTL,26.1,91.583,27.2,1012.6,76.92
1957-10-11T06:00:00,42410099999,GUWAHATI INTL / LOKPRIYA GOPINATH BORDOLOI INTL,26.1,91.583,30.0,1010.4,63.04
1957-10-11T18:00:00,42410099999,GUWAHATI INTL / LOKPRIYA GOPINATH BORDOLOI INTL,26.1,91.583,23.9,1011.5,90.23
1957-10-12T00:00:00,42410099999,GUWAHATI INTL / LOKPRIYA GOPINATH BORDOLOI INTL,26.1,91.583,22.8,1012.5,90.15
1957-10-12T03:00:00,42410099999,GUWAHATI INTL / LOKPRIYA GOPINATH BORDOLOI INTL,26.1,91.583,23.9,1014.7,90.23
1957-10-12T06:00:00,42410099999,GUWAHATI INTL / LOKPRIYA GOPINATH BORDOLOI INTL,26.1,91.583,28.9,1011.8,67.17
1957-10-12T12:00:00,42410099999,GUWAHATI INTL / LOKPRIYA GOPINATH BORDOLOI INTL,26.1,91.583,27.8,1010.8,71.61
1957-10-12T18:00:00,42410099999,GUWAHATI INTL / LOKPRIYA GOPINATH BORDOLOI INTL,26.1,91.583,22.8,1012.2,96.42
1957-10-13T00:00:00,42410099999,GUWAHATI INTL / LOKPRIYA GOPINATH BORDOLOI INTL,26.1,91.583,21.1,1011.9,100.0
1957-10-13T03:00:00,42410099999,GUWAHATI INTL / LOKPRIYA GOPINATH BORDOLOI INTL,26.1,91.583,26.1,1013.2,82.07
1957-10-13T06:00:00,42410099999,GUWAHATI INTL / LOKPRIYA GOPINATH BORDOLOI INTL,26.1,91.583,30.0,1010.8,63.04
1957-10-13T18:00:00,42410099999,GUWAHATI INTL / LOKPRIYA GOPINATH BORDOLOI INTL,26.1,91.583,22.2,1010.6,93.5
1957-10-14T00:00:00,42410099999,GUWAHATI INTL / LOKPRIYA GOPINATH BORDOLOI INTL,26.1,91.583,21.1,1011.9,87.27
1957-10-14T03:00:00,42410099999,GUWAHATI INTL / LOKPRIYA GOPINATH BORDOLOI INTL,26.1,91.583,26.1,1013.6,69.14
1957-10-14T06:00:00,42410099999,GUWAHATI INTL / LOKPRIYA GOPINATH BORDOLOI INTL,26.1,91.583,30.0,1010.7,65.38
1957-10-14T18:00:00,42410099999,GUWAHATI INTL / LOKPRIYA GOPINATH BORDOLOI INTL,26.1,91.583,23.9,1010.5,100.0
1957-10-15T00:00:00,42410099999,GUWAHATI INTL / LOKPRIYA GOPINATH BORDOLOI INTL,26.1,91.583,22.2,1011.7,93.5
1957-10-15T03:00:00,42410099999,GUWAHATI INTL / LOKPRIYA GOPINATH BORDOLOI INTL,26.1,91.583,26.1,1013.3,79.13
1957-10-15T06:00:00,42410099999,GUWAHATI INTL / LOKPRIYA GOPINATH BORDOLOI INTL,26.1,91.583,30.0,1010.9,63.04
1957-10-15T18:00:00,42410099999,GUWAHATI INTL / LOKPRIYA GOPINATH BORDOLOI INTL,26.1,91.583,22.8,1011.3,96.42
1957-10-16T00:00:00,42410099999,GUWAHATI INTL / LOKPRIYA GOPINATH BORDOLOI INTL,26.1,91.583,22.2,1012.0,93.5
1957-10-16T03:00:00,42410099999,GUWAHATI INTL / LOKPRIYA GOPINATH BORDOLOI INTL,26.1,91.583,27.2,1014.5,93.73
1957-10-16T06:00:00,42410099999,GUWAHATI INTL / LOKPRIYA GOPINATH BORDOLOI INTL,26.1,91.583,28.9,1011.7,62.8
1957-10-16T18:00:00,42410099999,GUWAHATI INTL / LOKPRIYA GOPINATH BORDOLOI INTL,26.1,91.583,23.9,1011.5,93.58
1957-10-17T00:00:00,42410099999,GUWAHATI INTL / LOKPRIYA GOPINATH BORDOLOI INTL,26.1,91.583,22.8,1011.5,96.42
1957-10-17T03:00:00,42410099999,GUWAHATI INTL / LOKPRIYA GOPINATH BORDOLOI INTL,26.1,91.583,23.9,1013.9,84.36
1957-10-17T06:00:00,42410099999,GUWAHATI INTL / LOKPRIYA GOPINATH BORDOLOI INTL,26.1,91.583,27.2,1012.0,76.92
1957-10-17T18:00:00,42410099999,GUWAHATI INTL / LOKPRIYA GOPINATH BORDOLOI INTL,26.1,91.583,21.1,1011.9,93.44
1957-10-18T00:00:00,42410099999,GUWAHATI INTL / LOKPRIYA GOPINATH BORDOLOI INTL,26.1,91.583,18.9,1012.6,100.0
1957-10-18T03:00:00,42410099999,GUWAHATI INTL / LOKPRIYA GOPINATH BORDOLOI INTL,26.1,91.583,22.2,1014.8,93.5
1957-10-18T06:00:00,42410099999,GUWAHATI INTL / LOKPRIYA GOPINATH BORDOLOI INTL,26.1,91.583,27.2,1012.8,69.35
1957-10-18T18:00:00,42410099999,GUWAHATI INTL / LOKPRIYA GOPINATH BORDOLOI INTL,26.1,91.583,22.2,1013.9,87.37
1957-10-19T00:00:00,42410099999,GUWAHATI INTL / LOKPRIYA GOPINATH BORDOLOI INTL,26.1,91.583,21.1,1014.6,87.27
1957-10-19T03:00:00,42410099999,GUWAHATI INTL / LOKPRIYA GOPINATH BORDOLOI INTL,26.1,91.583,21.1,1017.5,87.27
1957-10-19T06:00:00,42410099999,GUWAHATI INTL / LOKPRIYA GOPINATH BORDOLOI INTL,26.1,91.583,23.9,1015.2,78.83
1957-10-19T18:00:00,42410099999,GUWAHATI INTL / LOKPRIYA GOPINATH BORDOLOI INTL,26.1,91.583,20.0,1017.4,93.39
1957-10-20T00:00:00,42410099999,GUWAHATI INTL / LOKPRIYA GOPINATH BORDOLOI INTL,26.1,91.583,18.9,1018.1,93.34
1957-10-20T03:00:00,42410099999,GUWAHATI INTL / LOKPRIYA GOPINATH BORDOLOI INTL,26.1,91.583,22.2,1019.9,81.59
1957-10-20T06:00:00,42410099999,GUWAHATI INTL / LOKPRIYA GOPINATH BORDOLOI INTL,26.1,91.583,26.1,1017.1,64.57
1957-10-20T18:00:00,42410099999,GUWAHATI INTL / LOKPRIYA GOPINATH BORDOLOI INTL,26.1,91.583,20.0,1016.8,93.39
1957-10-21T00:00:00,42410099999,GUWAHATI INTL / LOKPRIYA GOPINATH BORDOLOI INTL,26.1,91.583,17.8,1015.7,96.28
1957-10-21T03:00:00,42410099999,GUWAHATI INTL / LOKPRIYA GOPINATH BORDOLOI INTL,26.1,91.583,21.1,1018.3,87.27
1957-10-21T06:00:00,42410099999,GUWAHATI INTL / LOKPRIYA GOPINATH BORDOLOI INTL,26.1,91.583,26.1,1015.5,64.57
1957-10-21T18:00:00,42410099999,GUWAHATI INTL / LOKPRIYA GOPINATH BORDOLOI INTL,26.1,91.583,21.1,1014.8,100.0
1957-10-22T00:00:00,42410099999,GUWAHATI INTL / LOKPRIYA GOPINATH BORDOLOI INTL,26.1,91.583,18.9,1013.9,93.34
1957-10-22T03:00:00,42410099999,GUWAHATI INTL / LOKPRIYA GOPINATH BORDOLOI INTL,26.1,91.583,23.9,1015.4,90.23
1957-10-22T06:00:00,42410099999,GUWAHATI INTL / LOKPRIYA GOPINATH BORDOLOI INTL,26.1,91.583,27.2,1013.7,74.17
1957-10-22T18:00:00,42410099999,GUWAHATI INTL / LOKPRIYA GOPINATH BORDOLOI INTL,26.1,91.583,20.0,1012.9,93.39
1957-10-23T00:00:00,42410099999,GUWAHATI INTL / LOKPRIYA GOPINATH BORDOLOI INTL,26.1,91.583,18.9,1013.7,93.34
1957-10-23T03:00:00,42410099999,GUWAHATI INTL / LOKPRIYA GOPINATH BORDOLOI INTL,26.1,91.583,22.8,1015.8,90.15
1957-10-23T06:00:00,42410099999,GUWAHATI INTL / LOKPRIYA GOPINATH BORDOLOI INTL,26.1,91.583,27.2,1013.5,74.17
1957-10-23T18:00:00,42410099999,GUWAHATI INTL / LOKPRIYA GOPINATH BORDOLOI INTL,26.1,91.583,22.8,1012.7,100.0
1957-10-24T00:00:00,42410099999,GUWAHATI INTL / LOKPRIYA GOPINATH BORDOLOI INTL,26.1,91.583,22.2,1011.5,100.0
1957-10-24T03:00:00,42410099999,GUWAHATI INTL / LOKPRIYA GOPINATH BORDOLOI INTL,26.1,91.583,25.0,1014.8,84.48
1957-10-24T06:00:00,42410099999,GUWAHATI INTL / LOKPRIYA GOPINATH BORDOLOI INTL,26.1,91.583,27.8,1012.5,58.43
1957-10-24T18:00:00,42410099999,GUWAHATI INTL / LOKPRIYA GOPINATH BORDOLOI INTL,26.1,91.583,22.8,1012.1,90.15
1957-10-25T00:00:00,42410099999,GUWAHATI INTL / LOKPRIYA GOPINATH BORDOLOI INTL,26.1,91.583,21.1,1012.3,87.27
1957-10-25T03:00:00,42410099999,GUWAHATI INTL / LOKPRIYA GOPINATH BORDOLOI INTL,26.1,91.583,22.8,1012.2,78.67
1957-10-25T06:00:00,42410099999,GUWAHATI INTL / LOKPRIYA GOPINATH BORDOLOI INTL,26.1,91.583,26.1,1012.1,73.99
1957-10-25T12:00:00,42410099999,GUWAHATI INTL / LOKPRIYA GOPINATH BORDOLOI INTL,26.1,91.583,26.1,1009.6,79.13
1957-10-25T18:00:00,42410099999,GUWAHATI INTL / LOKPRIYA GOPINATH BORDOLOI INTL,26.1,91.583,20.0,1009.9,93.39
1957-10-26T00:00:00,42410099999,GUWAHATI INTL / LOKPRIYA GOPINATH BORDOLOI INTL,26.1,91.583,17.8,1010.1,100.0
1957-10-26T03:00:00,42410099999,GUWAHATI INTL / LOKPRIYA GOPINATH BORDOLOI INTL,26.1,91.583,22.8,1012.2,78.67
1957-10-26T06:00:00,42410099999,GUWAHATI INTL / LOKPRIYA GOPINATH BORDOLOI INTL,26.1,91.583,27.2,1010.6,56.48
1957-10-26T18:00:00,42410099999,GUWAHATI INTL / LOKPRIYA GOPINATH BORDOLOI INTL,26.1,91.583,21.1,1012.4,87.27
1957-10-27T00:00:00,42410099999,GUWAHATI INTL / LOKPRIYA GOPINATH BORDOLOI INTL,26.1,91.583,18.9,1014.4,93.34
1957-10-27T03:00:00,42410099999,GUWAHATI INTL / LOKPRIYA GOPINATH BORDOLOI INTL,26.1,91.583,22.2,1016.7,81.59
1957-10-27T06:00:00,42410099999,GUWAHATI INTL / LOKPRIYA GOPINATH BORDOLOI INTL,26.1,91.583,27.2,1014.6,69.35
1957-10-27T18:00:00,42410099999,GUWAHATI INTL / LOKPRIYA GOPINATH BORDOLOI INTL,26.1,91.583,17.2,1014.3,93.25
1957-10-28T00:00:00,42410099999,GUWAHATI INTL / LOKPRIYA GOPINATH BORDOLOI INTL,26.1,91.583,16.1,1014.1,86.8
1957-10-28T03:00:00,42410099999,GUWAHATI INTL / LOKPRIYA GOPINATH BORDOLOI INTL,26.1,91.583,21.1,1016.1,87.27
1957-10-28T06:00:00,42410099999,GUWAHATI INTL / LOKPRIYA GOPINATH BORDOLOI INTL,26.1,91.583,26.1,1013.3,64.57
1957-10-28T18:00:00,42410099999,GUWAHATI INTL / LOKPRIYA GOPINATH BORDOLOI INTL,26.1,91.583,22.2,1013.2,93.5
1957-10-29T00:00:00,42410099999,GUWAHATI INTL / LOKPRIYA GOPINATH BORDOLOI INTL,26.1,91.583,18.9,1013.5,93.34
1957-10-29T03:00:00,42410099999,GUWAHATI INTL / LOKPRIYA GOPINATH BORDOLOI INTL,26.1,91.583,22.2,1015.9,87.37
1957-10-29T06:00:00,42410099999,GUWAHATI INTL / LOKPRIYA GOPINATH BORDOLOI INTL,26.1,91.583,26.1,1013.7,64.57
1957-10-29T18:00:00,42410099999,GUWAHATI INTL / LOKPRIYA GOPINATH BORDOLOI INTL,26.1,91.583,21.1,1014.1,100.0
1957-10-30T00:00:00,42410099999,GUWAHATI INTL / LOKPRIYA GOPINATH BORDOLOI INTL,26.1,91.583,18.9,1014.6,93.34
1957-10-30T03:00:00,42410099999,GUWAHATI INTL / LOKPRIYA GOPINATH BORDOLOI INTL,26.1,91.583,23.9,1017.0,73.62
1957-10-30T06:00:00,42410099999,GUWAHATI INTL / LOKPRIYA GOPINATH BORDOLOI INTL,26.1,91.583,27.2,1014.4,56.48
1957-10-30T18:00:00,42410099999,GUWAHATI INTL / LOKPRIYA GOPINATH BORDOLOI INTL,26.1,91.583,21.1,1015.4,87.27
1957-10-31T00:00:00,42410099999,GUWAHATI INTL / LOKPRIYA GOPINATH BORDOLOI INTL,26.1,91.583,20.0,1015.3,93.39
1957-10-31T03:00:00,42410099999,GUWAHATI INTL / LOKPRIYA GOPINATH BORDOLOI INTL,26.1,91.583,22.2,1017.5,81.59
1957-10-31T06:00:00,42410099999,GUWAHATI INTL / LOKPRIYA GOPINATH BORDOLOI INTL,26.1,91.583,27.2,1014.6,60.52
1957-10-31T18:00:00,42410099999,GUWAHATI INTL / LOKPRIYA GOPINATH BORDOLOI INTL,26.1,91.583,21.1,1014.5,87.27
1957-11-01T00:00:00,42410099999,GUWAHATI INTL / LOKPRIYA GOPINATH BORDOLOI INTL,26.1,91.583,20.0,1014.3,93.39
1957-11-01T03:00:00,42410099999,GUWAHATI INTL / LOKPRIYA GOPINATH BORDOLOI INTL,26.1,91.583,22.2,1016.5,87.37
1957-11-01T06:00:00,42410099999,GUWAHATI INTL / LOKPRIYA GOPINATH BORDOLOI INTL,26.1,91.583,26.1,1013.8,60.26
1957-11-01T18:00:00,42410099999,GUWAHATI INTL / LOKPRIYA GOPINATH BORDOLOI INTL,26.1,91.583,18.9,1014.0,93.34
1957-11-02T00:00:00,42410099999,GUWAHATI INTL / LOKPRIYA GOPINATH BORDOLOI INTL,26.1,91.583,17.8,1014.5,100.0
1957-11-02T03:00:00,42410099999,GUWAHATI INTL / LOKPRIYA GOPINATH BORDOLOI INTL,26.1,91.583,22.8,1016.7,84.24
1957-11-02T06:00:00,42410099999,GUWAHATI INTL / LOKPRIYA GOPINATH BORDOLOI INTL,26.1,91.583,27.2,1013.9,60.52
1957-11-02T18:00:00,42410099999,GUWAHATI INTL / LOKPRIYA GOPINATH BORDOLOI INTL,26.1,91.583,20.0,1015.0,93.39
1957-11-03T00:00:00,42410099999,GUWAHATI INTL / LOKPRIYA GOPINATH BORDOLOI INTL,26.1,91.583,17.8,1016.2,100.0
1957-11-03T03:00:00,42410099999,GUWAHATI INTL / LOKPRIYA GOPINATH BORDOLOI INTL,26.1,91.583,22.2,1017.9,93.5
1957-11-03T06:00:00,42410099999,GUWAHATI INTL / LOKPRIYA GOPINATH BORDOLOI INTL,26.1,91.583,27.2,1015.2,56.48
1957-11-03T18:00:00,42410099999,GUWAHATI INTL / LOKPRIYA GOPINATH BORDOLOI INTL,26.1,91.583,20.0,1015.3,93.39
1957-11-04T00:00:00,42410099999,GUWAHATI INTL / LOKPRIYA GOPINATH BORDOLOI INTL,26.1,91.583,17.2,1015.4,100.0
1957-11-04T03:00:00,42410099999,GUWAHATI INTL / LOKPRIYA GOPINATH BORDOLOI INTL,26.1,91.583,22.8,1016.7,78.67
1957-11-04T06:00:00,42410099999,GUWAHATI INTL / LOKPRIYA GOPINATH BORDOLOI INTL,26.1,91.583,27.2,1014.3,56.48
1957-11-04T18:00:00,42410099999,GUWAHATI INTL / LOKPRIYA GOPINATH BORDOLOI INTL,26.1,91.583,18.9,1013.9,93.34
1957-11-05T00:00:00,42410099999,GUWAHATI INTL / LOKPRIYA GOPINATH BORDOLOI INTL,26.1,91.583,17.2,1013.3,93.25
1957-11-05T03:00:00,42410099999,GUWAHATI INTL / LOKPRIYA GOPINATH BORDOLOI INTL,26.1,91.583,22.2,1015.1,81.59
1957-11-05T06:00:00,42410099999,GUWAHATI INTL / LOKPRIYA GOPINATH BORDOLOI INTL,26.1,91.583,27.2,1012.7,64.8
1957-11-05T18:00:00,42410099999,GUWAHATI INTL / LOKPRIYA GOPINATH BORDOLOI INTL,26.1,91.583,21.1,1011.6,87.27
1957-11-06T00:00:00,42410099999,GUWAHATI INTL / LOKPRIYA GOPINATH BORDOLOI INTL,26.1,91.583,17.8,1013.5,96.28
1957-11-06T03:00:00,42410099999,GUWAHATI INTL / LOKPRIYA GOPINATH BORDOLOI INTL,26.1,91.583,22.2,1015.6,81.59
1957-11-06T06:00:00,42410099999,GUWAHATI INTL / LOKPRIYA GOPINATH BORDOLOI INTL,26.1,91.583,27.2,1012.9,56.48
1957-11-06T18:00:00,42410099999,GUWAHATI INTL / LOKPRIYA GOPINATH BORDOLOI INTL,26.1,91.583,17.8,1012.5,96.28
1957-11-07T00:00:00,42410099999,GUWAHATI INTL / LOKPRIYA GOPINATH BORDOLOI INTL,26.1,91.583,17.2,1012.7,93.25
1957-11-07T03:00:00,42410099999,GUWAHATI INTL / LOKPRIYA GOPINATH BORDOLOI INTL,26.1,91.583,21.1,1015.3,87.27
1957-11-07T06:00:00,42410099999,GUWAHATI INTL / LOKPRIYA GOPINATH BORDOLOI INTL,26.1,91.583,27.2,1012.4,60.52
1957-11-07T18:00:00,42410099999,GUWAHATI INTL / LOKPRIYA GOPINATH BORDOLOI INTL,26.1,91.583,20.0,1013.1,93.39
1957-11-08T00:00:00,42410099999,GUWAHATI INTL / LOKPRIYA GOPINATH BORDOLOI INTL,26.1,91.583,17.2,1013.3,100.0
1957-11-08T03:00:00,42410099999,GUWAHATI INTL / LOKPRIYA GOPINATH BORDOLOI INTL,26.1,91.583,22.2,1016.3,81.59
1957-11-08T06:00:00,42410099999,GUWAHATI INTL / LOKPRIYA GOPINATH BORDOLOI INTL,26.1,91.583,26.1,1013.7,64.57
1957-11-08T18:00:00,42410099999,GUWAHATI INTL / LOKPRIYA GOPINATH BORDOLOI INTL,26.1,91.583,21.1,1014.2,87.27
1957-11-09T00:00:00,42410099999,GUWAHATI INTL / LOKPRIYA GOPINATH BORDOLOI INTL,26.1,91.583,17.2,1014.7,93.25
1957-11-09T03:00:00,42410099999,GUWAHATI INTL / LOKPRIYA GOPINATH BORDOLOI INTL,26.1,91.583,16.1,1014.6,67.13
1957-11-09T06:00:00,42410099999,GUWAHATI INTL / LOKPRIYA GOPINATH BORDOLOI INTL,26.1,91.583,26.1,1014.2,60.26
1957-11-09T18:00:00,42410099999,GUWAHATI INTL / LOKPRIYA GOPINATH BORDOLOI INTL,26.1,91.583,18.9,1014.2,93.34
1957-11-10T00:00:00,42410099999,GUWAHATI INTL / LOKPRIYA GOPINATH BORDOLOI INTL,26.1,91.583,17.2,1015.4,93.25
1957-11-10T03:00:00,42410099999,GUWAHATI INTL / LOKPRIYA GOPINATH BORDOLOI INTL,26.1,91.583,22.2,1017.4,81.59
1957-11-10T06:00:00,42410099999,GUWAHATI INTL / LOKPRIYA GOPINATH BORDOLOI INTL,26.1,91.583,27.2,1014.5,60.52
1957-11-10T18:00:00,42410099999,GUWAHATI INTL / LOKPRIYA GOPINATH BORDOLOI INTL,26.1,91.583,17.8,1013.9,96.28
1957-11-11T00:00:00,42410099999,GUWAHATI INTL / LOKPRIYA GOPINATH BORDOLOI INTL,26.1,91.583,16.1,1013.8,100.0
1957-11-11T03:00:00,42410099999,GUWAHATI INTL / LOKPRIYA GOPINATH BORDOLOI INTL,26.1,91.583,21.1,1016.1,81.45
1957-11-11T06:00:00,42410099999,GUWAHATI INTL / LOKPRIYA GOPINATH BORDOLOI INTL,26.1,91.583,26.1,1013.2,64.57
1957-11-11T18:00:00,42410099999,GUWAHATI INTL / LOKPRIYA GOPINATH BORDOLOI INTL,26.1,91.583,20.0,1013.4,87.17
1957-11-12T00:00:00,42410099999,GUWAHATI INTL / LOKPRIYA GOPINATH BORDOLOI INTL,26.1,91.583,17.2,1012.8,93.25
1957-11-12T03:00:00,42410099999,GUWAHATI INTL / LOKPRIYA GOPINATH BORDOLOI INTL,26.1,91.583,21.1,1015.4,87.27
1957-11-12T06:00:00,42410099999,GUWAHATI INTL / LOKPRIYA GOPINATH BORDOLOI INTL,26.1,91.583,27.2,1012.5,56.48
1957-11-12T18:00:00,42410099999,GUWAHATI INTL / LOKPRIYA GOPINATH BORDOLOI INTL,26.1,91.583,17.8,1014.5,96.28
1957-11-13T00:00:00,42410099999,GUWAHATI INTL / LOKPRIYA GOPINATH BORDOLOI INTL,26.1,91.583,16.1,1014.8,93.2
1957-11-13T03:00:00,42410099999,GUWAHATI INTL / LOKPRIYA GOPINATH BORDOLOI INTL,26.1,91.583,21.1,1016.6,81.45
1957-11-13T06:00:00,42410099999,GUWAHATI INTL / LOKPRIYA GOPINATH BORDOLOI INTL,26.1,91.583,27.8,1013.6,52.51
1957-11-13T18:00:00,42410099999,GUWAHATI INTL / LOKPRIYA GOPINATH BORDOLOI INTL,26.1,91.583,18.9,1015.0,89.87
1957-11-14T00:00:00,42410099999,GUWAHATI INTL / LOKPRIYA GOPINATH BORDOLOI INTL,26.1,91.583,17.2,1015.3,93.25
1957-11-14T03:00:00,42410099999,GUWAHATI INTL / LOKPRIYA GOPINATH BORDOLOI INTL,26.1,91.583,21.1,1017.5,78.42
1957-11-14T06:00:00,42410099999,GUWAHATI INTL / LOKPRIYA GOPINATH BORDOLOI INTL,26.1,91.583,27.8,1015.2,54.53
1957-11-14T18:00:00,42410099999,GUWAHATI INTL / LOKPRIYA GOPINATH BORDOLOI INTL,26.1,91.583,17.8,1016.7,96.28
1957-11-15T00:00:00,42410099999,GUWAHATI INTL / LOKPRIYA GOPINATH BORDOLOI INTL,26.1,91.583,16.1,1017.7,100.0
1957-11-15T03:00:00,42410099999,GUWAHATI INTL / LOKPRIYA GOPINATH BORDOLOI INTL,26.1,91.583,21.1,1019.5,87.27
1957-11-15T06:00:00,42410099999,GUWAHATI INTL / LOKPRIYA GOPINATH BORDOLOI INTL,26.1,91.583,27.2,1016.3,56.48
1957-11-15T18:00:00,42410099999,GUWAHATI INTL / LOKPRIYA GOPINATH BORDOLOI INTL,26.1,91.583,17.2,1016.4,93.25
1957-11-16T00:00:00,42410099999,GUWAHATI INTL / LOKPRIYA GOPINATH BORDOLOI INTL,26.1,91.583,15.0,1016.3,100.0
1957-11-16T06:00:00,42410099999,GUWAHATI INTL / LOKPRIYA GOPINATH BORDOLOI INTL,26.1,91.583,27.2,1015.2,56.48
1957-11-16T18:00:00,42410099999,GUWAHATI INTL / LOKPRIYA GOPINATH BORDOLOI INTL,26.1,91.583,17.2,1015.4,93.25
1957-11-17T00:00:00,42410099999,GUWAHATI INTL / LOKPRIYA GOPINATH BORDOLOI INTL,26.1,91.583,15.0,1015.6,93.14
1957-11-17T03:00:00,42410099999,GUWAHATI INTL / LOKPRIYA GOPINATH BORDOLOI INTL,26.1,91.583,20.0,1015.3,87.17
1957-11-17T06:00:00,42410099999,GUWAHATI INTL / LOKPRIYA GOPINATH BORDOLOI INTL,26.1,91.583,26.1,1014.9,60.26
1957-11-17T18:00:00,42410099999,GUWAHATI INTL / LOKPRIYA GOPINATH BORDOLOI INTL,26.1,91.583,17.8,1014.5,96.28
1957-11-18T00:00:00,42410099999,GUWAHATI INTL / LOKPRIYA GOPINATH BORDOLOI INTL,26.1,91.583,16.1,1014.9,93.2
1957-11-18T03:00:00,42410099999,GUWAHATI INTL / LOKPRIYA GOPINATH BORDOLOI INTL,26.1,91.583,20.0,1017.1,93.39
1957-11-18T06:00:00,42410099999,GUWAHATI INTL / LOKPRIYA GOPINATH BORDOLOI INTL,26.1,91.583,27.2,1013.8,56.48
1957-11-18T18:00:00,42410099999,GUWAHATI INTL / LOKPRIYA GOPINATH BORDOLOI INTL,26.1,91.583,17.2,1016.2,93.25
1957-11-19T00:00:00,42410099999,GUWAHATI INTL / LOKPRIYA GOPINATH BORDOLOI INTL,26.1,91.583,16.1,1016.7,86.8
1957-11-19T03:00:00,42410099999,GUWAHATI INTL / LOKPRIYA GOPINATH BORDOLOI INTL,26.1,91.583,21.1,1019.2,87.27
1957-11-19T06:00:00,42410099999,GUWAHATI INTL / LOKPRIYA GOPINATH BORDOLOI INTL,26.1,91.583,27.2,1016.3,56.48
1957-11-19T18:00:00,42410099999,GUWAHATI INTL / LOKPRIYA GOPINATH BORDOLOI INTL,26.1,91.583,20.0,1017.8,93.39
1957-11-20T00:00:00,42410099999,GUWAHATI INTL / LOKPRIYA GOPINATH BORDOLOI INTL,26.1,91.583,16.1,1017.7,100.0
1957-11-20T03:00:00,42410099999,GUWAHATI INTL / LOKPRIYA GOPINATH BORDOLOI INTL,26.1,91.583,21.1,1019.2,68.16
1957-11-20T06:00:00,42410099999,GUWAHATI INTL / LOKPRIYA GOPINATH BORDOLOI INTL,26.1,91.583,27.2,1015.8,56.48
1957-11-20T18:00:00,42410099999,GUWAHATI INTL / LOKPRIYA GOPINATH BORDOLOI INTL,26.1,91.583,21.1,1015.7,87.27
1957-11-21T00:00:00,42410099999,GUWAHATI INTL / LOKPRIYA GOPINATH BORDOLOI INTL,26.1,91.583,17.2,1015.6,100.0
1957-11-21T03:00:00,42410099999,GUWAHATI INTL / LOKPRIYA GOPINATH BORDOLOI INTL,26.1,91.583,22.2,1017.3,81.59
1957-11-21T06:00:00,42410099999,GUWAHATI INTL / LOKPRIYA GOPINATH BORDOLOI INTL,26.1,91.583,27.2,1014.1,56.48
1957-11-21T18:00:00,42410099999,GUWAHATI INTL / LOKPRIYA GOPINATH BORDOLOI INTL,26.1,91.583,20.0,1012.1,93.39
1957-11-22T00:00:00,42410099999,GUWAHATI INTL / LOKPRIYA GOPINATH BORDOLOI INTL,26.1,91.583,18.9,1012.4,89.87
1957-11-22T03:00:00,42410099999,GUWAHATI INTL / LOKPRIYA GOPINATH BORDOLOI INTL,26.1,91.583,22.2,1014.8,81.59
1957-11-22T06:00:00,42410099999,GUWAHATI INTL / LOKPRIYA GOPINATH BORDOLOI INTL,26.1,91.583,25.0,1013.1,64.33
1957-11-22T18:00:00,42410099999,GUWAHATI INTL / LOKPRIYA GOPINATH BORDOLOI INTL,26.1,91.583,17.8,1015.4,96.28
1957-11-23T00:00:00,42410099999,GUWAHATI INTL / LOKPRIYA GOPINATH BORDOLOI INTL,26.1,91.583,17.2,1015.9,100.0
1957-11-23T03:00:00,42410099999,GUWAHATI INTL / LOKPRIYA GOPINATH BORDOLOI INTL,26.1,91.583,18.9,1018.7,93.34
1957-11-23T06:00:00,42410099999,GUWAHATI INTL / LOKPRIYA GOPINATH BORDOLOI INTL,26.1,91.583,23.9,1016.0,68.71
1957-11-23T18:00:00,42410099999,GUWAHATI INTL / LOKPRIYA GOPINATH BORDOLOI INTL,26.1,91.583,16.1,1016.9,100.0
1957-11-24T00:00:00,42410099999,GUWAHATI INTL / LOKPRIYA GOPINATH BORDOLOI INTL,26.1,91.583,17.2,1018.0,93.25
1957-11-24T03:00:00,42410099999,GUWAHATI INTL / LOKPRIYA GOPINATH BORDOLOI INTL,26.1,91.583,17.8,1020.8,96.28
1957-11-24T06:00:00,42410099999,GUWAHATI INTL / LOKPRIYA GOPINATH BORDOLOI INTL,26.1,91.583,23.9,1018.5,68.71
1957-11-24T18:00:00,42410099999,GUWAHATI INTL / LOKPRIYA GOPINATH BORDOLOI INTL,26.1,91.583,17.2,1019.5,93.25
1957-11-25T00:00:00,42410099999,GUWAHATI INTL / LOKPRIYA GOPINATH BORDOLOI INTL,26.1,91.583,15.0,1019.2,93.14
1957-11-25T03:00:00,42410099999,GUWAHATI INTL / LOKPRIYA GOPINATH BORDOLOI INTL,26.1,91.583,17.8,1020.5,96.28
1957-11-25T06:00:00,42410099999,GUWAHATI INTL / LOKPRIYA GOPINATH BORDOLOI INTL,26.1,91.583,25.0,1017.4,64.33
1957-11-25T18:00:00,42410099999,GUWAHATI INTL / LOKPRIYA GOPINATH BORDOLOI INTL,26.1,91.583,17.8,1016.9,96.28
1957-11-26T00:00:00,42410099999,GUWAHATI INTL / LOKPRIYA GOPINATH BORDOLOI INTL,26.1,91.583,15.0,1015.8,93.14
1957-11-26T03:00:00,42410099999,GUWAHATI INTL / LOKPRIYA GOPINATH BORDOLOI INTL,26.1,91.583,18.9,1017.9,93.34
1957-11-26T06:00:00,42410099999,GUWAHATI INTL / LOKPRIYA GOPINATH BORDOLOI INTL,26.1,91.583,27.2,1014.4,56.48
1957-11-26T18:00:00,42410099999,GUWAHATI INTL / LOKPRIYA GOPINATH BORDOLOI INTL,26.1,91.583,17.8,1014.5,96.28
1957-11-27T00:00:00,42410099999,GUWAHATI INTL / LOKPRIYA GOPINATH BORDOLOI INTL,26.1,91.583,16.1,1015.3,93.2
1957-11-27T03:00:00,42410099999,GUWAHATI INTL / LOKPRIYA GOPINATH BORDOLOI INTL,26.1,91.583,21.1,1017.9,87.27
1957-11-27T06:00:00,42410099999,GUWAHATI INTL / LOKPRIYA GOPINATH BORDOLOI INTL,26.1,91.583,26.1,1015.8,58.02
1957-11-27T18:00:00,42410099999,GUWAHATI INTL / LOKPRIYA GOPINATH BORDOLOI INTL,26.1,91.583,17.8,1016.4,96.28
1957-11-28T00:00:00,42410099999,GUWAHATI INTL / LOKPRIYA GOPINATH BORDOLOI INTL,26.1,91.583,16.1,1016.4,86.8
1957-11-28T03:00:00,42410099999,GUWAHATI INTL / LOKPRIYA GOPINATH BORDOLOI INTL,26.1,91.583,18.9,1019.1,83.8
1957-11-28T06:00:00,42410099999,GUWAHATI INTL / LOKPRIYA GOPINATH BORDOLOI INTL,26.1,91.583,25.0,1015.7,61.94
1957-11-28T18:00:00,42410099999,GUWAHATI INTL / LOKPRIYA GOPINATH BORDOLOI INTL,26.1,91.583,17.2,1016.8,93.25
1957-11-29T00:00:00,42410099999,GUWAHATI INTL / LOKPRIYA GOPINATH BORDOLOI INTL,26.1,91.583,16.1,1017.0,93.2
1957-11-29T03:00:00,42410099999,GUWAHATI INTL / LOKPRIYA GOPINATH BORDOLOI INTL,26.1,91.583,17.8,1019.3,96.28
1957-11-29T06:00:00,42410099999,GUWAHATI INTL / LOKPRIYA GOPINATH BORDOLOI INTL,26.1,91.583,23.9,1015.9,66.16
1957-11-29T18:00:00,42410099999,GUWAHATI INTL / LOKPRIYA GOPINATH BORDOLOI INTL,26.1,91.583,18.9,1014.2,89.87
1957-11-30T00:00:00,42410099999,GUWAHATI INTL / LOKPRIYA GOPINATH BORDOLOI INTL,26.1,91.583,17.2,1014.4,93.25
1957-11-30T03:00:00,42410099999,GUWAHATI INTL / LOKPRIYA GOPINATH BORDOLOI INTL,26.1,91.583,20.0,1016.8,83.93
1957-11-30T06:00:00,42410099999,GUWAHATI INTL / LOKPRIYA GOPINATH BORDOLOI INTL,26.1,91.583,22.2,1015.3,73.32
1957-11-30T18:00:00,42410099999,GUWAHATI INTL / LOKPRIYA GOPINATH BORDOLOI INTL,26.1,91.583,17.2,1017.1,93.25
1957-12-01T00:00:00,42410099999,GUWAHATI INTL / LOKPRIYA GOPINATH BORDOLOI INTL,26.1,91.583,17.2,1017.5,86.91
1957-12-01T06:00:00,42410099999,GUWAHATI INTL / LOKPRIYA GOPINATH BORDOLOI INTL,26.1,91.583,22.2,1017.6,59.35
1957-12-01T18:00:00,42410099999,GUWAHATI INTL / LOKPRIYA GOPINATH BORDOLOI INTL,26.1,91.583,17.2,1016.8,86.91
1957-12-02T00:00:00,42410099999,GUWAHATI INTL / LOKPRIYA GOPINATH BORDOLOI INTL,26.1,91.583,15.0,1016.8,93.14
1957-12-02T03:00:00,42410099999,GUWAHATI INTL / LOKPRIYA GOPINATH BORDOLOI INTL,26.1,91.583,17.2,1018.7,86.91
1957-12-02T06:00:00,42410099999,GUWAHATI INTL / LOKPRIYA GOPINATH BORDOLOI INTL,26.1,91.583,22.2,1016.2,59.35
1957-12-02T18:00:00,42410099999,GUWAHATI INTL / LOKPRIYA GOPINATH BORDOLOI INTL,26.1,91.583,17.8,1016.2,89.79
1957-12-03T00:00:00,42410099999,GUWAHATI INTL / LOKPRIYA GOPINATH BORDOLOI INTL,26.1,91.583,17.2,1017.1,93.25
1957-12-03T03:00:00,42410099999,GUWAHATI INTL / LOKPRIYA GOPINATH BORDOLOI INTL,26.1,91.583,17.8,1018.8,89.79
1957-12-03T06:00:00,42410099999,GUWAHATI INTL / LOKPRIYA GOPINATH BORDOLOI INTL,26.1,91.583,23.9,1015.8,53.55
1957-12-03T18:00:00,42410099999,GUWAHATI INTL / LOKPRIYA GOPINATH BORDOLOI INTL,26.1,91.583,13.9,1015.9,93.08
1957-12-04T00:00:00,42410099999,GUWAHATI INTL / LOKPRIYA GOPINATH BORDOLOI INTL,26.1,91.583,12.2,1017.0,92.99
1957-12-04T03:00:00,42410099999,GUWAHATI INTL / LOKPRIYA GOPINATH BORDOLOI INTL,26.1,91.583,16.1,1018.9,93.2
1957-12-04T06:00:00,42410099999,GUWAHATI INTL / LOKPRIYA GOPINATH BORDOLOI INTL,26.1,91.583,23.9,1016.2,53.55
1957-12-04T18:00:00,42410099999,GUWAHATI INTL / LOKPRIYA GOPINATH BORDOLOI INTL,26.1,91.583,13.9,1017.9,93.08
1957-12-05T00:00:00,42410099999,GUWAHATI INTL / LOKPRIYA GOPINATH BORDOLOI INTL,26.1,91.583,12.2,1018.1,100.0
1957-12-05T06:00:00,42410099999,GUWAHATI INTL / LOKPRIYA GOPINATH BORDOLOI INTL,26.1,91.583,22.8,1017.7,61.44
1957-12-05T12:00:00,42410099999,GUWAHATI INTL / LOKPRIYA GOPINATH BORDOLOI INTL,26.1,91.583,22.2,1015.6,68.38
1957-12-05T18:00:00,42410099999,GUWAHATI INTL / LOKPRIYA GOPINATH BORDOLOI INTL,26.1,91.583,13.9,1016.7,100.0
1957-12-06T00:00:00,42410099999,GUWAHATI INTL / LOKPRIYA GOPINATH BORDOLOI INTL,26.1,91.583,12.2,1016.5,92.99
1957-12-06T03:00:00,42410099999,GUWAHATI INTL / LOKPRIYA GOPINATH BORDOLOI INTL,26.1,91.583,17.2,1018.7,86.91
1957-12-06T06:00:00,42410099999,GUWAHATI INTL / LOKPRIYA GOPINATH BORDOLOI INTL,26.1,91.583,22.8,1016.5,57.23
1957-12-06T18:00:00,42410099999,GUWAHATI INTL / LOKPRIYA GOPINATH BORDOLOI INTL,26.1,91.583,13.9,1016.1,93.08
1957-12-07T00:00:00,42410099999,GUWAHATI INTL / LOKPRIYA GOPINATH BORDOLOI INTL,26.1,91.583,12.8,1015.4,96.14
1957-12-07T03:00:00,42410099999,GUWAHATI INTL / LOKPRIYA GOPINATH BORDOLOI INTL,26.1,91.583,17.8,1017.9,89.79
1957-12-07T06:00:00,42410099999,GUWAHATI INTL / LOKPRIYA GOPINATH BORDOLOI INTL,26.1,91.583,23.9,1015.6,53.55
1957-12-07T18:00:00,42410099999,GUWAHATI INTL / LOKPRIYA GOPINATH BORDOLOI INTL,26.1,91.583,13.9,1016.1,93.08
1957-12-08T00:00:00,42410099999,GUWAHATI INTL / LOKPRIYA GOPINATH BORDOLOI INTL,26.1,91.583,12.8,1015.3,96.14
1957-12-08T03:00:00,42410099999,GUWAHATI INTL / LOKPRIYA GOPINATH BORDOLOI INTL,26.1,91.583,17.8,1018.6,89.79
1957-12-08T06:00:00,42410099999,GUWAHATI INTL / LOKPRIYA GOPINATH BORDOLOI INTL,26.1,91.583,23.9,1016.1,53.55
1957-12-08T18:00:00,42410099999,GUWAHATI INTL / LOKPRIYA GOPINATH BORDOLOI INTL,26.1,91.583,15.0,1017.4,93.14
1957-12-09T00:00:00,42410099999,GUWAHATI INTL / LOKPRIYA GOPINATH BORDOLOI INTL,26.1,91.583,15.0,1016.8,93.14
1957-12-09T03:00:00,42410099999,GUWAHATI INTL / LOKPRIYA GOPINATH BORDOLOI INTL,26.1,91.583,18.9,1019.2,89.87
1957-12-09T06:00:00,42410099999,GUWAHATI INTL / LOKPRIYA GOPINATH BORDOLOI INTL,26.1,91.583,22.8,1016.6,65.93
1957-12-09T18:00:00,42410099999,GUWAHATI INTL / LOKPRIYA GOPINATH BORDOLOI INTL,26.1,91.583,16.1,1015.8,93.2
1957-12-10T00:00:00,42410099999,GUWAHATI INTL / LOKPRIYA GOPINATH BORDOLOI INTL,26.1,91.583,13.9,1015.0,93.08
1957-12-10T03:00:00,42410099999,GUWAHATI INTL / LOKPRIYA GOPINATH BORDOLOI INTL,26.1,91.583,17.2,1016.5,93.25
1957-12-10T06:00:00,42410099999,GUWAHATI INTL / LOKPRIYA GOPINATH BORDOLOI INTL,26.1,91.583,22.8,1016.4,61.44
1957-12-10T18:00:00,42410099999,GUWAHATI INTL / LOKPRIYA GOPINATH BORDOLOI INTL,26.1,91.583,17.2,1016.1,86.91
1957-12-11T00:00:00,42410099999,GUWAHATI INTL / LOKPRIYA GOPINATH BORDOLOI INTL,26.1,91.583,15.0,1017.0,93.14
1957-12-11T03:00:00,42410099999,GUWAHATI INTL / LOKPRIYA GOPINATH BORDOLOI INTL,26.1,91.583,17.2,1020.9,86.91
1957-12-11T06:00:00,42410099999,GUWAHATI INTL / LOKPRIYA GOPINATH BORDOLOI INTL,26.1,91.583,21.1,1018.0,68.16
1957-12-11T18:00:00,42410099999,GUWAHATI INTL / LOKPRIYA GOPINATH BORDOLOI INTL,26.1,91.583,15.0,1017.5,86.7
1957-12-12T00:00:00,42410099999,GUWAHATI INTL / LOKPRIYA GOPINATH BORDOLOI INTL,26.1,91.583,15.0,1017.2,93.14
1957-12-12T03:00:00,42410099999,GUWAHATI INTL / LOKPRIYA GOPINATH BORDOLOI INTL,26.1,91.583,15.0,1019.9,93.14
1957-12-12T06:00:00,42410099999,GUWAHATI INTL / LOKPRIYA GOPINATH BORDOLOI INTL,26.1,91.583,21.1,1016.7,63.48
1957-12-12T12:00:00,42410099999,GUWAHATI INTL / LOKPRIYA GOPINATH BORDOLOI INTL,26.1,91.583,20.0,1015.0,78.26
1957-12-12T18:00:00,42410099999,GUWAHATI INTL / LOKPRIYA GOPINATH BORDOLOI INTL,26.1,91.583,17.2,1014.9,93.25
1957-12-13T00:00:00,42410099999,GUWAHATI INTL / LOKPRIYA GOPINATH BORDOLOI INTL,26.1,91.583,15.0,1014.3,100.0
1957-12-13T03:00:00,42410099999,GUWAHATI INTL / LOKPRIYA GOPINATH BORDOLOI INTL,26.1,91.583,17.8,1017.2,96.28
1957-12-13T06:00:00,42410099999,GUWAHATI INTL / LOKPRIYA GOPINATH BORDOLOI INTL,26.1,91.583,22.8,1015.0,65.93
1957-12-13T18:00:00,42410099999,GUWAHATI INTL / LOKPRIYA GOPINATH BORDOLOI INTL,26.1,91.583,17.2,1016.7,80.94
1957-12-14T00:00:00,42410099999,GUWAHATI INTL / LOKPRIYA GOPINATH BORDOLOI INTL,26.1,91.583,13.9,1016.6,93.08
1957-12-14T03:00:00,42410099999,GUWAHATI INTL / LOKPRIYA GOPINATH BORDOLOI INTL,26.1,91.583,16.1,1019.3,86.8
1957-12-14T06:00:00,42410099999,GUWAHATI INTL / LOKPRIYA GOPINATH BORDOLOI INTL,26.1,91.583,22.8,1016.5,65.93
1957-12-14T18:00:00,42410099999,GUWAHATI INTL / LOKPRIYA GOPINATH BORDOLOI INTL,26.1,91.583,12.8,1015.1,96.14
1957-12-15T00:00:00,42410099999,GUWAHATI INTL / LOKPRIYA GOPINATH BORDOLOI INTL,26.1,91.583,11.1,1013.9,100.0
1957-12-15T03:00:00,42410099999,GUWAHATI INTL / LOKPRIYA GOPINATH BORDOLOI INTL,26.1,91.583,15.0,1016.2,93.14
1957-12-15T06:00:00,42410099999,GUWAHATI INTL / LOKPRIYA GOPINATH BORDOLOI INTL,26.1,91.583,22.2,1013.5,63.72
1957-12-15T18:00:00,42410099999,GUWAHATI INTL / LOKPRIYA GOPINATH BORDOLOI INTL,26.1,91.583,12.8,1013.1,96.14
1957-12-16T00:00:00,42410099999,GUWAHATI INTL / LOKPRIYA GOPINATH BORDOLOI INTL,26.1,91.583,11.1,1013.0,100.0
1957-12-16T03:00:00,42410099999,GUWAHATI INTL / LOKPRIYA GOPINATH BORDOLOI INTL,26.1,91.583,16.1,1016.5,86.8
1957-12-16T06:00:00,42410099999,GUWAHATI INTL / LOKPRIYA GOPINATH BORDOLOI INTL,26.1,91.583,22.8,1013.7,57.23
1957-12-16T18:00:00,42410099999,GUWAHATI INTL / LOKPRIYA GOPINATH BORDOLOI INTL,26.1,91.583,12.8,1014.3,96.14
1957-12-17T00:00:00,42410099999,GUWAHATI INTL / LOKPRIYA GOPINATH BORDOLOI INTL,26.1,91.583,11.1,1014.0,100.0
1957-12-17T03:00:00,42410099999,GUWAHATI INTL / LOKPRIYA GOPINATH BORDOLOI INTL,26.1,91.583,16.1,1016.5,86.8
1957-12-17T06:00:00,42410099999,GUWAHATI INTL / LOKPRIYA GOPINATH BORDOLOI INTL,26.1,91.583,22.8,1013.7,57.23
1957-12-17T18:00:00,42410099999,GUWAHATI INTL / LOKPRIYA GOPINATH BORDOLOI INTL,26.1,91.583,13.9,1014.2,93.08
1957-12-18T00:00:00,42410099999,GUWAHATI INTL / LOKPRIYA GOPINATH BORDOLOI INTL,26.1,91.583,12.2,1014.3,100.0
1957-12-18T03:00:00,42410099999,GUWAHATI INTL / LOKPRIYA GOPINATH BORDOLOI INTL,26.1,91.583,16.1,1016.4,93.2
1957-12-18T06:00:00,42410099999,GUWAHATI INTL / LOKPRIYA GOPINATH BORDOLOI INTL,26.1,91.583,22.2,1014.3,59.35
1957-12-18T18:00:00,42410099999,GUWAHATI INTL / LOKPRIYA GOPINATH BORDOLOI INTL,26.1,91.583,17.2,1016.5,86.91
1957-12-19T00:00:00,42410099999,GUWAHATI INTL / LOKPRIYA GOPINATH BORDOLOI INTL,26.1,91.583,12.8,1016.6,100.0
1957-12-19T03:00:00,42410099999,GUWAHATI INTL / LOKPRIYA GOPINATH BORDOLOI INTL,26.1,91.583,17.2,1018.5,93.25
1957-12-19T06:00:00,42410099999,GUWAHATI INTL / LOKPRIYA GOPINATH BORDOLOI INTL,26.1,91.583,22.8,1015.7,57.23
1957-12-19T18:00:00,42410099999,GUWAHATI INTL / LOKPRIYA GOPINATH BORDOLOI INTL,26.1,91.583,12.8,1016.1,96.14
1957-12-20T00:00:00,42410099999,GUWAHATI INTL / LOKPRIYA GOPINATH BORDOLOI INTL,26.1,91.583,11.1,1015.2,92.93
1957-12-20T03:00:00,42410099999,GUWAHATI INTL / LOKPRIYA GOPINATH BORDOLOI INTL,26.1,91.583,17.2,1017.6,86.91
1957-12-20T06:00:00,42410099999,GUWAHATI INTL / LOKPRIYA GOPINATH BORDOLOI INTL,26.1,91.583,22.8,1014.5,61.44
1957-12-20T18:00:00,42410099999,GUWAHATI INTL / LOKPRIYA GOPINATH BORDOLOI INTL,26.1,91.583,13.9,1015.4,93.08
1957-12-21T00:00:00,42410099999,GUWAHATI INTL / LOKPRIYA GOPINATH BORDOLOI INTL,26.1,91.583,12.2,1015.6,100.0
1957-12-21T03:00:00,42410099999,GUWAHATI INTL / LOKPRIYA GOPINATH BORDOLOI INTL,26.1,91.583,16.1,1017.8,86.8
1957-12-21T06:00:00,42410099999,GUWAHATI INTL / LOKPRIYA GOPINATH BORDOLOI INTL,26.1,91.583,22.8,1014.9,65.93
1957-12-21T18:00:00,42410099999,GUWAHATI INTL / LOKPRIYA GOPINATH BORDOLOI INTL,26.1,91.583,12.8,1016.3,96.14
1957-12-22T00:00:00,42410099999,GUWAHATI INTL / LOKPRIYA GOPINATH BORDOLOI INTL,26.1,91.583,10.0,1016.6,100.0
1957-12-22T06:00:00,42410099999,GUWAHATI INTL / LOKPRIYA GOPINATH BORDOLOI INTL,26.1,91.583,22.2,1016.8,59.35
1957-12-22T12:00:00,42410099999,GUWAHATI INTL / LOKPRIYA GOPINATH BORDOLOI INTL,26.1,91.583,21.1,1014.7,73.13
1957-12-22T18:00:00,42410099999,GUWAHATI INTL / LOKPRIYA GOPINATH BORDOLOI INTL,26.1,91.583,12.2,1016.6,92.99
1957-12-23T00:00:00,42410099999,GUWAHATI INTL / LOKPRIYA GOPINATH BORDOLOI INTL,26.1,91.583,10.0,1015.9,100.0
1957-12-23T03:00:00,42410099999,GUWAHATI INTL / LOKPRIYA GOPINATH BORDOLOI INTL,26.1,91.583,13.9,1018.3,93.08
1957-12-23T06:00:00,42410099999,GUWAHATI INTL / LOKPRIYA GOPINATH BORDOLOI INTL,26.1,91.583,22.2,1015.3,59.35
1957-12-23T12:00:00,42410099999,GUWAHATI INTL / LOKPRIYA GOPINATH BORDOLOI INTL,26.1,91.583,20.0,1012.8,78.26
1957-12-23T18:00:00,42410099999,GUWAHATI INTL / LOKPRIYA GOPINATH BORDOLOI INTL,26.1,91.583,12.8,1014.3,96.14
1957-12-24T00:00:00,42410099999,GUWAHATI INTL / LOKPRIYA GOPINATH BORDOLOI INTL,26.1,91.583,10.0,1015.2,100.0
1957-12-24T03:00:00,42410099999,GUWAHATI INTL / LOKPRIYA GOPINATH BORDOLOI INTL,26.1,91.583,15.0,1017.3,93.14
1957-12-24T06:00:00,42410099999,GUWAHATI INTL / LOKPRIYA GOPINATH BORDOLOI INTL,26.1,91.583,22.2,1014.4,59.35
1957-12-24T18:00:00,42410099999,GUWAHATI INTL / LOKPRIYA GOPINATH BORDOLOI INTL,26.1,91.583,13.9,1015.1,93.08
1957-12-25T00:00:00,42410099999,GUWAHATI INTL / LOKPRIYA GOPINATH BORDOLOI INTL,26.1,91.583,12.2,1014.6,92.99
1957-12-25T03:00:00,42410099999,GUWAHATI INTL / LOKPRIYA GOPINATH BORDOLOI INTL,26.1,91.583,15.0,1015.5,93.14
1957-12-25T06:00:00,42410099999,GUWAHATI INTL / LOKPRIYA GOPINATH BORDOLOI INTL,26.1,91.583,23.9,1013.2,53.55
1957-12-25T18:00:00,42410099999,GUWAHATI INTL / LOKPRIYA GOPINATH BORDOLOI INTL,26.1,91.583,13.9,1013.9,93.08
1957-12-26T00:00:00,42410099999,GUWAHATI INTL / LOKPRIYA GOPINATH BORDOLOI INTL,26.1,91.583,11.1,1013.7,100.0
1957-12-26T03:00:00,42410099999,GUWAHATI INTL / LOKPRIYA GOPINATH BORDOLOI INTL,26.1,91.583,20.0,1017.1,67.93
1957-12-26T06:00:00,42410099999,GUWAHATI INTL / LOKPRIYA GOPINATH BORDOLOI INTL,26.1,91.583,22.2,1014.0,59.35
1957-12-26T18:00:00,42410099999,GUWAHATI INTL / LOKPRIYA GOPINATH BORDOLOI INTL,26.1,91.583,12.8,1013.8,96.14
1957-12-27T00:00:00,42410099999,GUWAHATI INTL / LOKPRIYA GOPINATH BORDOLOI INTL,26.1,91.583,10.0,1013.7,100.0
1957-12-27T06:00:00,42410099999,GUWAHATI INTL / LOKPRIYA GOPINATH BORDOLOI INTL,26.1,91.583,22.8,1014.7,57.23
1957-12-27T12:00:00,42410099999,GUWAHATI INTL / LOKPRIYA GOPINATH BORDOLOI INTL,26.1,91.583,21.1,1013.4,73.13
1957-12-27T18:00:00,42410099999,GUWAHATI INTL / LOKPRIYA GOPINATH BORDOLOI INTL,26.1,91.583,12.8,1015.0,96.14
1957-12-28T00:00:00,42410099999,GUWAHATI INTL / LOKPRIYA GOPINATH BORDOLOI INTL,26.1,91.583,11.1,1015.7,100.0
1957-12-28T03:00:00,42410099999,GUWAHATI INTL / LOKPRIYA GOPINATH BORDOLOI INTL,26.1,91.583,15.0,1018.6,93.14
1957-12-28T06:00:00,42410099999,GUWAHATI INTL / LOKPRIYA GOPINATH BORDOLOI INTL,26.1,91.583,22.2,1016.2,59.35
1957-12-28T12:00:00,42410099999,GUWAHATI INTL / LOKPRIYA GOPINATH BORDOLOI INTL,26.1,91.583,21.1,1015.5,73.13
1957-12-28T18:00:00,42410099999,GUWAHATI INTL / LOKPRIYA GOPINATH BORDOLOI INTL,26.1,91.583,17.8,1016.7,96.28
1957-12-29T00:00:00,42410099999,GUWAHATI INTL / LOKPRIYA GOPINATH BORDOLOI INTL,26.1,91.583,12.8,1016.5,96.14
1957-12-29T03:00:00,42410099999,GUWAHATI INTL / LOKPRIYA GOPINATH BORDOLOI INTL,26.1,91.583,16.1,1019.0,93.2
1957-12-29T06:00:00,42410099999,GUWAHATI INTL / LOKPRIYA GOPINATH BORDOLOI INTL,26.1,91.583,22.2,1016.0,59.35
1957-12-29T18:00:00,42410099999,GUWAHATI INTL / LOKPRIYA GOPINATH BORDOLOI INTL,26.1,91.583,15.0,1016.2,86.7
1957-12-30T00:00:00,42410099999,GUWAHATI INTL / LOKPRIYA GOPINATH BORDOLOI INTL,26.1,91.583,12.2,1015.4,92.99
1957-12-30T03:00:00,42410099999,GUWAHATI INTL / LOKPRIYA GOPINATH BORDOLOI INTL,26.1,91.583,15.0,1014.9,93.14
1957-12-30T06:00:00,42410099999,GUWAHATI INTL / LOKPRIYA GOPINATH BORDOLOI INTL,26.1,91.583,22.8,1014.8,57.23
1957-12-30T18:00:00,42410099999,GUWAHATI INTL / LOKPRIYA GOPINATH BORDOLOI INTL,26.1,91.583,12.8,1016.4,96.14
1957-12-31T00:00:00,42410099999,GUWAHATI INTL / LOKPRIYA GOPINATH BORDOLOI INTL,26.1,91.583,10.0,1015.6,100.0
1957-12-31T03:00:00,42410099999,GUWAHATI INTL / LOKPRIYA GOPINATH BORDOLOI INTL,26.1,91.583,16.1,1018.0,86.8
1957-12-31T06:00:00,42410099999,GUWAHATI INTL / LOKPRIYA GOPINATH BORDOLOI INTL,26.1,91.583,22.2,1015.3,59.35
1957-12-31T18:00:00,42410099999,GUWAHATI INTL / LOKPRIYA GOPINATH BORDOLOI INTL,26.1,91.583,13.9,1015.1,93.08
