timestamp,station_id,station_name,latitude,longitude,temperature,pressure,humidity
2001-01-01T00:00:00,42571099999,SATNA,24.56,80.82,14.6,1012.2,93.12
2001-01-01T03:00:00,42571099999,SATNA,24.56,80.82,14.1,1013.6,97.44
2001-01-01T06:00:00,42571099999,SATNA,24.56,80.82,15.0,1013.6,95.58
2001-01-01T09:00:00,42571099999,SATNA,24.56,80.82,17.8,1010.8,85.31
2001-01-01T12:00:00,42571099999,SATNA,24.56,80.82,16.8,1011.0,89.71
2001-01-01T15:00:00,42571099999,SATNA,24.56,80.82,15.4,1012.7,93.16
2001-01-01T18:00:00,42571099999,SATNA,24.56,80.82,13.0,1013.9,100.0
2001-01-02T00:00:00,42571099999,SATNA,24.56,80.82,10.6,1014.5,100.0
2001-01-02T03:00:00,42571099999,SATNA,24.56,80.82,12.0,1016.9,94.85
2001-01-02T06:00:00,42571099999,SATNA,24.56,80.82,18.4,1016.0,76.53
2001-01-02T09:00:00,42571099999,SATNA,24.56,80.82,22.0,1013.2,53.41
2001-01-02T12:00:00,42571099999,SATNA,24.56,80.82,19.0,1014.0,71.82
2001-01-02T15:00:00,42571099999,SATNA,24.56,80.82,14.2,1017.5,93.1
2001-01-02T18:00:00,42571099999,SATNA,24.56,80.82,13.2,1017.7,93.05
2001-01-02T21:00:00,42571099999,SATNA,24.56,80.82,12.2,1017.1,92.99
2001-01-03T00:00:00,42571099999,SATNA,24.56,80.82,11.4,1017.2,92.33
2001-01-03T03:00:00,42571099999,SATNA,24.56,80.82,10.8,1019.8,97.37
2001-01-03T06:00:00,42571099999,SATNA,24.56,80.82,15.4,1019.4,68.35
2001-01-03T12:00:00,42571099999,SATNA,24.56,80.82,19.6,1015.4,65.25
2001-01-03T18:00:00,42571099999,SATNA,24.56,80.82,11.0,1017.4,89.86
2001-01-04T03:00:00,42571099999,SATNA,24.56,80.82,9.0,1019.8,86.69
2001-01-04T06:00:00,42571099999,SATNA,24.56,80.82,17.6,1018.6,65.25
2001-01-04T09:00:00,42571099999,SATNA,24.56,80.82,20.6,1015.8,54.84
2001-01-04T12:00:00,42571099999,SATNA,24.56,80.82,17.4,1016.3,70.59
2001-01-04T15:00:00,42571099999,SATNA,24.56,80.82,15.0,1018.3,68.27
2001-01-05T00:00:00,42571099999,SATNA,24.56,80.82,9.6,1018.0,92.23
2001-01-05T03:00:00,42571099999,SATNA,24.56,80.82,9.6,1019.7,86.75
2001-01-05T06:00:00,42571099999,SATNA,24.56,80.82,15.2,1018.6,66.5
2001-01-05T09:00:00,42571099999,SATNA,24.56,80.82,18.0,1015.2,54.91
2001-01-05T12:00:00,42571099999,SATNA,24.56,80.82,18.0,1015.6,47.92
2001-01-05T15:00:00,42571099999,SATNA,24.56,80.82,12.8,1018.3,63.75
2001-01-05T18:00:00,42571099999,SATNA,24.56,80.82,9.6,1018.9,86.75
2001-01-06T03:00:00,42571099999,SATNA,24.56,80.82,6.0,1021.0,97.27
2001-01-06T06:00:00,42571099999,SATNA,24.56,80.82,14.0,1019.5,61.86
2001-01-06T09:00:00,42571099999,SATNA,24.56,80.82,17.6,1015.6,47.48
2001-01-06T12:00:00,42571099999,SATNA,24.56,80.82,18.4,1014.5,48.69
2001-01-06T15:00:00,42571099999,SATNA,24.56,80.82,12.6,1017.1,72.08
2001-01-06T18:00:00,42571099999,SATNA,24.56,80.82,9.6,1017.4,92.23
2001-01-07T00:00:00,42571099999,SATNA,24.56,80.82,6.6,1015.5,90.78
2001-01-07T03:00:00,42571099999,SATNA,24.56,80.82,9.2,1017.0,83.79
2001-01-07T09:00:00,42571099999,SATNA,24.56,80.82,18.0,1012.2,46.3
2001-01-07T12:00:00,42571099999,SATNA,24.56,80.82,20.6,1011.2,43.94
2001-01-07T15:00:00,42571099999,SATNA,24.56,80.82,15.0,1013.8,66.0
2001-01-07T18:00:00,42571099999,SATNA,24.56,80.82,12.6,1013.9,74.57
2001-01-08T00:00:00,42571099999,SATNA,24.56,80.82,12.0,1013.0,78.63
2001-01-08T03:00:00,42571099999,SATNA,24.56,80.82,12.0,1013.9,76.0
2001-01-08T06:00:00,42571099999,SATNA,24.56,80.82,18.4,1013.5,58.83
2001-01-08T09:00:00,42571099999,SATNA,24.56,80.82,20.4,1010.9,53.0
2001-01-08T12:00:00,42571099999,SATNA,24.56,80.82,19.8,1011.2,35.02
2001-01-08T18:00:00,42571099999,SATNA,24.56,80.82,11.4,1015.9,78.0
2001-01-09T00:00:00,42571099999,SATNA,24.56,80.82,7.6,1015.9,88.37
2001-01-09T03:00:00,42571099999,SATNA,24.56,80.82,9.6,1018.0,79.35
2001-01-09T06:00:00,42571099999,SATNA,24.56,80.82,18.0,1017.2,47.92
2001-01-09T09:00:00,42571099999,SATNA,24.56,80.82,22.0,1013.7,27.9
2001-01-09T12:00:00,42571099999,SATNA,24.56,80.82,20.0,1014.0,32.46
2001-01-09T15:00:00,42571099999,SATNA,24.56,80.82,13.8,1016.2,68.95
2001-01-09T18:00:00,42571099999,SATNA,24.56,80.82,9.4,1017.3,68.53
2001-01-09T21:00:00,42571099999,SATNA,24.56,80.82,7.0,1017.3,74.1
2001-01-10T00:00:00,42571099999,SATNA,24.56,80.82,6.0,1018.0,84.59
2001-01-10T03:00:00,42571099999,SATNA,24.56,80.82,11.6,1019.1,57.54
2001-01-10T09:00:00,42571099999,SATNA,24.56,80.82,22.8,1014.3,23.03
2001-01-10T12:00:00,42571099999,SATNA,24.56,80.82,20.0,1014.0,40.03
2001-01-10T15:00:00,42571099999,SATNA,24.56,80.82,14.0,1016.1,50.94
2001-01-10T18:00:00,42571099999,SATNA,24.56,80.82,9.6,1017.0,74.04
2001-01-11T06:00:00,42571099999,SATNA,24.56,80.82,19.0,1015.3,38.38
2001-01-11T09:00:00,42571099999,SATNA,24.56,80.82,23.0,1011.9,24.8
2001-01-11T12:00:00,42571099999,SATNA,24.56,80.82,19.0,1012.4,42.89
2001-01-11T15:00:00,42571099999,SATNA,24.56,80.82,16.8,1014.3,54.97
2001-01-11T18:00:00,42571099999,SATNA,24.56,80.82,9.0,1015.4,73.42
2001-01-12T06:00:00,42571099999,SATNA,24.56,80.82,20.4,1014.3,40.7
2001-01-12T09:00:00,42571099999,SATNA,24.56,80.82,23.2,1011.5,34.07
2001-01-12T12:00:00,42571099999,SATNA,24.56,80.82,21.2,1011.9,39.02
2001-01-13T03:00:00,42571099999,SATNA,24.56,80.82,12.0,1017.3,52.21
2001-01-13T06:00:00,42571099999,SATNA,24.56,80.82,20.0,1016.3,31.11
2001-01-13T09:00:00,42571099999,SATNA,24.56,80.82,21.8,1013.2,27.07
2001-01-13T12:00:00,42571099999,SATNA,24.56,80.82,20.0,1013.8,40.03
2001-01-13T15:00:00,42571099999,SATNA,24.56,80.82,18.0,1016.2,44.73
2001-01-13T18:00:00,42571099999,SATNA,24.56,80.82,11.0,1016.9,87.48
2001-01-14T03:00:00,42571099999,SATNA,24.56,80.82,8.4,1018.5,78.08
2001-01-14T06:00:00,42571099999,SATNA,24.56,80.82,21.0,1017.0,34.39
2001-01-14T09:00:00,42571099999,SATNA,24.56,80.82,23.0,1013.6,37.69
2001-01-14T12:00:00,42571099999,SATNA,24.56,80.82,23.0,1013.6,34.96
2001-01-14T15:00:00,42571099999,SATNA,24.56,80.82,15.6,1016.4,49.62
2001-01-14T18:00:00,42571099999,SATNA,24.56,80.82,12.6,1016.7,63.26
2001-01-15T00:00:00,42571099999,SATNA,24.56,80.82,6.8,1016.5,79.49
2001-01-15T06:00:00,42571099999,SATNA,24.56,80.82,20.0,1018.0,40.31
2001-01-15T09:00:00,42571099999,SATNA,24.56,80.82,21.8,1014.6,34.38
2001-01-15T12:00:00,42571099999,SATNA,24.56,80.82,22.2,1014.1,34.97
2001-01-16T03:00:00,42571099999,SATNA,24.56,80.82,13.0,1018.8,83.67
2001-01-16T06:00:00,42571099999,SATNA,24.56,80.82,20.6,1018.2,51.65
2001-01-16T09:00:00,42571099999,SATNA,24.56,80.82,23.0,1014.5,37.44
2001-01-16T12:00:00,42571099999,SATNA,24.56,80.82,22.6,1014.4,39.95
2001-01-16T15:00:00,42571099999,SATNA,24.56,80.82,16.0,1017.4,68.93
2001-01-16T18:00:00,42571099999,SATNA,24.56,80.82,13.4,1018.1,67.48
2001-01-16T21:00:00,42571099999,SATNA,24.56,80.82,11.6,1018.1,69.94
2001-01-17T00:00:00,42571099999,SATNA,24.56,80.82,9.6,1018.5,74.04
2001-01-17T03:00:00,42571099999,SATNA,24.56,80.82,11.2,1020.6,68.42
2001-01-17T09:00:00,42571099999,SATNA,24.56,80.82,25.0,1015.6,29.55
2001-01-17T12:00:00,42571099999,SATNA,24.56,80.82,22.6,1015.0,34.37
2001-01-17T18:00:00,42571099999,SATNA,24.56,80.82,12.6,1017.7,70.13
2001-01-18T00:00:00,42571099999,SATNA,24.56,80.82,7.6,1017.7,77.41
2001-01-18T03:00:00,42571099999,SATNA,24.56,80.82,13.0,1019.5,55.52
2001-01-18T06:00:00,42571099999,SATNA,24.56,80.82,22.0,1017.7,36.14
2001-01-18T12:00:00,42571099999,SATNA,24.56,80.82,24.0,1014.5,36.71
2001-01-18T15:00:00,42571099999,SATNA,24.56,80.82,17.0,1017.1,41.15
2001-01-18T18:00:00,42571099999,SATNA,24.56,80.82,12.6,1017.4,65.48
2001-01-19T00:00:00,42571099999,SATNA,24.56,80.82,7.6,1017.4,80.17
2001-01-19T06:00:00,42571099999,SATNA,24.56,80.82,22.0,1017.4,36.14
2001-01-19T09:00:00,42571099999,SATNA,24.56,80.82,23.8,1014.2,31.31
2001-01-19T12:00:00,42571099999,SATNA,24.56,80.82,24.0,1012.6,46.09
2001-01-19T15:00:00,42571099999,SATNA,24.56,80.82,18.0,1016.0,39.74
2001-01-19T18:00:00,42571099999,SATNA,24.56,80.82,14.0,1016.4,67.15
2001-01-19T21:00:00,42571099999,SATNA,24.56,80.82,11.2,1015.9,75.35
2001-01-20T03:00:00,42571099999,SATNA,24.56,80.82,14.0,1017.2,56.95
2001-01-20T06:00:00,42571099999,SATNA,24.56,80.82,22.0,1016.7,46.16
2001-01-20T09:00:00,42571099999,SATNA,24.56,80.82,25.8,1013.3,38.23
2001-01-20T12:00:00,42571099999,SATNA,24.56,80.82,24.8,1012.0,41.67
2001-01-20T18:00:00,42571099999,SATNA,24.56,80.82,17.4,1014.1,52.21
2001-01-21T00:00:00,42571099999,SATNA,24.56,80.82,11.6,1012.7,80.73
2001-01-21T03:00:00,42571099999,SATNA,24.56,80.82,15.4,1014.1,58.89
2001-01-21T06:00:00,42571099999,SATNA,24.56,80.82,26.2,1012.3,43.75
2001-01-21T09:00:00,42571099999,SATNA,24.56,80.82,27.6,1008.3,36.02
2001-01-21T12:00:00,42571099999,SATNA,24.56,80.82,27.4,1007.0,35.73
2001-01-21T15:00:00,42571099999,SATNA,24.56,80.82,23.0,1009.5,37.69
2001-01-21T18:00:00,42571099999,SATNA,24.56,80.82,18.2,1010.3,65.81
2001-01-21T21:00:00,42571099999,SATNA,24.56,80.82,15.0,1008.3,78.55
2001-01-22T00:00:00,42571099999,SATNA,24.56,80.82,13.4,1008.7,83.72
2001-01-22T06:00:00,42571099999,SATNA,24.56,80.82,24.0,1009.8,42.0
2001-01-22T09:00:00,42571099999,SATNA,24.56,80.82,26.0,1006.9,36.05
2001-01-22T15:00:00,42571099999,SATNA,24.56,80.82,19.2,1009.7,54.85
2001-01-22T18:00:00,42571099999,SATNA,24.56,80.82,16.6,1011.2,65.91
2001-01-23T00:00:00,42571099999,SATNA,24.56,80.82,12.2,1010.8,83.02
2001-01-23T03:00:00,42571099999,SATNA,24.56,80.82,15.0,1012.5,64.24
2001-01-23T06:00:00,42571099999,SATNA,24.56,80.82,23.0,1012.1,37.69
2001-01-23T09:00:00,42571099999,SATNA,24.56,80.82,25.0,1009.7,34.35
2001-01-23T15:00:00,42571099999,SATNA,24.56,80.82,17.0,1013.5,44.76
2001-01-23T18:00:00,42571099999,SATNA,24.56,80.82,15.0,1014.3,57.99
2001-01-24T03:00:00,42571099999,SATNA,24.56,80.82,11.0,1017.1,63.33
2001-01-24T06:00:00,42571099999,SATNA,24.56,80.82,18.8,1016.1,36.49
2001-01-24T09:00:00,42571099999,SATNA,24.56,80.82,21.0,1012.2,30.09
2001-01-24T15:00:00,42571099999,SATNA,24.56,80.82,15.4,1014.2,41.86
2001-01-24T18:00:00,42571099999,SATNA,24.56,80.82,13.0,1011.8,51.38
2001-01-25T00:00:00,42571099999,SATNA,24.56,80.82,6.0,1015.1,84.59
2001-01-25T03:00:00,42571099999,SATNA,24.56,80.82,8.4,1016.8,59.66
2001-01-25T06:00:00,42571099999,SATNA,24.56,80.82,19.4,1015.2,28.38
2001-01-25T09:00:00,42571099999,SATNA,24.56,80.82,23.0,1010.5,23.42
2001-01-25T12:00:00,42571099999,SATNA,24.56,80.82,22.0,1010.9,22.66
2001-01-25T15:00:00,42571099999,SATNA,24.56,80.82,16.0,1013.0,46.71
2001-01-25T18:00:00,42571099999,SATNA,24.56,80.82,13.8,1013.5,50.53
2001-01-26T00:00:00,42571099999,SATNA,24.56,80.82,8.0,,91.5
2001-01-26T03:00:00,42571099999,SATNA,24.56,80.82,9.0,1014.6,48.47
2001-01-26T06:00:00,42571099999,SATNA,24.56,80.82,22.0,1013.4,24.01
2001-01-26T12:00:00,42571099999,SATNA,24.56,80.82,23.0,1011.1,24.8
2001-01-26T15:00:00,42571099999,SATNA,24.56,80.82,16.0,1013.1,37.51
2001-01-27T03:00:00,42571099999,SATNA,24.56,80.82,10.4,1016.1,51.04
2001-01-27T06:00:00,42571099999,SATNA,24.56,80.82,22.7,1014.3,30.15
2001-01-27T12:00:00,42571099999,SATNA,24.56,80.82,24.4,1011.0,20.17
2001-01-27T18:00:00,42571099999,SATNA,24.56,80.82,12.6,1015.0,50.55
2001-01-27T21:00:00,42571099999,SATNA,24.56,80.82,11.0,1014.8,61.15
2001-01-28T00:00:00,42571099999,SATNA,24.56,80.82,9.0,1015.2,73.42
2001-01-28T03:00:00,42571099999,SATNA,24.56,80.82,11.6,1017.1,64.36
2001-01-28T06:00:00,42571099999,SATNA,24.56,80.82,22.6,1014.5,26.52
2001-01-28T09:00:00,42571099999,SATNA,24.56,80.82,25.0,1011.8,23.62
2001-01-28T12:00:00,42571099999,SATNA,24.56,80.82,24.8,1011.3,24.42
2001-01-28T15:00:00,42571099999,SATNA,24.56,80.82,19.0,1012.9,38.38
2001-01-28T18:00:00,42571099999,SATNA,24.56,80.82,14.0,1013.9,56.95
2001-01-29T00:00:00,42571099999,SATNA,24.56,80.82,10.0,1013.7,69.62
2001-01-29T03:00:00,42571099999,SATNA,24.56,80.82,12.6,1015.9,54.64
2001-01-29T09:00:00,42571099999,SATNA,24.56,80.82,27.0,1010.8,19.68
2001-01-29T12:00:00,42571099999,SATNA,24.56,80.82,26.6,1011.1,33.42
2001-01-29T15:00:00,42571099999,SATNA,24.56,80.82,21.4,1013.3,46.61
2001-01-29T18:00:00,42571099999,SATNA,24.56,80.82,15.0,1014.2,57.99
2001-01-30T00:00:00,42571099999,SATNA,24.56,80.82,9.2,1013.0,83.79
2001-01-30T03:00:00,42571099999,SATNA,24.56,80.82,14.0,1015.2,56.95
2001-01-30T06:00:00,42571099999,SATNA,24.56,80.82,26.0,1012.7,30.03
2001-01-30T12:00:00,42571099999,SATNA,24.56,80.82,29.4,1009.1,27.82
2001-01-30T15:00:00,42571099999,SATNA,24.56,80.82,20.2,1012.1,49.51
2001-01-30T18:00:00,42571099999,SATNA,24.56,80.82,16.0,1011.0,59.44
2001-01-30T21:00:00,42571099999,SATNA,24.56,80.82,14.0,1010.7,67.15
2001-01-31T00:00:00,42571099999,SATNA,24.56,80.82,12.8,1010.9,72.11
2001-01-31T03:00:00,42571099999,SATNA,24.56,80.82,16.2,1012.1,54.07
2001-01-31T06:00:00,42571099999,SATNA,24.56,80.82,28.0,1010.5,33.15
2001-01-31T09:00:00,42571099999,SATNA,24.56,80.82,30.0,1007.4,30.73
2001-01-31T12:00:00,42571099999,SATNA,24.56,80.82,31.4,1006.9,30.71
2001-01-31T15:00:00,42571099999,SATNA,24.56,80.82,23.0,1010.0,37.18
2001-01-31T18:00:00,42571099999,SATNA,24.56,80.82,18.0,1011.0,54.54
2001-02-01T03:00:00,42571099999,SATNA,24.56,80.82,15.6,1013.2,68.85
2001-02-01T06:00:00,42571099999,SATNA,24.56,80.82,23.0,1012.4,24.8
2001-02-01T09:00:00,42571099999,SATNA,24.56,80.82,26.4,1009.7,38.91
2001-02-01T12:00:00,42571099999,SATNA,24.56,80.82,23.0,1010.5,44.61
2001-02-01T15:00:00,42571099999,SATNA,24.56,80.82,19.4,1012.2,51.68
2001-02-01T18:00:00,42571099999,SATNA,24.56,80.82,18.0,1012.1,53.08
2001-02-01T21:00:00,42571099999,SATNA,24.56,80.82,17.0,1011.7,58.88
2001-02-02T00:00:00,42571099999,SATNA,24.56,80.82,16.0,1012.1,65.34
2001-02-02T03:00:00,42571099999,SATNA,24.56,80.82,15.0,1014.9,60.01
2001-02-02T06:00:00,42571099999,SATNA,24.56,80.82,19.8,1014.5,44.32
2001-02-02T09:00:00,42571099999,SATNA,24.56,80.82,33.8,1011.8,22.56
2001-02-02T12:00:00,42571099999,SATNA,24.56,80.82,23.6,1008.5,41.33
2001-02-02T15:00:00,42571099999,SATNA,24.56,80.82,19.0,1012.6,56.29
2001-02-02T18:00:00,42571099999,SATNA,24.56,80.82,13.4,1013.8,62.15
2001-02-03T00:00:00,42571099999,SATNA,24.56,80.82,9.0,1013.6,78.71
2001-02-03T03:00:00,42571099999,SATNA,24.56,80.82,11.6,1015.0,57.54
2001-02-03T06:00:00,42571099999,SATNA,24.56,80.82,20.0,1014.1,47.82
2001-02-03T09:00:00,42571099999,SATNA,24.56,80.82,24.0,1009.9,35.49
2001-02-03T12:00:00,42571099999,SATNA,24.56,80.82,24.0,1009.3,35.49
2001-02-03T15:00:00,42571099999,SATNA,24.56,80.82,15.4,1012.1,56.91
2001-02-03T18:00:00,42571099999,SATNA,24.56,80.82,11.4,1012.8,73.35
2001-02-03T21:00:00,42571099999,SATNA,24.56,80.82,9.0,1012.6,76.03
2001-02-04T00:00:00,42571099999,SATNA,24.56,80.82,6.4,1012.6,82.29
2001-02-04T03:00:00,42571099999,SATNA,24.56,80.82,12.0,1014.3,53.72
2001-02-04T06:00:00,42571099999,SATNA,24.56,80.82,20.0,1013.9,47.82
2001-02-04T09:00:00,42571099999,SATNA,24.56,80.82,22.0,1010.1,43.16
2001-02-04T12:00:00,42571099999,SATNA,24.56,80.82,23.4,1008.9,43.84
2001-02-04T15:00:00,42571099999,SATNA,24.56,80.82,16.6,1011.2,81.93
2001-02-04T18:00:00,42571099999,SATNA,24.56,80.82,14.4,1011.9,69.54
2001-02-04T21:00:00,42571099999,SATNA,24.56,80.82,11.0,1011.9,70.79
2001-02-05T00:00:00,42571099999,SATNA,24.56,80.82,8.4,1011.9,75.4
2001-02-05T03:00:00,42571099999,SATNA,24.56,80.82,14.4,1013.3,63.24
2001-02-05T06:00:00,42571099999,SATNA,24.56,80.82,21.4,1013.4,53.61
2001-02-05T09:00:00,42571099999,SATNA,24.56,80.82,25.4,1009.7,50.24
2001-02-05T12:00:00,42571099999,SATNA,24.56,80.82,24.4,1009.6,51.97
2001-02-05T18:00:00,42571099999,SATNA,24.56,80.82,14.6,1013.3,77.97
2001-02-06T00:00:00,42571099999,SATNA,24.56,80.82,9.6,1013.5,92.23
2001-02-06T03:00:00,42571099999,SATNA,24.56,80.82,11.4,1015.9,78.0
2001-02-06T06:00:00,42571099999,SATNA,24.56,80.82,22.4,1015.3,45.05
2001-02-06T09:00:00,42571099999,SATNA,24.56,80.82,26.4,1011.8,41.02
2001-02-06T15:00:00,42571099999,SATNA,24.56,80.82,16.0,1014.6,41.15
2001-02-06T18:00:00,42571099999,SATNA,24.56,80.82,13.4,1015.0,56.01
2001-02-07T03:00:00,42571099999,SATNA,24.56,80.82,12.0,1016.3,53.72
2001-02-07T06:00:00,42571099999,SATNA,24.56,80.82,23.0,1015.1,31.08
2001-02-07T09:00:00,42571099999,SATNA,24.56,80.82,27.0,1012.5,26.07
2001-02-07T12:00:00,42571099999,SATNA,24.56,80.82,26.0,1012.4,27.65
2001-02-07T15:00:00,42571099999,SATNA,24.56,80.82,16.4,1014.6,47.15
2001-02-08T00:00:00,42571099999,SATNA,24.56,80.82,9.0,1014.2,65.6
2001-02-08T03:00:00,42571099999,SATNA,24.56,80.82,15.6,1015.7,44.05
2001-02-08T09:00:00,42571099999,SATNA,24.56,80.82,25.2,1012.2,33.48
2001-02-08T12:00:00,42571099999,SATNA,24.56,80.82,25.4,1010.5,26.73
2001-02-08T15:00:00,42571099999,SATNA,24.56,80.82,18.0,1012.8,44.73
2001-02-09T06:00:00,42571099999,SATNA,24.56,80.82,23.2,1013.4,23.81
2001-02-09T09:00:00,42571099999,SATNA,24.56,80.82,26.4,1010.1,25.02
2001-02-09T12:00:00,42571099999,SATNA,24.56,80.82,25.0,1010.4,27.18
2001-02-09T15:00:00,42571099999,SATNA,24.56,80.82,17.6,1012.7,45.55
2001-02-10T03:00:00,42571099999,SATNA,24.56,80.82,12.8,1014.0,61.58
2001-02-10T12:00:00,42571099999,SATNA,24.56,80.82,25.6,1008.8,31.82
2001-02-10T15:00:00,42571099999,SATNA,24.56,80.82,19.0,1011.2,54.43
2001-02-10T18:00:00,42571099999,SATNA,24.56,80.82,15.0,1011.7,57.99
2001-02-10T21:00:00,42571099999,SATNA,24.56,80.82,12.2,1010.0,67.23
2001-02-11T00:00:00,42571099999,SATNA,24.56,80.82,10.4,1010.8,69.7
2001-02-11T03:00:00,42571099999,SATNA,24.56,80.82,14.6,1013.1,42.23
2001-02-11T09:00:00,42571099999,SATNA,24.56,80.82,26.4,,32.7
2001-02-11T12:00:00,42571099999,SATNA,24.56,80.82,24.8,1009.2,61.9
2001-02-11T15:00:00,42571099999,SATNA,24.56,80.82,17.6,1012.0,44.0
2001-02-11T18:00:00,42571099999,SATNA,24.56,80.82,14.0,1012.9,61.02
2001-02-12T12:00:00,42571099999,SATNA,24.56,80.82,26.0,1011.5,21.03
2001-02-14T12:00:00,42571099999,SATNA,24.56,80.82,31.0,1006.7,22.46
2001-02-15T09:00:00,42571099999,SATNA,24.56,80.82,24.6,1009.6,45.35
2001-02-15T12:00:00,42571099999,SATNA,24.56,80.82,24.4,1010.2,53.33
2001-02-15T15:00:00,42571099999,SATNA,24.56,80.82,21.4,1013.2,54.32
2001-02-15T18:00:00,42571099999,SATNA,24.56,80.82,18.0,1015.1,61.96
2001-02-16T06:00:00,42571099999,SATNA,24.56,80.82,24.6,1015.4,53.38
2001-02-16T18:00:00,42571099999,SATNA,24.56,80.82,18.0,1015.3,80.53
2001-02-17T03:00:00,42571099999,SATNA,24.56,80.82,17.6,1016.3,79.96
2001-02-17T06:00:00,42571099999,SATNA,24.56,80.82,25.0,1015.4,47.28
2001-02-17T12:00:00,42571099999,SATNA,24.56,80.82,28.4,1011.3,39.21
2001-02-17T18:00:00,42571099999,SATNA,24.56,80.82,20.0,1014.5,60.8
2001-02-17T21:00:00,42571099999,SATNA,24.56,80.82,18.0,1013.5,80.53
2001-02-18T00:00:00,42571099999,SATNA,24.56,80.82,16.0,1014.2,85.12
2001-02-18T03:00:00,42571099999,SATNA,24.56,80.82,17.0,1015.9,73.84
2001-02-18T06:00:00,42571099999,SATNA,24.56,80.82,26.0,1013.4,42.0
2001-02-18T09:00:00,42571099999,SATNA,24.56,80.82,29.0,1009.7,34.55
2001-02-18T12:00:00,42571099999,SATNA,24.56,80.82,28.0,1009.9,24.58
2001-02-18T15:00:00,42571099999,SATNA,24.56,80.82,22.8,1012.8,52.92
2001-02-18T18:00:00,42571099999,SATNA,24.56,80.82,19.6,1013.3,61.91
2001-02-19T03:00:00,42571099999,SATNA,24.56,80.82,16.6,1015.7,69.51
2001-02-19T06:00:00,42571099999,SATNA,24.56,80.82,25.0,1014.3,32.09
2001-02-19T09:00:00,42571099999,SATNA,24.56,80.82,27.6,1011.0,27.14
2001-02-19T12:00:00,42571099999,SATNA,24.56,80.82,28.0,1010.5,33.15
2001-02-19T15:00:00,42571099999,SATNA,24.56,80.82,22.4,1013.1,40.99
2001-02-19T18:00:00,42571099999,SATNA,24.56,80.82,19.0,1013.7,51.23
2001-02-20T00:00:00,42571099999,SATNA,24.56,80.82,14.4,1013.2,69.54
2001-02-20T06:00:00,42571099999,SATNA,24.56,80.82,27.6,1013.0,27.14
2001-02-20T12:00:00,42571099999,SATNA,24.56,80.82,28.2,1008.4,37.9
2001-02-20T15:00:00,42571099999,SATNA,24.56,80.82,23.4,1009.9,49.39
2001-02-20T18:00:00,42571099999,SATNA,24.56,80.82,21.0,1009.7,50.74
2001-02-21T03:00:00,42571099999,SATNA,24.56,80.82,20.2,1008.9,59.26
2001-02-21T06:00:00,42571099999,SATNA,24.56,80.82,26.6,1008.8,22.1
2001-02-21T09:00:00,42571099999,SATNA,24.56,80.82,30.4,1006.1,40.8
2001-02-22T12:00:00,42571099999,SATNA,24.56,80.82,28.0,1005.0,33.15
2001-02-25T09:00:00,42571099999,SATNA,24.56,80.82,31.6,1001.3,32.84
2001-03-05T03:00:00,42571099999,SATNA,24.56,80.82,19.0,1014.2,80.66
2001-03-08T09:00:00,42571099999,SATNA,24.56,80.82,29.8,1009.3,31.5
2001-03-08T12:00:00,42571099999,SATNA,24.56,80.82,30.4,1007.7,31.25
2001-03-08T18:00:00,42571099999,SATNA,24.56,80.82,21.0,1012.4,47.77
2001-03-08T21:00:00,42571099999,SATNA,24.56,80.82,19.0,1011.0,44.7
2001-03-09T00:00:00,42571099999,SATNA,24.56,80.82,17.0,1011.7,53.55
2001-03-09T03:00:00,42571099999,SATNA,24.56,80.82,21.6,1013.3,49.89
2001-03-09T06:00:00,42571099999,SATNA,24.56,80.82,30.0,1012.5,35.98
2001-03-09T09:00:00,42571099999,SATNA,24.56,80.82,32.6,1009.3,25.13
2001-03-09T12:00:00,42571099999,SATNA,24.56,80.82,31.6,1008.0,28.99
2001-03-09T15:00:00,42571099999,SATNA,24.56,80.82,26.0,1011.1,36.05
2001-03-09T18:00:00,42571099999,SATNA,24.56,80.82,22.0,1012.0,43.16
2001-03-10T00:00:00,42571099999,SATNA,24.56,80.82,16.0,1012.4,59.44
2001-03-10T03:00:00,42571099999,SATNA,24.56,80.82,20.4,1014.0,43.59
2001-03-10T06:00:00,42571099999,SATNA,24.56,80.82,30.6,1012.5,20.02
2001-03-10T09:00:00,42571099999,SATNA,24.56,80.82,33.0,1009.0,8.85
2001-03-10T12:00:00,42571099999,SATNA,24.56,80.82,31.0,1009.5,14.33
2001-03-10T15:00:00,42571099999,SATNA,24.56,80.82,25.8,1011.1,27.4
2001-03-10T18:00:00,42571099999,SATNA,24.56,80.82,22.6,1011.8,38.36
2001-03-11T03:00:00,42571099999,SATNA,24.56,80.82,20.0,1015.1,44.68
2001-03-11T06:00:00,42571099999,SATNA,24.56,80.82,30.6,1013.3,15.41
2001-03-11T09:00:00,42571099999,SATNA,24.56,80.82,32.8,1010.2,26.2
2001-03-11T12:00:00,42571099999,SATNA,24.56,80.82,32.4,1009.6,14.22
2001-03-11T18:00:00,42571099999,SATNA,24.56,80.82,22.0,1012.5,49.34
2001-03-12T00:00:00,42571099999,SATNA,24.56,80.82,15.6,,58.94
2001-03-12T03:00:00,42571099999,SATNA,24.56,80.82,20.8,1013.5,42.82
2001-03-12T06:00:00,42571099999,SATNA,24.56,80.82,32.0,1011.6,21.36
2001-03-12T09:00:00,42571099999,SATNA,24.56,80.82,33.4,1008.1,20.01
2001-03-12T12:00:00,42571099999,SATNA,24.56,80.82,32.2,1008.2,17.28
2001-03-12T15:00:00,42571099999,SATNA,24.56,80.82,25.6,1011.0,25.87
2001-03-12T18:00:00,42571099999,SATNA,24.56,80.82,22.6,1011.4,34.37
2001-03-13T00:00:00,42571099999,SATNA,24.56,80.82,16.0,1011.7,59.44
2001-03-13T03:00:00,42571099999,SATNA,24.56,80.82,23.0,1012.6,37.69
2001-03-13T06:00:00,42571099999,SATNA,24.56,80.82,31.6,1011.0,29.96
2001-03-13T09:00:00,42571099999,SATNA,24.56,80.82,34.4,1007.8,23.96
2001-03-13T12:00:00,42571099999,SATNA,24.56,80.82,33.6,1007.0,25.39
2001-03-13T15:00:00,42571099999,SATNA,24.56,80.82,26.6,1009.3,39.23
2001-03-13T18:00:00,42571099999,SATNA,24.56,80.82,22.6,1010.2,58.68
2001-03-13T21:00:00,42571099999,SATNA,24.56,80.82,21.0,1008.2,50.74
2001-03-14T00:00:00,42571099999,SATNA,24.56,80.82,16.0,1009.3,68.93
2001-03-14T03:00:00,42571099999,SATNA,24.56,80.82,21.6,1012.2,52.96
2001-03-14T06:00:00,42571099999,SATNA,24.56,80.82,32.4,1010.6,28.82
2001-03-14T09:00:00,42571099999,SATNA,24.56,80.82,34.0,1007.7,22.61
2001-03-14T12:00:00,42571099999,SATNA,24.56,80.82,31.4,1007.9,21.36
2001-03-14T18:00:00,42571099999,SATNA,24.56,80.82,25.4,1012.9,59.72
2001-03-15T03:00:00,42571099999,SATNA,24.56,80.82,21.6,1014.9,57.68
2001-03-15T06:00:00,42571099999,SATNA,24.56,80.82,27.6,1014.0,38.23
2001-03-15T12:00:00,42571099999,SATNA,24.56,80.82,29.4,1009.9,41.59
2001-03-15T15:00:00,42571099999,SATNA,24.56,80.82,25.0,1012.2,58.13
2001-03-15T18:00:00,42571099999,SATNA,24.56,80.82,21.4,1013.1,69.99
2001-03-16T03:00:00,42571099999,SATNA,24.56,80.82,24.4,,53.33
2001-03-16T06:00:00,42571099999,SATNA,24.56,80.82,30.0,1011.2,43.66
2001-03-16T09:00:00,42571099999,SATNA,24.56,80.82,31.6,1007.1,40.1
2001-03-16T12:00:00,42571099999,SATNA,24.56,80.82,32.6,1006.2,25.81
2001-03-16T15:00:00,42571099999,SATNA,24.56,80.82,27.0,1009.1,31.56
2001-03-16T18:00:00,42571099999,SATNA,24.56,80.82,24.0,1009.9,44.59
2001-03-16T21:00:00,42571099999,SATNA,24.56,80.82,21.0,1009.3,52.11
2001-03-17T00:00:00,42571099999,SATNA,24.56,80.82,19.6,1010.1,58.34
2001-03-17T03:00:00,42571099999,SATNA,24.56,80.82,22.2,1011.6,53.82
2001-03-17T06:00:00,42571099999,SATNA,24.56,80.82,29.8,1010.4,26.46
2001-03-17T09:00:00,42571099999,SATNA,24.56,80.82,33.4,1006.8,22.46
2001-03-17T12:00:00,42571099999,SATNA,24.56,80.82,32.0,1006.2,21.36
2001-03-17T18:00:00,42571099999,SATNA,24.56,80.82,23.0,1009.3,27.01
2001-03-18T00:00:00,42571099999,SATNA,24.56,80.82,18.6,1010.2,57.33
2001-03-18T03:00:00,42571099999,SATNA,24.56,80.82,22.2,1012.3,46.21
2001-03-18T06:00:00,42571099999,SATNA,24.56,80.82,32.6,1010.7,31.24
2001-03-18T09:00:00,42571099999,SATNA,24.56,80.82,34.0,1007.1,24.18
2001-03-18T12:00:00,42571099999,SATNA,24.56,80.82,34.4,1006.8,13.45
2001-03-18T18:00:00,42571099999,SATNA,24.56,80.82,22.4,1011.1,36.76
2001-03-19T03:00:00,42571099999,SATNA,24.56,80.82,25.0,1011.9,34.35
2001-03-19T06:00:00,42571099999,SATNA,24.56,80.82,34.0,1010.0,24.18
2001-03-19T18:00:00,42571099999,SATNA,24.56,80.82,27.0,1009.1,40.92
2001-03-19T21:00:00,42571099999,SATNA,24.56,80.82,25.6,1008.0,42.73
2001-03-20T00:00:00,42571099999,SATNA,24.56,80.82,24.4,1008.3,45.0
2001-03-20T03:00:00,42571099999,SATNA,24.56,80.82,13.6,1008.7,
2001-03-20T06:00:00,42571099999,SATNA,24.56,80.82,35.0,1007.0,36.9
2001-03-20T09:00:00,42571099999,SATNA,24.56,80.82,36.0,1003.2,28.49
2001-03-20T15:00:00,42571099999,SATNA,24.56,80.82,26.0,1006.3,56.55
2001-03-20T18:00:00,42571099999,SATNA,24.56,80.82,24.0,1006.5,60.16
2001-03-20T21:00:00,42571099999,SATNA,24.56,80.82,23.0,1004.6,68.1
2001-03-21T00:00:00,42571099999,SATNA,24.56,80.82,22.4,1005.3,71.07
2001-03-21T03:00:00,42571099999,SATNA,24.56,80.82,25.4,1006.5,58.6
2001-03-21T06:00:00,42571099999,SATNA,24.56,80.82,34.4,1004.4,31.73
2001-03-21T09:00:00,42571099999,SATNA,24.56,80.82,36.8,1001.2,25.39
2001-03-21T12:00:00,42571099999,SATNA,24.56,80.82,36.0,1000.2,22.08
2001-03-21T18:00:00,42571099999,SATNA,24.56,80.82,27.0,1004.8,43.4
2001-03-22T00:00:00,42571099999,SATNA,24.56,80.82,24.0,1004.5,46.09
2001-03-22T03:00:00,42571099999,SATNA,24.56,80.82,26.2,1006.2,60.67
2001-03-22T06:00:00,42571099999,SATNA,24.56,80.82,33.4,1005.1,45.13
2001-03-22T12:00:00,42571099999,SATNA,24.56,80.82,25.0,1002.4,68.07
2001-03-22T15:00:00,42571099999,SATNA,24.56,80.82,22.6,1005.6,77.66
2001-03-22T18:00:00,42571099999,SATNA,24.56,80.82,22.0,1007.2,82.08
2001-03-23T00:00:00,42571099999,SATNA,24.56,80.82,20.4,1007.5,90.54
2001-03-23T03:00:00,42571099999,SATNA,24.56,80.82,22.6,1009.8,82.66
2001-03-23T06:00:00,42571099999,SATNA,24.56,80.82,30.4,1007.9,29.24
2001-03-23T09:00:00,42571099999,SATNA,24.56,80.82,31.8,1005.4,29.24
2001-03-23T12:00:00,42571099999,SATNA,24.56,80.82,32.0,1005.1,22.26
2001-03-23T15:00:00,42571099999,SATNA,24.56,80.82,26.8,1007.4,29.04
2001-03-23T18:00:00,42571099999,SATNA,24.56,80.82,23.6,1008.6,37.35
2001-03-23T21:00:00,42571099999,SATNA,24.56,80.82,21.4,1007.9,46.61
2001-03-24T00:00:00,42571099999,SATNA,24.56,80.82,19.2,1008.1,57.86
2001-03-24T03:00:00,42571099999,SATNA,24.56,80.82,23.6,1009.4,51.09
2001-03-24T06:00:00,42571099999,SATNA,24.56,80.82,31.6,1008.0,27.13
2001-03-24T09:00:00,42571099999,SATNA,24.56,80.82,33.5,1004.6,24.7
2001-03-24T12:00:00,42571099999,SATNA,24.56,80.82,31.6,1004.1,27.13
2001-03-24T15:00:00,42571099999,SATNA,24.56,80.82,27.0,1006.6,36.34
2001-03-24T18:00:00,42571099999,SATNA,24.56,80.82,23.0,1006.6,37.69
2001-03-25T00:00:00,42571099999,SATNA,24.56,80.82,19.4,1006.4,56.76
2001-03-25T03:00:00,42571099999,SATNA,24.56,80.82,22.6,1008.2,58.68
2001-03-25T06:00:00,42571099999,SATNA,24.56,80.82,32.0,1006.8,29.48
2001-03-25T09:00:00,42571099999,SATNA,24.56,80.82,34.4,1003.4,31.73
2001-03-25T15:00:00,42571099999,SATNA,24.56,80.82,28.8,1004.3,40.89
2001-03-25T18:00:00,42571099999,SATNA,24.56,80.82,25.0,1004.8,44.57
2001-03-26T00:00:00,42571099999,SATNA,24.56,80.82,19.6,1004.8,63.56
2001-03-26T03:00:00,42571099999,SATNA,24.56,80.82,26.2,1006.8,41.24
2001-03-26T12:00:00,42571099999,SATNA,24.56,80.82,35.0,1001.0,13.67
2001-03-26T15:00:00,42571099999,SATNA,24.56,80.82,30.0,1002.7,19.87
2001-03-26T18:00:00,42571099999,SATNA,24.56,80.82,25.8,1004.9,30.81
2001-03-27T03:00:00,42571099999,SATNA,24.56,80.82,27.6,1005.6,34.85
2001-03-27T09:00:00,42571099999,SATNA,24.56,80.82,35.8,1002.0,17.88
2001-03-27T15:00:00,42571099999,SATNA,24.56,80.82,28.0,1004.0,33.15
2001-03-27T18:00:00,42571099999,SATNA,24.56,80.82,24.2,1004.6,43.48
2001-03-28T00:00:00,42571099999,SATNA,24.56,80.82,21.6,1004.0,48.58
2001-03-28T03:00:00,42571099999,SATNA,24.56,80.82,27.6,1005.6,36.99
2001-03-28T09:00:00,42571099999,SATNA,24.56,80.82,36.6,1001.4,23.58
2001-03-28T12:00:00,42571099999,SATNA,24.56,80.82,36.0,1000.8,27.76
2001-03-28T18:00:00,42571099999,SATNA,24.56,80.82,29.0,1003.8,35.71
2001-03-28T21:00:00,42571099999,SATNA,24.56,80.82,26.0,1002.6,42.0
2001-03-29T00:00:00,42571099999,SATNA,24.56,80.82,24.4,1002.6,99.4
2001-03-29T03:00:00,42571099999,SATNA,24.56,80.82,29.0,1004.5,45.66
2001-03-29T06:00:00,42571099999,SATNA,24.56,80.82,33.8,1003.9,33.88
2001-03-29T09:00:00,42571099999,SATNA,24.56,80.82,37.0,1001.1,22.62
2001-03-29T15:00:00,42571099999,SATNA,24.56,80.82,31.6,1001.9,29.96
2001-03-29T18:00:00,42571099999,SATNA,24.56,80.82,29.0,1004.8,37.87
2001-03-30T00:00:00,42571099999,SATNA,24.56,80.82,24.0,1002.6,52.89
2001-03-30T03:00:00,42571099999,SATNA,24.56,80.82,26.4,1004.9,52.82
2001-03-30T06:00:00,42571099999,SATNA,24.56,80.82,32.8,1004.8,30.69
2001-03-30T09:00:00,42571099999,SATNA,24.56,80.82,34.0,1001.6,26.87
2001-03-30T12:00:00,42571099999,SATNA,24.56,80.82,34.0,1001.3,12.09
2001-03-30T15:00:00,42571099999,SATNA,24.56,80.82,30.0,1004.8,30.73
2001-03-30T18:00:00,42571099999,SATNA,24.56,80.82,25.8,1007.0,30.81
2001-03-31T00:00:00,42571099999,SATNA,24.56,80.82,20.0,1008.5,40.03
2001-03-31T03:00:00,42571099999,SATNA,24.56,80.82,23.6,1010.5,55.24
2001-03-31T06:00:00,42571099999,SATNA,24.56,80.82,31.0,1009.2,36.26
2001-03-31T12:00:00,42571099999,SATNA,24.56,80.82,32.4,,22.82
2001-03-31T15:00:00,42571099999,SATNA,24.56,80.82,28.8,1009.3,29.0
2001-03-31T18:00:00,42571099999,SATNA,24.56,80.82,25.6,1010.4,36.67
2001-03-31T21:00:00,42571099999,SATNA,24.56,80.82,23.0,1010.7,46.12
2001-04-01T00:00:00,42571099999,SATNA,24.56,80.82,20.4,1011.1,57.77
2001-04-01T03:00:00,42571099999,SATNA,24.56,80.82,25.2,1012.1,46.12
2001-04-01T06:00:00,42571099999,SATNA,24.56,80.82,31.2,1010.8,32.31
2001-04-01T09:00:00,42571099999,SATNA,24.56,80.82,34.0,1007.5,30.42
2001-04-01T12:00:00,42571099999,SATNA,24.56,80.82,33.0,1006.6,24.57
2001-04-01T15:00:00,42571099999,SATNA,24.56,80.82,33.0,,24.57
2001-04-01T18:00:00,42571099999,SATNA,24.56,80.82,25.0,1009.5,39.56
2001-04-02T00:00:00,42571099999,SATNA,24.56,80.82,21.0,1009.8,52.11
2001-04-02T03:00:00,42571099999,SATNA,24.56,80.82,24.4,1010.8,45.0
2001-04-02T06:00:00,42571099999,SATNA,24.56,80.82,32.2,,36.59
2001-04-02T09:00:00,42571099999,SATNA,24.56,80.82,33.8,1005.8,31.98
2001-04-02T12:00:00,42571099999,SATNA,24.56,80.82,33.8,1004.9,18.91
2001-04-02T15:00:00,42571099999,SATNA,24.56,80.82,29.8,1007.8,24.39
2001-04-03T06:00:00,42571099999,SATNA,24.56,80.82,32.6,1009.6,22.26
2001-04-03T12:00:00,42571099999,SATNA,24.56,80.82,35.4,1006.0,15.07
2001-04-03T15:00:00,42571099999,SATNA,24.56,80.82,30.0,1008.7,28.75
2001-04-04T15:00:00,42571099999,SATNA,24.56,80.82,30.2,1008.8,32.03
2001-04-04T18:00:00,42571099999,SATNA,24.56,80.82,26.6,1010.8,39.23
2001-04-04T21:00:00,42571099999,SATNA,24.56,80.82,24.2,1008.9,48.96
2001-04-05T00:00:00,42571099999,SATNA,24.56,80.82,21.8,1008.6,69.17
2001-04-05T03:00:00,42571099999,SATNA,24.56,80.82,26.6,1010.2,51.87
2001-04-05T06:00:00,42571099999,SATNA,24.56,80.82,35.0,1007.9,23.96
2001-04-05T09:00:00,42571099999,SATNA,24.56,80.82,36.6,1004.1,22.08
2001-04-05T12:00:00,42571099999,SATNA,24.56,80.82,33.6,1002.3,37.21
2001-04-05T15:00:00,42571099999,SATNA,24.56,80.82,29.0,1007.3,42.28
2001-04-05T18:00:00,42571099999,SATNA,24.56,80.82,26.0,1008.0,56.55
2001-04-05T21:00:00,42571099999,SATNA,24.56,80.82,26.0,1008.0,56.55
2001-04-06T03:00:00,42571099999,SATNA,24.56,80.82,28.0,1009.3,44.53
2001-04-06T06:00:00,42571099999,SATNA,24.56,80.82,35.2,1008.0,34.48
2001-04-06T09:00:00,42571099999,SATNA,24.56,80.82,38.6,1005.4,31.46
2001-04-07T06:00:00,42571099999,SATNA,24.56,80.82,34.2,1010.7,40.81
2001-04-07T09:00:00,42571099999,SATNA,24.56,80.82,37.0,1006.4,20.35
2001-04-07T12:00:00,42571099999,SATNA,24.56,80.82,36.0,1005.5,12.31
2001-04-07T15:00:00,42571099999,SATNA,24.56,80.82,30.2,1007.7,22.1
2001-04-07T18:00:00,42571099999,SATNA,24.56,80.82,25.4,1008.8,38.89
2001-04-08T00:00:00,42571099999,SATNA,24.56,80.82,22.2,1007.8,42.06
2001-04-08T03:00:00,42571099999,SATNA,24.56,80.82,28.6,1008.8,30.75
2001-04-08T06:00:00,42571099999,SATNA,24.56,80.82,37.0,1007.4,18.16
2001-04-08T12:00:00,42571099999,SATNA,24.56,80.82,38.0,1001.7,20.19
2001-04-08T15:00:00,42571099999,SATNA,24.56,80.82,30.4,1004.1,31.25
2001-04-08T21:00:00,42571099999,SATNA,24.56,80.82,24.4,1004.4,39.92
2001-04-09T00:00:00,42571099999,SATNA,24.56,80.82,22.2,1004.5,43.5
2001-04-09T06:00:00,42571099999,SATNA,24.56,80.82,39.0,1004.1,20.7
2001-04-09T12:00:00,42571099999,SATNA,24.56,80.82,38.0,1000.2,27.76
2001-04-09T18:00:00,42571099999,SATNA,24.56,80.82,29.0,1005.0,29.25
2001-04-10T00:00:00,42571099999,SATNA,24.56,80.82,24.0,1006.3,40.62
2001-04-10T03:00:00,42571099999,SATNA,24.56,80.82,29.4,1007.4,30.97
2001-04-10T06:00:00,42571099999,SATNA,24.56,80.82,38.0,1006.8,22.43
2001-04-10T09:00:00,42571099999,SATNA,24.56,80.82,39.8,1004.4,26.67
2001-04-10T12:00:00,42571099999,SATNA,24.56,80.82,38.4,1003.4,32.2
2001-04-10T15:00:00,42571099999,SATNA,24.56,80.82,33.2,1008.4,30.0
2001-04-10T18:00:00,42571099999,SATNA,24.56,80.82,28.6,1007.8,34.21
2001-04-11T00:00:00,42571099999,SATNA,24.56,80.82,23.6,1008.6,41.33
2001-04-11T03:00:00,42571099999,SATNA,24.56,80.82,28.0,1010.7,41.2
2001-04-11T06:00:00,42571099999,SATNA,24.56,80.82,38.0,1008.5,9.85
2001-04-11T09:00:00,42571099999,SATNA,24.56,80.82,29.6,1004.1,27.88
2001-04-11T15:00:00,42571099999,SATNA,24.56,80.82,,1004.8,
2001-04-11T18:00:00,42571099999,SATNA,24.56,80.82,27.4,1005.7,35.73
2001-04-12T03:00:00,42571099999,SATNA,24.56,80.82,29.2,1008.0,33.7
2001-04-12T06:00:00,42571099999,SATNA,24.56,80.82,34.4,1007.3,18.17
2001-04-12T09:00:00,42571099999,SATNA,24.56,80.82,38.6,1003.3,17.45
2001-04-12T15:00:00,42571099999,SATNA,24.56,80.82,30.0,1008.8,33.71
2001-04-12T18:00:00,42571099999,SATNA,24.56,80.82,28.6,1009.5,35.13
2001-04-13T00:00:00,42571099999,SATNA,24.56,80.82,25.8,1007.4,46.89
2001-04-13T03:00:00,42571099999,SATNA,24.56,80.82,27.0,1009.3,43.4
2001-04-13T06:00:00,42571099999,SATNA,24.56,80.82,31.0,1009.4,37.21
2001-04-13T09:00:00,42571099999,SATNA,24.56,80.82,30.4,1005.9,36.57
2001-04-13T12:00:00,42571099999,SATNA,24.56,80.82,27.0,1007.4,52.3
2001-04-13T15:00:00,42571099999,SATNA,24.56,80.82,24.4,1009.1,72.34
2001-04-14T03:00:00,42571099999,SATNA,24.56,80.82,26.6,1012.0,55.98
2001-04-14T06:00:00,42571099999,SATNA,24.56,80.82,31.4,1011.2,46.02
2001-04-14T09:00:00,42571099999,SATNA,24.56,80.82,35.0,1007.9,28.04
2001-04-14T12:00:00,42571099999,SATNA,24.56,80.82,33.0,1007.8,30.94
2001-04-14T18:00:00,42571099999,SATNA,24.56,80.82,24.0,1012.0,67.44
2001-04-14T21:00:00,42571099999,SATNA,24.56,80.82,23.0,1012.7,51.6
2001-04-15T03:00:00,42571099999,SATNA,24.56,80.82,24.6,1015.2,64.65
2001-04-15T06:00:00,42571099999,SATNA,24.56,80.82,26.6,1013.7,43.01
2001-04-15T09:00:00,42571099999,SATNA,24.56,80.82,32.4,1009.0,35.95
2001-04-15T12:00:00,42571099999,SATNA,24.56,80.82,32.4,1007.5,37.84
2001-04-15T15:00:00,42571099999,SATNA,24.56,80.82,27.0,1010.7,49.7
2001-04-15T18:00:00,42571099999,SATNA,24.56,80.82,22.4,1012.5,74.29
2001-04-16T03:00:00,42571099999,SATNA,24.56,80.82,23.0,1012.7,74.39
2001-04-16T06:00:00,42571099999,SATNA,24.56,80.82,31.6,1010.2,38.84
2001-04-16T09:00:00,42571099999,SATNA,24.56,80.82,33.8,1005.9,36.57
2001-04-16T12:00:00,42571099999,SATNA,24.56,80.82,28.6,1005.8,50.12
2001-04-16T15:00:00,42571099999,SATNA,24.56,80.82,26.6,1007.7,76.37
2001-04-16T18:00:00,42571099999,SATNA,24.56,80.82,25.0,1007.7,80.45
2001-04-17T00:00:00,42571099999,SATNA,24.56,80.82,25.0,1007.7,80.45
2001-04-17T06:00:00,42571099999,SATNA,24.56,80.82,25.0,1012.3,75.65
2001-04-17T09:00:00,42571099999,SATNA,24.56,80.82,26.6,,67.96
2001-04-17T12:00:00,42571099999,SATNA,24.56,80.82,19.4,1010.0,82.8
2001-04-17T15:00:00,42571099999,SATNA,24.56,80.82,20.0,1006.9,93.97
2001-04-17T21:00:00,42571099999,SATNA,24.56,80.82,18.4,1008.6,92.14
2001-04-18T00:00:00,42571099999,SATNA,24.56,80.82,18.0,1009.0,93.88
2001-04-18T03:00:00,42571099999,SATNA,24.56,80.82,21.6,1010.6,73.69
2001-04-18T06:00:00,42571099999,SATNA,24.56,80.82,27.2,1009.6,61.66
2001-04-18T09:00:00,42571099999,SATNA,24.56,80.82,32.0,1006.4,39.45
2001-04-18T12:00:00,42571099999,SATNA,24.56,80.82,32.0,1004.8,28.72
2001-04-18T15:00:00,42571099999,SATNA,24.56,80.82,28.0,1007.3,38.85
2001-04-18T18:00:00,42571099999,SATNA,24.56,80.82,24.6,1008.1,63.44
2001-04-19T00:00:00,42571099999,SATNA,24.56,80.82,22.0,1009.2,80.55
2001-04-19T03:00:00,42571099999,SATNA,24.56,80.82,22.6,1011.0,79.13
2001-04-19T06:00:00,42571099999,SATNA,24.56,80.82,29.2,1009.0,50.59
2001-04-19T12:00:00,42571099999,SATNA,24.56,80.82,34.0,1003.6,27.77
2001-04-19T15:00:00,42571099999,SATNA,24.56,80.82,29.4,1006.4,40.53
2001-04-19T18:00:00,42571099999,SATNA,24.56,80.82,23.5,1007.6,61.6
2001-04-20T06:00:00,42571099999,SATNA,24.56,80.82,32.0,1007.6,38.46
2001-04-20T12:00:00,42571099999,SATNA,24.56,80.82,33.4,1003.6,30.45
2001-04-20T15:00:00,42571099999,SATNA,24.56,80.82,29.0,1005.9,40.16
2001-04-20T18:00:00,42571099999,SATNA,24.56,80.82,25.0,1007.5,61.16
2001-04-21T00:00:00,42571099999,SATNA,24.56,80.82,20.8,1007.2,68.1
2001-04-21T03:00:00,42571099999,SATNA,24.56,80.82,26.0,1008.7,52.38
2001-04-21T09:00:00,42571099999,SATNA,24.56,80.82,33.0,1003.5,25.4
2001-04-21T12:00:00,42571099999,SATNA,24.56,80.82,33.4,1002.5,17.44
2001-04-21T18:00:00,42571099999,SATNA,24.56,80.82,24.0,1006.1,46.09
2001-04-22T00:00:00,42571099999,SATNA,24.56,80.82,21.0,1006.1,64.71
2001-04-22T03:00:00,42571099999,SATNA,24.56,80.82,27.4,1007.5,43.79
2001-04-22T06:00:00,42571099999,SATNA,24.56,80.82,34.0,1006.7,26.87
2001-04-22T09:00:00,42571099999,SATNA,24.56,80.82,26.0,1004.3,39.06
2001-04-22T12:00:00,42571099999,SATNA,24.56,80.82,36.0,1002.9,25.18
2001-04-22T18:00:00,42571099999,SATNA,24.56,80.82,26.0,1006.2,47.25
2001-04-23T00:00:00,42571099999,SATNA,24.56,80.82,22.0,1005.7,31.9
2001-04-23T03:00:00,42571099999,SATNA,24.56,80.82,29.4,1006.8,40.53
2001-04-23T06:00:00,42571099999,SATNA,24.56,80.82,36.8,1006.0,24.74
2001-04-23T12:00:00,42571099999,SATNA,24.56,80.82,38.0,1002.1,16.62
2001-04-23T15:00:00,42571099999,SATNA,24.56,80.82,32.0,1004.6,28.72
2001-04-23T18:00:00,42571099999,SATNA,24.56,80.82,27.4,1005.7,46.41
2001-04-24T00:00:00,42571099999,SATNA,24.56,80.82,22.4,1006.5,67.55
2001-04-24T03:00:00,42571099999,SATNA,24.56,80.82,29.0,1007.9,51.83
2001-04-24T06:00:00,42571099999,SATNA,24.56,80.82,38.6,1006.3,15.98
2001-04-24T09:00:00,42571099999,SATNA,24.56,80.82,40.0,1003.8,15.86
2001-04-24T12:00:00,42571099999,SATNA,24.56,80.82,39.2,1002.5,14.76
2001-04-24T15:00:00,42571099999,SATNA,24.56,80.82,32.0,1005.2,28.72
2001-04-24T18:00:00,42571099999,SATNA,24.56,80.82,29.0,1005.7,34.55
2001-04-24T21:00:00,42571099999,SATNA,24.56,80.82,26.2,1004.0,41.24
2001-04-25T00:00:00,42571099999,SATNA,24.56,80.82,23.6,1003.8,48.16
2001-04-25T03:00:00,42571099999,SATNA,24.56,80.82,30.2,1005.7,32.67
2001-04-25T06:00:00,42571099999,SATNA,24.56,80.82,40.0,1004.3,
2001-04-25T12:00:00,42571099999,SATNA,24.56,80.82,41.4,998.7,13.3
2001-04-25T15:00:00,42571099999,SATNA,24.56,80.82,32.4,1001.1,30.18
2001-04-26T03:00:00,42571099999,SATNA,24.56,80.82,31.6,1003.8,32.0
2001-04-26T06:00:00,42571099999,SATNA,24.56,80.82,40.4,1002.3,21.73
2001-04-26T09:00:00,42571099999,SATNA,24.56,80.82,42.8,999.5,15.63
2001-04-26T12:00:00,42571099999,SATNA,24.56,80.82,41.4,999.1,13.3
2001-04-26T15:00:00,42571099999,SATNA,24.56,80.82,32.6,1002.2,31.24
2001-04-26T18:00:00,42571099999,SATNA,24.56,80.82,30.6,1002.9,37.83
2001-04-27T00:00:00,42571099999,SATNA,24.56,80.82,26.0,,46.03
2001-04-27T03:00:00,42571099999,SATNA,24.56,80.82,32.2,1003.9,38.76
2001-04-27T06:00:00,42571099999,SATNA,24.56,80.82,40.8,1002.3,25.61
2001-04-27T09:00:00,42571099999,SATNA,24.56,80.82,42.6,999.1,17.21
2001-04-27T12:00:00,42571099999,SATNA,24.56,80.82,42.0,998.1,21.57
2001-04-27T15:00:00,42571099999,SATNA,24.56,80.82,33.0,1000.4,44.75
2001-04-27T21:00:00,42571099999,SATNA,24.56,80.82,27.8,999.5,39.56
2001-04-28T06:00:00,42571099999,SATNA,24.56,80.82,41.4,999.6,13.95
2001-04-28T09:00:00,42571099999,SATNA,24.56,80.82,43.2,997.4,10.4
2001-04-28T15:00:00,42571099999,SATNA,24.56,80.82,34.0,999.5,25.16
2001-05-01T06:00:00,42571099999,SATNA,24.56,80.82,41.2,1003.2,20.03
2001-05-01T09:00:00,42571099999,SATNA,24.56,80.82,42.6,999.8,16.0
2001-05-01T12:00:00,42571099999,SATNA,24.56,80.82,42.0,998.4,10.55
2001-05-01T15:00:00,42571099999,SATNA,24.56,80.82,35.0,1000.9,22.27
2001-05-01T18:00:00,42571099999,SATNA,24.56,80.82,33.2,1001.6,24.78
2001-05-01T21:00:00,42571099999,SATNA,24.56,80.82,30.2,1002.5,49.28
2001-05-02T00:00:00,42571099999,SATNA,24.56,80.82,29.0,1003.7,55.52
2001-05-02T15:00:00,42571099999,SATNA,24.56,80.82,30.8,1000.4,53.6
2001-05-02T18:00:00,42571099999,SATNA,24.56,80.82,29.0,999.9,60.55
2001-05-03T00:00:00,42571099999,SATNA,24.56,80.82,27.4,1000.1,64.44
2001-05-03T03:00:00,42571099999,SATNA,24.56,80.82,33.6,1000.5,37.21
2001-05-03T06:00:00,42571099999,SATNA,24.56,80.82,40.0,998.8,22.64
2001-05-03T12:00:00,42571099999,SATNA,24.56,80.82,34.6,994.8,33.88
2001-05-03T15:00:00,42571099999,SATNA,24.56,80.82,32.0,998.2,38.46
2001-05-04T03:00:00,42571099999,SATNA,24.56,80.82,29.6,1002.1,64.51
2001-05-04T06:00:00,42571099999,SATNA,24.56,80.82,37.0,1000.5,34.75
2001-05-04T09:00:00,42571099999,SATNA,24.56,80.82,42.0,997.2,18.35
2001-05-04T12:00:00,42571099999,SATNA,24.56,80.82,40.0,1007.2,22.64
2001-05-04T21:00:00,42571099999,SATNA,24.56,80.82,29.6,1007.4,
2001-05-05T00:00:00,42571099999,SATNA,24.56,80.82,18.9,1002.0,
2001-05-05T03:00:00,42571099999,SATNA,24.56,80.82,33.0,1002.9,44.75
2001-05-05T06:00:00,42571099999,SATNA,24.56,80.82,40.4,1001.6,15.11
2001-05-06T06:00:00,42571099999,SATNA,24.56,80.82,41.0,999.8,19.09
2001-05-06T09:00:00,42571099999,SATNA,24.56,80.82,42.4,997.4,17.62
2001-05-07T12:00:00,42571099999,SATNA,24.56,80.82,41.0,996.4,23.78
2001-05-07T18:00:00,42571099999,SATNA,24.56,80.82,34.4,998.7,23.18
2001-05-08T06:00:00,42571099999,SATNA,24.56,80.82,40.6,999.7,15.99
2001-05-08T12:00:00,42571099999,SATNA,24.56,80.82,42.0,995.4,18.35
2001-05-08T15:00:00,42571099999,SATNA,24.56,80.82,33.7,997.6,35.62
2001-05-08T18:00:00,42571099999,SATNA,24.56,80.82,33.0,998.6,31.76
2001-05-09T03:00:00,42571099999,SATNA,24.56,80.82,35.6,1000.0,26.43
2001-05-09T06:00:00,42571099999,SATNA,24.56,80.82,40.0,999.2,15.86
2001-05-09T12:00:00,42571099999,SATNA,24.56,80.82,41.4,995.3,12.09
2001-05-09T18:00:00,42571099999,SATNA,24.56,80.82,32.0,998.6,28.72
2001-05-09T21:00:00,42571099999,SATNA,24.56,80.82,31.8,998.3,30.21
2001-05-10T00:00:00,42571099999,SATNA,24.56,80.82,31.6,998.8,32.0
2001-05-10T09:00:00,42571099999,SATNA,24.56,80.82,42.2,994.9,19.88
2001-05-10T12:00:00,42571099999,SATNA,24.56,80.82,42.4,994.1,24.28
2001-05-11T00:00:00,42571099999,SATNA,24.56,80.82,34.4,997.6,28.24
2001-05-11T06:00:00,42571099999,SATNA,24.56,80.82,40.0,999.0,22.64
2001-05-11T09:00:00,42571099999,SATNA,24.56,80.82,42.0,996.2,20.23
2001-05-11T12:00:00,42571099999,SATNA,24.56,80.82,42.8,995.1,19.9
2001-05-12T06:00:00,42571099999,SATNA,24.56,80.82,36.6,1000.6,37.8
2001-05-12T12:00:00,42571099999,SATNA,24.56,80.82,38.8,997.6,34.17
2001-05-12T15:00:00,42571099999,SATNA,24.56,80.82,35.4,999.9,42.16
2001-05-12T18:00:00,42571099999,SATNA,24.56,80.82,33.0,1000.5,50.32
2001-05-12T21:00:00,42571099999,SATNA,24.56,80.82,31.4,999.0,55.08
2001-05-13T03:00:00,42571099999,SATNA,24.56,80.82,33.4,1001.3,48.01
2001-05-13T06:00:00,42571099999,SATNA,24.56,80.82,38.8,999.9,30.93
2001-05-13T09:00:00,42571099999,SATNA,24.56,80.82,41.0,996.7,18.48
2001-05-13T12:00:00,42571099999,SATNA,24.56,80.82,41.0,995.6,23.78
2001-05-13T15:00:00,42571099999,SATNA,24.56,80.82,35.0,997.9,38.79
2001-05-13T18:00:00,42571099999,SATNA,24.56,80.82,34.2,999.4,39.8
2001-05-14T03:00:00,42571099999,SATNA,24.56,80.82,33.4,1000.5,45.98
2001-05-14T12:00:00,42571099999,SATNA,24.56,80.82,37.6,,35.35
2001-05-14T15:00:00,42571099999,SATNA,24.56,80.82,34.0,1000.5,41.53
2001-05-15T03:00:00,42571099999,SATNA,24.56,80.82,33.4,1003.1,45.98
2001-05-15T06:00:00,42571099999,SATNA,24.56,80.82,38.0,,35.02
2001-05-15T12:00:00,42571099999,SATNA,24.56,80.82,41.4,997.5,22.84
2001-05-16T12:00:00,42571099999,SATNA,24.57,80.83,39.6,997.8,28.0
2001-05-16T15:00:00,42571099999,SATNA,24.57,80.83,39.0,1000.5,30.41
2001-05-16T21:00:00,42571099999,SATNA,24.56,80.82,22.4,1003.8,91.24
2001-05-17T00:00:00,42571099999,SATNA,24.56,80.82,23.2,1003.5,91.29
2001-05-17T03:00:00,42571099999,SATNA,24.56,80.82,26.8,1006.1,76.86
2001-05-17T06:00:00,42571099999,SATNA,24.56,80.82,30.2,1004.9,61.19
2001-05-17T09:00:00,42571099999,SATNA,24.56,80.82,34.0,1001.6,45.57
2001-05-17T12:00:00,42571099999,SATNA,24.56,80.82,34.4,1000.1,36.27
2001-05-17T18:00:00,42571099999,SATNA,24.56,80.82,24.6,1005.2,83.41
2001-05-18T00:00:00,42571099999,SATNA,24.56,80.82,24.4,1004.3,83.38
2001-05-19T03:00:00,42571099999,SATNA,24.56,80.82,28.6,1004.8,66.7
2001-05-19T09:00:00,42571099999,SATNA,24.56,80.82,34.6,1001.5,40.41
2001-05-19T12:00:00,42571099999,SATNA,24.56,80.82,35.0,999.6,32.51
2001-05-19T15:00:00,42571099999,SATNA,24.56,80.82,32.0,1001.5,38.46
2001-05-19T18:00:00,42571099999,SATNA,24.56,80.82,29.4,1002.8,49.7
2001-05-20T00:00:00,42571099999,SATNA,24.56,80.82,24.0,1002.9,72.27
2001-05-20T03:00:00,42571099999,SATNA,24.56,80.82,29.8,1003.5,51.39
2001-05-20T09:00:00,42571099999,SATNA,24.56,80.82,35.4,1000.0,33.04
2001-05-20T12:00:00,42571099999,SATNA,24.56,80.82,33.8,999.1,44.41
2001-05-20T15:00:00,42571099999,SATNA,24.56,80.82,30.8,1000.8,48.83
2001-05-21T00:00:00,42571099999,SATNA,24.56,80.82,26.0,,69.12
2001-05-21T03:00:00,42571099999,SATNA,24.56,80.82,30.6,1003.9,52.23
2001-05-21T06:00:00,42571099999,SATNA,24.56,80.82,34.4,1002.5,36.27
2001-05-21T12:00:00,42571099999,SATNA,24.56,80.82,36.6,998.0,29.2
2001-05-21T15:00:00,42571099999,SATNA,24.56,80.82,32.0,1001.1,43.65
2001-05-21T18:00:00,42571099999,SATNA,24.56,80.82,29.2,1002.1,49.64
2001-05-21T21:00:00,42571099999,SATNA,24.56,80.82,27.6,1001.5,52.79
2001-05-22T00:00:00,42571099999,SATNA,24.56,80.82,26.0,1002.1,59.11
2001-05-22T03:00:00,42571099999,SATNA,24.56,80.82,30.6,1003.7,41.91
2001-05-22T06:00:00,42571099999,SATNA,24.56,80.82,35.0,1002.1,35.98
2001-05-22T09:00:00,42571099999,SATNA,24.56,80.82,36.6,999.5,31.92
2001-05-22T12:00:00,42571099999,SATNA,24.56,80.82,38.0,998.1,26.88
2001-05-22T15:00:00,42571099999,SATNA,24.56,80.82,34.8,999.7,35.93
2001-05-22T21:00:00,42571099999,SATNA,24.56,80.82,30.2,1000.7,51.81
2001-05-23T00:00:00,42571099999,SATNA,24.56,80.82,28.6,1001.2,57.53
2001-05-23T03:00:00,42571099999,SATNA,24.56,80.82,33.6,,48.35
2001-05-23T06:00:00,42571099999,SATNA,24.56,80.82,37.6,1000.4,35.35
2001-05-23T09:00:00,42571099999,SATNA,24.56,80.82,38.2,997.6,35.08
2001-05-23T12:00:00,42571099999,SATNA,24.56,80.82,39.6,995.9,20.04
2001-05-23T15:00:00,42571099999,SATNA,24.56,80.82,35.0,998.5,26.44
2001-05-23T18:00:00,42571099999,SATNA,24.56,80.82,30.4,999.1,41.86
2001-05-24T00:00:00,42571099999,SATNA,24.56,80.82,27.6,999.0,50.18
2001-05-24T03:00:00,42571099999,SATNA,24.56,80.82,34.4,998.1,39.12
2001-05-24T06:00:00,42571099999,SATNA,24.56,80.82,39.2,996.4,28.25
2001-05-24T09:00:00,42571099999,SATNA,24.56,80.82,42.2,994.0,19.88
2001-05-24T12:00:00,42571099999,SATNA,24.56,80.82,42.2,992.4,17.92
2001-05-25T09:00:00,42571099999,SATNA,24.56,80.82,,994.2,
2001-05-25T12:00:00,42571099999,SATNA,24.56,80.82,42.4,991.2,17.62
2001-05-25T15:00:00,42571099999,SATNA,24.56,80.82,34.4,993.1,44.02
2001-05-25T18:00:00,42571099999,SATNA,24.56,80.82,34.0,994.1,35.93
2001-05-25T21:00:00,42571099999,SATNA,24.56,80.82,32.0,995.3,38.46
2001-05-26T00:00:00,42571099999,SATNA,24.56,80.82,31.2,995.9,35.39
2001-05-26T03:00:00,42571099999,SATNA,24.56,80.82,35.6,998.5,39.44
2001-05-26T09:00:00,42571099999,SATNA,24.56,80.82,38.6,996.7,26.02
2001-05-26T12:00:00,42571099999,SATNA,24.56,80.82,30.0,997.0,64.59
2001-05-26T15:00:00,42571099999,SATNA,24.56,80.82,29.8,999.9,62.24
2001-05-27T00:00:00,42571099999,SATNA,24.56,80.82,27.6,1001.1,75.6
2001-05-27T06:00:00,42571099999,SATNA,24.56,80.82,35.6,1001.6,41.44
2001-05-27T09:00:00,42571099999,SATNA,24.56,80.82,37.0,999.2,38.14
2001-05-27T12:00:00,42571099999,SATNA,24.56,80.82,37.4,997.6,40.42
2001-05-27T18:00:00,42571099999,SATNA,24.56,80.82,32.0,1000.4,53.24
2001-05-28T00:00:00,42571099999,SATNA,24.56,80.82,28.6,1000.1,63.91
2001-05-28T03:00:00,42571099999,SATNA,24.56,80.82,34.4,999.7,50.98
2001-05-28T06:00:00,42571099999,SATNA,24.56,80.82,38.2,998.3,28.71
2001-05-28T09:00:00,42571099999,SATNA,24.56,80.82,39.6,996.2,28.0
2001-05-28T12:00:00,42571099999,SATNA,24.56,80.82,38.6,995.5,26.02
2001-05-28T15:00:00,42571099999,SATNA,24.56,80.82,35.2,998.4,34.48
2001-05-29T00:00:00,42571099999,SATNA,24.56,80.82,28.6,1000.0,52.38
2001-05-29T03:00:00,42571099999,SATNA,24.56,80.82,33.4,1001.2,45.98
2001-05-29T06:00:00,42571099999,SATNA,24.56,80.82,37.4,1000.5,28.49
2001-05-29T09:00:00,42571099999,SATNA,24.56,80.82,39.0,997.9,26.63
2001-05-29T12:00:00,42571099999,SATNA,24.56,80.82,38.6,996.8,20.2
2001-05-29T15:00:00,42571099999,SATNA,24.56,80.82,35.0,997.4,35.08
2001-05-29T18:00:00,42571099999,SATNA,24.56,80.82,33.2,998.7,35.94
2001-05-29T21:00:00,42571099999,SATNA,24.56,80.82,30.6,998.3,44.1
2001-05-30T00:00:00,42571099999,SATNA,24.56,80.82,26.2,1001.0,70.89
2001-05-30T03:00:00,42571099999,SATNA,24.56,80.82,31.0,1001.1,57.04
2001-05-30T06:00:00,42571099999,SATNA,24.56,80.82,35.0,1000.3,41.8
2001-05-30T12:00:00,42571099999,SATNA,24.56,80.82,38.4,996.7,32.81
2001-05-30T15:00:00,42571099999,SATNA,24.56,80.82,34.0,999.9,40.76
2001-05-30T18:00:00,42571099999,SATNA,24.56,80.82,27.6,1000.8,65.69
2001-05-30T21:00:00,42571099999,SATNA,24.56,80.82,26.6,999.7,74.98
2001-05-31T00:00:00,42571099999,SATNA,24.56,80.82,26.0,1000.1,77.69
2001-05-31T09:00:00,42571099999,SATNA,24.56,80.82,37.0,995.4,42.85
2001-05-31T12:00:00,42571099999,SATNA,24.56,80.82,27.0,1000.0,81.2
2001-05-31T18:00:00,42571099999,SATNA,24.56,80.82,27.0,999.8,85.71
2001-05-31T21:00:00,42571099999,SATNA,24.56,80.82,27.0,999.7,79.74
2001-06-01T00:00:00,42571099999,SATNA,24.56,80.82,27.0,1000.1,78.31
2001-06-01T03:00:00,42571099999,SATNA,24.56,80.82,27.6,1000.9,76.98
2001-06-01T06:00:00,42571099999,SATNA,24.56,80.82,31.0,1000.8,60.63
2001-06-01T12:00:00,42571099999,SATNA,24.56,80.82,34.0,998.3,47.58
2001-06-01T15:00:00,42571099999,SATNA,24.56,80.82,30.0,1000.0,44.5
2001-06-01T18:00:00,42571099999,SATNA,24.56,80.82,28.0,1001.1,63.39
2001-06-02T00:00:00,42571099999,SATNA,24.56,80.82,26.6,1003.0,72.28
2001-06-02T06:00:00,42571099999,SATNA,24.56,80.82,35.4,1001.9,47.07
2001-06-03T00:00:00,42571099999,SATNA,24.56,80.82,28.0,1001.4,62.22
2001-06-03T03:00:00,42571099999,SATNA,24.56,80.82,32.6,1002.3,55.04
2001-06-03T06:00:00,42571099999,SATNA,24.56,80.82,36.8,1001.0,41.51
2001-06-03T12:00:00,42571099999,SATNA,24.56,80.82,35.4,999.1,47.94
2001-06-03T15:00:00,42571099999,SATNA,24.56,80.82,34.6,1000.1,52.28
2001-06-03T18:00:00,42571099999,SATNA,24.56,80.82,32.6,1001.5,57.42
2001-06-04T00:00:00,42571099999,SATNA,24.56,80.82,28.2,1001.6,71.68
2001-06-04T03:00:00,42571099999,SATNA,24.56,80.82,30.0,1002.6,66.18
2001-06-04T06:00:00,42571099999,SATNA,24.56,80.82,34.0,1001.6,52.77
2001-06-04T09:00:00,42571099999,SATNA,24.56,80.82,35.6,998.7,47.99
2001-06-04T12:00:00,42571099999,SATNA,24.56,80.82,,995.7,
2001-06-04T18:00:00,42571099999,SATNA,24.56,80.82,24.0,1003.4,94.72
2001-06-05T00:00:00,42571099999,SATNA,24.56,80.82,24.6,1000.5,91.37
2001-06-05T06:00:00,42571099999,SATNA,24.56,80.82,31.0,1001.0,66.78
2001-06-05T12:00:00,42571099999,SATNA,24.56,80.82,34.2,996.4,50.93
2001-06-05T15:00:00,42571099999,SATNA,24.56,80.82,31.4,998.0,63.34
2001-06-05T18:00:00,42571099999,SATNA,24.56,80.82,29.0,999.8,77.66
2001-06-06T00:00:00,42571099999,SATNA,24.56,80.82,26.6,999.2,85.67
2001-06-06T06:00:00,42571099999,SATNA,24.56,80.82,34.0,999.4,52.77
2001-06-06T09:00:00,42571099999,SATNA,24.56,80.82,35.0,995.9,46.68
2001-06-06T12:00:00,42571099999,SATNA,24.56,80.82,36.0,994.7,42.58
2001-06-06T15:00:00,42571099999,SATNA,24.56,80.82,33.2,997.1,53.21
2001-06-06T18:00:00,42571099999,SATNA,24.56,80.82,30.4,998.6,63.9
2001-06-07T00:00:00,42571099999,SATNA,24.56,80.82,28.0,998.9,78.45
2001-06-07T06:00:00,42571099999,SATNA,24.56,80.82,34.0,999.0,51.82
2001-06-07T09:00:00,42571099999,SATNA,24.56,80.82,25.4,,88.18
2001-06-07T12:00:00,42571099999,SATNA,24.56,80.82,29.6,996.9,78.21
2001-06-07T15:00:00,42571099999,SATNA,24.56,80.82,30.0,999.1,69.04
2001-06-07T18:00:00,42571099999,SATNA,24.56,80.82,27.8,999.2,81.3
2001-06-07T21:00:00,42571099999,SATNA,24.56,80.82,26.8,998.5,85.69
2001-06-08T00:00:00,42571099999,SATNA,24.56,80.82,25.8,998.8,90.36
2001-06-08T09:00:00,42571099999,SATNA,24.56,80.82,35.6,995.8,60.57
2001-06-08T12:00:00,42571099999,SATNA,24.56,80.82,36.6,994.8,38.75
2001-06-08T15:00:00,42571099999,SATNA,24.56,80.82,,997.6,
2001-06-08T18:00:00,42571099999,SATNA,24.56,80.82,30.0,998.1,64.99
2001-06-09T03:00:00,42571099999,SATNA,24.56,80.82,31.4,998.5,66.07
2001-06-09T06:00:00,42571099999,SATNA,24.56,80.82,36.2,997.5,47.57
2001-06-09T09:00:00,42571099999,SATNA,24.56,80.82,37.8,994.9,44.38
2001-06-09T12:00:00,42571099999,SATNA,24.56,80.82,35.0,994.9,52.7
2001-06-09T15:00:00,42571099999,SATNA,24.56,80.82,30.4,996.7,62.37
2001-06-09T18:00:00,42571099999,SATNA,24.56,80.82,29.6,998.9,69.8
2001-06-10T03:00:00,42571099999,SATNA,24.56,80.82,29.4,999.6,71.03
2001-06-10T06:00:00,42571099999,SATNA,24.56,80.82,35.0,998.5,53.01
2001-06-10T15:00:00,42571099999,SATNA,24.56,80.82,31.0,996.3,65.59
2001-06-10T18:00:00,42571099999,SATNA,24.56,80.82,30.8,996.6,65.55
2001-06-11T00:00:00,42571099999,SATNA,24.56,80.82,28.8,997.3,70.93
2001-06-11T03:00:00,42571099999,SATNA,24.56,80.82,32.4,998.1,61.68
2001-06-11T06:00:00,42571099999,SATNA,24.56,80.82,35.4,996.7,51.85
2001-06-11T09:00:00,42571099999,SATNA,24.56,80.82,36.6,995.3,45.15
2001-06-11T12:00:00,42571099999,SATNA,24.56,80.82,33.0,994.2,55.47
2001-06-11T15:00:00,42571099999,SATNA,24.56,80.82,31.6,995.4,53.14
2001-06-11T21:00:00,42571099999,SATNA,24.56,80.82,30.8,996.9,61.7
2001-06-12T00:00:00,42571099999,SATNA,24.56,80.82,29.6,997.3,67.31
2001-06-12T03:00:00,42571099999,SATNA,24.56,80.82,33.6,998.2,55.95
2001-06-12T09:00:00,42571099999,SATNA,24.56,80.82,39.0,993.5,35.08
2001-06-12T12:00:00,42571099999,SATNA,24.56,80.82,38.4,992.8,36.23
2001-06-12T15:00:00,42571099999,SATNA,24.56,80.82,32.0,995.5,62.71
2001-06-12T18:00:00,42571099999,SATNA,24.56,80.82,32.0,997.2,62.71
2001-06-13T00:00:00,42571099999,SATNA,24.56,80.82,30.0,997.3,64.99
2001-06-13T03:00:00,42571099999,SATNA,24.56,80.82,34.2,997.9,61.71
2001-06-13T06:00:00,42571099999,SATNA,24.56,80.82,35.4,996.5,55.05
2001-06-13T09:00:00,42571099999,SATNA,24.56,80.82,36.4,993.8,52.73
2001-06-13T15:00:00,42571099999,SATNA,24.56,80.82,31.0,995.7,72.17
2001-06-13T18:00:00,42571099999,SATNA,24.56,80.82,31.6,996.3,69.75
2001-06-13T21:00:00,42571099999,SATNA,24.56,80.82,30.6,995.6,74.28
2001-06-14T00:00:00,42571099999,SATNA,24.56,80.82,29.6,994.9,78.21
2001-06-14T06:00:00,42571099999,SATNA,24.56,80.82,30.4,995.9,72.94
2001-06-14T09:00:00,42571099999,SATNA,24.56,80.82,31.6,992.4,56.49
2001-06-14T12:00:00,42571099999,SATNA,24.56,80.82,27.4,993.5,90.47
2001-06-14T18:00:00,42571099999,SATNA,24.56,80.82,26.0,995.2,88.76
2001-06-14T21:00:00,42571099999,SATNA,24.56,80.82,25.6,993.7,90.34
2001-06-15T00:00:00,42571099999,SATNA,24.56,80.82,25.0,994.5,96.48
2001-06-15T03:00:00,42571099999,SATNA,24.56,80.82,27.0,995.1,87.26
2001-06-15T09:00:00,42571099999,SATNA,24.56,80.82,30.0,993.2,78.26
2001-06-15T12:00:00,42571099999,SATNA,24.56,80.82,30.0,991.4,78.26
2001-06-15T15:00:00,42571099999,SATNA,24.56,80.82,26.2,995.2,94.8
2001-06-15T18:00:00,42571099999,SATNA,24.56,80.82,26.0,995.7,96.5
2001-06-15T21:00:00,42571099999,SATNA,24.56,80.82,25.8,994.3,98.24
2001-06-16T00:00:00,42571099999,SATNA,24.56,80.82,25.6,994.2,98.23
2001-06-16T03:00:00,42571099999,SATNA,24.56,80.82,24.6,995.6,92.49
2001-06-16T06:00:00,42571099999,SATNA,24.56,80.82,27.6,995.0,85.77
2001-06-16T09:00:00,42571099999,SATNA,24.56,80.82,25.0,995.0,100.0
2001-06-16T12:00:00,42571099999,SATNA,24.56,80.82,26.4,994.5,92.03
2001-06-16T18:00:00,42571099999,SATNA,24.56,80.82,26.2,996.5,90.38
2001-06-17T00:00:00,42571099999,SATNA,24.56,80.82,26.0,995.4,88.76
2001-06-17T03:00:00,42571099999,SATNA,24.56,80.82,26.2,996.6,88.77
2001-06-17T06:00:00,42571099999,SATNA,24.56,80.82,27.6,996.9,76.98
2001-06-17T09:00:00,42571099999,SATNA,24.56,80.82,30.0,995.2,69.04
2001-06-17T12:00:00,42571099999,SATNA,24.56,80.82,30.0,993.8,71.57
2001-06-17T15:00:00,42571099999,SATNA,24.56,80.82,29.0,996.5,70.96
2001-06-17T18:00:00,42571099999,SATNA,24.56,80.82,27.6,997.2,84.25
2001-06-18T00:00:00,42571099999,SATNA,24.56,80.82,25.4,996.8,88.18
2001-06-18T03:00:00,42571099999,SATNA,24.56,80.82,28.6,997.3,73.51
2001-06-18T06:00:00,42571099999,SATNA,24.56,80.82,31.4,997.8,61.09
2001-06-18T12:00:00,42571099999,SATNA,24.56,80.82,32.6,994.2,60.62
2001-06-18T15:00:00,42571099999,SATNA,24.56,80.82,27.0,997.3,92.07
2001-06-18T18:00:00,42571099999,SATNA,24.56,80.82,26.4,998.4,92.03
2001-06-18T21:00:00,42571099999,SATNA,24.56,80.82,25.8,996.9,93.11
2001-06-19T03:00:00,42571099999,SATNA,24.56,80.82,26.0,998.8,94.8
2001-06-19T06:00:00,42571099999,SATNA,24.56,80.82,27.0,998.7,96.53
2001-06-19T09:00:00,42571099999,SATNA,24.56,80.82,27.6,996.5,87.31
2001-06-19T12:00:00,42571099999,SATNA,24.56,80.82,28.4,994.9,77.57
2001-06-19T15:00:00,42571099999,SATNA,24.56,80.82,26.8,997.4,90.43
2001-06-19T18:00:00,42571099999,SATNA,24.56,80.82,26.0,998.6,92.01
2001-06-19T21:00:00,42571099999,SATNA,24.56,80.82,25.8,997.6,92.0
2001-06-20T00:00:00,42571099999,SATNA,24.56,80.82,25.4,997.1,85.03
2001-06-20T03:00:00,42571099999,SATNA,24.56,80.82,28.2,997.9,80.38
2001-06-20T06:00:00,42571099999,SATNA,24.56,80.82,31.4,997.9,66.07
2001-06-20T09:00:00,42571099999,SATNA,24.56,80.82,33.0,994.9,64.45
2001-06-20T15:00:00,42571099999,SATNA,24.56,80.82,27.0,997.4,78.31
2001-06-21T00:00:00,42571099999,SATNA,24.56,80.82,25.4,998.1,94.77
2001-06-21T03:00:00,42571099999,SATNA,24.56,80.82,28.0,998.8,81.81
2001-06-21T06:00:00,42571099999,SATNA,24.56,80.82,31.8,998.1,64.97
2001-06-21T09:00:00,42571099999,SATNA,24.56,80.82,33.4,995.9,68.45
2001-06-21T12:00:00,42571099999,SATNA,24.56,80.82,,996.6,
2001-06-21T15:00:00,42571099999,SATNA,24.56,80.82,26.6,991.8,93.7
2001-06-22T00:00:00,42571099999,SATNA,24.56,80.82,26.6,996.8,79.69
2001-06-22T03:00:00,42571099999,SATNA,24.56,80.82,28.4,998.5,74.82
2001-06-22T06:00:00,42571099999,SATNA,24.56,80.82,30.4,998.1,75.59
2001-06-22T12:00:00,42571099999,SATNA,24.56,80.82,33.0,994.4,67.98
2001-06-22T18:00:00,42571099999,SATNA,24.56,80.82,25.0,998.1,100.0
2001-06-23T00:00:00,42571099999,SATNA,24.56,80.82,24.4,996.1,98.22
2001-06-23T03:00:00,42571099999,SATNA,24.56,80.82,27.4,996.8,88.87
2001-06-23T06:00:00,42571099999,SATNA,24.56,80.82,30.4,996.5,78.32
2001-06-23T09:00:00,42571099999,SATNA,24.56,80.82,31.6,995.2,72.71
2001-06-23T12:00:00,42571099999,SATNA,24.56,80.82,28.0,994.8,95.43
2001-06-23T15:00:00,42571099999,SATNA,24.56,80.82,27.4,995.4,92.09
2001-06-23T18:00:00,42571099999,SATNA,24.56,80.82,27.0,997.0,95.4
2001-06-24T00:00:00,42571099999,SATNA,24.56,80.82,23.8,996.9,98.21
2001-06-24T03:00:00,42571099999,SATNA,24.56,80.82,25.2,999.8,89.23
2001-06-24T06:00:00,42571099999,SATNA,24.56,80.82,29.4,998.4,74.98
2001-06-24T09:00:00,42571099999,SATNA,24.56,80.82,31.6,996.5,72.28
2001-06-24T12:00:00,42571099999,SATNA,24.56,80.82,32.0,995.3,60.13
2001-06-24T15:00:00,42571099999,SATNA,24.56,80.82,29.0,998.3,72.26
2001-06-25T00:00:00,42571099999,SATNA,24.56,80.82,26.0,998.1,89.29
2001-06-25T03:00:00,42571099999,SATNA,24.56,80.82,25.8,998.9,93.11
2001-06-25T09:00:00,42571099999,SATNA,24.56,80.82,29.4,997.0,80.54
2001-06-25T12:00:00,42571099999,SATNA,24.56,80.82,29.6,996.1,81.04
2001-06-25T18:00:00,42571099999,SATNA,24.56,80.82,26.0,998.6,92.01
2001-06-26T00:00:00,42571099999,SATNA,24.56,80.82,25.0,997.1,91.4
2001-06-26T03:00:00,42571099999,SATNA,24.56,80.82,24.8,999.1,94.75
2001-06-26T06:00:00,42571099999,SATNA,24.56,80.82,25.8,998.8,93.11
2001-06-26T09:00:00,42571099999,SATNA,24.56,80.82,30.0,996.3,74.18
2001-06-26T15:00:00,42571099999,SATNA,24.56,80.82,28.6,996.9,87.92
2001-06-26T18:00:00,42571099999,SATNA,24.56,80.82,26.0,998.4,88.76
2001-06-26T21:00:00,42571099999,SATNA,24.56,80.82,25.8,996.6,90.36
2001-06-27T00:00:00,42571099999,SATNA,24.56,80.82,25.0,996.9,94.76
2001-06-27T03:00:00,42571099999,SATNA,24.56,80.82,28.0,998.6,84.79
2001-06-27T06:00:00,42571099999,SATNA,24.56,80.82,29.4,998.1,74.98
2001-06-27T09:00:00,42571099999,SATNA,24.56,80.82,30.6,996.3,74.28
2001-06-27T12:00:00,42571099999,SATNA,24.56,80.82,30.2,995.4,75.55
2001-06-27T15:00:00,42571099999,SATNA,24.56,80.82,25.8,997.7,94.79
2001-06-27T18:00:00,42571099999,SATNA,24.56,80.82,25.6,998.2,93.1
2001-06-27T21:00:00,42571099999,SATNA,24.56,80.82,25.4,997.1,93.09
2001-06-28T00:00:00,42571099999,SATNA,24.56,80.82,25.4,997.3,93.09
2001-06-28T03:00:00,42571099999,SATNA,24.56,80.82,26.6,998.9,92.04
2001-06-28T09:00:00,42571099999,SATNA,24.56,80.82,31.4,995.3,69.71
2001-06-28T21:00:00,42571099999,SATNA,24.56,80.82,24.8,997.4,96.47
2001-06-29T18:00:00,42571099999,SATNA,24.56,80.82,26.0,999.0,96.5
2001-07-02T09:00:00,42571099999,SATNA,24.56,80.82,29.4,998.1,84.94
2001-07-02T12:00:00,42571099999,SATNA,24.56,80.82,28.2,997.2,93.77
2001-07-02T15:00:00,42571099999,SATNA,24.56,80.82,27.4,997.7,88.87
2001-07-02T18:00:00,42571099999,SATNA,24.56,80.82,27.0,1000.5,90.44
2001-07-03T00:00:00,42571099999,SATNA,24.56,80.82,25.0,999.3,91.4
2001-07-03T03:00:00,42571099999,SATNA,24.56,80.82,27.0,998.5,87.26
2001-07-03T09:00:00,42571099999,SATNA,24.56,80.82,32.0,997.3,83.25
2001-07-03T12:00:00,42571099999,SATNA,24.56,80.82,32.0,996.1,57.98
2001-07-03T15:00:00,42571099999,SATNA,24.56,80.82,29.6,997.9,72.36
2001-07-03T18:00:00,42571099999,SATNA,24.56,80.82,28.4,999.4,77.57
2001-07-03T21:00:00,42571099999,SATNA,24.56,80.82,27.4,996.8,84.22
2001-07-04T00:00:00,42571099999,SATNA,24.56,80.82,26.6,999.9,90.41
2001-07-04T03:00:00,42571099999,SATNA,24.56,80.82,28.2,998.9,78.95
2001-07-04T06:00:00,42571099999,SATNA,24.56,80.82,31.6,998.4,64.93
2001-07-04T09:00:00,42571099999,SATNA,24.56,80.82,33.0,996.2,62.18
2001-07-04T12:00:00,42571099999,SATNA,24.56,80.82,33.6,994.2,63.81
2001-07-04T15:00:00,42571099999,SATNA,24.56,80.82,31.4,997.1,76.19
2001-07-04T18:00:00,42571099999,SATNA,24.56,80.82,29.4,997.5,81.98
2001-07-05T00:00:00,42571099999,SATNA,24.56,80.82,27.2,996.3,94.28
2001-07-05T03:00:00,42571099999,SATNA,24.56,80.82,30.2,997.5,78.29
2001-07-05T06:00:00,42571099999,SATNA,24.56,80.82,32.0,996.5,66.19
2001-07-05T09:00:00,42571099999,SATNA,24.56,80.82,30.0,995.7,64.99
2001-07-06T06:00:00,42571099999,SATNA,24.56,80.82,32.0,997.8,72.35
2001-07-06T09:00:00,42571099999,SATNA,24.56,80.82,34.0,995.4,58.45
2001-07-06T12:00:00,42571099999,SATNA,24.56,80.82,31.4,994.7,73.54
2001-07-06T15:00:00,42571099999,SATNA,24.56,80.82,29.6,996.8,81.04
2001-07-07T03:00:00,42571099999,SATNA,24.56,80.82,27.0,999.0,84.18
2001-07-07T12:00:00,42571099999,SATNA,24.56,80.82,29.4,996.0,71.03
2001-07-08T00:00:00,42571099999,SATNA,24.56,80.82,25.6,997.2,94.78
2001-07-08T03:00:00,42571099999,SATNA,24.56,80.82,27.2,997.6,88.85
2001-07-08T06:00:00,42571099999,SATNA,24.56,80.82,30.4,997.1,76.94
2001-07-08T09:00:00,42571099999,SATNA,24.56,80.82,32.4,993.4,63.94
2001-07-08T15:00:00,42571099999,SATNA,24.56,80.82,25.8,995.3,100.0
2001-07-08T18:00:00,42571099999,SATNA,24.56,80.82,26.8,996.1,98.25
2001-07-09T03:00:00,42571099999,SATNA,24.56,80.82,29.4,994.7,81.98
2001-07-09T06:00:00,42571099999,SATNA,24.56,80.82,31.0,994.8,69.23
2001-07-09T09:00:00,42571099999,SATNA,24.56,80.82,31.0,993.3,72.17
2001-07-10T03:00:00,42571099999,SATNA,24.56,80.82,28.0,995.7,88.92
2001-07-10T12:00:00,42571099999,SATNA,24.56,80.82,28.2,999.7,88.93
2001-07-10T15:00:00,42571099999,SATNA,24.56,80.82,27.6,996.2,92.1
2001-07-10T18:00:00,42571099999,SATNA,24.56,80.82,27.4,997.2,92.09
2001-07-10T21:00:00,42571099999,SATNA,24.56,80.82,26.0,996.5,93.67
2001-07-11T00:00:00,42571099999,SATNA,24.56,80.82,25.6,996.8,94.78
2001-07-11T03:00:00,42571099999,SATNA,24.56,80.82,26.6,998.2,90.95
2001-07-11T06:00:00,42571099999,SATNA,24.56,80.82,28.0,998.6,81.81
2001-07-11T12:00:00,42571099999,SATNA,24.56,80.82,26.0,997.6,92.01
2001-07-11T15:00:00,42571099999,SATNA,24.56,80.82,25.6,999.2,94.78
2001-07-12T00:00:00,42571099999,SATNA,24.56,80.82,25.0,998.1,98.23
2001-07-12T03:00:00,42571099999,SATNA,24.56,80.82,24.6,999.0,98.22
2001-07-12T09:00:00,42571099999,SATNA,24.56,80.82,24.8,996.4,100.0
2001-07-12T12:00:00,42571099999,SATNA,24.56,80.82,25.0,997.1,100.0
2001-07-12T15:00:00,42571099999,SATNA,24.56,80.82,25.0,999.3,96.48
2001-07-12T18:00:00,42571099999,SATNA,24.56,80.82,25.0,1000.8,96.48
2001-07-12T21:00:00,42571099999,SATNA,24.56,80.82,24.4,999.0,100.0
2001-07-13T00:00:00,42571099999,SATNA,24.56,80.82,24.4,999.1,100.0
2001-07-13T03:00:00,42571099999,SATNA,24.56,80.82,24.8,1000.3,100.0
2001-07-13T06:00:00,42571099999,SATNA,24.56,80.82,24.4,1000.3,98.22
2001-07-13T09:00:00,42571099999,SATNA,24.56,80.82,26.0,999.4,92.01
2001-07-13T12:00:00,42571099999,SATNA,24.56,80.82,25.8,998.6,93.11
2001-07-13T15:00:00,42571099999,SATNA,24.56,80.82,25.4,1000.4,94.77
2001-07-13T18:00:00,42571099999,SATNA,24.56,80.82,25.6,1000.9,91.44
2001-07-13T21:00:00,42571099999,SATNA,24.56,80.82,25.0,1000.4,98.23
2001-07-14T03:00:00,42571099999,SATNA,24.56,80.82,25.0,1001.8,96.48
2001-07-14T06:00:00,42571099999,SATNA,24.56,80.82,24.8,1002.3,98.22
2001-07-14T09:00:00,42571099999,SATNA,24.56,80.82,25.2,1000.9,98.23
2001-07-14T12:00:00,42571099999,SATNA,24.56,80.82,25.2,1000.4,98.23
2001-07-14T18:00:00,42571099999,SATNA,24.56,80.82,25.4,1002.1,96.49
2001-07-15T00:00:00,42571099999,SATNA,24.56,80.82,25.6,1000.0,90.34
2001-07-15T03:00:00,42571099999,SATNA,24.56,80.82,26.2,1001.6,87.19
2001-07-15T06:00:00,42571099999,SATNA,24.56,80.82,27.2,1001.3,85.73
2001-07-15T09:00:00,42571099999,SATNA,24.56,80.82,29.0,999.5,76.27
2001-07-15T12:00:00,42571099999,SATNA,24.56,80.82,30.0,999.1,74.18
2001-07-15T15:00:00,42571099999,SATNA,24.56,80.82,27.0,1000.9,87.26
2001-07-15T18:00:00,42571099999,SATNA,24.56,80.82,26.4,1000.9,
2001-07-16T00:00:00,42571099999,SATNA,24.56,80.82,25.8,999.7,90.36
2001-07-16T03:00:00,42571099999,SATNA,24.56,80.82,27.0,1001.2,81.2
2001-07-16T06:00:00,42571099999,SATNA,24.56,80.82,26.6,1001.2,88.81
2001-07-16T09:00:00,42571099999,SATNA,24.56,80.82,27.6,998.6,85.77
2001-07-16T12:00:00,42571099999,SATNA,24.56,80.82,28.4,997.5,81.86
2001-07-16T15:00:00,42571099999,SATNA,24.56,80.82,27.4,999.0,84.22
2001-07-16T18:00:00,42571099999,SATNA,24.56,80.82,26.6,999.6,84.14
2001-07-17T00:00:00,42571099999,SATNA,24.56,80.82,24.4,999.8,100.0
2001-07-17T09:00:00,42571099999,SATNA,24.56,80.82,26.6,,90.41
2001-07-17T12:00:00,42571099999,SATNA,24.56,80.82,26.8,997.8,95.39
2001-07-17T15:00:00,42571099999,SATNA,24.56,80.82,24.6,1000.0,96.47
2001-07-17T18:00:00,42571099999,SATNA,24.56,80.82,24.6,1000.2,98.22
2001-07-17T21:00:00,42571099999,SATNA,24.56,80.82,24.8,998.5,96.47
2001-07-18T00:00:00,42571099999,SATNA,24.56,80.82,25.0,998.4,96.48
2001-07-18T03:00:00,42571099999,SATNA,24.56,80.82,25.6,999.5,94.78
2001-07-18T06:00:00,42571099999,SATNA,24.56,80.82,28.0,999.0,84.79
2001-07-18T12:00:00,42571099999,SATNA,24.56,80.82,29.6,996.1,81.04
2001-07-18T15:00:00,42571099999,SATNA,24.56,80.82,27.0,997.9,95.4
2001-07-19T00:00:00,42571099999,SATNA,24.56,80.82,25.4,996.6,96.49
2001-07-19T03:00:00,42571099999,SATNA,24.56,80.82,26.4,998.0,93.69
2001-07-19T06:00:00,42571099999,SATNA,24.56,80.82,29.4,998.1,79.11
2001-07-19T09:00:00,42571099999,SATNA,24.56,80.82,28.0,996.7,88.92
2001-07-19T12:00:00,42571099999,SATNA,24.56,80.82,28.6,995.5,84.85
2001-07-19T15:00:00,42571099999,SATNA,24.56,80.82,26.6,998.5,94.82
2001-07-19T18:00:00,42571099999,SATNA,24.56,80.82,27.0,999.9,96.53
2001-07-20T00:00:00,42571099999,SATNA,24.56,80.82,26.6,998.2,98.25
2001-07-20T03:00:00,42571099999,SATNA,24.56,80.82,25.8,999.8,96.5
2001-07-20T06:00:00,42571099999,SATNA,24.56,80.82,29.4,999.3,81.98
2001-07-20T09:00:00,42571099999,SATNA,24.56,80.82,31.6,996.1,71.0
2001-07-20T12:00:00,42571099999,SATNA,24.56,80.82,28.0,996.6,81.81
2001-07-20T18:00:00,42571099999,SATNA,24.56,80.82,25.2,999.9,98.82
2001-07-21T00:00:00,42571099999,SATNA,24.56,80.82,25.6,997.0,100.0
2001-07-21T03:00:00,42571099999,SATNA,24.56,80.82,28.0,999.3,87.35
2001-07-21T06:00:00,42571099999,SATNA,24.56,80.82,29.4,998.3,77.71
2001-07-21T09:00:00,42571099999,SATNA,24.56,80.82,26.6,997.7,94.82
2001-07-21T15:00:00,42571099999,SATNA,24.56,80.82,25.8,998.7,98.24
2001-07-21T18:00:00,42571099999,SATNA,24.56,80.82,25.4,1000.1,96.49
2001-07-22T00:00:00,42571099999,SATNA,24.56,80.82,25.4,998.7,98.23
2001-07-22T03:00:00,42571099999,SATNA,24.56,80.82,26.0,999.8,96.5
2001-07-22T06:00:00,42571099999,SATNA,24.56,80.82,25.8,1000.1,98.24
2001-07-22T12:00:00,42571099999,SATNA,24.56,80.82,27.0,997.6,92.07
2001-07-22T15:00:00,42571099999,SATNA,24.56,80.82,26.0,1000.2,92.01
2001-07-22T18:00:00,42571099999,SATNA,24.56,80.82,25.6,1000.2,91.44
2001-07-23T00:00:00,42571099999,SATNA,24.56,80.82,25.0,999.5,100.0
2001-07-23T03:00:00,42571099999,SATNA,24.56,80.82,25.2,1000.1,100.0
2001-07-23T06:00:00,42571099999,SATNA,24.56,80.82,29.0,999.5,81.93
2001-07-23T12:00:00,42571099999,SATNA,24.56,80.82,30.6,996.5,78.35
2001-07-24T00:00:00,42571099999,SATNA,24.56,80.82,25.8,998.4,85.59
2001-07-24T03:00:00,42571099999,SATNA,24.56,80.82,25.6,1000.2,96.49
2001-07-24T06:00:00,42571099999,SATNA,24.56,80.82,29.0,999.7,81.93
2001-07-24T12:00:00,42571099999,SATNA,24.56,80.82,30.4,996.3,76.94
2001-07-24T15:00:00,42571099999,SATNA,24.56,80.82,26.8,997.9,100.0
2001-07-24T18:00:00,42571099999,SATNA,24.56,80.82,26.6,999.0,98.25
2001-07-25T00:00:00,42571099999,SATNA,24.56,80.82,26.0,997.7,94.8
2001-07-25T03:00:00,42571099999,SATNA,24.56,80.82,26.6,1000.4,94.82
2001-07-25T06:00:00,42571099999,SATNA,24.56,80.82,28.0,1000.2,87.35
2001-07-25T09:00:00,42571099999,SATNA,24.56,80.82,30.4,998.0,82.58
2001-07-25T12:00:00,42571099999,SATNA,24.56,80.82,27.0,997.9,96.53
2001-07-25T15:00:00,42571099999,SATNA,24.56,80.82,27.6,1001.3,90.48
2001-07-26T03:00:00,42571099999,SATNA,24.56,80.82,27.6,1000.9,92.1
2001-07-26T06:00:00,42571099999,SATNA,24.56,80.82,30.0,1000.7,78.26
2001-07-26T09:00:00,42571099999,SATNA,24.56,80.82,29.0,999.3,84.9
2001-07-26T12:00:00,42571099999,SATNA,24.56,80.82,29.0,998.8,81.93
2001-07-26T15:00:00,42571099999,SATNA,24.56,80.82,27.6,1000.6,87.31
2001-07-26T18:00:00,42571099999,SATNA,24.56,80.82,27.2,1001.4,90.45
2001-07-26T21:00:00,42571099999,SATNA,24.56,80.82,26.4,999.8,96.51
2001-07-27T00:00:00,42571099999,SATNA,24.56,80.82,25.8,999.9,98.24
2001-07-27T03:00:00,42571099999,SATNA,24.56,80.82,25.4,1000.9,100.0
2001-07-27T06:00:00,42571099999,SATNA,24.56,80.82,27.1,1001.1,90.45
2001-07-27T12:00:00,42571099999,SATNA,24.56,80.82,28.4,998.1,77.57
2001-07-27T15:00:00,42571099999,SATNA,24.56,80.82,27.6,1000.1,87.31
2001-07-28T00:00:00,42571099999,SATNA,24.56,80.82,26.2,997.2,92.02
2001-07-28T03:00:00,42571099999,SATNA,24.56,80.82,25.4,1001.6,98.23
2001-07-28T06:00:00,42571099999,SATNA,24.56,80.82,26.4,1001.3,93.69
2001-07-28T09:00:00,42571099999,SATNA,24.56,80.82,30.4,998.5,75.59
2001-07-28T12:00:00,42571099999,SATNA,24.56,80.82,27.4,998.3,88.87
2001-07-28T18:00:00,42571099999,SATNA,24.56,80.82,26.0,1001.1,96.5
2001-07-29T03:00:00,42571099999,SATNA,24.56,80.82,27.4,996.3,85.75
2001-07-29T06:00:00,42571099999,SATNA,24.56,80.82,28.4,1002.2,84.83
2001-07-29T09:00:00,42571099999,SATNA,24.56,80.82,26.0,1000.9,96.5
2001-07-29T12:00:00,42571099999,SATNA,24.56,80.82,25.6,1000.5,96.49
2001-07-29T15:00:00,42571099999,SATNA,24.56,80.82,26.0,1002.6,92.01
2001-07-30T03:00:00,42571099999,SATNA,24.56,80.82,26.6,1002.9,87.23
2001-07-30T06:00:00,42571099999,SATNA,24.56,80.82,27.8,1000.9,84.27
2001-07-30T09:00:00,42571099999,SATNA,24.56,80.82,29.2,1001.8,76.3
2001-07-30T12:00:00,42571099999,SATNA,24.56,80.82,29.2,1001.0,78.62
2001-07-30T18:00:00,42571099999,SATNA,24.56,80.82,27.2,1003.7,90.45
2001-07-31T03:00:00,42571099999,SATNA,24.56,80.82,27.6,1004.8,82.75
2001-07-31T06:00:00,42571099999,SATNA,24.56,80.82,30.4,,71.64
2001-07-31T09:00:00,42571099999,SATNA,24.56,80.82,32.0,1001.5,65.01
2001-07-31T12:00:00,42571099999,SATNA,24.56,80.82,31.2,1001.0,65.63
2001-07-31T15:00:00,42571099999,SATNA,24.56,80.82,29.4,1002.6,81.98
2001-07-31T18:00:00,42571099999,SATNA,24.56,80.82,28.0,1003.2,84.79
2001-07-31T21:00:00,42571099999,SATNA,24.56,80.82,27.0,1002.2,85.71
2001-08-01T00:00:00,42571099999,SATNA,24.56,80.82,26.6,1002.0,90.41
2001-08-01T03:00:00,42571099999,SATNA,24.56,80.82,28.2,1003.4,81.83
2001-08-01T06:00:00,42571099999,SATNA,24.56,80.82,29.6,1002.8,76.82
2001-08-01T09:00:00,42571099999,SATNA,24.56,80.82,30.6,1000.5,74.28
2001-08-01T12:00:00,42571099999,SATNA,24.56,80.82,30.6,998.8,75.62
2001-08-01T15:00:00,42571099999,SATNA,24.56,80.82,29.0,1000.3,84.9
2001-08-01T21:00:00,42571099999,SATNA,24.56,80.82,26.8,999.5,88.82
2001-08-02T00:00:00,42571099999,SATNA,24.56,80.82,26.4,1000.1,88.79
2001-08-02T03:00:00,42571099999,SATNA,24.56,80.82,28.4,1000.4,84.83
2001-08-02T06:00:00,42571099999,SATNA,24.56,80.82,31.6,1000.1,68.52
2001-08-02T09:00:00,42571099999,SATNA,24.56,80.82,33.0,997.8,61.08
2001-08-02T12:00:00,42571099999,SATNA,24.56,80.82,31.6,996.7,71.0
2001-08-02T18:00:00,42571099999,SATNA,24.56,80.82,28.4,999.7,88.95
2001-08-02T21:00:00,42571099999,SATNA,24.56,80.82,27.4,998.9,88.87
2001-08-03T00:00:00,42571099999,SATNA,24.56,80.82,,999.6,
2001-08-03T03:00:00,42571099999,SATNA,24.56,80.82,26.4,1001.7,85.65
2001-08-03T06:00:00,42571099999,SATNA,24.56,80.82,29.4,1000.9,68.51
2001-08-03T09:00:00,42571099999,SATNA,24.56,80.82,30.4,999.5,66.66
2001-08-03T12:00:00,42571099999,SATNA,24.56,80.82,30.4,998.3,75.59
2001-08-03T15:00:00,42571099999,SATNA,24.56,80.82,29.4,1000.5,81.98
2001-08-03T18:00:00,42571099999,SATNA,24.56,80.82,27.4,1001.5,90.47
2001-08-03T21:00:00,42571099999,SATNA,24.56,80.82,27.0,1001.4,92.07
2001-08-04T00:00:00,42571099999,SATNA,24.56,80.82,25.0,1001.5,91.4
2001-08-04T03:00:00,42571099999,SATNA,24.56,80.82,27.4,1003.1,92.09
2001-08-04T06:00:00,42571099999,SATNA,24.56,80.82,30.4,1003.0,78.32
2001-08-04T09:00:00,42571099999,SATNA,24.56,80.82,31.0,1001.1,76.13
2001-08-04T12:00:00,42571099999,SATNA,24.56,80.82,30.2,1000.5,79.69
2001-08-04T15:00:00,42571099999,SATNA,24.56,80.82,28.8,,90.56
2001-08-04T18:00:00,42571099999,SATNA,24.56,80.82,27.8,1004.9,90.49
2001-08-05T00:00:00,42571099999,SATNA,24.56,80.82,27.0,1003.1,96.53
2001-08-05T03:00:00,42571099999,SATNA,24.56,80.82,29.2,1004.1,79.09
2001-08-05T06:00:00,42571099999,SATNA,24.56,80.82,31.6,1003.8,68.93
2001-08-05T09:00:00,42571099999,SATNA,24.56,80.82,33.0,1001.4,58.57
2001-08-05T12:00:00,42571099999,SATNA,24.56,80.82,32.8,999.9,57.47
2001-08-05T15:00:00,42571099999,SATNA,24.56,80.82,30.4,1002.0,72.5
2001-08-05T18:00:00,42571099999,SATNA,24.56,80.82,29.0,1003.2,84.9
2001-08-06T00:00:00,42571099999,SATNA,24.56,80.82,27.6,1002.2,88.88
2001-08-06T03:00:00,42571099999,SATNA,24.56,80.82,30.2,1002.9,71.61
2001-08-06T06:00:00,42571099999,SATNA,24.56,80.82,31.4,1002.5,67.26
2001-08-06T09:00:00,42571099999,SATNA,24.56,80.82,32.6,1000.3,63.22
2001-08-06T12:00:00,42571099999,SATNA,24.56,80.82,31.8,999.6,67.34
2001-08-06T15:00:00,42571099999,SATNA,24.56,80.82,27.4,1000.8,87.3
2001-08-06T18:00:00,42571099999,SATNA,24.56,80.82,27.6,1002.6,84.25
2001-08-07T00:00:00,42571099999,SATNA,24.56,80.82,27.4,1001.4,93.74
2001-08-07T03:00:00,42571099999,SATNA,24.56,80.82,29.0,1002.1,84.9
2001-08-07T06:00:00,42571099999,SATNA,24.56,80.82,32.0,1001.1,68.59
2001-08-07T11:00:00,42571099999,SATNA,24.56,80.82,33.0,997.0,
2001-08-07T12:00:00,42571099999,SATNA,24.56,80.82,33.0,997.0,66.78
2001-08-07T15:00:00,42571099999,SATNA,24.56,80.82,27.6,1001.0,92.1
2001-08-08T06:00:00,42571099999,SATNA,24.56,80.82,,1002.0,
2001-08-08T09:00:00,42571099999,SATNA,24.56,80.82,33.0,1000.2,61.08
2001-08-08T12:00:00,42571099999,SATNA,24.56,80.82,32.4,999.0,63.94
2001-08-08T15:00:00,42571099999,SATNA,24.56,80.82,32.4,999.0,63.94
2001-08-08T21:00:00,42571099999,SATNA,24.56,80.82,26.0,1003.3,92.01
2001-08-09T00:00:00,42571099999,SATNA,24.56,80.82,26.4,1003.4,88.79
2001-08-09T03:00:00,42571099999,SATNA,24.56,80.82,26.8,1005.2,90.43
2001-08-09T09:00:00,42571099999,SATNA,24.56,80.82,30.0,1002.2,74.18
2001-08-09T12:00:00,42571099999,SATNA,24.56,80.82,30.0,1001.3,75.52
2001-08-09T15:00:00,42571099999,SATNA,24.56,80.82,28.6,1003.6,80.43
2001-08-09T18:00:00,42571099999,SATNA,24.56,80.82,28.0,1004.8,84.79
2001-08-09T21:00:00,42571099999,SATNA,24.56,80.82,28.0,1004.8,84.79
2001-08-10T00:00:00,42571099999,SATNA,24.56,80.82,26.0,1003.7,92.01
2001-08-10T03:00:00,42571099999,SATNA,24.56,80.82,27.0,1004.6,88.84
2001-08-10T06:00:00,42571099999,SATNA,24.56,80.82,30.4,1003.5,74.25
2001-08-10T09:00:00,42571099999,SATNA,24.56,80.82,31.0,1000.9,74.79
2001-08-10T12:00:00,42571099999,SATNA,24.56,80.82,29.8,998.9,76.85
2001-08-10T15:00:00,42571099999,SATNA,24.56,80.82,28.6,1001.3,83.36
2001-08-10T18:00:00,42571099999,SATNA,24.56,80.82,29.8,998.9,76.85
2001-08-10T21:00:00,42571099999,SATNA,24.56,80.82,27.2,1002.4,93.17
2001-08-11T03:00:00,42571099999,SATNA,24.56,80.82,28.6,1002.9,84.85
2001-08-11T12:00:00,42571099999,SATNA,24.56,80.82,32.0,997.8,68.59
2001-08-11T18:00:00,42571099999,SATNA,24.56,80.82,28.0,1000.9,87.35
2001-08-11T21:00:00,42571099999,SATNA,24.56,80.82,27.0,1000.1,92.07
2001-08-12T00:00:00,42571099999,SATNA,24.56,80.82,27.0,999.9,92.07
2001-08-12T03:00:00,42571099999,SATNA,24.56,80.82,29.0,1001.1,84.9
2001-08-12T06:00:00,42571099999,SATNA,24.56,80.82,31.8,1000.4,69.79
2001-08-12T09:00:00,42571099999,SATNA,24.56,80.82,31.8,1000.4,69.79
2001-08-12T18:00:00,42571099999,SATNA,24.56,80.82,32.8,996.8,67.94
2001-08-13T00:00:00,42571099999,SATNA,24.56,80.82,27.0,999.3,96.53
2001-08-13T03:00:00,42571099999,SATNA,24.56,80.82,27.8,1000.6,85.79
2001-08-13T06:00:00,42571099999,SATNA,24.56,80.82,31.8,999.9,73.6
2001-08-13T09:00:00,42571099999,SATNA,24.56,80.82,30.0,998.2,71.57
2001-08-13T12:00:00,42571099999,SATNA,24.56,80.82,29.6,999.1,83.47
2001-08-13T15:00:00,42571099999,SATNA,24.56,80.82,28.4,999.8,92.14
2001-08-13T18:00:00,42571099999,SATNA,24.56,80.82,28.0,1001.0,92.12
2001-08-13T21:00:00,42571099999,SATNA,24.56,80.82,28.0,1001.0,92.12
2001-08-14T00:00:00,42571099999,SATNA,24.56,80.82,25.4,999.9,96.49
2001-08-14T03:00:00,42571099999,SATNA,24.56,80.82,28.4,1002.2,88.95
2001-08-14T06:00:00,42571099999,SATNA,24.56,80.82,32.0,1001.3,73.64
2001-08-14T09:00:00,42571099999,SATNA,24.56,80.82,32.0,998.6,76.28
2001-08-14T12:00:00,42571099999,SATNA,24.56,80.82,29.4,999.9,81.98
2001-08-14T15:00:00,42571099999,SATNA,24.56,80.82,26.8,1001.5,92.05
2001-08-14T18:00:00,42571099999,SATNA,24.56,80.82,27.0,1002.3,92.07
2001-08-14T21:00:00,42571099999,SATNA,24.56,80.82,26.6,1001.6,94.82
2001-08-15T00:00:00,42571099999,SATNA,24.56,80.82,26.4,1000.9,96.51
2001-08-15T03:00:00,42571099999,SATNA,24.56,80.82,27.4,1002.1,93.74
2001-08-15T06:00:00,42571099999,SATNA,24.56,80.82,27.6,1001.9,85.77
2001-08-15T09:00:00,42571099999,SATNA,24.56,80.82,27.4,999.2,92.09
2001-08-15T12:00:00,42571099999,SATNA,24.56,80.82,26.6,998.6,94.82
2001-08-15T15:00:00,42571099999,SATNA,24.56,80.82,27.0,1000.9,72.35
2001-08-15T18:00:00,42571099999,SATNA,24.56,80.82,26.4,1000.7,100.0
2001-08-15T21:00:00,42571099999,SATNA,24.56,80.82,26.4,999.1,96.51
2001-08-16T00:00:00,42571099999,SATNA,24.56,80.82,26.2,999.5,100.0
2001-08-16T03:00:00,42571099999,SATNA,24.56,80.82,26.6,1000.5,96.52
2001-08-16T06:00:00,42571099999,SATNA,24.56,80.82,29.0,999.2,84.9
2001-08-16T09:00:00,42571099999,SATNA,24.56,80.82,28.8,997.6,89.5
2001-08-16T12:00:00,42571099999,SATNA,24.56,80.82,28.8,,87.94
2001-08-16T15:00:00,42571099999,SATNA,24.56,80.82,27.8,998.8,85.79
2001-08-16T18:00:00,42571099999,SATNA,24.56,80.82,27.2,999.9,92.08
2001-08-17T00:00:00,42571099999,SATNA,24.56,80.82,27.0,997.4,96.53
2001-08-17T03:00:00,42571099999,SATNA,24.56,80.82,27.4,999.2,88.87
2001-08-17T06:00:00,42571099999,SATNA,24.56,80.82,30.0,998.4,79.67
2001-08-17T09:00:00,42571099999,SATNA,24.56,80.82,31.4,995.5,76.19
2001-08-17T12:00:00,42571099999,SATNA,24.56,80.82,30.4,995.7,78.32
2001-08-17T15:00:00,42571099999,SATNA,24.56,80.82,27.4,998.2,92.09
2001-08-17T18:00:00,42571099999,SATNA,24.56,80.82,27.4,999.0,93.74
2001-08-18T06:00:00,42571099999,SATNA,24.56,80.82,25.6,1000.0,98.23
2001-08-18T09:00:00,42571099999,SATNA,24.56,80.82,26.6,997.7,94.82
2001-08-18T12:00:00,42571099999,SATNA,24.56,80.82,25.6,998.2,94.78
2001-08-18T15:00:00,42571099999,SATNA,24.56,80.82,25.6,999.7,98.23
2001-08-18T18:00:00,42571099999,SATNA,24.56,80.82,26.0,1000.0,98.24
2001-08-18T21:00:00,42571099999,SATNA,24.56,80.82,25.6,999.6,98.23
2001-08-19T00:00:00,42571099999,SATNA,24.56,80.82,25.4,999.6,96.49
2001-08-19T03:00:00,42571099999,SATNA,24.56,80.82,26.0,1001.3,93.67
2001-08-19T06:00:00,42571099999,SATNA,24.56,80.82,28.2,1001.8,80.38
2001-08-19T09:00:00,42571099999,SATNA,24.56,80.82,28.6,999.7,83.36
2001-08-19T12:00:00,42571099999,SATNA,24.56,80.82,27.6,999.1,87.31
2001-08-19T15:00:00,42571099999,SATNA,24.56,80.82,27.0,1001.3,95.4
2001-08-19T18:00:00,42571099999,SATNA,24.56,80.82,26.6,1002.4,94.82
2001-08-19T21:00:00,42571099999,SATNA,24.56,80.82,26.0,1000.1,96.5
2001-08-20T00:00:00,42571099999,SATNA,24.56,80.82,26.0,1000.8,96.5
2001-08-20T03:00:00,42571099999,SATNA,24.56,80.82,26.0,1002.1,94.8
2001-08-20T06:00:00,42571099999,SATNA,24.56,80.82,27.4,1002.5,88.87
2001-08-20T12:00:00,42571099999,SATNA,24.56,80.82,28.8,1000.3,84.87
2001-08-20T15:00:00,42571099999,SATNA,24.56,80.82,27.8,1002.0,93.75
2001-08-20T18:00:00,42571099999,SATNA,24.56,80.82,27.4,1003.1,88.87
2001-08-20T21:00:00,42571099999,SATNA,24.56,80.82,26.8,1000.4,96.52
2001-08-21T00:00:00,42571099999,SATNA,24.56,80.82,26.4,1001.4,96.51
2001-08-21T03:00:00,42571099999,SATNA,24.56,80.82,28.0,1002.8,92.12
2001-08-21T06:00:00,42571099999,SATNA,24.56,80.82,30.6,1002.1,78.35
2001-08-21T12:00:00,42571099999,SATNA,24.56,80.82,33.0,997.9,66.78
2001-08-21T15:00:00,42571099999,SATNA,24.56,80.82,30.4,1000.0,84.05
2001-08-21T18:00:00,42571099999,SATNA,24.56,80.82,28.0,1001.4,92.12
2001-08-22T00:00:00,42571099999,SATNA,24.56,80.82,27.4,999.2,92.09
2001-08-22T03:00:00,42571099999,SATNA,24.56,80.82,29.4,1000.5,84.94
2001-08-22T06:00:00,42571099999,SATNA,24.56,80.82,31.6,1000.2,74.88
2001-08-22T09:00:00,42571099999,SATNA,24.56,80.82,31.6,1000.2,74.88
2001-08-22T12:00:00,42571099999,SATNA,24.56,80.82,30.0,998.4,85.0
2001-08-22T15:00:00,42571099999,SATNA,24.56,80.82,26.0,1000.6,96.5
2001-08-22T18:00:00,42571099999,SATNA,24.56,80.82,26.4,999.8,96.51
2001-08-23T00:00:00,42571099999,SATNA,24.56,80.82,26.8,1000.0,96.52
2001-08-23T03:00:00,42571099999,SATNA,24.56,80.82,26.6,1001.6,92.04
2001-08-23T06:00:00,42571099999,SATNA,24.56,80.82,28.6,1001.8,80.43
2001-08-23T12:00:00,42571099999,SATNA,24.56,80.82,31.6,998.4,74.88
2001-08-23T15:00:00,42571099999,SATNA,24.56,80.82,31.6,998.4,74.88
2001-08-23T18:00:00,42571099999,SATNA,24.56,80.82,27.0,1002.3,90.44
2001-08-23T21:00:00,42571099999,SATNA,24.56,80.82,26.4,1001.1,92.03
2001-08-24T03:00:00,42571099999,SATNA,24.56,80.82,26.2,1002.4,90.38
2001-08-24T06:00:00,42571099999,SATNA,24.56,80.82,30.8,1002.1,73.0
2001-08-24T12:00:00,42571099999,SATNA,24.56,80.82,32.2,999.2,67.82
2001-08-24T15:00:00,42571099999,SATNA,24.56,80.82,26.6,1002.1,79.69
2001-08-24T18:00:00,42571099999,SATNA,24.56,80.82,26.0,1003.0,92.01
2001-08-24T21:00:00,42571099999,SATNA,24.56,80.82,26.0,1002.9,92.01
2001-08-25T00:00:00,42571099999,SATNA,24.56,80.82,26.2,1003.0,92.02
2001-08-25T03:00:00,42571099999,SATNA,24.56,80.82,27.6,1003.8,82.75
2001-08-25T09:00:00,42571099999,SATNA,24.56,80.82,33.0,1000.4,61.08
2001-08-25T12:00:00,42571099999,SATNA,24.56,80.82,29.0,1000.6,74.91
2001-08-25T15:00:00,42571099999,SATNA,24.56,80.82,27.0,1002.9,81.2
2001-08-25T18:00:00,42571099999,SATNA,24.56,80.82,26.8,1003.8,85.69
2001-08-25T21:00:00,42571099999,SATNA,24.56,80.82,25.6,1002.1,91.44
2001-08-26T00:00:00,42571099999,SATNA,24.56,80.82,23.0,1003.1,100.0
2001-08-26T03:00:00,42571099999,SATNA,24.56,80.82,24.6,1004.1,100.0
2001-08-26T06:00:00,42571099999,SATNA,24.56,80.82,29.6,1003.1,81.04
2001-08-26T09:00:00,42571099999,SATNA,24.56,80.82,31.4,1001.0,66.07
2001-08-26T18:00:00,42571099999,SATNA,24.56,80.82,26.8,1001.9,88.82
2001-08-27T00:00:00,42571099999,SATNA,24.56,80.82,25.6,1000.8,93.1
2001-08-27T06:00:00,42571099999,SATNA,24.56,80.82,30.6,1001.5,65.51
2001-08-27T09:00:00,42571099999,SATNA,24.56,80.82,32.2,998.9,67.82
2001-08-27T12:00:00,42571099999,SATNA,24.56,80.82,31.6,997.7,69.75
2001-08-27T15:00:00,42571099999,SATNA,24.56,80.82,29.0,999.5,84.9
2001-08-27T18:00:00,42571099999,SATNA,24.56,80.82,27.6,1000.5,84.25
2001-08-27T21:00:00,42571099999,SATNA,24.56,80.82,26.4,999.1,88.79
2001-08-28T00:00:00,42571099999,SATNA,24.56,80.82,25.0,999.7,89.76
2001-08-28T03:00:00,42571099999,SATNA,24.56,80.82,27.0,1001.0,79.74
2001-08-28T06:00:00,42571099999,SATNA,24.56,80.82,30.2,1000.5,72.9
2001-08-28T09:00:00,42571099999,SATNA,24.56,80.82,32.0,998.5,66.19
2001-08-28T12:00:00,42571099999,SATNA,24.56,80.82,31.0,997.1,67.99
2001-08-28T15:00:00,42571099999,SATNA,24.56,80.82,28.8,998.2,83.38
2001-08-28T18:00:00,42571099999,SATNA,24.56,80.82,27.4,999.7,81.25
2001-08-28T21:00:00,42571099999,SATNA,24.56,80.82,26.4,998.6,81.12
2001-08-29T00:00:00,42571099999,SATNA,24.56,80.82,25.0,999.4,88.14
2001-08-29T03:00:00,42571099999,SATNA,24.56,80.82,26.8,1001.0,81.17
2001-08-29T06:00:00,42571099999,SATNA,24.56,80.82,30.6,1000.4,67.92
2001-08-29T09:00:00,42571099999,SATNA,24.56,80.82,32.0,998.2,66.19
2001-08-29T12:00:00,42571099999,SATNA,24.56,80.82,30.2,998.7,58.99
2001-08-29T15:00:00,42571099999,SATNA,24.56,80.82,29.2,999.0,79.09
2001-08-29T18:00:00,42571099999,SATNA,24.56,80.82,27.4,1000.3,92.09
2001-08-29T21:00:00,42571099999,SATNA,24.56,80.82,27.4,1000.3,92.09
2001-08-30T00:00:00,42571099999,SATNA,24.56,80.82,25.0,999.4,91.4
2001-08-30T03:00:00,42571099999,SATNA,24.56,80.82,25.0,999.4,91.4
2001-08-30T06:00:00,42571099999,SATNA,24.56,80.82,29.6,1000.5,78.21
2001-08-30T09:00:00,42571099999,SATNA,24.56,80.82,32.6,998.3,65.52
2001-08-30T12:00:00,42571099999,SATNA,24.56,80.82,31.8,997.3,69.79
2001-08-30T15:00:00,42571099999,SATNA,24.56,80.82,24.0,999.8,
2001-08-30T18:00:00,42571099999,SATNA,24.56,80.82,27.6,1000.8,87.31
2001-08-31T00:00:00,42571099999,SATNA,24.56,80.82,25.0,999.6,88.14
2001-08-31T03:00:00,42571099999,SATNA,24.56,80.82,26.2,1000.4,87.19
2001-08-31T06:00:00,42571099999,SATNA,24.56,80.82,30.0,1000.9,71.57
2001-08-31T09:00:00,42571099999,SATNA,24.56,80.82,,997.9,
2001-08-31T12:00:00,42571099999,SATNA,24.56,80.82,27.6,998.2,93.74
2001-08-31T15:00:00,42571099999,SATNA,24.56,80.82,26.2,1000.7,92.02
2001-08-31T18:00:00,42571099999,SATNA,24.56,80.82,26.0,1000.8,94.8
2001-09-01T00:00:00,42571099999,SATNA,24.56,80.82,25.6,999.5,94.78
2001-09-01T03:00:00,42571099999,SATNA,24.56,80.82,25.2,1000.8,100.0
2001-09-01T06:00:00,42571099999,SATNA,24.56,80.82,26.6,1001.2,96.52
2001-09-01T09:00:00,42571099999,SATNA,24.56,80.82,28.2,999.3,81.83
2001-09-01T12:00:00,42571099999,SATNA,24.56,80.82,27.0,999.6,87.26
2001-09-01T15:00:00,42571099999,SATNA,24.56,80.82,25.6,1001.4,94.78
2001-09-01T18:00:00,42571099999,SATNA,24.56,80.82,25.4,1001.5,94.77
2001-09-02T00:00:00,42571099999,SATNA,24.56,80.82,25.0,1000.8,98.23
2001-09-02T03:00:00,42571099999,SATNA,24.56,80.82,25.0,1000.8,98.23
2001-09-02T06:00:00,42571099999,SATNA,24.56,80.82,26.0,1002.7,90.37
2001-09-02T09:00:00,42571099999,SATNA,24.56,80.82,27.0,1001.2,85.71
2001-09-02T12:00:00,42571099999,SATNA,24.56,80.82,27.2,1000.0,85.73
2001-09-02T15:00:00,42571099999,SATNA,24.56,80.82,25.6,1002.1,91.44
2001-09-03T00:00:00,42571099999,SATNA,24.56,80.82,24.4,1002.8,93.04
2001-09-03T03:00:00,42571099999,SATNA,24.56,80.82,26.0,1004.7,88.76
2001-09-03T06:00:00,42571099999,SATNA,24.56,80.82,29.4,1004.9,74.98
2001-09-03T09:00:00,42571099999,SATNA,24.56,80.82,31.4,1003.2,63.34
2001-09-03T12:00:00,42571099999,SATNA,24.56,80.82,31.2,1001.9,73.5
2001-09-03T15:00:00,42571099999,SATNA,24.56,80.82,28.4,1004.1,87.9
2001-09-03T18:00:00,42571099999,SATNA,24.56,80.82,27.4,1005.4,84.22
2001-09-03T21:00:00,42571099999,SATNA,24.56,80.82,27.4,1005.4,84.22
2001-09-04T00:00:00,42571099999,SATNA,24.56,80.82,25.8,1004.5,90.36
2001-09-04T03:00:00,42571099999,SATNA,24.56,80.82,28.2,1005.1,80.38
2001-09-04T06:00:00,42571099999,SATNA,24.56,80.82,30.6,1004.9,71.68
2001-09-04T09:00:00,42571099999,SATNA,24.56,80.82,33.0,1001.3,66.78
2001-09-04T12:00:00,42571099999,SATNA,24.56,80.82,29.0,1001.1,77.66
2001-09-04T15:00:00,42571099999,SATNA,24.56,80.82,27.6,1003.4,87.31
2001-09-04T18:00:00,42571099999,SATNA,24.56,80.82,27.4,1003.7,84.22
2001-09-04T21:00:00,42571099999,SATNA,24.56,80.82,27.0,1002.2,85.71
2001-09-05T00:00:00,42571099999,SATNA,24.56,80.82,26.6,1002.6,92.04
2001-09-05T03:00:00,42571099999,SATNA,24.56,80.82,28.0,1004.4,77.51
2001-09-05T06:00:00,42571099999,SATNA,24.56,80.82,31.2,1004.2,68.44
2001-09-05T09:00:00,42571099999,SATNA,24.56,80.82,32.4,1001.9,66.66
2001-09-05T12:00:00,42571099999,SATNA,24.56,80.82,31.2,1004.2,68.44
2001-09-05T15:00:00,42571099999,SATNA,24.56,80.82,29.0,1002.6,81.93
2001-09-05T18:00:00,42571099999,SATNA,24.56,80.82,27.6,1004.0,87.31
2001-09-05T21:00:00,42571099999,SATNA,24.56,80.82,27.0,1002.7,88.84
2001-09-06T00:00:00,42571099999,SATNA,24.56,80.82,26.0,1003.6,92.01
2001-09-06T03:00:00,42571099999,SATNA,24.56,80.82,27.0,1005.3,84.18
2001-09-06T06:00:00,42571099999,SATNA,24.56,80.82,31.8,1005.4,62.67
2001-09-06T09:00:00,42571099999,SATNA,24.56,80.82,32.4,1002.8,60.58
2001-09-06T12:00:00,42571099999,SATNA,24.56,80.82,32.4,1001.6,60.58
2001-09-06T15:00:00,42571099999,SATNA,24.56,80.82,28.0,1003.9,84.79
2001-09-06T18:00:00,42571099999,SATNA,24.56,80.82,27.0,1005.2,84.18
2001-09-06T21:00:00,42571099999,SATNA,24.56,80.82,26.0,1004.6,92.01
2001-09-07T00:00:00,42571099999,SATNA,24.56,80.82,25.4,1005.4,96.49
2001-09-07T03:00:00,42571099999,SATNA,24.56,80.82,28.4,1006.7,77.57
2001-09-07T12:00:00,42571099999,SATNA,24.56,80.82,33.4,1002.3,62.27
2001-09-07T15:00:00,42571099999,SATNA,24.56,80.82,30.2,1005.3,76.91
2001-09-07T18:00:00,42571099999,SATNA,24.56,80.82,28.8,1006.7,84.87
2001-09-08T00:00:00,42571099999,SATNA,24.56,80.82,26.4,1006.2,88.79
2001-09-08T03:00:00,42571099999,SATNA,24.56,80.82,26.4,1006.2,88.79
2001-09-08T06:00:00,42571099999,SATNA,24.56,80.82,33.0,1007.4,64.45
2001-09-08T09:00:00,42571099999,SATNA,24.56,80.82,34.4,1004.5,57.84
2001-09-08T12:00:00,42571099999,SATNA,24.56,80.82,33.6,1003.3,63.81
2001-09-08T15:00:00,42571099999,SATNA,24.56,80.82,30.6,1006.0,75.62
2001-09-08T18:00:00,42571099999,SATNA,24.56,80.82,28.0,1005.8,84.79
2001-09-08T21:00:00,42571099999,SATNA,24.56,80.82,27.0,1004.7,84.18
2001-09-09T00:00:00,42571099999,SATNA,24.56,80.82,26.0,1005.1,86.65
2001-09-09T03:00:00,42571099999,SATNA,24.56,80.82,29.0,1006.1,74.91
2001-09-09T06:00:00,42571099999,SATNA,24.56,80.82,32.6,1005.1,63.22
2001-09-09T09:00:00,42571099999,SATNA,24.56,80.82,34.6,1002.2,55.52
2001-09-09T12:00:00,42571099999,SATNA,24.56,80.82,33.6,1001.2,60.48
2001-09-09T15:00:00,42571099999,SATNA,24.56,80.82,30.0,1007.5,75.52
2001-09-09T18:00:00,42571099999,SATNA,24.56,80.82,28.0,1003.9,81.81
2001-09-10T00:00:00,42571099999,SATNA,24.56,80.82,28.0,1003.9,81.81
2001-09-10T03:00:00,42571099999,SATNA,24.56,80.82,29.0,1005.0,76.27
2001-09-10T06:00:00,42571099999,SATNA,24.56,80.82,32.6,1004.4,64.36
2001-09-10T09:00:00,42571099999,SATNA,24.56,80.82,35.0,1001.1,53.65
2001-09-10T12:00:00,42571099999,SATNA,24.56,80.82,33.4,1000.1,60.08
2001-09-10T15:00:00,42571099999,SATNA,24.56,80.82,29.4,1002.8,81.98
2001-09-10T18:00:00,42571099999,SATNA,24.56,80.82,28.0,1004.4,84.79
2001-09-11T00:00:00,42571099999,SATNA,24.56,80.82,25.4,1003.7,88.18
2001-09-11T03:00:00,42571099999,SATNA,24.56,80.82,27.4,1005.1,81.25
2001-09-11T06:00:00,42571099999,SATNA,24.56,80.82,31.0,1004.3,65.59
2001-09-11T09:00:00,42571099999,SATNA,24.56,80.82,33.8,1002.0,62.73
2001-09-11T12:00:00,42571099999,SATNA,24.56,80.82,33.4,1001.1,63.77
2001-09-11T15:00:00,42571099999,SATNA,24.56,80.82,29.0,1004.2,77.66
2001-09-11T18:00:00,42571099999,SATNA,24.56,80.82,27.0,1004.8,73.69
2001-09-12T00:00:00,42571099999,SATNA,24.56,80.82,26.2,1003.9,88.77
2001-09-12T03:00:00,42571099999,SATNA,24.56,80.82,28.6,1005.2,77.6
2001-09-12T06:00:00,42571099999,SATNA,24.56,80.82,32.6,1005.2,60.62
2001-09-12T09:00:00,42571099999,SATNA,24.56,80.82,34.4,1002.2,59.59
2001-09-12T12:00:00,42571099999,SATNA,24.56,80.82,34.4,1000.9,62.12
2001-09-12T15:00:00,42571099999,SATNA,24.56,80.82,29.0,1004.5,70.96
2001-09-12T18:00:00,42571099999,SATNA,24.56,80.82,26.0,1005.1,94.8
2001-09-12T21:00:00,42571099999,SATNA,24.56,80.82,26.0,1004.0,92.01
2001-09-13T00:00:00,42571099999,SATNA,24.56,80.82,,1003.8,
2001-09-13T03:00:00,42571099999,SATNA,24.56,80.82,26.6,1005.6,82.63
2001-09-13T06:00:00,42571099999,SATNA,24.56,80.82,31.4,1004.7,58.55
2001-09-13T09:00:00,42571099999,SATNA,24.56,80.82,33.6,1001.5,49.25
2001-09-13T12:00:00,42571099999,SATNA,24.56,80.82,32.4,1001.5,59.49
2001-09-13T15:00:00,42571099999,SATNA,24.56,80.82,32.4,1001.5,59.49
2001-09-13T18:00:00,42571099999,SATNA,24.56,80.82,26.8,1005.2,78.28
2001-09-13T21:00:00,42571099999,SATNA,24.56,80.82,26.8,1005.2,78.28
2001-09-14T00:00:00,42571099999,SATNA,24.56,80.82,25.4,1004.5,88.18
2001-09-14T03:00:00,42571099999,SATNA,24.56,80.82,27.0,1007.3,82.68
2001-09-14T06:00:00,42571099999,SATNA,24.56,80.82,31.4,1006.4,61.09
2001-09-14T09:00:00,42571099999,SATNA,24.56,80.82,39.6,1003.8,38.61
2001-09-14T12:00:00,42571099999,SATNA,24.56,80.82,32.4,1003.2,58.43
2001-09-14T15:00:00,42571099999,SATNA,24.56,80.82,29.4,1006.5,74.98
2001-09-14T18:00:00,42571099999,SATNA,24.56,80.82,27.4,1006.8,84.22
2001-09-14T21:00:00,42571099999,SATNA,24.56,80.82,26.4,1006.3,90.4
2001-09-15T00:00:00,42571099999,SATNA,24.56,80.82,25.6,1006.9,94.78
2001-09-15T03:00:00,42571099999,SATNA,24.56,80.82,25.6,1006.9,94.78
2001-09-15T06:00:00,42571099999,SATNA,24.56,80.82,31.6,1007.8,60.03
2001-09-15T09:00:00,42571099999,SATNA,24.56,80.82,33.2,1004.6,54.19
2001-09-15T12:00:00,42571099999,SATNA,24.56,80.82,32.6,1004.0,57.42
2001-09-15T15:00:00,42571099999,SATNA,24.56,80.82,32.6,1004.0,57.42
2001-09-15T18:00:00,42571099999,SATNA,24.56,80.82,28.0,1007.2,84.79
2001-09-16T00:00:00,42571099999,SATNA,24.56,80.82,25.6,1006.6,91.44
2001-09-16T06:00:00,42571099999,SATNA,24.56,80.82,32.4,1007.7,54.99
2001-09-16T09:00:00,42571099999,SATNA,24.56,80.82,33.8,1004.9,39.45
2001-09-16T21:00:00,42571099999,SATNA,24.56,80.82,25.2,1005.0,83.48
2001-09-17T00:00:00,42571099999,SATNA,24.56,80.82,24.6,1005.7,86.52
2001-09-17T06:00:00,42571099999,SATNA,24.56,80.82,33.0,1006.1,50.01
2001-09-17T09:00:00,42571099999,SATNA,24.56,80.82,34.6,1003.6,45.17
2001-09-17T12:00:00,42571099999,SATNA,24.56,80.82,34.4,1002.4,47.1
2001-09-17T15:00:00,42571099999,SATNA,24.56,80.82,31.0,1003.7,65.59
2001-09-17T18:00:00,42571099999,SATNA,24.56,80.82,28.4,1005.5,78.98
2001-09-18T00:00:00,42571099999,SATNA,24.56,80.82,25.0,1004.9,83.45
2001-09-18T06:00:00,42571099999,SATNA,24.56,80.82,33.0,1005.5,53.16
2001-09-18T09:00:00,42571099999,SATNA,24.56,80.82,36.0,1001.9,31.96
2001-09-19T00:00:00,42571099999,SATNA,24.56,80.82,24.4,1004.4,83.38
2001-09-19T03:00:00,42571099999,SATNA,24.56,80.82,27.2,1005.7,75.54
2001-09-19T06:00:00,42571099999,SATNA,24.56,80.82,33.6,1004.7,46.32
2001-09-19T09:00:00,42571099999,SATNA,24.56,80.82,36.0,1003.7,31.96
2001-09-19T12:00:00,42571099999,SATNA,24.56,80.82,34.8,1001.8,39.47
2001-09-20T00:00:00,42571099999,SATNA,24.56,80.82,24.0,1005.2,83.34
2001-09-20T03:00:00,42571099999,SATNA,24.56,80.82,27.6,1007.1,69.85
2001-09-20T09:00:00,42571099999,SATNA,24.56,80.82,35.8,1003.2,35.3
2001-09-20T12:00:00,42571099999,SATNA,24.56,80.82,35.2,1002.7,32.77
2001-09-21T06:00:00,42571099999,SATNA,24.56,80.82,33.0,1009.0,52.2
2001-09-21T09:00:00,42571099999,SATNA,24.56,80.82,36.8,1004.6,31.18
2001-09-21T15:00:00,42571099999,SATNA,24.56,80.82,30.0,1005.6,52.74
2001-09-22T00:00:00,42571099999,SATNA,24.56,80.82,24.0,1007.6,91.34
2001-09-23T03:00:00,42571099999,SATNA,24.56,80.82,27.0,1007.7,65.56
2001-09-23T15:00:00,42571099999,SATNA,24.56,80.82,29.0,1005.6,60.55
2001-09-24T12:00:00,42571099999,SATNA,24.56,80.82,35.0,1002.6,29.91
2001-09-25T03:00:00,42571099999,SATNA,24.56,80.82,28.0,1007.4,72.96
2001-09-25T06:00:00,42571099999,SATNA,24.56,80.82,24.4,1005.9,80.37
2001-09-25T12:00:00,42571099999,SATNA,24.56,80.82,34.4,1002.6,33.61
2001-09-25T15:00:00,42571099999,SATNA,24.56,80.82,30.6,1004.3,49.7
2001-09-25T18:00:00,42571099999,SATNA,24.56,80.82,28.0,1005.5,64.97
2001-09-27T09:00:00,42571099999,SATNA,24.56,80.82,36.0,1002.1,19.71
2001-09-27T15:00:00,42571099999,SATNA,24.56,80.82,29.2,1004.5,49.64
2001-09-28T00:00:00,42571099999,SATNA,24.56,80.82,23.4,1005.2,71.71
2001-09-28T03:00:00,42571099999,SATNA,24.56,80.82,28.6,1006.4,57.53
2001-09-28T06:00:00,42571099999,SATNA,24.56,80.82,33.6,1005.0,40.14
2001-09-28T09:00:00,42571099999,SATNA,24.56,80.82,35.0,1002.0,35.08
2001-09-28T18:00:00,42571099999,SATNA,24.56,80.82,,1004.7,
2001-09-28T21:00:00,42571099999,SATNA,24.56,80.82,25.6,1004.6,87.14
2001-09-29T00:00:00,42571099999,SATNA,24.56,80.82,25.6,1004.6,87.14
2001-09-29T06:00:00,42571099999,SATNA,24.56,80.82,32.4,1004.0,59.49
2001-09-29T09:00:00,42571099999,SATNA,24.56,80.82,34.0,1000.8,49.66
2001-09-29T12:00:00,42571099999,SATNA,24.56,80.82,30.6,1001.6,65.51
2001-09-29T15:00:00,42571099999,SATNA,24.56,80.82,29.0,1004.9,70.96
2001-09-29T18:00:00,42571099999,SATNA,24.56,80.82,28.2,1004.3,83.31
2001-09-30T00:00:00,42571099999,SATNA,24.56,80.82,26.4,1003.6,88.79
2001-09-30T09:00:00,42571099999,SATNA,24.56,80.82,33.0,1000.3,50.01
2001-09-30T12:00:00,42571099999,SATNA,24.56,80.82,32.0,1000.5,57.98
2001-09-30T18:00:00,42571099999,SATNA,24.56,80.82,28.0,1002.7,77.51
2001-10-01T00:00:00,42571099999,SATNA,24.56,80.82,24.8,1002.7,93.06
2001-10-01T06:00:00,42571099999,SATNA,24.56,80.82,26.0,1004.6,94.8
2001-10-01T12:00:00,42571099999,SATNA,24.56,80.82,28.4,1001.3,78.98
2001-10-01T15:00:00,42571099999,SATNA,24.56,80.82,27.0,1004.3,87.26
2001-10-01T18:00:00,42571099999,SATNA,24.56,80.82,26.0,1004.8,92.01
2001-10-01T21:00:00,42571099999,SATNA,24.56,80.82,24.6,1003.9,100.0
2001-10-02T00:00:00,42571099999,SATNA,24.56,80.82,24.4,1004.2,100.0
2001-10-02T03:00:00,42571099999,SATNA,24.56,80.82,25.0,1005.7,98.23
2001-10-02T06:00:00,42571099999,SATNA,24.56,80.82,28.0,1004.4,77.51
2001-10-02T09:00:00,42571099999,SATNA,24.56,80.82,29.0,1001.8,79.53
2001-10-02T12:00:00,42571099999,SATNA,24.56,80.82,28.0,1004.4,77.51
2001-10-05T12:00:00,42571099999,SATNA,24.56,80.82,29.4,1003.2,71.03
2001-10-05T15:00:00,42571099999,SATNA,24.56,80.82,26.8,1005.0,85.69
2001-10-05T18:00:00,42571099999,SATNA,24.56,80.82,25.8,1006.3,92.0
2001-10-05T21:00:00,42571099999,SATNA,24.56,80.82,25.2,1005.5,94.77
2001-10-06T00:00:00,42571099999,SATNA,24.56,80.82,24.6,1006.0,98.22
2001-10-06T06:00:00,42571099999,SATNA,24.56,80.82,30.0,1007.4,64.99
2001-10-06T09:00:00,42571099999,SATNA,24.56,80.82,31.2,1004.9,59.58
2001-10-06T12:00:00,42571099999,SATNA,24.56,80.82,30.0,1004.7,67.39
2001-10-06T18:00:00,42571099999,SATNA,24.56,80.82,26.0,1008.1,90.37
2001-10-07T00:00:00,42571099999,SATNA,24.56,80.82,24.0,1007.3,98.21
2001-10-07T03:00:00,42571099999,SATNA,24.56,80.82,27.6,1009.2,82.75
2001-10-07T09:00:00,42571099999,SATNA,24.56,80.82,31.6,1006.2,57.54
2001-10-07T12:00:00,42571099999,SATNA,24.56,80.82,30.4,1006.3,62.75
2001-10-07T15:00:00,42571099999,SATNA,24.56,80.82,28.0,1008.6,80.35
2001-10-07T18:00:00,42571099999,SATNA,24.56,80.82,27.2,1008.6,83.2
2001-10-07T21:00:00,42571099999,SATNA,24.56,80.82,26.0,1007.7,88.76
2001-10-08T00:00:00,42571099999,SATNA,24.56,80.82,25.4,1008.6,93.09
2001-10-08T03:00:00,42571099999,SATNA,24.56,80.82,28.4,1010.4,77.57
2001-10-08T06:00:00,42571099999,SATNA,24.56,80.82,,1009.4,
2001-10-08T09:00:00,42571099999,SATNA,24.56,80.82,34.0,1006.3,51.82
2001-10-08T12:00:00,42571099999,SATNA,24.56,80.82,32.0,1005.6,56.93
2001-10-08T15:00:00,42571099999,SATNA,24.56,80.82,28.6,1008.6,73.51
2001-10-08T21:00:00,42571099999,SATNA,24.56,80.82,26.2,1007.7,88.77
2001-10-09T00:00:00,42571099999,SATNA,24.56,80.82,25.8,1008.8,98.24
2001-10-09T03:00:00,42571099999,SATNA,24.56,80.82,28.0,1009.6,81.81
2001-10-09T06:00:00,42571099999,SATNA,24.56,80.82,31.4,1008.5,63.34
2001-10-09T09:00:00,42571099999,SATNA,24.56,80.82,31.4,1005.4,63.34
2001-10-09T12:00:00,42571099999,SATNA,24.56,80.82,27.6,1005.6,85.77
2001-10-09T15:00:00,42571099999,SATNA,24.56,80.82,26.0,1007.5,88.76
2001-10-10T00:00:00,42571099999,SATNA,24.56,80.82,24.2,1008.3,93.03
2001-10-10T03:00:00,42571099999,SATNA,24.56,80.82,27.6,1009.3,76.98
2001-10-10T06:00:00,42571099999,SATNA,24.56,80.82,30.4,1008.7,62.75
2001-10-10T09:00:00,42571099999,SATNA,24.56,80.82,33.2,1004.9,56.53
2001-10-10T12:00:00,42571099999,SATNA,24.56,80.82,32.0,1004.9,57.98
2001-10-10T15:00:00,42571099999,SATNA,24.56,80.82,32.0,1004.9,57.98
2001-10-10T18:00:00,42571099999,SATNA,24.56,80.82,27.0,1007.9,84.18
2001-10-11T00:00:00,42571099999,SATNA,24.56,80.82,24.6,1007.9,90.27
2001-10-11T03:00:00,42571099999,SATNA,24.56,80.82,27.0,1010.1,76.89
2001-10-11T06:00:00,42571099999,SATNA,24.56,80.82,31.0,1009.1,63.26
2001-10-11T09:00:00,42571099999,SATNA,24.56,80.82,33.4,1006.5,55.57
2001-10-11T12:00:00,42571099999,SATNA,24.56,80.82,32.2,1006.1,59.09
2001-10-11T15:00:00,42571099999,SATNA,24.56,80.82,28.6,1007.6,79.0
2001-10-11T18:00:00,42571099999,SATNA,24.56,80.82,27.0,1008.9,84.18
2001-10-12T03:00:00,42571099999,SATNA,24.56,80.82,27.4,1010.5,78.36
2001-10-12T06:00:00,42571099999,SATNA,24.56,80.82,32.6,1009.5,56.05
2001-10-12T12:00:00,42571099999,SATNA,24.56,80.82,31.4,1006.5,63.34
2001-10-12T15:00:00,42571099999,SATNA,24.56,80.82,27.2,1009.0,68.5
2001-10-12T18:00:00,42571099999,SATNA,24.56,80.82,26.0,1009.8,76.27
2001-10-12T21:00:00,42571099999,SATNA,24.56,80.82,25.0,1007.6,80.45
2001-10-13T00:00:00,42571099999,SATNA,24.56,80.82,24.0,1008.3,83.34
2001-10-13T03:00:00,42571099999,SATNA,24.56,80.82,27.6,1009.8,72.9
2001-10-13T09:00:00,42571099999,SATNA,24.56,80.82,33.8,1006.6,44.41
2001-10-13T12:00:00,42571099999,SATNA,24.56,80.82,32.0,1006.2,48.84
2001-10-13T15:00:00,42571099999,SATNA,24.56,80.82,28.0,1008.3,74.3
2001-10-13T18:00:00,42571099999,SATNA,24.56,80.82,26.6,1008.9,84.14
2001-10-14T00:00:00,42571099999,SATNA,24.56,80.82,24.4,1008.6,91.36
2001-10-14T06:00:00,42571099999,SATNA,24.56,80.82,32.6,1008.6,63.22
2001-10-14T09:00:00,42571099999,SATNA,24.56,80.82,33.0,1005.2,44.75
2001-10-14T12:00:00,42571099999,SATNA,24.56,80.82,32.2,1004.5,47.1
2001-10-14T15:00:00,42571099999,SATNA,24.56,80.82,27.4,1007.1,67.29
2001-10-14T18:00:00,42571099999,SATNA,24.56,80.82,25.6,1008.1,71.66
2001-10-14T21:00:00,42571099999,SATNA,24.56,80.82,25.0,1007.7,75.65
2001-10-15T00:00:00,42571099999,SATNA,24.56,80.82,23.0,1008.8,91.27
2001-10-15T03:00:00,42571099999,SATNA,24.56,80.82,28.4,1009.5,62.31
2001-10-15T09:00:00,42571099999,SATNA,24.56,80.82,32.4,1007.4,39.81
2001-10-15T12:00:00,42571099999,SATNA,24.56,80.82,31.4,1007.3,42.94
2001-10-15T15:00:00,42571099999,SATNA,24.56,80.82,26.8,1009.8,62.34
2001-10-15T18:00:00,42571099999,SATNA,24.56,80.82,27.0,1010.3,69.74
2001-10-16T00:00:00,42571099999,SATNA,24.56,80.82,23.6,1009.4,84.85
2001-10-16T03:00:00,42571099999,SATNA,24.56,80.82,25.0,1011.5,72.89
2001-10-16T06:00:00,42571099999,SATNA,24.56,80.82,31.8,1010.5,41.19
2001-10-16T09:00:00,42571099999,SATNA,24.56,80.82,33.0,1007.6,25.4
2001-10-16T15:00:00,42571099999,SATNA,24.56,80.82,24.6,1009.6,63.44
2001-10-17T00:00:00,42571099999,SATNA,24.56,80.82,19.4,1010.0,73.78
2001-10-17T03:00:00,42571099999,SATNA,24.56,80.82,22.6,1011.3,69.33
2001-10-17T09:00:00,42571099999,SATNA,24.56,80.82,31.4,1010.2,35.68
2001-10-17T12:00:00,42571099999,SATNA,24.56,80.82,29.8,1006.8,39.86
2001-10-17T18:00:00,42571099999,SATNA,24.56,80.82,21.2,1010.1,80.44
2001-10-17T21:00:00,42571099999,SATNA,24.56,80.82,20.4,1008.7,73.01
2001-10-18T00:00:00,42571099999,SATNA,24.56,80.82,18.6,1009.9,80.61
2001-10-18T03:00:00,42571099999,SATNA,24.56,80.82,21.8,1011.0,65.72
2001-10-18T06:00:00,42571099999,SATNA,24.56,80.82,30.4,1009.5,38.51
2001-10-18T09:00:00,42571099999,SATNA,24.56,80.82,32.4,1006.3,27.34
2001-10-18T18:00:00,42571099999,SATNA,24.56,80.82,21.0,1011.8,79.91
2001-10-18T21:00:00,42571099999,SATNA,24.56,80.82,20.0,1012.4,88.83
2001-10-19T00:00:00,42571099999,SATNA,24.56,80.82,19.0,1012.7,90.45
2001-10-19T03:00:00,42571099999,SATNA,24.56,80.82,22.4,1014.3,71.07
2001-10-19T06:00:00,42571099999,SATNA,24.56,80.82,31.2,1012.2,39.48
2001-10-19T12:00:00,42571099999,SATNA,24.56,80.82,30.6,1009.8,45.23
2001-10-19T18:00:00,42571099999,SATNA,24.56,80.82,21.8,1013.2,70.51
2001-10-19T21:00:00,42571099999,SATNA,24.56,80.82,20.4,1013.3,76.35
2001-10-20T00:00:00,42571099999,SATNA,24.56,80.82,18.8,1013.3,82.73
2001-10-20T03:00:00,42571099999,SATNA,24.56,80.82,22.0,1015.4,68.77
2001-10-20T09:00:00,42571099999,SATNA,24.56,80.82,34.0,1010.1,26.87
2001-10-20T12:00:00,42571099999,SATNA,24.56,80.82,29.6,1010.3,46.41
2001-10-20T15:00:00,42571099999,SATNA,24.56,80.82,24.0,1011.2,75.02
2001-10-20T18:00:00,42571099999,SATNA,24.56,80.82,22.0,1011.9,84.15
2001-10-20T21:00:00,42571099999,SATNA,24.56,80.82,20.2,1010.7,91.1
2001-10-21T00:00:00,42571099999,SATNA,24.56,80.82,18.0,1011.9,89.8
2001-10-21T03:00:00,42571099999,SATNA,24.56,80.82,21.6,1013.0,68.69
2001-10-21T09:00:00,42571099999,SATNA,24.56,80.82,34.0,1008.2,22.61
2001-10-21T12:00:00,42571099999,SATNA,24.56,80.82,30.8,1008.9,40.14
2001-10-21T15:00:00,42571099999,SATNA,24.56,80.82,24.4,1011.1,63.39
2001-10-21T18:00:00,42571099999,SATNA,24.56,80.82,21.8,1011.5,77.06
2001-10-22T00:00:00,42571099999,SATNA,24.56,80.82,19.0,1012.3,90.45
2001-10-22T03:00:00,42571099999,SATNA,24.56,80.82,23.0,,74.39
2001-10-22T06:00:00,42571099999,SATNA,24.56,80.82,29.6,1012.1,62.19
2001-10-22T09:00:00,42571099999,SATNA,24.56,80.82,31.6,1009.5,37.86
2001-10-22T12:00:00,42571099999,SATNA,24.56,80.82,29.4,1009.4,44.06
2001-10-22T15:00:00,42571099999,SATNA,24.56,80.82,26.0,1011.1,57.63
2001-10-22T18:00:00,42571099999,SATNA,24.56,80.82,22.0,1012.7,82.08
2001-10-22T21:00:00,42571099999,SATNA,24.56,80.82,20.6,1012.2,88.87
2001-10-23T00:00:00,42571099999,SATNA,24.56,80.82,19.0,1012.8,93.93
2001-10-23T03:00:00,42571099999,SATNA,24.56,80.82,24.0,1014.3,79.82
2001-10-23T09:00:00,42571099999,SATNA,24.56,80.82,30.6,1009.7,48.77
2001-10-23T12:00:00,42571099999,SATNA,24.56,80.82,29.4,1010.0,49.7
2001-10-23T15:00:00,42571099999,SATNA,24.56,80.82,25.0,1012.5,75.65
2001-10-23T18:00:00,42571099999,SATNA,24.56,80.82,22.8,1013.1,81.16
2001-10-23T21:00:00,42571099999,SATNA,24.56,80.82,21.4,1011.3,83.56
2001-10-24T00:00:00,42571099999,SATNA,24.56,80.82,18.6,1012.4,91.57
2001-10-24T03:00:00,42571099999,SATNA,24.56,80.82,22.8,1012.7,79.16
2001-10-24T15:00:00,42571099999,SATNA,24.56,80.82,24.4,1009.8,69.24
2001-10-24T18:00:00,42571099999,SATNA,24.56,80.82,22.4,1009.6,79.11
2001-10-24T21:00:00,42571099999,SATNA,24.56,80.82,21.0,1008.5,83.51
2001-10-25T00:00:00,42571099999,SATNA,24.56,80.82,19.6,1009.0,84.95
2001-10-25T03:00:00,42571099999,SATNA,24.56,80.82,22.6,1010.6,69.33
2001-10-25T09:00:00,42571099999,SATNA,24.56,80.82,34.0,1005.6,26.87
2001-10-26T03:00:00,42571099999,SATNA,24.56,80.82,23.0,1009.7,66.81
2001-10-26T09:00:00,42571099999,SATNA,24.56,80.82,35.4,1004.7,25.19
2001-10-26T12:00:00,42571099999,SATNA,24.56,80.82,31.6,1005.3,36.9
2001-10-26T15:00:00,42571099999,SATNA,24.56,80.82,26.4,1008.2,55.58
2001-10-27T06:00:00,42571099999,SATNA,24.56,80.82,30.2,1012.1,43.16
2001-10-27T12:00:00,42571099999,SATNA,24.56,80.82,30.0,1008.2,40.17
2001-10-28T06:00:00,42571099999,SATNA,24.56,80.82,29.4,1011.4,39.49
2001-10-28T09:00:00,42571099999,SATNA,24.56,80.82,31.0,1008.3,33.11
2001-10-31T09:00:00,42571099999,SATNA,24.56,80.82,33.5,1007.2,30.68
2001-11-02T12:00:00,42571099999,SATNA,24.56,80.82,32.0,1009.2,41.5
2001-11-03T12:00:00,42571099999,SATNA,24.56,80.82,31.2,1008.5,38.48
2001-11-06T09:00:00,42571099999,SATNA,24.56,80.82,33.6,1010.1,35.82
2001-11-06T12:00:00,42571099999,SATNA,24.56,80.82,30.0,1011.0,29.33
2001-11-06T15:00:00,42571099999,SATNA,24.56,80.82,26.2,1012.1,55.18
2001-11-06T18:00:00,42571099999,SATNA,24.56,80.82,24.0,1012.1,61.32
2001-11-06T21:00:00,42571099999,SATNA,24.56,80.82,22.0,1012.7,68.77
2001-11-07T09:00:00,42571099999,SATNA,24.56,80.82,26.2,1013.5,69.16
2001-11-07T12:00:00,42571099999,SATNA,24.56,80.82,25.0,1010.9,65.15
2001-11-08T00:00:00,42571099999,SATNA,24.56,80.82,19.0,1013.1,96.32
2001-11-08T03:00:00,42571099999,SATNA,24.56,80.82,19.6,1014.7,96.33
2001-11-08T09:00:00,42571099999,SATNA,24.56,80.82,27.2,1010.8,57.56
2001-11-08T12:00:00,42571099999,SATNA,24.56,80.82,26.4,1011.2,65.03
2001-11-08T15:00:00,42571099999,SATNA,24.56,80.82,28.4,1013.2,49.44
2001-11-08T18:00:00,42571099999,SATNA,24.56,80.82,20.4,1014.0,81.36
2001-11-09T00:00:00,42571099999,SATNA,24.56,80.82,18.4,1013.6,88.13
2001-11-09T03:00:00,42571099999,SATNA,24.56,80.82,20.6,1015.0,81.9
2001-11-09T09:00:00,42571099999,SATNA,24.56,80.82,29.4,1010.5,46.36
2001-11-09T12:00:00,42571099999,SATNA,24.56,80.82,26.0,1010.6,53.74
2001-11-09T15:00:00,42571099999,SATNA,24.56,80.82,22.6,1012.8,66.31
2001-11-09T18:00:00,42571099999,SATNA,24.56,80.82,20.4,1013.1,77.83
2001-11-10T03:00:00,42571099999,SATNA,24.56,80.82,21.0,1015.0,76.45
2001-11-10T09:00:00,42571099999,SATNA,24.56,80.82,28.0,1010.6,44.53
2001-11-10T15:00:00,42571099999,SATNA,24.56,80.82,22.4,1012.7,61.35
2001-11-10T18:00:00,42571099999,SATNA,24.56,80.82,20.4,1012.8,69.35
2001-11-10T21:00:00,42571099999,SATNA,24.56,80.82,18.4,1012.4,93.9
2001-11-11T03:00:00,42571099999,SATNA,24.56,80.82,18.4,1014.6,68.95
2001-11-11T09:00:00,42571099999,SATNA,24.56,80.82,27.4,1009.6,37.92
2001-11-11T12:00:00,42571099999,SATNA,24.56,80.82,25.4,1010.3,46.17
2001-11-11T15:00:00,42571099999,SATNA,24.56,80.82,21.0,1013.3,64.71
2001-11-11T18:00:00,42571099999,SATNA,24.56,80.82,17.6,1013.7,83.65
2001-11-12T00:00:00,42571099999,SATNA,24.56,80.82,15.0,1013.5,85.01
2001-11-12T03:00:00,42571099999,SATNA,24.56,80.82,17.4,1015.2,82.03
2001-11-12T06:00:00,42571099999,SATNA,24.56,80.82,26.2,1013.5,41.24
2001-11-12T12:00:00,42571099999,SATNA,24.56,80.82,25.4,1010.9,45.27
2001-11-12T15:00:00,42571099999,SATNA,24.56,80.82,20.0,1013.9,64.07
2001-11-12T18:00:00,42571099999,SATNA,24.56,80.82,17.6,1014.3,77.91
2001-11-13T03:00:00,42571099999,SATNA,24.56,80.82,18.2,1016.3,73.09
2001-11-13T09:00:00,42571099999,SATNA,24.56,80.82,28.0,1011.1,44.53
2001-11-13T12:00:00,42571099999,SATNA,24.56,80.82,26.0,1011.5,48.49
2001-11-13T15:00:00,42571099999,SATNA,24.56,80.82,20.0,1014.9,72.47
2001-11-14T03:00:00,42571099999,SATNA,24.56,80.82,18.4,1016.7,76.53
2001-11-14T09:00:00,42571099999,SATNA,24.56,80.82,30.0,1011.7,41.22
2001-11-14T12:00:00,42571099999,SATNA,24.56,80.82,26.2,1012.0,53.79
2001-11-14T15:00:00,42571099999,SATNA,24.56,80.82,20.4,1014.8,69.35
2001-11-14T18:00:00,42571099999,SATNA,24.56,80.82,17.2,1015.2,83.61
2001-11-15T00:00:00,42571099999,SATNA,24.56,80.82,14.4,1015.0,90.71
2001-11-15T03:00:00,42571099999,SATNA,24.56,80.82,19.2,1016.0,73.74
2001-11-15T09:00:00,42571099999,SATNA,24.56,80.82,31.0,1011.6,42.56
2001-11-15T12:00:00,42571099999,SATNA,24.56,80.82,27.0,1011.5,58.61
2001-11-15T15:00:00,42571099999,SATNA,24.56,80.82,22.4,1013.9,62.95
2001-11-15T18:00:00,42571099999,SATNA,24.56,80.82,18.1,1014.2,83.18
2001-11-15T21:00:00,42571099999,SATNA,24.56,80.82,18.4,1013.8,82.15
2001-11-16T03:00:00,42571099999,SATNA,24.56,80.82,18.4,1013.8,82.15
2001-11-16T09:00:00,42571099999,SATNA,24.56,80.82,30.0,1011.5,53.73
2001-11-16T12:00:00,42571099999,SATNA,24.56,80.82,28.4,,56.07
2001-11-16T15:00:00,42571099999,SATNA,24.56,80.82,23.4,1013.6,59.63
2001-11-16T18:00:00,42571099999,SATNA,24.56,80.82,19.4,1015.1,77.18
2001-11-16T21:00:00,42571099999,SATNA,24.56,80.82,17.6,1013.6,83.65
2001-11-17T03:00:00,42571099999,SATNA,24.56,80.82,20.2,1016.0,74.39
2001-11-17T09:00:00,42571099999,SATNA,24.56,80.82,30.6,1011.4,30.69
2001-11-17T15:00:00,42571099999,SATNA,24.56,80.82,23.6,1014.4,59.68
2001-11-17T18:00:00,42571099999,SATNA,24.56,80.82,18.0,1015.8,70.71
2001-11-18T00:00:00,42571099999,SATNA,24.56,80.82,15.4,1015.7,89.03
2001-11-18T03:00:00,42571099999,SATNA,24.56,80.82,19.4,1017.3,71.9
2001-11-18T09:00:00,42571099999,SATNA,24.56,80.82,29.0,1012.5,32.55
2001-11-18T12:00:00,42571099999,SATNA,24.56,80.82,26.2,1013.1,41.24
2001-11-18T15:00:00,42571099999,SATNA,24.56,80.82,19.6,1015.6,66.98
2001-11-18T18:00:00,42571099999,SATNA,24.56,80.82,16.6,1015.9,81.39
2001-11-18T21:00:00,42571099999,SATNA,24.56,80.82,15.2,1015.3,86.72
2001-11-19T00:00:00,42571099999,SATNA,24.56,80.82,13.6,1016.4,88.29
2001-11-19T03:00:00,42571099999,SATNA,24.56,80.82,16.6,1018.4,79.3
2001-11-19T09:00:00,42571099999,SATNA,24.56,80.82,27.4,1013.4,35.73
2001-11-19T12:00:00,42571099999,SATNA,24.56,80.82,24.0,1013.9,52.89
2001-11-19T18:00:00,42571099999,SATNA,24.56,80.82,16.6,1017.2,73.77
2001-11-20T00:00:00,42571099999,SATNA,24.56,80.82,13.0,1017.7,88.24
2001-11-20T03:00:00,42571099999,SATNA,24.56,80.82,16.6,1019.3,75.74
2001-11-20T09:00:00,42571099999,SATNA,24.56,80.82,27.0,1014.1,37.31
2001-11-20T12:00:00,42571099999,SATNA,24.56,80.82,24.2,1014.9,52.94
2001-11-20T15:00:00,42571099999,SATNA,24.56,80.82,19.8,1016.9,67.02
2001-11-20T18:00:00,42571099999,SATNA,24.56,80.82,16.4,1017.3,80.31
2001-11-21T00:00:00,42571099999,SATNA,24.56,80.82,14.0,1017.2,88.91
2001-11-21T03:00:00,42571099999,SATNA,24.56,80.82,16.4,1019.0,77.22
2001-11-21T09:00:00,42571099999,SATNA,24.56,80.82,28.4,1013.4,42.67
2001-11-21T12:00:00,42571099999,SATNA,24.56,80.82,24.6,1013.9,60.68
2001-11-21T15:00:00,42571099999,SATNA,24.56,80.82,20.0,1010.6,75.8
2001-11-21T18:00:00,42571099999,SATNA,24.56,80.82,17.4,1016.3,75.87
2001-11-21T21:00:00,42571099999,SATNA,24.56,80.82,15.6,1015.6,82.88
2001-11-22T03:00:00,42571099999,SATNA,24.56,80.82,17.0,1018.1,77.82
2001-11-22T09:00:00,42571099999,SATNA,24.56,80.82,28.2,1013.0,41.25
2001-11-22T18:00:00,42571099999,SATNA,24.56,80.82,17.2,1015.3,81.47
2001-11-23T03:00:00,42571099999,SATNA,24.56,80.82,15.8,1017.7,80.76
2001-11-23T09:00:00,42571099999,SATNA,24.56,80.82,26.2,1012.0,
2001-11-23T12:00:00,42571099999,SATNA,24.56,80.82,24.6,1012.5,49.38
2001-11-23T18:00:00,42571099999,SATNA,24.56,80.82,16.0,1015.5,68.93
2001-11-23T21:00:00,42571099999,SATNA,24.56,80.82,14.6,1015.1,75.92
2001-11-24T00:00:00,42571099999,SATNA,24.56,80.82,12.0,1016.2,88.16
2001-11-24T03:00:00,42571099999,SATNA,24.56,80.82,16.6,1018.1,65.91
2001-11-24T09:00:00,42571099999,SATNA,24.56,80.82,26.2,1013.3,29.27
2001-11-24T12:00:00,42571099999,SATNA,24.56,80.82,23.6,1014.2,43.89
2001-11-24T15:00:00,42571099999,SATNA,24.56,80.82,17.0,1016.7,66.43
2001-11-24T18:00:00,42571099999,SATNA,24.56,80.82,14.6,1017.1,77.97
2001-11-25T09:00:00,42571099999,SATNA,24.56,80.82,27.4,1013.1,32.32
2001-11-25T12:00:00,42571099999,SATNA,24.56,80.82,23.0,1013.5,51.6
2001-11-25T15:00:00,42571099999,SATNA,24.56,80.82,17.0,1016.0,60.9
2001-11-25T18:00:00,42571099999,SATNA,24.56,80.82,14.0,1016.4,88.91
2001-11-25T21:00:00,42571099999,SATNA,24.56,80.82,12.0,1015.7,88.16
2001-11-26T03:00:00,42571099999,SATNA,24.56,80.82,15.0,1019.3,70.13
2001-11-26T09:00:00,42571099999,SATNA,24.56,80.82,27.4,1012.3,32.32
2001-11-26T12:00:00,42571099999,SATNA,24.56,80.82,23.0,1012.9,54.73
2001-11-26T18:00:00,42571099999,SATNA,24.56,80.82,15.0,1016.8,80.65
2001-11-27T00:00:00,42571099999,SATNA,24.56,80.82,12.4,1016.2,85.87
2001-11-27T03:00:00,42571099999,SATNA,24.56,80.82,15.4,1018.0,74.55
2001-11-27T12:00:00,42571099999,SATNA,24.56,80.82,25.0,1013.1,49.81
2001-11-27T15:00:00,42571099999,SATNA,24.56,80.82,18.0,1015.7,76.46
2001-11-27T21:00:00,42571099999,SATNA,24.56,80.82,14.3,1015.3,85.5
2001-11-28T00:00:00,42571099999,SATNA,24.56,80.82,12.6,1016.0,93.01
2001-11-28T03:00:00,42571099999,SATNA,24.56,80.82,15.6,1016.8,78.63
2001-11-28T09:00:00,42571099999,SATNA,24.56,80.82,25.4,1011.4,38.89
2001-11-28T12:00:00,42571099999,SATNA,24.56,80.82,22.4,1012.0,52.47
2001-11-28T18:00:00,42571099999,SATNA,24.56,80.82,14.0,1015.1,82.14
2001-11-29T00:00:00,42571099999,SATNA,24.56,80.82,11.0,1015.5,92.31
2001-11-29T03:00:00,42571099999,SATNA,24.56,80.82,13.0,1018.3,77.2
2001-11-29T09:00:00,42571099999,SATNA,24.56,80.82,25.4,1013.6,39.94
2001-11-29T12:00:00,42571099999,SATNA,24.56,80.82,22.4,1014.0,46.27
2001-11-29T15:00:00,42571099999,SATNA,24.56,80.82,16.0,1016.7,73.18
2001-11-29T18:00:00,42571099999,SATNA,24.56,80.82,14.0,1017.0,82.14
2001-11-30T03:00:00,42571099999,SATNA,24.56,80.82,15.0,1018.9,72.03
2001-11-30T09:00:00,42571099999,SATNA,24.56,80.82,25.2,1014.4,34.87
2001-11-30T12:00:00,42571099999,SATNA,24.56,80.82,22.6,1014.4,46.94
2001-11-30T15:00:00,42571099999,SATNA,24.56,80.82,15.8,1017.0,68.89
2001-11-30T18:00:00,42571099999,SATNA,24.56,80.82,13.4,1017.0,81.51
2001-12-01T00:00:00,42571099999,SATNA,24.56,80.82,10.4,1016.3,82.23
2001-12-01T09:00:00,42571099999,SATNA,24.56,80.82,27.0,1013.0,26.07
2001-12-01T12:00:00,42571099999,SATNA,24.56,80.82,23.0,1012.4,51.6
2001-12-01T18:00:00,42571099999,SATNA,24.56,80.82,13.6,1015.6,70.81
2001-12-02T00:00:00,42571099999,SATNA,24.56,80.82,11.0,1015.5,85.14
2001-12-02T12:00:00,42571099999,SATNA,24.56,80.82,23.8,1012.1,40.29
2001-12-02T15:00:00,42571099999,SATNA,24.56,80.82,16.0,1014.6,65.34
2001-12-02T18:00:00,42571099999,SATNA,24.56,80.82,14.0,1015.1,72.33
2001-12-03T00:00:00,42571099999,SATNA,24.56,80.82,11.0,1014.7,82.31
2001-12-03T12:00:00,42571099999,SATNA,24.56,80.82,24.0,1012.2,46.09
2001-12-03T18:00:00,42571099999,SATNA,24.56,80.82,14.4,1014.9,77.94
2001-12-04T03:00:00,42571099999,SATNA,24.56,80.82,15.0,1016.7,72.03
2001-12-04T12:00:00,42571099999,SATNA,24.56,80.82,24.4,1011.5,47.74
2001-12-04T18:00:00,42571099999,SATNA,24.56,80.82,14.6,1014.2,80.06
2001-12-05T00:00:00,42571099999,SATNA,24.56,80.82,11.2,1014.2,89.88
2001-12-05T03:00:00,42571099999,SATNA,24.56,80.82,15.0,1015.8,72.03
2001-12-05T09:00:00,42571099999,SATNA,24.56,80.82,28.6,1011.1,37.27
2001-12-05T12:00:00,42571099999,SATNA,24.56,80.82,25.4,1011.1,45.27
2001-12-06T15:00:00,42571099999,SATNA,24.56,80.82,18.0,1014.8,70.71
2001-12-07T03:00:00,42571099999,SATNA,24.56,80.82,19.4,1015.9,42.71
2001-12-07T09:00:00,42571099999,SATNA,24.56,80.82,27.6,1012.0,34.85
2001-12-07T12:00:00,42571099999,SATNA,24.56,80.82,24.4,1012.0,47.74
2001-12-07T15:00:00,42571099999,SATNA,24.56,80.82,17.2,1014.4,64.73
2001-12-07T18:00:00,42571099999,SATNA,24.56,80.82,15.0,1014.3,82.8
2001-12-07T21:00:00,42571099999,SATNA,24.56,80.82,13.4,1012.9,83.72
2001-12-08T00:00:00,42571099999,SATNA,24.56,80.82,12.0,1013.7,88.16
2001-12-08T03:00:00,42571099999,SATNA,24.56,80.82,17.0,1015.4,66.43
2001-12-08T12:00:00,42571099999,SATNA,24.56,80.82,26.6,1011.9,49.28
2001-12-08T15:00:00,42571099999,SATNA,24.56,80.82,18.6,1014.2,67.65
2001-12-08T18:00:00,42571099999,SATNA,24.56,80.82,16.4,,71.34
2001-12-09T12:00:00,42571099999,SATNA,24.56,80.82,26.6,1012.7,43.01
2001-12-10T03:00:00,42571099999,SATNA,24.56,80.82,17.2,1017.7,73.88
2001-12-10T09:00:00,42571099999,SATNA,24.56,80.82,27.0,1013.4,40.92
2001-12-10T12:00:00,42571099999,SATNA,24.56,80.82,24.8,1013.6,49.76
2001-12-10T15:00:00,42571099999,SATNA,24.56,80.82,19.6,1016.3,75.74
2001-12-10T18:00:00,42571099999,SATNA,24.56,80.82,17.4,1017.5,79.93
2001-12-11T00:00:00,42571099999,SATNA,24.56,80.82,14.4,1016.0,95.56
2001-12-11T03:00:00,42571099999,SATNA,24.56,80.82,15.0,1018.0,91.34
2001-12-11T12:00:00,42571099999,SATNA,24.56,80.82,25.4,1012.5,54.28
2001-12-11T15:00:00,42571099999,SATNA,24.56,80.82,21.0,1015.2,73.11
2001-12-11T18:00:00,42571099999,SATNA,24.56,80.82,19.0,1015.8,80.66
2001-12-12T00:00:00,42571099999,SATNA,24.56,80.82,15.0,1015.5,91.34
2001-12-12T03:00:00,42571099999,SATNA,24.56,80.82,16.6,1017.8,83.54
2001-12-12T09:00:00,42571099999,SATNA,24.56,80.82,29.6,1013.1,38.04
2001-12-12T15:00:00,42571099999,SATNA,24.56,80.82,20.2,1017.5,77.8
2001-12-13T00:00:00,42571099999,SATNA,24.56,80.82,12.4,1018.4,97.4
2001-12-13T03:00:00,42571099999,SATNA,24.56,80.82,15.2,1020.0,86.72
2001-12-13T09:00:00,42571099999,SATNA,24.56,80.82,26.0,1015.7,36.05
2001-12-13T15:00:00,42571099999,SATNA,24.56,80.82,16.0,1019.0,75.15
2001-12-13T18:00:00,42571099999,SATNA,24.56,80.82,14.0,1019.6,77.87
2001-12-13T21:00:00,42571099999,SATNA,24.56,80.82,12.6,1019.6,83.62
2001-12-14T00:00:00,42571099999,SATNA,24.56,80.82,11.4,1021.0,89.89
2001-12-14T09:00:00,42571099999,SATNA,24.56,80.82,25.2,1016.0,28.79
2001-12-14T12:00:00,42571099999,SATNA,24.56,80.82,22.4,1016.1,55.3
2001-12-14T15:00:00,42571099999,SATNA,24.56,80.82,17.0,1019.0,79.87
2001-12-16T03:00:00,42571099999,SATNA,24.56,80.82,9.6,1020.2,100.0
2001-12-16T12:00:00,42571099999,SATNA,24.56,80.82,22.2,1016.8,43.5
2001-12-17T03:00:00,42571099999,SATNA,24.56,80.82,10.6,1021.6,92.29
2001-12-17T12:00:00,42571099999,SATNA,24.56,80.82,23.0,1017.4,48.96
2001-12-18T09:00:00,42571099999,SATNA,24.56,80.82,26.4,1016.5,34.28
2001-12-18T15:00:00,42571099999,SATNA,24.56,80.82,17.6,1019.3,65.25
2001-12-18T21:00:00,42571099999,SATNA,24.56,80.82,14.0,1019.1,88.91
2001-12-19T00:00:00,42571099999,SATNA,24.56,80.82,11.6,1019.4,92.34
2001-12-19T03:00:00,42571099999,SATNA,24.56,80.82,13.0,1022.5,83.67
2001-12-19T09:00:00,42571099999,SATNA,24.56,80.82,24.4,1018.2,45.0
2001-12-19T12:00:00,42571099999,SATNA,24.56,80.82,21.8,1018.9,56.98
2001-12-20T03:00:00,42571099999,SATNA,24.56,80.82,11.4,1021.9,87.51
2001-12-23T12:00:00,42571099999,SATNA,24.56,80.82,20.8,1017.7,58.25
2001-12-24T06:00:00,42571099999,SATNA,24.56,80.82,20.6,1019.3,51.65
2001-12-24T12:00:00,42571099999,SATNA,24.56,80.82,21.6,1016.1,57.68
2001-12-24T15:00:00,42571099999,SATNA,24.56,80.82,15.6,1018.5,70.72
2001-12-25T00:00:00,42571099999,SATNA,24.56,80.82,8.8,1019.1,94.72
2001-12-25T03:00:00,42571099999,SATNA,24.56,80.82,12.6,1020.3,76.62
2001-12-25T15:00:00,42571099999,SATNA,24.56,80.82,15.8,1018.3,67.07
2001-12-25T18:00:00,42571099999,SATNA,24.56,80.82,13.0,1019.3,79.31
2001-12-26T00:00:00,42571099999,SATNA,24.56,80.82,10.0,1019.4,92.25
2001-12-26T03:00:00,42571099999,SATNA,24.56,80.82,14.4,1021.5,63.24
2001-12-26T15:00:00,42571099999,SATNA,24.56,80.82,17.6,1019.3,65.25
2001-12-26T18:00:00,42571099999,SATNA,24.56,80.82,15.0,1020.5,74.48
2001-12-26T21:00:00,42571099999,SATNA,24.56,80.82,12.4,1019.2,83.6
2001-12-27T00:00:00,42571099999,SATNA,24.56,80.82,10.4,1020.0,89.82
2001-12-27T03:00:00,42571099999,SATNA,24.56,80.82,13.4,1022.3,72.71
2001-12-27T09:00:00,42571099999,SATNA,24.56,80.82,25.0,1017.9,38.26
2001-12-27T12:00:00,42571099999,SATNA,24.56,80.82,23.0,1018.5,54.73
2001-12-27T15:00:00,42571099999,SATNA,24.56,80.82,16.0,1020.9,68.93
2001-12-27T18:00:00,42571099999,SATNA,24.56,80.82,15.0,1021.4,74.48
2001-12-28T03:00:00,42571099999,SATNA,24.56,80.82,13.0,1023.7,92.42
2001-12-28T09:00:00,42571099999,SATNA,24.56,80.82,24.0,1018.7,46.09
2001-12-28T12:00:00,42571099999,SATNA,24.56,80.82,22.0,1018.6,58.16
2001-12-29T03:00:00,42571099999,SATNA,24.56,80.82,13.2,1022.4,85.95
2001-12-29T12:00:00,42571099999,SATNA,24.56,80.82,19.4,1017.9,51.68
2001-12-29T15:00:00,42571099999,SATNA,24.56,80.82,14.6,1019.4,79.01
2001-12-29T18:00:00,42571099999,SATNA,24.56,80.82,11.4,1020.5,85.19
2001-12-30T12:00:00,42571099999,SATNA,24.56,80.82,20.6,1017.6,47.02
2001-12-30T15:00:00,42571099999,SATNA,24.56,80.82,14.0,1019.3,73.32
2001-12-30T18:00:00,42571099999,SATNA,24.56,80.82,11.6,1019.9,78.03
2001-12-31T03:00:00,42571099999,SATNA,24.56,80.82,9.8,1021.8,81.59
2001-12-31T09:00:00,42571099999,SATNA,24.56,80.82,23.2,1016.8,32.69
2001-12-31T12:00:00,42571099999,SATNA,24.56,80.82,20.2,1017.6,46.28
2001-12-31T15:00:00,42571099999,SATNA,24.56,80.82,13.0,1020.1,72.64
