timestamp,station_id,station_name,latitude,longitude,temperature,pressure,humidity
2009-01-01T00:00:00,42675099999,JABALPUR,23.2,79.95,12.0,1016.5,76.0
2009-01-01T06:00:00,42675099999,JABALPUR,23.2,79.95,21.0,1015.8,53.86
2009-01-01T09:00:00,42675099999,JABALPUR,23.2,79.95,24.4,1012.9,31.05
2009-01-01T12:00:00,42675099999,JABALPUR,23.2,79.95,22.4,1012.7,49.45
2009-01-01T15:00:00,42675099999,JABALPUR,23.2,79.95,16.0,1015.8,67.11
2009-01-01T18:00:00,42675099999,JABALPUR,23.2,79.95,14.0,1017.1,73.32
2009-01-01T21:00:00,42675099999,JABALPUR,23.2,79.95,12.4,1016.3,83.6
2009-01-02T00:00:00,42675099999,JABALPUR,23.2,79.95,11.0,1017.3,77.94
2009-01-02T03:00:00,42675099999,JABALPUR,23.2,79.95,12.0,1019.1,76.0
2009-01-02T06:00:00,42675099999,JABALPUR,23.2,79.95,20.2,1018.1,47.87
2009-01-02T09:00:00,42675099999,JABALPUR,23.2,79.95,23.6,1014.4,37.35
2009-01-02T12:00:00,42675099999,JABALPUR,23.2,79.95,22.2,1014.3,49.39
2009-01-02T18:00:00,42675099999,JABALPUR,23.2,79.95,14.0,1017.7,77.87
2009-01-02T21:00:00,42675099999,JABALPUR,23.2,79.95,12.6,1017.0,78.71
2009-01-03T00:00:00,42675099999,JABALPUR,23.2,79.95,11.2,1017.0,80.13
2009-01-03T03:00:00,42675099999,JABALPUR,23.2,79.95,12.2,1019.3,78.66
2009-01-03T06:00:00,42675099999,JABALPUR,23.2,79.95,22.0,1017.7,52.02
2009-01-03T09:00:00,42675099999,JABALPUR,23.2,79.95,27.0,1013.4,37.31
2009-01-03T12:00:00,42675099999,JABALPUR,23.2,79.95,24.0,1013.1,54.27
2009-01-03T15:00:00,42675099999,JABALPUR,23.2,79.95,17.4,1015.4,77.88
2009-01-03T18:00:00,42675099999,JABALPUR,23.2,79.95,15.6,1016.1,76.58
2009-01-04T00:00:00,42675099999,JABALPUR,23.2,79.95,13.2,1014.4,85.95
2009-01-04T03:00:00,42675099999,JABALPUR,23.2,79.95,15.0,1016.5,78.55
2009-01-04T09:00:00,42675099999,JABALPUR,23.2,79.95,28.0,1010.8,35.43
2009-01-04T12:00:00,42675099999,JABALPUR,23.2,79.95,25.4,1010.5,51.89
2009-01-04T15:00:00,42675099999,JABALPUR,23.2,79.95,19.0,1013.3,71.82
2009-01-04T18:00:00,42675099999,JABALPUR,23.2,79.95,17.6,1013.7,72.51
2009-01-04T21:00:00,42675099999,JABALPUR,23.2,79.95,16.0,1012.5,75.15
2009-01-05T00:00:00,42675099999,JABALPUR,23.2,79.95,14.0,1012.2,84.34
2009-01-05T03:00:00,42675099999,JABALPUR,23.2,79.95,16.0,1013.7,79.21
2009-01-05T09:00:00,42675099999,JABALPUR,23.2,79.95,27.0,1008.8,33.99
2009-01-05T12:00:00,42675099999,JABALPUR,23.2,79.95,25.0,1009.1,44.57
2009-01-05T15:00:00,42675099999,JABALPUR,23.2,79.95,18.6,,71.28
2009-01-05T18:00:00,42675099999,JABALPUR,23.2,79.95,17.4,1012.2,75.87
2009-01-05T21:00:00,42675099999,JABALPUR,23.2,79.95,16.0,1011.1,79.21
2009-01-06T00:00:00,42675099999,JABALPUR,23.2,79.95,14.6,1012.0,84.41
2009-01-06T03:00:00,42675099999,JABALPUR,23.2,79.95,14.6,1014.3,82.21
2009-01-06T06:00:00,42675099999,JABALPUR,23.2,79.95,19.4,1014.0,70.06
2009-01-06T09:00:00,42675099999,JABALPUR,23.2,79.95,24.0,1010.4,54.27
2009-01-06T12:00:00,42675099999,JABALPUR,23.2,79.95,22.4,1010.6,59.78
2009-01-06T15:00:00,42675099999,JABALPUR,23.2,79.95,17.8,1013.4,78.44
2009-01-06T18:00:00,42675099999,JABALPUR,23.2,79.95,17.0,1014.2,32.05
2009-01-06T21:00:00,42675099999,JABALPUR,23.2,79.95,14.8,1014.1,73.95
2009-01-07T00:00:00,42675099999,JABALPUR,23.2,79.95,14.4,1015.2,69.54
2009-01-07T03:00:00,42675099999,JABALPUR,23.2,79.95,15.0,1017.5,72.03
2009-01-07T06:00:00,42675099999,JABALPUR,23.2,79.95,20.4,1016.4,64.16
2009-01-07T09:00:00,42675099999,JABALPUR,23.2,79.95,22.4,1013.6,62.95
2009-01-07T12:00:00,42675099999,JABALPUR,23.2,79.95,22.0,1013.3,65.76
2009-01-07T15:00:00,42675099999,JABALPUR,23.2,79.95,20.0,1016.0,75.8
2009-01-07T18:00:00,42675099999,JABALPUR,23.2,79.95,18.4,1017.0,82.68
2009-01-07T21:00:00,42675099999,JABALPUR,23.2,79.95,16.0,1016.7,89.65
2009-01-08T00:00:00,42675099999,JABALPUR,23.2,79.95,15.2,1017.1,93.15
2009-01-08T03:00:00,42675099999,JABALPUR,23.2,79.95,16.4,1018.5,95.63
2009-01-08T06:00:00,42675099999,JABALPUR,23.2,79.95,16.0,1020.5,95.62
2009-01-08T09:00:00,42675099999,JABALPUR,23.2,79.95,16.6,1017.9,93.82
2009-01-08T12:00:00,42675099999,JABALPUR,23.2,79.95,17.4,1017.9,95.66
2009-01-08T15:00:00,42675099999,JABALPUR,23.2,79.95,16.4,1019.7,95.63
2009-01-08T18:00:00,42675099999,JABALPUR,23.2,79.95,15.4,1020.5,95.6
2009-01-08T21:00:00,42675099999,JABALPUR,23.2,79.95,15.2,1018.9,98.09
2009-01-09T00:00:00,42675099999,JABALPUR,23.2,79.95,14.2,1019.1,97.44
2009-01-09T03:00:00,42675099999,JABALPUR,23.2,79.95,14.4,1020.2,100.0
2009-01-09T06:00:00,42675099999,JABALPUR,23.2,79.95,18.4,1019.4,85.92
2009-01-09T09:00:00,42675099999,JABALPUR,23.2,79.95,22.4,1015.9,77.63
2009-01-09T12:00:00,42675099999,JABALPUR,23.2,79.95,22.0,1015.7,77.09
2009-01-09T15:00:00,42675099999,JABALPUR,23.2,79.95,18.4,1018.6,88.13
2009-01-09T18:00:00,42675099999,JABALPUR,23.2,79.95,17.2,1019.4,92.07
2009-01-09T21:00:00,42675099999,JABALPUR,23.2,79.95,16.0,1018.0,89.65
2009-01-10T00:00:00,42675099999,JABALPUR,23.2,79.95,15.8,1017.5,95.61
2009-01-10T03:00:00,42675099999,JABALPUR,23.2,79.95,17.2,1021.3,93.85
2009-01-10T06:00:00,42675099999,JABALPUR,23.2,79.95,18.4,1021.1,88.13
2009-01-10T09:00:00,42675099999,JABALPUR,23.2,79.95,19.6,1017.9,81.26
2009-01-10T12:00:00,42675099999,JABALPUR,23.2,79.95,17.6,1017.9,92.09
2009-01-10T15:00:00,42675099999,JABALPUR,23.2,79.95,17.2,1018.3,93.85
2009-01-10T18:00:00,42675099999,JABALPUR,23.2,79.95,16.2,1018.7,98.1
2009-01-10T21:00:00,42675099999,JABALPUR,23.2,79.95,16.0,1018.1,93.79
2009-01-11T00:00:00,42675099999,JABALPUR,23.2,79.95,16.2,1018.0,91.42
2009-01-11T03:00:00,42675099999,JABALPUR,23.2,79.95,16.0,1019.8,95.62
2009-01-11T06:00:00,42675099999,JABALPUR,23.2,79.95,17.6,1020.9,88.07
2009-01-11T09:00:00,42675099999,JABALPUR,23.2,79.95,20.4,1017.6,73.01
2009-01-11T12:00:00,42675099999,JABALPUR,23.2,79.95,19.4,1018.0,77.18
2009-01-11T15:00:00,42675099999,JABALPUR,23.2,79.95,17.4,1019.9,88.05
2009-01-11T18:00:00,42675099999,JABALPUR,23.2,79.95,15.6,1021.0,93.77
2009-01-11T21:00:00,42675099999,JABALPUR,23.2,79.95,15.0,1019.3,93.14
2009-01-12T03:00:00,42675099999,JABALPUR,23.2,79.95,14.0,1022.5,93.09
2009-01-12T06:00:00,42675099999,JABALPUR,23.2,79.95,19.4,1021.9,77.18
2009-01-12T09:00:00,42675099999,JABALPUR,23.2,79.95,23.0,1018.6,69.85
2009-01-12T12:00:00,42675099999,JABALPUR,23.2,79.95,22.0,1018.5,77.09
2009-01-12T15:00:00,42675099999,JABALPUR,23.2,79.95,19.4,1020.5,86.56
2009-01-12T18:00:00,42675099999,JABALPUR,23.2,79.95,17.4,1021.1,89.76
2009-01-12T21:00:00,42675099999,JABALPUR,23.2,79.95,16.0,1020.2,91.41
2009-01-13T00:00:00,42675099999,JABALPUR,23.2,79.95,15.0,1020.3,93.14
2009-01-13T03:00:00,42675099999,JABALPUR,23.2,79.95,16.0,1022.8,89.65
2009-01-13T06:00:00,42675099999,JABALPUR,23.2,79.95,22.0,1022.2,73.75
2009-01-13T09:00:00,42675099999,JABALPUR,23.2,79.95,27.4,1018.3,55.13
2009-01-13T12:00:00,42675099999,JABALPUR,23.2,79.95,25.2,1018.9,66.84
2009-01-13T15:00:00,42675099999,JABALPUR,23.2,79.95,20.4,1020.7,77.83
2009-01-13T18:00:00,42675099999,JABALPUR,23.2,79.95,18.2,1021.5,88.12
2009-01-13T21:00:00,42675099999,JABALPUR,23.2,79.95,16.4,1021.0,87.39
2009-01-14T00:00:00,42675099999,JABALPUR,23.2,79.95,15.4,1020.0,93.16
2009-01-14T03:00:00,42675099999,JABALPUR,23.2,79.95,16.4,1022.3,91.43
2009-01-14T06:00:00,42675099999,JABALPUR,23.2,79.95,23.0,1022.1,68.1
2009-01-14T09:00:00,42675099999,JABALPUR,23.2,79.95,26.8,1018.5,50.61
2009-01-14T12:00:00,42675099999,JABALPUR,23.2,79.95,25.6,1018.4,54.68
2009-01-14T15:00:00,42675099999,JABALPUR,23.2,79.95,20.2,1020.7,81.34
2009-01-14T18:00:00,42675099999,JABALPUR,23.2,79.95,18.6,1021.4,86.49
2009-01-14T21:00:00,42675099999,JABALPUR,23.2,79.95,17.2,1020.6,87.47
2009-01-15T00:00:00,42675099999,JABALPUR,23.2,79.95,15.6,1020.5,93.77
2009-01-15T03:00:00,42675099999,JABALPUR,23.2,79.95,17.0,1021.6,89.73
2009-01-15T06:00:00,42675099999,JABALPUR,23.2,79.95,23.4,1021.3,62.37
2009-01-15T09:00:00,42675099999,JABALPUR,23.2,79.95,26.2,1019.7,51.43
2009-01-15T12:00:00,42675099999,JABALPUR,23.2,79.95,25.0,1017.9,52.46
2009-01-15T15:00:00,42675099999,JABALPUR,23.2,79.95,20.0,1020.5,81.31
2009-01-15T18:00:00,42675099999,JABALPUR,23.2,79.95,18.4,1021.0,76.53
2009-01-15T21:00:00,42675099999,JABALPUR,23.2,79.95,15.6,1020.3,87.32
2009-01-16T00:00:00,42675099999,JABALPUR,23.2,79.95,14.4,1020.4,88.94
2009-01-16T03:00:00,42675099999,JABALPUR,23.2,79.95,15.6,1022.3,95.6
2009-01-16T06:00:00,42675099999,JABALPUR,23.2,79.95,23.2,1020.9,62.33
2009-01-16T09:00:00,42675099999,JABALPUR,23.2,79.95,26.4,1016.9,42.67
2009-01-16T12:00:00,42675099999,JABALPUR,23.2,79.95,25.4,1016.6,47.7
2009-01-16T15:00:00,42675099999,JABALPUR,23.2,79.95,19.0,1019.9,75.15
2009-01-16T18:00:00,42675099999,JABALPUR,23.2,79.95,16.6,1020.3,85.18
2009-01-16T21:00:00,42675099999,JABALPUR,23.2,79.95,14.6,1019.4,86.66
2009-01-17T00:00:00,42675099999,JABALPUR,23.2,79.95,13.0,1018.9,88.24
2009-01-17T03:00:00,42675099999,JABALPUR,23.2,79.95,15.4,1020.3,85.05
2009-01-17T06:00:00,42675099999,JABALPUR,23.2,79.95,24.0,1019.2,48.58
2009-01-17T09:00:00,42675099999,JABALPUR,23.2,79.95,26.6,1015.7,40.54
2009-01-17T12:00:00,42675099999,JABALPUR,23.2,79.95,25.4,1015.1,47.7
2009-01-17T15:00:00,42675099999,JABALPUR,23.2,79.95,18.4,1017.6,76.53
2009-01-17T18:00:00,42675099999,JABALPUR,23.2,79.95,17.2,1017.8,81.47
2009-01-17T21:00:00,42675099999,JABALPUR,23.2,79.95,15.4,1017.0,85.05
2009-01-18T00:00:00,42675099999,JABALPUR,23.2,79.95,13.6,1017.0,88.29
2009-01-18T03:00:00,42675099999,JABALPUR,23.2,79.95,15.4,1019.1,82.85
2009-01-18T06:00:00,42675099999,JABALPUR,23.2,79.95,24.0,1018.2,57.15
2009-01-18T09:00:00,42675099999,JABALPUR,23.2,79.95,27.4,1014.9,32.32
2009-01-18T12:00:00,42675099999,JABALPUR,23.2,79.95,25.0,1015.1,43.41
2009-01-18T15:00:00,42675099999,JABALPUR,23.2,79.95,18.4,1017.4,76.53
2009-01-18T18:00:00,42675099999,JABALPUR,23.2,79.95,16.4,1018.1,81.37
2009-01-18T21:00:00,42675099999,JABALPUR,23.2,79.95,15.0,1016.5,85.01
2009-01-19T00:00:00,42675099999,JABALPUR,23.2,79.95,14.8,1016.0,75.95
2009-01-19T03:00:00,42675099999,JABALPUR,23.2,79.95,16.2,1018.2,75.18
2009-01-19T06:00:00,42675099999,JABALPUR,23.2,79.95,24.8,1016.7,46.92
2009-01-19T09:00:00,42675099999,JABALPUR,23.2,79.95,26.8,1014.1,33.71
2009-01-19T12:00:00,42675099999,JABALPUR,23.2,79.95,17.4,1017.3,79.93
2009-01-19T15:00:00,42675099999,JABALPUR,23.2,79.95,18.4,1016.6,76.53
2009-01-19T21:00:00,42675099999,JABALPUR,23.2,79.95,16.0,1015.9,85.12
2009-01-20T00:00:00,42675099999,JABALPUR,23.2,79.95,15.0,1017.1,88.99
2009-01-20T03:00:00,42675099999,JABALPUR,23.2,79.95,15.0,1019.6,88.99
2009-01-20T06:00:00,42675099999,JABALPUR,23.2,79.95,21.0,1018.2,71.73
2009-01-20T09:00:00,42675099999,JABALPUR,23.2,79.95,25.4,1014.3,54.28
2009-01-20T12:00:00,42675099999,JABALPUR,23.2,79.95,23.2,1014.4,46.18
2009-01-20T15:00:00,42675099999,JABALPUR,23.2,79.95,17.0,1017.3,75.81
2009-01-20T18:00:00,42675099999,JABALPUR,23.2,79.95,15.0,1017.8,78.55
2009-01-20T21:00:00,42675099999,JABALPUR,23.2,79.95,14.0,1016.2,79.98
2009-01-21T00:00:00,42675099999,JABALPUR,23.2,79.95,12.4,1016.4,88.19
2009-01-21T03:00:00,42675099999,JABALPUR,23.2,79.95,15.4,1018.7,74.55
2009-01-21T06:00:00,42675099999,JABALPUR,23.2,79.95,21.2,1017.9,58.73
2009-01-21T09:00:00,42675099999,JABALPUR,23.2,79.95,24.6,1014.6,30.05
2009-01-21T12:00:00,42675099999,JABALPUR,23.2,79.95,24.0,1014.4,36.71
2009-01-21T15:00:00,42675099999,JABALPUR,23.2,79.95,17.4,1016.7,61.4
2009-01-21T18:00:00,42675099999,JABALPUR,23.2,79.95,14.0,1017.2,77.87
2009-01-21T21:00:00,42675099999,JABALPUR,23.2,79.95,13.0,1016.5,81.46
2009-01-22T03:00:00,42675099999,JABALPUR,23.2,79.95,13.8,1018.6,75.28
2009-01-22T06:00:00,42675099999,JABALPUR,23.2,79.95,20.4,1016.8,46.65
2009-01-22T12:00:00,42675099999,JABALPUR,23.2,79.95,23.6,1013.1,48.16
2009-01-22T15:00:00,42675099999,JABALPUR,23.2,79.95,16.0,1015.6,67.11
2009-01-22T18:00:00,42675099999,JABALPUR,23.2,79.95,13.6,1016.5,79.39
2009-01-22T21:00:00,42675099999,JABALPUR,23.2,79.95,12.0,1015.5,80.78
2009-01-23T00:00:00,42675099999,JABALPUR,23.2,79.95,10.6,1015.2,82.26
2009-01-23T03:00:00,42675099999,JABALPUR,23.2,79.95,12.8,1017.3,79.28
2009-01-23T06:00:00,42675099999,JABALPUR,23.2,79.95,21.0,1015.8,44.66
2009-01-23T09:00:00,42675099999,JABALPUR,23.2,79.95,25.8,1011.9,32.09
2009-01-23T12:00:00,42675099999,JABALPUR,23.2,79.95,25.6,1011.7,32.92
2009-01-23T15:00:00,42675099999,JABALPUR,23.2,79.95,16.6,1014.7,69.51
2009-01-23T18:00:00,42675099999,JABALPUR,23.2,79.95,14.6,1015.1,69.58
2009-01-23T21:00:00,42675099999,JABALPUR,23.2,79.95,13.0,1014.1,83.67
2009-01-24T00:00:00,42675099999,JABALPUR,23.2,79.95,12.0,1014.9,82.99
2009-01-24T03:00:00,42675099999,JABALPUR,23.2,79.95,14.2,1016.9,65.83
2009-01-24T06:00:00,42675099999,JABALPUR,23.2,79.95,20.4,1015.4,49.9
2009-01-24T09:00:00,42675099999,JABALPUR,23.2,79.95,26.4,1011.1,34.28
2009-01-24T12:00:00,42675099999,JABALPUR,23.2,79.95,24.0,1011.3,54.27
2009-01-24T15:00:00,42675099999,JABALPUR,23.2,79.95,17.6,1013.0,76.4
2009-01-24T18:00:00,42675099999,JABALPUR,23.2,79.95,18.0,1013.0,54.91
2009-01-24T21:00:00,42675099999,JABALPUR,23.2,79.95,15.0,1012.9,78.55
2009-01-25T00:00:00,42675099999,JABALPUR,23.2,79.95,13.6,1012.7,81.54
2009-01-25T03:00:00,42675099999,JABALPUR,23.2,79.95,16.0,1014.9,63.17
2009-01-25T06:00:00,42675099999,JABALPUR,23.2,79.95,26.4,1013.1,32.92
2009-01-25T09:00:00,42675099999,JABALPUR,23.2,79.95,27.2,1010.7,42.34
2009-01-25T12:00:00,42675099999,JABALPUR,23.2,79.95,26.0,1011.0,57.63
2009-01-25T15:00:00,42675099999,JABALPUR,23.2,79.95,18.6,1013.0,80.61
2009-01-25T18:00:00,42675099999,JABALPUR,23.2,79.95,17.6,1013.1,65.25
2009-01-25T21:00:00,42675099999,JABALPUR,23.2,79.95,16.0,1012.7,79.21
2009-01-26T00:00:00,42675099999,JABALPUR,23.2,79.95,14.0,1012.6,77.87
2009-01-26T03:00:00,42675099999,JABALPUR,23.2,79.95,16.4,1014.6,73.25
2009-01-26T06:00:00,42675099999,JABALPUR,23.2,79.95,26.6,1013.4,29.99
2009-01-26T09:00:00,42675099999,JABALPUR,23.2,79.95,29.6,1009.9,30.21
2009-01-26T12:00:00,42675099999,JABALPUR,23.2,79.95,28.4,1009.5,47.58
2009-01-26T15:00:00,42675099999,JABALPUR,23.2,79.95,21.2,1012.6,66.87
2009-01-26T18:00:00,42675099999,JABALPUR,23.2,79.95,19.2,1013.4,73.74
2009-01-26T21:00:00,42675099999,JABALPUR,23.2,79.95,17.0,1013.3,83.59
2009-01-27T00:00:00,42675099999,JABALPUR,23.2,79.95,15.6,1013.1,85.07
2009-01-27T03:00:00,42675099999,JABALPUR,23.2,79.95,17.6,1015.1,83.65
2009-01-27T06:00:00,42675099999,JABALPUR,23.2,79.95,24.6,1014.1,53.38
2009-01-27T09:00:00,42675099999,JABALPUR,23.2,79.95,27.8,1010.8,48.04
2009-01-27T12:00:00,42675099999,JABALPUR,23.2,79.95,27.4,1010.1,55.13
2009-01-27T15:00:00,42675099999,JABALPUR,23.2,79.95,21.0,1013.0,76.45
2009-01-27T18:00:00,42675099999,JABALPUR,23.2,79.95,20.0,1013.3,67.5
2009-01-27T21:00:00,42675099999,JABALPUR,23.2,79.95,17.0,1013.0,77.82
2009-01-28T00:00:00,42675099999,JABALPUR,23.2,79.95,15.4,1013.8,82.85
2009-01-28T03:00:00,42675099999,JABALPUR,23.2,79.95,16.0,1016.1,79.21
2009-01-28T06:00:00,42675099999,JABALPUR,23.2,79.95,23.0,1015.0,56.17
2009-01-28T09:00:00,42675099999,JABALPUR,23.2,79.95,26.4,1011.9,36.65
2009-01-28T12:00:00,42675099999,JABALPUR,23.2,79.95,25.4,1011.7,50.24
2009-01-28T15:00:00,42675099999,JABALPUR,23.2,79.95,19.4,1014.6,71.9
2009-01-28T18:00:00,42675099999,JABALPUR,23.2,79.95,18.4,1014.7,64.14
2009-01-28T21:00:00,42675099999,JABALPUR,23.2,79.95,15.6,1015.0,70.72
2009-01-29T00:00:00,42675099999,JABALPUR,23.2,79.95,15.0,1015.3,74.48
2009-01-29T03:00:00,42675099999,JABALPUR,23.2,79.95,14.6,1017.0,75.92
2009-01-29T06:00:00,42675099999,JABALPUR,23.2,79.95,23.8,1015.7,49.82
2009-01-29T09:00:00,42675099999,JABALPUR,23.2,79.95,27.2,1012.3,36.63
2009-01-29T12:00:00,42675099999,JABALPUR,23.2,79.95,26.0,1012.0,43.41
2009-01-29T15:00:00,42675099999,JABALPUR,23.2,79.95,21.0,1014.2,59.84
2009-01-29T18:00:00,42675099999,JABALPUR,23.2,79.95,19.6,1014.5,58.34
2009-01-29T21:00:00,42675099999,JABALPUR,23.2,79.95,16.4,1013.5,71.34
2009-01-30T00:00:00,42675099999,JABALPUR,23.2,79.95,15.4,1014.1,72.59
2009-01-30T03:00:00,42675099999,JABALPUR,23.2,79.95,15.6,1016.2,70.72
2009-01-30T06:00:00,42675099999,JABALPUR,23.2,79.95,23.8,1015.1,46.96
2009-01-30T09:00:00,42675099999,JABALPUR,23.2,79.95,28.0,1011.5,38.85
2009-01-30T12:00:00,42675099999,JABALPUR,23.2,79.95,26.6,1011.5,40.54
2009-01-30T15:00:00,42675099999,JABALPUR,23.2,79.95,21.6,1013.7,54.37
2009-01-30T18:00:00,42675099999,JABALPUR,23.2,79.95,18.6,1013.7,64.18
2009-01-30T21:00:00,42675099999,JABALPUR,23.2,79.95,16.6,1012.8,67.69
2009-01-31T00:00:00,42675099999,JABALPUR,23.2,79.95,15.0,1013.6,70.13
2009-01-31T03:00:00,42675099999,JABALPUR,23.2,79.95,15.2,1015.3,70.17
2009-01-31T06:00:00,42675099999,JABALPUR,23.2,79.95,23.4,1014.4,38.32
2009-01-31T09:00:00,42675099999,JABALPUR,23.2,79.95,25.6,1011.6,30.54
2009-01-31T12:00:00,42675099999,JABALPUR,23.2,79.95,25.0,1012.1,40.63
2009-01-31T15:00:00,42675099999,JABALPUR,23.2,79.95,20.0,1014.2,58.83
2009-01-31T18:00:00,42675099999,JABALPUR,23.2,79.95,17.2,1014.6,62.6
2009-01-31T21:00:00,42675099999,JABALPUR,23.2,79.95,14.6,1014.6,69.58
2009-02-01T00:00:00,42675099999,JABALPUR,23.2,79.95,12.6,1015.0,81.41
2009-02-01T03:00:00,42675099999,JABALPUR,23.2,79.95,12.8,1016.9,79.28
2009-02-01T06:00:00,42675099999,JABALPUR,23.2,79.95,22.6,1016.2,37.07
2009-02-01T09:00:00,42675099999,JABALPUR,23.2,79.95,24.0,1013.6,32.92
2009-02-01T12:00:00,42675099999,JABALPUR,23.2,79.95,24.0,1013.4,36.71
2009-02-01T15:00:00,42675099999,JABALPUR,23.2,79.95,17.0,1015.4,66.43
2009-02-01T18:00:00,42675099999,JABALPUR,23.2,79.95,15.4,1016.5,64.77
2009-02-01T21:00:00,42675099999,JABALPUR,23.2,79.95,13.0,1016.3,72.64
2009-02-02T00:00:00,42675099999,JABALPUR,23.2,79.95,10.6,1016.4,87.44
2009-02-02T03:00:00,42675099999,JABALPUR,23.2,79.95,12.4,1018.1,80.84
2009-02-02T06:00:00,42675099999,JABALPUR,23.2,79.95,22.4,1016.8,40.99
2009-02-02T09:00:00,42675099999,JABALPUR,23.2,79.95,25.8,1013.2,29.77
2009-02-02T12:00:00,42675099999,JABALPUR,23.2,79.95,25.4,1012.6,30.27
2009-02-02T15:00:00,42675099999,JABALPUR,23.2,79.95,18.2,1015.0,60.37
2009-02-02T18:00:00,42675099999,JABALPUR,23.2,79.95,15.4,1016.1,62.61
2009-02-03T00:00:00,42675099999,JABALPUR,23.2,79.95,11.4,1015.0,86.34
2009-02-03T03:00:00,42675099999,JABALPUR,23.2,79.95,13.6,1017.6,60.5
2009-02-03T06:00:00,42675099999,JABALPUR,23.2,79.95,22.2,1016.4,43.5
2009-02-03T09:00:00,42675099999,JABALPUR,23.2,79.95,27.0,1012.9,23.98
2009-02-03T12:00:00,42675099999,JABALPUR,23.2,79.95,26.0,1012.1,27.65
2009-02-03T15:00:00,42675099999,JABALPUR,23.2,79.95,18.8,1015.1,55.86
2009-02-03T18:00:00,42675099999,JABALPUR,23.2,79.95,15.4,1016.3,68.35
2009-02-03T21:00:00,42675099999,JABALPUR,23.2,79.95,14.4,1014.9,65.43
2009-02-04T00:00:00,42675099999,JABALPUR,23.2,79.95,12.4,1015.2,72.04
2009-02-04T03:00:00,42675099999,JABALPUR,23.2,79.95,14.6,1017.2,65.92
2009-02-04T06:00:00,42675099999,JABALPUR,23.2,79.95,23.4,1015.6,47.79
2009-02-04T09:00:00,42675099999,JABALPUR,23.2,79.95,28.2,1012.4,19.7
2009-02-04T12:00:00,42675099999,JABALPUR,23.2,79.95,27.2,1011.5,26.48
2009-02-04T15:00:00,42675099999,JABALPUR,23.2,79.95,21.2,1013.7,43.52
2009-02-04T18:00:00,42675099999,JABALPUR,23.2,79.95,19.4,1014.2,43.6
2009-02-04T21:00:00,42675099999,JABALPUR,23.2,79.95,15.4,1018.0,66.54
2009-02-05T00:00:00,42675099999,JABALPUR,23.2,79.95,14.6,1013.4,69.58
2009-02-05T03:00:00,42675099999,JABALPUR,23.2,79.95,16.4,1015.2,65.86
2009-02-05T06:00:00,42675099999,JABALPUR,23.2,79.95,27.6,1013.9,34.85
2009-02-05T09:00:00,42675099999,JABALPUR,23.2,79.95,29.6,1010.6,39.8
2009-02-05T12:00:00,42675099999,JABALPUR,23.2,79.95,28.6,1010.4,38.51
2009-02-05T15:00:00,42675099999,JABALPUR,23.2,79.95,21.0,1013.4,68.14
2009-02-05T18:00:00,42675099999,JABALPUR,23.2,79.95,18.6,1015.1,69.45
2009-02-05T21:00:00,42675099999,JABALPUR,23.2,79.95,16.2,1013.8,79.24
2009-02-06T00:00:00,42675099999,JABALPUR,23.2,79.95,14.4,1013.9,77.94
2009-02-06T03:00:00,42675099999,JABALPUR,23.2,79.95,16.6,1016.0,71.85
2009-02-06T06:00:00,42675099999,JABALPUR,23.2,79.95,24.8,1015.4,39.24
2009-02-06T09:00:00,42675099999,JABALPUR,23.2,79.95,29.4,1012.2,20.85
2009-02-06T12:00:00,42675099999,JABALPUR,23.2,79.95,28.6,1011.9,30.75
2009-02-06T15:00:00,42675099999,JABALPUR,23.2,79.95,20.0,1014.9,60.8
2009-02-06T18:00:00,42675099999,JABALPUR,23.2,79.95,17.8,1015.8,67.04
2009-02-06T21:00:00,42675099999,JABALPUR,23.2,79.95,15.4,1015.5,68.35
2009-02-07T00:00:00,42675099999,JABALPUR,23.2,79.95,14.4,1015.6,75.88
2009-02-07T03:00:00,42675099999,JABALPUR,23.2,79.95,15.4,1017.1,64.77
2009-02-07T06:00:00,42675099999,JABALPUR,23.2,79.95,24.2,1015.6,40.95
2009-02-07T09:00:00,42675099999,JABALPUR,23.2,79.95,28.0,1012.1,27.63
2009-02-07T12:00:00,42675099999,JABALPUR,23.2,79.95,27.0,1011.8,36.34
2009-02-07T15:00:00,42675099999,JABALPUR,23.2,79.95,19.4,1014.7,59.86
2009-02-07T18:00:00,42675099999,JABALPUR,23.2,79.95,18.4,1015.9,51.77
2009-02-07T21:00:00,42675099999,JABALPUR,23.2,79.95,16.0,1016.3,59.44
2009-02-08T00:00:00,42675099999,JABALPUR,23.2,79.95,13.8,1017.0,68.95
2009-02-08T03:00:00,42675099999,JABALPUR,23.2,79.95,15.0,1018.8,66.0
2009-02-08T06:00:00,42675099999,JABALPUR,23.2,79.95,24.6,1017.9,40.25
2009-02-08T09:00:00,42675099999,JABALPUR,23.2,79.95,27.8,1014.3,29.51
2009-02-08T12:00:00,42675099999,JABALPUR,23.2,79.95,27.0,1013.4,30.51
2009-02-08T15:00:00,42675099999,JABALPUR,23.2,79.95,20.2,1016.1,57.72
2009-02-08T18:00:00,42675099999,JABALPUR,23.2,79.95,18.4,1016.8,55.38
2009-02-08T21:00:00,42675099999,JABALPUR,23.2,79.95,15.4,1016.8,70.68
2009-02-09T00:00:00,42675099999,JABALPUR,23.2,79.95,13.8,1016.9,77.33
2009-02-09T03:00:00,42675099999,JABALPUR,23.2,79.95,15.0,1018.3,66.0
2009-02-09T06:00:00,42675099999,JABALPUR,23.2,79.95,24.6,1017.1,46.87
2009-02-09T09:00:00,42675099999,JABALPUR,23.2,79.95,29.0,1013.5,30.25
2009-02-09T12:00:00,42675099999,JABALPUR,23.2,79.95,28.8,1012.3,31.01
2009-02-09T15:00:00,42675099999,JABALPUR,23.2,79.95,21.4,1014.4,54.32
2009-02-09T18:00:00,42675099999,JABALPUR,23.2,79.95,21.0,1014.9,46.19
2009-02-09T21:00:00,42675099999,JABALPUR,23.2,79.95,17.2,1014.2,60.95
2009-02-10T00:00:00,42675099999,JABALPUR,23.2,79.95,15.2,1013.8,68.31
2009-02-10T03:00:00,42675099999,JABALPUR,23.2,79.95,16.6,1014.8,71.85
2009-02-10T06:00:00,42675099999,JABALPUR,23.2,79.95,28.2,1013.1,28.06
2009-02-10T09:00:00,42675099999,JABALPUR,23.2,79.95,31.4,1008.9,23.18
2009-02-10T12:00:00,42675099999,JABALPUR,23.2,79.95,30.4,1007.9,26.27
2009-02-10T15:00:00,42675099999,JABALPUR,23.2,79.95,26.4,1010.2,37.89
2009-02-10T18:00:00,42675099999,JABALPUR,23.2,79.95,24.4,1010.4,34.65
2009-02-10T21:00:00,42675099999,JABALPUR,23.2,79.95,20.0,1011.6,55.79
2009-02-11T00:00:00,42675099999,JABALPUR,23.2,79.95,19.6,1012.6,52.09
2009-02-11T03:00:00,42675099999,JABALPUR,23.2,79.95,19.2,1014.9,48.25
2009-02-11T06:00:00,42675099999,JABALPUR,23.2,79.95,22.8,1014.6,41.66
2009-02-11T09:00:00,42675099999,JABALPUR,23.2,79.95,25.8,1011.6,34.34
2009-02-11T12:00:00,42675099999,JABALPUR,23.2,79.95,25.6,1010.3,31.82
2009-02-11T15:00:00,42675099999,JABALPUR,23.2,79.95,20.6,1012.6,46.39
2009-02-11T18:00:00,42675099999,JABALPUR,23.2,79.95,18.4,,45.78
2009-02-11T21:00:00,42675099999,JABALPUR,23.2,79.95,15.6,1015.3,53.18
2009-02-12T00:00:00,42675099999,JABALPUR,23.2,79.95,13.0,1015.9,74.64
2009-02-12T03:00:00,42675099999,JABALPUR,23.2,79.95,13.8,1017.5,73.28
2009-02-12T06:00:00,42675099999,JABALPUR,23.2,79.95,20.4,1016.2,46.65
2009-02-12T09:00:00,42675099999,JABALPUR,23.2,79.95,24.4,1012.3,28.57
2009-02-12T12:00:00,42675099999,JABALPUR,23.2,79.95,24.4,1010.9,31.05
2009-02-12T15:00:00,42675099999,JABALPUR,23.2,79.95,17.4,1013.0,57.41
2009-02-12T18:00:00,42675099999,JABALPUR,23.2,79.95,16.4,1016.7,51.59
2009-02-12T21:00:00,42675099999,JABALPUR,23.2,79.95,14.0,1013.2,67.15
2009-02-13T00:00:00,42675099999,JABALPUR,23.2,79.95,12.4,1013.1,74.03
2009-02-13T03:00:00,42675099999,JABALPUR,23.2,79.95,14.0,1014.7,64.9
2009-02-13T06:00:00,42675099999,JABALPUR,23.2,79.95,23.0,1014.0,43.15
2009-02-13T09:00:00,42675099999,JABALPUR,23.2,79.95,25.6,1011.4,36.67
2009-02-13T12:00:00,42675099999,JABALPUR,23.2,79.95,25.4,1010.0,39.94
2009-02-13T15:00:00,42675099999,JABALPUR,23.2,79.95,18.8,1012.0,64.65
2009-02-13T18:00:00,42675099999,JABALPUR,23.2,79.95,16.4,1012.5,67.65
2009-02-13T21:00:00,42675099999,JABALPUR,23.2,79.95,16.0,1012.0,63.17
2009-02-14T00:00:00,42675099999,JABALPUR,23.2,79.95,13.0,1012.5,70.21
2009-02-14T03:00:00,42675099999,JABALPUR,23.2,79.95,15.8,1014.9,67.07
2009-02-14T06:00:00,42675099999,JABALPUR,23.2,79.95,25.0,1013.8,43.41
2009-02-14T09:00:00,42675099999,JABALPUR,23.2,79.95,29.4,1010.5,20.85
2009-02-14T12:00:00,42675099999,JABALPUR,23.2,79.95,28.6,1009.5,29.74
2009-02-14T15:00:00,42675099999,JABALPUR,23.2,79.95,21.4,1011.2,49.51
2009-02-14T18:00:00,42675099999,JABALPUR,23.2,79.95,18.6,1012.4,60.87
2009-02-14T21:00:00,42675099999,JABALPUR,23.2,79.95,16.6,1012.1,69.51
2009-02-15T00:00:00,42675099999,JABALPUR,23.2,79.95,14.6,1012.4,75.92
2009-02-15T03:00:00,42675099999,JABALPUR,23.2,79.95,17.0,1014.2,70.05
2009-02-15T06:00:00,42675099999,JABALPUR,23.2,79.95,25.4,1013.3,41.29
2009-02-15T09:00:00,42675099999,JABALPUR,23.2,79.95,28.6,1010.5,30.75
2009-02-15T12:00:00,42675099999,JABALPUR,23.2,79.95,28.2,1009.5,30.23
2009-02-15T15:00:00,42675099999,JABALPUR,23.2,79.95,21.0,1012.0,50.74
2009-02-15T21:00:00,42675099999,JABALPUR,23.2,79.95,16.8,1013.6,70.01
2009-02-16T00:00:00,42675099999,JABALPUR,23.2,79.95,16.0,1013.6,71.27
2009-02-16T03:00:00,42675099999,JABALPUR,23.2,79.95,16.4,1015.9,65.86
2009-02-16T06:00:00,42675099999,JABALPUR,23.2,79.95,25.0,1015.5,49.81
2009-02-16T09:00:00,42675099999,JABALPUR,23.2,79.95,29.8,1011.9,26.46
2009-02-16T12:00:00,42675099999,JABALPUR,23.2,79.95,26.4,1011.1,30.76
2009-02-16T15:00:00,42675099999,JABALPUR,23.2,79.95,23.4,1013.8,38.32
2009-02-16T18:00:00,42675099999,JABALPUR,23.2,79.95,20.0,1015.4,55.79
2009-02-16T21:00:00,42675099999,JABALPUR,23.2,79.95,18.0,1014.9,61.96
2009-02-17T00:00:00,42675099999,JABALPUR,23.2,79.95,15.6,1014.8,70.72
2009-02-17T03:00:00,42675099999,JABALPUR,23.2,79.95,16.6,1016.7,69.51
2009-02-17T06:00:00,42675099999,JABALPUR,23.2,79.95,25.4,1015.5,45.27
2009-02-17T09:00:00,42675099999,JABALPUR,23.2,79.95,29.8,1011.5,29.47
2009-02-17T12:00:00,42675099999,JABALPUR,23.2,79.95,29.4,1010.5,30.97
2009-02-17T15:00:00,42675099999,JABALPUR,23.2,79.95,24.6,1013.0,38.92
2009-02-17T18:00:00,42675099999,JABALPUR,23.2,79.95,20.6,1014.5,53.4
2009-02-17T21:00:00,42675099999,JABALPUR,23.2,79.95,18.4,1013.7,57.28
2009-02-18T00:00:00,42675099999,JABALPUR,23.2,79.95,16.2,1013.7,69.43
2009-02-18T03:00:00,42675099999,JABALPUR,23.2,79.95,17.0,1015.7,64.25
2009-02-18T06:00:00,42675099999,JABALPUR,23.2,79.95,15.6,1014.6,65.69
2009-02-18T09:00:00,42675099999,JABALPUR,23.2,79.95,28.6,1011.4,31.8
2009-02-18T12:00:00,42675099999,JABALPUR,23.2,79.95,28.4,1010.3,28.31
2009-02-18T18:00:00,42675099999,JABALPUR,23.2,79.95,19.2,1013.6,46.64
2009-02-18T21:00:00,42675099999,JABALPUR,23.2,79.95,15.4,1013.6,58.09
2009-02-19T00:00:00,42675099999,JABALPUR,23.2,79.95,14.4,1013.1,63.24
2009-02-19T03:00:00,42675099999,JABALPUR,23.2,79.95,16.6,1015.2,49.21
2009-02-19T06:00:00,42675099999,JABALPUR,23.2,79.95,24.4,1014.1,24.83
2009-02-19T09:00:00,42675099999,JABALPUR,23.2,79.95,28.0,1010.7,20.36
2009-02-19T12:00:00,42675099999,JABALPUR,23.2,79.95,27.6,1009.6,21.74
2009-02-19T15:00:00,42675099999,JABALPUR,23.2,79.95,20.0,1012.4,50.81
2009-02-19T18:00:00,42675099999,JABALPUR,23.2,79.95,18.4,1013.4,51.77
2009-02-19T21:00:00,42675099999,JABALPUR,23.2,79.95,16.0,1014.9,65.34
2009-02-20T00:00:00,42675099999,JABALPUR,23.2,79.95,15.4,1014.3,53.12
2009-02-20T03:00:00,42675099999,JABALPUR,23.2,79.95,17.8,1016.5,44.36
2009-02-20T06:00:00,42675099999,JABALPUR,23.2,79.95,26.0,1016.1,30.03
2009-02-20T09:00:00,42675099999,JABALPUR,23.2,79.95,29.6,1013.4,16.44
2009-02-20T12:00:00,42675099999,JABALPUR,23.2,79.95,28.8,1012.8,16.85
2009-02-20T15:00:00,42675099999,JABALPUR,23.2,79.95,21.6,1015.3,39.67
2009-02-20T18:00:00,42675099999,JABALPUR,23.2,79.95,19.6,1016.7,39.37
2009-02-20T21:00:00,42675099999,JABALPUR,23.2,79.95,16.0,1016.4,57.45
2009-02-21T00:00:00,42675099999,JABALPUR,23.2,79.95,13.8,1016.0,68.95
2009-02-21T03:00:00,42675099999,JABALPUR,23.2,79.95,17.4,1017.1,57.41
2009-02-21T06:00:00,42675099999,JABALPUR,23.2,79.95,26.4,1015.5,25.02
2009-02-21T09:00:00,42675099999,JABALPUR,23.2,79.95,30.0,1012.0,20.86
2009-02-21T12:00:00,42675099999,JABALPUR,23.2,79.95,30.0,1010.6,20.86
2009-02-21T15:00:00,42675099999,JABALPUR,23.2,79.95,21.4,1012.9,51.18
2009-02-21T18:00:00,42675099999,JABALPUR,23.2,79.95,18.4,1013.8,58.83
2009-02-21T21:00:00,42675099999,JABALPUR,23.2,79.95,17.0,1013.1,51.75
2009-02-22T00:00:00,42675099999,JABALPUR,23.2,79.95,15.6,1011.8,72.63
2009-02-22T03:00:00,42675099999,JABALPUR,23.2,79.95,18.0,1013.3,47.92
2009-02-22T06:00:00,42675099999,JABALPUR,23.2,79.95,27.4,1012.1,32.32
2009-02-22T09:00:00,42675099999,JABALPUR,23.2,79.95,30.4,1008.0,19.69
2009-02-22T12:00:00,42675099999,JABALPUR,23.2,79.95,30.2,1006.7,25.0
2009-02-22T15:00:00,42675099999,JABALPUR,23.2,79.95,22.0,1009.0,50.0
2009-02-22T18:00:00,42675099999,JABALPUR,23.2,79.95,21.4,1010.0,46.61
2009-02-22T21:00:00,42675099999,JABALPUR,23.2,79.95,18.6,1009.1,57.33
2009-02-23T00:00:00,42675099999,JABALPUR,23.2,79.95,19.0,1009.2,46.26
2009-02-23T03:00:00,42675099999,JABALPUR,23.2,79.95,20.4,1011.5,57.77
2009-02-23T06:00:00,42675099999,JABALPUR,23.2,79.95,30.0,1010.1,23.78
2009-02-23T09:00:00,42675099999,JABALPUR,23.2,79.95,32.0,1007.2,27.78
2009-02-23T12:00:00,42675099999,JABALPUR,23.2,79.95,31.2,1005.9,32.31
2009-02-23T15:00:00,42675099999,JABALPUR,23.2,79.95,24.6,1008.3,45.35
2009-02-23T18:00:00,42675099999,JABALPUR,23.2,79.95,22.2,1009.4,52.08
2009-02-23T21:00:00,42675099999,JABALPUR,23.2,79.95,19.4,1008.1,58.29
2009-02-24T00:00:00,42675099999,JABALPUR,23.2,79.95,19.0,1008.8,59.37
2009-02-24T03:00:00,42675099999,JABALPUR,23.2,79.95,21.6,1010.3,45.43
2009-02-24T06:00:00,42675099999,JABALPUR,23.2,79.95,29.6,1010.1,25.01
2009-02-24T09:00:00,42675099999,JABALPUR,23.2,79.95,33.0,1006.5,12.79
2009-02-24T12:00:00,42675099999,JABALPUR,23.2,79.95,32.0,1005.4,22.26
2009-02-24T15:00:00,42675099999,JABALPUR,23.2,79.95,26.6,1007.7,28.79
2009-02-24T18:00:00,42675099999,JABALPUR,23.2,79.95,23.6,1008.7,34.66
2009-02-24T21:00:00,42675099999,JABALPUR,23.2,79.95,19.0,1008.7,52.63
2009-02-25T00:00:00,42675099999,JABALPUR,23.2,79.95,19.0,1008.7,46.26
2009-02-25T03:00:00,42675099999,JABALPUR,23.2,79.95,21.4,1010.8,34.99
2009-02-25T06:00:00,42675099999,JABALPUR,23.2,79.95,28.4,1010.5,31.53
2009-02-25T09:00:00,42675099999,JABALPUR,23.2,79.95,32.6,1006.8,17.87
2009-02-25T12:00:00,42675099999,JABALPUR,23.2,79.95,31.6,1006.0,22.46
2009-02-25T15:00:00,42675099999,JABALPUR,23.2,79.95,23.6,1009.0,43.89
2009-02-25T18:00:00,42675099999,JABALPUR,23.2,79.95,20.4,,52.65
2009-02-25T21:00:00,42675099999,JABALPUR,23.2,79.95,18.2,1009.1,56.84
2009-02-26T00:00:00,42675099999,JABALPUR,23.2,79.95,19.4,1009.0,51.68
2009-02-26T03:00:00,42675099999,JABALPUR,23.2,79.95,21.0,1012.0,47.77
2009-02-26T06:00:00,42675099999,JABALPUR,23.2,79.95,28.4,1011.2,28.31
2009-02-26T09:00:00,42675099999,JABALPUR,23.2,79.95,32.8,1007.3,21.71
2009-02-26T12:00:00,42675099999,JABALPUR,23.2,79.95,32.4,1006.4,20.89
2009-02-26T15:00:00,42675099999,JABALPUR,23.2,79.95,25.0,1009.5,43.41
2009-02-26T18:00:00,42675099999,JABALPUR,23.2,79.95,22.0,1010.0,54.83
2009-02-26T21:00:00,42675099999,JABALPUR,23.2,79.95,22.6,1008.6,42.74
2009-02-27T00:00:00,42675099999,JABALPUR,23.2,79.95,19.4,1008.9,70.06
2009-02-27T03:00:00,42675099999,JABALPUR,23.2,79.95,20.4,1012.5,56.26
2009-02-27T06:00:00,42675099999,JABALPUR,23.2,79.95,27.6,1012.2,32.6
2009-02-27T09:00:00,42675099999,JABALPUR,23.2,79.95,31.6,1009.5,23.39
2009-02-27T12:00:00,42675099999,JABALPUR,23.2,79.95,30.6,1008.6,24.77
2009-02-27T15:00:00,42675099999,JABALPUR,23.2,79.95,23.4,1010.6,46.54
2009-02-27T18:00:00,42675099999,JABALPUR,23.2,79.95,20.4,1011.6,73.01
2009-02-27T21:00:00,42675099999,JABALPUR,23.2,79.95,19.0,1010.5,52.63
2009-02-28T00:00:00,42675099999,JABALPUR,23.2,79.95,17.6,1010.3,59.83
2009-02-28T03:00:00,42675099999,JABALPUR,23.2,79.95,19.4,1013.1,43.6
2009-02-28T06:00:00,42675099999,JABALPUR,23.2,79.95,26.4,1012.4,22.84
2009-02-28T09:00:00,42675099999,JABALPUR,23.2,79.95,30.0,1009.1,19.87
2009-02-28T12:00:00,42675099999,JABALPUR,23.2,79.95,30.6,1008.5,23.78
2009-02-28T15:00:00,42675099999,JABALPUR,23.2,79.95,23.6,1010.3,38.64
2009-02-28T18:00:00,42675099999,JABALPUR,23.2,79.95,19.6,1011.2,55.32
2009-02-28T21:00:00,42675099999,JABALPUR,23.2,79.95,17.2,1010.8,62.6
2009-03-01T00:00:00,42675099999,JABALPUR,23.2,79.95,15.2,1011.3,62.57
2009-03-01T03:00:00,42675099999,JABALPUR,23.2,79.95,18.6,1013.5,57.33
2009-03-01T06:00:00,42675099999,JABALPUR,23.2,79.95,26.0,1013.4,24.39
2009-03-01T09:00:00,42675099999,JABALPUR,23.2,79.95,30.6,1009.6,19.06
2009-03-01T12:00:00,42675099999,JABALPUR,23.2,79.95,30.8,1008.7,18.45
2009-03-01T15:00:00,42675099999,JABALPUR,23.2,79.95,20.4,1010.9,49.57
2009-03-01T18:00:00,42675099999,JABALPUR,23.2,79.95,22.0,1011.8,37.41
2009-03-01T21:00:00,42675099999,JABALPUR,23.2,79.95,18.4,1011.1,53.55
2009-03-02T00:00:00,42675099999,JABALPUR,23.2,79.95,18.4,1010.6,45.15
2009-03-02T03:00:00,42675099999,JABALPUR,23.2,79.95,20.4,1012.3,39.33
2009-03-02T06:00:00,42675099999,JABALPUR,23.2,79.95,30.0,1011.1,25.63
2009-03-02T09:00:00,42675099999,JABALPUR,23.2,79.95,34.8,1006.9,16.47
2009-03-02T12:00:00,42675099999,JABALPUR,23.2,79.95,34.0,1006.9,20.03
2009-03-02T21:00:00,42675099999,JABALPUR,23.2,79.95,19.0,1010.6,63.01
2009-03-03T00:00:00,42675099999,JABALPUR,23.2,79.95,17.4,1010.5,68.75
2009-03-03T03:00:00,42675099999,JABALPUR,23.2,79.95,21.0,1012.6,52.11
2009-03-03T06:00:00,42675099999,JABALPUR,23.2,79.95,31.2,1011.2,23.77
2009-03-03T09:00:00,42675099999,JABALPUR,23.2,79.95,35.0,1007.6,19.86
2009-03-03T12:00:00,42675099999,JABALPUR,23.2,79.95,34.0,1006.7,20.86
2009-03-03T15:00:00,42675099999,JABALPUR,23.2,79.95,25.2,1009.0,38.57
2009-03-03T18:00:00,42675099999,JABALPUR,23.2,79.95,21.6,1010.6,48.58
2009-03-03T21:00:00,42675099999,JABALPUR,23.2,79.95,19.6,1009.5,55.32
2009-03-04T00:00:00,42675099999,JABALPUR,23.2,79.95,20.0,1009.2,41.44
2009-03-04T03:00:00,42675099999,JABALPUR,23.2,79.95,22.6,1011.4,51.16
2009-03-04T06:00:00,42675099999,JABALPUR,23.2,79.95,31.8,1009.5,23.77
2009-03-04T09:00:00,42675099999,JABALPUR,23.2,79.95,36.2,1006.0,13.35
2009-03-04T12:00:00,42675099999,JABALPUR,23.2,79.95,34.6,1005.3,13.02
2009-03-04T15:00:00,42675099999,JABALPUR,23.2,79.95,29.4,1007.5,19.86
2009-03-04T18:00:00,42675099999,JABALPUR,23.2,79.95,22.6,1009.2,37.58
2009-03-04T21:00:00,42675099999,JABALPUR,23.2,79.95,20.2,1008.3,46.28
2009-03-05T00:00:00,42675099999,JABALPUR,23.2,79.95,22.2,1008.0,23.04
2009-03-05T03:00:00,42675099999,JABALPUR,23.2,79.95,23.6,1010.4,23.41
2009-03-05T06:00:00,42675099999,JABALPUR,23.2,79.95,31.0,1010.1,19.7
2009-03-05T09:00:00,42675099999,JABALPUR,23.2,79.95,34.0,1006.8,14.46
2009-03-05T12:00:00,42675099999,JABALPUR,23.2,79.95,33.6,1005.4,14.58
2009-03-05T15:00:00,42675099999,JABALPUR,23.2,79.95,25.0,1009.0,28.34
2009-03-05T18:00:00,42675099999,JABALPUR,23.2,79.95,23.4,1009.7,38.32
2009-03-05T21:00:00,42675099999,JABALPUR,23.2,79.95,22.0,1009.2,30.59
2009-03-06T00:00:00,42675099999,JABALPUR,23.2,79.95,18.0,1010.4,54.91
2009-03-06T03:00:00,42675099999,JABALPUR,23.2,79.95,22.0,1013.4,37.41
2009-03-06T06:00:00,42675099999,JABALPUR,23.2,79.95,28.6,1012.2,27.6
2009-03-06T09:00:00,42675099999,JABALPUR,23.2,79.95,32.6,1008.6,19.55
2009-03-06T12:00:00,42675099999,JABALPUR,23.2,79.95,32.2,1007.4,18.92
2009-03-06T15:00:00,42675099999,JABALPUR,23.2,79.95,25.0,1009.8,34.35
2009-03-06T18:00:00,42675099999,JABALPUR,23.2,79.95,22.0,1010.7,39.78
2009-03-06T21:00:00,42675099999,JABALPUR,23.2,79.95,20.2,1009.8,46.28
2009-03-07T00:00:00,42675099999,JABALPUR,23.2,79.95,18.4,1010.7,58.83
2009-03-07T03:00:00,42675099999,JABALPUR,23.2,79.95,22.2,1012.7,31.08
2009-03-07T06:00:00,42675099999,JABALPUR,23.2,79.95,30.6,1011.5,20.87
2009-03-07T09:00:00,42675099999,JABALPUR,23.2,79.95,33.6,1007.5,13.77
2009-03-07T12:00:00,42675099999,JABALPUR,23.2,79.95,33.4,1006.1,17.44
2009-03-07T15:00:00,42675099999,JABALPUR,23.2,79.95,24.4,1008.4,38.61
2009-03-07T18:00:00,42675099999,JABALPUR,23.2,79.95,21.4,1009.5,43.57
2009-03-07T21:00:00,42675099999,JABALPUR,23.2,79.95,19.0,1008.9,54.43
2009-03-08T00:00:00,42675099999,JABALPUR,23.2,79.95,19.4,1008.7,45.12
2009-03-08T03:00:00,42675099999,JABALPUR,23.2,79.95,21.4,1010.0,43.57
2009-03-08T06:00:00,42675099999,JABALPUR,23.2,79.95,30.4,1009.9,19.69
2009-03-08T09:00:00,42675099999,JABALPUR,23.2,79.95,34.4,1006.6,17.43
2009-03-08T12:00:00,42675099999,JABALPUR,23.2,79.95,33.2,1005.3,23.18
2009-03-08T15:00:00,42675099999,JABALPUR,23.2,79.95,25.6,1008.2,42.73
2009-03-08T18:00:00,42675099999,JABALPUR,23.2,79.95,24.4,1009.6,39.92
2009-03-08T21:00:00,42675099999,JABALPUR,23.2,79.95,22.0,1009.1,43.16
2009-03-09T00:00:00,42675099999,JABALPUR,23.2,79.95,20.0,1009.6,55.79
2009-03-09T03:00:00,42675099999,JABALPUR,23.2,79.95,20.2,1011.4,47.87
2009-03-09T06:00:00,42675099999,JABALPUR,23.2,79.95,27.6,1011.9,33.71
2009-03-09T09:00:00,42675099999,JABALPUR,23.2,79.95,29.8,1009.5,31.5
2009-03-09T12:00:00,42675099999,JABALPUR,23.2,79.95,25.4,1009.7,36.37
2009-03-09T15:00:00,42675099999,JABALPUR,23.2,79.95,22.2,1012.6,59.74
2009-03-09T18:00:00,42675099999,JABALPUR,23.2,79.95,21.0,1012.4,75.0
2009-03-10T00:00:00,42675099999,JABALPUR,23.2,79.95,19.6,1012.1,80.23
2009-03-10T03:00:00,42675099999,JABALPUR,23.2,79.95,20.4,1015.4,74.43
2009-03-10T06:00:00,42675099999,JABALPUR,23.2,79.95,25.6,1015.2,54.68
2009-03-10T09:00:00,42675099999,JABALPUR,23.2,79.95,29.4,1011.1,44.06
2009-03-10T12:00:00,42675099999,JABALPUR,23.2,79.95,29.6,1009.6,40.84
2009-03-10T15:00:00,42675099999,JABALPUR,23.2,79.95,26.4,1012.1,46.44
2009-03-10T18:00:00,42675099999,JABALPUR,23.2,79.95,23.2,1012.8,59.21
2009-03-10T21:00:00,42675099999,JABALPUR,23.2,79.95,21.6,1012.4,62.37
2009-03-11T00:00:00,42675099999,JABALPUR,23.2,79.95,19.6,1013.1,58.34
2009-03-11T03:00:00,42675099999,JABALPUR,23.2,79.95,20.8,1015.2,53.46
2009-03-11T06:00:00,42675099999,JABALPUR,23.2,79.95,29.8,1013.5,26.46
2009-03-11T09:00:00,42675099999,JABALPUR,23.2,79.95,33.0,1010.3,25.4
2009-03-11T12:00:00,42675099999,JABALPUR,23.2,79.95,32.6,1008.8,24.3
2009-03-11T15:00:00,42675099999,JABALPUR,23.2,79.95,26.4,1011.7,27.38
2009-03-11T18:00:00,42675099999,JABALPUR,23.2,79.95,22.8,1013.7,34.67
2009-03-11T21:00:00,42675099999,JABALPUR,23.2,79.95,19.6,1013.1,43.96
2009-03-12T00:00:00,42675099999,JABALPUR,23.2,79.95,15.6,1013.6,56.96
2009-03-12T03:00:00,42675099999,JABALPUR,23.2,79.95,19.2,1014.9,40.08
2009-03-12T06:00:00,42675099999,JABALPUR,23.2,79.95,27.2,1013.7,17.98
2009-03-12T09:00:00,42675099999,JABALPUR,23.2,79.95,31.0,1010.0,15.28
2009-03-12T12:00:00,42675099999,JABALPUR,23.2,79.95,33.0,1008.7,11.98
2009-03-12T15:00:00,42675099999,JABALPUR,23.2,79.95,22.4,1011.5,38.04
2009-03-12T18:00:00,42675099999,JABALPUR,23.2,79.95,19.0,1013.4,46.26
2009-03-12T21:00:00,42675099999,JABALPUR,23.2,79.95,18.4,1012.4,34.12
2009-03-13T00:00:00,42675099999,JABALPUR,23.2,79.95,17.0,1013.0,39.45
2009-03-13T03:00:00,42675099999,JABALPUR,23.2,79.95,20.0,1016.3,28.96
2009-03-13T06:00:00,42675099999,JABALPUR,23.2,79.95,29.2,1015.2,13.74
2009-03-13T09:00:00,42675099999,JABALPUR,23.2,79.95,33.4,1011.6,8.79
2009-03-13T12:00:00,42675099999,JABALPUR,23.2,79.95,32.4,1011.3,11.78
2009-03-13T15:00:00,42675099999,JABALPUR,23.2,79.95,26.0,1013.6,21.03
2009-03-13T18:00:00,42675099999,JABALPUR,23.2,79.95,21.6,1014.7,38.33
2009-03-13T21:00:00,42675099999,JABALPUR,23.2,79.95,20.4,1014.4,42.12
2009-03-14T00:00:00,42675099999,JABALPUR,23.2,79.95,17.4,1014.3,41.85
2009-03-14T03:00:00,42675099999,JABALPUR,23.2,79.95,19.2,1014.8,45.07
2009-03-14T06:00:00,42675099999,JABALPUR,23.2,79.95,26.4,1014.8,31.83
2009-03-14T09:00:00,42675099999,JABALPUR,23.2,79.95,31.4,1011.2,15.04
2009-03-14T12:00:00,42675099999,JABALPUR,23.2,79.95,30.4,1010.6,15.04
2009-03-14T15:00:00,42675099999,JABALPUR,23.2,79.95,22.4,1012.3,40.99
2009-03-14T18:00:00,42675099999,JABALPUR,23.2,79.95,20.4,1013.2,42.12
2009-03-14T21:00:00,42675099999,JABALPUR,23.2,79.95,21.0,1012.2,38.69
2009-03-15T00:00:00,42675099999,JABALPUR,23.2,79.95,20.4,1011.6,42.12
2009-03-15T03:00:00,42675099999,JABALPUR,23.2,79.95,23.8,1013.6,30.03
2009-03-15T06:00:00,42675099999,JABALPUR,23.2,79.95,27.4,1013.5,29.01
2009-03-15T09:00:00,42675099999,JABALPUR,23.2,79.95,32.6,1009.4,21.37
2009-03-15T12:00:00,42675099999,JABALPUR,23.2,79.95,28.8,1009.3,24.8
2009-03-15T15:00:00,42675099999,JABALPUR,23.2,79.95,26.0,1010.5,27.65
2009-03-15T18:00:00,42675099999,JABALPUR,23.2,79.95,24.2,1012.0,33.2
2009-03-15T21:00:00,42675099999,JABALPUR,23.2,79.95,23.0,1010.4,36.68
2009-03-16T00:00:00,42675099999,JABALPUR,23.2,79.95,18.8,1011.3,60.92
2009-03-16T03:00:00,42675099999,JABALPUR,23.2,79.95,22.4,1012.3,40.99
2009-03-16T06:00:00,42675099999,JABALPUR,23.2,79.95,30.6,1010.9,25.62
2009-03-16T09:00:00,42675099999,JABALPUR,23.2,79.95,33.6,1007.3,17.85
2009-03-16T12:00:00,42675099999,JABALPUR,23.2,79.95,32.4,1006.6,16.73
2009-03-16T15:00:00,42675099999,JABALPUR,23.2,79.95,26.0,1009.1,36.05
2009-03-16T18:00:00,42675099999,JABALPUR,23.2,79.95,23.4,1010.1,38.32
2009-03-16T21:00:00,42675099999,JABALPUR,23.2,79.95,20.0,1009.9,47.82
2009-03-17T00:00:00,42675099999,JABALPUR,23.2,79.95,19.4,1010.3,49.97
2009-03-17T03:00:00,42675099999,JABALPUR,23.2,79.95,22.4,1011.2,36.76
2009-03-17T06:00:00,42675099999,JABALPUR,23.2,79.95,30.0,,25.63
2009-03-17T09:00:00,42675099999,JABALPUR,23.2,79.95,34.2,1007.2,14.71
2009-03-17T12:00:00,42675099999,JABALPUR,23.2,79.95,33.6,1006.2,13.77
2009-03-17T15:00:00,42675099999,JABALPUR,23.2,79.95,26.8,1009.0,24.61
2009-03-17T18:00:00,42675099999,JABALPUR,23.2,79.95,22.8,1010.4,32.13
2009-03-17T21:00:00,42675099999,JABALPUR,23.2,79.95,21.0,1009.7,34.39
2009-03-18T00:00:00,42675099999,JABALPUR,23.2,79.95,18.8,1010.8,49.13
2009-03-18T03:00:00,42675099999,JABALPUR,23.2,79.95,21.6,1013.1,68.69
2009-03-18T06:00:00,42675099999,JABALPUR,23.2,79.95,30.6,1011.6,20.02
2009-03-18T09:00:00,42675099999,JABALPUR,23.2,79.95,34.4,1007.8,14.24
2009-03-18T12:00:00,42675099999,JABALPUR,23.2,79.95,33.4,1006.9,17.44
2009-03-18T15:00:00,42675099999,JABALPUR,23.2,79.95,25.0,1009.8,32.09
2009-03-18T18:00:00,42675099999,JABALPUR,23.2,79.95,23.2,1010.2,34.07
2009-03-18T21:00:00,42675099999,JABALPUR,23.2,79.95,20.6,1009.9,45.46
2009-03-19T00:00:00,42675099999,JABALPUR,23.2,79.95,19.0,1010.4,47.87
2009-03-19T03:00:00,42675099999,JABALPUR,23.2,79.95,22.8,1012.1,44.26
2009-03-19T06:00:00,42675099999,JABALPUR,23.2,79.95,31.0,1010.0,22.46
2009-03-19T09:00:00,42675099999,JABALPUR,23.2,79.95,36.0,1005.8,10.9
2009-03-19T12:00:00,42675099999,JABALPUR,23.2,79.95,34.4,1004.3,18.17
2009-03-19T18:00:00,42675099999,JABALPUR,23.2,79.95,26.0,1007.5,27.65
2009-03-19T21:00:00,42675099999,JABALPUR,23.2,79.95,22.8,1007.7,40.01
2009-03-20T00:00:00,42675099999,JABALPUR,23.2,79.95,20.0,1008.3,52.54
2009-03-20T03:00:00,42675099999,JABALPUR,23.2,79.95,24.8,1009.7,40.57
2009-03-20T06:00:00,42675099999,JABALPUR,23.2,79.95,33.6,1008.7,13.77
2009-03-20T09:00:00,42675099999,JABALPUR,23.2,79.95,36.0,1004.9,12.49
2009-03-20T12:00:00,42675099999,JABALPUR,23.2,79.95,35.4,1003.4,14.25
2009-03-20T15:00:00,42675099999,JABALPUR,23.2,79.95,28.8,1006.1,26.92
2009-03-20T18:00:00,42675099999,JABALPUR,23.2,79.95,25.2,1007.9,34.64
2009-03-20T21:00:00,42675099999,JABALPUR,23.2,79.95,24.6,1007.0,30.05
2009-03-21T00:00:00,42675099999,JABALPUR,23.2,79.95,22.0,1008.7,41.72
2009-03-21T03:00:00,42675099999,JABALPUR,23.2,79.95,23.6,1011.6,51.09
2009-03-21T06:00:00,42675099999,JABALPUR,23.2,79.95,29.6,1009.5,32.29
2009-03-21T09:00:00,42675099999,JABALPUR,23.2,79.95,33.0,1006.4,22.82
2009-03-21T12:00:00,42675099999,JABALPUR,23.2,79.95,31.4,1005.5,23.98
2009-03-21T15:00:00,42675099999,JABALPUR,23.2,79.95,27.4,1008.2,34.56
2009-03-21T18:00:00,42675099999,JABALPUR,23.2,79.95,24.4,1009.8,45.0
2009-03-21T21:00:00,42675099999,JABALPUR,23.2,79.95,22.2,1009.4,46.21
2009-03-22T00:00:00,42675099999,JABALPUR,23.2,79.95,20.0,1010.4,57.29
2009-03-22T03:00:00,42675099999,JABALPUR,23.2,79.95,23.0,1012.3,56.17
2009-03-22T06:00:00,42675099999,JABALPUR,23.2,79.95,30.0,1011.4,27.98
2009-03-22T12:00:00,42675099999,JABALPUR,23.2,79.95,32.0,1006.5,15.18
2009-03-22T15:00:00,42675099999,JABALPUR,23.2,79.95,25.2,1009.0,31.06
2009-03-22T18:00:00,42675099999,JABALPUR,23.2,79.95,23.6,1010.9,33.49
2009-03-22T21:00:00,42675099999,JABALPUR,23.2,79.95,21.0,1010.4,44.66
2009-03-23T00:00:00,42675099999,JABALPUR,23.2,79.95,20.0,1010.4,47.82
2009-03-23T03:00:00,42675099999,JABALPUR,23.2,79.95,23.4,1013.7,35.8
2009-03-23T06:00:00,42675099999,JABALPUR,23.2,79.95,32.2,1012.3,18.15
2009-03-23T09:00:00,42675099999,JABALPUR,23.2,79.95,34.6,1008.4,
2009-03-23T12:00:00,42675099999,JABALPUR,23.2,79.95,33.8,1006.9,15.68
2009-03-23T15:00:00,42675099999,JABALPUR,23.2,79.95,27.0,1009.7,32.87
2009-03-23T18:00:00,42675099999,JABALPUR,23.2,79.95,25.6,1011.2,29.31
2009-03-23T21:00:00,42675099999,JABALPUR,23.2,79.95,22.4,1010.4,40.99
2009-03-24T00:00:00,42675099999,JABALPUR,23.2,79.95,23.0,1011.4,40.34
2009-03-24T03:00:00,42675099999,JABALPUR,23.2,79.95,26.6,1012.7,31.03
2009-03-24T06:00:00,42675099999,JABALPUR,23.2,79.95,32.4,1012.1,22.82
2009-03-24T09:00:00,42675099999,JABALPUR,23.2,79.95,35.4,1007.6,17.3
2009-03-24T12:00:00,42675099999,JABALPUR,23.2,79.95,31.4,1007.5,21.36
2009-03-24T15:00:00,42675099999,JABALPUR,23.2,79.95,27.6,1010.6,29.26
2009-03-24T18:00:00,42675099999,JABALPUR,23.2,79.95,25.4,1011.2,38.89
2009-03-24T21:00:00,42675099999,JABALPUR,23.2,79.95,23.2,1009.7,44.97
2009-03-25T00:00:00,42675099999,JABALPUR,23.2,79.95,22.6,1010.2,42.74
2009-03-25T03:00:00,42675099999,JABALPUR,23.2,79.95,24.6,1012.4,42.73
2009-03-25T06:00:00,42675099999,JABALPUR,23.2,79.95,32.8,1010.9,19.06
2009-03-25T09:00:00,42675099999,JABALPUR,23.2,79.95,35.4,1006.3,15.07
2009-03-25T12:00:00,42675099999,JABALPUR,23.2,79.95,31.2,1006.5,21.9
2009-03-25T15:00:00,42675099999,JABALPUR,23.2,79.95,28.4,1008.4,28.31
2009-03-25T18:00:00,42675099999,JABALPUR,23.2,79.95,24.6,1009.7,42.73
2009-03-25T21:00:00,42675099999,JABALPUR,23.2,79.95,21.0,1009.7,56.78
2009-03-26T00:00:00,42675099999,JABALPUR,23.2,79.95,19.6,1009.9,58.34
2009-03-26T03:00:00,42675099999,JABALPUR,23.2,79.95,22.6,1012.2,54.27
2009-03-26T06:00:00,42675099999,JABALPUR,23.2,79.95,31.0,1010.9,20.68
2009-03-26T09:00:00,42675099999,JABALPUR,23.2,79.95,33.2,1007.5,12.02
2009-03-26T12:00:00,42675099999,JABALPUR,23.2,79.95,33.0,1006.1,11.22
2009-03-26T15:00:00,42675099999,JABALPUR,23.2,79.95,25.4,1009.4,19.85
2009-03-26T18:00:00,42675099999,JABALPUR,23.2,79.95,22.0,1010.0,26.74
2009-03-26T21:00:00,42675099999,JABALPUR,23.2,79.95,19.2,1009.6,45.07
2009-03-27T00:00:00,42675099999,JABALPUR,23.2,79.95,18.6,1009.5,39.08
2009-03-27T03:00:00,42675099999,JABALPUR,23.2,79.95,23.0,1011.0,34.96
2009-03-27T06:00:00,42675099999,JABALPUR,23.2,79.95,32.6,1010.0,12.9
2009-03-27T09:00:00,42675099999,JABALPUR,23.2,79.95,34.8,1006.5,10.37
2009-03-27T12:00:00,42675099999,JABALPUR,23.2,79.95,33.8,1005.7,10.97
2009-03-27T15:00:00,42675099999,JABALPUR,23.2,79.95,27.4,1008.7,29.01
2009-03-27T18:00:00,42675099999,JABALPUR,23.2,79.95,27.2,1009.2,22.1
2009-03-27T21:00:00,42675099999,JABALPUR,23.2,79.95,24.4,1009.2,28.57
2009-03-28T00:00:00,42675099999,JABALPUR,23.2,79.95,20.4,1009.1,45.1
2009-03-28T03:00:00,42675099999,JABALPUR,23.2,79.95,24.4,1010.9,36.33
2009-03-28T06:00:00,42675099999,JABALPUR,23.2,79.95,34.8,1008.5,11.4
2009-03-28T09:00:00,42675099999,JABALPUR,23.2,79.95,37.8,1004.5,9.6
2009-03-28T12:00:00,42675099999,JABALPUR,23.2,79.95,36.6,1003.8,12.97
2009-03-28T15:00:00,42675099999,JABALPUR,23.2,79.95,31.0,1006.7,22.46
2009-03-28T18:00:00,42675099999,JABALPUR,23.2,79.95,26.2,1007.8,33.99
2009-03-29T03:00:00,42675099999,JABALPUR,23.2,79.95,25.4,1009.5,36.37
2009-03-29T06:00:00,42675099999,JABALPUR,23.2,79.95,32.6,1008.5,25.13
2009-03-29T09:00:00,42675099999,JABALPUR,23.2,79.95,36.6,1004.6,17.58
2009-03-29T12:00:00,42675099999,JABALPUR,23.2,79.95,35.0,1004.5,20.68
2009-03-29T15:00:00,42675099999,JABALPUR,23.2,79.95,28.3,1006.8,36.94
2009-03-29T18:00:00,42675099999,JABALPUR,23.2,79.95,25.8,1008.0,45.68
2009-03-29T21:00:00,42675099999,JABALPUR,23.2,79.95,24.4,1007.1,46.51
2009-03-30T00:00:00,42675099999,JABALPUR,23.2,79.95,22.4,1007.9,49.45
2009-03-30T03:00:00,42675099999,JABALPUR,23.2,79.95,26.4,1009.4,38.91
2009-03-30T06:00:00,42675099999,JABALPUR,23.2,79.95,34.8,1007.8,21.2
2009-03-30T09:00:00,42675099999,JABALPUR,23.2,79.95,37.4,1004.8,15.09
2009-03-30T12:00:00,42675099999,JABALPUR,23.2,79.95,36.2,1003.8,17.02
2009-03-30T15:00:00,42675099999,JABALPUR,23.2,79.95,31.2,1006.4,28.5
2009-03-30T18:00:00,42675099999,JABALPUR,23.2,79.95,26.4,1008.2,38.91
2009-03-30T21:00:00,42675099999,JABALPUR,23.2,79.95,26.2,1007.7,38.6
2009-03-31T00:00:00,42675099999,JABALPUR,23.2,79.95,23.4,1008.8,50.04
2009-03-31T03:00:00,42675099999,JABALPUR,23.2,79.95,26.4,1010.3,37.89
2009-03-31T06:00:00,42675099999,JABALPUR,23.2,79.95,31.6,1008.9,23.39
2009-03-31T09:00:00,42675099999,JABALPUR,23.2,79.95,34.0,1005.7,20.86
2009-03-31T12:00:00,42675099999,JABALPUR,23.2,79.95,34.2,1003.9,21.19
2009-03-31T15:00:00,42675099999,JABALPUR,23.2,79.95,28.6,1006.0,30.75
2009-03-31T18:00:00,42675099999,JABALPUR,23.2,79.95,24.4,1008.1,43.82
2009-03-31T21:00:00,42675099999,JABALPUR,23.2,79.95,23.0,1007.6,47.36
2009-04-01T00:00:00,42675099999,JABALPUR,23.2,79.95,22.4,1008.5,43.85
2009-04-01T03:00:00,42675099999,JABALPUR,23.2,79.95,26.0,1010.4,38.29
2009-04-01T06:00:00,42675099999,JABALPUR,23.2,79.95,32.2,1009.3,23.39
2009-04-01T09:00:00,42675099999,JABALPUR,23.2,79.95,35.6,1006.0,16.88
2009-04-01T12:00:00,42675099999,JABALPUR,23.2,79.95,35.8,1004.3,17.88
2009-04-01T15:00:00,42675099999,JABALPUR,23.2,79.95,29.4,1007.3,35.12
2009-04-01T18:00:00,42675099999,JABALPUR,23.2,79.95,26.6,1008.7,39.23
2009-04-01T21:00:00,42675099999,JABALPUR,23.2,79.95,23.0,1008.3,52.63
2009-04-02T00:00:00,42675099999,JABALPUR,23.2,79.95,21.6,1009.2,60.77
2009-04-02T03:00:00,42675099999,JABALPUR,23.2,79.95,27.0,1010.7,36.34
2009-04-02T06:00:00,42675099999,JABALPUR,23.2,79.95,34.0,1009.8,22.61
2009-04-02T09:00:00,42675099999,JABALPUR,23.2,79.95,37.4,1006.4,29.42
2009-04-02T12:00:00,42675099999,JABALPUR,23.2,79.95,36.8,1005.2,27.09
2009-04-02T15:00:00,42675099999,JABALPUR,23.2,79.95,30.4,1007.5,24.38
2009-04-02T18:00:00,42675099999,JABALPUR,23.2,79.95,28.4,1008.6,28.31
2009-04-02T21:00:00,42675099999,JABALPUR,23.2,79.95,23.6,1007.8,41.33
2009-04-03T00:00:00,42675099999,JABALPUR,23.2,79.95,22.0,1009.0,50.33
2009-04-03T03:00:00,42675099999,JABALPUR,23.2,79.95,28.0,1010.2,33.15
2009-04-03T06:00:00,42675099999,JABALPUR,23.2,79.95,37.0,1007.8,18.16
2009-04-03T09:00:00,42675099999,JABALPUR,23.2,79.95,38.8,1006.0,24.77
2009-04-03T12:00:00,42675099999,JABALPUR,23.2,79.95,38.6,1004.5,15.98
2009-04-03T15:00:00,42675099999,JABALPUR,23.2,79.95,30.2,1007.2,38.21
2009-04-03T18:00:00,42675099999,JABALPUR,23.2,79.95,28.0,1008.8,37.59
2009-04-03T21:00:00,42675099999,JABALPUR,23.2,79.95,25.0,1007.4,44.57
2009-04-04T00:00:00,42675099999,JABALPUR,23.2,79.95,23.4,1008.0,45.02
2009-04-04T03:00:00,42675099999,JABALPUR,23.2,79.95,29.8,1009.4,28.5
2009-04-04T06:00:00,42675099999,JABALPUR,23.2,79.95,36.6,1007.5,19.85
2009-04-04T09:00:00,42675099999,JABALPUR,23.2,79.95,39.6,1004.2,18.03
2009-04-04T12:00:00,42675099999,JABALPUR,23.2,79.95,38.2,1004.0,16.22
2009-04-04T15:00:00,42675099999,JABALPUR,23.2,79.95,31.6,1006.8,26.23
2009-04-04T18:00:00,42675099999,JABALPUR,23.2,79.95,27.6,1007.8,34.85
2009-04-04T21:00:00,42675099999,JABALPUR,23.2,79.95,25.6,1007.9,40.26
2009-04-05T00:00:00,42675099999,JABALPUR,23.2,79.95,23.6,1008.8,43.89
2009-04-05T03:00:00,42675099999,JABALPUR,23.2,79.95,29.6,1010.8,52.63
2009-04-05T06:00:00,42675099999,JABALPUR,23.2,79.95,33.6,1011.2,19.39
2009-04-05T09:00:00,42675099999,JABALPUR,23.2,79.95,36.2,1008.3,17.73
2009-04-05T12:00:00,42675099999,JABALPUR,23.2,79.95,34.8,1007.6,15.69
2009-04-05T15:00:00,42675099999,JABALPUR,23.2,79.95,30.2,1009.9,25.0
2009-04-05T18:00:00,42675099999,JABALPUR,23.2,79.95,25.0,1010.9,40.63
2009-04-05T21:00:00,42675099999,JABALPUR,23.2,79.95,23.4,1009.6,42.4
2009-04-06T00:00:00,42675099999,JABALPUR,23.2,79.95,21.6,1009.5,52.96
2009-04-06T03:00:00,42675099999,JABALPUR,23.2,79.95,27.0,1011.0,30.51
2009-04-06T06:00:00,42675099999,JABALPUR,23.2,79.95,35.0,1010.5,19.86
2009-04-06T09:00:00,42675099999,JABALPUR,23.2,79.95,33.6,1007.4,21.91
2009-04-06T12:00:00,42675099999,JABALPUR,23.2,79.95,35.6,1004.6,20.69
2009-04-06T15:00:00,42675099999,JABALPUR,23.2,79.95,29.0,1008.5,40.16
2009-04-06T18:00:00,42675099999,JABALPUR,23.2,79.95,24.0,1010.2,54.27
2009-04-06T21:00:00,42675099999,JABALPUR,23.2,79.95,24.0,1007.8,48.58
2009-04-07T00:00:00,42675099999,JABALPUR,23.2,79.95,22.0,1008.1,61.26
2009-04-07T03:00:00,42675099999,JABALPUR,23.2,79.95,26.4,1009.4,43.8
2009-04-07T06:00:00,42675099999,JABALPUR,23.2,79.95,34.0,1008.2,30.42
2009-04-07T09:00:00,42675099999,JABALPUR,23.2,79.95,36.0,1004.9,20.51
2009-04-07T12:00:00,42675099999,JABALPUR,23.2,79.95,34.0,1004.1,20.86
2009-04-07T15:00:00,42675099999,JABALPUR,23.2,79.95,29.8,1005.7,35.7
2009-04-07T18:00:00,42675099999,JABALPUR,23.2,79.95,26.6,1007.0,43.01
2009-04-07T21:00:00,42675099999,JABALPUR,23.2,79.95,26.0,1006.2,44.56
2009-04-08T00:00:00,42675099999,JABALPUR,23.2,79.95,24.0,1005.8,42.0
2009-04-08T03:00:00,42675099999,JABALPUR,23.2,79.95,25.8,1010.0,48.12
2009-04-08T06:00:00,42675099999,JABALPUR,23.2,79.95,26.0,1010.4,57.63
2009-04-08T09:00:00,42675099999,JABALPUR,23.2,79.95,29.6,1006.5,40.84
2009-04-08T12:00:00,42675099999,JABALPUR,23.2,79.95,27.8,1005.2,45.63
2009-04-08T15:00:00,42675099999,JABALPUR,23.2,79.95,24.0,1008.2,57.15
2009-04-08T18:00:00,42675099999,JABALPUR,23.2,79.95,22.4,1008.9,61.35
2009-04-08T21:00:00,42675099999,JABALPUR,23.2,79.95,22.6,1008.8,61.79
2009-04-09T00:00:00,42675099999,JABALPUR,23.2,79.95,21.0,1008.6,69.91
2009-04-09T03:00:00,42675099999,JABALPUR,23.2,79.95,24.2,1010.9,58.69
2009-04-09T06:00:00,42675099999,JABALPUR,23.2,79.95,30.0,1010.7,39.15
2009-04-09T09:00:00,42675099999,JABALPUR,23.2,79.95,33.4,1007.1,26.02
2009-04-09T12:00:00,42675099999,JABALPUR,23.2,79.95,34.4,1005.5,15.06
2009-04-09T15:00:00,42675099999,JABALPUR,23.2,79.95,27.2,1008.1,30.78
2009-04-09T18:00:00,42675099999,JABALPUR,23.2,79.95,26.0,1009.5,33.48
2009-04-09T21:00:00,42675099999,JABALPUR,23.2,79.95,23.6,1009.9,46.9
2009-04-10T00:00:00,42675099999,JABALPUR,23.2,79.95,22.0,1011.3,54.83
2009-04-10T03:00:00,42675099999,JABALPUR,23.2,79.95,26.4,1012.1,43.8
2009-04-10T06:00:00,42675099999,JABALPUR,23.2,79.95,31.0,1011.4,27.15
2009-04-10T09:00:00,42675099999,JABALPUR,23.2,79.95,34.0,1007.8,15.95
2009-04-10T12:00:00,42675099999,JABALPUR,23.2,79.95,33.4,1006.7,18.31
2009-04-10T15:00:00,42675099999,JABALPUR,23.2,79.95,27.6,1008.4,31.52
2009-04-10T18:00:00,42675099999,JABALPUR,23.2,79.95,25.2,1009.7,36.07
2009-04-10T21:00:00,42675099999,JABALPUR,23.2,79.95,21.4,1009.6,48.2
2009-04-11T00:00:00,42675099999,JABALPUR,23.2,79.95,20.2,1010.3,46.28
2009-04-11T03:00:00,42675099999,JABALPUR,23.2,79.95,25.4,1011.4,31.55
2009-04-11T06:00:00,42675099999,JABALPUR,23.2,79.95,32.0,1010.1,22.26
2009-04-11T09:00:00,42675099999,JABALPUR,23.2,79.95,35.4,1006.2,11.35
2009-04-11T12:00:00,42675099999,JABALPUR,23.2,79.95,34.6,1004.9,11.53
2009-04-11T15:00:00,42675099999,JABALPUR,23.2,79.95,26.8,1007.5,26.93
2009-04-11T18:00:00,42675099999,JABALPUR,23.2,79.95,24.6,1008.4,27.65
2009-04-11T21:00:00,42675099999,JABALPUR,23.2,79.95,21.4,1008.4,39.34
2009-04-12T00:00:00,42675099999,JABALPUR,23.2,79.95,19.0,1009.1,51.23
2009-04-12T03:00:00,42675099999,JABALPUR,23.2,79.95,27.2,1009.7,22.1
2009-04-12T06:00:00,42675099999,JABALPUR,23.2,79.95,34.4,1008.4,13.45
2009-04-12T09:00:00,42675099999,JABALPUR,23.2,79.95,37.0,1005.2,9.67
2009-04-12T12:00:00,42675099999,JABALPUR,23.2,79.95,36.8,1003.2,10.07
2009-04-12T15:00:00,42675099999,JABALPUR,23.2,79.95,28.0,1005.8,33.15
2009-04-12T18:00:00,42675099999,JABALPUR,23.2,79.95,25.0,1007.3,38.26
2009-04-12T21:00:00,42675099999,JABALPUR,23.2,79.95,23.0,1006.9,41.72
2009-04-13T00:00:00,42675099999,JABALPUR,23.2,79.95,21.0,1006.8,43.17
2009-04-13T03:00:00,42675099999,JABALPUR,23.2,79.95,28.0,1007.3,32.06
2009-04-13T06:00:00,42675099999,JABALPUR,23.2,79.95,36.2,1005.8,13.35
2009-04-13T09:00:00,42675099999,JABALPUR,23.2,79.95,38.6,1002.5,10.76
2009-04-13T12:00:00,42675099999,JABALPUR,23.2,79.95,38.0,1000.7,8.58
2009-04-13T15:00:00,42675099999,JABALPUR,23.2,79.95,29.6,1003.4,28.06
2009-04-13T18:00:00,42675099999,JABALPUR,23.2,79.95,26.2,1004.1,32.64
2009-04-13T21:00:00,42675099999,JABALPUR,23.2,79.95,23.6,1003.8,43.89
2009-04-14T00:00:00,42675099999,JABALPUR,23.2,79.95,22.4,1004.9,49.45
2009-04-14T03:00:00,42675099999,JABALPUR,23.2,79.95,29.4,1005.9,30.97
2009-04-14T06:00:00,42675099999,JABALPUR,23.2,79.95,37.6,1005.8,11.94
2009-04-14T09:00:00,42675099999,JABALPUR,23.2,79.95,39.0,1002.0,10.09
2009-04-14T12:00:00,42675099999,JABALPUR,23.2,79.95,39.6,1000.7,8.46
2009-04-14T18:00:00,42675099999,JABALPUR,23.2,79.95,28.0,1005.2,29.77
2009-04-14T21:00:00,42675099999,JABALPUR,23.2,79.95,24.2,1005.0,43.48
2009-04-15T00:00:00,42675099999,JABALPUR,23.2,79.95,23.2,1006.2,40.67
2009-04-15T03:00:00,42675099999,JABALPUR,23.2,79.95,30.8,1006.7,24.99
2009-04-15T06:00:00,42675099999,JABALPUR,23.2,79.95,38.8,1005.0,13.6
2009-04-15T09:00:00,42675099999,JABALPUR,23.2,79.95,40.4,1001.4,7.82
2009-04-15T12:00:00,42675099999,JABALPUR,23.2,79.95,39.6,1000.3,12.16
2009-04-15T15:00:00,42675099999,JABALPUR,23.2,79.95,31.4,1003.3,27.8
2009-04-15T18:00:00,42675099999,JABALPUR,23.2,79.95,33.2,1003.1,18.01
2009-04-15T21:00:00,42675099999,JABALPUR,23.2,79.95,29.6,1003.3,23.03
2009-04-16T00:00:00,42675099999,JABALPUR,23.2,79.95,24.8,1003.9,35.47
2009-04-16T03:00:00,42675099999,JABALPUR,23.2,79.95,31.0,1004.5,21.55
2009-04-16T06:00:00,42675099999,JABALPUR,23.2,79.95,38.0,1002.9,15.22
2009-04-16T12:00:00,42675099999,JABALPUR,23.2,79.95,40.2,997.3,12.97
2009-04-16T15:00:00,42675099999,JABALPUR,23.2,79.95,34.0,999.7,22.61
2009-04-16T18:00:00,42675099999,JABALPUR,23.2,79.95,32.4,1000.9,20.18
2009-04-16T21:00:00,42675099999,JABALPUR,23.2,79.95,30.6,1001.2,24.77
2009-04-17T00:00:00,42675099999,JABALPUR,23.2,79.95,28.2,1002.3,35.72
2009-04-17T03:00:00,42675099999,JABALPUR,23.2,79.95,32.4,1004.3,25.41
2009-04-17T06:00:00,42675099999,JABALPUR,23.2,79.95,36.6,1003.8,17.58
2009-04-17T09:00:00,42675099999,JABALPUR,23.2,79.95,38.2,1001.1,16.22
2009-04-17T12:00:00,42675099999,JABALPUR,23.2,79.95,38.4,1000.1,14.99
2009-04-17T15:00:00,42675099999,JABALPUR,23.2,79.95,32.6,1002.8,28.5
2009-04-17T18:00:00,42675099999,JABALPUR,23.2,79.95,29.0,1003.9,33.43
2009-04-17T21:00:00,42675099999,JABALPUR,23.2,79.95,25.6,1004.0,41.62
2009-04-18T00:00:00,42675099999,JABALPUR,23.2,79.95,26.0,1005.4,34.86
2009-04-18T03:00:00,42675099999,JABALPUR,23.2,79.95,30.6,1006.8,24.77
2009-04-18T06:00:00,42675099999,JABALPUR,23.2,79.95,35.4,1006.6,14.97
2009-04-18T09:00:00,42675099999,JABALPUR,23.2,79.95,38.4,1003.6,11.11
2009-04-18T12:00:00,42675099999,JABALPUR,23.2,79.95,38.6,1002.1,10.09
2009-04-18T18:00:00,42675099999,JABALPUR,23.2,79.95,25.2,1006.8,34.64
2009-04-19T00:00:00,42675099999,JABALPUR,23.2,79.95,22.4,1007.1,31.35
2009-04-19T03:00:00,42675099999,JABALPUR,23.2,79.95,29.4,1008.4,17.99
2009-04-19T06:00:00,42675099999,JABALPUR,23.2,79.95,37.8,1007.3,9.6
2009-04-19T09:00:00,42675099999,JABALPUR,23.2,79.95,40.4,1004.2,9.57
2009-04-19T12:00:00,42675099999,JABALPUR,23.2,79.95,39.8,1002.6,11.78
2009-04-19T15:00:00,42675099999,JABALPUR,23.2,79.95,30.0,1005.2,30.73
2009-04-19T18:00:00,42675099999,JABALPUR,23.2,79.95,29.0,1005.6,27.15
2009-04-19T21:00:00,42675099999,JABALPUR,23.2,79.95,25.0,1004.7,40.63
2009-04-20T00:00:00,42675099999,JABALPUR,23.2,79.95,25.8,1004.5,33.2
2009-04-20T03:00:00,42675099999,JABALPUR,23.2,79.95,30.4,1005.6,29.24
2009-04-20T06:00:00,42675099999,JABALPUR,23.2,79.95,39.4,1004.0,9.4
2009-04-20T09:00:00,42675099999,JABALPUR,23.2,79.95,41.8,999.9,6.41
2009-04-20T12:00:00,42675099999,JABALPUR,23.2,79.95,41.4,998.4,6.94
2009-04-20T15:00:00,42675099999,JABALPUR,23.2,79.95,34.0,1001.0,15.95
2009-04-20T18:00:00,42675099999,JABALPUR,23.2,79.95,30.4,1001.6,19.69
2009-04-20T21:00:00,42675099999,JABALPUR,23.2,79.95,30.6,1000.6,16.32
2009-04-21T00:00:00,42675099999,JABALPUR,23.2,79.95,28.2,1001.6,20.12
2009-04-21T03:00:00,42675099999,JABALPUR,23.2,79.95,32.2,1002.9,17.28
2009-04-21T06:00:00,42675099999,JABALPUR,23.2,79.95,38.2,1002.0,12.84
2009-04-21T09:00:00,42675099999,JABALPUR,23.2,79.95,40.6,999.7,10.45
2009-04-21T12:00:00,42675099999,JABALPUR,23.2,79.95,39.6,997.5,8.46
2009-04-21T15:00:00,42675099999,JABALPUR,23.2,79.95,34.4,1000.4,15.82
2009-04-21T18:00:00,42675099999,JABALPUR,23.2,79.95,31.8,1001.6,17.43
2009-04-21T21:00:00,42675099999,JABALPUR,23.2,79.95,29.4,1001.8,15.15
2009-04-22T00:00:00,42675099999,JABALPUR,23.2,79.95,27.0,1003.9,18.58
2009-04-22T03:00:00,42675099999,JABALPUR,23.2,79.95,30.4,1005.3,18.75
2009-04-22T06:00:00,42675099999,JABALPUR,23.2,79.95,36.8,1004.6,10.74
2009-04-22T09:00:00,42675099999,JABALPUR,23.2,79.95,39.0,1002.2,6.36
2009-04-22T15:00:00,42675099999,JABALPUR,23.2,79.95,30.6,1004.8,19.06
2009-04-22T18:00:00,42675099999,JABALPUR,23.2,79.95,27.8,1006.2,19.05
2009-04-22T21:00:00,42675099999,JABALPUR,23.2,79.95,24.6,1006.3,26.51
2009-04-23T00:00:00,42675099999,JABALPUR,23.2,79.95,23.2,1006.9,30.29
2009-04-23T03:00:00,42675099999,JABALPUR,23.2,79.95,28.4,1009.6,18.13
2009-04-23T06:00:00,42675099999,JABALPUR,23.2,79.95,35.8,1009.2,
2009-04-23T09:00:00,42675099999,JABALPUR,23.2,79.95,38.6,1005.7,4.53
2009-04-23T12:00:00,42675099999,JABALPUR,23.2,79.95,37.6,1004.4,6.04
2009-04-23T15:00:00,42675099999,JABALPUR,23.2,79.95,31.4,1007.1,16.74
2009-04-23T18:00:00,42675099999,JABALPUR,23.2,79.95,26.0,1008.6,21.03
2009-04-23T21:00:00,42675099999,JABALPUR,23.2,79.95,25.7,1008.2,20.65
2009-04-24T00:00:00,42675099999,JABALPUR,23.2,79.95,22.2,1008.1,34.97
2009-04-24T03:00:00,42675099999,JABALPUR,23.2,79.95,29.0,1009.3,12.53
2009-04-24T06:00:00,42675099999,JABALPUR,23.2,79.95,36.4,1008.2,6.06
2009-04-24T09:00:00,42675099999,JABALPUR,23.2,79.95,39.4,1005.5,4.59
2009-04-24T12:00:00,42675099999,JABALPUR,23.2,79.95,38.4,1004.4,5.44
2009-04-24T15:00:00,42675099999,JABALPUR,23.2,79.95,28.6,1007.1,27.6
2009-04-24T18:00:00,42675099999,JABALPUR,23.2,79.95,26.2,1008.6,31.55
2009-04-24T21:00:00,42675099999,JABALPUR,23.2,79.95,24.0,1008.0,29.06
2009-04-25T00:00:00,42675099999,JABALPUR,23.2,79.95,22.0,1008.9,33.26
2009-04-25T03:00:00,42675099999,JABALPUR,23.2,79.95,30.0,1009.8,23.78
2009-04-25T06:00:00,42675099999,JABALPUR,23.2,79.95,38.4,1008.1,7.3
2009-04-25T09:00:00,42675099999,JABALPUR,23.2,79.95,39.6,1005.5,5.46
2009-04-25T12:00:00,42675099999,JABALPUR,23.2,79.95,38.2,1004.1,10.84
2009-04-25T15:00:00,42675099999,JABALPUR,23.2,79.95,32.6,1007.3,14.57
2009-04-25T18:00:00,42675099999,JABALPUR,23.2,79.95,28.0,1009.3,24.58
2009-04-25T21:00:00,42675099999,JABALPUR,23.2,79.95,26.0,1008.3,26.52
2009-04-26T00:00:00,42675099999,JABALPUR,23.2,79.95,23.0,1009.3,34.96
2009-04-26T03:00:00,42675099999,JABALPUR,23.2,79.95,28.6,1011.5,23.42
2009-04-26T06:00:00,42675099999,JABALPUR,23.2,79.95,36.2,1009.4,6.37
2009-04-26T09:00:00,42675099999,JABALPUR,23.2,79.95,38.0,1006.7,7.91
2009-04-26T12:00:00,42675099999,JABALPUR,23.2,79.95,38.0,1003.8,7.91
2009-04-26T15:00:00,42675099999,JABALPUR,23.2,79.95,29.4,1008.0,20.85
2009-04-26T18:00:00,42675099999,JABALPUR,23.2,79.95,26.4,1009.2,21.74
2009-04-26T21:00:00,42675099999,JABALPUR,23.2,79.95,23.2,1008.9,34.07
2009-04-27T00:00:00,42675099999,JABALPUR,23.2,79.95,21.0,1009.2,44.66
2009-04-27T03:00:00,42675099999,JABALPUR,23.2,79.95,29.4,1009.7,17.99
2009-04-27T06:00:00,42675099999,JABALPUR,23.2,79.95,38.0,1008.3,9.23
2009-04-27T09:00:00,42675099999,JABALPUR,23.2,79.95,40.0,1005.5,6.65
2009-04-27T12:00:00,42675099999,JABALPUR,23.2,79.95,39.2,1003.8,8.84
2009-04-27T15:00:00,42675099999,JABALPUR,23.2,79.95,29.6,1005.9,24.17
2009-04-27T18:00:00,42675099999,JABALPUR,23.2,79.95,28.4,1006.9,20.03
2009-04-27T21:00:00,42675099999,JABALPUR,23.2,79.95,26.8,1006.3,21.38
2009-04-28T00:00:00,42675099999,JABALPUR,23.2,79.95,23.6,1006.8,34.66
2009-04-28T03:00:00,42675099999,JABALPUR,23.2,79.95,30.2,1008.1,20.2
2009-04-28T06:00:00,42675099999,JABALPUR,23.2,79.95,40.2,1006.2,11.13
2009-04-28T09:00:00,42675099999,JABALPUR,23.2,79.95,42.0,1003.3,5.59
2009-04-28T12:00:00,42675099999,JABALPUR,23.2,79.95,41.6,1001.5,8.36
2009-04-28T18:00:00,42675099999,JABALPUR,23.2,79.95,29.2,1006.0,30.51
2009-04-28T21:00:00,42675099999,JABALPUR,23.2,79.95,28.6,1005.5,21.39
2009-04-29T00:00:00,42675099999,JABALPUR,23.2,79.95,26.4,1006.0,29.13
2009-04-29T03:00:00,42675099999,JABALPUR,23.2,79.95,32.6,1007.0,20.51
2009-04-29T06:00:00,42675099999,JABALPUR,23.2,79.95,41.4,1005.5,9.2
2009-04-29T09:00:00,42675099999,JABALPUR,23.2,79.95,43.2,1002.6,8.25
2009-04-29T12:00:00,42675099999,JABALPUR,23.2,79.95,42.2,1001.2,10.3
2009-04-29T15:00:00,42675099999,JABALPUR,23.2,79.95,33.4,1004.6,22.46
2009-04-29T18:00:00,42675099999,JABALPUR,23.2,79.95,30.6,1005.6,29.49
2009-04-29T21:00:00,42675099999,JABALPUR,23.2,79.95,29.0,1005.2,29.25
2009-04-30T00:00:00,42675099999,JABALPUR,23.2,79.95,27.4,1005.0,31.25
2009-04-30T03:00:00,42675099999,JABALPUR,23.2,79.95,33.0,1006.6,26.26
2009-04-30T06:00:00,42675099999,JABALPUR,23.2,79.95,41.0,1004.4,13.4
2009-04-30T09:00:00,42675099999,JABALPUR,23.2,79.95,43.6,1001.2,9.84
2009-04-30T12:00:00,42675099999,JABALPUR,23.2,79.95,42.8,1000.4,10.48
2009-04-30T15:00:00,42675099999,JABALPUR,23.2,79.95,32.8,1003.0,33.39
2009-04-30T18:00:00,42675099999,JABALPUR,23.2,79.95,30.0,1004.5,36.93
2009-04-30T21:00:00,42675099999,JABALPUR,23.2,79.95,30.2,1003.4,25.0
2009-05-01T00:00:00,42675099999,JABALPUR,23.2,79.95,27.6,1004.1,29.26
2009-05-01T03:00:00,42675099999,JABALPUR,23.2,79.95,32.2,1005.9,21.56
2009-05-01T06:00:00,42675099999,JABALPUR,23.2,79.95,40.2,1004.3,16.12
2009-05-01T09:00:00,42675099999,JABALPUR,23.2,79.95,43.6,1001.3,11.45
2009-05-01T12:00:00,42675099999,JABALPUR,23.2,79.95,42.2,1000.3,14.89
2009-05-01T15:00:00,42675099999,JABALPUR,23.2,79.95,33.0,1003.0,34.76
2009-05-01T18:00:00,42675099999,JABALPUR,23.2,79.95,31.0,1004.2,40.45
2009-05-01T21:00:00,42675099999,JABALPUR,23.2,79.95,30.0,1004.1,33.71
2009-05-02T00:00:00,42675099999,JABALPUR,23.2,79.95,28.0,1006.1,29.77
2009-05-02T03:00:00,42675099999,JABALPUR,23.2,79.95,32.4,1008.1,24.57
2009-05-02T06:00:00,42675099999,JABALPUR,23.2,79.95,39.4,1006.4,19.09
2009-05-02T09:00:00,42675099999,JABALPUR,23.2,79.95,42.4,1003.0,13.97
2009-05-02T12:00:00,42675099999,JABALPUR,23.2,79.95,41.6,1001.5,16.0
2009-05-02T15:00:00,42675099999,JABALPUR,23.2,79.95,33.4,1004.4,33.34
2009-05-02T18:00:00,42675099999,JABALPUR,23.2,79.95,31.2,,36.32
2009-05-02T21:00:00,42675099999,JABALPUR,23.2,79.95,30.4,1004.8,32.3
2009-05-03T00:00:00,42675099999,JABALPUR,23.2,79.95,30.0,1005.6,25.63
2009-05-03T03:00:00,42675099999,JABALPUR,23.2,79.95,33.4,1007.3,20.85
2009-05-03T06:00:00,42675099999,JABALPUR,23.2,79.95,40.0,1005.3,14.63
2009-05-03T09:00:00,42675099999,JABALPUR,23.2,79.95,42.4,1002.5,11.7
2009-05-03T12:00:00,42675099999,JABALPUR,23.2,79.95,41.4,1000.1,13.3
2009-05-03T15:00:00,42675099999,JABALPUR,23.2,79.95,36.6,1002.1,11.34
2009-05-03T18:00:00,42675099999,JABALPUR,23.2,79.95,35.0,1003.8,24.43
2009-05-04T00:00:00,42675099999,JABALPUR,23.2,79.95,28.2,1004.2,56.02
2009-05-04T03:00:00,42675099999,JABALPUR,23.2,79.95,31.6,1005.9,44.09
2009-05-04T06:00:00,42675099999,JABALPUR,23.2,79.95,39.0,1004.6,16.62
2009-05-04T09:00:00,42675099999,JABALPUR,23.2,79.95,42.0,1001.1,8.3
2009-05-04T12:00:00,42675099999,JABALPUR,23.2,79.95,41.4,998.6,6.4
2009-05-04T15:00:00,42675099999,JABALPUR,23.2,79.95,35.4,1000.9,10.64
2009-05-04T18:00:00,42675099999,JABALPUR,23.2,79.95,34.0,1002.5,10.53
2009-05-04T21:00:00,42675099999,JABALPUR,23.2,79.95,32.2,1001.3,13.0
2009-05-05T03:00:00,42675099999,JABALPUR,23.2,79.95,32.4,1006.3,25.41
2009-05-05T06:00:00,42675099999,JABALPUR,23.2,79.95,38.4,1005.5,15.73
2009-05-05T09:00:00,42675099999,JABALPUR,23.2,79.95,39.8,1003.0,11.78
2009-05-05T12:00:00,42675099999,JABALPUR,23.2,79.95,40.4,1001.7,11.98
2009-05-05T15:00:00,42675099999,JABALPUR,23.2,79.95,34.0,1004.1,20.86
2009-05-05T18:00:00,42675099999,JABALPUR,23.2,79.95,32.6,1005.5,17.01
2009-05-05T21:00:00,42675099999,JABALPUR,23.2,79.95,32.0,1004.6,20.36
2009-05-06T00:00:00,42675099999,JABALPUR,23.2,79.95,29.4,1005.7,22.82
2009-05-06T03:00:00,42675099999,JABALPUR,23.2,79.95,32.2,1008.1,19.86
2009-05-06T09:00:00,42675099999,JABALPUR,23.2,79.95,40.6,1003.8,11.69
2009-05-06T12:00:00,42675099999,JABALPUR,23.2,79.95,39.0,1003.0,11.31
2009-05-06T15:00:00,42675099999,JABALPUR,23.2,79.95,34.4,1004.9,12.89
2009-05-06T18:00:00,42675099999,JABALPUR,23.2,79.95,31.6,1006.3,13.94
2009-05-06T21:00:00,42675099999,JABALPUR,23.2,79.95,28.6,1005.7,26.5
2009-05-07T00:00:00,42675099999,JABALPUR,23.2,79.95,27.0,1006.2,27.17
2009-05-07T03:00:00,42675099999,JABALPUR,23.2,79.95,33.6,1007.0,17.01
2009-05-07T06:00:00,42675099999,JABALPUR,23.2,79.95,37.4,1006.0,12.77
2009-05-07T09:00:00,42675099999,JABALPUR,23.2,79.95,39.2,1003.4,9.1
2009-05-07T12:00:00,42675099999,JABALPUR,23.2,79.95,39.0,1002.0,12.64
2009-05-07T15:00:00,42675099999,JABALPUR,23.2,79.95,34.4,1003.7,19.06
2009-05-07T18:00:00,42675099999,JABALPUR,23.2,79.95,30.4,1004.7,24.38
2009-05-07T21:00:00,42675099999,JABALPUR,23.2,79.95,28.2,1004.8,32.33
2009-05-08T00:00:00,42675099999,JABALPUR,23.2,79.95,25.6,1004.4,35.46
2009-05-08T03:00:00,42675099999,JABALPUR,23.2,79.95,32.0,1006.1,23.98
2009-05-08T06:00:00,42675099999,JABALPUR,23.2,79.95,38.8,1004.6,11.67
2009-05-08T09:00:00,42675099999,JABALPUR,23.2,79.95,41.0,1001.7,10.97
2009-05-08T12:00:00,42675099999,JABALPUR,23.2,79.95,40.4,999.9,10.2
2009-05-08T15:00:00,42675099999,JABALPUR,23.2,79.95,33.4,1002.6,24.18
2009-05-08T18:00:00,42675099999,JABALPUR,23.2,79.95,32.6,1003.0,23.02
2009-05-08T21:00:00,42675099999,JABALPUR,23.2,79.95,28.0,1003.2,36.38
2009-05-09T00:00:00,42675099999,JABALPUR,23.2,79.95,28.0,1003.2,36.38
2009-05-09T03:00:00,42675099999,JABALPUR,23.2,79.95,33.0,1004.9,16.06
2009-05-09T06:00:00,42675099999,JABALPUR,23.2,79.95,39.8,1003.0,11.78
2009-05-09T09:00:00,42675099999,JABALPUR,23.2,79.95,42.0,999.6,8.3
2009-05-09T12:00:00,42675099999,JABALPUR,23.2,79.95,41.4,997.5,9.2
2009-05-09T15:00:00,42675099999,JABALPUR,23.2,79.95,36.0,1000.2,17.44
2009-05-09T18:00:00,42675099999,JABALPUR,23.2,79.95,34.0,1001.6,15.95
2009-05-09T21:00:00,42675099999,JABALPUR,23.2,79.95,31.2,1000.5,20.02
2009-05-10T00:00:00,42675099999,JABALPUR,23.2,79.95,29.0,1002.0,21.19
2009-05-10T03:00:00,42675099999,JABALPUR,23.2,79.95,32.6,1003.1,16.2
2009-05-10T06:00:00,42675099999,JABALPUR,23.2,79.95,40.4,1001.7,10.79
2009-05-10T09:00:00,42675099999,JABALPUR,23.2,79.95,42.4,998.7,8.85
2009-05-10T12:00:00,42675099999,JABALPUR,23.2,79.95,41.2,997.3,8.35
2009-05-10T15:00:00,42675099999,JABALPUR,23.2,79.95,36.4,999.4,12.93
2009-05-10T18:00:00,42675099999,JABALPUR,23.2,79.95,33.4,1000.9,15.06
2009-05-10T21:00:00,42675099999,JABALPUR,23.2,79.95,31.8,999.8,14.81
2009-05-11T00:00:00,42675099999,JABALPUR,23.2,79.95,29.4,1001.8,19.86
2009-05-11T03:00:00,42675099999,JABALPUR,23.2,79.95,33.0,1003.3,20.19
2009-05-11T06:00:00,42675099999,JABALPUR,23.2,79.95,38.8,1002.4,19.72
2009-05-11T09:00:00,42675099999,JABALPUR,23.2,79.95,41.2,999.2,14.88
2009-05-11T12:00:00,42675099999,JABALPUR,23.2,79.95,40.6,997.2,10.45
2009-05-11T15:00:00,42675099999,JABALPUR,23.2,79.95,36.6,998.7,16.76
2009-05-11T18:00:00,42675099999,JABALPUR,23.2,79.95,34.4,999.8,19.06
2009-05-11T21:00:00,42675099999,JABALPUR,23.2,79.95,32.0,1000.7,22.26
2009-05-12T00:00:00,42675099999,JABALPUR,23.2,79.95,30.6,1001.2,28.53
2009-05-12T03:00:00,42675099999,JABALPUR,23.2,79.95,30.6,1001.2,28.53
2009-05-12T06:00:00,42675099999,JABALPUR,23.2,79.95,38.6,1001.1,22.29
2009-05-12T09:00:00,42675099999,JABALPUR,23.2,79.95,41.4,998.4,8.63
2009-05-12T12:00:00,42675099999,JABALPUR,23.2,79.95,40.6,997.3,11.05
2009-05-12T15:00:00,42675099999,JABALPUR,23.2,79.95,35.0,999.6,19.07
2009-05-12T18:00:00,42675099999,JABALPUR,23.2,79.95,32.2,1001.2,30.72
2009-05-12T21:00:00,42675099999,JABALPUR,23.2,79.95,30.0,1001.1,49.23
2009-05-13T00:00:00,42675099999,JABALPUR,23.2,79.95,28.0,1002.6,57.03
2009-05-13T03:00:00,42675099999,JABALPUR,23.2,79.95,30.4,1003.3,47.22
2009-05-13T06:00:00,42675099999,JABALPUR,23.2,79.95,37.4,1001.1,20.86
2009-05-13T09:00:00,42675099999,JABALPUR,23.2,79.95,40.4,997.9,13.28
2009-05-13T12:00:00,42675099999,JABALPUR,23.2,79.95,40.2,995.9,14.28
2009-05-13T15:00:00,42675099999,JABALPUR,23.2,79.95,35.0,,23.96
2009-05-13T18:00:00,42675099999,JABALPUR,23.2,79.95,31.2,1000.1,32.31
2009-05-13T21:00:00,42675099999,JABALPUR,23.2,79.95,29.6,999.7,40.84
2009-05-14T00:00:00,42675099999,JABALPUR,23.2,79.95,28.6,1000.3,37.27
2009-05-14T03:00:00,42675099999,JABALPUR,23.2,79.95,31.8,1001.4,34.2
2009-05-14T06:00:00,42675099999,JABALPUR,23.2,79.95,38.0,999.6,23.78
2009-05-14T15:00:00,42675099999,JABALPUR,23.2,79.95,31.8,1000.0,31.22
2009-05-14T18:00:00,42675099999,JABALPUR,23.2,79.95,28.4,1000.0,45.8
2009-05-14T21:00:00,42675099999,JABALPUR,23.2,79.95,27.4,999.7,47.62
2009-05-15T00:00:00,42675099999,JABALPUR,23.2,79.95,26.0,1000.9,56.55
2009-05-15T03:00:00,42675099999,JABALPUR,23.2,79.95,30.4,1002.8,41.86
2009-05-15T06:00:00,42675099999,JABALPUR,23.2,79.95,36.8,1001.0,28.7
2009-05-15T09:00:00,42675099999,JABALPUR,23.2,79.95,40.4,998.4,23.78
2009-05-15T12:00:00,42675099999,JABALPUR,23.2,79.95,35.0,998.2,36.9
2009-05-15T15:00:00,42675099999,JABALPUR,23.2,79.95,30.8,1000.1,34.82
2009-05-15T18:00:00,42675099999,JABALPUR,23.2,79.95,30.2,1001.8,37.23
2009-05-15T21:00:00,42675099999,JABALPUR,23.2,79.95,29.4,1001.7,40.53
2009-05-16T00:00:00,42675099999,JABALPUR,23.2,79.95,27.4,1001.7,48.86
2009-05-16T03:00:00,42675099999,JABALPUR,23.2,79.95,30.8,1002.6,43.32
2009-05-16T06:00:00,42675099999,JABALPUR,23.2,79.95,36.6,1002.8,26.01
2009-05-16T09:00:00,42675099999,JABALPUR,23.2,79.95,40.4,1000.1,20.37
2009-05-16T12:00:00,42675099999,JABALPUR,23.2,79.95,40.4,998.0,20.37
2009-05-16T15:00:00,42675099999,JABALPUR,23.2,79.95,35.6,1000.5,35.03
2009-05-16T18:00:00,42675099999,JABALPUR,23.2,79.95,33.0,1002.0,39.47
2009-05-16T21:00:00,42675099999,JABALPUR,23.2,79.95,30.8,1001.6,37.88
2009-05-17T00:00:00,42675099999,JABALPUR,23.2,79.95,29.4,1002.8,44.06
2009-05-17T03:00:00,42675099999,JABALPUR,23.2,79.95,33.0,1004.2,34.76
2009-05-17T06:00:00,42675099999,JABALPUR,23.2,79.95,39.4,1002.9,25.57
2009-05-17T09:00:00,42675099999,JABALPUR,23.2,79.95,42.4,999.8,
2009-05-17T12:00:00,42675099999,JABALPUR,23.2,79.95,30.4,1001.2,53.16
2009-05-17T15:00:00,42675099999,JABALPUR,23.2,79.95,32.6,1001.3,36.24
2009-05-17T18:00:00,42675099999,JABALPUR,23.2,79.95,29.2,1004.0,55.57
2009-05-17T21:00:00,42675099999,JABALPUR,23.2,79.95,28.0,1003.9,55.62
2009-05-18T00:00:00,42675099999,JABALPUR,23.2,79.95,26.8,1004.5,58.93
2009-05-18T03:00:00,42675099999,JABALPUR,23.2,79.95,29.4,1005.2,53.25
2009-05-18T06:00:00,42675099999,JABALPUR,23.2,79.95,35.4,1003.9,34.75
2009-05-18T09:00:00,42675099999,JABALPUR,23.2,79.95,40.4,1000.3,21.73
2009-05-18T12:00:00,42675099999,JABALPUR,23.2,79.95,40.0,998.8,24.76
2009-05-18T15:00:00,42675099999,JABALPUR,23.2,79.95,36.6,1000.7,33.36
2009-05-18T18:00:00,42675099999,JABALPUR,23.2,79.95,33.4,1002.0,40.09
2009-05-18T21:00:00,42675099999,JABALPUR,23.2,79.95,31.6,1001.4,43.27
2009-05-19T00:00:00,42675099999,JABALPUR,23.2,79.95,30.0,1001.9,48.01
2009-05-19T03:00:00,42675099999,JABALPUR,23.2,79.95,32.8,1004.4,42.25
2009-05-19T06:00:00,42675099999,JABALPUR,23.2,79.95,39.6,1002.4,22.83
2009-05-19T09:00:00,42675099999,JABALPUR,23.2,79.95,42.6,999.2,17.21
2009-05-19T12:00:00,42675099999,JABALPUR,23.2,79.95,40.2,997.4,16.12
2009-05-19T15:00:00,42675099999,JABALPUR,23.2,79.95,34.6,1000.0,31.18
2009-05-19T18:00:00,42675099999,JABALPUR,23.2,79.95,32.0,1001.7,39.45
2009-05-19T21:00:00,42675099999,JABALPUR,23.2,79.95,30.0,1001.4,48.01
2009-05-20T00:00:00,42675099999,JABALPUR,23.2,79.95,26.4,1001.9,62.25
2009-05-20T03:00:00,42675099999,JABALPUR,23.2,79.95,30.4,1004.0,49.65
2009-05-20T06:00:00,42675099999,JABALPUR,23.2,79.95,36.8,1002.0,34.48
2009-05-20T09:00:00,42675099999,JABALPUR,23.2,79.95,40.6,998.5,25.4
2009-05-20T12:00:00,42675099999,JABALPUR,23.2,79.95,40.2,996.3,22.25
2009-05-20T15:00:00,42675099999,JABALPUR,23.2,79.95,35.6,999.0,30.66
2009-05-20T18:00:00,42675099999,JABALPUR,23.2,79.95,33.2,1000.6,32.02
2009-05-20T21:00:00,42675099999,JABALPUR,23.2,79.95,31.6,1000.5,41.13
2009-05-21T00:00:00,42675099999,JABALPUR,23.2,79.95,30.4,1000.8,47.22
2009-05-21T06:00:00,42675099999,JABALPUR,23.2,79.95,38.6,1000.9,27.56
2009-05-21T09:00:00,42675099999,JABALPUR,23.2,79.95,42.0,997.8,20.89
2009-05-21T12:00:00,42675099999,JABALPUR,23.2,79.95,36.0,997.4,38.11
2009-05-21T15:00:00,42675099999,JABALPUR,23.2,79.95,34.0,998.5,33.08
2009-05-21T18:00:00,42675099999,JABALPUR,23.2,79.95,31.4,1001.2,46.02
2009-05-21T21:00:00,42675099999,JABALPUR,23.2,79.95,30.0,999.3,51.44
2009-05-22T00:00:00,42675099999,JABALPUR,23.2,79.95,28.4,1000.3,57.49
2009-05-22T03:00:00,42675099999,JABALPUR,23.2,79.95,32.4,1001.7,41.88
2009-05-22T06:00:00,42675099999,JABALPUR,23.2,79.95,38.6,1000.5,26.87
2009-05-22T09:00:00,42675099999,JABALPUR,23.2,79.95,41.4,997.1,18.33
2009-05-22T12:00:00,42675099999,JABALPUR,23.2,79.95,41.2,995.1,13.72
2009-05-22T15:00:00,42675099999,JABALPUR,23.2,79.95,37.4,998.3,22.28
2009-05-23T00:00:00,42675099999,JABALPUR,23.2,79.95,31.4,998.8,44.04
2009-05-23T03:00:00,42675099999,JABALPUR,23.2,79.95,34.0,1000.1,44.74
2009-05-23T06:00:00,42675099999,JABALPUR,23.2,79.95,39.8,998.1,21.03
2009-05-23T09:00:00,42675099999,JABALPUR,23.2,79.95,41.8,994.9,16.92
2009-05-23T12:00:00,42675099999,JABALPUR,23.2,79.95,37.4,995.0,21.56
2009-05-23T15:00:00,42675099999,JABALPUR,23.2,79.95,34.0,996.3,31.22
2009-05-23T18:00:00,42675099999,JABALPUR,23.2,79.95,32.6,998.9,34.2
2009-05-23T21:00:00,42675099999,JABALPUR,23.2,79.95,29.0,999.9,50.54
2009-05-24T00:00:00,42675099999,JABALPUR,23.2,79.95,27.4,999.1,60.18
2009-05-24T03:00:00,42675099999,JABALPUR,23.2,79.95,31.6,999.8,47.53
2009-05-24T06:00:00,42675099999,JABALPUR,23.2,79.95,35.6,998.5,36.83
2009-05-24T09:00:00,42675099999,JABALPUR,23.2,79.95,38.4,995.1,25.15
2009-05-24T12:00:00,42675099999,JABALPUR,23.2,79.95,38.6,992.8,23.78
2009-05-24T15:00:00,42675099999,JABALPUR,23.2,79.95,34.6,995.0,31.99
2009-05-24T18:00:00,42675099999,JABALPUR,23.2,79.95,31.4,996.7,37.8
2009-05-24T21:00:00,42675099999,JABALPUR,23.2,79.95,30.0,996.6,41.22
2009-05-25T00:00:00,42675099999,JABALPUR,23.2,79.95,27.8,,55.57
2009-05-25T03:00:00,42675099999,JABALPUR,23.2,79.95,31.2,997.3,44.82
2009-05-25T06:00:00,42675099999,JABALPUR,23.2,79.95,37.6,995.7,28.01
2009-05-25T09:00:00,42675099999,JABALPUR,23.2,79.95,38.8,993.3,21.91
2009-05-25T12:00:00,42675099999,JABALPUR,23.2,79.95,36.2,992.3,23.95
2009-05-25T15:00:00,42675099999,JABALPUR,23.2,79.95,32.6,995.1,28.5
2009-05-25T18:00:00,42675099999,JABALPUR,23.2,79.95,29.4,996.8,42.94
2009-05-25T21:00:00,42675099999,JABALPUR,23.2,79.95,28.0,993.7,45.98
2009-05-26T00:00:00,42675099999,JABALPUR,23.2,79.95,27.0,996.6,49.7
2009-05-26T03:00:00,42675099999,JABALPUR,23.2,79.95,31.0,997.4,36.26
2009-05-26T06:00:00,42675099999,JABALPUR,23.2,79.95,37.8,995.4,24.36
2009-05-26T09:00:00,42675099999,JABALPUR,23.2,79.95,41.0,993.1,12.78
2009-05-26T12:00:00,42675099999,JABALPUR,23.2,79.95,41.0,992.6,10.97
2009-05-26T15:00:00,42675099999,JABALPUR,23.2,79.95,36.0,995.9,22.08
2009-05-26T18:00:00,42675099999,JABALPUR,23.2,79.95,32.0,998.5,25.82
2009-05-27T00:00:00,42675099999,JABALPUR,23.2,79.95,27.2,1000.3,38.88
2009-05-27T03:00:00,42675099999,JABALPUR,23.2,79.95,34.2,1001.0,26.23
2009-05-27T06:00:00,42675099999,JABALPUR,23.2,79.95,39.2,999.8,16.89
2009-05-27T09:00:00,42675099999,JABALPUR,23.2,79.95,42.0,997.0,14.07
2009-05-27T12:00:00,42675099999,JABALPUR,23.2,79.95,42.0,995.1,14.07
2009-05-27T15:00:00,42675099999,JABALPUR,23.2,79.95,36.4,997.7,22.62
2009-05-27T18:00:00,42675099999,JABALPUR,23.2,79.95,34.2,998.6,27.1
2009-05-27T21:00:00,42675099999,JABALPUR,23.2,79.95,33.4,998.0,26.89
2009-05-28T00:00:00,42675099999,JABALPUR,23.2,79.95,31.4,999.0,30.71
2009-05-28T03:00:00,42675099999,JABALPUR,23.2,79.95,34.8,1000.4,24.54
2009-05-28T06:00:00,42675099999,JABALPUR,23.2,79.95,41.0,999.4,15.87
2009-05-28T09:00:00,42675099999,JABALPUR,23.2,79.95,43.4,997.0,13.43
2009-05-28T12:00:00,42675099999,JABALPUR,23.2,79.95,40.8,996.0,16.25
2009-05-28T15:00:00,42675099999,JABALPUR,23.2,79.95,38.4,997.6,19.24
2009-05-28T18:00:00,42675099999,JABALPUR,23.2,79.95,34.0,998.7,36.86
2009-05-28T21:00:00,42675099999,JABALPUR,23.2,79.95,34.0,998.4,26.0
2009-05-29T00:00:00,42675099999,JABALPUR,23.2,79.95,31.6,999.4,29.96
2009-05-29T03:00:00,42675099999,JABALPUR,23.2,79.95,32.4,1002.5,39.81
2009-05-29T06:00:00,42675099999,JABALPUR,23.2,79.95,34.8,1001.8,36.84
2009-05-29T09:00:00,42675099999,JABALPUR,23.2,79.95,39.8,998.7,21.03
2009-05-29T12:00:00,42675099999,JABALPUR,23.2,79.95,39.4,995.8,24.77
2009-05-29T15:00:00,42675099999,JABALPUR,23.2,79.95,32.4,1000.0,33.93
2009-05-29T18:00:00,42675099999,JABALPUR,23.2,79.95,32.2,1000.0,34.76
2009-05-29T21:00:00,42675099999,JABALPUR,23.2,79.95,31.0,999.6,37.21
2009-05-30T00:00:00,42675099999,JABALPUR,23.2,79.95,30.0,1000.3,40.17
2009-05-30T03:00:00,42675099999,JABALPUR,23.2,79.95,32.0,1001.3,40.47
2009-05-30T06:00:00,42675099999,JABALPUR,23.2,79.95,36.6,1000.2,31.72
2009-05-30T09:00:00,42675099999,JABALPUR,23.2,79.95,39.4,997.0,20.53
2009-05-30T12:00:00,42675099999,JABALPUR,23.2,79.95,40.0,995.2,19.88
2009-05-30T15:00:00,42675099999,JABALPUR,23.2,79.95,28.0,,55.62
2009-05-30T18:00:00,42675099999,JABALPUR,23.2,79.95,28.4,1000.7,56.07
2009-05-30T21:00:00,42675099999,JABALPUR,23.2,79.95,25.0,1001.0,78.98
2009-05-31T00:00:00,42675099999,JABALPUR,23.2,79.95,25.0,1001.6,78.98
2009-05-31T03:00:00,42675099999,JABALPUR,23.2,79.95,27.8,1002.9,63.34
2009-05-31T06:00:00,42675099999,JABALPUR,23.2,79.95,35.2,1001.1,31.74
2009-05-31T09:00:00,42675099999,JABALPUR,23.2,79.95,38.4,998.9,22.09
2009-05-31T12:00:00,42675099999,JABALPUR,23.2,79.95,38.0,997.7,21.57
2009-05-31T15:00:00,42675099999,JABALPUR,23.2,79.95,33.8,999.2,34.75
2009-05-31T18:00:00,42675099999,JABALPUR,23.2,79.95,30.6,1001.2,46.39
2009-05-31T21:00:00,42675099999,JABALPUR,23.2,79.95,28.4,1000.8,57.49
2009-06-01T00:00:00,42675099999,JABALPUR,23.2,79.95,27.0,1001.5,58.61
2009-06-01T03:00:00,42675099999,JABALPUR,23.2,79.95,30.8,1002.7,48.83
2009-06-01T06:00:00,42675099999,JABALPUR,23.2,79.95,37.2,1001.1,27.54
2009-06-01T09:00:00,42675099999,JABALPUR,23.2,79.95,39.0,997.0,24.35
2009-06-01T12:00:00,42675099999,JABALPUR,23.2,79.95,29.6,998.5,48.82
2009-06-01T15:00:00,42675099999,JABALPUR,23.2,79.95,30.2,999.9,43.71
2009-06-01T18:00:00,42675099999,JABALPUR,23.2,79.95,28.4,1001.6,45.21
2009-06-02T00:00:00,42675099999,JABALPUR,23.2,79.95,26.6,1002.6,62.3
2009-06-02T03:00:00,42675099999,JABALPUR,23.2,79.95,30.6,1003.6,49.7
2009-06-02T06:00:00,42675099999,JABALPUR,23.2,79.95,36.2,1001.9,37.46
2009-06-02T09:00:00,42675099999,JABALPUR,23.2,79.95,39.6,998.8,22.83
2009-06-02T12:00:00,42675099999,JABALPUR,23.2,79.95,39.4,997.3,23.38
2009-06-02T15:00:00,42675099999,JABALPUR,23.2,79.95,36.2,998.9,33.04
2009-06-02T18:00:00,42675099999,JABALPUR,23.2,79.95,33.6,1000.0,37.21
2009-06-02T21:00:00,42675099999,JABALPUR,23.2,79.95,32.2,,39.76
2009-06-03T00:00:00,42675099999,JABALPUR,23.2,79.95,30.4,1001.8,47.22
2009-06-03T06:00:00,42675099999,JABALPUR,23.2,79.95,37.4,1001.8,31.34
2009-06-03T09:00:00,42675099999,JABALPUR,23.2,79.95,40.6,998.5,21.23
2009-06-03T12:00:00,42675099999,JABALPUR,23.2,79.95,40.4,996.9,23.18
2009-06-03T15:00:00,42675099999,JABALPUR,23.2,79.95,37.6,998.5,30.42
2009-06-03T18:00:00,42675099999,JABALPUR,23.2,79.95,35.0,999.6,35.08
2009-06-03T21:00:00,42675099999,JABALPUR,23.2,79.95,32.6,998.9,37.18
2009-06-04T00:00:00,42675099999,JABALPUR,23.2,79.95,31.6,1000.2,43.27
2009-06-04T03:00:00,42675099999,JABALPUR,23.2,79.95,34.6,1001.2,41.17
2009-06-04T06:00:00,42675099999,JABALPUR,23.2,79.95,38.6,999.3,32.26
2009-06-04T09:00:00,42675099999,JABALPUR,23.2,79.95,40.8,995.8,24.97
2009-06-04T12:00:00,42675099999,JABALPUR,23.2,79.95,40.4,993.8,21.73
2009-06-04T15:00:00,42675099999,JABALPUR,23.2,79.95,35.4,995.5,37.47
2009-06-04T18:00:00,42675099999,JABALPUR,23.2,79.95,34.4,998.8,41.12
2009-06-04T21:00:00,42675099999,JABALPUR,23.2,79.95,33.2,995.9,41.83
2009-06-05T00:00:00,42675099999,JABALPUR,23.2,79.95,31.4,999.3,46.02
2009-06-05T03:00:00,42675099999,JABALPUR,23.2,79.95,30.4,999.3,55.52
2009-06-05T06:00:00,42675099999,JABALPUR,23.2,79.95,37.4,997.3,29.42
2009-06-05T09:00:00,42675099999,JABALPUR,23.2,79.95,40.2,994.4,19.28
2009-06-05T12:00:00,42675099999,JABALPUR,23.2,79.95,40.4,998.1,19.71
2009-06-05T15:00:00,42675099999,JABALPUR,23.2,79.95,34.4,994.5,34.48
2009-06-05T18:00:00,42675099999,JABALPUR,23.2,79.95,33.6,995.9,36.28
2009-06-06T00:00:00,42675099999,JABALPUR,23.2,79.95,30.4,995.6,45.18
2009-06-06T03:00:00,42675099999,JABALPUR,23.2,79.95,33.4,996.5,38.11
2009-06-06T12:00:00,42675099999,JABALPUR,23.2,79.95,40.2,992.3,18.17
2009-06-06T15:00:00,42675099999,JABALPUR,23.2,79.95,33.2,995.5,40.79
2009-06-06T18:00:00,42675099999,JABALPUR,23.2,79.95,31.6,997.5,42.19
2009-06-06T21:00:00,42675099999,JABALPUR,23.2,79.95,30.4,996.5,48.42
2009-06-07T00:00:00,42675099999,JABALPUR,23.2,79.95,30.2,996.5,47.16
2009-06-07T03:00:00,42675099999,JABALPUR,23.2,79.95,34.2,996.9,31.47
2009-06-07T06:00:00,42675099999,JABALPUR,23.2,79.95,39.4,995.7,17.75
2009-06-07T09:00:00,42675099999,JABALPUR,23.2,79.95,42.0,993.5,11.71
2009-06-07T12:00:00,42675099999,JABALPUR,23.2,79.95,42.0,992.2,8.3
2009-06-07T15:00:00,42675099999,JABALPUR,23.2,79.95,34.4,994.9,24.77
2009-06-07T18:00:00,42675099999,JABALPUR,23.2,79.95,34.0,996.3,22.61
2009-06-07T21:00:00,42675099999,JABALPUR,23.2,79.95,32.4,996.5,27.34
2009-06-08T00:00:00,42675099999,JABALPUR,23.2,79.95,29.6,997.8,32.29
2009-06-08T03:00:00,42675099999,JABALPUR,23.2,79.95,33.2,999.1,28.48
2009-06-08T06:00:00,42675099999,JABALPUR,23.2,79.95,38.8,998.3,13.6
2009-06-08T09:00:00,42675099999,JABALPUR,23.2,79.95,42.0,996.6,7.78
2009-06-08T12:00:00,42675099999,JABALPUR,23.2,79.95,41.4,995.4,11.52
2009-06-08T15:00:00,42675099999,JABALPUR,23.2,79.95,35.4,998.0,22.07
2009-06-08T18:00:00,42675099999,JABALPUR,23.2,79.95,35.0,999.4,27.14
2009-06-08T21:00:00,42675099999,JABALPUR,23.2,79.95,32.4,999.2,29.21
2009-06-09T00:00:00,42675099999,JABALPUR,23.2,79.95,30.6,1000.5,33.65
2009-06-09T03:00:00,42675099999,JABALPUR,23.2,79.95,34.4,1001.7,26.45
2009-06-09T06:00:00,42675099999,JABALPUR,23.2,79.95,40.2,1000.3,14.28
2009-06-09T09:00:00,42675099999,JABALPUR,23.2,79.95,42.6,998.3,9.14
2009-06-09T15:00:00,42675099999,JABALPUR,23.2,79.95,37.4,999.5,20.86
2009-06-09T18:00:00,42675099999,JABALPUR,23.2,79.95,34.4,1000.8,28.24
2009-06-09T21:00:00,42675099999,JABALPUR,23.2,79.95,33.0,1000.2,29.95
2009-06-10T00:00:00,42675099999,JABALPUR,23.2,79.95,31.0,1001.3,37.21
2009-06-10T03:00:00,42675099999,JABALPUR,23.2,79.95,35.4,1002.4,28.69
2009-06-10T06:00:00,42675099999,JABALPUR,23.2,79.95,40.0,1001.4,20.54
2009-06-10T09:00:00,42675099999,JABALPUR,23.2,79.95,42.4,998.9,17.62
2009-06-10T12:00:00,42675099999,JABALPUR,23.2,79.95,42.4,997.3,17.05
2009-06-10T15:00:00,42675099999,JABALPUR,23.2,79.95,37.2,999.2,27.54
2009-06-10T18:00:00,42675099999,JABALPUR,23.2,79.95,33.0,1000.2,37.52
2009-06-10T21:00:00,42675099999,JABALPUR,23.2,79.95,34.8,999.6,28.72
2009-06-11T00:00:00,42675099999,JABALPUR,23.2,79.95,34.4,1000.7,31.73
2009-06-11T03:00:00,42675099999,JABALPUR,23.2,79.95,34.6,1001.8,30.19
2009-06-11T12:00:00,42675099999,JABALPUR,23.2,79.95,36.8,1007.7,33.63
2009-06-11T15:00:00,42675099999,JABALPUR,23.2,79.95,35.6,,33.09
2009-06-11T18:00:00,42675099999,JABALPUR,23.2,79.95,33.0,1001.6,39.47
2009-06-11T21:00:00,42675099999,JABALPUR,23.2,79.95,32.0,1000.0,40.47
2009-06-12T00:00:00,42675099999,JABALPUR,23.2,79.95,31.4,1000.6,40.82
2009-06-12T03:00:00,42675099999,JABALPUR,23.2,79.95,34.8,1001.7,38.74
2009-06-12T06:00:00,42675099999,JABALPUR,23.2,79.95,39.2,1000.7,26.86
2009-06-12T09:00:00,42675099999,JABALPUR,23.2,79.95,41.0,997.9,25.18
2009-06-12T12:00:00,42675099999,JABALPUR,23.2,79.95,28.4,997.7,63.86
2009-06-12T15:00:00,42675099999,JABALPUR,23.2,79.95,30.4,1001.8,56.55
2009-06-12T18:00:00,42675099999,JABALPUR,23.2,79.95,30.6,1002.8,47.57
2009-06-12T21:00:00,42675099999,JABALPUR,23.2,79.95,30.0,1002.2,46.81
2009-06-13T00:00:00,42675099999,JABALPUR,23.2,79.95,28.2,1003.0,62.27
2009-06-13T03:00:00,42675099999,JABALPUR,23.2,79.95,32.0,1004.6,45.61
2009-06-13T06:00:00,42675099999,JABALPUR,23.2,79.95,35.4,1004.0,42.95
2009-06-13T09:00:00,42675099999,JABALPUR,23.2,79.95,39.6,1000.7,33.34
2009-06-13T12:00:00,42675099999,JABALPUR,23.2,79.95,36.2,999.7,31.21
2009-06-13T15:00:00,42675099999,JABALPUR,23.2,79.95,31.6,1002.8,49.04
2009-06-13T18:00:00,42675099999,JABALPUR,23.2,79.95,30.4,1004.2,56.55
2009-06-14T00:00:00,42675099999,JABALPUR,23.2,79.95,28.4,1003.8,63.86
2009-06-14T03:00:00,42675099999,JABALPUR,23.2,79.95,31.2,1004.6,49.24
2009-06-14T06:00:00,42675099999,JABALPUR,23.2,79.95,37.4,1003.8,33.58
2009-06-14T09:00:00,42675099999,JABALPUR,23.2,79.95,40.0,1001.3,26.22
2009-06-14T12:00:00,42675099999,JABALPUR,23.2,79.95,37.0,999.4,30.45
2009-06-14T15:00:00,42675099999,JABALPUR,23.2,79.95,34.6,1001.8,38.44
2009-06-14T18:00:00,42675099999,JABALPUR,23.2,79.95,31.4,1002.2,47.19
2009-06-14T21:00:00,42675099999,JABALPUR,23.2,79.95,30.0,1001.3,52.74
2009-06-15T00:00:00,42675099999,JABALPUR,23.2,79.95,29.0,1002.5,55.52
2009-06-15T03:00:00,42675099999,JABALPUR,23.2,79.95,32.0,1003.7,46.76
2009-06-15T06:00:00,42675099999,JABALPUR,23.2,79.95,36.4,1003.0,32.27
2009-06-15T09:00:00,42675099999,JABALPUR,23.2,79.95,39.0,999.8,22.1
2009-06-15T12:00:00,42675099999,JABALPUR,23.2,79.95,39.8,997.9,23.18
2009-06-15T18:00:00,42675099999,JABALPUR,23.2,79.95,32.0,1001.2,39.45
2009-06-15T21:00:00,42675099999,JABALPUR,23.2,79.95,29.0,1000.8,51.83
2009-06-16T00:00:00,42675099999,JABALPUR,23.2,79.95,29.8,1001.6,44.45
2009-06-16T03:00:00,42675099999,JABALPUR,23.2,79.95,31.4,1004.5,38.79
2009-06-16T06:00:00,42675099999,JABALPUR,23.2,79.95,35.2,1003.0,31.74
2009-06-16T09:00:00,42675099999,JABALPUR,23.2,79.95,39.8,999.8,18.08
2009-06-16T15:00:00,42675099999,JABALPUR,23.2,79.95,34.6,999.9,30.19
2009-06-16T18:00:00,42675099999,JABALPUR,23.2,79.95,30.4,1001.1,62.37
2009-06-17T00:00:00,42675099999,JABALPUR,23.2,79.95,28.0,1001.8,50.92
2009-06-17T09:00:00,42675099999,JABALPUR,23.2,79.95,41.0,998.2,20.38
2009-06-17T12:00:00,42675099999,JABALPUR,23.2,79.95,40.0,997.0,21.22
2009-06-17T15:00:00,42675099999,JABALPUR,23.2,79.95,36.0,998.6,36.25
2009-06-17T21:00:00,42675099999,JABALPUR,23.2,79.95,30.0,1000.0,49.23
2009-06-18T03:00:00,42675099999,JABALPUR,23.2,79.95,33.4,1001.5,35.09
2009-06-18T06:00:00,42675099999,JABALPUR,23.2,79.95,38.6,1000.3,19.54
2009-06-18T09:00:00,42675099999,JABALPUR,23.2,79.95,41.4,997.3,15.12
2009-06-18T12:00:00,42675099999,JABALPUR,23.2,79.95,41.4,996.1,17.62
2009-06-18T18:00:00,42675099999,JABALPUR,23.2,79.95,32.0,999.5,48.84
2009-06-19T03:00:00,42675099999,JABALPUR,23.2,79.95,33.4,1000.9,27.79
2009-06-19T06:00:00,42675099999,JABALPUR,23.2,79.95,39.4,999.8,17.75
2009-06-19T09:00:00,42675099999,JABALPUR,23.2,79.95,41.8,997.5,15.01
2009-06-19T12:00:00,42675099999,JABALPUR,23.2,79.95,41.8,995.4,15.01
2009-06-19T15:00:00,42675099999,JABALPUR,23.2,79.95,35.4,997.6,32.0
2009-06-19T18:00:00,42675099999,JABALPUR,23.2,79.95,33.4,999.4,35.09
2009-06-19T21:00:00,42675099999,JABALPUR,23.2,79.95,30.6,999.0,44.1
2009-06-20T00:00:00,42675099999,JABALPUR,23.2,79.95,30.8,,44.43
2009-06-20T03:00:00,42675099999,JABALPUR,23.2,79.95,35.2,999.9,24.98
2009-06-20T06:00:00,42675099999,JABALPUR,23.2,79.95,40.4,999.4,19.71
2009-06-20T09:00:00,42675099999,JABALPUR,23.2,79.95,42.4,997.3,15.14
2009-06-20T12:00:00,42675099999,JABALPUR,23.2,79.95,41.2,995.8,16.13
2009-06-20T15:00:00,42675099999,JABALPUR,23.2,79.95,37.6,998.0,24.15
2009-06-20T18:00:00,42675099999,JABALPUR,23.2,79.95,34.6,999.8,
2009-06-20T21:00:00,42675099999,JABALPUR,23.2,79.95,31.6,999.4,41.13
2009-06-21T00:00:00,42675099999,JABALPUR,23.2,79.95,32.0,1000.0,36.31
2009-06-21T03:00:00,42675099999,JABALPUR,23.2,79.95,32.8,1001.8,42.25
2009-06-21T06:00:00,42675099999,JABALPUR,23.2,79.95,38.6,1000.4,26.02
2009-06-21T09:00:00,42675099999,JABALPUR,23.2,79.95,41.2,996.9,19.39
2009-06-21T12:00:00,42675099999,JABALPUR,23.2,79.95,41.6,995.7,16.65
2009-06-21T18:00:00,42675099999,JABALPUR,23.2,79.95,36.2,999.0,30.43
2009-06-21T21:00:00,42675099999,JABALPUR,23.2,79.95,34.0,998.4,41.53
2009-06-22T00:00:00,42675099999,JABALPUR,23.2,79.95,32.0,999.5,48.84
2009-06-22T03:00:00,42675099999,JABALPUR,23.2,79.95,34.0,1000.6,42.05
2009-06-22T06:00:00,42675099999,JABALPUR,23.2,79.95,39.4,999.3,22.63
2009-06-22T09:00:00,42675099999,JABALPUR,23.2,79.95,43.4,996.3,16.39
2009-06-22T12:00:00,42675099999,JABALPUR,23.2,79.95,41.8,994.6,16.26
2009-06-22T15:00:00,42675099999,JABALPUR,23.2,79.95,37.4,995.9,33.58
2009-06-22T18:00:00,42675099999,JABALPUR,23.2,79.95,36.0,997.9,30.96
2009-06-22T21:00:00,42675099999,JABALPUR,23.2,79.95,32.4,998.6,45.15
2009-06-23T00:00:00,42675099999,JABALPUR,23.2,79.95,30.4,999.1,51.86
2009-06-23T03:00:00,42675099999,JABALPUR,23.2,79.95,32.6,1000.8,44.09
2009-06-23T06:00:00,42675099999,JABALPUR,23.2,79.95,39.4,999.2,26.23
2009-06-23T12:00:00,42675099999,JABALPUR,23.2,79.95,41.4,994.4,26.25
2009-06-23T15:00:00,42675099999,JABALPUR,23.2,79.95,35.6,996.2,39.44
2009-06-23T18:00:00,42675099999,JABALPUR,23.2,79.95,35.6,997.3,35.47
2009-06-23T21:00:00,42675099999,JABALPUR,23.2,79.95,34.0,997.6,40.76
2009-06-24T00:00:00,42675099999,JABALPUR,23.2,79.95,32.0,999.5,48.84
2009-06-24T03:00:00,42675099999,JABALPUR,23.2,79.95,32.6,1000.7,46.34
2009-06-24T06:00:00,42675099999,JABALPUR,23.2,79.95,38.0,998.7,33.32
2009-06-24T09:00:00,42675099999,JABALPUR,23.2,79.95,41.8,996.0,24.75
2009-06-24T12:00:00,42675099999,JABALPUR,23.2,79.95,42.0,993.7,24.96
2009-06-24T15:00:00,42675099999,JABALPUR,23.2,79.95,36.6,996.0,37.8
2009-06-24T18:00:00,42675099999,JABALPUR,23.2,79.95,32.0,1000.4,50.06
2009-06-25T00:00:00,42675099999,JABALPUR,23.2,79.95,30.4,999.7,59.03
2009-06-25T03:00:00,42675099999,JABALPUR,23.2,79.95,32.8,1000.0,48.74
2009-06-25T06:00:00,42675099999,JABALPUR,23.2,79.95,38.6,998.2,32.26
2009-06-25T09:00:00,42675099999,JABALPUR,23.2,79.95,42.4,995.0,22.65
2009-06-25T12:00:00,42675099999,JABALPUR,23.2,79.95,42.0,993.3,22.27
2009-06-25T21:00:00,42675099999,JABALPUR,23.2,79.95,29.0,998.8,61.68
2009-06-26T00:00:00,42675099999,JABALPUR,23.2,79.95,28.0,999.5,67.41
2009-06-26T03:00:00,42675099999,JABALPUR,23.2,79.95,30.0,1000.6,61.9
2009-06-26T06:00:00,42675099999,JABALPUR,23.2,79.95,35.4,998.5,45.11
2009-06-26T09:00:00,42675099999,JABALPUR,23.2,79.95,40.4,995.1,32.54
2009-06-26T12:00:00,42675099999,JABALPUR,23.2,79.95,40.2,992.8,30.92
2009-06-26T18:00:00,42675099999,JABALPUR,23.2,79.95,31.6,998.4,54.13
2009-06-26T21:00:00,42675099999,JABALPUR,23.2,79.95,28.4,997.4,67.9
2009-06-27T00:00:00,42675099999,JABALPUR,23.2,79.95,28.0,998.4,71.65
2009-06-27T03:00:00,42675099999,JABALPUR,23.2,79.95,30.2,999.2,66.22
2009-06-27T06:00:00,42675099999,JABALPUR,23.2,79.95,35.4,998.0,42.95
2009-06-27T09:00:00,42675099999,JABALPUR,23.2,79.95,39.4,994.6,33.91
2009-06-27T15:00:00,42675099999,JABALPUR,23.2,79.95,27.0,,81.2
2009-06-27T18:00:00,42675099999,JABALPUR,23.2,79.95,27.4,999.7,82.72
2009-06-27T21:00:00,42675099999,JABALPUR,23.2,79.95,26.6,998.0,85.67
2009-06-28T00:00:00,42675099999,JABALPUR,23.2,79.95,27.2,997.8,82.7
2009-06-28T06:00:00,42675099999,JABALPUR,23.2,79.95,32.0,999.8,56.93
2009-06-28T09:00:00,42675099999,JABALPUR,23.2,79.95,32.4,997.8,54.99
2009-06-28T12:00:00,42675099999,JABALPUR,23.2,79.95,33.2,995.5,57.91
2009-06-28T15:00:00,42675099999,JABALPUR,23.2,79.95,27.6,999.0,68.58
2009-06-28T18:00:00,42675099999,JABALPUR,23.2,79.95,27.4,1001.2,72.86
2009-06-28T21:00:00,42675099999,JABALPUR,23.2,79.95,27.4,999.4,76.95
2009-06-29T00:00:00,42675099999,JABALPUR,23.2,79.95,27.0,999.5,84.18
2009-06-29T03:00:00,42675099999,JABALPUR,23.2,79.95,28.6,1001.1,72.19
2009-06-29T06:00:00,42675099999,JABALPUR,23.2,79.95,32.8,1000.5,57.47
2009-06-29T09:00:00,42675099999,JABALPUR,23.2,79.95,35.2,997.8,46.74
2009-06-29T12:00:00,42675099999,JABALPUR,23.2,79.95,30.0,998.3,64.99
2009-06-29T15:00:00,42675099999,JABALPUR,23.2,79.95,27.4,1000.8,85.75
2009-06-29T18:00:00,42675099999,JABALPUR,23.2,79.95,27.0,1000.9,84.18
2009-06-29T21:00:00,42675099999,JABALPUR,23.2,79.95,27.0,1000.0,84.18
2009-06-30T03:00:00,42675099999,JABALPUR,23.2,79.95,29.0,1001.6,73.58
2009-06-30T06:00:00,42675099999,JABALPUR,23.2,79.95,33.8,1000.8,56.0
2009-06-30T09:00:00,42675099999,JABALPUR,23.2,79.95,24.6,1001.1,94.74
2009-06-30T12:00:00,42675099999,JABALPUR,23.2,79.95,26.4,1000.6,90.4
2009-06-30T15:00:00,42675099999,JABALPUR,23.2,79.95,26.4,1001.3,88.79
2009-06-30T18:00:00,42675099999,JABALPUR,23.2,79.95,27.0,1003.1,85.71
2009-06-30T21:00:00,42675099999,JABALPUR,23.2,79.95,27.0,1001.3,85.71
2009-07-01T00:00:00,42675099999,JABALPUR,23.2,79.95,26.6,1001.5,90.41
2009-07-01T03:00:00,42675099999,JABALPUR,23.2,79.95,29.0,1002.2,73.58
2009-07-01T06:00:00,42675099999,JABALPUR,23.2,79.95,32.0,1001.6,62.71
2009-07-01T09:00:00,42675099999,JABALPUR,23.2,79.95,29.0,999.7,74.91
2009-07-01T12:00:00,42675099999,JABALPUR,23.2,79.95,26.0,1000.0,92.01
2009-07-01T15:00:00,42675099999,JABALPUR,23.2,79.95,26.0,1002.3,90.37
2009-07-01T18:00:00,42675099999,JABALPUR,23.2,79.95,26.0,1002.9,92.01
2009-07-01T21:00:00,42675099999,JABALPUR,23.2,79.95,25.6,1000.2,91.44
2009-07-02T00:00:00,42675099999,JABALPUR,23.2,79.95,25.0,999.8,93.07
2009-07-02T03:00:00,42675099999,JABALPUR,23.2,79.95,26.8,1001.3,88.82
2009-07-02T06:00:00,42675099999,JABALPUR,23.2,79.95,30.6,1000.4,69.15
2009-07-02T09:00:00,42675099999,JABALPUR,23.2,79.95,34.0,997.5,56.05
2009-07-02T12:00:00,42675099999,JABALPUR,23.2,79.95,30.4,996.5,61.61
2009-07-02T15:00:00,42675099999,JABALPUR,23.2,79.95,28.2,998.9,78.95
2009-07-02T18:00:00,42675099999,JABALPUR,23.2,79.95,27.6,999.9,84.25
2009-07-03T00:00:00,42675099999,JABALPUR,23.2,79.95,26.6,997.8,90.41
2009-07-03T03:00:00,42675099999,JABALPUR,23.2,79.95,28.6,999.5,81.88
2009-07-03T06:00:00,42675099999,JABALPUR,23.2,79.95,32.0,998.6,65.01
2009-07-03T09:00:00,42675099999,JABALPUR,23.2,79.95,33.8,996.1,54.99
2009-07-03T12:00:00,42675099999,JABALPUR,23.2,79.95,30.0,996.2,75.52
2009-07-03T15:00:00,42675099999,JABALPUR,23.2,79.95,28.4,,73.03
2009-07-03T18:00:00,42675099999,JABALPUR,23.2,79.95,27.0,999.5,81.2
2009-07-04T03:00:00,42675099999,JABALPUR,23.2,79.95,27.2,999.2,79.77
2009-07-04T06:00:00,42675099999,JABALPUR,23.2,79.95,31.0,998.8,66.78
2009-07-04T09:00:00,42675099999,JABALPUR,23.2,79.95,34.4,995.7,53.18
2009-07-04T12:00:00,42675099999,JABALPUR,23.2,79.95,26.2,997.7,90.38
2009-07-04T15:00:00,42675099999,JABALPUR,23.2,79.95,25.8,999.6,90.36
2009-07-04T18:00:00,42675099999,JABALPUR,23.2,79.95,26.4,999.5,92.03
2009-07-04T21:00:00,42675099999,JABALPUR,23.2,79.95,26.0,1000.8,92.01
2009-07-05T00:00:00,42675099999,JABALPUR,23.2,79.95,26.0,997.9,90.37
2009-07-05T03:00:00,42675099999,JABALPUR,23.2,79.95,27.6,999.8,84.25
2009-07-05T06:00:00,42675099999,JABALPUR,23.2,79.95,31.8,999.1,62.67
2009-07-05T09:00:00,42675099999,JABALPUR,23.2,79.95,34.0,995.3,50.88
2009-07-05T12:00:00,42675099999,JABALPUR,23.2,79.95,30.4,995.4,69.11
2009-07-05T15:00:00,42675099999,JABALPUR,23.2,79.95,28.4,998.4,70.42
2009-07-05T18:00:00,42675099999,JABALPUR,23.2,79.95,27.4,999.3,84.22
2009-07-05T21:00:00,42675099999,JABALPUR,23.2,79.95,26.0,998.6,84.07
2009-07-06T00:00:00,42675099999,JABALPUR,23.2,79.95,26.0,998.2,84.07
2009-07-06T03:00:00,42675099999,JABALPUR,23.2,79.95,27.0,1000.3,84.18
2009-07-06T06:00:00,42675099999,JABALPUR,23.2,79.95,31.8,999.1,62.67
2009-07-06T09:00:00,42675099999,JABALPUR,23.2,79.95,33.4,996.4,57.96
2009-07-06T12:00:00,42675099999,JABALPUR,23.2,79.95,30.8,995.9,62.83
2009-07-06T15:00:00,42675099999,JABALPUR,23.2,79.95,25.6,999.5,85.05
2009-07-06T18:00:00,42675099999,JABALPUR,23.2,79.95,27.0,999.5,78.31
2009-07-06T21:00:00,42675099999,JABALPUR,23.2,79.95,26.6,997.7,82.63
2009-07-07T00:00:00,42675099999,JABALPUR,23.2,79.95,26.0,998.7,84.58
2009-07-07T03:00:00,42675099999,JABALPUR,23.2,79.95,27.0,999.9,81.2
2009-07-07T06:00:00,42675099999,JABALPUR,23.2,79.95,30.6,998.7,66.7
2009-07-07T09:00:00,42675099999,JABALPUR,23.2,79.95,33.8,995.6,54.99
2009-07-07T12:00:00,42675099999,JABALPUR,23.2,79.95,32.6,994.7,57.42
2009-07-07T15:00:00,42675099999,JABALPUR,23.2,79.95,25.0,999.1,98.23
2009-07-07T18:00:00,42675099999,JABALPUR,23.2,79.95,25.2,997.9,94.77
2009-07-07T21:00:00,42675099999,JABALPUR,23.2,79.95,25.6,997.8,93.1
2009-07-08T00:00:00,42675099999,JABALPUR,23.2,79.95,25.4,997.9,96.49
2009-07-08T03:00:00,42675099999,JABALPUR,23.2,79.95,24.6,999.4,91.37
2009-07-08T06:00:00,42675099999,JABALPUR,23.2,79.95,28.0,998.4,80.35
2009-07-08T09:00:00,42675099999,JABALPUR,23.2,79.95,30.2,996.0,72.47
2009-07-08T12:00:00,42675099999,JABALPUR,23.2,79.95,30.6,993.9,70.4
2009-07-08T15:00:00,42675099999,JABALPUR,23.2,79.95,28.0,996.3,81.81
2009-07-08T18:00:00,42675099999,JABALPUR,23.2,79.95,25.8,998.1,90.36
2009-07-08T21:00:00,42675099999,JABALPUR,23.2,79.95,25.2,996.5,93.08
2009-07-09T00:00:00,42675099999,JABALPUR,23.2,79.95,25.0,996.9,94.76
2009-07-09T03:00:00,42675099999,JABALPUR,23.2,79.95,25.6,998.7,91.44
2009-07-09T06:00:00,42675099999,JABALPUR,23.2,79.95,26.8,998.6,88.82
2009-07-09T12:00:00,42675099999,JABALPUR,23.2,79.95,30.0,995.7,74.18
2009-07-09T15:00:00,42675099999,JABALPUR,23.2,79.95,27.6,998.0,84.25
2009-07-09T18:00:00,42675099999,JABALPUR,23.2,79.95,27.4,999.0,84.22
2009-07-09T21:00:00,42675099999,JABALPUR,23.2,79.95,26.6,998.4,88.81
2009-07-10T06:00:00,42675099999,JABALPUR,23.2,79.95,25.2,1000.8,98.23
2009-07-10T09:00:00,42675099999,JABALPUR,23.2,79.95,26.2,999.2,94.8
2009-07-10T12:00:00,42675099999,JABALPUR,23.2,79.95,28.4,997.4,88.42
2009-07-10T15:00:00,42675099999,JABALPUR,23.2,79.95,26.6,1000.2,93.7
2009-07-10T18:00:00,42675099999,JABALPUR,23.2,79.95,26.2,1001.6,90.38
2009-07-10T21:00:00,42675099999,JABALPUR,23.2,79.95,26.0,1000.4,90.37
2009-07-11T00:00:00,42675099999,JABALPUR,23.2,79.95,26.2,1000.5,90.38
2009-07-11T03:00:00,42675099999,JABALPUR,23.2,79.95,26.8,,81.17
2009-07-11T09:00:00,42675099999,JABALPUR,23.2,79.95,30.6,,70.4
2009-07-11T12:00:00,42675099999,JABALPUR,23.2,79.95,29.4,999.5,79.11
2009-07-11T15:00:00,42675099999,JABALPUR,23.2,79.95,26.6,1001.2,88.81
2009-07-11T18:00:00,42675099999,JABALPUR,23.2,79.95,26.2,1001.6,88.77
2009-07-11T21:00:00,42675099999,JABALPUR,23.2,79.95,27.0,1000.4,81.2
2009-07-12T00:00:00,42675099999,JABALPUR,23.2,79.95,25.4,1000.2,88.18
2009-07-12T03:00:00,42675099999,JABALPUR,23.2,79.95,26.4,1001.5,87.21
2009-07-12T06:00:00,42675099999,JABALPUR,23.2,79.95,28.8,1000.3,76.24
2009-07-12T12:00:00,42675099999,JABALPUR,23.2,79.95,32.2,996.8,61.64
2009-07-12T15:00:00,42675099999,JABALPUR,23.2,79.95,30.2,998.0,68.25
2009-07-12T18:00:00,42675099999,JABALPUR,23.2,79.95,28.4,998.7,76.18
2009-07-12T21:00:00,42675099999,JABALPUR,23.2,79.95,27.4,998.1,81.25
2009-07-13T00:00:00,42675099999,JABALPUR,23.2,79.95,26.0,997.9,84.07
2009-07-13T03:00:00,42675099999,JABALPUR,23.2,79.95,27.0,999.2,81.2
2009-07-13T06:00:00,42675099999,JABALPUR,23.2,79.95,29.0,998.8,72.26
2009-07-13T09:00:00,42675099999,JABALPUR,23.2,79.95,28.6,996.2,77.6
2009-07-13T12:00:00,42675099999,JABALPUR,23.2,79.95,30.6,994.7,69.15
2009-07-13T15:00:00,42675099999,JABALPUR,23.2,79.95,28.6,996.8,77.6
2009-07-13T21:00:00,42675099999,JABALPUR,23.2,79.95,25.6,997.3,88.73
2009-07-14T00:00:00,42675099999,JABALPUR,23.2,79.95,25.2,996.8,88.16
2009-07-14T03:00:00,42675099999,JABALPUR,23.2,79.95,26.0,997.7,87.17
2009-07-14T06:00:00,42675099999,JABALPUR,23.2,79.95,27.6,997.2,79.82
2009-07-14T09:00:00,42675099999,JABALPUR,23.2,79.95,30.0,995.2,72.87
2009-07-14T12:00:00,42675099999,JABALPUR,23.2,79.95,31.4,992.9,61.09
2009-07-14T15:00:00,42675099999,JABALPUR,23.2,79.95,30.0,995.1,72.87
2009-07-14T18:00:00,42675099999,JABALPUR,23.2,79.95,28.0,995.8,80.35
2009-07-15T00:00:00,42675099999,JABALPUR,23.2,79.95,26.4,995.1,90.4
2009-07-15T03:00:00,42675099999,JABALPUR,23.2,79.95,29.2,995.0,79.09
2009-07-15T06:00:00,42675099999,JABALPUR,23.2,79.95,32.0,994.0,60.13
2009-07-15T09:00:00,42675099999,JABALPUR,23.2,79.95,30.6,992.5,74.28
2009-07-15T12:00:00,42675099999,JABALPUR,23.2,79.95,33.0,990.8,59.99
2009-07-15T15:00:00,42675099999,JABALPUR,23.2,79.95,27.6,993.8,82.75
2009-07-15T18:00:00,42675099999,JABALPUR,23.2,79.95,24.4,995.5,96.46
2009-07-16T00:00:00,42675099999,JABALPUR,23.2,79.95,25.0,994.4,96.48
2009-07-16T03:00:00,42675099999,JABALPUR,23.2,79.95,25.4,995.9,96.49
2009-07-16T06:00:00,42675099999,JABALPUR,23.2,79.95,26.6,995.6,92.04
2009-07-16T09:00:00,42675099999,JABALPUR,23.2,79.95,26.4,994.6,96.51
2009-07-16T12:00:00,42675099999,JABALPUR,23.2,79.95,26.4,994.2,92.03
2009-07-16T18:00:00,42675099999,JABALPUR,23.2,79.95,25.6,997.1,90.34
2009-07-16T21:00:00,42675099999,JABALPUR,23.2,79.95,25.6,995.9,87.14
2009-07-17T00:00:00,42675099999,JABALPUR,23.2,79.95,25.2,996.1,88.16
2009-07-17T03:00:00,42675099999,JABALPUR,23.2,79.95,25.6,997.8,90.34
2009-07-17T06:00:00,42675099999,JABALPUR,23.2,79.95,27.6,997.8,81.27
2009-07-17T12:00:00,42675099999,JABALPUR,23.2,79.95,30.0,995.2,71.57
2009-07-17T15:00:00,42675099999,JABALPUR,23.2,79.95,27.6,997.8,79.82
2009-07-17T18:00:00,42675099999,JABALPUR,23.2,79.95,26.4,999.2,85.65
2009-07-17T21:00:00,42675099999,JABALPUR,23.2,79.95,26.2,998.6,88.77
2009-07-18T00:00:00,42675099999,JABALPUR,23.2,79.95,25.8,998.9,90.36
2009-07-18T03:00:00,42675099999,JABALPUR,23.2,79.95,27.0,1000.9,85.71
2009-07-18T06:00:00,42675099999,JABALPUR,23.2,79.95,30.6,999.8,72.97
2009-07-18T09:00:00,42675099999,JABALPUR,23.2,79.95,33.0,998.5,53.16
2009-07-18T12:00:00,42675099999,JABALPUR,23.2,79.95,33.2,997.9,49.15
2009-07-18T15:00:00,42675099999,JABALPUR,23.2,79.95,29.4,1000.0,69.76
2009-07-18T18:00:00,42675099999,JABALPUR,23.2,79.95,26.6,1002.6,84.65
2009-07-18T21:00:00,42675099999,JABALPUR,23.2,79.95,25.2,1002.1,83.48
2009-07-19T00:00:00,42675099999,JABALPUR,23.2,79.95,25.6,1002.2,
2009-07-19T03:00:00,42675099999,JABALPUR,23.2,79.95,27.0,1003.1,81.2
2009-07-19T06:00:00,42675099999,JABALPUR,23.2,79.95,29.2,1002.2,69.72
2009-07-19T09:00:00,42675099999,JABALPUR,23.2,79.95,30.8,999.2,62.83
2009-07-19T12:00:00,42675099999,JABALPUR,23.2,79.95,30.8,998.2,64.37
2009-07-19T15:00:00,42675099999,JABALPUR,23.2,79.95,27.4,1000.1,81.25
2009-07-19T18:00:00,42675099999,JABALPUR,23.2,79.95,27.4,999.9,84.22
2009-07-19T21:00:00,42675099999,JABALPUR,23.2,79.95,26.0,999.7,92.01
2009-07-20T00:00:00,42675099999,JABALPUR,23.2,79.95,25.0,999.0,96.48
2009-07-20T03:00:00,42675099999,JABALPUR,23.2,79.95,25.8,999.7,96.5
2009-07-20T06:00:00,42675099999,JABALPUR,23.2,79.95,24.6,1000.3,98.22
2009-07-20T09:00:00,42675099999,JABALPUR,23.2,79.95,24.2,999.7,98.21
2009-07-20T12:00:00,42675099999,JABALPUR,23.2,79.95,24.0,998.3,96.45
2009-07-20T15:00:00,42675099999,JABALPUR,23.2,79.95,24.0,999.8,96.45
2009-07-20T18:00:00,42675099999,JABALPUR,23.2,79.95,24.4,999.9,96.46
2009-07-20T21:00:00,42675099999,JABALPUR,23.2,79.95,24.6,998.9,96.47
2009-07-21T00:00:00,42675099999,JABALPUR,23.2,79.95,24.4,998.1,96.46
2009-07-21T03:00:00,42675099999,JABALPUR,23.2,79.95,25.2,999.2,96.48
2009-07-21T06:00:00,42675099999,JABALPUR,23.2,79.95,27.6,998.0,87.31
2009-07-21T09:00:00,42675099999,JABALPUR,23.2,79.95,27.0,995.6,92.07
2009-07-21T12:00:00,42675099999,JABALPUR,23.2,79.95,28.0,994.1,88.92
2009-07-21T15:00:00,42675099999,JABALPUR,23.2,79.95,27.0,995.9,93.72
2009-07-21T18:00:00,42675099999,JABALPUR,23.2,79.95,26.6,996.3,96.52
2009-07-21T21:00:00,42675099999,JABALPUR,23.2,79.95,26.6,994.9,92.04
2009-07-22T00:00:00,42675099999,JABALPUR,23.2,79.95,26.0,994.0,92.01
2009-07-22T06:00:00,42675099999,JABALPUR,23.2,79.95,28.4,994.8,80.41
2009-07-22T09:00:00,42675099999,JABALPUR,23.2,79.95,26.4,994.3,93.69
2009-07-22T12:00:00,42675099999,JABALPUR,23.2,79.95,26.6,993.0,88.81
2009-07-22T15:00:00,42675099999,JABALPUR,23.2,79.95,25.2,995.2,86.57
2009-07-22T18:00:00,42675099999,JABALPUR,23.2,79.95,24.2,997.2,94.73
2009-07-22T21:00:00,42675099999,JABALPUR,23.2,79.95,23.6,996.9,96.44
2009-07-23T00:00:00,42675099999,JABALPUR,23.2,79.95,23.4,997.2,96.44
2009-07-23T03:00:00,42675099999,JABALPUR,23.2,79.95,24.0,999.2,93.02
2009-07-23T06:00:00,42675099999,JABALPUR,23.2,79.95,27.0,999.2,79.74
2009-07-23T09:00:00,42675099999,JABALPUR,23.2,79.95,29.0,998.5,74.91
2009-07-23T12:00:00,42675099999,JABALPUR,23.2,79.95,29.4,997.6,71.03
2009-07-23T15:00:00,42675099999,JABALPUR,23.2,79.95,26.6,1000.3,87.23
2009-07-23T18:00:00,42675099999,JABALPUR,23.2,79.95,25.8,1001.7,90.36
2009-07-23T21:00:00,42675099999,JABALPUR,23.2,79.95,25.4,1001.3,90.33
2009-07-24T00:00:00,42675099999,JABALPUR,23.2,79.95,25.0,1002.1,89.76
2009-07-24T03:00:00,42675099999,JABALPUR,23.2,79.95,27.2,1002.9,78.33
2009-07-24T06:00:00,42675099999,JABALPUR,23.2,79.95,29.4,1002.8,65.66
2009-07-24T09:00:00,42675099999,JABALPUR,23.2,79.95,30.8,1001.6,62.83
2009-07-24T12:00:00,42675099999,JABALPUR,23.2,79.95,29.4,1000.9,72.33
2009-07-24T15:00:00,42675099999,JABALPUR,23.2,79.95,27.6,1002.4,84.25
2009-07-24T18:00:00,42675099999,JABALPUR,23.2,79.95,26.4,1003.1,84.12
2009-07-24T21:00:00,42675099999,JABALPUR,23.2,79.95,26.4,1002.5,84.12
2009-07-25T00:00:00,42675099999,JABALPUR,23.2,79.95,25.6,1002.5,83.52
2009-07-25T03:00:00,42675099999,JABALPUR,23.2,79.95,27.8,1002.8,74.27
2009-07-25T06:00:00,42675099999,JABALPUR,23.2,79.95,29.2,1003.0,68.47
2009-07-25T09:00:00,42675099999,JABALPUR,23.2,79.95,30.6,1001.2,65.51
2009-07-25T12:00:00,42675099999,JABALPUR,23.2,79.95,31.0,999.7,63.26
2009-07-25T15:00:00,42675099999,JABALPUR,23.2,79.95,28.2,1001.3,71.68
2009-07-25T18:00:00,42675099999,JABALPUR,23.2,79.95,27.0,1002.2,81.2
2009-07-26T00:00:00,42675099999,JABALPUR,23.2,79.95,25.8,1000.6,85.59
2009-07-26T03:00:00,42675099999,JABALPUR,23.2,79.95,26.0,1001.8,87.17
2009-07-26T06:00:00,42675099999,JABALPUR,23.2,79.95,26.8,1001.5,82.65
2009-07-26T09:00:00,42675099999,JABALPUR,23.2,79.95,27.4,999.5,78.36
2009-07-26T12:00:00,42675099999,JABALPUR,23.2,79.95,26.4,998.7,87.21
2009-07-26T15:00:00,42675099999,JABALPUR,23.2,79.95,26.0,1000.2,87.17
2009-07-26T18:00:00,42675099999,JABALPUR,23.2,79.95,25.6,1000.5,90.34
2009-07-26T21:00:00,42675099999,JABALPUR,23.2,79.95,26.0,1000.3,87.17
2009-07-27T00:00:00,42675099999,JABALPUR,23.2,79.95,25.0,998.8,91.4
2009-07-27T03:00:00,42675099999,JABALPUR,23.2,79.95,25.6,1000.3,87.14
2009-07-27T06:00:00,42675099999,JABALPUR,23.2,79.95,25.6,1000.9,93.1
2009-07-27T12:00:00,42675099999,JABALPUR,23.2,79.95,26.6,997.9,82.63
2009-07-27T15:00:00,42675099999,JABALPUR,23.2,79.95,26.4,1000.0,88.79
2009-07-27T18:00:00,42675099999,JABALPUR,23.2,79.95,26.0,1000.1,84.07
2009-07-27T21:00:00,42675099999,JABALPUR,23.2,79.95,25.6,999.6,83.52
2009-07-28T00:00:00,42675099999,JABALPUR,23.2,79.95,25.0,1000.3,83.45
2009-07-28T03:00:00,42675099999,JABALPUR,23.2,79.95,25.0,993.6,86.56
2009-07-28T06:00:00,42675099999,JABALPUR,23.2,79.95,29.0,,66.79
2009-07-28T09:00:00,42675099999,JABALPUR,23.2,79.95,30.4,1000.7,59.03
2009-07-28T12:00:00,42675099999,JABALPUR,23.2,79.95,27.8,999.5,74.27
2009-07-28T15:00:00,42675099999,JABALPUR,23.2,79.95,26.2,1000.5,79.15
2009-07-28T18:00:00,42675099999,JABALPUR,23.2,79.95,26.0,1001.8,79.12
2009-07-28T21:00:00,42675099999,JABALPUR,23.2,79.95,25.4,1001.6,80.5
2009-07-29T00:00:00,42675099999,JABALPUR,23.2,79.95,25.2,1001.4,88.16
2009-07-29T03:00:00,42675099999,JABALPUR,23.2,79.95,26.2,1002.8,81.1
2009-07-29T06:00:00,42675099999,JABALPUR,23.2,79.95,28.2,1003.4,73.0
2009-07-29T09:00:00,42675099999,JABALPUR,23.2,79.95,30.0,1001.8,67.39
2009-07-29T12:00:00,42675099999,JABALPUR,23.2,79.95,30.6,1001.2,61.66
2009-07-29T15:00:00,42675099999,JABALPUR,23.2,79.95,28.0,1002.9,70.35
2009-07-29T18:00:00,42675099999,JABALPUR,23.2,79.95,27.0,1003.9,76.89
2009-07-29T21:00:00,42675099999,JABALPUR,23.2,79.95,26.2,1003.1,82.58
2009-07-30T00:00:00,42675099999,JABALPUR,23.2,79.95,26.2,1003.9,84.09
2009-07-30T03:00:00,42675099999,JABALPUR,23.2,79.95,26.6,1005.6,84.14
2009-07-30T06:00:00,42675099999,JABALPUR,23.2,79.95,29.6,1004.5,69.8
2009-07-30T09:00:00,42675099999,JABALPUR,23.2,79.95,32.0,1002.6,57.98
2009-07-30T12:00:00,42675099999,JABALPUR,23.2,79.95,32.0,1001.4,59.04
2009-07-30T15:00:00,42675099999,JABALPUR,23.2,79.95,28.4,1003.2,71.72
2009-07-30T18:00:00,42675099999,JABALPUR,23.2,79.95,27.2,1003.5,76.92
2009-07-30T21:00:00,42675099999,JABALPUR,23.2,79.95,26.6,1002.6,82.63
2009-07-31T00:00:00,42675099999,JABALPUR,23.2,79.95,26.0,1002.7,85.61
2009-07-31T03:00:00,42675099999,JABALPUR,23.2,79.95,27.0,1004.6,84.18
2009-07-31T06:00:00,42675099999,JABALPUR,23.2,79.95,29.6,1003.9,71.07
2009-07-31T09:00:00,42675099999,JABALPUR,23.2,79.95,30.0,1002.5,66.18
2009-07-31T12:00:00,42675099999,JABALPUR,23.2,79.95,30.0,1001.8,67.39
2009-07-31T15:00:00,42675099999,JABALPUR,23.2,79.95,28.2,1002.7,74.34
2009-07-31T18:00:00,42675099999,JABALPUR,23.2,79.95,27.0,1003.4,76.89
2009-07-31T21:00:00,42675099999,JABALPUR,23.2,79.95,26.8,1002.5,82.65
2009-08-01T00:00:00,42675099999,JABALPUR,23.2,79.95,25.2,1002.5,86.57
2009-08-01T03:00:00,42675099999,JABALPUR,23.2,79.95,27.0,1004.0,81.2
2009-08-01T09:00:00,42675099999,JABALPUR,23.2,79.95,29.0,1002.3,72.26
2009-08-01T12:00:00,42675099999,JABALPUR,23.2,79.95,29.6,1001.2,66.1
2009-08-01T15:00:00,42675099999,JABALPUR,23.2,79.95,27.4,1002.2,75.57
2009-08-01T18:00:00,42675099999,JABALPUR,23.2,79.95,26.4,1003.0,79.66
2009-08-01T21:00:00,42675099999,JABALPUR,23.2,79.95,26.0,1002.1,84.07
2009-08-02T00:00:00,42675099999,JABALPUR,23.2,79.95,24.6,1002.9,88.11
2009-08-02T03:00:00,42675099999,JABALPUR,23.2,79.95,26.6,1004.3,81.15
2009-08-02T06:00:00,42675099999,JABALPUR,23.2,79.95,28.8,1004.5,66.75
2009-08-02T09:00:00,42675099999,JABALPUR,23.2,79.95,31.0,1002.3,59.54
2009-08-02T12:00:00,42675099999,JABALPUR,23.2,79.95,30.6,1000.6,61.66
2009-08-02T15:00:00,42675099999,JABALPUR,23.2,79.95,28.2,1002.7,73.0
2009-08-02T18:00:00,42675099999,JABALPUR,23.2,79.95,27.2,1003.5,75.54
2009-08-02T21:00:00,42675099999,JABALPUR,23.2,79.95,26.0,1002.7,76.27
2009-08-03T00:00:00,42675099999,JABALPUR,23.2,79.95,25.0,1003.4,83.45
2009-08-03T03:00:00,42675099999,JABALPUR,23.2,79.95,27.0,1003.5,78.31
2009-08-03T06:00:00,42675099999,JABALPUR,23.2,79.95,30.0,1003.0,64.99
2009-08-03T09:00:00,42675099999,JABALPUR,23.2,79.95,32.4,1000.8,52.69
2009-08-03T12:00:00,42675099999,JABALPUR,23.2,79.95,32.4,999.2,52.37
2009-08-03T15:00:00,42675099999,JABALPUR,23.2,79.95,29.4,1000.8,57.01
2009-08-03T18:00:00,42675099999,JABALPUR,23.2,79.95,27.4,1002.2,75.57
2009-08-03T21:00:00,42675099999,JABALPUR,23.2,79.95,26.2,1001.1,82.58
2009-08-04T00:00:00,42675099999,JABALPUR,23.2,79.95,25.6,1001.4,83.52
2009-08-04T03:00:00,42675099999,JABALPUR,23.2,79.95,27.6,1003.0,74.24
2009-08-04T06:00:00,42675099999,JABALPUR,23.2,79.95,30.6,1002.1,61.66
2009-08-04T09:00:00,42675099999,JABALPUR,23.2,79.95,32.4,1000.1,52.69
2009-08-04T12:00:00,42675099999,JABALPUR,23.2,79.95,33.4,998.4,49.2
2009-08-04T15:00:00,42675099999,JABALPUR,23.2,79.95,30.0,1000.7,61.15
2009-08-04T18:00:00,42675099999,JABALPUR,23.2,79.95,28.2,1002.2,69.11
2009-08-04T21:00:00,42675099999,JABALPUR,23.2,79.95,26.6,1001.3,76.37
2009-08-05T00:00:00,42675099999,JABALPUR,23.2,79.95,25.4,1001.0,83.5
2009-08-05T03:00:00,42675099999,JABALPUR,23.2,79.95,26.4,1003.3,81.12
2009-08-05T06:00:00,42675099999,JABALPUR,23.2,79.95,30.0,1002.9,64.99
2009-08-05T09:00:00,42675099999,JABALPUR,23.2,79.95,32.0,1000.1,54.56
2009-08-05T12:00:00,42675099999,JABALPUR,23.2,79.95,30.6,998.7,58.01
2009-08-05T15:00:00,42675099999,JABALPUR,23.2,79.95,28.0,1000.6,69.07
2009-08-05T18:00:00,42675099999,JABALPUR,23.2,79.95,27.2,1001.9,71.07
2009-08-05T21:00:00,42675099999,JABALPUR,23.2,79.95,26.4,1000.8,74.95
2009-08-06T00:00:00,42675099999,JABALPUR,23.2,79.95,25.4,1001.0,79.04
2009-08-06T03:00:00,42675099999,JABALPUR,23.2,79.95,26.8,1002.2,75.01
2009-08-06T06:00:00,42675099999,JABALPUR,23.2,79.95,29.6,1002.1,64.51
2009-08-06T09:00:00,42675099999,JABALPUR,23.2,79.95,31.6,1000.1,54.13
2009-08-06T12:00:00,42675099999,JABALPUR,23.2,79.95,31.6,999.3,54.13
2009-08-06T15:00:00,42675099999,JABALPUR,23.2,79.95,29.0,1001.6,65.58
2009-08-06T18:00:00,42675099999,JABALPUR,23.2,79.95,27.4,1002.7,68.54
2009-08-06T21:00:00,42675099999,JABALPUR,23.2,79.95,25.6,1002.4,79.07
2009-08-07T00:00:00,42675099999,JABALPUR,23.2,79.95,25.0,1002.6,80.45
2009-08-07T03:00:00,42675099999,JABALPUR,23.2,79.95,26.8,1003.2,76.86
2009-08-07T06:00:00,42675099999,JABALPUR,23.2,79.95,29.4,1002.7,67.27
2009-08-07T09:00:00,42675099999,JABALPUR,23.2,79.95,31.0,1001.2,59.54
2009-08-07T12:00:00,42675099999,JABALPUR,23.2,79.95,32.0,999.0,55.56
2009-08-07T15:00:00,42675099999,JABALPUR,23.2,79.95,29.6,1000.9,64.51
2009-08-07T18:00:00,42675099999,JABALPUR,23.2,79.95,27.4,1002.2,74.2
2009-08-07T21:00:00,42675099999,JABALPUR,23.2,79.95,26.0,1001.7,79.12
2009-08-08T00:00:00,42675099999,JABALPUR,23.2,79.95,25.2,1001.3,83.48
2009-08-08T03:00:00,42675099999,JABALPUR,23.2,79.95,26.2,1002.6,82.58
2009-08-08T06:00:00,42675099999,JABALPUR,23.2,79.95,28.8,1002.4,72.22
2009-08-08T12:00:00,42675099999,JABALPUR,23.2,79.95,32.0,998.0,56.93
2009-08-08T15:00:00,42675099999,JABALPUR,23.2,79.95,30.4,1000.2,65.07
2009-08-08T18:00:00,42675099999,JABALPUR,23.2,79.95,29.0,1001.1,70.96
2009-08-08T21:00:00,42675099999,JABALPUR,23.2,79.95,27.6,1000.1,74.24
2009-08-09T00:00:00,42675099999,JABALPUR,23.2,79.95,24.6,1001.7,94.74
2009-08-09T03:00:00,42675099999,JABALPUR,23.2,79.95,25.0,1002.5,96.48
2009-08-09T06:00:00,42675099999,JABALPUR,23.2,79.95,27.0,1002.7,85.71
2009-08-09T09:00:00,42675099999,JABALPUR,23.2,79.95,26.4,1000.8,93.69
2009-08-09T12:00:00,42675099999,JABALPUR,23.2,79.95,28.4,998.8,78.98
2009-08-09T15:00:00,42675099999,JABALPUR,23.2,79.95,27.2,1000.0,82.7
2009-08-09T18:00:00,42675099999,JABALPUR,23.2,79.95,26.6,1000.8,88.81
2009-08-10T00:00:00,42675099999,JABALPUR,23.2,79.95,26.0,1000.5,87.17
2009-08-10T03:00:00,42675099999,JABALPUR,23.2,79.95,26.8,1002.1,85.69
2009-08-10T06:00:00,42675099999,JABALPUR,23.2,79.95,30.6,1001.6,65.51
2009-08-10T09:00:00,42675099999,JABALPUR,23.2,79.95,32.8,999.1,58.52
2009-08-10T12:00:00,42675099999,JABALPUR,23.2,79.95,32.0,998.0,63.85
2009-08-10T18:00:00,42675099999,JABALPUR,23.2,79.95,24.8,1003.0,91.39
2009-08-10T21:00:00,42675099999,JABALPUR,23.2,79.95,26.0,1001.8,90.37
2009-08-11T00:00:00,42675099999,JABALPUR,23.2,79.95,24.6,1002.5,88.11
2009-08-11T03:00:00,42675099999,JABALPUR,23.2,79.95,26.4,1003.8,85.65
2009-08-11T06:00:00,42675099999,JABALPUR,23.2,79.95,30.0,1002.9,71.57
2009-08-11T09:00:00,42675099999,JABALPUR,23.2,79.95,29.2,1001.3,81.96
2009-08-11T12:00:00,42675099999,JABALPUR,23.2,79.95,29.6,999.2,79.61
2009-08-11T15:00:00,42675099999,JABALPUR,23.2,79.95,24.4,1002.9,98.22
2009-08-11T18:00:00,42675099999,JABALPUR,23.2,79.95,24.0,1003.3,98.21
2009-08-11T21:00:00,42675099999,JABALPUR,23.2,79.95,23.8,1003.4,98.21
2009-08-12T00:00:00,42675099999,JABALPUR,23.2,79.95,24.2,1002.3,98.21
2009-08-12T03:00:00,42675099999,JABALPUR,23.2,79.95,25.6,1002.8,96.49
2009-08-12T06:00:00,42675099999,JABALPUR,23.2,79.95,26.6,1003.3,87.23
2009-08-12T09:00:00,42675099999,JABALPUR,23.2,79.95,30.0,1000.7,78.26
2009-08-12T12:00:00,42675099999,JABALPUR,23.2,79.95,30.0,999.6,78.26
2009-08-12T15:00:00,42675099999,JABALPUR,23.2,79.95,27.4,1002.3,87.3
2009-08-12T18:00:00,42675099999,JABALPUR,23.2,79.95,26.2,1002.1,92.02
2009-08-12T21:00:00,42675099999,JABALPUR,23.2,79.95,26.0,1002.6,92.01
2009-08-13T00:00:00,42675099999,JABALPUR,23.2,79.95,25.4,1002.6,94.77
2009-08-13T03:00:00,42675099999,JABALPUR,23.2,79.95,25.6,1003.9,90.34
2009-08-13T06:00:00,42675099999,JABALPUR,23.2,79.95,26.6,1003.7,87.23
2009-08-13T09:00:00,42675099999,JABALPUR,23.2,79.95,26.8,1001.7,87.24
2009-08-13T12:00:00,42675099999,JABALPUR,23.2,79.95,26.4,1001.6,88.79
2009-08-13T15:00:00,42675099999,JABALPUR,23.2,79.95,25.6,1003.3,91.44
2009-08-13T18:00:00,42675099999,JABALPUR,23.2,79.95,25.6,1003.9,91.44
2009-08-13T21:00:00,42675099999,JABALPUR,23.2,79.95,25.0,1002.8,93.07
2009-08-14T00:00:00,42675099999,JABALPUR,23.2,79.95,24.4,1002.5,94.74
2009-08-14T03:00:00,42675099999,JABALPUR,23.2,79.95,24.6,1004.6,93.05
2009-08-14T06:00:00,42675099999,JABALPUR,23.2,79.95,27.0,1005.0,81.2
2009-08-14T09:00:00,42675099999,JABALPUR,23.2,79.95,26.4,1003.9,87.21
2009-08-14T12:00:00,42675099999,JABALPUR,23.2,79.95,26.0,1002.9,92.01
2009-08-14T18:00:00,42675099999,JABALPUR,23.2,79.95,24.6,1005.3,94.74
2009-08-14T21:00:00,42675099999,JABALPUR,23.2,79.95,23.8,1003.4,94.71
2009-08-15T00:00:00,42675099999,JABALPUR,23.2,79.95,23.6,1003.5,96.44
2009-08-15T03:00:00,42675099999,JABALPUR,23.2,79.95,23.6,1004.8,98.21
2009-08-15T06:00:00,42675099999,JABALPUR,23.2,79.95,25.4,1004.8,91.42
2009-08-15T09:00:00,42675099999,JABALPUR,23.2,79.95,27.2,1002.2,84.2
2009-08-15T12:00:00,42675099999,JABALPUR,23.2,79.95,25.4,1001.7,94.77
2009-08-15T15:00:00,42675099999,JABALPUR,23.2,79.95,24.0,1004.3,93.02
2009-08-15T18:00:00,42675099999,JABALPUR,23.2,79.95,24.0,1004.9,91.34
2009-08-15T21:00:00,42675099999,JABALPUR,23.2,79.95,24.0,1003.6,91.34
2009-08-16T00:00:00,42675099999,JABALPUR,23.2,79.95,23.2,1003.9,92.97
2009-08-16T03:00:00,42675099999,JABALPUR,23.2,79.95,25.6,1003.9,80.53
2009-08-16T06:00:00,42675099999,JABALPUR,23.2,79.95,28.0,1005.1,74.3
2009-08-16T09:00:00,42675099999,JABALPUR,23.2,79.95,25.2,1004.4,91.41
2009-08-16T12:00:00,42675099999,JABALPUR,23.2,79.95,25.4,1004.0,90.33
2009-08-16T15:00:00,42675099999,JABALPUR,23.2,79.95,24.2,1005.6,89.7
2009-08-16T18:00:00,42675099999,JABALPUR,23.2,79.95,24.2,1006.6,94.73
2009-08-16T21:00:00,42675099999,JABALPUR,23.2,79.95,24.0,1006.0,94.72
2009-08-17T00:00:00,42675099999,JABALPUR,23.2,79.95,24.0,1005.7,94.72
2009-08-17T03:00:00,42675099999,JABALPUR,23.2,79.95,26.4,1007.1,82.61
2009-08-17T06:00:00,42675099999,JABALPUR,23.2,79.95,29.4,1007.0,69.76
2009-08-17T12:00:00,42675099999,JABALPUR,23.2,79.95,30.6,1003.6,63.94
2009-08-17T15:00:00,42675099999,JABALPUR,23.2,79.95,28.6,1006.0,73.51
2009-08-17T18:00:00,42675099999,JABALPUR,23.2,79.95,27.0,1007.5,81.2
2009-08-17T21:00:00,42675099999,JABALPUR,23.2,79.95,25.6,1005.9,88.73
2009-08-18T00:00:00,42675099999,JABALPUR,23.2,79.95,25.0,1006.2,88.14
2009-08-18T03:00:00,42675099999,JABALPUR,23.2,79.95,27.6,1007.7,75.6
2009-08-18T06:00:00,42675099999,JABALPUR,23.2,79.95,30.8,1007.2,64.37
2009-08-18T09:00:00,42675099999,JABALPUR,23.2,79.95,31.6,1004.8,58.95
2009-08-18T12:00:00,42675099999,JABALPUR,23.2,79.95,31.2,1003.8,64.46
2009-08-18T15:00:00,42675099999,JABALPUR,23.2,79.95,29.0,1006.4,73.58
2009-08-18T18:00:00,42675099999,JABALPUR,23.2,79.95,28.4,1007.2,74.82
2009-08-18T21:00:00,42675099999,JABALPUR,23.2,79.95,27.0,1006.5,84.18
2009-08-19T00:00:00,42675099999,JABALPUR,23.2,79.95,27.0,1006.2,76.89
2009-08-19T03:00:00,42675099999,JABALPUR,23.2,79.95,29.0,1007.5,73.58
2009-08-19T06:00:00,42675099999,JABALPUR,23.2,79.95,29.8,1008.2,75.49
2009-08-19T09:00:00,42675099999,JABALPUR,23.2,79.95,30.6,1006.2,65.51
2009-08-19T12:00:00,42675099999,JABALPUR,23.2,79.95,29.2,1004.8,64.43
2009-08-19T15:00:00,42675099999,JABALPUR,23.2,79.95,28.0,1007.3,75.66
2009-08-19T18:00:00,42675099999,JABALPUR,23.2,79.95,26.6,1007.9,82.63
2009-08-19T21:00:00,42675099999,JABALPUR,23.2,79.95,25.6,1007.5,87.14
2009-08-20T00:00:00,42675099999,JABALPUR,23.2,79.95,25.0,1007.3,89.76
2009-08-20T03:00:00,42675099999,JABALPUR,23.2,79.95,27.2,1008.5,79.77
2009-08-20T06:00:00,42675099999,JABALPUR,23.2,79.95,30.0,1008.1,70.29
2009-08-20T09:00:00,42675099999,JABALPUR,23.2,79.95,31.8,1004.4,64.97
2009-08-20T12:00:00,42675099999,JABALPUR,23.2,79.95,27.4,1004.1,78.36
2009-08-20T15:00:00,42675099999,JABALPUR,23.2,79.95,26.6,1006.4,81.64
2009-08-20T18:00:00,42675099999,JABALPUR,23.2,79.95,25.8,1008.2,88.74
2009-08-20T21:00:00,42675099999,JABALPUR,23.2,79.95,25.2,1006.5,86.57
2009-08-21T00:00:00,42675099999,JABALPUR,23.2,79.95,24.6,1005.4,88.11
2009-08-21T03:00:00,42675099999,JABALPUR,23.2,79.95,26.0,1007.1,84.07
2009-08-21T06:00:00,42675099999,JABALPUR,23.2,79.95,29.4,1006.9,74.98
2009-08-21T09:00:00,42675099999,JABALPUR,23.2,79.95,31.8,1003.8,64.97
2009-08-21T12:00:00,42675099999,JABALPUR,23.2,79.95,28.0,1003.0,72.96
2009-08-21T15:00:00,42675099999,JABALPUR,23.2,79.95,24.4,1005.8,88.09
2009-08-21T18:00:00,42675099999,JABALPUR,23.2,79.95,25.4,1006.3,90.33
2009-08-21T21:00:00,42675099999,JABALPUR,23.2,79.95,25.0,1005.1,91.4
2009-08-22T00:00:00,42675099999,JABALPUR,23.2,79.95,25.0,1005.1,91.4
2009-08-22T03:00:00,42675099999,JABALPUR,23.2,79.95,26.4,1006.1,87.21
2009-08-22T06:00:00,42675099999,JABALPUR,23.2,79.95,30.6,1005.3,63.94
2009-08-22T09:00:00,42675099999,JABALPUR,23.2,79.95,32.6,1001.8,54.04
2009-08-22T12:00:00,42675099999,JABALPUR,23.2,79.95,31.0,1001.2,63.26
2009-08-22T15:00:00,42675099999,JABALPUR,23.2,79.95,29.0,1003.5,74.91
2009-08-22T18:00:00,42675099999,JABALPUR,23.2,79.95,26.6,1004.4,84.14
2009-08-22T21:00:00,42675099999,JABALPUR,23.2,79.95,25.4,1003.6,88.18
2009-08-23T00:00:00,42675099999,JABALPUR,23.2,79.95,25.0,1004.5,88.14
2009-08-23T03:00:00,42675099999,JABALPUR,23.2,79.95,27.4,1005.4,82.72
2009-08-23T06:00:00,42675099999,JABALPUR,23.2,79.95,31.4,1004.3,62.21
2009-08-23T09:00:00,42675099999,JABALPUR,23.2,79.95,33.0,1001.8,50.94
2009-08-23T12:00:00,42675099999,JABALPUR,23.2,79.95,32.4,1000.0,56.0
2009-08-23T15:00:00,42675099999,JABALPUR,23.2,79.95,29.6,1002.6,69.8
2009-08-23T18:00:00,42675099999,JABALPUR,23.2,79.95,28.2,1004.1,77.54
2009-08-23T21:00:00,42675099999,JABALPUR,23.2,79.95,26.4,1003.7,76.34
2009-08-24T00:00:00,42675099999,JABALPUR,23.2,79.95,25.6,1003.6,83.52
2009-08-24T03:00:00,42675099999,JABALPUR,23.2,79.95,28.2,1004.6,77.07
2009-08-24T06:00:00,42675099999,JABALPUR,23.2,79.95,32.0,1004.9,62.71
2009-08-24T09:00:00,42675099999,JABALPUR,23.2,79.95,33.0,1001.9,54.14
2009-08-24T12:00:00,42675099999,JABALPUR,23.2,79.95,32.6,1000.1,55.04
2009-08-24T15:00:00,42675099999,JABALPUR,23.2,79.95,28.2,1003.6,66.22
2009-08-24T18:00:00,42675099999,JABALPUR,23.2,79.95,27.0,1004.1,79.74
2009-08-24T21:00:00,42675099999,JABALPUR,23.2,79.95,26.2,1003.1,84.09
2009-08-25T00:00:00,42675099999,JABALPUR,23.2,79.95,25.6,1003.1,88.73
2009-08-25T03:00:00,42675099999,JABALPUR,23.2,79.95,28.0,1003.5,77.51
2009-08-25T09:00:00,42675099999,JABALPUR,23.2,79.95,30.4,1000.4,62.75
2009-08-25T12:00:00,42675099999,JABALPUR,23.2,79.95,25.8,1000.3,94.79
2009-08-25T15:00:00,42675099999,JABALPUR,23.2,79.95,26.4,1002.0,90.4
2009-08-25T18:00:00,42675099999,JABALPUR,23.2,79.95,25.4,1003.3,91.42
2009-08-25T21:00:00,42675099999,JABALPUR,23.2,79.95,24.6,1002.5,94.74
2009-08-26T00:00:00,42675099999,JABALPUR,23.2,79.95,24.6,1002.4,94.74
2009-08-26T03:00:00,42675099999,JABALPUR,23.2,79.95,25.4,1003.7,91.42
2009-08-26T06:00:00,42675099999,JABALPUR,23.2,79.95,28.6,1002.8,79.0
2009-08-26T09:00:00,42675099999,JABALPUR,23.2,79.95,26.6,1000.9,92.04
2009-08-26T12:00:00,42675099999,JABALPUR,23.2,79.95,28.4,999.7,80.41
2009-08-26T15:00:00,42675099999,JABALPUR,23.2,79.95,24.4,1001.9,96.46
2009-08-26T18:00:00,42675099999,JABALPUR,23.2,79.95,25.0,1003.0,96.48
2009-08-27T00:00:00,42675099999,JABALPUR,23.2,79.95,24.6,1001.4,96.47
2009-08-27T03:00:00,42675099999,JABALPUR,23.2,79.95,24.0,1003.2,98.21
2009-08-27T06:00:00,42675099999,JABALPUR,23.2,79.95,26.6,1002.7,93.7
2009-08-27T09:00:00,42675099999,JABALPUR,23.2,79.95,29.6,999.4,76.82
2009-08-27T12:00:00,42675099999,JABALPUR,23.2,79.95,24.4,1000.4,98.22
2009-08-27T15:00:00,42675099999,JABALPUR,23.2,79.95,25.0,1001.8,94.76
2009-08-27T18:00:00,42675099999,JABALPUR,23.2,79.95,24.8,1002.1,96.47
2009-08-27T21:00:00,42675099999,JABALPUR,23.2,79.95,25.2,1001.0,96.48
2009-08-28T00:00:00,42675099999,JABALPUR,23.2,79.95,24.8,1001.0,98.22
2009-08-28T03:00:00,42675099999,JABALPUR,23.2,79.95,25.6,1002.5,87.14
2009-08-28T06:00:00,42675099999,JABALPUR,23.2,79.95,26.4,1002.3,92.03
2009-08-28T09:00:00,42675099999,JABALPUR,23.2,79.95,27.0,1000.4,85.71
2009-08-28T12:00:00,42675099999,JABALPUR,23.2,79.95,26.0,1000.5,93.67
2009-08-28T15:00:00,42675099999,JABALPUR,23.2,79.95,25.4,1002.6,94.77
2009-08-28T18:00:00,42675099999,JABALPUR,23.2,79.95,25.2,1003.1,94.77
2009-08-28T21:00:00,42675099999,JABALPUR,23.2,79.95,25.0,1002.4,94.76
2009-08-29T00:00:00,42675099999,JABALPUR,23.2,79.95,24.6,1002.7,96.47
2009-08-29T03:00:00,42675099999,JABALPUR,23.2,79.95,26.2,1003.8,90.38
2009-08-29T06:00:00,42675099999,JABALPUR,23.2,79.95,29.0,1003.5,73.58
2009-08-29T09:00:00,42675099999,JABALPUR,23.2,79.95,29.2,1001.1,72.29
2009-08-29T12:00:00,42675099999,JABALPUR,23.2,79.95,28.2,1000.8,74.34
2009-08-29T15:00:00,42675099999,JABALPUR,23.2,79.95,27.0,1003.8,82.68
2009-08-29T18:00:00,42675099999,JABALPUR,23.2,79.95,26.0,1005.6,87.17
2009-08-29T21:00:00,42675099999,JABALPUR,23.2,79.95,25.6,1004.5,91.44
2009-08-30T00:00:00,42675099999,JABALPUR,23.2,79.95,25.0,1004.4,93.07
2009-08-30T03:00:00,42675099999,JABALPUR,23.2,79.95,27.0,1006.0,84.18
2009-08-30T06:00:00,42675099999,JABALPUR,23.2,79.95,31.0,1006.2,72.17
2009-08-30T09:00:00,42675099999,JABALPUR,23.2,79.95,30.0,1004.0,69.04
2009-08-30T12:00:00,42675099999,JABALPUR,23.2,79.95,30.6,1002.5,70.4
2009-08-30T15:00:00,42675099999,JABALPUR,23.2,79.95,28.0,1005.9,78.45
2009-08-30T18:00:00,42675099999,JABALPUR,23.2,79.95,27.4,1007.1,84.22
2009-08-30T21:00:00,42675099999,JABALPUR,23.2,79.95,26.6,1005.9,87.23
2009-08-31T00:00:00,42675099999,JABALPUR,23.2,79.95,26.0,1005.9,92.01
2009-08-31T03:00:00,42675099999,JABALPUR,23.2,79.95,29.0,1007.3,79.06
2009-08-31T06:00:00,42675099999,JABALPUR,23.2,79.95,30.0,1007.2,75.52
2009-08-31T09:00:00,42675099999,JABALPUR,23.2,79.95,31.4,1004.2,67.26
2009-08-31T12:00:00,42675099999,JABALPUR,23.2,79.95,24.8,1005.8,93.06
2009-08-31T15:00:00,42675099999,JABALPUR,23.2,79.95,25.0,1007.3,94.76
2009-08-31T18:00:00,42675099999,JABALPUR,23.2,79.95,24.6,1008.1,94.74
2009-08-31T21:00:00,42675099999,JABALPUR,23.2,79.95,24.4,1007.1,94.74
2009-09-01T00:00:00,42675099999,JABALPUR,23.2,79.95,24.6,1006.4,94.74
2009-09-01T03:00:00,42675099999,JABALPUR,23.2,79.95,25.6,1007.4,90.34
2009-09-01T06:00:00,42675099999,JABALPUR,23.2,79.95,28.2,1006.4,78.95
2009-09-01T09:00:00,42675099999,JABALPUR,23.2,79.95,31.0,1003.0,67.99
2009-09-01T15:00:00,42675099999,JABALPUR,23.2,79.95,26.4,1004.3,87.21
2009-09-01T18:00:00,42675099999,JABALPUR,23.2,79.95,26.0,1004.3,94.8
2009-09-02T03:00:00,42675099999,JABALPUR,23.2,79.95,25.6,1004.9,91.44
2009-09-02T06:00:00,42675099999,JABALPUR,23.2,79.95,27.8,1004.0,79.85
2009-09-02T09:00:00,42675099999,JABALPUR,23.2,79.95,30.6,1000.0,63.94
2009-09-02T12:00:00,42675099999,JABALPUR,23.2,79.95,30.2,998.3,72.9
2009-09-02T13:00:00,42675099999,JABALPUR,23.2,79.95,30.0,,74.63
2009-09-02T14:00:00,42675099999,JABALPUR,23.2,79.95,29.0,,79.06
2009-09-02T15:00:00,42675099999,JABALPUR,23.2,79.95,28.6,1001.0,81.88
2009-09-02T18:00:00,42675099999,JABALPUR,23.2,79.95,25.4,1002.6,91.42
2009-09-02T21:00:00,42675099999,JABALPUR,23.2,79.95,25.0,1002.1,91.4
2009-09-03T00:00:00,42675099999,JABALPUR,23.2,79.95,24.2,1001.2,93.03
2009-09-03T03:00:00,42675099999,JABALPUR,23.2,79.95,26.8,1002.8,82.65
2009-09-03T06:00:00,42675099999,JABALPUR,23.2,79.95,29.4,1002.5,74.98
2009-09-03T09:00:00,42675099999,JABALPUR,23.2,79.95,29.6,999.3,76.82
2009-09-03T12:00:00,42675099999,JABALPUR,23.2,79.95,28.4,998.5,81.86
2009-09-03T15:00:00,42675099999,JABALPUR,23.2,79.95,24.4,1002.6,88.09
2009-09-03T18:00:00,42675099999,JABALPUR,23.2,79.95,24.8,1003.7,93.06
2009-09-03T21:00:00,42675099999,JABALPUR,23.2,79.95,24.6,1001.3,93.05
2009-09-04T00:00:00,42675099999,JABALPUR,23.2,79.95,24.6,1000.9,94.74
2009-09-04T03:00:00,42675099999,JABALPUR,23.2,79.95,25.8,1002.9,85.59
2009-09-04T06:00:00,42675099999,JABALPUR,23.2,79.95,28.6,1002.8,76.21
2009-09-04T12:00:00,42675099999,JABALPUR,23.2,79.95,30.6,997.7,63.94
2009-09-04T15:00:00,42675099999,JABALPUR,23.2,79.95,25.0,1001.0,86.56
2009-09-04T18:00:00,42675099999,JABALPUR,23.2,79.95,25.4,1001.7,93.09
2009-09-04T21:00:00,42675099999,JABALPUR,23.2,79.95,23.4,1000.9,98.2
2009-09-05T00:00:00,42675099999,JABALPUR,23.2,79.95,23.4,999.8,98.2
2009-09-05T03:00:00,42675099999,JABALPUR,23.2,79.95,24.6,1001.9,96.47
2009-09-05T06:00:00,42675099999,JABALPUR,23.2,79.95,26.0,1001.3,90.37
2009-09-05T09:00:00,42675099999,JABALPUR,23.2,79.95,29.2,997.4,72.29
2009-09-05T12:00:00,42675099999,JABALPUR,23.2,79.95,26.4,997.2,90.4
2009-09-05T15:00:00,42675099999,JABALPUR,23.2,79.95,26.2,999.4,90.38
2009-09-05T18:00:00,42675099999,JABALPUR,23.2,79.95,25.0,999.8,91.4
2009-09-05T21:00:00,42675099999,JABALPUR,23.2,79.95,25.0,999.2,
2009-09-06T00:00:00,42675099999,JABALPUR,23.2,79.95,25.0,998.7,96.48
2009-09-06T03:00:00,42675099999,JABALPUR,23.2,79.95,26.8,999.6,88.82
2009-09-06T06:00:00,42675099999,JABALPUR,23.2,79.95,29.0,999.2,76.27
2009-09-06T09:00:00,42675099999,JABALPUR,23.2,79.95,29.8,997.1,69.83
2009-09-06T12:00:00,42675099999,JABALPUR,23.2,79.95,30.0,,70.29
2009-09-06T15:00:00,42675099999,JABALPUR,23.2,79.95,27.4,998.5,81.25
2009-09-06T18:00:00,42675099999,JABALPUR,23.2,79.95,26.2,999.4,87.19
2009-09-06T21:00:00,42675099999,JABALPUR,23.2,79.95,26.0,998.5,88.76
2009-09-07T00:00:00,42675099999,JABALPUR,23.2,79.95,24.6,998.7,91.37
2009-09-07T03:00:00,42675099999,JABALPUR,23.2,79.95,25.6,999.9,85.05
2009-09-07T06:00:00,42675099999,JABALPUR,23.2,79.95,24.8,1001.0,93.06
2009-09-07T09:00:00,42675099999,JABALPUR,23.2,79.95,25.6,998.9,87.14
2009-09-07T12:00:00,42675099999,JABALPUR,23.2,79.95,25.0,997.9,91.4
2009-09-07T21:00:00,42675099999,JABALPUR,23.2,79.95,24.4,996.6,93.04
2009-09-08T00:00:00,42675099999,JABALPUR,23.2,79.95,23.4,996.1,98.2
2009-09-08T03:00:00,42675099999,JABALPUR,23.2,79.95,23.4,996.3,98.2
2009-09-08T06:00:00,42675099999,JABALPUR,23.2,79.95,24.0,995.1,98.21
2009-09-08T09:00:00,42675099999,JABALPUR,23.2,79.95,24.0,992.6,98.21
2009-09-08T12:00:00,42675099999,JABALPUR,23.2,79.95,24.2,991.4,98.21
2009-09-08T18:00:00,42675099999,JABALPUR,23.2,79.95,23.6,993.4,96.44
2009-09-08T21:00:00,42675099999,JABALPUR,23.2,79.95,23.0,993.5,96.43
2009-09-09T00:00:00,42675099999,JABALPUR,23.2,79.95,23.6,994.2,91.31
2009-09-09T03:00:00,42675099999,JABALPUR,23.2,79.95,24.0,996.2,91.34
2009-09-09T06:00:00,42675099999,JABALPUR,23.2,79.95,24.0,996.3,94.72
2009-09-09T09:00:00,42675099999,JABALPUR,23.2,79.95,24.4,995.2,84.93
2009-09-09T12:00:00,42675099999,JABALPUR,23.2,79.95,23.4,995.5,96.44
2009-09-09T15:00:00,42675099999,JABALPUR,23.2,79.95,22.4,998.0,96.41
2009-09-09T21:00:00,42675099999,JABALPUR,23.2,79.95,22.6,998.3,94.67
2009-09-10T00:00:00,42675099999,JABALPUR,23.2,79.95,23.0,999.2,94.68
2009-09-10T03:00:00,42675099999,JABALPUR,23.2,79.95,23.2,1001.4,96.43
2009-09-10T06:00:00,42675099999,JABALPUR,23.2,79.95,24.2,1002.4,94.73
2009-09-10T09:00:00,42675099999,JABALPUR,23.2,79.95,25.2,1001.4,89.77
2009-09-10T12:00:00,42675099999,JABALPUR,23.2,79.95,25.0,1001.2,91.4
2009-09-10T15:00:00,42675099999,JABALPUR,23.2,79.95,24.2,999.1,94.73
2009-09-10T21:00:00,42675099999,JABALPUR,23.2,79.95,23.6,1003.7,96.44
2009-09-11T00:00:00,42675099999,JABALPUR,23.2,79.95,23.6,1004.4,96.44
2009-09-11T03:00:00,42675099999,JABALPUR,23.2,79.95,25.2,1006.2,89.77
2009-09-11T06:00:00,42675099999,JABALPUR,23.2,79.95,27.6,1007.0,78.39
2009-09-11T09:00:00,42675099999,JABALPUR,23.2,79.95,29.6,1005.1,69.8
2009-09-11T12:00:00,42675099999,JABALPUR,23.2,79.95,27.6,1005.2,75.6
2009-09-11T18:00:00,42675099999,JABALPUR,23.2,79.95,24.6,1009.1,91.37
2009-09-11T21:00:00,42675099999,JABALPUR,23.2,79.95,24.0,1008.6,94.72
2009-09-12T00:00:00,42675099999,JABALPUR,23.2,79.95,23.6,1008.7,94.7
2009-09-12T03:00:00,42675099999,JABALPUR,23.2,79.95,26.0,1011.2,85.61
2009-09-12T06:00:00,42675099999,JABALPUR,23.2,79.95,29.8,1010.4,66.14
2009-09-12T09:00:00,42675099999,JABALPUR,23.2,79.95,31.2,1007.5,64.46
2009-09-12T12:00:00,42675099999,JABALPUR,23.2,79.95,31.4,1006.6,61.09
2009-09-12T15:00:00,42675099999,JABALPUR,23.2,79.95,28.4,1008.5,77.57
2009-09-12T18:00:00,42675099999,JABALPUR,23.2,79.95,27.0,1009.0,84.18
2009-09-12T21:00:00,42675099999,JABALPUR,23.2,79.95,25.8,1008.4,90.36
2009-09-13T03:00:00,42675099999,JABALPUR,23.2,79.95,27.0,1010.1,76.89
2009-09-13T06:00:00,42675099999,JABALPUR,23.2,79.95,30.8,1008.9,55.61
2009-09-13T09:00:00,42675099999,JABALPUR,23.2,79.95,32.4,1006.1,61.68
2009-09-13T12:00:00,42675099999,JABALPUR,23.2,79.95,32.4,1004.9,56.0
2009-09-13T15:00:00,42675099999,JABALPUR,23.2,79.95,27.4,1007.6,76.95
2009-09-13T18:00:00,42675099999,JABALPUR,23.2,79.95,26.6,1008.2,87.23
2009-09-13T21:00:00,42675099999,JABALPUR,23.2,79.95,26.0,1007.2,84.07
2009-09-14T00:00:00,42675099999,JABALPUR,23.2,79.95,25.0,1008.2,88.14
2009-09-14T03:00:00,42675099999,JABALPUR,23.2,79.95,26.8,1009.3,81.17
2009-09-14T09:00:00,42675099999,JABALPUR,23.2,79.95,33.0,1005.5,55.47
2009-09-14T12:00:00,42675099999,JABALPUR,23.2,79.95,32.2,1004.4,54.61
2009-09-14T15:00:00,42675099999,JABALPUR,23.2,79.95,29.0,1006.0,72.26
2009-09-14T18:00:00,42675099999,JABALPUR,23.2,79.95,27.0,1007.1,76.89
2009-09-14T21:00:00,42675099999,JABALPUR,23.2,79.95,25.4,1006.6,83.5
2009-09-15T03:00:00,42675099999,JABALPUR,23.2,79.95,26.2,1007.6,79.15
2009-09-15T06:00:00,42675099999,JABALPUR,23.2,79.95,30.6,1006.6,60.54
2009-09-15T09:00:00,42675099999,JABALPUR,23.2,79.95,32.6,1004.0,51.78
2009-09-15T12:00:00,42675099999,JABALPUR,23.2,79.95,32.2,1004.4,54.61
2009-09-15T15:00:00,42675099999,JABALPUR,23.2,79.95,27.0,1005.8,69.74
2009-09-15T18:00:00,42675099999,JABALPUR,23.2,79.95,26.4,1006.2,74.95
2009-09-15T21:00:00,42675099999,JABALPUR,23.2,79.95,25.0,1005.1,80.45
2009-09-16T00:00:00,42675099999,JABALPUR,23.2,79.95,24.0,1006.1,86.46
2009-09-16T03:00:00,42675099999,JABALPUR,23.2,79.95,26.2,1008.0,77.72
2009-09-16T06:00:00,42675099999,JABALPUR,23.2,79.95,29.8,1007.8,66.14
2009-09-16T09:00:00,42675099999,JABALPUR,23.2,79.95,32.0,1005.2,54.56
2009-09-16T12:00:00,42675099999,JABALPUR,23.2,79.95,31.8,1004.4,52.22
2009-09-16T15:00:00,42675099999,JABALPUR,23.2,79.95,28.4,1006.5,66.26
2009-09-16T18:00:00,42675099999,JABALPUR,23.2,79.95,27.0,1007.2,75.5
2009-09-16T21:00:00,42675099999,JABALPUR,23.2,79.95,25.4,1006.6,83.5
2009-09-17T00:00:00,42675099999,JABALPUR,23.2,79.95,24.6,1007.5,84.95
2009-09-17T03:00:00,42675099999,JABALPUR,23.2,79.95,26.6,1009.4,74.98
2009-09-17T06:00:00,42675099999,JABALPUR,23.2,79.95,30.2,1008.7,61.19
2009-09-17T09:00:00,42675099999,JABALPUR,23.2,79.95,32.4,1006.1,51.41
2009-09-17T12:00:00,42675099999,JABALPUR,23.2,79.95,32.4,1005.8,49.24
2009-09-17T15:00:00,42675099999,JABALPUR,23.2,79.95,28.4,1008.1,71.72
2009-09-17T18:00:00,42675099999,JABALPUR,23.2,79.95,27.6,1008.5,79.82
2009-09-17T21:00:00,42675099999,JABALPUR,23.2,79.95,26.2,1007.6,82.58
2009-09-18T00:00:00,42675099999,JABALPUR,23.2,79.95,25.0,1008.3,89.76
2009-09-18T03:00:00,42675099999,JABALPUR,23.2,79.95,26.6,1009.8,81.15
2009-09-18T09:00:00,42675099999,JABALPUR,23.2,79.95,32.4,1007.0,49.24
2009-09-18T12:00:00,42675099999,JABALPUR,23.2,79.95,32.0,1005.9,50.99
2009-09-18T15:00:00,42675099999,JABALPUR,23.2,79.95,28.0,1008.1,77.51
2009-09-18T18:00:00,42675099999,JABALPUR,23.2,79.95,27.0,1009.0,79.74
2009-09-18T21:00:00,42675099999,JABALPUR,23.2,79.95,26.0,1008.0,82.56
2009-09-19T00:00:00,42675099999,JABALPUR,23.2,79.95,25.4,1008.2,81.99
2009-09-19T03:00:00,42675099999,JABALPUR,23.2,79.95,27.4,1008.9,71.1
2009-09-19T06:00:00,42675099999,JABALPUR,23.2,79.95,31.4,1008.5,59.99
2009-09-19T09:00:00,42675099999,JABALPUR,23.2,79.95,33.6,1006.2,45.19
2009-09-19T12:00:00,42675099999,JABALPUR,23.2,79.95,33.4,1005.0,45.98
2009-09-19T15:00:00,42675099999,JABALPUR,23.2,79.95,30.2,1007.3,67.84
2009-09-19T18:00:00,42675099999,JABALPUR,23.2,79.95,28.4,1008.2,70.42
2009-09-19T21:00:00,42675099999,JABALPUR,23.2,79.95,26.6,1007.0,78.25
2009-09-20T00:00:00,42675099999,JABALPUR,23.2,79.95,25.4,1007.2,85.03
2009-09-20T03:00:00,42675099999,JABALPUR,23.2,79.95,27.8,1009.2,70.31
2009-09-20T06:00:00,42675099999,JABALPUR,23.2,79.95,32.6,1008.2,56.05
2009-09-20T09:00:00,42675099999,JABALPUR,23.2,79.95,34.4,1005.2,47.1
2009-09-20T12:00:00,42675099999,JABALPUR,23.2,79.95,34.2,1004.0,45.91
2009-09-20T15:00:00,42675099999,JABALPUR,23.2,79.95,30.0,1006.5,67.39
2009-09-20T18:00:00,42675099999,JABALPUR,23.2,79.95,28.0,1007.5,72.96
2009-09-21T00:00:00,42675099999,JABALPUR,23.2,79.95,26.0,1007.0,84.07
2009-09-21T03:00:00,42675099999,JABALPUR,23.2,79.95,28.0,1009.3,74.3
2009-09-21T06:00:00,42675099999,JABALPUR,23.2,79.95,32.4,1008.2,56.0
2009-09-21T12:00:00,42675099999,JABALPUR,23.2,79.95,33.6,1004.1,53.63
2009-09-21T15:00:00,42675099999,JABALPUR,23.2,79.95,31.0,1006.4,59.54
2009-09-21T18:00:00,42675099999,JABALPUR,23.2,79.95,29.2,1007.2,63.26
2009-09-21T21:00:00,42675099999,JABALPUR,23.2,79.95,27.2,1006.4,72.38
2009-09-22T00:00:00,42675099999,JABALPUR,23.2,79.95,26.4,1006.9,74.95
2009-09-22T03:00:00,42675099999,JABALPUR,23.2,79.95,28.4,1008.2,71.72
2009-09-22T06:00:00,42675099999,JABALPUR,23.2,79.95,33.0,1007.1,50.01
2009-09-22T09:00:00,42675099999,JABALPUR,23.2,79.95,34.8,1003.3,46.35
2009-09-22T12:00:00,42675099999,JABALPUR,23.2,79.95,34.4,1002.5,52.23
2009-09-22T15:00:00,42675099999,JABALPUR,23.2,79.95,31.0,1004.7,62.12
2009-09-22T18:00:00,42675099999,JABALPUR,23.2,79.95,28.6,1005.6,73.51
2009-09-22T21:00:00,42675099999,JABALPUR,23.2,79.95,27.0,1004.9,76.89
2009-09-23T00:00:00,42675099999,JABALPUR,23.2,79.95,26.0,1005.3,79.12
2009-09-23T03:00:00,42675099999,JABALPUR,23.2,79.95,28.4,1007.0,66.26
2009-09-23T06:00:00,42675099999,JABALPUR,23.2,79.95,32.4,1006.2,50.47
2009-09-23T09:00:00,42675099999,JABALPUR,23.2,79.95,32.6,1003.8,55.04
2009-09-23T12:00:00,42675099999,JABALPUR,23.2,79.95,34.6,1002.5,43.27
2009-09-23T15:00:00,42675099999,JABALPUR,23.2,79.95,27.4,1005.5,69.81
2009-09-23T18:00:00,42675099999,JABALPUR,23.2,79.95,17.8,1006.0,
2009-09-23T21:00:00,42675099999,JABALPUR,23.2,79.95,25.6,1005.9,76.21
2009-09-24T00:00:00,42675099999,JABALPUR,23.2,79.95,25.4,1006.4,72.96
2009-09-24T03:00:00,42675099999,JABALPUR,23.2,79.95,27.4,1007.7,67.29
2009-09-24T06:00:00,42675099999,JABALPUR,23.2,79.95,32.2,1006.8,49.5
2009-09-24T09:00:00,42675099999,JABALPUR,23.2,79.95,35.4,1003.8,35.64
2009-09-24T12:00:00,42675099999,JABALPUR,23.2,79.95,34.0,1003.5,37.8
2009-09-24T15:00:00,42675099999,JABALPUR,23.2,79.95,27.6,1005.6,65.69
2009-09-24T18:00:00,42675099999,JABALPUR,23.2,79.95,27.4,1006.0,71.1
2009-09-24T21:00:00,42675099999,JABALPUR,23.2,79.95,26.0,1006.3,71.73
2009-09-25T00:00:00,42675099999,JABALPUR,23.2,79.95,24.4,1005.8,79.88
2009-09-25T03:00:00,42675099999,JABALPUR,23.2,79.95,27.2,1007.6,66.83
2009-09-25T06:00:00,42675099999,JABALPUR,23.2,79.95,32.2,1006.7,47.99
2009-09-25T12:00:00,42675099999,JABALPUR,23.2,79.95,33.4,1003.4,42.94
2009-09-25T15:00:00,42675099999,JABALPUR,23.2,79.95,30.0,1004.9,50.48
2009-09-25T18:00:00,42675099999,JABALPUR,23.2,79.95,25.6,1006.2,74.36
2009-09-25T21:00:00,42675099999,JABALPUR,23.2,79.95,25.2,1005.7,75.68
2009-09-26T00:00:00,42675099999,JABALPUR,23.2,79.95,24.0,1006.5,78.35
2009-09-26T03:00:00,42675099999,JABALPUR,23.2,79.95,26.4,1007.7,67.92
2009-09-26T09:00:00,42675099999,JABALPUR,23.2,79.95,33.4,1003.0,51.35
2009-09-26T12:00:00,42675099999,JABALPUR,23.2,79.95,28.0,1004.1,70.35
2009-09-26T15:00:00,42675099999,JABALPUR,23.2,79.95,27.6,1006.0,72.9
2009-09-26T18:00:00,42675099999,JABALPUR,23.2,79.95,26.6,1006.6,78.25
2009-09-26T21:00:00,42675099999,JABALPUR,23.2,79.95,26.0,1005.3,84.07
2009-09-27T03:00:00,42675099999,JABALPUR,23.2,79.95,27.4,1006.2,78.36
2009-09-27T09:00:00,42675099999,JABALPUR,23.2,79.95,32.6,1002.3,54.04
2009-09-27T12:00:00,42675099999,JABALPUR,23.2,79.95,32.2,1001.9,55.95
2009-09-27T15:00:00,42675099999,JABALPUR,23.2,79.95,30.0,1005.0,71.57
2009-09-27T18:00:00,42675099999,JABALPUR,23.2,79.95,26.6,1006.1,79.69
2009-09-27T21:00:00,42675099999,JABALPUR,23.2,79.95,25.6,1004.9,83.52
2009-09-28T00:00:00,42675099999,JABALPUR,23.2,79.95,24.6,1005.0,88.11
2009-09-28T03:00:00,42675099999,JABALPUR,23.2,79.95,27.0,1006.4,81.2
2009-09-28T06:00:00,42675099999,JABALPUR,23.2,79.95,31.2,1004.9,64.46
2009-09-28T09:00:00,42675099999,JABALPUR,23.2,79.95,33.2,1001.4,53.21
2009-09-28T12:00:00,42675099999,JABALPUR,23.2,79.95,32.4,1000.5,57.03
2009-09-28T15:00:00,42675099999,JABALPUR,23.2,79.95,29.0,1003.6,68.02
2009-09-28T18:00:00,42675099999,JABALPUR,23.2,79.95,28.0,1004.1,77.51
2009-09-28T21:00:00,42675099999,JABALPUR,23.2,79.95,27.0,1003.7,87.26
2009-09-29T03:00:00,42675099999,JABALPUR,23.2,79.95,28.2,1005.2,80.38
2009-09-29T06:00:00,42675099999,JABALPUR,23.2,79.95,32.4,1003.9,58.43
2009-09-29T09:00:00,42675099999,JABALPUR,23.2,79.95,33.4,1001.1,52.3
2009-09-29T12:00:00,42675099999,JABALPUR,23.2,79.95,32.4,999.9,51.41
2009-09-29T15:00:00,42675099999,JABALPUR,23.2,79.95,29.2,1002.8,71.0
2009-09-29T18:00:00,42675099999,JABALPUR,23.2,79.95,27.4,1003.6,79.79
2009-09-29T21:00:00,42675099999,JABALPUR,23.2,79.95,26.4,1002.1,84.12
2009-09-30T03:00:00,42675099999,JABALPUR,23.2,79.95,27.8,1005.6,77.01
2009-09-30T06:00:00,42675099999,JABALPUR,23.2,79.95,32.2,1004.7,58.03
2009-09-30T09:00:00,42675099999,JABALPUR,23.2,79.95,34.0,1001.7,48.75
2009-09-30T12:00:00,42675099999,JABALPUR,23.2,79.95,32.6,1000.7,54.04
2009-09-30T15:00:00,42675099999,JABALPUR,23.2,79.95,29.6,1003.0,66.1
2009-09-30T18:00:00,42675099999,JABALPUR,23.2,79.95,27.6,1004.1,74.24
2009-09-30T21:00:00,42675099999,JABALPUR,23.2,79.95,26.0,1003.6,84.07
2009-10-01T03:00:00,42675099999,JABALPUR,23.2,79.95,27.4,1005.2,81.25
2009-10-01T06:00:00,42675099999,JABALPUR,23.2,79.95,31.4,1004.0,59.99
2009-10-01T09:00:00,42675099999,JABALPUR,23.2,79.95,32.6,1000.7,52.74
2009-10-01T12:00:00,42675099999,JABALPUR,23.2,79.95,31.6,1000.9,56.49
2009-10-01T15:00:00,42675099999,JABALPUR,23.2,79.95,28.4,1003.3,69.15
2009-10-01T18:00:00,42675099999,JABALPUR,23.2,79.95,27.4,1003.8,68.54
2009-10-01T21:00:00,42675099999,JABALPUR,23.2,79.95,26.0,1002.7,80.58
2009-10-02T00:00:00,42675099999,JABALPUR,23.2,79.95,24.6,1002.8,83.41
2009-10-02T03:00:00,42675099999,JABALPUR,23.2,79.95,25.4,1004.2,80.5
2009-10-02T06:00:00,42675099999,JABALPUR,23.2,79.95,28.8,1003.6,73.54
2009-10-02T09:00:00,42675099999,JABALPUR,23.2,79.95,28.4,1000.9,71.72
2009-10-02T15:00:00,42675099999,JABALPUR,23.2,79.95,24.4,1003.4,98.22
2009-10-02T18:00:00,42675099999,JABALPUR,23.2,79.95,24.6,1003.1,98.22
2009-10-02T21:00:00,42675099999,JABALPUR,23.2,79.95,24.6,1002.8,94.74
2009-10-03T00:00:00,42675099999,JABALPUR,23.2,79.95,24.2,1003.1,96.46
2009-10-03T03:00:00,42675099999,JABALPUR,23.2,79.95,24.8,1004.5,93.06
2009-10-03T06:00:00,42675099999,JABALPUR,23.2,79.95,27.6,1003.9,81.27
2009-10-03T09:00:00,42675099999,JABALPUR,23.2,79.95,30.2,1000.6,70.33
2009-10-03T12:00:00,42675099999,JABALPUR,23.2,79.95,28.4,1000.2,80.41
2009-10-03T15:00:00,42675099999,JABALPUR,23.2,79.95,27.0,1003.4,88.84
2009-10-03T18:00:00,42675099999,JABALPUR,23.2,79.95,26.2,1003.2,87.19
2009-10-03T21:00:00,42675099999,JABALPUR,23.2,79.95,25.0,1002.9,91.4
2009-10-04T03:00:00,42675099999,JABALPUR,23.2,79.95,25.0,1005.4,93.07
2009-10-04T06:00:00,42675099999,JABALPUR,23.2,79.95,28.8,1004.7,80.46
2009-10-04T09:00:00,42675099999,JABALPUR,23.2,79.95,29.8,1001.1,76.85
2009-10-04T12:00:00,42675099999,JABALPUR,23.2,79.95,29.0,1001.0,74.91
2009-10-04T15:00:00,42675099999,JABALPUR,23.2,79.95,27.2,1003.6,82.7
2009-10-04T18:00:00,42675099999,JABALPUR,23.2,79.95,26.4,1004.2,85.65
2009-10-05T00:00:00,42675099999,JABALPUR,23.2,79.95,25.0,1002.9,91.4
2009-10-05T03:00:00,42675099999,JABALPUR,23.2,79.95,27.0,1004.0,82.68
2009-10-05T06:00:00,42675099999,JABALPUR,23.2,79.95,30.6,1003.0,63.94
2009-10-05T09:00:00,42675099999,JABALPUR,23.2,79.95,31.0,999.8,64.41
2009-10-05T12:00:00,42675099999,JABALPUR,23.2,79.95,29.6,1000.0,67.31
2009-10-05T15:00:00,42675099999,JABALPUR,23.2,79.95,26.2,1002.9,82.58
2009-10-05T18:00:00,42675099999,JABALPUR,23.2,79.95,26.0,1003.0,84.07
2009-10-05T21:00:00,42675099999,JABALPUR,23.2,79.95,25.4,1001.6,88.18
2009-10-06T03:00:00,42675099999,JABALPUR,23.2,79.95,27.2,1003.2,79.77
2009-10-06T06:00:00,42675099999,JABALPUR,23.2,79.95,30.4,1002.0,62.75
2009-10-06T09:00:00,42675099999,JABALPUR,23.2,79.95,29.8,999.9,66.14
2009-10-06T12:00:00,42675099999,JABALPUR,23.2,79.95,26.0,1001.1,85.61
2009-10-06T15:00:00,42675099999,JABALPUR,23.2,79.95,25.2,1003.1,91.41
2009-10-06T18:00:00,42675099999,JABALPUR,23.2,79.95,25.0,1003.7,83.45
2009-10-06T21:00:00,42675099999,JABALPUR,23.2,79.95,24.6,1002.7,94.74
2009-10-07T00:00:00,42675099999,JABALPUR,23.2,79.95,24.4,1002.8,94.74
2009-10-07T03:00:00,42675099999,JABALPUR,23.2,79.95,24.6,1005.5,86.52
2009-10-07T06:00:00,42675099999,JABALPUR,23.2,79.95,29.0,1004.1,65.58
2009-10-07T12:00:00,42675099999,JABALPUR,23.2,79.95,29.6,1002.5,44.11
2009-10-07T15:00:00,42675099999,JABALPUR,23.2,79.95,24.4,1005.1,75.55
2009-10-07T18:00:00,42675099999,JABALPUR,23.2,79.95,23.0,1005.8,84.26
2009-10-08T00:00:00,42675099999,JABALPUR,23.2,79.95,22.2,1005.1,82.61
2009-10-08T06:00:00,42675099999,JABALPUR,23.2,79.95,29.0,1006.5,66.79
2009-10-08T09:00:00,42675099999,JABALPUR,23.2,79.95,30.8,1003.7,58.05
2009-10-08T12:00:00,42675099999,JABALPUR,23.2,79.95,30.0,1003.8,58.58
2009-10-08T15:00:00,42675099999,JABALPUR,23.2,79.95,27.0,1005.8,69.74
2009-10-08T18:00:00,42675099999,JABALPUR,23.2,79.95,25.4,1006.2,74.33
2009-10-08T21:00:00,42675099999,JABALPUR,23.2,79.95,24.2,1005.7,81.34
2009-10-09T00:00:00,42675099999,JABALPUR,23.2,79.95,23.4,1006.4,82.76
2009-10-09T03:00:00,42675099999,JABALPUR,23.2,79.95,24.6,1008.2,77.0
2009-10-09T06:00:00,42675099999,JABALPUR,23.2,79.95,29.2,1007.6,56.97
2009-10-09T09:00:00,42675099999,JABALPUR,23.2,79.95,31.4,1005.5,51.79
2009-10-09T12:00:00,42675099999,JABALPUR,23.2,79.95,30.4,1005.5,49.65
2009-10-09T15:00:00,42675099999,JABALPUR,23.2,79.95,25.4,1007.7,71.62
2009-10-09T18:00:00,42675099999,JABALPUR,23.2,79.95,23.8,1008.6,76.4
2009-10-09T21:00:00,42675099999,JABALPUR,23.2,79.95,22.6,1008.4,77.66
2009-10-10T00:00:00,42675099999,JABALPUR,23.2,79.95,21.6,1009.3,82.03
2009-10-10T03:00:00,42675099999,JABALPUR,23.2,79.95,24.6,1010.9,67.99
2009-10-10T06:00:00,42675099999,JABALPUR,23.2,79.95,29.0,1010.5,57.99
2009-10-10T09:00:00,42675099999,JABALPUR,23.2,79.95,31.4,,33.65
2009-10-10T12:00:00,42675099999,JABALPUR,23.2,79.95,30.2,1007.9,40.49
2009-10-10T15:00:00,42675099999,JABALPUR,23.2,79.95,24.2,1010.4,75.05
2009-10-10T18:00:00,42675099999,JABALPUR,23.2,79.95,24.0,1011.1,72.27
2009-10-10T21:00:00,42675099999,JABALPUR,23.2,79.95,22.2,1010.5,79.08
2009-10-11T03:00:00,42675099999,JABALPUR,23.2,79.95,24.8,1012.8,66.76
2009-10-11T06:00:00,42675099999,JABALPUR,23.2,79.95,29.8,1011.5,53.68
2009-10-11T09:00:00,42675099999,JABALPUR,23.2,79.95,31.6,1009.1,32.84
2009-10-11T12:00:00,42675099999,JABALPUR,23.2,79.95,29.6,1009.8,48.82
2009-10-11T15:00:00,42675099999,JABALPUR,23.2,79.95,24.4,1012.1,73.7
2009-10-11T18:00:00,42675099999,JABALPUR,23.2,79.95,24.0,1012.4,75.02
2009-10-11T21:00:00,42675099999,JABALPUR,23.2,79.95,22.6,1012.0,81.13
2009-10-12T03:00:00,42675099999,JABALPUR,23.2,79.95,23.8,1014.1,76.4
2009-10-12T06:00:00,42675099999,JABALPUR,23.2,79.95,30.0,1012.7,43.66
2009-10-12T09:00:00,42675099999,JABALPUR,23.2,79.95,31.6,1009.5,35.96
2009-10-12T12:00:00,42675099999,JABALPUR,23.2,79.95,30.6,1009.8,48.77
2009-10-12T15:00:00,42675099999,JABALPUR,23.2,79.95,24.6,1012.5,71.03
2009-10-12T18:00:00,42675099999,JABALPUR,23.2,79.95,24.4,1012.4,67.95
2009-10-12T21:00:00,42675099999,JABALPUR,23.2,79.95,23.2,1011.8,73.04
2009-10-13T00:00:00,42675099999,JABALPUR,23.2,79.95,22.0,1011.8,77.09
2009-10-13T03:00:00,42675099999,JABALPUR,23.2,79.95,25.0,1013.7,71.11
2009-10-13T06:00:00,42675099999,JABALPUR,23.2,79.95,31.0,1012.9,44.77
2009-10-13T09:00:00,42675099999,JABALPUR,23.2,79.95,32.2,1009.6,34.76
2009-10-13T12:00:00,42675099999,JABALPUR,23.2,79.95,30.8,1009.7,47.62
2009-10-13T15:00:00,42675099999,JABALPUR,23.2,79.95,25.0,1012.5,77.06
2009-10-13T18:00:00,42675099999,JABALPUR,23.2,79.95,24.6,1013.1,72.37
2009-10-13T21:00:00,42675099999,JABALPUR,23.2,79.95,23.6,1012.0,78.3
2009-10-14T00:00:00,42675099999,JABALPUR,23.2,79.95,22.6,1012.3,81.13
2009-10-14T03:00:00,42675099999,JABALPUR,23.2,79.95,25.4,1013.9,65.64
2009-10-14T06:00:00,42675099999,JABALPUR,23.2,79.95,30.4,1012.3,48.42
2009-10-14T09:00:00,42675099999,JABALPUR,23.2,79.95,32.4,1009.6,42.94
2009-10-14T12:00:00,42675099999,JABALPUR,23.2,79.95,28.6,1010.0,73.51
2009-10-14T15:00:00,42675099999,JABALPUR,23.2,79.95,26.0,1012.4,76.27
2009-10-14T18:00:00,42675099999,JABALPUR,23.2,79.95,24.0,1013.1,86.46
2009-10-14T21:00:00,42675099999,JABALPUR,23.2,79.95,22.6,1012.0,84.22
2009-10-15T00:00:00,42675099999,JABALPUR,23.2,79.95,22.0,1012.1,87.35
2009-10-15T03:00:00,42675099999,JABALPUR,23.2,79.95,25.2,1013.3,77.57
2009-10-15T06:00:00,42675099999,JABALPUR,23.2,79.95,29.8,1012.3,50.11
2009-10-15T09:00:00,42675099999,JABALPUR,23.2,79.95,31.4,1009.7,37.8
2009-10-15T12:00:00,42675099999,JABALPUR,23.2,79.95,29.2,1009.8,51.88
2009-10-15T15:00:00,42675099999,JABALPUR,23.2,79.95,23.0,1013.0,65.13
2009-10-15T18:00:00,42675099999,JABALPUR,23.2,79.95,21.0,1013.4,73.11
2009-10-15T21:00:00,42675099999,JABALPUR,23.2,79.95,10.6,1012.0,
2009-10-16T00:00:00,42675099999,JABALPUR,23.2,79.95,19.2,1011.9,84.37
2009-10-16T03:00:00,42675099999,JABALPUR,23.2,79.95,23.0,1013.8,71.18
2009-10-16T12:00:00,42675099999,JABALPUR,23.2,79.95,29.6,1009.5,51.01
2009-10-16T15:00:00,42675099999,JABALPUR,23.2,79.95,23.0,1011.6,74.39
2009-10-16T18:00:00,42675099999,JABALPUR,23.2,79.95,21.0,1012.8,81.95
2009-10-16T21:00:00,42675099999,JABALPUR,23.2,79.95,20.4,1011.2,83.44
2009-10-17T00:00:00,42675099999,JABALPUR,23.2,79.95,20.0,1011.6,79.77
2009-10-17T03:00:00,42675099999,JABALPUR,23.2,79.95,22.6,1012.7,74.32
2009-10-17T06:00:00,42675099999,JABALPUR,23.2,79.95,29.0,1011.5,52.81
2009-10-17T09:00:00,42675099999,JABALPUR,23.2,79.95,32.0,1008.1,26.69
2009-10-17T12:00:00,42675099999,JABALPUR,23.2,79.95,28.6,1007.7,57.53
2009-10-17T15:00:00,42675099999,JABALPUR,23.2,79.95,23.6,1009.9,70.4
2009-10-17T18:00:00,42675099999,JABALPUR,23.2,79.95,23.6,1009.7,65.68
2009-10-17T21:00:00,42675099999,JABALPUR,23.2,79.95,22.4,1010.1,71.07
2009-10-18T00:00:00,42675099999,JABALPUR,23.2,79.95,21.0,1009.8,75.0
2009-10-18T03:00:00,42675099999,JABALPUR,23.2,79.95,23.8,1011.6,68.69
2009-10-18T06:00:00,42675099999,JABALPUR,23.2,79.95,29.4,1010.0,40.53
2009-10-18T09:00:00,42675099999,JABALPUR,23.2,79.95,32.0,1007.5,28.72
2009-10-18T12:00:00,42675099999,JABALPUR,23.2,79.95,30.0,1007.7,41.22
2009-10-18T15:00:00,42675099999,JABALPUR,23.2,79.95,24.6,1010.2,67.99
2009-10-18T18:00:00,42675099999,JABALPUR,23.2,79.95,22.6,1010.8,71.11
2009-10-19T03:00:00,42675099999,JABALPUR,23.2,79.95,23.0,1012.9,66.81
2009-10-19T06:00:00,42675099999,JABALPUR,23.2,79.95,30.4,1011.7,42.94
2009-10-19T09:00:00,42675099999,JABALPUR,23.2,79.95,31.6,1008.7,32.84
2009-10-19T12:00:00,42675099999,JABALPUR,23.2,79.95,29.6,1009.6,46.41
2009-10-19T15:00:00,42675099999,JABALPUR,23.2,79.95,22.2,1012.6,71.04
2009-10-19T18:00:00,42675099999,JABALPUR,23.2,79.95,23.0,1012.8,66.81
2009-10-19T21:00:00,42675099999,JABALPUR,23.2,79.95,22.0,1012.0,68.77
2009-10-20T00:00:00,42675099999,JABALPUR,23.2,79.95,20.4,1012.1,74.43
2009-10-20T03:00:00,42675099999,JABALPUR,23.2,79.95,23.4,1013.5,66.9
2009-10-20T06:00:00,42675099999,JABALPUR,23.2,79.95,30.0,1012.5,34.83
2009-10-20T09:00:00,42675099999,JABALPUR,23.2,79.95,32.0,1009.9,30.47
2009-10-20T12:00:00,42675099999,JABALPUR,23.2,79.95,29.2,1010.2,59.12
2009-10-20T15:00:00,42675099999,JABALPUR,23.2,79.95,23.6,1012.5,55.24
2009-10-20T18:00:00,42675099999,JABALPUR,23.2,79.95,21.6,1012.9,66.95
2009-10-20T21:00:00,42675099999,JABALPUR,23.2,79.95,20.6,1012.3,68.06
2009-10-21T00:00:00,42675099999,JABALPUR,23.2,79.95,19.6,1013.0,68.74
2009-10-21T03:00:00,42675099999,JABALPUR,23.2,79.95,22.4,1015.1,62.95
2009-10-21T06:00:00,42675099999,JABALPUR,23.2,79.95,29.0,1014.0,42.28
2009-10-21T09:00:00,42675099999,JABALPUR,23.2,79.95,30.8,1011.5,32.84
2009-10-21T12:00:00,42675099999,JABALPUR,23.2,79.95,27.6,1011.4,43.0
2009-10-21T15:00:00,42675099999,JABALPUR,23.2,79.95,22.2,1013.9,64.55
2009-10-21T18:00:00,42675099999,JABALPUR,23.2,79.95,20.6,1014.6,69.39
2009-10-21T21:00:00,42675099999,JABALPUR,23.2,79.95,20.0,1013.8,67.5
2009-10-22T00:00:00,42675099999,JABALPUR,23.2,79.95,18.4,1014.9,82.68
2009-10-22T03:00:00,42675099999,JABALPUR,23.2,79.95,22.0,1016.6,62.46
2009-10-22T06:00:00,42675099999,JABALPUR,23.2,79.95,29.4,1014.9,40.53
2009-10-22T09:00:00,42675099999,JABALPUR,23.2,79.95,31.6,1011.9,23.39
2009-10-22T12:00:00,42675099999,JABALPUR,23.2,79.95,27.6,1012.2,44.13
2009-10-22T15:00:00,42675099999,JABALPUR,23.2,79.95,21.6,1014.2,70.47
2009-10-22T18:00:00,42675099999,JABALPUR,23.2,79.95,19.2,1014.4,75.67
2009-10-22T21:00:00,42675099999,JABALPUR,23.2,79.95,19.0,1013.8,69.98
2009-10-23T00:00:00,42675099999,JABALPUR,23.2,79.95,18.0,1013.8,70.71
2009-10-23T03:00:00,42675099999,JABALPUR,23.2,79.95,21.0,1015.7,66.4
2009-10-23T06:00:00,42675099999,JABALPUR,23.2,79.95,29.0,1014.1,32.55
2009-10-23T09:00:00,42675099999,JABALPUR,23.2,79.95,31.4,1010.8,23.18
2009-10-23T12:00:00,42675099999,JABALPUR,23.2,79.95,27.2,1010.7,40.18
2009-10-23T15:00:00,42675099999,JABALPUR,23.2,79.95,20.0,1013.3,60.8
2009-10-23T18:00:00,42675099999,JABALPUR,23.2,79.95,18.0,1013.2,70.71
2009-10-23T21:00:00,42675099999,JABALPUR,23.2,79.95,18.0,1012.2,63.62
2009-10-24T00:00:00,42675099999,JABALPUR,23.2,79.95,16.4,1012.7,69.47
2009-10-24T03:00:00,42675099999,JABALPUR,23.2,79.95,20.6,1014.3,51.65
2009-10-24T06:00:00,42675099999,JABALPUR,23.2,79.95,28.4,1012.7,32.6
2009-10-24T09:00:00,42675099999,JABALPUR,23.2,79.95,31.0,1009.1,17.86
2009-10-24T12:00:00,42675099999,JABALPUR,23.2,79.95,26.2,1009.9,46.09
2009-10-24T15:00:00,42675099999,JABALPUR,23.2,79.95,20.2,1013.0,64.11
2009-10-24T18:00:00,42675099999,JABALPUR,23.2,79.95,18.4,1013.2,67.61
2009-10-24T21:00:00,42675099999,JABALPUR,23.2,79.95,17.0,1013.0,77.82
2009-10-25T00:00:00,42675099999,JABALPUR,23.2,79.95,17.0,1013.3,70.05
2009-10-25T03:00:00,42675099999,JABALPUR,23.2,79.95,20.0,1014.9,58.83
2009-10-25T06:00:00,42675099999,JABALPUR,23.2,79.95,28.2,1013.6,31.26
2009-10-25T09:00:00,42675099999,JABALPUR,23.2,79.95,30.0,1010.8,23.78
2009-10-25T12:00:00,42675099999,JABALPUR,23.2,79.95,26.6,1011.6,39.23
2009-10-25T15:00:00,42675099999,JABALPUR,23.2,79.95,19.0,1014.4,54.43
2009-10-25T18:00:00,42675099999,JABALPUR,23.2,79.95,16.8,1015.0,68.18
2009-10-25T21:00:00,42675099999,JABALPUR,23.2,79.95,15.4,1014.4,70.68
2009-10-26T00:00:00,42675099999,JABALPUR,23.2,79.95,14.6,1015.3,71.96
2009-10-26T03:00:00,42675099999,JABALPUR,23.2,79.95,18.4,1016.4,64.14
2009-10-26T06:00:00,42675099999,JABALPUR,23.2,79.95,28.6,1014.5,28.56
2009-10-26T09:00:00,42675099999,JABALPUR,23.2,79.95,30.0,1011.7,18.92
2009-10-26T12:00:00,42675099999,JABALPUR,23.2,79.95,26.0,1012.5,40.91
2009-10-26T15:00:00,42675099999,JABALPUR,23.2,79.95,19.4,1014.8,63.52
2009-10-26T18:00:00,42675099999,JABALPUR,23.2,79.95,17.6,1015.0,70.63
2009-10-26T21:00:00,42675099999,JABALPUR,23.2,79.95,17.2,1014.0,62.6
2009-10-27T00:00:00,42675099999,JABALPUR,23.2,79.95,15.2,1014.4,70.17
2009-10-27T03:00:00,42675099999,JABALPUR,23.2,79.95,20.0,1016.0,64.07
2009-10-27T06:00:00,42675099999,JABALPUR,23.2,79.95,29.0,1013.9,29.25
2009-10-27T12:00:00,42675099999,JABALPUR,23.2,79.95,26.4,1012.1,48.91
2009-10-27T15:00:00,42675099999,JABALPUR,23.2,79.95,20.2,1014.5,70.21
2009-10-27T18:00:00,42675099999,JABALPUR,23.2,79.95,18.0,1014.9,76.46
2009-10-27T21:00:00,42675099999,JABALPUR,23.2,79.95,16.4,1014.0,77.22
2009-10-28T00:00:00,42675099999,JABALPUR,23.2,79.95,17.0,1014.0,71.93
2009-10-28T03:00:00,42675099999,JABALPUR,23.2,79.95,21.0,1016.2,68.14
2009-10-28T06:00:00,42675099999,JABALPUR,23.2,79.95,29.0,1014.1,36.66
2009-10-28T09:00:00,42675099999,JABALPUR,23.2,79.95,30.4,1011.7,27.35
2009-10-28T12:00:00,42675099999,JABALPUR,23.2,79.95,26.0,1012.1,49.76
2009-10-28T15:00:00,42675099999,JABALPUR,23.2,79.95,20.4,1014.9,64.16
2009-10-28T18:00:00,42675099999,JABALPUR,23.2,79.95,18.2,1016.2,62.0
2009-10-28T21:00:00,42675099999,JABALPUR,23.2,79.95,16.0,,79.21
2009-10-29T00:00:00,42675099999,JABALPUR,23.2,79.95,14.0,1017.2,86.6
2009-10-29T03:00:00,42675099999,JABALPUR,23.2,79.95,18.6,1018.3,64.18
2009-10-29T06:00:00,42675099999,JABALPUR,23.2,79.95,27.4,1016.6,30.01
2009-10-29T09:00:00,42675099999,JABALPUR,23.2,79.95,30.4,1013.6,24.38
2009-10-29T12:00:00,42675099999,JABALPUR,23.2,79.95,26.0,1014.1,43.41
2009-10-29T15:00:00,42675099999,JABALPUR,23.2,79.95,19.4,1016.4,68.7
2009-10-29T18:00:00,42675099999,JABALPUR,23.2,79.95,17.6,1017.3,70.63
2009-10-29T21:00:00,42675099999,JABALPUR,23.2,79.95,16.0,1016.6,75.15
2009-10-30T00:00:00,42675099999,JABALPUR,23.2,79.95,14.4,1017.1,84.39
2009-10-30T03:00:00,42675099999,JABALPUR,23.2,79.95,19.4,1018.5,56.76
2009-10-30T06:00:00,42675099999,JABALPUR,23.2,79.95,27.8,1016.6,30.53
2009-10-30T09:00:00,42675099999,JABALPUR,23.2,79.95,31.0,1012.4,24.37
2009-10-30T12:00:00,42675099999,JABALPUR,23.2,79.95,27.0,1012.8,43.4
2009-10-30T15:00:00,42675099999,JABALPUR,23.2,79.95,20.0,1015.5,70.63
2009-10-30T18:00:00,42675099999,JABALPUR,23.2,79.95,18.0,1015.7,72.58
2009-10-30T21:00:00,42675099999,JABALPUR,23.2,79.95,16.2,1014.7,76.68
2009-10-31T00:00:00,42675099999,JABALPUR,23.2,79.95,16.6,1015.0,69.51
2009-10-31T03:00:00,42675099999,JABALPUR,23.2,79.95,20.0,1016.5,64.49
2009-10-31T06:00:00,42675099999,JABALPUR,23.2,79.95,28.4,1014.1,28.31
2009-10-31T09:00:00,42675099999,JABALPUR,23.2,79.95,31.2,1011.2,22.82
2009-10-31T12:00:00,42675099999,JABALPUR,23.2,79.95,26.2,1011.7,48.54
2009-10-31T15:00:00,42675099999,JABALPUR,23.2,79.95,19.4,1014.6,68.7
2009-10-31T18:00:00,42675099999,JABALPUR,23.2,79.95,19.4,1014.3,66.93
2009-10-31T21:00:00,42675099999,JABALPUR,23.2,79.95,17.2,1013.5,73.88
2009-11-01T00:00:00,42675099999,JABALPUR,23.2,79.95,17.0,1013.9,70.05
2009-11-01T03:00:00,42675099999,JABALPUR,23.2,79.95,19.6,1015.6,60.3
2009-11-01T06:00:00,42675099999,JABALPUR,23.2,79.95,29.2,1014.0,36.95
2009-11-01T09:00:00,42675099999,JABALPUR,23.2,79.95,32.0,1011.0,21.36
2009-11-01T12:00:00,42675099999,JABALPUR,23.2,79.95,26.0,1011.7,51.05
2009-11-01T15:00:00,42675099999,JABALPUR,23.2,79.95,20.2,1014.6,65.8
2009-11-01T18:00:00,42675099999,JABALPUR,23.2,79.95,18.4,1015.5,76.53
2009-11-01T21:00:00,42675099999,JABALPUR,23.2,79.95,18.0,1014.7,67.08
2009-11-02T00:00:00,42675099999,JABALPUR,23.2,79.95,17.4,1015.0,66.52
2009-11-02T03:00:00,42675099999,JABALPUR,23.2,79.95,20.0,1017.3,64.07
2009-11-02T06:00:00,42675099999,JABALPUR,23.2,79.95,28.2,1015.5,35.72
2009-11-02T09:00:00,42675099999,JABALPUR,23.2,79.95,31.6,1011.8,23.39
2009-11-02T12:00:00,42675099999,JABALPUR,23.2,79.95,27.6,1012.7,32.6
2009-11-02T15:00:00,42675099999,JABALPUR,23.2,79.95,21.0,1015.8,59.84
2009-11-02T18:00:00,42675099999,JABALPUR,23.2,79.95,20.0,1016.3,62.41
2009-11-03T00:00:00,42675099999,JABALPUR,23.2,79.95,15.4,1016.3,82.85
2009-11-03T03:00:00,42675099999,JABALPUR,23.2,79.95,19.4,1017.2,65.21
2009-11-03T06:00:00,42675099999,JABALPUR,23.2,79.95,27.4,1015.7,41.57
2009-11-03T09:00:00,42675099999,JABALPUR,23.2,79.95,30.0,1013.1,23.78
2009-11-03T12:00:00,42675099999,JABALPUR,23.2,79.95,26.0,1013.0,42.0
2009-11-03T15:00:00,42675099999,JABALPUR,23.2,79.95,20.6,1016.4,58.2
2009-11-03T18:00:00,42675099999,JABALPUR,23.2,79.95,21.0,1016.0,58.68
2009-11-03T21:00:00,42675099999,JABALPUR,23.2,79.95,17.4,1015.6,75.87
2009-11-04T00:00:00,42675099999,JABALPUR,23.2,79.95,16.2,1016.0,83.49
2009-11-04T03:00:00,42675099999,JABALPUR,23.2,79.95,20.4,1017.6,69.35
2009-11-04T06:00:00,42675099999,JABALPUR,23.2,79.95,28.6,1015.7,47.64
2009-11-04T09:00:00,42675099999,JABALPUR,23.2,79.95,31.2,1012.6,34.48
2009-11-04T12:00:00,42675099999,JABALPUR,23.2,79.95,28.6,1012.5,47.64
2009-11-04T15:00:00,42675099999,JABALPUR,23.2,79.95,22.6,1015.0,71.11
2009-11-04T18:00:00,42675099999,JABALPUR,23.2,79.95,21.4,1015.1,73.65
2009-11-04T21:00:00,42675099999,JABALPUR,23.2,79.95,20.4,1014.8,77.83
2009-11-05T00:00:00,42675099999,JABALPUR,23.2,79.95,19.0,1015.3,82.75
2009-11-05T03:00:00,42675099999,JABALPUR,23.2,79.95,22.4,1016.2,71.07
2009-11-05T06:00:00,42675099999,JABALPUR,23.2,79.95,29.0,1014.7,51.83
2009-11-05T09:00:00,42675099999,JABALPUR,23.2,79.95,30.0,1011.6,48.01
2009-11-05T12:00:00,42675099999,JABALPUR,23.2,79.95,24.0,1012.6,62.91
2009-11-05T15:00:00,42675099999,JABALPUR,23.2,79.95,22.0,1014.9,77.09
2009-11-05T18:00:00,42675099999,JABALPUR,23.2,79.95,20.4,1015.1,77.83
2009-11-05T21:00:00,42675099999,JABALPUR,23.2,79.95,19.0,1014.6,80.66
2009-11-06T00:00:00,42675099999,JABALPUR,23.2,79.95,19.0,1014.8,86.52
2009-11-06T03:00:00,42675099999,JABALPUR,23.2,79.95,21.2,1016.2,76.96
2009-11-06T06:00:00,42675099999,JABALPUR,23.2,79.95,27.4,1014.3,56.53
2009-11-06T09:00:00,42675099999,JABALPUR,23.2,79.95,29.6,1010.5,46.41
2009-11-06T12:00:00,42675099999,JABALPUR,23.2,79.95,28.2,1009.8,71.68
2009-11-06T15:00:00,42675099999,JABALPUR,23.2,79.95,24.0,1012.0,67.44
2009-11-06T18:00:00,42675099999,JABALPUR,23.2,79.95,22.0,1012.7,73.75
2009-11-06T21:00:00,42675099999,JABALPUR,23.2,79.95,20.4,1012.7,77.83
2009-11-07T00:00:00,42675099999,JABALPUR,23.2,79.95,19.2,1012.7,84.37
2009-11-07T03:00:00,42675099999,JABALPUR,23.2,79.95,22.0,1013.9,73.75
2009-11-07T06:00:00,42675099999,JABALPUR,23.2,79.95,28.4,1012.3,54.68
2009-11-07T09:00:00,42675099999,JABALPUR,23.2,79.95,29.4,1009.2,47.55
2009-11-07T12:00:00,42675099999,JABALPUR,23.2,79.95,28.0,1010.1,51.9
2009-11-07T15:00:00,42675099999,JABALPUR,23.2,79.95,23.8,1012.0,70.44
2009-11-07T18:00:00,42675099999,JABALPUR,23.2,79.95,22.0,1012.3,73.75
2009-11-07T21:00:00,42675099999,JABALPUR,23.2,79.95,19.8,1012.1,82.85
2009-11-08T00:00:00,42675099999,JABALPUR,23.2,79.95,19.0,1012.2,84.35
2009-11-08T03:00:00,42675099999,JABALPUR,23.2,79.95,21.2,1014.2,76.96
2009-11-08T06:00:00,42675099999,JABALPUR,23.2,79.95,29.6,1012.2,51.01
2009-11-08T09:00:00,42675099999,JABALPUR,23.2,79.95,30.8,1009.3,42.24
2009-11-08T12:00:00,42675099999,JABALPUR,23.2,79.95,27.4,1009.4,56.53
2009-11-08T15:00:00,42675099999,JABALPUR,23.2,79.95,24.4,1011.9,69.24
2009-11-08T18:00:00,42675099999,JABALPUR,23.2,79.95,22.6,1012.2,69.33
2009-11-08T21:00:00,42675099999,JABALPUR,23.2,79.95,21.0,1011.9,76.45
2009-11-09T00:00:00,42675099999,JABALPUR,23.2,79.95,20.0,1011.7,75.8
2009-11-09T03:00:00,42675099999,JABALPUR,23.2,79.95,22.0,1013.2,73.75
2009-11-09T06:00:00,42675099999,JABALPUR,23.2,79.95,28.0,1010.7,63.39
2009-11-09T09:00:00,42675099999,JABALPUR,23.2,79.95,28.4,1008.2,63.86
2009-11-09T12:00:00,42675099999,JABALPUR,23.2,79.95,24.0,1009.0,79.82
2009-11-09T15:00:00,42675099999,JABALPUR,23.2,79.95,23.4,1009.6,79.74
2009-11-09T18:00:00,42675099999,JABALPUR,23.2,79.95,22.8,1009.8,87.96
2009-11-10T00:00:00,42675099999,JABALPUR,23.2,79.95,22.0,,91.21
2009-11-10T03:00:00,42675099999,JABALPUR,23.2,79.95,22.2,1009.9,89.0
2009-11-10T06:00:00,42675099999,JABALPUR,23.2,79.95,23.0,1010.3,87.98
2009-11-10T09:00:00,42675099999,JABALPUR,23.2,79.95,22.0,1008.4,87.35
2009-11-10T12:00:00,42675099999,JABALPUR,23.2,79.95,22.0,1008.5,91.21
2009-11-10T15:00:00,42675099999,JABALPUR,23.2,79.95,20.6,1009.9,87.22
2009-11-10T18:00:00,42675099999,JABALPUR,23.2,79.95,19.8,1009.1,92.22
2009-11-11T00:00:00,42675099999,JABALPUR,23.2,79.95,19.4,1007.5,92.2
2009-11-11T03:00:00,42675099999,JABALPUR,23.2,79.95,21.2,1009.4,85.66
2009-11-11T06:00:00,42675099999,JABALPUR,23.2,79.95,27.8,1007.2,60.65
2009-11-11T12:00:00,42675099999,JABALPUR,23.2,79.95,27.0,1004.6,66.79
2009-11-11T15:00:00,42675099999,JABALPUR,23.2,79.95,25.2,1006.4,71.14
2009-11-11T18:00:00,42675099999,JABALPUR,23.2,79.95,24.4,1006.4,76.97
2009-11-11T21:00:00,42675099999,JABALPUR,23.2,79.95,23.0,1005.9,82.71
2009-11-12T00:00:00,42675099999,JABALPUR,23.2,79.95,22.2,1007.1,84.17
2009-11-12T03:00:00,42675099999,JABALPUR,23.2,79.95,22.6,1009.3,87.4
2009-11-12T06:00:00,42675099999,JABALPUR,23.2,79.95,25.6,1008.6,68.61
2009-11-12T09:00:00,42675099999,JABALPUR,23.2,79.95,27.2,1006.5,65.61
2009-11-12T12:00:00,42675099999,JABALPUR,23.2,79.95,26.6,1007.2,72.28
2009-11-12T15:00:00,42675099999,JABALPUR,23.2,79.95,24.4,1009.3,81.86
2009-11-12T18:00:00,42675099999,JABALPUR,23.2,79.95,23.9,1009.8,84.36
2009-11-12T21:00:00,42675099999,JABALPUR,23.2,79.95,23.6,1009.5,78.3
2009-11-13T00:00:00,42675099999,JABALPUR,23.2,79.95,23.6,1010.4,88.03
2009-11-13T03:00:00,42675099999,JABALPUR,23.2,79.95,25.0,1012.6,86.56
2009-11-13T06:00:00,42675099999,JABALPUR,23.2,79.95,28.0,1012.0,77.51
2009-11-13T09:00:00,42675099999,JABALPUR,23.2,79.95,30.0,1009.0,69.04
2009-11-13T12:00:00,42675099999,JABALPUR,23.2,79.95,24.6,1010.3,86.52
2009-11-13T15:00:00,42675099999,JABALPUR,23.2,79.95,22.4,1013.0,94.66
2009-11-13T18:00:00,42675099999,JABALPUR,23.2,79.95,22.4,1012.9,92.93
2009-11-13T21:00:00,42675099999,JABALPUR,23.2,79.95,22.0,1013.1,91.21
2009-11-14T03:00:00,42675099999,JABALPUR,23.2,79.95,22.4,1016.2,92.93
2009-11-14T06:00:00,42675099999,JABALPUR,23.2,79.95,27.4,1012.4,78.36
2009-11-14T09:00:00,42675099999,JABALPUR,23.2,79.95,29.0,1009.0,68.02
2009-11-14T12:00:00,42675099999,JABALPUR,23.2,79.95,27.2,1009.3,76.92
2009-11-14T15:00:00,42675099999,JABALPUR,23.2,79.95,24.4,1010.7,88.09
2009-11-14T18:00:00,42675099999,JABALPUR,23.2,79.95,22.8,1010.6,89.6
2009-11-14T21:00:00,42675099999,JABALPUR,23.2,79.95,22.4,1010.2,91.24
2009-11-15T00:00:00,42675099999,JABALPUR,23.2,79.95,22.6,1009.6,92.94
2009-11-15T03:00:00,42675099999,JABALPUR,23.2,79.95,24.2,1011.4,84.91
2009-11-15T06:00:00,42675099999,JABALPUR,23.2,79.95,27.4,1010.6,69.81
2009-11-15T12:00:00,42675099999,JABALPUR,23.2,79.95,24.0,1008.0,94.72
2009-11-15T15:00:00,42675099999,JABALPUR,23.2,79.95,22.0,1010.4,96.4
2009-11-16T00:00:00,42675099999,JABALPUR,23.2,79.95,21.4,1008.9,99.39
2009-11-16T03:00:00,42675099999,JABALPUR,23.2,79.95,22.0,1011.7,96.4
2009-11-16T06:00:00,42675099999,JABALPUR,23.2,79.95,23.0,1011.9,91.27
2009-11-16T09:00:00,42675099999,JABALPUR,23.2,79.95,22.4,1009.9,92.93
2009-11-16T12:00:00,42675099999,JABALPUR,23.2,79.95,21.8,1010.3,91.2
2009-11-16T15:00:00,42675099999,JABALPUR,23.2,79.95,18.4,1012.4,88.13
2009-11-16T18:00:00,42675099999,JABALPUR,23.2,79.95,17.6,1012.9,89.77
2009-11-16T21:00:00,42675099999,JABALPUR,23.2,79.95,17.4,1011.9,95.66
2009-11-17T00:00:00,42675099999,JABALPUR,23.2,79.95,17.4,1011.9,95.66
2009-11-17T03:00:00,42675099999,JABALPUR,23.2,79.95,18.4,1012.7,96.3
2009-11-17T06:00:00,42675099999,JABALPUR,23.2,79.95,20.4,1013.7,90.54
2009-11-17T09:00:00,42675099999,JABALPUR,23.2,79.95,23.0,1011.1,77.72
2009-11-17T12:00:00,42675099999,JABALPUR,23.2,79.95,22.4,1010.4,84.19
2009-11-17T15:00:00,42675099999,JABALPUR,23.2,79.95,19.4,1012.9,92.2
2009-11-17T18:00:00,42675099999,JABALPUR,23.2,79.95,18.2,1013.4,93.89
2009-11-17T21:00:00,42675099999,JABALPUR,23.2,79.95,17.4,1012.9,93.86
2009-11-18T00:00:00,42675099999,JABALPUR,23.2,79.95,17.0,1012.9,100.0
2009-11-18T03:00:00,42675099999,JABALPUR,23.2,79.95,17.4,1015.5,95.66
2009-11-18T06:00:00,42675099999,JABALPUR,23.2,79.95,21.0,1015.3,81.95
2009-11-18T09:00:00,42675099999,JABALPUR,23.2,79.95,24.4,1012.1,66.26
2009-11-18T12:00:00,42675099999,JABALPUR,23.2,79.95,22.8,1012.2,81.16
2009-11-18T15:00:00,42675099999,JABALPUR,23.2,79.95,19.4,1014.6,92.2
2009-11-18T18:00:00,42675099999,JABALPUR,23.2,79.95,18.6,1015.2,92.15
2009-11-18T21:00:00,42675099999,JABALPUR,23.2,79.95,18.4,1015.0,85.92
2009-11-19T00:00:00,42675099999,JABALPUR,23.2,79.95,17.4,1015.5,93.86
2009-11-19T03:00:00,42675099999,JABALPUR,23.2,79.95,18.4,1017.5,78.53
2009-11-19T06:00:00,42675099999,JABALPUR,23.2,79.95,22.4,1016.9,59.78
2009-11-19T09:00:00,42675099999,JABALPUR,23.2,79.95,24.4,1014.6,57.62
2009-11-19T12:00:00,42675099999,JABALPUR,23.2,79.95,22.4,1014.9,64.59
2009-11-19T15:00:00,42675099999,JABALPUR,23.2,79.95,17.0,1018.2,79.87
2009-11-19T18:00:00,42675099999,JABALPUR,23.2,79.95,14.4,1018.4,74.88
2009-11-19T21:00:00,42675099999,JABALPUR,23.2,79.95,13.0,1018.3,83.67
2009-11-20T03:00:00,42675099999,JABALPUR,23.2,79.95,14.0,1019.9,82.14
2009-11-20T06:00:00,42675099999,JABALPUR,23.2,79.95,22.0,1018.7,50.33
2009-11-20T09:00:00,42675099999,JABALPUR,23.2,79.95,23.0,1016.2,61.88
2009-11-20T12:00:00,42675099999,JABALPUR,23.2,79.95,19.8,1016.5,74.32
2009-11-20T15:00:00,42675099999,JABALPUR,23.2,79.95,15.8,1018.5,87.34
2009-11-20T18:00:00,42675099999,JABALPUR,23.2,79.95,13.4,1018.8,90.64
2009-11-20T21:00:00,42675099999,JABALPUR,23.2,79.95,12.0,1019.0,90.54
2009-11-21T00:00:00,42675099999,JABALPUR,23.2,79.95,10.8,1019.2,89.85
2009-11-21T03:00:00,42675099999,JABALPUR,23.2,79.95,14.4,1020.7,73.88
2009-11-21T06:00:00,42675099999,JABALPUR,23.2,79.95,21.0,1018.7,61.83
2009-11-21T09:00:00,42675099999,JABALPUR,23.2,79.95,23.4,1015.7,59.63
2009-11-21T12:00:00,42675099999,JABALPUR,23.2,79.95,21.4,1015.9,65.21
2009-11-21T15:00:00,42675099999,JABALPUR,23.2,79.95,14.4,1018.8,80.04
2009-11-21T18:00:00,42675099999,JABALPUR,23.2,79.95,13.0,1019.0,81.46
2009-11-21T21:00:00,42675099999,JABALPUR,23.2,79.95,12.0,1018.9,85.25
2009-11-22T00:00:00,42675099999,JABALPUR,23.2,79.95,10.0,1018.6,89.79
2009-11-22T03:00:00,42675099999,JABALPUR,23.2,79.95,14.0,1019.9,67.15
2009-11-22T06:00:00,42675099999,JABALPUR,23.2,79.95,20.6,1018.6,59.75
2009-11-22T09:00:00,42675099999,JABALPUR,23.2,79.95,23.0,1015.3,66.81
2009-11-22T12:00:00,42675099999,JABALPUR,23.2,79.95,21.6,1015.5,70.47
2009-11-22T15:00:00,42675099999,JABALPUR,23.2,79.95,15.2,1018.3,86.72
2009-11-22T18:00:00,42675099999,JABALPUR,23.2,79.95,12.4,1018.5,94.24
2009-11-22T21:00:00,42675099999,JABALPUR,23.2,79.95,12.0,1018.4,92.98
2009-11-23T00:00:00,42675099999,JABALPUR,23.2,79.95,10.0,1019.3,98.67
2009-11-23T03:00:00,42675099999,JABALPUR,23.2,79.95,14.4,1020.3,73.88
2009-11-23T06:00:00,42675099999,JABALPUR,23.2,79.95,21.6,1018.8,59.21
2009-11-23T09:00:00,42675099999,JABALPUR,23.2,79.95,25.0,1015.5,53.83
2009-11-23T12:00:00,42675099999,JABALPUR,23.2,79.95,21.0,1015.5,71.73
2009-11-23T15:00:00,42675099999,JABALPUR,23.2,79.95,15.2,1017.8,82.83
2009-11-23T18:00:00,42675099999,JABALPUR,23.2,79.95,13.6,1018.3,88.29
2009-11-23T21:00:00,42675099999,JABALPUR,23.2,79.95,11.8,1018.0,90.53
2009-11-24T00:00:00,42675099999,JABALPUR,23.2,79.95,10.6,1018.3,92.29
2009-11-24T03:00:00,42675099999,JABALPUR,23.2,79.95,14.0,1019.6,77.87
2009-11-24T06:00:00,42675099999,JABALPUR,23.2,79.95,21.8,1017.9,59.26
2009-11-24T09:00:00,42675099999,JABALPUR,23.2,79.95,24.6,1014.4,69.28
2009-11-24T12:00:00,42675099999,JABALPUR,23.2,79.95,20.6,1014.9,69.39
2009-11-24T15:00:00,42675099999,JABALPUR,23.2,79.95,16.0,1017.0,79.21
2009-11-24T18:00:00,42675099999,JABALPUR,23.2,79.95,13.4,1017.4,83.72
2009-11-24T21:00:00,42675099999,JABALPUR,23.2,79.95,13.4,1016.3,77.26
2009-11-25T00:00:00,42675099999,JABALPUR,23.2,79.95,11.0,1015.4,89.86
2009-11-25T03:00:00,42675099999,JABALPUR,23.2,79.95,14.4,1018.9,77.94
2009-11-25T06:00:00,42675099999,JABALPUR,23.2,79.95,23.0,1017.3,59.16
2009-11-25T09:00:00,42675099999,JABALPUR,23.2,79.95,26.0,1013.6,57.63
2009-11-25T12:00:00,42675099999,JABALPUR,23.2,79.95,22.4,1013.6,71.07
2009-11-25T15:00:00,42675099999,JABALPUR,23.2,79.95,16.4,1015.9,85.16
2009-11-25T18:00:00,42675099999,JABALPUR,23.2,79.95,14.0,1016.0,82.14
2009-11-25T21:00:00,42675099999,JABALPUR,23.2,79.95,12.6,1015.6,93.01
2009-11-26T00:00:00,42675099999,JABALPUR,23.2,79.95,13.0,1015.8,77.2
2009-11-26T03:00:00,42675099999,JABALPUR,23.2,79.95,15.6,1017.1,72.63
2009-11-26T06:00:00,42675099999,JABALPUR,23.2,79.95,24.0,1015.6,39.28
2009-11-26T09:00:00,42675099999,JABALPUR,23.2,79.95,27.0,1012.5,26.07
2009-11-26T12:00:00,42675099999,JABALPUR,23.2,79.95,24.0,1012.8,42.0
2009-11-26T18:00:00,42675099999,JABALPUR,23.2,79.95,14.0,1016.4,95.55
2009-11-26T21:00:00,42675099999,JABALPUR,23.2,79.95,14.0,1015.7,73.32
2009-11-27T00:00:00,42675099999,JABALPUR,23.2,79.95,13.2,1016.5,81.49
2009-11-27T03:00:00,42675099999,JABALPUR,23.2,79.95,16.0,1018.0,75.15
2009-11-27T06:00:00,42675099999,JABALPUR,23.2,79.95,25.0,1016.7,35.29
2009-11-27T09:00:00,42675099999,JABALPUR,23.2,79.95,27.4,1013.3,24.6
2009-11-27T12:00:00,42675099999,JABALPUR,23.2,79.95,22.4,1014.2,48.15
2009-11-27T15:00:00,42675099999,JABALPUR,23.2,79.95,17.2,1016.8,71.96
2009-11-27T18:00:00,42675099999,JABALPUR,23.2,79.95,16.0,1017.5,68.93
2009-11-27T21:00:00,42675099999,JABALPUR,23.2,79.95,13.4,1017.1,81.51
2009-11-28T00:00:00,42675099999,JABALPUR,23.2,79.95,12.2,1018.2,88.17
2009-11-28T03:00:00,42675099999,JABALPUR,23.2,79.95,14.6,1020.0,86.66
2009-11-28T06:00:00,42675099999,JABALPUR,23.2,79.95,24.0,1018.8,42.0
2009-11-28T09:00:00,42675099999,JABALPUR,23.2,79.95,26.4,1014.8,28.34
2009-11-28T12:00:00,42675099999,JABALPUR,23.2,79.95,23.0,1015.2,41.72
2009-11-28T15:00:00,42675099999,JABALPUR,23.2,79.95,16.4,1017.7,75.21
2009-11-28T18:00:00,42675099999,JABALPUR,23.2,79.95,15.0,1018.3,74.48
2009-11-28T21:00:00,42675099999,JABALPUR,23.2,79.95,13.6,1017.3,77.29
2009-11-29T00:00:00,42675099999,JABALPUR,23.2,79.95,11.4,1018.6,87.51
2009-11-29T03:00:00,42675099999,JABALPUR,23.2,79.95,16.0,1019.5,68.93
2009-11-29T06:00:00,42675099999,JABALPUR,23.2,79.95,24.0,1018.2,36.71
2009-11-29T09:00:00,42675099999,JABALPUR,23.2,79.95,25.0,1014.6,29.55
2009-11-29T12:00:00,42675099999,JABALPUR,23.2,79.95,21.4,1015.2,48.2
2009-11-29T15:00:00,42675099999,JABALPUR,23.2,79.95,17.0,1017.7,73.84
2009-11-29T18:00:00,42675099999,JABALPUR,23.2,79.95,14.4,1017.8,73.88
2009-11-29T21:00:00,42675099999,JABALPUR,23.2,79.95,12.6,1017.7,85.89
2009-11-30T00:00:00,42675099999,JABALPUR,23.2,79.95,11.4,,82.92
2009-11-30T03:00:00,42675099999,JABALPUR,23.2,79.95,13.8,1019.4,79.95
2009-11-30T06:00:00,42675099999,JABALPUR,23.2,79.95,23.0,1018.2,41.72
2009-11-30T09:00:00,42675099999,JABALPUR,23.2,79.95,25.4,1014.7,29.05
2009-11-30T12:00:00,42675099999,JABALPUR,23.2,79.95,22.6,1015.3,46.94
2009-11-30T15:00:00,42675099999,JABALPUR,23.2,79.95,15.6,1017.8,76.58
2009-11-30T18:00:00,42675099999,JABALPUR,23.2,79.95,13.4,1018.1,79.36
2009-11-30T21:00:00,42675099999,JABALPUR,23.2,79.95,12.4,1017.6,83.6
2009-12-01T00:00:00,42675099999,JABALPUR,23.2,79.95,11.0,1018.0,87.48
2009-12-01T03:00:00,42675099999,JABALPUR,23.2,79.95,14.0,1019.7,79.98
2009-12-01T06:00:00,42675099999,JABALPUR,23.2,79.95,22.0,1018.6,43.16
2009-12-01T09:00:00,42675099999,JABALPUR,23.2,79.95,25.6,1014.9,29.31
2009-12-01T12:00:00,42675099999,JABALPUR,23.2,79.95,21.0,1015.3,53.86
2009-12-01T15:00:00,42675099999,JABALPUR,23.2,79.95,16.0,1017.5,75.15
2009-12-01T18:00:00,42675099999,JABALPUR,23.2,79.95,13.6,1018.3,81.54
2009-12-01T21:00:00,42675099999,JABALPUR,23.2,79.95,12.2,1017.4,88.17
2009-12-02T00:00:00,42675099999,JABALPUR,23.2,79.95,11.4,1017.5,87.51
2009-12-02T03:00:00,42675099999,JABALPUR,23.2,79.95,15.6,1019.8,68.85
2009-12-02T06:00:00,42675099999,JABALPUR,23.2,79.95,22.6,1018.4,48.21
2009-12-02T09:00:00,42675099999,JABALPUR,23.2,79.95,26.2,1014.7,31.55
2009-12-02T12:00:00,42675099999,JABALPUR,23.2,79.95,23.0,1015.0,50.26
2009-12-02T15:00:00,42675099999,JABALPUR,23.2,79.95,16.0,1017.8,75.15
2009-12-02T18:00:00,42675099999,JABALPUR,23.2,79.95,14.0,1018.3,77.87
2009-12-02T21:00:00,42675099999,JABALPUR,23.2,79.95,12.6,1016.9,85.89
2009-12-03T00:00:00,42675099999,JABALPUR,23.2,79.95,11.4,1017.7,87.51
2009-12-03T03:00:00,42675099999,JABALPUR,23.2,79.95,14.2,1019.4,75.85
2009-12-03T06:00:00,42675099999,JABALPUR,23.2,79.95,23.6,1018.1,45.38
2009-12-03T12:00:00,42675099999,JABALPUR,23.2,79.95,21.4,1014.5,51.18
2009-12-03T15:00:00,42675099999,JABALPUR,23.2,79.95,15.4,1017.5,74.55
2009-12-03T18:00:00,42675099999,JABALPUR,23.2,79.95,14.2,1018.0,80.01
2009-12-03T21:00:00,42675099999,JABALPUR,23.2,79.95,12.0,1017.2,85.25
2009-12-04T00:00:00,42675099999,JABALPUR,23.2,79.95,11.0,1017.7,87.48
2009-12-04T03:00:00,42675099999,JABALPUR,23.2,79.95,13.0,1019.7,83.67
2009-12-04T06:00:00,42675099999,JABALPUR,23.2,79.95,22.0,1017.6,53.41
2009-12-04T09:00:00,42675099999,JABALPUR,23.2,79.95,25.6,1013.7,40.26
2009-12-04T12:00:00,42675099999,JABALPUR,23.2,79.95,21.0,1013.9,56.78
2009-12-04T15:00:00,42675099999,JABALPUR,23.2,79.95,15.4,1015.8,78.6
2009-12-04T18:00:00,42675099999,JABALPUR,23.2,79.95,14.4,1018.7,80.04
2009-12-04T21:00:00,42675099999,JABALPUR,23.2,79.95,13.4,1013.3,83.72
2009-12-05T00:00:00,42675099999,JABALPUR,23.2,79.95,11.6,1015.8,89.91
2009-12-05T03:00:00,42675099999,JABALPUR,23.2,79.95,15.4,1017.0,70.68
2009-12-05T06:00:00,42675099999,JABALPUR,23.2,79.95,25.4,1014.9,36.37
2009-12-05T09:00:00,42675099999,JABALPUR,23.2,79.95,25.8,1012.7,34.34
2009-12-05T12:00:00,42675099999,JABALPUR,23.2,79.95,22.0,1012.7,58.16
2009-12-05T15:00:00,42675099999,JABALPUR,23.2,79.95,16.4,1015.2,79.27
2009-12-05T18:00:00,42675099999,JABALPUR,23.2,79.95,15.4,1015.0,74.55
2009-12-05T21:00:00,42675099999,JABALPUR,23.2,79.95,13.4,1015.1,83.72
2009-12-06T00:00:00,42675099999,JABALPUR,23.2,79.95,13.6,1014.4,79.39
2009-12-06T03:00:00,42675099999,JABALPUR,23.2,79.95,16.2,1015.8,65.38
2009-12-06T06:00:00,42675099999,JABALPUR,23.2,79.95,24.2,1013.9,48.96
2009-12-06T09:00:00,42675099999,JABALPUR,23.2,79.95,27.4,1010.9,35.73
2009-12-06T12:00:00,42675099999,JABALPUR,23.2,79.95,15.4,1015.0,74.55
2009-12-06T15:00:00,42675099999,JABALPUR,23.2,79.95,18.6,1013.4,71.28
2009-12-06T18:00:00,42675099999,JABALPUR,23.2,79.95,18.6,1013.9,62.51
2009-12-06T21:00:00,42675099999,JABALPUR,23.2,79.95,15.0,1014.1,85.01
2009-12-07T00:00:00,42675099999,JABALPUR,23.2,79.95,14.2,1014.5,82.16
2009-12-07T06:00:00,42675099999,JABALPUR,23.2,79.95,26.2,1014.2,47.3
2009-12-07T09:00:00,42675099999,JABALPUR,23.2,79.95,28.0,1011.3,44.53
2009-12-07T12:00:00,42675099999,JABALPUR,23.2,79.95,24.2,1011.0,66.22
2009-12-07T15:00:00,42675099999,JABALPUR,23.2,79.95,19.4,1012.8,81.23
2009-12-07T18:00:00,42675099999,JABALPUR,23.2,79.95,20.4,1013.0,73.01
2009-12-07T21:00:00,42675099999,JABALPUR,23.2,79.95,17.4,1012.8,79.93
2009-12-08T00:00:00,42675099999,JABALPUR,23.2,79.95,17.0,1013.3,89.73
2009-12-08T03:00:00,42675099999,JABALPUR,23.2,79.95,19.4,1015.6,77.18
2009-12-08T06:00:00,42675099999,JABALPUR,23.2,79.95,25.6,1014.6,60.15
2009-12-08T09:00:00,42675099999,JABALPUR,23.2,79.95,28.6,1014.9,44.12
2009-12-08T12:00:00,42675099999,JABALPUR,23.2,79.95,25.6,1011.5,61.69
2009-12-08T15:00:00,42675099999,JABALPUR,23.2,79.95,20.4,1013.8,81.36
2009-12-08T18:00:00,42675099999,JABALPUR,23.2,79.95,19.6,1014.7,84.95
2009-12-08T21:00:00,42675099999,JABALPUR,23.2,79.95,18.0,1014.0,88.1
2009-12-09T00:00:00,42675099999,JABALPUR,23.2,79.95,17.0,1014.2,89.73
2009-12-09T03:00:00,42675099999,JABALPUR,23.2,79.95,17.6,,
2009-12-09T06:00:00,42675099999,JABALPUR,23.2,79.95,24.4,1014.7,64.61
2009-12-09T09:00:00,42675099999,JABALPUR,23.2,79.95,27.4,1011.8,53.75
2009-12-09T12:00:00,42675099999,JABALPUR,23.2,79.95,25.0,1012.2,68.07
2009-12-09T15:00:00,42675099999,JABALPUR,23.2,79.95,20.6,1014.4,83.47
2009-12-09T18:00:00,42675099999,JABALPUR,23.2,79.95,20.4,1014.8,79.83
2009-12-10T00:00:00,42675099999,JABALPUR,23.2,79.95,16.6,1014.2,91.44
2009-12-10T03:00:00,42675099999,JABALPUR,23.2,79.95,18.6,1015.8,86.49
2009-12-10T06:00:00,42675099999,JABALPUR,23.2,79.95,25.8,1014.5,59.06
2009-12-10T09:00:00,42675099999,JABALPUR,23.2,79.95,28.4,1011.1,45.5
2009-12-10T12:00:00,42675099999,JABALPUR,23.2,79.95,24.0,1011.3,70.48
2009-12-10T15:00:00,42675099999,JABALPUR,23.2,79.95,21.2,1013.2,85.66
2009-12-10T18:00:00,42675099999,JABALPUR,23.2,79.95,19.4,1013.9,88.22
2009-12-11T00:00:00,42675099999,JABALPUR,23.2,79.95,17.6,1013.9,89.77
2009-12-11T03:00:00,42675099999,JABALPUR,23.2,79.95,19.4,1015.5,82.8
2009-12-11T06:00:00,42675099999,JABALPUR,23.2,79.95,26.4,1014.1,59.58
2009-12-11T09:00:00,42675099999,JABALPUR,23.2,79.95,27.4,1011.1,47.62
2009-12-11T12:00:00,42675099999,JABALPUR,23.2,79.95,26.0,1011.5,56.55
2009-12-11T15:00:00,42675099999,JABALPUR,23.2,79.95,20.4,1014.1,77.83
2009-12-11T18:00:00,42675099999,JABALPUR,23.2,79.95,19.0,1014.8,86.52
2009-12-12T00:00:00,42675099999,JABALPUR,23.2,79.95,16.0,,89.65
2009-12-12T03:00:00,42675099999,JABALPUR,23.2,79.95,17.0,1016.4,89.73
2009-12-12T06:00:00,42675099999,JABALPUR,23.2,79.95,24.2,1014.8,56.11
2009-12-12T09:00:00,42675099999,JABALPUR,23.2,79.95,26.0,1011.6,52.38
2009-12-12T12:00:00,42675099999,JABALPUR,23.2,79.95,23.8,1013.5,61.28
2009-12-12T15:00:00,42675099999,JABALPUR,23.2,79.95,19.2,1014.7,81.21
2009-12-12T18:00:00,42675099999,JABALPUR,23.2,79.95,18.0,1015.6,80.53
2009-12-12T21:00:00,42675099999,JABALPUR,23.2,79.95,16.6,1015.0,83.54
2009-12-13T03:00:00,42675099999,JABALPUR,23.2,79.95,16.4,1016.8,85.16
2009-12-13T06:00:00,42675099999,JABALPUR,23.2,79.95,22.8,1015.6,63.45
2009-12-13T09:00:00,42675099999,JABALPUR,23.2,79.95,27.0,1012.6,45.71
2009-12-13T12:00:00,42675099999,JABALPUR,23.2,79.95,24.6,1012.6,60.68
2009-12-13T15:00:00,42675099999,JABALPUR,23.2,79.95,20.0,1014.9,77.77
2009-12-13T18:00:00,42675099999,JABALPUR,23.2,79.95,18.4,1015.9,82.68
2009-12-13T21:00:00,42675099999,JABALPUR,23.2,79.95,17.2,1015.4,87.47
2009-12-14T00:00:00,42675099999,JABALPUR,23.2,79.95,16.0,1016.1,87.36
2009-12-14T06:00:00,42675099999,JABALPUR,23.2,79.95,23.0,1016.7,100.0
2009-12-14T09:00:00,42675099999,JABALPUR,23.2,79.95,26.4,1013.4,50.18
2009-12-14T12:00:00,42675099999,JABALPUR,23.2,79.95,24.6,1013.3,61.46
2009-12-14T15:00:00,42675099999,JABALPUR,23.2,79.95,18.4,1015.8,80.58
2009-12-14T18:00:00,42675099999,JABALPUR,23.2,79.95,18.4,1015.9,80.58
2009-12-14T21:00:00,42675099999,JABALPUR,23.2,79.95,16.6,1016.5,87.41
2009-12-15T00:00:00,42675099999,JABALPUR,23.2,79.95,15.4,1016.9,91.37
2009-12-15T03:00:00,42675099999,JABALPUR,23.2,79.95,16.4,1018.8,89.68
2009-12-15T06:00:00,42675099999,JABALPUR,23.2,79.95,26.0,1017.4,51.05
2009-12-15T09:00:00,42675099999,JABALPUR,23.2,79.95,28.0,1014.1,41.2
2009-12-15T12:00:00,42675099999,JABALPUR,23.2,79.95,25.0,1013.9,61.16
2009-12-15T15:00:00,42675099999,JABALPUR,23.2,79.95,19.4,1016.3,81.23
2009-12-15T18:00:00,42675099999,JABALPUR,23.2,79.95,18.0,1017.0,80.53
2009-12-15T21:00:00,42675099999,JABALPUR,23.2,79.95,16.4,1015.9,87.39
2009-12-16T00:00:00,42675099999,JABALPUR,23.2,79.95,15.4,1016.0,89.03
2009-12-16T03:00:00,42675099999,JABALPUR,23.2,79.95,17.2,1017.8,85.79
2009-12-16T06:00:00,42675099999,JABALPUR,23.2,79.95,25.0,1016.8,53.83
2009-12-16T09:00:00,42675099999,JABALPUR,23.2,79.95,28.4,1013.2,45.21
2009-12-16T12:00:00,42675099999,JABALPUR,23.2,79.95,24.6,1012.9,60.68
2009-12-16T15:00:00,42675099999,JABALPUR,23.2,79.95,20.0,1015.9,75.8
2009-12-16T18:00:00,42675099999,JABALPUR,23.2,79.95,19.4,1017.9,77.18
2009-12-16T21:00:00,42675099999,JABALPUR,23.2,79.95,17.2,1016.9,79.9
2009-12-17T00:00:00,42675099999,JABALPUR,23.2,79.95,15.4,1017.9,95.6
2009-12-17T03:00:00,42675099999,JABALPUR,23.2,79.95,16.4,1018.9,93.81
2009-12-17T06:00:00,42675099999,JABALPUR,23.2,79.95,22.8,1016.5,66.35
2009-12-17T09:00:00,42675099999,JABALPUR,23.2,79.95,22.2,1014.6,77.12
2009-12-17T12:00:00,42675099999,JABALPUR,23.2,79.95,20.4,1015.1,85.04
2009-12-17T15:00:00,42675099999,JABALPUR,23.2,79.95,19.0,1017.9,88.19
2009-12-17T18:00:00,42675099999,JABALPUR,23.2,79.95,17.0,1016.6,91.47
2009-12-17T21:00:00,42675099999,JABALPUR,23.2,79.95,16.6,1018.2,91.44
2009-12-18T00:00:00,42675099999,JABALPUR,23.2,79.95,17.0,1018.2,91.47
2009-12-18T03:00:00,42675099999,JABALPUR,23.2,79.95,17.4,1018.5,92.67
2009-12-18T06:00:00,42675099999,JABALPUR,23.2,79.95,22.0,1018.2,70.55
2009-12-18T09:00:00,42675099999,JABALPUR,23.2,79.95,24.4,1015.5,60.25
2009-12-18T12:00:00,42675099999,JABALPUR,23.2,79.95,23.2,1015.7,68.57
2009-12-18T15:00:00,42675099999,JABALPUR,23.2,79.95,19.4,1017.9,81.23
2009-12-18T18:00:00,42675099999,JABALPUR,23.2,79.95,17.6,1018.7,88.07
2009-12-19T00:00:00,42675099999,JABALPUR,23.2,79.95,15.6,1018.3,93.77
2009-12-19T03:00:00,42675099999,JABALPUR,23.2,79.95,16.2,1020.8,91.42
2009-12-19T06:00:00,42675099999,JABALPUR,23.2,79.95,19.2,1021.0,90.46
2009-12-19T09:00:00,42675099999,JABALPUR,23.2,79.95,23.6,1017.2,66.09
2009-12-19T12:00:00,42675099999,JABALPUR,23.2,79.95,23.0,1017.4,68.1
2009-12-19T15:00:00,42675099999,JABALPUR,23.2,79.95,19.0,1019.7,80.66
2009-12-19T18:00:00,42675099999,JABALPUR,23.2,79.95,17.4,1020.9,85.82
2009-12-19T21:00:00,42675099999,JABALPUR,23.2,79.95,16.0,1020.2,89.65
2009-12-20T00:00:00,42675099999,JABALPUR,23.2,79.95,14.4,1020.3,93.11
2009-12-20T03:00:00,42675099999,JABALPUR,23.2,79.95,15.0,1022.3,85.01
2009-12-20T06:00:00,42675099999,JABALPUR,23.2,79.95,21.8,1021.2,67.43
2009-12-20T09:00:00,42675099999,JABALPUR,23.2,79.95,25.0,1017.8,61.16
2009-12-20T12:00:00,42675099999,JABALPUR,23.2,79.95,23.2,1017.8,68.57
2009-12-20T15:00:00,42675099999,JABALPUR,23.2,79.95,18.4,1020.0,85.92
2009-12-20T18:00:00,42675099999,JABALPUR,23.2,79.95,17.6,1021.1,76.4
2009-12-20T21:00:00,42675099999,JABALPUR,23.2,79.95,14.4,1020.5,84.39
2009-12-21T00:00:00,42675099999,JABALPUR,23.2,79.95,13.0,1021.0,83.67
2009-12-21T03:00:00,42675099999,JABALPUR,23.2,79.95,14.8,1022.3,78.52
2009-12-21T06:00:00,42675099999,JABALPUR,23.2,79.95,20.4,1020.8,57.77
2009-12-21T09:00:00,42675099999,JABALPUR,23.2,79.95,22.6,1017.6,46.94
2009-12-21T12:00:00,42675099999,JABALPUR,23.2,79.95,21.4,1017.6,51.18
2009-12-21T15:00:00,42675099999,JABALPUR,23.2,79.95,15.2,1019.8,78.57
2009-12-21T18:00:00,42675099999,JABALPUR,23.2,79.95,13.2,1020.3,85.95
2009-12-21T21:00:00,42675099999,JABALPUR,23.2,79.95,11.4,1020.0,87.51
2009-12-22T00:00:00,42675099999,JABALPUR,23.2,79.95,10.0,1019.9,86.79
2009-12-22T03:00:00,42675099999,JABALPUR,23.2,79.95,11.0,1022.0,82.31
2009-12-22T06:00:00,42675099999,JABALPUR,23.2,79.95,17.4,1021.0,52.21
2009-12-22T09:00:00,42675099999,JABALPUR,23.2,79.95,21.4,1017.1,43.57
2009-12-22T12:00:00,42675099999,JABALPUR,23.2,79.95,19.4,1016.6,54.9
2009-12-22T15:00:00,42675099999,JABALPUR,23.2,79.95,13.4,1019.2,77.26
2009-12-22T18:00:00,42675099999,JABALPUR,23.2,79.95,11.4,1019.6,87.51
2009-12-22T21:00:00,42675099999,JABALPUR,23.2,79.95,10.4,1019.1,84.5
2009-12-23T03:00:00,42675099999,JABALPUR,23.2,79.95,11.6,1020.6,87.53
2009-12-23T09:00:00,42675099999,JABALPUR,23.2,79.95,23.0,1016.3,27.21
2009-12-23T12:00:00,42675099999,JABALPUR,23.2,79.95,20.0,1016.1,47.82
2009-12-23T15:00:00,42675099999,JABALPUR,23.2,79.95,14.0,1018.1,78.4
2009-12-23T18:00:00,42675099999,JABALPUR,23.2,79.95,12.4,1019.4,83.6
2009-12-24T00:00:00,42675099999,JABALPUR,23.2,79.95,11.0,1018.9,75.32
2009-12-24T03:00:00,42675099999,JABALPUR,23.2,79.95,12.6,1019.7,72.08
2009-12-24T12:00:00,42675099999,JABALPUR,23.2,79.95,20.8,1014.8,52.05
2009-12-24T18:00:00,42675099999,JABALPUR,23.2,79.95,16.0,1016.6,61.49
2009-12-24T21:00:00,42675099999,JABALPUR,23.2,79.95,13.0,1016.3,81.46
2009-12-25T00:00:00,42675099999,JABALPUR,23.2,79.95,12.4,1015.5,78.69
2009-12-25T03:00:00,42675099999,JABALPUR,23.2,79.95,13.2,1018.5,79.33
2009-12-25T06:00:00,42675099999,JABALPUR,23.2,79.95,25.6,1016.8,39.47
2009-12-25T09:00:00,42675099999,JABALPUR,23.2,79.95,23.4,1013.5,39.64
2009-12-25T12:00:00,42675099999,JABALPUR,23.2,79.95,21.0,1013.6,58.68
2009-12-25T15:00:00,42675099999,JABALPUR,23.2,79.95,15.4,1015.9,72.59
2009-12-25T18:00:00,42675099999,JABALPUR,23.2,79.95,14.0,1016.4,71.37
2009-12-25T21:00:00,42675099999,JABALPUR,23.2,79.95,13.0,1015.6,81.46
2009-12-26T00:00:00,42675099999,JABALPUR,23.2,79.95,12.0,1015.6,85.25
2009-12-26T03:00:00,42675099999,JABALPUR,23.2,79.95,13.6,1017.0,75.24
2009-12-26T06:00:00,42675099999,JABALPUR,23.2,79.95,22.2,1015.6,39.84
2009-12-26T09:00:00,42675099999,JABALPUR,23.2,79.95,24.6,1012.2,36.39
2009-12-26T12:00:00,42675099999,JABALPUR,23.2,79.95,22.0,1011.8,50.33
2009-12-26T15:00:00,42675099999,JABALPUR,23.2,79.95,17.2,1014.2,64.73
2009-12-26T18:00:00,42675099999,JABALPUR,23.2,79.95,15.8,1014.9,67.07
2009-12-26T21:00:00,42675099999,JABALPUR,23.2,79.95,14.0,1014.4,82.14
2009-12-27T00:00:00,42675099999,JABALPUR,23.2,79.95,12.4,1014.6,83.6
2009-12-27T03:00:00,42675099999,JABALPUR,23.2,79.95,13.0,1016.9,79.31
2009-12-27T09:00:00,42675099999,JABALPUR,23.2,79.95,25.4,1011.6,31.55
2009-12-27T12:00:00,42675099999,JABALPUR,23.2,79.95,22.4,1011.6,46.58
2009-12-27T15:00:00,42675099999,JABALPUR,23.2,79.95,16.0,1014.9,73.18
2009-12-27T18:00:00,42675099999,JABALPUR,23.2,79.95,15.4,1015.6,68.35
2009-12-27T21:00:00,42675099999,JABALPUR,23.2,79.95,14.4,1014.6,82.19
2009-12-28T00:00:00,42675099999,JABALPUR,23.2,79.95,12.4,1014.9,80.84
2009-12-28T03:00:00,42675099999,JABALPUR,23.2,79.95,13.8,1016.2,68.95
2009-12-28T06:00:00,42675099999,JABALPUR,23.2,79.95,22.0,1014.7,50.33
2009-12-28T09:00:00,42675099999,JABALPUR,23.2,79.95,25.2,1010.6,33.48
2009-12-28T12:00:00,42675099999,JABALPUR,23.2,79.95,22.0,1010.6,53.41
2009-12-28T15:00:00,42675099999,JABALPUR,23.2,79.95,16.4,1013.2,79.27
2009-12-28T18:00:00,42675099999,JABALPUR,23.2,79.95,16.4,1016.4,65.86
2009-12-29T00:00:00,42675099999,JABALPUR,23.2,79.95,14.0,1013.6,77.87
2009-12-29T03:00:00,42675099999,JABALPUR,23.2,79.95,15.0,1015.6,74.48
2009-12-29T06:00:00,42675099999,JABALPUR,23.2,79.95,22.6,1014.8,54.27
2009-12-29T09:00:00,42675099999,JABALPUR,23.2,79.95,26.4,1010.9,40.22
2009-12-29T12:00:00,42675099999,JABALPUR,23.2,79.95,23.4,1010.3,52.05
2009-12-29T15:00:00,42675099999,JABALPUR,23.2,79.95,20.0,1013.2,64.07
2009-12-29T18:00:00,42675099999,JABALPUR,23.2,79.95,18.0,1013.4,67.08
2009-12-29T21:00:00,42675099999,JABALPUR,23.2,79.95,17.0,1012.0,71.93
2009-12-30T00:00:00,42675099999,JABALPUR,23.2,79.95,18.0,1011.7,69.33
2009-12-30T03:00:00,42675099999,JABALPUR,23.2,79.95,16.4,1015.0,89.68
2009-12-30T06:00:00,42675099999,JABALPUR,23.2,79.95,18.0,1014.5,93.88
2009-12-30T09:00:00,42675099999,JABALPUR,23.2,79.95,20.4,1010.8,74.43
2009-12-30T12:00:00,42675099999,JABALPUR,23.2,79.95,20.0,1011.5,81.31
2009-12-30T15:00:00,42675099999,JABALPUR,23.2,79.95,18.6,1014.3,90.42
2009-12-30T18:00:00,42675099999,JABALPUR,23.2,79.95,16.0,1016.0,91.41
2009-12-30T21:00:00,42675099999,JABALPUR,23.2,79.95,15.0,1015.4,91.34
2009-12-31T00:00:00,42675099999,JABALPUR,23.2,79.95,13.4,1015.7,88.28
2009-12-31T03:00:00,42675099999,JABALPUR,23.2,79.95,13.0,1018.6,88.24
2009-12-31T06:00:00,42675099999,JABALPUR,23.2,79.95,15.4,1018.4,78.6
2009-12-31T09:00:00,42675099999,JABALPUR,23.2,79.95,20.0,1014.7,57.29
2009-12-31T12:00:00,42675099999,JABALPUR,23.2,79.95,19.0,1014.4,51.23
2009-12-31T15:00:00,42675099999,JABALPUR,23.2,79.95,13.4,1017.2,75.72
2009-12-31T18:00:00,42675099999,JABALPUR,23.2,79.95,11.4,1017.7,85.19
2009-12-31T21:00:00,42675099999,JABALPUR,23.2,79.95,10.0,1017.8,86.79
