timestamp,station_id,station_name,latitude,longitude,temperature,pressure,humidity
2023-01-01T00:30:00,42705199999,KULLU MANALI,31.877,77.154,2.0,,93.09
2023-01-01T01:00:00,42705199999,KULLU MANALI,31.877,77.154,1.0,,100.0
2023-01-01T02:00:00,42705199999,KULLU MANALI,31.877,77.154,1.0,,100.0
2023-01-01T02:30:00,42705199999,KULLU MANALI,31.877,77.154,1.0,,100.0
2023-01-01T03:00:00,42705199999,KULLU MANALI,31.877,77.154,1.0,,100.0
2023-01-01T03:30:00,42705199999,KULLU MANALI,31.877,77.154,2.0,,93.09
2023-01-01T04:00:00,42705199999,KULLU MANALI,31.877,77.154,3.0,,86.7
2023-01-01T05:00:00,42705199999,KULLU MANALI,31.877,77.154,5.0,,75.35
2023-01-01T06:00:00,42705199999,KULLU MANALI,31.877,77.154,8.0,,61.3
2023-01-01T09:30:00,42705199999,KULLU MANALI,31.877,77.154,10.0,,53.56
2023-01-01T10:30:00,42705199999,KULLU MANALI,31.877,77.154,11.0,,53.83
2023-01-02T00:30:00,42705199999,KULLU MANALI,31.877,77.154,0.0,,92.98
2023-01-02T01:00:00,42705199999,KULLU MANALI,31.877,77.154,0.0,,92.98
2023-01-02T02:00:00,42705199999,KULLU MANALI,31.877,77.154,-1.0,,100.0
2023-01-02T02:30:00,42705199999,KULLU MANALI,31.877,77.154,-1.0,,100.0
2023-01-02T03:00:00,42705199999,KULLU MANALI,31.877,77.154,0.0,,100.0
2023-01-02T03:30:00,42705199999,KULLU MANALI,31.877,77.154,2.0,,86.6
2023-01-02T03:55:00,42705199999,KULLU MANALI,31.877,77.154,4.0,,80.8
2023-01-02T04:00:00,42705199999,KULLU MANALI,31.877,77.154,4.0,,80.8
2023-01-02T04:30:00,42705199999,KULLU MANALI,31.877,77.154,6.0,,70.3
2023-01-02T05:00:00,42705199999,KULLU MANALI,31.877,77.154,7.0,,65.63
2023-01-02T06:00:00,42705199999,KULLU MANALI,31.877,77.154,10.0,,49.83
2023-01-02T07:00:00,42705199999,KULLU MANALI,31.877,77.154,12.0,,43.64
2023-01-02T07:30:00,42705199999,KULLU MANALI,31.877,77.154,13.0,,40.87
2023-01-02T08:30:00,42705199999,KULLU MANALI,31.877,77.154,14.0,,38.29
2023-01-02T09:00:00,42705199999,KULLU MANALI,31.877,77.154,16.0,,33.67
2023-01-02T09:30:00,42705199999,KULLU MANALI,31.877,77.154,16.0,,33.67
2023-01-03T00:30:00,42705199999,KULLU MANALI,31.877,77.154,4.0,,93.2
2023-01-03T01:00:00,42705199999,KULLU MANALI,31.877,77.154,4.0,,93.2
2023-01-03T02:00:00,42705199999,KULLU MANALI,31.877,77.154,3.0,,93.14
2023-01-03T03:00:00,42705199999,KULLU MANALI,31.877,77.154,3.0,,93.14
2023-01-03T03:30:00,42705199999,KULLU MANALI,31.877,77.154,5.0,,80.94
2023-01-03T04:00:00,42705199999,KULLU MANALI,31.877,77.154,5.0,,86.9
2023-01-03T04:30:00,42705199999,KULLU MANALI,31.877,77.154,7.0,,75.69
2023-01-03T05:00:00,42705199999,KULLU MANALI,31.877,77.154,9.0,,66.07
2023-01-03T06:00:00,42705199999,KULLU MANALI,31.877,77.154,12.0,,58.05
2023-01-03T06:30:00,42705199999,KULLU MANALI,31.877,77.154,13.0,,50.66
2023-01-04T00:30:00,42705199999,KULLU MANALI,31.877,77.154,2.0,,93.09
2023-01-04T01:00:00,42705199999,KULLU MANALI,31.877,77.154,1.0,,93.03
2023-01-04T01:30:00,42705199999,KULLU MANALI,31.877,77.154,1.0,,93.03
2023-01-04T02:00:00,42705199999,KULLU MANALI,31.877,77.154,0.0,,100.0
2023-01-04T03:00:00,42705199999,KULLU MANALI,31.877,77.154,0.0,,92.98
2023-01-04T03:30:00,42705199999,KULLU MANALI,31.877,77.154,2.0,,80.52
2023-01-04T04:00:00,42705199999,KULLU MANALI,31.877,77.154,5.0,,65.17
2023-01-04T04:30:00,42705199999,KULLU MANALI,31.877,77.154,6.0,,56.5
2023-01-04T05:00:00,42705199999,KULLU MANALI,31.877,77.154,8.0,,57.03
2023-01-04T06:00:00,42705199999,KULLU MANALI,31.877,77.154,11.0,,46.62
2023-01-04T07:00:00,42705199999,KULLU MANALI,31.877,77.154,12.0,,43.64
2023-01-05T00:30:00,42705199999,KULLU MANALI,31.877,77.154,0.0,,80.23
2023-01-05T01:00:00,42705199999,KULLU MANALI,31.877,77.154,0.0,,80.23
2023-01-05T02:00:00,42705199999,KULLU MANALI,31.877,77.154,-1.0,,92.92
2023-01-05T03:00:00,42705199999,KULLU MANALI,31.877,77.154,-1.0,,86.29
2023-01-05T04:00:00,42705199999,KULLU MANALI,31.877,77.154,3.0,,69.69
2023-01-05T04:30:00,42705199999,KULLU MANALI,31.877,77.154,5.0,,65.17
2023-01-05T05:00:00,42705199999,KULLU MANALI,31.877,77.154,7.0,,48.98
2023-01-05T05:30:00,42705199999,KULLU MANALI,31.877,77.154,8.0,,42.46
2023-01-05T06:00:00,42705199999,KULLU MANALI,31.877,77.154,11.0,,40.28
2023-01-05T06:30:00,42705199999,KULLU MANALI,31.877,77.154,12.0,,37.7
2023-01-05T07:00:00,42705199999,KULLU MANALI,31.877,77.154,13.0,,35.31
2023-01-06T00:30:00,42705199999,KULLU MANALI,31.877,77.154,0.0,,86.39
2023-01-06T01:00:00,42705199999,KULLU MANALI,31.877,77.154,0.0,,86.39
2023-01-06T02:00:00,42705199999,KULLU MANALI,31.877,77.154,-1.0,,86.29
2023-01-06T02:30:00,42705199999,KULLU MANALI,31.877,77.154,-1.0,,92.92
2023-01-06T03:00:00,42705199999,KULLU MANALI,31.877,77.154,0.0,,86.39
2023-01-06T04:00:00,42705199999,KULLU MANALI,31.877,77.154,5.0,,60.56
2023-01-06T05:00:00,42705199999,KULLU MANALI,31.877,77.154,7.0,,52.75
2023-01-06T05:30:00,42705199999,KULLU MANALI,31.877,77.154,8.0,,49.27
2023-01-06T06:00:00,42705199999,KULLU MANALI,31.877,77.154,10.0,,37.1
2023-01-06T07:00:00,42705199999,KULLU MANALI,31.877,77.154,11.0,,29.84
2023-01-07T00:30:00,42705199999,KULLU MANALI,31.877,77.154,6.0,,75.52
2023-01-07T01:00:00,42705199999,KULLU MANALI,31.877,77.154,6.0,,75.52
2023-01-07T02:00:00,42705199999,KULLU MANALI,31.877,77.154,5.0,,75.35
2023-01-07T02:30:00,42705199999,KULLU MANALI,31.877,77.154,4.0,,75.17
2023-01-07T03:00:00,42705199999,KULLU MANALI,31.877,77.154,5.0,,80.94
2023-01-07T03:30:00,42705199999,KULLU MANALI,31.877,77.154,6.0,,75.52
2023-01-07T04:00:00,42705199999,KULLU MANALI,31.877,77.154,7.0,,65.63
2023-01-07T05:00:00,42705199999,KULLU MANALI,31.877,77.154,11.0,,43.34
2023-01-07T05:30:00,42705199999,KULLU MANALI,31.877,77.154,13.0,,35.31
2023-01-07T06:00:00,42705199999,KULLU MANALI,31.877,77.154,15.0,,35.9
2023-01-07T07:00:00,42705199999,KULLU MANALI,31.877,77.154,18.0,,29.66
2023-01-08T00:30:00,42705199999,KULLU MANALI,31.877,77.154,8.0,,75.86
2023-01-08T01:00:00,42705199999,KULLU MANALI,31.877,77.154,8.0,,75.86
2023-01-08T02:00:00,42705199999,KULLU MANALI,31.877,77.154,7.0,,75.69
2023-01-08T02:30:00,42705199999,KULLU MANALI,31.877,77.154,7.0,,75.69
2023-01-08T03:00:00,42705199999,KULLU MANALI,31.877,77.154,7.0,,81.22
2023-01-08T03:30:00,42705199999,KULLU MANALI,31.877,77.154,9.0,,70.89
2023-01-08T04:00:00,42705199999,KULLU MANALI,31.877,77.154,11.0,,62.02
2023-01-08T04:30:00,42705199999,KULLU MANALI,31.877,77.154,12.0,,58.05
2023-01-08T05:00:00,42705199999,KULLU MANALI,31.877,77.154,14.0,,47.47
2023-01-08T06:00:00,42705199999,KULLU MANALI,31.877,77.154,18.0,,39.46
2023-01-09T00:30:00,42705199999,KULLU MANALI,31.877,77.154,8.0,,87.19
2023-01-09T01:00:00,42705199999,KULLU MANALI,31.877,77.154,7.0,,87.1
2023-01-09T02:00:00,42705199999,KULLU MANALI,31.877,77.154,6.0,,87.0
2023-01-09T03:00:00,42705199999,KULLU MANALI,31.877,77.154,8.0,,81.35
2023-01-09T04:00:00,42705199999,KULLU MANALI,31.877,77.154,10.0,,66.29
2023-01-09T05:00:00,42705199999,KULLU MANALI,31.877,77.154,13.0,,62.48
2023-01-09T06:00:00,42705199999,KULLU MANALI,31.877,77.154,13.0,,58.3
2023-01-09T06:30:00,42705199999,KULLU MANALI,31.877,77.154,13.0,,58.3
2023-01-09T07:00:00,42705199999,KULLU MANALI,31.877,77.154,15.0,,51.21
2023-01-09T07:30:00,42705199999,KULLU MANALI,31.877,77.154,15.0,,51.21
2023-01-09T08:00:00,42705199999,KULLU MANALI,31.877,77.154,15.0,,51.21
2023-01-10T00:30:00,42705199999,KULLU MANALI,31.877,77.154,6.0,,93.3
2023-01-10T01:00:00,42705199999,KULLU MANALI,31.877,77.154,6.0,,93.3
2023-01-10T02:00:00,42705199999,KULLU MANALI,31.877,77.154,5.0,,86.9
2023-01-10T03:00:00,42705199999,KULLU MANALI,31.877,77.154,5.0,,86.9
2023-01-10T03:30:00,42705199999,KULLU MANALI,31.877,77.154,6.0,,81.08
2023-01-10T04:00:00,42705199999,KULLU MANALI,31.877,77.154,8.0,,75.86
2023-01-10T04:30:00,42705199999,KULLU MANALI,31.877,77.154,10.0,,66.29
2023-01-10T05:00:00,42705199999,KULLU MANALI,31.877,77.154,12.0,,50.39
2023-01-10T06:00:00,42705199999,KULLU MANALI,31.877,77.154,16.0,,41.74
2023-01-10T06:30:00,42705199999,KULLU MANALI,31.877,77.154,18.0,,36.77
2023-01-10T07:00:00,42705199999,KULLU MANALI,31.877,77.154,19.0,,29.95
2023-01-11T01:00:00,42705199999,KULLU MANALI,31.877,77.154,9.0,,66.07
2023-01-11T02:00:00,42705199999,KULLU MANALI,31.877,77.154,8.0,,75.86
2023-01-11T03:00:00,42705199999,KULLU MANALI,31.877,77.154,9.0,,66.07
2023-01-11T03:30:00,42705199999,KULLU MANALI,31.877,77.154,10.0,,61.78
2023-01-11T04:00:00,42705199999,KULLU MANALI,31.877,77.154,11.0,,62.02
2023-01-11T04:30:00,42705199999,KULLU MANALI,31.877,77.154,12.0,,58.05
2023-01-11T06:00:00,42705199999,KULLU MANALI,31.877,77.154,16.0,,36.19
2023-01-12T00:30:00,42705199999,KULLU MANALI,31.877,77.154,7.0,,87.1
2023-01-12T01:00:00,42705199999,KULLU MANALI,31.877,77.154,7.0,,87.1
2023-01-12T02:00:00,42705199999,KULLU MANALI,31.877,77.154,6.0,,93.3
2023-01-12T02:30:00,42705199999,KULLU MANALI,31.877,77.154,6.0,,93.3
2023-01-12T03:00:00,42705199999,KULLU MANALI,31.877,77.154,7.0,,87.1
2023-01-12T03:30:00,42705199999,KULLU MANALI,31.877,77.154,8.0,,81.35
2023-01-12T04:00:00,42705199999,KULLU MANALI,31.877,77.154,8.0,,87.19
2023-01-12T05:00:00,42705199999,KULLU MANALI,31.877,77.154,11.0,,62.02
2023-01-13T00:30:00,42705199999,KULLU MANALI,31.877,77.154,7.0,,100.0
2023-01-13T01:00:00,42705199999,KULLU MANALI,31.877,77.154,7.0,,100.0
2023-01-13T02:00:00,42705199999,KULLU MANALI,31.877,77.154,7.0,,100.0
2023-01-13T02:30:00,42705199999,KULLU MANALI,31.877,77.154,7.0,,100.0
2023-01-13T03:00:00,42705199999,KULLU MANALI,31.877,77.154,7.0,,100.0
2023-01-13T03:30:00,42705199999,KULLU MANALI,31.877,77.154,8.0,,93.4
2023-01-13T04:00:00,42705199999,KULLU MANALI,31.877,77.154,8.0,,93.4
2023-01-13T04:30:00,42705199999,KULLU MANALI,31.877,77.154,8.0,,93.4
2023-01-13T05:00:00,42705199999,KULLU MANALI,31.877,77.154,10.0,,81.62
2023-01-13T06:00:00,42705199999,KULLU MANALI,31.877,77.154,10.0,,81.62
2023-01-14T01:00:00,42705199999,KULLU MANALI,31.877,77.154,3.0,,100.0
2023-01-14T02:00:00,42705199999,KULLU MANALI,31.877,77.154,4.0,,93.2
2023-01-14T02:30:00,42705199999,KULLU MANALI,31.877,77.154,4.0,,93.2
2023-01-14T03:00:00,42705199999,KULLU MANALI,31.877,77.154,4.0,,93.2
2023-01-14T03:30:00,42705199999,KULLU MANALI,31.877,77.154,4.0,,93.2
2023-01-14T04:00:00,42705199999,KULLU MANALI,31.877,77.154,5.0,,93.25
2023-01-14T04:30:00,42705199999,KULLU MANALI,31.877,77.154,5.0,,93.25
2023-01-14T05:00:00,42705199999,KULLU MANALI,31.877,77.154,6.0,,87.0
2023-01-14T06:00:00,42705199999,KULLU MANALI,31.877,77.154,7.0,,81.22
2023-01-14T07:00:00,42705199999,KULLU MANALI,31.877,77.154,8.0,,75.86
2023-01-15T00:30:00,42705199999,KULLU MANALI,31.877,77.154,2.0,,86.6
2023-01-15T01:00:00,42705199999,KULLU MANALI,31.877,77.154,2.0,,86.6
2023-01-15T02:00:00,42705199999,KULLU MANALI,31.877,77.154,1.0,,93.03
2023-01-15T03:00:00,42705199999,KULLU MANALI,31.877,77.154,1.0,,93.03
2023-01-15T03:30:00,42705199999,KULLU MANALI,31.877,77.154,3.0,,80.66
2023-01-15T04:00:00,42705199999,KULLU MANALI,31.877,77.154,4.0,,80.8
2023-01-15T04:30:00,42705199999,KULLU MANALI,31.877,77.154,6.0,,75.52
2023-01-15T05:00:00,42705199999,KULLU MANALI,31.877,77.154,8.0,,61.3
2023-01-15T06:00:00,42705199999,KULLU MANALI,31.877,77.154,10.0,,61.78
2023-01-16T00:30:00,42705199999,KULLU MANALI,31.877,77.154,1.0,,93.03
2023-01-16T01:00:00,42705199999,KULLU MANALI,31.877,77.154,1.0,,93.03
2023-01-16T02:00:00,42705199999,KULLU MANALI,31.877,77.154,1.0,,93.03
2023-01-16T02:30:00,42705199999,KULLU MANALI,31.877,77.154,1.0,,93.03
2023-01-16T03:00:00,42705199999,KULLU MANALI,31.877,77.154,0.0,,100.0
2023-01-16T03:30:00,42705199999,KULLU MANALI,31.877,77.154,1.0,,93.03
2023-01-16T04:00:00,42705199999,KULLU MANALI,31.877,77.154,5.0,,70.1
2023-01-16T05:00:00,42705199999,KULLU MANALI,31.877,77.154,9.0,,53.29
2023-01-16T06:00:00,42705199999,KULLU MANALI,31.877,77.154,11.0,,43.34
2023-01-17T01:00:00,42705199999,KULLU MANALI,31.877,77.154,1.0,,93.03
2023-01-17T02:00:00,42705199999,KULLU MANALI,31.877,77.154,0.0,,100.0
2023-01-17T02:30:00,42705199999,KULLU MANALI,31.877,77.154,0.0,,100.0
2023-01-17T03:00:00,42705199999,KULLU MANALI,31.877,77.154,1.0,,93.03
2023-01-17T03:30:00,42705199999,KULLU MANALI,31.877,77.154,3.0,,80.66
2023-01-17T04:00:00,42705199999,KULLU MANALI,31.877,77.154,4.0,,69.89
2023-01-17T04:30:00,42705199999,KULLU MANALI,31.877,77.154,7.0,,61.05
2023-01-17T05:00:00,42705199999,KULLU MANALI,31.877,77.154,7.0,,52.75
2023-01-17T06:00:00,42705199999,KULLU MANALI,31.877,77.154,10.0,,46.33
2023-01-18T01:00:00,42705199999,KULLU MANALI,31.877,77.154,1.0,,93.03
2023-01-18T02:00:00,42705199999,KULLU MANALI,31.877,77.154,1.0,,93.03
2023-01-18T03:00:00,42705199999,KULLU MANALI,31.877,77.154,1.0,,93.03
2023-01-18T03:30:00,42705199999,KULLU MANALI,31.877,77.154,3.0,,80.66
2023-01-18T04:00:00,42705199999,KULLU MANALI,31.877,77.154,5.0,,65.17
2023-01-18T04:30:00,42705199999,KULLU MANALI,31.877,77.154,6.0,,56.5
2023-01-18T05:00:00,42705199999,KULLU MANALI,31.877,77.154,8.0,,53.02
2023-01-18T06:00:00,42705199999,KULLU MANALI,31.877,77.154,10.0,,43.05
2023-01-18T06:30:00,42705199999,KULLU MANALI,31.877,77.154,11.0,,37.4
2023-01-18T06:32:00,42705199999,KULLU MANALI,31.877,77.154,11.0,,37.4
2023-01-18T07:00:00,42705199999,KULLU MANALI,31.877,77.154,12.0,,37.7
2023-01-18T07:30:00,42705199999,KULLU MANALI,31.877,77.154,13.0,,32.79
2023-01-19T00:30:00,42705199999,KULLU MANALI,31.877,77.154,5.0,,80.94
2023-01-19T01:00:00,42705199999,KULLU MANALI,31.877,77.154,5.0,,80.94
2023-01-19T02:00:00,42705199999,KULLU MANALI,31.877,77.154,6.0,,75.52
2023-01-19T03:00:00,42705199999,KULLU MANALI,31.877,77.154,9.0,,61.54
2023-01-19T04:00:00,42705199999,KULLU MANALI,31.877,77.154,10.0,,57.54
2023-01-19T04:30:00,42705199999,KULLU MANALI,31.877,77.154,11.0,,53.83
2023-01-19T05:00:00,42705199999,KULLU MANALI,31.877,77.154,12.0,,50.39
2023-01-19T06:00:00,42705199999,KULLU MANALI,31.877,77.154,16.0,,38.88
2023-01-20T01:00:00,42705199999,KULLU MANALI,31.877,77.154,8.0,,93.4
2023-01-20T02:00:00,42705199999,KULLU MANALI,31.877,77.154,7.0,,100.0
2023-01-20T03:00:00,42705199999,KULLU MANALI,31.877,77.154,7.0,,100.0
2023-01-20T04:00:00,42705199999,KULLU MANALI,31.877,77.154,7.0,,100.0
2023-01-20T05:00:00,42705199999,KULLU MANALI,31.877,77.154,8.0,,87.19
2023-01-20T06:00:00,42705199999,KULLU MANALI,31.877,77.154,8.0,,87.19
2023-01-21T01:00:00,42705199999,KULLU MANALI,31.877,77.154,4.0,,100.0
2023-01-21T02:00:00,42705199999,KULLU MANALI,31.877,77.154,4.0,,100.0
2023-01-21T03:30:00,42705199999,KULLU MANALI,31.877,77.154,4.0,,100.0
2023-01-21T04:00:00,42705199999,KULLU MANALI,31.877,77.154,6.0,,93.3
2023-01-21T04:30:00,42705199999,KULLU MANALI,31.877,77.154,7.0,,87.1
2023-01-21T05:00:00,42705199999,KULLU MANALI,31.877,77.154,9.0,,87.29
2023-01-21T06:00:00,42705199999,KULLU MANALI,31.877,77.154,11.0,,71.28
2023-01-22T00:30:00,42705199999,KULLU MANALI,31.877,77.154,2.0,,93.09
2023-01-22T01:00:00,42705199999,KULLU MANALI,31.877,77.154,2.0,,93.09
2023-01-22T02:00:00,42705199999,KULLU MANALI,31.877,77.154,2.0,,100.0
2023-01-22T02:30:00,42705199999,KULLU MANALI,31.877,77.154,2.0,,93.09
2023-01-22T03:00:00,42705199999,KULLU MANALI,31.877,77.154,2.0,,93.09
2023-01-22T04:00:00,42705199999,KULLU MANALI,31.877,77.154,5.0,,80.94
2023-01-22T05:00:00,42705199999,KULLU MANALI,31.877,77.154,9.0,,61.54
2023-01-23T01:00:00,42705199999,KULLU MANALI,31.877,77.154,3.0,,86.7
2023-01-23T02:00:00,42705199999,KULLU MANALI,31.877,77.154,2.0,,93.09
2023-01-23T03:00:00,42705199999,KULLU MANALI,31.877,77.154,2.0,,93.09
2023-01-23T04:00:00,42705199999,KULLU MANALI,31.877,77.154,5.0,,80.94
2023-01-23T05:00:00,42705199999,KULLU MANALI,31.877,77.154,10.0,,53.56
2023-01-23T06:00:00,42705199999,KULLU MANALI,31.877,77.154,12.0,,50.39
2023-01-24T02:00:00,42705199999,KULLU MANALI,31.877,77.154,4.0,,86.8
2023-01-24T03:00:00,42705199999,KULLU MANALI,31.877,77.154,5.0,,80.94
2023-01-24T04:00:00,42705199999,KULLU MANALI,31.877,77.154,6.0,,75.52
2023-01-24T05:00:00,42705199999,KULLU MANALI,31.877,77.154,8.0,,61.3
2023-01-24T06:00:00,42705199999,KULLU MANALI,31.877,77.154,10.0,,81.62
2023-01-25T01:00:00,42705199999,KULLU MANALI,31.877,77.154,8.0,,87.19
2023-01-25T01:30:00,42705199999,KULLU MANALI,31.877,77.154,8.0,,87.19
2023-01-25T02:00:00,42705199999,KULLU MANALI,31.877,77.154,7.0,,93.35
2023-01-25T03:00:00,42705199999,KULLU MANALI,31.877,77.154,7.0,,100.0
2023-01-25T03:30:00,42705199999,KULLU MANALI,31.877,77.154,8.0,,93.4
2023-01-25T04:00:00,42705199999,KULLU MANALI,31.877,77.154,9.0,,87.29
2023-01-25T04:30:00,42705199999,KULLU MANALI,31.877,77.154,10.0,,81.62
2023-01-25T05:00:00,42705199999,KULLU MANALI,31.877,77.154,10.0,,81.62
2023-01-25T06:00:00,42705199999,KULLU MANALI,31.877,77.154,11.0,,81.75
2023-01-26T01:00:00,42705199999,KULLU MANALI,31.877,77.154,5.0,,93.25
2023-01-26T02:00:00,42705199999,KULLU MANALI,31.877,77.154,6.0,,93.3
2023-01-26T03:00:00,42705199999,KULLU MANALI,31.877,77.154,6.0,,93.3
2023-01-26T04:00:00,42705199999,KULLU MANALI,31.877,77.154,9.0,,76.03
2023-01-26T05:00:00,42705199999,KULLU MANALI,31.877,77.154,11.0,,62.02
2023-01-26T06:00:00,42705199999,KULLU MANALI,31.877,77.154,13.0,,58.3
2023-01-27T01:00:00,42705199999,KULLU MANALI,31.877,77.154,3.0,,100.0
2023-01-27T02:00:00,42705199999,KULLU MANALI,31.877,77.154,2.0,,100.0
2023-01-27T02:30:00,42705199999,KULLU MANALI,31.877,77.154,3.0,,93.14
2023-01-27T03:00:00,42705199999,KULLU MANALI,31.877,77.154,3.0,,86.7
2023-01-27T03:30:00,42705199999,KULLU MANALI,31.877,77.154,5.0,,75.35
2023-01-27T04:00:00,42705199999,KULLU MANALI,31.877,77.154,7.0,,61.05
2023-01-27T05:00:00,42705199999,KULLU MANALI,31.877,77.154,11.0,,40.28
2023-01-27T06:00:00,42705199999,KULLU MANALI,31.877,77.154,14.0,,38.29
2023-01-28T00:30:00,42705199999,KULLU MANALI,31.877,77.154,2.0,,86.6
2023-01-28T01:00:00,42705199999,KULLU MANALI,31.877,77.154,1.0,,93.03
2023-01-28T02:00:00,42705199999,KULLU MANALI,31.877,77.154,2.0,,93.09
2023-01-28T02:30:00,42705199999,KULLU MANALI,31.877,77.154,3.0,,86.7
2023-01-28T03:00:00,42705199999,KULLU MANALI,31.877,77.154,3.0,,80.66
2023-01-28T03:30:00,42705199999,KULLU MANALI,31.877,77.154,4.0,,80.8
2023-01-28T04:00:00,42705199999,KULLU MANALI,31.877,77.154,6.0,,60.81
2023-01-28T05:00:00,42705199999,KULLU MANALI,31.877,77.154,8.0,,49.27
2023-01-28T06:00:00,42705199999,KULLU MANALI,31.877,77.154,11.0,,43.34
2023-01-29T00:30:00,42705199999,KULLU MANALI,31.877,77.154,4.0,,86.8
2023-01-29T01:00:00,42705199999,KULLU MANALI,31.877,77.154,4.0,,86.8
2023-01-29T02:00:00,42705199999,KULLU MANALI,31.877,77.154,3.0,,100.0
2023-01-29T02:30:00,42705199999,KULLU MANALI,31.877,77.154,3.0,,93.14
2023-01-29T03:00:00,42705199999,KULLU MANALI,31.877,77.154,4.0,,93.2
2023-01-29T03:30:00,42705199999,KULLU MANALI,31.877,77.154,5.0,,86.9
2023-01-29T04:00:00,42705199999,KULLU MANALI,31.877,77.154,6.0,,87.0
2023-01-29T04:30:00,42705199999,KULLU MANALI,31.877,77.154,7.0,,81.22
2023-01-29T05:00:00,42705199999,KULLU MANALI,31.877,77.154,8.0,,70.7
2023-01-29T06:00:00,42705199999,KULLU MANALI,31.877,77.154,9.0,,66.07
2023-01-30T00:30:00,42705199999,KULLU MANALI,31.877,77.154,7.0,,93.35
2023-01-30T01:00:00,42705199999,KULLU MANALI,31.877,77.154,7.0,,93.35
2023-01-30T01:30:00,42705199999,KULLU MANALI,31.877,77.154,7.0,,93.35
2023-01-30T01:58:00,42705199999,KULLU MANALI,31.877,77.154,7.0,,100.0
2023-01-30T02:00:00,42705199999,KULLU MANALI,31.877,77.154,7.0,,100.0
2023-01-30T03:00:00,42705199999,KULLU MANALI,31.877,77.154,7.0,,100.0
2023-01-30T03:30:00,42705199999,KULLU MANALI,31.877,77.154,7.0,,100.0
2023-01-30T04:00:00,42705199999,KULLU MANALI,31.877,77.154,8.0,,93.4
2023-01-30T04:30:00,42705199999,KULLU MANALI,31.877,77.154,8.0,,93.4
2023-01-30T05:00:00,42705199999,KULLU MANALI,31.877,77.154,8.0,,100.0
2023-01-30T05:30:00,42705199999,KULLU MANALI,31.877,77.154,9.0,,93.45
2023-01-30T06:00:00,42705199999,KULLU MANALI,31.877,77.154,9.0,,81.49
2023-01-30T06:30:00,42705199999,KULLU MANALI,31.877,77.154,9.0,,81.49
2023-01-30T07:30:00,42705199999,KULLU MANALI,31.877,77.154,10.0,,76.19
2023-01-31T00:30:00,42705199999,KULLU MANALI,31.877,77.154,5.0,,100.0
2023-01-31T01:00:00,42705199999,KULLU MANALI,31.877,77.154,5.0,,100.0
2023-01-31T02:00:00,42705199999,KULLU MANALI,31.877,77.154,4.0,,100.0
2023-01-31T02:30:00,42705199999,KULLU MANALI,31.877,77.154,4.0,,100.0
2023-01-31T03:00:00,42705199999,KULLU MANALI,31.877,77.154,5.0,,100.0
2023-01-31T03:30:00,42705199999,KULLU MANALI,31.877,77.154,7.0,,87.1
2023-01-31T04:00:00,42705199999,KULLU MANALI,31.877,77.154,8.0,,81.35
2023-01-31T04:30:00,42705199999,KULLU MANALI,31.877,77.154,10.0,,71.09
2023-01-31T05:00:00,42705199999,KULLU MANALI,31.877,77.154,12.0,,62.25
2023-01-31T06:00:00,42705199999,KULLU MANALI,31.877,77.154,14.0,,47.47
2023-02-01T01:00:00,42705199999,KULLU MANALI,31.877,77.154,4.0,,86.8
2023-02-01T02:00:00,42705199999,KULLU MANALI,31.877,77.154,3.0,,86.7
2023-02-01T03:00:00,42705199999,KULLU MANALI,31.877,77.154,3.0,,86.7
2023-02-01T03:30:00,42705199999,KULLU MANALI,31.877,77.154,5.0,,75.35
2023-02-01T04:00:00,42705199999,KULLU MANALI,31.877,77.154,6.0,,65.4
2023-02-01T04:30:00,42705199999,KULLU MANALI,31.877,77.154,8.0,,57.03
2023-02-01T05:00:00,42705199999,KULLU MANALI,31.877,77.154,10.0,,46.33
2023-02-01T06:00:00,42705199999,KULLU MANALI,31.877,77.154,13.0,,38.0
2023-02-02T00:30:00,42705199999,KULLU MANALI,31.877,77.154,5.0,,86.9
2023-02-02T01:00:00,42705199999,KULLU MANALI,31.877,77.154,5.0,,86.9
2023-02-02T02:00:00,42705199999,KULLU MANALI,31.877,77.154,4.0,,86.8
2023-02-02T02:30:00,42705199999,KULLU MANALI,31.877,77.154,4.0,,86.8
2023-02-02T03:00:00,42705199999,KULLU MANALI,31.877,77.154,4.0,,86.8
2023-02-02T03:30:00,42705199999,KULLU MANALI,31.877,77.154,6.0,,75.52
2023-02-02T04:00:00,42705199999,KULLU MANALI,31.877,77.154,7.0,,70.5
2023-02-02T04:30:00,42705199999,KULLU MANALI,31.877,77.154,9.0,,61.54
2023-02-02T05:00:00,42705199999,KULLU MANALI,31.877,77.154,11.0,,50.11
2023-02-02T06:00:00,42705199999,KULLU MANALI,31.877,77.154,12.0,,40.57
2023-02-02T07:00:00,42705199999,KULLU MANALI,31.877,77.154,15.0,,33.37
2023-02-03T00:30:00,42705199999,KULLU MANALI,31.877,77.154,6.0,,87.0
2023-02-03T01:00:00,42705199999,KULLU MANALI,31.877,77.154,6.0,,87.0
2023-02-03T02:00:00,42705199999,KULLU MANALI,31.877,77.154,5.0,,93.25
2023-02-03T02:30:00,42705199999,KULLU MANALI,31.877,77.154,5.0,,93.25
2023-02-03T03:00:00,42705199999,KULLU MANALI,31.877,77.154,5.0,,86.9
2023-02-03T03:30:00,42705199999,KULLU MANALI,31.877,77.154,7.0,,75.69
2023-02-03T04:00:00,42705199999,KULLU MANALI,31.877,77.154,9.0,,70.89
2023-02-03T04:30:00,42705199999,KULLU MANALI,31.877,77.154,11.0,,62.02
2023-02-03T05:00:00,42705199999,KULLU MANALI,31.877,77.154,12.0,,50.39
2023-02-03T06:00:00,42705199999,KULLU MANALI,31.877,77.154,16.0,,38.88
2023-02-03T07:00:00,42705199999,KULLU MANALI,31.877,77.154,18.0,,34.25
2023-02-04T00:30:00,42705199999,KULLU MANALI,31.877,77.154,7.0,,87.1
2023-02-04T01:00:00,42705199999,KULLU MANALI,31.877,77.154,7.0,,87.1
2023-02-04T02:00:00,42705199999,KULLU MANALI,31.877,77.154,6.0,,87.0
2023-02-04T02:30:00,42705199999,KULLU MANALI,31.877,77.154,6.0,,87.0
2023-02-04T03:00:00,42705199999,KULLU MANALI,31.877,77.154,7.0,,87.1
2023-02-04T03:30:00,42705199999,KULLU MANALI,31.877,77.154,9.0,,76.03
2023-02-04T04:00:00,42705199999,KULLU MANALI,31.877,77.154,12.0,,62.25
2023-02-04T05:00:00,42705199999,KULLU MANALI,31.877,77.154,13.0,,47.19
2023-02-04T06:00:00,42705199999,KULLU MANALI,31.877,77.154,17.0,,39.17
2023-02-05T00:30:00,42705199999,KULLU MANALI,31.877,77.154,5.0,,86.9
2023-02-05T01:00:00,42705199999,KULLU MANALI,31.877,77.154,5.0,,86.9
2023-02-05T01:30:00,42705199999,KULLU MANALI,31.877,77.154,5.0,,86.9
2023-02-05T02:00:00,42705199999,KULLU MANALI,31.877,77.154,5.0,,86.9
2023-02-05T02:30:00,42705199999,KULLU MANALI,31.877,77.154,5.0,,86.9
2023-02-05T03:30:00,42705199999,KULLU MANALI,31.877,77.154,7.0,,75.69
2023-02-05T04:00:00,42705199999,KULLU MANALI,31.877,77.154,8.0,,70.7
2023-02-05T04:30:00,42705199999,KULLU MANALI,31.877,77.154,10.0,,61.78
2023-02-05T05:00:00,42705199999,KULLU MANALI,31.877,77.154,13.0,,47.19
2023-02-05T06:00:00,42705199999,KULLU MANALI,31.877,77.154,14.0,,47.47
2023-02-06T00:30:00,42705199999,KULLU MANALI,31.877,77.154,8.0,,87.19
2023-02-06T01:00:00,42705199999,KULLU MANALI,31.877,77.154,8.0,,87.19
2023-02-06T01:30:00,42705199999,KULLU MANALI,31.877,77.154,8.0,,87.19
2023-02-06T02:00:00,42705199999,KULLU MANALI,31.877,77.154,9.0,,81.49
2023-02-06T02:30:00,42705199999,KULLU MANALI,31.877,77.154,9.0,,87.29
2023-02-06T03:00:00,42705199999,KULLU MANALI,31.877,77.154,9.0,,87.29
2023-02-06T03:30:00,42705199999,KULLU MANALI,31.877,77.154,9.0,,93.45
2023-02-06T04:00:00,42705199999,KULLU MANALI,31.877,77.154,9.0,,93.45
2023-02-06T05:00:00,42705199999,KULLU MANALI,31.877,77.154,9.0,,93.45
2023-02-06T06:00:00,42705199999,KULLU MANALI,31.877,77.154,9.0,,93.45
2023-02-07T01:00:00,42705199999,KULLU MANALI,31.877,77.154,2.0,,100.0
2023-02-07T02:00:00,42705199999,KULLU MANALI,31.877,77.154,1.0,,100.0
2023-02-07T02:30:00,42705199999,KULLU MANALI,31.877,77.154,1.0,,100.0
2023-02-07T03:00:00,42705199999,KULLU MANALI,31.877,77.154,2.0,,100.0
2023-02-07T03:30:00,42705199999,KULLU MANALI,31.877,77.154,3.0,,100.0
2023-02-07T04:00:00,42705199999,KULLU MANALI,31.877,77.154,6.0,,87.0
2023-02-07T04:30:00,42705199999,KULLU MANALI,31.877,77.154,8.0,,75.86
2023-02-07T05:00:00,42705199999,KULLU MANALI,31.877,77.154,9.0,,76.03
2023-02-07T05:30:00,42705199999,KULLU MANALI,31.877,77.154,11.0,,66.51
2023-02-07T06:00:00,42705199999,KULLU MANALI,31.877,77.154,12.0,,62.25
2023-02-08T00:30:00,42705199999,KULLU MANALI,31.877,77.154,4.0,,80.8
2023-02-08T01:00:00,42705199999,KULLU MANALI,31.877,77.154,4.0,,80.8
2023-02-08T02:00:00,42705199999,KULLU MANALI,31.877,77.154,2.0,,86.6
2023-02-08T03:00:00,42705199999,KULLU MANALI,31.877,77.154,3.0,,86.7
2023-02-08T03:30:00,42705199999,KULLU MANALI,31.877,77.154,5.0,,75.35
2023-02-08T04:00:00,42705199999,KULLU MANALI,31.877,77.154,7.0,,65.63
2023-02-08T04:30:00,42705199999,KULLU MANALI,31.877,77.154,9.0,,46.04
2023-02-08T05:00:00,42705199999,KULLU MANALI,31.877,77.154,10.0,,46.33
2023-02-08T06:00:00,42705199999,KULLU MANALI,31.877,77.154,13.0,,40.87
2023-02-09T01:00:00,42705199999,KULLU MANALI,31.877,77.154,3.0,,86.7
2023-02-09T02:00:00,42705199999,KULLU MANALI,31.877,77.154,4.0,,86.8
2023-02-09T02:30:00,42705199999,KULLU MANALI,31.877,77.154,4.0,,86.8
2023-02-09T03:30:00,42705199999,KULLU MANALI,31.877,77.154,7.0,,75.69
2023-02-09T04:00:00,42705199999,KULLU MANALI,31.877,77.154,10.0,,53.56
2023-02-09T05:00:00,42705199999,KULLU MANALI,31.877,77.154,12.0,,50.39
2023-02-09T06:00:00,42705199999,KULLU MANALI,31.877,77.154,13.0,,43.93
2023-02-10T00:30:00,42705199999,KULLU MANALI,31.877,77.154,7.0,,100.0
2023-02-10T01:00:00,42705199999,KULLU MANALI,31.877,77.154,7.0,,100.0
2023-02-10T01:30:00,42705199999,KULLU MANALI,31.877,77.154,7.0,,100.0
2023-02-10T02:00:00,42705199999,KULLU MANALI,31.877,77.154,8.0,,93.4
2023-02-10T02:30:00,42705199999,KULLU MANALI,31.877,77.154,8.0,,93.4
2023-02-10T03:00:00,42705199999,KULLU MANALI,31.877,77.154,8.0,,93.4
2023-02-10T03:30:00,42705199999,KULLU MANALI,31.877,77.154,8.0,,93.4
2023-02-10T04:00:00,42705199999,KULLU MANALI,31.877,77.154,9.0,,93.45
2023-02-10T04:30:00,42705199999,KULLU MANALI,31.877,77.154,9.0,,93.45
2023-02-10T05:00:00,42705199999,KULLU MANALI,31.877,77.154,10.0,,87.38
2023-02-10T06:00:00,42705199999,KULLU MANALI,31.877,77.154,12.0,,76.52
2023-02-11T00:30:00,42705199999,KULLU MANALI,31.877,77.154,9.0,,87.29
2023-02-11T01:00:00,42705199999,KULLU MANALI,31.877,77.154,9.0,,87.29
2023-02-11T02:00:00,42705199999,KULLU MANALI,31.877,77.154,8.0,,87.19
2023-02-11T02:30:00,42705199999,KULLU MANALI,31.877,77.154,8.0,,87.19
2023-02-11T03:00:00,42705199999,KULLU MANALI,31.877,77.154,9.0,,87.29
2023-02-11T03:30:00,42705199999,KULLU MANALI,31.877,77.154,9.0,,93.45
2023-02-11T04:00:00,42705199999,KULLU MANALI,31.877,77.154,9.0,,87.29
2023-02-11T05:00:00,42705199999,KULLU MANALI,31.877,77.154,11.0,,66.51
2023-02-11T06:00:00,42705199999,KULLU MANALI,31.877,77.154,12.0,,58.05
2023-02-12T01:00:00,42705199999,KULLU MANALI,31.877,77.154,5.0,,93.25
2023-02-12T01:30:00,42705199999,KULLU MANALI,31.877,77.154,5.0,,93.25
2023-02-12T02:00:00,42705199999,KULLU MANALI,31.877,77.154,5.0,,93.25
2023-02-12T02:30:00,42705199999,KULLU MANALI,31.877,77.154,5.0,,93.25
2023-02-12T03:00:00,42705199999,KULLU MANALI,31.877,77.154,5.0,,100.0
2023-02-12T03:30:00,42705199999,KULLU MANALI,31.877,77.154,6.0,,93.3
2023-02-12T04:00:00,42705199999,KULLU MANALI,31.877,77.154,7.0,,87.1
2023-02-12T04:30:00,42705199999,KULLU MANALI,31.877,77.154,7.0,,87.1
2023-02-12T05:00:00,42705199999,KULLU MANALI,31.877,77.154,10.0,,66.29
2023-02-12T05:30:00,42705199999,KULLU MANALI,31.877,77.154,11.0,,62.02
2023-02-12T06:00:00,42705199999,KULLU MANALI,31.877,77.154,12.0,,58.05
2023-02-12T06:30:00,42705199999,KULLU MANALI,31.877,77.154,13.0,,50.66
2023-02-13T01:00:00,42705199999,KULLU MANALI,31.877,77.154,3.0,,86.7
2023-02-13T02:00:00,42705199999,KULLU MANALI,31.877,77.154,2.0,,93.09
2023-02-13T02:30:00,42705199999,KULLU MANALI,31.877,77.154,2.0,,93.09
2023-02-13T03:00:00,42705199999,KULLU MANALI,31.877,77.154,2.0,,86.6
2023-02-13T03:30:00,42705199999,KULLU MANALI,31.877,77.154,4.0,,75.17
2023-02-13T04:00:00,42705199999,KULLU MANALI,31.877,77.154,6.0,,65.4
2023-02-13T04:30:00,42705199999,KULLU MANALI,31.877,77.154,7.0,,61.05
2023-02-13T05:00:00,42705199999,KULLU MANALI,31.877,77.154,10.0,,49.83
2023-02-13T06:00:00,42705199999,KULLU MANALI,31.877,77.154,11.0,,43.34
2023-02-14T00:30:00,42705199999,KULLU MANALI,31.877,77.154,4.0,,100.0
2023-02-14T01:00:00,42705199999,KULLU MANALI,31.877,77.154,4.0,,100.0
2023-02-14T02:00:00,42705199999,KULLU MANALI,31.877,77.154,3.0,,100.0
2023-02-14T02:30:00,42705199999,KULLU MANALI,31.877,77.154,3.0,,100.0
2023-02-14T03:00:00,42705199999,KULLU MANALI,31.877,77.154,5.0,,86.9
2023-02-14T03:30:00,42705199999,KULLU MANALI,31.877,77.154,7.0,,75.69
2023-02-14T04:00:00,42705199999,KULLU MANALI,31.877,77.154,9.0,,66.07
2023-02-14T05:00:00,42705199999,KULLU MANALI,31.877,77.154,12.0,,46.9
2023-02-14T06:00:00,42705199999,KULLU MANALI,31.877,77.154,16.0,,41.74
2023-02-15T00:30:00,42705199999,KULLU MANALI,31.877,77.154,5.0,,93.25
2023-02-15T01:00:00,42705199999,KULLU MANALI,31.877,77.154,5.0,,93.25
2023-02-15T02:00:00,42705199999,KULLU MANALI,31.877,77.154,5.0,,93.25
2023-02-15T02:30:00,42705199999,KULLU MANALI,31.877,77.154,5.0,,93.25
2023-02-15T03:00:00,42705199999,KULLU MANALI,31.877,77.154,6.0,,87.0
2023-02-15T03:30:00,42705199999,KULLU MANALI,31.877,77.154,8.0,,75.86
2023-02-15T04:00:00,42705199999,KULLU MANALI,31.877,77.154,8.0,,75.86
2023-02-15T06:00:00,42705199999,KULLU MANALI,31.877,77.154,16.0,,41.74
2023-02-16T00:30:00,42705199999,KULLU MANALI,31.877,77.154,6.0,,93.3
2023-02-16T01:00:00,42705199999,KULLU MANALI,31.877,77.154,6.0,,93.3
2023-02-16T02:00:00,42705199999,KULLU MANALI,31.877,77.154,5.0,,93.25
2023-02-16T02:30:00,42705199999,KULLU MANALI,31.877,77.154,6.0,,87.0
2023-02-16T03:00:00,42705199999,KULLU MANALI,31.877,77.154,8.0,,81.35
2023-02-16T03:30:00,42705199999,KULLU MANALI,31.877,77.154,9.0,,76.03
2023-02-16T04:00:00,42705199999,KULLU MANALI,31.877,77.154,12.0,,62.25
2023-02-16T05:00:00,42705199999,KULLU MANALI,31.877,77.154,13.0,,54.36
2023-02-16T06:00:00,42705199999,KULLU MANALI,31.877,77.154,17.0,,45.07
2023-02-17T00:30:00,42705199999,KULLU MANALI,31.877,77.154,9.0,,87.29
2023-02-17T01:00:00,42705199999,KULLU MANALI,31.877,77.154,8.0,,93.4
2023-02-17T02:00:00,42705199999,KULLU MANALI,31.877,77.154,8.0,,87.19
2023-02-17T02:30:00,42705199999,KULLU MANALI,31.877,77.154,8.0,,87.19
2023-02-17T03:00:00,42705199999,KULLU MANALI,31.877,77.154,10.0,,76.19
2023-02-17T03:30:00,42705199999,KULLU MANALI,31.877,77.154,11.0,,71.28
2023-02-17T04:00:00,42705199999,KULLU MANALI,31.877,77.154,12.0,,66.72
2023-02-17T05:00:00,42705199999,KULLU MANALI,31.877,77.154,14.0,,54.62
2023-02-17T06:00:00,42705199999,KULLU MANALI,31.877,77.154,18.0,,39.46
2023-02-18T00:30:00,42705199999,KULLU MANALI,31.877,77.154,8.0,,87.19
2023-02-18T01:00:00,42705199999,KULLU MANALI,31.877,77.154,8.0,,87.19
2023-02-18T01:59:00,42705199999,KULLU MANALI,31.877,77.154,7.0,,93.35
2023-02-18T02:00:00,42705199999,KULLU MANALI,31.877,77.154,7.0,,93.35
2023-02-18T02:30:00,42705199999,KULLU MANALI,31.877,77.154,7.0,,93.35
2023-02-18T03:00:00,42705199999,KULLU MANALI,31.877,77.154,9.0,,81.49
2023-02-18T04:00:00,42705199999,KULLU MANALI,31.877,77.154,13.0,,62.48
2023-02-18T05:00:00,42705199999,KULLU MANALI,31.877,77.154,16.0,,48.03
2023-02-18T06:00:00,42705199999,KULLU MANALI,31.877,77.154,20.0,,37.35
2023-02-19T00:30:00,42705199999,KULLU MANALI,31.877,77.154,10.0,,81.62
2023-02-19T01:00:00,42705199999,KULLU MANALI,31.877,77.154,10.0,,81.62
2023-02-19T02:00:00,42705199999,KULLU MANALI,31.877,77.154,9.0,,87.29
2023-02-19T02:30:00,42705199999,KULLU MANALI,31.877,77.154,9.0,,87.29
2023-02-19T03:00:00,42705199999,KULLU MANALI,31.877,77.154,10.0,,87.38
2023-02-19T03:30:00,42705199999,KULLU MANALI,31.877,77.154,11.0,,81.75
2023-02-19T04:00:00,42705199999,KULLU MANALI,31.877,77.154,13.0,,62.48
2023-02-19T06:00:00,42705199999,KULLU MANALI,31.877,77.154,18.0,,45.35
2023-02-20T00:30:00,42705199999,KULLU MANALI,31.877,77.154,10.0,,81.62
2023-02-20T01:00:00,42705199999,KULLU MANALI,31.877,77.154,10.0,,87.38
2023-02-20T02:00:00,42705199999,KULLU MANALI,31.877,77.154,11.0,,81.75
2023-02-20T02:30:00,42705199999,KULLU MANALI,31.877,77.154,11.0,,81.75
2023-02-20T03:00:00,42705199999,KULLU MANALI,31.877,77.154,11.0,,81.75
2023-02-20T03:30:00,42705199999,KULLU MANALI,31.877,77.154,12.0,,76.52
2023-02-20T04:00:00,42705199999,KULLU MANALI,31.877,77.154,13.0,,71.66
2023-02-20T05:00:00,42705199999,KULLU MANALI,31.877,77.154,16.0,,51.48
2023-02-20T06:00:00,42705199999,KULLU MANALI,31.877,77.154,17.0,,48.31
2023-02-21T00:30:00,42705199999,KULLU MANALI,31.877,77.154,10.0,,87.38
2023-02-21T01:00:00,42705199999,KULLU MANALI,31.877,77.154,10.0,,87.38
2023-02-21T02:00:00,42705199999,KULLU MANALI,31.877,77.154,10.0,,87.38
2023-02-21T02:30:00,42705199999,KULLU MANALI,31.877,77.154,10.0,,87.38
2023-02-21T03:00:00,42705199999,KULLU MANALI,31.877,77.154,11.0,,81.75
2023-02-21T03:30:00,42705199999,KULLU MANALI,31.877,77.154,13.0,,71.66
2023-02-21T04:00:00,42705199999,KULLU MANALI,31.877,77.154,14.0,,62.72
2023-02-21T05:00:00,42705199999,KULLU MANALI,31.877,77.154,16.0,,59.04
2023-02-21T06:00:00,42705199999,KULLU MANALI,31.877,77.154,17.0,,45.07
2023-02-22T01:00:00,42705199999,KULLU MANALI,31.877,77.154,6.0,,93.3
2023-02-22T02:00:00,42705199999,KULLU MANALI,31.877,77.154,5.0,,100.0
2023-02-22T02:30:00,42705199999,KULLU MANALI,31.877,77.154,5.0,,100.0
2023-02-22T03:30:00,42705199999,KULLU MANALI,31.877,77.154,8.0,,75.86
2023-02-22T04:00:00,42705199999,KULLU MANALI,31.877,77.154,9.0,,81.49
2023-02-22T04:30:00,42705199999,KULLU MANALI,31.877,77.154,11.0,,71.28
2023-02-22T06:00:00,42705199999,KULLU MANALI,31.877,77.154,16.0,,55.14
2023-02-23T00:30:00,42705199999,KULLU MANALI,31.877,77.154,5.0,,93.25
2023-02-23T01:00:00,42705199999,KULLU MANALI,31.877,77.154,5.0,,93.25
2023-02-23T02:00:00,42705199999,KULLU MANALI,31.877,77.154,4.0,,93.2
2023-02-23T02:30:00,42705199999,KULLU MANALI,31.877,77.154,4.0,,93.2
2023-02-23T03:00:00,42705199999,KULLU MANALI,31.877,77.154,5.0,,86.9
2023-02-23T03:30:00,42705199999,KULLU MANALI,31.877,77.154,7.0,,75.69
2023-02-23T04:00:00,42705199999,KULLU MANALI,31.877,77.154,9.0,,66.07
2023-02-23T05:00:00,42705199999,KULLU MANALI,31.877,77.154,15.0,,41.45
2023-02-23T06:00:00,42705199999,KULLU MANALI,31.877,77.154,17.0,,33.96
2023-02-24T00:30:00,42705199999,KULLU MANALI,31.877,77.154,5.0,,75.35
2023-02-24T01:00:00,42705199999,KULLU MANALI,31.877,77.154,5.0,,80.94
2023-02-24T02:00:00,42705199999,KULLU MANALI,31.877,77.154,4.0,,80.8
2023-02-24T02:30:00,42705199999,KULLU MANALI,31.877,77.154,4.0,,80.8
2023-02-24T03:00:00,42705199999,KULLU MANALI,31.877,77.154,7.0,,61.05
2023-02-24T03:30:00,42705199999,KULLU MANALI,31.877,77.154,9.0,,53.29
2023-02-24T04:00:00,42705199999,KULLU MANALI,31.877,77.154,10.0,,49.83
2023-02-24T05:00:00,42705199999,KULLU MANALI,31.877,77.154,15.0,,33.37
2023-02-24T06:00:00,42705199999,KULLU MANALI,31.877,77.154,18.0,,31.88
2023-02-25T00:30:00,42705199999,KULLU MANALI,31.877,77.154,7.0,,81.22
2023-02-25T01:00:00,42705199999,KULLU MANALI,31.877,77.154,7.0,,81.22
2023-02-25T02:00:00,42705199999,KULLU MANALI,31.877,77.154,6.0,,75.52
2023-02-25T02:30:00,42705199999,KULLU MANALI,31.877,77.154,6.0,,81.08
2023-02-25T03:00:00,42705199999,KULLU MANALI,31.877,77.154,7.0,,70.5
2023-02-25T03:30:00,42705199999,KULLU MANALI,31.877,77.154,9.0,,61.54
2023-02-25T04:00:00,42705199999,KULLU MANALI,31.877,77.154,11.0,,53.83
2023-02-25T05:00:00,42705199999,KULLU MANALI,31.877,77.154,16.0,,36.19
2023-02-25T06:00:00,42705199999,KULLU MANALI,31.877,77.154,19.0,,34.54
2023-02-26T00:30:00,42705199999,KULLU MANALI,31.877,77.154,7.0,,87.1
2023-02-26T01:00:00,42705199999,KULLU MANALI,31.877,77.154,7.0,,87.1
2023-02-26T02:00:00,42705199999,KULLU MANALI,31.877,77.154,7.0,,87.1
2023-02-26T02:30:00,42705199999,KULLU MANALI,31.877,77.154,7.0,,87.1
2023-02-26T03:00:00,42705199999,KULLU MANALI,31.877,77.154,8.0,,81.35
2023-02-26T03:30:00,42705199999,KULLU MANALI,31.877,77.154,10.0,,71.09
2023-02-26T04:00:00,42705199999,KULLU MANALI,31.877,77.154,15.0,,44.5
2023-02-26T06:00:00,42705199999,KULLU MANALI,31.877,77.154,19.0,,32.17
2023-02-27T00:30:00,42705199999,KULLU MANALI,31.877,77.154,6.0,,87.0
2023-02-27T01:00:00,42705199999,KULLU MANALI,31.877,77.154,6.0,,87.0
2023-02-27T02:00:00,42705199999,KULLU MANALI,31.877,77.154,6.0,,87.0
2023-02-27T02:30:00,42705199999,KULLU MANALI,31.877,77.154,6.0,,87.0
2023-02-27T03:00:00,42705199999,KULLU MANALI,31.877,77.154,8.0,,75.86
2023-02-27T03:30:00,42705199999,KULLU MANALI,31.877,77.154,9.0,,76.03
2023-02-27T04:00:00,42705199999,KULLU MANALI,31.877,77.154,13.0,,47.19
2023-02-27T05:00:00,42705199999,KULLU MANALI,31.877,77.154,14.0,,50.94
2023-02-27T06:00:00,42705199999,KULLU MANALI,31.877,77.154,18.0,,36.77
2023-02-28T00:30:00,42705199999,KULLU MANALI,31.877,77.154,7.0,,87.1
2023-02-28T02:00:00,42705199999,KULLU MANALI,31.877,77.154,7.0,,81.22
2023-02-28T02:30:00,42705199999,KULLU MANALI,31.877,77.154,7.0,,81.22
2023-02-28T03:00:00,42705199999,KULLU MANALI,31.877,77.154,8.0,,81.35
2023-02-28T03:30:00,42705199999,KULLU MANALI,31.877,77.154,8.0,,81.35
2023-02-28T04:00:00,42705199999,KULLU MANALI,31.877,77.154,9.0,,76.03
2023-02-28T05:00:00,42705199999,KULLU MANALI,31.877,77.154,10.0,,66.29
2023-03-01T00:30:00,42705199999,KULLU MANALI,31.877,77.154,9.0,,93.45
2023-03-01T01:00:00,42705199999,KULLU MANALI,31.877,77.154,8.0,,100.0
2023-03-01T02:03:00,42705199999,KULLU MANALI,31.877,77.154,9.0,,93.45
2023-03-01T02:30:00,42705199999,KULLU MANALI,31.877,77.154,9.0,,93.45
2023-03-01T03:00:00,42705199999,KULLU MANALI,31.877,77.154,9.0,,93.45
2023-03-01T04:00:00,42705199999,KULLU MANALI,31.877,77.154,9.0,,100.0
2023-03-01T04:30:00,42705199999,KULLU MANALI,31.877,77.154,9.0,,100.0
2023-03-01T04:34:00,42705199999,KULLU MANALI,31.877,77.154,9.0,,100.0
2023-03-01T05:00:00,42705199999,KULLU MANALI,31.877,77.154,9.0,,100.0
2023-03-01T06:00:00,42705199999,KULLU MANALI,31.877,77.154,10.0,,93.5
2023-03-02T00:30:00,42705199999,KULLU MANALI,31.877,77.154,7.0,,100.0
2023-03-02T01:00:00,42705199999,KULLU MANALI,31.877,77.154,7.0,,100.0
2023-03-02T02:00:00,42705199999,KULLU MANALI,31.877,77.154,7.0,,100.0
2023-03-02T02:30:00,42705199999,KULLU MANALI,31.877,77.154,8.0,,93.4
2023-03-02T02:58:00,42705199999,KULLU MANALI,31.877,77.154,9.0,,87.29
2023-03-02T03:30:00,42705199999,KULLU MANALI,31.877,77.154,11.0,,76.36
2023-03-02T04:00:00,42705199999,KULLU MANALI,31.877,77.154,13.0,,71.66
2023-03-02T05:00:00,42705199999,KULLU MANALI,31.877,77.154,13.0,,66.93
2023-03-02T06:00:00,42705199999,KULLU MANALI,31.877,77.154,16.0,,55.14
2023-03-04T00:30:00,42705199999,KULLU MANALI,31.877,77.154,9.0,,93.45
2023-03-04T01:00:00,42705199999,KULLU MANALI,31.877,77.154,9.0,,93.45
2023-03-04T02:00:00,42705199999,KULLU MANALI,31.877,77.154,9.0,,87.29
2023-03-04T02:30:00,42705199999,KULLU MANALI,31.877,77.154,10.0,,81.62
2023-03-04T03:00:00,42705199999,KULLU MANALI,31.877,77.154,11.0,,76.36
2023-03-04T03:30:00,42705199999,KULLU MANALI,31.877,77.154,13.0,,66.93
2023-03-04T04:00:00,42705199999,KULLU MANALI,31.877,77.154,14.0,,62.72
2023-03-04T05:00:00,42705199999,KULLU MANALI,31.877,77.154,18.0,,42.31
2023-03-05T01:00:00,42705199999,KULLU MANALI,31.877,77.154,8.0,,87.19
2023-03-05T02:00:00,42705199999,KULLU MANALI,31.877,77.154,8.0,,87.19
2023-03-05T02:30:00,42705199999,KULLU MANALI,31.877,77.154,8.0,,87.19
2023-03-05T03:00:00,42705199999,KULLU MANALI,31.877,77.154,9.0,,81.49
2023-03-05T03:30:00,42705199999,KULLU MANALI,31.877,77.154,11.0,,71.28
2023-03-05T04:00:00,42705199999,KULLU MANALI,31.877,77.154,12.0,,66.72
2023-03-05T05:00:00,42705199999,KULLU MANALI,31.877,77.154,16.0,,44.79
2023-03-05T06:00:00,42705199999,KULLU MANALI,31.877,77.154,18.0,,36.77
2023-03-05T06:30:00,42705199999,KULLU MANALI,31.877,77.154,29.0,,35.01
2023-03-06T00:30:00,42705199999,KULLU MANALI,31.877,77.154,8.0,,87.19
2023-03-06T01:00:00,42705199999,KULLU MANALI,31.877,77.154,8.0,,87.19
2023-03-06T02:00:00,42705199999,KULLU MANALI,31.877,77.154,7.0,,81.22
2023-03-06T02:30:00,42705199999,KULLU MANALI,31.877,77.154,7.0,,81.22
2023-03-06T03:00:00,42705199999,KULLU MANALI,31.877,77.154,9.0,,70.89
2023-03-06T03:30:00,42705199999,KULLU MANALI,31.877,77.154,11.0,,57.8
2023-03-06T04:00:00,42705199999,KULLU MANALI,31.877,77.154,13.0,,50.66
2023-03-06T05:00:00,42705199999,KULLU MANALI,31.877,77.154,17.0,,31.59
2023-03-06T06:00:00,42705199999,KULLU MANALI,31.877,77.154,20.0,,30.23
2023-03-07T00:30:00,42705199999,KULLU MANALI,31.877,77.154,8.0,,81.35
2023-03-07T01:00:00,42705199999,KULLU MANALI,31.877,77.154,7.0,,93.35
2023-03-07T02:00:00,42705199999,KULLU MANALI,31.877,77.154,7.0,,87.1
2023-03-07T02:30:00,42705199999,KULLU MANALI,31.877,77.154,8.0,,75.86
2023-03-07T03:00:00,42705199999,KULLU MANALI,31.877,77.154,9.0,,76.03
2023-03-07T03:30:00,42705199999,KULLU MANALI,31.877,77.154,11.0,,62.02
2023-03-07T04:00:00,42705199999,KULLU MANALI,31.877,77.154,14.0,,44.21
2023-03-07T05:00:00,42705199999,KULLU MANALI,31.877,77.154,18.0,,36.77
2023-03-07T06:00:00,42705199999,KULLU MANALI,31.877,77.154,19.0,,34.54
2023-03-08T00:30:00,42705199999,KULLU MANALI,31.877,77.154,9.0,,87.29
2023-03-08T01:00:00,42705199999,KULLU MANALI,31.877,77.154,9.0,,87.29
2023-03-08T02:00:00,42705199999,KULLU MANALI,31.877,77.154,8.0,,93.4
2023-03-08T02:30:00,42705199999,KULLU MANALI,31.877,77.154,9.0,,87.29
2023-03-08T03:00:00,42705199999,KULLU MANALI,31.877,77.154,10.0,,81.62
2023-03-08T03:30:00,42705199999,KULLU MANALI,31.877,77.154,11.0,,71.28
2023-03-08T04:00:00,42705199999,KULLU MANALI,31.877,77.154,12.0,,62.25
2023-03-08T04:30:00,42705199999,KULLU MANALI,31.877,77.154,14.0,,54.62
2023-03-08T05:00:00,42705199999,KULLU MANALI,31.877,77.154,15.0,,62.95
2023-03-08T06:00:00,42705199999,KULLU MANALI,31.877,77.154,18.0,,48.58
2023-03-09T00:30:00,42705199999,KULLU MANALI,31.877,77.154,8.0,,93.4
2023-03-09T01:00:00,42705199999,KULLU MANALI,31.877,77.154,8.0,,93.4
2023-03-09T02:00:00,42705199999,KULLU MANALI,31.877,77.154,7.0,,100.0
2023-03-09T03:00:00,42705199999,KULLU MANALI,31.877,77.154,9.0,,93.45
2023-03-09T03:30:00,42705199999,KULLU MANALI,31.877,77.154,10.0,,81.62
2023-03-09T04:00:00,42705199999,KULLU MANALI,31.877,77.154,12.0,,71.47
2023-03-09T05:00:00,42705199999,KULLU MANALI,31.877,77.154,16.0,,55.14
2023-03-10T00:30:00,42705199999,KULLU MANALI,31.877,77.154,9.0,,87.29
2023-03-10T01:00:00,42705199999,KULLU MANALI,31.877,77.154,9.0,,87.29
2023-03-10T02:00:00,42705199999,KULLU MANALI,31.877,77.154,8.0,,93.4
2023-03-10T02:30:00,42705199999,KULLU MANALI,31.877,77.154,9.0,,87.29
2023-03-10T03:00:00,42705199999,KULLU MANALI,31.877,77.154,10.0,,81.62
2023-03-10T03:30:00,42705199999,KULLU MANALI,31.877,77.154,12.0,,66.72
2023-03-10T04:00:00,42705199999,KULLU MANALI,31.877,77.154,13.0,,62.48
2023-03-10T05:00:00,42705199999,KULLU MANALI,31.877,77.154,18.0,,45.35
2023-03-10T06:00:00,42705199999,KULLU MANALI,31.877,77.154,21.0,,43.17
2023-03-11T00:30:00,42705199999,KULLU MANALI,31.877,77.154,9.0,,93.45
2023-03-11T01:00:00,42705199999,KULLU MANALI,31.877,77.154,9.0,,93.45
2023-03-11T02:00:00,42705199999,KULLU MANALI,31.877,77.154,9.0,,93.45
2023-03-11T02:30:00,42705199999,KULLU MANALI,31.877,77.154,10.0,,81.62
2023-03-11T03:00:00,42705199999,KULLU MANALI,31.877,77.154,11.0,,81.75
2023-03-11T03:30:00,42705199999,KULLU MANALI,31.877,77.154,12.0,,71.47
2023-03-11T04:00:00,42705199999,KULLU MANALI,31.877,77.154,14.0,,62.72
2023-03-11T05:00:00,42705199999,KULLU MANALI,31.877,77.154,19.0,,48.86
2023-03-11T06:00:00,42705199999,KULLU MANALI,31.877,77.154,22.0,,40.6
2023-03-11T07:00:00,42705199999,KULLU MANALI,31.877,77.154,24.0,,35.97
2023-03-12T00:30:00,42705199999,KULLU MANALI,31.877,77.154,10.0,,87.38
2023-03-12T01:00:00,42705199999,KULLU MANALI,31.877,77.154,10.0,,87.38
2023-03-12T01:30:00,42705199999,KULLU MANALI,31.877,77.154,10.0,,87.38
2023-03-12T02:00:00,42705199999,KULLU MANALI,31.877,77.154,10.0,,87.38
2023-03-12T02:30:00,42705199999,KULLU MANALI,31.877,77.154,10.0,,87.38
2023-03-12T03:00:00,42705199999,KULLU MANALI,31.877,77.154,12.0,,81.88
2023-03-12T03:30:00,42705199999,KULLU MANALI,31.877,77.154,13.0,,71.66
2023-03-12T04:00:00,42705199999,KULLU MANALI,31.877,77.154,15.0,,67.36
2023-03-12T05:00:00,42705199999,KULLU MANALI,31.877,77.154,20.0,,49.13
2023-03-12T06:00:00,42705199999,KULLU MANALI,31.877,77.154,22.0,,46.47
2023-03-13T00:30:00,42705199999,KULLU MANALI,31.877,77.154,11.0,,87.48
2023-03-13T01:00:00,42705199999,KULLU MANALI,31.877,77.154,11.0,,87.48
2023-03-13T02:00:00,42705199999,KULLU MANALI,31.877,77.154,11.0,,87.48
2023-03-13T02:30:00,42705199999,KULLU MANALI,31.877,77.154,12.0,,87.57
2023-03-13T03:00:00,42705199999,KULLU MANALI,31.877,77.154,13.0,,76.68
2023-03-13T03:30:00,42705199999,KULLU MANALI,31.877,77.154,14.0,,71.85
2023-03-13T04:00:00,42705199999,KULLU MANALI,31.877,77.154,15.0,,67.36
2023-03-13T05:00:00,42705199999,KULLU MANALI,31.877,77.154,18.0,,55.66
2023-03-13T06:00:00,42705199999,KULLU MANALI,31.877,77.154,21.0,,43.17
2023-03-14T00:30:00,42705199999,KULLU MANALI,31.877,77.154,9.0,,100.0
2023-03-14T01:00:00,42705199999,KULLU MANALI,31.877,77.154,9.0,,100.0
2023-03-14T02:00:00,42705199999,KULLU MANALI,31.877,77.154,9.0,,93.45
2023-03-14T02:30:00,42705199999,KULLU MANALI,31.877,77.154,10.0,,93.5
2023-03-14T03:00:00,42705199999,KULLU MANALI,31.877,77.154,11.0,,93.55
2023-03-14T03:30:00,42705199999,KULLU MANALI,31.877,77.154,13.0,,82.01
2023-03-14T04:00:00,42705199999,KULLU MANALI,31.877,77.154,14.0,,82.14
2023-03-14T05:00:00,42705199999,KULLU MANALI,31.877,77.154,17.0,,59.28
2023-03-14T06:00:00,42705199999,KULLU MANALI,31.877,77.154,19.0,,55.91
2023-03-15T01:00:00,42705199999,KULLU MANALI,31.877,77.154,9.0,,87.29
2023-03-15T02:00:00,42705199999,KULLU MANALI,31.877,77.154,9.0,,93.45
2023-03-15T02:30:00,42705199999,KULLU MANALI,31.877,77.154,10.0,,87.38
2023-03-15T03:00:00,42705199999,KULLU MANALI,31.877,77.154,11.0,,81.75
2023-03-15T03:30:00,42705199999,KULLU MANALI,31.877,77.154,13.0,,71.66
2023-03-15T04:00:00,42705199999,KULLU MANALI,31.877,77.154,14.0,,62.72
2023-03-15T05:00:00,42705199999,KULLU MANALI,31.877,77.154,16.0,,51.48
2023-03-15T06:00:00,42705199999,KULLU MANALI,31.877,77.154,22.0,,37.92
2023-03-16T00:30:00,42705199999,KULLU MANALI,31.877,77.154,11.0,,87.48
2023-03-16T01:00:00,42705199999,KULLU MANALI,31.877,77.154,11.0,,87.48
2023-03-16T02:00:00,42705199999,KULLU MANALI,31.877,77.154,12.0,,87.57
2023-03-16T03:00:00,42705199999,KULLU MANALI,31.877,77.154,13.0,,87.66
2023-03-16T03:30:00,42705199999,KULLU MANALI,31.877,77.154,14.0,,76.84
2023-03-16T04:00:00,42705199999,KULLU MANALI,31.877,77.154,15.0,,72.03
2023-03-16T05:00:00,42705199999,KULLU MANALI,31.877,77.154,17.0,,63.4
2023-03-16T06:00:00,42705199999,KULLU MANALI,31.877,77.154,17.0,,63.4
2023-03-17T00:30:00,42705199999,KULLU MANALI,31.877,77.154,9.0,,93.45
2023-03-17T01:00:00,42705199999,KULLU MANALI,31.877,77.154,9.0,,93.45
2023-03-17T02:00:00,42705199999,KULLU MANALI,31.877,77.154,10.0,,87.38
2023-03-17T02:30:00,42705199999,KULLU MANALI,31.877,77.154,10.0,,87.38
2023-03-17T03:00:00,42705199999,KULLU MANALI,31.877,77.154,10.0,,87.38
2023-03-17T03:30:00,42705199999,KULLU MANALI,31.877,77.154,11.0,,87.48
2023-03-17T03:31:00,42705199999,KULLU MANALI,31.877,77.154,11.0,,87.48
2023-03-17T04:00:00,42705199999,KULLU MANALI,31.877,77.154,13.0,,71.66
2023-03-17T05:00:00,42705199999,KULLU MANALI,31.877,77.154,14.0,,71.85
2023-03-17T06:00:00,42705199999,KULLU MANALI,31.877,77.154,16.0,,59.04
2023-03-18T01:00:00,42705199999,KULLU MANALI,31.877,77.154,9.0,,100.0
2023-03-18T02:00:00,42705199999,KULLU MANALI,31.877,77.154,9.0,,93.45
2023-03-18T03:00:00,42705199999,KULLU MANALI,31.877,77.154,10.0,,93.5
2023-03-18T03:30:00,42705199999,KULLU MANALI,31.877,77.154,10.0,,93.5
2023-03-18T04:00:00,42705199999,KULLU MANALI,31.877,77.154,11.0,,93.55
2023-03-18T04:30:00,42705199999,KULLU MANALI,31.877,77.154,11.0,,93.55
2023-03-18T05:00:00,42705199999,KULLU MANALI,31.877,77.154,12.0,,87.57
2023-03-18T06:00:00,42705199999,KULLU MANALI,31.877,77.154,13.0,,82.01
2023-03-19T00:30:00,42705199999,KULLU MANALI,31.877,77.154,9.0,,93.45
2023-03-19T01:00:00,42705199999,KULLU MANALI,31.877,77.154,9.0,,93.45
2023-03-19T01:30:00,42705199999,KULLU MANALI,31.877,77.154,9.0,,93.45
2023-03-19T02:00:00,42705199999,KULLU MANALI,31.877,77.154,10.0,,87.38
2023-03-19T02:30:00,42705199999,KULLU MANALI,31.877,77.154,11.0,,81.75
2023-03-19T03:00:00,42705199999,KULLU MANALI,31.877,77.154,12.0,,81.88
2023-03-19T03:30:00,42705199999,KULLU MANALI,31.877,77.154,13.0,,82.01
2023-03-19T04:00:00,42705199999,KULLU MANALI,31.877,77.154,16.0,,63.17
2023-03-19T05:00:00,42705199999,KULLU MANALI,31.877,77.154,18.0,,59.52
2023-03-19T06:00:00,42705199999,KULLU MANALI,31.877,77.154,18.0,,55.66
2023-03-20T00:30:00,42705199999,KULLU MANALI,31.877,77.154,10.0,,100.0
2023-03-20T01:01:00,42705199999,KULLU MANALI,31.877,77.154,10.0,,100.0
2023-03-20T02:00:00,42705199999,KULLU MANALI,31.877,77.154,10.0,,100.0
2023-03-20T02:30:00,42705199999,KULLU MANALI,31.877,77.154,11.0,,93.55
2023-03-20T03:00:00,42705199999,KULLU MANALI,31.877,77.154,12.0,,87.57
2023-03-20T03:30:00,42705199999,KULLU MANALI,31.877,77.154,13.0,,87.66
2023-03-20T04:00:00,42705199999,KULLU MANALI,31.877,77.154,13.0,,87.66
2023-03-20T05:00:00,42705199999,KULLU MANALI,31.877,77.154,14.0,,76.84
2023-03-21T00:30:00,42705199999,KULLU MANALI,31.877,77.154,11.0,,93.55
2023-03-21T01:00:00,42705199999,KULLU MANALI,31.877,77.154,11.0,,93.55
2023-03-21T02:00:00,42705199999,KULLU MANALI,31.877,77.154,11.0,,93.55
2023-03-21T02:30:00,42705199999,KULLU MANALI,31.877,77.154,11.0,,93.55
2023-03-21T03:00:00,42705199999,KULLU MANALI,31.877,77.154,11.0,,100.0
2023-03-21T04:00:00,42705199999,KULLU MANALI,31.877,77.154,13.0,,87.66
2023-03-21T05:00:00,42705199999,KULLU MANALI,31.877,77.154,14.0,,82.14
2023-03-21T06:00:00,42705199999,KULLU MANALI,31.877,77.154,16.0,,63.17
2023-03-22T00:30:00,42705199999,KULLU MANALI,31.877,77.154,11.0,,87.48
2023-03-22T01:00:00,42705199999,KULLU MANALI,31.877,77.154,11.0,,87.48
2023-03-22T02:00:00,42705199999,KULLU MANALI,31.877,77.154,11.0,,87.48
2023-03-22T02:30:00,42705199999,KULLU MANALI,31.877,77.154,11.0,,87.48
2023-03-22T03:00:00,42705199999,KULLU MANALI,31.877,77.154,12.0,,87.57
2023-03-22T03:30:00,42705199999,KULLU MANALI,31.877,77.154,13.0,,82.01
2023-03-22T04:00:00,42705199999,KULLU MANALI,31.877,77.154,14.0,,76.84
2023-03-22T04:30:00,42705199999,KULLU MANALI,31.877,77.154,16.0,,63.17
2023-03-22T05:00:00,42705199999,KULLU MANALI,31.877,77.154,16.0,,63.17
2023-03-22T05:30:00,42705199999,KULLU MANALI,31.877,77.154,17.0,,55.4
2023-03-22T06:00:00,42705199999,KULLU MANALI,31.877,77.154,19.0,,45.63
2023-03-23T00:30:00,42705199999,KULLU MANALI,31.877,77.154,7.0,,93.35
2023-03-23T01:00:00,42705199999,KULLU MANALI,31.877,77.154,7.0,,93.35
2023-03-23T02:00:00,42705199999,KULLU MANALI,31.877,77.154,7.0,,93.35
2023-03-23T02:30:00,42705199999,KULLU MANALI,31.877,77.154,8.0,,93.4
2023-03-23T03:00:00,42705199999,KULLU MANALI,31.877,77.154,11.0,,71.28
2023-03-23T03:30:00,42705199999,KULLU MANALI,31.877,77.154,11.0,,76.36
2023-03-23T04:00:00,42705199999,KULLU MANALI,31.877,77.154,11.0,,76.36
2023-03-23T05:00:00,42705199999,KULLU MANALI,31.877,77.154,14.0,,62.72
2023-03-23T06:00:00,42705199999,KULLU MANALI,31.877,77.154,18.0,,42.31
2023-03-24T00:30:00,42705199999,KULLU MANALI,31.877,77.154,7.0,,87.1
2023-03-24T01:00:00,42705199999,KULLU MANALI,31.877,77.154,7.0,,87.1
2023-03-24T02:00:00,42705199999,KULLU MANALI,31.877,77.154,8.0,,87.19
2023-03-24T02:30:00,42705199999,KULLU MANALI,31.877,77.154,9.0,,81.49
2023-03-24T03:00:00,42705199999,KULLU MANALI,31.877,77.154,10.0,,76.19
2023-03-24T03:30:00,42705199999,KULLU MANALI,31.877,77.154,12.0,,66.72
2023-03-24T04:00:00,42705199999,KULLU MANALI,31.877,77.154,13.0,,62.48
2023-03-24T05:00:00,42705199999,KULLU MANALI,31.877,77.154,18.0,,42.31
2023-03-24T06:00:00,42705199999,KULLU MANALI,31.877,77.154,20.0,,34.83
2023-03-25T00:30:00,42705199999,KULLU MANALI,31.877,77.154,10.0,,100.0
2023-03-25T01:00:00,42705199999,KULLU MANALI,31.877,77.154,10.0,,100.0
2023-03-25T01:30:00,42705199999,KULLU MANALI,31.877,77.154,10.0,,100.0
2023-03-25T02:00:00,42705199999,KULLU MANALI,31.877,77.154,11.0,,93.55
2023-03-25T02:30:00,42705199999,KULLU MANALI,31.877,77.154,11.0,,93.55
2023-03-25T03:00:00,42705199999,KULLU MANALI,31.877,77.154,11.0,,93.55
2023-03-25T04:00:00,42705199999,KULLU MANALI,31.877,77.154,12.0,,87.57
2023-03-25T04:30:00,42705199999,KULLU MANALI,31.877,77.154,12.0,,87.57
2023-03-25T05:00:00,42705199999,KULLU MANALI,31.877,77.154,12.0,,87.57
2023-03-25T06:00:00,42705199999,KULLU MANALI,31.877,77.154,12.0,,93.6
2023-03-26T00:30:00,42705199999,KULLU MANALI,31.877,77.154,8.0,,100.0
2023-03-26T01:00:00,42705199999,KULLU MANALI,31.877,77.154,8.0,,100.0
2023-03-26T02:00:00,42705199999,KULLU MANALI,31.877,77.154,8.0,,100.0
2023-03-26T02:30:00,42705199999,KULLU MANALI,31.877,77.154,9.0,,93.45
2023-03-26T03:00:00,42705199999,KULLU MANALI,31.877,77.154,10.0,,93.5
2023-03-26T04:00:00,42705199999,KULLU MANALI,31.877,77.154,13.0,,71.66
2023-03-27T00:30:00,42705199999,KULLU MANALI,31.877,77.154,5.0,,100.0
2023-03-27T01:00:00,42705199999,KULLU MANALI,31.877,77.154,5.0,,100.0
2023-03-27T01:30:00,42705199999,KULLU MANALI,31.877,77.154,5.0,,100.0
2023-03-27T02:00:00,42705199999,KULLU MANALI,31.877,77.154,5.0,,100.0
2023-03-27T02:30:00,42705199999,KULLU MANALI,31.877,77.154,6.0,,100.0
2023-03-27T03:00:00,42705199999,KULLU MANALI,31.877,77.154,9.0,,100.0
2023-03-27T03:30:00,42705199999,KULLU MANALI,31.877,77.154,11.0,,87.48
2023-03-27T04:00:00,42705199999,KULLU MANALI,31.877,77.154,12.0,,66.72
2023-03-27T04:30:00,42705199999,KULLU MANALI,31.877,77.154,14.0,,58.55
2023-03-27T05:00:00,42705199999,KULLU MANALI,31.877,77.154,15.0,,62.95
2023-03-27T06:00:00,42705199999,KULLU MANALI,31.877,77.154,18.0,,55.66
2023-03-28T00:30:00,42705199999,KULLU MANALI,31.877,77.154,8.0,,93.4
2023-03-28T01:00:00,42705199999,KULLU MANALI,31.877,77.154,8.0,,93.4
2023-03-28T02:00:00,42705199999,KULLU MANALI,31.877,77.154,8.0,,93.4
2023-03-28T02:30:00,42705199999,KULLU MANALI,31.877,77.154,9.0,,87.29
2023-03-28T03:00:00,42705199999,KULLU MANALI,31.877,77.154,11.0,,81.75
2023-03-28T04:00:00,42705199999,KULLU MANALI,31.877,77.154,14.0,,62.72
2023-03-28T06:00:00,42705199999,KULLU MANALI,31.877,77.154,20.0,,42.88
2023-03-29T00:30:00,42705199999,KULLU MANALI,31.877,77.154,9.0,,87.29
2023-03-29T01:00:00,42705199999,KULLU MANALI,31.877,77.154,9.0,,87.29
2023-03-29T02:00:00,42705199999,KULLU MANALI,31.877,77.154,8.0,,100.0
2023-03-29T02:30:00,42705199999,KULLU MANALI,31.877,77.154,9.0,,93.45
2023-03-29T03:00:00,42705199999,KULLU MANALI,31.877,77.154,11.0,,81.75
2023-03-29T03:30:00,42705199999,KULLU MANALI,31.877,77.154,13.0,,71.66
2023-03-29T04:00:00,42705199999,KULLU MANALI,31.877,77.154,15.0,,58.79
2023-03-29T05:00:00,42705199999,KULLU MANALI,31.877,77.154,20.0,,40.03
2023-03-29T06:00:00,42705199999,KULLU MANALI,31.877,77.154,22.0,,40.6
2023-03-30T00:30:00,42705199999,KULLU MANALI,31.877,77.154,8.0,,100.0
2023-03-30T01:00:00,42705199999,KULLU MANALI,31.877,77.154,8.0,,100.0
2023-03-30T02:00:00,42705199999,KULLU MANALI,31.877,77.154,8.0,,100.0
2023-03-30T02:30:00,42705199999,KULLU MANALI,31.877,77.154,9.0,,93.45
2023-03-30T03:00:00,42705199999,KULLU MANALI,31.877,77.154,13.0,,76.68
2023-03-30T04:00:00,42705199999,KULLU MANALI,31.877,77.154,16.0,,63.17
2023-03-30T06:00:00,42705199999,KULLU MANALI,31.877,77.154,19.0,,55.91
2023-03-31T00:30:00,42705199999,KULLU MANALI,31.877,77.154,13.0,,82.01
2023-03-31T01:00:00,42705199999,KULLU MANALI,31.877,77.154,13.0,,82.01
2023-03-31T02:00:00,42705199999,KULLU MANALI,31.877,77.154,13.0,,87.66
2023-03-31T02:30:00,42705199999,KULLU MANALI,31.877,77.154,13.0,,87.66
2023-03-31T03:00:00,42705199999,KULLU MANALI,31.877,77.154,14.0,,82.14
2023-03-31T03:30:00,42705199999,KULLU MANALI,31.877,77.154,14.0,,82.14
2023-03-31T04:00:00,42705199999,KULLU MANALI,31.877,77.154,15.0,,77.0
2023-03-31T05:00:00,42705199999,KULLU MANALI,31.877,77.154,16.0,,72.22
2023-03-31T06:00:00,42705199999,KULLU MANALI,31.877,77.154,17.0,,72.4
2023-04-01T00:30:00,42705199999,KULLU MANALI,31.877,77.154,10.0,,100.0
2023-04-01T01:00:00,42705199999,KULLU MANALI,31.877,77.154,10.0,,100.0
2023-04-01T01:30:00,42705199999,KULLU MANALI,31.877,77.154,10.0,,100.0
2023-04-01T02:00:00,42705199999,KULLU MANALI,31.877,77.154,11.0,,100.0
2023-04-01T02:30:00,42705199999,KULLU MANALI,31.877,77.154,12.0,,93.6
2023-04-01T03:00:00,42705199999,KULLU MANALI,31.877,77.154,12.0,,93.6
2023-04-01T03:30:00,42705199999,KULLU MANALI,31.877,77.154,12.0,,93.6
2023-04-01T04:00:00,42705199999,KULLU MANALI,31.877,77.154,13.0,,93.65
2023-04-01T04:30:00,42705199999,KULLU MANALI,31.877,77.154,13.0,,93.65
2023-04-01T05:01:00,42705199999,KULLU MANALI,31.877,77.154,14.0,,87.75
2023-04-01T06:00:00,42705199999,KULLU MANALI,31.877,77.154,16.0,,72.22
2023-04-02T00:30:00,42705199999,KULLU MANALI,31.877,77.154,12.0,,93.6
2023-04-02T01:00:00,42705199999,KULLU MANALI,31.877,77.154,12.0,,93.6
2023-04-02T01:30:00,42705199999,KULLU MANALI,31.877,77.154,11.0,,93.55
2023-04-02T02:00:00,42705199999,KULLU MANALI,31.877,77.154,11.0,,100.0
2023-04-02T02:30:00,42705199999,KULLU MANALI,31.877,77.154,12.0,,93.6
2023-04-02T03:00:00,42705199999,KULLU MANALI,31.877,77.154,12.0,,93.6
2023-04-02T03:30:00,42705199999,KULLU MANALI,31.877,77.154,13.0,,82.01
2023-04-02T04:00:00,42705199999,KULLU MANALI,31.877,77.154,15.0,,77.0
2023-04-02T04:30:00,42705199999,KULLU MANALI,31.877,77.154,17.0,,67.77
2023-04-02T05:00:00,42705199999,KULLU MANALI,31.877,77.154,19.0,,55.91
2023-04-02T05:30:00,42705199999,KULLU MANALI,31.877,77.154,20.0,,52.54
2023-04-02T06:00:00,42705199999,KULLU MANALI,31.877,77.154,20.0,,49.13
2023-04-03T00:30:00,42705199999,KULLU MANALI,31.877,77.154,10.0,,100.0
2023-04-03T01:00:00,42705199999,KULLU MANALI,31.877,77.154,10.0,,100.0
2023-04-03T01:30:00,42705199999,KULLU MANALI,31.877,77.154,10.0,,100.0
2023-04-03T02:00:00,42705199999,KULLU MANALI,31.877,77.154,11.0,,93.55
2023-04-03T02:30:00,42705199999,KULLU MANALI,31.877,77.154,11.0,,93.55
2023-04-03T03:00:00,42705199999,KULLU MANALI,31.877,77.154,12.0,,87.57
2023-04-03T03:30:00,42705199999,KULLU MANALI,31.877,77.154,13.0,,82.01
2023-04-03T04:00:00,42705199999,KULLU MANALI,31.877,77.154,15.0,,72.03
2023-04-03T05:00:00,42705199999,KULLU MANALI,31.877,77.154,18.0,,59.52
2023-04-03T06:00:00,42705199999,KULLU MANALI,31.877,77.154,17.0,,63.4
2023-04-04T00:30:00,42705199999,KULLU MANALI,31.877,77.154,8.0,,93.4
2023-04-04T01:00:00,42705199999,KULLU MANALI,31.877,77.154,10.0,,81.62
2023-04-04T02:00:00,42705199999,KULLU MANALI,31.877,77.154,8.0,,100.0
2023-04-04T02:30:00,42705199999,KULLU MANALI,31.877,77.154,10.0,,87.38
2023-04-04T03:00:00,42705199999,KULLU MANALI,31.877,77.154,10.0,,87.38
2023-04-04T04:00:00,42705199999,KULLU MANALI,31.877,77.154,12.0,,81.88
2023-04-04T05:00:00,42705199999,KULLU MANALI,31.877,77.154,15.0,,67.36
2023-04-04T06:00:00,42705199999,KULLU MANALI,31.877,77.154,15.0,,67.36
2023-04-05T01:00:00,42705199999,KULLU MANALI,31.877,77.154,7.0,,93.35
2023-04-05T02:00:00,42705199999,KULLU MANALI,31.877,77.154,6.0,,93.3
2023-04-05T02:30:00,42705199999,KULLU MANALI,31.877,77.154,7.0,,93.35
2023-04-05T03:00:00,42705199999,KULLU MANALI,31.877,77.154,9.0,,81.49
2023-04-05T03:30:00,42705199999,KULLU MANALI,31.877,77.154,10.0,,71.09
2023-04-05T04:00:00,42705199999,KULLU MANALI,31.877,77.154,13.0,,58.3
2023-04-05T05:00:00,42705199999,KULLU MANALI,31.877,77.154,16.0,,55.14
2023-04-05T06:00:00,42705199999,KULLU MANALI,31.877,77.154,19.0,,42.6
2023-04-06T01:00:00,42705199999,KULLU MANALI,31.877,77.154,11.0,,93.55
2023-04-06T02:00:00,42705199999,KULLU MANALI,31.877,77.154,11.0,,87.48
2023-04-06T02:30:00,42705199999,KULLU MANALI,31.877,77.154,11.0,,87.48
2023-04-06T03:00:00,42705199999,KULLU MANALI,31.877,77.154,12.0,,81.88
2023-04-06T04:00:00,42705199999,KULLU MANALI,31.877,77.154,16.0,,63.17
2023-04-06T05:00:00,42705199999,KULLU MANALI,31.877,77.154,20.0,,42.88
2023-04-06T06:00:00,42705199999,KULLU MANALI,31.877,77.154,22.0,,33.03
2023-04-07T00:30:00,42705199999,KULLU MANALI,31.877,77.154,6.0,,93.3
2023-04-07T01:00:00,42705199999,KULLU MANALI,31.877,77.154,6.0,,93.3
2023-04-07T01:30:00,42705199999,KULLU MANALI,31.877,77.154,6.0,,93.3
2023-04-07T02:00:00,42705199999,KULLU MANALI,31.877,77.154,6.0,,93.3
2023-04-07T02:30:00,42705199999,KULLU MANALI,31.877,77.154,7.0,,87.1
2023-04-07T03:00:00,42705199999,KULLU MANALI,31.877,77.154,10.0,,76.19
2023-04-07T03:30:00,42705199999,KULLU MANALI,31.877,77.154,12.0,,66.72
2023-04-07T04:00:00,42705199999,KULLU MANALI,31.877,77.154,15.0,,44.5
2023-04-07T04:30:00,42705199999,KULLU MANALI,31.877,77.154,17.0,,39.17
2023-04-07T05:00:00,42705199999,KULLU MANALI,31.877,77.154,19.0,,39.75
2023-04-07T06:00:00,42705199999,KULLU MANALI,31.877,77.154,21.0,,37.64
2023-04-08T00:30:00,42705199999,KULLU MANALI,31.877,77.154,8.0,,87.19
2023-04-08T01:00:00,42705199999,KULLU MANALI,31.877,77.154,8.0,,87.19
2023-04-08T01:30:00,42705199999,KULLU MANALI,31.877,77.154,8.0,,87.19
2023-04-08T02:00:00,42705199999,KULLU MANALI,31.877,77.154,8.0,,87.19
2023-04-08T02:30:00,42705199999,KULLU MANALI,31.877,77.154,9.0,,81.49
2023-04-08T03:00:00,42705199999,KULLU MANALI,31.877,77.154,11.0,,66.51
2023-04-08T04:00:00,42705199999,KULLU MANALI,31.877,77.154,18.0,,36.77
2023-04-08T06:00:00,42705199999,KULLU MANALI,31.877,77.154,23.0,,35.69
2023-04-09T00:30:00,42705199999,KULLU MANALI,31.877,77.154,9.0,,87.29
2023-04-09T01:00:00,42705199999,KULLU MANALI,31.877,77.154,9.0,,87.29
2023-04-09T01:30:00,42705199999,KULLU MANALI,31.877,77.154,9.0,,87.29
2023-04-09T02:00:00,42705199999,KULLU MANALI,31.877,77.154,9.0,,87.29
2023-04-09T02:30:00,42705199999,KULLU MANALI,31.877,77.154,10.0,,87.38
2023-04-09T03:00:00,42705199999,KULLU MANALI,31.877,77.154,12.0,,71.47
2023-04-09T03:30:00,42705199999,KULLU MANALI,31.877,77.154,15.0,,54.89
2023-04-09T04:00:00,42705199999,KULLU MANALI,31.877,77.154,19.0,,48.86
2023-04-09T05:00:00,42705199999,KULLU MANALI,31.877,77.154,21.0,,35.12
2023-04-09T06:00:00,42705199999,KULLU MANALI,31.877,77.154,24.0,,29.27
2023-04-10T00:30:00,42705199999,KULLU MANALI,31.877,77.154,10.0,,100.0
2023-04-10T01:00:00,42705199999,KULLU MANALI,31.877,77.154,10.0,,100.0
2023-04-10T01:30:00,42705199999,KULLU MANALI,31.877,77.154,10.0,,87.38
2023-04-10T02:00:00,42705199999,KULLU MANALI,31.877,77.154,10.0,,87.38
2023-04-10T02:30:00,42705199999,KULLU MANALI,31.877,77.154,12.0,,76.52
2023-04-10T03:00:00,42705199999,KULLU MANALI,31.877,77.154,16.0,,55.14
2023-04-10T03:30:00,42705199999,KULLU MANALI,31.877,77.154,18.0,,48.58
2023-04-10T04:00:00,42705199999,KULLU MANALI,31.877,77.154,19.0,,42.6
2023-04-10T05:00:00,42705199999,KULLU MANALI,31.877,77.154,22.0,,40.6
2023-04-10T06:00:00,42705199999,KULLU MANALI,31.877,77.154,24.0,,35.97
2023-04-11T00:30:00,42705199999,KULLU MANALI,31.877,77.154,10.0,,87.38
2023-04-11T01:00:00,42705199999,KULLU MANALI,31.877,77.154,10.0,,93.5
2023-04-11T02:00:00,42705199999,KULLU MANALI,31.877,77.154,10.0,,87.38
2023-04-11T02:27:00,42705199999,KULLU MANALI,31.877,77.154,11.0,,81.75
2023-04-11T02:30:00,42705199999,KULLU MANALI,31.877,77.154,11.0,,81.75
2023-04-11T03:00:00,42705199999,KULLU MANALI,31.877,77.154,14.0,,67.15
2023-04-11T04:00:00,42705199999,KULLU MANALI,31.877,77.154,19.0,,45.63
2023-04-11T05:00:00,42705199999,KULLU MANALI,31.877,77.154,22.0,,37.92
2023-04-11T06:00:00,42705199999,KULLU MANALI,31.877,77.154,23.0,,31.08
2023-04-12T01:00:00,42705199999,KULLU MANALI,31.877,77.154,11.0,,81.75
2023-04-12T01:30:00,42705199999,KULLU MANALI,31.877,77.154,11.0,,81.75
2023-04-12T02:00:00,42705199999,KULLU MANALI,31.877,77.154,11.0,,76.36
2023-04-12T02:30:00,42705199999,KULLU MANALI,31.877,77.154,12.0,,76.52
2023-04-12T03:00:00,42705199999,KULLU MANALI,31.877,77.154,15.0,,62.95
2023-04-12T03:30:00,42705199999,KULLU MANALI,31.877,77.154,19.0,,42.6
2023-04-12T04:00:00,42705199999,KULLU MANALI,31.877,77.154,21.0,,40.32
2023-04-12T04:30:00,42705199999,KULLU MANALI,31.877,77.154,22.0,,35.4
2023-04-12T05:00:00,42705199999,KULLU MANALI,31.877,77.154,23.0,,33.32
2023-04-12T06:00:00,42705199999,KULLU MANALI,31.877,77.154,25.0,,31.65
2023-04-13T00:32:00,42705199999,KULLU MANALI,31.877,77.154,12.0,,93.6
2023-04-13T01:00:00,42705199999,KULLU MANALI,31.877,77.154,12.0,,87.57
2023-04-13T01:30:00,42705199999,KULLU MANALI,31.877,77.154,12.0,,87.57
2023-04-13T02:00:00,42705199999,KULLU MANALI,31.877,77.154,12.0,,87.57
2023-04-13T02:30:00,42705199999,KULLU MANALI,31.877,77.154,14.0,,71.85
2023-04-13T03:00:00,42705199999,KULLU MANALI,31.877,77.154,17.0,,63.4
2023-04-13T04:00:00,42705199999,KULLU MANALI,31.877,77.154,19.0,,55.91
2023-04-13T05:00:00,42705199999,KULLU MANALI,31.877,77.154,23.0,,43.73
2023-04-13T06:00:00,42705199999,KULLU MANALI,31.877,77.154,16.0,,67.56
2023-04-14T00:30:00,42705199999,KULLU MANALI,31.877,77.154,12.0,,87.57
2023-04-14T01:00:00,42705199999,KULLU MANALI,31.877,77.154,12.0,,87.57
2023-04-14T02:00:00,42705199999,KULLU MANALI,31.877,77.154,13.0,,82.01
2023-04-14T02:30:00,42705199999,KULLU MANALI,31.877,77.154,14.0,,76.84
2023-04-14T03:00:00,42705199999,KULLU MANALI,31.877,77.154,16.0,,67.56
2023-04-14T04:00:00,42705199999,KULLU MANALI,31.877,77.154,21.0,,46.19
2023-04-14T05:00:00,42705199999,KULLU MANALI,31.877,77.154,23.0,,40.89
2023-04-14T06:00:00,42705199999,KULLU MANALI,31.877,77.154,26.0,,39.06
2023-04-15T00:10:00,42705199999,KULLU MANALI,31.877,77.154,13.0,,93.65
2023-04-15T00:30:00,42705199999,KULLU MANALI,31.877,77.154,13.0,,93.65
2023-04-15T01:00:00,42705199999,KULLU MANALI,31.877,77.154,13.0,,93.65
2023-04-15T02:00:00,42705199999,KULLU MANALI,31.877,77.154,13.0,,87.66
2023-04-15T02:30:00,42705199999,KULLU MANALI,31.877,77.154,17.0,,72.4
2023-04-15T03:00:00,42705199999,KULLU MANALI,31.877,77.154,19.0,,55.91
2023-04-15T04:00:00,42705199999,KULLU MANALI,31.877,77.154,23.0,,46.74
2023-04-15T05:00:00,42705199999,KULLU MANALI,31.877,77.154,25.0,,44.28
2023-04-15T06:00:00,42705199999,KULLU MANALI,31.877,77.154,28.0,,54.58
2023-04-16T00:30:00,42705199999,KULLU MANALI,31.877,77.154,11.0,,93.55
2023-04-16T01:00:00,42705199999,KULLU MANALI,31.877,77.154,11.0,,93.55
2023-04-16T02:00:00,42705199999,KULLU MANALI,31.877,77.154,12.0,,81.88
2023-04-16T02:30:00,42705199999,KULLU MANALI,31.877,77.154,13.0,,76.68
2023-04-16T03:00:00,42705199999,KULLU MANALI,31.877,77.154,15.0,,67.36
2023-04-16T03:30:00,42705199999,KULLU MANALI,31.877,77.154,16.0,,63.17
2023-04-16T04:00:00,42705199999,KULLU MANALI,31.877,77.154,19.0,,48.86
2023-04-16T04:30:00,42705199999,KULLU MANALI,31.877,77.154,20.0,,45.91
2023-04-16T05:00:00,42705199999,KULLU MANALI,31.877,77.154,20.0,,49.13
2023-04-16T06:00:00,42705199999,KULLU MANALI,31.877,77.154,24.0,,41.17
2023-04-17T00:30:00,42705199999,KULLU MANALI,31.877,77.154,12.0,,81.88
2023-04-17T01:00:00,42705199999,KULLU MANALI,31.877,77.154,12.0,,81.88
2023-04-17T02:00:00,42705199999,KULLU MANALI,31.877,77.154,12.0,,81.88
2023-04-17T02:30:00,42705199999,KULLU MANALI,31.877,77.154,14.0,,71.85
2023-04-17T03:00:00,42705199999,KULLU MANALI,31.877,77.154,16.0,,63.17
2023-04-17T03:30:00,42705199999,KULLU MANALI,31.877,77.154,17.0,,59.28
2023-04-17T04:00:00,42705199999,KULLU MANALI,31.877,77.154,21.0,,37.64
2023-04-17T04:30:00,42705199999,KULLU MANALI,31.877,77.154,23.0,,33.32
2023-04-17T05:00:00,42705199999,KULLU MANALI,31.877,77.154,24.0,,35.97
2023-04-17T06:00:00,42705199999,KULLU MANALI,31.877,77.154,26.0,,36.54
2023-04-18T00:30:00,42705199999,KULLU MANALI,31.877,77.154,13.0,,87.66
2023-04-18T01:00:00,42705199999,KULLU MANALI,31.877,77.154,14.0,,82.14
2023-04-18T02:00:00,42705199999,KULLU MANALI,31.877,77.154,14.0,,82.14
2023-04-18T02:36:00,42705199999,KULLU MANALI,31.877,77.154,15.0,,77.0
2023-04-18T03:00:00,42705199999,KULLU MANALI,31.877,77.154,18.0,,63.62
2023-04-18T04:00:00,42705199999,KULLU MANALI,31.877,77.154,20.0,,56.16
2023-04-18T05:00:00,42705199999,KULLU MANALI,31.877,77.154,23.0,,46.74
2023-04-18T06:00:00,42705199999,KULLU MANALI,31.877,77.154,23.0,,49.93
2023-04-19T00:30:00,42705199999,KULLU MANALI,31.877,77.154,13.0,,100.0
2023-04-19T01:00:00,42705199999,KULLU MANALI,31.877,77.154,13.0,,100.0
2023-04-19T01:03:00,42705199999,KULLU MANALI,31.877,77.154,13.0,,100.0
2023-04-19T02:00:00,42705199999,KULLU MANALI,31.877,77.154,12.0,,100.0
2023-04-19T02:30:00,42705199999,KULLU MANALI,31.877,77.154,12.0,,100.0
2023-04-19T03:00:00,42705199999,KULLU MANALI,31.877,77.154,12.0,,93.6
2023-04-19T03:30:00,42705199999,KULLU MANALI,31.877,77.154,12.0,,93.6
2023-04-19T03:40:00,42705199999,KULLU MANALI,31.877,77.154,12.0,,93.6
2023-04-19T04:00:00,42705199999,KULLU MANALI,31.877,77.154,11.0,,100.0
2023-04-19T05:00:00,42705199999,KULLU MANALI,31.877,77.154,11.0,,100.0
2023-04-19T06:02:00,42705199999,KULLU MANALI,31.877,77.154,11.0,,81.75
2023-04-20T00:30:00,42705199999,KULLU MANALI,31.877,77.154,11.0,,100.0
2023-04-20T01:00:00,42705199999,KULLU MANALI,31.877,77.154,11.0,,100.0
2023-04-20T02:00:00,42705199999,KULLU MANALI,31.877,77.154,11.0,,100.0
2023-04-20T02:30:00,42705199999,KULLU MANALI,31.877,77.154,11.0,,100.0
2023-04-20T03:00:00,42705199999,KULLU MANALI,31.877,77.154,12.0,,93.6
2023-04-20T03:30:00,42705199999,KULLU MANALI,31.877,77.154,12.0,,93.6
2023-04-20T04:00:00,42705199999,KULLU MANALI,31.877,77.154,12.0,,93.6
2023-04-20T04:30:00,42705199999,KULLU MANALI,31.877,77.154,13.0,,93.65
2023-04-20T05:00:00,42705199999,KULLU MANALI,31.877,77.154,13.0,,93.65
2023-04-20T06:00:00,42705199999,KULLU MANALI,31.877,77.154,12.0,,100.0
2023-04-21T00:30:00,42705199999,KULLU MANALI,31.877,77.154,8.0,,100.0
2023-04-21T01:00:00,42705199999,KULLU MANALI,31.877,77.154,8.0,,93.4
2023-04-21T02:00:00,42705199999,KULLU MANALI,31.877,77.154,8.0,,100.0
2023-04-21T02:30:00,42705199999,KULLU MANALI,31.877,77.154,9.0,,93.45
2023-04-21T03:00:00,42705199999,KULLU MANALI,31.877,77.154,10.0,,93.5
2023-04-21T03:30:00,42705199999,KULLU MANALI,31.877,77.154,12.0,,81.88
2023-04-21T04:00:00,42705199999,KULLU MANALI,31.877,77.154,14.0,,76.84
2023-04-21T04:30:00,42705199999,KULLU MANALI,31.877,77.154,16.0,,67.56
2023-04-21T05:00:00,42705199999,KULLU MANALI,31.877,77.154,16.0,,63.17
2023-04-21T06:00:00,42705199999,KULLU MANALI,31.877,77.154,18.0,,52.01
2023-04-22T00:30:00,42705199999,KULLU MANALI,31.877,77.154,7.0,,93.35
2023-04-22T01:00:00,42705199999,KULLU MANALI,31.877,77.154,7.0,,100.0
2023-04-22T01:30:00,42705199999,KULLU MANALI,31.877,77.154,7.0,,93.35
2023-04-22T02:00:00,42705199999,KULLU MANALI,31.877,77.154,7.0,,100.0
2023-04-22T02:29:00,42705199999,KULLU MANALI,31.877,77.154,8.0,,87.19
2023-04-22T03:00:00,42705199999,KULLU MANALI,31.877,77.154,12.0,,66.72
2023-04-22T04:00:00,42705199999,KULLU MANALI,31.877,77.154,16.0,,51.48
2023-04-22T05:00:00,42705199999,KULLU MANALI,31.877,77.154,19.0,,42.6
2023-04-22T06:00:00,42705199999,KULLU MANALI,31.877,77.154,19.0,,39.75
2023-04-23T00:30:00,42705199999,KULLU MANALI,31.877,77.154,8.0,,93.4
2023-04-23T01:00:00,42705199999,KULLU MANALI,31.877,77.154,7.0,,100.0
2023-04-23T02:00:00,42705199999,KULLU MANALI,31.877,77.154,9.0,,93.45
2023-04-23T02:30:00,42705199999,KULLU MANALI,31.877,77.154,9.0,,93.45
2023-04-23T03:00:00,42705199999,KULLU MANALI,31.877,77.154,10.0,,81.62
2023-04-23T03:30:00,42705199999,KULLU MANALI,31.877,77.154,11.0,,76.36
2023-04-24T00:30:00,42705199999,KULLU MANALI,31.877,77.154,10.0,,87.38
2023-04-24T01:00:00,42705199999,KULLU MANALI,31.877,77.154,10.0,,93.5
2023-04-24T01:30:00,42705199999,KULLU MANALI,31.877,77.154,10.0,,93.5
2023-04-24T02:00:00,42705199999,KULLU MANALI,31.877,77.154,9.0,,93.45
2023-04-24T02:30:00,42705199999,KULLU MANALI,31.877,77.154,14.0,,67.15
2023-04-24T03:00:00,42705199999,KULLU MANALI,31.877,77.154,14.0,,67.15
2023-04-24T03:30:00,42705199999,KULLU MANALI,31.877,77.154,15.0,,62.95
2023-04-24T04:00:00,42705199999,KULLU MANALI,31.877,77.154,18.0,,52.01
2023-04-24T05:00:00,42705199999,KULLU MANALI,31.877,77.154,22.0,,37.92
2023-04-24T06:00:00,42705199999,KULLU MANALI,31.877,77.154,24.0,,38.49
2023-04-25T00:30:00,42705199999,KULLU MANALI,31.877,77.154,12.0,,87.57
2023-04-25T01:00:00,42705199999,KULLU MANALI,31.877,77.154,12.0,,87.57
2023-04-25T01:30:00,42705199999,KULLU MANALI,31.877,77.154,12.0,,87.57
2023-04-25T02:00:00,42705199999,KULLU MANALI,31.877,77.154,12.0,,87.57
2023-04-25T02:30:00,42705199999,KULLU MANALI,31.877,77.154,14.0,,76.84
2023-04-25T03:00:00,42705199999,KULLU MANALI,31.877,77.154,15.0,,72.03
2023-04-25T04:00:00,42705199999,KULLU MANALI,31.877,77.154,20.0,,49.13
2023-04-25T05:00:00,42705199999,KULLU MANALI,31.877,77.154,22.0,,46.47
2023-04-25T06:00:00,42705199999,KULLU MANALI,31.877,77.154,25.0,,38.78
2023-04-26T00:30:00,42705199999,KULLU MANALI,31.877,77.154,11.0,,87.48
2023-04-26T01:00:00,42705199999,KULLU MANALI,31.877,77.154,11.0,,93.55
2023-04-26T01:30:00,42705199999,KULLU MANALI,31.877,77.154,11.0,,93.55
2023-04-26T02:00:00,42705199999,KULLU MANALI,31.877,77.154,12.0,,87.57
2023-04-26T02:30:00,42705199999,KULLU MANALI,31.877,77.154,14.0,,82.14
2023-04-26T03:00:00,42705199999,KULLU MANALI,31.877,77.154,15.0,,77.0
2023-04-26T03:30:00,42705199999,KULLU MANALI,31.877,77.154,18.0,,63.62
2023-04-26T04:00:00,42705199999,KULLU MANALI,31.877,77.154,20.0,,56.16
2023-04-26T05:00:00,42705199999,KULLU MANALI,31.877,77.154,22.0,,46.47
2023-04-26T06:00:00,42705199999,KULLU MANALI,31.877,77.154,24.0,,47.01
2023-04-27T00:30:00,42705199999,KULLU MANALI,31.877,77.154,11.0,,100.0
2023-04-27T01:00:00,42705199999,KULLU MANALI,31.877,77.154,11.0,,100.0
2023-04-27T01:30:00,42705199999,KULLU MANALI,31.877,77.154,11.0,,100.0
2023-04-27T02:00:00,42705199999,KULLU MANALI,31.877,77.154,12.0,,93.6
2023-04-27T02:30:00,42705199999,KULLU MANALI,31.877,77.154,13.0,,93.65
2023-04-27T03:00:00,42705199999,KULLU MANALI,31.877,77.154,15.0,,82.26
2023-04-27T03:04:00,42705199999,KULLU MANALI,31.877,77.154,15.0,,82.26
2023-04-27T03:30:00,42705199999,KULLU MANALI,31.877,77.154,15.0,,87.84
2023-04-27T04:00:00,42705199999,KULLU MANALI,31.877,77.154,15.0,,87.84
2023-04-27T05:00:00,42705199999,KULLU MANALI,31.877,77.154,16.0,,67.56
2023-04-27T06:00:00,42705199999,KULLU MANALI,31.877,77.154,15.0,,77.0
2023-04-28T00:30:00,42705199999,KULLU MANALI,31.877,77.154,8.0,,100.0
2023-04-28T01:00:00,42705199999,KULLU MANALI,31.877,77.154,8.0,,100.0
2023-04-28T02:00:00,42705199999,KULLU MANALI,31.877,77.154,9.0,,100.0
2023-04-28T02:30:00,42705199999,KULLU MANALI,31.877,77.154,10.0,,93.5
2023-04-28T03:00:00,42705199999,KULLU MANALI,31.877,77.154,12.0,,81.88
2023-04-28T04:00:00,42705199999,KULLU MANALI,31.877,77.154,15.0,,67.36
2023-04-28T05:00:00,42705199999,KULLU MANALI,31.877,77.154,18.0,,59.52
2023-04-28T06:00:00,42705199999,KULLU MANALI,31.877,77.154,19.0,,55.91
2023-04-29T00:30:00,42705199999,KULLU MANALI,31.877,77.154,11.0,,93.55
2023-04-29T01:00:00,42705199999,KULLU MANALI,31.877,77.154,11.0,,93.55
2023-04-29T01:30:00,42705199999,KULLU MANALI,31.877,77.154,11.0,,93.55
2023-04-29T02:00:00,42705199999,KULLU MANALI,31.877,77.154,12.0,,87.57
2023-04-29T02:30:00,42705199999,KULLU MANALI,31.877,77.154,13.0,,87.66
2023-04-29T03:00:00,42705199999,KULLU MANALI,31.877,77.154,15.0,,72.03
2023-04-29T04:00:00,42705199999,KULLU MANALI,31.877,77.154,19.0,,55.91
2023-04-29T05:00:00,42705199999,KULLU MANALI,31.877,77.154,22.0,,40.6
2023-04-29T06:00:00,42705199999,KULLU MANALI,31.877,77.154,24.0,,44.01
2023-04-30T00:30:00,42705199999,KULLU MANALI,31.877,77.154,12.0,,93.6
2023-04-30T01:00:00,42705199999,KULLU MANALI,31.877,77.154,12.0,,93.6
2023-04-30T01:30:00,42705199999,KULLU MANALI,31.877,77.154,12.0,,93.6
2023-04-30T02:00:00,42705199999,KULLU MANALI,31.877,77.154,13.0,,93.65
2023-04-30T02:06:00,42705199999,KULLU MANALI,31.877,77.154,13.0,,93.65
2023-04-30T02:27:00,42705199999,KULLU MANALI,31.877,77.154,13.0,,93.65
2023-04-30T02:30:00,42705199999,KULLU MANALI,31.877,77.154,13.0,,93.65
2023-04-30T03:00:00,42705199999,KULLU MANALI,31.877,77.154,14.0,,87.75
2023-04-30T03:30:00,42705199999,KULLU MANALI,31.877,77.154,15.0,,87.84
2023-04-30T04:00:00,42705199999,KULLU MANALI,31.877,77.154,16.0,,82.39
2023-04-30T05:00:00,42705199999,KULLU MANALI,31.877,77.154,20.0,,60.0
2023-04-30T06:00:00,42705199999,KULLU MANALI,31.877,77.154,23.0,,49.93
2023-05-01T00:30:00,42705199999,KULLU MANALI,31.877,77.154,13.0,,100.0
2023-05-01T01:00:00,42705199999,KULLU MANALI,31.877,77.154,13.0,,100.0
2023-05-01T02:00:00,42705199999,KULLU MANALI,31.877,77.154,14.0,,93.7
2023-05-01T02:30:00,42705199999,KULLU MANALI,31.877,77.154,14.0,,93.7
2023-05-01T03:00:00,42705199999,KULLU MANALI,31.877,77.154,15.0,,87.84
2023-05-01T04:00:00,42705199999,KULLU MANALI,31.877,77.154,17.0,,77.31
2023-05-01T05:00:00,42705199999,KULLU MANALI,31.877,77.154,19.0,,68.18
2023-05-02T00:30:00,42705199999,KULLU MANALI,31.877,77.154,14.0,,100.0
2023-05-02T01:00:00,42705199999,KULLU MANALI,31.877,77.154,14.0,,100.0
2023-05-02T01:30:00,42705199999,KULLU MANALI,31.877,77.154,14.0,,93.7
2023-05-02T02:00:00,42705199999,KULLU MANALI,31.877,77.154,14.0,,100.0
2023-05-02T02:30:00,42705199999,KULLU MANALI,31.877,77.154,15.0,,93.75
2023-05-02T03:00:00,42705199999,KULLU MANALI,31.877,77.154,15.0,,93.75
2023-05-02T04:00:00,42705199999,KULLU MANALI,31.877,77.154,16.0,,87.93
2023-05-02T05:00:00,42705199999,KULLU MANALI,31.877,77.154,17.0,,82.51
2023-05-02T06:00:00,42705199999,KULLU MANALI,31.877,77.154,18.0,,77.46
2023-05-03T01:00:00,42705199999,KULLU MANALI,31.877,77.154,13.0,,93.65
2023-05-03T01:35:00,42705199999,KULLU MANALI,31.877,77.154,13.0,,93.65
2023-05-03T02:00:00,42705199999,KULLU MANALI,31.877,77.154,13.0,,93.65
2023-05-03T02:30:00,42705199999,KULLU MANALI,31.877,77.154,13.0,,93.65
2023-05-03T03:00:00,42705199999,KULLU MANALI,31.877,77.154,12.0,,93.6
2023-05-03T04:00:00,42705199999,KULLU MANALI,31.877,77.154,12.0,,93.6
2023-05-03T05:00:00,42705199999,KULLU MANALI,31.877,77.154,13.0,,93.65
2023-05-03T06:00:00,42705199999,KULLU MANALI,31.877,77.154,13.0,,93.65
2023-05-04T00:30:00,42705199999,KULLU MANALI,31.877,77.154,11.0,,100.0
2023-05-04T01:00:00,42705199999,KULLU MANALI,31.877,77.154,11.0,,100.0
2023-05-04T02:00:00,42705199999,KULLU MANALI,31.877,77.154,13.0,,93.65
2023-05-04T02:30:00,42705199999,KULLU MANALI,31.877,77.154,13.0,,100.0
2023-05-04T03:00:00,42705199999,KULLU MANALI,31.877,77.154,15.0,,87.84
2023-05-04T04:00:00,42705199999,KULLU MANALI,31.877,77.154,16.0,,82.39
2023-05-04T05:00:00,42705199999,KULLU MANALI,31.877,77.154,20.0,,60.0
2023-05-04T06:00:00,42705199999,KULLU MANALI,31.877,77.154,23.0,,46.74
2023-05-05T00:30:00,42705199999,KULLU MANALI,31.877,77.154,13.0,,93.65
2023-05-05T01:00:00,42705199999,KULLU MANALI,31.877,77.154,13.0,,93.65
2023-05-05T01:30:00,42705199999,KULLU MANALI,31.877,77.154,13.0,,93.65
2023-05-05T02:00:00,42705199999,KULLU MANALI,31.877,77.154,14.0,,87.75
2023-05-05T02:30:00,42705199999,KULLU MANALI,31.877,77.154,14.0,,87.75
2023-05-05T03:00:00,42705199999,KULLU MANALI,31.877,77.154,15.0,,82.26
2023-05-05T03:30:00,42705199999,KULLU MANALI,31.877,77.154,16.0,,77.16
2023-05-05T04:00:00,42705199999,KULLU MANALI,31.877,77.154,20.0,,60.0
2023-05-05T05:00:00,42705199999,KULLU MANALI,31.877,77.154,23.0,,43.73
2023-05-05T06:00:00,42705199999,KULLU MANALI,31.877,77.154,25.0,,38.78
2023-05-06T00:30:00,42705199999,KULLU MANALI,31.877,77.154,12.0,,93.6
2023-05-06T01:00:00,42705199999,KULLU MANALI,31.877,77.154,12.0,,93.6
2023-05-06T01:28:00,42705199999,KULLU MANALI,31.877,77.154,12.0,,93.6
2023-05-06T01:30:00,42705199999,KULLU MANALI,31.877,77.154,12.0,,93.6
2023-05-06T02:00:00,42705199999,KULLU MANALI,31.877,77.154,13.0,,87.66
2023-05-06T06:00:00,42705199999,KULLU MANALI,31.877,77.154,24.0,,44.01
2023-05-07T00:30:00,42705199999,KULLU MANALI,31.877,77.154,10.0,,93.5
2023-05-07T01:00:00,42705199999,KULLU MANALI,31.877,77.154,10.0,,93.5
2023-05-07T01:30:00,42705199999,KULLU MANALI,31.877,77.154,10.0,,93.5
2023-05-07T02:00:00,42705199999,KULLU MANALI,31.877,77.154,11.0,,93.55
2023-05-07T02:30:00,42705199999,KULLU MANALI,31.877,77.154,11.0,,93.55
2023-05-07T03:00:00,42705199999,KULLU MANALI,31.877,77.154,11.0,,93.55
2023-05-07T03:30:00,42705199999,KULLU MANALI,31.877,77.154,12.0,,87.57
2023-05-07T04:00:00,42705199999,KULLU MANALI,31.877,77.154,12.0,,93.6
2023-05-07T05:00:00,42705199999,KULLU MANALI,31.877,77.154,15.0,,77.0
2023-05-07T06:00:00,42705199999,KULLU MANALI,31.877,77.154,18.0,,59.52
2023-05-08T00:30:00,42705199999,KULLU MANALI,31.877,77.154,11.0,,93.55
2023-05-08T01:00:00,42705199999,KULLU MANALI,31.877,77.154,11.0,,93.55
2023-05-08T02:00:00,42705199999,KULLU MANALI,31.877,77.154,12.0,,81.88
2023-05-08T02:30:00,42705199999,KULLU MANALI,31.877,77.154,13.0,,76.68
2023-05-08T03:00:00,42705199999,KULLU MANALI,31.877,77.154,14.0,,71.85
2023-05-08T03:30:00,42705199999,KULLU MANALI,31.877,77.154,15.0,,67.36
2023-05-08T04:00:00,42705199999,KULLU MANALI,31.877,77.154,16.0,,59.04
2023-05-08T05:00:00,42705199999,KULLU MANALI,31.877,77.154,17.0,,55.4
2023-05-08T06:00:00,42705199999,KULLU MANALI,31.877,77.154,19.0,,48.86
2023-05-09T00:30:00,42705199999,KULLU MANALI,31.877,77.154,10.0,,93.5
2023-05-09T01:00:00,42705199999,KULLU MANALI,31.877,77.154,10.0,,93.5
2023-05-09T01:30:00,42705199999,KULLU MANALI,31.877,77.154,9.0,,100.0
2023-05-09T02:00:00,42705199999,KULLU MANALI,31.877,77.154,10.0,,100.0
2023-05-09T03:00:00,42705199999,KULLU MANALI,31.877,77.154,13.0,,82.01
2023-05-09T04:00:00,42705199999,KULLU MANALI,31.877,77.154,14.0,,76.84
2023-05-09T05:00:00,42705199999,KULLU MANALI,31.877,77.154,16.0,,77.16
2023-05-09T06:00:00,42705199999,KULLU MANALI,31.877,77.154,19.0,,55.91
2023-05-10T00:30:00,42705199999,KULLU MANALI,31.877,77.154,7.0,,100.0
2023-05-10T01:00:00,42705199999,KULLU MANALI,31.877,77.154,7.0,,100.0
2023-05-10T02:00:00,42705199999,KULLU MANALI,31.877,77.154,8.0,,93.4
2023-05-10T02:30:00,42705199999,KULLU MANALI,31.877,77.154,12.0,,71.47
2023-05-10T03:00:00,42705199999,KULLU MANALI,31.877,77.154,13.0,,66.93
2023-05-10T03:32:00,42705199999,KULLU MANALI,31.877,77.154,16.0,,48.03
2023-05-10T04:00:00,42705199999,KULLU MANALI,31.877,77.154,17.0,,45.07
2023-05-10T05:00:00,42705199999,KULLU MANALI,31.877,77.154,20.0,,28.14
2023-05-10T06:00:00,42705199999,KULLU MANALI,31.877,77.154,22.0,,33.03
2023-05-11T00:30:00,42705199999,KULLU MANALI,31.877,77.154,10.0,,93.5
2023-05-11T01:00:00,42705199999,KULLU MANALI,31.877,77.154,10.0,,93.5
2023-05-11T01:30:00,42705199999,KULLU MANALI,31.877,77.154,10.0,,93.5
2023-05-11T02:00:00,42705199999,KULLU MANALI,31.877,77.154,11.0,,87.48
2023-05-11T02:30:00,42705199999,KULLU MANALI,31.877,77.154,15.0,,67.36
2023-05-11T03:00:00,42705199999,KULLU MANALI,31.877,77.154,15.0,,72.03
2023-05-11T04:00:00,42705199999,KULLU MANALI,31.877,77.154,20.0,,42.88
2023-05-11T05:00:00,42705199999,KULLU MANALI,31.877,77.154,23.0,,38.21
2023-05-11T06:00:00,42705199999,KULLU MANALI,31.877,77.154,25.0,,33.88
2023-05-12T02:00:00,42705199999,KULLU MANALI,31.877,77.154,12.0,,87.57
2023-05-12T02:30:00,42705199999,KULLU MANALI,31.877,77.154,13.0,,82.01
2023-05-12T03:00:00,42705199999,KULLU MANALI,31.877,77.154,16.0,,59.04
2023-05-12T03:30:00,42705199999,KULLU MANALI,31.877,77.154,18.0,,52.01
2023-05-12T04:00:00,42705199999,KULLU MANALI,31.877,77.154,21.0,,40.32
2023-05-12T05:00:00,42705199999,KULLU MANALI,31.877,77.154,25.0,,31.65
2023-05-12T06:00:00,42705199999,KULLU MANALI,31.877,77.154,26.0,,29.82
2023-05-13T00:30:00,42705199999,KULLU MANALI,31.877,77.154,13.0,,87.66
2023-05-13T01:00:00,42705199999,KULLU MANALI,31.877,77.154,13.0,,87.66
2023-05-13T02:00:00,42705199999,KULLU MANALI,31.877,77.154,14.0,,82.14
2023-05-13T02:30:00,42705199999,KULLU MANALI,31.877,77.154,15.0,,77.0
2023-05-13T03:00:00,42705199999,KULLU MANALI,31.877,77.154,17.0,,67.77
2023-05-13T04:00:00,42705199999,KULLU MANALI,31.877,77.154,22.0,,46.47
2023-05-13T05:00:00,42705199999,KULLU MANALI,31.877,77.154,24.0,,41.17
2023-05-13T06:00:00,42705199999,KULLU MANALI,31.877,77.154,25.0,,44.28
2023-05-13T07:00:00,42705199999,KULLU MANALI,31.877,77.154,26.0,,41.73
2023-05-14T00:30:00,42705199999,KULLU MANALI,31.877,77.154,13.0,,82.01
2023-05-14T01:00:00,42705199999,KULLU MANALI,31.877,77.154,14.0,,76.84
2023-05-14T01:30:00,42705199999,KULLU MANALI,31.877,77.154,14.0,,76.84
2023-05-14T02:00:00,42705199999,KULLU MANALI,31.877,77.154,15.0,,72.03
2023-05-14T02:30:00,42705199999,KULLU MANALI,31.877,77.154,15.0,,72.03
2023-05-14T03:00:00,42705199999,KULLU MANALI,31.877,77.154,15.0,,72.03
2023-05-14T03:30:00,42705199999,KULLU MANALI,31.877,77.154,15.0,,72.03
2023-05-14T04:00:00,42705199999,KULLU MANALI,31.877,77.154,16.0,,72.22
2023-05-14T04:30:00,42705199999,KULLU MANALI,31.877,77.154,18.0,,59.52
2023-05-14T06:00:00,42705199999,KULLU MANALI,31.877,77.154,22.0,,53.06
2023-05-15T00:30:00,42705199999,KULLU MANALI,31.877,77.154,11.0,,93.55
2023-05-15T01:00:00,42705199999,KULLU MANALI,31.877,77.154,11.0,,93.55
2023-05-15T02:00:00,42705199999,KULLU MANALI,31.877,77.154,11.0,,93.55
2023-05-15T02:30:00,42705199999,KULLU MANALI,31.877,77.154,14.0,,76.84
2023-05-15T03:00:00,42705199999,KULLU MANALI,31.877,77.154,16.0,,63.17
2023-05-15T03:30:00,42705199999,KULLU MANALI,31.877,77.154,18.0,,55.66
2023-05-15T04:00:00,42705199999,KULLU MANALI,31.877,77.154,21.0,,46.19
2023-05-15T04:30:00,42705199999,KULLU MANALI,31.877,77.154,22.0,,43.45
2023-05-15T05:00:00,42705199999,KULLU MANALI,31.877,77.154,24.0,,44.01
2023-05-15T06:00:00,42705199999,KULLU MANALI,31.877,77.154,26.0,,31.93
2023-05-16T00:30:00,42705199999,KULLU MANALI,31.877,77.154,10.0,,93.5
2023-05-16T01:00:00,42705199999,KULLU MANALI,31.877,77.154,11.0,,93.55
2023-05-16T02:00:00,42705199999,KULLU MANALI,31.877,77.154,12.0,,87.57
2023-05-16T03:00:00,42705199999,KULLU MANALI,31.877,77.154,17.0,,59.28
2023-05-16T04:00:00,42705199999,KULLU MANALI,31.877,77.154,20.0,,49.13
2023-05-16T05:00:00,42705199999,KULLU MANALI,31.877,77.154,23.0,,38.21
2023-05-16T06:00:00,42705199999,KULLU MANALI,31.877,77.154,25.0,,33.88
2023-05-17T00:30:00,42705199999,KULLU MANALI,31.877,77.154,12.0,,87.57
2023-05-17T01:04:00,42705199999,KULLU MANALI,31.877,77.154,12.0,,93.6
2023-05-17T02:00:00,42705199999,KULLU MANALI,31.877,77.154,14.0,,82.14
2023-05-17T02:30:00,42705199999,KULLU MANALI,31.877,77.154,17.0,,67.77
2023-05-17T03:00:00,42705199999,KULLU MANALI,31.877,77.154,19.0,,55.91
2023-05-17T03:30:00,42705199999,KULLU MANALI,31.877,77.154,19.0,,59.76
2023-05-17T04:00:00,42705199999,KULLU MANALI,31.877,77.154,21.0,,49.4
2023-05-17T04:30:00,42705199999,KULLU MANALI,31.877,77.154,23.0,,43.73
2023-05-17T05:00:00,42705199999,KULLU MANALI,31.877,77.154,25.0,,38.78
2023-05-17T06:00:00,42705199999,KULLU MANALI,31.877,77.154,26.0,,36.54
2023-05-18T00:30:00,42705199999,KULLU MANALI,31.877,77.154,15.0,,77.0
2023-05-18T01:00:00,42705199999,KULLU MANALI,31.877,77.154,15.0,,77.0
2023-05-18T02:00:00,42705199999,KULLU MANALI,31.877,77.154,17.0,,67.77
2023-05-18T02:30:00,42705199999,KULLU MANALI,31.877,77.154,19.0,,59.76
2023-05-18T03:00:00,42705199999,KULLU MANALI,31.877,77.154,18.0,,67.97
2023-05-18T03:30:00,42705199999,KULLU MANALI,31.877,77.154,18.0,,72.58
2023-05-18T04:00:00,42705199999,KULLU MANALI,31.877,77.154,19.0,,68.18
2023-05-18T04:30:00,42705199999,KULLU MANALI,31.877,77.154,21.0,,56.41
2023-05-18T05:00:00,42705199999,KULLU MANALI,31.877,77.154,20.0,,64.07
2023-05-19T00:30:00,42705199999,KULLU MANALI,31.877,77.154,11.0,,93.55
2023-05-19T01:00:00,42705199999,KULLU MANALI,31.877,77.154,11.0,,93.55
2023-05-19T02:00:00,42705199999,KULLU MANALI,31.877,77.154,13.0,,87.66
2023-05-19T02:30:00,42705199999,KULLU MANALI,31.877,77.154,16.0,,72.22
2023-05-19T03:00:00,42705199999,KULLU MANALI,31.877,77.154,18.0,,63.62
2023-05-19T04:00:00,42705199999,KULLU MANALI,31.877,77.154,21.0,,52.8
2023-05-19T05:00:00,42705199999,KULLU MANALI,31.877,77.154,23.0,,49.93
2023-05-19T06:00:00,42705199999,KULLU MANALI,31.877,77.154,27.0,,36.82
2023-05-20T00:30:00,42705199999,KULLU MANALI,31.877,77.154,13.0,,87.66
2023-05-20T01:00:00,42705199999,KULLU MANALI,31.877,77.154,13.0,,87.66
2023-05-20T02:00:00,42705199999,KULLU MANALI,31.877,77.154,15.0,,82.26
2023-05-20T02:30:00,42705199999,KULLU MANALI,31.877,77.154,18.0,,63.62
2023-05-20T03:00:00,42705199999,KULLU MANALI,31.877,77.154,19.0,,59.76
2023-05-20T04:00:00,42705199999,KULLU MANALI,31.877,77.154,23.0,,43.73
2023-05-20T05:00:00,42705199999,KULLU MANALI,31.877,77.154,25.0,,41.45
2023-05-20T06:00:00,42705199999,KULLU MANALI,31.877,77.154,26.0,,36.54
2023-05-21T00:30:00,42705199999,KULLU MANALI,31.877,77.154,13.0,,93.65
2023-05-21T01:00:00,42705199999,KULLU MANALI,31.877,77.154,13.0,,93.65
2023-05-21T01:30:00,42705199999,KULLU MANALI,31.877,77.154,13.0,,93.65
2023-05-21T02:00:00,42705199999,KULLU MANALI,31.877,77.154,15.0,,82.26
2023-05-21T02:30:00,42705199999,KULLU MANALI,31.877,77.154,18.0,,72.58
2023-05-21T02:57:00,42705199999,KULLU MANALI,31.877,77.154,19.0,,68.18
2023-05-21T03:30:00,42705199999,KULLU MANALI,31.877,77.154,21.0,,56.41
2023-05-21T04:00:00,42705199999,KULLU MANALI,31.877,77.154,23.0,,49.93
2023-05-21T05:00:00,42705199999,KULLU MANALI,31.877,77.154,25.0,,44.28
2023-05-21T06:00:00,42705199999,KULLU MANALI,31.877,77.154,28.0,,39.62
2023-05-22T00:30:00,42705199999,KULLU MANALI,31.877,77.154,14.0,,87.75
2023-05-22T01:00:00,42705199999,KULLU MANALI,31.877,77.154,14.0,,87.75
2023-05-22T02:00:00,42705199999,KULLU MANALI,31.877,77.154,16.0,,77.16
2023-05-22T02:30:00,42705199999,KULLU MANALI,31.877,77.154,19.0,,63.85
2023-05-22T03:00:00,42705199999,KULLU MANALI,31.877,77.154,20.0,,60.0
2023-05-22T04:00:00,42705199999,KULLU MANALI,31.877,77.154,24.0,,47.01
2023-05-22T05:00:00,42705199999,KULLU MANALI,31.877,77.154,26.0,,47.55
2023-05-22T06:00:00,42705199999,KULLU MANALI,31.877,77.154,29.0,,30.66
2023-05-23T00:30:00,42705199999,KULLU MANALI,31.877,77.154,15.0,,87.84
2023-05-23T01:00:00,42705199999,KULLU MANALI,31.877,77.154,16.0,,77.16
2023-05-23T02:00:00,42705199999,KULLU MANALI,31.877,77.154,16.0,,82.39
2023-05-23T04:00:00,42705199999,KULLU MANALI,31.877,77.154,23.0,,53.32
2023-05-23T05:00:00,42705199999,KULLU MANALI,31.877,77.154,26.0,,47.55
2023-05-23T06:00:00,42705199999,KULLU MANALI,31.877,77.154,28.0,,39.62
2023-05-24T00:30:00,42705199999,KULLU MANALI,31.877,77.154,14.0,,100.0
2023-05-24T01:00:00,42705199999,KULLU MANALI,31.877,77.154,15.0,,93.75
2023-05-24T01:30:00,42705199999,KULLU MANALI,31.877,77.154,16.0,,87.93
2023-05-24T02:00:00,42705199999,KULLU MANALI,31.877,77.154,16.0,,87.93
2023-05-24T02:30:00,42705199999,KULLU MANALI,31.877,77.154,16.0,,87.93
2023-05-24T03:00:00,42705199999,KULLU MANALI,31.877,77.154,16.0,,87.93
2023-05-24T03:30:00,42705199999,KULLU MANALI,31.877,77.154,16.0,,87.93
2023-05-24T04:00:00,42705199999,KULLU MANALI,31.877,77.154,16.0,,93.79
2023-05-24T04:01:00,42705199999,KULLU MANALI,31.877,77.154,16.0,,93.79
2023-05-24T04:30:00,42705199999,KULLU MANALI,31.877,77.154,17.0,,88.01
2023-05-24T05:00:00,42705199999,KULLU MANALI,31.877,77.154,17.0,,88.01
2023-05-24T05:30:00,42705199999,KULLU MANALI,31.877,77.154,17.0,,88.01
2023-05-24T06:00:00,42705199999,KULLU MANALI,31.877,77.154,17.0,,88.01
2023-05-25T00:30:00,42705199999,KULLU MANALI,31.877,77.154,15.0,,93.75
2023-05-25T01:00:00,42705199999,KULLU MANALI,31.877,77.154,15.0,,100.0
2023-05-25T02:00:00,42705199999,KULLU MANALI,31.877,77.154,16.0,,93.79
2023-05-25T02:30:00,42705199999,KULLU MANALI,31.877,77.154,18.0,,82.63
2023-05-25T03:00:00,42705199999,KULLU MANALI,31.877,77.154,18.0,,82.63
2023-05-25T03:30:00,42705199999,KULLU MANALI,31.877,77.154,18.0,,82.63
2023-05-25T04:00:00,42705199999,KULLU MANALI,31.877,77.154,19.0,,77.62
2023-05-25T05:00:00,42705199999,KULLU MANALI,31.877,77.154,22.0,,60.47
2023-05-25T06:00:00,42705199999,KULLU MANALI,31.877,77.154,24.0,,57.15
2023-05-26T00:30:00,42705199999,KULLU MANALI,31.877,77.154,12.0,,93.6
2023-05-26T01:00:00,42705199999,KULLU MANALI,31.877,77.154,12.0,,93.6
2023-05-26T02:00:00,42705199999,KULLU MANALI,31.877,77.154,13.0,,93.65
2023-05-26T03:00:00,42705199999,KULLU MANALI,31.877,77.154,16.0,,77.16
2023-05-26T03:30:00,42705199999,KULLU MANALI,31.877,77.154,18.0,,67.97
2023-05-26T04:00:00,42705199999,KULLU MANALI,31.877,77.154,20.0,,64.07
2023-05-26T05:00:00,42705199999,KULLU MANALI,31.877,77.154,22.0,,60.47
2023-05-26T06:00:00,42705199999,KULLU MANALI,31.877,77.154,24.0,,50.2
2023-05-27T00:30:00,42705199999,KULLU MANALI,31.877,77.154,12.0,,93.6
2023-05-27T01:00:00,42705199999,KULLU MANALI,31.877,77.154,13.0,,93.65
2023-05-27T01:58:00,42705199999,KULLU MANALI,31.877,77.154,14.0,,93.7
2023-05-27T02:00:00,42705199999,KULLU MANALI,31.877,77.154,14.0,,93.7
2023-05-27T02:30:00,42705199999,KULLU MANALI,31.877,77.154,15.0,,77.0
2023-05-27T03:00:00,42705199999,KULLU MANALI,31.877,77.154,17.0,,72.4
2023-05-27T03:30:00,42705199999,KULLU MANALI,31.877,77.154,18.0,,67.97
2023-05-27T04:00:00,42705199999,KULLU MANALI,31.877,77.154,19.0,,63.85
2023-05-27T04:30:00,42705199999,KULLU MANALI,31.877,77.154,20.0,,60.0
2023-05-27T05:00:00,42705199999,KULLU MANALI,31.877,77.154,22.0,,53.06
2023-05-27T05:30:00,42705199999,KULLU MANALI,31.877,77.154,23.0,,46.74
2023-05-27T06:00:00,42705199999,KULLU MANALI,31.877,77.154,24.0,,50.2
2023-05-28T00:30:00,42705199999,KULLU MANALI,31.877,77.154,11.0,,93.55
2023-05-28T01:00:00,42705199999,KULLU MANALI,31.877,77.154,12.0,,87.57
2023-05-28T02:00:00,42705199999,KULLU MANALI,31.877,77.154,12.0,,93.6
2023-05-28T02:30:00,42705199999,KULLU MANALI,31.877,77.154,15.0,,77.0
2023-05-28T03:00:00,42705199999,KULLU MANALI,31.877,77.154,17.0,,63.4
2023-05-28T03:30:00,42705199999,KULLU MANALI,31.877,77.154,18.0,,55.66
2023-05-28T04:00:00,42705199999,KULLU MANALI,31.877,77.154,19.0,,52.28
2023-05-28T05:00:00,42705199999,KULLU MANALI,31.877,77.154,23.0,,40.89
2023-05-28T06:00:00,42705199999,KULLU MANALI,31.877,77.154,25.0,,41.45
2023-05-29T00:30:00,42705199999,KULLU MANALI,31.877,77.154,14.0,,93.7
2023-05-29T01:00:00,42705199999,KULLU MANALI,31.877,77.154,15.0,,93.75
2023-05-29T02:00:00,42705199999,KULLU MANALI,31.877,77.154,17.0,,82.51
2023-05-29T03:00:00,42705199999,KULLU MANALI,31.877,77.154,21.0,,64.29
2023-05-29T04:00:00,42705199999,KULLU MANALI,31.877,77.154,23.0,,53.32
2023-05-29T05:00:00,42705199999,KULLU MANALI,31.877,77.154,26.0,,47.55
2023-05-29T06:00:00,42705199999,KULLU MANALI,31.877,77.154,28.0,,39.62
2023-05-30T00:30:00,42705199999,KULLU MANALI,31.877,77.154,15.0,,87.84
2023-05-30T01:00:00,42705199999,KULLU MANALI,31.877,77.154,15.0,,100.0
2023-05-30T02:00:00,42705199999,KULLU MANALI,31.877,77.154,15.0,,93.75
2023-05-30T02:30:00,42705199999,KULLU MANALI,31.877,77.154,16.0,,82.39
2023-05-30T03:00:00,42705199999,KULLU MANALI,31.877,77.154,15.0,,93.75
2023-05-30T04:00:00,42705199999,KULLU MANALI,31.877,77.154,16.0,,87.93
2023-05-30T05:00:00,42705199999,KULLU MANALI,31.877,77.154,18.0,,82.63
2023-05-30T06:00:00,42705199999,KULLU MANALI,31.877,77.154,20.0,,72.94
2023-05-31T00:30:00,42705199999,KULLU MANALI,31.877,77.154,15.0,,93.75
2023-05-31T01:00:00,42705199999,KULLU MANALI,31.877,77.154,15.0,,93.75
2023-05-31T02:00:00,42705199999,KULLU MANALI,31.877,77.154,17.0,,88.01
2023-05-31T02:30:00,42705199999,KULLU MANALI,31.877,77.154,17.0,,88.01
2023-05-31T03:00:00,42705199999,KULLU MANALI,31.877,77.154,17.0,,93.84
2023-05-31T03:30:00,42705199999,KULLU MANALI,31.877,77.154,19.0,,72.76
2023-05-31T04:00:00,42705199999,KULLU MANALI,31.877,77.154,19.0,,72.76
2023-05-31T04:30:00,42705199999,KULLU MANALI,31.877,77.154,19.0,,77.62
2023-05-31T05:00:00,42705199999,KULLU MANALI,31.877,77.154,17.0,,88.01
2023-05-31T06:00:00,42705199999,KULLU MANALI,31.877,77.154,17.0,,93.84
2023-06-01T00:30:00,42705199999,KULLU MANALI,31.877,77.154,14.0,,93.7
2023-06-01T01:00:00,42705199999,KULLU MANALI,31.877,77.154,15.0,,87.84
2023-06-01T01:58:00,42705199999,KULLU MANALI,31.877,77.154,16.0,,82.39
2023-06-01T02:00:00,42705199999,KULLU MANALI,31.877,77.154,16.0,,82.39
2023-06-01T02:01:00,42705199999,KULLU MANALI,31.877,77.154,16.0,,82.39
2023-06-01T02:30:00,42705199999,KULLU MANALI,31.877,77.154,16.0,,82.39
2023-06-01T03:00:00,42705199999,KULLU MANALI,31.877,77.154,18.0,,72.58
2023-06-01T03:30:00,42705199999,KULLU MANALI,31.877,77.154,18.0,,77.46
2023-06-01T04:00:00,42705199999,KULLU MANALI,31.877,77.154,19.0,,72.76
2023-06-01T05:00:00,42705199999,KULLU MANALI,31.877,77.154,23.0,,60.7
2023-06-02T00:30:00,42705199999,KULLU MANALI,31.877,77.154,14.0,,93.7
2023-06-02T01:00:00,42705199999,KULLU MANALI,31.877,77.154,14.0,,93.7
2023-06-02T01:30:00,42705199999,KULLU MANALI,31.877,77.154,14.0,,100.0
2023-06-02T02:00:00,42705199999,KULLU MANALI,31.877,77.154,15.0,,93.75
2023-06-02T02:30:00,42705199999,KULLU MANALI,31.877,77.154,15.0,,87.84
2023-06-02T03:00:00,42705199999,KULLU MANALI,31.877,77.154,15.0,,93.75
2023-06-02T03:30:00,42705199999,KULLU MANALI,31.877,77.154,15.0,,87.84
2023-06-02T04:00:00,42705199999,KULLU MANALI,31.877,77.154,16.0,,87.93
2023-06-02T05:00:00,42705199999,KULLU MANALI,31.877,77.154,16.0,,87.93
2023-06-02T06:00:00,42705199999,KULLU MANALI,31.877,77.154,17.0,,88.01
2023-06-03T00:30:00,42705199999,KULLU MANALI,31.877,77.154,12.0,,93.6
2023-06-03T01:00:00,42705199999,KULLU MANALI,31.877,77.154,12.0,,100.0
2023-06-03T02:00:00,42705199999,KULLU MANALI,31.877,77.154,13.0,,100.0
2023-06-03T02:30:00,42705199999,KULLU MANALI,31.877,77.154,15.0,,87.84
2023-06-03T03:00:00,42705199999,KULLU MANALI,31.877,77.154,18.0,,77.46
2023-06-03T04:00:00,42705199999,KULLU MANALI,31.877,77.154,20.0,,64.07
2023-06-03T05:00:00,42705199999,KULLU MANALI,31.877,77.154,24.0,,53.58
2023-06-03T06:00:00,42705199999,KULLU MANALI,31.877,77.154,25.0,,50.46
2023-06-04T00:30:00,42705199999,KULLU MANALI,31.877,77.154,14.0,,87.75
2023-06-04T01:00:00,42705199999,KULLU MANALI,31.877,77.154,13.0,,93.65
2023-06-04T02:00:00,42705199999,KULLU MANALI,31.877,77.154,15.0,,87.84
2023-06-04T02:30:00,42705199999,KULLU MANALI,31.877,77.154,17.0,,77.31
2023-06-04T03:00:00,42705199999,KULLU MANALI,31.877,77.154,18.0,,72.58
2023-06-04T04:00:00,42705199999,KULLU MANALI,31.877,77.154,21.0,,56.41
2023-06-04T04:53:00,42705199999,KULLU MANALI,31.877,77.154,24.0,,44.01
2023-06-04T06:00:00,42705199999,KULLU MANALI,31.877,77.154,25.0,,44.28
2023-06-04T07:00:00,42705199999,KULLU MANALI,31.877,77.154,27.0,,34.45
2023-06-05T00:30:00,42705199999,KULLU MANALI,31.877,77.154,13.0,,93.65
2023-06-05T01:00:00,42705199999,KULLU MANALI,31.877,77.154,14.0,,87.75
2023-06-05T01:30:00,42705199999,KULLU MANALI,31.877,77.154,14.0,,87.75
2023-06-05T02:00:00,42705199999,KULLU MANALI,31.877,77.154,15.0,,87.84
2023-06-05T03:00:00,42705199999,KULLU MANALI,31.877,77.154,18.0,,72.58
2023-06-05T04:00:00,42705199999,KULLU MANALI,31.877,77.154,22.0,,56.66
2023-06-05T05:00:00,42705199999,KULLU MANALI,31.877,77.154,22.0,,53.06
2023-06-06T00:30:00,42705199999,KULLU MANALI,31.877,77.154,13.0,,100.0
2023-06-06T01:00:00,42705199999,KULLU MANALI,31.877,77.154,14.0,,93.7
2023-06-06T02:00:00,42705199999,KULLU MANALI,31.877,77.154,15.0,,87.84
2023-06-06T02:30:00,42705199999,KULLU MANALI,31.877,77.154,15.0,,87.84
2023-06-06T03:00:00,42705199999,KULLU MANALI,31.877,77.154,15.0,,87.84
2023-06-06T04:00:00,42705199999,KULLU MANALI,31.877,77.154,19.0,,68.18
2023-06-06T05:00:00,42705199999,KULLU MANALI,31.877,77.154,21.0,,60.24
2023-06-06T06:00:00,42705199999,KULLU MANALI,31.877,77.154,24.0,,53.58
2023-06-06T07:00:00,42705199999,KULLU MANALI,31.877,77.154,26.0,,44.56
2023-06-07T00:30:00,42705199999,KULLU MANALI,31.877,77.154,13.0,,93.65
2023-06-07T01:00:00,42705199999,KULLU MANALI,31.877,77.154,14.0,,87.75
2023-06-07T01:30:00,42705199999,KULLU MANALI,31.877,77.154,14.0,,87.75
2023-06-07T02:00:00,42705199999,KULLU MANALI,31.877,77.154,15.0,,82.26
2023-06-07T02:30:00,42705199999,KULLU MANALI,31.877,77.154,16.0,,77.16
2023-06-07T03:00:00,42705199999,KULLU MANALI,31.877,77.154,17.0,,72.4
2023-06-07T03:30:00,42705199999,KULLU MANALI,31.877,77.154,18.0,,67.97
2023-06-07T04:00:00,42705199999,KULLU MANALI,31.877,77.154,20.0,,60.0
2023-06-07T05:00:00,42705199999,KULLU MANALI,31.877,77.154,23.0,,49.93
2023-06-07T06:00:00,42705199999,KULLU MANALI,31.877,77.154,24.0,,47.01
2023-06-08T00:30:00,42705199999,KULLU MANALI,31.877,77.154,12.0,,100.0
2023-06-08T01:00:00,42705199999,KULLU MANALI,31.877,77.154,12.0,,100.0
2023-06-08T02:00:00,42705199999,KULLU MANALI,31.877,77.154,14.0,,93.7
2023-06-08T02:30:00,42705199999,KULLU MANALI,31.877,77.154,16.0,,82.39
2023-06-08T03:00:00,42705199999,KULLU MANALI,31.877,77.154,17.0,,67.77
2023-06-08T03:30:00,42705199999,KULLU MANALI,31.877,77.154,19.0,,68.18
2023-06-08T04:00:00,42705199999,KULLU MANALI,31.877,77.154,20.0,,60.0
2023-06-08T05:00:00,42705199999,KULLU MANALI,31.877,77.154,22.0,,56.66
2023-06-08T06:00:00,42705199999,KULLU MANALI,31.877,77.154,25.0,,47.28
2023-06-09T00:30:00,42705199999,KULLU MANALI,31.877,77.154,13.0,,93.65
2023-06-09T01:00:00,42705199999,KULLU MANALI,31.877,77.154,13.0,,93.65
2023-06-09T01:30:00,42705199999,KULLU MANALI,31.877,77.154,13.0,,93.65
2023-06-09T02:00:00,42705199999,KULLU MANALI,31.877,77.154,15.0,,87.84
2023-06-09T03:00:00,42705199999,KULLU MANALI,31.877,77.154,18.0,,72.58
2023-06-09T03:30:00,42705199999,KULLU MANALI,31.877,77.154,20.0,,64.07
2023-06-09T04:00:00,42705199999,KULLU MANALI,31.877,77.154,23.0,,53.32
2023-06-09T05:00:00,42705199999,KULLU MANALI,31.877,77.154,24.0,,47.01
2023-06-09T06:02:00,42705199999,KULLU MANALI,31.877,77.154,26.0,,47.55
2023-06-09T08:00:00,42705199999,KULLU MANALI,31.877,77.154,31.0,,31.21
2023-06-10T00:30:00,42705199999,KULLU MANALI,31.877,77.154,16.0,,87.93
2023-06-10T01:00:00,42705199999,KULLU MANALI,31.877,77.154,17.0,,82.51
2023-06-10T01:30:00,42705199999,KULLU MANALI,31.877,77.154,18.0,,77.46
2023-06-10T02:00:00,42705199999,KULLU MANALI,31.877,77.154,19.0,,77.62
2023-06-10T02:30:00,42705199999,KULLU MANALI,31.877,77.154,21.0,,64.29
2023-06-10T03:00:00,42705199999,KULLU MANALI,31.877,77.154,22.0,,60.47
2023-06-10T04:00:00,42705199999,KULLU MANALI,31.877,77.154,25.0,,53.83
2023-06-10T05:00:00,42705199999,KULLU MANALI,31.877,77.154,25.0,,47.28
2023-06-10T06:00:00,42705199999,KULLU MANALI,31.877,77.154,28.0,,42.28
2023-06-11T00:30:00,42705199999,KULLU MANALI,31.877,77.154,18.0,,82.63
2023-06-11T01:00:00,42705199999,KULLU MANALI,31.877,77.154,18.0,,82.63
2023-06-11T01:30:00,42705199999,KULLU MANALI,31.877,77.154,18.0,,82.63
2023-06-11T02:00:00,42705199999,KULLU MANALI,31.877,77.154,19.0,,77.62
2023-06-11T02:30:00,42705199999,KULLU MANALI,31.877,77.154,20.0,,77.77
2023-06-11T03:00:00,42705199999,KULLU MANALI,31.877,77.154,21.0,,73.11
2023-06-11T04:00:00,42705199999,KULLU MANALI,31.877,77.154,21.0,,73.11
2023-06-11T05:00:00,42705199999,KULLU MANALI,31.877,77.154,23.0,,60.7
2023-06-11T06:00:00,42705199999,KULLU MANALI,31.877,77.154,24.0,,57.15
2023-06-12T00:30:00,42705199999,KULLU MANALI,31.877,77.154,16.0,,87.93
2023-06-12T01:00:00,42705199999,KULLU MANALI,31.877,77.154,16.0,,87.93
2023-06-12T01:30:00,42705199999,KULLU MANALI,31.877,77.154,16.0,,93.79
2023-06-12T02:00:00,42705199999,KULLU MANALI,31.877,77.154,18.0,,82.63
2023-06-12T02:30:00,42705199999,KULLU MANALI,31.877,77.154,19.0,,77.62
2023-06-12T03:00:00,42705199999,KULLU MANALI,31.877,77.154,22.0,,68.77
2023-06-12T03:30:00,42705199999,KULLU MANALI,31.877,77.154,22.0,,68.77
2023-06-12T04:00:00,42705199999,KULLU MANALI,31.877,77.154,24.0,,57.15
2023-06-12T04:30:00,42705199999,KULLU MANALI,31.877,77.154,24.0,,57.15
2023-06-12T05:00:00,42705199999,KULLU MANALI,31.877,77.154,27.0,,47.82
2023-06-13T00:30:00,42705199999,KULLU MANALI,31.877,77.154,19.0,,88.19
2023-06-13T01:00:00,42705199999,KULLU MANALI,31.877,77.154,19.0,,88.19
2023-06-13T01:30:00,42705199999,KULLU MANALI,31.877,77.154,20.0,,82.87
2023-06-13T02:00:00,42705199999,KULLU MANALI,31.877,77.154,21.0,,77.92
2023-06-13T03:00:00,42705199999,KULLU MANALI,31.877,77.154,24.0,,69.16
2023-06-13T04:00:00,42705199999,KULLU MANALI,31.877,77.154,26.0,,61.39
2023-06-13T05:00:00,42705199999,KULLU MANALI,31.877,77.154,28.0,,58.11
2023-06-13T06:00:00,42705199999,KULLU MANALI,31.877,77.154,31.0,,48.88
2023-06-13T10:30:00,42705199999,KULLU MANALI,31.877,77.154,25.0,,65.15
2023-06-13T11:00:00,42705199999,KULLU MANALI,31.877,77.154,25.0,,69.36
2023-06-13T11:02:00,42705199999,KULLU MANALI,31.877,77.154,25.0,,69.36
2023-06-13T11:30:00,42705199999,KULLU MANALI,31.877,77.154,24.0,,73.63
2023-06-13T12:00:00,42705199999,KULLU MANALI,31.877,77.154,24.0,,73.63
2023-06-13T12:30:00,42705199999,KULLU MANALI,31.877,77.154,23.0,,78.21
2023-06-14T00:30:00,42705199999,KULLU MANALI,31.877,77.154,16.0,,93.79
2023-06-14T01:00:00,42705199999,KULLU MANALI,31.877,77.154,16.0,,93.79
2023-06-14T02:00:00,42705199999,KULLU MANALI,31.877,77.154,18.0,,88.1
2023-06-14T02:30:00,42705199999,KULLU MANALI,31.877,77.154,20.0,,72.94
2023-06-14T03:00:00,42705199999,KULLU MANALI,31.877,77.154,21.0,,73.11
2023-06-14T03:30:00,42705199999,KULLU MANALI,31.877,77.154,23.0,,68.97
2023-06-14T04:00:00,42705199999,KULLU MANALI,31.877,77.154,24.0,,60.93
2023-06-14T05:00:00,42705199999,KULLU MANALI,31.877,77.154,24.0,,60.93
2023-06-14T06:00:00,42705199999,KULLU MANALI,31.877,77.154,25.0,,53.83
2023-06-14T07:00:00,42705199999,KULLU MANALI,31.877,77.154,28.0,,48.09
2023-06-14T08:00:00,42705199999,KULLU MANALI,31.877,77.154,29.0,,42.56
2023-06-14T09:00:00,42705199999,KULLU MANALI,31.877,77.154,31.0,,37.94
2023-06-15T00:30:00,42705199999,KULLU MANALI,31.877,77.154,18.0,,88.1
2023-06-15T01:00:00,42705199999,KULLU MANALI,31.877,77.154,17.0,,93.84
2023-06-15T01:30:00,42705199999,KULLU MANALI,31.877,77.154,17.0,,100.0
2023-06-15T03:00:00,42705199999,KULLU MANALI,31.877,77.154,18.0,,93.88
2023-06-15T03:01:00,42705199999,KULLU MANALI,31.877,77.154,18.0,,93.88
2023-06-15T03:02:00,42705199999,KULLU MANALI,31.877,77.154,18.0,,93.88
2023-06-15T04:00:00,42705199999,KULLU MANALI,31.877,77.154,18.0,,93.88
2023-06-15T05:00:00,42705199999,KULLU MANALI,31.877,77.154,19.0,,93.93
2023-06-15T06:00:00,42705199999,KULLU MANALI,31.877,77.154,21.0,,88.35
2023-06-16T00:30:00,42705199999,KULLU MANALI,31.877,77.154,15.0,,100.0
2023-06-16T01:00:00,42705199999,KULLU MANALI,31.877,77.154,16.0,,93.79
2023-06-16T01:30:00,42705199999,KULLU MANALI,31.877,77.154,16.0,,93.79
2023-06-16T02:00:00,42705199999,KULLU MANALI,31.877,77.154,17.0,,88.01
2023-06-16T02:30:00,42705199999,KULLU MANALI,31.877,77.154,18.0,,82.63
2023-06-16T03:00:00,42705199999,KULLU MANALI,31.877,77.154,19.0,,82.75
2023-06-16T03:30:00,42705199999,KULLU MANALI,31.877,77.154,21.0,,68.58
2023-06-16T04:00:00,42705199999,KULLU MANALI,31.877,77.154,20.0,,72.94
2023-06-16T04:30:00,42705199999,KULLU MANALI,31.877,77.154,20.0,,77.77
2023-06-16T05:00:00,42705199999,KULLU MANALI,31.877,77.154,22.0,,64.5
2023-06-16T06:00:00,42705199999,KULLU MANALI,31.877,77.154,25.0,,53.83
2023-06-17T00:30:00,42705199999,KULLU MANALI,31.877,77.154,15.0,,93.75
2023-06-17T01:00:00,42705199999,KULLU MANALI,31.877,77.154,15.0,,93.75
2023-06-17T01:30:00,42705199999,KULLU MANALI,31.877,77.154,16.0,,87.93
2023-06-17T02:00:00,42705199999,KULLU MANALI,31.877,77.154,19.0,,72.76
2023-06-17T02:30:00,42705199999,KULLU MANALI,31.877,77.154,20.0,,72.94
2023-06-17T03:00:00,42705199999,KULLU MANALI,31.877,77.154,22.0,,64.5
2023-06-17T04:00:00,42705199999,KULLU MANALI,31.877,77.154,24.0,,57.15
2023-06-17T05:00:00,42705199999,KULLU MANALI,31.877,77.154,26.0,,50.73
2023-06-17T06:00:00,42705199999,KULLU MANALI,31.877,77.154,28.0,,48.09
2023-06-18T00:30:00,42705199999,KULLU MANALI,31.877,77.154,18.0,,93.88
2023-06-18T01:00:00,42705199999,KULLU MANALI,31.877,77.154,18.0,,93.88
2023-06-18T01:30:00,42705199999,KULLU MANALI,31.877,77.154,18.0,,93.88
2023-06-18T03:00:00,42705199999,KULLU MANALI,31.877,77.154,23.0,,73.46
2023-06-18T03:30:00,42705199999,KULLU MANALI,31.877,77.154,25.0,,65.15
2023-06-18T04:00:00,42705199999,KULLU MANALI,31.877,77.154,25.0,,57.39
2023-06-18T04:58:00,42705199999,KULLU MANALI,31.877,77.154,27.0,,54.33
2023-06-19T00:30:00,42705199999,KULLU MANALI,31.877,77.154,18.0,,93.88
2023-06-19T01:00:00,42705199999,KULLU MANALI,31.877,77.154,19.0,,93.93
2023-06-19T01:30:00,42705199999,KULLU MANALI,31.877,77.154,20.0,,88.27
2023-06-19T02:00:00,42705199999,KULLU MANALI,31.877,77.154,22.0,,78.06
2023-06-19T02:30:00,42705199999,KULLU MANALI,31.877,77.154,23.0,,73.46
2023-06-19T03:00:00,42705199999,KULLU MANALI,31.877,77.154,24.0,,78.35
2023-06-19T03:30:00,42705199999,KULLU MANALI,31.877,77.154,24.0,,73.63
2023-06-19T04:00:00,42705199999,KULLU MANALI,31.877,77.154,22.0,,78.06
2023-06-19T04:30:00,42705199999,KULLU MANALI,31.877,77.154,25.0,,69.36
2023-06-19T05:00:00,42705199999,KULLU MANALI,31.877,77.154,27.0,,61.61
2023-06-19T05:30:00,42705199999,KULLU MANALI,31.877,77.154,28.0,,54.58
2023-06-19T06:00:00,42705199999,KULLU MANALI,31.877,77.154,30.0,,55.08
2023-06-20T00:30:00,42705199999,KULLU MANALI,31.877,77.154,20.0,,88.27
2023-06-20T01:00:00,42705199999,KULLU MANALI,31.877,77.154,20.0,,93.97
2023-06-20T01:30:00,42705199999,KULLU MANALI,31.877,77.154,20.0,,88.27
2023-06-20T02:00:00,42705199999,KULLU MANALI,31.877,77.154,21.0,,82.99
2023-06-20T02:30:00,42705199999,KULLU MANALI,31.877,77.154,23.0,,73.46
2023-06-20T03:00:00,42705199999,KULLU MANALI,31.877,77.154,25.0,,69.36
2023-06-20T04:00:00,42705199999,KULLU MANALI,31.877,77.154,27.0,,61.61
2023-06-20T05:00:00,42705199999,KULLU MANALI,31.877,77.154,29.0,,54.83
2023-06-20T06:00:00,42705199999,KULLU MANALI,31.877,77.154,32.0,,43.38
2023-06-21T00:30:00,42705199999,KULLU MANALI,31.877,77.154,20.0,,88.27
2023-06-21T01:00:00,42705199999,KULLU MANALI,31.877,77.154,22.0,,78.06
2023-06-21T01:30:00,42705199999,KULLU MANALI,31.877,77.154,22.0,,83.11
2023-06-21T02:00:00,42705199999,KULLU MANALI,31.877,77.154,22.0,,83.11
2023-06-21T02:30:00,42705199999,KULLU MANALI,31.877,77.154,24.0,,73.63
2023-06-21T02:57:00,42705199999,KULLU MANALI,31.877,77.154,26.0,,73.97
2023-06-21T03:30:00,42705199999,KULLU MANALI,31.877,77.154,27.0,,65.56
2023-06-21T04:00:00,42705199999,KULLU MANALI,31.877,77.154,27.0,,65.56
2023-06-21T05:00:00,42705199999,KULLU MANALI,31.877,77.154,29.0,,54.83
2023-06-21T06:00:00,42705199999,KULLU MANALI,31.877,77.154,31.0,,52.01
2023-06-22T00:30:00,42705199999,KULLU MANALI,31.877,77.154,22.0,,100.0
2023-06-22T01:00:00,42705199999,KULLU MANALI,31.877,77.154,23.0,,94.11
2023-06-22T01:30:00,42705199999,KULLU MANALI,31.877,77.154,23.0,,94.11
2023-06-22T02:00:00,42705199999,KULLU MANALI,31.877,77.154,24.0,,88.6
2023-06-22T02:30:00,42705199999,KULLU MANALI,31.877,77.154,24.0,,88.6
2023-06-22T03:01:00,42705199999,KULLU MANALI,31.877,77.154,26.0,,78.64
2023-06-22T03:30:00,42705199999,KULLU MANALI,31.877,77.154,27.0,,74.14
2023-06-22T04:00:00,42705199999,KULLU MANALI,31.877,77.154,28.0,,65.77
2023-06-22T04:30:00,42705199999,KULLU MANALI,31.877,77.154,28.0,,65.77
2023-06-22T05:00:00,42705199999,KULLU MANALI,31.877,77.154,28.0,,69.92
2023-06-22T06:00:00,42705199999,KULLU MANALI,31.877,77.154,33.0,,52.52
2023-06-22T07:00:00,42705199999,KULLU MANALI,31.877,77.154,31.0,,52.01
2023-06-22T08:00:00,42705199999,KULLU MANALI,31.877,77.154,31.0,,55.32
2023-06-22T09:00:00,42705199999,KULLU MANALI,31.877,77.154,34.0,,49.66
2023-06-23T00:30:00,42705199999,KULLU MANALI,31.877,77.154,23.0,,88.52
2023-06-23T01:00:00,42705199999,KULLU MANALI,31.877,77.154,24.0,,83.34
2023-06-23T01:30:00,42705199999,KULLU MANALI,31.877,77.154,25.0,,78.5
2023-06-23T02:00:00,42705199999,KULLU MANALI,31.877,77.154,24.0,,83.34
2023-06-23T02:30:00,42705199999,KULLU MANALI,31.877,77.154,25.0,,83.45
2023-06-23T03:00:00,42705199999,KULLU MANALI,31.877,77.154,28.0,,74.3
2023-06-23T04:00:00,42705199999,KULLU MANALI,31.877,77.154,28.0,,69.92
2023-06-23T04:30:00,42705199999,KULLU MANALI,31.877,77.154,28.0,,69.92
2023-06-23T05:30:00,42705199999,KULLU MANALI,31.877,77.154,29.0,,65.98
2023-06-23T06:00:00,42705199999,KULLU MANALI,31.877,77.154,30.0,,62.28
2023-06-24T00:30:00,42705199999,KULLU MANALI,31.877,77.154,24.0,,88.6
2023-06-24T01:00:00,42705199999,KULLU MANALI,31.877,77.154,22.0,,94.06
2023-06-24T01:30:00,42705199999,KULLU MANALI,31.877,77.154,22.0,,94.06
2023-06-24T02:00:00,42705199999,KULLU MANALI,31.877,77.154,23.0,,88.52
2023-06-24T02:30:00,42705199999,KULLU MANALI,31.877,77.154,24.0,,83.34
2023-06-24T03:00:00,42705199999,KULLU MANALI,31.877,77.154,24.0,,88.6
2023-06-24T04:00:00,42705199999,KULLU MANALI,31.877,77.154,25.0,,83.45
2023-06-24T05:00:00,42705199999,KULLU MANALI,31.877,77.154,26.0,,78.64
2023-06-24T06:00:00,42705199999,KULLU MANALI,31.877,77.154,28.0,,65.77
2023-06-26T00:30:00,42705199999,KULLU MANALI,31.877,77.154,19.0,,93.93
2023-06-26T01:00:00,42705199999,KULLU MANALI,31.877,77.154,20.0,,93.97
2023-06-26T01:30:00,42705199999,KULLU MANALI,31.877,77.154,21.0,,94.02
2023-06-26T02:00:00,42705199999,KULLU MANALI,31.877,77.154,20.0,,93.97
2023-06-26T02:30:00,42705199999,KULLU MANALI,31.877,77.154,20.0,,93.97
2023-06-26T03:00:00,42705199999,KULLU MANALI,31.877,77.154,21.0,,94.02
2023-06-26T04:00:00,42705199999,KULLU MANALI,31.877,77.154,21.0,,94.02
2023-06-26T06:00:00,42705199999,KULLU MANALI,31.877,77.154,22.0,,88.44
2023-06-27T00:30:00,42705199999,KULLU MANALI,31.877,77.154,19.0,,100.0
2023-06-27T01:00:00,42705199999,KULLU MANALI,31.877,77.154,20.0,,93.97
2023-06-27T01:30:00,42705199999,KULLU MANALI,31.877,77.154,19.0,,100.0
2023-06-27T02:00:00,42705199999,KULLU MANALI,31.877,77.154,20.0,,93.97
2023-06-27T02:30:00,42705199999,KULLU MANALI,31.877,77.154,20.0,,93.97
2023-06-27T03:00:00,42705199999,KULLU MANALI,31.877,77.154,21.0,,94.02
2023-06-27T03:30:00,42705199999,KULLU MANALI,31.877,77.154,22.0,,83.11
2023-06-27T04:00:00,42705199999,KULLU MANALI,31.877,77.154,22.0,,83.11
2023-06-27T05:00:00,42705199999,KULLU MANALI,31.877,77.154,23.0,,83.22
2023-06-28T00:30:00,42705199999,KULLU MANALI,31.877,77.154,22.0,,78.06
2023-06-28T01:00:00,42705199999,KULLU MANALI,31.877,77.154,22.0,,78.06
2023-06-28T01:30:00,42705199999,KULLU MANALI,31.877,77.154,19.0,,88.19
2023-06-28T02:00:00,42705199999,KULLU MANALI,31.877,77.154,21.0,,82.99
2023-06-28T02:30:00,42705199999,KULLU MANALI,31.877,77.154,24.0,,69.16
2023-06-28T03:00:00,42705199999,KULLU MANALI,31.877,77.154,24.0,,69.16
2023-06-28T03:30:00,42705199999,KULLU MANALI,31.877,77.154,25.0,,65.15
2023-06-28T04:00:00,42705199999,KULLU MANALI,31.877,77.154,26.0,,61.39
2023-06-28T05:00:00,42705199999,KULLU MANALI,31.877,77.154,28.0,,61.84
2023-06-28T06:00:00,42705199999,KULLU MANALI,31.877,77.154,30.0,,51.76
2023-06-29T00:30:00,42705199999,KULLU MANALI,31.877,77.154,20.0,,93.97
2023-06-29T01:00:00,42705199999,KULLU MANALI,31.877,77.154,20.0,,93.97
2023-06-29T01:30:00,42705199999,KULLU MANALI,31.877,77.154,20.0,,93.97
2023-06-29T02:00:00,42705199999,KULLU MANALI,31.877,77.154,21.0,,88.35
2023-06-29T02:30:00,42705199999,KULLU MANALI,31.877,77.154,23.0,,83.22
2023-06-29T03:00:00,42705199999,KULLU MANALI,31.877,77.154,24.0,,78.35
2023-06-29T04:00:00,42705199999,KULLU MANALI,31.877,77.154,26.0,,69.55
2023-06-29T05:00:00,42705199999,KULLU MANALI,31.877,77.154,28.0,,58.11
2023-06-29T06:00:00,42705199999,KULLU MANALI,31.877,77.154,33.0,,46.44
2023-06-30T00:30:00,42705199999,KULLU MANALI,31.877,77.154,21.0,,82.99
2023-06-30T01:00:00,42705199999,KULLU MANALI,31.877,77.154,20.0,,88.27
2023-06-30T01:30:00,42705199999,KULLU MANALI,31.877,77.154,21.0,,88.35
2023-06-30T02:00:00,42705199999,KULLU MANALI,31.877,77.154,22.0,,83.11
2023-06-30T02:30:00,42705199999,KULLU MANALI,31.877,77.154,22.0,,83.11
2023-06-30T03:00:00,42705199999,KULLU MANALI,31.877,77.154,24.0,,78.35
2023-06-30T04:00:00,42705199999,KULLU MANALI,31.877,77.154,24.0,,78.35
2023-06-30T05:00:00,42705199999,KULLU MANALI,31.877,77.154,26.0,,65.36
2023-06-30T06:00:00,42705199999,KULLU MANALI,31.877,77.154,28.0,,58.11
2023-07-01T00:30:00,42705199999,KULLU MANALI,31.877,77.154,19.0,,93.93
2023-07-01T01:00:00,42705199999,KULLU MANALI,31.877,77.154,20.0,,93.97
2023-07-01T01:30:00,42705199999,KULLU MANALI,31.877,77.154,21.0,,88.35
2023-07-01T02:00:00,42705199999,KULLU MANALI,31.877,77.154,22.0,,83.11
2023-07-01T02:30:00,42705199999,KULLU MANALI,31.877,77.154,22.0,,78.06
2023-07-01T03:00:00,42705199999,KULLU MANALI,31.877,77.154,23.0,,83.22
2023-07-01T03:30:00,42705199999,KULLU MANALI,31.877,77.154,26.0,,65.36
2023-07-01T04:00:00,42705199999,KULLU MANALI,31.877,77.154,26.0,,65.36
2023-07-01T04:30:00,42705199999,KULLU MANALI,31.877,77.154,26.0,,69.55
2023-07-01T05:00:00,42705199999,KULLU MANALI,31.877,77.154,27.0,,61.61
2023-07-01T06:00:00,42705199999,KULLU MANALI,31.877,77.154,29.0,,48.35
2023-07-01T06:30:00,42705199999,KULLU MANALI,31.877,77.154,29.0,,48.35
2023-07-02T00:30:00,42705199999,KULLU MANALI,31.877,77.154,21.0,,88.35
2023-07-02T01:00:00,42705199999,KULLU MANALI,31.877,77.154,21.0,,88.35
2023-07-02T01:30:00,42705199999,KULLU MANALI,31.877,77.154,21.0,,88.35
2023-07-02T02:00:00,42705199999,KULLU MANALI,31.877,77.154,22.0,,83.11
2023-07-02T02:26:00,42705199999,KULLU MANALI,31.877,77.154,23.0,,78.21
2023-07-02T03:00:00,42705199999,KULLU MANALI,31.877,77.154,24.0,,83.34
2023-07-02T03:30:00,42705199999,KULLU MANALI,31.877,77.154,26.0,,69.55
2023-07-02T04:00:00,42705199999,KULLU MANALI,31.877,77.154,26.0,,65.36
2023-07-02T04:30:00,42705199999,KULLU MANALI,31.877,77.154,27.0,,61.61
2023-07-02T05:00:00,42705199999,KULLU MANALI,31.877,77.154,28.0,,58.11
2023-07-02T06:00:00,42705199999,KULLU MANALI,31.877,77.154,32.0,,46.18
2023-07-03T00:30:00,42705199999,KULLU MANALI,31.877,77.154,20.0,,93.97
2023-07-03T01:00:00,42705199999,KULLU MANALI,31.877,77.154,21.0,,82.99
2023-07-03T01:30:00,42705199999,KULLU MANALI,31.877,77.154,21.0,,82.99
2023-07-03T02:00:00,42705199999,KULLU MANALI,31.877,77.154,22.0,,78.06
2023-07-03T02:30:00,42705199999,KULLU MANALI,31.877,77.154,24.0,,73.63
2023-07-03T03:00:00,42705199999,KULLU MANALI,31.877,77.154,26.0,,69.55
2023-07-03T03:30:00,42705199999,KULLU MANALI,31.877,77.154,26.0,,65.36
2023-07-03T04:00:00,42705199999,KULLU MANALI,31.877,77.154,26.0,,65.36
2023-07-03T04:30:00,42705199999,KULLU MANALI,31.877,77.154,27.0,,65.56
2023-07-03T05:00:00,42705199999,KULLU MANALI,31.877,77.154,28.0,,61.84
2023-07-03T06:00:00,42705199999,KULLU MANALI,31.877,77.154,33.0,,46.44
2023-07-03T07:00:00,42705199999,KULLU MANALI,31.877,77.154,31.0,,52.01
2023-07-04T00:30:00,42705199999,KULLU MANALI,31.877,77.154,22.0,,94.06
2023-07-04T01:00:00,42705199999,KULLU MANALI,31.877,77.154,22.0,,88.44
2023-07-04T01:30:00,42705199999,KULLU MANALI,31.877,77.154,23.0,,83.22
2023-07-04T02:00:00,42705199999,KULLU MANALI,31.877,77.154,23.0,,78.21
2023-07-04T02:30:00,42705199999,KULLU MANALI,31.877,77.154,23.0,,83.22
2023-07-04T03:00:00,42705199999,KULLU MANALI,31.877,77.154,23.0,,83.22
2023-07-04T03:30:00,42705199999,KULLU MANALI,31.877,77.154,26.0,,73.97
2023-07-04T04:00:00,42705199999,KULLU MANALI,31.877,77.154,26.0,,69.55
2023-07-04T05:00:00,42705199999,KULLU MANALI,31.877,77.154,28.0,,65.77
2023-07-04T06:00:00,42705199999,KULLU MANALI,31.877,77.154,29.0,,62.06
2023-07-05T00:30:00,42705199999,KULLU MANALI,31.877,77.154,18.0,,100.0
2023-07-05T00:58:00,42705199999,KULLU MANALI,31.877,77.154,19.0,,93.93
2023-07-05T01:30:00,42705199999,KULLU MANALI,31.877,77.154,19.0,,93.93
2023-07-05T02:00:00,42705199999,KULLU MANALI,31.877,77.154,19.0,,93.93
2023-07-05T02:30:00,42705199999,KULLU MANALI,31.877,77.154,22.0,,78.06
2023-07-05T03:00:00,42705199999,KULLU MANALI,31.877,77.154,22.0,,83.11
2023-07-05T03:30:00,42705199999,KULLU MANALI,31.877,77.154,22.0,,78.06
2023-07-05T04:00:00,42705199999,KULLU MANALI,31.877,77.154,21.0,,82.99
2023-07-05T05:00:00,42705199999,KULLU MANALI,31.877,77.154,21.0,,82.99
2023-07-06T00:30:00,42705199999,KULLU MANALI,31.877,77.154,18.0,,93.88
2023-07-06T01:00:00,42705199999,KULLU MANALI,31.877,77.154,18.0,,93.88
2023-07-06T01:30:00,42705199999,KULLU MANALI,31.877,77.154,18.0,,100.0
2023-07-06T02:00:00,42705199999,KULLU MANALI,31.877,77.154,19.0,,93.93
2023-07-06T02:30:00,42705199999,KULLU MANALI,31.877,77.154,20.0,,88.27
2023-07-06T03:00:00,42705199999,KULLU MANALI,31.877,77.154,22.0,,78.06
2023-07-06T04:00:00,42705199999,KULLU MANALI,31.877,77.154,25.0,,65.15
2023-07-06T05:01:00,42705199999,KULLU MANALI,31.877,77.154,26.0,,61.39
2023-07-06T06:00:00,42705199999,KULLU MANALI,31.877,77.154,29.0,,54.83
2023-07-07T00:30:00,42705199999,KULLU MANALI,31.877,77.154,18.0,,100.0
2023-07-07T01:00:00,42705199999,KULLU MANALI,31.877,77.154,18.0,,93.88
2023-07-07T01:30:00,42705199999,KULLU MANALI,31.877,77.154,19.0,,93.93
2023-07-07T02:00:00,42705199999,KULLU MANALI,31.877,77.154,20.0,,88.27
2023-07-07T02:30:00,42705199999,KULLU MANALI,31.877,77.154,20.0,,93.97
2023-07-07T03:00:00,42705199999,KULLU MANALI,31.877,77.154,21.0,,94.02
2023-07-07T03:30:00,42705199999,KULLU MANALI,31.877,77.154,21.0,,82.99
2023-07-07T04:00:00,42705199999,KULLU MANALI,31.877,77.154,22.0,,78.06
2023-07-07T05:00:00,42705199999,KULLU MANALI,31.877,77.154,24.0,,73.63
2023-07-07T06:00:00,42705199999,KULLU MANALI,31.877,77.154,25.0,,69.36
2023-07-08T00:30:00,42705199999,KULLU MANALI,31.877,77.154,20.0,,100.0
2023-07-08T01:00:00,42705199999,KULLU MANALI,31.877,77.154,21.0,,100.0
2023-07-08T01:30:00,42705199999,KULLU MANALI,31.877,77.154,21.0,,94.02
2023-07-08T02:00:00,42705199999,KULLU MANALI,31.877,77.154,21.0,,94.02
2023-07-08T02:30:00,42705199999,KULLU MANALI,31.877,77.154,21.0,,94.02
2023-07-08T03:00:00,42705199999,KULLU MANALI,31.877,77.154,22.0,,100.0
2023-07-08T03:30:00,42705199999,KULLU MANALI,31.877,77.154,21.0,,94.02
2023-07-08T04:00:00,42705199999,KULLU MANALI,31.877,77.154,21.0,,94.02
2023-07-08T04:30:00,42705199999,KULLU MANALI,31.877,77.154,21.0,,94.02
2023-07-08T05:00:00,42705199999,KULLU MANALI,31.877,77.154,21.0,,94.02
2023-07-08T06:00:00,42705199999,KULLU MANALI,31.877,77.154,21.0,,100.0
2023-07-09T00:30:00,42705199999,KULLU MANALI,31.877,77.154,18.0,,93.88
2023-07-09T01:00:00,42705199999,KULLU MANALI,31.877,77.154,19.0,,88.19
2023-07-09T01:30:00,42705199999,KULLU MANALI,31.877,77.154,18.0,,93.88
2023-07-09T02:00:00,42705199999,KULLU MANALI,31.877,77.154,18.0,,88.1
2023-07-09T03:00:00,42705199999,KULLU MANALI,31.877,77.154,17.0,,100.0
2023-07-09T04:00:00,42705199999,KULLU MANALI,31.877,77.154,17.0,,93.84
2023-07-09T05:00:00,42705199999,KULLU MANALI,31.877,77.154,17.0,,100.0
2023-07-09T06:00:00,42705199999,KULLU MANALI,31.877,77.154,17.0,,100.0
2023-07-10T03:00:00,42705199999,KULLU MANALI,31.877,77.154,17.0,,100.0
2023-07-10T04:30:00,42705199999,KULLU MANALI,31.877,77.154,17.0,,100.0
2023-07-10T05:00:00,42705199999,KULLU MANALI,31.877,77.154,18.0,,100.0
2023-07-10T06:00:00,42705199999,KULLU MANALI,31.877,77.154,19.0,,100.0
2023-07-10T06:30:00,42705199999,KULLU MANALI,31.877,77.154,19.0,,100.0
2023-07-10T07:00:00,42705199999,KULLU MANALI,31.877,77.154,19.0,,100.0
2023-07-10T08:00:00,42705199999,KULLU MANALI,31.877,77.154,19.0,,100.0
2023-07-10T09:00:00,42705199999,KULLU MANALI,31.877,77.154,19.0,,100.0
2023-07-10T10:00:00,42705199999,KULLU MANALI,31.877,77.154,19.0,,100.0
2023-07-10T11:00:00,42705199999,KULLU MANALI,31.877,77.154,19.0,,100.0
2023-07-11T01:00:00,42705199999,KULLU MANALI,31.877,77.154,18.0,,93.88
2023-07-11T01:30:00,42705199999,KULLU MANALI,31.877,77.154,18.0,,100.0
2023-07-11T02:00:00,42705199999,KULLU MANALI,31.877,77.154,17.0,,100.0
2023-07-11T02:30:00,42705199999,KULLU MANALI,31.877,77.154,17.0,,100.0
2023-07-11T03:00:00,42705199999,KULLU MANALI,31.877,77.154,16.0,,93.79
2023-07-11T03:30:00,42705199999,KULLU MANALI,31.877,77.154,16.0,,100.0
2023-07-11T04:00:00,42705199999,KULLU MANALI,31.877,77.154,17.0,,100.0
2023-07-11T04:30:00,42705199999,KULLU MANALI,31.877,77.154,17.0,,100.0
2023-07-11T05:00:00,42705199999,KULLU MANALI,31.877,77.154,17.0,,100.0
2023-07-11T06:00:00,42705199999,KULLU MANALI,31.877,77.154,19.0,,93.93
2023-07-11T06:30:00,42705199999,KULLU MANALI,31.877,77.154,19.0,,100.0
2023-07-11T07:00:00,42705199999,KULLU MANALI,31.877,77.154,19.0,,100.0
2023-07-11T08:00:00,42705199999,KULLU MANALI,31.877,77.154,19.0,,100.0
2023-07-11T09:00:00,42705199999,KULLU MANALI,31.877,77.154,23.0,,83.22
2023-07-11T10:00:00,42705199999,KULLU MANALI,31.877,77.154,23.0,,83.22
2023-07-11T11:00:00,42705199999,KULLU MANALI,31.877,77.154,26.0,,73.97
2023-07-11T11:04:00,42705199999,KULLU MANALI,31.877,77.154,26.0,,73.97
2023-07-11T12:00:00,42705199999,KULLU MANALI,31.877,77.154,26.0,,69.55
2023-07-11T13:04:00,42705199999,KULLU MANALI,31.877,77.154,26.0,,69.55
2023-07-12T00:30:00,42705199999,KULLU MANALI,31.877,77.154,17.0,,100.0
2023-07-12T01:00:00,42705199999,KULLU MANALI,31.877,77.154,17.0,,100.0
2023-07-12T01:25:00,42705199999,KULLU MANALI,31.877,77.154,17.0,,100.0
2023-07-12T01:30:00,42705199999,KULLU MANALI,31.877,77.154,17.0,,100.0
2023-07-12T02:00:00,42705199999,KULLU MANALI,31.877,77.154,17.0,,100.0
2023-07-12T02:30:00,42705199999,KULLU MANALI,31.877,77.154,21.0,,82.99
2023-07-12T03:00:00,42705199999,KULLU MANALI,31.877,77.154,23.0,,78.21
2023-07-12T03:30:00,42705199999,KULLU MANALI,31.877,77.154,24.0,,78.35
2023-07-12T04:00:00,42705199999,KULLU MANALI,31.877,77.154,23.0,,78.21
2023-07-12T04:30:00,42705199999,KULLU MANALI,31.877,77.154,23.0,,78.21
2023-07-12T05:00:00,42705199999,KULLU MANALI,31.877,77.154,24.0,,73.63
2023-07-12T06:00:00,42705199999,KULLU MANALI,31.877,77.154,27.0,,65.56
2023-07-12T07:00:00,42705199999,KULLU MANALI,31.877,77.154,27.0,,65.56
2023-07-12T08:00:00,42705199999,KULLU MANALI,31.877,77.154,31.0,,58.81
2023-07-12T09:00:00,42705199999,KULLU MANALI,31.877,77.154,32.0,,55.56
2023-07-12T10:00:00,42705199999,KULLU MANALI,31.877,77.154,32.0,,52.27
2023-07-12T11:00:00,42705199999,KULLU MANALI,31.877,77.154,29.0,,62.06
2023-07-12T12:00:00,42705199999,KULLU MANALI,31.877,77.154,28.0,,61.84
2023-07-12T13:00:00,42705199999,KULLU MANALI,31.877,77.154,27.0,,69.74
2023-07-13T00:30:00,42705199999,KULLU MANALI,31.877,77.154,19.0,,100.0
2023-07-13T01:00:00,42705199999,KULLU MANALI,31.877,77.154,19.0,,100.0
2023-07-13T01:30:00,42705199999,KULLU MANALI,31.877,77.154,19.0,,100.0
2023-07-13T01:34:00,42705199999,KULLU MANALI,31.877,77.154,19.0,,100.0
2023-07-13T02:00:00,42705199999,KULLU MANALI,31.877,77.154,20.0,,100.0
2023-07-13T02:30:00,42705199999,KULLU MANALI,31.877,77.154,20.0,,100.0
2023-07-13T03:00:00,42705199999,KULLU MANALI,31.877,77.154,21.0,,88.35
2023-07-13T03:30:00,42705199999,KULLU MANALI,31.877,77.154,22.0,,88.44
2023-07-13T04:00:00,42705199999,KULLU MANALI,31.877,77.154,23.0,,83.22
2023-07-13T04:59:00,42705199999,KULLU MANALI,31.877,77.154,25.0,,69.36
2023-07-13T05:00:00,42705199999,KULLU MANALI,31.877,77.154,25.0,,69.36
2023-07-13T06:00:00,42705199999,KULLU MANALI,31.877,77.154,26.0,,69.55
2023-07-13T07:00:00,42705199999,KULLU MANALI,31.877,77.154,28.0,,65.77
2023-07-13T08:00:00,42705199999,KULLU MANALI,31.877,77.154,29.0,,65.98
2023-07-13T09:00:00,42705199999,KULLU MANALI,31.877,77.154,30.0,,58.58
2023-07-13T10:00:00,42705199999,KULLU MANALI,31.877,77.154,32.0,,49.14
2023-07-13T12:00:00,42705199999,KULLU MANALI,31.877,77.154,31.0,,55.32
2023-07-13T13:00:00,42705199999,KULLU MANALI,31.877,77.154,29.0,,58.35
2023-07-14T00:30:00,42705199999,KULLU MANALI,31.877,77.154,21.0,,100.0
2023-07-14T01:00:00,42705199999,KULLU MANALI,31.877,77.154,21.0,,100.0
2023-07-14T01:30:00,42705199999,KULLU MANALI,31.877,77.154,21.0,,100.0
2023-07-14T02:00:00,42705199999,KULLU MANALI,31.877,77.154,22.0,,88.44
2023-07-14T02:30:00,42705199999,KULLU MANALI,31.877,77.154,22.0,,88.44
2023-07-14T03:00:00,42705199999,KULLU MANALI,31.877,77.154,24.0,,83.34
2023-07-14T03:30:00,42705199999,KULLU MANALI,31.877,77.154,25.0,,78.5
2023-07-14T04:00:00,42705199999,KULLU MANALI,31.877,77.154,29.0,,62.06
2023-07-14T04:30:00,42705199999,KULLU MANALI,31.877,77.154,30.0,,58.58
2023-07-14T05:00:00,42705199999,KULLU MANALI,31.877,77.154,31.0,,55.32
2023-07-14T05:30:00,42705199999,KULLU MANALI,31.877,77.154,32.0,,55.56
2023-07-14T06:00:00,42705199999,KULLU MANALI,31.877,77.154,32.0,,52.27
2023-07-14T06:30:00,42705199999,KULLU MANALI,31.877,77.154,32.0,,52.27
2023-07-14T07:00:00,42705199999,KULLU MANALI,31.877,77.154,34.0,,43.91
2023-07-14T08:00:00,42705199999,KULLU MANALI,31.877,77.154,33.0,,46.44
2023-07-14T09:00:00,42705199999,KULLU MANALI,31.877,77.154,32.0,,52.27
2023-07-14T10:00:00,42705199999,KULLU MANALI,31.877,77.154,31.0,,55.32
2023-07-14T11:00:00,42705199999,KULLU MANALI,31.877,77.154,31.0,,52.01
2023-07-15T00:30:00,42705199999,KULLU MANALI,31.877,77.154,22.0,,94.06
2023-07-15T01:00:00,42705199999,KULLU MANALI,31.877,77.154,22.0,,94.06
2023-07-15T01:30:00,42705199999,KULLU MANALI,31.877,77.154,22.0,,94.06
2023-07-15T02:00:00,42705199999,KULLU MANALI,31.877,77.154,23.0,,94.11
2023-07-15T02:30:00,42705199999,KULLU MANALI,31.877,77.154,23.0,,94.11
2023-07-15T03:00:00,42705199999,KULLU MANALI,31.877,77.154,23.0,,94.11
2023-07-15T03:30:00,42705199999,KULLU MANALI,31.877,77.154,23.0,,94.11
2023-07-15T04:00:00,42705199999,KULLU MANALI,31.877,77.154,25.0,,78.5
2023-07-15T04:30:00,42705199999,KULLU MANALI,31.877,77.154,26.0,,73.97
2023-07-15T05:00:00,42705199999,KULLU MANALI,31.877,77.154,27.0,,65.56
2023-07-15T05:30:00,42705199999,KULLU MANALI,31.877,77.154,28.0,,61.84
2023-07-15T06:00:00,42705199999,KULLU MANALI,31.877,77.154,30.0,,55.08
2023-07-15T07:00:00,42705199999,KULLU MANALI,31.877,77.154,31.0,,55.32
2023-07-15T08:00:00,42705199999,KULLU MANALI,31.877,77.154,33.0,,52.52
2023-07-15T09:00:00,42705199999,KULLU MANALI,31.877,77.154,33.0,,49.4
2023-07-16T00:30:00,42705199999,KULLU MANALI,31.877,77.154,21.0,,100.0
2023-07-16T01:00:00,42705199999,KULLU MANALI,31.877,77.154,21.0,,100.0
2023-07-16T01:30:00,42705199999,KULLU MANALI,31.877,77.154,21.0,,100.0
2023-07-16T02:00:00,42705199999,KULLU MANALI,31.877,77.154,20.0,,100.0
2023-07-16T02:30:00,42705199999,KULLU MANALI,31.877,77.154,20.0,,100.0
2023-07-16T03:00:00,42705199999,KULLU MANALI,31.877,77.154,23.0,,94.11
2023-07-16T04:00:00,42705199999,KULLU MANALI,31.877,77.154,24.0,,94.15
2023-07-16T04:30:00,42705199999,KULLU MANALI,31.877,77.154,25.0,,88.68
2023-07-16T05:00:00,42705199999,KULLU MANALI,31.877,77.154,24.0,,88.6
2023-07-16T05:30:00,42705199999,KULLU MANALI,31.877,77.154,23.0,,94.11
2023-07-16T06:00:00,42705199999,KULLU MANALI,31.877,77.154,24.0,,88.6
2023-07-16T06:30:00,42705199999,KULLU MANALI,31.877,77.154,24.0,,88.6
2023-07-16T07:00:00,42705199999,KULLU MANALI,31.877,77.154,25.0,,88.68
2023-07-16T07:30:00,42705199999,KULLU MANALI,31.877,77.154,26.0,,78.64
2023-07-16T08:00:00,42705199999,KULLU MANALI,31.877,77.154,28.0,,69.92
2023-07-16T08:30:00,42705199999,KULLU MANALI,31.877,77.154,28.0,,69.92
2023-07-16T09:00:00,42705199999,KULLU MANALI,31.877,77.154,28.0,,69.92
2023-07-16T09:30:00,42705199999,KULLU MANALI,31.877,77.154,28.0,,69.92
2023-07-16T10:00:00,42705199999,KULLU MANALI,31.877,77.154,27.0,,74.14
2023-07-17T00:30:00,42705199999,KULLU MANALI,31.877,77.154,20.0,,100.0
2023-07-17T01:00:00,42705199999,KULLU MANALI,31.877,77.154,20.0,,100.0
2023-07-17T01:30:00,42705199999,KULLU MANALI,31.877,77.154,20.0,,100.0
2023-07-17T02:00:00,42705199999,KULLU MANALI,31.877,77.154,21.0,,94.02
2023-07-17T02:30:00,42705199999,KULLU MANALI,31.877,77.154,22.0,,94.06
2023-07-17T03:00:00,42705199999,KULLU MANALI,31.877,77.154,22.0,,94.06
2023-07-17T03:30:00,42705199999,KULLU MANALI,31.877,77.154,23.0,,88.52
2023-07-17T04:00:00,42705199999,KULLU MANALI,31.877,77.154,23.0,,94.11
2023-07-17T04:30:00,42705199999,KULLU MANALI,31.877,77.154,24.0,,88.6
2023-07-17T05:00:00,42705199999,KULLU MANALI,31.877,77.154,25.0,,83.45
2023-07-17T05:30:00,42705199999,KULLU MANALI,31.877,77.154,27.0,,74.14
2023-07-17T06:00:00,42705199999,KULLU MANALI,31.877,77.154,29.0,,62.06
2023-07-17T07:00:00,42705199999,KULLU MANALI,31.877,77.154,30.0,,62.28
2023-07-17T08:00:00,42705199999,KULLU MANALI,31.877,77.154,32.0,,55.56
2023-07-17T09:00:00,42705199999,KULLU MANALI,31.877,77.154,33.0,,52.52
2023-07-17T10:00:00,42705199999,KULLU MANALI,31.877,77.154,32.0,,55.56
2023-07-17T11:00:00,42705199999,KULLU MANALI,31.877,77.154,29.0,,62.06
2023-07-18T00:30:00,42705199999,KULLU MANALI,31.877,77.154,21.0,,100.0
2023-07-18T01:00:00,42705199999,KULLU MANALI,31.877,77.154,21.0,,100.0
2023-07-18T01:30:00,42705199999,KULLU MANALI,31.877,77.154,21.0,,100.0
2023-07-18T02:00:00,42705199999,KULLU MANALI,31.877,77.154,22.0,,94.06
2023-07-18T02:30:00,42705199999,KULLU MANALI,31.877,77.154,22.0,,94.06
2023-07-18T03:00:00,42705199999,KULLU MANALI,31.877,77.154,23.0,,94.11
2023-07-18T03:30:00,42705199999,KULLU MANALI,31.877,77.154,23.0,,94.11
2023-07-18T04:30:00,42705199999,KULLU MANALI,31.877,77.154,25.0,,88.68
2023-07-18T05:00:00,42705199999,KULLU MANALI,31.877,77.154,25.0,,83.45
2023-07-18T06:00:00,42705199999,KULLU MANALI,31.877,77.154,28.0,,69.92
2023-07-18T07:00:00,42705199999,KULLU MANALI,31.877,77.154,31.0,,62.5
2023-07-18T08:00:00,42705199999,KULLU MANALI,31.877,77.154,32.0,,52.27
2023-07-18T09:00:00,42705199999,KULLU MANALI,31.877,77.154,31.0,,55.32
2023-07-18T10:00:00,42705199999,KULLU MANALI,31.877,77.154,31.0,,55.32
2023-07-18T11:00:00,42705199999,KULLU MANALI,31.877,77.154,30.0,,58.58
2023-07-18T12:00:00,42705199999,KULLU MANALI,31.877,77.154,29.0,,62.06
2023-07-19T00:28:00,42705199999,KULLU MANALI,31.877,77.154,22.0,,94.06
2023-07-19T00:30:00,42705199999,KULLU MANALI,31.877,77.154,22.0,,94.06
2023-07-19T00:59:00,42705199999,KULLU MANALI,31.877,77.154,22.0,,94.06
2023-07-19T01:00:00,42705199999,KULLU MANALI,31.877,77.154,22.0,,94.06
2023-07-19T01:30:00,42705199999,KULLU MANALI,31.877,77.154,22.0,,94.06
2023-07-19T02:00:00,42705199999,KULLU MANALI,31.877,77.154,22.0,,94.06
2023-07-19T02:28:00,42705199999,KULLU MANALI,31.877,77.154,22.0,,100.0
2023-07-19T02:59:00,42705199999,KULLU MANALI,31.877,77.154,23.0,,94.11
2023-07-19T03:30:00,42705199999,KULLU MANALI,31.877,77.154,23.0,,94.11
2023-07-19T04:00:00,42705199999,KULLU MANALI,31.877,77.154,24.0,,88.6
2023-07-19T04:30:00,42705199999,KULLU MANALI,31.877,77.154,24.0,,88.6
2023-07-19T05:00:00,42705199999,KULLU MANALI,31.877,77.154,25.0,,83.45
2023-07-19T06:00:00,42705199999,KULLU MANALI,31.877,77.154,27.0,,78.78
2023-07-19T07:00:00,42705199999,KULLU MANALI,31.877,77.154,29.0,,65.98
2023-07-19T08:00:00,42705199999,KULLU MANALI,31.877,77.154,30.0,,58.58
2023-07-19T09:00:00,42705199999,KULLU MANALI,31.877,77.154,31.0,,55.32
2023-07-19T09:30:00,42705199999,KULLU MANALI,31.877,77.154,32.0,,55.56
2023-07-19T10:00:00,42705199999,KULLU MANALI,31.877,77.154,32.0,,52.27
2023-07-19T11:00:00,42705199999,KULLU MANALI,31.877,77.154,32.0,,55.56
2023-07-20T00:30:00,42705199999,KULLU MANALI,31.877,77.154,22.0,,100.0
2023-07-20T01:00:00,42705199999,KULLU MANALI,31.877,77.154,22.0,,100.0
2023-07-20T01:30:00,42705199999,KULLU MANALI,31.877,77.154,21.0,,100.0
2023-07-20T02:00:00,42705199999,KULLU MANALI,31.877,77.154,22.0,,94.06
2023-07-20T02:30:00,42705199999,KULLU MANALI,31.877,77.154,23.0,,94.11
2023-07-20T02:59:00,42705199999,KULLU MANALI,31.877,77.154,23.0,,94.11
2023-07-20T03:30:00,42705199999,KULLU MANALI,31.877,77.154,24.0,,88.6
2023-07-20T04:00:00,42705199999,KULLU MANALI,31.877,77.154,24.0,,94.15
2023-07-20T04:30:00,42705199999,KULLU MANALI,31.877,77.154,25.0,,88.68
2023-07-20T05:00:00,42705199999,KULLU MANALI,31.877,77.154,25.0,,88.68
2023-07-20T06:00:00,42705199999,KULLU MANALI,31.877,77.154,27.0,,78.78
2023-07-20T07:00:00,42705199999,KULLU MANALI,31.877,77.154,28.0,,74.3
2023-07-20T08:00:00,42705199999,KULLU MANALI,31.877,77.154,29.0,,70.11
2023-07-20T09:00:00,42705199999,KULLU MANALI,31.877,77.154,30.0,,66.18
2023-07-20T10:00:00,42705199999,KULLU MANALI,31.877,77.154,30.0,,62.28
2023-07-21T00:30:00,42705199999,KULLU MANALI,31.877,77.154,21.0,,100.0
2023-07-21T01:00:00,42705199999,KULLU MANALI,31.877,77.154,21.0,,100.0
2023-07-21T01:30:00,42705199999,KULLU MANALI,31.877,77.154,21.0,,100.0
2023-07-21T02:00:00,42705199999,KULLU MANALI,31.877,77.154,21.0,,100.0
2023-07-21T02:30:00,42705199999,KULLU MANALI,31.877,77.154,22.0,,94.06
2023-07-21T03:00:00,42705199999,KULLU MANALI,31.877,77.154,22.0,,100.0
2023-07-21T04:00:00,42705199999,KULLU MANALI,31.877,77.154,26.0,,78.64
2023-07-21T05:00:00,42705199999,KULLU MANALI,31.877,77.154,26.0,,73.97
2023-07-21T05:55:00,42705199999,KULLU MANALI,31.877,77.154,28.0,,69.92
2023-07-21T06:00:00,42705199999,KULLU MANALI,31.877,77.154,28.0,,69.92
2023-07-21T07:00:00,42705199999,KULLU MANALI,31.877,77.154,29.0,,65.98
2023-07-21T08:00:00,42705199999,KULLU MANALI,31.877,77.154,32.0,,59.04
2023-07-21T09:00:00,42705199999,KULLU MANALI,31.877,77.154,33.0,,52.52
2023-07-21T10:00:00,42705199999,KULLU MANALI,31.877,77.154,33.0,,52.52
2023-07-22T00:30:00,42705199999,KULLU MANALI,31.877,77.154,21.0,,100.0
2023-07-22T01:00:00,42705199999,KULLU MANALI,31.877,77.154,21.0,,100.0
2023-07-22T01:30:00,42705199999,KULLU MANALI,31.877,77.154,21.0,,100.0
2023-07-22T02:00:00,42705199999,KULLU MANALI,31.877,77.154,21.0,,100.0
2023-07-22T02:30:00,42705199999,KULLU MANALI,31.877,77.154,21.0,,100.0
2023-07-22T03:00:00,42705199999,KULLU MANALI,31.877,77.154,21.0,,100.0
2023-07-22T03:30:00,42705199999,KULLU MANALI,31.877,77.154,21.0,,100.0
2023-07-22T04:00:00,42705199999,KULLU MANALI,31.877,77.154,22.0,,100.0
2023-07-22T05:00:00,42705199999,KULLU MANALI,31.877,77.154,22.0,,100.0
2023-07-22T06:00:00,42705199999,KULLU MANALI,31.877,77.154,22.0,,94.06
2023-07-22T06:30:00,42705199999,KULLU MANALI,31.877,77.154,22.0,,94.06
2023-07-22T07:00:00,42705199999,KULLU MANALI,31.877,77.154,23.0,,94.11
2023-07-22T08:00:00,42705199999,KULLU MANALI,31.877,77.154,23.0,,94.11
2023-07-22T09:00:00,42705199999,KULLU MANALI,31.877,77.154,23.0,,94.11
2023-07-22T11:45:00,42705199999,KULLU MANALI,31.877,77.154,23.0,,88.52
2023-07-23T00:30:00,42705199999,KULLU MANALI,31.877,77.154,20.0,,93.97
2023-07-23T01:00:00,42705199999,KULLU MANALI,31.877,77.154,20.0,,100.0
2023-07-23T01:30:00,42705199999,KULLU MANALI,31.877,77.154,20.0,,100.0
2023-07-23T02:00:00,42705199999,KULLU MANALI,31.877,77.154,20.0,,100.0
2023-07-23T02:30:00,42705199999,KULLU MANALI,31.877,77.154,21.0,,94.02
2023-07-23T03:00:00,42705199999,KULLU MANALI,31.877,77.154,22.0,,94.06
2023-07-23T04:00:00,42705199999,KULLU MANALI,31.877,77.154,24.0,,83.34
2023-07-23T05:00:00,42705199999,KULLU MANALI,31.877,77.154,26.0,,78.64
2023-07-23T06:00:00,42705199999,KULLU MANALI,31.877,77.154,28.0,,65.77
2023-07-24T00:30:00,42705199999,KULLU MANALI,31.877,77.154,21.0,,100.0
2023-07-24T01:00:00,42705199999,KULLU MANALI,31.877,77.154,21.0,,94.02
2023-07-24T01:30:00,42705199999,KULLU MANALI,31.877,77.154,21.0,,100.0
2023-07-24T02:00:00,42705199999,KULLU MANALI,31.877,77.154,22.0,,94.06
2023-07-24T02:30:00,42705199999,KULLU MANALI,31.877,77.154,22.0,,94.06
2023-07-24T03:00:00,42705199999,KULLU MANALI,31.877,77.154,24.0,,83.34
2023-07-24T04:00:00,42705199999,KULLU MANALI,31.877,77.154,26.0,,73.97
2023-07-24T05:00:00,42705199999,KULLU MANALI,31.877,77.154,28.0,,61.84
2023-07-24T06:00:00,42705199999,KULLU MANALI,31.877,77.154,30.0,,55.08
2023-07-25T00:30:00,42705199999,KULLU MANALI,31.877,77.154,22.0,,94.06
2023-07-25T01:00:00,42705199999,KULLU MANALI,31.877,77.154,22.0,,94.06
2023-07-25T02:00:00,42705199999,KULLU MANALI,31.877,77.154,22.0,,94.06
2023-07-25T02:30:00,42705199999,KULLU MANALI,31.877,77.154,22.0,,94.06
2023-07-25T03:00:00,42705199999,KULLU MANALI,31.877,77.154,24.0,,83.34
2023-07-25T04:00:00,42705199999,KULLU MANALI,31.877,77.154,25.0,,78.5
2023-07-25T05:00:00,42705199999,KULLU MANALI,31.877,77.154,27.0,,65.56
2023-07-25T06:00:00,42705199999,KULLU MANALI,31.877,77.154,28.0,,65.77
2023-07-26T00:30:00,42705199999,KULLU MANALI,31.877,77.154,22.0,,94.06
2023-07-26T01:00:00,42705199999,KULLU MANALI,31.877,77.154,22.0,,94.06
2023-07-26T01:30:00,42705199999,KULLU MANALI,31.877,77.154,23.0,,94.11
2023-07-26T02:00:00,42705199999,KULLU MANALI,31.877,77.154,23.0,,88.52
2023-07-26T02:30:00,42705199999,KULLU MANALI,31.877,77.154,24.0,,83.34
2023-07-26T03:00:00,42705199999,KULLU MANALI,31.877,77.154,24.0,,83.34
2023-07-26T04:00:00,42705199999,KULLU MANALI,31.877,77.154,27.0,,69.74
2023-07-26T05:00:00,42705199999,KULLU MANALI,31.877,77.154,29.0,,62.06
2023-07-26T06:00:00,42705199999,KULLU MANALI,31.877,77.154,30.0,,62.28
2023-07-27T00:30:00,42705199999,KULLU MANALI,31.877,77.154,22.0,,94.06
2023-07-27T01:00:00,42705199999,KULLU MANALI,31.877,77.154,22.0,,88.44
2023-07-27T01:30:00,42705199999,KULLU MANALI,31.877,77.154,22.0,,94.06
2023-07-27T02:00:00,42705199999,KULLU MANALI,31.877,77.154,23.0,,88.52
2023-07-27T02:30:00,42705199999,KULLU MANALI,31.877,77.154,24.0,,88.6
2023-07-27T03:00:00,42705199999,KULLU MANALI,31.877,77.154,24.0,,88.6
2023-07-27T04:00:00,42705199999,KULLU MANALI,31.877,77.154,25.0,,83.45
2023-07-27T05:00:00,42705199999,KULLU MANALI,31.877,77.154,28.0,,69.92
2023-07-27T06:00:00,42705199999,KULLU MANALI,31.877,77.154,30.0,,58.58
2023-07-28T00:30:00,42705199999,KULLU MANALI,31.877,77.154,22.0,,100.0
2023-07-28T01:00:00,42705199999,KULLU MANALI,31.877,77.154,22.0,,100.0
2023-07-28T01:30:00,42705199999,KULLU MANALI,31.877,77.154,22.0,,100.0
2023-07-28T02:00:00,42705199999,KULLU MANALI,31.877,77.154,22.0,,100.0
2023-07-28T02:30:00,42705199999,KULLU MANALI,31.877,77.154,22.0,,100.0
2023-07-28T03:00:00,42705199999,KULLU MANALI,31.877,77.154,22.0,,94.06
2023-07-28T03:30:00,42705199999,KULLU MANALI,31.877,77.154,22.0,,94.06
2023-07-28T04:00:00,42705199999,KULLU MANALI,31.877,77.154,23.0,,88.52
2023-07-28T04:30:00,42705199999,KULLU MANALI,31.877,77.154,24.0,,88.6
2023-07-28T05:00:00,42705199999,KULLU MANALI,31.877,77.154,26.0,,73.97
2023-07-28T06:00:00,42705199999,KULLU MANALI,31.877,77.154,28.0,,65.77
2023-07-28T07:00:00,42705199999,KULLU MANALI,31.877,77.154,29.0,,70.11
2023-07-29T00:30:00,42705199999,KULLU MANALI,31.877,77.154,21.0,,94.02
2023-07-29T01:00:00,42705199999,KULLU MANALI,31.877,77.154,21.0,,94.02
2023-07-29T01:30:00,42705199999,KULLU MANALI,31.877,77.154,21.0,,94.02
2023-07-29T02:00:00,42705199999,KULLU MANALI,31.877,77.154,22.0,,94.06
2023-07-29T02:30:00,42705199999,KULLU MANALI,31.877,77.154,22.0,,94.06
2023-07-29T03:00:00,42705199999,KULLU MANALI,31.877,77.154,24.0,,83.34
2023-07-29T04:00:00,42705199999,KULLU MANALI,31.877,77.154,27.0,,69.74
2023-07-29T05:00:00,42705199999,KULLU MANALI,31.877,77.154,29.0,,65.98
2023-07-29T06:00:00,42705199999,KULLU MANALI,31.877,77.154,31.0,,58.81
2023-07-29T07:00:00,42705199999,KULLU MANALI,31.877,77.154,31.0,,58.81
2023-07-29T08:00:00,42705199999,KULLU MANALI,31.877,77.154,29.0,,62.06
2023-07-29T09:00:00,42705199999,KULLU MANALI,31.877,77.154,27.0,,65.56
2023-07-30T00:30:00,42705199999,KULLU MANALI,31.877,77.154,20.0,,100.0
2023-07-30T01:00:00,42705199999,KULLU MANALI,31.877,77.154,20.0,,100.0
2023-07-30T01:30:00,42705199999,KULLU MANALI,31.877,77.154,21.0,,88.35
2023-07-30T02:00:00,42705199999,KULLU MANALI,31.877,77.154,20.0,,100.0
2023-07-30T02:30:00,42705199999,KULLU MANALI,31.877,77.154,20.0,,100.0
2023-07-30T03:00:00,42705199999,KULLU MANALI,31.877,77.154,22.0,,88.44
2023-07-30T05:00:00,42705199999,KULLU MANALI,31.877,77.154,25.0,,78.5
2023-07-30T06:00:00,42705199999,KULLU MANALI,31.877,77.154,25.0,,78.5
2023-07-30T07:00:00,42705199999,KULLU MANALI,31.877,77.154,27.0,,69.74
2023-07-30T08:00:00,42705199999,KULLU MANALI,31.877,77.154,31.0,,55.32
2023-07-30T09:00:00,42705199999,KULLU MANALI,31.877,77.154,32.0,,59.04
2023-07-30T10:00:00,42705199999,KULLU MANALI,31.877,77.154,29.0,,65.98
2023-07-31T00:30:00,42705199999,KULLU MANALI,31.877,77.154,21.0,,94.02
2023-07-31T01:00:00,42705199999,KULLU MANALI,31.877,77.154,21.0,,94.02
2023-07-31T01:30:00,42705199999,KULLU MANALI,31.877,77.154,21.0,,94.02
2023-07-31T02:00:00,42705199999,KULLU MANALI,31.877,77.154,22.0,,94.06
2023-07-31T02:30:00,42705199999,KULLU MANALI,31.877,77.154,22.0,,94.06
2023-07-31T03:00:00,42705199999,KULLU MANALI,31.877,77.154,23.0,,88.52
2023-07-31T03:30:00,42705199999,KULLU MANALI,31.877,77.154,24.0,,83.34
2023-07-31T04:00:00,42705199999,KULLU MANALI,31.877,77.154,26.0,,73.97
2023-07-31T04:30:00,42705199999,KULLU MANALI,31.877,77.154,27.0,,69.74
2023-07-31T05:00:00,42705199999,KULLU MANALI,31.877,77.154,29.0,,62.06
2023-07-31T05:30:00,42705199999,KULLU MANALI,31.877,77.154,30.0,,58.58
2023-07-31T06:00:00,42705199999,KULLU MANALI,31.877,77.154,31.0,,58.81
2023-07-31T07:00:00,42705199999,KULLU MANALI,31.877,77.154,33.0,,55.81
2023-07-31T08:00:00,42705199999,KULLU MANALI,31.877,77.154,34.0,,66.98
2023-07-31T09:00:00,42705199999,KULLU MANALI,31.877,77.154,32.0,,74.95
2023-07-31T10:00:00,42705199999,KULLU MANALI,31.877,77.154,33.0,,62.93
2023-07-31T11:00:00,42705199999,KULLU MANALI,31.877,77.154,30.0,,74.63
2023-07-31T12:00:00,42705199999,KULLU MANALI,31.877,77.154,30.0,,79.2
2023-08-01T00:30:00,42705199999,KULLU MANALI,31.877,77.154,23.0,,94.11
2023-08-01T01:00:00,42705199999,KULLU MANALI,31.877,77.154,22.0,,100.0
2023-08-01T01:30:00,42705199999,KULLU MANALI,31.877,77.154,23.0,,94.11
2023-08-01T02:00:00,42705199999,KULLU MANALI,31.877,77.154,23.0,,94.11
2023-08-01T02:30:00,42705199999,KULLU MANALI,31.877,77.154,23.0,,94.11
2023-08-01T03:00:00,42705199999,KULLU MANALI,31.877,77.154,26.0,,78.64
2023-08-01T03:30:00,42705199999,KULLU MANALI,31.877,77.154,28.0,,69.92
2023-08-01T04:00:00,42705199999,KULLU MANALI,31.877,77.154,29.0,,62.06
2023-08-01T04:30:00,42705199999,KULLU MANALI,31.877,77.154,30.0,,58.58
2023-08-01T05:00:00,42705199999,KULLU MANALI,31.877,77.154,30.0,,58.58
2023-08-01T05:30:00,42705199999,KULLU MANALI,31.877,77.154,31.0,,55.32
2023-08-01T06:00:00,42705199999,KULLU MANALI,31.877,77.154,32.0,,55.56
2023-08-01T07:00:00,42705199999,KULLU MANALI,31.877,77.154,33.0,,52.52
2023-08-01T08:00:00,42705199999,KULLU MANALI,31.877,77.154,34.0,,49.66
2023-08-01T09:00:00,42705199999,KULLU MANALI,31.877,77.154,34.0,,46.71
2023-08-02T00:30:00,42705199999,KULLU MANALI,31.877,77.154,23.0,,88.52
2023-08-02T01:00:00,42705199999,KULLU MANALI,31.877,77.154,23.0,,88.52
2023-08-02T01:30:00,42705199999,KULLU MANALI,31.877,77.154,23.0,,88.52
2023-08-02T02:00:00,42705199999,KULLU MANALI,31.877,77.154,23.0,,88.52
2023-08-02T02:30:00,42705199999,KULLU MANALI,31.877,77.154,25.0,,78.5
2023-08-02T03:00:00,42705199999,KULLU MANALI,31.877,77.154,25.0,,83.45
2023-08-02T03:30:00,42705199999,KULLU MANALI,31.877,77.154,26.0,,78.64
2023-08-02T04:00:00,42705199999,KULLU MANALI,31.877,77.154,29.0,,70.11
2023-08-02T05:00:00,42705199999,KULLU MANALI,31.877,77.154,30.0,,66.18
2023-08-02T06:00:00,42705199999,KULLU MANALI,31.877,77.154,33.0,,55.81
2023-08-03T00:30:00,42705199999,KULLU MANALI,31.877,77.154,21.0,,94.02
2023-08-03T01:00:00,42705199999,KULLU MANALI,31.877,77.154,21.0,,94.02
2023-08-03T01:30:00,42705199999,KULLU MANALI,31.877,77.154,22.0,,94.06
2023-08-03T01:59:00,42705199999,KULLU MANALI,31.877,77.154,23.0,,88.52
2023-08-03T02:00:00,42705199999,KULLU MANALI,31.877,77.154,23.0,,88.52
2023-08-03T02:30:00,42705199999,KULLU MANALI,31.877,77.154,23.0,,88.52
2023-08-03T03:00:00,42705199999,KULLU MANALI,31.877,77.154,25.0,,78.5
2023-08-03T04:00:00,42705199999,KULLU MANALI,31.877,77.154,28.0,,65.77
2023-08-03T05:00:00,42705199999,KULLU MANALI,31.877,77.154,30.0,,55.08
2023-08-03T06:00:00,42705199999,KULLU MANALI,31.877,77.154,32.0,,55.56
2023-08-04T00:30:00,42705199999,KULLU MANALI,31.877,77.154,24.0,,88.6
2023-08-04T01:00:00,42705199999,KULLU MANALI,31.877,77.154,24.0,,88.6
2023-08-04T01:30:00,42705199999,KULLU MANALI,31.877,77.154,24.0,,88.6
2023-08-04T02:00:00,42705199999,KULLU MANALI,31.877,77.154,24.0,,88.6
2023-08-04T02:30:00,42705199999,KULLU MANALI,31.877,77.154,25.0,,83.45
2023-08-04T03:00:00,42705199999,KULLU MANALI,31.877,77.154,25.0,,88.68
2023-08-04T03:59:00,42705199999,KULLU MANALI,31.877,77.154,27.0,,78.78
2023-08-04T04:00:00,42705199999,KULLU MANALI,31.877,77.154,27.0,,78.78
2023-08-04T05:00:00,42705199999,KULLU MANALI,31.877,77.154,30.0,,62.28
2023-08-04T06:00:00,42705199999,KULLU MANALI,31.877,77.154,31.0,,58.81
2023-08-05T00:30:00,42705199999,KULLU MANALI,31.877,77.154,22.0,,94.06
2023-08-05T01:00:00,42705199999,KULLU MANALI,31.877,77.154,22.0,,94.06
2023-08-05T01:30:00,42705199999,KULLU MANALI,31.877,77.154,22.0,,94.06
2023-08-05T02:00:00,42705199999,KULLU MANALI,31.877,77.154,23.0,,94.11
2023-08-05T02:30:00,42705199999,KULLU MANALI,31.877,77.154,23.0,,94.11
2023-08-05T03:00:00,42705199999,KULLU MANALI,31.877,77.154,24.0,,88.6
2023-08-05T04:00:00,42705199999,KULLU MANALI,31.877,77.154,27.0,,74.14
2023-08-05T05:00:00,42705199999,KULLU MANALI,31.877,77.154,29.0,,65.98
2023-08-06T00:30:00,42705199999,KULLU MANALI,31.877,77.154,23.0,,88.52
2023-08-06T01:00:00,42705199999,KULLU MANALI,31.877,77.154,22.0,,94.06
2023-08-06T01:30:00,42705199999,KULLU MANALI,31.877,77.154,23.0,,88.52
2023-08-06T02:00:00,42705199999,KULLU MANALI,31.877,77.154,23.0,,94.11
2023-08-06T02:30:00,42705199999,KULLU MANALI,31.877,77.154,23.0,,94.11
2023-08-06T03:00:00,42705199999,KULLU MANALI,31.877,77.154,24.0,,88.6
2023-08-06T04:00:00,42705199999,KULLU MANALI,31.877,77.154,28.0,,69.92
2023-08-06T05:00:00,42705199999,KULLU MANALI,31.877,77.154,30.0,,62.28
2023-08-06T06:00:00,42705199999,KULLU MANALI,31.877,77.154,32.0,,49.14
2023-08-07T00:30:00,42705199999,KULLU MANALI,31.877,77.154,22.0,,94.06
2023-08-07T01:00:00,42705199999,KULLU MANALI,31.877,77.154,22.0,,94.06
2023-08-07T01:30:00,42705199999,KULLU MANALI,31.877,77.154,22.0,,94.06
2023-08-07T02:00:00,42705199999,KULLU MANALI,31.877,77.154,22.0,,94.06
2023-08-07T02:30:00,42705199999,KULLU MANALI,31.877,77.154,22.0,,94.06
2023-08-07T03:00:00,42705199999,KULLU MANALI,31.877,77.154,24.0,,88.6
2023-08-07T03:30:00,42705199999,KULLU MANALI,31.877,77.154,25.0,,83.45
2023-08-07T04:00:00,42705199999,KULLU MANALI,31.877,77.154,26.0,,78.64
2023-08-07T05:00:00,42705199999,KULLU MANALI,31.877,77.154,26.0,,73.97
2023-08-07T06:00:00,42705199999,KULLU MANALI,31.877,77.154,29.0,,62.06
2023-08-07T07:00:00,42705199999,KULLU MANALI,31.877,77.154,31.0,,55.32
2023-08-08T00:30:00,42705199999,KULLU MANALI,31.877,77.154,21.0,,94.02
2023-08-08T01:00:00,42705199999,KULLU MANALI,31.877,77.154,21.0,,94.02
2023-08-08T01:30:00,42705199999,KULLU MANALI,31.877,77.154,22.0,,88.44
2023-08-08T02:00:00,42705199999,KULLU MANALI,31.877,77.154,22.0,,88.44
2023-08-08T02:30:00,42705199999,KULLU MANALI,31.877,77.154,22.0,,88.44
2023-08-08T03:00:00,42705199999,KULLU MANALI,31.877,77.154,23.0,,83.22
2023-08-08T04:00:00,42705199999,KULLU MANALI,31.877,77.154,28.0,,65.77
2023-08-08T05:00:00,42705199999,KULLU MANALI,31.877,77.154,30.0,,58.58
2023-08-08T06:00:00,42705199999,KULLU MANALI,31.877,77.154,32.0,,49.14
2023-08-09T00:30:00,42705199999,KULLU MANALI,31.877,77.154,23.0,,88.52
2023-08-09T01:00:00,42705199999,KULLU MANALI,31.877,77.154,23.0,,88.52
2023-08-09T01:30:00,42705199999,KULLU MANALI,31.877,77.154,23.0,,88.52
2023-08-09T02:00:00,42705199999,KULLU MANALI,31.877,77.154,24.0,,83.34
2023-08-09T02:30:00,42705199999,KULLU MANALI,31.877,77.154,24.0,,83.34
2023-08-09T03:00:00,42705199999,KULLU MANALI,31.877,77.154,25.0,,78.5
2023-08-09T04:00:00,42705199999,KULLU MANALI,31.877,77.154,28.0,,74.3
2023-08-09T05:00:00,42705199999,KULLU MANALI,31.877,77.154,31.0,,55.32
2023-08-09T06:00:00,42705199999,KULLU MANALI,31.877,77.154,33.0,,49.4
2023-08-10T00:30:00,42705199999,KULLU MANALI,31.877,77.154,24.0,,88.6
2023-08-10T01:00:00,42705199999,KULLU MANALI,31.877,77.154,24.0,,88.6
2023-08-10T01:30:00,42705199999,KULLU MANALI,31.877,77.154,24.0,,88.6
2023-08-10T02:00:00,42705199999,KULLU MANALI,31.877,77.154,24.0,,88.6
2023-08-10T02:30:00,42705199999,KULLU MANALI,31.877,77.154,25.0,,83.45
2023-08-10T03:00:00,42705199999,KULLU MANALI,31.877,77.154,25.0,,83.45
2023-08-10T03:30:00,42705199999,KULLU MANALI,31.877,77.154,26.0,,78.64
2023-08-10T04:00:00,42705199999,KULLU MANALI,31.877,77.154,27.0,,74.14
2023-08-10T04:30:00,42705199999,KULLU MANALI,31.877,77.154,28.0,,69.92
2023-08-10T05:00:00,42705199999,KULLU MANALI,31.877,77.154,30.0,,62.28
2023-08-11T00:30:00,42705199999,KULLU MANALI,31.877,77.154,22.0,,100.0
2023-08-11T01:00:00,42705199999,KULLU MANALI,31.877,77.154,22.0,,100.0
2023-08-11T01:30:00,42705199999,KULLU MANALI,31.877,77.154,22.0,,100.0
2023-08-11T02:00:00,42705199999,KULLU MANALI,31.877,77.154,22.0,,100.0
2023-08-11T02:30:00,42705199999,KULLU MANALI,31.877,77.154,22.0,,100.0
2023-08-11T03:00:00,42705199999,KULLU MANALI,31.877,77.154,21.0,,100.0
2023-08-11T03:30:00,42705199999,KULLU MANALI,31.877,77.154,22.0,,100.0
2023-08-11T04:00:00,42705199999,KULLU MANALI,31.877,77.154,22.0,,100.0
2023-08-11T05:00:00,42705199999,KULLU MANALI,31.877,77.154,23.0,,100.0
2023-08-11T06:00:00,42705199999,KULLU MANALI,31.877,77.154,25.0,,94.19
2023-08-12T00:30:00,42705199999,KULLU MANALI,31.877,77.154,22.0,,100.0
2023-08-12T01:00:00,42705199999,KULLU MANALI,31.877,77.154,22.0,,100.0
2023-08-12T01:30:00,42705199999,KULLU MANALI,31.877,77.154,22.0,,100.0
2023-08-12T02:00:00,42705199999,KULLU MANALI,31.877,77.154,22.0,,94.06
2023-08-12T02:30:00,42705199999,KULLU MANALI,31.877,77.154,22.0,,100.0
2023-08-12T03:00:00,42705199999,KULLU MANALI,31.877,77.154,23.0,,94.11
2023-08-12T04:00:00,42705199999,KULLU MANALI,31.877,77.154,23.0,,94.11
2023-08-12T05:00:00,42705199999,KULLU MANALI,31.877,77.154,26.0,,83.57
2023-08-12T06:00:00,42705199999,KULLU MANALI,31.877,77.154,28.0,,74.3
2023-08-13T00:30:00,42705199999,KULLU MANALI,31.877,77.154,23.0,,94.11
2023-08-13T01:00:00,42705199999,KULLU MANALI,31.877,77.154,23.0,,94.11
2023-08-13T01:30:00,42705199999,KULLU MANALI,31.877,77.154,23.0,,94.11
2023-08-13T02:00:00,42705199999,KULLU MANALI,31.877,77.154,24.0,,88.6
2023-08-13T02:30:00,42705199999,KULLU MANALI,31.877,77.154,24.0,,94.15
2023-08-13T03:00:00,42705199999,KULLU MANALI,31.877,77.154,24.0,,94.15
2023-08-13T04:00:00,42705199999,KULLU MANALI,31.877,77.154,25.0,,88.68
2023-08-13T04:57:00,42705199999,KULLU MANALI,31.877,77.154,28.0,,74.3
2023-08-13T05:00:00,42705199999,KULLU MANALI,31.877,77.154,28.0,,74.3
2023-08-13T06:00:00,42705199999,KULLU MANALI,31.877,77.154,29.0,,70.11
2023-08-14T00:30:00,42705199999,KULLU MANALI,31.877,77.154,22.0,,100.0
2023-08-14T01:30:00,42705199999,KULLU MANALI,31.877,77.154,22.0,,100.0
2023-08-14T02:00:00,42705199999,KULLU MANALI,31.877,77.154,22.0,,94.06
2023-08-14T02:30:00,42705199999,KULLU MANALI,31.877,77.154,21.0,,100.0
2023-08-14T03:00:00,42705199999,KULLU MANALI,31.877,77.154,22.0,,100.0
2023-08-14T03:30:00,42705199999,KULLU MANALI,31.877,77.154,22.0,,100.0
2023-08-14T04:00:00,42705199999,KULLU MANALI,31.877,77.154,21.0,,100.0
2023-08-14T05:00:00,42705199999,KULLU MANALI,31.877,77.154,21.0,,100.0
2023-08-15T01:00:00,42705199999,KULLU MANALI,31.877,77.154,20.0,,100.0
2023-08-15T02:00:00,42705199999,KULLU MANALI,31.877,77.154,20.0,,100.0
2023-08-15T10:00:00,42705199999,KULLU MANALI,31.877,77.154,30.0,,58.58
2023-08-16T00:30:00,42705199999,KULLU MANALI,31.877,77.154,22.0,,100.0
2023-08-16T01:00:00,42705199999,KULLU MANALI,31.877,77.154,22.0,,100.0
2023-08-16T01:30:00,42705199999,KULLU MANALI,31.877,77.154,22.0,,94.06
2023-08-16T02:00:00,42705199999,KULLU MANALI,31.877,77.154,22.0,,94.06
2023-08-16T02:30:00,42705199999,KULLU MANALI,31.877,77.154,23.0,,88.52
2023-08-16T03:00:00,42705199999,KULLU MANALI,31.877,77.154,23.0,,94.11
2023-08-16T04:00:00,42705199999,KULLU MANALI,31.877,77.154,26.0,,78.64
2023-08-16T04:30:00,42705199999,KULLU MANALI,31.877,77.154,26.0,,78.64
2023-08-16T05:00:00,42705199999,KULLU MANALI,31.877,77.154,28.0,,69.92
2023-08-16T05:30:00,42705199999,KULLU MANALI,31.877,77.154,30.0,,62.28
2023-08-16T06:00:00,42705199999,KULLU MANALI,31.877,77.154,31.0,,58.81
2023-08-16T07:00:00,42705199999,KULLU MANALI,31.877,77.154,32.0,,52.27
2023-08-17T00:30:00,42705199999,KULLU MANALI,31.877,77.154,23.0,,88.52
2023-08-17T01:00:00,42705199999,KULLU MANALI,31.877,77.154,23.0,,88.52
2023-08-17T01:30:00,42705199999,KULLU MANALI,31.877,77.154,23.0,,88.52
2023-08-17T02:00:00,42705199999,KULLU MANALI,31.877,77.154,23.0,,88.52
2023-08-17T02:28:00,42705199999,KULLU MANALI,31.877,77.154,23.0,,88.52
2023-08-17T03:00:00,42705199999,KULLU MANALI,31.877,77.154,24.0,,88.6
2023-08-17T03:30:00,42705199999,KULLU MANALI,31.877,77.154,25.0,,83.45
2023-08-17T04:00:00,42705199999,KULLU MANALI,31.877,77.154,29.0,,65.98
2023-08-17T06:00:00,42705199999,KULLU MANALI,31.877,77.154,31.0,,58.81
2023-08-18T00:30:00,42705199999,KULLU MANALI,31.877,77.154,22.0,,94.06
2023-08-18T01:00:00,42705199999,KULLU MANALI,31.877,77.154,22.0,,94.06
2023-08-18T01:30:00,42705199999,KULLU MANALI,31.877,77.154,23.0,,88.52
2023-08-18T02:00:00,42705199999,KULLU MANALI,31.877,77.154,23.0,,94.11
2023-08-18T02:30:00,42705199999,KULLU MANALI,31.877,77.154,23.0,,94.11
2023-08-18T03:00:00,42705199999,KULLU MANALI,31.877,77.154,24.0,,88.6
2023-08-18T03:30:00,42705199999,KULLU MANALI,31.877,77.154,26.0,,78.64
2023-08-18T04:00:00,42705199999,KULLU MANALI,31.877,77.154,28.0,,69.92
2023-08-18T04:30:00,42705199999,KULLU MANALI,31.877,77.154,30.0,,62.28
2023-08-18T05:00:00,42705199999,KULLU MANALI,31.877,77.154,31.0,,58.81
2023-08-18T06:00:00,42705199999,KULLU MANALI,31.877,77.154,30.0,,62.28
2023-08-19T00:30:00,42705199999,KULLU MANALI,31.877,77.154,23.0,,88.52
2023-08-19T01:00:00,42705199999,KULLU MANALI,31.877,77.154,23.0,,88.52
2023-08-19T01:30:00,42705199999,KULLU MANALI,31.877,77.154,23.0,,88.52
2023-08-19T02:00:00,42705199999,KULLU MANALI,31.877,77.154,24.0,,88.6
2023-08-19T02:30:00,42705199999,KULLU MANALI,31.877,77.154,24.0,,88.6
2023-08-19T03:30:00,42705199999,KULLU MANALI,31.877,77.154,25.0,,83.45
2023-08-19T04:00:00,42705199999,KULLU MANALI,31.877,77.154,26.0,,78.64
2023-08-19T05:00:00,42705199999,KULLU MANALI,31.877,77.154,28.0,,69.92
2023-08-19T06:00:00,42705199999,KULLU MANALI,31.877,77.154,31.0,,58.81
2023-08-20T00:30:00,42705199999,KULLU MANALI,31.877,77.154,25.0,,78.5
2023-08-20T01:00:00,42705199999,KULLU MANALI,31.877,77.154,25.0,,78.5
2023-08-20T01:30:00,42705199999,KULLU MANALI,31.877,77.154,25.0,,78.5
2023-08-20T02:00:00,42705199999,KULLU MANALI,31.877,77.154,25.0,,83.45
2023-08-20T02:30:00,42705199999,KULLU MANALI,31.877,77.154,26.0,,78.64
2023-08-20T03:00:00,42705199999,KULLU MANALI,31.877,77.154,26.0,,78.64
2023-08-20T03:30:00,42705199999,KULLU MANALI,31.877,77.154,27.0,,74.14
2023-08-20T04:00:00,42705199999,KULLU MANALI,31.877,77.154,28.0,,69.92
2023-08-20T05:00:00,42705199999,KULLU MANALI,31.877,77.154,30.0,,62.28
2023-08-20T06:00:00,42705199999,KULLU MANALI,31.877,77.154,32.0,,55.56
2023-08-21T00:30:00,42705199999,KULLU MANALI,31.877,77.154,24.0,,88.6
2023-08-21T01:00:00,42705199999,KULLU MANALI,31.877,77.154,24.0,,88.6
2023-08-21T01:30:00,42705199999,KULLU MANALI,31.877,77.154,24.0,,88.6
2023-08-21T02:00:00,42705199999,KULLU MANALI,31.877,77.154,24.0,,94.15
2023-08-21T02:30:00,42705199999,KULLU MANALI,31.877,77.154,25.0,,88.68
2023-08-21T03:00:00,42705199999,KULLU MANALI,31.877,77.154,25.0,,88.68
2023-08-21T04:00:00,42705199999,KULLU MANALI,31.877,77.154,27.0,,78.78
2023-08-21T05:00:00,42705199999,KULLU MANALI,31.877,77.154,29.0,,65.98
2023-08-21T06:00:00,42705199999,KULLU MANALI,31.877,77.154,31.0,,55.32
2023-08-22T00:30:00,42705199999,KULLU MANALI,31.877,77.154,25.0,,88.68
2023-08-22T01:00:00,42705199999,KULLU MANALI,31.877,77.154,25.0,,88.68
2023-08-22T01:30:00,42705199999,KULLU MANALI,31.877,77.154,25.0,,88.68
2023-08-22T02:00:00,42705199999,KULLU MANALI,31.877,77.154,24.0,,94.15
2023-08-22T02:30:00,42705199999,KULLU MANALI,31.877,77.154,24.0,,94.15
2023-08-22T03:00:00,42705199999,KULLU MANALI,31.877,77.154,25.0,,83.45
2023-08-22T04:00:00,42705199999,KULLU MANALI,31.877,77.154,27.0,,78.78
2023-08-22T05:00:00,42705199999,KULLU MANALI,31.877,77.154,27.0,,74.14
2023-08-22T06:00:00,42705199999,KULLU MANALI,31.877,77.154,28.0,,69.92
2023-08-23T00:30:00,42705199999,KULLU MANALI,31.877,77.154,23.0,,94.11
2023-08-23T01:00:00,42705199999,KULLU MANALI,31.877,77.154,23.0,,94.11
2023-08-23T01:30:00,42705199999,KULLU MANALI,31.877,77.154,23.0,,100.0
2023-08-23T02:00:00,42705199999,KULLU MANALI,31.877,77.154,23.0,,100.0
2023-08-23T03:00:00,42705199999,KULLU MANALI,31.877,77.154,24.0,,94.15
2023-08-23T04:00:00,42705199999,KULLU MANALI,31.877,77.154,24.0,,94.15
2023-08-23T04:30:00,42705199999,KULLU MANALI,31.877,77.154,24.0,,94.15
2023-08-23T05:00:00,42705199999,KULLU MANALI,31.877,77.154,24.0,,94.15
2023-08-24T00:30:00,42705199999,KULLU MANALI,31.877,77.154,22.0,,100.0
2023-08-24T01:00:00,42705199999,KULLU MANALI,31.877,77.154,22.0,,100.0
2023-08-24T01:30:00,42705199999,KULLU MANALI,31.877,77.154,22.0,,100.0
2023-08-24T02:00:00,42705199999,KULLU MANALI,31.877,77.154,22.0,,100.0
2023-08-24T02:30:00,42705199999,KULLU MANALI,31.877,77.154,22.0,,100.0
2023-08-24T03:00:00,42705199999,KULLU MANALI,31.877,77.154,23.0,,94.11
2023-08-24T04:00:00,42705199999,KULLU MANALI,31.877,77.154,23.0,,94.11
2023-08-24T05:00:00,42705199999,KULLU MANALI,31.877,77.154,22.0,,100.0
2023-08-24T05:30:00,42705199999,KULLU MANALI,31.877,77.154,24.0,,100.0
2023-08-24T06:00:00,42705199999,KULLU MANALI,31.877,77.154,26.0,,83.57
2023-08-24T07:00:00,42705199999,KULLU MANALI,31.877,77.154,28.0,,78.92
2023-08-24T09:00:00,42705199999,KULLU MANALI,31.877,77.154,31.0,,55.32
2023-08-25T00:30:00,42705199999,KULLU MANALI,31.877,77.154,21.0,,100.0
2023-08-25T01:00:00,42705199999,KULLU MANALI,31.877,77.154,21.0,,100.0
2023-08-25T01:30:00,42705199999,KULLU MANALI,31.877,77.154,21.0,,100.0
2023-08-25T02:00:00,42705199999,KULLU MANALI,31.877,77.154,21.0,,100.0
2023-08-25T02:30:00,42705199999,KULLU MANALI,31.877,77.154,21.0,,100.0
2023-08-25T03:00:00,42705199999,KULLU MANALI,31.877,77.154,22.0,,94.06
2023-08-25T03:30:00,42705199999,KULLU MANALI,31.877,77.154,22.0,,94.06
2023-08-25T08:00:00,42705199999,KULLU MANALI,31.877,77.154,31.0,,55.32
2023-08-26T00:30:00,42705199999,KULLU MANALI,31.877,77.154,21.0,,88.35
2023-08-26T01:00:00,42705199999,KULLU MANALI,31.877,77.154,21.0,,88.35
2023-08-26T01:30:00,42705199999,KULLU MANALI,31.877,77.154,21.0,,88.35
2023-08-26T02:00:00,42705199999,KULLU MANALI,31.877,77.154,21.0,,88.35
2023-08-26T04:00:00,42705199999,KULLU MANALI,31.877,77.154,25.0,,73.8
2023-08-26T05:00:00,42705199999,KULLU MANALI,31.877,77.154,27.0,,61.61
2023-08-26T06:00:00,42705199999,KULLU MANALI,31.877,77.154,28.0,,65.77
2023-08-26T09:00:00,42705199999,KULLU MANALI,31.877,77.154,31.0,,52.01
2023-08-26T10:00:00,42705199999,KULLU MANALI,31.877,77.154,32.0,,49.14
2023-08-27T00:30:00,42705199999,KULLU MANALI,31.877,77.154,20.0,,88.27
2023-08-27T01:00:00,42705199999,KULLU MANALI,31.877,77.154,20.0,,88.27
2023-08-27T01:30:00,42705199999,KULLU MANALI,31.877,77.154,20.0,,93.97
2023-08-27T02:00:00,42705199999,KULLU MANALI,31.877,77.154,20.0,,93.97
2023-08-27T02:30:00,42705199999,KULLU MANALI,31.877,77.154,21.0,,88.35
2023-08-27T03:00:00,42705199999,KULLU MANALI,31.877,77.154,22.0,,78.06
2023-08-27T03:30:00,42705199999,KULLU MANALI,31.877,77.154,24.0,,73.63
2023-08-27T04:00:00,42705199999,KULLU MANALI,31.877,77.154,25.0,,69.36
2023-08-27T05:00:00,42705199999,KULLU MANALI,31.877,77.154,29.0,,54.83
2023-08-27T06:00:00,42705199999,KULLU MANALI,31.877,77.154,30.0,,55.08
2023-08-27T07:00:00,42705199999,KULLU MANALI,31.877,77.154,32.0,,46.18
2023-08-28T00:30:00,42705199999,KULLU MANALI,31.877,77.154,20.0,,93.97
2023-08-28T01:00:00,42705199999,KULLU MANALI,31.877,77.154,20.0,,93.97
2023-08-28T01:30:00,42705199999,KULLU MANALI,31.877,77.154,20.0,,93.97
2023-08-28T02:00:00,42705199999,KULLU MANALI,31.877,77.154,20.0,,93.97
2023-08-28T02:30:00,42705199999,KULLU MANALI,31.877,77.154,20.0,,93.97
2023-08-28T03:00:00,42705199999,KULLU MANALI,31.877,77.154,21.0,,88.35
2023-08-28T03:30:00,42705199999,KULLU MANALI,31.877,77.154,22.0,,83.11
2023-08-28T04:00:00,42705199999,KULLU MANALI,31.877,77.154,26.0,,65.36
2023-08-28T05:00:00,42705199999,KULLU MANALI,31.877,77.154,28.0,,58.11
2023-08-29T00:30:00,42705199999,KULLU MANALI,31.877,77.154,16.0,,93.79
2023-08-29T01:00:00,42705199999,KULLU MANALI,31.877,77.154,16.0,,93.79
2023-08-29T01:30:00,42705199999,KULLU MANALI,31.877,77.154,16.0,,93.79
2023-08-29T02:00:00,42705199999,KULLU MANALI,31.877,77.154,16.0,,100.0
2023-08-29T02:30:00,42705199999,KULLU MANALI,31.877,77.154,18.0,,88.1
2023-08-29T03:00:00,42705199999,KULLU MANALI,31.877,77.154,21.0,,77.92
2023-08-29T03:30:00,42705199999,KULLU MANALI,31.877,77.154,23.0,,68.97
2023-08-29T04:00:00,42705199999,KULLU MANALI,31.877,77.154,25.0,,57.39
2023-08-29T05:00:00,42705199999,KULLU MANALI,31.877,77.154,27.0,,50.99
2023-08-29T06:00:00,42705199999,KULLU MANALI,31.877,77.154,29.0,,51.5
2023-08-29T08:00:00,42705199999,KULLU MANALI,31.877,77.154,31.0,,43.1
2023-08-29T09:00:00,42705199999,KULLU MANALI,31.877,77.154,32.0,,40.72
2023-08-29T11:00:00,42705199999,KULLU MANALI,31.877,77.154,31.0,,45.91
2023-08-30T00:30:00,42705199999,KULLU MANALI,31.877,77.154,17.0,,88.01
2023-08-30T01:00:00,42705199999,KULLU MANALI,31.877,77.154,17.0,,88.01
2023-08-30T01:23:00,42705199999,KULLU MANALI,31.877,77.154,17.0,,88.01
2023-08-30T02:00:00,42705199999,KULLU MANALI,31.877,77.154,17.0,,88.01
2023-08-30T02:30:00,42705199999,KULLU MANALI,31.877,77.154,18.0,,82.63
2023-08-30T03:00:00,42705199999,KULLU MANALI,31.877,77.154,20.0,,77.77
2023-08-30T04:00:00,42705199999,KULLU MANALI,31.877,77.154,26.0,,50.73
2023-08-30T05:00:00,42705199999,KULLU MANALI,31.877,77.154,28.0,,48.09
2023-08-30T06:00:00,42705199999,KULLU MANALI,31.877,77.154,29.0,,48.35
2023-08-31T00:30:00,42705199999,KULLU MANALI,31.877,77.154,19.0,,93.93
2023-08-31T01:00:00,42705199999,KULLU MANALI,31.877,77.154,19.0,,93.93
2023-08-31T01:27:00,42705199999,KULLU MANALI,31.877,77.154,19.0,,88.19
2023-08-31T02:00:00,42705199999,KULLU MANALI,31.877,77.154,19.0,,88.19
2023-08-31T02:30:00,42705199999,KULLU MANALI,31.877,77.154,20.0,,88.27
2023-08-31T03:00:00,42705199999,KULLU MANALI,31.877,77.154,21.0,,82.99
2023-08-31T03:30:00,42705199999,KULLU MANALI,31.877,77.154,25.0,,65.15
2023-08-31T04:00:00,42705199999,KULLU MANALI,31.877,77.154,26.0,,61.39
2023-08-31T05:00:00,42705199999,KULLU MANALI,31.877,77.154,29.0,,54.83
2023-08-31T06:00:00,42705199999,KULLU MANALI,31.877,77.154,30.0,,51.76
2023-09-01T00:30:00,42705199999,KULLU MANALI,31.877,77.154,20.0,,93.97
2023-09-01T01:00:00,42705199999,KULLU MANALI,31.877,77.154,20.0,,93.97
2023-09-01T01:30:00,42705199999,KULLU MANALI,31.877,77.154,21.0,,82.99
2023-09-01T02:00:00,42705199999,KULLU MANALI,31.877,77.154,21.0,,88.35
2023-09-01T02:30:00,42705199999,KULLU MANALI,31.877,77.154,22.0,,83.11
2023-09-01T03:00:00,42705199999,KULLU MANALI,31.877,77.154,24.0,,73.63
2023-09-01T03:30:00,42705199999,KULLU MANALI,31.877,77.154,24.0,,73.63
2023-09-01T04:00:00,42705199999,KULLU MANALI,31.877,77.154,25.0,,69.36
2023-09-01T05:00:00,42705199999,KULLU MANALI,31.877,77.154,29.0,,58.35
2023-09-01T06:00:00,42705199999,KULLU MANALI,31.877,77.154,31.0,,52.01
2023-09-02T00:30:00,42705199999,KULLU MANALI,31.877,77.154,23.0,,88.52
2023-09-02T01:00:00,42705199999,KULLU MANALI,31.877,77.154,24.0,,88.6
2023-09-02T01:30:00,42705199999,KULLU MANALI,31.877,77.154,24.0,,88.6
2023-09-02T02:00:00,42705199999,KULLU MANALI,31.877,77.154,24.0,,88.6
2023-09-02T02:30:00,42705199999,KULLU MANALI,31.877,77.154,25.0,,83.45
2023-09-02T03:00:00,42705199999,KULLU MANALI,31.877,77.154,25.0,,88.68
2023-09-02T03:30:00,42705199999,KULLU MANALI,31.877,77.154,28.0,,74.3
2023-09-02T04:00:00,42705199999,KULLU MANALI,31.877,77.154,29.0,,70.11
2023-09-02T05:00:00,42705199999,KULLU MANALI,31.877,77.154,31.0,,66.38
2023-09-03T00:30:00,42705199999,KULLU MANALI,31.877,77.154,23.0,,88.52
2023-09-03T01:00:00,42705199999,KULLU MANALI,31.877,77.154,23.0,,88.52
2023-09-03T01:30:00,42705199999,KULLU MANALI,31.877,77.154,23.0,,88.52
2023-09-03T02:00:00,42705199999,KULLU MANALI,31.877,77.154,23.0,,88.52
2023-09-03T02:30:00,42705199999,KULLU MANALI,31.877,77.154,24.0,,88.6
2023-09-03T03:00:00,42705199999,KULLU MANALI,31.877,77.154,25.0,,83.45
2023-09-03T04:00:00,42705199999,KULLU MANALI,31.877,77.154,28.0,,69.92
2023-09-03T05:00:00,42705199999,KULLU MANALI,31.877,77.154,31.0,,58.81
2023-09-04T00:30:00,42705199999,KULLU MANALI,31.877,77.154,23.0,,83.22
2023-09-04T01:00:00,42705199999,KULLU MANALI,31.877,77.154,23.0,,83.22
2023-09-04T01:30:00,42705199999,KULLU MANALI,31.877,77.154,23.0,,88.52
2023-09-04T02:00:00,42705199999,KULLU MANALI,31.877,77.154,22.0,,88.44
2023-09-04T02:30:00,42705199999,KULLU MANALI,31.877,77.154,23.0,,83.22
2023-09-04T03:00:00,42705199999,KULLU MANALI,31.877,77.154,24.0,,78.35
2023-09-04T03:30:00,42705199999,KULLU MANALI,31.877,77.154,25.0,,73.8
2023-09-04T04:00:00,42705199999,KULLU MANALI,31.877,77.154,28.0,,61.84
2023-09-04T05:00:00,42705199999,KULLU MANALI,31.877,77.154,31.0,,55.32
2023-09-04T06:00:00,42705199999,KULLU MANALI,31.877,77.154,32.0,,49.14
2023-09-04T08:00:00,42705199999,KULLU MANALI,31.877,77.154,34.0,,36.39
2023-09-04T09:00:00,42705199999,KULLU MANALI,31.877,77.154,34.0,,41.27
2023-09-05T00:30:00,42705199999,KULLU MANALI,31.877,77.154,18.0,,93.88
2023-09-05T01:00:00,42705199999,KULLU MANALI,31.877,77.154,18.0,,93.88
2023-09-05T01:30:00,42705199999,KULLU MANALI,31.877,77.154,18.0,,93.88
2023-09-05T02:00:00,42705199999,KULLU MANALI,31.877,77.154,18.0,,93.88
2023-09-05T02:30:00,42705199999,KULLU MANALI,31.877,77.154,20.0,,82.87
2023-09-05T03:00:00,42705199999,KULLU MANALI,31.877,77.154,20.0,,88.27
2023-09-05T04:00:00,42705199999,KULLU MANALI,31.877,77.154,23.0,,73.46
2023-09-05T05:00:00,42705199999,KULLU MANALI,31.877,77.154,26.0,,57.63
2023-09-05T06:00:00,42705199999,KULLU MANALI,31.877,77.154,29.0,,51.5
2023-09-06T00:30:00,42705199999,KULLU MANALI,31.877,77.154,17.0,,88.01
2023-09-06T01:00:00,42705199999,KULLU MANALI,31.877,77.154,17.0,,88.01
2023-09-06T01:30:00,42705199999,KULLU MANALI,31.877,77.154,17.0,,88.01
2023-09-06T02:00:00,42705199999,KULLU MANALI,31.877,77.154,17.0,,88.01
2023-09-06T02:30:00,42705199999,KULLU MANALI,31.877,77.154,18.0,,88.1
2023-09-06T03:00:00,42705199999,KULLU MANALI,31.877,77.154,19.0,,82.75
2023-09-06T04:00:00,42705199999,KULLU MANALI,31.877,77.154,24.0,,57.15
2023-09-06T05:00:00,42705199999,KULLU MANALI,31.877,77.154,28.0,,48.09
2023-09-06T06:00:00,42705199999,KULLU MANALI,31.877,77.154,30.0,,42.83
2023-09-07T00:30:00,42705199999,KULLU MANALI,31.877,77.154,17.0,,93.84
2023-09-07T01:00:00,42705199999,KULLU MANALI,31.877,77.154,17.0,,93.84
2023-09-07T01:30:00,42705199999,KULLU MANALI,31.877,77.154,17.0,,93.84
2023-09-07T02:00:00,42705199999,KULLU MANALI,31.877,77.154,18.0,,88.1
2023-09-07T02:30:00,42705199999,KULLU MANALI,31.877,77.154,19.0,,82.75
2023-09-07T03:00:00,42705199999,KULLU MANALI,31.877,77.154,21.0,,77.92
2023-09-07T04:00:00,42705199999,KULLU MANALI,31.877,77.154,24.0,,57.15
2023-09-07T05:00:00,42705199999,KULLU MANALI,31.877,77.154,29.0,,45.37
2023-09-08T00:30:00,42705199999,KULLU MANALI,31.877,77.154,18.0,,93.88
2023-09-08T01:00:00,42705199999,KULLU MANALI,31.877,77.154,18.0,,93.88
2023-09-08T01:30:00,42705199999,KULLU MANALI,31.877,77.154,18.0,,93.88
2023-09-08T02:00:00,42705199999,KULLU MANALI,31.877,77.154,19.0,,88.19
2023-09-08T02:30:00,42705199999,KULLU MANALI,31.877,77.154,20.0,,82.87
2023-09-08T03:00:00,42705199999,KULLU MANALI,31.877,77.154,22.0,,73.29
2023-09-08T04:00:00,42705199999,KULLU MANALI,31.877,77.154,25.0,,61.16
2023-09-08T06:00:00,42705199999,KULLU MANALI,31.877,77.154,31.0,,45.91
2023-09-09T00:30:00,42705199999,KULLU MANALI,31.877,77.154,21.0,,94.02
2023-09-09T01:00:00,42705199999,KULLU MANALI,31.877,77.154,21.0,,94.02
2023-09-09T01:30:00,42705199999,KULLU MANALI,31.877,77.154,21.0,,94.02
2023-09-09T02:00:00,42705199999,KULLU MANALI,31.877,77.154,22.0,,83.11
2023-09-09T02:30:00,42705199999,KULLU MANALI,31.877,77.154,22.0,,83.11
2023-09-09T03:00:00,42705199999,KULLU MANALI,31.877,77.154,23.0,,78.21
2023-09-09T03:30:00,42705199999,KULLU MANALI,31.877,77.154,24.0,,78.35
2023-09-09T04:00:00,42705199999,KULLU MANALI,31.877,77.154,26.0,,65.36
2023-09-09T04:30:00,42705199999,KULLU MANALI,31.877,77.154,27.0,,65.56
2023-09-09T05:00:00,42705199999,KULLU MANALI,31.877,77.154,29.0,,58.35
2023-09-09T06:00:00,42705199999,KULLU MANALI,31.877,77.154,31.0,,48.88
2023-09-10T00:30:00,42705199999,KULLU MANALI,31.877,77.154,21.0,,88.35
2023-09-10T01:00:00,42705199999,KULLU MANALI,31.877,77.154,21.0,,88.35
2023-09-10T01:30:00,42705199999,KULLU MANALI,31.877,77.154,21.0,,88.35
2023-09-10T02:00:00,42705199999,KULLU MANALI,31.877,77.154,22.0,,88.44
2023-09-10T02:30:00,42705199999,KULLU MANALI,31.877,77.154,22.0,,88.44
2023-09-10T03:00:00,42705199999,KULLU MANALI,31.877,77.154,23.0,,83.22
2023-09-10T03:30:00,42705199999,KULLU MANALI,31.877,77.154,24.0,,78.35
2023-09-10T04:00:00,42705199999,KULLU MANALI,31.877,77.154,25.0,,73.8
2023-09-10T04:30:00,42705199999,KULLU MANALI,31.877,77.154,28.0,,61.84
2023-09-10T05:00:00,42705199999,KULLU MANALI,31.877,77.154,29.0,,58.35
2023-09-10T06:00:00,42705199999,KULLU MANALI,31.877,77.154,31.0,,52.01
2023-09-11T00:30:00,42705199999,KULLU MANALI,31.877,77.154,21.0,,94.02
2023-09-11T01:00:00,42705199999,KULLU MANALI,31.877,77.154,21.0,,94.02
2023-09-11T01:30:00,42705199999,KULLU MANALI,31.877,77.154,21.0,,94.02
2023-09-11T02:00:00,42705199999,KULLU MANALI,31.877,77.154,22.0,,88.44
2023-09-11T02:30:00,42705199999,KULLU MANALI,31.877,77.154,22.0,,88.44
2023-09-11T03:00:00,42705199999,KULLU MANALI,31.877,77.154,23.0,,83.22
2023-09-11T03:30:00,42705199999,KULLU MANALI,31.877,77.154,24.0,,78.35
2023-09-11T04:00:00,42705199999,KULLU MANALI,31.877,77.154,27.0,,74.14
2023-09-11T04:30:00,42705199999,KULLU MANALI,31.877,77.154,28.0,,69.92
2023-09-11T05:00:00,42705199999,KULLU MANALI,31.877,77.154,30.0,,55.08
2023-09-11T06:00:00,42705199999,KULLU MANALI,31.877,77.154,33.0,,46.44
2023-09-12T00:30:00,42705199999,KULLU MANALI,31.877,77.154,22.0,,88.44
2023-09-12T01:00:00,42705199999,KULLU MANALI,31.877,77.154,22.0,,94.06
2023-09-12T01:30:00,42705199999,KULLU MANALI,31.877,77.154,22.0,,94.06
2023-09-12T02:00:00,42705199999,KULLU MANALI,31.877,77.154,22.0,,88.44
2023-09-12T02:30:00,42705199999,KULLU MANALI,31.877,77.154,23.0,,88.52
2023-09-12T03:00:00,42705199999,KULLU MANALI,31.877,77.154,25.0,,78.5
2023-09-12T03:30:00,42705199999,KULLU MANALI,31.877,77.154,26.0,,73.97
2023-09-12T04:00:00,42705199999,KULLU MANALI,31.877,77.154,29.0,,58.35
2023-09-12T04:30:00,42705199999,KULLU MANALI,31.877,77.154,30.0,,55.08
2023-09-12T05:00:00,42705199999,KULLU MANALI,31.877,77.154,32.0,,52.27
2023-09-12T05:30:00,42705199999,KULLU MANALI,31.877,77.154,33.0,,49.4
2023-09-12T06:00:00,42705199999,KULLU MANALI,31.877,77.154,32.0,,52.27
2023-09-13T00:30:00,42705199999,KULLU MANALI,31.877,77.154,22.0,,88.44
2023-09-13T01:00:00,42705199999,KULLU MANALI,31.877,77.154,22.0,,88.44
2023-09-13T01:30:00,42705199999,KULLU MANALI,31.877,77.154,22.0,,88.44
2023-09-13T02:00:00,42705199999,KULLU MANALI,31.877,77.154,23.0,,83.22
2023-09-13T02:30:00,42705199999,KULLU MANALI,31.877,77.154,25.0,,78.5
2023-09-13T03:00:00,42705199999,KULLU MANALI,31.877,77.154,25.0,,78.5
2023-09-13T03:30:00,42705199999,KULLU MANALI,31.877,77.154,27.0,,69.74
2023-09-13T04:00:00,42705199999,KULLU MANALI,31.877,77.154,28.0,,65.77
2023-09-13T05:00:00,42705199999,KULLU MANALI,31.877,77.154,31.0,,58.81
2023-09-13T06:00:00,42705199999,KULLU MANALI,31.877,77.154,33.0,,52.52
2023-09-14T00:30:00,42705199999,KULLU MANALI,31.877,77.154,23.0,,94.11
2023-09-14T01:00:00,42705199999,KULLU MANALI,31.877,77.154,23.0,,94.11
2023-09-14T01:30:00,42705199999,KULLU MANALI,31.877,77.154,23.0,,88.52
2023-09-14T02:00:00,42705199999,KULLU MANALI,31.877,77.154,24.0,,88.6
2023-09-14T02:30:00,42705199999,KULLU MANALI,31.877,77.154,24.0,,88.6
2023-09-14T03:00:00,42705199999,KULLU MANALI,31.877,77.154,25.0,,83.45
2023-09-14T03:30:00,42705199999,KULLU MANALI,31.877,77.154,27.0,,69.74
2023-09-14T04:00:00,42705199999,KULLU MANALI,31.877,77.154,29.0,,65.98
2023-09-14T05:00:00,42705199999,KULLU MANALI,31.877,77.154,31.0,,58.81
2023-09-14T06:00:00,42705199999,KULLU MANALI,31.877,77.154,33.0,,52.52
2023-09-15T00:30:00,42705199999,KULLU MANALI,31.877,77.154,22.0,,94.06
2023-09-15T01:00:00,42705199999,KULLU MANALI,31.877,77.154,22.0,,94.06
2023-09-15T01:30:00,42705199999,KULLU MANALI,31.877,77.154,22.0,,94.06
2023-09-15T02:00:00,42705199999,KULLU MANALI,31.877,77.154,23.0,,88.52
2023-09-15T02:30:00,42705199999,KULLU MANALI,31.877,77.154,24.0,,83.34
2023-09-15T03:00:00,42705199999,KULLU MANALI,31.877,77.154,24.0,,83.34
2023-09-15T03:30:00,42705199999,KULLU MANALI,31.877,77.154,26.0,,73.97
2023-09-15T04:00:00,42705199999,KULLU MANALI,31.877,77.154,29.0,,62.06
2023-09-15T05:00:00,42705199999,KULLU MANALI,31.877,77.154,32.0,,52.27
2023-09-15T06:00:00,42705199999,KULLU MANALI,31.877,77.154,33.0,,49.4
2023-09-16T00:30:00,42705199999,KULLU MANALI,31.877,77.154,19.0,,100.0
2023-09-16T01:00:00,42705199999,KULLU MANALI,31.877,77.154,19.0,,100.0
2023-09-16T01:30:00,42705199999,KULLU MANALI,31.877,77.154,19.0,,100.0
2023-09-16T02:00:00,42705199999,KULLU MANALI,31.877,77.154,20.0,,93.97
2023-09-16T02:30:00,42705199999,KULLU MANALI,31.877,77.154,20.0,,93.97
2023-09-16T03:00:00,42705199999,KULLU MANALI,31.877,77.154,20.0,,100.0
2023-09-16T03:30:00,42705199999,KULLU MANALI,31.877,77.154,21.0,,94.02
2023-09-16T04:00:00,42705199999,KULLU MANALI,31.877,77.154,21.0,,100.0
2023-09-16T04:30:00,42705199999,KULLU MANALI,31.877,77.154,21.0,,100.0
2023-09-16T06:00:00,42705199999,KULLU MANALI,31.877,77.154,23.0,,83.22
2023-09-17T00:30:00,42705199999,KULLU MANALI,31.877,77.154,21.0,,88.35
2023-09-17T01:00:00,42705199999,KULLU MANALI,31.877,77.154,21.0,,88.35
2023-09-17T01:30:00,42705199999,KULLU MANALI,31.877,77.154,21.0,,94.02
2023-09-17T02:00:00,42705199999,KULLU MANALI,31.877,77.154,21.0,,94.02
2023-09-17T02:30:00,42705199999,KULLU MANALI,31.877,77.154,22.0,,88.44
2023-09-17T03:00:00,42705199999,KULLU MANALI,31.877,77.154,22.0,,94.06
2023-09-17T04:00:00,42705199999,KULLU MANALI,31.877,77.154,25.0,,78.5
2023-09-17T05:00:00,42705199999,KULLU MANALI,31.877,77.154,29.0,,58.35
2023-09-17T06:00:00,42705199999,KULLU MANALI,31.877,77.154,29.0,,58.35
2023-09-18T00:30:00,42705199999,KULLU MANALI,31.877,77.154,19.0,,100.0
2023-09-18T01:00:00,42705199999,KULLU MANALI,31.877,77.154,19.0,,100.0
2023-09-18T02:00:00,42705199999,KULLU MANALI,31.877,77.154,19.0,,100.0
2023-09-18T02:30:00,42705199999,KULLU MANALI,31.877,77.154,19.0,,100.0
2023-09-18T03:00:00,42705199999,KULLU MANALI,31.877,77.154,19.0,,100.0
2023-09-18T03:30:00,42705199999,KULLU MANALI,31.877,77.154,19.0,,100.0
2023-09-18T04:00:00,42705199999,KULLU MANALI,31.877,77.154,19.0,,93.93
2023-09-18T05:00:00,42705199999,KULLU MANALI,31.877,77.154,21.0,,88.35
2023-09-18T06:00:00,42705199999,KULLU MANALI,31.877,77.154,22.0,,88.44
2023-09-19T00:30:00,42705199999,KULLU MANALI,31.877,77.154,20.0,,93.97
2023-09-19T01:00:00,42705199999,KULLU MANALI,31.877,77.154,20.0,,93.97
2023-09-19T01:30:00,42705199999,KULLU MANALI,31.877,77.154,20.0,,93.97
2023-09-19T02:00:00,42705199999,KULLU MANALI,31.877,77.154,21.0,,94.02
2023-09-19T02:30:00,42705199999,KULLU MANALI,31.877,77.154,22.0,,88.44
2023-09-19T03:00:00,42705199999,KULLU MANALI,31.877,77.154,22.0,,88.44
2023-09-19T04:00:00,42705199999,KULLU MANALI,31.877,77.154,23.0,,83.22
2023-09-19T05:00:00,42705199999,KULLU MANALI,31.877,77.154,26.0,,73.97
2023-09-19T06:00:00,42705199999,KULLU MANALI,31.877,77.154,27.0,,57.87
2023-09-20T01:30:00,42705199999,KULLU MANALI,31.877,77.154,21.0,,94.02
2023-09-20T03:00:00,42705199999,KULLU MANALI,31.877,77.154,22.0,,88.44
2023-09-20T04:00:00,42705199999,KULLU MANALI,31.877,77.154,24.0,,78.35
2023-09-20T05:00:00,42705199999,KULLU MANALI,31.877,77.154,27.0,,65.56
2023-09-21T00:30:00,42705199999,KULLU MANALI,31.877,77.154,20.0,,93.97
2023-09-21T01:00:00,42705199999,KULLU MANALI,31.877,77.154,20.0,,93.97
2023-09-21T01:30:00,42705199999,KULLU MANALI,31.877,77.154,20.0,,93.97
2023-09-21T02:00:00,42705199999,KULLU MANALI,31.877,77.154,21.0,,94.02
2023-09-21T02:30:00,42705199999,KULLU MANALI,31.877,77.154,22.0,,88.44
2023-09-21T03:00:00,42705199999,KULLU MANALI,31.877,77.154,23.0,,83.22
2023-09-21T04:00:00,42705199999,KULLU MANALI,31.877,77.154,28.0,,61.84
2023-09-21T05:00:00,42705199999,KULLU MANALI,31.877,77.154,29.0,,62.06
2023-09-22T00:30:00,42705199999,KULLU MANALI,31.877,77.154,18.0,,93.88
2023-09-22T01:00:00,42705199999,KULLU MANALI,31.877,77.154,18.0,,93.88
2023-09-22T01:30:00,42705199999,KULLU MANALI,31.877,77.154,18.0,,93.88
2023-09-22T02:00:00,42705199999,KULLU MANALI,31.877,77.154,19.0,,88.19
2023-09-22T02:30:00,42705199999,KULLU MANALI,31.877,77.154,20.0,,82.87
2023-09-22T03:00:00,42705199999,KULLU MANALI,31.877,77.154,21.0,,77.92
2023-09-22T04:00:00,42705199999,KULLU MANALI,31.877,77.154,26.0,,57.63
2023-09-22T05:00:00,42705199999,KULLU MANALI,31.877,77.154,28.0,,48.09
2023-09-22T06:00:00,42705199999,KULLU MANALI,31.877,77.154,30.0,,45.64
2023-09-23T00:30:00,42705199999,KULLU MANALI,31.877,77.154,17.0,,93.84
2023-09-23T01:00:00,42705199999,KULLU MANALI,31.877,77.154,17.0,,93.84
2023-09-23T01:30:00,42705199999,KULLU MANALI,31.877,77.154,17.0,,93.84
2023-09-23T02:00:00,42705199999,KULLU MANALI,31.877,77.154,18.0,,93.88
2023-09-23T02:30:00,42705199999,KULLU MANALI,31.877,77.154,18.0,,93.88
2023-09-23T03:00:00,42705199999,KULLU MANALI,31.877,77.154,18.0,,93.88
2023-09-23T03:30:00,42705199999,KULLU MANALI,31.877,77.154,18.0,,93.88
2023-09-23T04:00:00,42705199999,KULLU MANALI,31.877,77.154,19.0,,93.93
2023-09-23T05:00:00,42705199999,KULLU MANALI,31.877,77.154,22.0,,78.06
2023-09-23T05:30:00,42705199999,KULLU MANALI,31.877,77.154,22.0,,78.06
2023-09-23T06:00:00,42705199999,KULLU MANALI,31.877,77.154,25.0,,65.15
2023-09-24T00:30:00,42705199999,KULLU MANALI,31.877,77.154,16.0,,93.79
2023-09-24T01:00:00,42705199999,KULLU MANALI,31.877,77.154,16.0,,93.79
2023-09-24T01:30:00,42705199999,KULLU MANALI,31.877,77.154,16.0,,93.79
2023-09-24T02:00:00,42705199999,KULLU MANALI,31.877,77.154,16.0,,93.79
2023-09-24T02:30:00,42705199999,KULLU MANALI,31.877,77.154,17.0,,88.01
2023-09-24T03:00:00,42705199999,KULLU MANALI,31.877,77.154,18.0,,82.63
2023-09-24T04:00:00,42705199999,KULLU MANALI,31.877,77.154,20.0,,72.94
2023-09-24T05:00:00,42705199999,KULLU MANALI,31.877,77.154,25.0,,61.16
2023-09-24T06:00:00,42705199999,KULLU MANALI,31.877,77.154,27.0,,50.99
2023-09-25T00:30:00,42705199999,KULLU MANALI,31.877,77.154,15.0,,100.0
2023-09-25T01:00:00,42705199999,KULLU MANALI,31.877,77.154,15.0,,100.0
2023-09-25T01:30:00,42705199999,KULLU MANALI,31.877,77.154,15.0,,100.0
2023-09-25T02:00:00,42705199999,KULLU MANALI,31.877,77.154,15.0,,100.0
2023-09-25T02:30:00,42705199999,KULLU MANALI,31.877,77.154,16.0,,93.79
2023-09-25T03:00:00,42705199999,KULLU MANALI,31.877,77.154,18.0,,82.63
2023-09-25T04:00:00,42705199999,KULLU MANALI,31.877,77.154,21.0,,68.58
2023-09-25T05:00:00,42705199999,KULLU MANALI,31.877,77.154,24.0,,57.15
2023-09-25T06:00:00,42705199999,KULLU MANALI,31.877,77.154,28.0,,45.1
2023-09-26T00:30:00,42705199999,KULLU MANALI,31.877,77.154,15.0,,100.0
2023-09-26T01:00:00,42705199999,KULLU MANALI,31.877,77.154,15.0,,100.0
2023-09-26T01:30:00,42705199999,KULLU MANALI,31.877,77.154,15.0,,100.0
2023-09-26T02:00:00,42705199999,KULLU MANALI,31.877,77.154,15.0,,93.75
2023-09-26T02:30:00,42705199999,KULLU MANALI,31.877,77.154,17.0,,88.01
2023-09-26T03:00:00,42705199999,KULLU MANALI,31.877,77.154,18.0,,82.63
2023-09-26T04:00:00,42705199999,KULLU MANALI,31.877,77.154,23.0,,60.7
2023-09-26T05:00:00,42705199999,KULLU MANALI,31.877,77.154,27.0,,44.83
2023-09-26T06:00:00,42705199999,KULLU MANALI,31.877,77.154,28.0,,45.1
2023-09-27T00:30:00,42705199999,KULLU MANALI,31.877,77.154,15.0,,93.75
2023-09-27T01:00:00,42705199999,KULLU MANALI,31.877,77.154,15.0,,93.75
2023-09-27T01:30:00,42705199999,KULLU MANALI,31.877,77.154,15.0,,93.75
2023-09-27T02:00:00,42705199999,KULLU MANALI,31.877,77.154,15.0,,93.75
2023-09-27T02:30:00,42705199999,KULLU MANALI,31.877,77.154,16.0,,87.93
2023-09-27T03:00:00,42705199999,KULLU MANALI,31.877,77.154,17.0,,82.51
2023-09-27T04:00:00,42705199999,KULLU MANALI,31.877,77.154,22.0,,60.47
2023-09-27T05:00:00,42705199999,KULLU MANALI,31.877,77.154,28.0,,42.28
2023-09-27T06:00:00,42705199999,KULLU MANALI,31.877,77.154,28.0,,42.28
2023-09-28T00:30:00,42705199999,KULLU MANALI,31.877,77.154,14.0,,93.7
2023-09-28T01:00:00,42705199999,KULLU MANALI,31.877,77.154,14.0,,93.7
2023-09-28T01:30:00,42705199999,KULLU MANALI,31.877,77.154,14.0,,93.7
2023-09-28T02:00:00,42705199999,KULLU MANALI,31.877,77.154,14.0,,93.7
2023-09-28T02:30:00,42705199999,KULLU MANALI,31.877,77.154,15.0,,87.84
2023-09-28T03:00:00,42705199999,KULLU MANALI,31.877,77.154,17.0,,82.51
2023-09-28T04:00:00,42705199999,KULLU MANALI,31.877,77.154,23.0,,56.91
2023-09-28T05:00:00,42705199999,KULLU MANALI,31.877,77.154,27.0,,44.83
2023-09-28T06:00:00,42705199999,KULLU MANALI,31.877,77.154,28.0,,39.62
2023-09-29T00:30:00,42705199999,KULLU MANALI,31.877,77.154,15.0,,93.75
2023-09-29T01:00:00,42705199999,KULLU MANALI,31.877,77.154,16.0,,87.93
2023-09-29T01:30:00,42705199999,KULLU MANALI,31.877,77.154,15.0,,93.75
2023-09-29T02:00:00,42705199999,KULLU MANALI,31.877,77.154,15.0,,87.84
2023-09-29T02:30:00,42705199999,KULLU MANALI,31.877,77.154,16.0,,82.39
2023-09-29T03:00:00,42705199999,KULLU MANALI,31.877,77.154,18.0,,77.46
2023-09-29T04:00:00,42705199999,KULLU MANALI,31.877,77.154,21.0,,60.24
2023-09-29T05:00:00,42705199999,KULLU MANALI,31.877,77.154,27.0,,42.01
2023-09-29T06:00:00,42705199999,KULLU MANALI,31.877,77.154,29.0,,42.56
2023-09-30T00:30:00,42705199999,KULLU MANALI,31.877,77.154,19.0,,93.93
2023-09-30T01:00:00,42705199999,KULLU MANALI,31.877,77.154,19.0,,93.93
2023-09-30T01:30:00,42705199999,KULLU MANALI,31.877,77.154,19.0,,93.93
2023-09-30T02:00:00,42705199999,KULLU MANALI,31.877,77.154,19.0,,93.93
2023-09-30T02:30:00,42705199999,KULLU MANALI,31.877,77.154,20.0,,88.27
2023-09-30T03:00:00,42705199999,KULLU MANALI,31.877,77.154,22.0,,83.11
2023-09-30T04:00:00,42705199999,KULLU MANALI,31.877,77.154,23.0,,73.46
2023-09-30T05:00:00,42705199999,KULLU MANALI,31.877,77.154,27.0,,57.87
2023-09-30T06:00:00,42705199999,KULLU MANALI,31.877,77.154,30.0,,45.64
2023-10-01T00:30:00,42705199999,KULLU MANALI,31.877,77.154,17.0,,82.51
2023-10-01T01:00:00,42705199999,KULLU MANALI,31.877,77.154,16.0,,87.93
2023-10-01T01:30:00,42705199999,KULLU MANALI,31.877,77.154,17.0,,82.51
2023-10-01T02:00:00,42705199999,KULLU MANALI,31.877,77.154,16.0,,93.79
2023-10-01T02:30:00,42705199999,KULLU MANALI,31.877,77.154,17.0,,88.01
2023-10-01T03:00:00,42705199999,KULLU MANALI,31.877,77.154,19.0,,72.76
2023-10-01T04:00:00,42705199999,KULLU MANALI,31.877,77.154,25.0,,53.83
2023-10-01T04:30:00,42705199999,KULLU MANALI,31.877,77.154,27.0,,47.82
2023-10-01T05:00:00,42705199999,KULLU MANALI,31.877,77.154,28.0,,42.28
2023-10-01T05:30:00,42705199999,KULLU MANALI,31.877,77.154,30.0,,37.66
2023-10-01T06:00:00,42705199999,KULLU MANALI,31.877,77.154,30.0,,37.66
2023-10-02T00:30:00,42705199999,KULLU MANALI,31.877,77.154,16.0,,100.0
2023-10-02T01:00:00,42705199999,KULLU MANALI,31.877,77.154,16.0,,100.0
2023-10-02T01:30:00,42705199999,KULLU MANALI,31.877,77.154,16.0,,100.0
2023-10-02T02:00:00,42705199999,KULLU MANALI,31.877,77.154,17.0,,93.84
2023-10-02T02:30:00,42705199999,KULLU MANALI,31.877,77.154,17.0,,93.84
2023-10-02T03:00:00,42705199999,KULLU MANALI,31.877,77.154,18.0,,93.88
2023-10-02T03:30:00,42705199999,KULLU MANALI,31.877,77.154,20.0,,82.87
2023-10-02T04:00:00,42705199999,KULLU MANALI,31.877,77.154,20.0,,82.87
2023-10-02T04:30:00,42705199999,KULLU MANALI,31.877,77.154,22.0,,73.29
2023-10-02T05:00:00,42705199999,KULLU MANALI,31.877,77.154,22.0,,68.77
2023-10-02T05:30:00,42705199999,KULLU MANALI,31.877,77.154,24.0,,60.93
2023-10-02T06:00:00,42705199999,KULLU MANALI,31.877,77.154,25.0,,61.16
2023-10-02T09:30:00,42705199999,KULLU MANALI,31.877,77.154,27.0,,54.33
2023-10-03T00:30:00,42705199999,KULLU MANALI,31.877,77.154,18.0,,88.1
2023-10-03T01:00:00,42705199999,KULLU MANALI,31.877,77.154,17.0,,93.84
2023-10-03T01:30:00,42705199999,KULLU MANALI,31.877,77.154,17.0,,93.84
2023-10-03T02:00:00,42705199999,KULLU MANALI,31.877,77.154,17.0,,93.84
2023-10-03T02:30:00,42705199999,KULLU MANALI,31.877,77.154,18.0,,88.1
2023-10-03T03:00:00,42705199999,KULLU MANALI,31.877,77.154,19.0,,82.75
2023-10-03T04:00:00,42705199999,KULLU MANALI,31.877,77.154,24.0,,60.93
2023-10-03T06:00:00,42705199999,KULLU MANALI,31.877,77.154,29.0,,42.56
2023-10-03T07:00:00,42705199999,KULLU MANALI,31.877,77.154,31.0,,37.94
2023-10-04T00:30:00,42705199999,KULLU MANALI,31.877,77.154,14.0,,87.75
2023-10-04T01:00:00,42705199999,KULLU MANALI,31.877,77.154,14.0,,87.75
2023-10-04T01:30:00,42705199999,KULLU MANALI,31.877,77.154,14.0,,93.7
2023-10-04T02:00:00,42705199999,KULLU MANALI,31.877,77.154,14.0,,93.7
2023-10-04T02:30:00,42705199999,KULLU MANALI,31.877,77.154,15.0,,87.84
2023-10-04T03:00:00,42705199999,KULLU MANALI,31.877,77.154,17.0,,77.31
2023-10-04T04:00:00,42705199999,KULLU MANALI,31.877,77.154,21.0,,60.24
2023-10-04T05:00:00,42705199999,KULLU MANALI,31.877,77.154,26.0,,41.73
2023-10-04T05:30:00,42705199999,KULLU MANALI,31.877,77.154,27.0,,39.34
2023-10-04T06:00:00,42705199999,KULLU MANALI,31.877,77.154,28.0,,39.62
2023-10-05T00:30:00,42705199999,KULLU MANALI,31.877,77.154,14.0,,93.7
2023-10-05T01:00:00,42705199999,KULLU MANALI,31.877,77.154,14.0,,93.7
2023-10-05T01:30:00,42705199999,KULLU MANALI,31.877,77.154,14.0,,93.7
2023-10-05T02:00:00,42705199999,KULLU MANALI,31.877,77.154,14.0,,100.0
2023-10-05T02:30:00,42705199999,KULLU MANALI,31.877,77.154,16.0,,87.93
2023-10-05T03:00:00,42705199999,KULLU MANALI,31.877,77.154,17.0,,77.31
2023-10-05T03:30:00,42705199999,KULLU MANALI,31.877,77.154,19.0,,68.18
2023-10-05T04:00:00,42705199999,KULLU MANALI,31.877,77.154,23.0,,56.91
2023-10-05T05:00:00,42705199999,KULLU MANALI,31.877,77.154,27.0,,42.01
2023-10-06T00:30:00,42705199999,KULLU MANALI,31.877,77.154,15.0,,93.75
2023-10-06T01:00:00,42705199999,KULLU MANALI,31.877,77.154,14.0,,100.0
2023-10-06T01:30:00,42705199999,KULLU MANALI,31.877,77.154,15.0,,93.75
2023-10-06T02:00:00,42705199999,KULLU MANALI,31.877,77.154,15.0,,93.75
2023-10-06T02:30:00,42705199999,KULLU MANALI,31.877,77.154,15.0,,93.75
2023-10-06T03:00:00,42705199999,KULLU MANALI,31.877,77.154,16.0,,82.39
2023-10-06T03:30:00,42705199999,KULLU MANALI,31.877,77.154,19.0,,72.76
2023-10-06T04:00:00,42705199999,KULLU MANALI,31.877,77.154,21.0,,60.24
2023-10-06T05:00:00,42705199999,KULLU MANALI,31.877,77.154,26.0,,47.55
2023-10-06T05:30:00,42705199999,KULLU MANALI,31.877,77.154,28.0,,42.28
2023-10-06T06:00:00,42705199999,KULLU MANALI,31.877,77.154,28.0,,42.28
2023-10-07T00:30:00,42705199999,KULLU MANALI,31.877,77.154,15.0,,93.75
2023-10-07T01:00:00,42705199999,KULLU MANALI,31.877,77.154,15.0,,93.75
2023-10-07T01:30:00,42705199999,KULLU MANALI,31.877,77.154,15.0,,93.75
2023-10-07T02:00:00,42705199999,KULLU MANALI,31.877,77.154,15.0,,93.75
2023-10-07T02:30:00,42705199999,KULLU MANALI,31.877,77.154,17.0,,82.51
2023-10-07T03:00:00,42705199999,KULLU MANALI,31.877,77.154,19.0,,77.62
2023-10-07T04:00:00,42705199999,KULLU MANALI,31.877,77.154,21.0,,68.58
2023-10-07T05:00:00,42705199999,KULLU MANALI,31.877,77.154,26.0,,54.08
2023-10-07T06:00:00,42705199999,KULLU MANALI,31.877,77.154,28.0,,42.28
2023-10-08T00:30:00,42705199999,KULLU MANALI,31.877,77.154,15.0,,93.75
2023-10-08T01:00:00,42705199999,KULLU MANALI,31.877,77.154,15.0,,93.75
2023-10-08T01:30:00,42705199999,KULLU MANALI,31.877,77.154,15.0,,93.75
2023-10-08T02:00:00,42705199999,KULLU MANALI,31.877,77.154,15.0,,93.75
2023-10-08T02:30:00,42705199999,KULLU MANALI,31.877,77.154,17.0,,88.01
2023-10-08T03:00:00,42705199999,KULLU MANALI,31.877,77.154,17.0,,82.51
2023-10-08T04:00:00,42705199999,KULLU MANALI,31.877,77.154,23.0,,56.91
2023-10-08T05:00:00,42705199999,KULLU MANALI,31.877,77.154,26.0,,47.55
2023-10-08T06:00:00,42705199999,KULLU MANALI,31.877,77.154,28.0,,42.28
2023-10-09T00:30:00,42705199999,KULLU MANALI,31.877,77.154,13.0,,93.65
2023-10-09T01:00:00,42705199999,KULLU MANALI,31.877,77.154,13.0,,93.65
2023-10-09T01:30:00,42705199999,KULLU MANALI,31.877,77.154,13.0,,93.65
2023-10-09T02:00:00,42705199999,KULLU MANALI,31.877,77.154,13.0,,93.65
2023-10-09T02:30:00,42705199999,KULLU MANALI,31.877,77.154,15.0,,82.26
2023-10-09T03:00:00,42705199999,KULLU MANALI,31.877,77.154,17.0,,77.31
2023-10-09T03:30:00,42705199999,KULLU MANALI,31.877,77.154,19.0,,68.18
2023-10-09T04:00:00,42705199999,KULLU MANALI,31.877,77.154,21.0,,56.41
2023-10-09T04:30:00,42705199999,KULLU MANALI,31.877,77.154,23.0,,49.93
2023-10-09T05:00:00,42705199999,KULLU MANALI,31.877,77.154,25.0,,44.28
2023-10-09T05:30:00,42705199999,KULLU MANALI,31.877,77.154,27.0,,39.34
2023-10-09T06:00:00,42705199999,KULLU MANALI,31.877,77.154,28.0,,34.73
2023-10-10T00:30:00,42705199999,KULLU MANALI,31.877,77.154,12.0,,100.0
2023-10-10T01:00:00,42705199999,KULLU MANALI,31.877,77.154,12.0,,100.0
2023-10-10T01:30:00,42705199999,KULLU MANALI,31.877,77.154,12.0,,100.0
2023-10-10T02:00:00,42705199999,KULLU MANALI,31.877,77.154,12.0,,93.6
2023-10-10T02:30:00,42705199999,KULLU MANALI,31.877,77.154,12.0,,93.6
2023-10-10T03:00:00,42705199999,KULLU MANALI,31.877,77.154,15.0,,82.26
2023-10-10T04:00:00,42705199999,KULLU MANALI,31.877,77.154,16.0,,77.16
2023-10-10T05:00:00,42705199999,KULLU MANALI,31.877,77.154,19.0,,55.91
2023-10-10T06:00:00,42705199999,KULLU MANALI,31.877,77.154,23.0,,46.74
2023-10-11T00:30:00,42705199999,KULLU MANALI,31.877,77.154,10.0,,93.5
2023-10-11T01:00:00,42705199999,KULLU MANALI,31.877,77.154,10.0,,93.5
2023-10-11T01:30:00,42705199999,KULLU MANALI,31.877,77.154,10.0,,93.5
2023-10-11T02:00:00,42705199999,KULLU MANALI,31.877,77.154,10.0,,93.5
2023-10-11T02:30:00,42705199999,KULLU MANALI,31.877,77.154,11.0,,87.48
2023-10-11T03:00:00,42705199999,KULLU MANALI,31.877,77.154,14.0,,82.14
2023-10-11T04:00:00,42705199999,KULLU MANALI,31.877,77.154,19.0,,55.91
2023-10-11T04:30:00,42705199999,KULLU MANALI,31.877,77.154,21.0,,49.4
2023-10-11T05:00:00,42705199999,KULLU MANALI,31.877,77.154,23.0,,43.73
2023-10-11T05:30:00,42705199999,KULLU MANALI,31.877,77.154,23.0,,43.73
2023-10-11T06:00:00,42705199999,KULLU MANALI,31.877,77.154,24.0,,44.01
2023-10-12T00:30:00,42705199999,KULLU MANALI,31.877,77.154,12.0,,81.88
2023-10-12T01:00:00,42705199999,KULLU MANALI,31.877,77.154,11.0,,93.55
2023-10-12T01:30:00,42705199999,KULLU MANALI,31.877,77.154,11.0,,93.55
2023-10-12T02:00:00,42705199999,KULLU MANALI,31.877,77.154,11.0,,93.55
2023-10-12T02:30:00,42705199999,KULLU MANALI,31.877,77.154,13.0,,82.01
2023-10-12T03:00:00,42705199999,KULLU MANALI,31.877,77.154,14.0,,82.14
2023-10-12T04:00:00,42705199999,KULLU MANALI,31.877,77.154,20.0,,56.16
2023-10-12T05:00:00,42705199999,KULLU MANALI,31.877,77.154,24.0,,44.01
2023-10-12T06:00:00,42705199999,KULLU MANALI,31.877,77.154,26.0,,41.73
2023-10-13T00:30:00,42705199999,KULLU MANALI,31.877,77.154,12.0,,93.6
2023-10-13T01:00:00,42705199999,KULLU MANALI,31.877,77.154,12.0,,93.6
2023-10-13T01:30:00,42705199999,KULLU MANALI,31.877,77.154,12.0,,93.6
2023-10-13T02:00:00,42705199999,KULLU MANALI,31.877,77.154,12.0,,93.6
2023-10-13T03:00:00,42705199999,KULLU MANALI,31.877,77.154,14.0,,87.75
2023-10-13T04:00:00,42705199999,KULLU MANALI,31.877,77.154,21.0,,52.8
2023-10-13T05:00:00,42705199999,KULLU MANALI,31.877,77.154,24.0,,47.01
2023-10-13T06:00:00,42705199999,KULLU MANALI,31.877,77.154,26.0,,39.06
2023-10-14T00:30:00,42705199999,KULLU MANALI,31.877,77.154,13.0,,93.65
2023-10-14T01:00:00,42705199999,KULLU MANALI,31.877,77.154,12.0,,100.0
2023-10-14T01:30:00,42705199999,KULLU MANALI,31.877,77.154,12.0,,100.0
2023-10-14T02:00:00,42705199999,KULLU MANALI,31.877,77.154,13.0,,93.65
2023-10-14T02:30:00,42705199999,KULLU MANALI,31.877,77.154,14.0,,87.75
2023-10-14T03:00:00,42705199999,KULLU MANALI,31.877,77.154,16.0,,82.39
2023-10-14T04:00:00,42705199999,KULLU MANALI,31.877,77.154,21.0,,60.24
2023-10-14T05:00:00,42705199999,KULLU MANALI,31.877,77.154,25.0,,47.28
2023-10-14T06:00:00,42705199999,KULLU MANALI,31.877,77.154,24.0,,50.2
2023-10-15T00:30:00,42705199999,KULLU MANALI,31.877,77.154,14.0,,100.0
2023-10-15T01:00:00,42705199999,KULLU MANALI,31.877,77.154,14.0,,100.0
2023-10-15T01:30:00,42705199999,KULLU MANALI,31.877,77.154,14.0,,100.0
2023-10-15T02:00:00,42705199999,KULLU MANALI,31.877,77.154,14.0,,100.0
2023-10-15T02:30:00,42705199999,KULLU MANALI,31.877,77.154,14.0,,100.0
2023-10-15T03:00:00,42705199999,KULLU MANALI,31.877,77.154,14.0,,100.0
2023-10-15T03:30:00,42705199999,KULLU MANALI,31.877,77.154,15.0,,93.75
2023-10-15T04:00:00,42705199999,KULLU MANALI,31.877,77.154,15.0,,93.75
2023-10-15T04:30:00,42705199999,KULLU MANALI,31.877,77.154,16.0,,87.93
2023-10-15T05:00:00,42705199999,KULLU MANALI,31.877,77.154,17.0,,82.51
2023-10-15T06:00:00,42705199999,KULLU MANALI,31.877,77.154,20.0,,60.0
2023-10-16T00:30:00,42705199999,KULLU MANALI,31.877,77.154,11.0,,93.55
2023-10-16T01:00:00,42705199999,KULLU MANALI,31.877,77.154,11.0,,93.55
2023-10-16T01:30:00,42705199999,KULLU MANALI,31.877,77.154,11.0,,93.55
2023-10-16T02:00:00,42705199999,KULLU MANALI,31.877,77.154,11.0,,100.0
2023-10-16T02:30:00,42705199999,KULLU MANALI,31.877,77.154,11.0,,100.0
2023-10-16T03:00:00,42705199999,KULLU MANALI,31.877,77.154,12.0,,93.6
2023-10-16T03:30:00,42705199999,KULLU MANALI,31.877,77.154,12.0,,93.6
2023-10-16T04:00:00,42705199999,KULLU MANALI,31.877,77.154,13.0,,87.66
2023-10-16T04:30:00,42705199999,KULLU MANALI,31.877,77.154,13.0,,87.66
2023-10-16T05:00:00,42705199999,KULLU MANALI,31.877,77.154,13.0,,87.66
2023-10-16T05:30:00,42705199999,KULLU MANALI,31.877,77.154,13.0,,87.66
2023-10-16T06:00:00,42705199999,KULLU MANALI,31.877,77.154,14.0,,82.14
2023-10-17T00:30:00,42705199999,KULLU MANALI,31.877,77.154,8.0,,100.0
2023-10-17T01:00:00,42705199999,KULLU MANALI,31.877,77.154,8.0,,100.0
2023-10-17T01:30:00,42705199999,KULLU MANALI,31.877,77.154,8.0,,100.0
2023-10-17T02:00:00,42705199999,KULLU MANALI,31.877,77.154,9.0,,100.0
2023-10-17T02:30:00,42705199999,KULLU MANALI,31.877,77.154,9.0,,100.0
2023-10-17T03:00:00,42705199999,KULLU MANALI,31.877,77.154,11.0,,93.55
2023-10-17T03:30:00,42705199999,KULLU MANALI,31.877,77.154,12.0,,87.57
2023-10-17T04:00:00,42705199999,KULLU MANALI,31.877,77.154,13.0,,82.01
2023-10-17T05:00:00,42705199999,KULLU MANALI,31.877,77.154,15.0,,72.03
2023-10-17T06:00:00,42705199999,KULLU MANALI,31.877,77.154,17.0,,67.77
2023-10-18T00:30:00,42705199999,KULLU MANALI,31.877,77.154,7.0,,87.1
2023-10-18T01:00:00,42705199999,KULLU MANALI,31.877,77.154,7.0,,87.1
2023-10-18T01:30:00,42705199999,KULLU MANALI,31.877,77.154,7.0,,93.35
2023-10-18T02:00:00,42705199999,KULLU MANALI,31.877,77.154,7.0,,93.35
2023-10-18T02:30:00,42705199999,KULLU MANALI,31.877,77.154,8.0,,87.19
2023-10-18T03:00:00,42705199999,KULLU MANALI,31.877,77.154,9.0,,93.45
2023-10-18T04:00:00,42705199999,KULLU MANALI,31.877,77.154,15.0,,67.36
2023-10-18T05:00:00,42705199999,KULLU MANALI,31.877,77.154,19.0,,52.28
2023-10-18T06:00:00,42705199999,KULLU MANALI,31.877,77.154,21.0,,49.4
2023-10-19T00:30:00,42705199999,KULLU MANALI,31.877,77.154,8.0,,93.4
2023-10-19T01:00:00,42705199999,KULLU MANALI,31.877,77.154,7.0,,100.0
2023-10-19T01:30:00,42705199999,KULLU MANALI,31.877,77.154,7.0,,100.0
2023-10-19T02:00:00,42705199999,KULLU MANALI,31.877,77.154,8.0,,93.4
2023-10-19T02:30:00,42705199999,KULLU MANALI,31.877,77.154,10.0,,81.62
2023-10-19T03:00:00,42705199999,KULLU MANALI,31.877,77.154,11.0,,81.75
2023-10-19T03:30:00,42705199999,KULLU MANALI,31.877,77.154,13.0,,76.68
2023-10-19T04:00:00,42705199999,KULLU MANALI,31.877,77.154,17.0,,51.75
2023-10-19T04:30:00,42705199999,KULLU MANALI,31.877,77.154,19.0,,45.63
2023-10-19T05:00:00,42705199999,KULLU MANALI,31.877,77.154,21.0,,40.32
2023-10-19T06:00:00,42705199999,KULLU MANALI,31.877,77.154,23.0,,43.73
2023-10-20T00:30:00,42705199999,KULLU MANALI,31.877,77.154,8.0,,100.0
2023-10-20T01:00:00,42705199999,KULLU MANALI,31.877,77.154,8.0,,100.0
2023-10-20T01:30:00,42705199999,KULLU MANALI,31.877,77.154,8.0,,100.0
2023-10-20T02:00:00,42705199999,KULLU MANALI,31.877,77.154,8.0,,100.0
2023-10-20T02:30:00,42705199999,KULLU MANALI,31.877,77.154,9.0,,93.45
2023-10-20T03:00:00,42705199999,KULLU MANALI,31.877,77.154,11.0,,87.48
2023-10-20T04:00:00,42705199999,KULLU MANALI,31.877,77.154,14.0,,71.85
2023-10-20T04:30:00,42705199999,KULLU MANALI,31.877,77.154,15.0,,67.36
2023-10-20T05:00:00,42705199999,KULLU MANALI,31.877,77.154,19.0,,48.86
2023-10-20T05:30:00,42705199999,KULLU MANALI,31.877,77.154,21.0,,43.17
2023-10-20T06:00:00,42705199999,KULLU MANALI,31.877,77.154,23.0,,38.21
2023-10-21T00:30:00,42705199999,KULLU MANALI,31.877,77.154,8.0,,100.0
2023-10-21T01:00:00,42705199999,KULLU MANALI,31.877,77.154,8.0,,100.0
2023-10-21T02:00:00,42705199999,KULLU MANALI,31.877,77.154,8.0,,93.4
2023-10-21T02:30:00,42705199999,KULLU MANALI,31.877,77.154,10.0,,81.62
2023-10-21T03:00:00,42705199999,KULLU MANALI,31.877,77.154,13.0,,76.68
2023-10-21T03:30:00,42705199999,KULLU MANALI,31.877,77.154,14.0,,76.84
2023-10-21T04:00:00,42705199999,KULLU MANALI,31.877,77.154,15.0,,62.95
2023-10-21T04:30:00,42705199999,KULLU MANALI,31.877,77.154,17.0,,55.4
2023-10-21T05:00:00,42705199999,KULLU MANALI,31.877,77.154,21.0,,46.19
2023-10-21T06:00:00,42705199999,KULLU MANALI,31.877,77.154,23.0,,40.89
2023-10-21T07:00:00,42705199999,KULLU MANALI,31.877,77.154,24.0,,38.49
2023-10-21T09:00:00,42705199999,KULLU MANALI,31.877,77.154,28.0,,24.76
2023-10-21T10:00:00,42705199999,KULLU MANALI,31.877,77.154,26.0,,29.82
2023-10-21T11:00:00,42705199999,KULLU MANALI,31.877,77.154,24.0,,33.6
2023-10-22T00:30:00,42705199999,KULLU MANALI,31.877,77.154,9.0,,81.49
2023-10-22T01:00:00,42705199999,KULLU MANALI,31.877,77.154,9.0,,81.49
2023-10-22T01:30:00,42705199999,KULLU MANALI,31.877,77.154,8.0,,87.19
2023-10-22T02:00:00,42705199999,KULLU MANALI,31.877,77.154,9.0,,93.45
2023-10-22T02:30:00,42705199999,KULLU MANALI,31.877,77.154,10.0,,87.38
2023-10-22T03:00:00,42705199999,KULLU MANALI,31.877,77.154,11.0,,87.48
2023-10-22T04:00:00,42705199999,KULLU MANALI,31.877,77.154,14.0,,71.85
2023-10-22T04:30:00,42705199999,KULLU MANALI,31.877,77.154,17.0,,55.4
2023-10-22T05:00:00,42705199999,KULLU MANALI,31.877,77.154,19.0,,48.86
2023-10-22T06:00:00,42705199999,KULLU MANALI,31.877,77.154,20.0,,45.91
2023-10-23T00:30:00,42705199999,KULLU MANALI,31.877,77.154,11.0,,87.48
2023-10-23T01:00:00,42705199999,KULLU MANALI,31.877,77.154,11.0,,93.55
2023-10-23T01:30:00,42705199999,KULLU MANALI,31.877,77.154,11.0,,87.48
2023-10-23T02:00:00,42705199999,KULLU MANALI,31.877,77.154,11.0,,87.48
2023-10-23T02:30:00,42705199999,KULLU MANALI,31.877,77.154,12.0,,81.88
2023-10-23T03:00:00,42705199999,KULLU MANALI,31.877,77.154,15.0,,72.03
2023-10-23T03:30:00,42705199999,KULLU MANALI,31.877,77.154,17.0,,63.4
2023-10-23T04:00:00,42705199999,KULLU MANALI,31.877,77.154,17.0,,55.4
2023-10-23T04:30:00,42705199999,KULLU MANALI,31.877,77.154,18.0,,52.01
2023-10-23T05:00:00,42705199999,KULLU MANALI,31.877,77.154,22.0,,40.6
2023-10-23T06:00:00,42705199999,KULLU MANALI,31.877,77.154,24.0,,35.97
2023-10-24T00:30:00,42705199999,KULLU MANALI,31.877,77.154,8.0,,100.0
2023-10-24T01:00:00,42705199999,KULLU MANALI,31.877,77.154,8.0,,100.0
2023-10-24T01:30:00,42705199999,KULLU MANALI,31.877,77.154,8.0,,100.0
2023-10-24T02:00:00,42705199999,KULLU MANALI,31.877,77.154,9.0,,87.29
2023-10-24T03:00:00,42705199999,KULLU MANALI,31.877,77.154,12.0,,76.52
2023-10-24T04:00:00,42705199999,KULLU MANALI,31.877,77.154,16.0,,59.04
2023-10-24T05:00:00,42705199999,KULLU MANALI,31.877,77.154,19.0,,48.86
2023-10-24T06:00:00,42705199999,KULLU MANALI,31.877,77.154,23.0,,40.89
2023-10-24T07:00:00,42705199999,KULLU MANALI,31.877,77.154,25.0,,31.65
2023-10-24T08:00:00,42705199999,KULLU MANALI,31.877,77.154,26.0,,29.82
2023-10-25T00:30:00,42705199999,KULLU MANALI,31.877,77.154,7.0,,93.35
2023-10-25T01:00:00,42705199999,KULLU MANALI,31.877,77.154,7.0,,93.35
2023-10-25T01:30:00,42705199999,KULLU MANALI,31.877,77.154,7.0,,93.35
2023-10-25T02:00:00,42705199999,KULLU MANALI,31.877,77.154,7.0,,93.35
2023-10-25T02:30:00,42705199999,KULLU MANALI,31.877,77.154,8.0,,87.19
2023-10-25T03:00:00,42705199999,KULLU MANALI,31.877,77.154,11.0,,81.75
2023-10-25T04:00:00,42705199999,KULLU MANALI,31.877,77.154,13.0,,66.93
2023-10-25T04:30:00,42705199999,KULLU MANALI,31.877,77.154,15.0,,62.95
2023-10-25T05:00:00,42705199999,KULLU MANALI,31.877,77.154,18.0,,42.31
2023-10-25T05:30:00,42705199999,KULLU MANALI,31.877,77.154,20.0,,37.35
2023-10-25T06:00:00,42705199999,KULLU MANALI,31.877,77.154,22.0,,35.4
2023-10-26T00:30:00,42705199999,KULLU MANALI,31.877,77.154,8.0,,93.4
2023-10-26T01:00:00,42705199999,KULLU MANALI,31.877,77.154,8.0,,93.4
2023-10-26T01:30:00,42705199999,KULLU MANALI,31.877,77.154,7.0,,100.0
2023-10-26T02:00:00,42705199999,KULLU MANALI,31.877,77.154,7.0,,93.35
2023-10-26T02:30:00,42705199999,KULLU MANALI,31.877,77.154,8.0,,87.19
2023-10-26T03:00:00,42705199999,KULLU MANALI,31.877,77.154,11.0,,81.75
2023-10-26T04:00:00,42705199999,KULLU MANALI,31.877,77.154,13.0,,62.48
2023-10-26T05:00:00,42705199999,KULLU MANALI,31.877,77.154,17.0,,51.75
2023-10-26T06:00:00,42705199999,KULLU MANALI,31.877,77.154,22.0,,35.4
2023-10-27T00:30:00,42705199999,KULLU MANALI,31.877,77.154,8.0,,93.4
2023-10-27T01:00:00,42705199999,KULLU MANALI,31.877,77.154,8.0,,93.4
2023-10-27T01:30:00,42705199999,KULLU MANALI,31.877,77.154,8.0,,87.19
2023-10-27T02:00:00,42705199999,KULLU MANALI,31.877,77.154,7.0,,100.0
2023-10-27T02:30:00,42705199999,KULLU MANALI,31.877,77.154,9.0,,87.29
2023-10-27T03:00:00,42705199999,KULLU MANALI,31.877,77.154,11.0,,81.75
2023-10-27T04:00:00,42705199999,KULLU MANALI,31.877,77.154,16.0,,55.14
2023-10-27T05:00:00,42705199999,KULLU MANALI,31.877,77.154,20.0,,42.88
2023-10-27T06:00:00,42705199999,KULLU MANALI,31.877,77.154,22.0,,40.6
2023-10-28T00:30:00,42705199999,KULLU MANALI,31.877,77.154,8.0,,93.4
2023-10-28T01:00:00,42705199999,KULLU MANALI,31.877,77.154,8.0,,93.4
2023-10-28T01:30:00,42705199999,KULLU MANALI,31.877,77.154,8.0,,93.4
2023-10-28T02:00:00,42705199999,KULLU MANALI,31.877,77.154,8.0,,93.4
2023-10-28T02:30:00,42705199999,KULLU MANALI,31.877,77.154,9.0,,87.29
2023-10-28T03:00:00,42705199999,KULLU MANALI,31.877,77.154,11.0,,81.75
2023-10-28T04:00:00,42705199999,KULLU MANALI,31.877,77.154,16.0,,59.04
2023-10-28T05:00:00,42705199999,KULLU MANALI,31.877,77.154,20.0,,45.91
2023-10-29T00:30:00,42705199999,KULLU MANALI,31.877,77.154,9.0,,93.45
2023-10-29T01:00:00,42705199999,KULLU MANALI,31.877,77.154,9.0,,93.45
2023-10-29T01:30:00,42705199999,KULLU MANALI,31.877,77.154,9.0,,93.45
2023-10-29T02:00:00,42705199999,KULLU MANALI,31.877,77.154,8.0,,100.0
2023-10-29T02:30:00,42705199999,KULLU MANALI,31.877,77.154,9.0,,93.45
2023-10-29T03:00:00,42705199999,KULLU MANALI,31.877,77.154,12.0,,81.88
2023-10-29T04:00:00,42705199999,KULLU MANALI,31.877,77.154,15.0,,72.03
2023-10-29T05:00:00,42705199999,KULLU MANALI,31.877,77.154,19.0,,55.91
2023-10-29T06:00:00,42705199999,KULLU MANALI,31.877,77.154,23.0,,38.21
2023-10-30T00:30:00,42705199999,KULLU MANALI,31.877,77.154,8.0,,93.4
2023-10-30T01:00:00,42705199999,KULLU MANALI,31.877,77.154,8.0,,93.4
2023-10-30T01:30:00,42705199999,KULLU MANALI,31.877,77.154,8.0,,100.0
2023-10-30T02:00:00,42705199999,KULLU MANALI,31.877,77.154,8.0,,93.4
2023-10-30T02:30:00,42705199999,KULLU MANALI,31.877,77.154,9.0,,87.29
2023-10-30T03:00:00,42705199999,KULLU MANALI,31.877,77.154,11.0,,87.48
2023-10-30T04:00:00,42705199999,KULLU MANALI,31.877,77.154,17.0,,59.28
2023-10-30T04:30:00,42705199999,KULLU MANALI,31.877,77.154,18.0,,55.66
2023-10-30T05:00:00,42705199999,KULLU MANALI,31.877,77.154,19.0,,48.86
2023-10-30T05:30:00,42705199999,KULLU MANALI,31.877,77.154,20.0,,45.91
2023-10-30T06:00:00,42705199999,KULLU MANALI,31.877,77.154,23.0,,40.89
2023-10-30T07:10:00,42705199999,KULLU MANALI,31.877,77.154,25.0,,36.26
2023-10-30T07:30:00,42705199999,KULLU MANALI,31.877,77.154,26.0,,34.17
2023-10-31T00:30:00,42705199999,KULLU MANALI,31.877,77.154,8.0,,93.4
2023-10-31T01:00:00,42705199999,KULLU MANALI,31.877,77.154,8.0,,93.4
2023-10-31T01:30:00,42705199999,KULLU MANALI,31.877,77.154,7.0,,93.35
2023-10-31T01:58:00,42705199999,KULLU MANALI,31.877,77.154,7.0,,93.35
2023-10-31T02:30:00,42705199999,KULLU MANALI,31.877,77.154,8.0,,93.4
2023-10-31T03:00:00,42705199999,KULLU MANALI,31.877,77.154,12.0,,71.47
2023-10-31T04:00:00,42705199999,KULLU MANALI,31.877,77.154,17.0,,51.75
2023-10-31T05:00:00,42705199999,KULLU MANALI,31.877,77.154,19.0,,48.86
2023-10-31T06:00:00,42705199999,KULLU MANALI,31.877,77.154,22.0,,33.03
2023-11-01T00:30:00,42705199999,KULLU MANALI,31.877,77.154,9.0,,93.45
2023-11-01T01:00:00,42705199999,KULLU MANALI,31.877,77.154,9.0,,93.45
2023-11-01T01:30:00,42705199999,KULLU MANALI,31.877,77.154,9.0,,93.45
2023-11-01T02:00:00,42705199999,KULLU MANALI,31.877,77.154,9.0,,93.45
2023-11-01T02:30:00,42705199999,KULLU MANALI,31.877,77.154,10.0,,81.62
2023-11-01T03:00:00,42705199999,KULLU MANALI,31.877,77.154,12.0,,81.88
2023-11-01T04:00:00,42705199999,KULLU MANALI,31.877,77.154,14.0,,67.15
2023-11-01T04:30:00,42705199999,KULLU MANALI,31.877,77.154,18.0,,55.66
2023-11-01T05:00:00,42705199999,KULLU MANALI,31.877,77.154,19.0,,52.28
2023-11-01T05:30:00,42705199999,KULLU MANALI,31.877,77.154,21.0,,46.19
2023-11-01T06:00:00,42705199999,KULLU MANALI,31.877,77.154,24.0,,35.97
2023-11-03T00:30:00,42705199999,KULLU MANALI,31.877,77.154,9.0,,87.29
2023-11-03T01:00:00,42705199999,KULLU MANALI,31.877,77.154,9.0,,87.29
2023-11-03T01:30:00,42705199999,KULLU MANALI,31.877,77.154,9.0,,93.45
2023-11-03T02:00:00,42705199999,KULLU MANALI,31.877,77.154,8.0,,93.4
2023-11-03T02:30:00,42705199999,KULLU MANALI,31.877,77.154,10.0,,81.62
2023-11-03T03:00:00,42705199999,KULLU MANALI,31.877,77.154,11.0,,81.75
2023-11-03T03:30:00,42705199999,KULLU MANALI,31.877,77.154,12.0,,76.52
2023-11-03T04:00:00,42705199999,KULLU MANALI,31.877,77.154,15.0,,58.79
2023-11-03T05:00:00,42705199999,KULLU MANALI,31.877,77.154,20.0,,42.88
2023-11-03T05:30:00,42705199999,KULLU MANALI,31.877,77.154,22.0,,37.92
2023-11-03T06:00:00,42705199999,KULLU MANALI,31.877,77.154,24.0,,33.6
2023-11-04T00:30:00,42705199999,KULLU MANALI,31.877,77.154,7.0,,93.35
2023-11-04T01:00:00,42705199999,KULLU MANALI,31.877,77.154,7.0,,93.35
2023-11-04T01:30:00,42705199999,KULLU MANALI,31.877,77.154,7.0,,93.35
2023-11-04T02:00:00,42705199999,KULLU MANALI,31.877,77.154,7.0,,93.35
2023-11-04T02:30:00,42705199999,KULLU MANALI,31.877,77.154,8.0,,87.19
2023-11-04T03:00:00,42705199999,KULLU MANALI,31.877,77.154,10.0,,81.62
2023-11-04T04:00:00,42705199999,KULLU MANALI,31.877,77.154,14.0,,58.55
2023-11-04T05:00:00,42705199999,KULLU MANALI,31.877,77.154,20.0,,37.35
2023-11-04T06:00:00,42705199999,KULLU MANALI,31.877,77.154,22.0,,35.4
2023-11-05T00:30:00,42705199999,KULLU MANALI,31.877,77.154,7.0,,93.35
2023-11-05T01:00:00,42705199999,KULLU MANALI,31.877,77.154,7.0,,93.35
2023-11-05T01:30:00,42705199999,KULLU MANALI,31.877,77.154,7.0,,93.35
2023-11-05T02:00:00,42705199999,KULLU MANALI,31.877,77.154,6.0,,100.0
2023-11-05T02:30:00,42705199999,KULLU MANALI,31.877,77.154,8.0,,81.35
2023-11-05T03:00:00,42705199999,KULLU MANALI,31.877,77.154,10.0,,81.62
2023-11-05T04:00:00,42705199999,KULLU MANALI,31.877,77.154,16.0,,51.48
2023-11-05T05:00:00,42705199999,KULLU MANALI,31.877,77.154,18.0,,45.35
2023-11-05T06:00:00,42705199999,KULLU MANALI,31.877,77.154,22.0,,37.92
2023-11-06T00:30:00,42705199999,KULLU MANALI,31.877,77.154,7.0,,100.0
2023-11-06T01:00:00,42705199999,KULLU MANALI,31.877,77.154,7.0,,100.0
2023-11-06T01:30:00,42705199999,KULLU MANALI,31.877,77.154,7.0,,100.0
2023-11-06T02:00:00,42705199999,KULLU MANALI,31.877,77.154,7.0,,93.35
2023-11-06T02:30:00,42705199999,KULLU MANALI,31.877,77.154,8.0,,87.19
2023-11-06T03:00:00,42705199999,KULLU MANALI,31.877,77.154,11.0,,76.36
2023-11-06T03:30:00,42705199999,KULLU MANALI,31.877,77.154,13.0,,66.93
2023-11-06T04:00:00,42705199999,KULLU MANALI,31.877,77.154,13.0,,66.93
2023-11-06T05:00:00,42705199999,KULLU MANALI,31.877,77.154,18.0,,48.58
2023-11-06T06:00:00,42705199999,KULLU MANALI,31.877,77.154,20.0,,42.88
2023-11-07T00:30:00,42705199999,KULLU MANALI,31.877,77.154,6.0,,93.3
2023-11-07T01:00:00,42705199999,KULLU MANALI,31.877,77.154,5.0,,100.0
2023-11-07T02:00:00,42705199999,KULLU MANALI,31.877,77.154,6.0,,93.3
2023-11-07T02:30:00,42705199999,KULLU MANALI,31.877,77.154,7.0,,87.1
2023-11-07T03:00:00,42705199999,KULLU MANALI,31.877,77.154,9.0,,87.29
2023-11-07T04:00:00,42705199999,KULLU MANALI,31.877,77.154,14.0,,54.62
2023-11-07T06:00:00,42705199999,KULLU MANALI,31.877,77.154,21.0,,37.64
2023-11-08T00:30:00,42705199999,KULLU MANALI,31.877,77.154,6.0,,93.3
2023-11-08T01:00:00,42705199999,KULLU MANALI,31.877,77.154,6.0,,93.3
2023-11-08T01:30:00,42705199999,KULLU MANALI,31.877,77.154,6.0,,93.3
2023-11-08T02:00:00,42705199999,KULLU MANALI,31.877,77.154,6.0,,87.0
2023-11-08T02:30:00,42705199999,KULLU MANALI,31.877,77.154,7.0,,87.1
2023-11-08T03:00:00,42705199999,KULLU MANALI,31.877,77.154,8.0,,81.35
2023-11-08T04:00:00,42705199999,KULLU MANALI,31.877,77.154,12.0,,62.25
2023-11-08T05:00:00,42705199999,KULLU MANALI,31.877,77.154,18.0,,42.31
2023-11-08T06:00:00,42705199999,KULLU MANALI,31.877,77.154,21.0,,37.64
2023-11-09T00:30:00,42705199999,KULLU MANALI,31.877,77.154,6.0,,100.0
2023-11-09T01:00:00,42705199999,KULLU MANALI,31.877,77.154,6.0,,100.0
2023-11-09T01:30:00,42705199999,KULLU MANALI,31.877,77.154,6.0,,93.3
2023-11-09T02:00:00,42705199999,KULLU MANALI,31.877,77.154,6.0,,93.3
2023-11-09T02:30:00,42705199999,KULLU MANALI,31.877,77.154,8.0,,81.35
2023-11-09T03:00:00,42705199999,KULLU MANALI,31.877,77.154,10.0,,81.62
2023-11-09T04:00:00,42705199999,KULLU MANALI,31.877,77.154,12.0,,66.72
2023-11-09T05:00:00,42705199999,KULLU MANALI,31.877,77.154,18.0,,45.35
2023-11-10T01:00:00,42705199999,KULLU MANALI,31.877,77.154,10.0,,93.5
2023-11-10T01:30:00,42705199999,KULLU MANALI,31.877,77.154,10.0,,87.38
2023-11-10T02:00:00,42705199999,KULLU MANALI,31.877,77.154,10.0,,87.38
2023-11-10T02:30:00,42705199999,KULLU MANALI,31.877,77.154,10.0,,93.5
2023-11-10T03:30:00,42705199999,KULLU MANALI,31.877,77.154,13.0,,76.68
2023-11-10T04:00:00,42705199999,KULLU MANALI,31.877,77.154,15.0,,67.36
2023-11-10T05:00:00,42705199999,KULLU MANALI,31.877,77.154,20.0,,45.91
2023-11-10T06:00:00,42705199999,KULLU MANALI,31.877,77.154,21.0,,43.17
2023-11-10T06:30:00,42705199999,KULLU MANALI,31.877,77.154,22.0,,40.6
2023-11-11T00:30:00,42705199999,KULLU MANALI,31.877,77.154,8.0,,100.0
2023-11-11T01:00:00,42705199999,KULLU MANALI,31.877,77.154,8.0,,100.0
2023-11-11T01:30:00,42705199999,KULLU MANALI,31.877,77.154,8.0,,93.4
2023-11-11T02:00:00,42705199999,KULLU MANALI,31.877,77.154,7.0,,100.0
2023-11-11T02:30:00,42705199999,KULLU MANALI,31.877,77.154,8.0,,93.4
2023-11-11T03:00:00,42705199999,KULLU MANALI,31.877,77.154,10.0,,93.5
2023-11-11T03:30:00,42705199999,KULLU MANALI,31.877,77.154,12.0,,81.88
2023-11-11T04:00:00,42705199999,KULLU MANALI,31.877,77.154,12.0,,81.88
2023-11-11T05:00:00,42705199999,KULLU MANALI,31.877,77.154,14.0,,76.84
2023-11-11T06:00:00,42705199999,KULLU MANALI,31.877,77.154,19.0,,59.76
2023-11-12T00:30:00,42705199999,KULLU MANALI,31.877,77.154,7.0,,100.0
2023-11-12T01:00:00,42705199999,KULLU MANALI,31.877,77.154,7.0,,93.35
2023-11-12T01:30:00,42705199999,KULLU MANALI,31.877,77.154,7.0,,93.35
2023-11-12T02:00:00,42705199999,KULLU MANALI,31.877,77.154,6.0,,100.0
2023-11-12T02:30:00,42705199999,KULLU MANALI,31.877,77.154,7.0,,93.35
2023-11-12T03:00:00,42705199999,KULLU MANALI,31.877,77.154,9.0,,87.29
2023-11-12T04:00:00,42705199999,KULLU MANALI,31.877,77.154,11.0,,81.75
2023-11-12T05:00:00,42705199999,KULLU MANALI,31.877,77.154,18.0,,55.66
2023-11-12T06:00:00,42705199999,KULLU MANALI,31.877,77.154,20.0,,49.13
2023-11-13T00:30:00,42705199999,KULLU MANALI,31.877,77.154,7.0,,93.35
2023-11-13T01:00:00,42705199999,KULLU MANALI,31.877,77.154,6.0,,100.0
2023-11-13T02:00:00,42705199999,KULLU MANALI,31.877,77.154,6.0,,93.3
2023-11-13T02:30:00,42705199999,KULLU MANALI,31.877,77.154,6.0,,93.3
2023-11-13T03:00:00,42705199999,KULLU MANALI,31.877,77.154,9.0,,87.29
2023-11-13T03:30:00,42705199999,KULLU MANALI,31.877,77.154,11.0,,76.36
2023-11-13T04:00:00,42705199999,KULLU MANALI,31.877,77.154,11.0,,76.36
2023-11-13T04:30:00,42705199999,KULLU MANALI,31.877,77.154,12.0,,71.47
2023-11-13T05:00:00,42705199999,KULLU MANALI,31.877,77.154,16.0,,44.79
2023-11-13T06:00:00,42705199999,KULLU MANALI,31.877,77.154,20.0,,45.91
2023-11-13T08:00:00,42705199999,KULLU MANALI,31.877,77.154,23.0,,38.21
2023-11-14T00:30:00,42705199999,KULLU MANALI,31.877,77.154,7.0,,100.0
2023-11-14T01:00:00,42705199999,KULLU MANALI,31.877,77.154,7.0,,100.0
2023-11-14T01:30:00,42705199999,KULLU MANALI,31.877,77.154,7.0,,100.0
2023-11-14T02:00:00,42705199999,KULLU MANALI,31.877,77.154,7.0,,93.35
2023-11-14T02:30:00,42705199999,KULLU MANALI,31.877,77.154,7.0,,93.35
2023-11-14T03:00:00,42705199999,KULLU MANALI,31.877,77.154,9.0,,87.29
2023-11-14T04:00:00,42705199999,KULLU MANALI,31.877,77.154,12.0,,71.47
2023-11-14T05:00:00,42705199999,KULLU MANALI,31.877,77.154,15.0,,62.95
2023-11-14T06:00:00,42705199999,KULLU MANALI,31.877,77.154,20.0,,45.91
2023-11-15T00:30:00,42705199999,KULLU MANALI,31.877,77.154,7.0,,93.35
2023-11-15T01:00:00,42705199999,KULLU MANALI,31.877,77.154,7.0,,93.35
2023-11-15T01:30:00,42705199999,KULLU MANALI,31.877,77.154,6.0,,100.0
2023-11-15T02:00:00,42705199999,KULLU MANALI,31.877,77.154,6.0,,93.3
2023-11-15T02:30:00,42705199999,KULLU MANALI,31.877,77.154,7.0,,87.1
2023-11-15T03:00:00,42705199999,KULLU MANALI,31.877,77.154,9.0,,87.29
2023-11-15T03:30:00,42705199999,KULLU MANALI,31.877,77.154,11.0,,76.36
2023-11-15T04:00:00,42705199999,KULLU MANALI,31.877,77.154,11.0,,71.28
2023-11-15T04:30:00,42705199999,KULLU MANALI,31.877,77.154,13.0,,62.48
2023-11-15T05:00:00,42705199999,KULLU MANALI,31.877,77.154,18.0,,48.58
2023-11-15T06:00:00,42705199999,KULLU MANALI,31.877,77.154,20.0,,49.13
2023-11-16T01:00:00,42705199999,KULLU MANALI,31.877,77.154,5.0,,93.25
2023-11-16T02:00:00,42705199999,KULLU MANALI,31.877,77.154,5.0,,93.25
2023-11-16T03:00:00,42705199999,KULLU MANALI,31.877,77.154,8.0,,81.35
2023-11-16T04:00:00,42705199999,KULLU MANALI,31.877,77.154,11.0,,62.02
2023-11-16T05:00:00,42705199999,KULLU MANALI,31.877,77.154,15.0,,51.21
2023-11-16T06:00:00,42705199999,KULLU MANALI,31.877,77.154,19.0,,34.54
2023-11-17T00:30:00,42705199999,KULLU MANALI,31.877,77.154,7.0,,93.35
2023-11-17T01:00:00,42705199999,KULLU MANALI,31.877,77.154,7.0,,93.35
2023-11-17T01:30:00,42705199999,KULLU MANALI,31.877,77.154,7.0,,93.35
2023-11-17T02:00:00,42705199999,KULLU MANALI,31.877,77.154,7.0,,93.35
2023-11-17T02:30:00,42705199999,KULLU MANALI,31.877,77.154,8.0,,87.19
2023-11-17T03:00:00,42705199999,KULLU MANALI,31.877,77.154,9.0,,87.29
2023-11-17T04:00:00,42705199999,KULLU MANALI,31.877,77.154,12.0,,66.72
2023-11-17T05:00:00,42705199999,KULLU MANALI,31.877,77.154,18.0,,48.58
2023-11-17T06:00:00,42705199999,KULLU MANALI,31.877,77.154,18.0,,45.35
2023-11-18T01:30:00,42705199999,KULLU MANALI,31.877,77.154,6.0,,93.3
2023-11-18T02:00:00,42705199999,KULLU MANALI,31.877,77.154,6.0,,93.3
2023-11-18T03:00:00,42705199999,KULLU MANALI,31.877,77.154,8.0,,87.19
2023-11-18T04:00:00,42705199999,KULLU MANALI,31.877,77.154,11.0,,66.51
2023-11-18T05:00:00,42705199999,KULLU MANALI,31.877,77.154,17.0,,45.07
2023-11-19T00:30:00,42705199999,KULLU MANALI,31.877,77.154,6.0,,93.3
2023-11-19T01:00:00,42705199999,KULLU MANALI,31.877,77.154,6.0,,93.3
2023-11-19T01:30:00,42705199999,KULLU MANALI,31.877,77.154,6.0,,93.3
2023-11-19T02:00:00,42705199999,KULLU MANALI,31.877,77.154,5.0,,93.25
2023-11-19T02:30:00,42705199999,KULLU MANALI,31.877,77.154,6.0,,87.0
2023-11-19T03:00:00,42705199999,KULLU MANALI,31.877,77.154,8.0,,87.19
2023-11-19T04:00:00,42705199999,KULLU MANALI,31.877,77.154,13.0,,62.48
2023-11-19T05:00:00,42705199999,KULLU MANALI,31.877,77.154,17.0,,45.07
2023-11-19T06:00:00,42705199999,KULLU MANALI,31.877,77.154,18.0,,45.35
2023-11-20T00:30:00,42705199999,KULLU MANALI,31.877,77.154,6.0,,93.3
2023-11-20T01:00:00,42705199999,KULLU MANALI,31.877,77.154,6.0,,93.3
2023-11-20T01:30:00,42705199999,KULLU MANALI,31.877,77.154,6.0,,93.3
2023-11-20T02:00:00,42705199999,KULLU MANALI,31.877,77.154,6.0,,93.3
2023-11-20T02:30:00,42705199999,KULLU MANALI,31.877,77.154,6.0,,93.3
2023-11-20T03:00:00,42705199999,KULLU MANALI,31.877,77.154,8.0,,87.19
2023-11-20T03:30:00,42705199999,KULLU MANALI,31.877,77.154,10.0,,76.19
2023-11-20T04:00:00,42705199999,KULLU MANALI,31.877,77.154,11.0,,66.51
2023-11-20T04:30:00,42705199999,KULLU MANALI,31.877,77.154,13.0,,62.48
2023-11-20T05:00:00,42705199999,KULLU MANALI,31.877,77.154,15.0,,54.89
2023-11-20T05:30:00,42705199999,KULLU MANALI,31.877,77.154,17.0,,48.31
2023-11-20T06:00:00,42705199999,KULLU MANALI,31.877,77.154,19.0,,45.63
2023-11-21T01:00:00,42705199999,KULLU MANALI,31.877,77.154,4.0,,93.2
2023-11-21T02:00:00,42705199999,KULLU MANALI,31.877,77.154,4.0,,93.2
2023-11-21T03:00:00,42705199999,KULLU MANALI,31.877,77.154,6.0,,87.0
2023-11-21T04:00:00,42705199999,KULLU MANALI,31.877,77.154,13.0,,54.36
2023-11-21T05:00:00,42705199999,KULLU MANALI,31.877,77.154,16.0,,41.74
2023-11-21T06:00:00,42705199999,KULLU MANALI,31.877,77.154,19.0,,39.75
2023-11-22T00:30:00,42705199999,KULLU MANALI,31.877,77.154,4.0,,93.2
2023-11-22T01:00:00,42705199999,KULLU MANALI,31.877,77.154,4.0,,93.2
2023-11-22T01:30:00,42705199999,KULLU MANALI,31.877,77.154,4.0,,93.2
2023-11-22T02:00:00,42705199999,KULLU MANALI,31.877,77.154,3.0,,100.0
2023-11-22T02:30:00,42705199999,KULLU MANALI,31.877,77.154,5.0,,86.9
2023-11-22T03:00:00,42705199999,KULLU MANALI,31.877,77.154,7.0,,75.69
2023-11-22T03:30:00,42705199999,KULLU MANALI,31.877,77.154,9.0,,70.89
2023-11-22T04:00:00,42705199999,KULLU MANALI,31.877,77.154,12.0,,54.1
2023-11-22T05:00:00,42705199999,KULLU MANALI,31.877,77.154,16.0,,41.74
2023-11-22T05:30:00,42705199999,KULLU MANALI,31.877,77.154,18.0,,39.46
2023-11-22T06:00:00,42705199999,KULLU MANALI,31.877,77.154,19.0,,32.17
2023-11-23T02:00:00,42705199999,KULLU MANALI,31.877,77.154,4.0,,93.2
2023-11-23T03:00:00,42705199999,KULLU MANALI,31.877,77.154,7.0,,81.22
2023-11-23T04:00:00,42705199999,KULLU MANALI,31.877,77.154,13.0,,50.66
2023-11-23T05:00:00,42705199999,KULLU MANALI,31.877,77.154,14.0,,44.21
2023-11-23T06:00:00,42705199999,KULLU MANALI,31.877,77.154,18.0,,36.77
2023-11-24T00:30:00,42705199999,KULLU MANALI,31.877,77.154,5.0,,86.9
2023-11-24T01:00:00,42705199999,KULLU MANALI,31.877,77.154,5.0,,86.9
2023-11-24T01:30:00,42705199999,KULLU MANALI,31.877,77.154,4.0,,100.0
2023-11-24T02:00:00,42705199999,KULLU MANALI,31.877,77.154,4.0,,100.0
2023-11-24T02:30:00,42705199999,KULLU MANALI,31.877,77.154,5.0,,86.9
2023-11-24T03:00:00,42705199999,KULLU MANALI,31.877,77.154,6.0,,87.0
2023-11-24T04:00:00,42705199999,KULLU MANALI,31.877,77.154,10.0,,61.78
2023-11-24T05:00:00,42705199999,KULLU MANALI,31.877,77.154,14.0,,47.47
2023-11-24T06:00:00,42705199999,KULLU MANALI,31.877,77.154,17.0,,39.17
2023-11-24T06:30:00,42705199999,KULLU MANALI,31.877,77.154,19.0,,39.75
2023-11-25T00:30:00,42705199999,KULLU MANALI,31.877,77.154,5.0,,86.9
2023-11-25T01:30:00,42705199999,KULLU MANALI,31.877,77.154,4.0,,93.2
2023-11-25T02:00:00,42705199999,KULLU MANALI,31.877,77.154,4.0,,93.2
2023-11-25T02:30:00,42705199999,KULLU MANALI,31.877,77.154,5.0,,86.9
2023-11-25T03:00:00,42705199999,KULLU MANALI,31.877,77.154,7.0,,81.22
2023-11-25T03:30:00,42705199999,KULLU MANALI,31.877,77.154,8.0,,75.86
2023-11-25T04:00:00,42705199999,KULLU MANALI,31.877,77.154,10.0,,66.29
2023-11-25T05:00:00,42705199999,KULLU MANALI,31.877,77.154,15.0,,51.21
2023-11-25T06:00:00,42705199999,KULLU MANALI,31.877,77.154,17.0,,45.07
2023-11-26T00:30:00,42705199999,KULLU MANALI,31.877,77.154,5.0,,86.9
2023-11-26T01:00:00,42705199999,KULLU MANALI,31.877,77.154,5.0,,86.9
2023-11-26T01:30:00,42705199999,KULLU MANALI,31.877,77.154,5.0,,86.9
2023-11-26T02:00:00,42705199999,KULLU MANALI,31.877,77.154,4.0,,100.0
2023-11-26T02:30:00,42705199999,KULLU MANALI,31.877,77.154,5.0,,86.9
2023-11-26T03:00:00,42705199999,KULLU MANALI,31.877,77.154,6.0,,87.0
2023-11-26T05:00:00,42705199999,KULLU MANALI,31.877,77.154,12.0,,58.05
2023-11-27T00:30:00,42705199999,KULLU MANALI,31.877,77.154,9.0,,87.29
2023-11-27T01:00:00,42705199999,KULLU MANALI,31.877,77.154,9.0,,87.29
2023-11-27T01:30:00,42705199999,KULLU MANALI,31.877,77.154,9.0,,87.29
2023-11-27T02:00:00,42705199999,KULLU MANALI,31.877,77.154,9.0,,87.29
2023-11-27T02:30:00,42705199999,KULLU MANALI,31.877,77.154,10.0,,81.62
2023-11-27T03:00:00,42705199999,KULLU MANALI,31.877,77.154,10.0,,81.62
2023-11-27T03:30:00,42705199999,KULLU MANALI,31.877,77.154,11.0,,76.36
2023-11-27T04:00:00,42705199999,KULLU MANALI,31.877,77.154,11.0,,81.75
2023-11-27T04:30:00,42705199999,KULLU MANALI,31.877,77.154,12.0,,76.52
2023-11-27T05:00:00,42705199999,KULLU MANALI,31.877,77.154,13.0,,66.93
2023-11-27T05:30:00,42705199999,KULLU MANALI,31.877,77.154,13.0,,66.93
2023-11-27T06:00:00,42705199999,KULLU MANALI,31.877,77.154,14.0,,62.72
2023-11-28T01:30:00,42705199999,KULLU MANALI,31.877,77.154,8.0,,93.4
2023-11-28T03:00:00,42705199999,KULLU MANALI,31.877,77.154,9.0,,87.29
2023-11-28T04:00:00,42705199999,KULLU MANALI,31.877,77.154,13.0,,66.93
2023-11-28T05:00:00,42705199999,KULLU MANALI,31.877,77.154,14.0,,62.72
2023-11-28T06:00:00,42705199999,KULLU MANALI,31.877,77.154,18.0,,48.58
2023-11-29T00:30:00,42705199999,KULLU MANALI,31.877,77.154,10.0,,87.38
2023-11-29T01:00:00,42705199999,KULLU MANALI,31.877,77.154,10.0,,87.38
2023-11-29T01:30:00,42705199999,KULLU MANALI,31.877,77.154,9.0,,93.45
2023-11-29T02:00:00,42705199999,KULLU MANALI,31.877,77.154,9.0,,87.29
2023-11-29T02:30:00,42705199999,KULLU MANALI,31.877,77.154,10.0,,81.62
2023-11-29T03:00:00,42705199999,KULLU MANALI,31.877,77.154,11.0,,76.36
2023-11-29T03:30:00,42705199999,KULLU MANALI,31.877,77.154,12.0,,71.47
2023-11-29T04:00:00,42705199999,KULLU MANALI,31.877,77.154,13.0,,71.66
2023-11-29T04:30:00,42705199999,KULLU MANALI,31.877,77.154,14.0,,67.15
2023-11-29T05:00:00,42705199999,KULLU MANALI,31.877,77.154,15.0,,58.79
2023-11-29T05:30:00,42705199999,KULLU MANALI,31.877,77.154,19.0,,48.86
2023-11-29T06:00:00,42705199999,KULLU MANALI,31.877,77.154,21.0,,40.32
2023-11-30T02:00:00,42705199999,KULLU MANALI,31.877,77.154,10.0,,87.38
2023-11-30T03:00:00,42705199999,KULLU MANALI,31.877,77.154,11.0,,87.48
2023-11-30T04:00:00,42705199999,KULLU MANALI,31.877,77.154,11.0,,87.48
2023-11-30T05:00:00,42705199999,KULLU MANALI,31.877,77.154,13.0,,82.01
2023-12-01T00:30:00,42705199999,KULLU MANALI,31.877,77.154,8.0,,93.4
2023-12-01T01:00:00,42705199999,KULLU MANALI,31.877,77.154,8.0,,93.4
2023-12-01T01:30:00,42705199999,KULLU MANALI,31.877,77.154,7.0,,93.35
2023-12-01T02:00:00,42705199999,KULLU MANALI,31.877,77.154,8.0,,93.4
2023-12-01T02:30:00,42705199999,KULLU MANALI,31.877,77.154,9.0,,87.29
2023-12-01T03:00:00,42705199999,KULLU MANALI,31.877,77.154,9.0,,87.29
2023-12-01T04:00:00,42705199999,KULLU MANALI,31.877,77.154,12.0,,76.52
2023-12-01T04:30:00,42705199999,KULLU MANALI,31.877,77.154,12.0,,76.52
2023-12-01T05:00:00,42705199999,KULLU MANALI,31.877,77.154,14.0,,71.85
2023-12-01T05:30:00,42705199999,KULLU MANALI,31.877,77.154,14.0,,71.85
2023-12-01T06:00:00,42705199999,KULLU MANALI,31.877,77.154,15.0,,62.95
2023-12-02T00:30:00,42705199999,KULLU MANALI,31.877,77.154,15.0,,51.21
2023-12-02T01:00:00,42705199999,KULLU MANALI,31.877,77.154,6.0,,93.3
2023-12-02T02:00:00,42705199999,KULLU MANALI,31.877,77.154,7.0,,93.35
2023-12-02T03:00:00,42705199999,KULLU MANALI,31.877,77.154,8.0,,93.4
2023-12-02T04:00:00,42705199999,KULLU MANALI,31.877,77.154,12.0,,76.52
2023-12-02T05:00:00,42705199999,KULLU MANALI,31.877,77.154,12.0,,66.72
2023-12-03T00:30:00,42705199999,KULLU MANALI,31.877,77.154,4.0,,93.2
2023-12-03T01:00:00,42705199999,KULLU MANALI,31.877,77.154,4.0,,93.2
2023-12-03T01:30:00,42705199999,KULLU MANALI,31.877,77.154,3.0,,100.0
2023-12-03T02:00:00,42705199999,KULLU MANALI,31.877,77.154,3.0,,86.7
2023-12-03T03:00:00,42705199999,KULLU MANALI,31.877,77.154,5.0,,86.9
2023-12-03T03:24:00,42705199999,KULLU MANALI,31.877,77.154,6.0,,81.08
2023-12-03T04:00:00,42705199999,KULLU MANALI,31.877,77.154,8.0,,70.7
2023-12-03T04:30:00,42705199999,KULLU MANALI,31.877,77.154,9.0,,66.07
2023-12-03T05:00:00,42705199999,KULLU MANALI,31.877,77.154,11.0,,50.11
2023-12-03T06:00:00,42705199999,KULLU MANALI,31.877,77.154,15.0,,41.45
2023-12-04T00:30:00,42705199999,KULLU MANALI,31.877,77.154,4.0,,93.2
2023-12-04T01:00:00,42705199999,KULLU MANALI,31.877,77.154,4.0,,93.2
2023-12-04T01:30:00,42705199999,KULLU MANALI,31.877,77.154,4.0,,93.2
2023-12-04T02:00:00,42705199999,KULLU MANALI,31.877,77.154,4.0,,86.8
2023-12-04T03:00:00,42705199999,KULLU MANALI,31.877,77.154,5.0,,86.9
2023-12-04T04:00:00,42705199999,KULLU MANALI,31.877,77.154,10.0,,61.78
2023-12-04T04:30:00,42705199999,KULLU MANALI,31.877,77.154,10.0,,61.78
2023-12-04T05:00:00,42705199999,KULLU MANALI,31.877,77.154,11.0,,57.8
2023-12-04T05:30:00,42705199999,KULLU MANALI,31.877,77.154,12.0,,54.1
2023-12-04T06:00:00,42705199999,KULLU MANALI,31.877,77.154,12.0,,54.1
2023-12-05T01:00:00,42705199999,KULLU MANALI,31.877,77.154,3.0,,93.14
2023-12-05T02:00:00,42705199999,KULLU MANALI,31.877,77.154,3.0,,93.14
2023-12-05T03:00:00,42705199999,KULLU MANALI,31.877,77.154,4.0,,93.2
2023-12-05T04:00:00,42705199999,KULLU MANALI,31.877,77.154,7.0,,81.22
2023-12-05T05:00:00,42705199999,KULLU MANALI,31.877,77.154,10.0,,66.29
2023-12-05T06:00:00,42705199999,KULLU MANALI,31.877,77.154,16.0,,48.03
2023-12-06T00:30:00,42705199999,KULLU MANALI,31.877,77.154,3.0,,93.14
2023-12-06T01:00:00,42705199999,KULLU MANALI,31.877,77.154,3.0,,93.14
2023-12-06T01:30:00,42705199999,KULLU MANALI,31.877,77.154,2.0,,93.09
2023-12-06T02:00:00,42705199999,KULLU MANALI,31.877,77.154,3.0,,93.14
2023-12-06T02:30:00,42705199999,KULLU MANALI,31.877,77.154,3.0,,93.14
2023-12-06T03:00:00,42705199999,KULLU MANALI,31.877,77.154,5.0,,75.35
2023-12-06T03:30:00,42705199999,KULLU MANALI,31.877,77.154,7.0,,75.69
2023-12-06T04:00:00,42705199999,KULLU MANALI,31.877,77.154,10.0,,61.78
2023-12-06T04:30:00,42705199999,KULLU MANALI,31.877,77.154,11.0,,57.8
2023-12-06T05:00:00,42705199999,KULLU MANALI,31.877,77.154,14.0,,50.94
2023-12-06T05:30:00,42705199999,KULLU MANALI,31.877,77.154,14.0,,47.47
2023-12-06T06:00:00,42705199999,KULLU MANALI,31.877,77.154,17.0,,42.03
2023-12-06T06:30:00,42705199999,KULLU MANALI,31.877,77.154,17.0,,42.03
2023-12-06T07:00:00,42705199999,KULLU MANALI,31.877,77.154,20.0,,37.35
2023-12-07T01:00:00,42705199999,KULLU MANALI,31.877,77.154,3.0,,100.0
2023-12-07T02:00:00,42705199999,KULLU MANALI,31.877,77.154,2.0,,93.09
2023-12-07T03:00:00,42705199999,KULLU MANALI,31.877,77.154,5.0,,86.9
2023-12-07T04:00:00,42705199999,KULLU MANALI,31.877,77.154,8.0,,65.85
2023-12-07T05:00:00,42705199999,KULLU MANALI,31.877,77.154,14.0,,44.21
2023-12-07T06:00:00,42705199999,KULLU MANALI,31.877,77.154,17.0,,42.03
2023-12-08T00:30:00,42705199999,KULLU MANALI,31.877,77.154,3.0,,86.7
2023-12-08T01:00:00,42705199999,KULLU MANALI,31.877,77.154,3.0,,86.7
2023-12-08T01:30:00,42705199999,KULLU MANALI,31.877,77.154,3.0,,93.14
2023-12-08T02:00:00,42705199999,KULLU MANALI,31.877,77.154,2.0,,100.0
2023-12-08T02:30:00,42705199999,KULLU MANALI,31.877,77.154,3.0,,93.14
2023-12-08T03:00:00,42705199999,KULLU MANALI,31.877,77.154,3.0,,86.7
2023-12-08T03:30:00,42705199999,KULLU MANALI,31.877,77.154,6.0,,70.3
2023-12-08T04:00:00,42705199999,KULLU MANALI,31.877,77.154,9.0,,61.54
2023-12-08T04:30:00,42705199999,KULLU MANALI,31.877,77.154,10.0,,57.54
2023-12-08T05:00:00,42705199999,KULLU MANALI,31.877,77.154,13.0,,43.93
2023-12-08T05:30:00,42705199999,KULLU MANALI,31.877,77.154,13.0,,43.93
2023-12-08T06:00:00,42705199999,KULLU MANALI,31.877,77.154,16.0,,38.88
2023-12-09T01:00:00,42705199999,KULLU MANALI,31.877,77.154,2.0,,93.09
2023-12-09T02:00:00,42705199999,KULLU MANALI,31.877,77.154,2.0,,100.0
2023-12-09T03:00:00,42705199999,KULLU MANALI,31.877,77.154,4.0,,86.8
2023-12-09T04:00:00,42705199999,KULLU MANALI,31.877,77.154,7.0,,61.05
2023-12-09T05:00:00,42705199999,KULLU MANALI,31.877,77.154,12.0,,54.1
2023-12-09T06:00:00,42705199999,KULLU MANALI,31.877,77.154,15.0,,44.5
2023-12-10T00:30:00,42705199999,KULLU MANALI,31.877,77.154,2.0,,93.09
2023-12-10T01:00:00,42705199999,KULLU MANALI,31.877,77.154,2.0,,93.09
2023-12-10T01:30:00,42705199999,KULLU MANALI,31.877,77.154,2.0,,86.6
2023-12-10T02:00:00,42705199999,KULLU MANALI,31.877,77.154,2.0,,80.52
2023-12-10T02:30:00,42705199999,KULLU MANALI,31.877,77.154,2.0,,86.6
2023-12-10T03:00:00,42705199999,KULLU MANALI,31.877,77.154,3.0,,75.0
2023-12-10T03:30:00,42705199999,KULLU MANALI,31.877,77.154,5.0,,70.1
2023-12-10T04:00:00,42705199999,KULLU MANALI,31.877,77.154,7.0,,61.05
2023-12-10T04:30:00,42705199999,KULLU MANALI,31.877,77.154,8.0,,57.03
2023-12-10T05:00:00,42705199999,KULLU MANALI,31.877,77.154,9.0,,57.28
2023-12-11T01:30:00,42705199999,KULLU MANALI,31.877,77.154,2.0,,86.6
2023-12-11T02:00:00,42705199999,KULLU MANALI,31.877,77.154,1.0,,86.5
2023-12-11T02:30:00,42705199999,KULLU MANALI,31.877,77.154,1.0,,86.5
2023-12-11T03:30:00,42705199999,KULLU MANALI,31.877,77.154,3.0,,75.0
2023-12-11T04:00:00,42705199999,KULLU MANALI,31.877,77.154,4.0,,75.17
2023-12-11T04:30:00,42705199999,KULLU MANALI,31.877,77.154,5.0,,70.1
2023-12-11T05:00:00,42705199999,KULLU MANALI,31.877,77.154,6.0,,60.81
2023-12-11T05:30:00,42705199999,KULLU MANALI,31.877,77.154,9.0,,49.55
2023-12-11T06:00:00,42705199999,KULLU MANALI,31.877,77.154,10.0,,43.05
2023-12-12T00:30:00,42705199999,KULLU MANALI,31.877,77.154,3.0,,86.7
2023-12-12T02:30:00,42705199999,KULLU MANALI,31.877,77.154,3.0,,86.7
2023-12-12T03:00:00,42705199999,KULLU MANALI,31.877,77.154,4.0,,80.8
2023-12-12T04:00:00,42705199999,KULLU MANALI,31.877,77.154,6.0,,70.3
2023-12-13T00:30:00,42705199999,KULLU MANALI,31.877,77.154,0.0,,92.98
2023-12-13T01:00:00,42705199999,KULLU MANALI,31.877,77.154,-1.0,,92.92
2023-12-13T01:30:00,42705199999,KULLU MANALI,31.877,77.154,-1.0,,92.92
2023-12-13T02:00:00,42705199999,KULLU MANALI,31.877,77.154,-1.0,,92.92
2023-12-13T02:30:00,42705199999,KULLU MANALI,31.877,77.154,-1.0,,92.92
2023-12-13T03:00:00,42705199999,KULLU MANALI,31.877,77.154,1.0,,86.5
2023-12-13T04:00:00,42705199999,KULLU MANALI,31.877,77.154,4.0,,80.8
2023-12-13T04:30:00,42705199999,KULLU MANALI,31.877,77.154,6.0,,56.5
2023-12-13T05:30:00,42705199999,KULLU MANALI,31.877,77.154,9.0,,49.55
2023-12-13T06:00:00,42705199999,KULLU MANALI,31.877,77.154,11.0,,37.4
2023-12-13T06:30:00,42705199999,KULLU MANALI,31.877,77.154,12.0,,35.01
2023-12-13T07:00:00,42705199999,KULLU MANALI,31.877,77.154,15.0,,28.8
2023-12-13T07:30:00,42705199999,KULLU MANALI,31.877,77.154,15.0,,28.8
2023-12-13T08:00:00,42705199999,KULLU MANALI,31.877,77.154,16.0,,27.01
2023-12-14T00:30:00,42705199999,KULLU MANALI,31.877,77.154,0.0,,86.39
2023-12-14T01:00:00,42705199999,KULLU MANALI,31.877,77.154,0.0,,86.39
2023-12-14T01:30:00,42705199999,KULLU MANALI,31.877,77.154,0.0,,92.98
2023-12-14T02:00:00,42705199999,KULLU MANALI,31.877,77.154,0.0,,92.98
2023-12-14T02:30:00,42705199999,KULLU MANALI,31.877,77.154,1.0,,86.5
2023-12-14T03:00:00,42705199999,KULLU MANALI,31.877,77.154,1.0,,86.5
2023-12-14T04:00:00,42705199999,KULLU MANALI,31.877,77.154,4.0,,69.89
2023-12-14T05:00:00,42705199999,KULLU MANALI,31.877,77.154,8.0,,45.75
2023-12-14T05:30:00,42705199999,KULLU MANALI,31.877,77.154,8.0,,45.75
2023-12-15T00:30:00,42705199999,KULLU MANALI,31.877,77.154,2.0,,80.52
2023-12-15T01:00:00,42705199999,KULLU MANALI,31.877,77.154,2.0,,80.52
2023-12-15T01:30:00,42705199999,KULLU MANALI,31.877,77.154,1.0,,86.5
2023-12-15T02:00:00,42705199999,KULLU MANALI,31.877,77.154,2.0,,80.52
2023-12-15T02:30:00,42705199999,KULLU MANALI,31.877,77.154,2.0,,80.52
2023-12-15T03:00:00,42705199999,KULLU MANALI,31.877,77.154,2.0,,86.6
2023-12-15T03:30:00,42705199999,KULLU MANALI,31.877,77.154,2.0,,80.52
2023-12-15T04:00:00,42705199999,KULLU MANALI,31.877,77.154,5.0,,70.1
2023-12-15T04:30:00,42705199999,KULLU MANALI,31.877,77.154,5.0,,70.1
2023-12-15T05:00:00,42705199999,KULLU MANALI,31.877,77.154,7.0,,61.05
2023-12-15T05:30:00,42705199999,KULLU MANALI,31.877,77.154,7.0,,61.05
2023-12-15T06:00:00,42705199999,KULLU MANALI,31.877,77.154,9.0,,53.29
2023-12-16T00:30:00,42705199999,KULLU MANALI,31.877,77.154,0.0,,100.0
2023-12-16T01:00:00,42705199999,KULLU MANALI,31.877,77.154,0.0,,100.0
2023-12-16T02:00:00,42705199999,KULLU MANALI,31.877,77.154,0.0,,100.0
2023-12-16T03:00:00,42705199999,KULLU MANALI,31.877,77.154,0.0,,100.0
2023-12-16T04:00:00,42705199999,KULLU MANALI,31.877,77.154,3.0,,86.7
2023-12-16T05:00:00,42705199999,KULLU MANALI,31.877,77.154,8.0,,57.03
2023-12-16T06:00:00,42705199999,KULLU MANALI,31.877,77.154,11.0,,46.62
2023-12-17T00:30:00,42705199999,KULLU MANALI,31.877,77.154,3.0,,86.7
2023-12-17T01:00:00,42705199999,KULLU MANALI,31.877,77.154,3.0,,86.7
2023-12-17T01:30:00,42705199999,KULLU MANALI,31.877,77.154,1.0,,86.5
2023-12-17T02:00:00,42705199999,KULLU MANALI,31.877,77.154,2.0,,80.52
2023-12-17T02:30:00,42705199999,KULLU MANALI,31.877,77.154,2.0,,80.52
2023-12-17T03:00:00,42705199999,KULLU MANALI,31.877,77.154,2.0,,86.6
2023-12-17T03:30:00,42705199999,KULLU MANALI,31.877,77.154,3.0,,80.66
2023-12-17T04:00:00,42705199999,KULLU MANALI,31.877,77.154,3.0,,80.66
2023-12-17T04:30:00,42705199999,KULLU MANALI,31.877,77.154,6.0,,65.4
2023-12-17T05:00:00,42705199999,KULLU MANALI,31.877,77.154,10.0,,53.56
2023-12-17T06:00:00,42705199999,KULLU MANALI,31.877,77.154,12.0,,40.57
2023-12-17T06:30:00,42705199999,KULLU MANALI,31.877,77.154,13.0,,40.87
2023-12-18T00:30:00,42705199999,KULLU MANALI,31.877,77.154,0.0,,92.98
2023-12-18T01:00:00,42705199999,KULLU MANALI,31.877,77.154,0.0,,92.98
2023-12-18T01:30:00,42705199999,KULLU MANALI,31.877,77.154,0.0,,86.39
2023-12-18T02:00:00,42705199999,KULLU MANALI,31.877,77.154,0.0,,86.39
2023-12-18T02:30:00,42705199999,KULLU MANALI,31.877,77.154,0.0,,86.39
2023-12-18T03:00:00,42705199999,KULLU MANALI,31.877,77.154,0.0,,92.98
2023-12-18T03:30:00,42705199999,KULLU MANALI,31.877,77.154,1.0,,86.5
2023-12-18T04:00:00,42705199999,KULLU MANALI,31.877,77.154,4.0,,69.89
2023-12-18T04:30:00,42705199999,KULLU MANALI,31.877,77.154,5.0,,60.56
2023-12-18T05:00:00,42705199999,KULLU MANALI,31.877,77.154,9.0,,49.55
2023-12-18T05:30:00,42705199999,KULLU MANALI,31.877,77.154,10.0,,46.33
2023-12-18T06:00:00,42705199999,KULLU MANALI,31.877,77.154,12.0,,43.64
2023-12-19T00:30:00,42705199999,KULLU MANALI,31.877,77.154,-1.0,,80.08
2023-12-19T01:00:00,42705199999,KULLU MANALI,31.877,77.154,-1.0,,80.08
2023-12-19T02:00:00,42705199999,KULLU MANALI,31.877,77.154,-1.0,,86.29
2023-12-19T03:00:00,42705199999,KULLU MANALI,31.877,77.154,-1.0,,86.29
2023-12-19T04:00:00,42705199999,KULLU MANALI,31.877,77.154,6.0,,56.5
2023-12-19T05:00:00,42705199999,KULLU MANALI,31.877,77.154,8.0,,70.7
2023-12-20T00:30:00,42705199999,KULLU MANALI,31.877,77.154,0.0,,92.98
2023-12-20T01:30:00,42705199999,KULLU MANALI,31.877,77.154,0.0,,92.98
2023-12-20T02:00:00,42705199999,KULLU MANALI,31.877,77.154,-1.0,,92.92
2023-12-20T02:30:00,42705199999,KULLU MANALI,31.877,77.154,-1.0,,92.92
2023-12-20T03:00:00,42705199999,KULLU MANALI,31.877,77.154,0.0,,92.98
2023-12-20T03:30:00,42705199999,KULLU MANALI,31.877,77.154,0.0,,92.98
2023-12-20T04:00:00,42705199999,KULLU MANALI,31.877,77.154,1.0,,86.5
2023-12-20T04:30:00,42705199999,KULLU MANALI,31.877,77.154,4.0,,60.31
2023-12-20T05:00:00,42705199999,KULLU MANALI,31.877,77.154,10.0,,46.33
2023-12-20T05:30:00,42705199999,KULLU MANALI,31.877,77.154,11.0,,46.62
2023-12-21T00:30:00,42705199999,KULLU MANALI,31.877,77.154,0.0,,92.98
2023-12-21T01:00:00,42705199999,KULLU MANALI,31.877,77.154,0.0,,92.98
2023-12-21T02:00:00,42705199999,KULLU MANALI,31.877,77.154,0.0,,92.98
2023-12-21T03:00:00,42705199999,KULLU MANALI,31.877,77.154,1.0,,86.5
2023-12-21T04:00:00,42705199999,KULLU MANALI,31.877,77.154,6.0,,60.81
2023-12-21T05:00:00,42705199999,KULLU MANALI,31.877,77.154,8.0,,53.02
2023-12-22T00:30:00,42705199999,KULLU MANALI,31.877,77.154,1.0,,86.5
2023-12-22T01:00:00,42705199999,KULLU MANALI,31.877,77.154,1.0,,86.5
2023-12-22T01:30:00,42705199999,KULLU MANALI,31.877,77.154,1.0,,86.5
2023-12-22T02:00:00,42705199999,KULLU MANALI,31.877,77.154,1.0,,86.5
2023-12-22T02:30:00,42705199999,KULLU MANALI,31.877,77.154,1.0,,86.5
2023-12-22T03:00:00,42705199999,KULLU MANALI,31.877,77.154,1.0,,86.5
2023-12-22T03:30:00,42705199999,KULLU MANALI,31.877,77.154,3.0,,69.69
2023-12-22T04:00:00,42705199999,KULLU MANALI,31.877,77.154,6.0,,60.81
2023-12-22T04:30:00,42705199999,KULLU MANALI,31.877,77.154,7.0,,56.77
2023-12-22T05:00:00,42705199999,KULLU MANALI,31.877,77.154,8.0,,53.02
2023-12-22T05:30:00,42705199999,KULLU MANALI,31.877,77.154,10.0,,46.33
2023-12-22T06:00:00,42705199999,KULLU MANALI,31.877,77.154,10.0,,46.33
2023-12-22T06:30:00,42705199999,KULLU MANALI,31.877,77.154,10.0,,46.33
2023-12-22T07:00:00,42705199999,KULLU MANALI,31.877,77.154,12.0,,43.64
2023-12-23T00:30:00,42705199999,KULLU MANALI,31.877,77.154,7.0,,70.5
2023-12-23T01:00:00,42705199999,KULLU MANALI,31.877,77.154,7.0,,70.5
2023-12-23T02:00:00,42705199999,KULLU MANALI,31.877,77.154,7.0,,70.5
2023-12-23T03:00:00,42705199999,KULLU MANALI,31.877,77.154,8.0,,65.85
2023-12-23T05:00:00,42705199999,KULLU MANALI,31.877,77.154,10.0,,53.56
2023-12-23T06:00:00,42705199999,KULLU MANALI,31.877,77.154,13.0,,50.66
2023-12-24T00:30:00,42705199999,KULLU MANALI,31.877,77.154,2.0,,93.09
2023-12-24T01:00:00,42705199999,KULLU MANALI,31.877,77.154,3.0,,86.7
2023-12-24T01:30:00,42705199999,KULLU MANALI,31.877,77.154,3.0,,86.7
2023-12-24T02:00:00,42705199999,KULLU MANALI,31.877,77.154,2.0,,86.6
2023-12-24T02:30:00,42705199999,KULLU MANALI,31.877,77.154,2.0,,93.09
2023-12-24T03:00:00,42705199999,KULLU MANALI,31.877,77.154,3.0,,93.14
2023-12-24T03:30:00,42705199999,KULLU MANALI,31.877,77.154,4.0,,86.8
2023-12-24T04:00:00,42705199999,KULLU MANALI,31.877,77.154,7.0,,81.22
2023-12-24T04:30:00,42705199999,KULLU MANALI,31.877,77.154,8.0,,75.86
2023-12-24T05:00:00,42705199999,KULLU MANALI,31.877,77.154,9.0,,61.54
2023-12-24T06:00:00,42705199999,KULLU MANALI,31.877,77.154,15.0,,44.5
2023-12-27T01:00:00,42705199999,KULLU MANALI,31.877,77.154,1.0,,93.03
2023-12-27T01:30:00,42705199999,KULLU MANALI,31.877,77.154,0.0,,86.39
2023-12-27T02:00:00,42705199999,KULLU MANALI,31.877,77.154,1.0,,93.03
2023-12-27T03:00:00,42705199999,KULLU MANALI,31.877,77.154,1.0,,86.5
2023-12-27T03:30:00,42705199999,KULLU MANALI,31.877,77.154,1.0,,93.03
2023-12-27T04:00:00,42705199999,KULLU MANALI,31.877,77.154,5.0,,75.35
2023-12-27T04:30:00,42705199999,KULLU MANALI,31.877,77.154,6.0,,70.3
2023-12-27T05:00:00,42705199999,KULLU MANALI,31.877,77.154,9.0,,57.28
2023-12-27T06:30:00,42705199999,KULLU MANALI,31.877,77.154,15.0,,38.58
2023-12-27T07:00:00,42705199999,KULLU MANALI,31.877,77.154,15.0,,38.58
2023-12-27T07:30:00,42705199999,KULLU MANALI,31.877,77.154,16.0,,36.19
2023-12-28T01:30:00,42705199999,KULLU MANALI,31.877,77.154,1.0,,93.03
2023-12-28T02:00:00,42705199999,KULLU MANALI,31.877,77.154,1.0,,93.03
2023-12-28T03:00:00,42705199999,KULLU MANALI,31.877,77.154,2.0,,86.6
2023-12-28T03:30:00,42705199999,KULLU MANALI,31.877,77.154,3.0,,80.66
2023-12-28T04:00:00,42705199999,KULLU MANALI,31.877,77.154,6.0,,65.4
2023-12-28T05:00:00,42705199999,KULLU MANALI,31.877,77.154,8.0,,57.03
2023-12-29T00:30:00,42705199999,KULLU MANALI,31.877,77.154,1.0,,93.03
2023-12-29T01:00:00,42705199999,KULLU MANALI,31.877,77.154,1.0,,93.03
2023-12-29T01:30:00,42705199999,KULLU MANALI,31.877,77.154,1.0,,93.03
2023-12-29T02:00:00,42705199999,KULLU MANALI,31.877,77.154,1.0,,93.03
2023-12-29T02:30:00,42705199999,KULLU MANALI,31.877,77.154,1.0,,93.03
2023-12-29T03:00:00,42705199999,KULLU MANALI,31.877,77.154,2.0,,86.6
2023-12-29T03:30:00,42705199999,KULLU MANALI,31.877,77.154,3.0,,86.7
2023-12-29T04:00:00,42705199999,KULLU MANALI,31.877,77.154,4.0,,75.17
2023-12-29T04:30:00,42705199999,KULLU MANALI,31.877,77.154,6.0,,65.4
2023-12-29T05:00:00,42705199999,KULLU MANALI,31.877,77.154,7.0,,61.05
2023-12-29T05:30:00,42705199999,KULLU MANALI,31.877,77.154,9.0,,53.29
2023-12-29T06:00:00,42705199999,KULLU MANALI,31.877,77.154,13.0,,40.87
2023-12-30T01:00:00,42705199999,KULLU MANALI,31.877,77.154,1.0,,100.0
2023-12-30T01:30:00,42705199999,KULLU MANALI,31.877,77.154,1.0,,93.03
2023-12-30T02:00:00,42705199999,KULLU MANALI,31.877,77.154,1.0,,93.03
2023-12-30T03:00:00,42705199999,KULLU MANALI,31.877,77.154,2.0,,86.6
2023-12-30T04:00:00,42705199999,KULLU MANALI,31.877,77.154,4.0,,86.8
2023-12-30T05:00:00,42705199999,KULLU MANALI,31.877,77.154,6.0,,70.3
2023-12-30T06:00:00,42705199999,KULLU MANALI,31.877,77.154,8.0,,61.3
2023-12-31T00:30:00,42705199999,KULLU MANALI,31.877,77.154,3.0,,93.14
2023-12-31T01:00:00,42705199999,KULLU MANALI,31.877,77.154,3.0,,93.14
2023-12-31T01:30:00,42705199999,KULLU MANALI,31.877,77.154,3.0,,93.14
2023-12-31T02:00:00,42705199999,KULLU MANALI,31.877,77.154,3.0,,93.14
2023-12-31T02:30:00,42705199999,KULLU MANALI,31.877,77.154,3.0,,93.14
2023-12-31T03:00:00,42705199999,KULLU MANALI,31.877,77.154,3.0,,93.14
2023-12-31T03:30:00,42705199999,KULLU MANALI,31.877,77.154,4.0,,86.8
2023-12-31T04:00:00,42705199999,KULLU MANALI,31.877,77.154,6.0,,75.52
2023-12-31T05:00:00,42705199999,KULLU MANALI,31.877,77.154,9.0,,66.07
2023-12-31T06:00:00,42705199999,KULLU MANALI,31.877,77.154,13.0,,47.19
