timestamp,station_id,station_name,latitude,longitude,temperature,pressure,humidity
2015-01-01T00:00:00,42754099999,DEVI AHILYABAI HOLKAR,22.717,75.8,14.6,1011.3,93.73
2015-01-01T03:00:00,42754099999,DEVI AHILYABAI HOLKAR,22.717,75.8,14.4,1012.5,95.56
2015-01-01T06:00:00,42754099999,DEVI AHILYABAI HOLKAR,22.717,75.8,15.2,1014.1,95.59
2015-01-01T09:00:00,42754099999,DEVI AHILYABAI HOLKAR,22.717,75.8,15.4,1011.3,95.6
2015-01-01T12:00:00,42754099999,DEVI AHILYABAI HOLKAR,22.717,75.8,15.4,1011.2,95.6
2015-01-01T15:00:00,42754099999,DEVI AHILYABAI HOLKAR,22.717,75.8,15.0,1013.4,95.58
2015-01-01T18:00:00,42754099999,DEVI AHILYABAI HOLKAR,22.717,75.8,15.0,1013.6,93.75
2015-01-01T21:00:00,42754099999,DEVI AHILYABAI HOLKAR,22.717,75.8,14.6,1012.5,93.73
2015-01-02T00:00:00,42754099999,DEVI AHILYABAI HOLKAR,22.717,75.8,14.0,1013.1,95.55
2015-01-02T03:00:00,42754099999,DEVI AHILYABAI HOLKAR,22.717,75.8,14.2,1015.3,98.07
2015-01-02T06:00:00,42754099999,DEVI AHILYABAI HOLKAR,22.717,75.8,14.6,1016.2,98.08
2015-01-02T09:00:00,42754099999,DEVI AHILYABAI HOLKAR,22.717,75.8,15.4,1014.0,93.76
2015-01-02T12:00:00,42754099999,DEVI AHILYABAI HOLKAR,22.717,75.8,16.2,1013.9,93.8
2015-01-02T15:00:00,42754099999,DEVI AHILYABAI HOLKAR,22.717,75.8,15.2,1016.2,98.09
2015-01-02T18:00:00,42754099999,DEVI AHILYABAI HOLKAR,22.717,75.8,15.4,1016.6,95.6
2015-01-02T21:00:00,42754099999,DEVI AHILYABAI HOLKAR,22.717,75.8,15.0,1015.9,95.58
2015-01-03T00:00:00,42754099999,DEVI AHILYABAI HOLKAR,22.717,75.8,13.8,1016.2,95.54
2015-01-03T03:00:00,42754099999,DEVI AHILYABAI HOLKAR,22.717,75.8,15.0,1017.4,89.58
2015-01-03T06:00:00,42754099999,DEVI AHILYABAI HOLKAR,22.717,75.8,16.4,1018.3,87.96
2015-01-03T09:00:00,42754099999,DEVI AHILYABAI HOLKAR,22.717,75.8,17.0,1015.2,86.33
2015-01-03T12:00:00,42754099999,DEVI AHILYABAI HOLKAR,22.717,75.8,17.4,1014.6,82.56
2015-01-03T15:00:00,42754099999,DEVI AHILYABAI HOLKAR,22.717,75.8,15.2,1017.0,89.59
2015-01-03T18:00:00,42754099999,DEVI AHILYABAI HOLKAR,22.717,75.8,14.0,1017.3,93.7
2015-01-04T00:00:00,42754099999,DEVI AHILYABAI HOLKAR,22.717,75.8,11.8,1017.6,90.53
2015-01-04T03:00:00,42754099999,DEVI AHILYABAI HOLKAR,22.717,75.8,11.0,1019.8,97.38
2015-01-04T06:00:00,42754099999,DEVI AHILYABAI HOLKAR,22.717,75.8,15.2,1019.6,89.59
2015-01-04T09:00:00,42754099999,DEVI AHILYABAI HOLKAR,22.717,75.8,18.4,1016.9,77.52
2015-01-04T12:00:00,42754099999,DEVI AHILYABAI HOLKAR,22.717,75.8,17.4,1017.1,76.87
2015-01-04T15:00:00,42754099999,DEVI AHILYABAI HOLKAR,22.717,75.8,14.2,1019.1,93.71
2015-01-04T18:00:00,42754099999,DEVI AHILYABAI HOLKAR,22.717,75.8,11.8,1019.9,95.48
2015-01-04T21:00:00,42754099999,DEVI AHILYABAI HOLKAR,22.717,75.8,10.8,1019.0,97.37
2015-01-05T00:00:00,42754099999,DEVI AHILYABAI HOLKAR,22.717,75.8,10.6,1018.5,97.37
2015-01-05T03:00:00,42754099999,DEVI AHILYABAI HOLKAR,22.717,75.8,10.2,1020.0,97.36
2015-01-05T06:00:00,42754099999,DEVI AHILYABAI HOLKAR,22.717,75.8,14.4,1019.8,78.98
2015-01-05T09:00:00,42754099999,DEVI AHILYABAI HOLKAR,22.717,75.8,20.2,1015.5,35.63
2015-01-05T12:00:00,42754099999,DEVI AHILYABAI HOLKAR,22.717,75.8,19.2,1015.0,40.36
2015-01-05T15:00:00,42754099999,DEVI AHILYABAI HOLKAR,22.717,75.8,14.8,1017.6,71.52
2015-01-05T18:00:00,42754099999,DEVI AHILYABAI HOLKAR,22.717,75.8,13.4,1017.8,84.84
2015-01-05T21:00:00,42754099999,DEVI AHILYABAI HOLKAR,22.717,75.8,12.8,1017.2,86.48
2015-01-06T00:00:00,42754099999,DEVI AHILYABAI HOLKAR,22.717,75.8,11.6,1017.5,92.96
2015-01-06T03:00:00,42754099999,DEVI AHILYABAI HOLKAR,22.717,75.8,13.0,1018.4,71.66
2015-01-06T06:00:00,42754099999,DEVI AHILYABAI HOLKAR,22.717,75.8,21.0,1016.4,29.04
2015-01-06T09:00:00,42754099999,DEVI AHILYABAI HOLKAR,22.717,75.8,23.4,1013.1,23.53
2015-01-06T12:00:00,42754099999,DEVI AHILYABAI HOLKAR,22.717,75.8,22.6,1013.0,35.58
2015-01-06T15:00:00,42754099999,DEVI AHILYABAI HOLKAR,22.717,75.8,16.2,1015.7,57.9
2015-01-06T18:00:00,42754099999,DEVI AHILYABAI HOLKAR,22.717,75.8,13.4,1015.9,57.99
2015-01-06T21:00:00,42754099999,DEVI AHILYABAI HOLKAR,22.717,75.8,12.6,1015.4,65.94
2015-01-07T00:00:00,42754099999,DEVI AHILYABAI HOLKAR,22.717,75.8,10.4,1015.6,73.67
2015-01-07T03:00:00,42754099999,DEVI AHILYABAI HOLKAR,22.717,75.8,14.0,1016.9,49.52
2015-01-07T06:00:00,42754099999,DEVI AHILYABAI HOLKAR,22.717,75.8,21.4,1014.9,34.99
2015-01-07T09:00:00,42754099999,DEVI AHILYABAI HOLKAR,22.717,75.8,24.0,1012.5,31.58
2015-01-07T12:00:00,42754099999,DEVI AHILYABAI HOLKAR,22.717,75.8,22.4,1012.6,40.44
2015-01-07T15:00:00,42754099999,DEVI AHILYABAI HOLKAR,22.717,75.8,17.0,1015.4,62.56
2015-01-07T18:00:00,42754099999,DEVI AHILYABAI HOLKAR,22.717,75.8,13.8,1016.0,82.66
2015-01-07T21:00:00,42754099999,DEVI AHILYABAI HOLKAR,22.717,75.8,12.2,1015.6,76.55
2015-01-08T00:00:00,42754099999,DEVI AHILYABAI HOLKAR,22.717,75.8,10.4,1016.3,83.36
2015-01-08T03:00:00,42754099999,DEVI AHILYABAI HOLKAR,22.717,75.8,11.6,1018.4,74.91
2015-01-08T06:00:00,42754099999,DEVI AHILYABAI HOLKAR,22.717,75.8,22.0,1016.5,38.45
2015-01-08T09:00:00,42754099999,DEVI AHILYABAI HOLKAR,22.717,75.8,23.8,1013.9,31.31
2015-01-08T12:00:00,42754099999,DEVI AHILYABAI HOLKAR,22.717,75.8,22.0,1015.4,37.15
2015-01-08T15:00:00,42754099999,DEVI AHILYABAI HOLKAR,22.717,75.8,18.4,1017.2,46.09
2015-01-08T18:00:00,42754099999,DEVI AHILYABAI HOLKAR,22.717,75.8,14.6,1018.2,65.47
2015-01-08T21:00:00,42754099999,DEVI AHILYABAI HOLKAR,22.717,75.8,13.2,1018.0,74.17
2015-01-09T00:00:00,42754099999,DEVI AHILYABAI HOLKAR,22.717,75.8,11.0,1018.7,81.2
2015-01-09T03:00:00,42754099999,DEVI AHILYABAI HOLKAR,22.717,75.8,14.6,1019.5,63.28
2015-01-09T06:00:00,42754099999,DEVI AHILYABAI HOLKAR,22.717,75.8,21.6,1018.3,34.08
2015-01-09T09:00:00,42754099999,DEVI AHILYABAI HOLKAR,22.717,75.8,23.0,1015.5,27.59
2015-01-09T12:00:00,42754099999,DEVI AHILYABAI HOLKAR,22.717,75.8,22.4,1016.0,35.27
2015-01-09T15:00:00,42754099999,DEVI AHILYABAI HOLKAR,22.717,75.8,17.0,1018.2,55.4
2015-01-09T18:00:00,42754099999,DEVI AHILYABAI HOLKAR,22.717,75.8,13.6,1019.0,72.26
2015-01-09T21:00:00,42754099999,DEVI AHILYABAI HOLKAR,22.717,75.8,12.4,1018.3,77.63
2015-01-10T00:00:00,42754099999,DEVI AHILYABAI HOLKAR,22.717,75.8,10.2,1018.6,73.64
2015-01-10T03:00:00,42754099999,DEVI AHILYABAI HOLKAR,22.717,75.8,10.0,1020.6,87.98
2015-01-10T09:00:00,42754099999,DEVI AHILYABAI HOLKAR,22.717,75.8,24.0,1015.2,28.07
2015-01-10T12:00:00,42754099999,DEVI AHILYABAI HOLKAR,22.717,75.8,22.2,1015.8,40.11
2015-01-10T15:00:00,42754099999,DEVI AHILYABAI HOLKAR,22.717,75.8,17.8,1018.6,48.2
2015-01-10T18:00:00,42754099999,DEVI AHILYABAI HOLKAR,22.717,75.8,13.8,1019.7,62.67
2015-01-10T21:00:00,42754099999,DEVI AHILYABAI HOLKAR,22.717,75.8,12.0,1018.7,74.97
2015-01-11T00:00:00,42754099999,DEVI AHILYABAI HOLKAR,22.717,75.8,9.8,1019.0,80.48
2015-01-11T03:00:00,42754099999,DEVI AHILYABAI HOLKAR,22.717,75.8,13.2,1019.9,69.78
2015-01-11T06:00:00,42754099999,DEVI AHILYABAI HOLKAR,22.717,75.8,23.0,1018.4,36.18
2015-01-11T09:00:00,42754099999,DEVI AHILYABAI HOLKAR,22.717,75.8,24.6,,
2015-01-11T12:00:00,42754099999,DEVI AHILYABAI HOLKAR,22.717,75.8,22.8,1015.6,41.11
2015-01-11T15:00:00,42754099999,DEVI AHILYABAI HOLKAR,22.717,75.8,17.2,1018.1,58.93
2015-01-11T18:00:00,42754099999,DEVI AHILYABAI HOLKAR,22.717,75.8,14.8,1018.9,73.46
2015-01-11T21:00:00,42754099999,DEVI AHILYABAI HOLKAR,22.717,75.8,13.0,1017.8,86.5
2015-01-12T00:00:00,42754099999,DEVI AHILYABAI HOLKAR,22.717,75.8,11.0,1018.2,90.47
2015-01-12T03:00:00,42754099999,DEVI AHILYABAI HOLKAR,22.717,75.8,13.0,1019.1,78.25
2015-01-12T06:00:00,42754099999,DEVI AHILYABAI HOLKAR,22.717,75.8,23.0,1018.1,36.18
2015-01-12T09:00:00,42754099999,DEVI AHILYABAI HOLKAR,22.717,75.8,24.8,1014.1,30.53
2015-01-12T12:00:00,42754099999,DEVI AHILYABAI HOLKAR,22.717,75.8,23.4,1014.6,38.06
2015-01-12T15:00:00,42754099999,DEVI AHILYABAI HOLKAR,22.717,75.8,17.0,1017.4,62.56
2015-01-12T18:00:00,42754099999,DEVI AHILYABAI HOLKAR,22.717,75.8,13.6,1017.7,76.26
2015-01-12T21:00:00,42754099999,DEVI AHILYABAI HOLKAR,22.717,75.8,12.4,1016.5,81.93
2015-01-13T00:00:00,42754099999,DEVI AHILYABAI HOLKAR,22.717,75.8,10.8,1016.3,83.41
2015-01-13T03:00:00,42754099999,DEVI AHILYABAI HOLKAR,22.717,75.8,13.2,1018.4,76.2
2015-01-13T06:00:00,42754099999,DEVI AHILYABAI HOLKAR,22.717,75.8,22.4,1016.3,39.09
2015-01-13T09:00:00,42754099999,DEVI AHILYABAI HOLKAR,22.717,75.8,24.4,1012.5,33.48
2015-01-13T12:00:00,42754099999,DEVI AHILYABAI HOLKAR,22.717,75.8,23.0,1012.2,40.07
2015-01-13T18:00:00,42754099999,DEVI AHILYABAI HOLKAR,22.717,75.8,14.0,1015.2,74.81
2015-01-13T21:00:00,42754099999,DEVI AHILYABAI HOLKAR,22.717,75.8,12.6,1014.1,81.96
2015-01-14T00:00:00,42754099999,DEVI AHILYABAI HOLKAR,22.717,75.8,10.8,1014.6,90.46
2015-01-14T03:00:00,42754099999,DEVI AHILYABAI HOLKAR,22.717,75.8,13.0,1015.6,71.66
2015-01-14T06:00:00,42754099999,DEVI AHILYABAI HOLKAR,22.717,75.8,23.4,1014.9,35.56
2015-01-14T09:00:00,42754099999,DEVI AHILYABAI HOLKAR,22.717,75.8,25.0,1011.5,31.0
2015-01-14T12:00:00,42754099999,DEVI AHILYABAI HOLKAR,22.717,75.8,24.0,1010.8,35.25
2015-01-14T15:00:00,42754099999,DEVI AHILYABAI HOLKAR,22.717,75.8,18.4,1014.4,67.17
2015-01-14T18:00:00,42754099999,DEVI AHILYABAI HOLKAR,22.717,75.8,15.4,1015.3,77.57
2015-01-14T21:00:00,42754099999,DEVI AHILYABAI HOLKAR,22.717,75.8,14.0,1015.4,80.51
2015-01-15T00:00:00,42754099999,DEVI AHILYABAI HOLKAR,22.717,75.8,10.4,1016.3,94.15
2015-01-15T03:00:00,42754099999,DEVI AHILYABAI HOLKAR,22.717,75.8,14.4,1017.6,76.9
2015-01-15T06:00:00,42754099999,DEVI AHILYABAI HOLKAR,22.717,75.8,20.4,1017.1,53.35
2015-01-15T09:00:00,42754099999,DEVI AHILYABAI HOLKAR,22.717,75.8,23.6,1013.2,40.78
2015-01-15T12:00:00,42754099999,DEVI AHILYABAI HOLKAR,22.717,75.8,22.4,1013.1,48.47
2015-01-15T15:00:00,42754099999,DEVI AHILYABAI HOLKAR,22.717,75.8,17.8,1016.4,78.95
2015-01-15T18:00:00,42754099999,DEVI AHILYABAI HOLKAR,22.717,75.8,16.0,1016.9,78.18
2015-01-15T21:00:00,42754099999,DEVI AHILYABAI HOLKAR,22.717,75.8,14.2,1016.6,87.19
2015-01-16T00:00:00,42754099999,DEVI AHILYABAI HOLKAR,22.717,75.8,12.2,1016.5,95.49
2015-01-16T03:00:00,42754099999,DEVI AHILYABAI HOLKAR,22.717,75.8,10.8,1019.5,97.37
2015-01-16T06:00:00,42754099999,DEVI AHILYABAI HOLKAR,22.717,75.8,14.8,1019.9,79.04
2015-01-16T09:00:00,42754099999,DEVI AHILYABAI HOLKAR,22.717,75.8,21.2,1015.0,55.72
2015-01-16T12:00:00,42754099999,DEVI AHILYABAI HOLKAR,22.717,75.8,20.0,1014.7,58.83
2015-01-16T15:00:00,42754099999,DEVI AHILYABAI HOLKAR,22.717,75.8,16.6,1016.8,76.74
2015-01-16T18:00:00,42754099999,DEVI AHILYABAI HOLKAR,22.717,75.8,13.4,1018.2,87.12
2015-01-16T21:00:00,42754099999,DEVI AHILYABAI HOLKAR,22.717,75.8,12.0,1017.8,90.54
2015-01-17T00:00:00,42754099999,DEVI AHILYABAI HOLKAR,22.717,75.8,10.8,1017.6,90.46
2015-01-17T03:00:00,42754099999,DEVI AHILYABAI HOLKAR,22.717,75.8,12.0,1019.9,81.88
2015-01-17T06:00:00,42754099999,DEVI AHILYABAI HOLKAR,22.717,75.8,17.0,1019.5,58.88
2015-01-17T09:00:00,42754099999,DEVI AHILYABAI HOLKAR,22.717,75.8,20.0,1015.5,42.3
2015-01-17T12:00:00,42754099999,DEVI AHILYABAI HOLKAR,22.717,75.8,19.0,1015.7,54.8
2015-01-17T15:00:00,42754099999,DEVI AHILYABAI HOLKAR,22.717,75.8,16.0,1018.4,61.08
2015-01-17T18:00:00,42754099999,DEVI AHILYABAI HOLKAR,22.717,75.8,13.6,1019.1,64.37
2015-01-17T21:00:00,42754099999,DEVI AHILYABAI HOLKAR,22.717,75.8,12.0,1018.8,77.04
2015-01-18T00:00:00,42754099999,DEVI AHILYABAI HOLKAR,22.717,75.8,9.8,1017.9,87.36
2015-01-18T03:00:00,42754099999,DEVI AHILYABAI HOLKAR,22.717,75.8,12.0,1019.6,66.72
2015-01-18T06:00:00,42754099999,DEVI AHILYABAI HOLKAR,22.717,75.8,18.0,1019.1,42.31
2015-01-18T09:00:00,42754099999,DEVI AHILYABAI HOLKAR,22.717,75.8,20.8,1015.1,42.24
2015-01-18T12:00:00,42754099999,DEVI AHILYABAI HOLKAR,22.717,75.8,20.4,1014.3,47.29
2015-01-18T15:00:00,42754099999,DEVI AHILYABAI HOLKAR,22.717,75.8,16.0,1017.0,63.17
2015-01-18T18:00:00,42754099999,DEVI AHILYABAI HOLKAR,22.717,75.8,14.4,1017.3,59.46
2015-01-18T21:00:00,42754099999,DEVI AHILYABAI HOLKAR,22.717,75.8,13.0,1017.0,67.39
2015-01-19T00:00:00,42754099999,DEVI AHILYABAI HOLKAR,22.717,75.8,10.0,1016.7,82.74
2015-01-19T03:00:00,42754099999,DEVI AHILYABAI HOLKAR,22.717,75.8,13.4,1017.9,63.88
2015-01-19T06:00:00,42754099999,DEVI AHILYABAI HOLKAR,22.717,75.8,20.0,1017.7,42.3
2015-01-19T09:00:00,42754099999,DEVI AHILYABAI HOLKAR,22.717,75.8,22.6,1013.5,38.1
2015-01-19T12:00:00,42754099999,DEVI AHILYABAI HOLKAR,22.717,75.8,21.4,1013.4,48.85
2015-01-19T15:00:00,42754099999,DEVI AHILYABAI HOLKAR,22.717,75.8,19.0,1015.4,48.53
2015-01-19T18:00:00,42754099999,DEVI AHILYABAI HOLKAR,22.717,75.8,16.2,1015.7,63.22
2015-01-19T21:00:00,42754099999,DEVI AHILYABAI HOLKAR,22.717,75.8,13.8,1015.6,72.3
2015-01-20T00:00:00,42754099999,DEVI AHILYABAI HOLKAR,22.717,75.8,12.4,1015.8,79.75
2015-01-20T03:00:00,42754099999,DEVI AHILYABAI HOLKAR,22.717,75.8,16.4,1016.5,49.49
2015-01-20T06:00:00,42754099999,DEVI AHILYABAI HOLKAR,22.717,75.8,20.8,1016.8,42.24
2015-01-20T09:00:00,42754099999,DEVI AHILYABAI HOLKAR,22.717,75.8,25.2,1012.4,32.36
2015-01-20T12:00:00,42754099999,DEVI AHILYABAI HOLKAR,22.717,75.8,23.4,1012.6,40.72
2015-01-20T15:00:00,42754099999,DEVI AHILYABAI HOLKAR,22.717,75.8,18.8,1015.8,56.24
2015-01-20T18:00:00,42754099999,DEVI AHILYABAI HOLKAR,22.717,75.8,16.8,1016.8,63.78
2015-01-20T21:00:00,42754099999,DEVI AHILYABAI HOLKAR,22.717,75.8,15.0,1016.1,73.49
2015-01-21T00:00:00,42754099999,DEVI AHILYABAI HOLKAR,22.717,75.8,12.4,1017.5,77.63
2015-01-21T03:00:00,42754099999,DEVI AHILYABAI HOLKAR,22.717,75.8,16.0,1018.9,66.66
2015-01-21T06:00:00,42754099999,DEVI AHILYABAI HOLKAR,22.717,75.8,23.4,1018.0,41.83
2015-01-21T09:00:00,42754099999,DEVI AHILYABAI HOLKAR,22.717,75.8,25.4,1014.3,44.39
2015-01-21T12:00:00,42754099999,DEVI AHILYABAI HOLKAR,22.717,75.8,24.4,1014.2,52.31
2015-01-21T15:00:00,42754099999,DEVI AHILYABAI HOLKAR,22.717,75.8,21.0,1016.8,66.4
2015-01-21T18:00:00,42754099999,DEVI AHILYABAI HOLKAR,22.717,75.8,19.4,1016.9,69.6
2015-01-21T21:00:00,42754099999,DEVI AHILYABAI HOLKAR,22.717,75.8,17.4,1016.5,75.38
2015-01-22T00:00:00,42754099999,DEVI AHILYABAI HOLKAR,22.717,75.8,16.4,1016.6,70.87
2015-01-22T03:00:00,42754099999,DEVI AHILYABAI HOLKAR,22.717,75.8,16.6,1018.5,80.34
2015-01-22T06:00:00,42754099999,DEVI AHILYABAI HOLKAR,22.717,75.8,18.6,1019.2,79.58
2015-01-22T09:00:00,42754099999,DEVI AHILYABAI HOLKAR,22.717,75.8,21.4,1015.3,69.54
2015-01-22T12:00:00,42754099999,DEVI AHILYABAI HOLKAR,22.717,75.8,21.2,1014.9,74.09
2015-01-22T15:00:00,42754099999,DEVI AHILYABAI HOLKAR,22.717,75.8,19.0,1017.0,81.7
2015-01-22T18:00:00,42754099999,DEVI AHILYABAI HOLKAR,22.717,75.8,18.0,1017.5,83.16
2015-01-22T21:00:00,42754099999,DEVI AHILYABAI HOLKAR,22.717,75.8,16.2,1017.1,87.94
2015-01-23T00:00:00,42754099999,DEVI AHILYABAI HOLKAR,22.717,75.8,14.6,1017.1,93.73
2015-01-23T03:00:00,42754099999,DEVI AHILYABAI HOLKAR,22.717,75.8,15.0,1018.1,98.09
2015-01-23T06:00:00,42754099999,DEVI AHILYABAI HOLKAR,22.717,75.8,18.8,1018.5,78.09
2015-01-23T09:00:00,42754099999,DEVI AHILYABAI HOLKAR,22.717,75.8,21.8,1014.6,57.73
2015-01-23T12:00:00,42754099999,DEVI AHILYABAI HOLKAR,22.717,75.8,20.0,1014.6,73.41
2015-01-23T15:00:00,42754099999,DEVI AHILYABAI HOLKAR,22.717,75.8,16.4,1017.5,92.02
2015-01-23T18:00:00,42754099999,DEVI AHILYABAI HOLKAR,22.717,75.8,14.8,1018.2,95.58
2015-01-23T21:00:00,42754099999,DEVI AHILYABAI HOLKAR,22.717,75.8,13.6,1017.5,95.54
2015-01-24T00:00:00,42754099999,DEVI AHILYABAI HOLKAR,22.717,75.8,12.4,1018.0,93.0
2015-01-24T03:00:00,42754099999,DEVI AHILYABAI HOLKAR,22.717,75.8,12.4,1019.7,95.5
2015-01-24T06:00:00,42754099999,DEVI AHILYABAI HOLKAR,22.717,75.8,17.2,1019.0,73.4
2015-01-24T09:00:00,42754099999,DEVI AHILYABAI HOLKAR,22.717,75.8,20.2,1015.6,72.97
2015-01-24T12:00:00,42754099999,DEVI AHILYABAI HOLKAR,22.717,75.8,19.2,1015.8,78.15
2015-01-24T15:00:00,42754099999,DEVI AHILYABAI HOLKAR,22.717,75.8,16.4,1018.2,84.06
2015-01-24T21:00:00,42754099999,DEVI AHILYABAI HOLKAR,22.717,75.8,15.4,1016.4,85.61
2015-01-25T00:00:00,42754099999,DEVI AHILYABAI HOLKAR,22.717,75.8,15.2,1017.0,95.59
2015-01-25T03:00:00,42754099999,DEVI AHILYABAI HOLKAR,22.717,75.8,16.2,1017.0,95.62
2015-01-25T06:00:00,42754099999,DEVI AHILYABAI HOLKAR,22.717,75.8,21.0,1016.7,74.05
2015-01-25T09:00:00,42754099999,DEVI AHILYABAI HOLKAR,22.717,75.8,23.4,1013.6,65.22
2015-01-25T12:00:00,42754099999,DEVI AHILYABAI HOLKAR,22.717,75.8,22.0,1014.1,71.45
2015-01-25T15:00:00,42754099999,DEVI AHILYABAI HOLKAR,22.717,75.8,19.2,1015.6,88.76
2015-01-25T18:00:00,42754099999,DEVI AHILYABAI HOLKAR,22.717,75.8,17.6,1016.7,96.28
2015-01-25T21:00:00,42754099999,DEVI AHILYABAI HOLKAR,22.717,75.8,15.8,1015.7,95.61
2015-01-26T00:00:00,42754099999,DEVI AHILYABAI HOLKAR,22.717,75.8,13.8,1016.9,95.54
2015-01-26T03:00:00,42754099999,DEVI AHILYABAI HOLKAR,22.717,75.8,16.0,1018.0,95.62
2015-01-26T06:00:00,42754099999,DEVI AHILYABAI HOLKAR,22.717,75.8,19.0,1018.1,74.67
2015-01-26T09:00:00,42754099999,DEVI AHILYABAI HOLKAR,22.717,75.8,21.4,1014.9,64.79
2015-01-26T12:00:00,42754099999,DEVI AHILYABAI HOLKAR,22.717,75.8,20.4,1014.1,72.08
2015-01-26T15:00:00,42754099999,DEVI AHILYABAI HOLKAR,22.717,75.8,18.0,1016.2,83.16
2015-01-26T18:00:00,42754099999,DEVI AHILYABAI HOLKAR,22.717,75.8,16.0,1017.3,93.79
2015-01-26T21:00:00,42754099999,DEVI AHILYABAI HOLKAR,22.717,75.8,15.0,1016.9,98.09
2015-01-27T00:00:00,42754099999,DEVI AHILYABAI HOLKAR,22.717,75.8,12.2,1016.8,88.76
2015-01-27T03:00:00,42754099999,DEVI AHILYABAI HOLKAR,22.717,75.8,14.0,1018.4,95.55
2015-01-27T06:00:00,42754099999,DEVI AHILYABAI HOLKAR,22.717,75.8,14.6,1019.1,93.73
2015-01-27T09:00:00,42754099999,DEVI AHILYABAI HOLKAR,22.717,75.8,16.4,1015.9,86.27
2015-01-27T12:00:00,42754099999,DEVI AHILYABAI HOLKAR,22.717,75.8,16.2,1015.4,87.94
2015-01-27T15:00:00,42754099999,DEVI AHILYABAI HOLKAR,22.717,75.8,14.8,1017.4,93.74
2015-01-27T18:00:00,42754099999,DEVI AHILYABAI HOLKAR,22.717,75.8,14.4,1017.4,89.53
2015-01-27T21:00:00,42754099999,DEVI AHILYABAI HOLKAR,22.717,75.8,13.4,1017.0,91.24
2015-01-28T00:00:00,42754099999,DEVI AHILYABAI HOLKAR,22.717,75.8,12.0,1016.4,79.7
2015-01-28T03:00:00,42754099999,DEVI AHILYABAI HOLKAR,22.717,75.8,12.4,1017.9,79.75
2015-01-28T06:00:00,42754099999,DEVI AHILYABAI HOLKAR,22.717,75.8,17.0,1017.2,65.99
2015-01-28T09:00:00,42754099999,DEVI AHILYABAI HOLKAR,22.717,75.8,17.4,1013.9,75.38
2015-01-28T12:00:00,42754099999,DEVI AHILYABAI HOLKAR,22.717,75.8,15.6,1013.9,83.42
2015-01-28T15:00:00,42754099999,DEVI AHILYABAI HOLKAR,22.717,75.8,15.0,1015.3,87.27
2015-01-28T18:00:00,42754099999,DEVI AHILYABAI HOLKAR,22.717,75.8,14.2,1015.4,89.51
2015-01-28T21:00:00,42754099999,DEVI AHILYABAI HOLKAR,22.717,75.8,13.6,1015.4,91.25
2015-01-29T00:00:00,42754099999,DEVI AHILYABAI HOLKAR,22.717,75.8,12.4,1015.9,93.0
2015-01-29T03:00:00,42754099999,DEVI AHILYABAI HOLKAR,22.717,75.8,11.0,1018.8,67.44
2015-01-29T06:00:00,42754099999,DEVI AHILYABAI HOLKAR,22.717,75.8,17.4,1018.6,60.99
2015-01-29T09:00:00,42754099999,DEVI AHILYABAI HOLKAR,22.717,75.8,20.2,1015.5,50.18
2015-01-29T12:00:00,42754099999,DEVI AHILYABAI HOLKAR,22.717,75.8,19.4,1015.3,50.65
2015-01-29T15:00:00,42754099999,DEVI AHILYABAI HOLKAR,22.717,75.8,16.2,1017.7,64.94
2015-01-29T18:00:00,42754099999,DEVI AHILYABAI HOLKAR,22.717,75.8,14.6,1019.4,71.0
2015-01-29T21:00:00,42754099999,DEVI AHILYABAI HOLKAR,22.717,75.8,13.0,1019.1,76.17
2015-01-30T00:00:00,42754099999,DEVI AHILYABAI HOLKAR,22.717,75.8,10.2,1019.7,82.77
2015-01-30T03:00:00,42754099999,DEVI AHILYABAI HOLKAR,22.717,75.8,12.6,1021.3,71.59
2015-01-30T06:00:00,42754099999,DEVI AHILYABAI HOLKAR,22.717,75.8,18.4,1021.3,44.53
2015-01-30T09:00:00,42754099999,DEVI AHILYABAI HOLKAR,22.717,75.8,21.8,1017.8,38.13
2015-01-30T12:00:00,42754099999,DEVI AHILYABAI HOLKAR,22.717,75.8,21.4,1017.2,39.07
2015-01-30T15:00:00,42754099999,DEVI AHILYABAI HOLKAR,22.717,75.8,17.2,1019.8,52.51
2015-01-30T18:00:00,42754099999,DEVI AHILYABAI HOLKAR,22.717,75.8,14.4,1019.7,63.24
2015-01-30T21:00:00,42754099999,DEVI AHILYABAI HOLKAR,22.717,75.8,13.0,1019.6,69.74
2015-01-31T00:00:00,42754099999,DEVI AHILYABAI HOLKAR,22.717,75.8,11.0,1018.8,76.36
2015-01-31T03:00:00,42754099999,DEVI AHILYABAI HOLKAR,22.717,75.8,14.0,1019.7,58.95
2015-01-31T06:00:00,42754099999,DEVI AHILYABAI HOLKAR,22.717,75.8,22.0,1018.2,35.9
2015-01-31T09:00:00,42754099999,DEVI AHILYABAI HOLKAR,22.717,75.8,26.0,1014.1,25.98
2015-01-31T12:00:00,42754099999,DEVI AHILYABAI HOLKAR,22.717,75.8,25.0,1013.0,26.44
2015-01-31T15:00:00,42754099999,DEVI AHILYABAI HOLKAR,22.717,75.8,19.0,1016.1,48.53
2015-01-31T18:00:00,42754099999,DEVI AHILYABAI HOLKAR,22.717,75.8,17.2,1016.6,55.83
2015-01-31T21:00:00,42754099999,DEVI AHILYABAI HOLKAR,22.717,75.8,15.2,1016.3,66.05
2015-02-01T00:00:00,42754099999,DEVI AHILYABAI HOLKAR,22.717,75.8,13.6,1017.3,72.26
2015-02-01T03:00:00,42754099999,DEVI AHILYABAI HOLKAR,22.717,75.8,16.6,1017.4,44.96
2015-02-01T06:00:00,42754099999,DEVI AHILYABAI HOLKAR,22.717,75.8,25.4,1015.2,29.25
2015-02-01T09:00:00,42754099999,DEVI AHILYABAI HOLKAR,22.717,75.8,28.6,1011.6,27.6
2015-02-01T12:00:00,42754099999,DEVI AHILYABAI HOLKAR,22.717,75.8,27.4,1010.9,36.69
2015-02-01T15:00:00,42754099999,DEVI AHILYABAI HOLKAR,22.717,75.8,20.6,1014.0,53.4
2015-02-01T18:00:00,42754099999,DEVI AHILYABAI HOLKAR,22.717,75.8,18.4,1014.5,78.53
2015-02-01T21:00:00,42754099999,DEVI AHILYABAI HOLKAR,22.717,75.8,15.4,1014.5,69.74
2015-02-02T00:00:00,42754099999,DEVI AHILYABAI HOLKAR,22.717,75.8,13.6,1015.5,72.26
2015-02-02T03:00:00,42754099999,DEVI AHILYABAI HOLKAR,22.717,75.8,18.0,1015.6,67.08
2015-02-02T06:00:00,42754099999,DEVI AHILYABAI HOLKAR,22.717,75.8,26.6,1014.5,33.42
2015-02-02T09:00:00,42754099999,DEVI AHILYABAI HOLKAR,22.717,75.8,29.4,1011.9,29.96
2015-02-02T12:00:00,42754099999,DEVI AHILYABAI HOLKAR,22.717,75.8,28.8,1011.5,34.27
2015-02-02T15:00:00,42754099999,DEVI AHILYABAI HOLKAR,22.717,75.8,22.2,1015.1,53.82
2015-02-02T18:00:00,42754099999,DEVI AHILYABAI HOLKAR,22.717,75.8,19.6,1016.3,60.3
2015-02-02T21:00:00,42754099999,DEVI AHILYABAI HOLKAR,22.717,75.8,18.0,1016.1,65.33
2015-02-03T00:00:00,42754099999,DEVI AHILYABAI HOLKAR,22.717,75.8,16.4,1016.8,68.1
2015-02-03T03:00:00,42754099999,DEVI AHILYABAI HOLKAR,22.717,75.8,15.6,1020.0,74.09
2015-02-03T06:00:00,42754099999,DEVI AHILYABAI HOLKAR,22.717,75.8,25.6,1019.1,40.0
2015-02-03T09:00:00,42754099999,DEVI AHILYABAI HOLKAR,22.717,75.8,27.2,1016.4,39.65
2015-02-03T12:00:00,42754099999,DEVI AHILYABAI HOLKAR,22.717,75.8,25.4,1016.2,48.33
2015-02-03T15:00:00,42754099999,DEVI AHILYABAI HOLKAR,22.717,75.8,21.4,1018.7,68.22
2015-02-03T18:00:00,42754099999,DEVI AHILYABAI HOLKAR,22.717,75.8,20.4,1019.7,70.7
2015-02-03T21:00:00,42754099999,DEVI AHILYABAI HOLKAR,22.717,75.8,19.2,1018.3,76.65
2015-02-04T00:00:00,42754099999,DEVI AHILYABAI HOLKAR,22.717,75.8,16.4,1019.6,80.84
2015-02-04T03:00:00,42754099999,DEVI AHILYABAI HOLKAR,22.717,75.8,15.6,1022.3,77.6
2015-02-04T06:00:00,42754099999,DEVI AHILYABAI HOLKAR,22.717,75.8,21.8,1021.6,53.36
2015-02-04T09:00:00,42754099999,DEVI AHILYABAI HOLKAR,22.717,75.8,23.4,1018.3,51.04
2015-02-04T12:00:00,42754099999,DEVI AHILYABAI HOLKAR,22.717,75.8,22.0,1018.0,52.37
2015-02-04T15:00:00,42754099999,DEVI AHILYABAI HOLKAR,22.717,75.8,19.4,1019.5,63.1
2015-02-04T18:00:00,42754099999,DEVI AHILYABAI HOLKAR,22.717,75.8,17.4,1019.7,67.85
2015-02-04T21:00:00,42754099999,DEVI AHILYABAI HOLKAR,22.717,75.8,16.0,1019.4,70.32
2015-02-05T00:00:00,42754099999,DEVI AHILYABAI HOLKAR,22.717,75.8,13.6,1018.5,80.46
2015-02-05T03:00:00,42754099999,DEVI AHILYABAI HOLKAR,22.717,75.8,14.0,1019.6,64.46
2015-02-05T06:00:00,42754099999,DEVI AHILYABAI HOLKAR,22.717,75.8,21.0,1019.0,42.58
2015-02-05T09:00:00,42754099999,DEVI AHILYABAI HOLKAR,22.717,75.8,24.8,1015.1,42.51
2015-02-05T12:00:00,42754099999,DEVI AHILYABAI HOLKAR,22.717,75.8,23.4,1014.9,53.77
2015-02-05T15:00:00,42754099999,DEVI AHILYABAI HOLKAR,22.717,75.8,20.0,1016.4,63.65
2015-02-05T18:00:00,42754099999,DEVI AHILYABAI HOLKAR,22.717,75.8,18.4,1016.8,62.05
2015-02-06T00:00:00,42754099999,DEVI AHILYABAI HOLKAR,22.717,75.8,15.2,1014.4,69.7
2015-02-06T03:00:00,42754099999,DEVI AHILYABAI HOLKAR,22.717,75.8,19.2,1016.3,59.81
2015-02-06T06:00:00,42754099999,DEVI AHILYABAI HOLKAR,22.717,75.8,26.0,1015.7,39.32
2015-02-06T09:00:00,42754099999,DEVI AHILYABAI HOLKAR,22.717,75.8,29.2,1011.9,30.71
2015-02-06T12:00:00,42754099999,DEVI AHILYABAI HOLKAR,22.717,75.8,28.0,1011.4,36.38
2015-02-06T15:00:00,42754099999,DEVI AHILYABAI HOLKAR,22.717,75.8,22.4,1013.7,51.45
2015-02-06T18:00:00,42754099999,DEVI AHILYABAI HOLKAR,22.717,75.8,20.4,1014.2,56.26
2015-02-06T21:00:00,42754099999,DEVI AHILYABAI HOLKAR,22.717,75.8,19.2,1013.6,59.81
2015-02-07T00:00:00,42754099999,DEVI AHILYABAI HOLKAR,22.717,75.8,16.6,1015.0,67.24
2015-02-07T03:00:00,42754099999,DEVI AHILYABAI HOLKAR,22.717,75.8,20.0,1015.3,57.29
2015-02-07T06:00:00,42754099999,DEVI AHILYABAI HOLKAR,22.717,75.8,27.4,1013.9,31.25
2015-02-07T09:00:00,42754099999,DEVI AHILYABAI HOLKAR,22.717,75.8,28.6,1010.0,25.96
2015-02-07T12:00:00,42754099999,DEVI AHILYABAI HOLKAR,22.717,75.8,27.2,1009.4,32.05
2015-02-07T15:00:00,42754099999,DEVI AHILYABAI HOLKAR,22.717,75.8,22.0,1011.7,52.37
2015-02-07T18:00:00,42754099999,DEVI AHILYABAI HOLKAR,22.717,75.8,18.8,1013.1,74.64
2015-02-07T21:00:00,42754099999,DEVI AHILYABAI HOLKAR,22.717,75.8,17.0,1013.3,84.13
2015-02-08T00:00:00,42754099999,DEVI AHILYABAI HOLKAR,22.717,75.8,14.0,1013.7,80.51
2015-02-08T03:00:00,42754099999,DEVI AHILYABAI HOLKAR,22.717,75.8,15.4,1015.4,81.77
2015-02-08T06:00:00,42754099999,DEVI AHILYABAI HOLKAR,22.717,75.8,22.0,1014.8,56.66
2015-02-08T09:00:00,42754099999,DEVI AHILYABAI HOLKAR,22.717,75.8,24.2,1011.7,51.92
2015-02-08T12:00:00,42754099999,DEVI AHILYABAI HOLKAR,22.717,75.8,24.0,1011.6,50.53
2015-02-08T15:00:00,42754099999,DEVI AHILYABAI HOLKAR,22.717,75.8,20.4,1014.7,73.48
2015-02-08T18:00:00,42754099999,DEVI AHILYABAI HOLKAR,22.717,75.8,18.0,1017.1,74.02
2015-02-08T21:00:00,42754099999,DEVI AHILYABAI HOLKAR,22.717,75.8,16.4,1017.0,67.2
2015-02-09T00:00:00,42754099999,DEVI AHILYABAI HOLKAR,22.717,75.8,14.6,1015.8,74.91
2015-02-09T03:00:00,42754099999,DEVI AHILYABAI HOLKAR,22.717,75.8,15.6,1017.9,74.09
2015-02-09T06:00:00,42754099999,DEVI AHILYABAI HOLKAR,22.717,75.8,22.8,1017.4,51.89
2015-02-09T09:00:00,42754099999,DEVI AHILYABAI HOLKAR,22.717,75.8,24.6,1014.4,44.76
2015-02-09T12:00:00,42754099999,DEVI AHILYABAI HOLKAR,22.717,75.8,23.0,1014.4,53.32
2015-02-09T15:00:00,42754099999,DEVI AHILYABAI HOLKAR,22.717,75.8,19.8,1016.8,65.29
2015-02-09T18:00:00,42754099999,DEVI AHILYABAI HOLKAR,22.717,75.8,18.4,1017.8,72.18
2015-02-09T21:00:00,42754099999,DEVI AHILYABAI HOLKAR,22.717,75.8,17.0,1017.0,74.82
2015-02-10T00:00:00,42754099999,DEVI AHILYABAI HOLKAR,22.717,75.8,14.8,1017.2,83.33
2015-02-10T03:00:00,42754099999,DEVI AHILYABAI HOLKAR,22.717,75.8,16.0,1019.7,77.16
2015-02-10T06:00:00,42754099999,DEVI AHILYABAI HOLKAR,22.717,75.8,20.0,1019.5,75.32
2015-02-10T09:00:00,42754099999,DEVI AHILYABAI HOLKAR,22.717,75.8,24.6,1014.6,53.73
2015-02-10T12:00:00,42754099999,DEVI AHILYABAI HOLKAR,22.717,75.8,23.6,1013.5,54.17
2015-02-10T15:00:00,42754099999,DEVI AHILYABAI HOLKAR,22.717,75.8,20.0,1015.8,80.28
2015-02-10T18:00:00,42754099999,DEVI AHILYABAI HOLKAR,22.717,75.8,19.0,1017.1,78.12
2015-02-10T21:00:00,42754099999,DEVI AHILYABAI HOLKAR,22.717,75.8,17.8,1014.7,84.76
2015-02-11T00:00:00,42754099999,DEVI AHILYABAI HOLKAR,22.717,75.8,14.6,1014.9,89.54
2015-02-11T03:00:00,42754099999,DEVI AHILYABAI HOLKAR,22.717,75.8,16.6,1015.5,78.27
2015-02-11T06:00:00,42754099999,DEVI AHILYABAI HOLKAR,22.717,75.8,,1015.2,
2015-02-11T09:00:00,42754099999,DEVI AHILYABAI HOLKAR,22.717,75.8,27.6,1011.7,39.25
2015-02-11T12:00:00,42754099999,DEVI AHILYABAI HOLKAR,22.717,75.8,26.8,1011.6,47.46
2015-02-11T15:00:00,42754099999,DEVI AHILYABAI HOLKAR,22.717,75.8,21.0,1014.3,66.4
2015-02-11T18:00:00,42754099999,DEVI AHILYABAI HOLKAR,22.717,75.8,20.0,1014.2,68.38
2015-02-11T21:00:00,42754099999,DEVI AHILYABAI HOLKAR,22.717,75.8,18.4,1014.2,70.78
2015-02-12T00:00:00,42754099999,DEVI AHILYABAI HOLKAR,22.717,75.8,15.4,1014.5,66.09
2015-02-12T03:00:00,42754099999,DEVI AHILYABAI HOLKAR,22.717,75.8,15.4,1016.5,87.87
2015-02-12T06:00:00,42754099999,DEVI AHILYABAI HOLKAR,22.717,75.8,23.8,1015.6,54.22
2015-02-12T09:00:00,42754099999,DEVI AHILYABAI HOLKAR,22.717,75.8,25.6,1011.9,42.45
2015-02-12T12:00:00,42754099999,DEVI AHILYABAI HOLKAR,22.717,75.8,25.6,1011.1,37.67
2015-02-12T15:00:00,42754099999,DEVI AHILYABAI HOLKAR,22.717,75.8,21.0,1013.8,58.68
2015-02-12T18:00:00,42754099999,DEVI AHILYABAI HOLKAR,22.717,75.8,16.8,1015.5,55.35
2015-02-12T21:00:00,42754099999,DEVI AHILYABAI HOLKAR,22.717,75.8,15.0,1014.8,65.56
2015-02-13T00:00:00,42754099999,DEVI AHILYABAI HOLKAR,22.717,75.8,13.6,1014.8,78.34
2015-02-13T03:00:00,42754099999,DEVI AHILYABAI HOLKAR,22.717,75.8,17.0,1016.5,53.91
2015-02-13T06:00:00,42754099999,DEVI AHILYABAI HOLKAR,22.717,75.8,24.0,1015.6,23.52
2015-02-13T09:00:00,42754099999,DEVI AHILYABAI HOLKAR,22.717,75.8,26.2,1012.0,25.14
2015-02-13T12:00:00,42754099999,DEVI AHILYABAI HOLKAR,22.717,75.8,26.0,1011.5,31.29
2015-02-13T15:00:00,42754099999,DEVI AHILYABAI HOLKAR,22.717,75.8,20.0,1013.8,55.79
2015-02-13T18:00:00,42754099999,DEVI AHILYABAI HOLKAR,22.717,75.8,16.2,1015.0,61.54
2015-02-13T21:00:00,42754099999,DEVI AHILYABAI HOLKAR,22.717,75.8,15.4,1014.4,64.33
2015-02-14T03:00:00,42754099999,DEVI AHILYABAI HOLKAR,22.717,75.8,18.4,1013.9,52.47
2015-02-14T06:00:00,42754099999,DEVI AHILYABAI HOLKAR,22.717,75.8,27.2,1012.5,27.79
2015-02-14T09:00:00,42754099999,DEVI AHILYABAI HOLKAR,22.717,75.8,30.0,1009.0,25.12
2015-02-14T12:00:00,42754099999,DEVI AHILYABAI HOLKAR,22.717,75.8,29.0,1008.3,25.54
2015-02-14T15:00:00,42754099999,DEVI AHILYABAI HOLKAR,22.717,75.8,22.2,1010.9,43.21
2015-02-14T18:00:00,42754099999,DEVI AHILYABAI HOLKAR,22.717,75.8,19.2,1011.9,47.28
2015-02-14T21:00:00,42754099999,DEVI AHILYABAI HOLKAR,22.717,75.8,,1011.8,
2015-02-15T00:00:00,42754099999,DEVI AHILYABAI HOLKAR,22.717,75.8,15.4,1011.5,64.33
2015-02-15T03:00:00,42754099999,DEVI AHILYABAI HOLKAR,22.717,75.8,17.6,1014.0,49.48
2015-02-15T06:00:00,42754099999,DEVI AHILYABAI HOLKAR,22.717,75.8,26.0,1013.1,38.03
2015-02-15T09:00:00,42754099999,DEVI AHILYABAI HOLKAR,22.717,75.8,29.4,1009.6,28.01
2015-02-15T12:00:00,42754099999,DEVI AHILYABAI HOLKAR,22.717,75.8,30.0,1009.2,20.57
2015-02-15T15:00:00,42754099999,DEVI AHILYABAI HOLKAR,22.717,75.8,22.4,1012.4,40.44
2015-02-15T18:00:00,42754099999,DEVI AHILYABAI HOLKAR,22.717,75.8,20.4,1013.6,48.91
2015-02-15T21:00:00,42754099999,DEVI AHILYABAI HOLKAR,22.717,75.8,18.4,1013.1,53.91
2015-02-16T00:00:00,42754099999,DEVI AHILYABAI HOLKAR,22.717,75.8,16.2,1014.3,64.94
2015-02-16T03:00:00,42754099999,DEVI AHILYABAI HOLKAR,22.717,75.8,19.4,1014.7,56.76
2015-02-16T06:00:00,42754099999,DEVI AHILYABAI HOLKAR,22.717,75.8,29.8,1013.1,26.82
2015-02-16T09:00:00,42754099999,DEVI AHILYABAI HOLKAR,22.717,75.8,33.2,1009.4,18.01
2015-02-16T12:00:00,42754099999,DEVI AHILYABAI HOLKAR,22.717,75.8,31.6,1009.5,21.26
2015-02-16T15:00:00,42754099999,DEVI AHILYABAI HOLKAR,22.717,75.8,24.0,1012.6,42.57
2015-02-16T18:00:00,42754099999,DEVI AHILYABAI HOLKAR,22.717,75.8,20.2,1014.0,51.55
2015-02-16T21:00:00,42754099999,DEVI AHILYABAI HOLKAR,22.717,75.8,18.4,1013.6,60.42
2015-02-17T00:00:00,42754099999,DEVI AHILYABAI HOLKAR,22.717,75.8,17.0,1013.2,61.72
2015-02-17T03:00:00,42754099999,DEVI AHILYABAI HOLKAR,22.717,75.8,19.4,1014.3,47.33
2015-02-17T06:00:00,42754099999,DEVI AHILYABAI HOLKAR,22.717,75.8,27.0,1014.3,39.34
2015-02-17T09:00:00,42754099999,DEVI AHILYABAI HOLKAR,22.717,75.8,30.2,1008.8,29.19
2015-02-17T12:00:00,42754099999,DEVI AHILYABAI HOLKAR,22.717,75.8,30.0,1007.8,24.27
2015-02-17T15:00:00,42754099999,DEVI AHILYABAI HOLKAR,22.717,75.8,23.8,1010.7,37.41
2015-02-17T18:00:00,42754099999,DEVI AHILYABAI HOLKAR,22.717,75.8,19.2,1012.6,47.28
2015-02-17T21:00:00,42754099999,DEVI AHILYABAI HOLKAR,22.717,75.8,17.0,1012.6,55.4
2015-02-18T00:00:00,42754099999,DEVI AHILYABAI HOLKAR,22.717,75.8,16.0,1011.3,59.44
2015-02-18T03:00:00,42754099999,DEVI AHILYABAI HOLKAR,22.717,75.8,19.2,1012.5,63.06
2015-02-18T06:00:00,42754099999,DEVI AHILYABAI HOLKAR,22.717,75.8,26.0,1012.2,46.33
2015-02-18T09:00:00,42754099999,DEVI AHILYABAI HOLKAR,22.717,75.8,29.6,1008.6,29.41
2015-02-18T12:00:00,42754099999,DEVI AHILYABAI HOLKAR,22.717,75.8,29.4,1008.1,28.01
2015-02-18T15:00:00,42754099999,DEVI AHILYABAI HOLKAR,22.717,75.8,24.6,1010.5,38.66
2015-02-18T18:00:00,42754099999,DEVI AHILYABAI HOLKAR,22.717,75.8,21.6,1011.2,48.9
2015-02-18T21:00:00,42754099999,DEVI AHILYABAI HOLKAR,22.717,75.8,18.4,1010.9,63.29
2015-02-19T00:00:00,42754099999,DEVI AHILYABAI HOLKAR,22.717,75.8,15.4,1011.8,73.56
2015-02-19T03:00:00,42754099999,DEVI AHILYABAI HOLKAR,22.717,75.8,19.2,1012.9,64.74
2015-02-19T06:00:00,42754099999,DEVI AHILYABAI HOLKAR,22.717,75.8,29.0,1012.6,31.49
2015-02-19T09:00:00,42754099999,DEVI AHILYABAI HOLKAR,22.717,75.8,30.2,1009.0,24.49
2015-02-19T12:00:00,42754099999,DEVI AHILYABAI HOLKAR,22.717,75.8,30.0,1007.7,18.92
2015-02-19T15:00:00,42754099999,DEVI AHILYABAI HOLKAR,22.717,75.8,24.4,1010.7,39.39
2015-02-19T18:00:00,42754099999,DEVI AHILYABAI HOLKAR,22.717,75.8,23.0,1011.9,40.07
2015-02-19T21:00:00,42754099999,DEVI AHILYABAI HOLKAR,22.717,75.8,20.4,1011.5,48.91
2015-02-20T00:00:00,42754099999,DEVI AHILYABAI HOLKAR,22.717,75.8,17.0,1012.2,56.54
2015-02-20T03:00:00,42754099999,DEVI AHILYABAI HOLKAR,22.717,75.8,19.6,1014.3,52.44
2015-02-20T06:00:00,42754099999,DEVI AHILYABAI HOLKAR,22.717,75.8,30.0,1013.3,25.46
2015-02-20T09:00:00,42754099999,DEVI AHILYABAI HOLKAR,22.717,75.8,32.4,1009.4,20.89
2015-02-20T12:00:00,42754099999,DEVI AHILYABAI HOLKAR,22.717,75.8,30.4,1009.4,28.47
2015-02-20T15:00:00,42754099999,DEVI AHILYABAI HOLKAR,22.717,75.8,24.2,1012.8,41.78
2015-02-20T18:00:00,42754099999,DEVI AHILYABAI HOLKAR,22.717,75.8,21.0,1014.5,45.26
2015-02-20T21:00:00,42754099999,DEVI AHILYABAI HOLKAR,22.717,75.8,18.4,1014.3,53.91
2015-02-21T00:00:00,42754099999,DEVI AHILYABAI HOLKAR,22.717,75.8,16.4,1014.0,58.34
2015-02-21T03:00:00,42754099999,DEVI AHILYABAI HOLKAR,22.717,75.8,21.0,1015.7,49.73
2015-02-21T06:00:00,42754099999,DEVI AHILYABAI HOLKAR,22.717,75.8,30.4,1014.4,26.62
2015-02-21T09:00:00,42754099999,DEVI AHILYABAI HOLKAR,22.717,75.8,31.0,1011.6,23.08
2015-02-21T12:00:00,42754099999,DEVI AHILYABAI HOLKAR,22.717,75.8,30.4,1010.5,26.62
2015-02-21T15:00:00,42754099999,DEVI AHILYABAI HOLKAR,22.717,75.8,24.6,1013.1,39.71
2015-02-21T18:00:00,42754099999,DEVI AHILYABAI HOLKAR,22.717,75.8,22.4,1013.8,50.1
2015-02-21T21:00:00,42754099999,DEVI AHILYABAI HOLKAR,22.717,75.8,21.0,1013.3,55.67
2015-02-22T00:00:00,42754099999,DEVI AHILYABAI HOLKAR,22.717,75.8,18.4,1014.2,60.42
2015-02-22T03:00:00,42754099999,DEVI AHILYABAI HOLKAR,22.717,75.8,21.6,1015.3,57.68
2015-02-22T06:00:00,42754099999,DEVI AHILYABAI HOLKAR,22.717,75.8,30.4,1014.7,28.47
2015-02-22T09:00:00,42754099999,DEVI AHILYABAI HOLKAR,22.717,75.8,32.2,1011.6,21.41
2015-02-22T12:00:00,42754099999,DEVI AHILYABAI HOLKAR,22.717,75.8,31.0,1011.0,27.51
2015-02-22T15:00:00,42754099999,DEVI AHILYABAI HOLKAR,22.717,75.8,25.4,1013.8,40.74
2015-02-22T18:00:00,42754099999,DEVI AHILYABAI HOLKAR,22.717,75.8,22.0,1015.3,52.37
2015-02-22T21:00:00,42754099999,DEVI AHILYABAI HOLKAR,22.717,75.8,20.8,1013.9,56.73
2015-02-23T00:00:00,42754099999,DEVI AHILYABAI HOLKAR,22.717,75.8,18.4,1013.6,60.42
2015-02-23T03:00:00,42754099999,DEVI AHILYABAI HOLKAR,22.717,75.8,22.2,1015.4,56.71
2015-02-23T06:00:00,42754099999,DEVI AHILYABAI HOLKAR,22.717,75.8,31.0,1014.1,28.44
2015-02-23T09:00:00,42754099999,DEVI AHILYABAI HOLKAR,22.717,75.8,32.4,1010.9,25.92
2015-02-23T12:00:00,42754099999,DEVI AHILYABAI HOLKAR,22.717,75.8,32.0,1010.5,29.68
2015-02-23T15:00:00,42754099999,DEVI AHILYABAI HOLKAR,22.717,75.8,26.2,1013.0,47.92
2015-02-23T18:00:00,42754099999,DEVI AHILYABAI HOLKAR,22.717,75.8,24.6,1013.4,44.76
2015-02-23T21:00:00,42754099999,DEVI AHILYABAI HOLKAR,22.717,75.8,23.2,1012.8,48.05
2015-02-24T00:00:00,42754099999,DEVI AHILYABAI HOLKAR,22.717,75.8,17.4,1013.9,67.85
2015-02-24T03:00:00,42754099999,DEVI AHILYABAI HOLKAR,22.717,75.8,20.6,1013.5,62.55
2015-02-24T06:00:00,42754099999,DEVI AHILYABAI HOLKAR,22.717,75.8,31.4,1011.6,29.91
2015-02-24T09:00:00,42754099999,DEVI AHILYABAI HOLKAR,22.717,75.8,33.6,1008.0,21.77
2015-02-24T12:00:00,42754099999,DEVI AHILYABAI HOLKAR,22.717,75.8,33.0,1006.6,25.06
2015-02-24T15:00:00,42754099999,DEVI AHILYABAI HOLKAR,22.717,75.8,26.0,1009.0,38.03
2015-02-24T18:00:00,42754099999,DEVI AHILYABAI HOLKAR,22.717,75.8,24.0,1009.5,41.44
2015-02-24T21:00:00,42754099999,DEVI AHILYABAI HOLKAR,22.717,75.8,22.6,1009.0,43.32
2015-02-25T00:00:00,42754099999,DEVI AHILYABAI HOLKAR,22.717,75.8,20.0,1010.1,52.89
2015-02-25T03:00:00,42754099999,DEVI AHILYABAI HOLKAR,22.717,75.8,21.0,1011.3,53.86
2015-02-25T06:00:00,42754099999,DEVI AHILYABAI HOLKAR,22.717,75.8,27.6,1010.0,42.45
2015-02-25T09:00:00,42754099999,DEVI AHILYABAI HOLKAR,22.717,75.8,31.8,1006.6,30.41
2015-02-25T12:00:00,42754099999,DEVI AHILYABAI HOLKAR,22.717,75.8,29.4,1006.2,35.12
2015-02-25T15:00:00,42754099999,DEVI AHILYABAI HOLKAR,22.717,75.8,24.6,1009.1,38.66
2015-02-25T18:00:00,42754099999,DEVI AHILYABAI HOLKAR,22.717,75.8,20.0,1010.3,52.89
2015-02-25T21:00:00,42754099999,DEVI AHILYABAI HOLKAR,22.717,75.8,17.8,1009.8,64.86
2015-02-26T00:00:00,42754099999,DEVI AHILYABAI HOLKAR,22.717,75.8,16.2,,68.97
2015-02-26T03:00:00,42754099999,DEVI AHILYABAI HOLKAR,22.717,75.8,18.0,1011.0,63.62
2015-02-26T06:00:00,42754099999,DEVI AHILYABAI HOLKAR,22.717,75.8,25.0,1010.2,45.16
2015-02-26T09:00:00,42754099999,DEVI AHILYABAI HOLKAR,22.717,75.8,29.0,1006.4,31.49
2015-02-26T12:00:00,42754099999,DEVI AHILYABAI HOLKAR,22.717,75.8,28.4,1004.8,31.74
2015-02-26T15:00:00,42754099999,DEVI AHILYABAI HOLKAR,22.717,75.8,22.4,1008.5,44.45
2015-02-26T18:00:00,42754099999,DEVI AHILYABAI HOLKAR,22.717,75.8,18.2,1010.6,45.72
2015-02-26T21:00:00,42754099999,DEVI AHILYABAI HOLKAR,22.717,75.8,17.0,1009.9,50.35
2015-02-27T00:00:00,42754099999,DEVI AHILYABAI HOLKAR,22.717,75.8,14.6,1010.0,67.27
2015-02-27T03:00:00,42754099999,DEVI AHILYABAI HOLKAR,22.717,75.8,16.2,1011.8,47.42
2015-02-27T06:00:00,42754099999,DEVI AHILYABAI HOLKAR,22.717,75.8,24.4,1010.8,27.59
2015-02-27T09:00:00,42754099999,DEVI AHILYABAI HOLKAR,22.717,75.8,27.2,1008.0,20.74
2015-02-27T12:00:00,42754099999,DEVI AHILYABAI HOLKAR,22.717,75.8,27.0,1007.5,23.32
2015-02-27T15:00:00,42754099999,DEVI AHILYABAI HOLKAR,22.717,75.8,22.6,1009.7,34.37
2015-02-27T18:00:00,42754099999,DEVI AHILYABAI HOLKAR,22.717,75.8,18.6,1011.4,51.12
2015-02-27T21:00:00,42754099999,DEVI AHILYABAI HOLKAR,22.717,75.8,17.2,1010.8,53.97
2015-02-28T00:00:00,42754099999,DEVI AHILYABAI HOLKAR,22.717,75.8,14.0,1010.1,70.41
2015-02-28T03:00:00,42754099999,DEVI AHILYABAI HOLKAR,22.717,75.8,18.6,1011.3,64.18
2015-02-28T06:00:00,42754099999,DEVI AHILYABAI HOLKAR,22.717,75.8,24.0,1010.2,57.15
2015-02-28T09:00:00,42754099999,DEVI AHILYABAI HOLKAR,22.717,75.8,29.0,1005.2,32.55
2015-02-28T12:00:00,42754099999,DEVI AHILYABAI HOLKAR,22.717,75.8,25.0,1005.7,54.18
2015-02-28T15:00:00,42754099999,DEVI AHILYABAI HOLKAR,22.717,75.8,22.0,1007.7,74.69
2015-02-28T18:00:00,42754099999,DEVI AHILYABAI HOLKAR,22.717,75.8,21.4,1009.3,72.72
2015-02-28T21:00:00,42754099999,DEVI AHILYABAI HOLKAR,22.717,75.8,20.0,1009.0,80.28
2015-03-01T00:00:00,42754099999,DEVI AHILYABAI HOLKAR,22.717,75.8,17.6,1008.9,93.87
2015-03-01T03:00:00,42754099999,DEVI AHILYABAI HOLKAR,22.717,75.8,15.6,1009.4,93.77
2015-03-01T06:00:00,42754099999,DEVI AHILYABAI HOLKAR,22.717,75.8,16.2,1011.3,89.67
2015-03-01T09:00:00,42754099999,DEVI AHILYABAI HOLKAR,22.717,75.8,17.0,1009.9,86.33
2015-03-01T12:00:00,42754099999,DEVI AHILYABAI HOLKAR,22.717,75.8,17.8,1007.8,86.41
2015-03-01T15:00:00,42754099999,DEVI AHILYABAI HOLKAR,22.717,75.8,16.4,1010.5,92.02
2015-03-01T18:00:00,42754099999,DEVI AHILYABAI HOLKAR,22.717,75.8,16.0,1011.2,95.62
2015-03-01T21:00:00,42754099999,DEVI AHILYABAI HOLKAR,22.717,75.8,15.6,1010.3,93.77
2015-03-02T00:00:00,42754099999,DEVI AHILYABAI HOLKAR,22.717,75.8,14.6,1010.2,91.32
2015-03-02T03:00:00,42754099999,DEVI AHILYABAI HOLKAR,22.717,75.8,16.6,1012.4,93.82
2015-03-02T06:00:00,42754099999,DEVI AHILYABAI HOLKAR,22.717,75.8,21.6,1012.8,69.14
2015-03-02T09:00:00,42754099999,DEVI AHILYABAI HOLKAR,22.717,75.8,24.0,1009.9,57.15
2015-03-02T12:00:00,42754099999,DEVI AHILYABAI HOLKAR,22.717,75.8,20.4,1010.3,80.34
2015-03-02T15:00:00,42754099999,DEVI AHILYABAI HOLKAR,22.717,75.8,17.2,1013.0,88.03
2015-03-02T18:00:00,42754099999,DEVI AHILYABAI HOLKAR,22.717,75.8,16.4,1014.1,87.96
2015-03-02T21:00:00,42754099999,DEVI AHILYABAI HOLKAR,22.717,75.8,15.4,1013.3,95.6
2015-03-03T00:00:00,42754099999,DEVI AHILYABAI HOLKAR,22.717,75.8,14.0,1014.6,91.28
2015-03-03T03:00:00,42754099999,DEVI AHILYABAI HOLKAR,22.717,75.8,14.8,1015.7,85.55
2015-03-03T06:00:00,42754099999,DEVI AHILYABAI HOLKAR,22.717,75.8,21.0,1015.0,55.67
2015-03-03T09:00:00,42754099999,DEVI AHILYABAI HOLKAR,22.717,75.8,23.2,1010.8,39.05
2015-03-03T12:00:00,42754099999,DEVI AHILYABAI HOLKAR,22.717,75.8,24.0,1009.7,35.25
2015-03-03T15:00:00,42754099999,DEVI AHILYABAI HOLKAR,22.717,75.8,19.8,1012.6,48.09
2015-03-03T18:00:00,42754099999,DEVI AHILYABAI HOLKAR,22.717,75.8,15.8,1014.2,59.39
2015-03-03T21:00:00,42754099999,DEVI AHILYABAI HOLKAR,22.717,75.8,14.6,1013.5,69.11
2015-03-04T00:00:00,42754099999,DEVI AHILYABAI HOLKAR,22.717,75.8,13.4,1013.4,72.22
2015-03-04T03:00:00,42754099999,DEVI AHILYABAI HOLKAR,22.717,75.8,16.2,1015.0,63.22
2015-03-04T06:00:00,42754099999,DEVI AHILYABAI HOLKAR,22.717,75.8,23.0,1014.2,41.44
2015-03-04T09:00:00,42754099999,DEVI AHILYABAI HOLKAR,22.717,75.8,24.6,1011.5,33.77
2015-03-04T12:00:00,42754099999,DEVI AHILYABAI HOLKAR,22.717,75.8,25.0,1010.7,34.35
2015-03-04T15:00:00,42754099999,DEVI AHILYABAI HOLKAR,22.717,75.8,20.8,1013.3,44.9
2015-03-04T18:00:00,42754099999,DEVI AHILYABAI HOLKAR,22.717,75.8,16.8,1014.7,62.09
2015-03-04T21:00:00,42754099999,DEVI AHILYABAI HOLKAR,22.717,75.8,15.6,1014.1,68.39
2015-03-05T00:00:00,42754099999,DEVI AHILYABAI HOLKAR,22.717,75.8,14.0,1014.2,74.81
2015-03-05T03:00:00,42754099999,DEVI AHILYABAI HOLKAR,22.717,75.8,20.2,1015.8,51.55
2015-03-05T06:00:00,42754099999,DEVI AHILYABAI HOLKAR,22.717,75.8,25.4,1014.8,36.13
2015-03-05T09:00:00,42754099999,DEVI AHILYABAI HOLKAR,22.717,75.8,29.0,1011.2,33.43
2015-03-05T12:00:00,42754099999,DEVI AHILYABAI HOLKAR,22.717,75.8,28.4,1010.3,32.6
2015-03-05T15:00:00,42754099999,DEVI AHILYABAI HOLKAR,22.717,75.8,22.2,1013.1,44.09
2015-03-05T18:00:00,42754099999,DEVI AHILYABAI HOLKAR,22.717,75.8,21.0,1014.3,51.08
2015-03-05T21:00:00,42754099999,DEVI AHILYABAI HOLKAR,22.717,75.8,20.0,1013.8,54.32
2015-03-06T00:00:00,42754099999,DEVI AHILYABAI HOLKAR,22.717,75.8,17.8,1014.6,63.16
2015-03-06T03:00:00,42754099999,DEVI AHILYABAI HOLKAR,22.717,75.8,18.0,1017.1,58.34
2015-03-06T06:00:00,42754099999,DEVI AHILYABAI HOLKAR,22.717,75.8,26.0,1016.2,32.37
2015-03-06T09:00:00,42754099999,DEVI AHILYABAI HOLKAR,22.717,75.8,28.4,1012.8,29.68
2015-03-06T12:00:00,42754099999,DEVI AHILYABAI HOLKAR,22.717,75.8,28.2,1011.4,29.43
2015-03-06T15:00:00,42754099999,DEVI AHILYABAI HOLKAR,22.717,75.8,23.2,1014.2,44.08
2015-03-06T18:00:00,42754099999,DEVI AHILYABAI HOLKAR,22.717,75.8,19.2,1015.9,54.85
2015-03-06T21:00:00,42754099999,DEVI AHILYABAI HOLKAR,22.717,75.8,17.8,1014.6,59.87
2015-03-07T00:00:00,42754099999,DEVI AHILYABAI HOLKAR,22.717,75.8,13.6,1014.7,76.26
2015-03-07T03:00:00,42754099999,DEVI AHILYABAI HOLKAR,22.717,75.8,19.0,1015.6,51.58
2015-03-07T06:00:00,42754099999,DEVI AHILYABAI HOLKAR,22.717,75.8,27.0,1014.2,33.99
2015-03-07T09:00:00,42754099999,DEVI AHILYABAI HOLKAR,22.717,75.8,29.6,1010.0,27.5
2015-03-07T12:00:00,42754099999,DEVI AHILYABAI HOLKAR,22.717,75.8,30.0,1009.3,26.16
2015-03-07T15:00:00,42754099999,DEVI AHILYABAI HOLKAR,22.717,75.8,25.0,1012.0,36.75
2015-03-07T18:00:00,42754099999,DEVI AHILYABAI HOLKAR,22.717,75.8,20.0,1014.0,
2015-03-07T21:00:00,42754099999,DEVI AHILYABAI HOLKAR,22.717,75.8,19.0,1013.1,54.8
2015-03-08T00:00:00,42754099999,DEVI AHILYABAI HOLKAR,22.717,75.8,16.0,1013.7,68.47
2015-03-08T03:00:00,42754099999,DEVI AHILYABAI HOLKAR,22.717,75.8,21.4,1014.2,50.17
2015-03-08T06:00:00,42754099999,DEVI AHILYABAI HOLKAR,22.717,75.8,27.0,1014.0,42.84
2015-03-08T09:00:00,42754099999,DEVI AHILYABAI HOLKAR,22.717,75.8,28.6,1011.1,38.26
2015-03-08T12:00:00,42754099999,DEVI AHILYABAI HOLKAR,22.717,75.8,29.4,1009.8,27.08
2015-03-08T15:00:00,42754099999,DEVI AHILYABAI HOLKAR,22.717,75.8,24.6,1012.6,39.71
2015-03-08T18:00:00,42754099999,DEVI AHILYABAI HOLKAR,22.717,75.8,22.2,1013.9,46.83
2015-03-09T00:00:00,42754099999,DEVI AHILYABAI HOLKAR,22.717,75.8,17.8,1014.2,63.16
2015-03-09T03:00:00,42754099999,DEVI AHILYABAI HOLKAR,22.717,75.8,19.0,1018.3,60.96
2015-03-09T06:00:00,42754099999,DEVI AHILYABAI HOLKAR,22.717,75.8,24.4,1018.6,37.08
2015-03-09T09:00:00,42754099999,DEVI AHILYABAI HOLKAR,22.717,75.8,28.4,1014.7,30.7
2015-03-09T12:00:00,42754099999,DEVI AHILYABAI HOLKAR,22.717,75.8,28.6,1013.8,32.88
2015-03-09T15:00:00,42754099999,DEVI AHILYABAI HOLKAR,22.717,75.8,23.0,1016.3,40.07
2015-03-09T18:00:00,42754099999,DEVI AHILYABAI HOLKAR,22.717,75.8,19.6,1018.3,50.7
2015-03-09T21:00:00,42754099999,DEVI AHILYABAI HOLKAR,22.717,75.8,18.0,1017.3,58.34
2015-03-10T00:00:00,42754099999,DEVI AHILYABAI HOLKAR,22.717,75.8,15.0,1018.1,75.48
2015-03-10T03:00:00,42754099999,DEVI AHILYABAI HOLKAR,22.717,75.8,17.6,1019.1,59.43
2015-03-10T06:00:00,42754099999,DEVI AHILYABAI HOLKAR,22.717,75.8,24.6,1018.1,43.59
2015-03-10T09:00:00,42754099999,DEVI AHILYABAI HOLKAR,22.717,75.8,28.8,1013.7,36.36
2015-03-10T12:00:00,42754099999,DEVI AHILYABAI HOLKAR,22.717,75.8,29.6,1012.2,38.29
2015-03-10T15:00:00,42754099999,DEVI AHILYABAI HOLKAR,22.717,75.8,,1014.4,
2015-03-10T18:00:00,42754099999,DEVI AHILYABAI HOLKAR,22.717,75.8,21.0,1016.5,58.68
2015-03-10T21:00:00,42754099999,DEVI AHILYABAI HOLKAR,22.717,75.8,18.8,1016.2,67.69
2015-03-11T00:00:00,42754099999,DEVI AHILYABAI HOLKAR,22.717,75.8,16.4,1015.9,74.72
2015-03-11T03:00:00,42754099999,DEVI AHILYABAI HOLKAR,22.717,75.8,20.0,1017.1,65.34
2015-03-11T06:00:00,42754099999,DEVI AHILYABAI HOLKAR,22.717,75.8,28.8,1015.6,35.18
2015-03-11T09:00:00,42754099999,DEVI AHILYABAI HOLKAR,22.717,75.8,31.6,1011.7,27.49
2015-03-11T12:00:00,42754099999,DEVI AHILYABAI HOLKAR,22.717,75.8,32.0,1010.6,30.67
2015-03-11T15:00:00,42754099999,DEVI AHILYABAI HOLKAR,22.717,75.8,27.4,1012.8,42.12
2015-03-11T18:00:00,42754099999,DEVI AHILYABAI HOLKAR,22.717,75.8,25.2,1014.3,47.96
2015-03-11T21:00:00,42754099999,DEVI AHILYABAI HOLKAR,22.717,75.8,23.4,1013.8,52.39
2015-03-12T00:00:00,42754099999,DEVI AHILYABAI HOLKAR,22.717,75.8,20.0,1014.7,73.41
2015-03-12T03:00:00,42754099999,DEVI AHILYABAI HOLKAR,22.717,75.8,20.4,1017.6,78.82
2015-03-12T06:00:00,42754099999,DEVI AHILYABAI HOLKAR,22.717,75.8,26.4,1017.4,54.18
2015-03-12T09:00:00,42754099999,DEVI AHILYABAI HOLKAR,22.717,75.8,29.2,1013.5,44.28
2015-03-12T12:00:00,42754099999,DEVI AHILYABAI HOLKAR,22.717,75.8,27.6,1011.9,51.8
2015-03-12T15:00:00,42754099999,DEVI AHILYABAI HOLKAR,22.717,75.8,25.0,1014.1,58.13
2015-03-12T18:00:00,42754099999,DEVI AHILYABAI HOLKAR,22.717,75.8,22.8,1016.2,64.68
2015-03-12T21:00:00,42754099999,DEVI AHILYABAI HOLKAR,22.717,75.8,21.2,1015.2,69.5
2015-03-13T00:00:00,42754099999,DEVI AHILYABAI HOLKAR,22.717,75.8,18.8,1015.3,83.26
2015-03-13T03:00:00,42754099999,DEVI AHILYABAI HOLKAR,22.717,75.8,18.6,1017.0,88.71
2015-03-13T06:00:00,42754099999,DEVI AHILYABAI HOLKAR,22.717,75.8,19.4,1019.1,90.47
2015-03-13T09:00:00,42754099999,DEVI AHILYABAI HOLKAR,22.717,75.8,17.6,1016.6,90.35
2015-03-13T12:00:00,42754099999,DEVI AHILYABAI HOLKAR,22.717,75.8,19.0,1013.9,78.12
2015-03-13T15:00:00,42754099999,DEVI AHILYABAI HOLKAR,22.717,75.8,18.4,1015.2,88.7
2015-03-13T18:00:00,42754099999,DEVI AHILYABAI HOLKAR,22.717,75.8,18.0,1016.3,86.43
2015-03-13T21:00:00,42754099999,DEVI AHILYABAI HOLKAR,22.717,75.8,17.2,1014.6,88.03
2015-03-14T00:00:00,42754099999,DEVI AHILYABAI HOLKAR,22.717,75.8,17.0,1015.0,90.3
2015-03-14T03:00:00,42754099999,DEVI AHILYABAI HOLKAR,22.717,75.8,17.6,1016.7,88.63
2015-03-14T06:00:00,42754099999,DEVI AHILYABAI HOLKAR,22.717,75.8,22.0,1016.2,78.06
2015-03-14T09:00:00,42754099999,DEVI AHILYABAI HOLKAR,22.717,75.8,26.4,1012.1,51.82
2015-03-14T12:00:00,42754099999,DEVI AHILYABAI HOLKAR,22.717,75.8,22.2,1011.5,70.14
2015-03-14T15:00:00,42754099999,DEVI AHILYABAI HOLKAR,22.717,75.8,20.4,1012.4,78.82
2015-03-14T18:00:00,42754099999,DEVI AHILYABAI HOLKAR,22.717,75.8,18.6,1015.6,94.51
2015-03-14T21:00:00,42754099999,DEVI AHILYABAI HOLKAR,22.717,75.8,18.0,1014.9,94.48
2015-03-15T00:00:00,42754099999,DEVI AHILYABAI HOLKAR,22.717,75.8,17.0,1015.8,92.06
2015-03-15T03:00:00,42754099999,DEVI AHILYABAI HOLKAR,22.717,75.8,19.8,1014.3,83.91
2015-03-15T06:00:00,42754099999,DEVI AHILYABAI HOLKAR,22.717,75.8,25.6,1013.5,58.64
2015-03-15T09:00:00,42754099999,DEVI AHILYABAI HOLKAR,22.717,75.8,28.6,1010.0,44.69
2015-03-15T12:00:00,42754099999,DEVI AHILYABAI HOLKAR,22.717,75.8,20.6,1010.3,73.99
2015-03-15T15:00:00,42754099999,DEVI AHILYABAI HOLKAR,22.717,75.8,21.4,1012.1,80.98
2015-03-15T18:00:00,42754099999,DEVI AHILYABAI HOLKAR,22.717,75.8,20.4,1014.2,82.4
2015-03-15T21:00:00,42754099999,DEVI AHILYABAI HOLKAR,22.717,75.8,19.0,1013.3,90.45
2015-03-16T00:00:00,42754099999,DEVI AHILYABAI HOLKAR,22.717,75.8,17.6,1014.3,90.35
2015-03-16T03:00:00,42754099999,DEVI AHILYABAI HOLKAR,22.717,75.8,19.6,1015.9,76.72
2015-03-16T06:00:00,42754099999,DEVI AHILYABAI HOLKAR,22.717,75.8,24.2,1015.5,56.11
2015-03-16T09:00:00,42754099999,DEVI AHILYABAI HOLKAR,22.717,75.8,28.8,1011.4,33.15
2015-03-16T12:00:00,42754099999,DEVI AHILYABAI HOLKAR,22.717,75.8,,1011.2,
2015-03-16T15:00:00,42754099999,DEVI AHILYABAI HOLKAR,22.717,75.8,23.4,1014.1,44.43
2015-03-16T18:00:00,42754099999,DEVI AHILYABAI HOLKAR,22.717,75.8,21.4,1015.6,39.07
2015-03-16T21:00:00,42754099999,DEVI AHILYABAI HOLKAR,22.717,75.8,20.8,1014.9,39.44
2015-03-17T00:00:00,42754099999,DEVI AHILYABAI HOLKAR,22.717,75.8,16.6,1015.4,58.39
2015-03-17T03:00:00,42754099999,DEVI AHILYABAI HOLKAR,22.717,75.8,18.4,1017.7,72.18
2015-03-17T06:00:00,42754099999,DEVI AHILYABAI HOLKAR,22.717,75.8,26.2,1015.9,45.49
2015-03-17T09:00:00,42754099999,DEVI AHILYABAI HOLKAR,22.717,75.8,28.0,1012.2,32.06
2015-03-17T12:00:00,42754099999,DEVI AHILYABAI HOLKAR,22.717,75.8,28.0,1010.9,35.19
2015-03-17T15:00:00,42754099999,DEVI AHILYABAI HOLKAR,22.717,75.8,23.0,1013.6,53.32
2015-03-17T18:00:00,42754099999,DEVI AHILYABAI HOLKAR,22.717,75.8,20.6,1014.5,61.34
2015-03-17T21:00:00,42754099999,DEVI AHILYABAI HOLKAR,22.717,75.8,18.6,1014.6,70.82
2015-03-18T00:00:00,42754099999,DEVI AHILYABAI HOLKAR,22.717,75.8,16.2,1013.8,68.97
2015-03-18T03:00:00,42754099999,DEVI AHILYABAI HOLKAR,22.717,75.8,20.6,1013.3,53.4
2015-03-18T06:00:00,42754099999,DEVI AHILYABAI HOLKAR,22.717,75.8,25.4,1015.1,36.13
2015-03-18T09:00:00,42754099999,DEVI AHILYABAI HOLKAR,22.717,75.8,28.4,1011.2,24.69
2015-03-18T12:00:00,42754099999,DEVI AHILYABAI HOLKAR,22.717,75.8,28.4,1009.8,24.69
2015-03-18T15:00:00,42754099999,DEVI AHILYABAI HOLKAR,22.717,75.8,23.8,1012.8,42.51
2015-03-18T18:00:00,42754099999,DEVI AHILYABAI HOLKAR,22.717,75.8,21.4,1015.1,56.14
2015-03-18T21:00:00,42754099999,DEVI AHILYABAI HOLKAR,22.717,75.8,19.2,1014.4,67.77
2015-03-19T00:00:00,42754099999,DEVI AHILYABAI HOLKAR,22.717,75.8,17.4,1015.8,73.43
2015-03-19T03:00:00,42754099999,DEVI AHILYABAI HOLKAR,22.717,75.8,22.0,1015.5,41.16
2015-03-19T06:00:00,42754099999,DEVI AHILYABAI HOLKAR,22.717,75.8,27.4,1014.7,21.99
2015-03-19T09:00:00,42754099999,DEVI AHILYABAI HOLKAR,22.717,75.8,29.4,1011.6,19.72
2015-03-19T12:00:00,42754099999,DEVI AHILYABAI HOLKAR,22.717,75.8,30.0,1010.2,18.92
2015-03-19T15:00:00,42754099999,DEVI AHILYABAI HOLKAR,22.717,75.8,25.2,1012.9,34.17
2015-03-19T18:00:00,42754099999,DEVI AHILYABAI HOLKAR,22.717,75.8,22.6,1014.5,35.58
2015-03-19T21:00:00,42754099999,DEVI AHILYABAI HOLKAR,22.717,75.8,20.4,1013.3,41.55
2015-03-20T00:00:00,42754099999,DEVI AHILYABAI HOLKAR,22.717,75.8,16.6,1014.0,60.81
2015-03-20T03:00:00,42754099999,DEVI AHILYABAI HOLKAR,22.717,75.8,23.4,1015.3,38.06
2015-03-20T06:00:00,42754099999,DEVI AHILYABAI HOLKAR,22.717,75.8,29.8,1015.0,21.25
2015-03-20T09:00:00,42754099999,DEVI AHILYABAI HOLKAR,22.717,75.8,32.0,1011.4,17.72
2015-03-20T12:00:00,42754099999,DEVI AHILYABAI HOLKAR,22.717,75.8,32.2,1009.7,21.41
2015-03-20T15:00:00,42754099999,DEVI AHILYABAI HOLKAR,22.717,75.8,27.0,1013.2,32.87
2015-03-20T18:00:00,42754099999,DEVI AHILYABAI HOLKAR,22.717,75.8,24.0,1015.0,41.44
2015-03-20T21:00:00,42754099999,DEVI AHILYABAI HOLKAR,22.717,75.8,21.6,1014.0,48.9
2015-03-21T00:00:00,42754099999,DEVI AHILYABAI HOLKAR,22.717,75.8,19.4,1014.9,53.45
2015-03-21T03:00:00,42754099999,DEVI AHILYABAI HOLKAR,22.717,75.8,25.6,1015.6,37.67
2015-03-21T06:00:00,42754099999,DEVI AHILYABAI HOLKAR,22.717,75.8,32.4,1014.7,24.25
2015-03-21T09:00:00,42754099999,DEVI AHILYABAI HOLKAR,22.717,75.8,34.0,1011.1,22.31
2015-03-21T12:00:00,42754099999,DEVI AHILYABAI HOLKAR,22.717,75.8,35.0,1009.4,21.97
2015-03-21T15:00:00,42754099999,DEVI AHILYABAI HOLKAR,22.717,75.8,,1012.2,
2015-03-21T18:00:00,42754099999,DEVI AHILYABAI HOLKAR,22.717,75.8,27.8,1013.0,38.29
2015-03-21T21:00:00,42754099999,DEVI AHILYABAI HOLKAR,22.717,75.8,25.0,1012.6,49.17
2015-03-22T00:00:00,42754099999,DEVI AHILYABAI HOLKAR,22.717,75.8,19.6,1013.2,61.91
2015-03-22T03:00:00,42754099999,DEVI AHILYABAI HOLKAR,22.717,75.8,27.0,1013.9,39.34
2015-03-22T06:00:00,42754099999,DEVI AHILYABAI HOLKAR,22.717,75.8,34.2,1012.1,20.91
2015-03-22T09:00:00,42754099999,DEVI AHILYABAI HOLKAR,22.717,75.8,35.4,1009.1,19.56
2015-03-22T12:00:00,42754099999,DEVI AHILYABAI HOLKAR,22.717,75.8,35.0,1008.4,21.25
2015-03-22T15:00:00,42754099999,DEVI AHILYABAI HOLKAR,22.717,75.8,29.2,1010.5,34.83
2015-03-22T18:00:00,42754099999,DEVI AHILYABAI HOLKAR,22.717,75.8,26.6,1011.9,36.71
2015-03-22T21:00:00,42754099999,DEVI AHILYABAI HOLKAR,22.717,75.8,25.6,1011.3,38.69
2015-03-23T00:00:00,42754099999,DEVI AHILYABAI HOLKAR,22.717,75.8,22.0,1011.3,52.37
2015-03-23T03:00:00,42754099999,DEVI AHILYABAI HOLKAR,22.717,75.8,27.6,1011.7,39.25
2015-03-23T06:00:00,42754099999,DEVI AHILYABAI HOLKAR,22.717,75.8,34.4,1010.4,23.64
2015-03-23T09:00:00,42754099999,DEVI AHILYABAI HOLKAR,22.717,75.8,36.8,1006.8,17.87
2015-03-23T12:00:00,42754099999,DEVI AHILYABAI HOLKAR,22.717,75.8,35.6,1005.8,16.88
2015-03-23T15:00:00,42754099999,DEVI AHILYABAI HOLKAR,22.717,75.8,29.8,1009.1,27.74
2015-03-23T18:00:00,42754099999,DEVI AHILYABAI HOLKAR,22.717,75.8,26.8,1011.0,38.01
2015-03-23T21:00:00,42754099999,DEVI AHILYABAI HOLKAR,22.717,75.8,25.4,1010.8,40.74
2015-03-24T00:00:00,42754099999,DEVI AHILYABAI HOLKAR,22.717,75.8,21.8,1011.0,53.36
2015-03-24T03:00:00,42754099999,DEVI AHILYABAI HOLKAR,22.717,75.8,28.4,1010.9,34.84
2015-03-24T06:00:00,42754099999,DEVI AHILYABAI HOLKAR,22.717,75.8,34.6,1010.0,23.07
2015-03-24T09:00:00,42754099999,DEVI AHILYABAI HOLKAR,22.717,75.8,36.4,1006.2,18.76
2015-03-24T12:00:00,42754099999,DEVI AHILYABAI HOLKAR,22.717,75.8,35.8,1005.7,19.39
2015-03-24T15:00:00,42754099999,DEVI AHILYABAI HOLKAR,22.717,75.8,29.6,1008.2,35.41
2015-03-24T18:00:00,42754099999,DEVI AHILYABAI HOLKAR,22.717,75.8,29.0,1009.1,29.25
2015-03-24T21:00:00,42754099999,DEVI AHILYABAI HOLKAR,22.717,75.8,27.4,1008.1,31.25
2015-03-25T00:00:00,42754099999,DEVI AHILYABAI HOLKAR,22.717,75.8,24.2,1010.1,42.91
2015-03-25T06:00:00,42754099999,DEVI AHILYABAI HOLKAR,22.717,75.8,35.4,1010.2,20.37
2015-03-25T09:00:00,42754099999,DEVI AHILYABAI HOLKAR,22.717,75.8,36.8,1007.4,17.87
2015-03-25T12:00:00,42754099999,DEVI AHILYABAI HOLKAR,22.717,75.8,36.0,1006.5,18.92
2015-03-25T15:00:00,42754099999,DEVI AHILYABAI HOLKAR,22.717,75.8,31.2,1009.5,27.75
2015-03-25T18:00:00,42754099999,DEVI AHILYABAI HOLKAR,22.717,75.8,28.6,1011.0,42.45
2015-03-25T21:00:00,42754099999,DEVI AHILYABAI HOLKAR,22.717,75.8,25.4,1010.6,42.11
2015-03-26T00:00:00,42754099999,DEVI AHILYABAI HOLKAR,22.717,75.8,23.2,1011.6,44.08
2015-03-26T03:00:00,42754099999,DEVI AHILYABAI HOLKAR,22.717,75.8,30.0,1012.1,29.92
2015-03-26T06:00:00,42754099999,DEVI AHILYABAI HOLKAR,22.717,75.8,35.4,1011.4,20.37
2015-03-26T09:00:00,42754099999,DEVI AHILYABAI HOLKAR,22.717,75.8,36.4,1008.8,18.76
2015-03-26T12:00:00,42754099999,DEVI AHILYABAI HOLKAR,22.717,75.8,35.4,1008.2,21.06
2015-03-26T15:00:00,42754099999,DEVI AHILYABAI HOLKAR,22.717,75.8,32.2,1010.6,23.08
2015-03-26T18:00:00,42754099999,DEVI AHILYABAI HOLKAR,22.717,75.8,30.0,1012.3,27.06
2015-03-26T21:00:00,42754099999,DEVI AHILYABAI HOLKAR,22.717,75.8,27.4,1011.6,32.32
2015-03-27T00:00:00,42754099999,DEVI AHILYABAI HOLKAR,22.717,75.8,24.4,1012.1,43.25
2015-03-27T03:00:00,42754099999,DEVI AHILYABAI HOLKAR,22.717,75.8,24.4,1014.4,45.9
2015-03-27T06:00:00,42754099999,DEVI AHILYABAI HOLKAR,22.717,75.8,32.8,1012.7,25.52
2015-03-27T09:00:00,42754099999,DEVI AHILYABAI HOLKAR,22.717,75.8,37.0,1008.3,17.44
2015-03-27T12:00:00,42754099999,DEVI AHILYABAI HOLKAR,22.717,75.8,35.4,1007.0,21.06
2015-03-27T15:00:00,42754099999,DEVI AHILYABAI HOLKAR,22.717,75.8,31.0,1010.2,29.41
2015-03-27T18:00:00,42754099999,DEVI AHILYABAI HOLKAR,22.717,75.8,27.8,1011.0,32.87
2015-03-27T21:00:00,42754099999,DEVI AHILYABAI HOLKAR,22.717,75.8,26.4,1010.3,36.41
2015-03-28T00:00:00,42754099999,DEVI AHILYABAI HOLKAR,22.717,75.8,24.0,1011.4,41.44
2015-03-28T03:00:00,42754099999,DEVI AHILYABAI HOLKAR,22.717,75.8,27.2,1011.6,44.31
2015-03-28T06:00:00,42754099999,DEVI AHILYABAI HOLKAR,22.717,75.8,34.6,1010.1,28.67
2015-03-28T09:00:00,42754099999,DEVI AHILYABAI HOLKAR,22.717,75.8,34.0,1006.7,30.42
2015-03-28T12:00:00,42754099999,DEVI AHILYABAI HOLKAR,22.717,75.8,32.8,1006.1,30.69
2015-03-28T15:00:00,42754099999,DEVI AHILYABAI HOLKAR,22.717,75.8,28.4,1007.8,42.39
2015-03-28T18:00:00,42754099999,DEVI AHILYABAI HOLKAR,22.717,75.8,25.4,1009.8,47.08
2015-03-28T21:00:00,42754099999,DEVI AHILYABAI HOLKAR,22.717,75.8,23.4,1009.3,51.04
2015-03-29T00:00:00,42754099999,DEVI AHILYABAI HOLKAR,22.717,75.8,21.0,1009.2,58.68
2015-03-29T03:00:00,42754099999,DEVI AHILYABAI HOLKAR,22.717,75.8,26.4,1009.2,49.22
2015-03-29T06:00:00,42754099999,DEVI AHILYABAI HOLKAR,22.717,75.8,33.0,1008.7,27.5
2015-03-29T09:00:00,42754099999,DEVI AHILYABAI HOLKAR,22.717,75.8,34.0,1005.5,26.35
2015-03-29T12:00:00,42754099999,DEVI AHILYABAI HOLKAR,22.717,75.8,32.0,1005.6,24.47
2015-03-29T15:00:00,42754099999,DEVI AHILYABAI HOLKAR,22.717,75.8,27.8,1008.2,33.09
2015-03-29T18:00:00,42754099999,DEVI AHILYABAI HOLKAR,22.717,75.8,26.4,1009.5,38.66
2015-03-29T21:00:00,42754099999,DEVI AHILYABAI HOLKAR,22.717,75.8,25.2,1008.8,42.9
2015-03-30T00:00:00,42754099999,DEVI AHILYABAI HOLKAR,22.717,75.8,23.8,1009.9,46.34
2015-03-30T03:00:00,42754099999,DEVI AHILYABAI HOLKAR,22.717,75.8,27.6,1009.8,39.25
2015-03-30T06:00:00,42754099999,DEVI AHILYABAI HOLKAR,22.717,75.8,32.4,1009.2,28.45
2015-03-30T09:00:00,42754099999,DEVI AHILYABAI HOLKAR,22.717,75.8,34.0,1005.4,22.31
2015-03-30T12:00:00,42754099999,DEVI AHILYABAI HOLKAR,22.717,75.8,33.6,1004.3,21.77
2015-03-30T15:00:00,42754099999,DEVI AHILYABAI HOLKAR,22.717,75.8,28.0,1007.4,27.07
2015-03-30T18:00:00,42754099999,DEVI AHILYABAI HOLKAR,22.717,75.8,25.0,1010.0,34.35
2015-03-30T21:00:00,42754099999,DEVI AHILYABAI HOLKAR,22.717,75.8,23.4,1009.8,38.06
2015-03-31T00:00:00,42754099999,DEVI AHILYABAI HOLKAR,22.717,75.8,21.4,1009.4,44.47
2015-03-31T03:00:00,42754099999,DEVI AHILYABAI HOLKAR,22.717,75.8,25.0,1011.0,40.36
2015-03-31T06:00:00,42754099999,DEVI AHILYABAI HOLKAR,22.717,75.8,33.0,1009.4,23.28
2015-03-31T09:00:00,42754099999,DEVI AHILYABAI HOLKAR,22.717,75.8,35.0,1006.1,12.56
2015-03-31T12:00:00,42754099999,DEVI AHILYABAI HOLKAR,22.717,75.8,35.0,1004.8,13.2
2015-03-31T15:00:00,42754099999,DEVI AHILYABAI HOLKAR,22.717,75.8,28.0,1008.4,20.07
2015-03-31T18:00:00,42754099999,DEVI AHILYABAI HOLKAR,22.717,75.8,24.0,1009.8,21.27
2015-03-31T21:00:00,42754099999,DEVI AHILYABAI HOLKAR,22.717,75.8,22.4,1009.2,22.93
2015-04-01T00:00:00,42754099999,DEVI AHILYABAI HOLKAR,22.717,75.8,19.8,1010.3,33.57
2015-04-01T03:00:00,42754099999,DEVI AHILYABAI HOLKAR,22.717,75.8,24.4,1010.3,31.05
2015-04-01T06:00:00,42754099999,DEVI AHILYABAI HOLKAR,22.717,75.8,31.4,1009.3,23.66
2015-04-01T09:00:00,42754099999,DEVI AHILYABAI HOLKAR,22.717,75.8,35.2,1004.9,15.67
2015-04-01T12:00:00,42754099999,DEVI AHILYABAI HOLKAR,22.717,75.8,35.6,1003.5,13.42
2015-04-01T15:00:00,42754099999,DEVI AHILYABAI HOLKAR,22.717,75.8,28.6,1006.5,22.15
2015-04-01T18:00:00,42754099999,DEVI AHILYABAI HOLKAR,22.717,75.8,23.4,1009.2,33.2
2015-04-01T21:00:00,42754099999,DEVI AHILYABAI HOLKAR,22.717,75.8,22.0,1009.0,37.92
2015-04-02T00:00:00,42754099999,DEVI AHILYABAI HOLKAR,22.717,75.8,19.2,1009.0,46.32
2015-04-02T03:00:00,42754099999,DEVI AHILYABAI HOLKAR,22.717,75.8,24.6,1009.2,38.66
2015-04-02T06:00:00,42754099999,DEVI AHILYABAI HOLKAR,22.717,75.8,32.4,1007.9,24.25
2015-04-02T09:00:00,42754099999,DEVI AHILYABAI HOLKAR,22.717,75.8,34.8,1004.3,19.42
2015-04-02T12:00:00,42754099999,DEVI AHILYABAI HOLKAR,22.717,75.8,35.0,1002.6,19.73
2015-04-02T15:00:00,42754099999,DEVI AHILYABAI HOLKAR,22.717,75.8,29.8,1005.3,25.75
2015-04-02T18:00:00,42754099999,DEVI AHILYABAI HOLKAR,22.717,75.8,26.0,1005.9,38.03
2015-04-02T21:00:00,42754099999,DEVI AHILYABAI HOLKAR,22.717,75.8,23.8,1005.1,45.13
2015-04-03T00:00:00,42754099999,DEVI AHILYABAI HOLKAR,22.717,75.8,19.8,1007.6,57.24
2015-04-03T03:00:00,42754099999,DEVI AHILYABAI HOLKAR,22.717,75.8,25.2,1008.2,49.22
2015-04-03T06:00:00,42754099999,DEVI AHILYABAI HOLKAR,22.717,75.8,33.6,1006.2,19.39
2015-04-03T09:00:00,42754099999,DEVI AHILYABAI HOLKAR,22.717,75.8,36.4,1002.5,15.93
2015-04-03T12:00:00,42754099999,DEVI AHILYABAI HOLKAR,22.717,75.8,34.0,1002.2,16.86
2015-04-03T15:00:00,42754099999,DEVI AHILYABAI HOLKAR,22.717,75.8,27.8,1004.7,30.74
2015-04-03T18:00:00,42754099999,DEVI AHILYABAI HOLKAR,22.717,75.8,23.4,1005.9,38.06
2015-04-03T21:00:00,42754099999,DEVI AHILYABAI HOLKAR,22.717,75.8,21.4,1005.4,42.99
2015-04-04T00:00:00,42754099999,DEVI AHILYABAI HOLKAR,22.717,75.8,20.0,1005.8,48.14
2015-04-04T03:00:00,42754099999,DEVI AHILYABAI HOLKAR,22.717,75.8,23.4,1006.8,58.12
2015-04-04T06:00:00,42754099999,DEVI AHILYABAI HOLKAR,22.717,75.8,29.2,1005.5,43.16
2015-04-04T09:00:00,42754099999,DEVI AHILYABAI HOLKAR,22.717,75.8,32.8,1002.0,31.7
2015-04-04T12:00:00,42754099999,DEVI AHILYABAI HOLKAR,22.717,75.8,31.6,1000.7,32.0
2015-04-04T15:00:00,42754099999,DEVI AHILYABAI HOLKAR,22.717,75.8,27.8,1003.7,42.78
2015-04-04T18:00:00,42754099999,DEVI AHILYABAI HOLKAR,22.717,75.8,25.0,1005.3,55.59
2015-04-04T21:00:00,42754099999,DEVI AHILYABAI HOLKAR,22.717,75.8,22.4,1004.9,65.84
2015-04-05T00:00:00,42754099999,DEVI AHILYABAI HOLKAR,22.717,75.8,20.4,1005.4,72.08
2015-04-05T03:00:00,42754099999,DEVI AHILYABAI HOLKAR,22.717,75.8,24.4,1006.8,73.24
2015-04-05T06:00:00,42754099999,DEVI AHILYABAI HOLKAR,22.717,75.8,29.8,1006.4,38.59
2015-04-05T09:00:00,42754099999,DEVI AHILYABAI HOLKAR,22.717,75.8,32.8,1002.8,29.9
2015-04-05T12:00:00,42754099999,DEVI AHILYABAI HOLKAR,22.717,75.8,32.0,1003.3,30.67
2015-04-05T15:00:00,42754099999,DEVI AHILYABAI HOLKAR,22.717,75.8,28.6,1005.5,39.27
2015-04-05T18:00:00,42754099999,DEVI AHILYABAI HOLKAR,22.717,75.8,25.0,1007.0,45.16
2015-04-05T21:00:00,42754099999,DEVI AHILYABAI HOLKAR,22.717,75.8,23.6,1006.8,50.09
2015-04-06T00:00:00,42754099999,DEVI AHILYABAI HOLKAR,22.717,75.8,21.8,1006.6,56.24
2015-04-06T03:00:00,42754099999,DEVI AHILYABAI HOLKAR,22.717,75.8,23.4,1008.4,56.64
2015-04-06T06:00:00,42754099999,DEVI AHILYABAI HOLKAR,22.717,75.8,30.6,1006.4,39.57
2015-04-06T09:00:00,42754099999,DEVI AHILYABAI HOLKAR,22.717,75.8,33.0,1003.5,30.15
2015-04-06T12:00:00,42754099999,DEVI AHILYABAI HOLKAR,22.717,75.8,33.0,1002.0,26.61
2015-04-06T15:00:00,42754099999,DEVI AHILYABAI HOLKAR,22.717,75.8,29.4,1004.3,36.05
2015-04-06T18:00:00,42754099999,DEVI AHILYABAI HOLKAR,22.717,75.8,27.2,1005.6,35.2
2015-04-06T21:00:00,42754099999,DEVI AHILYABAI HOLKAR,22.717,75.8,24.8,1005.3,43.65
2015-04-07T00:00:00,42754099999,DEVI AHILYABAI HOLKAR,22.717,75.8,22.2,1006.4,49.72
2015-04-07T03:00:00,42754099999,DEVI AHILYABAI HOLKAR,22.717,75.8,24.4,1008.5,48.37
2015-04-07T06:00:00,42754099999,DEVI AHILYABAI HOLKAR,22.717,75.8,30.6,1007.1,33.87
2015-04-07T09:00:00,42754099999,DEVI AHILYABAI HOLKAR,22.717,75.8,33.4,1004.0,26.36
2015-04-07T12:00:00,42754099999,DEVI AHILYABAI HOLKAR,22.717,75.8,34.0,1003.1,24.66
2015-04-07T15:00:00,42754099999,DEVI AHILYABAI HOLKAR,22.717,75.8,29.6,1005.6,31.24
2015-04-07T18:00:00,42754099999,DEVI AHILYABAI HOLKAR,22.717,75.8,27.4,1007.1,35.49
2015-04-07T21:00:00,42754099999,DEVI AHILYABAI HOLKAR,22.717,75.8,25.2,1006.6,41.78
2015-04-08T00:00:00,42754099999,DEVI AHILYABAI HOLKAR,22.717,75.8,23.0,1007.6,46.74
2015-04-08T03:00:00,42754099999,DEVI AHILYABAI HOLKAR,22.717,75.8,27.2,1009.7,37.37
2015-04-08T06:00:00,42754099999,DEVI AHILYABAI HOLKAR,22.717,75.8,32.4,1009.1,29.4
2015-04-08T09:00:00,42754099999,DEVI AHILYABAI HOLKAR,22.717,75.8,35.0,1006.4,25.93
2015-04-08T12:00:00,42754099999,DEVI AHILYABAI HOLKAR,22.717,75.8,30.6,1004.7,32.57
2015-04-08T15:00:00,42754099999,DEVI AHILYABAI HOLKAR,22.717,75.8,29.6,1007.7,36.35
2015-04-08T18:00:00,42754099999,DEVI AHILYABAI HOLKAR,22.717,75.8,27.2,1008.6,38.62
2015-04-08T21:00:00,42754099999,DEVI AHILYABAI HOLKAR,22.717,75.8,26.0,1008.3,41.73
2015-04-09T00:00:00,42754099999,DEVI AHILYABAI HOLKAR,22.717,75.8,22.4,1009.1,55.66
2015-04-09T03:00:00,42754099999,DEVI AHILYABAI HOLKAR,22.717,75.8,26.8,1010.1,34.62
2015-04-09T06:00:00,42754099999,DEVI AHILYABAI HOLKAR,22.717,75.8,33.6,1008.8,21.77
2015-04-09T09:00:00,42754099999,DEVI AHILYABAI HOLKAR,22.717,75.8,36.8,1005.8,19.9
2015-04-09T12:00:00,42754099999,DEVI AHILYABAI HOLKAR,22.717,75.8,36.0,1004.4,19.57
2015-04-09T15:00:00,42754099999,DEVI AHILYABAI HOLKAR,22.717,75.8,32.0,1006.7,26.17
2015-04-09T18:00:00,42754099999,DEVI AHILYABAI HOLKAR,22.717,75.8,29.0,1008.4,26.43
2015-04-09T21:00:00,42754099999,DEVI AHILYABAI HOLKAR,22.717,75.8,27.0,1008.1,29.9
2015-04-10T00:00:00,42754099999,DEVI AHILYABAI HOLKAR,22.717,75.8,23.0,1009.2,46.74
2015-04-10T03:00:00,42754099999,DEVI AHILYABAI HOLKAR,22.717,75.8,26.6,1009.9,33.42
2015-04-10T06:00:00,42754099999,DEVI AHILYABAI HOLKAR,22.717,75.8,33.0,1008.8,24.24
2015-04-10T09:00:00,42754099999,DEVI AHILYABAI HOLKAR,22.717,75.8,37.0,1005.3,16.74
2015-04-10T12:00:00,42754099999,DEVI AHILYABAI HOLKAR,22.717,75.8,36.2,1003.5,30.43
2015-04-10T15:00:00,42754099999,DEVI AHILYABAI HOLKAR,22.717,75.8,31.6,1005.9,31.17
2015-04-10T18:00:00,42754099999,DEVI AHILYABAI HOLKAR,22.717,75.8,28.4,1008.1,32.6
2015-04-10T21:00:00,42754099999,DEVI AHILYABAI HOLKAR,22.717,75.8,26.2,1007.8,37.34
2015-04-11T00:00:00,42754099999,DEVI AHILYABAI HOLKAR,22.717,75.8,22.0,1009.2,52.37
2015-04-11T03:00:00,42754099999,DEVI AHILYABAI HOLKAR,22.717,75.8,27.4,1010.3,37.67
2015-04-11T06:00:00,42754099999,DEVI AHILYABAI HOLKAR,22.717,75.8,31.8,1009.9,31.43
2015-04-11T09:00:00,42754099999,DEVI AHILYABAI HOLKAR,22.717,75.8,35.0,1006.4,21.97
2015-04-11T12:00:00,42754099999,DEVI AHILYABAI HOLKAR,22.717,75.8,32.4,1004.1,33.93
2015-04-11T15:00:00,42754099999,DEVI AHILYABAI HOLKAR,22.717,75.8,26.4,1007.3,35.21
2015-04-11T18:00:00,42754099999,DEVI AHILYABAI HOLKAR,22.717,75.8,19.0,1013.9,84.89
2015-04-11T21:00:00,42754099999,DEVI AHILYABAI HOLKAR,22.717,75.8,19.4,1012.5,78.18
2015-04-12T00:00:00,42754099999,DEVI AHILYABAI HOLKAR,22.717,75.8,19.6,1012.9,76.72
2015-04-12T03:00:00,42754099999,DEVI AHILYABAI HOLKAR,22.717,75.8,20.4,1013.3,78.82
2015-04-12T06:00:00,42754099999,DEVI AHILYABAI HOLKAR,22.717,75.8,28.0,1012.0,48.71
2015-04-12T09:00:00,42754099999,DEVI AHILYABAI HOLKAR,22.717,75.8,29.0,1008.2,39.64
2015-04-12T12:00:00,42754099999,DEVI AHILYABAI HOLKAR,22.717,75.8,19.0,1010.6,78.12
2015-04-12T15:00:00,42754099999,DEVI AHILYABAI HOLKAR,22.717,75.8,20.4,1011.5,77.33
2015-04-12T18:00:00,42754099999,DEVI AHILYABAI HOLKAR,22.717,75.8,20.4,1013.9,68.9
2015-04-12T21:00:00,42754099999,DEVI AHILYABAI HOLKAR,22.717,75.8,19.0,1011.8,79.64
2015-04-13T00:00:00,42754099999,DEVI AHILYABAI HOLKAR,22.717,75.8,18.0,1011.8,81.05
2015-04-13T03:00:00,42754099999,DEVI AHILYABAI HOLKAR,22.717,75.8,20.0,1013.7,75.32
2015-04-13T06:00:00,42754099999,DEVI AHILYABAI HOLKAR,22.717,75.8,21.2,1014.1,74.09
2015-04-13T09:00:00,42754099999,DEVI AHILYABAI HOLKAR,22.717,75.8,25.6,1009.3,47.14
2015-04-13T12:00:00,42754099999,DEVI AHILYABAI HOLKAR,22.717,75.8,26.0,1008.2,47.55
2015-04-13T15:00:00,42754099999,DEVI AHILYABAI HOLKAR,22.717,75.8,20.8,1011.3,75.93
2015-04-13T18:00:00,42754099999,DEVI AHILYABAI HOLKAR,22.717,75.8,20.0,1012.7,73.41
2015-04-13T21:00:00,42754099999,DEVI AHILYABAI HOLKAR,22.717,75.8,18.6,1010.8,81.13
2015-04-14T00:00:00,42754099999,DEVI AHILYABAI HOLKAR,22.717,75.8,17.6,1011.9,82.58
2015-04-14T03:00:00,42754099999,DEVI AHILYABAI HOLKAR,22.717,75.8,22.6,1012.4,67.59
2015-04-14T06:00:00,42754099999,DEVI AHILYABAI HOLKAR,22.717,75.8,26.6,1011.9,45.9
2015-04-14T09:00:00,42754099999,DEVI AHILYABAI HOLKAR,22.717,75.8,28.2,1007.6,45.45
2015-04-14T12:00:00,42754099999,DEVI AHILYABAI HOLKAR,22.717,75.8,25.8,1007.0,56.14
2015-04-14T15:00:00,42754099999,DEVI AHILYABAI HOLKAR,22.717,75.8,21.0,1010.5,84.04
2015-04-14T18:00:00,42754099999,DEVI AHILYABAI HOLKAR,22.717,75.8,20.4,1010.8,78.82
2015-04-14T21:00:00,42754099999,DEVI AHILYABAI HOLKAR,22.717,75.8,19.0,1010.6,78.12
2015-04-15T00:00:00,42754099999,DEVI AHILYABAI HOLKAR,22.717,75.8,18.0,1011.4,81.05
2015-04-15T03:00:00,42754099999,DEVI AHILYABAI HOLKAR,22.717,75.8,23.4,1012.3,65.22
2015-04-15T06:00:00,42754099999,DEVI AHILYABAI HOLKAR,22.717,75.8,28.2,1011.9,45.45
2015-04-15T09:00:00,42754099999,DEVI AHILYABAI HOLKAR,22.717,75.8,30.2,1008.7,40.23
2015-04-15T12:00:00,42754099999,DEVI AHILYABAI HOLKAR,22.717,75.8,29.4,1007.9,39.24
2015-04-15T15:00:00,42754099999,DEVI AHILYABAI HOLKAR,22.717,75.8,25.6,1010.7,56.09
2015-04-15T18:00:00,42754099999,DEVI AHILYABAI HOLKAR,22.717,75.8,23.8,1012.3,65.3
2015-04-15T21:00:00,42754099999,DEVI AHILYABAI HOLKAR,22.717,75.8,23.0,1011.5,67.67
2015-04-16T00:00:00,42754099999,DEVI AHILYABAI HOLKAR,22.717,75.8,20.6,1012.6,77.36
2015-04-16T03:00:00,42754099999,DEVI AHILYABAI HOLKAR,22.717,75.8,25.6,1013.6,61.3
2015-04-16T06:00:00,42754099999,DEVI AHILYABAI HOLKAR,22.717,75.8,31.0,1013.3,38.92
2015-04-16T09:00:00,42754099999,DEVI AHILYABAI HOLKAR,22.717,75.8,32.6,1010.0,33.33
2015-04-16T12:00:00,42754099999,DEVI AHILYABAI HOLKAR,22.717,75.8,33.4,1007.7,28.91
2015-04-16T15:00:00,42754099999,DEVI AHILYABAI HOLKAR,22.717,75.8,30.0,1010.4,35.75
2015-04-16T18:00:00,42754099999,DEVI AHILYABAI HOLKAR,22.717,75.8,27.0,1012.6,47.52
2015-04-16T21:00:00,42754099999,DEVI AHILYABAI HOLKAR,22.717,75.8,24.8,1011.6,55.18
2015-04-17T00:00:00,42754099999,DEVI AHILYABAI HOLKAR,22.717,75.8,22.2,1011.5,66.22
2015-04-17T03:00:00,42754099999,DEVI AHILYABAI HOLKAR,22.717,75.8,28.0,1012.2,42.83
2015-04-17T06:00:00,42754099999,DEVI AHILYABAI HOLKAR,22.717,75.8,33.2,1010.7,31.2
2015-04-17T09:00:00,42754099999,DEVI AHILYABAI HOLKAR,22.717,75.8,35.4,1006.4,23.28
2015-04-17T12:00:00,42754099999,DEVI AHILYABAI HOLKAR,22.717,75.8,36.4,1003.9,19.41
2015-04-17T15:00:00,42754099999,DEVI AHILYABAI HOLKAR,22.717,75.8,31.8,1005.9,31.43
2015-04-17T18:00:00,42754099999,DEVI AHILYABAI HOLKAR,22.717,75.8,28.0,1007.8,37.35
2015-04-17T21:00:00,42754099999,DEVI AHILYABAI HOLKAR,22.717,75.8,22.4,1007.0,59.78
2015-04-18T00:00:00,42754099999,DEVI AHILYABAI HOLKAR,22.717,75.8,22.4,1006.7,59.78
2015-04-18T03:00:00,42754099999,DEVI AHILYABAI HOLKAR,22.717,75.8,29.2,1007.2,42.07
2015-04-18T06:00:00,42754099999,DEVI AHILYABAI HOLKAR,22.717,75.8,37.0,1005.6,17.44
2015-04-18T09:00:00,42754099999,DEVI AHILYABAI HOLKAR,22.717,75.8,39.0,1001.6,15.43
2015-04-18T12:00:00,42754099999,DEVI AHILYABAI HOLKAR,22.717,75.8,38.4,1000.1,14.59
2015-04-18T15:00:00,42754099999,DEVI AHILYABAI HOLKAR,22.717,75.8,32.8,1003.5,23.08
2015-04-18T18:00:00,42754099999,DEVI AHILYABAI HOLKAR,22.717,75.8,30.0,1005.5,27.98
2015-04-18T21:00:00,42754099999,DEVI AHILYABAI HOLKAR,22.717,75.8,28.0,1004.6,33.15
2015-04-19T00:00:00,42754099999,DEVI AHILYABAI HOLKAR,22.717,75.8,26.0,1004.9,38.03
2015-04-19T03:00:00,42754099999,DEVI AHILYABAI HOLKAR,22.717,75.8,28.6,1006.6,36.07
2015-04-19T06:00:00,42754099999,DEVI AHILYABAI HOLKAR,22.717,75.8,37.2,1005.1,15.68
2015-04-19T09:00:00,42754099999,DEVI AHILYABAI HOLKAR,22.717,75.8,40.4,1001.9,14.12
2015-04-19T12:00:00,42754099999,DEVI AHILYABAI HOLKAR,22.717,75.8,40.0,1000.9,12.41
2015-04-19T15:00:00,42754099999,DEVI AHILYABAI HOLKAR,22.717,75.8,32.6,1004.1,21.96
2015-04-19T18:00:00,42754099999,DEVI AHILYABAI HOLKAR,22.717,75.8,30.0,1006.5,23.3
2015-04-19T21:00:00,42754099999,DEVI AHILYABAI HOLKAR,22.717,75.8,27.2,1005.2,32.05
2015-04-20T00:00:00,42754099999,DEVI AHILYABAI HOLKAR,22.717,75.8,24.2,1007.4,40.41
2015-04-20T03:00:00,42754099999,DEVI AHILYABAI HOLKAR,22.717,75.8,30.0,1008.9,31.76
2015-04-20T06:00:00,42754099999,DEVI AHILYABAI HOLKAR,22.717,75.8,37.8,1007.9,15.07
2015-04-20T09:00:00,42754099999,DEVI AHILYABAI HOLKAR,22.717,75.8,41.6,1004.2,12.12
2015-04-20T12:00:00,42754099999,DEVI AHILYABAI HOLKAR,22.717,75.8,40.0,1003.1,14.83
2015-04-20T15:00:00,42754099999,DEVI AHILYABAI HOLKAR,22.717,75.8,34.0,1006.4,21.43
2015-04-20T18:00:00,42754099999,DEVI AHILYABAI HOLKAR,22.717,75.8,31.2,1007.7,21.6
2015-04-20T21:00:00,42754099999,DEVI AHILYABAI HOLKAR,22.717,75.8,30.2,1006.7,22.72
2015-04-21T00:00:00,42754099999,DEVI AHILYABAI HOLKAR,22.717,75.8,26.4,1008.1,30.76
2015-04-21T03:00:00,42754099999,DEVI AHILYABAI HOLKAR,22.717,75.8,31.2,1008.2,22.51
2015-04-21T06:00:00,42754099999,DEVI AHILYABAI HOLKAR,22.717,75.8,38.0,1007.4,15.43
2015-04-21T09:00:00,42754099999,DEVI AHILYABAI HOLKAR,22.717,75.8,40.6,1003.9,13.79
2015-04-21T12:00:00,42754099999,DEVI AHILYABAI HOLKAR,22.717,75.8,39.6,1003.0,13.67
2015-04-21T15:00:00,42754099999,DEVI AHILYABAI HOLKAR,22.717,75.8,34.2,1005.3,19.4
2015-04-21T18:00:00,42754099999,DEVI AHILYABAI HOLKAR,22.717,75.8,32.6,1006.0,20.37
2015-04-21T21:00:00,42754099999,DEVI AHILYABAI HOLKAR,22.717,75.8,30.0,1005.8,26.16
2015-04-22T00:00:00,42754099999,DEVI AHILYABAI HOLKAR,22.717,75.8,26.4,1006.1,36.17
2015-04-22T03:00:00,42754099999,DEVI AHILYABAI HOLKAR,22.717,75.8,29.4,1007.2,27.08
2015-04-22T06:00:00,42754099999,DEVI AHILYABAI HOLKAR,22.717,75.8,37.6,1005.4,13.55
2015-04-22T09:00:00,42754099999,DEVI AHILYABAI HOLKAR,22.717,75.8,39.2,1002.7,11.34
2015-04-22T12:00:00,42754099999,DEVI AHILYABAI HOLKAR,22.717,75.8,38.0,1001.8,12.19
2015-04-22T15:00:00,42754099999,DEVI AHILYABAI HOLKAR,22.717,75.8,32.6,1004.7,17.87
2015-04-22T18:00:00,42754099999,DEVI AHILYABAI HOLKAR,22.717,75.8,29.6,1006.1,20.9
2015-04-22T21:00:00,42754099999,DEVI AHILYABAI HOLKAR,22.717,75.8,28.0,1005.8,25.1
2015-04-23T00:00:00,42754099999,DEVI AHILYABAI HOLKAR,22.717,75.8,25.4,1006.8,32.64
2015-04-23T03:00:00,42754099999,DEVI AHILYABAI HOLKAR,22.717,75.8,29.8,1007.4,24.89
2015-04-23T06:00:00,42754099999,DEVI AHILYABAI HOLKAR,22.717,75.8,35.4,1005.9,11.77
2015-04-23T09:00:00,42754099999,DEVI AHILYABAI HOLKAR,22.717,75.8,38.2,1002.6,7.6
2015-04-23T12:00:00,42754099999,DEVI AHILYABAI HOLKAR,22.717,75.8,37.0,1002.9,5.91
2015-04-23T15:00:00,42754099999,DEVI AHILYABAI HOLKAR,22.717,75.8,30.4,1005.4,16.04
2015-04-23T18:00:00,42754099999,DEVI AHILYABAI HOLKAR,22.717,75.8,26.4,1007.1,20.39
2015-04-23T21:00:00,42754099999,DEVI AHILYABAI HOLKAR,22.717,75.8,25.0,1006.8,23.12
2015-04-24T00:00:00,42754099999,DEVI AHILYABAI HOLKAR,22.717,75.8,23.0,1007.2,32.41
2015-04-24T03:00:00,42754099999,DEVI AHILYABAI HOLKAR,22.717,75.8,26.8,1008.0,42.78
2015-04-24T06:00:00,42754099999,DEVI AHILYABAI HOLKAR,22.717,75.8,36.0,1006.1,19.57
2015-04-24T09:00:00,42754099999,DEVI AHILYABAI HOLKAR,22.717,75.8,37.6,1003.0,11.04
2015-04-24T12:00:00,42754099999,DEVI AHILYABAI HOLKAR,22.717,75.8,37.4,1002.1,13.32
2015-04-24T15:00:00,42754099999,DEVI AHILYABAI HOLKAR,22.717,75.8,33.2,1004.5,18.01
2015-04-24T18:00:00,42754099999,DEVI AHILYABAI HOLKAR,22.717,75.8,30.0,1006.5,18.92
2015-04-24T21:00:00,42754099999,DEVI AHILYABAI HOLKAR,22.717,75.8,27.4,1006.2,24.09
2015-04-25T00:00:00,42754099999,DEVI AHILYABAI HOLKAR,22.717,75.8,25.4,1006.8,29.25
2015-04-25T03:00:00,42754099999,DEVI AHILYABAI HOLKAR,22.717,75.8,28.6,1007.2,36.07
2015-04-25T06:00:00,42754099999,DEVI AHILYABAI HOLKAR,22.717,75.8,37.4,1005.3,17.89
2015-04-25T09:00:00,42754099999,DEVI AHILYABAI HOLKAR,22.717,75.8,38.0,1002.3,14.7
2015-04-25T12:00:00,42754099999,DEVI AHILYABAI HOLKAR,22.717,75.8,38.0,1000.8,14.7
2015-04-25T15:00:00,42754099999,DEVI AHILYABAI HOLKAR,22.717,75.8,33.0,1003.3,23.28
2015-04-25T18:00:00,42754099999,DEVI AHILYABAI HOLKAR,22.717,75.8,30.2,1005.5,25.51
2015-04-25T21:00:00,42754099999,DEVI AHILYABAI HOLKAR,22.717,75.8,28.2,1005.0,29.43
2015-04-26T00:00:00,42754099999,DEVI AHILYABAI HOLKAR,22.717,75.8,25.8,1006.3,34.34
2015-04-26T03:00:00,42754099999,DEVI AHILYABAI HOLKAR,22.717,75.8,28.6,1009.0,43.56
2015-04-26T06:00:00,42754099999,DEVI AHILYABAI HOLKAR,22.717,75.8,36.0,1007.2,23.28
2015-04-26T09:00:00,42754099999,DEVI AHILYABAI HOLKAR,22.717,75.8,,1003.5,
2015-04-26T12:00:00,42754099999,DEVI AHILYABAI HOLKAR,22.717,75.8,37.4,1002.6,20.04
2015-04-26T15:00:00,42754099999,DEVI AHILYABAI HOLKAR,22.717,75.8,33.0,1005.2,25.91
2015-04-26T18:00:00,42754099999,DEVI AHILYABAI HOLKAR,22.717,75.8,30.0,1006.0,30.93
2015-04-26T21:00:00,42754099999,DEVI AHILYABAI HOLKAR,22.717,75.8,27.4,1005.7,37.67
2015-04-27T00:00:00,42754099999,DEVI AHILYABAI HOLKAR,22.717,75.8,25.2,1006.9,44.34
2015-04-27T03:00:00,42754099999,DEVI AHILYABAI HOLKAR,22.717,75.8,29.0,1008.3,44.23
2015-04-27T09:00:00,42754099999,DEVI AHILYABAI HOLKAR,22.717,75.8,40.0,1003.9,16.62
2015-04-27T12:00:00,42754099999,DEVI AHILYABAI HOLKAR,22.717,75.8,40.0,1002.3,16.08
2015-04-27T15:00:00,42754099999,DEVI AHILYABAI HOLKAR,22.717,75.8,34.6,1005.2,19.9
2015-04-27T18:00:00,42754099999,DEVI AHILYABAI HOLKAR,22.717,75.8,32.6,1006.6,21.08
2015-04-27T21:00:00,42754099999,DEVI AHILYABAI HOLKAR,22.717,75.8,30.4,1005.9,24.88
2015-04-28T00:00:00,42754099999,DEVI AHILYABAI HOLKAR,22.717,75.8,26.4,1007.6,33.14
2015-04-28T03:00:00,42754099999,DEVI AHILYABAI HOLKAR,22.717,75.8,29.6,1007.5,42.72
2015-04-28T06:00:00,42754099999,DEVI AHILYABAI HOLKAR,22.717,75.8,37.8,1006.1,16.47
2015-04-28T09:00:00,42754099999,DEVI AHILYABAI HOLKAR,22.717,75.8,40.8,1002.8,12.83
2015-04-28T12:00:00,42754099999,DEVI AHILYABAI HOLKAR,22.717,75.8,38.6,1001.8,16.76
2015-04-28T15:00:00,42754099999,DEVI AHILYABAI HOLKAR,22.717,75.8,33.2,1004.6,22.71
2015-04-28T18:00:00,42754099999,DEVI AHILYABAI HOLKAR,22.717,75.8,29.6,1005.4,32.29
2015-04-28T21:00:00,42754099999,DEVI AHILYABAI HOLKAR,22.717,75.8,27.0,1005.3,40.65
2015-04-29T00:00:00,42754099999,DEVI AHILYABAI HOLKAR,22.717,75.8,25.0,1005.8,45.16
2015-04-29T03:00:00,42754099999,DEVI AHILYABAI HOLKAR,22.717,75.8,29.6,1006.1,47.0
2015-04-29T06:00:00,42754099999,DEVI AHILYABAI HOLKAR,22.717,75.8,36.2,1005.0,29.85
2015-04-29T09:00:00,42754099999,DEVI AHILYABAI HOLKAR,22.717,75.8,39.8,1001.3,15.19
2015-04-29T12:00:00,42754099999,DEVI AHILYABAI HOLKAR,22.717,75.8,39.6,1000.1,12.5
2015-04-29T15:00:00,42754099999,DEVI AHILYABAI HOLKAR,22.717,75.8,34.0,1003.4,14.56
2015-04-29T18:00:00,42754099999,DEVI AHILYABAI HOLKAR,22.717,75.8,30.0,1005.6,26.16
2015-04-29T21:00:00,42754099999,DEVI AHILYABAI HOLKAR,22.717,75.8,27.6,1005.1,31.52
2015-04-30T00:00:00,42754099999,DEVI AHILYABAI HOLKAR,22.717,75.8,26.0,1005.9,34.63
2015-04-30T06:00:00,42754099999,DEVI AHILYABAI HOLKAR,22.717,75.8,37.8,1006.4,18.47
2015-04-30T12:00:00,42754099999,DEVI AHILYABAI HOLKAR,22.717,75.8,39.5,1002.3,12.39
2015-04-30T15:00:00,42754099999,DEVI AHILYABAI HOLKAR,22.717,75.8,33.6,1005.2,22.51
2015-04-30T18:00:00,42754099999,DEVI AHILYABAI HOLKAR,22.717,75.8,29.0,1006.8,
2015-04-30T21:00:00,42754099999,DEVI AHILYABAI HOLKAR,22.717,75.8,27.4,1006.3,30.21
2015-05-01T00:00:00,42754099999,DEVI AHILYABAI HOLKAR,22.717,75.8,26.0,1006.4,38.03
2015-05-01T03:00:00,42754099999,DEVI AHILYABAI HOLKAR,22.717,75.8,29.0,1008.0,44.23
2015-05-01T06:00:00,42754099999,DEVI AHILYABAI HOLKAR,22.717,75.8,37.2,1006.4,23.27
2015-05-01T09:00:00,42754099999,DEVI AHILYABAI HOLKAR,22.717,75.8,40.0,1003.3,14.83
2015-05-01T12:00:00,42754099999,DEVI AHILYABAI HOLKAR,22.717,75.8,39.0,1001.3,13.55
2015-05-01T15:00:00,42754099999,DEVI AHILYABAI HOLKAR,22.717,75.8,34.0,1003.9,22.31
2015-05-01T18:00:00,42754099999,DEVI AHILYABAI HOLKAR,22.717,75.8,31.0,1006.1,27.51
2015-05-01T21:00:00,42754099999,DEVI AHILYABAI HOLKAR,22.717,75.8,28.8,1005.8,32.28
2015-05-02T00:00:00,42754099999,DEVI AHILYABAI HOLKAR,22.717,75.8,26.8,1006.7,35.8
2015-05-02T03:00:00,42754099999,DEVI AHILYABAI HOLKAR,22.717,75.8,29.0,1008.1,46.25
2015-05-02T06:00:00,42754099999,DEVI AHILYABAI HOLKAR,22.717,75.8,37.4,1005.6,21.42
2015-05-02T09:00:00,42754099999,DEVI AHILYABAI HOLKAR,22.717,75.8,39.6,1002.7,13.12
2015-05-02T12:00:00,42754099999,DEVI AHILYABAI HOLKAR,22.717,75.8,39.2,1001.0,13.41
2015-05-02T15:00:00,42754099999,DEVI AHILYABAI HOLKAR,22.717,75.8,33.8,1003.8,12.86
2015-05-02T18:00:00,42754099999,DEVI AHILYABAI HOLKAR,22.717,75.8,30.6,1006.4,17.27
2015-05-02T21:00:00,42754099999,DEVI AHILYABAI HOLKAR,22.717,75.8,29.0,1005.7,19.07
2015-05-03T00:00:00,42754099999,DEVI AHILYABAI HOLKAR,22.717,75.8,26.4,1007.1,29.33
2015-05-03T03:00:00,42754099999,DEVI AHILYABAI HOLKAR,22.717,75.8,32.0,1008.4,21.95
2015-05-03T06:00:00,42754099999,DEVI AHILYABAI HOLKAR,22.717,75.8,37.4,1006.4,15.94
2015-05-03T09:00:00,42754099999,DEVI AHILYABAI HOLKAR,22.717,75.8,39.4,1003.5,12.2
2015-05-03T12:00:00,42754099999,DEVI AHILYABAI HOLKAR,22.717,75.8,39.0,1001.5,14.81
2015-05-03T18:00:00,42754099999,DEVI AHILYABAI HOLKAR,22.717,75.8,31.0,1006.5,20.39
2015-05-03T21:00:00,42754099999,DEVI AHILYABAI HOLKAR,22.717,75.8,28.0,1006.0,29.97
2015-05-04T00:00:00,42754099999,DEVI AHILYABAI HOLKAR,22.717,75.8,27.0,1006.9,36.1
2015-05-04T03:00:00,42754099999,DEVI AHILYABAI HOLKAR,22.717,75.8,29.6,1008.0,26.41
2015-05-04T06:00:00,42754099999,DEVI AHILYABAI HOLKAR,22.717,75.8,38.0,1005.7,14.7
2015-05-04T09:00:00,42754099999,DEVI AHILYABAI HOLKAR,22.717,75.8,40.6,1003.2,12.61
2015-05-04T12:00:00,42754099999,DEVI AHILYABAI HOLKAR,22.717,75.8,39.0,1001.9,14.12
2015-05-04T15:00:00,42754099999,DEVI AHILYABAI HOLKAR,22.717,75.8,33.4,1004.8,22.46
2015-05-04T18:00:00,42754099999,DEVI AHILYABAI HOLKAR,22.717,75.8,34.0,1006.0,16.86
2015-05-04T21:00:00,42754099999,DEVI AHILYABAI HOLKAR,22.717,75.8,32.2,1005.2,21.41
2015-05-05T00:00:00,42754099999,DEVI AHILYABAI HOLKAR,22.717,75.8,27.6,1006.9,27.33
2015-05-05T03:00:00,42754099999,DEVI AHILYABAI HOLKAR,22.717,75.8,30.6,1007.4,33.65
2015-05-05T06:00:00,42754099999,DEVI AHILYABAI HOLKAR,22.717,75.8,38.2,1005.6,12.49
2015-05-05T09:00:00,42754099999,DEVI AHILYABAI HOLKAR,22.717,75.8,40.4,1002.9,12.31
2015-05-05T12:00:00,42754099999,DEVI AHILYABAI HOLKAR,22.717,75.8,38.6,1001.9,12.39
2015-05-05T15:00:00,42754099999,DEVI AHILYABAI HOLKAR,22.717,75.8,35.8,1003.6,16.47
2015-05-05T18:00:00,42754099999,DEVI AHILYABAI HOLKAR,22.717,75.8,32.0,1005.3,21.95
2015-05-05T21:00:00,42754099999,DEVI AHILYABAI HOLKAR,22.717,75.8,29.0,1004.8,30.45
2015-05-06T00:00:00,42754099999,DEVI AHILYABAI HOLKAR,22.717,75.8,27.2,1005.8,36.39
2015-05-06T03:00:00,42754099999,DEVI AHILYABAI HOLKAR,22.717,75.8,30.0,1006.9,24.27
2015-05-06T06:00:00,42754099999,DEVI AHILYABAI HOLKAR,22.717,75.8,37.6,1005.1,14.82
2015-05-06T09:00:00,42754099999,DEVI AHILYABAI HOLKAR,22.717,75.8,40.4,1001.7,10.05
2015-05-06T12:00:00,42754099999,DEVI AHILYABAI HOLKAR,22.717,75.8,35.6,1002.9,14.8
2015-05-06T15:00:00,42754099999,DEVI AHILYABAI HOLKAR,22.717,75.8,32.4,1004.0,17.57
2015-05-06T18:00:00,42754099999,DEVI AHILYABAI HOLKAR,22.717,75.8,28.8,1006.1,27.29
2015-05-06T21:00:00,42754099999,DEVI AHILYABAI HOLKAR,22.717,75.8,27.0,1005.6,30.72
2015-05-07T00:00:00,42754099999,DEVI AHILYABAI HOLKAR,22.717,75.8,25.0,1006.8,36.75
2015-05-07T03:00:00,42754099999,DEVI AHILYABAI HOLKAR,22.717,75.8,30.0,1007.7,29.92
2015-05-07T06:00:00,42754099999,DEVI AHILYABAI HOLKAR,22.717,75.8,39.2,1005.7,11.34
2015-05-07T09:00:00,42754099999,DEVI AHILYABAI HOLKAR,22.717,75.8,39.6,1003.0,11.34
2015-05-07T12:00:00,42754099999,DEVI AHILYABAI HOLKAR,22.717,75.8,40.8,1001.2,9.5
2015-05-07T15:00:00,42754099999,DEVI AHILYABAI HOLKAR,22.717,75.8,35.8,1004.1,15.05
2015-05-07T18:00:00,42754099999,DEVI AHILYABAI HOLKAR,22.717,75.8,32.4,1005.8,16.73
2015-05-07T21:00:00,42754099999,DEVI AHILYABAI HOLKAR,22.717,75.8,30.0,1005.6,23.3
2015-05-08T00:00:00,42754099999,DEVI AHILYABAI HOLKAR,22.717,75.8,27.4,1006.7,29.2
2015-05-08T03:00:00,42754099999,DEVI AHILYABAI HOLKAR,22.717,75.8,31.6,1007.4,20.54
2015-05-08T06:00:00,42754099999,DEVI AHILYABAI HOLKAR,22.717,75.8,39.0,1005.5,14.81
2015-05-08T09:00:00,42754099999,DEVI AHILYABAI HOLKAR,22.717,75.8,40.0,1002.5,11.82
2015-05-08T12:00:00,42754099999,DEVI AHILYABAI HOLKAR,22.717,75.8,40.4,1000.6,11.17
2015-05-08T15:00:00,42754099999,DEVI AHILYABAI HOLKAR,22.717,75.8,35.2,1003.4,15.67
2015-05-08T18:00:00,42754099999,DEVI AHILYABAI HOLKAR,22.717,75.8,32.0,1004.7,26.17
2015-05-08T21:00:00,42754099999,DEVI AHILYABAI HOLKAR,22.717,75.8,30.2,1004.5,28.23
2015-05-09T00:00:00,42754099999,DEVI AHILYABAI HOLKAR,22.717,75.8,27.6,1006.1,31.52
2015-05-09T03:00:00,42754099999,DEVI AHILYABAI HOLKAR,22.717,75.8,31.6,1005.4,30.16
2015-05-09T06:00:00,42754099999,DEVI AHILYABAI HOLKAR,22.717,75.8,38.0,1004.2,18.64
2015-05-09T09:00:00,42754099999,DEVI AHILYABAI HOLKAR,22.717,75.8,39.2,1001.6,18.18
2015-05-09T12:00:00,42754099999,DEVI AHILYABAI HOLKAR,22.717,75.8,38.4,1000.6,17.88
2015-05-09T15:00:00,42754099999,DEVI AHILYABAI HOLKAR,22.717,75.8,33.6,1003.2,25.73
2015-05-09T18:00:00,42754099999,DEVI AHILYABAI HOLKAR,22.717,75.8,29.0,1005.2,36.66
2015-05-09T21:00:00,42754099999,DEVI AHILYABAI HOLKAR,22.717,75.8,28.2,1004.1,37.65
2015-05-10T00:00:00,42754099999,DEVI AHILYABAI HOLKAR,22.717,75.8,27.0,1005.5,39.34
2015-05-10T03:00:00,42754099999,DEVI AHILYABAI HOLKAR,22.717,75.8,30.6,1006.4,33.65
2015-05-10T06:00:00,42754099999,DEVI AHILYABAI HOLKAR,22.717,75.8,38.0,1004.5,19.4
2015-05-10T09:00:00,42754099999,DEVI AHILYABAI HOLKAR,22.717,75.8,39.6,1001.5,16.76
2015-05-10T12:00:00,42754099999,DEVI AHILYABAI HOLKAR,22.717,75.8,38.8,1000.4,15.18
2015-05-10T15:00:00,42754099999,DEVI AHILYABAI HOLKAR,22.717,75.8,34.0,1003.9,19.09
2015-05-10T18:00:00,42754099999,DEVI AHILYABAI HOLKAR,22.717,75.8,31.4,1004.7,23.66
2015-05-10T21:00:00,42754099999,DEVI AHILYABAI HOLKAR,22.717,75.8,29.6,1006.9,26.41
2015-05-11T00:00:00,42754099999,DEVI AHILYABAI HOLKAR,22.717,75.8,,1005.7,
2015-05-11T03:00:00,42754099999,DEVI AHILYABAI HOLKAR,22.717,75.8,31.6,1006.5,
2015-05-11T06:00:00,42754099999,DEVI AHILYABAI HOLKAR,22.717,75.8,37.2,1005.3,21.23
2015-05-11T09:00:00,42754099999,DEVI AHILYABAI HOLKAR,22.717,75.8,40.0,1002.3,17.3
2015-05-11T12:00:00,42754099999,DEVI AHILYABAI HOLKAR,22.717,75.8,39.0,1000.7,18.63
2015-05-11T15:00:00,42754099999,DEVI AHILYABAI HOLKAR,22.717,75.8,34.0,1003.7,27.23
2015-05-11T18:00:00,42754099999,DEVI AHILYABAI HOLKAR,22.717,75.8,31.2,1005.0,33.38
2015-05-11T21:00:00,42754099999,DEVI AHILYABAI HOLKAR,22.717,75.8,29.6,1004.6,35.41
2015-05-12T00:00:00,42754099999,DEVI AHILYABAI HOLKAR,22.717,75.8,26.4,1005.8,42.11
2015-05-12T03:00:00,42754099999,DEVI AHILYABAI HOLKAR,22.717,75.8,30.4,1007.2,42.4
2015-05-12T06:00:00,42754099999,DEVI AHILYABAI HOLKAR,22.717,75.8,36.6,1006.1,27.04
2015-05-12T09:00:00,42754099999,DEVI AHILYABAI HOLKAR,22.717,75.8,38.8,1002.3,22.34
2015-05-12T12:00:00,42754099999,DEVI AHILYABAI HOLKAR,22.717,75.8,38.2,1000.5,21.61
2015-05-12T15:00:00,42754099999,DEVI AHILYABAI HOLKAR,22.717,75.8,34.2,1003.0,28.19
2015-05-12T18:00:00,42754099999,DEVI AHILYABAI HOLKAR,22.717,75.8,31.0,1004.9,34.2
2015-05-12T21:00:00,42754099999,DEVI AHILYABAI HOLKAR,22.717,75.8,28.4,1004.5,39.99
2015-05-13T00:00:00,42754099999,DEVI AHILYABAI HOLKAR,22.717,75.8,26.4,1005.6,45.55
2015-05-13T03:00:00,42754099999,DEVI AHILYABAI HOLKAR,22.717,75.8,30.4,1007.3,44.61
2015-05-13T06:00:00,42754099999,DEVI AHILYABAI HOLKAR,22.717,75.8,35.6,1005.4,32.26
2015-05-13T09:00:00,42754099999,DEVI AHILYABAI HOLKAR,22.717,75.8,39.0,1001.8,23.28
2015-05-13T12:00:00,42754099999,DEVI AHILYABAI HOLKAR,22.717,75.8,35.6,1000.6,32.26
2015-05-13T15:00:00,42754099999,DEVI AHILYABAI HOLKAR,22.717,75.8,29.4,1003.9,42.39
2015-05-13T18:00:00,42754099999,DEVI AHILYABAI HOLKAR,22.717,75.8,28.8,1006.6,47.09
2015-05-13T21:00:00,42754099999,DEVI AHILYABAI HOLKAR,22.717,75.8,28.0,1006.6,49.96
2015-05-14T00:00:00,42754099999,DEVI AHILYABAI HOLKAR,22.717,75.8,27.0,1007.5,55.03
2015-05-14T03:00:00,42754099999,DEVI AHILYABAI HOLKAR,22.717,75.8,27.2,1008.5,52.69
2015-05-14T06:00:00,42754099999,DEVI AHILYABAI HOLKAR,22.717,75.8,31.8,1007.9,41.98
2015-05-14T09:00:00,42754099999,DEVI AHILYABAI HOLKAR,22.717,75.8,37.6,1004.2,26.78
2015-05-14T12:00:00,42754099999,DEVI AHILYABAI HOLKAR,22.717,75.8,34.6,1003.3,31.18
2015-05-14T15:00:00,42754099999,DEVI AHILYABAI HOLKAR,22.717,75.8,32.4,1005.2,36.65
2015-05-14T18:00:00,42754099999,DEVI AHILYABAI HOLKAR,22.717,75.8,30.2,1006.4,41.27
2015-05-14T21:00:00,42754099999,DEVI AHILYABAI HOLKAR,22.717,75.8,29.4,1005.8,42.39
2015-05-15T00:00:00,42754099999,DEVI AHILYABAI HOLKAR,22.717,75.8,27.4,1006.6,45.82
2015-05-15T03:00:00,42754099999,DEVI AHILYABAI HOLKAR,22.717,75.8,32.0,1008.1,40.21
2015-05-15T06:00:00,42754099999,DEVI AHILYABAI HOLKAR,22.717,75.8,36.6,1006.7,26.35
2015-05-15T09:00:00,42754099999,DEVI AHILYABAI HOLKAR,22.717,75.8,39.0,1003.7,17.78
2015-05-15T12:00:00,42754099999,DEVI AHILYABAI HOLKAR,22.717,75.8,38.4,1001.2,19.89
2015-05-15T15:00:00,42754099999,DEVI AHILYABAI HOLKAR,22.717,75.8,35.0,1003.3,20.55
2015-05-15T18:00:00,42754099999,DEVI AHILYABAI HOLKAR,22.717,75.8,31.8,1005.3,29.43
2015-05-15T21:00:00,42754099999,DEVI AHILYABAI HOLKAR,22.717,75.8,29.2,1005.0,36.95
2015-05-16T00:00:00,42754099999,DEVI AHILYABAI HOLKAR,22.717,75.8,27.0,1005.9,46.31
2015-05-16T03:00:00,42754099999,DEVI AHILYABAI HOLKAR,22.717,75.8,32.6,1005.0,38.87
2015-05-16T06:00:00,42754099999,DEVI AHILYABAI HOLKAR,22.717,75.8,38.4,1003.1,19.89
2015-05-16T09:00:00,42754099999,DEVI AHILYABAI HOLKAR,22.717,75.8,40.4,1000.2,15.32
2015-05-16T12:00:00,42754099999,DEVI AHILYABAI HOLKAR,22.717,75.8,40.8,998.0,15.2
2015-05-16T15:00:00,42754099999,DEVI AHILYABAI HOLKAR,22.717,75.8,36.8,999.4,21.41
2015-05-16T18:00:00,42754099999,DEVI AHILYABAI HOLKAR,22.717,75.8,33.2,1001.9,22.71
2015-05-16T21:00:00,42754099999,DEVI AHILYABAI HOLKAR,22.717,75.8,31.0,1001.8,29.41
2015-05-17T00:00:00,42754099999,DEVI AHILYABAI HOLKAR,22.717,75.8,27.8,1001.1,42.78
2015-05-17T03:00:00,42754099999,DEVI AHILYABAI HOLKAR,22.717,75.8,32.4,1002.6,26.8
2015-05-17T06:00:00,42754099999,DEVI AHILYABAI HOLKAR,22.717,75.8,39.4,1001.2,14.01
2015-05-17T09:00:00,42754099999,DEVI AHILYABAI HOLKAR,22.717,75.8,41.6,998.3,12.72
2015-05-17T12:00:00,42754099999,DEVI AHILYABAI HOLKAR,22.717,75.8,41.8,996.6,14.03
2015-05-17T15:00:00,42754099999,DEVI AHILYABAI HOLKAR,22.717,75.8,37.0,998.5,21.6
2015-05-17T18:00:00,42754099999,DEVI AHILYABAI HOLKAR,22.717,75.8,33.2,1001.2,22.71
2015-05-17T21:00:00,42754099999,DEVI AHILYABAI HOLKAR,22.717,75.8,31.0,1000.9,28.44
2015-05-18T00:00:00,42754099999,DEVI AHILYABAI HOLKAR,22.717,75.8,27.4,1002.5,42.12
2015-05-18T03:00:00,42754099999,DEVI AHILYABAI HOLKAR,22.717,75.8,32.4,1003.2,33.06
2015-05-18T06:00:00,42754099999,DEVI AHILYABAI HOLKAR,22.717,75.8,40.0,1002.0,16.62
2015-05-18T09:00:00,42754099999,DEVI AHILYABAI HOLKAR,22.717,75.8,43.0,998.7,13.26
2015-05-18T12:00:00,42754099999,DEVI AHILYABAI HOLKAR,22.717,75.8,42.4,997.3,14.25
2015-05-18T15:00:00,42754099999,DEVI AHILYABAI HOLKAR,22.717,75.8,37.2,999.7,20.4
2015-05-18T18:00:00,42754099999,DEVI AHILYABAI HOLKAR,22.717,75.8,34.0,1001.8,28.88
2015-05-18T21:00:00,42754099999,DEVI AHILYABAI HOLKAR,22.717,75.8,32.2,1001.5,30.13
2015-05-19T00:00:00,42754099999,DEVI AHILYABAI HOLKAR,22.717,75.8,28.4,1003.6,38.96
2015-05-19T03:00:00,42754099999,DEVI AHILYABAI HOLKAR,22.717,75.8,31.6,1004.3,39.59
2015-05-19T06:00:00,42754099999,DEVI AHILYABAI HOLKAR,22.717,75.8,39.4,1002.3,23.83
2015-05-19T09:00:00,42754099999,DEVI AHILYABAI HOLKAR,22.717,75.8,42.6,999.2,13.36
2015-05-19T12:00:00,42754099999,DEVI AHILYABAI HOLKAR,22.717,75.8,41.8,998.2,14.03
2015-05-19T15:00:00,42754099999,DEVI AHILYABAI HOLKAR,22.717,75.8,36.2,1002.1,21.4
2015-05-19T18:00:00,42754099999,DEVI AHILYABAI HOLKAR,22.717,75.8,33.4,1002.9,29.86
2015-05-19T21:00:00,42754099999,DEVI AHILYABAI HOLKAR,22.717,75.8,31.2,1002.5,35.39
2015-05-20T00:00:00,42754099999,DEVI AHILYABAI HOLKAR,22.717,75.8,27.0,1005.0,51.31
2015-05-20T03:00:00,42754099999,DEVI AHILYABAI HOLKAR,22.717,75.8,31.4,1005.7,44.6
2015-05-20T06:00:00,42754099999,DEVI AHILYABAI HOLKAR,22.717,75.8,39.4,1000.1,25.9
2015-05-20T09:00:00,42754099999,DEVI AHILYABAI HOLKAR,22.717,75.8,42.4,1000.8,14.74
2015-05-20T12:00:00,42754099999,DEVI AHILYABAI HOLKAR,22.717,75.8,41.8,999.4,13.47
2015-05-20T15:00:00,42754099999,DEVI AHILYABAI HOLKAR,22.717,75.8,37.2,1001.4,17.72
2015-05-20T18:00:00,42754099999,DEVI AHILYABAI HOLKAR,22.717,75.8,34.0,1003.7,23.07
2015-05-20T21:00:00,42754099999,DEVI AHILYABAI HOLKAR,22.717,75.8,32.2,1002.5,27.29
2015-05-21T00:00:00,42754099999,DEVI AHILYABAI HOLKAR,22.717,75.8,28.4,1004.9,33.7
2015-05-21T03:00:00,42754099999,DEVI AHILYABAI HOLKAR,22.717,75.8,31.0,1005.5,49.49
2015-05-21T06:00:00,42754099999,DEVI AHILYABAI HOLKAR,22.717,75.8,37.4,1004.1,31.14
2015-05-21T09:00:00,42754099999,DEVI AHILYABAI HOLKAR,22.717,75.8,41.2,1000.8,17.46
2015-05-21T12:00:00,42754099999,DEVI AHILYABAI HOLKAR,22.717,75.8,41.2,999.3,15.7
2015-05-21T15:00:00,42754099999,DEVI AHILYABAI HOLKAR,22.717,75.8,36.8,1001.9,22.13
2015-05-21T18:00:00,42754099999,DEVI AHILYABAI HOLKAR,22.717,75.8,34.4,1003.2,28.43
2015-05-21T21:00:00,42754099999,DEVI AHILYABAI HOLKAR,22.717,75.8,32.0,1002.9,34.48
2015-05-22T00:00:00,42754099999,DEVI AHILYABAI HOLKAR,22.717,75.8,28.0,1004.0,48.71
2015-05-22T03:00:00,42754099999,DEVI AHILYABAI HOLKAR,22.717,75.8,31.8,1004.8,48.18
2015-05-22T06:00:00,42754099999,DEVI AHILYABAI HOLKAR,22.717,75.8,38.6,1003.3,20.07
2015-05-22T09:00:00,42754099999,DEVI AHILYABAI HOLKAR,22.717,75.8,41.8,1000.2,11.28
2015-05-22T12:00:00,42754099999,DEVI AHILYABAI HOLKAR,22.717,75.8,40.4,998.5,11.73
2015-05-22T15:00:00,42754099999,DEVI AHILYABAI HOLKAR,22.717,75.8,35.4,1001.0,15.93
2015-05-22T18:00:00,42754099999,DEVI AHILYABAI HOLKAR,22.717,75.8,31.4,1003.3,27.99
2015-05-22T21:00:00,42754099999,DEVI AHILYABAI HOLKAR,22.717,75.8,29.2,1003.0,33.7
2015-05-23T00:00:00,42754099999,DEVI AHILYABAI HOLKAR,22.717,75.8,27.0,1003.9,43.97
2015-05-23T03:00:00,42754099999,DEVI AHILYABAI HOLKAR,22.717,75.8,30.8,1004.4,50.37
2015-05-23T06:00:00,42754099999,DEVI AHILYABAI HOLKAR,22.717,75.8,36.6,1002.5,24.05
2015-05-23T09:00:00,42754099999,DEVI AHILYABAI HOLKAR,22.717,75.8,39.6,999.2,18.03
2015-05-23T12:00:00,42754099999,DEVI AHILYABAI HOLKAR,22.717,75.8,39.6,997.7,15.56
2015-05-23T15:00:00,42754099999,DEVI AHILYABAI HOLKAR,22.717,75.8,35.4,1000.5,30.41
2015-05-23T18:00:00,42754099999,DEVI AHILYABAI HOLKAR,22.717,75.8,33.0,1002.6,41.25
2015-05-23T21:00:00,42754099999,DEVI AHILYABAI HOLKAR,22.717,75.8,31.2,1001.8,48.63
2015-05-24T00:00:00,42754099999,DEVI AHILYABAI HOLKAR,22.717,75.8,29.0,1003.3,56.21
2015-05-24T03:00:00,42754099999,DEVI AHILYABAI HOLKAR,22.717,75.8,29.0,1004.5,62.83
2015-05-24T06:00:00,42754099999,DEVI AHILYABAI HOLKAR,22.717,75.8,36.2,1002.9,29.85
2015-05-24T09:00:00,42754099999,DEVI AHILYABAI HOLKAR,22.717,75.8,40.8,1000.0,15.2
2015-05-24T12:00:00,42754099999,DEVI AHILYABAI HOLKAR,22.717,75.8,40.0,998.9,16.08
2015-05-24T15:00:00,42754099999,DEVI AHILYABAI HOLKAR,22.717,75.8,35.0,1001.9,32.51
2015-05-24T18:00:00,42754099999,DEVI AHILYABAI HOLKAR,22.717,75.8,31.8,1003.2,39.9
2015-05-24T21:00:00,42754099999,DEVI AHILYABAI HOLKAR,22.717,75.8,28.6,1003.0,49.18
2015-05-25T00:00:00,42754099999,DEVI AHILYABAI HOLKAR,22.717,75.8,26.6,1003.9,53.21
2015-05-25T03:00:00,42754099999,DEVI AHILYABAI HOLKAR,22.717,75.8,30.0,1005.2,63.43
2015-05-25T06:00:00,42754099999,DEVI AHILYABAI HOLKAR,22.717,75.8,36.4,1003.1,33.94
2015-05-25T09:00:00,42754099999,DEVI AHILYABAI HOLKAR,22.717,75.8,40.0,1000.2,19.36
2015-05-25T12:00:00,42754099999,DEVI AHILYABAI HOLKAR,22.717,75.8,39.2,999.1,20.21
2015-05-25T15:00:00,42754099999,DEVI AHILYABAI HOLKAR,22.717,75.8,34.6,1002.1,31.99
2015-05-25T18:00:00,42754099999,DEVI AHILYABAI HOLKAR,22.717,75.8,32.6,1003.2,40.89
2015-05-25T21:00:00,42754099999,DEVI AHILYABAI HOLKAR,22.717,75.8,30.4,1002.8,48.72
2015-05-26T00:00:00,42754099999,DEVI AHILYABAI HOLKAR,22.717,75.8,27.6,1003.9,64.48
2015-05-26T03:00:00,42754099999,DEVI AHILYABAI HOLKAR,22.717,75.8,29.6,1005.7,61.81
2015-05-26T06:00:00,42754099999,DEVI AHILYABAI HOLKAR,22.717,75.8,36.2,1004.5,32.22
2015-05-26T09:00:00,42754099999,DEVI AHILYABAI HOLKAR,22.717,75.8,40.0,1001.4,20.4
2015-05-26T12:00:00,42754099999,DEVI AHILYABAI HOLKAR,22.717,75.8,39.6,1000.0,16.76
2015-05-26T15:00:00,42754099999,DEVI AHILYABAI HOLKAR,22.717,75.8,35.0,1003.0,27.49
2015-05-26T18:00:00,42754099999,DEVI AHILYABAI HOLKAR,22.717,75.8,31.2,1004.4,43.16
2015-05-26T21:00:00,42754099999,DEVI AHILYABAI HOLKAR,22.717,75.8,29.8,1004.0,48.26
2015-05-27T00:00:00,42754099999,DEVI AHILYABAI HOLKAR,22.717,75.8,27.2,1004.6,56.48
2015-05-27T03:00:00,42754099999,DEVI AHILYABAI HOLKAR,22.717,75.8,29.0,1005.8,66.79
2015-05-27T06:00:00,42754099999,DEVI AHILYABAI HOLKAR,22.717,75.8,38.0,1004.4,20.73
2015-05-27T09:00:00,42754099999,DEVI AHILYABAI HOLKAR,22.717,75.8,41.0,1001.6,11.36
2015-05-27T12:00:00,42754099999,DEVI AHILYABAI HOLKAR,22.717,75.8,40.4,999.7,14.12
2015-05-27T15:00:00,42754099999,DEVI AHILYABAI HOLKAR,22.717,75.8,34.4,1002.3,25.26
2015-05-27T18:00:00,42754099999,DEVI AHILYABAI HOLKAR,22.717,75.8,31.6,1003.3,32.0
2015-05-27T21:00:00,42754099999,DEVI AHILYABAI HOLKAR,22.717,75.8,29.8,1002.9,36.64
2015-05-28T00:00:00,42754099999,DEVI AHILYABAI HOLKAR,22.717,75.8,27.4,1003.9,43.23
2015-05-28T03:00:00,42754099999,DEVI AHILYABAI HOLKAR,22.717,75.8,31.0,1005.1,58.46
2015-05-28T06:00:00,42754099999,DEVI AHILYABAI HOLKAR,22.717,75.8,37.0,1003.4,33.89
2015-05-28T09:00:00,42754099999,DEVI AHILYABAI HOLKAR,22.717,75.8,41.0,999.7,22.89
2015-05-28T12:00:00,42754099999,DEVI AHILYABAI HOLKAR,22.717,75.8,40.6,997.8,17.32
2015-05-28T15:00:00,42754099999,DEVI AHILYABAI HOLKAR,22.717,75.8,36.6,1000.3,21.79
2015-05-28T18:00:00,42754099999,DEVI AHILYABAI HOLKAR,22.717,75.8,33.4,1002.1,26.36
2015-05-28T21:00:00,42754099999,DEVI AHILYABAI HOLKAR,22.717,75.8,31.0,1001.4,32.25
2015-05-29T00:00:00,42754099999,DEVI AHILYABAI HOLKAR,22.717,75.8,27.8,1002.7,46.22
2015-05-29T03:00:00,42754099999,DEVI AHILYABAI HOLKAR,22.717,75.8,31.0,1004.6,54.98
2015-05-29T06:00:00,42754099999,DEVI AHILYABAI HOLKAR,22.717,75.8,38.4,1003.5,22.68
2015-05-29T12:00:00,42754099999,DEVI AHILYABAI HOLKAR,22.717,75.8,41.2,999.0,12.82
2015-05-29T15:00:00,42754099999,DEVI AHILYABAI HOLKAR,22.717,75.8,37.2,1001.6,17.72
2015-05-29T18:00:00,42754099999,DEVI AHILYABAI HOLKAR,22.717,75.8,33.0,1003.5,20.89
2015-05-29T21:00:00,42754099999,DEVI AHILYABAI HOLKAR,22.717,75.8,31.0,1003.1,28.44
2015-05-30T00:00:00,42754099999,DEVI AHILYABAI HOLKAR,22.717,75.8,,1004.7,
2015-05-30T03:00:00,42754099999,DEVI AHILYABAI HOLKAR,22.717,75.8,32.6,1005.3,35.1
2015-05-30T06:00:00,42754099999,DEVI AHILYABAI HOLKAR,22.717,75.8,39.0,1004.2,19.25
2015-05-30T09:00:00,42754099999,DEVI AHILYABAI HOLKAR,22.717,75.8,40.8,1000.9,14.02
2015-05-30T12:00:00,42754099999,DEVI AHILYABAI HOLKAR,22.717,75.8,41.6,999.2,11.55
2015-05-30T15:00:00,42754099999,DEVI AHILYABAI HOLKAR,22.717,75.8,37.0,1001.8,14.69
2015-05-30T18:00:00,42754099999,DEVI AHILYABAI HOLKAR,22.717,75.8,33.2,1002.8,19.56
2015-05-30T21:00:00,42754099999,DEVI AHILYABAI HOLKAR,22.717,75.8,31.2,1002.4,24.26
2015-05-31T00:00:00,42754099999,DEVI AHILYABAI HOLKAR,22.717,75.8,29.4,1003.8,33.1
2015-05-31T03:00:00,42754099999,DEVI AHILYABAI HOLKAR,22.717,75.8,31.8,1004.2,36.96
2015-05-31T06:00:00,42754099999,DEVI AHILYABAI HOLKAR,22.717,75.8,39.0,1002.1,19.25
2015-05-31T09:00:00,42754099999,DEVI AHILYABAI HOLKAR,22.717,75.8,42.0,999.1,14.85
2015-05-31T12:00:00,42754099999,DEVI AHILYABAI HOLKAR,22.717,75.8,41.4,996.9,14.72
2015-05-31T15:00:00,42754099999,DEVI AHILYABAI HOLKAR,22.717,75.8,36.4,999.2,18.76
2015-05-31T18:00:00,42754099999,DEVI AHILYABAI HOLKAR,22.717,75.8,35.2,1000.2,20.05
2015-05-31T21:00:00,42754099999,DEVI AHILYABAI HOLKAR,22.717,75.8,32.4,1000.2,25.07
2015-06-01T00:00:00,42754099999,DEVI AHILYABAI HOLKAR,22.717,75.8,29.6,1001.4,30.41
2015-06-01T03:00:00,42754099999,DEVI AHILYABAI HOLKAR,22.717,75.8,30.6,1001.8,40.6
2015-06-01T06:00:00,42754099999,DEVI AHILYABAI HOLKAR,22.717,75.8,36.4,1000.5,29.15
2015-06-01T09:00:00,42754099999,DEVI AHILYABAI HOLKAR,22.717,75.8,40.0,997.1,
2015-06-01T12:00:00,42754099999,DEVI AHILYABAI HOLKAR,22.717,75.8,40.4,995.9,20.24
2015-06-01T15:00:00,42754099999,DEVI AHILYABAI HOLKAR,22.717,75.8,32.4,1000.1,38.57
2015-06-01T21:00:00,42754099999,DEVI AHILYABAI HOLKAR,22.717,75.8,31.6,1000.9,35.73
2015-06-02T00:00:00,42754099999,DEVI AHILYABAI HOLKAR,22.717,75.8,28.0,1003.2,47.48
2015-06-02T03:00:00,42754099999,DEVI AHILYABAI HOLKAR,22.717,75.8,29.0,1005.3,62.83
2015-06-02T06:00:00,42754099999,DEVI AHILYABAI HOLKAR,22.717,75.8,35.0,1004.1,35.98
2015-06-02T09:00:00,42754099999,DEVI AHILYABAI HOLKAR,22.717,75.8,39.0,1000.8,17.9
2015-06-02T12:00:00,42754099999,DEVI AHILYABAI HOLKAR,22.717,75.8,39.0,999.2,17.9
2015-06-02T15:00:00,42754099999,DEVI AHILYABAI HOLKAR,22.717,75.8,34.6,1001.1,24.66
2015-06-02T18:00:00,42754099999,DEVI AHILYABAI HOLKAR,22.717,75.8,31.0,1003.6,40.45
2015-06-02T21:00:00,42754099999,DEVI AHILYABAI HOLKAR,22.717,75.8,29.4,1002.6,45.19
2015-06-03T00:00:00,42754099999,DEVI AHILYABAI HOLKAR,22.717,75.8,28.4,1003.7,50.38
2015-06-03T03:00:00,42754099999,DEVI AHILYABAI HOLKAR,22.717,75.8,30.0,1005.1,53.06
2015-06-03T06:00:00,42754099999,DEVI AHILYABAI HOLKAR,22.717,75.8,35.4,1003.6,37.24
2015-06-03T09:00:00,42754099999,DEVI AHILYABAI HOLKAR,22.717,75.8,38.0,1000.9,19.4
2015-06-03T12:00:00,42754099999,DEVI AHILYABAI HOLKAR,22.717,75.8,38.0,999.1,21.42
2015-06-03T15:00:00,42754099999,DEVI AHILYABAI HOLKAR,22.717,75.8,33.8,1000.6,29.39
2015-06-03T18:00:00,42754099999,DEVI AHILYABAI HOLKAR,22.717,75.8,31.4,1002.5,32.79
2015-06-03T21:00:00,42754099999,DEVI AHILYABAI HOLKAR,22.717,75.8,29.2,1002.0,35.76
2015-06-04T00:00:00,42754099999,DEVI AHILYABAI HOLKAR,22.717,75.8,27.2,1002.6,39.65
2015-06-04T03:00:00,42754099999,DEVI AHILYABAI HOLKAR,22.717,75.8,31.0,1005.7,44.21
2015-06-04T06:00:00,42754099999,DEVI AHILYABAI HOLKAR,22.717,75.8,35.0,1004.6,32.51
2015-06-04T09:00:00,42754099999,DEVI AHILYABAI HOLKAR,22.717,75.8,38.0,1001.8,22.87
2015-06-04T12:00:00,42754099999,DEVI AHILYABAI HOLKAR,22.717,75.8,38.0,999.6,20.73
2015-06-04T15:00:00,42754099999,DEVI AHILYABAI HOLKAR,22.717,75.8,34.4,1001.6,23.64
2015-06-04T18:00:00,42754099999,DEVI AHILYABAI HOLKAR,22.717,75.8,32.8,1004.1,28.93
2015-06-04T21:00:00,42754099999,DEVI AHILYABAI HOLKAR,22.717,75.8,31.0,1003.8,34.2
2015-06-05T00:00:00,42754099999,DEVI AHILYABAI HOLKAR,22.717,75.8,28.0,1004.5,46.28
2015-06-05T03:00:00,42754099999,DEVI AHILYABAI HOLKAR,22.717,75.8,30.8,1006.1,29.16
2015-06-05T06:00:00,42754099999,DEVI AHILYABAI HOLKAR,22.717,75.8,36.4,1004.2,22.32
2015-06-05T09:00:00,42754099999,DEVI AHILYABAI HOLKAR,22.717,75.8,39.0,1002.0,18.63
2015-06-05T12:00:00,42754099999,DEVI AHILYABAI HOLKAR,22.717,75.8,38.4,999.5,18.49
2015-06-05T15:00:00,42754099999,DEVI AHILYABAI HOLKAR,22.717,75.8,35.2,1001.5,25.47
2015-06-05T18:00:00,42754099999,DEVI AHILYABAI HOLKAR,22.717,75.8,33.2,1003.3,27.02
2015-06-05T21:00:00,42754099999,DEVI AHILYABAI HOLKAR,22.717,75.8,31.4,1002.8,34.54
2015-06-06T00:00:00,42754099999,DEVI AHILYABAI HOLKAR,22.717,75.8,28.2,1003.9,51.62
2015-06-06T03:00:00,42754099999,DEVI AHILYABAI HOLKAR,22.717,75.8,30.6,1004.8,43.54
2015-06-06T06:00:00,42754099999,DEVI AHILYABAI HOLKAR,22.717,75.8,36.4,1003.4,27.69
2015-06-06T09:00:00,42754099999,DEVI AHILYABAI HOLKAR,22.717,75.8,36.4,1001.1,22.32
2015-06-06T12:00:00,42754099999,DEVI AHILYABAI HOLKAR,22.717,75.8,35.6,999.8,25.91
2015-06-06T15:00:00,42754099999,DEVI AHILYABAI HOLKAR,22.717,75.8,32.8,1000.6,34.48
2015-06-06T18:00:00,42754099999,DEVI AHILYABAI HOLKAR,22.717,75.8,32.0,1001.3,39.2
2015-06-06T21:00:00,42754099999,DEVI AHILYABAI HOLKAR,22.717,75.8,31.2,1000.5,40.25
2015-06-07T00:00:00,42754099999,DEVI AHILYABAI HOLKAR,22.717,75.8,29.4,1001.4,45.48
2015-06-07T03:00:00,42754099999,DEVI AHILYABAI HOLKAR,22.717,75.8,32.4,1002.9,43.48
2015-06-07T06:00:00,42754099999,DEVI AHILYABAI HOLKAR,22.717,75.8,37.2,1000.9,26.33
2015-06-07T09:00:00,42754099999,DEVI AHILYABAI HOLKAR,22.717,75.8,40.4,998.3,17.17
2015-06-07T15:00:00,42754099999,DEVI AHILYABAI HOLKAR,22.717,75.8,35.6,999.7,32.26
2015-06-07T18:00:00,42754099999,DEVI AHILYABAI HOLKAR,22.717,75.8,33.0,1001.2,34.53
2015-06-07T21:00:00,42754099999,DEVI AHILYABAI HOLKAR,22.717,75.8,31.8,1000.4,38.9
2015-06-08T00:00:00,42754099999,DEVI AHILYABAI HOLKAR,22.717,75.8,28.4,1001.9,47.89
2015-06-08T03:00:00,42754099999,DEVI AHILYABAI HOLKAR,22.717,75.8,30.4,1003.1,47.81
2015-06-08T06:00:00,42754099999,DEVI AHILYABAI HOLKAR,22.717,75.8,32.8,1003.5,41.98
2015-06-08T09:00:00,42754099999,DEVI AHILYABAI HOLKAR,22.717,75.8,34.0,1001.8,37.56
2015-06-08T12:00:00,42754099999,DEVI AHILYABAI HOLKAR,22.717,75.8,35.4,999.8,36.32
2015-06-08T15:00:00,42754099999,DEVI AHILYABAI HOLKAR,22.717,75.8,33.4,1001.2,39.58
2015-06-08T18:00:00,42754099999,DEVI AHILYABAI HOLKAR,22.717,75.8,31.0,1003.6,48.27
2015-06-08T21:00:00,42754099999,DEVI AHILYABAI HOLKAR,22.717,75.8,29.8,1003.1,52.68
2015-06-09T00:00:00,42754099999,DEVI AHILYABAI HOLKAR,22.717,75.8,27.4,1004.2,68.12
2015-06-09T03:00:00,42754099999,DEVI AHILYABAI HOLKAR,22.717,75.8,29.6,1005.5,57.06
2015-06-09T06:00:00,42754099999,DEVI AHILYABAI HOLKAR,22.717,75.8,31.2,1005.2,54.03
2015-06-09T09:00:00,42754099999,DEVI AHILYABAI HOLKAR,22.717,75.8,33.0,1002.9,46.16
2015-06-09T12:00:00,42754099999,DEVI AHILYABAI HOLKAR,22.717,75.8,33.6,1001.1,43.81
2015-06-09T15:00:00,42754099999,DEVI AHILYABAI HOLKAR,22.717,75.8,31.4,1002.8,48.68
2015-06-09T18:00:00,42754099999,DEVI AHILYABAI HOLKAR,22.717,75.8,30.2,1003.2,53.11
2015-06-09T21:00:00,42754099999,DEVI AHILYABAI HOLKAR,22.717,75.8,29.4,1002.5,51.28
2015-06-10T00:00:00,42754099999,DEVI AHILYABAI HOLKAR,22.717,75.8,27.2,1004.2,52.69
2015-06-10T03:00:00,42754099999,DEVI AHILYABAI HOLKAR,22.717,75.8,28.8,1005.3,62.78
2015-06-10T06:00:00,42754099999,DEVI AHILYABAI HOLKAR,22.717,75.8,34.4,1003.5,42.68
2015-06-10T09:00:00,42754099999,DEVI AHILYABAI HOLKAR,22.717,75.8,37.0,1000.4,36.98
2015-06-10T12:00:00,42754099999,DEVI AHILYABAI HOLKAR,22.717,75.8,26.4,1001.4,77.27
2015-06-10T15:00:00,42754099999,DEVI AHILYABAI HOLKAR,22.717,75.8,29.4,1001.7,60.64
2015-06-10T18:00:00,42754099999,DEVI AHILYABAI HOLKAR,22.717,75.8,29.0,1004.2,65.18
2015-06-10T21:00:00,42754099999,DEVI AHILYABAI HOLKAR,22.717,75.8,28.6,1004.4,66.3
2015-06-11T00:00:00,42754099999,DEVI AHILYABAI HOLKAR,22.717,75.8,23.0,1005.4,91.27
2015-06-11T03:00:00,42754099999,DEVI AHILYABAI HOLKAR,22.717,75.8,23.6,1007.3,86.95
2015-06-11T06:00:00,42754099999,DEVI AHILYABAI HOLKAR,22.717,75.8,27.0,1006.5,75.97
2015-06-11T09:00:00,42754099999,DEVI AHILYABAI HOLKAR,22.717,75.8,29.4,1003.4,61.77
2015-06-11T12:00:00,42754099999,DEVI AHILYABAI HOLKAR,22.717,75.8,30.2,1001.2,64.64
2015-06-11T15:00:00,42754099999,DEVI AHILYABAI HOLKAR,22.717,75.8,28.4,1002.8,73.92
2015-06-11T18:00:00,42754099999,DEVI AHILYABAI HOLKAR,22.717,75.8,27.0,1004.1,84.69
2015-06-11T21:00:00,42754099999,DEVI AHILYABAI HOLKAR,22.717,75.8,25.8,1003.8,78.61
2015-06-12T00:00:00,42754099999,DEVI AHILYABAI HOLKAR,22.717,75.8,24.4,1005.1,80.86
2015-06-12T03:00:00,42754099999,DEVI AHILYABAI HOLKAR,22.717,75.8,28.0,1004.2,75.21
2015-06-12T06:00:00,42754099999,DEVI AHILYABAI HOLKAR,22.717,75.8,31.4,1003.7,60.72
2015-06-12T09:00:00,42754099999,DEVI AHILYABAI HOLKAR,22.717,75.8,33.0,1000.5,56.48
2015-06-12T12:00:00,42754099999,DEVI AHILYABAI HOLKAR,22.717,75.8,28.0,1000.7,71.21
2015-06-12T15:00:00,42754099999,DEVI AHILYABAI HOLKAR,22.717,75.8,27.0,1002.5,77.36
2015-06-12T18:00:00,42754099999,DEVI AHILYABAI HOLKAR,22.717,75.8,26.4,1003.3,77.27
2015-06-12T21:00:00,42754099999,DEVI AHILYABAI HOLKAR,22.717,75.8,26.0,1002.4,78.64
2015-06-13T00:00:00,42754099999,DEVI AHILYABAI HOLKAR,22.717,75.8,24.0,1003.0,88.6
2015-06-13T03:00:00,42754099999,DEVI AHILYABAI HOLKAR,22.717,75.8,24.2,1003.5,90.25
2015-06-13T06:00:00,42754099999,DEVI AHILYABAI HOLKAR,22.717,75.8,27.4,1003.2,81.74
2015-06-13T09:00:00,42754099999,DEVI AHILYABAI HOLKAR,22.717,75.8,31.4,998.9,64.5
2015-06-13T12:00:00,42754099999,DEVI AHILYABAI HOLKAR,22.717,75.8,32.2,997.5,55.95
2015-06-13T15:00:00,42754099999,DEVI AHILYABAI HOLKAR,22.717,75.8,25.6,1001.9,79.55
2015-06-13T18:00:00,42754099999,DEVI AHILYABAI HOLKAR,22.717,75.8,23.0,1003.1,94.68
2015-06-13T21:00:00,42754099999,DEVI AHILYABAI HOLKAR,22.717,75.8,23.0,1002.9,94.68
2015-06-14T00:00:00,42754099999,DEVI AHILYABAI HOLKAR,22.717,75.8,22.2,1002.9,95.23
2015-06-14T03:00:00,42754099999,DEVI AHILYABAI HOLKAR,22.717,75.8,23.2,1001.3,92.97
2015-06-14T06:00:00,42754099999,DEVI AHILYABAI HOLKAR,22.717,75.8,28.4,995.4,73.92
2015-06-14T09:00:00,42754099999,DEVI AHILYABAI HOLKAR,22.717,75.8,30.4,999.7,63.9
2015-06-14T12:00:00,42754099999,DEVI AHILYABAI HOLKAR,22.717,75.8,32.6,997.4,56.05
2015-06-14T15:00:00,42754099999,DEVI AHILYABAI HOLKAR,22.717,75.8,27.0,1000.8,71.91
2015-06-14T18:00:00,42754099999,DEVI AHILYABAI HOLKAR,22.717,75.8,26.0,1001.2,80.09
2015-06-14T21:00:00,42754099999,DEVI AHILYABAI HOLKAR,22.717,75.8,25.4,1000.7,80.99
2015-06-15T00:00:00,42754099999,DEVI AHILYABAI HOLKAR,22.717,75.8,24.4,1001.5,80.86
2015-06-15T03:00:00,42754099999,DEVI AHILYABAI HOLKAR,22.717,75.8,25.6,1003.0,87.14
2015-06-15T06:00:00,42754099999,DEVI AHILYABAI HOLKAR,22.717,75.8,29.8,1002.1,65.74
2015-06-15T09:00:00,42754099999,DEVI AHILYABAI HOLKAR,22.717,75.8,32.8,998.9,52.15
2015-06-15T12:00:00,42754099999,DEVI AHILYABAI HOLKAR,22.717,75.8,28.8,999.2,67.56
2015-06-15T15:00:00,42754099999,DEVI AHILYABAI HOLKAR,22.717,75.8,23.4,1002.3,88.01
2015-06-15T18:00:00,42754099999,DEVI AHILYABAI HOLKAR,22.717,75.8,23.2,1003.1,94.69
2015-06-15T21:00:00,42754099999,DEVI AHILYABAI HOLKAR,22.717,75.8,22.6,1002.1,89.58
2015-06-16T00:00:00,42754099999,DEVI AHILYABAI HOLKAR,22.717,75.8,23.6,1001.9,94.7
2015-06-16T03:00:00,42754099999,DEVI AHILYABAI HOLKAR,22.717,75.8,26.0,1003.3,87.17
2015-06-16T06:00:00,42754099999,DEVI AHILYABAI HOLKAR,22.717,75.8,29.8,1002.5,69.42
2015-06-16T09:00:00,42754099999,DEVI AHILYABAI HOLKAR,22.717,75.8,33.2,998.8,54.52
2015-06-16T12:00:00,42754099999,DEVI AHILYABAI HOLKAR,22.717,75.8,30.6,997.7,62.79
2015-06-16T15:00:00,42754099999,DEVI AHILYABAI HOLKAR,22.717,75.8,27.8,1000.6,79.37
2015-06-16T18:00:00,42754099999,DEVI AHILYABAI HOLKAR,22.717,75.8,24.4,1003.0,96.46
2015-06-16T21:00:00,42754099999,DEVI AHILYABAI HOLKAR,22.717,75.8,23.8,1002.2,93.57
2015-06-17T00:00:00,42754099999,DEVI AHILYABAI HOLKAR,22.717,75.8,23.0,1001.8,96.43
2015-06-17T03:00:00,42754099999,DEVI AHILYABAI HOLKAR,22.717,75.8,26.0,1002.4,84.58
2015-06-17T06:00:00,42754099999,DEVI AHILYABAI HOLKAR,22.717,75.8,29.4,1000.9,69.34
2015-06-17T09:00:00,42754099999,DEVI AHILYABAI HOLKAR,22.717,75.8,33.0,998.1,54.47
2015-06-17T12:00:00,42754099999,DEVI AHILYABAI HOLKAR,22.717,75.8,34.4,994.6,47.39
2015-06-17T15:00:00,42754099999,DEVI AHILYABAI HOLKAR,22.717,75.8,28.0,999.2,64.57
2015-06-17T18:00:00,42754099999,DEVI AHILYABAI HOLKAR,22.717,75.8,23.6,1001.7,86.95
2015-06-17T21:00:00,42754099999,DEVI AHILYABAI HOLKAR,22.717,75.8,23.2,1000.7,87.99
2015-06-18T00:00:00,42754099999,DEVI AHILYABAI HOLKAR,22.717,75.8,22.6,1000.8,
2015-06-18T03:00:00,42754099999,DEVI AHILYABAI HOLKAR,22.717,75.8,26.4,1001.7,83.11
2015-06-18T06:00:00,42754099999,DEVI AHILYABAI HOLKAR,22.717,75.8,30.8,1000.6,63.98
2015-06-18T09:00:00,42754099999,DEVI AHILYABAI HOLKAR,22.717,75.8,32.6,997.7,56.05
2015-06-18T12:00:00,42754099999,DEVI AHILYABAI HOLKAR,22.717,75.8,33.0,995.6,53.16
2015-06-18T15:00:00,42754099999,DEVI AHILYABAI HOLKAR,22.717,75.8,28.8,998.6,66.34
2015-06-18T18:00:00,42754099999,DEVI AHILYABAI HOLKAR,22.717,75.8,24.0,1002.1,91.89
2015-06-18T21:00:00,42754099999,DEVI AHILYABAI HOLKAR,22.717,75.8,23.4,1000.7,92.98
2015-06-19T00:00:00,42754099999,DEVI AHILYABAI HOLKAR,22.717,75.8,24.0,999.4,91.89
2015-06-19T06:00:00,42754099999,DEVI AHILYABAI HOLKAR,22.717,75.8,31.0,999.1,62.88
2015-06-19T09:00:00,42754099999,DEVI AHILYABAI HOLKAR,22.717,75.8,32.4,996.9,62.8
2015-06-19T12:00:00,42754099999,DEVI AHILYABAI HOLKAR,22.717,75.8,26.8,995.9,78.75
2015-06-19T15:00:00,42754099999,DEVI AHILYABAI HOLKAR,22.717,75.8,27.0,998.4,75.97
2015-06-19T18:00:00,42754099999,DEVI AHILYABAI HOLKAR,22.717,75.8,26.4,999.4,84.62
2015-06-19T21:00:00,42754099999,DEVI AHILYABAI HOLKAR,22.717,75.8,26.0,999.8,84.58
2015-06-20T00:00:00,42754099999,DEVI AHILYABAI HOLKAR,22.717,75.8,24.0,997.9,88.6
2015-06-20T03:00:00,42754099999,DEVI AHILYABAI HOLKAR,22.717,75.8,27.4,998.8,79.31
2015-06-20T06:00:00,42754099999,DEVI AHILYABAI HOLKAR,22.717,75.8,30.8,998.5,66.34
2015-06-20T09:00:00,42754099999,DEVI AHILYABAI HOLKAR,22.717,75.8,32.8,995.7,61.77
2015-06-20T12:00:00,42754099999,DEVI AHILYABAI HOLKAR,22.717,75.8,25.6,995.5,87.14
2015-06-20T15:00:00,42754099999,DEVI AHILYABAI HOLKAR,22.717,75.8,26.0,997.5,92.01
2015-06-20T18:00:00,42754099999,DEVI AHILYABAI HOLKAR,22.717,75.8,25.6,997.7,90.34
2015-06-20T21:00:00,42754099999,DEVI AHILYABAI HOLKAR,22.717,75.8,25.4,996.9,88.71
2015-06-21T00:00:00,42754099999,DEVI AHILYABAI HOLKAR,22.717,75.8,24.0,997.6,93.58
2015-06-21T03:00:00,42754099999,DEVI AHILYABAI HOLKAR,22.717,75.8,27.0,997.2,84.69
2015-06-21T06:00:00,42754099999,DEVI AHILYABAI HOLKAR,22.717,75.8,31.0,996.3,68.81
2015-06-21T09:00:00,42754099999,DEVI AHILYABAI HOLKAR,22.717,75.8,34.2,993.5,56.43
2015-06-21T12:00:00,42754099999,DEVI AHILYABAI HOLKAR,22.717,75.8,31.6,992.2,68.11
2015-06-21T15:00:00,42754099999,DEVI AHILYABAI HOLKAR,22.717,75.8,23.2,997.5,96.43
2015-06-21T18:00:00,42754099999,DEVI AHILYABAI HOLKAR,22.717,75.8,23.6,996.9,94.7
2015-06-21T21:00:00,42754099999,DEVI AHILYABAI HOLKAR,22.717,75.8,23.0,996.3,92.96
2015-06-22T00:00:00,42754099999,DEVI AHILYABAI HOLKAR,22.717,75.8,23.4,995.9,96.44
2015-06-22T03:00:00,42754099999,DEVI AHILYABAI HOLKAR,22.717,75.8,25.0,997.8,95.33
2015-06-22T06:00:00,42754099999,DEVI AHILYABAI HOLKAR,22.717,75.8,28.8,997.2,76.7
2015-06-22T09:00:00,42754099999,DEVI AHILYABAI HOLKAR,22.717,75.8,30.6,995.5,67.51
2015-06-22T12:00:00,42754099999,DEVI AHILYABAI HOLKAR,22.717,75.8,30.6,994.3,62.79
2015-06-22T15:00:00,42754099999,DEVI AHILYABAI HOLKAR,22.717,75.8,27.4,997.0,81.74
2015-06-22T18:00:00,42754099999,DEVI AHILYABAI HOLKAR,22.717,75.8,22.0,1001.1,94.64
2015-06-22T21:00:00,42754099999,DEVI AHILYABAI HOLKAR,22.717,75.8,21.4,1000.5,94.62
2015-06-23T00:00:00,42754099999,DEVI AHILYABAI HOLKAR,22.717,75.8,23.0,997.9,96.43
2015-06-23T03:00:00,42754099999,DEVI AHILYABAI HOLKAR,22.717,75.8,25.0,997.7,91.95
2015-06-23T06:00:00,42754099999,DEVI AHILYABAI HOLKAR,22.717,75.8,29.2,997.0,69.3
2015-06-23T09:00:00,42754099999,DEVI AHILYABAI HOLKAR,22.717,75.8,30.2,996.1,64.64
2015-06-23T12:00:00,42754099999,DEVI AHILYABAI HOLKAR,22.717,75.8,29.4,994.8,71.89
2015-06-23T15:00:00,42754099999,DEVI AHILYABAI HOLKAR,22.717,75.8,27.0,997.5,77.36
2015-06-23T18:00:00,42754099999,DEVI AHILYABAI HOLKAR,22.717,75.8,26.0,997.7,84.58
2015-06-23T21:00:00,42754099999,DEVI AHILYABAI HOLKAR,22.71,75.8,25.2,997.3,88.7
2015-06-24T00:00:00,42754099999,DEVI AHILYABAI HOLKAR,22.717,75.8,24.0,998.1,91.89
2015-06-24T03:00:00,42754099999,DEVI AHILYABAI HOLKAR,22.717,75.8,26.0,996.9,87.17
2015-06-24T06:00:00,42754099999,DEVI AHILYABAI HOLKAR,22.717,75.8,27.0,998.5,81.69
2015-06-24T09:00:00,42754099999,DEVI AHILYABAI HOLKAR,22.717,75.8,29.0,995.3,71.82
2015-06-24T12:00:00,42754099999,DEVI AHILYABAI HOLKAR,22.717,75.8,27.4,993.9,71.98
2015-06-24T15:00:00,42754099999,DEVI AHILYABAI HOLKAR,22.717,75.8,24.6,996.3,85.47
2015-06-24T18:00:00,42754099999,DEVI AHILYABAI HOLKAR,22.717,75.8,24.0,997.9,88.6
2015-06-24T21:00:00,42754099999,DEVI AHILYABAI HOLKAR,22.717,75.8,23.2,996.9,89.63
2015-06-25T00:00:00,42754099999,DEVI AHILYABAI HOLKAR,22.717,75.8,23.4,997.0,96.44
2015-06-25T03:00:00,42754099999,DEVI AHILYABAI HOLKAR,22.717,75.8,24.0,998.9,88.6
2015-06-25T06:00:00,42754099999,DEVI AHILYABAI HOLKAR,22.717,75.8,26.4,999.6,84.62
2015-06-25T09:00:00,42754099999,DEVI AHILYABAI HOLKAR,22.717,75.8,28.0,997.7,73.85
2015-06-25T12:00:00,42754099999,DEVI AHILYABAI HOLKAR,22.717,75.8,28.4,996.7,70.0
2015-06-25T15:00:00,42754099999,DEVI AHILYABAI HOLKAR,22.717,75.8,26.2,994.2,78.67
2015-06-25T18:00:00,42754099999,DEVI AHILYABAI HOLKAR,22.717,75.8,24.6,1001.6,87.05
2015-06-25T21:00:00,42754099999,DEVI AHILYABAI HOLKAR,22.717,75.8,24.0,1000.8,88.6
2015-06-26T00:00:00,42754099999,DEVI AHILYABAI HOLKAR,22.717,75.8,23.4,998.7,88.01
2015-06-26T03:00:00,42754099999,DEVI AHILYABAI HOLKAR,22.717,75.8,25.4,999.9,80.99
2015-06-26T06:00:00,42754099999,DEVI AHILYABAI HOLKAR,22.717,75.8,28.4,1000.1,70.0
2015-06-26T09:00:00,42754099999,DEVI AHILYABAI HOLKAR,22.717,75.8,30.6,998.2,58.01
2015-06-26T12:00:00,42754099999,DEVI AHILYABAI HOLKAR,22.717,75.8,31.0,997.1,54.98
2015-06-26T15:00:00,42754099999,DEVI AHILYABAI HOLKAR,22.717,75.8,27.6,999.8,68.16
2015-06-26T18:00:00,42754099999,DEVI AHILYABAI HOLKAR,22.717,75.8,25.4,1001.5,80.99
2015-06-26T21:00:00,42754099999,DEVI AHILYABAI HOLKAR,22.717,75.8,25.0,1000.8,80.94
2015-06-27T00:00:00,42754099999,DEVI AHILYABAI HOLKAR,22.717,75.8,24.0,1000.7,88.6
2015-06-27T03:00:00,42754099999,DEVI AHILYABAI HOLKAR,22.717,75.8,25.2,1001.8,83.98
2015-06-27T06:00:00,42754099999,DEVI AHILYABAI HOLKAR,22.717,75.8,28.8,1001.9,63.95
2015-06-27T09:00:00,42754099999,DEVI AHILYABAI HOLKAR,22.717,75.8,32.4,999.8,50.78
2015-06-27T12:00:00,42754099999,DEVI AHILYABAI HOLKAR,22.717,75.8,32.0,998.9,49.14
2015-06-27T15:00:00,42754099999,DEVI AHILYABAI HOLKAR,22.717,75.8,29.0,1001.0,60.18
2015-06-27T18:00:00,42754099999,DEVI AHILYABAI HOLKAR,22.717,75.8,27.4,1002.1,68.12
2015-06-27T21:00:00,42754099999,DEVI AHILYABAI HOLKAR,22.717,75.8,26.2,1001.5,72.65
2015-06-28T00:00:00,42754099999,DEVI AHILYABAI HOLKAR,22.717,75.8,25.0,1002.3,71.99
2015-06-28T03:00:00,42754099999,DEVI AHILYABAI HOLKAR,22.717,75.8,25.6,1004.8,79.55
2015-06-28T06:00:00,42754099999,DEVI AHILYABAI HOLKAR,22.717,75.8,29.4,1004.7,61.77
2015-06-28T09:00:00,42754099999,DEVI AHILYABAI HOLKAR,22.717,75.8,32.4,1002.2,45.43
2015-06-28T12:00:00,42754099999,DEVI AHILYABAI HOLKAR,22.717,75.8,33.4,1000.8,49.5
2015-06-28T15:00:00,42754099999,DEVI AHILYABAI HOLKAR,22.717,75.8,29.0,1003.7,59.07
2015-06-28T18:00:00,42754099999,DEVI AHILYABAI HOLKAR,22.717,75.8,27.0,1005.8,71.91
2015-06-28T21:00:00,42754099999,DEVI AHILYABAI HOLKAR,22.717,75.8,25.8,1004.8,76.71
2015-06-29T00:00:00,42754099999,DEVI AHILYABAI HOLKAR,22.717,75.8,23.8,1005.7,85.39
2015-06-29T03:00:00,42754099999,DEVI AHILYABAI HOLKAR,22.717,75.8,25.4,1007.7,80.99
2015-06-29T06:00:00,42754099999,DEVI AHILYABAI HOLKAR,22.717,75.8,30.0,1005.7,61.15
2015-06-29T09:00:00,42754099999,DEVI AHILYABAI HOLKAR,22.717,75.8,33.4,1003.0,48.6
2015-06-29T12:00:00,42754099999,DEVI AHILYABAI HOLKAR,22.717,75.8,33.0,1001.5,46.16
2015-06-29T15:00:00,42754099999,DEVI AHILYABAI HOLKAR,22.717,75.8,30.2,1003.6,58.99
2015-06-29T18:00:00,42754099999,DEVI AHILYABAI HOLKAR,22.717,75.8,26.0,1006.0,62.95
2015-06-29T21:00:00,42754099999,DEVI AHILYABAI HOLKAR,22.717,75.8,25.0,1005.6,73.35
2015-06-30T00:00:00,42754099999,DEVI AHILYABAI HOLKAR,22.717,75.8,24.0,1005.9,75.96
2015-06-30T03:00:00,42754099999,DEVI AHILYABAI HOLKAR,22.717,75.8,25.8,1006.2,79.58
2015-06-30T06:00:00,42754099999,DEVI AHILYABAI HOLKAR,22.717,75.8,29.0,1005.9,65.18
2015-06-30T09:00:00,42754099999,DEVI AHILYABAI HOLKAR,22.717,75.8,32.0,1003.6,52.59
2015-06-30T12:00:00,42754099999,DEVI AHILYABAI HOLKAR,22.717,75.8,32.2,1001.3,51.36
2015-06-30T15:00:00,42754099999,DEVI AHILYABAI HOLKAR,22.717,75.8,28.8,1004.1,59.03
2015-06-30T18:00:00,42754099999,DEVI AHILYABAI HOLKAR,22.717,75.8,27.4,1005.8,64.04
2015-06-30T21:00:00,42754099999,DEVI AHILYABAI HOLKAR,22.717,75.8,26.2,1004.9,70.02
2015-07-01T00:00:00,42754099999,DEVI AHILYABAI HOLKAR,22.717,75.8,25.0,1006.0,76.59
2015-07-01T03:00:00,42754099999,DEVI AHILYABAI HOLKAR,22.717,75.8,25.8,1006.4,78.61
2015-07-01T06:00:00,42754099999,DEVI AHILYABAI HOLKAR,22.717,75.8,27.8,1007.5,72.49
2015-07-01T09:00:00,42754099999,DEVI AHILYABAI HOLKAR,22.717,75.8,32.0,1004.5,54.56
2015-07-01T12:00:00,42754099999,DEVI AHILYABAI HOLKAR,22.717,75.8,32.0,1002.1,47.05
2015-07-01T15:00:00,42754099999,DEVI AHILYABAI HOLKAR,22.717,75.8,28.8,1004.3,57.58
2015-07-01T18:00:00,42754099999,DEVI AHILYABAI HOLKAR,22.717,75.8,26.2,1005.8,64.59
2015-07-01T21:00:00,42754099999,DEVI AHILYABAI HOLKAR,22.717,75.8,25.4,1005.4,68.15
2015-07-02T00:00:00,42754099999,DEVI AHILYABAI HOLKAR,22.717,75.8,24.4,1005.9,73.24
2015-07-02T03:00:00,42754099999,DEVI AHILYABAI HOLKAR,22.717,75.8,25.4,1007.9,82.49
2015-07-02T06:00:00,42754099999,DEVI AHILYABAI HOLKAR,22.717,75.8,29.0,1006.9,65.18
2015-07-02T09:00:00,42754099999,DEVI AHILYABAI HOLKAR,22.717,75.8,32.0,1004.8,51.31
2015-07-02T12:00:00,42754099999,DEVI AHILYABAI HOLKAR,22.717,75.8,31.8,1003.0,45.84
2015-07-02T15:00:00,42754099999,DEVI AHILYABAI HOLKAR,22.717,75.8,28.4,1005.5,56.07
2015-07-02T18:00:00,42754099999,DEVI AHILYABAI HOLKAR,22.717,75.8,26.6,1006.1,66.3
2015-07-02T21:00:00,42754099999,DEVI AHILYABAI HOLKAR,22.717,75.8,25.4,1005.8,73.87
2015-07-03T00:00:00,42754099999,DEVI AHILYABAI HOLKAR,22.717,75.8,24.4,1006.3,80.86
2015-07-03T03:00:00,42754099999,DEVI AHILYABAI HOLKAR,22.717,75.8,26.2,1006.9,75.84
2015-07-03T06:00:00,42754099999,DEVI AHILYABAI HOLKAR,22.717,75.8,29.6,1006.7,56.01
2015-07-03T09:00:00,42754099999,DEVI AHILYABAI HOLKAR,22.717,75.8,32.0,1004.6,45.04
2015-07-03T12:00:00,42754099999,DEVI AHILYABAI HOLKAR,22.717,75.8,31.4,1002.9,43.49
2015-07-03T15:00:00,42754099999,DEVI AHILYABAI HOLKAR,22.717,75.8,28.4,1004.9,59.67
2015-07-03T18:00:00,42754099999,DEVI AHILYABAI HOLKAR,22.717,75.8,27.2,1005.7,66.42
2015-07-03T21:00:00,42754099999,DEVI AHILYABAI HOLKAR,22.717,75.8,26.4,1004.9,77.74
2015-07-04T00:00:00,42754099999,DEVI AHILYABAI HOLKAR,22.717,75.8,24.4,1004.3,82.37
2015-07-04T03:00:00,42754099999,DEVI AHILYABAI HOLKAR,22.717,75.8,26.4,1005.8,75.87
2015-07-04T06:00:00,42754099999,DEVI AHILYABAI HOLKAR,22.717,75.8,29.8,1005.5,54.01
2015-07-04T09:00:00,42754099999,DEVI AHILYABAI HOLKAR,22.717,75.8,32.0,1002.8,47.05
2015-07-04T12:00:00,42754099999,DEVI AHILYABAI HOLKAR,22.717,75.8,32.0,1001.6,48.23
2015-07-04T15:00:00,42754099999,DEVI AHILYABAI HOLKAR,22.717,75.8,29.0,1003.1,55.52
2015-07-04T18:00:00,42754099999,DEVI AHILYABAI HOLKAR,22.717,75.8,26.4,1003.9,77.27
2015-07-04T21:00:00,42754099999,DEVI AHILYABAI HOLKAR,22.717,75.8,25.6,1003.5,79.55
2015-07-05T00:00:00,42754099999,DEVI AHILYABAI HOLKAR,22.717,75.8,25.0,1004.6,82.44
2015-07-05T03:00:00,42754099999,DEVI AHILYABAI HOLKAR,22.717,75.8,26.0,1004.0,72.62
2015-07-05T06:00:00,42754099999,DEVI AHILYABAI HOLKAR,22.717,75.8,29.4,1003.4,57.01
2015-07-05T09:00:00,42754099999,DEVI AHILYABAI HOLKAR,22.717,75.8,31.8,1000.9,50.01
2015-07-05T12:00:00,42754099999,DEVI AHILYABAI HOLKAR,22.717,75.8,31.0,999.8,54.98
2015-07-05T15:00:00,42754099999,DEVI AHILYABAI HOLKAR,22.717,75.8,28.4,1000.9,68.73
2015-07-05T18:00:00,42754099999,DEVI AHILYABAI HOLKAR,22.717,75.8,26.8,1001.7,73.2
2015-07-05T21:00:00,42754099999,DEVI AHILYABAI HOLKAR,22.717,75.8,25.2,1000.7,80.97
2015-07-06T00:00:00,42754099999,DEVI AHILYABAI HOLKAR,22.717,75.8,24.8,1001.6,82.42
2015-07-06T03:00:00,42754099999,DEVI AHILYABAI HOLKAR,22.717,75.8,25.8,1002.2,76.71
2015-07-06T06:00:00,42754099999,DEVI AHILYABAI HOLKAR,22.717,75.8,28.4,1002.1,66.26
2015-07-06T09:00:00,42754099999,DEVI AHILYABAI HOLKAR,22.717,75.8,30.4,999.4,55.52
2015-07-06T12:00:00,42754099999,DEVI AHILYABAI HOLKAR,22.717,75.8,29.8,999.0,58.53
2015-07-06T15:00:00,42754099999,DEVI AHILYABAI HOLKAR,22.717,75.8,28.8,1000.1,61.26
2015-07-06T18:00:00,42754099999,DEVI AHILYABAI HOLKAR,22.717,75.8,27.2,1001.0,69.35
2015-07-06T21:00:00,42754099999,DEVI AHILYABAI HOLKAR,22.717,75.8,26.4,1000.2,74.49
2015-07-07T00:00:00,42754099999,DEVI AHILYABAI HOLKAR,22.717,75.8,25.4,1001.1,79.52
2015-07-07T03:00:00,42754099999,DEVI AHILYABAI HOLKAR,22.717,75.8,26.2,1000.7,78.67
2015-07-07T06:00:00,42754099999,DEVI AHILYABAI HOLKAR,22.717,75.8,30.0,1000.9,60.04
2015-07-07T09:00:00,42754099999,DEVI AHILYABAI HOLKAR,22.717,75.8,31.6,999.3,55.47
2015-07-07T12:00:00,42754099999,DEVI AHILYABAI HOLKAR,22.717,75.8,31.0,997.7,60.63
2015-07-07T15:00:00,42754099999,DEVI AHILYABAI HOLKAR,22.717,75.8,28.0,1000.0,68.65
2015-07-07T18:00:00,42754099999,DEVI AHILYABAI HOLKAR,22.717,75.8,26.6,1001.8,74.53
2015-07-07T21:00:00,42754099999,DEVI AHILYABAI HOLKAR,22.717,75.8,25.6,1000.8,78.1
2015-07-08T00:00:00,42754099999,DEVI AHILYABAI HOLKAR,22.717,75.8,24.8,1000.9,83.94
2015-07-08T03:00:00,42754099999,DEVI AHILYABAI HOLKAR,22.717,75.8,26.0,1002.5,80.09
2015-07-08T06:00:00,42754099999,DEVI AHILYABAI HOLKAR,22.717,75.8,29.2,1002.2,66.83
2015-07-08T09:00:00,42754099999,DEVI AHILYABAI HOLKAR,22.717,75.8,31.2,1000.3,57.44
2015-07-08T12:00:00,42754099999,DEVI AHILYABAI HOLKAR,22.717,75.8,31.2,998.9,57.44
2015-07-08T15:00:00,42754099999,DEVI AHILYABAI HOLKAR,22.717,75.8,27.8,1000.9,73.82
2015-07-08T18:00:00,42754099999,DEVI AHILYABAI HOLKAR,22.717,75.8,26.8,1003.2,75.93
2015-07-08T21:00:00,42754099999,DEVI AHILYABAI HOLKAR,22.717,75.8,26.0,1002.1,80.09
2015-07-09T00:00:00,42754099999,DEVI AHILYABAI HOLKAR,22.717,75.8,25.0,1002.6,83.96
2015-07-09T03:00:00,42754099999,DEVI AHILYABAI HOLKAR,22.717,75.8,25.0,1004.0,83.96
2015-07-09T06:00:00,42754099999,DEVI AHILYABAI HOLKAR,22.717,75.8,29.4,1002.1,62.91
2015-07-09T09:00:00,42754099999,DEVI AHILYABAI HOLKAR,22.717,75.8,30.4,1000.7,65.07
2015-07-09T12:00:00,42754099999,DEVI AHILYABAI HOLKAR,22.717,75.8,29.8,999.1,61.1
2015-07-09T15:00:00,42754099999,DEVI AHILYABAI HOLKAR,22.717,75.8,28.6,999.9,63.91
2015-07-09T18:00:00,42754099999,DEVI AHILYABAI HOLKAR,22.717,75.8,27.0,1001.7,71.91
2015-07-09T21:00:00,42754099999,DEVI AHILYABAI HOLKAR,22.717,75.8,26.2,1000.4,74.46
2015-07-10T00:00:00,42754099999,DEVI AHILYABAI HOLKAR,22.717,75.8,24.6,999.8,83.92
2015-07-10T03:00:00,42754099999,DEVI AHILYABAI HOLKAR,22.717,75.8,26.4,1000.8,75.87
2015-07-10T06:00:00,42754099999,DEVI AHILYABAI HOLKAR,22.717,75.8,28.2,1000.3,64.61
2015-07-10T09:00:00,42754099999,DEVI AHILYABAI HOLKAR,22.717,75.8,31.2,997.5,54.03
2015-07-10T12:00:00,42754099999,DEVI AHILYABAI HOLKAR,22.717,75.8,31.4,995.6,49.9
2015-07-10T15:00:00,42754099999,DEVI AHILYABAI HOLKAR,22.717,75.8,29.2,997.7,59.12
2015-07-10T18:00:00,42754099999,DEVI AHILYABAI HOLKAR,22.717,75.8,26.8,999.2,71.87
2015-07-10T21:00:00,42754099999,DEVI AHILYABAI HOLKAR,22.717,75.8,26.4,998.2,74.49
2015-07-11T00:00:00,42754099999,DEVI AHILYABAI HOLKAR,22.717,75.8,25.4,998.7,80.99
2015-07-11T03:00:00,42754099999,DEVI AHILYABAI HOLKAR,22.717,75.8,26.0,1000.2,77.21
2015-07-11T06:00:00,42754099999,DEVI AHILYABAI HOLKAR,22.717,75.8,28.6,1000.2,65.09
2015-07-11T09:00:00,42754099999,DEVI AHILYABAI HOLKAR,22.717,75.8,29.8,998.8,58.53
2015-07-11T12:00:00,42754099999,DEVI AHILYABAI HOLKAR,22.717,75.8,29.4,997.9,60.64
2015-07-11T15:00:00,42754099999,DEVI AHILYABAI HOLKAR,22.717,75.8,28.0,999.9,66.99
2015-07-11T18:00:00,42754099999,DEVI AHILYABAI HOLKAR,22.717,75.8,27.0,1000.6,70.6
2015-07-11T21:00:00,42754099999,DEVI AHILYABAI HOLKAR,22.717,75.8,26.2,1000.3,74.46
2015-07-12T00:00:00,42754099999,DEVI AHILYABAI HOLKAR,22.717,75.8,24.8,1001.4,82.42
2015-07-12T03:00:00,42754099999,DEVI AHILYABAI HOLKAR,22.717,75.8,26.0,1003.1,81.56
2015-07-12T06:00:00,42754099999,DEVI AHILYABAI HOLKAR,22.717,75.8,29.8,1002.6,64.55
2015-07-12T09:00:00,42754099999,DEVI AHILYABAI HOLKAR,22.717,75.8,31.6,1001.5,57.54
2015-07-12T12:00:00,42754099999,DEVI AHILYABAI HOLKAR,22.717,75.8,32.4,1000.1,52.69
2015-07-12T15:00:00,42754099999,DEVI AHILYABAI HOLKAR,22.717,75.8,29.2,1002.6,62.87
2015-07-12T18:00:00,42754099999,DEVI AHILYABAI HOLKAR,22.717,75.8,27.2,1003.5,73.27
2015-07-12T21:00:00,42754099999,DEVI AHILYABAI HOLKAR,22.717,75.8,26.6,1003.0,75.9
2015-07-13T00:00:00,42754099999,DEVI AHILYABAI HOLKAR,22.717,75.8,25.4,1003.6,82.49
2015-07-13T03:00:00,42754099999,DEVI AHILYABAI HOLKAR,22.717,75.8,26.6,1005.8,74.53
2015-07-13T06:00:00,42754099999,DEVI AHILYABAI HOLKAR,22.717,75.8,29.4,1004.9,68.09
2015-07-13T09:00:00,42754099999,DEVI AHILYABAI HOLKAR,22.717,75.8,32.8,1002.3,50.89
2015-07-13T12:00:00,42754099999,DEVI AHILYABAI HOLKAR,22.717,75.8,33.0,1000.2,48.2
2015-07-13T15:00:00,42754099999,DEVI AHILYABAI HOLKAR,22.717,75.8,30.0,1002.9,57.51
2015-07-13T18:00:00,42754099999,DEVI AHILYABAI HOLKAR,22.717,75.8,28.0,1003.9,68.65
2015-07-13T21:00:00,42754099999,DEVI AHILYABAI HOLKAR,22.717,75.8,26.8,1003.1,73.2
2015-07-14T00:00:00,42754099999,DEVI AHILYABAI HOLKAR,22.717,75.8,25.0,1003.6,83.96
2015-07-14T03:00:00,42754099999,DEVI AHILYABAI HOLKAR,22.717,75.8,26.0,1005.3,81.56
2015-07-14T06:00:00,42754099999,DEVI AHILYABAI HOLKAR,22.717,75.8,30.4,1003.6,63.9
2015-07-14T09:00:00,42754099999,DEVI AHILYABAI HOLKAR,22.717,75.8,33.0,1001.1,52.2
2015-07-14T12:00:00,42754099999,DEVI AHILYABAI HOLKAR,22.717,75.8,33.4,998.6,45.41
2015-07-14T15:00:00,42754099999,DEVI AHILYABAI HOLKAR,22.717,75.8,29.4,1000.4,57.01
2015-07-14T18:00:00,42754099999,DEVI AHILYABAI HOLKAR,22.717,75.8,27.6,1001.7,66.91
2015-07-14T21:00:00,42754099999,DEVI AHILYABAI HOLKAR,22.717,75.8,26.2,1001.1,75.84
2015-07-15T00:00:00,42754099999,DEVI AHILYABAI HOLKAR,22.717,75.8,25.0,1001.7,80.94
2015-07-15T03:00:00,42754099999,DEVI AHILYABAI HOLKAR,22.717,75.8,26.0,1001.9,81.56
2015-07-15T06:00:00,42754099999,DEVI AHILYABAI HOLKAR,22.717,75.8,30.4,1001.0,63.9
2015-07-15T09:00:00,42754099999,DEVI AHILYABAI HOLKAR,22.717,75.8,33.2,998.3,48.25
2015-07-15T12:00:00,42754099999,DEVI AHILYABAI HOLKAR,22.717,75.8,33.0,996.5,43.1
2015-07-15T15:00:00,42754099999,DEVI AHILYABAI HOLKAR,22.717,75.8,29.4,998.3,59.53
2015-07-15T18:00:00,42754099999,DEVI AHILYABAI HOLKAR,22.717,75.8,27.6,999.7,66.91
2015-07-15T21:00:00,42754099999,DEVI AHILYABAI HOLKAR,22.717,75.8,26.6,998.8,71.84
2015-07-16T00:00:00,42754099999,DEVI AHILYABAI HOLKAR,22.717,75.8,25.0,998.4,79.47
2015-07-16T03:00:00,42754099999,DEVI AHILYABAI HOLKAR,22.717,75.8,26.4,999.6,74.49
2015-07-16T06:00:00,42754099999,DEVI AHILYABAI HOLKAR,22.717,75.8,30.0,998.4,63.43
2015-07-16T09:00:00,42754099999,DEVI AHILYABAI HOLKAR,22.717,75.8,32.2,996.6,56.98
2015-07-16T12:00:00,42754099999,DEVI AHILYABAI HOLKAR,22.717,75.8,31.0,995.4,59.54
2015-07-16T15:00:00,42754099999,DEVI AHILYABAI HOLKAR,22.717,75.8,27.6,997.1,69.42
2015-07-16T18:00:00,42754099999,DEVI AHILYABAI HOLKAR,22.717,75.8,26.6,998.4,73.17
2015-07-16T21:00:00,42754099999,DEVI AHILYABAI HOLKAR,22.717,75.8,26.0,998.1,77.21
2015-07-17T00:00:00,42754099999,DEVI AHILYABAI HOLKAR,22.717,75.8,25.0,997.9,80.94
2015-07-17T03:00:00,42754099999,DEVI AHILYABAI HOLKAR,22.717,75.8,25.4,999.6,82.49
2015-07-17T06:00:00,42754099999,DEVI AHILYABAI HOLKAR,22.717,75.8,28.4,999.4,71.28
2015-07-17T09:00:00,42754099999,DEVI AHILYABAI HOLKAR,22.717,75.8,30.8,997.4,62.83
2015-07-17T12:00:00,42754099999,DEVI AHILYABAI HOLKAR,22.717,75.8,31.4,995.3,54.08
2015-07-17T15:00:00,42754099999,DEVI AHILYABAI HOLKAR,22.717,75.8,29.4,997.4,64.47
2015-07-17T18:00:00,42754099999,DEVI AHILYABAI HOLKAR,22.717,75.8,27.4,999.2,73.31
2015-07-17T21:00:00,42754099999,DEVI AHILYABAI HOLKAR,22.717,75.8,26.4,998.5,78.7
2015-07-18T00:00:00,42754099999,DEVI AHILYABAI HOLKAR,22.717,75.8,25.2,999.1,82.46
2015-07-18T03:00:00,42754099999,DEVI AHILYABAI HOLKAR,22.717,75.8,25.6,1000.5,82.51
2015-07-18T06:00:00,42754099999,DEVI AHILYABAI HOLKAR,22.717,75.8,24.6,1001.0,91.93
2015-07-18T09:00:00,42754099999,DEVI AHILYABAI HOLKAR,22.717,75.8,24.8,,93.62
2015-07-18T12:00:00,42754099999,DEVI AHILYABAI HOLKAR,22.717,75.8,24.4,998.8,96.46
2015-07-18T15:00:00,42754099999,DEVI AHILYABAI HOLKAR,22.717,75.8,24.0,999.9,94.72
2015-07-18T18:00:00,42754099999,DEVI AHILYABAI HOLKAR,22.717,75.8,23.4,1000.7,94.7
2015-07-18T21:00:00,42754099999,DEVI AHILYABAI HOLKAR,22.717,75.8,23.0,1000.0,96.43
2015-07-19T00:00:00,42754099999,DEVI AHILYABAI HOLKAR,22.717,75.8,22.2,1000.5,96.4
2015-07-19T03:00:00,42754099999,DEVI AHILYABAI HOLKAR,22.717,75.8,23.2,1000.0,96.43
2015-07-19T06:00:00,42754099999,DEVI AHILYABAI HOLKAR,22.717,75.8,23.0,1000.8,94.68
2015-07-19T09:00:00,42754099999,DEVI AHILYABAI HOLKAR,22.717,75.8,23.0,1000.1,96.43
2015-07-19T12:00:00,42754099999,DEVI AHILYABAI HOLKAR,22.717,75.8,23.0,998.9,96.43
2015-07-19T15:00:00,42754099999,DEVI AHILYABAI HOLKAR,22.717,75.8,23.0,999.9,96.43
2015-07-19T18:00:00,42754099999,DEVI AHILYABAI HOLKAR,22.717,75.8,23.8,1000.5,96.45
2015-07-19T21:00:00,42754099999,DEVI AHILYABAI HOLKAR,22.717,75.8,23.8,999.7,96.45
2015-07-20T00:00:00,42754099999,DEVI AHILYABAI HOLKAR,22.717,75.8,24.0,998.3,93.58
2015-07-20T03:00:00,42754099999,DEVI AHILYABAI HOLKAR,22.717,75.8,24.0,999.3,91.89
2015-07-20T06:00:00,42754099999,DEVI AHILYABAI HOLKAR,22.717,75.8,23.4,1000.4,96.44
2015-07-20T09:00:00,42754099999,DEVI AHILYABAI HOLKAR,22.717,75.8,22.6,999.4,98.19
2015-07-20T12:00:00,42754099999,DEVI AHILYABAI HOLKAR,22.717,75.8,23.4,998.7,96.44
2015-07-20T15:00:00,42754099999,DEVI AHILYABAI HOLKAR,22.717,75.8,23.2,999.9,98.2
2015-07-20T18:00:00,42754099999,DEVI AHILYABAI HOLKAR,22.717,75.8,23.6,1000.6,94.7
2015-07-20T21:00:00,42754099999,DEVI AHILYABAI HOLKAR,22.717,75.8,23.4,1000.0,96.44
2015-07-21T00:00:00,42754099999,DEVI AHILYABAI HOLKAR,22.717,75.8,23.6,999.1,94.7
2015-07-21T03:00:00,42754099999,DEVI AHILYABAI HOLKAR,22.717,75.8,23.8,1000.7,96.45
2015-07-21T06:00:00,42754099999,DEVI AHILYABAI HOLKAR,22.717,75.8,25.4,1000.3,91.97
2015-07-21T09:00:00,42754099999,DEVI AHILYABAI HOLKAR,22.717,75.8,25.0,999.3,91.95
2015-07-21T12:00:00,42754099999,DEVI AHILYABAI HOLKAR,22.717,75.8,25.2,997.8,93.64
2015-07-21T15:00:00,42754099999,DEVI AHILYABAI HOLKAR,22.717,75.8,25.0,1000.6,96.48
2015-07-21T18:00:00,42754099999,DEVI AHILYABAI HOLKAR,22.717,75.8,24.4,1001.0,96.46
2015-07-21T21:00:00,42754099999,DEVI AHILYABAI HOLKAR,22.717,75.8,24.0,1000.4,96.45
2015-07-22T00:00:00,42754099999,DEVI AHILYABAI HOLKAR,22.717,75.8,23.6,1000.1,94.7
2015-07-22T03:00:00,42754099999,DEVI AHILYABAI HOLKAR,22.717,75.8,24.0,1001.2,96.45
2015-07-22T06:00:00,42754099999,DEVI AHILYABAI HOLKAR,22.717,75.8,25.8,1001.7,90.36
2015-07-22T09:00:00,42754099999,DEVI AHILYABAI HOLKAR,22.717,75.8,27.0,999.4,87.78
2015-07-22T12:00:00,42754099999,DEVI AHILYABAI HOLKAR,22.717,75.8,26.4,998.2,88.79
2015-07-22T15:00:00,42754099999,DEVI AHILYABAI HOLKAR,22.717,75.8,25.4,999.4,90.33
2015-07-22T18:00:00,42754099999,DEVI AHILYABAI HOLKAR,22.717,75.8,25.0,1001.1,95.33
2015-07-22T21:00:00,42754099999,DEVI AHILYABAI HOLKAR,22.717,75.8,25.0,1000.2,95.33
2015-07-23T00:00:00,42754099999,DEVI AHILYABAI HOLKAR,22.717,75.8,25.0,1000.3,95.33
2015-07-23T03:00:00,42754099999,DEVI AHILYABAI HOLKAR,22.717,75.8,25.0,1002.4,93.63
2015-07-23T06:00:00,42754099999,DEVI AHILYABAI HOLKAR,22.717,75.8,27.0,1002.5,87.78
2015-07-23T09:00:00,42754099999,DEVI AHILYABAI HOLKAR,22.717,75.8,29.2,999.1,74.5
2015-07-23T12:00:00,42754099999,DEVI AHILYABAI HOLKAR,22.717,75.8,29.2,998.8,75.85
2015-07-23T15:00:00,42754099999,DEVI AHILYABAI HOLKAR,22.717,75.8,26.2,1001.0,93.68
2015-07-23T18:00:00,42754099999,DEVI AHILYABAI HOLKAR,22.717,75.8,25.8,1002.2,93.66
2015-07-23T21:00:00,42754099999,DEVI AHILYABAI HOLKAR,22.717,75.8,25.4,1001.9,95.34
2015-07-24T00:00:00,42754099999,DEVI AHILYABAI HOLKAR,22.717,75.8,24.0,1002.3,100.0
2015-07-24T03:00:00,42754099999,DEVI AHILYABAI HOLKAR,22.717,75.8,24.0,1003.5,94.72
2015-07-24T06:00:00,42754099999,DEVI AHILYABAI HOLKAR,22.717,75.8,25.4,1003.0,95.34
2015-07-24T09:00:00,42754099999,DEVI AHILYABAI HOLKAR,22.717,75.8,26.2,1001.7,87.19
2015-07-24T12:00:00,42754099999,DEVI AHILYABAI HOLKAR,22.717,75.8,27.0,999.8,84.69
2015-07-24T15:00:00,42754099999,DEVI AHILYABAI HOLKAR,22.717,75.8,25.6,1001.3,91.99
2015-07-24T21:00:00,42754099999,DEVI AHILYABAI HOLKAR,22.717,75.8,24.0,1001.7,96.45
2015-07-25T00:00:00,42754099999,DEVI AHILYABAI HOLKAR,22.717,75.8,23.4,1000.2,96.44
2015-07-25T03:00:00,42754099999,DEVI AHILYABAI HOLKAR,22.717,75.8,23.6,1001.6,98.21
2015-07-25T06:00:00,42754099999,DEVI AHILYABAI HOLKAR,22.717,75.8,23.0,1002.0,94.68
2015-07-25T09:00:00,42754099999,DEVI AHILYABAI HOLKAR,22.717,75.8,23.4,999.8,91.86
2015-07-25T12:00:00,42754099999,DEVI AHILYABAI HOLKAR,22.717,75.8,23.0,998.1,96.43
2015-07-25T15:00:00,42754099999,DEVI AHILYABAI HOLKAR,22.717,75.8,23.2,999.6,96.43
2015-07-25T18:00:00,42754099999,DEVI AHILYABAI HOLKAR,22.717,75.8,23.0,1001.1,96.43
2015-07-25T21:00:00,42754099999,DEVI AHILYABAI HOLKAR,22.717,75.8,23.0,1000.2,96.43
2015-07-26T00:00:00,42754099999,DEVI AHILYABAI HOLKAR,22.717,75.8,22.0,999.6,96.4
2015-07-26T03:00:00,42754099999,DEVI AHILYABAI HOLKAR,22.717,75.8,22.8,1000.9,96.42
2015-07-26T06:00:00,42754099999,DEVI AHILYABAI HOLKAR,22.717,75.8,23.4,1001.1,92.98
2015-07-26T09:00:00,42754099999,DEVI AHILYABAI HOLKAR,22.717,75.8,23.4,1001.1,94.7
2015-07-26T12:00:00,42754099999,DEVI AHILYABAI HOLKAR,22.717,75.8,23.6,1000.8,96.44
2015-07-26T15:00:00,42754099999,DEVI AHILYABAI HOLKAR,22.717,75.8,22.8,1002.4,96.42
2015-07-26T18:00:00,42754099999,DEVI AHILYABAI HOLKAR,22.717,75.8,22.4,1003.9,96.41
2015-07-26T21:00:00,42754099999,DEVI AHILYABAI HOLKAR,22.717,75.8,22.2,1001.8,96.4
2015-07-27T00:00:00,42754099999,DEVI AHILYABAI HOLKAR,22.717,75.8,22.6,1002.6,92.94
2015-07-27T03:00:00,42754099999,DEVI AHILYABAI HOLKAR,22.717,75.8,22.0,1002.9,96.4
2015-07-27T06:00:00,42754099999,DEVI AHILYABAI HOLKAR,22.717,75.8,23.0,1003.5,94.68
2015-07-27T09:00:00,42754099999,DEVI AHILYABAI HOLKAR,22.717,75.8,23.6,1002.2,96.44
2015-07-27T12:00:00,42754099999,DEVI AHILYABAI HOLKAR,22.717,75.8,22.4,1001.6,96.41
2015-07-27T15:00:00,42754099999,DEVI AHILYABAI HOLKAR,22.717,75.8,22.2,1003.6,96.4
2015-07-27T18:00:00,42754099999,DEVI AHILYABAI HOLKAR,22.717,75.8,22.0,1005.1,98.19
2015-07-27T21:00:00,42754099999,DEVI AHILYABAI HOLKAR,22.717,75.8,21.6,1004.2,96.39
2015-07-28T00:00:00,42754099999,DEVI AHILYABAI HOLKAR,22.717,75.8,21.0,1004.9,96.37
2015-07-28T03:00:00,42754099999,DEVI AHILYABAI HOLKAR,22.717,75.8,23.6,1002.0,90.21
2015-07-28T06:00:00,42754099999,DEVI AHILYABAI HOLKAR,22.717,75.8,25.4,1002.4,84.01
2015-07-28T09:00:00,42754099999,DEVI AHILYABAI HOLKAR,22.717,75.8,25.0,1001.9,91.95
2015-07-28T12:00:00,42754099999,DEVI AHILYABAI HOLKAR,22.717,75.8,23.6,1002.1,94.7
2015-07-28T15:00:00,42754099999,DEVI AHILYABAI HOLKAR,22.717,75.8,23.0,1003.2,92.96
2015-07-28T18:00:00,42754099999,DEVI AHILYABAI HOLKAR,22.717,75.8,22.6,1004.9,94.67
2015-07-28T21:00:00,42754099999,DEVI AHILYABAI HOLKAR,22.717,75.8,22.6,1001.5,94.67
2015-07-29T00:00:00,42754099999,DEVI AHILYABAI HOLKAR,22.717,75.8,22.6,1001.4,94.67
2015-07-29T03:00:00,42754099999,DEVI AHILYABAI HOLKAR,22.717,75.8,23.0,1002.6,94.68
2015-07-29T06:00:00,42754099999,DEVI AHILYABAI HOLKAR,22.717,75.8,24.0,1003.1,91.89
2015-07-29T09:00:00,42754099999,DEVI AHILYABAI HOLKAR,22.717,75.8,25.0,1001.7,87.08
2015-07-29T12:00:00,42754099999,DEVI AHILYABAI HOLKAR,22.717,75.8,25.0,1000.7,88.68
2015-07-29T15:00:00,42754099999,DEVI AHILYABAI HOLKAR,22.717,75.8,24.0,1002.8,93.58
2015-07-29T18:00:00,42754099999,DEVI AHILYABAI HOLKAR,22.717,75.8,23.8,1004.3,90.22
2015-07-29T21:00:00,42754099999,DEVI AHILYABAI HOLKAR,22.717,75.8,23.4,1003.4,89.64
2015-07-30T00:00:00,42754099999,DEVI AHILYABAI HOLKAR,22.717,75.8,23.2,1003.1,89.63
2015-07-30T03:00:00,42754099999,DEVI AHILYABAI HOLKAR,22.717,75.8,24.0,1004.4,88.6
2015-07-30T06:00:00,42754099999,DEVI AHILYABAI HOLKAR,22.717,75.8,27.2,1004.4,74.62
2015-07-30T09:00:00,42754099999,DEVI AHILYABAI HOLKAR,22.717,75.8,28.8,1002.7,63.95
2015-07-30T12:00:00,42754099999,DEVI AHILYABAI HOLKAR,22.717,75.8,28.0,1002.0,66.99
2015-07-30T15:00:00,42754099999,DEVI AHILYABAI HOLKAR,22.717,75.8,25.4,1003.4,82.49
2015-07-30T18:00:00,42754099999,DEVI AHILYABAI HOLKAR,22.717,75.8,24.4,1004.8,87.03
2015-07-30T21:00:00,42754099999,DEVI AHILYABAI HOLKAR,22.717,75.8,24.0,1003.7,88.6
2015-07-31T00:00:00,42754099999,DEVI AHILYABAI HOLKAR,22.717,75.8,23.2,1004.2,89.63
2015-07-31T03:00:00,42754099999,DEVI AHILYABAI HOLKAR,22.717,75.8,24.0,1004.8,90.23
2015-07-31T06:00:00,42754099999,DEVI AHILYABAI HOLKAR,22.717,75.8,26.8,1004.7,73.2
2015-07-31T09:00:00,42754099999,DEVI AHILYABAI HOLKAR,22.717,75.8,27.6,1003.2,72.01
2015-07-31T12:00:00,42754099999,DEVI AHILYABAI HOLKAR,22.717,75.8,27.0,1002.4,71.91
2015-07-31T15:00:00,42754099999,DEVI AHILYABAI HOLKAR,22.717,75.8,25.2,1004.2,83.98
2015-07-31T18:00:00,42754099999,DEVI AHILYABAI HOLKAR,22.717,75.8,24.0,1005.7,90.23
2015-07-31T21:00:00,42754099999,DEVI AHILYABAI HOLKAR,22.717,75.8,23.8,1004.9,90.22
2015-08-01T00:00:00,42754099999,DEVI AHILYABAI HOLKAR,22.717,75.8,23.2,1004.6,91.29
2015-08-01T03:00:00,42754099999,DEVI AHILYABAI HOLKAR,22.717,75.8,24.2,1006.3,88.62
2015-08-01T06:00:00,42754099999,DEVI AHILYABAI HOLKAR,22.717,75.8,25.2,1007.4,82.46
2015-08-01T09:00:00,42754099999,DEVI AHILYABAI HOLKAR,22.717,75.8,28.0,1005.5,71.21
2015-08-01T12:00:00,42754099999,DEVI AHILYABAI HOLKAR,22.717,75.8,28.4,1004.0,71.28
2015-08-01T15:00:00,42754099999,DEVI AHILYABAI HOLKAR,22.717,75.8,25.0,1005.8,83.96
2015-08-01T18:00:00,42754099999,DEVI AHILYABAI HOLKAR,22.717,75.8,23.6,1007.1,91.87
2015-08-01T21:00:00,42754099999,DEVI AHILYABAI HOLKAR,22.717,75.8,23.4,1007.1,91.86
2015-08-02T00:00:00,42754099999,DEVI AHILYABAI HOLKAR,22.717,75.8,23.0,1006.3,91.27
2015-08-02T03:00:00,42754099999,DEVI AHILYABAI HOLKAR,22.717,75.8,24.0,1007.7,86.99
2015-08-02T06:00:00,42754099999,DEVI AHILYABAI HOLKAR,22.717,75.8,26.8,1008.3,73.2
2015-08-02T09:00:00,42754099999,DEVI AHILYABAI HOLKAR,22.717,75.8,28.2,1005.9,68.69
2015-08-02T12:00:00,42754099999,DEVI AHILYABAI HOLKAR,22.717,75.8,27.8,1004.5,71.18
2015-08-02T15:00:00,42754099999,DEVI AHILYABAI HOLKAR,22.717,75.8,25.2,1005.6,82.46
2015-08-02T18:00:00,42754099999,DEVI AHILYABAI HOLKAR,22.717,75.8,24.2,1006.7,87.01
2015-08-02T21:00:00,42754099999,DEVI AHILYABAI HOLKAR,22.717,75.8,23.4,1005.4,89.64
2015-08-03T00:00:00,42754099999,DEVI AHILYABAI HOLKAR,22.717,75.8,22.6,1005.6,89.58
2015-08-03T03:00:00,42754099999,DEVI AHILYABAI HOLKAR,22.717,75.8,24.0,1006.0,93.58
2015-08-03T06:00:00,42754099999,DEVI AHILYABAI HOLKAR,22.717,75.8,26.2,1005.7,75.84
2015-08-03T09:00:00,42754099999,DEVI AHILYABAI HOLKAR,22.717,75.8,28.0,1003.9,69.92
2015-08-03T12:00:00,42754099999,DEVI AHILYABAI HOLKAR,22.717,75.8,27.4,1002.1,71.98
2015-08-03T15:00:00,42754099999,DEVI AHILYABAI HOLKAR,22.717,75.8,24.4,1004.7,83.9
2015-08-03T18:00:00,42754099999,DEVI AHILYABAI HOLKAR,22.717,75.8,24.2,1005.2,85.43
2015-08-03T21:00:00,42754099999,DEVI AHILYABAI HOLKAR,22.717,75.8,24.0,1004.5,86.99
2015-08-04T00:00:00,42754099999,DEVI AHILYABAI HOLKAR,22.717,75.8,23.4,1001.9,94.7
2015-08-04T03:00:00,42754099999,DEVI AHILYABAI HOLKAR,22.717,75.8,22.6,1003.1,96.42
2015-08-04T06:00:00,42754099999,DEVI AHILYABAI HOLKAR,22.717,75.8,23.0,1003.4,94.68
2015-08-04T09:00:00,42754099999,DEVI AHILYABAI HOLKAR,22.717,75.8,24.0,1001.0,91.89
2015-08-04T12:00:00,42754099999,DEVI AHILYABAI HOLKAR,22.717,75.8,25.6,997.8,84.03
2015-08-04T15:00:00,42754099999,DEVI AHILYABAI HOLKAR,22.717,75.8,24.2,998.5,91.91
2015-08-04T18:00:00,42754099999,DEVI AHILYABAI HOLKAR,22.717,75.8,22.6,999.3,91.81
2015-08-04T21:00:00,42754099999,DEVI AHILYABAI HOLKAR,22.717,75.8,22.4,998.9,91.24
2015-08-05T00:00:00,42754099999,DEVI AHILYABAI HOLKAR,22.717,75.8,22.6,999.3,96.42
2015-08-05T03:00:00,42754099999,DEVI AHILYABAI HOLKAR,22.717,75.8,23.2,1000.6,94.69
2015-08-05T06:00:00,42754099999,DEVI AHILYABAI HOLKAR,22.717,75.8,23.0,1001.0,92.96
2015-08-05T09:00:00,42754099999,DEVI AHILYABAI HOLKAR,22.717,75.8,24.0,999.7,90.23
2015-08-05T12:00:00,42754099999,DEVI AHILYABAI HOLKAR,22.717,75.8,24.6,998.3,88.65
2015-08-05T15:00:00,42754099999,DEVI AHILYABAI HOLKAR,22.717,75.8,23.8,999.7,93.57
2015-08-05T18:00:00,42754099999,DEVI AHILYABAI HOLKAR,22.717,75.8,24.0,1000.0,93.58
2015-08-05T21:00:00,42754099999,DEVI AHILYABAI HOLKAR,22.717,75.8,23.6,999.8,91.87
2015-08-06T00:00:00,42754099999,DEVI AHILYABAI HOLKAR,22.717,75.8,23.4,1000.2,91.86
2015-08-06T03:00:00,42754099999,DEVI AHILYABAI HOLKAR,22.717,75.8,23.0,1002.4,92.96
2015-08-06T06:00:00,42754099999,DEVI AHILYABAI HOLKAR,22.717,75.8,24.6,1002.5,87.05
2015-08-06T09:00:00,42754099999,DEVI AHILYABAI HOLKAR,22.717,75.8,25.8,1001.3,81.54
2015-08-06T12:00:00,42754099999,DEVI AHILYABAI HOLKAR,22.717,75.8,27.0,999.9,77.36
2015-08-06T15:00:00,42754099999,DEVI AHILYABAI HOLKAR,22.717,75.8,25.0,1001.7,90.3
2015-08-06T18:00:00,42754099999,DEVI AHILYABAI HOLKAR,22.717,75.8,23.4,1003.1,92.98
2015-08-06T21:00:00,42754099999,DEVI AHILYABAI HOLKAR,22.717,75.8,23.0,1002.4,92.96
2015-08-07T00:00:00,42754099999,DEVI AHILYABAI HOLKAR,22.717,75.8,22.8,1002.0,94.67
2015-08-07T03:00:00,42754099999,DEVI AHILYABAI HOLKAR,22.717,75.8,24.4,1003.0,94.74
2015-08-07T06:00:00,42754099999,DEVI AHILYABAI HOLKAR,22.717,75.8,27.2,1002.9,80.25
2015-08-07T09:00:00,42754099999,DEVI AHILYABAI HOLKAR,22.717,75.8,27.6,1001.3,80.3
2015-08-07T12:00:00,42754099999,DEVI AHILYABAI HOLKAR,22.717,75.8,27.0,1001.4,77.36
2015-08-07T15:00:00,42754099999,DEVI AHILYABAI HOLKAR,22.717,75.8,25.6,1002.6,88.73
2015-08-07T18:00:00,42754099999,DEVI AHILYABAI HOLKAR,22.717,75.8,24.6,1004.6,91.93
2015-08-07T21:00:00,42754099999,DEVI AHILYABAI HOLKAR,22.717,75.8,24.2,1003.8,91.91
2015-08-08T00:00:00,42754099999,DEVI AHILYABAI HOLKAR,22.717,75.8,23.4,1004.1,92.98
2015-08-08T03:00:00,42754099999,DEVI AHILYABAI HOLKAR,22.717,75.8,24.0,1004.7,93.58
2015-08-08T06:00:00,42754099999,DEVI AHILYABAI HOLKAR,22.717,75.8,26.4,1004.3,86.17
2015-08-08T09:00:00,42754099999,DEVI AHILYABAI HOLKAR,22.717,75.8,28.6,1002.0,73.95
2015-08-08T12:00:00,42754099999,DEVI AHILYABAI HOLKAR,22.717,75.8,28.4,1001.1,73.92
2015-08-08T15:00:00,42754099999,DEVI AHILYABAI HOLKAR,22.717,75.8,26.0,1003.5,86.13
2015-08-08T18:00:00,42754099999,DEVI AHILYABAI HOLKAR,22.717,75.8,25.4,1004.3,91.97
2015-08-08T21:00:00,42754099999,DEVI AHILYABAI HOLKAR,22.717,75.8,24.8,1003.8,93.62
2015-08-09T00:00:00,42754099999,DEVI AHILYABAI HOLKAR,22.717,75.8,24.0,1002.0,96.45
2015-08-09T03:00:00,42754099999,DEVI AHILYABAI HOLKAR,22.717,75.8,24.8,1003.4,88.66
2015-08-09T06:00:00,42754099999,DEVI AHILYABAI HOLKAR,22.717,75.8,25.4,1003.6,87.12
2015-08-09T09:00:00,42754099999,DEVI AHILYABAI HOLKAR,22.717,75.8,28.0,1001.2,76.58
2015-08-09T12:00:00,42754099999,DEVI AHILYABAI HOLKAR,22.717,75.8,28.0,999.1,76.58
2015-08-09T15:00:00,42754099999,DEVI AHILYABAI HOLKAR,22.717,75.8,26.0,1001.7,92.01
2015-08-09T18:00:00,42754099999,DEVI AHILYABAI HOLKAR,22.717,75.8,25.2,1002.6,91.96
2015-08-09T21:00:00,42754099999,DEVI AHILYABAI HOLKAR,22.717,75.8,24.4,1001.1,93.6
2015-08-10T00:00:00,42754099999,DEVI AHILYABAI HOLKAR,22.717,75.8,23.6,1000.9,92.99
2015-08-10T03:00:00,42754099999,DEVI AHILYABAI HOLKAR,22.717,75.8,24.0,1003.0,96.45
2015-08-10T06:00:00,42754099999,DEVI AHILYABAI HOLKAR,22.717,75.8,27.2,1002.4,80.25
2015-08-10T09:00:00,42754099999,DEVI AHILYABAI HOLKAR,22.717,75.8,29.0,1000.2,71.82
2015-08-10T12:00:00,42754099999,DEVI AHILYABAI HOLKAR,22.717,75.8,28.4,999.6,75.27
2015-08-10T15:00:00,42754099999,DEVI AHILYABAI HOLKAR,22.717,75.8,26.4,1002.2,86.17
2015-08-10T18:00:00,42754099999,DEVI AHILYABAI HOLKAR,22.717,75.8,25.8,1003.6,92.0
2015-08-10T21:00:00,42754099999,DEVI AHILYABAI HOLKAR,22.717,75.8,25.0,1002.4,95.33
2015-08-11T00:00:00,42754099999,DEVI AHILYABAI HOLKAR,22.717,75.8,24.0,1002.9,94.72
2015-08-11T03:00:00,42754099999,DEVI AHILYABAI HOLKAR,22.717,75.8,24.6,1004.4,91.93
2015-08-11T06:00:00,42754099999,DEVI AHILYABAI HOLKAR,22.717,75.8,25.6,1005.8,85.57
2015-08-11T09:00:00,42754099999,DEVI AHILYABAI HOLKAR,22.717,75.8,27.8,1002.3,77.95
2015-08-11T12:00:00,42754099999,DEVI AHILYABAI HOLKAR,22.717,75.8,27.4,1001.8,80.28
2015-08-11T15:00:00,42754099999,DEVI AHILYABAI HOLKAR,22.717,75.8,26.2,1004.1,86.15
2015-08-11T18:00:00,42754099999,DEVI AHILYABAI HOLKAR,22.717,75.8,23.0,1006.2,98.2
2015-08-11T21:00:00,42754099999,DEVI AHILYABAI HOLKAR,22.717,75.8,23.2,1004.9,94.69
2015-08-12T00:00:00,42754099999,DEVI AHILYABAI HOLKAR,22.717,75.8,23.0,1005.4,96.43
2015-08-12T03:00:00,42754099999,DEVI AHILYABAI HOLKAR,22.717,75.8,23.0,1005.2,96.43
2015-08-12T06:00:00,42754099999,DEVI AHILYABAI HOLKAR,22.717,75.8,24.0,1005.9,94.72
2015-08-12T09:00:00,42754099999,DEVI AHILYABAI HOLKAR,22.717,75.8,26.0,1003.0,88.76
2015-08-12T12:00:00,42754099999,DEVI AHILYABAI HOLKAR,22.717,75.8,25.4,1002.4,88.71
2015-08-12T15:00:00,42754099999,DEVI AHILYABAI HOLKAR,22.717,75.8,24.0,1004.5,91.89
2015-08-12T18:00:00,42754099999,DEVI AHILYABAI HOLKAR,22.717,75.8,24.0,1005.4,94.72
2015-08-12T21:00:00,42754099999,DEVI AHILYABAI HOLKAR,22.717,75.8,23.8,1003.1,94.71
2015-08-13T00:00:00,42754099999,DEVI AHILYABAI HOLKAR,22.717,75.8,23.4,1003.0,94.7
2015-08-13T03:00:00,42754099999,DEVI AHILYABAI HOLKAR,22.717,75.8,24.2,1004.4,90.25
2015-08-13T06:00:00,42754099999,DEVI AHILYABAI HOLKAR,22.717,75.8,25.6,1003.9,88.73
2015-08-13T09:00:00,42754099999,DEVI AHILYABAI HOLKAR,22.717,75.8,26.2,1002.7,84.6
2015-08-13T12:00:00,42754099999,DEVI AHILYABAI HOLKAR,22.717,75.8,26.2,1001.9,90.38
2015-08-13T15:00:00,42754099999,DEVI AHILYABAI HOLKAR,22.717,75.8,23.6,1003.4,94.7
2015-08-13T18:00:00,42754099999,DEVI AHILYABAI HOLKAR,22.717,75.8,22.8,1004.3,96.42
2015-08-13T21:00:00,42754099999,DEVI AHILYABAI HOLKAR,22.717,75.8,22.6,1003.1,96.42
2015-08-14T00:00:00,42754099999,DEVI AHILYABAI HOLKAR,22.717,75.8,22.4,1003.2,96.41
2015-08-14T03:00:00,42754099999,DEVI AHILYABAI HOLKAR,22.717,75.8,24.0,1004.5,94.72
2015-08-14T06:00:00,42754099999,DEVI AHILYABAI HOLKAR,22.717,75.8,25.4,1004.5,88.71
2015-08-14T09:00:00,42754099999,DEVI AHILYABAI HOLKAR,22.717,75.8,27.8,1002.1,80.81
2015-08-14T12:00:00,42754099999,DEVI AHILYABAI HOLKAR,22.717,75.8,26.8,1001.2,83.15
2015-08-14T15:00:00,42754099999,DEVI AHILYABAI HOLKAR,22.717,75.8,24.4,1003.6,92.47
2015-08-14T18:00:00,42754099999,DEVI AHILYABAI HOLKAR,22.717,75.8,24.0,1005.4,93.58
2015-08-14T21:00:00,42754099999,DEVI AHILYABAI HOLKAR,22.717,75.8,23.4,1004.3,94.7
2015-08-15T00:00:00,42754099999,DEVI AHILYABAI HOLKAR,22.717,75.8,23.4,1004.0,94.7
2015-08-15T03:00:00,42754099999,DEVI AHILYABAI HOLKAR,22.717,75.8,23.6,1005.6,94.7
2015-08-15T06:00:00,42754099999,DEVI AHILYABAI HOLKAR,22.717,75.8,24.8,1005.7,91.94
2015-08-15T09:00:00,42754099999,DEVI AHILYABAI HOLKAR,22.717,75.8,27.0,1004.1,83.18
2015-08-15T12:00:00,42754099999,DEVI AHILYABAI HOLKAR,22.717,75.8,28.0,1002.5,76.58
2015-08-15T15:00:00,42754099999,DEVI AHILYABAI HOLKAR,22.717,75.8,25.8,1004.9,85.59
2015-08-15T18:00:00,42754099999,DEVI AHILYABAI HOLKAR,22.717,75.8,24.6,1006.0,93.61
2015-08-15T21:00:00,42754099999,DEVI AHILYABAI HOLKAR,22.717,75.8,23.6,1004.9,94.7
2015-08-16T00:00:00,42754099999,DEVI AHILYABAI HOLKAR,22.717,75.8,23.2,1005.2,92.97
2015-08-16T03:00:00,42754099999,DEVI AHILYABAI HOLKAR,22.717,75.8,24.4,1006.9,91.92
2015-08-16T06:00:00,42754099999,DEVI AHILYABAI HOLKAR,22.717,75.8,25.8,1007.1,85.59
2015-08-16T09:00:00,42754099999,DEVI AHILYABAI HOLKAR,22.717,75.8,24.2,1006.0,98.21
2015-08-16T12:00:00,42754099999,DEVI AHILYABAI HOLKAR,22.717,75.8,26.4,1004.3,81.61
2015-08-16T15:00:00,42754099999,DEVI AHILYABAI HOLKAR,22.717,75.8,25.0,1005.8,87.08
2015-08-16T18:00:00,42754099999,DEVI AHILYABAI HOLKAR,22.717,75.8,24.0,1007.0,90.23
2015-08-16T21:00:00,42754099999,DEVI AHILYABAI HOLKAR,22.717,75.8,23.6,1005.9,91.87
2015-08-17T00:00:00,42754099999,DEVI AHILYABAI HOLKAR,22.717,75.8,23.2,1004.9,94.69
2015-08-17T03:00:00,42754099999,DEVI AHILYABAI HOLKAR,22.717,75.8,24.0,1006.5,93.58
2015-08-17T06:00:00,42754099999,DEVI AHILYABAI HOLKAR,22.717,75.8,25.2,1005.9,88.7
2015-08-17T09:00:00,42754099999,DEVI AHILYABAI HOLKAR,22.717,75.8,26.6,1004.0,83.13
2015-08-17T12:00:00,42754099999,DEVI AHILYABAI HOLKAR,22.717,75.8,25.8,1003.7,85.59
2015-08-17T15:00:00,42754099999,DEVI AHILYABAI HOLKAR,22.717,75.8,24.4,1005.8,93.6
2015-08-17T18:00:00,42754099999,DEVI AHILYABAI HOLKAR,22.717,75.8,24.0,1006.4,93.58
2015-08-17T21:00:00,42754099999,DEVI AHILYABAI HOLKAR,22.717,75.8,23.4,1005.9,92.98
2015-08-18T00:00:00,42754099999,DEVI AHILYABAI HOLKAR,22.717,75.8,23.2,1005.6,92.97
2015-08-18T03:00:00,42754099999,DEVI AHILYABAI HOLKAR,22.717,75.8,23.6,1007.8,94.7
2015-08-18T06:00:00,42754099999,DEVI AHILYABAI HOLKAR,22.717,75.8,26.0,1008.1,92.01
2015-08-18T09:00:00,42754099999,DEVI AHILYABAI HOLKAR,22.717,75.8,25.0,1007.0,95.33
2015-08-18T12:00:00,42754099999,DEVI AHILYABAI HOLKAR,22.717,75.8,25.4,1005.8,88.71
2015-08-18T15:00:00,42754099999,DEVI AHILYABAI HOLKAR,22.717,75.8,24.0,1007.0,91.89
2015-08-18T18:00:00,42754099999,DEVI AHILYABAI HOLKAR,22.717,75.8,23.6,1008.1,94.7
2015-08-18T21:00:00,42754099999,DEVI AHILYABAI HOLKAR,22.717,75.8,23.2,1006.9,94.69
2015-08-19T00:00:00,42754099999,DEVI AHILYABAI HOLKAR,22.717,75.8,23.0,1007.0,94.68
2015-08-19T03:00:00,42754099999,DEVI AHILYABAI HOLKAR,22.717,75.8,23.6,1009.5,92.99
2015-08-19T06:00:00,42754099999,DEVI AHILYABAI HOLKAR,22.717,75.8,28.2,1008.2,73.89
2015-08-19T09:00:00,42754099999,DEVI AHILYABAI HOLKAR,22.717,75.8,30.4,1006.2,66.26
2015-08-19T12:00:00,42754099999,DEVI AHILYABAI HOLKAR,22.717,75.8,29.4,1005.5,61.77
2015-08-19T15:00:00,42754099999,DEVI AHILYABAI HOLKAR,22.717,75.8,25.4,1007.2,84.01
2015-08-19T18:00:00,42754099999,DEVI AHILYABAI HOLKAR,22.717,75.8,24.4,1008.2,87.03
2015-08-19T21:00:00,42754099999,DEVI AHILYABAI HOLKAR,22.717,75.8,23.6,1006.9,86.95
2015-08-20T00:00:00,42754099999,DEVI AHILYABAI HOLKAR,22.717,75.8,23.2,1006.7,89.63
2015-08-20T03:00:00,42754099999,DEVI AHILYABAI HOLKAR,22.717,75.8,23.6,1008.5,91.87
2015-08-20T06:00:00,42754099999,DEVI AHILYABAI HOLKAR,22.717,75.8,27.0,1008.6,70.6
2015-08-20T09:00:00,42754099999,DEVI AHILYABAI HOLKAR,22.717,75.8,28.6,1006.5,63.91
2015-08-20T12:00:00,42754099999,DEVI AHILYABAI HOLKAR,22.717,75.8,28.4,1004.5,66.26
2015-08-20T15:00:00,42754099999,DEVI AHILYABAI HOLKAR,22.717,75.8,24.0,1006.7,86.99
2015-08-20T18:00:00,42754099999,DEVI AHILYABAI HOLKAR,22.717,75.8,23.8,1006.9,88.58
2015-08-20T21:00:00,42754099999,DEVI AHILYABAI HOLKAR,22.717,75.8,23.2,1005.7,89.63
2015-08-21T00:00:00,42754099999,DEVI AHILYABAI HOLKAR,22.717,75.8,23.0,1006.0,91.27
2015-08-21T03:00:00,42754099999,DEVI AHILYABAI HOLKAR,22.717,75.8,23.6,1008.1,92.99
2015-08-21T06:00:00,42754099999,DEVI AHILYABAI HOLKAR,22.717,75.8,26.4,1008.1,74.49
2015-08-21T09:00:00,42754099999,DEVI AHILYABAI HOLKAR,22.717,75.8,29.2,1004.7,61.72
2015-08-21T12:00:00,42754099999,DEVI AHILYABAI HOLKAR,22.717,75.8,28.2,1003.7,67.44
2015-08-21T15:00:00,42754099999,DEVI AHILYABAI HOLKAR,22.717,75.8,25.0,1005.3,83.96
2015-08-21T18:00:00,42754099999,DEVI AHILYABAI HOLKAR,22.717,75.8,23.6,1006.6,91.87
2015-08-21T21:00:00,42754099999,DEVI AHILYABAI HOLKAR,22.717,75.8,23.4,1005.7,91.86
2015-08-22T00:00:00,42754099999,DEVI AHILYABAI HOLKAR,22.717,75.8,23.0,1006.2,92.96
2015-08-22T03:00:00,42754099999,DEVI AHILYABAI HOLKAR,22.717,75.8,24.0,1006.5,90.23
2015-08-22T06:00:00,42754099999,DEVI AHILYABAI HOLKAR,22.717,75.8,27.2,1006.1,70.63
2015-08-22T09:00:00,42754099999,DEVI AHILYABAI HOLKAR,22.717,75.8,29.8,1003.7,57.46
2015-08-22T12:00:00,42754099999,DEVI AHILYABAI HOLKAR,22.717,75.8,27.4,1003.0,68.12
2015-08-22T15:00:00,42754099999,DEVI AHILYABAI HOLKAR,22.717,75.8,24.2,1004.8,82.34
2015-08-22T18:00:00,42754099999,DEVI AHILYABAI HOLKAR,22.717,75.8,23.8,1005.3,85.39
2015-08-22T21:00:00,42754099999,DEVI AHILYABAI HOLKAR,22.717,75.8,23.4,1004.5,84.82
2015-08-23T00:00:00,42754099999,DEVI AHILYABAI HOLKAR,22.717,75.8,23.0,1004.8,87.98
2015-08-23T03:00:00,42754099999,DEVI AHILYABAI HOLKAR,22.717,75.8,24.2,1006.4,90.25
2015-08-23T06:00:00,42754099999,DEVI AHILYABAI HOLKAR,22.717,75.8,27.0,1006.7,74.59
2015-08-23T09:00:00,42754099999,DEVI AHILYABAI HOLKAR,22.717,75.8,28.8,1004.4,65.13
2015-08-23T12:00:00,42754099999,DEVI AHILYABAI HOLKAR,22.717,75.8,29.0,1003.4,62.83
2015-08-23T15:00:00,42754099999,DEVI AHILYABAI HOLKAR,22.717,75.8,25.0,1005.3,78.02
2015-08-23T18:00:00,42754099999,DEVI AHILYABAI HOLKAR,22.717,75.8,24.2,1006.2,82.34
2015-08-23T21:00:00,42754099999,DEVI AHILYABAI HOLKAR,22.717,75.8,23.6,1005.1,85.37
2015-08-24T00:00:00,42754099999,DEVI AHILYABAI HOLKAR,22.717,75.8,23.2,1005.3,90.18
2015-08-24T03:00:00,42754099999,DEVI AHILYABAI HOLKAR,22.717,75.8,24.4,1007.4,88.63
2015-08-24T06:00:00,42754099999,DEVI AHILYABAI HOLKAR,22.717,75.8,27.8,1007.6,68.2
2015-08-24T09:00:00,42754099999,DEVI AHILYABAI HOLKAR,22.717,75.8,30.6,1004.8,56.95
2015-08-24T12:00:00,42754099999,DEVI AHILYABAI HOLKAR,22.717,75.8,29.4,1004.5,61.77
2015-08-24T15:00:00,42754099999,DEVI AHILYABAI HOLKAR,22.717,75.8,25.8,1006.2,78.61
2015-08-24T18:00:00,42754099999,DEVI AHILYABAI HOLKAR,22.717,75.8,24.6,1007.1,85.47
2015-08-24T21:00:00,42754099999,DEVI AHILYABAI HOLKAR,22.717,75.8,23.8,1006.4,88.58
2015-08-25T00:00:00,42754099999,DEVI AHILYABAI HOLKAR,22.717,75.8,23.0,1006.2,92.96
2015-08-25T03:00:00,42754099999,DEVI AHILYABAI HOLKAR,22.717,75.8,24.2,1007.5,88.62
2015-08-25T06:00:00,42754099999,DEVI AHILYABAI HOLKAR,22.717,75.8,27.8,1006.9,71.18
2015-08-25T09:00:00,42754099999,DEVI AHILYABAI HOLKAR,22.717,75.8,30.6,1003.8,55.57
2015-08-25T12:00:00,42754099999,DEVI AHILYABAI HOLKAR,22.717,75.8,30.4,1002.4,54.5
2015-08-25T15:00:00,42754099999,DEVI AHILYABAI HOLKAR,22.717,75.8,26.0,1004.8,78.64
2015-08-25T18:00:00,42754099999,DEVI AHILYABAI HOLKAR,22.717,75.8,24.4,1005.6,83.9
2015-08-25T21:00:00,42754099999,DEVI AHILYABAI HOLKAR,22.717,75.8,23.6,1004.6,88.57
2015-08-26T00:00:00,42754099999,DEVI AHILYABAI HOLKAR,22.717,75.8,23.2,1005.1,89.63
2015-08-26T03:00:00,42754099999,DEVI AHILYABAI HOLKAR,22.717,75.8,24.0,1007.0,91.89
2015-08-26T06:00:00,42754099999,DEVI AHILYABAI HOLKAR,22.717,75.8,28.0,1006.1,72.52
2015-08-26T09:00:00,42754099999,DEVI AHILYABAI HOLKAR,22.717,75.8,30.4,1002.8,60.13
2015-08-26T12:00:00,42754099999,DEVI AHILYABAI HOLKAR,22.717,75.8,29.8,1001.5,59.26
2015-08-26T15:00:00,42754099999,DEVI AHILYABAI HOLKAR,22.717,75.8,26.8,1003.4,73.2
2015-08-26T18:00:00,42754099999,DEVI AHILYABAI HOLKAR,22.717,75.8,24.8,1004.8,85.49
2015-08-27T00:00:00,42754099999,DEVI AHILYABAI HOLKAR,22.717,75.8,22.4,1004.5,89.57
2015-08-27T03:00:00,42754099999,DEVI AHILYABAI HOLKAR,22.717,75.8,24.0,1006.1,93.58
2015-08-27T06:00:00,42754099999,DEVI AHILYABAI HOLKAR,22.717,75.8,28.4,1005.4,71.28
2015-08-27T09:00:00,42754099999,DEVI AHILYABAI HOLKAR,22.717,75.8,31.0,1002.5,57.04
2015-08-27T12:00:00,42754099999,DEVI AHILYABAI HOLKAR,22.717,75.8,30.0,1001.3,60.04
2015-08-27T15:00:00,42754099999,DEVI AHILYABAI HOLKAR,22.717,75.8,27.4,1004.0,73.31
2015-08-27T18:00:00,42754099999,DEVI AHILYABAI HOLKAR,22.717,75.8,26.4,1005.3,77.27
2015-08-27T21:00:00,42754099999,DEVI AHILYABAI HOLKAR,22.717,75.8,24.6,1004.6,87.05
2015-08-28T00:00:00,42754099999,DEVI AHILYABAI HOLKAR,22.717,75.8,23.4,1004.7,92.98
2015-08-28T03:00:00,42754099999,DEVI AHILYABAI HOLKAR,22.717,75.8,24.6,1006.2,87.05
2015-08-28T06:00:00,42754099999,DEVI AHILYABAI HOLKAR,22.717,75.8,27.4,1006.4,74.66
2015-08-28T09:00:00,42754099999,DEVI AHILYABAI HOLKAR,22.717,75.8,31.0,1003.2,59.54
2015-08-28T12:00:00,42754099999,DEVI AHILYABAI HOLKAR,22.717,75.8,29.0,1002.0,67.6
2015-08-28T15:00:00,42754099999,DEVI AHILYABAI HOLKAR,22.717,75.8,27.2,1004.0,76.0
2015-08-28T18:00:00,42754099999,DEVI AHILYABAI HOLKAR,22.717,75.8,26.2,1005.2,78.67
2015-08-28T21:00:00,42754099999,DEVI AHILYABAI HOLKAR,22.717,75.8,25.0,1004.7,87.08
2015-08-29T00:00:00,42754099999,DEVI AHILYABAI HOLKAR,22.717,75.8,23.4,1005.0,91.86
2015-08-29T03:00:00,42754099999,DEVI AHILYABAI HOLKAR,22.717,75.8,24.6,1005.8,88.65
2015-08-29T06:00:00,42754099999,DEVI AHILYABAI HOLKAR,22.717,75.8,27.4,1005.9,77.42
2015-08-29T09:00:00,42754099999,DEVI AHILYABAI HOLKAR,22.717,75.8,28.6,1003.3,73.95
2015-08-29T12:00:00,42754099999,DEVI AHILYABAI HOLKAR,22.717,75.8,26.8,1002.3,75.93
2015-08-29T15:00:00,42754099999,DEVI AHILYABAI HOLKAR,22.717,75.8,23.8,1005.2,96.45
2015-08-29T18:00:00,42754099999,DEVI AHILYABAI HOLKAR,22.717,75.8,24.0,1005.4,96.45
2015-08-29T21:00:00,42754099999,DEVI AHILYABAI HOLKAR,22.717,75.8,23.0,1004.5,94.68
2015-08-30T00:00:00,42754099999,DEVI AHILYABAI HOLKAR,22.717,75.8,22.4,1005.3,94.66
2015-08-30T03:00:00,42754099999,DEVI AHILYABAI HOLKAR,22.717,75.8,25.0,1006.5,88.68
2015-08-30T06:00:00,42754099999,DEVI AHILYABAI HOLKAR,22.717,75.8,27.4,1006.3,79.31
2015-08-30T09:00:00,42754099999,DEVI AHILYABAI HOLKAR,22.717,75.8,27.8,1004.3,79.37
2015-08-30T12:00:00,42754099999,DEVI AHILYABAI HOLKAR,22.717,75.8,29.0,1002.4,70.53
2015-08-30T15:00:00,42754099999,DEVI AHILYABAI HOLKAR,22.717,75.8,24.4,1004.8,93.6
2015-08-30T18:00:00,42754099999,DEVI AHILYABAI HOLKAR,22.717,75.8,24.4,1005.7,93.6
2015-08-30T21:00:00,42754099999,DEVI AHILYABAI HOLKAR,22.717,75.8,24.0,1005.0,94.72
2015-08-31T00:00:00,42754099999,DEVI AHILYABAI HOLKAR,22.717,75.8,23.6,1005.7,94.7
2015-08-31T03:00:00,42754099999,DEVI AHILYABAI HOLKAR,22.717,75.8,24.0,1007.6,91.89
2015-08-31T06:00:00,42754099999,DEVI AHILYABAI HOLKAR,22.717,75.8,26.6,1008.0,79.69
2015-08-31T09:00:00,42754099999,DEVI AHILYABAI HOLKAR,22.717,75.8,30.0,1004.7,61.15
2015-08-31T12:00:00,42754099999,DEVI AHILYABAI HOLKAR,22.717,75.8,29.4,1003.7,65.66
2015-08-31T15:00:00,42754099999,DEVI AHILYABAI HOLKAR,22.717,75.8,25.4,1006.2,88.71
2015-08-31T18:00:00,42754099999,DEVI AHILYABAI HOLKAR,22.717,75.8,24.2,1007.4,90.25
2015-08-31T21:00:00,42754099999,DEVI AHILYABAI HOLKAR,22.717,75.8,23.8,1006.9,91.88
2015-09-01T00:00:00,42754099999,DEVI AHILYABAI HOLKAR,22.717,75.8,23.0,1007.4,91.27
2015-09-01T03:00:00,42754099999,DEVI AHILYABAI HOLKAR,22.717,75.8,24.0,1006.7,88.6
2015-09-01T06:00:00,42754099999,DEVI AHILYABAI HOLKAR,22.717,75.8,25.0,1006.9,88.68
2015-09-01T09:00:00,42754099999,DEVI AHILYABAI HOLKAR,22.717,75.8,26.4,1005.2,77.27
2015-09-01T12:00:00,42754099999,DEVI AHILYABAI HOLKAR,22.717,75.8,25.6,1004.3,78.1
2015-09-01T15:00:00,42754099999,DEVI AHILYABAI HOLKAR,22.717,75.8,24.2,1005.9,83.87
2015-09-01T18:00:00,42754099999,DEVI AHILYABAI HOLKAR,22.717,75.8,23.4,1006.5,84.82
2015-09-01T21:00:00,42754099999,DEVI AHILYABAI HOLKAR,22.717,75.8,23.0,1005.7,84.78
2015-09-02T00:00:00,42754099999,DEVI AHILYABAI HOLKAR,22.717,75.8,22.0,1006.6,89.54
2015-09-02T03:00:00,42754099999,DEVI AHILYABAI HOLKAR,22.717,75.8,23.4,1006.8,88.01
2015-09-02T06:00:00,42754099999,DEVI AHILYABAI HOLKAR,22.717,75.8,27.6,1006.3,69.42
2015-09-02T09:00:00,42754099999,DEVI AHILYABAI HOLKAR,22.717,75.8,29.8,1003.5,56.06
2015-09-02T12:00:00,42754099999,DEVI AHILYABAI HOLKAR,22.717,75.8,28.8,1003.1,63.95
2015-09-02T15:00:00,42754099999,DEVI AHILYABAI HOLKAR,22.717,75.8,25.6,1005.3,73.9
2015-09-02T18:00:00,42754099999,DEVI AHILYABAI HOLKAR,22.717,75.8,24.6,1006.5,79.41
2015-09-02T21:00:00,42754099999,DEVI AHILYABAI HOLKAR,22.717,75.8,24.0,1005.5,83.85
2015-09-03T00:00:00,42754099999,DEVI AHILYABAI HOLKAR,22.717,75.8,23.2,1006.4,86.39
2015-09-03T03:00:00,42754099999,DEVI AHILYABAI HOLKAR,22.717,75.8,23.0,1008.7,84.78
2015-09-03T06:00:00,42754099999,DEVI AHILYABAI HOLKAR,22.717,75.8,28.4,1008.1,61.17
2015-09-03T09:00:00,42754099999,DEVI AHILYABAI HOLKAR,22.717,75.8,30.4,1005.7,54.5
2015-09-03T12:00:00,42754099999,DEVI AHILYABAI HOLKAR,22.717,75.8,31.0,1004.9,50.42
2015-09-03T18:00:00,42754099999,DEVI AHILYABAI HOLKAR,22.717,75.8,24.8,1009.3,74.69
2015-09-03T21:00:00,42754099999,DEVI AHILYABAI HOLKAR,22.717,75.8,24.0,1008.8,78.84
2015-09-04T00:00:00,42754099999,DEVI AHILYABAI HOLKAR,22.717,75.8,23.0,1009.6,84.78
2015-09-04T03:00:00,42754099999,DEVI AHILYABAI HOLKAR,22.717,75.8,24.8,1011.2,82.42
2015-09-04T06:00:00,42754099999,DEVI AHILYABAI HOLKAR,22.717,75.8,30.4,1010.8,57.96
2015-09-04T09:00:00,42754099999,DEVI AHILYABAI HOLKAR,22.717,75.8,31.0,1009.1,56.01
2015-09-04T12:00:00,42754099999,DEVI AHILYABAI HOLKAR,22.717,75.8,31.8,1007.5,51.26
2015-09-04T15:00:00,42754099999,DEVI AHILYABAI HOLKAR,22.717,75.8,26.8,1011.0,74.56
2015-09-04T18:00:00,42754099999,DEVI AHILYABAI HOLKAR,22.717,75.8,25.0,1010.8,82.44
2015-09-04T21:00:00,42754099999,DEVI AHILYABAI HOLKAR,22.717,75.8,24.2,1009.7,85.43
2015-09-05T00:00:00,42754099999,DEVI AHILYABAI HOLKAR,22.717,75.8,22.8,1010.0,87.96
2015-09-05T03:00:00,42754099999,DEVI AHILYABAI HOLKAR,22.717,75.8,25.4,1011.7,84.01
2015-09-05T06:00:00,42754099999,DEVI AHILYABAI HOLKAR,22.717,75.8,30.0,1011.1,62.28
2015-09-05T09:00:00,42754099999,DEVI AHILYABAI HOLKAR,22.717,75.8,32.8,1007.7,52.15
2015-09-05T12:00:00,42754099999,DEVI AHILYABAI HOLKAR,22.717,75.8,32.6,1006.3,48.69
2015-09-05T15:00:00,42754099999,DEVI AHILYABAI HOLKAR,22.717,75.8,27.8,1008.7,64.53
2015-09-05T18:00:00,42754099999,DEVI AHILYABAI HOLKAR,22.717,75.8,26.6,1009.7,70.09
2015-09-05T21:00:00,42754099999,DEVI AHILYABAI HOLKAR,22.717,75.8,25.8,1008.6,74.85
2015-09-06T00:00:00,42754099999,DEVI AHILYABAI HOLKAR,22.717,75.8,22.6,1009.8,89.58
2015-09-06T03:00:00,42754099999,DEVI AHILYABAI HOLKAR,22.717,75.8,25.4,1010.5,80.99
2015-09-06T06:00:00,42754099999,DEVI AHILYABAI HOLKAR,22.717,75.8,29.4,1010.3,62.91
2015-09-06T09:00:00,42754099999,DEVI AHILYABAI HOLKAR,22.717,75.8,32.2,1007.0,55.95
2015-09-06T12:00:00,42754099999,DEVI AHILYABAI HOLKAR,22.717,75.8,31.4,1005.3,55.08
2015-09-06T15:00:00,42754099999,DEVI AHILYABAI HOLKAR,22.717,75.8,28.0,1007.7,65.77
2015-09-06T18:00:00,42754099999,DEVI AHILYABAI HOLKAR,22.717,75.8,26.0,1009.3,77.21
2015-09-06T21:00:00,42754099999,DEVI AHILYABAI HOLKAR,22.717,75.8,25.2,1008.0,80.97
2015-09-07T00:00:00,42754099999,DEVI AHILYABAI HOLKAR,22.717,75.8,24.4,1008.7,83.9
2015-09-07T03:00:00,42754099999,DEVI AHILYABAI HOLKAR,22.717,75.8,24.4,1011.1,77.93
2015-09-07T06:00:00,42754099999,DEVI AHILYABAI HOLKAR,22.717,75.8,28.6,1009.9,58.62
2015-09-07T09:00:00,42754099999,DEVI AHILYABAI HOLKAR,22.717,75.8,30.6,1006.6,52.56
2015-09-07T12:00:00,42754099999,DEVI AHILYABAI HOLKAR,22.717,75.8,30.0,1005.9,51.76
2015-09-07T15:00:00,42754099999,DEVI AHILYABAI HOLKAR,22.717,75.8,27.0,1008.0,63.96
2015-09-07T18:00:00,42754099999,DEVI AHILYABAI HOLKAR,22.717,75.8,25.2,1008.7,73.84
2015-09-07T21:00:00,42754099999,DEVI AHILYABAI HOLKAR,22.717,75.8,24.4,1007.8,74.62
2015-09-08T00:00:00,42754099999,DEVI AHILYABAI HOLKAR,22.717,75.8,23.6,1008.9,77.33
2015-09-08T03:00:00,42754099999,DEVI AHILYABAI HOLKAR,22.717,75.8,24.6,1010.0,79.41
2015-09-08T06:00:00,42754099999,DEVI AHILYABAI HOLKAR,22.717,75.8,29.8,1009.1,56.06
2015-09-08T09:00:00,42754099999,DEVI AHILYABAI HOLKAR,22.717,75.8,31.4,1006.2,47.78
2015-09-08T12:00:00,42754099999,DEVI AHILYABAI HOLKAR,22.717,75.8,30.4,1005.1,52.18
2015-09-08T15:00:00,42754099999,DEVI AHILYABAI HOLKAR,22.717,75.8,27.6,1007.7,64.48
2015-09-08T18:00:00,42754099999,DEVI AHILYABAI HOLKAR,22.717,75.8,26.8,1008.4,65.52
2015-09-08T21:00:00,42754099999,DEVI AHILYABAI HOLKAR,22.717,75.8,24.4,1007.6,77.93
2015-09-09T00:00:00,42754099999,DEVI AHILYABAI HOLKAR,22.717,75.8,22.8,1008.4,86.35
2015-09-09T03:00:00,42754099999,DEVI AHILYABAI HOLKAR,22.717,75.8,25.4,1009.5,78.07
2015-09-09T06:00:00,42754099999,DEVI AHILYABAI HOLKAR,22.717,75.8,30.4,1008.6,54.5
2015-09-09T12:00:00,42754099999,DEVI AHILYABAI HOLKAR,22.717,75.8,31.4,1004.8,49.9
2015-09-09T15:00:00,42754099999,DEVI AHILYABAI HOLKAR,22.717,75.8,28.4,1007.4,66.26
2015-09-09T18:00:00,42754099999,DEVI AHILYABAI HOLKAR,22.717,75.8,26.2,1009.3,75.84
2015-09-09T21:00:00,42754099999,DEVI AHILYABAI HOLKAR,22.717,75.8,25.0,1008.1,82.44
2015-09-10T00:00:00,42754099999,DEVI AHILYABAI HOLKAR,22.717,75.8,23.4,1008.3,90.19
2015-09-10T03:00:00,42754099999,DEVI AHILYABAI HOLKAR,22.717,75.8,25.4,1010.3,79.52
2015-09-10T06:00:00,42754099999,DEVI AHILYABAI HOLKAR,22.717,75.8,31.0,1009.0,54.98
2015-09-10T09:00:00,42754099999,DEVI AHILYABAI HOLKAR,22.717,75.8,33.2,1005.4,44.25
2015-09-10T12:00:00,42754099999,DEVI AHILYABAI HOLKAR,22.717,75.8,28.8,1005.6,66.34
2015-09-10T15:00:00,42754099999,DEVI AHILYABAI HOLKAR,22.717,75.8,26.6,1007.6,77.3
2015-09-10T18:00:00,42754099999,DEVI AHILYABAI HOLKAR,22.717,75.8,26.0,1008.4,80.09
2015-09-10T21:00:00,42754099999,DEVI AHILYABAI HOLKAR,22.717,75.8,25.2,1007.5,85.53
2015-09-11T00:00:00,42754099999,DEVI AHILYABAI HOLKAR,22.717,75.8,23.0,1008.7,87.98
2015-09-11T03:00:00,42754099999,DEVI AHILYABAI HOLKAR,22.717,75.8,27.0,1009.0,73.24
2015-09-11T06:00:00,42754099999,DEVI AHILYABAI HOLKAR,22.717,75.8,32.8,1007.5,46.39
2015-09-11T09:00:00,42754099999,DEVI AHILYABAI HOLKAR,22.717,75.8,33.2,1004.5,42.36
2015-09-11T12:00:00,42754099999,DEVI AHILYABAI HOLKAR,22.717,75.8,28.0,1004.6,66.99
2015-09-11T15:00:00,42754099999,DEVI AHILYABAI HOLKAR,22.717,75.8,26.0,1006.8,71.29
2015-09-11T18:00:00,42754099999,DEVI AHILYABAI HOLKAR,22.717,75.8,25.0,1008.2,76.59
2015-09-11T21:00:00,42754099999,DEVI AHILYABAI HOLKAR,22.717,75.8,24.0,1007.5,82.32
2015-09-12T00:00:00,42754099999,DEVI AHILYABAI HOLKAR,22.717,75.8,22.8,1006.9,84.76
2015-09-12T03:00:00,42754099999,DEVI AHILYABAI HOLKAR,22.717,75.8,26.2,1007.4,71.32
2015-09-12T06:00:00,42754099999,DEVI AHILYABAI HOLKAR,22.717,75.8,32.2,1006.6,49.5
2015-09-12T09:00:00,42754099999,DEVI AHILYABAI HOLKAR,22.717,75.8,33.8,1003.9,39.2
2015-09-12T12:00:00,42754099999,DEVI AHILYABAI HOLKAR,22.717,75.8,34.4,1001.3,34.48
2015-09-12T15:00:00,42754099999,DEVI AHILYABAI HOLKAR,22.717,75.8,30.4,1005.0,46.63
2015-09-12T18:00:00,42754099999,DEVI AHILYABAI HOLKAR,22.717,75.8,27.2,1007.1,65.2
2015-09-12T21:00:00,42754099999,DEVI AHILYABAI HOLKAR,22.717,75.8,26.0,1006.8,72.62
2015-09-13T00:00:00,42754099999,DEVI AHILYABAI HOLKAR,22.717,75.8,24.4,1006.6,80.86
2015-09-13T03:00:00,42754099999,DEVI AHILYABAI HOLKAR,22.717,75.8,25.4,1008.7,78.07
2015-09-13T06:00:00,42754099999,DEVI AHILYABAI HOLKAR,22.717,75.8,31.4,1006.9,60.72
2015-09-13T09:00:00,42754099999,DEVI AHILYABAI HOLKAR,22.717,75.8,34.2,1003.2,46.19
2015-09-13T12:00:00,42754099999,DEVI AHILYABAI HOLKAR,22.717,75.8,28.0,1003.5,71.21
2015-09-13T15:00:00,42754099999,DEVI AHILYABAI HOLKAR,22.717,75.8,26.2,1006.6,83.08
2015-09-13T18:00:00,42754099999,DEVI AHILYABAI HOLKAR,22.717,75.8,25.4,1008.4,85.55
2015-09-13T21:00:00,42754099999,DEVI AHILYABAI HOLKAR,22.717,75.8,24.8,1007.7,87.06
2015-09-14T00:00:00,42754099999,DEVI AHILYABAI HOLKAR,22.717,75.8,24.0,1008.6,88.6
2015-09-14T03:00:00,42754099999,DEVI AHILYABAI HOLKAR,22.717,75.8,25.0,1007.7,87.08
2015-09-14T06:00:00,42754099999,DEVI AHILYABAI HOLKAR,22.717,75.8,30.0,1006.9,65.78
2015-09-14T09:00:00,42754099999,DEVI AHILYABAI HOLKAR,22.717,75.8,33.6,1001.7,42.73
2015-09-14T12:00:00,42754099999,DEVI AHILYABAI HOLKAR,22.717,75.8,27.6,1002.5,70.71
2015-09-14T15:00:00,42754099999,DEVI AHILYABAI HOLKAR,22.717,75.8,24.4,1006.0,76.02
2015-09-14T18:00:00,42754099999,DEVI AHILYABAI HOLKAR,22.717,75.8,24.2,1007.0,83.87
2015-09-14T21:00:00,42754099999,DEVI AHILYABAI HOLKAR,22.717,75.8,23.8,1006.2,85.39
2015-09-15T00:00:00,42754099999,DEVI AHILYABAI HOLKAR,22.717,75.8,23.4,1004.4,86.4
2015-09-15T03:00:00,42754099999,DEVI AHILYABAI HOLKAR,22.717,75.8,25.0,1005.5,85.51
2015-09-15T06:00:00,42754099999,DEVI AHILYABAI HOLKAR,22.717,75.8,31.0,1005.5,65.2
2015-09-15T09:00:00,42754099999,DEVI AHILYABAI HOLKAR,22.717,75.8,34.2,1001.6,45.34
2015-09-15T12:00:00,42754099999,DEVI AHILYABAI HOLKAR,22.717,75.8,30.4,1001.1,56.55
2015-09-15T15:00:00,42754099999,DEVI AHILYABAI HOLKAR,22.717,75.8,25.2,1004.3,75.22
2015-09-15T18:00:00,42754099999,DEVI AHILYABAI HOLKAR,22.717,75.8,24.2,1006.0,82.34
2015-09-15T21:00:00,42754099999,DEVI AHILYABAI HOLKAR,22.717,75.8,23.4,1005.2,84.82
2015-09-16T00:00:00,42754099999,DEVI AHILYABAI HOLKAR,22.717,75.8,23.2,1004.5,86.39
2015-09-16T03:00:00,42754099999,DEVI AHILYABAI HOLKAR,22.717,75.8,25.0,1005.4,87.08
2015-09-16T06:00:00,42754099999,DEVI AHILYABAI HOLKAR,22.717,75.8,31.4,1003.3,55.08
2015-09-16T09:00:00,42754099999,DEVI AHILYABAI HOLKAR,22.717,75.8,34.0,1000.2,43.1
2015-09-16T12:00:00,42754099999,DEVI AHILYABAI HOLKAR,22.717,75.8,34.0,998.7,40.25
2015-09-16T15:00:00,42754099999,DEVI AHILYABAI HOLKAR,22.717,75.8,30.0,1001.2,54.06
2015-09-16T18:00:00,42754099999,DEVI AHILYABAI HOLKAR,22.717,75.8,27.2,1002.3,70.63
2015-09-16T21:00:00,42754099999,DEVI AHILYABAI HOLKAR,22.717,75.8,26.0,1001.5,77.21
2015-09-17T00:00:00,42754099999,DEVI AHILYABAI HOLKAR,22.717,75.8,25.2,1001.1,80.97
2015-09-17T03:00:00,42754099999,DEVI AHILYABAI HOLKAR,22.717,75.8,25.0,1003.9,83.96
2015-09-17T06:00:00,42754099999,DEVI AHILYABAI HOLKAR,22.717,75.8,30.4,1002.5,62.37
2015-09-17T09:00:00,42754099999,DEVI AHILYABAI HOLKAR,22.717,75.8,33.0,999.2,51.25
2015-09-17T12:00:00,42754099999,DEVI AHILYABAI HOLKAR,22.717,75.8,26.0,1000.2,77.21
2015-09-17T15:00:00,42754099999,DEVI AHILYABAI HOLKAR,22.717,75.8,25.6,1000.8,82.01
2015-09-17T18:00:00,42754099999,DEVI AHILYABAI HOLKAR,22.717,75.8,25.0,1001.9,90.3
2015-09-17T21:00:00,42754099999,DEVI AHILYABAI HOLKAR,22.717,75.8,24.4,1000.6,88.63
2015-09-18T00:00:00,42754099999,DEVI AHILYABAI HOLKAR,22.717,75.8,24.0,999.4,96.45
2015-09-18T03:00:00,42754099999,DEVI AHILYABAI HOLKAR,22.717,75.8,24.0,999.9,91.89
2015-09-18T06:00:00,42754099999,DEVI AHILYABAI HOLKAR,22.717,75.8,26.0,1000.1,87.17
2015-09-18T09:00:00,42754099999,DEVI AHILYABAI HOLKAR,22.717,75.8,27.0,997.7,83.18
2015-09-18T12:00:00,42754099999,DEVI AHILYABAI HOLKAR,22.717,75.8,24.4,997.6,94.74
2015-09-18T15:00:00,42754099999,DEVI AHILYABAI HOLKAR,22.717,75.8,24.2,999.1,93.59
2015-09-18T18:00:00,42754099999,DEVI AHILYABAI HOLKAR,22.717,75.8,24.0,1000.7,91.89
2015-09-18T21:00:00,42754099999,DEVI AHILYABAI HOLKAR,22.717,75.8,23.6,999.2,90.21
2015-09-19T00:00:00,42754099999,DEVI AHILYABAI HOLKAR,22.717,75.8,23.4,999.7,91.86
2015-09-19T03:00:00,42754099999,DEVI AHILYABAI HOLKAR,22.717,75.8,22.6,1002.1,89.58
2015-09-19T06:00:00,42754099999,DEVI AHILYABAI HOLKAR,22.717,75.8,23.4,1002.8,86.4
2015-09-19T09:00:00,42754099999,DEVI AHILYABAI HOLKAR,22.717,75.8,25.4,1000.4,78.07
2015-09-19T12:00:00,42754099999,DEVI AHILYABAI HOLKAR,22.717,75.8,26.0,1000.2,73.97
2015-09-19T15:00:00,42754099999,DEVI AHILYABAI HOLKAR,22.717,75.8,24.6,1002.6,85.47
2015-09-19T18:00:00,42754099999,DEVI AHILYABAI HOLKAR,22.717,75.8,24.0,1003.9,88.6
2015-09-19T21:00:00,42754099999,DEVI AHILYABAI HOLKAR,22.717,75.8,23.2,1002.7,89.63
2015-09-20T03:00:00,42754099999,DEVI AHILYABAI HOLKAR,22.717,75.8,25.0,1004.0,69.36
2015-09-20T06:00:00,42754099999,DEVI AHILYABAI HOLKAR,22.717,75.8,28.2,1003.3,64.61
2015-09-20T09:00:00,42754099999,DEVI AHILYABAI HOLKAR,22.717,75.8,28.2,1001.1,65.81
2015-09-20T12:00:00,42754099999,DEVI AHILYABAI HOLKAR,22.717,75.8,27.6,1000.2,69.42
2015-09-20T15:00:00,42754099999,DEVI AHILYABAI HOLKAR,22.717,75.8,25.4,1003.3,80.99
2015-09-20T18:00:00,42754099999,DEVI AHILYABAI HOLKAR,22.717,75.8,23.4,1005.1,86.4
2015-09-20T21:00:00,42754099999,DEVI AHILYABAI HOLKAR,22.717,75.8,23.0,1004.4,87.98
2015-09-21T00:00:00,42754099999,DEVI AHILYABAI HOLKAR,22.717,75.8,22.6,1005.0,86.33
2015-09-21T03:00:00,42754099999,DEVI AHILYABAI HOLKAR,22.717,75.8,25.0,1004.7,76.12
2015-09-21T06:00:00,42754099999,DEVI AHILYABAI HOLKAR,22.717,75.8,29.4,1003.7,60.64
2015-09-21T09:00:00,42754099999,DEVI AHILYABAI HOLKAR,22.717,75.8,30.4,1001.5,56.55
2015-09-21T12:00:00,42754099999,DEVI AHILYABAI HOLKAR,22.717,75.8,29.0,1001.6,63.99
2015-09-21T15:00:00,42754099999,DEVI AHILYABAI HOLKAR,22.717,75.8,26.0,1003.2,78.64
2015-09-21T18:00:00,42754099999,DEVI AHILYABAI HOLKAR,22.717,75.8,24.6,1004.5,83.92
2015-09-21T21:00:00,42754099999,DEVI AHILYABAI HOLKAR,22.717,75.8,23.4,1003.5,86.4
2015-09-22T00:00:00,42754099999,DEVI AHILYABAI HOLKAR,22.717,75.8,22.2,1004.2,87.91
2015-09-22T03:00:00,42754099999,DEVI AHILYABAI HOLKAR,22.717,75.8,25.2,1005.3,82.46
2015-09-22T06:00:00,42754099999,DEVI AHILYABAI HOLKAR,22.717,75.8,29.0,1005.9,61.68
2015-09-22T09:00:00,42754099999,DEVI AHILYABAI HOLKAR,22.717,75.8,29.8,1004.0,58.53
2015-09-22T12:00:00,42754099999,DEVI AHILYABAI HOLKAR,22.717,75.8,29.0,1003.9,60.18
2015-09-22T15:00:00,42754099999,DEVI AHILYABAI HOLKAR,22.717,75.8,26.0,1006.0,75.35
2015-09-22T18:00:00,42754099999,DEVI AHILYABAI HOLKAR,22.717,75.8,24.4,1007.5,88.63
2015-09-22T21:00:00,42754099999,DEVI AHILYABAI HOLKAR,22.717,75.8,23.8,1006.7,86.97
2015-09-23T00:00:00,42754099999,DEVI AHILYABAI HOLKAR,22.717,75.8,23.0,1007.6,87.98
2015-09-23T03:00:00,42754099999,DEVI AHILYABAI HOLKAR,22.717,75.8,23.6,1010.6,91.87
2015-09-23T06:00:00,42754099999,DEVI AHILYABAI HOLKAR,22.717,75.8,27.4,1010.1,70.67
2015-09-23T09:00:00,42754099999,DEVI AHILYABAI HOLKAR,22.717,75.8,30.0,1007.1,56.46
2015-09-23T12:00:00,42754099999,DEVI AHILYABAI HOLKAR,22.717,75.8,30.4,1005.3,54.5
2015-09-23T15:00:00,42754099999,DEVI AHILYABAI HOLKAR,22.717,75.8,25.0,1009.0,76.59
2015-09-23T18:00:00,42754099999,DEVI AHILYABAI HOLKAR,22.717,75.8,25.0,1010.0,76.59
2015-09-23T21:00:00,42754099999,DEVI AHILYABAI HOLKAR,22.717,75.8,24.0,1009.2,78.84
2015-09-24T00:00:00,42754099999,DEVI AHILYABAI HOLKAR,22.717,75.8,23.0,1008.5,81.69
2015-09-24T03:00:00,42754099999,DEVI AHILYABAI HOLKAR,22.717,75.8,24.2,1009.5,83.87
2015-09-24T06:00:00,42754099999,DEVI AHILYABAI HOLKAR,22.717,75.8,27.2,1009.3,69.35
2015-09-24T09:00:00,42754099999,DEVI AHILYABAI HOLKAR,22.717,75.8,31.2,1005.5,43.16
2015-09-24T12:00:00,42754099999,DEVI AHILYABAI HOLKAR,22.717,75.8,30.4,1005.7,46.63
2015-09-24T15:00:00,42754099999,DEVI AHILYABAI HOLKAR,22.717,75.8,25.4,1008.2,66.88
2015-09-24T18:00:00,42754099999,DEVI AHILYABAI HOLKAR,22.717,75.8,24.0,1009.3,68.73
2015-09-24T21:00:00,42754099999,DEVI AHILYABAI HOLKAR,22.717,75.8,32.4,1008.6,42.94
2015-09-25T00:00:00,42754099999,DEVI AHILYABAI HOLKAR,22.717,75.8,22.4,1007.6,77.15
2015-09-25T03:00:00,42754099999,DEVI AHILYABAI HOLKAR,22.717,75.8,22.0,1009.4,86.27
2015-09-25T06:00:00,42754099999,DEVI AHILYABAI HOLKAR,22.717,75.8,27.6,1008.1,60.61
2015-09-25T09:00:00,42754099999,DEVI AHILYABAI HOLKAR,22.717,75.8,30.6,1005.0,40.6
2015-09-25T12:00:00,42754099999,DEVI AHILYABAI HOLKAR,22.717,75.8,29.6,1005.0,34.26
2015-09-25T15:00:00,42754099999,DEVI AHILYABAI HOLKAR,22.717,75.8,24.6,1007.1,55.13
2015-09-25T18:00:00,42754099999,DEVI AHILYABAI HOLKAR,22.717,75.8,23.2,1008.4,61.93
2015-09-25T21:00:00,42754099999,DEVI AHILYABAI HOLKAR,22.717,75.8,22.6,1007.3,63.0
2015-09-26T00:00:00,42754099999,DEVI AHILYABAI HOLKAR,22.717,75.8,21.0,1008.3,66.4
2015-09-26T03:00:00,42754099999,DEVI AHILYABAI HOLKAR,22.717,75.8,22.6,1009.3,81.64
2015-09-26T06:00:00,42754099999,DEVI AHILYABAI HOLKAR,22.717,75.8,27.4,1009.2,60.18
2015-09-26T09:00:00,42754099999,DEVI AHILYABAI HOLKAR,22.717,75.8,31.0,1006.1,44.21
2015-09-26T12:00:00,42754099999,DEVI AHILYABAI HOLKAR,22.717,75.8,30.6,1005.3,43.0
2015-09-26T15:00:00,42754099999,DEVI AHILYABAI HOLKAR,22.717,75.8,25.4,1008.1,59.72
2015-09-26T18:00:00,42754099999,DEVI AHILYABAI HOLKAR,22.717,75.8,23.6,1009.2,68.22
2015-09-26T21:00:00,42754099999,DEVI AHILYABAI HOLKAR,22.717,75.8,23.0,1008.4,69.41
2015-09-27T00:00:00,42754099999,DEVI AHILYABAI HOLKAR,22.717,75.8,22.0,1009.8,71.45
2015-09-27T03:00:00,42754099999,DEVI AHILYABAI HOLKAR,22.717,75.8,22.6,1010.3,80.13
2015-09-27T06:00:00,42754099999,DEVI AHILYABAI HOLKAR,22.717,75.8,28.8,1009.8,50.49
2015-09-27T09:00:00,42754099999,DEVI AHILYABAI HOLKAR,22.717,75.8,32.0,1006.5,37.25
2015-09-27T12:00:00,42754099999,DEVI AHILYABAI HOLKAR,22.717,75.8,32.4,1005.0,36.65
2015-09-27T15:00:00,42754099999,DEVI AHILYABAI HOLKAR,22.717,75.8,27.0,1007.7,63.96
2015-09-27T18:00:00,42754099999,DEVI AHILYABAI HOLKAR,22.717,75.8,23.6,1009.1,68.22
2015-09-27T21:00:00,42754099999,DEVI AHILYABAI HOLKAR,22.717,75.8,23.2,1008.2,66.43
2015-09-28T00:00:00,42754099999,DEVI AHILYABAI HOLKAR,22.717,75.8,21.6,1010.0,72.76
2015-09-28T03:00:00,42754099999,DEVI AHILYABAI HOLKAR,22.717,75.8,23.4,1010.9,81.74
2015-09-28T06:00:00,42754099999,DEVI AHILYABAI HOLKAR,22.717,75.8,31.2,1009.2,49.54
2015-09-28T09:00:00,42754099999,DEVI AHILYABAI HOLKAR,22.717,75.8,33.4,1006.0,36.92
2015-09-28T12:00:00,42754099999,DEVI AHILYABAI HOLKAR,22.717,75.8,29.6,1006.1,56.01
2015-09-28T15:00:00,42754099999,DEVI AHILYABAI HOLKAR,22.717,75.8,26.8,1007.8,78.75
2015-09-28T18:00:00,42754099999,DEVI AHILYABAI HOLKAR,22.717,75.8,25.8,1008.5,75.31
2015-09-28T21:00:00,42754099999,DEVI AHILYABAI HOLKAR,22.717,75.8,25.0,1007.8,78.02
2015-09-29T00:00:00,42754099999,DEVI AHILYABAI HOLKAR,22.717,75.8,23.2,1008.4,81.72
2015-09-29T03:00:00,42754099999,DEVI AHILYABAI HOLKAR,22.717,75.8,25.6,1009.5,61.3
2015-09-29T06:00:00,42754099999,DEVI AHILYABAI HOLKAR,22.717,75.8,32.2,1008.9,40.26
2015-09-29T09:00:00,42754099999,DEVI AHILYABAI HOLKAR,22.717,75.8,33.0,1007.1,33.66
2015-09-29T12:00:00,42754099999,DEVI AHILYABAI HOLKAR,22.717,75.8,32.6,1006.8,36.01
2015-09-29T15:00:00,42754099999,DEVI AHILYABAI HOLKAR,22.717,75.8,26.6,1009.2,62.3
2015-09-29T18:00:00,42754099999,DEVI AHILYABAI HOLKAR,22.717,75.8,26.6,1009.9,62.3
2015-09-29T21:00:00,42754099999,DEVI AHILYABAI HOLKAR,22.717,75.8,25.0,1009.2,69.36
2015-09-30T00:00:00,42754099999,DEVI AHILYABAI HOLKAR,22.717,75.8,22.8,1010.7,81.67
2015-09-30T03:00:00,42754099999,DEVI AHILYABAI HOLKAR,22.717,75.8,27.6,1012.1,44.71
2015-09-30T06:00:00,42754099999,DEVI AHILYABAI HOLKAR,22.717,75.8,33.0,1011.4,30.15
2015-09-30T09:00:00,42754099999,DEVI AHILYABAI HOLKAR,22.717,75.8,34.2,1008.0,26.58
2015-09-30T12:00:00,42754099999,DEVI AHILYABAI HOLKAR,22.717,75.8,33.0,1008.2,23.28
2015-09-30T15:00:00,42754099999,DEVI AHILYABAI HOLKAR,22.717,75.8,28.0,1010.7,31.0
2015-09-30T18:00:00,42754099999,DEVI AHILYABAI HOLKAR,22.717,75.8,25.2,1011.5,38.32
2015-09-30T21:00:00,42754099999,DEVI AHILYABAI HOLKAR,22.717,75.8,23.0,1010.7,45.21
2015-10-01T03:00:00,42754099999,DEVI AHILYABAI HOLKAR,22.717,75.8,27.0,1012.3,39.34
2015-10-01T06:00:00,42754099999,DEVI AHILYABAI HOLKAR,22.717,75.8,33.4,1011.3,29.86
2015-10-01T09:00:00,42754099999,DEVI AHILYABAI HOLKAR,22.717,75.8,34.2,1008.5,26.58
2015-10-01T12:00:00,42754099999,DEVI AHILYABAI HOLKAR,22.717,75.8,32.6,1007.6,37.89
2015-10-01T15:00:00,42754099999,DEVI AHILYABAI HOLKAR,22.717,75.8,27.2,1010.2,53.7
2015-10-02T00:00:00,42754099999,DEVI AHILYABAI HOLKAR,22.717,75.8,23.2,1011.3,73.96
2015-10-02T03:00:00,42754099999,DEVI AHILYABAI HOLKAR,22.717,75.8,25.8,1013.4,68.23
2015-10-02T06:00:00,42754099999,DEVI AHILYABAI HOLKAR,22.717,75.8,33.6,1011.0,34.48
2015-10-02T09:00:00,42754099999,DEVI AHILYABAI HOLKAR,22.717,75.8,35.2,1007.6,32.77
2015-10-02T12:00:00,42754099999,DEVI AHILYABAI HOLKAR,22.717,75.8,34.4,1006.6,31.93
2015-10-02T15:00:00,42754099999,DEVI AHILYABAI HOLKAR,22.717,75.8,28.2,1009.9,63.43
2015-10-02T18:00:00,42754099999,DEVI AHILYABAI HOLKAR,22.717,75.8,26.6,1010.9,70.09
2015-10-02T21:00:00,42754099999,DEVI AHILYABAI HOLKAR,22.717,75.8,25.0,1010.4,78.02
2015-10-03T00:00:00,42754099999,DEVI AHILYABAI HOLKAR,22.717,75.8,22.6,1009.7,83.18
2015-10-03T03:00:00,42754099999,DEVI AHILYABAI HOLKAR,22.717,75.8,24.8,1011.6,60.73
2015-10-03T06:00:00,42754099999,DEVI AHILYABAI HOLKAR,22.717,75.8,33.0,1010.1,35.43
2015-10-03T09:00:00,42754099999,DEVI AHILYABAI HOLKAR,22.717,75.8,35.2,1006.2,29.39
2015-10-03T12:00:00,42754099999,DEVI AHILYABAI HOLKAR,22.717,75.8,34.0,1006.1,30.42
2015-10-03T15:00:00,42754099999,DEVI AHILYABAI HOLKAR,22.717,75.8,30.0,1009.0,56.46
2015-10-03T18:00:00,42754099999,DEVI AHILYABAI HOLKAR,22.717,75.8,26.2,1010.9,61.82
2015-10-03T21:00:00,42754099999,DEVI AHILYABAI HOLKAR,22.717,75.8,23.6,1010.5,72.65
2015-10-04T00:00:00,42754099999,DEVI AHILYABAI HOLKAR,22.717,75.8,22.4,1010.3,70.18
2015-10-04T03:00:00,42754099999,DEVI AHILYABAI HOLKAR,22.717,75.8,24.6,1012.7,82.39
2015-10-04T06:00:00,42754099999,DEVI AHILYABAI HOLKAR,22.717,75.8,30.6,1011.2,53.55
2015-10-04T09:00:00,42754099999,DEVI AHILYABAI HOLKAR,22.717,75.8,34.6,1007.4,31.18
2015-10-04T12:00:00,42754099999,DEVI AHILYABAI HOLKAR,22.717,75.8,34.4,1006.1,30.14
2015-10-04T15:00:00,42754099999,DEVI AHILYABAI HOLKAR,22.717,75.8,28.4,1009.5,56.07
2015-10-04T18:00:00,42754099999,DEVI AHILYABAI HOLKAR,22.717,75.8,27.0,1010.5,65.16
2015-10-04T21:00:00,42754099999,DEVI AHILYABAI HOLKAR,22.717,75.8,25.4,1009.4,72.07
2015-10-05T00:00:00,42754099999,DEVI AHILYABAI HOLKAR,22.717,75.8,22.8,1010.7,84.76
2015-10-05T03:00:00,42754099999,DEVI AHILYABAI HOLKAR,22.717,75.8,26.6,1011.7,59.63
2015-10-05T06:00:00,42754099999,DEVI AHILYABAI HOLKAR,22.717,75.8,33.6,1009.6,30.91
2015-10-05T09:00:00,42754099999,DEVI AHILYABAI HOLKAR,22.717,75.8,35.6,1006.1,19.87
2015-10-05T12:00:00,42754099999,DEVI AHILYABAI HOLKAR,22.717,75.8,33.2,1005.9,29.62
2015-10-05T15:00:00,42754099999,DEVI AHILYABAI HOLKAR,22.717,75.8,27.6,1008.8,49.54
2015-10-05T18:00:00,42754099999,DEVI AHILYABAI HOLKAR,22.717,75.8,26.0,1010.1,51.38
2015-10-05T21:00:00,42754099999,DEVI AHILYABAI HOLKAR,22.717,75.8,24.2,1009.2,58.69
2015-10-06T00:00:00,42754099999,DEVI AHILYABAI HOLKAR,22.717,75.8,22.6,1009.4,68.89
2015-10-06T03:00:00,42754099999,DEVI AHILYABAI HOLKAR,22.717,75.8,26.2,1010.6,56.6
2015-10-06T06:00:00,42754099999,DEVI AHILYABAI HOLKAR,22.717,75.8,34.6,1008.6,23.07
2015-10-06T09:00:00,42754099999,DEVI AHILYABAI HOLKAR,22.717,75.8,35.6,1004.9,21.25
2015-10-06T12:00:00,42754099999,DEVI AHILYABAI HOLKAR,22.717,75.8,34.4,1004.5,27.69
2015-10-06T15:00:00,42754099999,DEVI AHILYABAI HOLKAR,22.717,75.8,28.0,1008.1,45.1
2015-10-06T18:00:00,42754099999,DEVI AHILYABAI HOLKAR,22.717,75.8,26.2,1009.1,49.17
2015-10-06T21:00:00,42754099999,DEVI AHILYABAI HOLKAR,22.717,75.8,24.2,1008.3,54.68
2015-10-07T00:00:00,42754099999,DEVI AHILYABAI HOLKAR,22.717,75.8,23.4,1009.2,59.25
2015-10-07T03:00:00,42754099999,DEVI AHILYABAI HOLKAR,22.717,75.8,25.0,1010.2,51.45
2015-10-07T06:00:00,42754099999,DEVI AHILYABAI HOLKAR,22.717,75.8,34.6,1007.6,25.48
2015-10-07T09:00:00,42754099999,DEVI AHILYABAI HOLKAR,22.717,75.8,34.6,1005.8,24.66
2015-10-07T12:00:00,42754099999,DEVI AHILYABAI HOLKAR,22.717,75.8,33.4,1005.8,27.97
2015-10-07T15:00:00,42754099999,DEVI AHILYABAI HOLKAR,22.717,75.8,27.4,1008.7,49.17
2015-10-07T18:00:00,42754099999,DEVI AHILYABAI HOLKAR,22.717,75.8,26.2,1009.9,52.77
2015-10-07T21:00:00,42754099999,DEVI AHILYABAI HOLKAR,22.717,75.8,25.0,1009.0,55.59
2015-10-08T00:00:00,42754099999,DEVI AHILYABAI HOLKAR,22.717,75.8,23.4,1010.1,62.37
2015-10-08T03:00:00,42754099999,DEVI AHILYABAI HOLKAR,22.717,75.8,23.8,1010.9,55.65
2015-10-08T06:00:00,42754099999,DEVI AHILYABAI HOLKAR,22.717,75.8,32.4,1008.4,33.06
2015-10-08T09:00:00,42754099999,DEVI AHILYABAI HOLKAR,22.717,75.8,34.8,1005.0,18.77
2015-10-08T12:00:00,42754099999,DEVI AHILYABAI HOLKAR,22.717,75.8,33.6,1004.5,23.28
2015-10-08T15:00:00,42754099999,DEVI AHILYABAI HOLKAR,22.717,75.8,30.4,1007.1,31.46
2015-10-08T18:00:00,42754099999,DEVI AHILYABAI HOLKAR,22.717,75.8,27.6,1008.7,41.36
2015-10-08T21:00:00,42754099999,DEVI AHILYABAI HOLKAR,22.717,75.8,26.2,1007.5,49.17
2015-10-09T00:00:00,42754099999,DEVI AHILYABAI HOLKAR,22.717,75.8,22.8,1007.0,61.84
2015-10-09T03:00:00,42754099999,DEVI AHILYABAI HOLKAR,22.717,75.8,26.6,1009.0,48.33
2015-10-09T06:00:00,42754099999,DEVI AHILYABAI HOLKAR,22.717,75.8,34.0,1006.4,23.86
2015-10-09T09:00:00,42754099999,DEVI AHILYABAI HOLKAR,22.717,75.8,36.0,1002.6,19.57
2015-10-09T12:00:00,42754099999,DEVI AHILYABAI HOLKAR,22.717,75.8,34.4,1002.9,21.97
2015-10-09T15:00:00,42754099999,DEVI AHILYABAI HOLKAR,22.717,75.8,28.0,1006.6,36.38
2015-10-09T18:00:00,42754099999,DEVI AHILYABAI HOLKAR,22.717,75.8,26.0,1008.5,40.37
2015-10-09T21:00:00,42754099999,DEVI AHILYABAI HOLKAR,22.717,75.8,24.4,1007.6,44.41
2015-10-10T00:00:00,42754099999,DEVI AHILYABAI HOLKAR,22.717,75.8,23.0,1007.5,49.28
2015-10-10T03:00:00,42754099999,DEVI AHILYABAI HOLKAR,22.717,75.8,25.6,1008.9,42.45
2015-10-10T06:00:00,42754099999,DEVI AHILYABAI HOLKAR,22.717,75.8,33.4,1008.0,25.5
2015-10-10T09:00:00,42754099999,DEVI AHILYABAI HOLKAR,22.717,75.8,34.2,1004.7,24.07
2015-10-10T12:00:00,42754099999,DEVI AHILYABAI HOLKAR,22.717,75.8,32.4,1004.8,29.4
2015-10-10T15:00:00,42754099999,DEVI AHILYABAI HOLKAR,22.717,75.8,28.4,1008.0,38.96
2015-10-10T18:00:00,42754099999,DEVI AHILYABAI HOLKAR,22.717,75.8,26.0,1009.3,43.98
2015-10-10T21:00:00,42754099999,DEVI AHILYABAI HOLKAR,22.717,75.8,24.4,1008.4,47.12
2015-10-11T00:00:00,42754099999,DEVI AHILYABAI HOLKAR,22.717,75.8,22.2,1009.2,53.82
2015-10-11T03:00:00,42754099999,DEVI AHILYABAI HOLKAR,22.717,75.8,25.6,1011.2,65.68
2015-10-11T06:00:00,42754099999,DEVI AHILYABAI HOLKAR,22.717,75.8,32.2,1010.0,31.74
2015-10-11T09:00:00,42754099999,DEVI AHILYABAI HOLKAR,22.717,75.8,34.0,1006.8,28.88
2015-10-11T12:00:00,42754099999,DEVI AHILYABAI HOLKAR,22.717,75.8,32.4,1007.2,39.56
2015-10-11T15:00:00,42754099999,DEVI AHILYABAI HOLKAR,22.717,75.8,28.0,1010.6,53.23
2015-10-11T18:00:00,42754099999,DEVI AHILYABAI HOLKAR,22.717,75.8,26.0,1011.8,60.24
2015-10-11T21:00:00,42754099999,DEVI AHILYABAI HOLKAR,22.717,75.8,24.2,1010.9,68.77
2015-10-12T00:00:00,42754099999,DEVI AHILYABAI HOLKAR,22.717,75.8,22.6,1012.0,68.89
2015-10-12T03:00:00,42754099999,DEVI AHILYABAI HOLKAR,22.717,75.8,26.0,1012.7,55.13
2015-10-12T06:00:00,42754099999,DEVI AHILYABAI HOLKAR,22.717,75.8,32.8,1011.6,32.53
2015-10-12T09:00:00,42754099999,DEVI AHILYABAI HOLKAR,22.717,75.8,34.8,1008.5,28.91
2015-10-12T12:00:00,42754099999,DEVI AHILYABAI HOLKAR,22.717,75.8,34.4,1008.0,25.94
2015-10-12T15:00:00,42754099999,DEVI AHILYABAI HOLKAR,22.717,75.8,28.0,1011.0,52.23
2015-10-12T18:00:00,42754099999,DEVI AHILYABAI HOLKAR,22.717,75.8,24.4,1012.3,59.11
2015-10-12T21:00:00,42754099999,DEVI AHILYABAI HOLKAR,22.717,75.8,23.4,1011.3,60.79
2015-10-13T00:00:00,42754099999,DEVI AHILYABAI HOLKAR,22.717,75.8,22.4,1011.9,64.18
2015-10-13T03:00:00,42754099999,DEVI AHILYABAI HOLKAR,22.717,75.8,25.6,1013.6,44.74
2015-10-13T06:00:00,42754099999,DEVI AHILYABAI HOLKAR,22.717,75.8,33.8,1011.5,26.82
2015-10-13T09:00:00,42754099999,DEVI AHILYABAI HOLKAR,22.717,75.8,35.0,1008.4,20.55
2015-10-13T12:00:00,42754099999,DEVI AHILYABAI HOLKAR,22.717,75.8,34.4,1008.0,23.64
2015-10-13T15:00:00,42754099999,DEVI AHILYABAI HOLKAR,22.717,75.8,27.8,1010.8,41.68
2015-10-13T18:00:00,42754099999,DEVI AHILYABAI HOLKAR,22.717,75.8,26.2,1012.1,55.53
2015-10-13T21:00:00,42754099999,DEVI AHILYABAI HOLKAR,22.717,75.8,24.0,1011.5,58.64
2015-10-14T00:00:00,42754099999,DEVI AHILYABAI HOLKAR,22.717,75.8,22.0,1012.8,67.04
2015-10-14T03:00:00,42754099999,DEVI AHILYABAI HOLKAR,22.717,75.8,28.2,1013.5,35.48
2015-10-14T06:00:00,42754099999,DEVI AHILYABAI HOLKAR,22.717,75.8,34.0,1012.4,22.31
2015-10-14T09:00:00,42754099999,DEVI AHILYABAI HOLKAR,22.717,75.8,35.4,1008.7,20.37
2015-10-14T12:00:00,42754099999,DEVI AHILYABAI HOLKAR,22.717,75.8,33.6,1008.9,24.07
2015-10-14T15:00:00,42754099999,DEVI AHILYABAI HOLKAR,22.717,75.8,28.6,1011.4,36.07
2015-10-14T18:00:00,42754099999,DEVI AHILYABAI HOLKAR,22.717,75.8,27.0,1012.7,41.73
2015-10-14T21:00:00,42754099999,DEVI AHILYABAI HOLKAR,22.717,75.8,24.6,1012.1,51.02
2015-10-15T00:00:00,42754099999,DEVI AHILYABAI HOLKAR,22.717,75.8,22.0,1012.7,60.86
2015-10-15T03:00:00,42754099999,DEVI AHILYABAI HOLKAR,22.717,75.8,26.6,1013.8,41.35
2015-10-15T06:00:00,42754099999,DEVI AHILYABAI HOLKAR,22.717,75.8,32.6,1012.5,35.1
2015-10-15T09:00:00,42754099999,DEVI AHILYABAI HOLKAR,22.717,75.8,34.4,1008.9,25.26
2015-10-15T12:00:00,42754099999,DEVI AHILYABAI HOLKAR,22.717,75.8,33.0,1008.8,28.42
2015-10-15T15:00:00,42754099999,DEVI AHILYABAI HOLKAR,22.717,75.8,28.0,1011.5,40.93
2015-10-15T18:00:00,42754099999,DEVI AHILYABAI HOLKAR,22.717,75.8,26.0,1013.4,46.33
2015-10-15T21:00:00,42754099999,DEVI AHILYABAI HOLKAR,22.717,75.8,23.8,1012.7,55.65
2015-10-16T00:00:00,42754099999,DEVI AHILYABAI HOLKAR,22.717,75.8,23.0,1013.0,51.94
2015-10-16T03:00:00,42754099999,DEVI AHILYABAI HOLKAR,22.717,75.8,27.2,1013.9,52.69
2015-10-16T06:00:00,42754099999,DEVI AHILYABAI HOLKAR,22.717,75.8,32.4,1012.8,35.72
2015-10-16T09:00:00,42754099999,DEVI AHILYABAI HOLKAR,22.717,75.8,33.6,1009.8,27.48
2015-10-16T12:00:00,42754099999,DEVI AHILYABAI HOLKAR,22.717,75.8,32.6,1009.7,28.69
2015-10-16T15:00:00,42754099999,DEVI AHILYABAI HOLKAR,22.717,75.8,29.0,1012.2,36.66
2015-10-16T18:00:00,42754099999,DEVI AHILYABAI HOLKAR,22.717,75.8,27.2,1012.8,38.62
2015-10-17T00:00:00,42754099999,DEVI AHILYABAI HOLKAR,22.717,75.8,22.4,1013.9,51.45
2015-10-17T03:00:00,42754099999,DEVI AHILYABAI HOLKAR,22.717,75.8,26.6,1014.9,53.21
2015-10-17T06:00:00,42754099999,DEVI AHILYABAI HOLKAR,22.717,75.8,33.4,1013.0,28.91
2015-10-17T09:00:00,42754099999,DEVI AHILYABAI HOLKAR,22.717,75.8,34.4,1009.5,26.28
2015-10-17T12:00:00,42754099999,DEVI AHILYABAI HOLKAR,22.717,75.8,33.4,1008.8,26.36
2015-10-17T15:00:00,42754099999,DEVI AHILYABAI HOLKAR,22.717,75.8,27.4,1012.3,43.23
2015-10-17T18:00:00,42754099999,DEVI AHILYABAI HOLKAR,22.717,75.8,26.0,1012.7,54.08
2015-10-17T21:00:00,42754099999,DEVI AHILYABAI HOLKAR,22.717,75.8,24.4,1011.8,57.62
2015-10-18T00:00:00,42754099999,DEVI AHILYABAI HOLKAR,22.717,75.8,22.2,1013.5,64.13
2015-10-18T03:00:00,42754099999,DEVI AHILYABAI HOLKAR,22.717,75.8,26.4,1015.1,50.51
2015-10-18T06:00:00,42754099999,DEVI AHILYABAI HOLKAR,22.717,75.8,35.0,1012.7,25.93
2015-10-18T09:00:00,42754099999,DEVI AHILYABAI HOLKAR,22.717,75.8,35.6,1009.7,20.28
2015-10-18T12:00:00,42754099999,DEVI AHILYABAI HOLKAR,22.717,75.8,33.4,1009.9,28.91
2015-10-18T15:00:00,42754099999,DEVI AHILYABAI HOLKAR,22.717,75.8,27.0,1013.2,45.12
2015-10-18T18:00:00,42754099999,DEVI AHILYABAI HOLKAR,22.717,75.8,25.4,1013.6,49.6
2015-10-18T21:00:00,42754099999,DEVI AHILYABAI HOLKAR,22.717,75.8,23.0,1013.0,60.31
2015-10-19T00:00:00,42754099999,DEVI AHILYABAI HOLKAR,22.717,75.8,21.4,1013.9,66.48
2015-10-19T03:00:00,42754099999,DEVI AHILYABAI HOLKAR,22.717,75.8,25.4,1015.2,54.63
2015-10-19T06:00:00,42754099999,DEVI AHILYABAI HOLKAR,22.717,75.8,33.4,1012.4,28.91
2015-10-19T09:00:00,42754099999,DEVI AHILYABAI HOLKAR,22.717,75.8,34.0,1009.0,27.23
2015-10-19T12:00:00,42754099999,DEVI AHILYABAI HOLKAR,22.717,75.8,33.6,1008.9,27.48
2015-10-19T15:00:00,42754099999,DEVI AHILYABAI HOLKAR,22.717,75.8,28.0,1012.0,46.28
2015-10-19T18:00:00,42754099999,DEVI AHILYABAI HOLKAR,22.717,75.8,26.4,1012.8,51.82
2015-10-19T21:00:00,42754099999,DEVI AHILYABAI HOLKAR,22.717,75.8,24.2,1012.2,61.37
2015-10-20T00:00:00,42754099999,DEVI AHILYABAI HOLKAR,22.717,75.8,22.2,1013.4,67.08
2015-10-20T03:00:00,42754099999,DEVI AHILYABAI HOLKAR,22.717,75.8,26.4,1011.7,44.38
2015-10-20T06:00:00,42754099999,DEVI AHILYABAI HOLKAR,22.717,75.8,33.6,1009.7,27.48
2015-10-20T09:00:00,42754099999,DEVI AHILYABAI HOLKAR,22.717,75.8,35.4,1005.9,25.69
2015-10-20T12:00:00,42754099999,DEVI AHILYABAI HOLKAR,22.717,75.8,33.6,1006.9,27.48
2015-10-20T15:00:00,42754099999,DEVI AHILYABAI HOLKAR,22.717,75.8,30.0,1009.2,39.92
2015-10-20T18:00:00,42754099999,DEVI AHILYABAI HOLKAR,22.717,75.8,28.0,1010.4,43.96
2015-10-20T21:00:00,42754099999,DEVI AHILYABAI HOLKAR,22.717,75.8,25.0,1009.8,54.18
2015-10-21T00:00:00,42754099999,DEVI AHILYABAI HOLKAR,22.717,75.8,22.6,1009.6,63.0
2015-10-21T03:00:00,42754099999,DEVI AHILYABAI HOLKAR,22.717,75.8,25.6,1011.4,47.14
2015-10-21T06:00:00,42754099999,DEVI AHILYABAI HOLKAR,22.717,75.8,31.0,1011.0,37.94
2015-10-21T09:00:00,42754099999,DEVI AHILYABAI HOLKAR,22.717,75.8,31.8,1007.9,34.43
2015-10-21T12:00:00,42754099999,DEVI AHILYABAI HOLKAR,22.717,75.8,32.4,1007.6,31.18
2015-10-21T15:00:00,42754099999,DEVI AHILYABAI HOLKAR,22.717,75.8,26.0,1010.2,51.38
2015-10-21T18:00:00,42754099999,DEVI AHILYABAI HOLKAR,22.717,75.8,25.2,1011.4,54.23
2015-10-21T21:00:00,42754099999,DEVI AHILYABAI HOLKAR,22.717,75.8,23.4,1011.0,60.79
2015-10-22T00:00:00,42754099999,DEVI AHILYABAI HOLKAR,22.717,75.8,22.0,1011.0,62.46
2015-10-22T03:00:00,42754099999,DEVI AHILYABAI HOLKAR,22.717,75.8,25.2,1012.9,57.08
2015-10-22T06:00:00,42754099999,DEVI AHILYABAI HOLKAR,22.717,75.8,31.6,1011.9,36.66
2015-10-22T09:00:00,42754099999,DEVI AHILYABAI HOLKAR,22.717,75.8,34.2,1008.2,28.19
2015-10-22T12:00:00,42754099999,DEVI AHILYABAI HOLKAR,22.717,75.8,33.0,1008.3,29.37
2015-10-22T15:00:00,42754099999,DEVI AHILYABAI HOLKAR,22.717,75.8,29.0,1010.4,38.62
2015-10-22T18:00:00,42754099999,DEVI AHILYABAI HOLKAR,22.717,75.8,26.2,1011.7,51.43
2015-10-22T21:00:00,42754099999,DEVI AHILYABAI HOLKAR,22.717,75.8,24.0,1011.1,58.64
2015-10-23T00:00:00,42754099999,DEVI AHILYABAI HOLKAR,22.717,75.8,22.2,1010.9,65.8
2015-10-23T03:00:00,42754099999,DEVI AHILYABAI HOLKAR,22.717,75.8,25.4,1012.3,56.04
2015-10-23T06:00:00,42754099999,DEVI AHILYABAI HOLKAR,22.717,75.8,33.4,1010.8,28.91
2015-10-23T09:00:00,42754099999,DEVI AHILYABAI HOLKAR,22.717,75.8,34.6,1008.0,24.66
2015-10-23T12:00:00,42754099999,DEVI AHILYABAI HOLKAR,22.717,75.8,32.4,1008.0,31.18
2015-10-23T15:00:00,42754099999,DEVI AHILYABAI HOLKAR,22.717,75.8,26.4,1012.5,39.96
2015-10-23T18:00:00,42754099999,DEVI AHILYABAI HOLKAR,22.717,75.8,25.0,1012.5,42.84
2015-10-23T21:00:00,42754099999,DEVI AHILYABAI HOLKAR,22.717,75.8,23.6,1011.5,45.98
2015-10-24T00:00:00,42754099999,DEVI AHILYABAI HOLKAR,22.717,75.8,22.2,1012.4,51.05
2015-10-24T03:00:00,42754099999,DEVI AHILYABAI HOLKAR,22.717,75.8,26.0,1012.0,43.98
2015-10-24T06:00:00,42754099999,DEVI AHILYABAI HOLKAR,22.717,75.8,32.6,1010.5,28.69
2015-10-24T09:00:00,42754099999,DEVI AHILYABAI HOLKAR,22.717,75.8,35.0,1006.5,22.87
2015-10-24T12:00:00,42754099999,DEVI AHILYABAI HOLKAR,22.717,75.8,31.8,1007.3,33.11
2015-10-24T15:00:00,42754099999,DEVI AHILYABAI HOLKAR,22.717,75.8,27.4,1010.2,44.65
2015-10-24T18:00:00,42754099999,DEVI AHILYABAI HOLKAR,22.717,75.8,25.2,1011.3,47.96
2015-10-24T21:00:00,42754099999,DEVI AHILYABAI HOLKAR,22.717,75.8,23.2,1010.6,59.21
2015-10-25T00:00:00,42754099999,DEVI AHILYABAI HOLKAR,22.717,75.8,22.2,1011.0,59.74
2015-10-25T03:00:00,42754099999,DEVI AHILYABAI HOLKAR,22.717,75.8,25.0,1013.0,51.45
2015-10-25T06:00:00,42754099999,DEVI AHILYABAI HOLKAR,22.717,75.8,33.4,1011.0,31.46
2015-10-25T09:00:00,42754099999,DEVI AHILYABAI HOLKAR,22.717,75.8,32.4,1008.5,33.93
2015-10-25T12:00:00,42754099999,DEVI AHILYABAI HOLKAR,22.717,75.8,31.2,1008.9,39.23
2015-10-25T15:00:00,42754099999,DEVI AHILYABAI HOLKAR,22.717,75.8,26.8,1012.1,58.56
2015-10-25T18:00:00,42754099999,DEVI AHILYABAI HOLKAR,22.717,75.8,25.4,1012.7,64.01
2015-10-25T21:00:00,42754099999,DEVI AHILYABAI HOLKAR,22.717,75.8,23.8,1011.9,70.0
2015-10-26T00:00:00,42754099999,DEVI AHILYABAI HOLKAR,22.717,75.8,22.2,1013.5,79.57
2015-10-26T03:00:00,42754099999,DEVI AHILYABAI HOLKAR,22.717,75.8,21.0,1016.1,87.8
2015-10-26T06:00:00,42754099999,DEVI AHILYABAI HOLKAR,22.717,75.8,24.2,1015.4,75.52
2015-10-26T09:00:00,42754099999,DEVI AHILYABAI HOLKAR,22.717,75.8,28.2,1011.6,54.63
2015-10-26T12:00:00,42754099999,DEVI AHILYABAI HOLKAR,22.717,75.8,27.0,1011.8,59.35
2015-10-26T15:00:00,42754099999,DEVI AHILYABAI HOLKAR,22.717,75.8,24.6,1013.6,67.56
2015-10-26T18:00:00,42754099999,DEVI AHILYABAI HOLKAR,22.717,75.8,23.0,1014.7,73.92
2015-10-26T21:00:00,42754099999,DEVI AHILYABAI HOLKAR,22.717,75.8,22.6,1013.1,75.26
2015-10-27T00:00:00,42754099999,DEVI AHILYABAI HOLKAR,22.717,75.8,22.0,1013.4,74.69
2015-10-27T03:00:00,42754099999,DEVI AHILYABAI HOLKAR,22.717,75.8,21.0,1016.3,82.47
2015-10-27T06:00:00,42754099999,DEVI AHILYABAI HOLKAR,22.717,75.8,25.2,1014.7,59.68
2015-10-27T09:00:00,42754099999,DEVI AHILYABAI HOLKAR,22.717,75.8,28.4,1010.9,47.89
2015-10-27T12:00:00,42754099999,DEVI AHILYABAI HOLKAR,22.717,75.8,27.4,1011.0,52.74
2015-10-27T15:00:00,42754099999,DEVI AHILYABAI HOLKAR,22.717,75.8,23.2,1013.4,65.18
2015-10-27T18:00:00,42754099999,DEVI AHILYABAI HOLKAR,22.717,75.8,22.0,1014.1,67.04
2015-10-27T21:00:00,42754099999,DEVI AHILYABAI HOLKAR,22.717,75.8,21.4,1013.0,68.22
2015-10-28T00:00:00,42754099999,DEVI AHILYABAI HOLKAR,22.717,75.8,20.4,1013.3,65.85
2015-10-28T03:00:00,42754099999,DEVI AHILYABAI HOLKAR,22.717,75.8,23.0,1013.8,66.39
2015-10-28T06:00:00,42754099999,DEVI AHILYABAI HOLKAR,22.717,75.8,30.0,1012.5,43.11
2015-10-28T09:00:00,42754099999,DEVI AHILYABAI HOLKAR,22.717,75.8,31.4,1008.7,41.34
2015-10-28T12:00:00,42754099999,DEVI AHILYABAI HOLKAR,22.717,75.8,24.4,1009.9,70.11
2015-10-28T15:00:00,42754099999,DEVI AHILYABAI HOLKAR,22.717,75.8,23.0,1011.9,78.7
2015-10-28T18:00:00,42754099999,DEVI AHILYABAI HOLKAR,22.717,75.8,22.4,1011.9,79.6
2015-10-28T21:00:00,42754099999,DEVI AHILYABAI HOLKAR,22.717,75.8,21.2,1010.9,80.95
2015-10-29T00:00:00,42754099999,DEVI AHILYABAI HOLKAR,22.717,75.8,19.6,1012.7,80.23
2015-10-29T03:00:00,42754099999,DEVI AHILYABAI HOLKAR,22.717,75.8,19.4,1014.3,83.33
2015-10-29T06:00:00,42754099999,DEVI AHILYABAI HOLKAR,22.717,75.8,25.0,1013.2,60.78
2015-10-29T09:00:00,42754099999,DEVI AHILYABAI HOLKAR,22.717,75.8,27.8,1009.9,32.87
2015-10-29T12:00:00,42754099999,DEVI AHILYABAI HOLKAR,22.717,75.8,25.4,1010.6,53.24
2015-10-29T15:00:00,42754099999,DEVI AHILYABAI HOLKAR,22.717,75.8,20.6,1014.5,72.11
2015-10-29T18:00:00,42754099999,DEVI AHILYABAI HOLKAR,22.717,75.8,19.2,1015.1,74.7
2015-10-29T21:00:00,42754099999,DEVI AHILYABAI HOLKAR,22.717,75.8,18.4,1014.1,77.52
2015-10-30T00:00:00,42754099999,DEVI AHILYABAI HOLKAR,22.717,75.8,17.4,1015.1,78.9
2015-10-30T03:00:00,42754099999,DEVI AHILYABAI HOLKAR,22.717,75.8,18.0,1016.0,84.78
2015-10-30T06:00:00,42754099999,DEVI AHILYABAI HOLKAR,22.717,75.8,23.4,1014.7,65.22
2015-10-30T09:00:00,42754099999,DEVI AHILYABAI HOLKAR,22.717,75.8,26.4,1011.0,44.38
2015-10-30T12:00:00,42754099999,DEVI AHILYABAI HOLKAR,22.717,75.8,25.6,1011.3,48.38
2015-10-30T15:00:00,42754099999,DEVI AHILYABAI HOLKAR,22.717,75.8,22.8,1013.5,54.68
2015-10-30T18:00:00,42754099999,DEVI AHILYABAI HOLKAR,22.717,75.8,21.0,1014.3,64.71
2015-10-30T21:00:00,42754099999,DEVI AHILYABAI HOLKAR,22.717,75.8,20.2,1013.4,67.1
2015-10-31T00:00:00,42754099999,DEVI AHILYABAI HOLKAR,22.717,75.8,17.8,1015.0,82.61
2015-10-31T03:00:00,42754099999,DEVI AHILYABAI HOLKAR,22.717,75.8,19.6,1015.1,78.2
2015-10-31T06:00:00,42754099999,DEVI AHILYABAI HOLKAR,22.717,75.8,,1013.7,
2015-10-31T09:00:00,42754099999,DEVI AHILYABAI HOLKAR,22.717,75.8,27.0,1010.4,39.34
2015-10-31T12:00:00,42754099999,DEVI AHILYABAI HOLKAR,22.717,75.8,27.0,1009.9,45.12
2015-10-31T15:00:00,42754099999,DEVI AHILYABAI HOLKAR,22.717,75.8,24.0,1013.0,54.63
2015-10-31T18:00:00,42754099999,DEVI AHILYABAI HOLKAR,22.717,75.8,21.8,1014.0,63.64
2015-10-31T21:00:00,42754099999,DEVI AHILYABAI HOLKAR,22.717,75.8,20.4,1012.5,67.14
2015-11-01T00:00:00,42754099999,DEVI AHILYABAI HOLKAR,22.717,75.8,18.4,1013.5,77.52
2015-11-01T03:00:00,42754099999,DEVI AHILYABAI HOLKAR,22.717,75.8,21.6,1015.2,72.76
2015-11-01T06:00:00,42754099999,DEVI AHILYABAI HOLKAR,22.717,75.8,27.0,1013.6,60.09
2015-11-01T09:00:00,42754099999,DEVI AHILYABAI HOLKAR,22.717,75.8,29.2,1010.2,56.97
2015-11-01T12:00:00,42754099999,DEVI AHILYABAI HOLKAR,22.717,75.8,28.4,1010.1,61.54
2015-11-01T15:00:00,42754099999,DEVI AHILYABAI HOLKAR,22.717,75.8,23.4,1012.7,65.22
2015-11-01T18:00:00,42754099999,DEVI AHILYABAI HOLKAR,22.717,75.8,23.6,1013.1,64.03
2015-11-01T21:00:00,42754099999,DEVI AHILYABAI HOLKAR,22.717,75.8,22.0,1012.4,70.1
2015-11-02T00:00:00,42754099999,DEVI AHILYABAI HOLKAR,22.717,75.8,20.0,1013.6,78.76
2015-11-02T03:00:00,42754099999,DEVI AHILYABAI HOLKAR,22.717,75.8,23.0,1015.6,67.67
2015-11-02T06:00:00,42754099999,DEVI AHILYABAI HOLKAR,22.717,75.8,28.2,1014.2,50.01
2015-11-02T09:00:00,42754099999,DEVI AHILYABAI HOLKAR,22.717,75.8,29.4,1010.5,43.5
2015-11-02T12:00:00,42754099999,DEVI AHILYABAI HOLKAR,22.717,75.8,29.0,1010.7,47.44
2015-11-02T15:00:00,42754099999,DEVI AHILYABAI HOLKAR,22.717,75.8,26.0,1012.9,56.55
2015-11-02T18:00:00,42754099999,DEVI AHILYABAI HOLKAR,22.717,75.8,23.2,1013.6,69.45
2015-11-02T21:00:00,42754099999,DEVI AHILYABAI HOLKAR,22.717,75.8,21.6,1012.7,71.38
2015-11-03T00:00:00,42754099999,DEVI AHILYABAI HOLKAR,22.717,75.8,21.0,1013.6,74.05
2015-11-03T03:00:00,42754099999,DEVI AHILYABAI HOLKAR,22.717,75.8,24.0,1015.6,61.32
2015-11-03T06:00:00,42754099999,DEVI AHILYABAI HOLKAR,22.717,75.8,29.8,1013.2,45.01
2015-11-03T09:00:00,42754099999,DEVI AHILYABAI HOLKAR,22.717,75.8,31.8,1009.7,37.92
2015-11-03T12:00:00,42754099999,DEVI AHILYABAI HOLKAR,22.717,75.8,29.6,1010.1,39.29
2015-11-03T15:00:00,42754099999,DEVI AHILYABAI HOLKAR,22.717,75.8,25.0,1012.7,62.33
2015-11-03T18:00:00,42754099999,DEVI AHILYABAI HOLKAR,22.717,75.8,24.2,1013.2,64.57
2015-11-03T21:00:00,42754099999,DEVI AHILYABAI HOLKAR,22.717,75.8,22.0,1012.8,74.69
2015-11-04T00:00:00,42754099999,DEVI AHILYABAI HOLKAR,22.717,75.8,20.6,1013.5,74.46
2015-11-04T03:00:00,42754099999,DEVI AHILYABAI HOLKAR,22.717,75.8,25.6,1013.8,58.64
2015-11-04T06:00:00,42754099999,DEVI AHILYABAI HOLKAR,22.717,75.8,31.6,1012.0,32.0
2015-11-04T09:00:00,42754099999,DEVI AHILYABAI HOLKAR,22.717,75.8,30.6,1009.2,37.58
2015-11-04T12:00:00,42754099999,DEVI AHILYABAI HOLKAR,22.717,75.8,29.8,1009.2,40.64
2015-11-04T15:00:00,42754099999,DEVI AHILYABAI HOLKAR,22.717,75.8,25.6,1011.4,54.68
2015-11-04T18:00:00,42754099999,DEVI AHILYABAI HOLKAR,22.717,75.8,23.6,1012.0,64.03
2015-11-04T21:00:00,42754099999,DEVI AHILYABAI HOLKAR,22.717,75.8,22.8,1010.8,67.63
2015-11-05T00:00:00,42754099999,DEVI AHILYABAI HOLKAR,22.717,75.8,21.4,1011.8,71.34
2015-11-05T03:00:00,42754099999,DEVI AHILYABAI HOLKAR,22.717,75.8,23.2,1013.3,66.43
2015-11-05T06:00:00,42754099999,DEVI AHILYABAI HOLKAR,22.717,75.8,30.8,1012.1,33.93
2015-11-05T09:00:00,42754099999,DEVI AHILYABAI HOLKAR,22.717,75.8,32.6,1008.5,28.69
2015-11-05T12:00:00,42754099999,DEVI AHILYABAI HOLKAR,22.717,75.8,30.4,1008.3,34.26
2015-11-05T15:00:00,42754099999,DEVI AHILYABAI HOLKAR,22.717,75.8,24.8,1011.5,52.75
2015-11-05T18:00:00,42754099999,DEVI AHILYABAI HOLKAR,22.717,75.8,23.0,1011.9,56.17
2015-11-05T21:00:00,42754099999,DEVI AHILYABAI HOLKAR,22.717,75.8,22.2,1010.8,58.21
2015-11-06T00:00:00,42754099999,DEVI AHILYABAI HOLKAR,22.717,75.8,21.2,1012.0,61.87
2015-11-06T03:00:00,42754099999,DEVI AHILYABAI HOLKAR,22.717,75.8,23.0,1012.8,56.17
2015-11-06T06:00:00,42754099999,DEVI AHILYABAI HOLKAR,22.717,75.8,29.6,1011.8,34.26
2015-11-06T09:00:00,42754099999,DEVI AHILYABAI HOLKAR,22.717,75.8,31.6,1007.9,32.0
2015-11-06T12:00:00,42754099999,DEVI AHILYABAI HOLKAR,22.717,75.8,30.2,1007.8,36.99
2015-11-06T15:00:00,42754099999,DEVI AHILYABAI HOLKAR,22.717,75.8,23.8,1011.3,54.22
2015-11-06T18:00:00,42754099999,DEVI AHILYABAI HOLKAR,22.717,75.8,23.0,1012.0,57.65
2015-11-06T21:00:00,42754099999,DEVI AHILYABAI HOLKAR,22.717,75.8,22.0,1010.9,59.3
2015-11-07T00:00:00,42754099999,DEVI AHILYABAI HOLKAR,22.717,75.8,20.0,1011.9,70.17
2015-11-07T03:00:00,42754099999,DEVI AHILYABAI HOLKAR,22.717,75.8,23.2,1013.3,55.14
2015-11-07T06:00:00,42754099999,DEVI AHILYABAI HOLKAR,22.717,75.8,31.4,1011.9,31.73
2015-11-07T09:00:00,42754099999,DEVI AHILYABAI HOLKAR,22.717,75.8,31.4,1009.1,32.79
2015-11-07T12:00:00,42754099999,DEVI AHILYABAI HOLKAR,22.717,75.8,29.0,1009.2,39.64
2015-11-07T15:00:00,42754099999,DEVI AHILYABAI HOLKAR,22.717,75.8,24.0,1012.6,55.7
2015-11-07T18:00:00,42754099999,DEVI AHILYABAI HOLKAR,22.717,75.8,23.0,1013.4,53.32
2015-11-07T21:00:00,42754099999,DEVI AHILYABAI HOLKAR,22.717,75.8,21.2,1012.3,58.73
2015-11-08T00:00:00,42754099999,DEVI AHILYABAI HOLKAR,22.717,75.8,19.2,1013.4,71.4
2015-11-08T03:00:00,42754099999,DEVI AHILYABAI HOLKAR,22.717,75.8,24.6,1014.4,51.02
2015-11-08T06:00:00,42754099999,DEVI AHILYABAI HOLKAR,22.717,75.8,30.4,1012.9,39.26
2015-11-08T09:00:00,42754099999,DEVI AHILYABAI HOLKAR,22.717,75.8,32.2,1009.9,31.74
2015-11-08T12:00:00,42754099999,DEVI AHILYABAI HOLKAR,22.717,75.8,30.0,1010.4,38.9
2015-11-08T15:00:00,42754099999,DEVI AHILYABAI HOLKAR,22.717,75.8,24.2,1012.5,58.69
2015-11-08T18:00:00,42754099999,DEVI AHILYABAI HOLKAR,22.717,75.8,23.0,1013.5,59.16
2015-11-08T21:00:00,42754099999,DEVI AHILYABAI HOLKAR,22.717,75.8,21.4,1012.6,64.79
2015-11-09T00:00:00,42754099999,DEVI AHILYABAI HOLKAR,22.717,75.8,19.6,1013.8,70.09
2015-11-09T03:00:00,42754099999,DEVI AHILYABAI HOLKAR,22.717,75.8,22.4,1014.8,67.12
2015-11-09T06:00:00,42754099999,DEVI AHILYABAI HOLKAR,22.717,75.8,30.4,1013.3,39.26
2015-11-09T09:00:00,42754099999,DEVI AHILYABAI HOLKAR,22.717,75.8,31.0,1009.3,36.03
2015-11-09T12:00:00,42754099999,DEVI AHILYABAI HOLKAR,22.717,75.8,29.4,1009.6,40.27
2015-11-09T15:00:00,42754099999,DEVI AHILYABAI HOLKAR,22.717,75.8,24.6,1012.5,64.65
2015-11-09T18:00:00,42754099999,DEVI AHILYABAI HOLKAR,22.717,75.8,23.0,1013.1,61.88
2015-11-09T21:00:00,42754099999,DEVI AHILYABAI HOLKAR,22.717,75.8,21.4,1012.0,64.79
2015-11-10T00:00:00,42754099999,DEVI AHILYABAI HOLKAR,22.717,75.8,20.2,1013.2,68.86
2015-11-10T03:00:00,42754099999,DEVI AHILYABAI HOLKAR,22.717,75.8,21.2,1014.7,72.68
2015-11-10T06:00:00,42754099999,DEVI AHILYABAI HOLKAR,22.717,75.8,30.4,1012.7,40.28
2015-11-10T09:00:00,42754099999,DEVI AHILYABAI HOLKAR,22.717,75.8,30.8,1009.1,37.88
2015-11-10T12:00:00,42754099999,DEVI AHILYABAI HOLKAR,22.717,75.8,29.4,1009.2,37.01
2015-11-10T15:00:00,42754099999,DEVI AHILYABAI HOLKAR,22.717,75.8,24.4,1012.2,56.16
2015-11-10T18:00:00,42754099999,DEVI AHILYABAI HOLKAR,22.717,75.8,22.2,1012.9,65.8
2015-11-10T21:00:00,42754099999,DEVI AHILYABAI HOLKAR,22.717,75.8,21.0,1012.0,69.46
2015-11-11T00:00:00,42754099999,DEVI AHILYABAI HOLKAR,22.717,75.8,19.0,1013.0,74.67
2015-11-11T03:00:00,42754099999,DEVI AHILYABAI HOLKAR,22.717,75.8,22.0,1014.8,70.1
2015-11-11T06:00:00,42754099999,DEVI AHILYABAI HOLKAR,22.717,75.8,30.6,1013.2,35.45
2015-11-11T09:00:00,42754099999,DEVI AHILYABAI HOLKAR,22.717,75.8,31.4,1009.8,35.45
2015-11-11T12:00:00,42754099999,DEVI AHILYABAI HOLKAR,22.717,75.8,29.8,1010.3,36.64
2015-11-11T15:00:00,42754099999,DEVI AHILYABAI HOLKAR,22.717,75.8,24.8,1013.1,58.08
2015-11-11T18:00:00,42754099999,DEVI AHILYABAI HOLKAR,22.717,75.8,22.6,1014.1,63.0
2015-11-11T21:00:00,42754099999,DEVI AHILYABAI HOLKAR,22.717,75.8,21.4,1013.0,64.79
2015-11-12T00:00:00,42754099999,DEVI AHILYABAI HOLKAR,22.717,75.8,20.0,1013.6,73.41
2015-11-12T03:00:00,42754099999,DEVI AHILYABAI HOLKAR,22.717,75.8,22.2,1016.0,65.8
2015-11-12T06:00:00,42754099999,DEVI AHILYABAI HOLKAR,22.717,75.8,30.0,1015.2,38.9
2015-11-12T09:00:00,42754099999,DEVI AHILYABAI HOLKAR,22.717,75.8,31.4,1011.4,30.91
2015-11-12T12:00:00,42754099999,DEVI AHILYABAI HOLKAR,22.717,75.8,29.6,1011.7,39.29
2015-11-12T15:00:00,42754099999,DEVI AHILYABAI HOLKAR,22.717,75.8,24.0,1014.4,54.63
2015-11-12T18:00:00,42754099999,DEVI AHILYABAI HOLKAR,22.717,75.8,21.4,1015.8,63.55
2015-11-12T21:00:00,42754099999,DEVI AHILYABAI HOLKAR,22.717,75.8,20.0,1014.8,70.17
2015-11-13T00:00:00,42754099999,DEVI AHILYABAI HOLKAR,22.717,75.8,18.4,1015.7,77.52
2015-11-13T03:00:00,42754099999,DEVI AHILYABAI HOLKAR,22.717,75.8,21.6,1016.6,68.26
2015-11-13T06:00:00,42754099999,DEVI AHILYABAI HOLKAR,22.717,75.8,31.0,1015.1,30.4
2015-11-13T09:00:00,42754099999,DEVI AHILYABAI HOLKAR,22.717,75.8,31.6,1011.9,30.16
2015-11-13T12:00:00,42754099999,DEVI AHILYABAI HOLKAR,22.717,75.8,29.4,1011.6,36.05
2015-11-13T15:00:00,42754099999,DEVI AHILYABAI HOLKAR,22.717,75.8,25.0,1014.0,47.91
2015-11-13T18:00:00,42754099999,DEVI AHILYABAI HOLKAR,22.717,75.8,22.0,1015.2,59.3
2015-11-13T21:00:00,42754099999,DEVI AHILYABAI HOLKAR,22.717,75.8,20.8,1014.0,63.0
2015-11-14T00:00:00,42754099999,DEVI AHILYABAI HOLKAR,22.717,75.8,19.6,1013.7,68.3
2015-11-14T03:00:00,42754099999,DEVI AHILYABAI HOLKAR,22.717,75.8,21.0,1013.9,70.81
2015-11-14T06:00:00,42754099999,DEVI AHILYABAI HOLKAR,22.717,75.8,31.0,1012.0,34.2
2015-11-14T09:00:00,42754099999,DEVI AHILYABAI HOLKAR,22.717,75.8,32.2,1008.7,29.15
2015-11-14T12:00:00,42754099999,DEVI AHILYABAI HOLKAR,22.717,75.8,29.8,1009.0,36.64
2015-11-14T15:00:00,42754099999,DEVI AHILYABAI HOLKAR,22.717,75.8,25.0,1011.5,49.17
2015-11-14T18:00:00,42754099999,DEVI AHILYABAI HOLKAR,22.717,75.8,22.2,1012.5,61.3
2015-11-14T21:00:00,42754099999,DEVI AHILYABAI HOLKAR,22.717,75.8,20.8,1011.8,67.66
2015-11-15T00:00:00,42754099999,DEVI AHILYABAI HOLKAR,22.717,75.8,19.0,1011.8,74.67
2015-11-15T03:00:00,42754099999,DEVI AHILYABAI HOLKAR,22.717,75.8,23.0,1013.4,63.49
2015-11-15T06:00:00,42754099999,DEVI AHILYABAI HOLKAR,22.717,75.8,31.6,1011.4,33.93
2015-11-15T09:00:00,42754099999,DEVI AHILYABAI HOLKAR,22.717,75.8,33.4,1007.9,25.5
2015-11-15T12:00:00,42754099999,DEVI AHILYABAI HOLKAR,22.717,75.8,30.0,1008.5,32.83
2015-11-15T15:00:00,42754099999,DEVI AHILYABAI HOLKAR,22.717,75.8,24.4,1011.4,50.96
2015-11-15T18:00:00,42754099999,DEVI AHILYABAI HOLKAR,22.717,75.8,22.0,1012.9,59.3
2015-11-15T21:00:00,42754099999,DEVI AHILYABAI HOLKAR,22.717,75.8,21.2,1011.5,61.87
2015-11-16T00:00:00,42754099999,DEVI AHILYABAI HOLKAR,22.717,75.8,19.4,1011.7,69.6
2015-11-16T03:00:00,42754099999,DEVI AHILYABAI HOLKAR,22.717,75.8,21.0,1013.3,66.4
2015-11-16T06:00:00,42754099999,DEVI AHILYABAI HOLKAR,22.717,75.8,29.4,1011.9,37.01
2015-11-16T09:00:00,42754099999,DEVI AHILYABAI HOLKAR,22.717,75.8,31.6,1008.9,30.16
2015-11-16T12:00:00,42754099999,DEVI AHILYABAI HOLKAR,22.717,75.8,29.6,1008.8,31.24
2015-11-16T15:00:00,42754099999,DEVI AHILYABAI HOLKAR,22.717,75.8,24.0,1011.4,46.7
2015-11-16T18:00:00,42754099999,DEVI AHILYABAI HOLKAR,22.717,75.8,22.4,1011.9,57.13
2015-11-16T21:00:00,42754099999,DEVI AHILYABAI HOLKAR,22.717,75.8,21.0,1011.0,63.05
2015-11-17T00:00:00,42754099999,DEVI AHILYABAI HOLKAR,22.717,75.8,19.0,1011.4,71.36
2015-11-17T03:00:00,42754099999,DEVI AHILYABAI HOLKAR,22.717,75.8,22.2,1012.5,52.42
2015-11-17T06:00:00,42754099999,DEVI AHILYABAI HOLKAR,22.717,75.8,28.4,1011.2,33.7
2015-11-17T09:00:00,42754099999,DEVI AHILYABAI HOLKAR,22.717,75.8,30.8,1007.9,31.98
2015-11-17T12:00:00,42754099999,DEVI AHILYABAI HOLKAR,22.717,75.8,28.8,1008.4,32.28
2015-11-17T15:00:00,42754099999,DEVI AHILYABAI HOLKAR,22.717,75.8,24.0,1011.6,45.19
2015-11-17T18:00:00,42754099999,DEVI AHILYABAI HOLKAR,22.717,75.8,22.6,1012.7,50.16
2015-11-17T21:00:00,42754099999,DEVI AHILYABAI HOLKAR,22.717,75.8,21.4,1011.6,56.14
2015-11-18T00:00:00,42754099999,DEVI AHILYABAI HOLKAR,22.717,75.8,19.0,1012.6,67.73
2015-11-18T03:00:00,42754099999,DEVI AHILYABAI HOLKAR,22.717,75.8,20.2,1015.4,52.95
2015-11-18T06:00:00,42754099999,DEVI AHILYABAI HOLKAR,22.717,75.8,26.6,1014.8,34.57
2015-11-18T09:00:00,42754099999,DEVI AHILYABAI HOLKAR,22.717,75.8,29.0,1011.3,29.45
2015-11-18T12:00:00,42754099999,DEVI AHILYABAI HOLKAR,22.717,75.8,27.4,1011.6,33.43
2015-11-18T15:00:00,42754099999,DEVI AHILYABAI HOLKAR,22.717,75.8,23.2,1015.0,45.57
2015-11-18T18:00:00,42754099999,DEVI AHILYABAI HOLKAR,22.717,75.8,20.2,1016.0,59.26
2015-11-18T21:00:00,42754099999,DEVI AHILYABAI HOLKAR,22.717,75.8,18.6,1015.1,67.21
2015-11-19T00:00:00,42754099999,DEVI AHILYABAI HOLKAR,22.717,75.8,17.4,1015.7,75.38
2015-11-19T03:00:00,42754099999,DEVI AHILYABAI HOLKAR,22.717,75.8,20.4,1017.2,43.0
2015-11-19T06:00:00,42754099999,DEVI AHILYABAI HOLKAR,22.717,75.8,27.4,1015.5,30.21
2015-11-19T09:00:00,42754099999,DEVI AHILYABAI HOLKAR,22.717,75.8,28.4,1012.1,29.68
2015-11-19T12:00:00,42754099999,DEVI AHILYABAI HOLKAR,22.717,75.8,27.4,1012.1,30.21
2015-11-19T15:00:00,42754099999,DEVI AHILYABAI HOLKAR,22.717,75.8,23.4,1014.4,39.37
2015-11-19T18:00:00,42754099999,DEVI AHILYABAI HOLKAR,22.717,75.8,20.6,1015.5,53.4
2015-11-19T21:00:00,42754099999,DEVI AHILYABAI HOLKAR,22.717,75.8,19.6,1014.4,58.73
2015-11-20T00:00:00,42754099999,DEVI AHILYABAI HOLKAR,22.717,75.8,18.0,1015.1,63.62
2015-11-20T03:00:00,42754099999,DEVI AHILYABAI HOLKAR,22.717,75.8,20.0,1016.6,45.29
2015-11-20T06:00:00,42754099999,DEVI AHILYABAI HOLKAR,22.717,75.8,27.4,1014.1,37.43
2015-11-20T09:00:00,42754099999,DEVI AHILYABAI HOLKAR,22.717,75.8,28.4,1010.5,33.7
2015-11-20T12:00:00,42754099999,DEVI AHILYABAI HOLKAR,22.717,75.8,27.8,1010.5,36.08
2015-11-20T15:00:00,42754099999,DEVI AHILYABAI HOLKAR,22.717,75.8,23.2,1013.6,49.66
2015-11-20T18:00:00,42754099999,DEVI AHILYABAI HOLKAR,22.717,75.8,20.4,1014.9,62.5
2015-11-20T21:00:00,42754099999,DEVI AHILYABAI HOLKAR,22.717,75.8,19.2,1013.8,64.74
2015-11-21T00:00:00,42754099999,DEVI AHILYABAI HOLKAR,22.717,75.8,18.0,1015.2,68.42
2015-11-21T03:00:00,42754099999,DEVI AHILYABAI HOLKAR,22.717,75.8,20.2,1015.1,51.55
2015-11-21T06:00:00,42754099999,DEVI AHILYABAI HOLKAR,22.717,75.8,28.2,1013.0,35.48
2015-11-21T09:00:00,42754099999,DEVI AHILYABAI HOLKAR,22.717,75.8,29.4,1009.7,29.96
2015-11-21T12:00:00,42754099999,DEVI AHILYABAI HOLKAR,22.717,75.8,28.0,1010.1,28.98
2015-11-21T15:00:00,42754099999,DEVI AHILYABAI HOLKAR,22.717,75.8,24.2,1012.6,45.54
2015-11-21T18:00:00,42754099999,DEVI AHILYABAI HOLKAR,22.717,75.8,22.8,1013.4,47.62
2015-11-21T21:00:00,42754099999,DEVI AHILYABAI HOLKAR,22.717,75.8,19.0,1012.9,69.52
2015-11-22T00:00:00,42754099999,DEVI AHILYABAI HOLKAR,22.717,75.8,17.0,1013.5,80.39
2015-11-22T03:00:00,42754099999,DEVI AHILYABAI HOLKAR,22.717,75.8,22.0,1014.3,47.41
2015-11-22T06:00:00,42754099999,DEVI AHILYABAI HOLKAR,22.717,75.8,27.4,1012.7,37.67
2015-11-22T09:00:00,42754099999,DEVI AHILYABAI HOLKAR,22.717,75.8,28.8,1009.7,39.58
2015-11-22T12:00:00,42754099999,DEVI AHILYABAI HOLKAR,22.717,75.8,27.0,1010.2,41.73
2015-11-22T15:00:00,42754099999,DEVI AHILYABAI HOLKAR,22.717,75.8,24.0,1012.6,49.22
2015-11-22T18:00:00,42754099999,DEVI AHILYABAI HOLKAR,22.717,75.8,22.6,1013.2,51.5
2015-11-22T21:00:00,42754099999,DEVI AHILYABAI HOLKAR,22.717,75.8,21.8,1012.1,53.36
2015-11-23T00:00:00,42754099999,DEVI AHILYABAI HOLKAR,22.717,75.8,20.4,1013.0,62.5
2015-11-23T03:00:00,42754099999,DEVI AHILYABAI HOLKAR,22.717,75.8,23.0,1014.1,50.6
2015-11-23T06:00:00,42754099999,DEVI AHILYABAI HOLKAR,22.717,75.8,26.8,1014.4,43.91
2015-11-23T09:00:00,42754099999,DEVI AHILYABAI HOLKAR,22.717,75.8,28.6,1011.1,40.31
2015-11-23T12:00:00,42754099999,DEVI AHILYABAI HOLKAR,22.717,75.8,27.0,1010.6,46.31
2015-11-23T15:00:00,42754099999,DEVI AHILYABAI HOLKAR,22.717,75.8,25.6,1012.8,52.28
2015-11-23T18:00:00,42754099999,DEVI AHILYABAI HOLKAR,22.717,75.8,23.4,1013.4,58.12
2015-11-23T21:00:00,42754099999,DEVI AHILYABAI HOLKAR,22.717,75.8,22.4,1012.4,61.35
2015-11-24T00:00:00,42754099999,DEVI AHILYABAI HOLKAR,22.717,75.8,21.8,1013.1,62.41
2015-11-24T03:00:00,42754099999,DEVI AHILYABAI HOLKAR,22.717,75.8,21.4,1015.5,63.55
2015-11-24T06:00:00,42754099999,DEVI AHILYABAI HOLKAR,22.717,75.8,26.6,1014.7,47.1
2015-11-24T09:00:00,42754099999,DEVI AHILYABAI HOLKAR,22.717,75.8,29.0,1011.6,38.62
2015-11-24T12:00:00,42754099999,DEVI AHILYABAI HOLKAR,22.717,75.8,27.0,1011.0,52.3
2015-11-24T15:00:00,42754099999,DEVI AHILYABAI HOLKAR,22.717,75.8,23.6,1013.8,64.03
2015-11-24T18:00:00,42754099999,DEVI AHILYABAI HOLKAR,22.717,75.8,22.0,1014.6,59.3
2015-11-24T21:00:00,42754099999,DEVI AHILYABAI HOLKAR,22.717,75.8,21.0,1013.5,63.05
2015-11-25T00:00:00,42754099999,DEVI AHILYABAI HOLKAR,22.717,75.8,19.6,1013.9,68.3
2015-11-25T03:00:00,42754099999,DEVI AHILYABAI HOLKAR,22.717,75.8,23.0,1015.0,
2015-11-25T06:00:00,42754099999,DEVI AHILYABAI HOLKAR,22.717,75.8,26.8,1014.2,41.4
2015-11-25T09:00:00,42754099999,DEVI AHILYABAI HOLKAR,22.717,75.8,29.6,1010.7,35.41
2015-11-25T12:00:00,42754099999,DEVI AHILYABAI HOLKAR,22.717,75.8,28.0,1010.8,37.35
2015-11-25T15:00:00,42754099999,DEVI AHILYABAI HOLKAR,22.717,75.8,23.8,1014.2,48.85
2015-11-25T18:00:00,42754099999,DEVI AHILYABAI HOLKAR,22.717,75.8,22.0,1014.5,58.16
2015-11-25T21:00:00,42754099999,DEVI AHILYABAI HOLKAR,22.717,75.8,20.2,1013.6,67.1
2015-11-26T00:00:00,42754099999,DEVI AHILYABAI HOLKAR,22.717,75.8,19.0,1013.3,72.76
2015-11-26T03:00:00,42754099999,DEVI AHILYABAI HOLKAR,22.717,75.8,21.4,1014.6,52.91
2015-11-26T06:00:00,42754099999,DEVI AHILYABAI HOLKAR,22.717,75.8,30.0,1012.4,31.76
2015-11-26T09:00:00,42754099999,DEVI AHILYABAI HOLKAR,22.717,75.8,32.2,1009.1,26.39
2015-11-26T12:00:00,42754099999,DEVI AHILYABAI HOLKAR,22.717,75.8,29.4,1009.1,35.12
2015-11-26T15:00:00,42754099999,DEVI AHILYABAI HOLKAR,22.717,75.8,23.6,1012.2,55.6
2015-11-26T18:00:00,42754099999,DEVI AHILYABAI HOLKAR,22.717,75.8,21.8,1012.8,59.26
2015-11-26T21:00:00,42754099999,DEVI AHILYABAI HOLKAR,22.717,75.8,20.2,1011.7,65.38
2015-11-27T00:00:00,42754099999,DEVI AHILYABAI HOLKAR,22.717,75.8,18.4,1012.5,77.52
2015-11-27T03:00:00,42754099999,DEVI AHILYABAI HOLKAR,22.717,75.8,20.4,1012.4,64.16
2015-11-27T06:00:00,42754099999,DEVI AHILYABAI HOLKAR,22.717,75.8,23.4,1011.9,41.83
2015-11-27T09:00:00,42754099999,DEVI AHILYABAI HOLKAR,22.717,75.8,28.0,1007.9,34.73
2015-11-27T12:00:00,42754099999,DEVI AHILYABAI HOLKAR,22.717,75.8,25.0,1008.3,40.36
2015-11-27T15:00:00,42754099999,DEVI AHILYABAI HOLKAR,22.717,75.8,20.2,1011.0,50.18
2015-11-27T18:00:00,42754099999,DEVI AHILYABAI HOLKAR,22.717,75.8,19.0,1012.3,56.29
2015-11-27T21:00:00,42754099999,DEVI AHILYABAI HOLKAR,22.717,75.8,18.4,1010.9,55.38
2015-11-28T00:00:00,42754099999,DEVI AHILYABAI HOLKAR,22.717,75.8,17.4,1012.0,59.38
2015-11-28T03:00:00,42754099999,DEVI AHILYABAI HOLKAR,22.717,75.8,18.0,1014.6,46.94
2015-11-28T06:00:00,42754099999,DEVI AHILYABAI HOLKAR,22.717,75.8,21.2,1014.2,33.27
2015-11-28T09:00:00,42754099999,DEVI AHILYABAI HOLKAR,22.717,75.8,23.4,1011.6,36.79
2015-11-28T12:00:00,42754099999,DEVI AHILYABAI HOLKAR,22.717,75.8,22.4,1012.1,40.44
2015-11-28T15:00:00,42754099999,DEVI AHILYABAI HOLKAR,22.717,75.8,20.0,1014.2,46.86
2015-11-28T18:00:00,42754099999,DEVI AHILYABAI HOLKAR,22.717,75.8,18.6,1015.8,43.38
2015-11-28T21:00:00,42754099999,DEVI AHILYABAI HOLKAR,22.717,75.8,17.4,1014.8,49.43
2015-11-29T00:00:00,42754099999,DEVI AHILYABAI HOLKAR,22.717,75.8,17.0,1015.7,50.35
2015-11-29T03:00:00,42754099999,DEVI AHILYABAI HOLKAR,22.717,75.8,19.4,1016.7,43.01
2015-11-29T06:00:00,42754099999,DEVI AHILYABAI HOLKAR,22.717,75.8,27.8,1015.0,38.29
2015-11-29T09:00:00,42754099999,DEVI AHILYABAI HOLKAR,22.717,75.8,30.2,1011.5,42.07
2015-11-29T12:00:00,42754099999,DEVI AHILYABAI HOLKAR,22.717,75.8,28.0,1012.2,47.48
2015-11-29T15:00:00,42754099999,DEVI AHILYABAI HOLKAR,22.717,75.8,23.8,1014.8,59.73
2015-11-29T18:00:00,42754099999,DEVI AHILYABAI HOLKAR,22.717,75.8,22.2,1014.8,65.8
2015-11-29T21:00:00,42754099999,DEVI AHILYABAI HOLKAR,22.717,75.8,21.4,1013.8,68.22
2015-11-30T00:00:00,42754099999,DEVI AHILYABAI HOLKAR,22.717,75.8,19.6,1014.4,74.77
2015-11-30T03:00:00,42754099999,DEVI AHILYABAI HOLKAR,22.717,75.8,22.0,1017.6,71.45
2015-11-30T06:00:00,42754099999,DEVI AHILYABAI HOLKAR,22.717,75.8,29.6,1015.6,44.68
2015-11-30T09:00:00,42754099999,DEVI AHILYABAI HOLKAR,22.717,75.8,31.4,1011.9,38.05
2015-11-30T12:00:00,42754099999,DEVI AHILYABAI HOLKAR,22.717,75.8,29.4,1011.4,41.32
2015-11-30T15:00:00,42754099999,DEVI AHILYABAI HOLKAR,22.717,75.8,24.6,1014.4,59.16
2015-11-30T18:00:00,42754099999,DEVI AHILYABAI HOLKAR,22.717,75.8,22.4,1015.0,67.12
2015-11-30T21:00:00,42754099999,DEVI AHILYABAI HOLKAR,22.717,75.8,20.2,1014.4,78.79
2015-12-01T00:00:00,42754099999,DEVI AHILYABAI HOLKAR,22.717,75.8,19.4,1015.1,70.97
2015-12-01T03:00:00,42754099999,DEVI AHILYABAI HOLKAR,22.717,75.8,22.4,1015.3,59.78
2015-12-01T06:00:00,42754099999,DEVI AHILYABAI HOLKAR,22.717,75.8,29.4,1013.4,39.24
2015-12-01T09:00:00,42754099999,DEVI AHILYABAI HOLKAR,22.717,75.8,31.8,1009.8,35.79
2015-12-01T12:00:00,42754099999,DEVI AHILYABAI HOLKAR,22.717,75.8,29.0,1010.1,42.01
2015-12-01T15:00:00,42754099999,DEVI AHILYABAI HOLKAR,22.717,75.8,25.4,1011.9,54.63
2015-12-01T18:00:00,42754099999,DEVI AHILYABAI HOLKAR,22.717,75.8,22.4,1012.8,68.85
2015-12-01T21:00:00,42754099999,DEVI AHILYABAI HOLKAR,22.717,75.8,21.2,1011.7,72.68
2015-12-02T00:00:00,42754099999,DEVI AHILYABAI HOLKAR,22.717,75.8,18.8,1012.7,72.73
2015-12-02T03:00:00,42754099999,DEVI AHILYABAI HOLKAR,22.717,75.8,21.0,1014.6,74.05
2015-12-02T06:00:00,42754099999,DEVI AHILYABAI HOLKAR,22.717,75.8,28.0,1012.8,46.28
2015-12-02T09:00:00,42754099999,DEVI AHILYABAI HOLKAR,22.717,75.8,30.2,1010.0,43.16
2015-12-02T12:00:00,42754099999,DEVI AHILYABAI HOLKAR,22.717,75.8,27.4,1010.9,55.13
2015-12-02T15:00:00,42754099999,DEVI AHILYABAI HOLKAR,22.717,75.8,23.6,1013.9,71.29
2015-12-02T18:00:00,42754099999,DEVI AHILYABAI HOLKAR,22.717,75.8,20.8,1015.6,77.39
2015-12-02T21:00:00,42754099999,DEVI AHILYABAI HOLKAR,22.717,75.8,19.4,1014.5,71.43
2015-12-03T00:00:00,42754099999,DEVI AHILYABAI HOLKAR,22.717,75.8,18.4,1015.4,74.09
2015-12-03T03:00:00,42754099999,DEVI AHILYABAI HOLKAR,22.717,75.8,18.0,1017.5,72.11
2015-12-03T06:00:00,42754099999,DEVI AHILYABAI HOLKAR,22.717,75.8,24.0,1016.2,44.01
2015-12-03T09:00:00,42754099999,DEVI AHILYABAI HOLKAR,22.717,75.8,26.6,1012.7,37.7
2015-12-03T12:00:00,42754099999,DEVI AHILYABAI HOLKAR,22.717,75.8,24.6,1012.6,41.06
2015-12-03T15:00:00,42754099999,DEVI AHILYABAI HOLKAR,22.717,75.8,20.0,1015.4,58.83
2015-12-03T18:00:00,42754099999,DEVI AHILYABAI HOLKAR,22.717,75.8,18.0,1016.1,67.08
2015-12-03T21:00:00,42754099999,DEVI AHILYABAI HOLKAR,22.717,75.8,16.6,1015.1,74.75
2015-12-04T00:00:00,42754099999,DEVI AHILYABAI HOLKAR,22.717,75.8,15.4,1015.6,81.77
2015-12-04T03:00:00,42754099999,DEVI AHILYABAI HOLKAR,22.717,75.8,18.4,1016.6,60.42
2015-12-04T06:00:00,42754099999,DEVI AHILYABAI HOLKAR,22.717,75.8,26.2,1014.5,33.77
2015-12-04T09:00:00,42754099999,DEVI AHILYABAI HOLKAR,22.717,75.8,28.0,1011.5,28.98
2015-12-04T12:00:00,42754099999,DEVI AHILYABAI HOLKAR,22.717,75.8,25.4,1012.2,38.63
2015-12-04T15:00:00,42754099999,DEVI AHILYABAI HOLKAR,22.717,75.8,19.8,1015.1,58.78
2015-12-04T18:00:00,42754099999,DEVI AHILYABAI HOLKAR,22.717,75.8,19.2,1015.3,59.81
2015-12-04T21:00:00,42754099999,DEVI AHILYABAI HOLKAR,22.717,75.8,18.2,1014.3,63.67
2015-12-05T00:00:00,42754099999,DEVI AHILYABAI HOLKAR,22.717,75.8,16.2,1015.0,74.19
2015-12-05T03:00:00,42754099999,DEVI AHILYABAI HOLKAR,22.717,75.8,18.4,1016.5,62.05
2015-12-05T06:00:00,42754099999,DEVI AHILYABAI HOLKAR,22.717,75.8,26.6,1015.1,33.42
2015-12-05T09:00:00,42754099999,DEVI AHILYABAI HOLKAR,22.717,75.8,29.0,1011.9,28.47
2015-12-05T12:00:00,42754099999,DEVI AHILYABAI HOLKAR,22.717,75.8,26.4,1012.4,38.66
2015-12-05T15:00:00,42754099999,DEVI AHILYABAI HOLKAR,22.717,75.8,21.0,1015.6,58.68
2015-12-05T18:00:00,42754099999,DEVI AHILYABAI HOLKAR,22.717,75.8,19.4,1016.0,59.86
2015-12-05T21:00:00,42754099999,DEVI AHILYABAI HOLKAR,22.717,75.8,18.4,1015.1,63.71
2015-12-06T00:00:00,42754099999,DEVI AHILYABAI HOLKAR,22.717,75.8,17.0,1016.0,65.99
2015-12-06T03:00:00,42754099999,DEVI AHILYABAI HOLKAR,22.717,75.8,16.0,1017.0,64.9
2015-12-06T06:00:00,42754099999,DEVI AHILYABAI HOLKAR,22.717,75.8,26.8,1015.2,26.19
2015-12-06T09:00:00,42754099999,DEVI AHILYABAI HOLKAR,22.717,75.8,30.6,1011.5,18.93
2015-12-06T12:00:00,42754099999,DEVI AHILYABAI HOLKAR,22.717,75.8,26.2,1011.9,37.34
2015-12-06T15:00:00,42754099999,DEVI AHILYABAI HOLKAR,22.717,75.8,21.2,1015.3,49.78
2015-12-06T18:00:00,42754099999,DEVI AHILYABAI HOLKAR,22.717,75.8,18.4,1015.9,60.42
2015-12-06T21:00:00,42754099999,DEVI AHILYABAI HOLKAR,22.717,75.8,17.0,1015.2,62.56
2015-12-07T00:00:00,42754099999,DEVI AHILYABAI HOLKAR,22.717,75.8,14.2,1016.0,82.71
2015-12-07T03:00:00,42754099999,DEVI AHILYABAI HOLKAR,22.717,75.8,18.2,1017.6,53.86
2015-12-07T06:00:00,42754099999,DEVI AHILYABAI HOLKAR,22.717,75.8,27.2,1015.3,24.71
2015-12-07T09:00:00,42754099999,DEVI AHILYABAI HOLKAR,22.717,75.8,28.4,1012.6,26.63
2015-12-07T12:00:00,42754099999,DEVI AHILYABAI HOLKAR,22.717,75.8,25.6,1012.8,35.22
2015-12-07T15:00:00,42754099999,DEVI AHILYABAI HOLKAR,22.717,75.8,19.6,1016.1,58.73
2015-12-07T15:00:00,42754099999,DEVI AHILYABAI HOLKAR,22.722,75.801,20.0,,56.16
2015-12-07T18:00:00,42754099999,DEVI AHILYABAI HOLKAR,22.717,75.8,18.8,1016.3,60.92
2015-12-07T18:00:00,42754099999,DEVI AHILYABAI HOLKAR,22.722,75.801,19.0,,59.76
2015-12-07T21:00:00,42754099999,DEVI AHILYABAI HOLKAR,22.717,75.8,17.2,1015.2,67.81
2015-12-07T21:00:00,42754099999,DEVI AHILYABAI HOLKAR,22.722,75.801,17.0,,67.77
2015-12-08T00:00:00,42754099999,DEVI AHILYABAI HOLKAR,22.717,75.8,14.6,1016.2,74.91
2015-12-08T00:00:00,42754099999,DEVI AHILYABAI HOLKAR,22.722,75.801,15.0,,72.03
2015-12-08T03:00:00,42754099999,DEVI AHILYABAI HOLKAR,22.717,75.8,19.2,1017.2,50.25
2015-12-08T06:00:00,42754099999,DEVI AHILYABAI HOLKAR,22.717,75.8,27.0,1015.3,30.72
2015-12-08T06:00:00,42754099999,DEVI AHILYABAI HOLKAR,22.722,75.801,27.0,,30.1
2015-12-08T09:00:00,42754099999,DEVI AHILYABAI HOLKAR,22.717,75.8,31.0,1011.7,22.15
2015-12-08T09:00:00,42754099999,DEVI AHILYABAI HOLKAR,22.722,75.801,31.0,,22.31
2015-12-08T10:00:00,42754099999,DEVI AHILYABAI HOLKAR,22.722,75.801,30.0,,25.29
2015-12-08T11:00:00,42754099999,DEVI AHILYABAI HOLKAR,22.722,75.801,29.0,,28.66
2015-12-08T12:00:00,42754099999,DEVI AHILYABAI HOLKAR,22.717,75.8,26.8,1011.8,35.8
2015-12-08T12:00:00,42754099999,DEVI AHILYABAI HOLKAR,22.722,75.801,27.0,,34.45
2015-12-08T15:00:00,42754099999,DEVI AHILYABAI HOLKAR,22.717,75.8,21.6,1014.4,47.61
2015-12-08T15:00:00,42754099999,DEVI AHILYABAI HOLKAR,22.722,75.801,22.0,,46.47
2015-12-08T18:00:00,42754099999,DEVI AHILYABAI HOLKAR,22.717,75.8,18.4,1015.8,62.05
2015-12-08T18:00:00,42754099999,DEVI AHILYABAI HOLKAR,22.722,75.801,18.0,,63.62
2015-12-08T21:00:00,42754099999,DEVI AHILYABAI HOLKAR,22.717,75.8,16.8,1014.9,69.09
2015-12-08T21:00:00,42754099999,DEVI AHILYABAI HOLKAR,22.722,75.801,17.0,,67.77
2015-12-08T23:00:00,42754099999,DEVI AHILYABAI HOLKAR,22.722,75.801,16.0,,72.22
2015-12-09T00:00:00,42754099999,DEVI AHILYABAI HOLKAR,22.717,75.8,15.2,1015.5,71.59
2015-12-09T00:00:00,42754099999,DEVI AHILYABAI HOLKAR,22.722,75.801,15.0,,72.03
2015-12-09T03:00:00,42754099999,DEVI AHILYABAI HOLKAR,22.717,75.8,18.4,1016.7,53.91
2015-12-09T03:00:00,42754099999,DEVI AHILYABAI HOLKAR,22.722,75.801,18.0,,55.66
2015-12-09T06:00:00,42754099999,DEVI AHILYABAI HOLKAR,22.717,75.8,28.4,1014.5,31.74
2015-12-09T06:00:00,42754099999,DEVI AHILYABAI HOLKAR,22.722,75.801,28.0,,32.49
2015-12-09T09:00:00,42754099999,DEVI AHILYABAI HOLKAR,22.717,75.8,29.6,1010.9,26.95
2015-12-09T09:00:00,42754099999,DEVI AHILYABAI HOLKAR,22.722,75.801,30.0,,27.06
2015-12-09T12:00:00,42754099999,DEVI AHILYABAI HOLKAR,22.722,75.801,26.0,,36.54
2015-12-09T15:00:00,42754099999,DEVI AHILYABAI HOLKAR,22.717,75.8,20.0,1014.6,54.32
2015-12-09T15:00:00,42754099999,DEVI AHILYABAI HOLKAR,22.722,75.801,20.0,,56.16
2015-12-09T18:00:00,42754099999,DEVI AHILYABAI HOLKAR,22.717,75.8,17.6,1015.5,66.56
2015-12-09T18:00:00,42754099999,DEVI AHILYABAI HOLKAR,22.722,75.801,18.0,,63.62
2015-12-09T21:00:00,42754099999,DEVI AHILYABAI HOLKAR,22.717,75.8,16.2,1014.4,68.97
2015-12-09T21:00:00,42754099999,DEVI AHILYABAI HOLKAR,22.722,75.801,16.0,,67.56
2015-12-09T23:00:00,42754099999,DEVI AHILYABAI HOLKAR,22.722,75.801,16.0,,72.22
2015-12-10T00:00:00,42754099999,DEVI AHILYABAI HOLKAR,22.717,75.8,14.2,1015.3,76.87
2015-12-10T00:00:00,42754099999,DEVI AHILYABAI HOLKAR,22.722,75.801,14.0,,76.84
2015-12-10T01:00:00,42754099999,DEVI AHILYABAI HOLKAR,22.722,75.801,18.0,,52.01
2015-12-10T02:00:00,42754099999,DEVI AHILYABAI HOLKAR,22.722,75.801,21.0,,49.4
2015-12-10T03:00:00,42754099999,DEVI AHILYABAI HOLKAR,22.717,75.8,22.6,1013.6,42.17
2015-12-10T03:00:00,42754099999,DEVI AHILYABAI HOLKAR,22.722,75.801,23.0,,40.89
2015-12-10T06:00:00,42754099999,DEVI AHILYABAI HOLKAR,22.717,75.8,29.0,1012.3,31.49
2015-12-10T06:00:00,42754099999,DEVI AHILYABAI HOLKAR,22.722,75.801,29.0,,30.66
2015-12-10T09:00:00,42754099999,DEVI AHILYABAI HOLKAR,22.717,75.8,29.8,1008.8,32.56
2015-12-10T09:00:00,42754099999,DEVI AHILYABAI HOLKAR,22.722,75.801,30.0,,33.05
2015-12-10T12:00:00,42754099999,DEVI AHILYABAI HOLKAR,22.717,75.8,27.6,1008.1,40.29
2015-12-10T12:00:00,42754099999,DEVI AHILYABAI HOLKAR,22.722,75.801,28.0,,39.62
2015-12-10T15:00:00,42754099999,DEVI AHILYABAI HOLKAR,22.717,75.8,22.0,1010.7,58.16
2015-12-10T15:00:00,42754099999,DEVI AHILYABAI HOLKAR,22.722,75.801,22.0,,56.66
2015-12-10T18:00:00,42754099999,DEVI AHILYABAI HOLKAR,22.717,75.8,21.2,1012.1,58.73
2015-12-10T18:00:00,42754099999,DEVI AHILYABAI HOLKAR,22.722,75.801,21.0,,60.24
2015-12-10T21:00:00,42754099999,DEVI AHILYABAI HOLKAR,22.717,75.8,20.0,1011.3,62.0
2015-12-10T21:00:00,42754099999,DEVI AHILYABAI HOLKAR,22.722,75.801,20.0,,64.07
2015-12-11T00:00:00,42754099999,DEVI AHILYABAI HOLKAR,22.717,75.8,16.2,1010.8,74.19
2015-12-11T00:00:00,42754099999,DEVI AHILYABAI HOLKAR,22.722,75.801,16.0,,77.16
2015-12-11T03:00:00,42754099999,DEVI AHILYABAI HOLKAR,22.717,75.8,19.2,1011.7,69.56
2015-12-11T03:00:00,42754099999,DEVI AHILYABAI HOLKAR,22.722,75.801,19.0,,68.18
2015-12-11T06:00:00,42754099999,DEVI AHILYABAI HOLKAR,22.717,75.8,23.4,1012.5,49.71
2015-12-11T06:00:00,42754099999,DEVI AHILYABAI HOLKAR,22.722,75.801,23.0,,49.93
2015-12-11T08:00:00,42754099999,DEVI AHILYABAI HOLKAR,22.722,75.801,25.0,,50.46
2015-12-11T09:00:00,42754099999,DEVI AHILYABAI HOLKAR,22.717,75.8,26.2,1008.7,45.49
2015-12-11T10:00:00,42754099999,DEVI AHILYABAI HOLKAR,22.722,75.801,26.0,,44.56
2015-12-11T12:00:00,42754099999,DEVI AHILYABAI HOLKAR,22.717,75.8,25.0,1008.4,39.04
2015-12-11T12:00:00,42754099999,DEVI AHILYABAI HOLKAR,22.722,75.801,25.0,,38.78
2015-12-11T15:00:00,42754099999,DEVI AHILYABAI HOLKAR,22.717,75.8,18.2,1011.7,63.67
2015-12-11T15:00:00,42754099999,DEVI AHILYABAI HOLKAR,22.722,75.801,18.0,,63.62
2015-12-11T18:00:00,42754099999,DEVI AHILYABAI HOLKAR,22.717,75.8,16.4,1013.1,59.94
2015-12-11T18:00:00,42754099999,DEVI AHILYABAI HOLKAR,22.722,75.801,16.0,,63.17
2015-12-11T21:00:00,42754099999,DEVI AHILYABAI HOLKAR,22.717,75.8,15.8,1012.1,62.7
2015-12-11T21:00:00,42754099999,DEVI AHILYABAI HOLKAR,22.722,75.801,16.0,,63.17
2015-12-11T23:00:00,42754099999,DEVI AHILYABAI HOLKAR,22.722,75.801,15.0,,58.79
2015-12-12T00:00:00,42754099999,DEVI AHILYABAI HOLKAR,22.717,75.8,15.0,1012.2,58.39
2015-12-12T00:00:00,42754099999,DEVI AHILYABAI HOLKAR,22.722,75.801,15.0,,58.79
2015-12-12T03:00:00,42754099999,DEVI AHILYABAI HOLKAR,22.717,75.8,13.0,1014.9,67.39
2015-12-12T06:00:00,42754099999,DEVI AHILYABAI HOLKAR,22.717,75.8,20.2,1013.5,41.21
2015-12-12T06:00:00,42754099999,DEVI AHILYABAI HOLKAR,22.722,75.801,20.0,,42.88
2015-12-12T07:00:00,42754099999,DEVI AHILYABAI HOLKAR,22.722,75.801,22.0,,37.92
2015-12-12T08:00:00,42754099999,DEVI AHILYABAI HOLKAR,22.722,75.801,24.0,,38.49
2015-12-12T09:00:00,42754099999,DEVI AHILYABAI HOLKAR,22.717,75.8,24.0,1009.8,35.25
2015-12-12T09:00:00,42754099999,DEVI AHILYABAI HOLKAR,22.722,75.801,24.0,,35.97
2015-12-12T12:00:00,42754099999,DEVI AHILYABAI HOLKAR,22.717,75.8,21.4,1009.7,41.55
2015-12-12T12:00:00,42754099999,DEVI AHILYABAI HOLKAR,22.722,75.801,21.0,,43.17
2015-12-12T15:00:00,42754099999,DEVI AHILYABAI HOLKAR,22.717,75.8,17.0,1012.6,53.91
2015-12-12T15:00:00,42754099999,DEVI AHILYABAI HOLKAR,22.722,75.801,17.0,,55.4
2015-12-12T18:00:00,42754099999,DEVI AHILYABAI HOLKAR,22.717,75.8,15.4,1012.9,58.89
2015-12-12T18:00:00,42754099999,DEVI AHILYABAI HOLKAR,22.722,75.801,15.0,,58.79
2015-12-12T21:00:00,42754099999,DEVI AHILYABAI HOLKAR,22.717,75.8,14.2,1012.2,66.73
2015-12-12T21:00:00,42754099999,DEVI AHILYABAI HOLKAR,22.722,75.801,14.0,,67.15
2015-12-12T23:00:00,42754099999,DEVI AHILYABAI HOLKAR,22.722,75.801,13.0,,71.66
2015-12-13T00:00:00,42754099999,DEVI AHILYABAI HOLKAR,22.717,75.8,12.0,1013.6,77.04
2015-12-13T00:00:00,42754099999,DEVI AHILYABAI HOLKAR,22.722,75.801,12.0,,76.52
2015-12-13T01:00:00,42754099999,DEVI AHILYABAI HOLKAR,22.722,75.801,11.0,,66.51
2015-12-13T02:00:00,42754099999,DEVI AHILYABAI HOLKAR,22.722,75.801,10.0,,71.09
2015-12-13T03:00:00,42754099999,DEVI AHILYABAI HOLKAR,22.717,75.8,14.6,1014.4,45.02
2015-12-13T03:00:00,42754099999,DEVI AHILYABAI HOLKAR,22.722,75.801,15.0,,44.5
2015-12-13T06:00:00,42754099999,DEVI AHILYABAI HOLKAR,22.717,75.8,20.2,1014.1,35.63
2015-12-13T09:00:00,42754099999,DEVI AHILYABAI HOLKAR,22.717,75.8,23.6,1011.1,35.86
2015-12-13T09:00:00,42754099999,DEVI AHILYABAI HOLKAR,22.722,75.801,24.0,,35.97
2015-12-13T12:00:00,42754099999,DEVI AHILYABAI HOLKAR,22.717,75.8,21.4,1011.7,48.85
2015-12-13T12:00:00,42754099999,DEVI AHILYABAI HOLKAR,22.722,75.801,21.0,,49.4
2015-12-13T15:00:00,42754099999,DEVI AHILYABAI HOLKAR,22.717,75.8,16.4,1014.2,65.42
2015-12-13T15:00:00,42754099999,DEVI AHILYABAI HOLKAR,22.722,75.801,16.0,,67.56
2015-12-13T18:00:00,42754099999,DEVI AHILYABAI HOLKAR,22.717,75.8,15.2,1015.4,63.85
2015-12-13T18:00:00,42754099999,DEVI AHILYABAI HOLKAR,22.722,75.801,15.0,,62.95
2015-12-13T21:00:00,42754099999,DEVI AHILYABAI HOLKAR,22.717,75.8,13.6,1014.8,70.33
2015-12-13T21:00:00,42754099999,DEVI AHILYABAI HOLKAR,22.722,75.801,14.0,,67.15
2015-12-14T00:00:00,42754099999,DEVI AHILYABAI HOLKAR,22.717,75.8,10.8,1015.9,76.32
2015-12-14T00:00:00,42754099999,DEVI AHILYABAI HOLKAR,22.722,75.801,11.0,,76.36
2015-12-14T01:00:00,42754099999,DEVI AHILYABAI HOLKAR,22.722,75.801,10.0,,71.09
2015-12-14T03:00:00,42754099999,DEVI AHILYABAI HOLKAR,22.717,75.8,12.8,1017.6,63.31
2015-12-14T03:00:00,42754099999,DEVI AHILYABAI HOLKAR,22.722,75.801,13.0,,62.48
2015-12-14T05:00:00,42754099999,DEVI AHILYABAI HOLKAR,22.722,75.801,18.0,,45.35
2015-12-14T06:00:00,42754099999,DEVI AHILYABAI HOLKAR,22.717,75.8,19.2,1016.1,45.69
2015-12-14T06:00:00,42754099999,DEVI AHILYABAI HOLKAR,22.722,75.801,19.0,,45.63
2015-12-14T09:00:00,42754099999,DEVI AHILYABAI HOLKAR,22.717,75.8,22.4,1013.2,43.27
2015-12-14T09:00:00,42754099999,DEVI AHILYABAI HOLKAR,22.722,75.801,22.0,,43.45
2015-12-14T12:00:00,42754099999,DEVI AHILYABAI HOLKAR,22.717,75.8,21.4,1013.3,39.07
2015-12-14T12:00:00,42754099999,DEVI AHILYABAI HOLKAR,22.722,75.801,21.0,,40.32
2015-12-14T15:00:00,42754099999,DEVI AHILYABAI HOLKAR,22.717,75.8,16.8,1016.0,55.35
2015-12-14T15:00:00,42754099999,DEVI AHILYABAI HOLKAR,22.722,75.801,17.0,,55.4
2015-12-14T18:00:00,42754099999,DEVI AHILYABAI HOLKAR,22.717,75.8,14.4,1016.7,64.99
2015-12-14T18:00:00,42754099999,DEVI AHILYABAI HOLKAR,22.722,75.801,14.0,,67.15
2015-12-14T21:00:00,42754099999,DEVI AHILYABAI HOLKAR,22.717,75.8,13.0,1016.3,67.39
2015-12-15T00:00:00,42754099999,DEVI AHILYABAI HOLKAR,22.717,75.8,10.4,1017.2,78.38
2015-12-15T00:00:00,42754099999,DEVI AHILYABAI HOLKAR,22.722,75.801,10.0,,81.62
2015-12-15T03:00:00,42754099999,DEVI AHILYABAI HOLKAR,22.717,75.8,12.6,1017.8,55.03
2015-12-15T03:00:00,42754099999,DEVI AHILYABAI HOLKAR,22.722,75.801,13.0,,54.36
2015-12-15T06:00:00,42754099999,DEVI AHILYABAI HOLKAR,22.717,75.8,19.4,1016.2,34.17
2015-12-15T06:00:00,42754099999,DEVI AHILYABAI HOLKAR,22.722,75.801,19.0,,34.54
2015-12-15T07:00:00,42754099999,DEVI AHILYABAI HOLKAR,22.722,75.801,21.0,,35.12
2015-12-15T09:00:00,42754099999,DEVI AHILYABAI HOLKAR,22.717,75.8,21.6,1012.9,31.34
2015-12-15T09:00:00,42754099999,DEVI AHILYABAI HOLKAR,22.722,75.801,22.0,,30.8
2015-12-15T12:00:00,42754099999,DEVI AHILYABAI HOLKAR,22.717,75.8,21.4,1012.0,34.99
2015-12-15T12:00:00,42754099999,DEVI AHILYABAI HOLKAR,22.722,75.801,21.0,,35.12
2015-12-15T15:00:00,42754099999,DEVI AHILYABAI HOLKAR,22.717,75.8,16.8,1015.1,46.93
2015-12-15T15:00:00,42754099999,DEVI AHILYABAI HOLKAR,22.722,75.801,17.0,,45.07
2015-12-15T18:00:00,42754099999,DEVI AHILYABAI HOLKAR,22.717,75.8,15.4,1015.4,51.67
2015-12-15T18:00:00,42754099999,DEVI AHILYABAI HOLKAR,22.722,75.801,15.0,,51.21
2015-12-15T21:00:00,42754099999,DEVI AHILYABAI HOLKAR,22.717,75.8,13.0,1014.9,67.39
2015-12-15T21:00:00,42754099999,DEVI AHILYABAI HOLKAR,22.722,75.801,13.0,,66.93
2015-12-15T23:00:00,42754099999,DEVI AHILYABAI HOLKAR,22.722,75.801,12.0,,71.47
2015-12-16T00:00:00,42754099999,DEVI AHILYABAI HOLKAR,22.717,75.8,10.2,1015.6,78.89
2015-12-16T00:00:00,42754099999,DEVI AHILYABAI HOLKAR,22.722,75.801,10.0,,81.62
2015-12-16T01:00:00,42754099999,DEVI AHILYABAI HOLKAR,22.722,75.801,11.0,,62.02
2015-12-16T02:00:00,42754099999,DEVI AHILYABAI HOLKAR,22.722,75.801,12.0,,58.05
2015-12-16T03:00:00,42754099999,DEVI AHILYABAI HOLKAR,22.717,75.8,14.6,1015.9,54.03
2015-12-16T03:00:00,42754099999,DEVI AHILYABAI HOLKAR,22.722,75.801,15.0,,51.21
2015-12-16T06:00:00,42754099999,DEVI AHILYABAI HOLKAR,22.717,75.8,22.6,1014.6,29.28
2015-12-16T06:00:00,42754099999,DEVI AHILYABAI HOLKAR,22.722,75.801,23.0,,28.99
2015-12-16T09:00:00,42754099999,DEVI AHILYABAI HOLKAR,22.717,75.8,25.0,1010.9,29.75
2015-12-16T09:00:00,42754099999,DEVI AHILYABAI HOLKAR,22.722,75.801,25.0,,29.55
2015-12-16T12:00:00,42754099999,DEVI AHILYABAI HOLKAR,22.717,75.8,23.2,1009.7,39.05
2015-12-16T12:00:00,42754099999,DEVI AHILYABAI HOLKAR,22.722,75.801,23.0,,40.89
2015-12-16T15:00:00,42754099999,DEVI AHILYABAI HOLKAR,22.717,75.8,17.2,1013.8,58.93
2015-12-16T15:00:00,42754099999,DEVI AHILYABAI HOLKAR,22.722,75.801,17.0,,59.28
2015-12-16T18:00:00,42754099999,DEVI AHILYABAI HOLKAR,22.717,75.8,16.0,1013.8,64.9
2015-12-16T18:00:00,42754099999,DEVI AHILYABAI HOLKAR,22.722,75.801,16.0,,63.17
2015-12-16T21:00:00,42754099999,DEVI AHILYABAI HOLKAR,22.717,75.8,13.6,1013.0,72.26
2015-12-16T21:00:00,42754099999,DEVI AHILYABAI HOLKAR,22.722,75.801,14.0,,71.85
2015-12-17T00:00:00,42754099999,DEVI AHILYABAI HOLKAR,22.717,75.8,11.0,1013.9,71.78
2015-12-17T00:00:00,42754099999,DEVI AHILYABAI HOLKAR,22.722,75.801,11.0,,71.28
2015-12-17T03:00:00,42754099999,DEVI AHILYABAI HOLKAR,22.717,75.8,13.0,1015.9,76.17
2015-12-17T03:00:00,42754099999,DEVI AHILYABAI HOLKAR,22.722,75.801,13.0,,76.68
2015-12-17T06:00:00,42754099999,DEVI AHILYABAI HOLKAR,22.717,75.8,22.6,1015.0,36.82
2015-12-17T06:00:00,42754099999,DEVI AHILYABAI HOLKAR,22.722,75.801,23.0,,35.69
2015-12-17T09:00:00,42754099999,DEVI AHILYABAI HOLKAR,22.717,75.8,23.6,1011.9,27.37
2015-12-17T09:00:00,42754099999,DEVI AHILYABAI HOLKAR,22.722,75.801,24.0,,27.29
2015-12-17T10:00:00,42754099999,DEVI AHILYABAI HOLKAR,22.722,75.801,24.0,,31.37
2015-12-17T12:00:00,42754099999,DEVI AHILYABAI HOLKAR,22.717,75.8,22.6,1011.5,31.85
2015-12-17T12:00:00,42754099999,DEVI AHILYABAI HOLKAR,22.722,75.801,23.0,,31.08
2015-12-17T15:00:00,42754099999,DEVI AHILYABAI HOLKAR,22.717,75.8,16.4,1015.2,63.69
2015-12-17T15:00:00,42754099999,DEVI AHILYABAI HOLKAR,22.722,75.801,16.0,,63.17
2015-12-17T18:00:00,42754099999,DEVI AHILYABAI HOLKAR,22.717,75.8,15.0,1016.7,65.56
2015-12-17T18:00:00,42754099999,DEVI AHILYABAI HOLKAR,22.722,75.801,15.0,,67.36
2015-12-17T21:00:00,42754099999,DEVI AHILYABAI HOLKAR,22.717,75.8,13.2,1015.5,76.2
2015-12-17T21:00:00,42754099999,DEVI AHILYABAI HOLKAR,22.722,75.801,13.0,,76.68
2015-12-17T23:00:00,42754099999,DEVI AHILYABAI HOLKAR,22.722,75.801,12.0,,81.88
2015-12-18T00:00:00,42754099999,DEVI AHILYABAI HOLKAR,22.717,75.8,11.4,1016.6,74.87
2015-12-18T00:00:00,42754099999,DEVI AHILYABAI HOLKAR,22.722,75.801,11.0,,76.36
2015-12-18T03:00:00,42754099999,DEVI AHILYABAI HOLKAR,22.717,75.8,13.4,1018.7,54.09
2015-12-18T03:00:00,42754099999,DEVI AHILYABAI HOLKAR,22.722,75.801,13.0,,54.36
2015-12-18T06:00:00,42754099999,DEVI AHILYABAI HOLKAR,22.717,75.8,20.2,1017.8,31.39
2015-12-18T06:00:00,42754099999,DEVI AHILYABAI HOLKAR,22.722,75.801,20.0,,32.46
2015-12-18T09:00:00,42754099999,DEVI AHILYABAI HOLKAR,22.717,75.8,22.2,1014.7,29.79
2015-12-18T09:00:00,42754099999,DEVI AHILYABAI HOLKAR,22.722,75.801,22.0,,30.8
2015-12-18T12:00:00,42754099999,DEVI AHILYABAI HOLKAR,22.717,75.8,21.4,1014.3,28.33
2015-12-18T12:00:00,42754099999,DEVI AHILYABAI HOLKAR,22.722,75.801,21.0,,28.42
2015-12-18T15:00:00,42754099999,DEVI AHILYABAI HOLKAR,22.717,75.8,17.2,1017.1,45.76
2015-12-18T15:00:00,42754099999,DEVI AHILYABAI HOLKAR,22.722,75.801,17.0,,45.07
2015-12-18T18:00:00,42754099999,DEVI AHILYABAI HOLKAR,22.717,75.8,14.2,1017.9,62.76
2015-12-18T18:00:00,42754099999,DEVI AHILYABAI HOLKAR,22.722,75.801,14.0,,62.72
2015-12-18T21:00:00,42754099999,DEVI AHILYABAI HOLKAR,22.717,75.8,12.4,1017.1,66.81
2015-12-18T21:00:00,42754099999,DEVI AHILYABAI HOLKAR,22.722,75.801,12.0,,66.72
2015-12-18T23:00:00,42754099999,DEVI AHILYABAI HOLKAR,22.722,75.801,11.0,,76.36
2015-12-19T00:00:00,42754099999,DEVI AHILYABAI HOLKAR,22.717,75.8,10.2,1017.7,73.64
2015-12-19T00:00:00,42754099999,DEVI AHILYABAI HOLKAR,22.722,75.801,10.0,,76.19
2015-12-19T01:00:00,42754099999,DEVI AHILYABAI HOLKAR,22.722,75.801,11.0,,71.28
2015-12-19T03:00:00,42754099999,DEVI AHILYABAI HOLKAR,22.717,75.8,13.8,1019.5,47.08
2015-12-19T03:00:00,42754099999,DEVI AHILYABAI HOLKAR,22.722,75.801,14.0,,47.47
2015-12-19T06:00:00,42754099999,DEVI AHILYABAI HOLKAR,22.717,75.8,21.0,1018.0,31.61
2015-12-19T06:00:00,42754099999,DEVI AHILYABAI HOLKAR,22.722,75.801,21.0,,30.52
2015-12-19T09:00:00,42754099999,DEVI AHILYABAI HOLKAR,22.717,75.8,26.4,1013.5,27.57
2015-12-19T09:00:00,42754099999,DEVI AHILYABAI HOLKAR,22.722,75.801,26.0,,27.84
2015-12-19T11:00:00,42754099999,DEVI AHILYABAI HOLKAR,22.722,75.801,27.0,,30.1
2015-12-19T12:00:00,42754099999,DEVI AHILYABAI HOLKAR,22.717,75.8,24.2,1013.7,35.54
2015-12-19T12:00:00,42754099999,DEVI AHILYABAI HOLKAR,22.722,75.801,24.0,,35.97
2015-12-19T15:00:00,42754099999,DEVI AHILYABAI HOLKAR,22.717,75.8,20.0,1016.3,46.86
2015-12-19T15:00:00,42754099999,DEVI AHILYABAI HOLKAR,22.722,75.801,20.0,,45.91
2015-12-19T18:00:00,42754099999,DEVI AHILYABAI HOLKAR,22.717,75.8,17.4,1016.5,54.39
2015-12-19T18:00:00,42754099999,DEVI AHILYABAI HOLKAR,22.722,75.801,17.0,,55.4
2015-12-19T21:00:00,42754099999,DEVI AHILYABAI HOLKAR,22.717,75.8,15.0,1015.7,63.81
2015-12-19T21:00:00,42754099999,DEVI AHILYABAI HOLKAR,22.722,75.801,15.0,,62.95
2015-12-20T00:00:00,42754099999,DEVI AHILYABAI HOLKAR,22.717,75.8,11.0,1017.1,74.29
2015-12-20T00:00:00,42754099999,DEVI AHILYABAI HOLKAR,22.722,75.801,11.0,,76.36
2015-12-20T03:00:00,42754099999,DEVI AHILYABAI HOLKAR,22.717,75.8,17.6,1016.5,52.98
2015-12-20T03:00:00,42754099999,DEVI AHILYABAI HOLKAR,22.722,75.801,18.0,,52.01
2015-12-20T06:00:00,42754099999,DEVI AHILYABAI HOLKAR,22.717,75.8,26.0,1014.5,41.73
2015-12-20T06:00:00,42754099999,DEVI AHILYABAI HOLKAR,22.722,75.801,26.0,,41.73
2015-12-20T07:00:00,42754099999,DEVI AHILYABAI HOLKAR,22.722,75.801,26.0,,41.73
2015-12-20T08:00:00,42754099999,DEVI AHILYABAI HOLKAR,22.722,75.801,27.0,,42.01
2015-12-20T09:00:00,42754099999,DEVI AHILYABAI HOLKAR,22.717,75.8,27.4,1011.8,41.03
2015-12-20T09:00:00,42754099999,DEVI AHILYABAI HOLKAR,22.722,75.801,27.0,,42.01
2015-12-20T10:00:00,42754099999,DEVI AHILYABAI HOLKAR,22.722,75.801,27.0,,42.01
2015-12-20T12:00:00,42754099999,DEVI AHILYABAI HOLKAR,22.717,75.8,25.0,1011.8,46.37
2015-12-20T12:00:00,42754099999,DEVI AHILYABAI HOLKAR,22.722,75.801,25.0,,47.28
2015-12-20T15:00:00,42754099999,DEVI AHILYABAI HOLKAR,22.717,75.8,20.0,1014.3,54.32
2015-12-20T15:00:00,42754099999,DEVI AHILYABAI HOLKAR,22.722,75.801,20.0,,52.54
2015-12-20T18:00:00,42754099999,DEVI AHILYABAI HOLKAR,22.717,75.8,16.4,1014.8,67.2
2015-12-20T18:00:00,42754099999,DEVI AHILYABAI HOLKAR,22.722,75.801,16.0,,67.56
2015-12-20T21:00:00,42754099999,DEVI AHILYABAI HOLKAR,22.717,75.8,15.2,1013.7,71.59
2015-12-20T21:00:00,42754099999,DEVI AHILYABAI HOLKAR,22.722,75.801,15.0,,72.03
2015-12-20T23:00:00,42754099999,DEVI AHILYABAI HOLKAR,22.722,75.801,14.0,,76.84
2015-12-21T00:00:00,42754099999,DEVI AHILYABAI HOLKAR,22.717,75.8,12.6,1015.0,79.78
2015-12-21T00:00:00,42754099999,DEVI AHILYABAI HOLKAR,22.722,75.801,13.0,,76.68
2015-12-21T03:00:00,42754099999,DEVI AHILYABAI HOLKAR,22.717,75.8,14.0,1017.4,53.12
2015-12-21T03:00:00,42754099999,DEVI AHILYABAI HOLKAR,22.722,75.801,14.0,,54.62
2015-12-21T06:00:00,42754099999,DEVI AHILYABAI HOLKAR,22.717,75.8,21.0,1016.5,37.12
2015-12-21T06:00:00,42754099999,DEVI AHILYABAI HOLKAR,22.722,75.801,21.0,,37.64
2015-12-21T09:00:00,42754099999,DEVI AHILYABAI HOLKAR,22.717,75.8,23.0,1013.2,36.18
2015-12-21T09:00:00,42754099999,DEVI AHILYABAI HOLKAR,22.722,75.801,23.0,,35.69
2015-12-21T12:00:00,42754099999,DEVI AHILYABAI HOLKAR,22.717,75.8,21.0,1013.4,41.15
2015-12-21T12:00:00,42754099999,DEVI AHILYABAI HOLKAR,22.722,75.801,21.0,,40.32
2015-12-21T15:00:00,42754099999,DEVI AHILYABAI HOLKAR,22.717,75.8,17.2,1016.4,52.51
2015-12-21T15:00:00,42754099999,DEVI AHILYABAI HOLKAR,22.722,75.801,17.0,,51.75
2015-12-21T18:00:00,42754099999,DEVI AHILYABAI HOLKAR,22.717,75.8,14.4,1017.3,64.99
2015-12-21T18:00:00,42754099999,DEVI AHILYABAI HOLKAR,22.722,75.801,14.0,,67.15
2015-12-21T21:00:00,42754099999,DEVI AHILYABAI HOLKAR,22.717,75.8,12.0,1016.4,79.7
2015-12-21T21:00:00,42754099999,DEVI AHILYABAI HOLKAR,22.722,75.801,12.0,,81.88
2015-12-21T23:00:00,42754099999,DEVI AHILYABAI HOLKAR,22.722,75.801,11.0,,81.75
2015-12-22T00:00:00,42754099999,DEVI AHILYABAI HOLKAR,22.717,75.8,10.6,1017.0,80.59
2015-12-22T00:00:00,42754099999,DEVI AHILYABAI HOLKAR,22.722,75.801,11.0,,76.36
2015-12-22T01:00:00,42754099999,DEVI AHILYABAI HOLKAR,22.722,75.801,11.0,,66.51
2015-12-22T03:00:00,42754099999,DEVI AHILYABAI HOLKAR,22.717,75.8,13.4,1018.8,54.09
2015-12-22T03:00:00,42754099999,DEVI AHILYABAI HOLKAR,22.722,75.801,13.0,,54.36
2015-12-22T06:00:00,42754099999,DEVI AHILYABAI HOLKAR,22.717,75.8,21.0,1018.4,37.12
2015-12-22T06:00:00,42754099999,DEVI AHILYABAI HOLKAR,22.722,75.801,21.0,,37.64
2015-12-22T08:00:00,42754099999,DEVI AHILYABAI HOLKAR,22.722,75.801,23.0,,35.69
2015-12-22T09:00:00,42754099999,DEVI AHILYABAI HOLKAR,22.717,75.8,22.6,1015.1,36.82
2015-12-22T09:00:00,42754099999,DEVI AHILYABAI HOLKAR,22.722,75.801,23.0,,35.69
2015-12-22T11:00:00,42754099999,DEVI AHILYABAI HOLKAR,22.722,75.801,21.0,,40.32
2015-12-22T12:00:00,42754099999,DEVI AHILYABAI HOLKAR,22.717,75.8,20.4,1016.1,47.29
2015-12-22T12:00:00,42754099999,DEVI AHILYABAI HOLKAR,22.722,75.801,20.0,,49.13
2015-12-22T13:00:00,42754099999,DEVI AHILYABAI HOLKAR,22.722,75.801,19.0,,52.28
2015-12-22T15:00:00,42754099999,DEVI AHILYABAI HOLKAR,22.717,75.8,15.8,1018.9,61.03
2015-12-22T15:00:00,42754099999,DEVI AHILYABAI HOLKAR,22.722,75.801,16.0,,59.04
2015-12-22T18:00:00,42754099999,DEVI AHILYABAI HOLKAR,22.717,75.8,14.0,1019.7,68.53
2015-12-22T18:00:00,42754099999,DEVI AHILYABAI HOLKAR,22.722,75.801,14.0,,67.15
2015-12-22T21:00:00,42754099999,DEVI AHILYABAI HOLKAR,22.717,75.8,12.4,1018.5,73.03
2015-12-23T00:00:00,42754099999,DEVI AHILYABAI HOLKAR,22.717,75.8,10.6,1019.5,78.42
2015-12-23T00:00:00,42754099999,DEVI AHILYABAI HOLKAR,22.722,75.801,11.0,,76.36
2015-12-23T03:00:00,42754099999,DEVI AHILYABAI HOLKAR,22.717,75.8,11.0,1021.2,63.33
2015-12-23T03:00:00,42754099999,DEVI AHILYABAI HOLKAR,22.722,75.801,11.0,,62.02
2015-12-23T06:00:00,42754099999,DEVI AHILYABAI HOLKAR,22.717,75.8,19.4,1019.7,35.65
2015-12-23T09:00:00,42754099999,DEVI AHILYABAI HOLKAR,22.717,75.8,21.8,1016.2,31.62
2015-12-23T09:00:00,42754099999,DEVI AHILYABAI HOLKAR,22.722,75.801,22.0,,30.8
2015-12-23T12:00:00,42754099999,DEVI AHILYABAI HOLKAR,22.717,75.8,20.0,1015.8,42.3
2015-12-23T12:00:00,42754099999,DEVI AHILYABAI HOLKAR,22.722,75.801,20.0,,42.88
2015-12-23T15:00:00,42754099999,DEVI AHILYABAI HOLKAR,22.717,75.8,15.6,1019.1,55.42
2015-12-23T15:00:00,42754099999,DEVI AHILYABAI HOLKAR,22.722,75.801,16.0,,55.14
2015-12-23T18:00:00,42754099999,DEVI AHILYABAI HOLKAR,22.717,75.8,13.8,1020.2,60.55
2015-12-23T18:00:00,42754099999,DEVI AHILYABAI HOLKAR,22.722,75.801,14.0,,58.55
2015-12-23T21:00:00,42754099999,DEVI AHILYABAI HOLKAR,22.717,75.8,12.4,1019.0,64.99
2015-12-23T21:00:00,42754099999,DEVI AHILYABAI HOLKAR,22.722,75.801,12.0,,66.72
2015-12-23T23:00:00,42754099999,DEVI AHILYABAI HOLKAR,22.722,75.801,12.0,,62.25
2015-12-24T00:00:00,42754099999,DEVI AHILYABAI HOLKAR,22.717,75.8,11.4,1020.2,67.99
2015-12-24T00:00:00,42754099999,DEVI AHILYABAI HOLKAR,22.722,75.801,11.0,,71.28
2015-12-24T03:00:00,42754099999,DEVI AHILYABAI HOLKAR,22.717,75.8,10.2,1021.8,71.13
2015-12-24T03:00:00,42754099999,DEVI AHILYABAI HOLKAR,22.722,75.801,10.0,,71.09
2015-12-24T06:00:00,42754099999,DEVI AHILYABAI HOLKAR,22.717,75.8,19.6,1020.1,33.27
2015-12-24T09:00:00,42754099999,DEVI AHILYABAI HOLKAR,22.717,75.8,20.8,1017.3,29.82
2015-12-24T09:00:00,42754099999,DEVI AHILYABAI HOLKAR,22.722,75.801,21.0,,30.52
2015-12-24T12:00:00,42754099999,DEVI AHILYABAI HOLKAR,22.717,75.8,19.4,1017.4,34.17
2015-12-24T12:00:00,42754099999,DEVI AHILYABAI HOLKAR,22.722,75.801,19.0,,34.54
2015-12-24T15:00:00,42754099999,DEVI AHILYABAI HOLKAR,22.717,75.8,15.2,1020.1,51.26
2015-12-24T15:00:00,42754099999,DEVI AHILYABAI HOLKAR,22.722,75.801,15.0,,51.21
2015-12-24T18:00:00,42754099999,DEVI AHILYABAI HOLKAR,22.717,75.8,13.4,1021.3,63.88
2015-12-24T18:00:00,42754099999,DEVI AHILYABAI HOLKAR,22.722,75.801,13.0,,66.93
2015-12-24T21:00:00,42754099999,DEVI AHILYABAI HOLKAR,22.717,75.8,12.0,1020.8,70.98
2015-12-24T21:00:00,42754099999,DEVI AHILYABAI HOLKAR,22.722,75.801,12.0,,71.47
2015-12-24T23:00:00,42754099999,DEVI AHILYABAI HOLKAR,22.722,75.801,11.0,,76.36
2015-12-25T00:00:00,42754099999,DEVI AHILYABAI HOLKAR,22.717,75.8,9.4,1021.3,82.67
2015-12-25T00:00:00,42754099999,DEVI AHILYABAI HOLKAR,22.722,75.801,9.0,,87.29
2015-12-25T01:00:00,42754099999,DEVI AHILYABAI HOLKAR,22.722,75.801,10.0,,76.19
2015-12-25T02:00:00,42754099999,DEVI AHILYABAI HOLKAR,22.722,75.801,10.0,,66.29
2015-12-25T03:00:00,42754099999,DEVI AHILYABAI HOLKAR,22.717,75.8,11.4,1023.3,63.87
2015-12-25T05:00:00,42754099999,DEVI AHILYABAI HOLKAR,22.722,75.801,17.0,,39.17
2015-12-25T06:00:00,42754099999,DEVI AHILYABAI HOLKAR,22.717,75.8,17.8,1021.9,37.24
2015-12-25T08:00:00,42754099999,DEVI AHILYABAI HOLKAR,22.722,75.801,20.0,,32.46
2015-12-25T09:00:00,42754099999,DEVI AHILYABAI HOLKAR,22.717,75.8,20.4,1018.2,30.56
2015-12-25T09:00:00,42754099999,DEVI AHILYABAI HOLKAR,22.722,75.801,20.0,,32.46
2015-12-25T12:00:00,42754099999,DEVI AHILYABAI HOLKAR,22.717,75.8,19.0,1018.6,40.87
2015-12-25T12:00:00,42754099999,DEVI AHILYABAI HOLKAR,22.722,75.801,19.0,,39.75
2015-12-25T15:00:00,42754099999,DEVI AHILYABAI HOLKAR,22.717,75.8,15.0,1021.0,52.65
2015-12-25T15:00:00,42754099999,DEVI AHILYABAI HOLKAR,22.722,75.801,15.0,,51.21
2015-12-25T18:00:00,42754099999,DEVI AHILYABAI HOLKAR,22.717,75.8,13.0,1021.3,65.57
2015-12-25T18:00:00,42754099999,DEVI AHILYABAI HOLKAR,22.722,75.801,13.0,,66.93
2015-12-25T21:00:00,42754099999,DEVI AHILYABAI HOLKAR,22.717,75.8,10.8,1020.4,81.17
2015-12-25T21:00:00,42754099999,DEVI AHILYABAI HOLKAR,22.722,75.801,11.0,,81.75
2015-12-26T00:00:00,42754099999,DEVI AHILYABAI HOLKAR,22.717,75.8,9.4,1020.3,82.67
2015-12-26T00:00:00,42754099999,DEVI AHILYABAI HOLKAR,22.722,75.801,9.0,,87.29
2015-12-26T03:00:00,42754099999,DEVI AHILYABAI HOLKAR,22.717,75.8,12.4,1021.8,48.73
2015-12-26T03:00:00,42754099999,DEVI AHILYABAI HOLKAR,22.722,75.801,12.0,,50.39
2015-12-26T05:00:00,42754099999,DEVI AHILYABAI HOLKAR,22.722,75.801,19.0,,29.95
2015-12-26T06:00:00,42754099999,DEVI AHILYABAI HOLKAR,22.717,75.8,20.0,1020.9,29.8
2015-12-26T06:00:00,42754099999,DEVI AHILYABAI HOLKAR,22.722,75.801,20.0,,30.23
2015-12-26T09:00:00,42754099999,DEVI AHILYABAI HOLKAR,22.717,75.8,22.4,1017.1,27.62
2015-12-26T09:00:00,42754099999,DEVI AHILYABAI HOLKAR,22.722,75.801,22.0,,28.71
2015-12-26T11:00:00,42754099999,DEVI AHILYABAI HOLKAR,22.722,75.801,23.0,,25.16
2015-12-26T12:00:00,42754099999,DEVI AHILYABAI HOLKAR,22.717,75.8,22.4,1016.9,25.18
2015-12-26T12:00:00,42754099999,DEVI AHILYABAI HOLKAR,22.722,75.801,22.0,,24.89
2015-12-26T15:00:00,42754099999,DEVI AHILYABAI HOLKAR,22.717,75.8,18.2,1020.2,42.67
2015-12-26T18:00:00,42754099999,DEVI AHILYABAI HOLKAR,22.717,75.8,15.0,1017.1,50.85
2015-12-26T18:00:00,42754099999,DEVI AHILYABAI HOLKAR,22.722,75.801,15.0,,51.21
2015-12-26T21:00:00,42754099999,DEVI AHILYABAI HOLKAR,22.717,75.8,13.4,1020.6,57.99
2015-12-26T21:00:00,42754099999,DEVI AHILYABAI HOLKAR,22.722,75.801,13.0,,58.3
2015-12-26T23:00:00,42754099999,DEVI AHILYABAI HOLKAR,22.722,75.801,13.0,,58.3
2015-12-27T00:00:00,42754099999,DEVI AHILYABAI HOLKAR,22.717,75.8,11.4,1021.1,63.87
2015-12-27T00:00:00,42754099999,DEVI AHILYABAI HOLKAR,22.722,75.801,11.0,,66.51
2015-12-27T03:00:00,42754099999,DEVI AHILYABAI HOLKAR,22.717,75.8,15.6,1022.7,41.33
2015-12-27T03:00:00,42754099999,DEVI AHILYABAI HOLKAR,22.722,75.801,16.0,,41.74
2015-12-27T06:00:00,42754099999,DEVI AHILYABAI HOLKAR,22.717,75.8,23.2,1020.4,24.33
2015-12-27T06:00:00,42754099999,DEVI AHILYABAI HOLKAR,22.722,75.801,23.0,,25.16
2015-12-27T07:00:00,42754099999,DEVI AHILYABAI HOLKAR,22.722,75.801,25.0,,25.7
2015-12-27T09:00:00,42754099999,DEVI AHILYABAI HOLKAR,22.717,75.8,26.0,1017.4,22.73
2015-12-27T09:00:00,42754099999,DEVI AHILYABAI HOLKAR,22.722,75.801,26.0,,22.57
2015-12-27T12:00:00,42754099999,DEVI AHILYABAI HOLKAR,22.717,75.8,24.2,1017.1,28.52
2015-12-27T12:00:00,42754099999,DEVI AHILYABAI HOLKAR,22.722,75.801,24.0,,29.27
2015-12-27T15:00:00,42754099999,DEVI AHILYABAI HOLKAR,22.717,75.8,19.6,1020.1,41.9
2015-12-27T15:00:00,42754099999,DEVI AHILYABAI HOLKAR,22.722,75.801,20.0,,40.03
2015-12-27T18:00:00,42754099999,DEVI AHILYABAI HOLKAR,22.717,75.8,16.4,1021.3,58.34
2015-12-27T18:00:00,42754099999,DEVI AHILYABAI HOLKAR,22.722,75.801,16.0,,59.04
2015-12-27T21:00:00,42754099999,DEVI AHILYABAI HOLKAR,22.717,75.8,14.4,1020.3,63.24
2015-12-27T21:00:00,42754099999,DEVI AHILYABAI HOLKAR,22.722,75.801,14.0,,62.72
2015-12-27T23:00:00,42754099999,DEVI AHILYABAI HOLKAR,22.722,75.801,13.0,,66.93
2015-12-28T00:00:00,42754099999,DEVI AHILYABAI HOLKAR,22.717,75.8,11.8,1021.5,74.94
2015-12-28T00:00:00,42754099999,DEVI AHILYABAI HOLKAR,22.722,75.801,12.0,,71.47
2015-12-28T01:00:00,42754099999,DEVI AHILYABAI HOLKAR,22.722,75.801,13.0,,62.48
2015-12-28T02:00:00,42754099999,DEVI AHILYABAI HOLKAR,22.722,75.801,16.0,,44.79
2015-12-28T03:00:00,42754099999,DEVI AHILYABAI HOLKAR,22.717,75.8,18.6,1021.6,38.81
2015-12-28T06:00:00,42754099999,DEVI AHILYABAI HOLKAR,22.717,75.8,26.8,1021.1,17.12
2015-12-28T06:00:00,42754099999,DEVI AHILYABAI HOLKAR,22.722,75.801,27.0,,17.17
2015-12-28T09:00:00,42754099999,DEVI AHILYABAI HOLKAR,22.717,75.8,28.4,1017.9,21.79
2015-12-28T09:00:00,42754099999,DEVI AHILYABAI HOLKAR,22.722,75.801,28.0,,23.1
2015-12-28T12:00:00,42754099999,DEVI AHILYABAI HOLKAR,22.717,75.8,27.0,1017.4,28.5
2015-12-28T12:00:00,42754099999,DEVI AHILYABAI HOLKAR,22.722,75.801,27.0,,28.12
2015-12-28T15:00:00,42754099999,DEVI AHILYABAI HOLKAR,22.717,75.8,21.6,1020.0,46.05
2015-12-28T15:00:00,42754099999,DEVI AHILYABAI HOLKAR,22.722,75.801,22.0,,43.45
2015-12-28T18:00:00,42754099999,DEVI AHILYABAI HOLKAR,22.717,75.8,16.6,1021.6,65.47
2015-12-28T18:00:00,42754099999,DEVI AHILYABAI HOLKAR,22.722,75.801,17.0,,63.4
2015-12-28T21:00:00,42754099999,DEVI AHILYABAI HOLKAR,22.717,75.8,15.4,1020.4,67.89
2015-12-28T21:00:00,42754099999,DEVI AHILYABAI HOLKAR,22.722,75.801,15.0,,67.36
2015-12-28T23:00:00,42754099999,DEVI AHILYABAI HOLKAR,22.722,75.801,15.0,,67.36
2015-12-29T00:00:00,42754099999,DEVI AHILYABAI HOLKAR,22.717,75.8,14.2,1021.0,68.57
2015-12-29T00:00:00,42754099999,DEVI AHILYABAI HOLKAR,22.722,75.801,14.0,,71.85
2015-12-29T03:00:00,42754099999,DEVI AHILYABAI HOLKAR,22.717,75.8,16.0,1021.2,52.56
2015-12-29T06:00:00,42754099999,DEVI AHILYABAI HOLKAR,22.717,75.8,28.4,1018.6,22.72
2015-12-29T06:00:00,42754099999,DEVI AHILYABAI HOLKAR,22.722,75.801,28.0,,23.1
2015-12-29T08:00:00,42754099999,DEVI AHILYABAI HOLKAR,22.722,75.801,30.0,,23.62
2015-12-29T09:00:00,42754099999,DEVI AHILYABAI HOLKAR,22.717,75.8,31.0,1015.2,23.08
2015-12-29T10:00:00,42754099999,DEVI AHILYABAI HOLKAR,22.722,75.801,31.0,,27.33
2015-12-29T11:00:00,42754099999,DEVI AHILYABAI HOLKAR,22.722,75.801,30.0,,28.94
2015-12-29T12:00:00,42754099999,DEVI AHILYABAI HOLKAR,22.717,75.8,28.4,1014.5,35.77
2015-12-29T12:00:00,42754099999,DEVI AHILYABAI HOLKAR,22.722,75.801,28.0,,37.1
2015-12-29T15:00:00,42754099999,DEVI AHILYABAI HOLKAR,22.717,75.8,23.4,1017.3,43.26
2015-12-29T15:00:00,42754099999,DEVI AHILYABAI HOLKAR,22.722,75.801,23.0,,43.73
2015-12-29T18:00:00,42754099999,DEVI AHILYABAI HOLKAR,22.717,75.8,19.2,1017.6,59.81
2015-12-29T18:00:00,42754099999,DEVI AHILYABAI HOLKAR,22.722,75.801,19.0,,59.76
2015-12-29T21:00:00,42754099999,DEVI AHILYABAI HOLKAR,22.717,75.8,17.2,1016.5,66.03
2015-12-30T00:00:00,42754099999,DEVI AHILYABAI HOLKAR,22.717,75.8,13.8,1017.7,74.27
2015-12-30T00:00:00,42754099999,DEVI AHILYABAI HOLKAR,22.722,75.801,14.0,,71.85
2015-12-30T03:00:00,42754099999,DEVI AHILYABAI HOLKAR,22.717,75.8,18.0,1018.1,59.92
2015-12-30T06:00:00,42754099999,DEVI AHILYABAI HOLKAR,22.717,75.8,30.0,1016.2,27.06
2015-12-30T06:00:00,42754099999,DEVI AHILYABAI HOLKAR,22.722,75.801,30.0,,27.06
2015-12-30T07:00:00,42754099999,DEVI AHILYABAI HOLKAR,22.722,75.801,31.0,,27.33
2015-12-30T08:00:00,42754099999,DEVI AHILYABAI HOLKAR,22.722,75.801,32.0,,22.56
2015-12-30T09:00:00,42754099999,DEVI AHILYABAI HOLKAR,22.717,75.8,31.8,1012.1,19.09
2015-12-30T09:00:00,42754099999,DEVI AHILYABAI HOLKAR,22.722,75.801,32.0,,24.14
2015-12-30T12:00:00,42754099999,DEVI AHILYABAI HOLKAR,22.717,75.8,29.0,1012.2,31.49
2015-12-30T12:00:00,42754099999,DEVI AHILYABAI HOLKAR,22.722,75.801,29.0,,30.66
2015-12-30T15:00:00,42754099999,DEVI AHILYABAI HOLKAR,22.717,75.8,22.4,1015.1,45.96
2015-12-30T15:00:00,42754099999,DEVI AHILYABAI HOLKAR,22.722,75.801,22.0,,46.47
2015-12-30T18:00:00,42754099999,DEVI AHILYABAI HOLKAR,22.717,75.8,19.4,1016.2,58.29
2015-12-30T18:00:00,42754099999,DEVI AHILYABAI HOLKAR,22.722,75.801,19.0,,59.76
2015-12-30T21:00:00,42754099999,DEVI AHILYABAI HOLKAR,22.717,75.8,17.4,1014.9,67.85
2015-12-30T21:00:00,42754099999,DEVI AHILYABAI HOLKAR,22.722,75.801,17.0,,67.77
2015-12-30T23:00:00,42754099999,DEVI AHILYABAI HOLKAR,22.722,75.801,17.0,,67.77
2015-12-31T00:00:00,42754099999,DEVI AHILYABAI HOLKAR,22.717,75.8,16.2,1015.7,70.83
2015-12-31T00:00:00,42754099999,DEVI AHILYABAI HOLKAR,22.722,75.801,16.0,,72.22
2015-12-31T03:00:00,42754099999,DEVI AHILYABAI HOLKAR,22.717,75.8,19.2,1018.2,44.15
2015-12-31T03:00:00,42754099999,DEVI AHILYABAI HOLKAR,22.722,75.801,19.0,,45.63
2015-12-31T05:00:00,42754099999,DEVI AHILYABAI HOLKAR,22.722,75.801,26.0,,36.54
2015-12-31T06:00:00,42754099999,DEVI AHILYABAI HOLKAR,22.717,75.8,28.4,1017.3,29.68
2015-12-31T07:00:00,42754099999,DEVI AHILYABAI HOLKAR,22.722,75.801,30.0,,27.06
2015-12-31T09:00:00,42754099999,DEVI AHILYABAI HOLKAR,22.717,75.8,30.4,1014.1,26.62
2015-12-31T09:00:00,42754099999,DEVI AHILYABAI HOLKAR,22.722,75.801,30.0,,27.06
2015-12-31T12:00:00,42754099999,DEVI AHILYABAI HOLKAR,22.717,75.8,27.6,1014.5,40.29
2015-12-31T12:00:00,42754099999,DEVI AHILYABAI HOLKAR,22.722,75.801,28.0,,39.62
2015-12-31T15:00:00,42754099999,DEVI AHILYABAI HOLKAR,22.717,75.8,23.8,1016.6,48.85
2015-12-31T15:00:00,42754099999,DEVI AHILYABAI HOLKAR,22.722,75.801,24.0,,47.01
2015-12-31T18:00:00,42754099999,DEVI AHILYABAI HOLKAR,22.717,75.8,19.0,1018.4,60.96
2015-12-31T18:00:00,42754099999,DEVI AHILYABAI HOLKAR,22.722,75.801,19.0,,59.76
2015-12-31T21:00:00,42754099999,DEVI AHILYABAI HOLKAR,22.717,75.8,16.4,1017.5,67.2
2015-12-31T23:00:00,42754099999,DEVI AHILYABAI HOLKAR,22.722,75.801,16.0,,72.22
