timestamp,station_id,station_name,latitude,longitude,temperature,pressure,humidity
2016-01-01T00:00:00,42754099999,DEVI AHILYABAI HOLKAR,22.722,75.801,14.2,1018.3,74.84
2016-01-01T00:00:00,42754099999,DEVI AHILYABAI HOLKAR,22.722,75.801,14.0,,76.84
2016-01-01T02:00:00,42754099999,DEVI AHILYABAI HOLKAR,22.722,75.801,15.0,,82.26
2016-01-01T03:00:00,42754099999,DEVI AHILYABAI HOLKAR,22.722,75.801,16.0,1020.1,79.73
2016-01-01T03:00:00,42754099999,DEVI AHILYABAI HOLKAR,22.722,75.801,16.0,,77.16
2016-01-01T06:00:00,42754099999,DEVI AHILYABAI HOLKAR,22.722,75.801,29.0,1018.1,31.49
2016-01-01T06:00:00,42754099999,DEVI AHILYABAI HOLKAR,22.722,75.801,29.0,,30.66
2016-01-01T09:00:00,42754099999,DEVI AHILYABAI HOLKAR,22.722,75.801,29.0,1015.2,28.47
2016-01-01T09:00:00,42754099999,DEVI AHILYABAI HOLKAR,22.722,75.801,29.0,,28.66
2016-01-01T12:00:00,42754099999,DEVI AHILYABAI HOLKAR,22.722,75.801,27.0,1015.6,32.87
2016-01-01T12:00:00,42754099999,DEVI AHILYABAI HOLKAR,22.722,75.801,27.0,,32.21
2016-01-01T15:00:00,42754099999,DEVI AHILYABAI HOLKAR,22.722,75.801,21.0,1018.5,51.08
2016-01-01T15:00:00,42754099999,DEVI AHILYABAI HOLKAR,22.722,75.801,21.0,,49.4
2016-01-01T18:00:00,42754099999,DEVI AHILYABAI HOLKAR,22.722,75.801,16.4,1021.0,58.34
2016-01-01T18:00:00,42754099999,DEVI AHILYABAI HOLKAR,22.722,75.801,16.0,,59.04
2016-01-01T21:00:00,42754099999,DEVI AHILYABAI HOLKAR,22.722,75.801,15.4,1020.1,60.52
2016-01-01T21:00:00,42754099999,DEVI AHILYABAI HOLKAR,22.722,75.801,15.0,,62.95
2016-01-01T23:00:00,42754099999,DEVI AHILYABAI HOLKAR,22.722,75.801,15.0,,58.79
2016-01-02T00:00:00,42754099999,DEVI AHILYABAI HOLKAR,22.722,75.801,14.2,1020.8,59.82
2016-01-02T00:00:00,42754099999,DEVI AHILYABAI HOLKAR,22.722,75.801,14.0,,62.72
2016-01-02T03:00:00,42754099999,DEVI AHILYABAI HOLKAR,22.722,75.801,14.2,1021.7,62.76
2016-01-02T03:00:00,42754099999,DEVI AHILYABAI HOLKAR,22.722,75.801,14.0,,62.72
2016-01-02T06:00:00,42754099999,DEVI AHILYABAI HOLKAR,22.722,75.801,25.6,1019.3,41.07
2016-01-02T09:00:00,42754099999,DEVI AHILYABAI HOLKAR,22.722,75.801,27.6,1015.4,33.71
2016-01-02T09:00:00,42754099999,DEVI AHILYABAI HOLKAR,22.722,75.801,28.0,,32.49
2016-01-02T12:00:00,42754099999,DEVI AHILYABAI HOLKAR,22.722,75.801,25.2,1016.2,46.72
2016-01-02T12:00:00,42754099999,DEVI AHILYABAI HOLKAR,22.722,75.801,25.0,,47.28
2016-01-02T15:00:00,42754099999,DEVI AHILYABAI HOLKAR,22.722,75.801,21.0,1018.5,55.67
2016-01-02T15:00:00,42754099999,DEVI AHILYABAI HOLKAR,22.722,75.801,21.0,,56.41
2016-01-02T18:00:00,42754099999,DEVI AHILYABAI HOLKAR,22.722,75.801,17.4,1019.6,67.85
2016-01-02T18:00:00,42754099999,DEVI AHILYABAI HOLKAR,22.722,75.801,17.0,,67.77
2016-01-02T21:00:00,42754099999,DEVI AHILYABAI HOLKAR,22.722,75.801,15.0,1018.9,75.48
2016-01-02T21:00:00,42754099999,DEVI AHILYABAI HOLKAR,22.722,75.801,15.0,,77.0
2016-01-02T23:00:00,42754099999,DEVI AHILYABAI HOLKAR,22.722,75.801,14.0,,82.14
2016-01-03T00:00:00,42754099999,DEVI AHILYABAI HOLKAR,22.722,75.801,12.6,1019.6,75.59
2016-01-03T00:00:00,42754099999,DEVI AHILYABAI HOLKAR,22.722,75.801,13.0,,71.66
2016-01-03T02:00:00,42754099999,DEVI AHILYABAI HOLKAR,22.722,75.801,15.0,,67.36
2016-01-03T03:00:00,42754099999,DEVI AHILYABAI HOLKAR,22.722,75.801,11.7,1019.8,88.13
2016-01-03T03:00:00,42754099999,DEVI AHILYABAI HOLKAR,22.722,75.801,17.0,,63.4
2016-01-03T06:00:00,42754099999,DEVI AHILYABAI HOLKAR,22.722,75.801,24.4,1018.4,33.48
2016-01-03T06:00:00,42754099999,DEVI AHILYABAI HOLKAR,22.722,75.801,24.0,,33.6
2016-01-03T08:00:00,42754099999,DEVI AHILYABAI HOLKAR,22.722,75.801,26.0,,34.17
2016-01-03T09:00:00,42754099999,DEVI AHILYABAI HOLKAR,22.722,75.801,25.6,1015.3,35.22
2016-01-03T09:00:00,42754099999,DEVI AHILYABAI HOLKAR,22.722,75.801,26.0,,34.17
2016-01-03T10:00:00,42754099999,DEVI AHILYABAI HOLKAR,22.722,75.801,27.0,,28.12
2016-01-03T12:00:00,42754099999,DEVI AHILYABAI HOLKAR,22.722,75.801,25.4,1014.4,40.74
2016-01-03T12:00:00,42754099999,DEVI AHILYABAI HOLKAR,22.722,75.801,25.0,,41.45
2016-01-03T15:00:00,42754099999,DEVI AHILYABAI HOLKAR,22.722,75.801,20.6,1016.8,52.0
2016-01-03T15:00:00,42754099999,DEVI AHILYABAI HOLKAR,22.722,75.801,21.0,,49.4
2016-01-03T18:00:00,42754099999,DEVI AHILYABAI HOLKAR,22.722,75.801,17.2,1019.2,64.3
2016-01-03T18:00:00,42754099999,DEVI AHILYABAI HOLKAR,22.722,75.801,17.0,,63.4
2016-01-03T21:00:00,42754099999,DEVI AHILYABAI HOLKAR,22.722,75.801,16.0,1018.5,69.39
2016-01-03T21:00:00,42754099999,DEVI AHILYABAI HOLKAR,22.722,75.801,16.0,,67.56
2016-01-03T23:00:00,42754099999,DEVI AHILYABAI HOLKAR,22.722,75.801,15.0,,72.03
2016-01-04T00:00:00,42754099999,DEVI AHILYABAI HOLKAR,22.722,75.801,14.0,1019.1,78.92
2016-01-04T00:00:00,42754099999,DEVI AHILYABAI HOLKAR,22.722,75.801,14.0,,76.84
2016-01-04T03:00:00,42754099999,DEVI AHILYABAI HOLKAR,22.722,75.801,16.2,1019.8,57.9
2016-01-04T06:00:00,42754099999,DEVI AHILYABAI HOLKAR,22.722,75.801,25.6,1018.5,30.75
2016-01-04T07:00:00,42754099999,DEVI AHILYABAI HOLKAR,22.722,75.801,27.0,,28.12
2016-01-04T08:00:00,42754099999,DEVI AHILYABAI HOLKAR,22.722,75.801,28.0,,28.39
2016-01-04T09:00:00,42754099999,DEVI AHILYABAI HOLKAR,22.722,75.801,29.0,1014.5,24.68
2016-01-04T09:00:00,42754099999,DEVI AHILYABAI HOLKAR,22.722,75.801,29.0,,25.02
2016-01-04T12:00:00,42754099999,DEVI AHILYABAI HOLKAR,22.722,75.801,25.4,1014.8,37.36
2016-01-04T12:00:00,42754099999,DEVI AHILYABAI HOLKAR,22.722,75.801,25.0,,38.78
2016-01-04T15:00:00,42754099999,DEVI AHILYABAI HOLKAR,22.722,75.801,21.0,1018.2,51.08
2016-01-04T15:00:00,42754099999,DEVI AHILYABAI HOLKAR,22.722,75.801,21.0,,49.4
2016-01-04T18:00:00,42754099999,DEVI AHILYABAI HOLKAR,22.722,75.801,18.2,1019.5,67.13
2016-01-04T18:00:00,42754099999,DEVI AHILYABAI HOLKAR,22.722,75.801,18.0,,67.97
2016-01-04T21:00:00,42754099999,DEVI AHILYABAI HOLKAR,22.722,75.801,16.0,1018.6,74.16
2016-01-04T23:00:00,42754099999,DEVI AHILYABAI HOLKAR,22.722,75.801,15.0,,77.0
2016-01-05T00:00:00,42754099999,DEVI AHILYABAI HOLKAR,22.722,75.801,13.4,1019.4,84.84
2016-01-05T00:00:00,42754099999,DEVI AHILYABAI HOLKAR,22.722,75.801,13.0,,87.66
2016-01-05T02:00:00,42754099999,DEVI AHILYABAI HOLKAR,22.722,75.801,15.0,,58.79
2016-01-05T03:00:00,42754099999,DEVI AHILYABAI HOLKAR,22.722,75.801,17.0,1018.9,53.91
2016-01-05T03:00:00,42754099999,DEVI AHILYABAI HOLKAR,22.722,75.801,17.0,,55.4
2016-01-05T06:00:00,42754099999,DEVI AHILYABAI HOLKAR,22.722,75.801,27.0,1017.4,25.53
2016-01-05T06:00:00,42754099999,DEVI AHILYABAI HOLKAR,22.722,75.801,27.0,,26.25
2016-01-05T09:00:00,42754099999,DEVI AHILYABAI HOLKAR,22.722,75.801,29.0,1013.4,26.97
2016-01-05T09:00:00,42754099999,DEVI AHILYABAI HOLKAR,22.722,75.801,29.0,,26.79
2016-01-05T12:00:00,42754099999,DEVI AHILYABAI HOLKAR,22.722,75.801,26.0,1012.7,34.63
2016-01-05T12:00:00,42754099999,DEVI AHILYABAI HOLKAR,22.722,75.801,26.0,,34.17
2016-01-05T15:00:00,42754099999,DEVI AHILYABAI HOLKAR,22.722,75.801,20.4,1015.7,57.77
2016-01-05T15:00:00,42754099999,DEVI AHILYABAI HOLKAR,22.722,75.801,20.0,,60.0
2016-01-05T18:00:00,42754099999,DEVI AHILYABAI HOLKAR,22.722,75.801,15.6,1017.9,58.94
2016-01-05T18:00:00,42754099999,DEVI AHILYABAI HOLKAR,22.722,75.801,16.0,,59.04
2016-01-05T21:00:00,42754099999,DEVI AHILYABAI HOLKAR,22.722,75.801,14.2,1016.4,66.73
2016-01-05T21:00:00,42754099999,DEVI AHILYABAI HOLKAR,22.722,75.801,14.0,,67.15
2016-01-05T23:00:00,42754099999,DEVI AHILYABAI HOLKAR,22.722,75.801,14.0,,67.15
2016-01-06T00:00:00,42754099999,DEVI AHILYABAI HOLKAR,22.722,75.801,13.4,1017.1,67.94
2016-01-06T00:00:00,42754099999,DEVI AHILYABAI HOLKAR,22.722,75.801,13.0,,71.66
2016-01-06T03:00:00,42754099999,DEVI AHILYABAI HOLKAR,22.722,75.801,17.2,1017.8,52.51
2016-01-06T03:00:00,42754099999,DEVI AHILYABAI HOLKAR,22.722,75.801,17.0,,51.75
2016-01-06T06:00:00,42754099999,DEVI AHILYABAI HOLKAR,22.722,75.801,27.0,1016.5,31.78
2016-01-06T06:00:00,42754099999,DEVI AHILYABAI HOLKAR,22.722,75.801,27.0,,32.21
2016-01-06T09:00:00,42754099999,DEVI AHILYABAI HOLKAR,22.722,75.801,28.4,1012.3,29.68
2016-01-06T09:00:00,42754099999,DEVI AHILYABAI HOLKAR,22.722,75.801,28.0,,30.38
2016-01-06T10:00:00,42754099999,DEVI AHILYABAI HOLKAR,22.722,75.801,29.0,,30.66
2016-01-06T12:00:00,42754099999,DEVI AHILYABAI HOLKAR,22.722,75.801,26.6,1012.6,35.51
2016-01-06T12:00:00,42754099999,DEVI AHILYABAI HOLKAR,22.722,75.801,27.0,,34.45
2016-01-06T15:00:00,42754099999,DEVI AHILYABAI HOLKAR,22.722,75.801,21.4,1015.7,56.14
2016-01-06T15:00:00,42754099999,DEVI AHILYABAI HOLKAR,22.722,75.801,21.0,,56.41
2016-01-06T18:00:00,42754099999,DEVI AHILYABAI HOLKAR,22.722,75.801,19.0,1016.8,65.98
2016-01-06T18:00:00,42754099999,DEVI AHILYABAI HOLKAR,22.722,75.801,19.0,,68.18
2016-01-06T21:00:00,42754099999,DEVI AHILYABAI HOLKAR,22.722,75.801,16.0,1016.0,79.73
2016-01-07T00:00:00,42754099999,DEVI AHILYABAI HOLKAR,22.722,75.801,13.6,1017.2,72.26
2016-01-07T00:00:00,42754099999,DEVI AHILYABAI HOLKAR,22.722,75.801,14.0,,71.85
2016-01-07T03:00:00,42754099999,DEVI AHILYABAI HOLKAR,22.722,75.801,17.4,1018.3,69.67
2016-01-07T03:00:00,42754099999,DEVI AHILYABAI HOLKAR,22.722,75.801,17.0,,72.4
2016-01-07T06:00:00,42754099999,DEVI AHILYABAI HOLKAR,22.722,75.801,26.0,1017.6,32.37
2016-01-07T06:00:00,42754099999,DEVI AHILYABAI HOLKAR,22.722,75.801,26.0,,31.93
2016-01-07T09:00:00,42754099999,DEVI AHILYABAI HOLKAR,22.722,75.801,28.0,1014.4,29.97
2016-01-07T09:00:00,42754099999,DEVI AHILYABAI HOLKAR,22.722,75.801,28.0,,30.38
2016-01-07T10:00:00,42754099999,DEVI AHILYABAI HOLKAR,22.722,75.801,29.0,,25.02
2016-01-07T12:00:00,42754099999,DEVI AHILYABAI HOLKAR,22.722,75.801,27.0,1014.5,36.1
2016-01-07T12:00:00,42754099999,DEVI AHILYABAI HOLKAR,22.722,75.801,27.0,,36.82
2016-01-07T15:00:00,42754099999,DEVI AHILYABAI HOLKAR,22.722,75.801,21.2,1016.5,49.78
2016-01-07T15:00:00,42754099999,DEVI AHILYABAI HOLKAR,22.722,75.801,21.0,,49.4
2016-01-07T18:00:00,42754099999,DEVI AHILYABAI HOLKAR,22.722,75.801,17.4,1017.5,60.99
2016-01-07T18:00:00,42754099999,DEVI AHILYABAI HOLKAR,22.722,75.801,17.0,,63.4
2016-01-07T21:00:00,42754099999,DEVI AHILYABAI HOLKAR,22.722,75.801,16.0,1016.8,64.9
2016-01-07T21:00:00,42754099999,DEVI AHILYABAI HOLKAR,22.722,75.801,16.0,,63.17
2016-01-08T00:00:00,42754099999,DEVI AHILYABAI HOLKAR,22.722,75.801,15.2,1017.4,67.85
2016-01-08T00:00:00,42754099999,DEVI AHILYABAI HOLKAR,22.722,75.801,15.0,,67.36
2016-01-08T03:00:00,42754099999,DEVI AHILYABAI HOLKAR,22.722,75.801,16.4,1019.6,63.69
2016-01-08T03:00:00,42754099999,DEVI AHILYABAI HOLKAR,22.722,75.801,16.0,,63.17
2016-01-08T06:00:00,42754099999,DEVI AHILYABAI HOLKAR,22.722,75.801,27.2,1017.5,36.88
2016-01-08T06:00:00,42754099999,DEVI AHILYABAI HOLKAR,22.722,75.801,27.0,,36.82
2016-01-08T09:00:00,42754099999,DEVI AHILYABAI HOLKAR,22.722,75.801,27.0,1014.7,36.1
2016-01-08T09:00:00,42754099999,DEVI AHILYABAI HOLKAR,22.722,75.801,27.0,,36.82
2016-01-08T12:00:00,42754099999,DEVI AHILYABAI HOLKAR,22.722,75.801,26.0,1013.6,40.37
2016-01-08T12:00:00,42754099999,DEVI AHILYABAI HOLKAR,22.722,75.801,26.0,,39.06
2016-01-08T15:00:00,42754099999,DEVI AHILYABAI HOLKAR,22.722,75.801,22.0,1015.7,53.77
2016-01-08T15:00:00,42754099999,DEVI AHILYABAI HOLKAR,22.722,75.801,22.0,,53.06
2016-01-08T18:00:00,42754099999,DEVI AHILYABAI HOLKAR,22.722,75.801,18.0,1016.6,67.08
2016-01-08T18:00:00,42754099999,DEVI AHILYABAI HOLKAR,22.722,75.801,18.0,,67.97
2016-01-08T21:00:00,42754099999,DEVI AHILYABAI HOLKAR,22.722,75.801,16.0,1015.5,74.16
2016-01-08T21:00:00,42754099999,DEVI AHILYABAI HOLKAR,22.722,75.801,16.0,,72.22
2016-01-09T00:00:00,42754099999,DEVI AHILYABAI HOLKAR,22.722,75.801,14.6,1015.2,76.94
2016-01-09T00:00:00,42754099999,DEVI AHILYABAI HOLKAR,22.722,75.801,15.0,,77.0
2016-01-09T03:00:00,42754099999,DEVI AHILYABAI HOLKAR,22.722,75.801,14.6,1017.8,72.93
2016-01-09T03:00:00,42754099999,DEVI AHILYABAI HOLKAR,22.722,75.801,15.0,,72.03
2016-01-09T05:00:00,42754099999,DEVI AHILYABAI HOLKAR,22.722,75.801,22.0,,46.47
2016-01-09T06:00:00,42754099999,DEVI AHILYABAI HOLKAR,22.722,75.801,23.0,1016.5,44.02
2016-01-09T06:00:00,42754099999,DEVI AHILYABAI HOLKAR,22.722,75.801,23.0,,43.73
2016-01-09T09:00:00,42754099999,DEVI AHILYABAI HOLKAR,22.722,75.801,25.6,1012.6,37.67
2016-01-09T09:00:00,42754099999,DEVI AHILYABAI HOLKAR,22.722,75.801,26.0,,36.54
2016-01-09T12:00:00,42754099999,DEVI AHILYABAI HOLKAR,22.722,75.801,24.0,1013.1,41.44
2016-01-09T12:00:00,42754099999,DEVI AHILYABAI HOLKAR,22.722,75.801,24.0,,41.17
2016-01-09T15:00:00,42754099999,DEVI AHILYABAI HOLKAR,22.722,75.801,19.4,1015.8,59.86
2016-01-09T15:00:00,42754099999,DEVI AHILYABAI HOLKAR,22.722,75.801,19.0,,59.76
2016-01-09T18:00:00,42754099999,DEVI AHILYABAI HOLKAR,22.722,75.801,17.0,1016.0,71.45
2016-01-09T18:00:00,42754099999,DEVI AHILYABAI HOLKAR,22.722,75.801,17.0,,72.4
2016-01-09T21:00:00,42754099999,DEVI AHILYABAI HOLKAR,22.722,75.801,15.4,1015.0,75.54
2016-01-09T21:00:00,42754099999,DEVI AHILYABAI HOLKAR,22.722,75.801,15.0,,77.0
2016-01-10T00:00:00,42754099999,DEVI AHILYABAI HOLKAR,22.722,75.801,13.4,1015.7,76.23
2016-01-10T00:00:00,42754099999,DEVI AHILYABAI HOLKAR,22.722,75.801,13.0,,76.68
2016-01-10T03:00:00,42754099999,DEVI AHILYABAI HOLKAR,22.722,75.801,16.5,1018.2,59.56
2016-01-10T03:00:00,42754099999,DEVI AHILYABAI HOLKAR,22.722,75.801,16.0,,63.17
2016-01-10T06:00:00,42754099999,DEVI AHILYABAI HOLKAR,22.722,75.801,25.4,1016.8,33.77
2016-01-10T06:00:00,42754099999,DEVI AHILYABAI HOLKAR,22.722,75.801,25.0,,33.88
2016-01-10T09:00:00,42754099999,DEVI AHILYABAI HOLKAR,22.722,75.801,28.0,1013.2,22.0
2016-01-10T09:00:00,42754099999,DEVI AHILYABAI HOLKAR,22.722,75.801,28.0,,21.54
2016-01-10T12:00:00,42754099999,DEVI AHILYABAI HOLKAR,22.722,75.801,26.0,1013.1,32.37
2016-01-10T12:00:00,42754099999,DEVI AHILYABAI HOLKAR,22.722,75.801,26.0,,31.93
2016-01-10T15:00:00,42754099999,DEVI AHILYABAI HOLKAR,22.722,75.801,21.6,1016.5,47.61
2016-01-10T15:00:00,42754099999,DEVI AHILYABAI HOLKAR,22.722,75.801,22.0,,46.47
2016-01-10T18:00:00,42754099999,DEVI AHILYABAI HOLKAR,22.722,75.801,17.4,1017.7,67.85
2016-01-10T18:00:00,42754099999,DEVI AHILYABAI HOLKAR,22.722,75.801,17.0,,67.77
2016-01-10T21:00:00,42754099999,DEVI AHILYABAI HOLKAR,22.722,75.801,15.6,1017.1,74.09
2016-01-10T21:00:00,42754099999,DEVI AHILYABAI HOLKAR,22.722,75.801,16.0,,72.22
2016-01-11T00:00:00,42754099999,DEVI AHILYABAI HOLKAR,22.722,75.801,14.6,1017.8,74.91
2016-01-11T00:00:00,42754099999,DEVI AHILYABAI HOLKAR,22.722,75.801,15.0,,72.03
2016-01-11T03:00:00,42754099999,DEVI AHILYABAI HOLKAR,22.722,75.801,16.4,1019.0,59.94
2016-01-11T03:00:00,42754099999,DEVI AHILYABAI HOLKAR,22.722,75.801,16.0,,63.17
2016-01-11T06:00:00,42754099999,DEVI AHILYABAI HOLKAR,22.722,75.801,27.0,1016.8,28.5
2016-01-11T06:00:00,42754099999,DEVI AHILYABAI HOLKAR,22.722,75.801,27.0,,28.12
2016-01-11T09:00:00,42754099999,DEVI AHILYABAI HOLKAR,22.722,75.801,22.9,1012.7,35.17
2016-01-11T09:00:00,42754099999,DEVI AHILYABAI HOLKAR,22.722,75.801,30.0,,23.62
2016-01-11T12:00:00,42754099999,DEVI AHILYABAI HOLKAR,22.722,75.801,26.2,1012.4,34.92
2016-01-11T12:00:00,42754099999,DEVI AHILYABAI HOLKAR,22.722,75.801,26.0,,34.17
2016-01-11T15:00:00,42754099999,DEVI AHILYABAI HOLKAR,22.722,75.801,21.6,1015.6,51.92
2016-01-11T15:00:00,42754099999,DEVI AHILYABAI HOLKAR,22.722,75.801,22.0,,49.67
2016-01-11T18:00:00,42754099999,DEVI AHILYABAI HOLKAR,22.722,75.801,18.0,1016.9,63.62
2016-01-11T18:00:00,42754099999,DEVI AHILYABAI HOLKAR,22.722,75.801,18.0,,63.62
2016-01-11T21:00:00,42754099999,DEVI AHILYABAI HOLKAR,22.722,75.801,16.2,1015.7,67.6
2016-01-11T23:00:00,42754099999,DEVI AHILYABAI HOLKAR,22.722,75.801,15.0,,67.36
2016-01-12T00:00:00,42754099999,DEVI AHILYABAI HOLKAR,22.722,75.801,13.6,1016.9,74.24
2016-01-12T00:00:00,42754099999,DEVI AHILYABAI HOLKAR,22.722,75.801,14.0,,71.85
2016-01-12T03:00:00,42754099999,DEVI AHILYABAI HOLKAR,22.722,75.801,15.6,1017.0,68.39
2016-01-12T06:00:00,42754099999,DEVI AHILYABAI HOLKAR,22.722,75.801,26.0,1014.7,25.98
2016-01-12T06:00:00,42754099999,DEVI AHILYABAI HOLKAR,22.722,75.801,26.0,,25.98
2016-01-12T09:00:00,42754099999,DEVI AHILYABAI HOLKAR,22.722,75.801,29.0,1009.8,26.61
2016-01-12T09:00:00,42754099999,DEVI AHILYABAI HOLKAR,22.722,75.801,29.0,,26.79
2016-01-12T12:00:00,42754099999,DEVI AHILYABAI HOLKAR,22.722,75.801,26.4,1009.8,34.28
2016-01-12T12:00:00,42754099999,DEVI AHILYABAI HOLKAR,22.722,75.801,26.0,,34.17
2016-01-12T15:00:00,42754099999,DEVI AHILYABAI HOLKAR,22.722,75.801,19.4,1013.4,53.45
2016-01-12T15:00:00,42754099999,DEVI AHILYABAI HOLKAR,22.722,75.801,19.0,,55.91
2016-01-12T18:00:00,42754099999,DEVI AHILYABAI HOLKAR,22.722,75.801,18.4,1013.6,67.17
2016-01-12T18:00:00,42754099999,DEVI AHILYABAI HOLKAR,22.722,75.801,18.0,,67.97
2016-01-12T21:00:00,42754099999,DEVI AHILYABAI HOLKAR,22.722,75.801,16.2,1012.4,78.21
2016-01-12T21:00:00,42754099999,DEVI AHILYABAI HOLKAR,22.722,75.801,16.0,,77.16
2016-01-13T00:00:00,42754099999,DEVI AHILYABAI HOLKAR,22.722,75.801,14.2,1013.4,72.86
2016-01-13T00:00:00,42754099999,DEVI AHILYABAI HOLKAR,22.722,75.801,14.0,,71.85
2016-01-13T03:00:00,42754099999,DEVI AHILYABAI HOLKAR,22.722,75.801,15.6,1015.0,64.38
2016-01-13T03:00:00,42754099999,DEVI AHILYABAI HOLKAR,22.722,75.801,16.0,,63.17
2016-01-13T06:00:00,42754099999,DEVI AHILYABAI HOLKAR,22.722,75.801,24.0,1014.0,39.02
2016-01-13T06:00:00,42754099999,DEVI AHILYABAI HOLKAR,22.722,75.801,24.0,,38.49
2016-01-13T09:00:00,42754099999,DEVI AHILYABAI HOLKAR,22.722,75.801,26.6,1010.4,33.42
2016-01-13T09:00:00,42754099999,DEVI AHILYABAI HOLKAR,22.722,75.801,27.0,,32.21
2016-01-13T12:00:00,42754099999,DEVI AHILYABAI HOLKAR,22.722,75.801,25.0,1010.1,42.84
2016-01-13T12:00:00,42754099999,DEVI AHILYABAI HOLKAR,22.722,75.801,25.0,,41.45
2016-01-13T15:00:00,42754099999,DEVI AHILYABAI HOLKAR,22.722,75.801,21.0,1012.9,58.68
2016-01-13T15:00:00,42754099999,DEVI AHILYABAI HOLKAR,22.722,75.801,21.0,,60.24
2016-01-13T18:00:00,42754099999,DEVI AHILYABAI HOLKAR,22.722,75.801,17.4,1014.1,67.85
2016-01-13T18:00:00,42754099999,DEVI AHILYABAI HOLKAR,22.722,75.801,17.0,,67.77
2016-01-13T21:00:00,42754099999,DEVI AHILYABAI HOLKAR,22.722,75.801,15.6,1014.0,70.25
2016-01-13T21:00:00,42754099999,DEVI AHILYABAI HOLKAR,22.722,75.801,16.0,,67.56
2016-01-13T23:00:00,42754099999,DEVI AHILYABAI HOLKAR,22.722,75.801,15.0,,67.36
2016-01-14T00:00:00,42754099999,DEVI AHILYABAI HOLKAR,22.722,75.801,14.4,1013.5,70.96
2016-01-14T00:00:00,42754099999,DEVI AHILYABAI HOLKAR,22.722,75.801,14.0,,71.85
2016-01-14T03:00:00,42754099999,DEVI AHILYABAI HOLKAR,22.722,75.801,17.6,1015.3,57.85
2016-01-14T03:00:00,42754099999,DEVI AHILYABAI HOLKAR,22.722,75.801,18.0,,55.66
2016-01-14T06:00:00,42754099999,DEVI AHILYABAI HOLKAR,22.722,75.801,25.0,1013.5,39.04
2016-01-14T06:00:00,42754099999,DEVI AHILYABAI HOLKAR,22.722,75.801,25.0,,38.78
2016-01-14T09:00:00,42754099999,DEVI AHILYABAI HOLKAR,22.722,75.801,28.4,1009.2,33.7
2016-01-14T09:00:00,42754099999,DEVI AHILYABAI HOLKAR,22.722,75.801,28.0,,34.73
2016-01-14T12:00:00,42754099999,DEVI AHILYABAI HOLKAR,22.722,75.801,26.0,1009.4,34.63
2016-01-14T12:00:00,42754099999,DEVI AHILYABAI HOLKAR,22.722,75.801,26.0,,34.17
2016-01-14T15:00:00,42754099999,DEVI AHILYABAI HOLKAR,22.722,75.801,21.4,1012.2,56.14
2016-01-14T15:00:00,42754099999,DEVI AHILYABAI HOLKAR,22.722,75.801,21.0,,56.41
2016-01-14T18:00:00,42754099999,DEVI AHILYABAI HOLKAR,22.722,75.801,18.4,1013.1,68.95
2016-01-14T18:00:00,42754099999,DEVI AHILYABAI HOLKAR,22.722,75.801,18.0,,72.58
2016-01-14T21:00:00,42754099999,DEVI AHILYABAI HOLKAR,22.722,75.801,16.4,1012.3,70.87
2016-01-15T00:00:00,42754099999,DEVI AHILYABAI HOLKAR,22.722,75.801,13.2,1013.4,76.2
2016-01-15T00:00:00,42754099999,DEVI AHILYABAI HOLKAR,22.722,75.801,13.0,,76.68
2016-01-15T01:00:00,42754099999,DEVI AHILYABAI HOLKAR,22.722,75.801,14.0,,82.14
2016-01-15T03:00:00,42754099999,DEVI AHILYABAI HOLKAR,22.722,75.801,14.6,1013.9,83.3
2016-01-15T03:00:00,42754099999,DEVI AHILYABAI HOLKAR,22.722,75.801,15.0,,82.26
2016-01-15T06:00:00,42754099999,DEVI AHILYABAI HOLKAR,22.722,75.801,24.4,1013.1,48.37
2016-01-15T06:00:00,42754099999,DEVI AHILYABAI HOLKAR,22.722,75.801,24.0,,50.2
2016-01-15T09:00:00,42754099999,DEVI AHILYABAI HOLKAR,22.722,75.801,27.6,1009.2,41.36
2016-01-15T09:00:00,42754099999,DEVI AHILYABAI HOLKAR,22.722,75.801,28.0,,39.62
2016-01-15T10:00:00,42754099999,DEVI AHILYABAI HOLKAR,22.722,75.801,26.0,,44.56
2016-01-15T12:00:00,42754099999,DEVI AHILYABAI HOLKAR,22.722,75.801,24.0,1010.5,55.7
2016-01-15T12:00:00,42754099999,DEVI AHILYABAI HOLKAR,22.722,75.801,24.0,,57.15
2016-01-15T15:00:00,42754099999,DEVI AHILYABAI HOLKAR,22.722,75.801,19.4,1012.8,81.75
2016-01-15T15:00:00,42754099999,DEVI AHILYABAI HOLKAR,22.722,75.801,19.0,,82.75
2016-01-15T18:00:00,42754099999,DEVI AHILYABAI HOLKAR,22.722,75.801,18.0,1013.6,81.05
2016-01-15T18:00:00,42754099999,DEVI AHILYABAI HOLKAR,22.722,75.801,18.0,,82.63
2016-01-15T21:00:00,42754099999,DEVI AHILYABAI HOLKAR,22.722,75.801,16.2,1012.5,85.69
2016-01-16T00:00:00,42754099999,DEVI AHILYABAI HOLKAR,22.722,75.801,14.4,1011.9,78.98
2016-01-16T00:00:00,42754099999,DEVI AHILYABAI HOLKAR,22.722,75.801,14.0,,82.14
2016-01-16T03:00:00,42754099999,DEVI AHILYABAI HOLKAR,22.722,75.801,15.2,1013.7,81.21
2016-01-16T03:00:00,42754099999,DEVI AHILYABAI HOLKAR,22.722,75.801,15.0,,82.26
2016-01-16T06:00:00,42754099999,DEVI AHILYABAI HOLKAR,22.722,75.801,19.4,1013.7,69.6
2016-01-16T06:00:00,42754099999,DEVI AHILYABAI HOLKAR,22.722,75.801,19.0,,72.76
2016-01-16T09:00:00,42754099999,DEVI AHILYABAI HOLKAR,22.722,75.801,24.2,1009.2,58.69
2016-01-16T09:00:00,42754099999,DEVI AHILYABAI HOLKAR,22.722,75.801,24.0,,60.93
2016-01-16T12:00:00,42754099999,DEVI AHILYABAI HOLKAR,22.722,75.801,24.0,1009.0,57.15
2016-01-16T12:00:00,42754099999,DEVI AHILYABAI HOLKAR,22.722,75.801,24.0,,57.15
2016-01-16T15:00:00,42754099999,DEVI AHILYABAI HOLKAR,22.722,75.801,21.0,1011.9,68.58
2016-01-16T15:00:00,42754099999,DEVI AHILYABAI HOLKAR,22.722,75.801,21.0,,68.58
2016-01-16T18:00:00,42754099999,DEVI AHILYABAI HOLKAR,22.722,75.801,18.0,1013.1,81.05
2016-01-16T18:00:00,42754099999,DEVI AHILYABAI HOLKAR,22.722,75.801,18.0,,82.63
2016-01-16T21:00:00,42754099999,DEVI AHILYABAI HOLKAR,22.722,75.801,16.4,1012.1,76.21
2016-01-16T21:00:00,42754099999,DEVI AHILYABAI HOLKAR,22.722,75.801,16.0,,77.16
2016-01-16T23:00:00,42754099999,DEVI AHILYABAI HOLKAR,22.722,75.801,15.0,,77.0
2016-01-17T00:00:00,42754099999,DEVI AHILYABAI HOLKAR,22.722,75.801,14.0,1012.5,80.51
2016-01-17T00:00:00,42754099999,DEVI AHILYABAI HOLKAR,22.722,75.801,14.0,,82.14
2016-01-17T01:00:00,42754099999,DEVI AHILYABAI HOLKAR,22.722,75.801,15.0,,77.0
2016-01-17T03:00:00,42754099999,DEVI AHILYABAI HOLKAR,22.722,75.801,16.4,1013.3,80.31
2016-01-17T03:00:00,42754099999,DEVI AHILYABAI HOLKAR,22.722,75.801,16.0,,82.39
2016-01-17T06:00:00,42754099999,DEVI AHILYABAI HOLKAR,22.722,75.801,22.0,1013.1,62.46
2016-01-17T06:00:00,42754099999,DEVI AHILYABAI HOLKAR,22.722,75.801,22.0,,64.5
2016-01-17T09:00:00,42754099999,DEVI AHILYABAI HOLKAR,22.722,75.801,24.4,1008.9,54.73
2016-01-17T09:00:00,42754099999,DEVI AHILYABAI HOLKAR,22.722,75.801,24.0,,57.15
2016-01-17T12:00:00,42754099999,DEVI AHILYABAI HOLKAR,22.722,75.801,22.2,1008.9,65.8
2016-01-17T12:00:00,42754099999,DEVI AHILYABAI HOLKAR,22.722,75.801,22.0,,64.5
2016-01-17T15:00:00,42754099999,DEVI AHILYABAI HOLKAR,22.722,75.801,19.6,1011.4,76.72
2016-01-17T15:00:00,42754099999,DEVI AHILYABAI HOLKAR,22.722,75.801,20.0,,72.94
2016-01-17T18:00:00,42754099999,DEVI AHILYABAI HOLKAR,22.722,75.801,17.6,1012.2,71.56
2016-01-17T18:00:00,42754099999,DEVI AHILYABAI HOLKAR,22.722,75.801,18.0,,67.97
2016-01-17T21:00:00,42754099999,DEVI AHILYABAI HOLKAR,22.722,75.801,16.0,1011.2,79.73
2016-01-17T21:00:00,42754099999,DEVI AHILYABAI HOLKAR,22.722,75.801,16.0,,77.16
2016-01-17T23:00:00,42754099999,DEVI AHILYABAI HOLKAR,22.722,75.801,15.0,,77.0
2016-01-18T00:00:00,42754099999,DEVI AHILYABAI HOLKAR,22.722,75.801,14.4,1011.8,84.94
2016-01-18T00:00:00,42754099999,DEVI AHILYABAI HOLKAR,22.722,75.801,14.0,,87.75
2016-01-18T02:00:00,42754099999,DEVI AHILYABAI HOLKAR,22.722,75.801,17.0,,82.51
2016-01-18T03:00:00,42754099999,DEVI AHILYABAI HOLKAR,22.722,75.801,17.4,1012.4,80.97
2016-01-18T03:00:00,42754099999,DEVI AHILYABAI HOLKAR,22.722,75.801,17.0,,82.51
2016-01-18T06:00:00,42754099999,DEVI AHILYABAI HOLKAR,22.722,75.801,23.8,1011.4,58.59
2016-01-18T06:00:00,42754099999,DEVI AHILYABAI HOLKAR,22.722,75.801,24.0,,57.15
2016-01-18T09:00:00,42754099999,DEVI AHILYABAI HOLKAR,22.722,75.801,25.6,1007.3,52.28
2016-01-18T12:00:00,42754099999,DEVI AHILYABAI HOLKAR,22.722,75.801,22.0,1007.4,67.04
2016-01-18T12:00:00,42754099999,DEVI AHILYABAI HOLKAR,22.722,75.801,22.0,,68.77
2016-01-18T15:00:00,42754099999,DEVI AHILYABAI HOLKAR,22.722,75.801,17.8,1010.2,84.76
2016-01-18T15:00:00,42754099999,DEVI AHILYABAI HOLKAR,22.722,75.801,18.0,,82.63
2016-01-18T18:00:00,42754099999,DEVI AHILYABAI HOLKAR,22.722,75.801,17.4,1010.6,90.33
2016-01-18T18:00:00,42754099999,DEVI AHILYABAI HOLKAR,22.722,75.801,17.0,,93.84
2016-01-18T21:00:00,42754099999,DEVI AHILYABAI HOLKAR,22.722,75.801,16.4,1009.3,89.68
2016-01-18T21:00:00,42754099999,DEVI AHILYABAI HOLKAR,22.722,75.801,16.0,,93.79
2016-01-19T00:00:00,42754099999,DEVI AHILYABAI HOLKAR,22.722,75.801,14.6,1010.0,87.23
2016-01-19T00:00:00,42754099999,DEVI AHILYABAI HOLKAR,22.722,75.801,15.0,,87.84
2016-01-19T03:00:00,42754099999,DEVI AHILYABAI HOLKAR,22.722,75.801,16.4,1011.4,93.81
2016-01-19T03:00:00,42754099999,DEVI AHILYABAI HOLKAR,22.722,75.801,16.0,,93.79
2016-01-19T06:00:00,42754099999,DEVI AHILYABAI HOLKAR,22.722,75.801,16.4,1013.5,92.02
2016-01-19T06:00:00,42754099999,DEVI AHILYABAI HOLKAR,22.722,75.801,16.0,,93.79
2016-01-19T09:00:00,42754099999,DEVI AHILYABAI HOLKAR,22.722,75.801,21.6,1009.6,51.92
2016-01-19T09:00:00,42754099999,DEVI AHILYABAI HOLKAR,22.722,75.801,22.0,,49.67
2016-01-19T11:00:00,42754099999,DEVI AHILYABAI HOLKAR,22.722,75.801,21.0,,68.58
2016-01-19T12:00:00,42754099999,DEVI AHILYABAI HOLKAR,22.722,75.801,19.0,1010.9,74.67
2016-01-19T12:00:00,42754099999,DEVI AHILYABAI HOLKAR,22.722,75.801,19.0,,72.76
2016-01-19T15:00:00,42754099999,DEVI AHILYABAI HOLKAR,22.722,75.801,15.4,1014.3,89.61
2016-01-19T15:00:00,42754099999,DEVI AHILYABAI HOLKAR,22.722,75.801,15.0,,93.75
2016-01-19T18:00:00,42754099999,DEVI AHILYABAI HOLKAR,22.722,75.801,14.4,1015.6,87.21
2016-01-19T18:00:00,42754099999,DEVI AHILYABAI HOLKAR,22.722,75.801,14.0,,87.75
2016-01-19T21:00:00,42754099999,DEVI AHILYABAI HOLKAR,22.722,75.801,14.0,1014.6,89.5
2016-01-19T21:00:00,42754099999,DEVI AHILYABAI HOLKAR,22.722,75.801,14.0,,87.75
2016-01-19T23:00:00,42754099999,DEVI AHILYABAI HOLKAR,22.722,75.801,13.0,,93.65
2016-01-20T00:00:00,42754099999,DEVI AHILYABAI HOLKAR,22.722,75.801,12.4,1015.4,90.57
2016-01-20T00:00:00,42754099999,DEVI AHILYABAI HOLKAR,22.722,75.801,12.0,,93.6
2016-01-20T03:00:00,42754099999,DEVI AHILYABAI HOLKAR,22.722,75.801,11.0,1018.1,92.93
2016-01-20T03:00:00,42754099999,DEVI AHILYABAI HOLKAR,22.722,75.801,11.0,,93.55
2016-01-20T06:00:00,42754099999,DEVI AHILYABAI HOLKAR,22.722,75.801,17.6,1018.4,57.85
2016-01-20T06:00:00,42754099999,DEVI AHILYABAI HOLKAR,22.722,75.801,18.0,,55.66
2016-01-20T07:00:00,42754099999,DEVI AHILYABAI HOLKAR,22.722,75.801,20.0,,45.91
2016-01-20T09:00:00,42754099999,DEVI AHILYABAI HOLKAR,22.722,75.801,20.4,1015.1,38.79
2016-01-20T09:00:00,42754099999,DEVI AHILYABAI HOLKAR,22.722,75.801,20.0,,40.03
2016-01-20T12:00:00,42754099999,DEVI AHILYABAI HOLKAR,22.722,75.801,19.4,1014.9,41.55
2016-01-20T12:00:00,42754099999,DEVI AHILYABAI HOLKAR,22.722,75.801,19.0,,42.6
2016-01-20T15:00:00,42754099999,DEVI AHILYABAI HOLKAR,22.722,75.801,15.2,1018.1,58.44
2016-01-20T15:00:00,42754099999,DEVI AHILYABAI HOLKAR,22.722,75.801,15.0,,58.79
2016-01-20T18:00:00,42754099999,DEVI AHILYABAI HOLKAR,22.722,75.801,13.4,1019.6,74.2
2016-01-20T18:00:00,42754099999,DEVI AHILYABAI HOLKAR,22.722,75.801,13.0,,76.68
2016-01-20T21:00:00,42754099999,DEVI AHILYABAI HOLKAR,22.722,75.801,12.0,1018.7,79.7
2016-01-20T21:00:00,42754099999,DEVI AHILYABAI HOLKAR,22.722,75.801,12.0,,81.88
2016-01-21T00:00:00,42754099999,DEVI AHILYABAI HOLKAR,22.722,75.801,11.0,1019.2,88.07
2016-01-21T00:00:00,42754099999,DEVI AHILYABAI HOLKAR,22.722,75.801,11.0,,87.48
2016-01-21T03:00:00,42754099999,DEVI AHILYABAI HOLKAR,22.722,75.801,10.4,1021.1,88.01
2016-01-21T06:00:00,42754099999,DEVI AHILYABAI HOLKAR,22.722,75.801,18.8,1020.8,34.48
2016-01-21T06:00:00,42754099999,DEVI AHILYABAI HOLKAR,22.722,75.801,19.0,,34.54
2016-01-21T09:00:00,42754099999,DEVI AHILYABAI HOLKAR,22.722,75.801,20.8,1017.1,31.34
2016-01-21T09:00:00,42754099999,DEVI AHILYABAI HOLKAR,22.722,75.801,21.0,,30.52
2016-01-21T12:00:00,42754099999,DEVI AHILYABAI HOLKAR,22.722,75.801,20.0,1016.3,35.32
2016-01-21T12:00:00,42754099999,DEVI AHILYABAI HOLKAR,22.722,75.801,20.0,,34.83
2016-01-21T15:00:00,42754099999,DEVI AHILYABAI HOLKAR,22.722,75.801,15.0,1019.4,49.11
2016-01-21T15:00:00,42754099999,DEVI AHILYABAI HOLKAR,22.722,75.801,15.0,,47.75
2016-01-21T18:00:00,42754099999,DEVI AHILYABAI HOLKAR,22.722,75.801,14.0,1019.7,53.12
2016-01-21T18:00:00,42754099999,DEVI AHILYABAI HOLKAR,22.722,75.801,14.0,,54.62
2016-01-21T21:00:00,42754099999,DEVI AHILYABAI HOLKAR,22.722,75.801,12.0,1018.8,68.59
2016-01-22T00:00:00,42754099999,DEVI AHILYABAI HOLKAR,22.722,75.801,10.4,1018.3,78.38
2016-01-22T00:00:00,42754099999,DEVI AHILYABAI HOLKAR,22.722,75.801,10.0,,81.62
2016-01-22T03:00:00,42754099999,DEVI AHILYABAI HOLKAR,22.722,75.801,13.0,1020.2,51.38
2016-01-22T03:00:00,42754099999,DEVI AHILYABAI HOLKAR,22.722,75.801,13.0,,50.66
2016-01-22T06:00:00,42754099999,DEVI AHILYABAI HOLKAR,22.722,75.801,19.0,1020.0,32.17
2016-01-22T06:00:00,42754099999,DEVI AHILYABAI HOLKAR,22.722,75.801,19.0,,32.17
2016-01-22T09:00:00,42754099999,DEVI AHILYABAI HOLKAR,22.722,75.801,23.4,1015.6,23.53
2016-01-22T09:00:00,42754099999,DEVI AHILYABAI HOLKAR,22.722,75.801,23.0,,23.42
2016-01-22T10:30:00,42754099999,DEVI AHILYABAI HOLKAR,22.722,75.801,23.0,,28.99
2016-01-22T12:00:00,42754099999,DEVI AHILYABAI HOLKAR,22.722,75.801,22.0,1014.9,34.68
2016-01-22T12:00:00,42754099999,DEVI AHILYABAI HOLKAR,22.722,75.801,22.0,,35.4
2016-01-22T15:00:00,42754099999,DEVI AHILYABAI HOLKAR,22.722,75.801,17.0,1018.6,42.62
2016-01-22T15:00:00,42754099999,DEVI AHILYABAI HOLKAR,22.722,75.801,17.0,,42.03
2016-01-22T18:00:00,42754099999,DEVI AHILYABAI HOLKAR,22.722,75.801,15.4,1019.5,47.86
2016-01-22T18:00:00,42754099999,DEVI AHILYABAI HOLKAR,22.722,75.801,15.0,,47.75
2016-01-22T21:00:00,42754099999,DEVI AHILYABAI HOLKAR,22.722,75.801,13.6,1018.3,54.52
2016-01-23T00:00:00,42754099999,DEVI AHILYABAI HOLKAR,22.722,75.801,11.4,1019.3,67.99
2016-01-23T00:00:00,42754099999,DEVI AHILYABAI HOLKAR,22.722,75.801,11.0,,71.28
2016-01-23T03:00:00,42754099999,DEVI AHILYABAI HOLKAR,22.722,75.801,14.6,1020.4,52.18
2016-01-23T03:00:00,42754099999,DEVI AHILYABAI HOLKAR,22.722,75.801,15.0,,51.21
2016-01-23T06:00:00,42754099999,DEVI AHILYABAI HOLKAR,22.722,75.801,23.0,1019.0,25.16
2016-01-23T09:00:00,42754099999,DEVI AHILYABAI HOLKAR,22.722,75.801,25.6,1015.4,25.15
2016-01-23T09:00:00,42754099999,DEVI AHILYABAI HOLKAR,22.722,75.801,26.0,,24.22
2016-01-23T12:00:00,42754099999,DEVI AHILYABAI HOLKAR,22.722,75.801,24.0,1014.7,31.58
2016-01-23T12:00:00,42754099999,DEVI AHILYABAI HOLKAR,22.722,75.801,24.0,,31.37
2016-01-23T15:00:00,42754099999,DEVI AHILYABAI HOLKAR,22.722,75.801,17.2,1017.7,53.97
2016-01-23T15:00:00,42754099999,DEVI AHILYABAI HOLKAR,22.722,75.801,17.0,,55.4
2016-01-23T18:00:00,42754099999,DEVI AHILYABAI HOLKAR,22.722,75.801,14.0,1019.2,68.53
2016-01-23T18:00:00,42754099999,DEVI AHILYABAI HOLKAR,22.722,75.801,14.0,,67.15
2016-01-23T21:00:00,42754099999,DEVI AHILYABAI HOLKAR,22.722,75.801,12.0,1018.2,70.98
2016-01-23T21:00:00,42754099999,DEVI AHILYABAI HOLKAR,22.722,75.801,12.0,,71.47
2016-01-23T23:00:00,42754099999,DEVI AHILYABAI HOLKAR,22.722,75.801,11.0,,76.36
2016-01-24T00:00:00,42754099999,DEVI AHILYABAI HOLKAR,22.722,75.801,10.8,1018.7,78.45
2016-01-24T00:00:00,42754099999,DEVI AHILYABAI HOLKAR,22.722,75.801,11.0,,76.36
2016-01-24T03:00:00,42754099999,DEVI AHILYABAI HOLKAR,22.722,75.801,15.2,1018.3,45.83
2016-01-24T06:00:00,42754099999,DEVI AHILYABAI HOLKAR,22.722,75.801,25.2,1017.1,26.68
2016-01-24T06:00:00,42754099999,DEVI AHILYABAI HOLKAR,22.722,75.801,25.0,,27.57
2016-01-24T09:00:00,42754099999,DEVI AHILYABAI HOLKAR,22.722,75.801,27.6,1013.4,23.32
2016-01-24T09:00:00,42754099999,DEVI AHILYABAI HOLKAR,22.722,75.801,28.0,,23.1
2016-01-24T12:00:00,42754099999,DEVI AHILYABAI HOLKAR,22.722,75.801,25.2,1012.8,22.36
2016-01-24T12:00:00,42754099999,DEVI AHILYABAI HOLKAR,22.722,75.801,25.0,,22.31
2016-01-24T15:00:00,42754099999,DEVI AHILYABAI HOLKAR,22.722,75.801,18.0,1016.4,43.21
2016-01-24T15:00:00,42754099999,DEVI AHILYABAI HOLKAR,22.722,75.801,18.0,,42.31
2016-01-24T18:00:00,42754099999,DEVI AHILYABAI HOLKAR,22.722,75.801,17.0,1016.6,46.99
2016-01-24T18:00:00,42754099999,DEVI AHILYABAI HOLKAR,22.722,75.801,17.0,,48.31
2016-01-24T21:00:00,42754099999,DEVI AHILYABAI HOLKAR,22.722,75.801,15.2,1015.5,56.47
2016-01-24T21:00:00,42754099999,DEVI AHILYABAI HOLKAR,22.722,75.801,15.0,,58.79
2016-01-25T00:00:00,42754099999,DEVI AHILYABAI HOLKAR,22.722,75.801,11.0,1015.8,74.29
2016-01-25T00:00:00,42754099999,DEVI AHILYABAI HOLKAR,22.722,75.801,11.0,,76.36
2016-01-25T03:00:00,42754099999,DEVI AHILYABAI HOLKAR,22.722,75.801,15.8,1016.5,50.37
2016-01-25T03:00:00,42754099999,DEVI AHILYABAI HOLKAR,22.722,75.801,16.0,,48.03
2016-01-25T06:00:00,42754099999,DEVI AHILYABAI HOLKAR,22.722,75.801,26.0,1014.4,27.08
2016-01-25T06:00:00,42754099999,DEVI AHILYABAI HOLKAR,22.722,75.801,26.0,,27.84
2016-01-25T09:00:00,42754099999,DEVI AHILYABAI HOLKAR,22.722,75.801,28.0,1010.4,25.98
2016-01-25T09:00:00,42754099999,DEVI AHILYABAI HOLKAR,22.722,75.801,28.0,,26.52
2016-01-25T12:00:00,42754099999,DEVI AHILYABAI HOLKAR,22.722,75.801,26.4,1010.1,20.39
2016-01-25T12:00:00,42754099999,DEVI AHILYABAI HOLKAR,22.722,75.801,26.0,,21.03
2016-01-25T15:00:00,42754099999,DEVI AHILYABAI HOLKAR,22.722,75.801,19.4,1013.2,44.51
2016-01-25T15:00:00,42754099999,DEVI AHILYABAI HOLKAR,22.722,75.801,19.0,,45.63
2016-01-25T18:00:00,42754099999,DEVI AHILYABAI HOLKAR,22.722,75.801,17.0,1014.2,48.64
2016-01-25T18:00:00,42754099999,DEVI AHILYABAI HOLKAR,22.722,75.801,17.0,,48.31
2016-01-25T21:00:00,42754099999,DEVI AHILYABAI HOLKAR,22.722,75.801,15.4,1013.5,54.99
2016-01-25T21:00:00,42754099999,DEVI AHILYABAI HOLKAR,22.722,75.801,15.0,,54.89
2016-01-25T23:00:00,42754099999,DEVI AHILYABAI HOLKAR,22.722,75.801,13.0,,66.93
2016-01-26T00:00:00,42754099999,DEVI AHILYABAI HOLKAR,22.722,75.801,12.2,1013.8,71.02
2016-01-26T00:00:00,42754099999,DEVI AHILYABAI HOLKAR,22.722,75.801,12.0,,71.47
2016-01-26T03:00:00,42754099999,DEVI AHILYABAI HOLKAR,22.722,75.801,16.4,1015.1,49.49
2016-01-26T03:00:00,42754099999,DEVI AHILYABAI HOLKAR,22.722,75.801,16.0,,51.48
2016-01-26T06:00:00,42754099999,DEVI AHILYABAI HOLKAR,22.722,75.801,25.6,1013.7,23.12
2016-01-26T06:00:00,42754099999,DEVI AHILYABAI HOLKAR,22.722,75.801,26.0,,22.57
2016-01-26T07:00:00,42754099999,DEVI AHILYABAI HOLKAR,22.722,75.801,27.0,,21.28
2016-01-26T09:00:00,42754099999,DEVI AHILYABAI HOLKAR,22.722,75.801,27.6,1009.8,18.46
2016-01-26T09:00:00,42754099999,DEVI AHILYABAI HOLKAR,22.722,75.801,28.0,,17.4
2016-01-26T12:00:00,42754099999,DEVI AHILYABAI HOLKAR,22.722,75.801,26.4,1009.7,20.39
2016-01-26T12:00:00,42754099999,DEVI AHILYABAI HOLKAR,22.722,75.801,26.0,,21.03
2016-01-26T15:00:00,42754099999,DEVI AHILYABAI HOLKAR,22.722,75.801,20.6,1012.8,39.11
2016-01-26T15:00:00,42754099999,DEVI AHILYABAI HOLKAR,22.722,75.801,21.0,,37.64
2016-01-26T18:00:00,42754099999,DEVI AHILYABAI HOLKAR,22.722,75.801,16.0,1014.7,52.56
2016-01-26T18:00:00,42754099999,DEVI AHILYABAI HOLKAR,22.722,75.801,16.0,,51.48
2016-01-26T21:00:00,42754099999,DEVI AHILYABAI HOLKAR,22.722,75.801,14.2,1013.4,64.94
2016-01-27T00:00:00,42754099999,DEVI AHILYABAI HOLKAR,22.722,75.801,12.4,1014.3,69.14
2016-01-27T00:00:00,42754099999,DEVI AHILYABAI HOLKAR,22.722,75.801,12.0,,71.47
2016-01-27T03:00:00,42754099999,DEVI AHILYABAI HOLKAR,22.722,75.801,14.6,1015.2,50.39
2016-01-27T03:00:00,42754099999,DEVI AHILYABAI HOLKAR,22.722,75.801,15.0,,47.75
2016-01-27T06:00:00,42754099999,DEVI AHILYABAI HOLKAR,22.722,75.801,22.8,1014.8,45.16
2016-01-27T09:00:00,42754099999,DEVI AHILYABAI HOLKAR,22.722,75.801,25.8,1011.3,35.52
2016-01-27T09:00:00,42754099999,DEVI AHILYABAI HOLKAR,22.722,75.801,26.0,,34.17
2016-01-27T12:00:00,42754099999,DEVI AHILYABAI HOLKAR,22.722,75.801,26.0,1010.6,35.81
2016-01-27T12:00:00,42754099999,DEVI AHILYABAI HOLKAR,22.722,75.801,26.0,,36.54
2016-01-27T15:00:00,42754099999,DEVI AHILYABAI HOLKAR,22.722,75.801,21.2,1013.4,51.47
2016-01-27T15:00:00,42754099999,DEVI AHILYABAI HOLKAR,22.722,75.801,21.0,,52.8
2016-01-27T18:00:00,42754099999,DEVI AHILYABAI HOLKAR,22.722,75.801,19.0,1014.3,55.91
2016-01-27T18:00:00,42754099999,DEVI AHILYABAI HOLKAR,22.722,75.801,19.0,,55.91
2016-01-27T21:00:00,42754099999,DEVI AHILYABAI HOLKAR,22.722,75.801,16.6,1013.1,67.24
2016-01-27T21:00:00,42754099999,DEVI AHILYABAI HOLKAR,22.722,75.801,17.0,,67.77
2016-01-28T00:00:00,42754099999,DEVI AHILYABAI HOLKAR,22.722,75.801,12.2,1015.5,75.52
2016-01-28T00:00:00,42754099999,DEVI AHILYABAI HOLKAR,22.722,75.801,12.0,,76.52
2016-01-28T03:00:00,42754099999,DEVI AHILYABAI HOLKAR,22.722,75.801,14.4,1016.8,84.94
2016-01-28T06:00:00,42754099999,DEVI AHILYABAI HOLKAR,22.722,75.801,24.0,1015.6,53.23
2016-01-28T06:00:00,42754099999,DEVI AHILYABAI HOLKAR,22.722,75.801,24.0,,53.58
2016-01-28T09:00:00,42754099999,DEVI AHILYABAI HOLKAR,22.722,75.801,26.8,1012.1,37.01
2016-01-28T09:00:00,42754099999,DEVI AHILYABAI HOLKAR,22.722,75.801,27.0,,36.82
2016-01-28T11:00:00,42754099999,DEVI AHILYABAI HOLKAR,22.722,75.801,27.0,,36.82
2016-01-28T12:00:00,42754099999,DEVI AHILYABAI HOLKAR,22.722,75.801,26.6,1011.7,37.7
2016-01-28T12:00:00,42754099999,DEVI AHILYABAI HOLKAR,22.722,75.801,27.0,,36.82
2016-01-28T15:00:00,42754099999,DEVI AHILYABAI HOLKAR,22.722,75.801,21.4,1015.6,52.91
2016-01-28T15:00:00,42754099999,DEVI AHILYABAI HOLKAR,22.722,75.801,21.0,,52.8
2016-01-28T18:00:00,42754099999,DEVI AHILYABAI HOLKAR,22.722,75.801,19.0,1016.6,60.96
2016-01-28T18:00:00,42754099999,DEVI AHILYABAI HOLKAR,22.722,75.801,19.0,,59.76
2016-01-28T21:00:00,42754099999,DEVI AHILYABAI HOLKAR,22.722,75.801,17.0,1015.0,65.99
2016-01-28T21:00:00,42754099999,DEVI AHILYABAI HOLKAR,22.722,75.801,17.0,,67.77
2016-01-28T23:00:00,42754099999,DEVI AHILYABAI HOLKAR,22.722,75.801,15.0,,72.03
2016-01-29T00:00:00,42754099999,DEVI AHILYABAI HOLKAR,22.722,75.801,13.0,1016.7,76.17
2016-01-29T00:00:00,42754099999,DEVI AHILYABAI HOLKAR,22.722,75.801,13.0,,76.68
2016-01-29T03:00:00,42754099999,DEVI AHILYABAI HOLKAR,22.722,75.801,18.6,1018.4,60.87
2016-01-29T03:00:00,42754099999,DEVI AHILYABAI HOLKAR,22.722,75.801,19.0,,59.76
2016-01-29T06:00:00,42754099999,DEVI AHILYABAI HOLKAR,22.722,75.801,26.6,1017.4,34.57
2016-01-29T06:00:00,42754099999,DEVI AHILYABAI HOLKAR,22.722,75.801,27.0,,34.45
2016-01-29T09:00:00,42754099999,DEVI AHILYABAI HOLKAR,22.722,75.801,30.2,1013.4,28.23
2016-01-29T09:00:00,42754099999,DEVI AHILYABAI HOLKAR,22.722,75.801,30.0,,28.94
2016-01-29T12:00:00,42754099999,DEVI AHILYABAI HOLKAR,22.722,75.801,29.4,1012.3,32.02
2016-01-29T12:00:00,42754099999,DEVI AHILYABAI HOLKAR,22.722,75.801,29.0,,32.77
2016-01-29T15:00:00,42754099999,DEVI AHILYABAI HOLKAR,22.722,75.801,22.6,1015.9,55.71
2016-01-29T15:00:00,42754099999,DEVI AHILYABAI HOLKAR,22.722,75.801,23.0,,53.32
2016-01-29T18:00:00,42754099999,DEVI AHILYABAI HOLKAR,22.722,75.801,19.4,1017.0,66.5
2016-01-29T18:00:00,42754099999,DEVI AHILYABAI HOLKAR,22.722,75.801,19.0,,68.18
2016-01-29T21:00:00,42754099999,DEVI AHILYABAI HOLKAR,22.722,75.801,18.0,1016.4,76.96
2016-01-29T21:00:00,42754099999,DEVI AHILYABAI HOLKAR,22.722,75.801,18.0,,72.58
2016-01-29T23:00:00,42754099999,DEVI AHILYABAI HOLKAR,22.722,75.801,16.0,,77.16
2016-01-30T00:00:00,42754099999,DEVI AHILYABAI HOLKAR,22.722,75.801,15.8,1017.3,77.63
2016-01-30T00:00:00,42754099999,DEVI AHILYABAI HOLKAR,22.722,75.801,16.0,,77.16
2016-01-30T01:00:00,42754099999,DEVI AHILYABAI HOLKAR,22.722,75.801,17.0,,51.75
2016-01-30T03:00:00,42754099999,DEVI AHILYABAI HOLKAR,22.722,75.801,18.2,1016.7,48.64
2016-01-30T03:00:00,42754099999,DEVI AHILYABAI HOLKAR,22.722,75.801,18.0,,48.58
2016-01-30T06:00:00,42754099999,DEVI AHILYABAI HOLKAR,22.722,75.801,29.8,1014.9,27.74
2016-01-30T06:00:00,42754099999,DEVI AHILYABAI HOLKAR,22.722,75.801,30.0,,27.06
2016-01-30T09:00:00,42754099999,DEVI AHILYABAI HOLKAR,22.722,75.801,31.6,1011.3,21.26
2016-01-30T09:00:00,42754099999,DEVI AHILYABAI HOLKAR,22.722,75.801,32.0,,21.07
2016-01-30T12:00:00,42754099999,DEVI AHILYABAI HOLKAR,22.722,75.801,30.0,1010.7,18.92
2016-01-30T12:00:00,42754099999,DEVI AHILYABAI HOLKAR,22.722,75.801,30.0,,19.18
2016-01-30T15:00:00,42754099999,DEVI AHILYABAI HOLKAR,22.722,75.801,24.8,1013.7,36.45
2016-01-30T15:00:00,42754099999,DEVI AHILYABAI HOLKAR,22.722,75.801,25.0,,36.26
2016-01-30T18:00:00,42754099999,DEVI AHILYABAI HOLKAR,22.722,75.801,21.2,1015.4,46.87
2016-01-30T18:00:00,42754099999,DEVI AHILYABAI HOLKAR,22.722,75.801,21.0,,46.19
2016-01-30T21:00:00,42754099999,DEVI AHILYABAI HOLKAR,22.722,75.801,18.6,1014.5,54.33
2016-01-30T21:00:00,42754099999,DEVI AHILYABAI HOLKAR,22.722,75.801,19.0,,52.28
2016-01-31T00:00:00,42754099999,DEVI AHILYABAI HOLKAR,22.722,75.801,17.0,1015.6,57.31
2016-01-31T00:00:00,42754099999,DEVI AHILYABAI HOLKAR,22.722,75.801,17.0,,55.4
2016-01-31T03:00:00,42754099999,DEVI AHILYABAI HOLKAR,22.722,75.801,16.8,1016.7,78.3
2016-01-31T06:00:00,42754099999,DEVI AHILYABAI HOLKAR,22.722,75.801,24.4,1016.5,47.12
2016-01-31T06:00:00,42754099999,DEVI AHILYABAI HOLKAR,22.722,75.801,24.0,,47.01
2016-01-31T09:00:00,42754099999,DEVI AHILYABAI HOLKAR,22.722,75.801,28.0,1012.3,32.06
2016-01-31T09:00:00,42754099999,DEVI AHILYABAI HOLKAR,22.722,75.801,28.0,,32.49
2016-01-31T12:00:00,42754099999,DEVI AHILYABAI HOLKAR,22.722,75.801,28.4,1011.3,30.7
2016-01-31T12:00:00,42754099999,DEVI AHILYABAI HOLKAR,22.722,75.801,28.0,,30.38
2016-01-31T15:00:00,42754099999,DEVI AHILYABAI HOLKAR,22.722,75.801,23.0,1014.2,45.21
2016-01-31T15:00:00,42754099999,DEVI AHILYABAI HOLKAR,22.722,75.801,23.0,,46.74
2016-01-31T18:00:00,42754099999,DEVI AHILYABAI HOLKAR,22.722,75.801,19.4,1015.8,63.1
2016-01-31T18:00:00,42754099999,DEVI AHILYABAI HOLKAR,22.722,75.801,19.0,,63.85
2016-01-31T21:00:00,42754099999,DEVI AHILYABAI HOLKAR,22.722,75.801,16.6,1015.2,69.05
2016-01-31T21:00:00,42754099999,DEVI AHILYABAI HOLKAR,22.722,75.801,17.0,,67.77
2016-02-01T00:00:00,42754099999,DEVI AHILYABAI HOLKAR,22.722,75.801,15.0,1016.0,71.55
2016-02-01T00:00:00,42754099999,DEVI AHILYABAI HOLKAR,22.722,75.801,15.0,,72.03
2016-02-01T03:00:00,42754099999,DEVI AHILYABAI HOLKAR,22.722,75.801,16.0,1016.8,70.32
2016-02-01T03:00:00,42754099999,DEVI AHILYABAI HOLKAR,22.722,75.801,16.0,,72.22
2016-02-01T06:00:00,42754099999,DEVI AHILYABAI HOLKAR,22.722,75.801,25.0,1015.8,33.2
2016-02-01T06:00:00,42754099999,DEVI AHILYABAI HOLKAR,22.722,75.801,25.0,,33.88
2016-02-01T09:00:00,42754099999,DEVI AHILYABAI HOLKAR,22.722,75.801,28.8,1012.2,21.44
2016-02-01T09:00:00,42754099999,DEVI AHILYABAI HOLKAR,22.722,75.801,29.0,,21.79
2016-02-01T12:00:00,42754099999,DEVI AHILYABAI HOLKAR,22.722,75.801,27.4,1011.6,29.2
2016-02-01T12:00:00,42754099999,DEVI AHILYABAI HOLKAR,22.722,75.801,27.0,,30.1
2016-02-01T15:00:00,42754099999,DEVI AHILYABAI HOLKAR,22.722,75.801,22.4,1014.6,43.27
2016-02-01T15:00:00,42754099999,DEVI AHILYABAI HOLKAR,22.722,75.801,22.0,,43.45
2016-02-01T18:00:00,42754099999,DEVI AHILYABAI HOLKAR,22.722,75.801,19.0,1016.2,56.29
2016-02-01T18:00:00,42754099999,DEVI AHILYABAI HOLKAR,22.722,75.801,19.0,,55.91
2016-02-01T21:00:00,42754099999,DEVI AHILYABAI HOLKAR,22.722,75.801,17.2,1015.2,64.3
2016-02-01T21:00:00,42754099999,DEVI AHILYABAI HOLKAR,22.722,75.801,17.0,,63.4
2016-02-02T00:00:00,42754099999,DEVI AHILYABAI HOLKAR,22.722,75.801,15.4,1015.9,66.09
2016-02-02T00:00:00,42754099999,DEVI AHILYABAI HOLKAR,22.722,75.801,15.0,,67.36
2016-02-02T03:00:00,42754099999,DEVI AHILYABAI HOLKAR,22.722,75.801,15.2,1017.4,77.54
2016-02-02T03:00:00,42754099999,DEVI AHILYABAI HOLKAR,22.722,75.801,15.0,,77.0
2016-02-02T06:00:00,42754099999,DEVI AHILYABAI HOLKAR,22.722,75.801,24.8,1016.5,42.51
2016-02-02T09:00:00,42754099999,DEVI AHILYABAI HOLKAR,22.722,75.801,27.0,1013.2,33.99
2016-02-02T09:00:00,42754099999,DEVI AHILYABAI HOLKAR,22.722,75.801,27.0,,34.45
2016-02-02T12:00:00,42754099999,DEVI AHILYABAI HOLKAR,22.722,75.801,26.0,1012.7,38.03
2016-02-02T12:00:00,42754099999,DEVI AHILYABAI HOLKAR,22.722,75.801,26.0,,39.06
2016-02-02T15:00:00,42754099999,DEVI AHILYABAI HOLKAR,22.722,75.801,21.0,1015.1,52.45
2016-02-02T15:00:00,42754099999,DEVI AHILYABAI HOLKAR,22.722,75.801,21.0,,52.8
2016-02-02T18:00:00,42754099999,DEVI AHILYABAI HOLKAR,22.722,75.801,18.4,1016.3,62.05
2016-02-02T18:00:00,42754099999,DEVI AHILYABAI HOLKAR,22.722,75.801,18.0,,63.62
2016-02-02T21:00:00,42754099999,DEVI AHILYABAI HOLKAR,22.722,75.801,17.0,1015.3,65.99
2016-02-02T21:00:00,42754099999,DEVI AHILYABAI HOLKAR,22.722,75.801,17.0,,67.77
2016-02-02T23:00:00,42754099999,DEVI AHILYABAI HOLKAR,22.722,75.801,16.0,,67.56
2016-02-03T00:00:00,42754099999,DEVI AHILYABAI HOLKAR,22.722,75.801,15.2,1015.9,69.7
2016-02-03T00:00:00,42754099999,DEVI AHILYABAI HOLKAR,22.722,75.801,15.0,,72.03
2016-02-03T03:00:00,42754099999,DEVI AHILYABAI HOLKAR,22.722,75.801,15.6,1018.0,55.42
2016-02-03T03:00:00,42754099999,DEVI AHILYABAI HOLKAR,22.722,75.801,16.0,,55.14
2016-02-03T06:00:00,42754099999,DEVI AHILYABAI HOLKAR,22.722,75.801,21.6,1017.9,40.77
2016-02-03T06:00:00,42754099999,DEVI AHILYABAI HOLKAR,22.722,75.801,22.0,,40.6
2016-02-03T08:00:00,42754099999,DEVI AHILYABAI HOLKAR,22.722,75.801,24.0,,35.97
2016-02-03T09:00:00,42754099999,DEVI AHILYABAI HOLKAR,22.722,75.801,24.0,1014.1,35.25
2016-02-03T09:00:00,42754099999,DEVI AHILYABAI HOLKAR,22.722,75.801,24.0,,35.97
2016-02-03T12:00:00,42754099999,DEVI AHILYABAI HOLKAR,22.722,75.801,23.6,1013.6,33.49
2016-02-03T12:00:00,42754099999,DEVI AHILYABAI HOLKAR,22.722,75.801,24.0,,33.6
2016-02-03T13:00:00,42754099999,DEVI AHILYABAI HOLKAR,22.722,75.801,21.0,,40.32
2016-02-03T15:00:00,42754099999,DEVI AHILYABAI HOLKAR,22.722,75.801,19.2,1016.0,45.69
2016-02-03T18:00:00,42754099999,DEVI AHILYABAI HOLKAR,22.722,75.801,16.8,1017.7,51.69
2016-02-03T21:00:00,42754099999,DEVI AHILYABAI HOLKAR,22.722,75.801,15.2,1016.7,56.47
2016-02-03T21:00:00,42754099999,DEVI AHILYABAI HOLKAR,22.722,75.801,15.0,,58.79
2016-02-03T23:00:00,42754099999,DEVI AHILYABAI HOLKAR,22.722,75.801,14.0,,62.72
2016-02-04T00:00:00,42754099999,DEVI AHILYABAI HOLKAR,22.722,75.801,13.4,1017.9,66.11
2016-02-04T00:00:00,42754099999,DEVI AHILYABAI HOLKAR,22.722,75.801,13.0,,66.93
2016-02-04T03:00:00,42754099999,DEVI AHILYABAI HOLKAR,22.722,75.801,15.0,1018.1,40.28
2016-02-04T03:00:00,42754099999,DEVI AHILYABAI HOLKAR,22.722,75.801,15.0,,41.45
2016-02-04T05:00:00,42754099999,DEVI AHILYABAI HOLKAR,22.722,75.801,20.0,,30.23
2016-02-04T06:00:00,42754099999,DEVI AHILYABAI HOLKAR,22.722,75.801,21.4,1018.0,28.33
2016-02-04T06:00:00,42754099999,DEVI AHILYABAI HOLKAR,22.722,75.801,21.0,,28.42
2016-02-04T07:00:00,42754099999,DEVI AHILYABAI HOLKAR,22.722,75.801,23.0,,25.16
2016-02-04T09:00:00,42754099999,DEVI AHILYABAI HOLKAR,22.722,75.801,24.8,1013.6,22.58
2016-02-04T09:00:00,42754099999,DEVI AHILYABAI HOLKAR,22.722,75.801,25.0,,22.31
2016-02-04T12:00:00,42754099999,DEVI AHILYABAI HOLKAR,22.722,75.801,24.2,1012.7,24.95
2016-02-04T12:00:00,42754099999,DEVI AHILYABAI HOLKAR,22.722,75.801,24.0,,25.43
2016-02-04T15:00:00,42754099999,DEVI AHILYABAI HOLKAR,22.722,75.801,19.0,1015.3,39.47
2016-02-04T15:00:00,42754099999,DEVI AHILYABAI HOLKAR,22.722,75.801,19.0,,39.75
2016-02-04T18:00:00,42754099999,DEVI AHILYABAI HOLKAR,22.722,75.801,16.6,1017.4,46.55
2016-02-04T18:00:00,42754099999,DEVI AHILYABAI HOLKAR,22.722,75.801,17.0,,45.07
2016-02-04T21:00:00,42754099999,DEVI AHILYABAI HOLKAR,22.722,75.801,15.4,1016.1,49.91
2016-02-04T21:00:00,42754099999,DEVI AHILYABAI HOLKAR,22.722,75.801,15.0,,51.21
2016-02-05T00:00:00,42754099999,DEVI AHILYABAI HOLKAR,22.722,75.801,13.2,1016.3,55.96
2016-02-05T00:00:00,42754099999,DEVI AHILYABAI HOLKAR,22.722,75.801,13.0,,58.3
2016-02-05T03:00:00,42754099999,DEVI AHILYABAI HOLKAR,22.722,75.801,14.0,1016.8,56.95
2016-02-05T03:00:00,42754099999,DEVI AHILYABAI HOLKAR,22.722,75.801,14.0,,58.55
2016-02-05T06:00:00,42754099999,DEVI AHILYABAI HOLKAR,22.722,75.801,25.0,1015.1,26.44
2016-02-05T06:00:00,42754099999,DEVI AHILYABAI HOLKAR,22.722,75.801,25.0,,25.7
2016-02-05T09:00:00,42754099999,DEVI AHILYABAI HOLKAR,22.722,75.801,29.6,1010.3,21.8
2016-02-05T09:00:00,42754099999,DEVI AHILYABAI HOLKAR,22.722,75.801,30.0,,20.57
2016-02-05T12:00:00,42754099999,DEVI AHILYABAI HOLKAR,22.722,75.801,29.4,1008.6,20.57
2016-02-05T12:00:00,42754099999,DEVI AHILYABAI HOLKAR,22.722,75.801,29.0,,21.79
2016-02-05T15:00:00,42754099999,DEVI AHILYABAI HOLKAR,22.722,75.801,21.8,1011.4,49.29
2016-02-05T15:00:00,42754099999,DEVI AHILYABAI HOLKAR,22.722,75.801,22.0,,49.67
2016-02-05T18:00:00,42754099999,DEVI AHILYABAI HOLKAR,22.722,75.801,19.8,1011.7,56.11
2016-02-05T18:00:00,42754099999,DEVI AHILYABAI HOLKAR,22.722,75.801,20.0,,56.16
2016-02-05T21:00:00,42754099999,DEVI AHILYABAI HOLKAR,22.722,75.801,17.8,1010.6,64.86
2016-02-06T00:00:00,42754099999,DEVI AHILYABAI HOLKAR,22.722,75.801,14.0,1009.8,78.92
2016-02-06T00:00:00,42754099999,DEVI AHILYABAI HOLKAR,22.722,75.801,14.0,,76.84
2016-02-06T03:00:00,42754099999,DEVI AHILYABAI HOLKAR,22.722,75.801,20.2,1010.1,44.13
2016-02-06T06:00:00,42754099999,DEVI AHILYABAI HOLKAR,22.722,75.801,27.2,1010.0,37.87
2016-02-06T09:00:00,42754099999,DEVI AHILYABAI HOLKAR,22.722,75.801,30.0,1006.6,29.92
2016-02-06T12:00:00,42754099999,DEVI AHILYABAI HOLKAR,22.722,75.801,29.2,1006.2,24.06
2016-02-06T12:00:00,42754099999,DEVI AHILYABAI HOLKAR,22.722,75.801,29.0,,25.02
2016-02-06T15:00:00,42754099999,DEVI AHILYABAI HOLKAR,22.722,75.801,20.6,1009.9,48.96
2016-02-06T15:00:00,42754099999,DEVI AHILYABAI HOLKAR,22.722,75.801,21.0,,46.19
2016-02-06T18:00:00,42754099999,DEVI AHILYABAI HOLKAR,22.722,75.801,19.0,1011.6,52.99
2016-02-06T18:00:00,42754099999,DEVI AHILYABAI HOLKAR,22.722,75.801,19.0,,52.28
2016-02-06T21:00:00,42754099999,DEVI AHILYABAI HOLKAR,22.722,75.801,16.6,1010.7,62.05
2016-02-06T21:00:00,42754099999,DEVI AHILYABAI HOLKAR,22.722,75.801,17.0,,59.28
2016-02-07T00:00:00,42754099999,DEVI AHILYABAI HOLKAR,22.722,75.801,15.0,1011.0,69.66
2016-02-07T00:00:00,42754099999,DEVI AHILYABAI HOLKAR,22.722,75.801,15.0,,67.36
2016-02-07T03:00:00,42754099999,DEVI AHILYABAI HOLKAR,22.722,75.801,15.4,1015.7,54.99
2016-02-07T03:00:00,42754099999,DEVI AHILYABAI HOLKAR,22.722,75.801,15.0,,54.89
2016-02-07T06:00:00,42754099999,DEVI AHILYABAI HOLKAR,22.722,75.801,23.4,1015.6,31.85
2016-02-07T06:00:00,42754099999,DEVI AHILYABAI HOLKAR,22.722,75.801,23.0,,33.32
2016-02-07T09:00:00,42754099999,DEVI AHILYABAI HOLKAR,22.722,75.801,26.0,1012.3,28.03
2016-02-07T09:00:00,42754099999,DEVI AHILYABAI HOLKAR,22.722,75.801,26.0,,27.84
2016-02-07T10:00:00,42754099999,DEVI AHILYABAI HOLKAR,22.722,75.801,26.0,,27.84
2016-02-07T12:00:00,42754099999,DEVI AHILYABAI HOLKAR,22.722,75.801,25.2,1011.9,30.01
2016-02-07T12:00:00,42754099999,DEVI AHILYABAI HOLKAR,22.722,75.801,25.0,,29.55
2016-02-07T15:00:00,42754099999,DEVI AHILYABAI HOLKAR,22.722,75.801,20.6,1014.5,43.35
2016-02-07T15:00:00,42754099999,DEVI AHILYABAI HOLKAR,22.722,75.801,21.0,,43.17
2016-02-07T18:00:00,42754099999,DEVI AHILYABAI HOLKAR,22.722,75.801,17.2,1016.2,55.83
2016-02-07T18:00:00,42754099999,DEVI AHILYABAI HOLKAR,22.722,75.801,17.0,,55.4
2016-02-07T21:00:00,42754099999,DEVI AHILYABAI HOLKAR,22.722,75.801,15.0,1015.4,67.81
2016-02-07T21:00:00,42754099999,DEVI AHILYABAI HOLKAR,22.722,75.801,15.0,,67.36
2016-02-08T00:00:00,42754099999,DEVI AHILYABAI HOLKAR,22.722,75.801,13.0,1016.2,69.74
2016-02-08T00:00:00,42754099999,DEVI AHILYABAI HOLKAR,22.722,75.801,13.0,,71.66
2016-02-08T03:00:00,42754099999,DEVI AHILYABAI HOLKAR,22.722,75.801,17.4,1016.5,42.74
2016-02-08T03:00:00,42754099999,DEVI AHILYABAI HOLKAR,22.722,75.801,17.0,,45.07
2016-02-08T06:00:00,42754099999,DEVI AHILYABAI HOLKAR,22.722,75.801,25.0,1016.4,25.35
2016-02-08T06:00:00,42754099999,DEVI AHILYABAI HOLKAR,22.722,75.801,25.0,,25.7
2016-02-08T09:00:00,42754099999,DEVI AHILYABAI HOLKAR,22.722,75.801,26.2,1012.9,26.21
2016-02-08T09:00:00,42754099999,DEVI AHILYABAI HOLKAR,22.722,75.801,26.0,,25.98
2016-02-08T12:00:00,42754099999,DEVI AHILYABAI HOLKAR,22.722,75.801,26.2,1012.4,26.21
2016-02-08T12:00:00,42754099999,DEVI AHILYABAI HOLKAR,22.722,75.801,26.0,,25.98
2016-02-08T15:00:00,42754099999,DEVI AHILYABAI HOLKAR,22.722,75.801,20.4,1014.5,37.47
2016-02-08T15:00:00,42754099999,DEVI AHILYABAI HOLKAR,22.722,75.801,20.0,,37.35
2016-02-08T18:00:00,42754099999,DEVI AHILYABAI HOLKAR,22.722,75.801,18.0,1015.7,46.94
2016-02-08T18:00:00,42754099999,DEVI AHILYABAI HOLKAR,22.722,75.801,18.0,,45.35
2016-02-08T21:00:00,42754099999,DEVI AHILYABAI HOLKAR,22.722,75.801,16.0,1014.7,49.04
2016-02-08T21:00:00,42754099999,DEVI AHILYABAI HOLKAR,22.722,75.801,16.0,,48.03
2016-02-08T23:00:00,42754099999,DEVI AHILYABAI HOLKAR,22.722,75.801,15.0,,51.21
2016-02-09T00:00:00,42754099999,DEVI AHILYABAI HOLKAR,22.722,75.801,14.0,1015.4,58.95
2016-02-09T00:00:00,42754099999,DEVI AHILYABAI HOLKAR,22.722,75.801,14.0,,58.55
2016-02-09T01:00:00,42754099999,DEVI AHILYABAI HOLKAR,22.722,75.801,15.0,,58.79
2016-02-09T03:00:00,42754099999,DEVI AHILYABAI HOLKAR,22.722,75.801,17.2,1016.1,52.51
2016-02-09T03:00:00,42754099999,DEVI AHILYABAI HOLKAR,22.722,75.801,17.0,,51.75
2016-02-09T06:00:00,42754099999,DEVI AHILYABAI HOLKAR,22.722,75.801,24.0,1015.2,34.06
2016-02-09T06:00:00,42754099999,DEVI AHILYABAI HOLKAR,22.722,75.801,24.0,,33.6
2016-02-09T09:00:00,42754099999,DEVI AHILYABAI HOLKAR,22.722,75.801,28.8,1010.6,25.31
2016-02-09T09:00:00,42754099999,DEVI AHILYABAI HOLKAR,22.722,75.801,29.0,,25.02
2016-02-09T12:00:00,42754099999,DEVI AHILYABAI HOLKAR,22.722,75.801,27.0,1009.6,33.99
2016-02-09T12:00:00,42754099999,DEVI AHILYABAI HOLKAR,22.722,75.801,27.0,,34.45
2016-02-09T15:00:00,42754099999,DEVI AHILYABAI HOLKAR,22.722,75.801,23.0,1011.7,40.07
2016-02-09T15:00:00,42754099999,DEVI AHILYABAI HOLKAR,22.722,75.801,23.0,,40.89
2016-02-09T18:00:00,42754099999,DEVI AHILYABAI HOLKAR,22.722,75.801,17.6,1013.7,63.11
2016-02-09T18:00:00,42754099999,DEVI AHILYABAI HOLKAR,22.722,75.801,18.0,,63.62
2016-02-09T21:00:00,42754099999,DEVI AHILYABAI HOLKAR,22.722,75.801,16.0,1012.9,68.47
2016-02-09T21:00:00,42754099999,DEVI AHILYABAI HOLKAR,22.722,75.801,16.0,,67.56
2016-02-09T23:00:00,42754099999,DEVI AHILYABAI HOLKAR,22.722,75.801,15.0,,72.03
2016-02-10T00:00:00,42754099999,DEVI AHILYABAI HOLKAR,22.722,75.801,14.2,1013.5,76.87
2016-02-10T00:00:00,42754099999,DEVI AHILYABAI HOLKAR,22.722,75.801,14.0,,76.84
2016-02-10T03:00:00,42754099999,DEVI AHILYABAI HOLKAR,22.722,75.801,16.6,1013.0,58.39
2016-02-10T06:00:00,42754099999,DEVI AHILYABAI HOLKAR,22.722,75.801,28.6,1011.3,25.96
2016-02-10T06:00:00,42754099999,DEVI AHILYABAI HOLKAR,22.722,75.801,29.0,,25.02
2016-02-10T09:00:00,42754099999,DEVI AHILYABAI HOLKAR,22.722,75.801,30.6,1007.5,24.27
2016-02-10T09:00:00,42754099999,DEVI AHILYABAI HOLKAR,22.722,75.801,31.0,,23.88
2016-02-10T12:00:00,42754099999,DEVI AHILYABAI HOLKAR,22.722,75.801,29.4,1006.4,22.51
2016-02-10T12:00:00,42754099999,DEVI AHILYABAI HOLKAR,22.722,75.801,29.0,,23.36
2016-02-10T15:00:00,42754099999,DEVI AHILYABAI HOLKAR,22.722,75.801,22.8,1010.0,34.19
2016-02-10T15:00:00,42754099999,DEVI AHILYABAI HOLKAR,22.722,75.801,23.0,,33.32
2016-02-10T18:00:00,42754099999,DEVI AHILYABAI HOLKAR,22.722,75.801,20.0,1011.2,45.29
2016-02-10T18:00:00,42754099999,DEVI AHILYABAI HOLKAR,22.722,75.801,20.0,,45.91
2016-02-10T21:00:00,42754099999,DEVI AHILYABAI HOLKAR,22.722,75.801,18.4,1009.8,52.47
2016-02-10T23:00:00,42754099999,DEVI AHILYABAI HOLKAR,22.722,75.801,17.0,,59.28
2016-02-11T00:00:00,42754099999,DEVI AHILYABAI HOLKAR,22.722,75.801,15.2,1010.9,67.85
2016-02-11T00:00:00,42754099999,DEVI AHILYABAI HOLKAR,22.722,75.801,15.0,,67.36
2016-02-11T01:00:00,42754099999,DEVI AHILYABAI HOLKAR,22.722,75.801,14.0,,50.94
2016-02-11T03:00:00,42754099999,DEVI AHILYABAI HOLKAR,22.722,75.801,16.4,1012.6,36.31
2016-02-11T03:00:00,42754099999,DEVI AHILYABAI HOLKAR,22.722,75.801,16.0,,36.19
2016-02-11T06:00:00,42754099999,DEVI AHILYABAI HOLKAR,22.722,75.801,24.6,1012.0,29.23
2016-02-11T06:00:00,42754099999,DEVI AHILYABAI HOLKAR,22.722,75.801,25.0,,27.57
2016-02-11T09:00:00,42754099999,DEVI AHILYABAI HOLKAR,22.722,75.801,27.6,1008.6,23.32
2016-02-11T09:00:00,42754099999,DEVI AHILYABAI HOLKAR,22.722,75.801,28.0,,23.1
2016-02-11T12:00:00,42754099999,DEVI AHILYABAI HOLKAR,22.722,75.801,27.4,1007.9,20.06
2016-02-11T15:00:00,42754099999,DEVI AHILYABAI HOLKAR,22.722,75.801,22.8,1010.9,28.53
2016-02-11T15:00:00,42754099999,DEVI AHILYABAI HOLKAR,22.722,75.801,23.0,,28.99
2016-02-11T18:00:00,42754099999,DEVI AHILYABAI HOLKAR,22.722,75.801,19.0,1012.8,40.87
2016-02-11T18:00:00,42754099999,DEVI AHILYABAI HOLKAR,22.722,75.801,19.0,,39.75
2016-02-11T21:00:00,42754099999,DEVI AHILYABAI HOLKAR,22.722,75.801,17.4,1012.2,47.75
2016-02-11T21:00:00,42754099999,DEVI AHILYABAI HOLKAR,22.722,75.801,17.0,,48.31
2016-02-12T00:00:00,42754099999,DEVI AHILYABAI HOLKAR,22.722,75.801,15.0,1013.4,56.42
2016-02-12T00:00:00,42754099999,DEVI AHILYABAI HOLKAR,22.722,75.801,15.0,,54.89
2016-02-12T03:00:00,42754099999,DEVI AHILYABAI HOLKAR,22.722,75.801,14.6,1014.5,63.28
2016-02-12T03:00:00,42754099999,DEVI AHILYABAI HOLKAR,22.722,75.801,15.0,,62.95
2016-02-12T06:00:00,42754099999,DEVI AHILYABAI HOLKAR,22.722,75.801,24.6,1012.4,34.94
2016-02-12T06:00:00,42754099999,DEVI AHILYABAI HOLKAR,22.722,75.801,25.0,,33.88
2016-02-12T09:00:00,42754099999,DEVI AHILYABAI HOLKAR,22.722,75.801,28.6,1008.1,22.15
2016-02-12T09:00:00,42754099999,DEVI AHILYABAI HOLKAR,22.722,75.801,29.0,,21.79
2016-02-12T12:00:00,42754099999,DEVI AHILYABAI HOLKAR,22.722,75.801,28.2,1007.2,21.44
2016-02-12T12:00:00,42754099999,DEVI AHILYABAI HOLKAR,22.722,75.801,28.0,,21.54
2016-02-12T15:00:00,42754099999,DEVI AHILYABAI HOLKAR,22.722,75.801,20.0,1011.3,42.3
2016-02-12T15:00:00,42754099999,DEVI AHILYABAI HOLKAR,22.722,75.801,20.0,,42.88
2016-02-12T18:00:00,42754099999,DEVI AHILYABAI HOLKAR,22.722,75.801,18.6,1012.4,41.61
2016-02-12T18:00:00,42754099999,DEVI AHILYABAI HOLKAR,22.722,75.801,19.0,,39.75
2016-02-12T21:00:00,42754099999,DEVI AHILYABAI HOLKAR,22.722,75.801,16.4,1011.6,49.49
2016-02-12T21:00:00,42754099999,DEVI AHILYABAI HOLKAR,22.722,75.801,16.0,,51.48
2016-02-12T23:00:00,42754099999,DEVI AHILYABAI HOLKAR,22.722,75.801,15.0,,54.89
2016-02-13T00:00:00,42754099999,DEVI AHILYABAI HOLKAR,22.722,75.801,14.4,1012.6,57.45
2016-02-13T00:00:00,42754099999,DEVI AHILYABAI HOLKAR,22.722,75.801,14.0,,58.55
2016-02-13T03:00:00,42754099999,DEVI AHILYABAI HOLKAR,22.722,75.801,14.0,1015.1,64.46
2016-02-13T03:00:00,42754099999,DEVI AHILYABAI HOLKAR,22.722,75.801,14.0,,62.72
2016-02-13T05:00:00,42754099999,DEVI AHILYABAI HOLKAR,22.722,75.801,21.0,,46.19
2016-02-13T06:00:00,42754099999,DEVI AHILYABAI HOLKAR,22.722,75.801,23.0,1014.7,42.57
2016-02-13T06:00:00,42754099999,DEVI AHILYABAI HOLKAR,22.722,75.801,23.0,,43.73
2016-02-13T09:00:00,42754099999,DEVI AHILYABAI HOLKAR,22.722,75.801,26.0,1011.0,34.63
2016-02-13T09:00:00,42754099999,DEVI AHILYABAI HOLKAR,22.722,75.801,26.0,,34.17
2016-02-13T12:00:00,42754099999,DEVI AHILYABAI HOLKAR,22.722,75.801,26.0,1010.4,31.29
2016-02-13T12:00:00,42754099999,DEVI AHILYABAI HOLKAR,22.722,75.801,26.0,,31.93
2016-02-13T15:00:00,42754099999,DEVI AHILYABAI HOLKAR,22.722,75.801,21.4,1013.5,42.99
2016-02-13T15:00:00,42754099999,DEVI AHILYABAI HOLKAR,22.722,75.801,21.0,,43.17
2016-02-13T18:00:00,42754099999,DEVI AHILYABAI HOLKAR,22.722,75.801,19.0,1014.6,48.53
2016-02-13T18:00:00,42754099999,DEVI AHILYABAI HOLKAR,22.722,75.801,19.0,,48.86
2016-02-13T21:00:00,42754099999,DEVI AHILYABAI HOLKAR,22.722,75.801,17.4,1013.6,55.88
2016-02-13T23:00:00,42754099999,DEVI AHILYABAI HOLKAR,22.722,75.801,16.0,,59.04
2016-02-14T00:00:00,42754099999,DEVI AHILYABAI HOLKAR,22.722,75.801,14.6,1014.6,63.28
2016-02-14T00:00:00,42754099999,DEVI AHILYABAI HOLKAR,22.722,75.801,15.0,,62.95
2016-02-14T01:00:00,42754099999,DEVI AHILYABAI HOLKAR,22.722,75.801,13.0,,50.66
2016-02-14T03:00:00,42754099999,DEVI AHILYABAI HOLKAR,22.722,75.801,14.6,1016.2,41.33
2016-02-14T03:00:00,42754099999,DEVI AHILYABAI HOLKAR,22.722,75.801,15.0,,41.45
2016-02-14T06:00:00,42754099999,DEVI AHILYABAI HOLKAR,22.722,75.801,22.6,1015.2,40.77
2016-02-14T06:00:00,42754099999,DEVI AHILYABAI HOLKAR,22.722,75.801,23.0,,40.89
2016-02-14T09:00:00,42754099999,DEVI AHILYABAI HOLKAR,22.722,75.801,26.0,1011.2,29.22
2016-02-14T09:00:00,42754099999,DEVI AHILYABAI HOLKAR,22.722,75.801,26.0,,29.82
2016-02-14T12:00:00,42754099999,DEVI AHILYABAI HOLKAR,22.722,75.801,26.4,1012.5,32.04
2016-02-14T12:00:00,42754099999,DEVI AHILYABAI HOLKAR,22.722,75.801,26.0,,31.93
2016-02-14T13:00:00,42754099999,DEVI AHILYABAI HOLKAR,22.722,75.801,25.0,,36.26
2016-02-14T15:00:00,42754099999,DEVI AHILYABAI HOLKAR,22.722,75.801,21.2,1013.8,45.63
2016-02-14T15:00:00,42754099999,DEVI AHILYABAI HOLKAR,22.722,75.801,21.0,,46.19
2016-02-14T18:00:00,42754099999,DEVI AHILYABAI HOLKAR,22.722,75.801,20.6,1014.2,48.96
2016-02-14T18:00:00,42754099999,DEVI AHILYABAI HOLKAR,22.722,75.801,21.0,,46.19
2016-02-14T21:00:00,42754099999,DEVI AHILYABAI HOLKAR,22.722,75.801,18.8,1013.0,57.76
2016-02-14T21:00:00,42754099999,DEVI AHILYABAI HOLKAR,22.722,75.801,19.0,,55.91
2016-02-15T00:00:00,42754099999,DEVI AHILYABAI HOLKAR,22.722,75.801,15.0,1014.1,65.56
2016-02-15T00:00:00,42754099999,DEVI AHILYABAI HOLKAR,22.722,75.801,15.0,,67.36
2016-02-15T03:00:00,42754099999,DEVI AHILYABAI HOLKAR,22.722,75.801,18.0,1015.5,51.66
2016-02-15T03:00:00,42754099999,DEVI AHILYABAI HOLKAR,22.722,75.801,18.0,,52.01
2016-02-15T06:00:00,42754099999,DEVI AHILYABAI HOLKAR,22.722,75.801,23.0,1015.4,42.57
2016-02-15T06:00:00,42754099999,DEVI AHILYABAI HOLKAR,22.722,75.801,23.0,,43.73
2016-02-15T09:00:00,42754099999,DEVI AHILYABAI HOLKAR,22.722,75.801,27.4,1011.0,37.67
2016-02-15T09:00:00,42754099999,DEVI AHILYABAI HOLKAR,22.722,75.801,27.0,,39.34
2016-02-15T11:00:00,42754099999,DEVI AHILYABAI HOLKAR,22.722,75.801,28.0,,42.28
2016-02-15T12:00:00,42754099999,DEVI AHILYABAI HOLKAR,22.722,75.801,27.4,1010.8,43.23
2016-02-15T18:00:00,42754099999,DEVI AHILYABAI HOLKAR,22.722,75.801,21.2,1014.3,57.21
2016-02-15T18:00:00,42754099999,DEVI AHILYABAI HOLKAR,22.722,75.801,21.0,,56.41
2016-02-15T21:00:00,42754099999,DEVI AHILYABAI HOLKAR,22.722,75.801,18.2,1013.3,74.05
2016-02-15T21:00:00,42754099999,DEVI AHILYABAI HOLKAR,22.722,75.801,18.0,,72.58
2016-02-16T00:00:00,42754099999,DEVI AHILYABAI HOLKAR,22.722,75.801,15.4,1014.3,77.57
2016-02-16T00:00:00,42754099999,DEVI AHILYABAI HOLKAR,22.722,75.801,15.0,,77.0
2016-02-16T03:00:00,42754099999,DEVI AHILYABAI HOLKAR,22.722,75.801,16.4,1016.4,72.77
2016-02-16T03:00:00,42754099999,DEVI AHILYABAI HOLKAR,22.722,75.801,16.0,,72.22
2016-02-16T06:00:00,42754099999,DEVI AHILYABAI HOLKAR,22.722,75.801,23.4,1015.9,51.04
2016-02-16T09:00:00,42754099999,DEVI AHILYABAI HOLKAR,22.722,75.801,27.6,1012.0,47.07
2016-02-16T09:00:00,42754099999,DEVI AHILYABAI HOLKAR,22.722,75.801,28.0,,45.1
2016-02-16T12:00:00,42754099999,DEVI AHILYABAI HOLKAR,22.722,75.801,27.0,1011.2,48.75
2016-02-16T12:00:00,42754099999,DEVI AHILYABAI HOLKAR,22.722,75.801,27.0,,47.82
2016-02-16T15:00:00,42754099999,DEVI AHILYABAI HOLKAR,22.722,75.801,23.6,1013.7,56.69
2016-02-16T15:00:00,42754099999,DEVI AHILYABAI HOLKAR,22.722,75.801,24.0,,57.15
2016-02-16T18:00:00,42754099999,DEVI AHILYABAI HOLKAR,22.722,75.801,20.6,1014.9,68.94
2016-02-16T18:00:00,42754099999,DEVI AHILYABAI HOLKAR,22.722,75.801,21.0,,68.58
2016-02-16T21:00:00,42754099999,DEVI AHILYABAI HOLKAR,22.722,75.801,18.4,1013.8,77.52
2016-02-16T21:00:00,42754099999,DEVI AHILYABAI HOLKAR,22.722,75.801,18.0,,77.46
2016-02-16T23:00:00,42754099999,DEVI AHILYABAI HOLKAR,22.722,75.801,17.0,,77.31
2016-02-17T00:00:00,42754099999,DEVI AHILYABAI HOLKAR,22.722,75.801,16.0,1014.8,78.18
2016-02-17T00:00:00,42754099999,DEVI AHILYABAI HOLKAR,22.722,75.801,16.0,,77.16
2016-02-17T01:00:00,42754099999,DEVI AHILYABAI HOLKAR,22.722,75.801,17.0,,82.51
2016-02-17T03:00:00,42754099999,DEVI AHILYABAI HOLKAR,22.722,75.801,20.0,1015.9,68.38
2016-02-17T03:00:00,42754099999,DEVI AHILYABAI HOLKAR,22.722,75.801,20.0,,68.38
2016-02-17T06:00:00,42754099999,DEVI AHILYABAI HOLKAR,22.722,75.801,30.0,1014.9,31.76
2016-02-17T06:00:00,42754099999,DEVI AHILYABAI HOLKAR,22.722,75.801,30.0,,30.93
2016-02-17T09:00:00,42754099999,DEVI AHILYABAI HOLKAR,22.722,75.801,31.8,1011.2,27.73
2016-02-17T09:00:00,42754099999,DEVI AHILYABAI HOLKAR,22.722,75.801,32.0,,27.6
2016-02-17T12:00:00,42754099999,DEVI AHILYABAI HOLKAR,22.722,75.801,30.4,1010.7,25.39
2016-02-17T12:00:00,42754099999,DEVI AHILYABAI HOLKAR,22.722,75.801,30.0,,25.29
2016-02-17T15:00:00,42754099999,DEVI AHILYABAI HOLKAR,22.722,75.801,26.2,1012.9,34.92
2016-02-17T15:00:00,42754099999,DEVI AHILYABAI HOLKAR,22.722,75.801,26.0,,34.17
2016-02-17T18:00:00,42754099999,DEVI AHILYABAI HOLKAR,22.722,75.801,24.4,1013.3,33.48
2016-02-17T18:00:00,42754099999,DEVI AHILYABAI HOLKAR,22.722,75.801,24.0,,33.6
2016-02-17T21:00:00,42754099999,DEVI AHILYABAI HOLKAR,22.722,75.801,20.4,1012.8,51.95
2016-02-17T21:00:00,42754099999,DEVI AHILYABAI HOLKAR,22.722,75.801,20.0,,52.54
2016-02-18T00:00:00,42754099999,DEVI AHILYABAI HOLKAR,22.722,75.801,17.6,1013.6,64.82
2016-02-18T00:00:00,42754099999,DEVI AHILYABAI HOLKAR,22.722,75.801,18.0,,63.62
2016-02-18T03:00:00,42754099999,DEVI AHILYABAI HOLKAR,22.722,75.801,23.2,1014.6,48.05
2016-02-18T03:00:00,42754099999,DEVI AHILYABAI HOLKAR,22.722,75.801,23.0,,49.93
2016-02-18T06:00:00,42754099999,DEVI AHILYABAI HOLKAR,22.722,75.801,31.6,1013.7,23.08
2016-02-18T06:00:00,42754099999,DEVI AHILYABAI HOLKAR,22.722,75.801,32.0,,22.56
2016-02-18T09:00:00,42754099999,DEVI AHILYABAI HOLKAR,22.722,75.801,33.8,1010.3,18.78
2016-02-18T09:00:00,42754099999,DEVI AHILYABAI HOLKAR,22.722,75.801,34.0,,18.83
2016-02-18T12:00:00,42754099999,DEVI AHILYABAI HOLKAR,22.722,75.801,33.0,1009.9,20.05
2016-02-18T12:00:00,42754099999,DEVI AHILYABAI HOLKAR,22.722,75.801,33.0,,19.92
2016-02-18T15:00:00,42754099999,DEVI AHILYABAI HOLKAR,22.722,75.801,27.6,1012.5,31.52
2016-02-18T18:00:00,42754099999,DEVI AHILYABAI HOLKAR,22.722,75.801,23.0,1013.8,46.74
2016-02-18T18:00:00,42754099999,DEVI AHILYABAI HOLKAR,22.722,75.801,23.0,,46.74
2016-02-18T21:00:00,42754099999,DEVI AHILYABAI HOLKAR,22.722,75.801,20.4,1013.1,56.26
2016-02-18T21:00:00,42754099999,DEVI AHILYABAI HOLKAR,22.722,75.801,20.0,,56.16
2016-02-19T00:00:00,42754099999,DEVI AHILYABAI HOLKAR,22.722,75.801,19.4,1013.6,59.86
2016-02-19T00:00:00,42754099999,DEVI AHILYABAI HOLKAR,22.722,75.801,19.0,,59.76
2016-02-19T01:00:00,42754099999,DEVI AHILYABAI HOLKAR,22.722,75.801,21.0,,52.8
2016-02-19T03:00:00,42754099999,DEVI AHILYABAI HOLKAR,22.722,75.801,23.4,1015.3,45.93
2016-02-19T03:00:00,42754099999,DEVI AHILYABAI HOLKAR,22.722,75.801,23.0,,46.74
2016-02-19T06:00:00,42754099999,DEVI AHILYABAI HOLKAR,22.722,75.801,31.4,1013.6,27.25
2016-02-19T06:00:00,42754099999,DEVI AHILYABAI HOLKAR,22.722,75.801,31.0,,27.33
2016-02-19T09:00:00,42754099999,DEVI AHILYABAI HOLKAR,22.722,75.801,33.8,1010.6,24.45
2016-02-19T09:00:00,42754099999,DEVI AHILYABAI HOLKAR,22.722,75.801,34.0,,24.66
2016-02-19T12:00:00,42754099999,DEVI AHILYABAI HOLKAR,22.722,75.801,31.8,1010.2,31.43
2016-02-19T12:00:00,42754099999,DEVI AHILYABAI HOLKAR,22.722,75.801,32.0,,31.48
2016-02-19T15:00:00,42754099999,DEVI AHILYABAI HOLKAR,22.722,75.801,27.6,1013.2,39.25
2016-02-19T15:00:00,42754099999,DEVI AHILYABAI HOLKAR,22.722,75.801,28.0,,39.62
2016-02-19T18:00:00,42754099999,DEVI AHILYABAI HOLKAR,22.722,75.801,25.2,1014.2,47.96
2016-02-19T18:00:00,42754099999,DEVI AHILYABAI HOLKAR,22.722,75.801,25.0,,47.28
2016-02-19T21:00:00,42754099999,DEVI AHILYABAI HOLKAR,22.722,75.801,24.0,1012.9,50.53
2016-02-19T21:00:00,42754099999,DEVI AHILYABAI HOLKAR,22.722,75.801,24.0,,50.2
2016-02-19T23:00:00,42754099999,DEVI AHILYABAI HOLKAR,22.722,75.801,22.0,,60.47
2016-02-20T00:00:00,42754099999,DEVI AHILYABAI HOLKAR,22.722,75.801,20.6,1013.8,61.34
2016-02-20T00:00:00,42754099999,DEVI AHILYABAI HOLKAR,22.722,75.801,21.0,,60.24
2016-02-20T02:00:00,42754099999,DEVI AHILYABAI HOLKAR,22.722,75.801,22.0,,68.77
2016-02-20T03:00:00,42754099999,DEVI AHILYABAI HOLKAR,22.722,75.801,22.6,1015.5,65.89
2016-02-20T03:00:00,42754099999,DEVI AHILYABAI HOLKAR,22.722,75.801,23.0,,64.72
2016-02-20T06:00:00,42754099999,DEVI AHILYABAI HOLKAR,22.722,75.801,28.2,1015.1,50.01
2016-02-20T06:00:00,42754099999,DEVI AHILYABAI HOLKAR,22.722,75.801,28.0,,51.25
2016-02-20T09:00:00,42754099999,DEVI AHILYABAI HOLKAR,22.722,75.801,31.0,1011.5,40.97
2016-02-20T09:00:00,42754099999,DEVI AHILYABAI HOLKAR,22.722,75.801,31.0,,40.45
2016-02-20T12:00:00,42754099999,DEVI AHILYABAI HOLKAR,22.722,75.801,30.0,1010.5,45.07
2016-02-20T12:00:00,42754099999,DEVI AHILYABAI HOLKAR,22.722,75.801,30.0,,45.64
2016-02-20T15:00:00,42754099999,DEVI AHILYABAI HOLKAR,22.722,75.801,25.6,1013.7,57.54
2016-02-20T15:00:00,42754099999,DEVI AHILYABAI HOLKAR,22.722,75.801,26.0,,57.63
2016-02-20T18:00:00,42754099999,DEVI AHILYABAI HOLKAR,22.722,75.801,24.2,1014.3,58.69
2016-02-20T18:00:00,42754099999,DEVI AHILYABAI HOLKAR,22.722,75.801,24.0,,60.93
2016-02-20T21:00:00,42754099999,DEVI AHILYABAI HOLKAR,22.722,75.801,23.0,1013.5,61.88
2016-02-20T21:00:00,42754099999,DEVI AHILYABAI HOLKAR,22.722,75.801,23.0,,60.7
2016-02-20T23:00:00,42754099999,DEVI AHILYABAI HOLKAR,22.722,75.801,22.0,,68.77
2016-02-21T00:00:00,42754099999,DEVI AHILYABAI HOLKAR,22.722,75.801,20.6,1015.2,72.11
2016-02-21T00:00:00,42754099999,DEVI AHILYABAI HOLKAR,22.722,75.801,21.0,,68.58
2016-02-21T03:00:00,42754099999,DEVI AHILYABAI HOLKAR,22.722,75.801,20.6,1014.6,59.75
2016-02-21T03:00:00,42754099999,DEVI AHILYABAI HOLKAR,22.722,75.801,21.0,,60.24
2016-02-21T06:00:00,42754099999,DEVI AHILYABAI HOLKAR,22.722,75.801,25.0,1015.6,41.45
2016-02-21T06:00:00,42754099999,DEVI AHILYABAI HOLKAR,22.722,75.801,25.0,,41.45
2016-02-21T09:00:00,42754099999,DEVI AHILYABAI HOLKAR,22.722,75.801,28.8,1011.8,31.22
2016-02-21T09:00:00,42754099999,DEVI AHILYABAI HOLKAR,22.722,75.801,29.0,,30.66
2016-02-21T12:00:00,42754099999,DEVI AHILYABAI HOLKAR,22.722,75.801,28.0,1010.4,40.67
2016-02-21T12:00:00,42754099999,DEVI AHILYABAI HOLKAR,22.722,75.801,28.0,,39.62
2016-02-21T15:00:00,42754099999,DEVI AHILYABAI HOLKAR,22.722,75.801,23.2,1013.4,52.34
2016-02-21T15:00:00,42754099999,DEVI AHILYABAI HOLKAR,22.722,75.801,23.0,,53.32
2016-02-21T18:00:00,42754099999,DEVI AHILYABAI HOLKAR,22.722,75.801,21.4,1014.7,57.26
2016-02-21T18:00:00,42754099999,DEVI AHILYABAI HOLKAR,22.722,75.801,21.0,,60.24
2016-02-21T21:00:00,42754099999,DEVI AHILYABAI HOLKAR,22.722,75.801,19.8,1014.0,66.58
2016-02-21T21:00:00,42754099999,DEVI AHILYABAI HOLKAR,22.722,75.801,20.0,,64.07
2016-02-22T00:00:00,42754099999,DEVI AHILYABAI HOLKAR,22.722,75.801,19.0,1014.5,65.98
2016-02-22T00:00:00,42754099999,DEVI AHILYABAI HOLKAR,22.722,75.801,19.0,,68.18
2016-02-22T03:00:00,42754099999,DEVI AHILYABAI HOLKAR,22.722,75.801,20.4,1015.9,35.93
2016-02-22T03:00:00,42754099999,DEVI AHILYABAI HOLKAR,22.722,75.801,20.0,,37.35
2016-02-22T06:00:00,42754099999,DEVI AHILYABAI HOLKAR,22.722,75.801,26.4,1015.7,25.55
2016-02-22T06:00:00,42754099999,DEVI AHILYABAI HOLKAR,22.722,75.801,26.0,,25.98
2016-02-22T09:00:00,42754099999,DEVI AHILYABAI HOLKAR,22.722,75.801,29.0,1012.4,25.54
2016-02-22T09:00:00,42754099999,DEVI AHILYABAI HOLKAR,22.722,75.801,29.0,,25.02
2016-02-22T12:00:00,42754099999,DEVI AHILYABAI HOLKAR,22.722,75.801,28.2,1011.6,28.25
2016-02-22T12:00:00,42754099999,DEVI AHILYABAI HOLKAR,22.722,75.801,28.0,,28.39
2016-02-22T15:00:00,42754099999,DEVI AHILYABAI HOLKAR,22.722,75.801,23.2,1015.2,39.05
2016-02-22T15:00:00,42754099999,DEVI AHILYABAI HOLKAR,22.722,75.801,23.0,,40.89
2016-02-22T18:00:00,42754099999,DEVI AHILYABAI HOLKAR,22.722,75.801,21.2,1014.7,38.75
2016-02-22T18:00:00,42754099999,DEVI AHILYABAI HOLKAR,22.722,75.801,21.0,,40.32
2016-02-22T21:00:00,42754099999,DEVI AHILYABAI HOLKAR,22.722,75.801,19.6,1013.7,44.87
2016-02-22T21:00:00,42754099999,DEVI AHILYABAI HOLKAR,22.722,75.801,20.0,,42.88
2016-02-23T00:00:00,42754099999,DEVI AHILYABAI HOLKAR,22.722,75.801,18.4,1014.2,50.72
2016-02-23T00:00:00,42754099999,DEVI AHILYABAI HOLKAR,22.722,75.801,18.0,,52.01
2016-02-23T03:00:00,42754099999,DEVI AHILYABAI HOLKAR,22.722,75.801,17.6,1015.6,49.48
2016-02-23T03:00:00,42754099999,DEVI AHILYABAI HOLKAR,22.722,75.801,18.0,,48.58
2016-02-23T06:00:00,42754099999,DEVI AHILYABAI HOLKAR,22.722,75.801,25.6,1014.5,24.12
2016-02-23T06:00:00,42754099999,DEVI AHILYABAI HOLKAR,22.722,75.801,26.0,,24.22
2016-02-23T09:00:00,42754099999,DEVI AHILYABAI HOLKAR,22.722,75.801,29.4,1010.0,16.16
2016-02-23T09:00:00,42754099999,DEVI AHILYABAI HOLKAR,22.722,75.801,29.0,,16.42
2016-02-23T12:00:00,42754099999,DEVI AHILYABAI HOLKAR,22.722,75.801,29.4,1009.4,14.39
2016-02-23T12:00:00,42754099999,DEVI AHILYABAI HOLKAR,22.722,75.801,29.0,,14.2
2016-02-23T15:00:00,42754099999,DEVI AHILYABAI HOLKAR,22.722,75.801,23.4,1011.3,25.81
2016-02-23T15:00:00,42754099999,DEVI AHILYABAI HOLKAR,22.722,75.801,23.0,,27.01
2016-02-23T18:00:00,42754099999,DEVI AHILYABAI HOLKAR,22.722,75.801,20.0,1013.1,36.83
2016-02-23T18:00:00,42754099999,DEVI AHILYABAI HOLKAR,22.722,75.801,20.0,,37.35
2016-02-23T21:00:00,42754099999,DEVI AHILYABAI HOLKAR,22.722,75.801,17.4,1012.0,42.74
2016-02-23T21:00:00,42754099999,DEVI AHILYABAI HOLKAR,22.722,75.801,17.0,,45.07
2016-02-24T00:00:00,42754099999,DEVI AHILYABAI HOLKAR,22.722,75.801,16.2,1012.6,47.42
2016-02-24T00:00:00,42754099999,DEVI AHILYABAI HOLKAR,22.722,75.801,16.0,,48.03
2016-02-24T03:00:00,42754099999,DEVI AHILYABAI HOLKAR,22.722,75.801,21.4,1012.7,25.82
2016-02-24T03:00:00,42754099999,DEVI AHILYABAI HOLKAR,22.722,75.801,21.0,,26.46
2016-02-24T06:00:00,42754099999,DEVI AHILYABAI HOLKAR,22.722,75.801,28.2,1012.0,14.88
2016-02-24T06:00:00,42754099999,DEVI AHILYABAI HOLKAR,22.722,75.801,28.0,,15.05
2016-02-24T07:00:00,42754099999,DEVI AHILYABAI HOLKAR,22.722,75.801,28.0,,16.19
2016-02-24T08:00:00,42754099999,DEVI AHILYABAI HOLKAR,22.722,75.801,29.0,,14.2
2016-02-24T09:00:00,42754099999,DEVI AHILYABAI HOLKAR,22.722,75.801,29.6,1008.8,12.94
2016-02-24T09:00:00,42754099999,DEVI AHILYABAI HOLKAR,22.722,75.801,30.0,,12.46
2016-02-24T12:00:00,42754099999,DEVI AHILYABAI HOLKAR,22.722,75.801,28.4,1008.3,14.39
2016-02-24T12:00:00,42754099999,DEVI AHILYABAI HOLKAR,22.722,75.801,29.0,,14.2
2016-02-24T15:00:00,42754099999,DEVI AHILYABAI HOLKAR,22.722,75.801,23.4,1010.5,28.29
2016-02-24T15:00:00,42754099999,DEVI AHILYABAI HOLKAR,22.722,75.801,23.0,,28.99
2016-02-24T18:00:00,42754099999,DEVI AHILYABAI HOLKAR,22.722,75.801,20.4,1011.9,40.15
2016-02-24T18:00:00,42754099999,DEVI AHILYABAI HOLKAR,22.722,75.801,20.0,,40.03
2016-02-24T21:00:00,42754099999,DEVI AHILYABAI HOLKAR,22.722,75.801,19.0,1010.6,40.87
2016-02-24T21:00:00,42754099999,DEVI AHILYABAI HOLKAR,22.722,75.801,19.0,,39.75
2016-02-24T23:00:00,42754099999,DEVI AHILYABAI HOLKAR,22.722,75.801,17.0,,45.07
2016-02-25T00:00:00,42754099999,DEVI AHILYABAI HOLKAR,22.722,75.801,15.0,1012.1,60.01
2016-02-25T00:00:00,42754099999,DEVI AHILYABAI HOLKAR,22.722,75.801,15.0,,58.79
2016-02-25T01:00:00,42754099999,DEVI AHILYABAI HOLKAR,22.722,75.801,17.0,,42.03
2016-02-25T03:00:00,42754099999,DEVI AHILYABAI HOLKAR,22.722,75.801,20.0,1013.8,28.35
2016-02-25T03:00:00,42754099999,DEVI AHILYABAI HOLKAR,22.722,75.801,20.0,,28.14
2016-02-25T06:00:00,42754099999,DEVI AHILYABAI HOLKAR,22.722,75.801,28.0,1013.0,20.07
2016-02-25T06:00:00,42754099999,DEVI AHILYABAI HOLKAR,22.722,75.801,28.0,,20.07
2016-02-25T09:00:00,42754099999,DEVI AHILYABAI HOLKAR,22.722,75.801,30.6,1009.7,15.52
2016-02-25T09:00:00,42754099999,DEVI AHILYABAI HOLKAR,22.722,75.801,31.0,,14.64
2016-02-25T12:00:00,42754099999,DEVI AHILYABAI HOLKAR,22.722,75.801,30.4,1009.3,16.04
2016-02-25T12:00:00,42754099999,DEVI AHILYABAI HOLKAR,22.722,75.801,30.0,,16.65
2016-02-25T15:00:00,42754099999,DEVI AHILYABAI HOLKAR,22.722,75.801,25.0,1012.6,27.57
2016-02-25T15:00:00,42754099999,DEVI AHILYABAI HOLKAR,22.722,75.801,25.0,,27.57
2016-02-25T18:00:00,42754099999,DEVI AHILYABAI HOLKAR,22.722,75.801,22.0,1013.7,35.9
2016-02-25T18:00:00,42754099999,DEVI AHILYABAI HOLKAR,22.722,75.801,22.0,,35.4
2016-02-25T21:00:00,42754099999,DEVI AHILYABAI HOLKAR,22.722,75.801,20.4,1012.3,40.15
2016-02-25T21:00:00,42754099999,DEVI AHILYABAI HOLKAR,22.722,75.801,20.0,,40.03
2016-02-25T23:00:00,42754099999,DEVI AHILYABAI HOLKAR,22.722,75.801,19.0,,42.6
2016-02-26T00:00:00,42754099999,DEVI AHILYABAI HOLKAR,22.722,75.801,18.2,1013.3,45.72
2016-02-26T00:00:00,42754099999,DEVI AHILYABAI HOLKAR,22.722,75.801,18.0,,45.35
2016-02-26T03:00:00,42754099999,DEVI AHILYABAI HOLKAR,22.722,75.801,19.2,1015.6,39.8
2016-02-26T03:00:00,42754099999,DEVI AHILYABAI HOLKAR,22.722,75.801,19.0,,39.75
2016-02-26T06:00:00,42754099999,DEVI AHILYABAI HOLKAR,22.722,75.801,27.2,1015.3,26.85
2016-02-26T06:00:00,42754099999,DEVI AHILYABAI HOLKAR,22.722,75.801,27.0,,28.12
2016-02-26T09:00:00,42754099999,DEVI AHILYABAI HOLKAR,22.722,75.801,31.0,1012.1,17.86
2016-02-26T09:00:00,42754099999,DEVI AHILYABAI HOLKAR,22.722,75.801,31.0,,18.12
2016-02-26T12:00:00,42754099999,DEVI AHILYABAI HOLKAR,22.722,75.801,30.4,1011.0,19.55
2016-02-26T12:00:00,42754099999,DEVI AHILYABAI HOLKAR,22.722,75.801,30.0,,20.57
2016-02-26T15:00:00,42754099999,DEVI AHILYABAI HOLKAR,22.722,75.801,,1014.5,
2016-02-26T15:00:00,42754099999,DEVI AHILYABAI HOLKAR,22.722,75.801,24.0,,29.27
2016-02-26T18:00:00,42754099999,DEVI AHILYABAI HOLKAR,22.722,75.801,21.4,1016.0,33.56
2016-02-26T18:00:00,42754099999,DEVI AHILYABAI HOLKAR,22.722,75.801,21.0,,35.12
2016-02-26T21:00:00,42754099999,DEVI AHILYABAI HOLKAR,22.722,75.801,18.6,1014.9,43.38
2016-02-26T23:00:00,42754099999,DEVI AHILYABAI HOLKAR,22.722,75.801,17.0,,48.31
2016-02-27T00:00:00,42754099999,DEVI AHILYABAI HOLKAR,22.722,75.801,17.0,1016.0,45.39
2016-02-27T00:00:00,42754099999,DEVI AHILYABAI HOLKAR,22.722,75.801,17.0,,45.07
2016-02-27T03:00:00,42754099999,DEVI AHILYABAI HOLKAR,22.722,75.801,20.4,1018.2,43.89
2016-02-27T03:00:00,42754099999,DEVI AHILYABAI HOLKAR,22.722,75.801,20.0,,45.91
2016-02-27T06:00:00,42754099999,DEVI AHILYABAI HOLKAR,22.722,75.801,27.8,1016.8,27.76
2016-02-27T06:00:00,42754099999,DEVI AHILYABAI HOLKAR,22.722,75.801,28.0,,26.52
2016-02-27T09:00:00,42754099999,DEVI AHILYABAI HOLKAR,22.722,75.801,31.2,1013.3,22.51
2016-02-27T09:00:00,42754099999,DEVI AHILYABAI HOLKAR,22.722,75.801,31.0,,22.31
2016-02-27T12:00:00,42754099999,DEVI AHILYABAI HOLKAR,22.722,75.801,30.4,1012.0,18.62
2016-02-27T12:00:00,42754099999,DEVI AHILYABAI HOLKAR,22.722,75.801,30.0,,19.18
2016-02-27T15:00:00,42754099999,DEVI AHILYABAI HOLKAR,22.722,75.801,24.6,1015.1,26.89
2016-02-27T15:00:00,42754099999,DEVI AHILYABAI HOLKAR,22.722,75.801,25.0,,25.7
2016-02-27T18:00:00,42754099999,DEVI AHILYABAI HOLKAR,22.722,75.801,22.6,1015.9,29.28
2016-02-27T18:00:00,42754099999,DEVI AHILYABAI HOLKAR,22.722,75.801,23.0,,28.99
2016-02-27T21:00:00,42754099999,DEVI AHILYABAI HOLKAR,22.722,75.801,20.4,1014.7,34.7
2016-02-27T21:00:00,42754099999,DEVI AHILYABAI HOLKAR,22.722,75.801,20.0,,34.83
2016-02-28T00:00:00,42754099999,DEVI AHILYABAI HOLKAR,22.722,75.801,17.4,1015.8,51.15
2016-02-28T00:00:00,42754099999,DEVI AHILYABAI HOLKAR,22.722,75.801,17.0,,51.75
2016-02-28T03:00:00,42754099999,DEVI AHILYABAI HOLKAR,22.722,75.801,20.0,1018.5,42.3
2016-02-28T03:00:00,42754099999,DEVI AHILYABAI HOLKAR,22.722,75.801,20.0,,42.88
2016-02-28T06:00:00,42754099999,DEVI AHILYABAI HOLKAR,22.722,75.801,28.4,1017.6,28.69
2016-02-28T06:00:00,42754099999,DEVI AHILYABAI HOLKAR,22.722,75.801,28.0,,30.38
2016-02-28T09:00:00,42754099999,DEVI AHILYABAI HOLKAR,22.722,75.801,31.6,1012.9,28.42
2016-02-28T09:00:00,42754099999,DEVI AHILYABAI HOLKAR,22.722,75.801,32.0,,27.6
2016-02-28T11:00:00,42754099999,DEVI AHILYABAI HOLKAR,22.722,75.801,32.0,,29.48
2016-02-28T12:00:00,42754099999,DEVI AHILYABAI HOLKAR,22.722,75.801,31.4,1011.4,26.36
2016-02-28T12:00:00,42754099999,DEVI AHILYABAI HOLKAR,22.722,75.801,31.0,,27.33
2016-02-28T15:00:00,42754099999,DEVI AHILYABAI HOLKAR,22.722,75.801,26.4,1014.6,39.96
2016-02-28T18:00:00,42754099999,DEVI AHILYABAI HOLKAR,22.722,75.801,23.0,1015.0,48.0
2016-02-28T18:00:00,42754099999,DEVI AHILYABAI HOLKAR,22.722,75.801,23.0,,46.74
2016-02-28T21:00:00,42754099999,DEVI AHILYABAI HOLKAR,22.722,75.801,20.0,1014.2,58.83
2016-02-28T21:00:00,42754099999,DEVI AHILYABAI HOLKAR,22.722,75.801,20.0,,60.0
2016-02-29T00:00:00,42754099999,DEVI AHILYABAI HOLKAR,22.722,75.801,18.4,1015.2,60.42
2016-02-29T00:00:00,42754099999,DEVI AHILYABAI HOLKAR,22.722,75.801,18.0,,63.62
2016-02-29T03:00:00,42754099999,DEVI AHILYABAI HOLKAR,22.722,75.801,21.6,1017.9,40.77
2016-02-29T03:00:00,42754099999,DEVI AHILYABAI HOLKAR,22.722,75.801,22.0,,40.6
2016-02-29T06:00:00,42754099999,DEVI AHILYABAI HOLKAR,22.722,75.801,28.6,1016.3,38.26
2016-02-29T06:00:00,42754099999,DEVI AHILYABAI HOLKAR,22.722,75.801,29.0,,37.38
2016-02-29T08:00:00,42754099999,DEVI AHILYABAI HOLKAR,22.722,75.801,32.0,,38.21
2016-02-29T09:00:00,42754099999,DEVI AHILYABAI HOLKAR,22.722,75.801,32.2,1011.9,36.59
2016-02-29T09:00:00,42754099999,DEVI AHILYABAI HOLKAR,22.722,75.801,32.0,,35.84
2016-02-29T12:00:00,42754099999,DEVI AHILYABAI HOLKAR,22.722,75.801,31.4,1010.8,32.79
2016-02-29T12:00:00,42754099999,DEVI AHILYABAI HOLKAR,22.722,75.801,31.0,,33.32
2016-02-29T15:00:00,42754099999,DEVI AHILYABAI HOLKAR,22.722,75.801,27.4,1013.8,44.65
2016-02-29T15:00:00,42754099999,DEVI AHILYABAI HOLKAR,22.722,75.801,27.0,,44.83
2016-02-29T18:00:00,42754099999,DEVI AHILYABAI HOLKAR,22.722,75.801,24.4,1014.8,52.31
2016-02-29T18:00:00,42754099999,DEVI AHILYABAI HOLKAR,22.722,75.801,24.0,,53.58
2016-02-29T21:00:00,42754099999,DEVI AHILYABAI HOLKAR,22.722,75.801,22.0,1013.6,59.3
2016-02-29T21:00:00,42754099999,DEVI AHILYABAI HOLKAR,22.722,75.801,22.0,,60.47
2016-02-29T23:00:00,42754099999,DEVI AHILYABAI HOLKAR,22.722,75.801,21.0,,64.29
2016-03-01T00:00:00,42754099999,DEVI AHILYABAI HOLKAR,22.722,75.801,19.6,1014.6,68.3
2016-03-01T00:00:00,42754099999,DEVI AHILYABAI HOLKAR,22.722,75.801,20.0,,68.38
2016-03-01T01:00:00,42754099999,DEVI AHILYABAI HOLKAR,22.722,75.801,21.0,,43.17
2016-03-01T03:00:00,42754099999,DEVI AHILYABAI HOLKAR,22.722,75.801,24.0,1015.5,39.02
2016-03-01T03:00:00,42754099999,DEVI AHILYABAI HOLKAR,22.722,75.801,24.0,,38.49
2016-03-01T06:00:00,42754099999,DEVI AHILYABAI HOLKAR,22.722,75.801,29.4,1014.6,33.98
2016-03-01T06:00:00,42754099999,DEVI AHILYABAI HOLKAR,22.722,75.801,29.0,,35.01
2016-03-01T09:00:00,42754099999,DEVI AHILYABAI HOLKAR,22.722,75.801,32.4,1010.5,29.4
2016-03-01T09:00:00,42754099999,DEVI AHILYABAI HOLKAR,22.722,75.801,32.0,,29.48
2016-03-01T12:00:00,42754099999,DEVI AHILYABAI HOLKAR,22.722,75.801,31.0,1010.0,26.96
2016-03-01T12:00:00,42754099999,DEVI AHILYABAI HOLKAR,22.722,75.801,31.0,,27.33
2016-03-01T13:00:00,42754099999,DEVI AHILYABAI HOLKAR,22.722,75.801,30.0,,30.93
2016-03-01T15:00:00,42754099999,DEVI AHILYABAI HOLKAR,22.722,75.801,28.2,1011.7,33.43
2016-03-01T15:00:00,42754099999,DEVI AHILYABAI HOLKAR,22.722,75.801,28.0,,34.73
2016-03-01T18:00:00,42754099999,DEVI AHILYABAI HOLKAR,22.722,75.801,26.0,1012.7,40.37
2016-03-01T18:00:00,42754099999,DEVI AHILYABAI HOLKAR,22.722,75.801,26.0,,39.06
2016-03-01T21:00:00,42754099999,DEVI AHILYABAI HOLKAR,22.722,75.801,23.6,1011.4,45.98
2016-03-01T21:00:00,42754099999,DEVI AHILYABAI HOLKAR,22.722,75.801,24.0,,44.01
2016-03-01T23:00:00,42754099999,DEVI AHILYABAI HOLKAR,22.722,75.801,23.0,,46.74
2016-03-02T00:00:00,42754099999,DEVI AHILYABAI HOLKAR,22.722,75.801,22.4,1012.5,50.1
2016-03-02T00:00:00,42754099999,DEVI AHILYABAI HOLKAR,22.722,75.801,22.0,,49.67
2016-03-02T02:00:00,42754099999,DEVI AHILYABAI HOLKAR,22.722,75.801,22.0,,43.45
2016-03-02T03:00:00,42754099999,DEVI AHILYABAI HOLKAR,22.722,75.801,24.6,1014.7,36.14
2016-03-02T03:00:00,42754099999,DEVI AHILYABAI HOLKAR,22.722,75.801,25.0,,36.26
2016-03-02T06:00:00,42754099999,DEVI AHILYABAI HOLKAR,22.722,75.801,32.6,1013.4,32.9
2016-03-02T06:00:00,42754099999,DEVI AHILYABAI HOLKAR,22.722,75.801,33.0,,31.76
2016-03-02T09:00:00,42754099999,DEVI AHILYABAI HOLKAR,22.722,75.801,34.4,1009.9,25.94
2016-03-02T09:00:00,42754099999,DEVI AHILYABAI HOLKAR,22.722,75.801,34.0,,26.35
2016-03-02T12:00:00,42754099999,DEVI AHILYABAI HOLKAR,22.722,75.801,32.0,1010.2,30.67
2016-03-02T12:00:00,42754099999,DEVI AHILYABAI HOLKAR,22.722,75.801,32.0,,31.48
2016-03-02T15:00:00,42754099999,DEVI AHILYABAI HOLKAR,22.722,75.801,25.8,1012.4,50.02
2016-03-02T15:00:00,42754099999,DEVI AHILYABAI HOLKAR,22.722,75.801,26.0,,50.73
2016-03-02T18:00:00,42754099999,DEVI AHILYABAI HOLKAR,22.722,75.801,23.6,1014.5,56.69
2016-03-02T18:00:00,42754099999,DEVI AHILYABAI HOLKAR,22.722,75.801,24.0,,53.58
2016-03-02T21:00:00,42754099999,DEVI AHILYABAI HOLKAR,22.722,75.801,21.0,1013.8,66.4
2016-03-03T00:00:00,42754099999,DEVI AHILYABAI HOLKAR,22.722,75.801,20.0,1014.2,65.34
2016-03-03T00:00:00,42754099999,DEVI AHILYABAI HOLKAR,22.722,75.801,20.0,,64.07
2016-03-03T03:00:00,42754099999,DEVI AHILYABAI HOLKAR,22.722,75.801,23.8,1016.1,58.59
2016-03-03T03:00:00,42754099999,DEVI AHILYABAI HOLKAR,22.722,75.801,24.0,,57.15
2016-03-03T05:00:00,42754099999,DEVI AHILYABAI HOLKAR,22.722,75.801,29.0,,37.38
2016-03-03T06:00:00,42754099999,DEVI AHILYABAI HOLKAR,22.722,75.801,30.2,1016.0,36.04
2016-03-03T06:00:00,42754099999,DEVI AHILYABAI HOLKAR,22.722,75.801,30.0,,35.29
2016-03-03T07:00:00,42754099999,DEVI AHILYABAI HOLKAR,22.722,75.801,30.0,,35.29
2016-03-03T08:00:00,42754099999,DEVI AHILYABAI HOLKAR,22.722,75.801,28.0,,42.28
2016-03-03T09:00:00,42754099999,DEVI AHILYABAI HOLKAR,22.722,75.801,30.0,1012.6,37.91
2016-03-03T09:00:00,42754099999,DEVI AHILYABAI HOLKAR,22.722,75.801,30.0,,37.66
2016-03-03T10:00:00,42754099999,DEVI AHILYABAI HOLKAR,22.722,75.801,32.0,,35.84
2016-03-03T12:00:00,42754099999,DEVI AHILYABAI HOLKAR,22.722,75.801,32.4,1010.4,26.8
2016-03-03T12:00:00,42754099999,DEVI AHILYABAI HOLKAR,22.722,75.801,32.0,,27.6
2016-03-03T15:00:00,42754099999,DEVI AHILYABAI HOLKAR,22.722,75.801,27.2,1013.1,39.65
2016-03-03T15:00:00,42754099999,DEVI AHILYABAI HOLKAR,22.722,75.801,27.0,,39.34
2016-03-03T18:00:00,42754099999,DEVI AHILYABAI HOLKAR,22.722,75.801,23.6,1013.8,48.8
2016-03-03T18:00:00,42754099999,DEVI AHILYABAI HOLKAR,22.722,75.801,24.0,,47.01
2016-03-03T21:00:00,42754099999,DEVI AHILYABAI HOLKAR,22.722,75.801,21.8,1013.6,53.36
2016-03-03T21:00:00,42754099999,DEVI AHILYABAI HOLKAR,22.722,75.801,22.0,,53.06
2016-03-04T00:00:00,42754099999,DEVI AHILYABAI HOLKAR,22.722,75.801,19.6,1013.6,63.56
2016-03-04T00:00:00,42754099999,DEVI AHILYABAI HOLKAR,22.722,75.801,20.0,,64.07
2016-03-04T03:00:00,42754099999,DEVI AHILYABAI HOLKAR,22.722,75.801,22.6,1015.4,55.71
2016-03-04T03:00:00,42754099999,DEVI AHILYABAI HOLKAR,22.722,75.801,23.0,,53.32
2016-03-04T04:00:00,42754099999,DEVI AHILYABAI HOLKAR,22.722,75.801,27.0,,42.01
2016-03-04T06:00:00,42754099999,DEVI AHILYABAI HOLKAR,22.722,75.801,31.8,1013.7,29.43
2016-03-04T06:00:00,42754099999,DEVI AHILYABAI HOLKAR,22.722,75.801,32.0,,29.48
2016-03-04T09:00:00,42754099999,DEVI AHILYABAI HOLKAR,22.722,75.801,25.4,1012.9,47.08
2016-03-04T09:00:00,42754099999,DEVI AHILYABAI HOLKAR,22.722,75.801,25.0,,47.28
2016-03-04T12:00:00,42754099999,DEVI AHILYABAI HOLKAR,22.722,75.801,30.0,1009.6,27.98
2016-03-04T12:00:00,42754099999,DEVI AHILYABAI HOLKAR,22.722,75.801,30.0,,27.06
2016-03-04T15:00:00,42754099999,DEVI AHILYABAI HOLKAR,22.722,75.801,26.6,1011.3,35.51
2016-03-04T15:00:00,42754099999,DEVI AHILYABAI HOLKAR,22.722,75.801,27.0,,34.45
2016-03-04T18:00:00,42754099999,DEVI AHILYABAI HOLKAR,22.722,75.801,23.0,1012.7,46.74
2016-03-04T18:00:00,42754099999,DEVI AHILYABAI HOLKAR,22.722,75.801,23.0,,46.74
2016-03-04T21:00:00,42754099999,DEVI AHILYABAI HOLKAR,22.722,75.801,21.4,1011.6,50.17
2016-03-04T21:00:00,42754099999,DEVI AHILYABAI HOLKAR,22.722,75.801,21.0,,52.8
2016-03-04T23:00:00,42754099999,DEVI AHILYABAI HOLKAR,22.722,75.801,20.0,,52.54
2016-03-05T00:00:00,42754099999,DEVI AHILYABAI HOLKAR,22.722,75.801,19.4,1012.7,52.03
2016-03-05T00:00:00,42754099999,DEVI AHILYABAI HOLKAR,22.722,75.801,19.0,,52.28
2016-03-05T01:00:00,42754099999,DEVI AHILYABAI HOLKAR,22.722,75.801,20.0,,52.54
2016-03-05T02:00:00,42754099999,DEVI AHILYABAI HOLKAR,22.722,75.801,22.0,,46.47
2016-03-05T03:00:00,42754099999,DEVI AHILYABAI HOLKAR,22.722,75.801,25.6,1012.3,35.22
2016-03-05T03:00:00,42754099999,DEVI AHILYABAI HOLKAR,22.722,75.801,26.0,,34.17
2016-03-05T05:00:00,42754099999,DEVI AHILYABAI HOLKAR,22.722,75.801,31.0,,29.21
2016-03-05T06:00:00,42754099999,DEVI AHILYABAI HOLKAR,22.722,75.801,32.4,1010.6,30.38
2016-03-05T06:00:00,42754099999,DEVI AHILYABAI HOLKAR,22.722,75.801,32.0,,31.48
2016-03-05T09:00:00,42754099999,DEVI AHILYABAI HOLKAR,22.722,75.801,33.0,1007.2,25.06
2016-03-05T09:00:00,42754099999,DEVI AHILYABAI HOLKAR,22.722,75.801,33.0,,24.4
2016-03-05T12:00:00,42754099999,DEVI AHILYABAI HOLKAR,22.722,75.801,32.4,1006.1,18.32
2016-03-05T12:00:00,42754099999,DEVI AHILYABAI HOLKAR,22.722,75.801,32.0,,18.35
2016-03-05T15:00:00,42754099999,DEVI AHILYABAI HOLKAR,22.722,75.801,27.2,1008.7,35.2
2016-03-05T15:00:00,42754099999,DEVI AHILYABAI HOLKAR,22.722,75.801,27.0,,34.45
2016-03-05T18:00:00,42754099999,DEVI AHILYABAI HOLKAR,22.722,75.801,24.6,1009.9,44.76
2016-03-05T18:00:00,42754099999,DEVI AHILYABAI HOLKAR,22.722,75.801,25.0,,44.28
2016-03-05T21:00:00,42754099999,DEVI AHILYABAI HOLKAR,22.722,75.801,22.0,1008.8,53.77
2016-03-05T21:00:00,42754099999,DEVI AHILYABAI HOLKAR,22.722,75.801,22.0,,53.06
2016-03-06T00:00:00,42754099999,DEVI AHILYABAI HOLKAR,22.722,75.801,20.4,1009.5,56.26
2016-03-06T00:00:00,42754099999,DEVI AHILYABAI HOLKAR,22.722,75.801,20.0,,56.16
2016-03-06T03:00:00,42754099999,DEVI AHILYABAI HOLKAR,22.722,75.801,24.4,1011.7,39.39
2016-03-06T03:00:00,42754099999,DEVI AHILYABAI HOLKAR,22.722,75.801,24.0,,41.17
2016-03-06T06:00:00,42754099999,DEVI AHILYABAI HOLKAR,22.722,75.801,29.8,1011.2,27.74
2016-03-06T06:00:00,42754099999,DEVI AHILYABAI HOLKAR,22.722,75.801,30.0,,27.06
2016-03-06T08:00:00,42754099999,DEVI AHILYABAI HOLKAR,22.722,75.801,33.0,,18.59
2016-03-06T09:00:00,42754099999,DEVI AHILYABAI HOLKAR,22.722,75.801,33.4,1007.2,15.93
2016-03-06T09:00:00,42754099999,DEVI AHILYABAI HOLKAR,22.722,75.801,33.0,,16.18
2016-03-06T10:00:00,42754099999,DEVI AHILYABAI HOLKAR,22.722,75.801,33.0,,15.08
2016-03-06T11:00:00,42754099999,DEVI AHILYABAI HOLKAR,22.722,75.801,33.0,,14.04
2016-03-06T12:00:00,42754099999,DEVI AHILYABAI HOLKAR,22.722,75.801,31.4,1006.7,16.86
2016-03-06T12:00:00,42754099999,DEVI AHILYABAI HOLKAR,22.722,75.801,31.0,,16.88
2016-03-06T13:00:00,42754099999,DEVI AHILYABAI HOLKAR,22.722,75.801,29.0,,21.79
2016-03-06T14:00:00,42754099999,DEVI AHILYABAI HOLKAR,22.722,75.801,27.0,,28.12
2016-03-06T15:00:00,42754099999,DEVI AHILYABAI HOLKAR,22.722,75.801,26.8,1010.0,25.13
2016-03-06T15:00:00,42754099999,DEVI AHILYABAI HOLKAR,22.722,75.801,27.0,,24.49
2016-03-06T18:00:00,42754099999,DEVI AHILYABAI HOLKAR,22.722,75.801,24.4,1010.9,27.59
2016-03-06T18:00:00,42754099999,DEVI AHILYABAI HOLKAR,22.722,75.801,24.0,,29.27
2016-03-06T21:00:00,42754099999,DEVI AHILYABAI HOLKAR,22.722,75.801,22.2,1009.9,34.97
2016-03-06T21:00:00,42754099999,DEVI AHILYABAI HOLKAR,22.722,75.801,22.0,,35.4
2016-03-07T00:00:00,42754099999,DEVI AHILYABAI HOLKAR,22.722,75.801,18.0,1011.6,48.58
2016-03-07T00:00:00,42754099999,DEVI AHILYABAI HOLKAR,22.722,75.801,18.0,,48.58
2016-03-07T03:00:00,42754099999,DEVI AHILYABAI HOLKAR,22.722,75.801,21.4,1012.9,41.55
2016-03-07T03:00:00,42754099999,DEVI AHILYABAI HOLKAR,22.722,75.801,21.0,,43.17
2016-03-07T05:00:00,42754099999,DEVI AHILYABAI HOLKAR,22.722,75.801,29.0,,26.79
2016-03-07T06:00:00,42754099999,DEVI AHILYABAI HOLKAR,22.722,75.801,29.4,1011.5,24.28
2016-03-07T06:00:00,42754099999,DEVI AHILYABAI HOLKAR,22.722,75.801,29.0,,25.02
2016-03-07T07:00:00,42754099999,DEVI AHILYABAI HOLKAR,22.722,75.801,31.0,,23.88
2016-03-07T08:00:00,42754099999,DEVI AHILYABAI HOLKAR,22.722,75.801,31.0,,22.31
2016-03-07T09:00:00,42754099999,DEVI AHILYABAI HOLKAR,22.722,75.801,32.6,1007.6,20.37
2016-03-07T09:00:00,42754099999,DEVI AHILYABAI HOLKAR,22.722,75.801,33.0,,19.92
2016-03-07T12:00:00,42754099999,DEVI AHILYABAI HOLKAR,22.722,75.801,32.4,1006.3,18.32
2016-03-07T12:00:00,42754099999,DEVI AHILYABAI HOLKAR,22.722,75.801,32.0,,18.35
2016-03-07T15:00:00,42754099999,DEVI AHILYABAI HOLKAR,22.722,75.801,26.6,1008.8,31.24
2016-03-07T15:00:00,42754099999,DEVI AHILYABAI HOLKAR,22.722,75.801,27.0,,30.1
2016-03-07T18:00:00,42754099999,DEVI AHILYABAI HOLKAR,22.722,75.801,22.4,1010.8,43.27
2016-03-07T18:00:00,42754099999,DEVI AHILYABAI HOLKAR,22.722,75.801,22.0,,43.45
2016-03-07T21:00:00,42754099999,DEVI AHILYABAI HOLKAR,22.722,75.801,20.6,1009.7,48.96
2016-03-07T21:00:00,42754099999,DEVI AHILYABAI HOLKAR,22.722,75.801,21.0,,46.19
2016-03-07T23:00:00,42754099999,DEVI AHILYABAI HOLKAR,22.722,75.801,19.0,,55.91
2016-03-08T00:00:00,42754099999,DEVI AHILYABAI HOLKAR,22.722,75.801,18.4,1011.3,60.42
2016-03-08T00:00:00,42754099999,DEVI AHILYABAI HOLKAR,22.722,75.801,18.0,,63.62
2016-03-08T03:00:00,42754099999,DEVI AHILYABAI HOLKAR,22.722,75.801,20.6,1012.3,46.08
2016-03-08T03:00:00,42754099999,DEVI AHILYABAI HOLKAR,22.722,75.801,21.0,,46.19
2016-03-08T06:00:00,42754099999,DEVI AHILYABAI HOLKAR,22.722,75.801,27.6,1011.6,32.6
2016-03-08T09:00:00,42754099999,DEVI AHILYABAI HOLKAR,22.722,75.801,31.4,1007.7,21.07
2016-03-08T09:00:00,42754099999,DEVI AHILYABAI HOLKAR,22.722,75.801,31.0,,22.31
2016-03-08T11:00:00,42754099999,DEVI AHILYABAI HOLKAR,22.722,75.801,32.0,,22.56
2016-03-08T12:00:00,42754099999,DEVI AHILYABAI HOLKAR,22.722,75.801,31.6,1006.4,22.15
2016-03-08T12:00:00,42754099999,DEVI AHILYABAI HOLKAR,22.722,75.801,32.0,,21.07
2016-03-08T15:00:00,42754099999,DEVI AHILYABAI HOLKAR,22.722,75.801,27.4,1008.4,34.56
2016-03-08T15:00:00,42754099999,DEVI AHILYABAI HOLKAR,22.722,75.801,27.0,,34.45
2016-03-08T18:00:00,42754099999,DEVI AHILYABAI HOLKAR,22.722,75.801,25.0,1010.0,42.84
2016-03-08T18:00:00,42754099999,DEVI AHILYABAI HOLKAR,22.722,75.801,25.0,,41.45
2016-03-08T21:00:00,42754099999,DEVI AHILYABAI HOLKAR,22.722,75.801,23.6,1008.8,43.6
2016-03-08T21:00:00,42754099999,DEVI AHILYABAI HOLKAR,22.722,75.801,24.0,,41.17
2016-03-09T00:00:00,42754099999,DEVI AHILYABAI HOLKAR,22.722,75.801,20.6,1009.7,53.4
2016-03-09T00:00:00,42754099999,DEVI AHILYABAI HOLKAR,22.722,75.801,21.0,,52.8
2016-03-09T03:00:00,42754099999,DEVI AHILYABAI HOLKAR,22.722,75.801,24.0,1011.7,35.25
2016-03-09T03:00:00,42754099999,DEVI AHILYABAI HOLKAR,22.722,75.801,24.0,,35.97
2016-03-09T06:00:00,42754099999,DEVI AHILYABAI HOLKAR,22.722,75.801,29.8,1011.3,29.67
2016-03-09T06:00:00,42754099999,DEVI AHILYABAI HOLKAR,22.722,75.801,30.0,,28.94
2016-03-09T08:00:00,42754099999,DEVI AHILYABAI HOLKAR,22.722,75.801,31.0,,22.31
2016-03-09T09:00:00,42754099999,DEVI AHILYABAI HOLKAR,22.722,75.801,32.4,1008.4,20.89
2016-03-09T09:00:00,42754099999,DEVI AHILYABAI HOLKAR,22.722,75.801,32.0,,21.07
2016-03-09T10:00:00,42754099999,DEVI AHILYABAI HOLKAR,22.722,75.801,32.0,,21.07
2016-03-09T12:00:00,42754099999,DEVI AHILYABAI HOLKAR,22.722,75.801,33.0,1007.2,20.05
2016-03-09T12:00:00,42754099999,DEVI AHILYABAI HOLKAR,22.722,75.801,33.0,,19.92
2016-03-09T14:00:00,42754099999,DEVI AHILYABAI HOLKAR,22.722,75.801,29.0,,25.02
2016-03-09T15:00:00,42754099999,DEVI AHILYABAI HOLKAR,22.722,75.801,27.8,1009.8,28.72
2016-03-09T15:00:00,42754099999,DEVI AHILYABAI HOLKAR,22.722,75.801,28.0,,28.39
2016-03-09T18:00:00,42754099999,DEVI AHILYABAI HOLKAR,22.722,75.801,25.2,1011.3,35.83
2016-03-09T18:00:00,42754099999,DEVI AHILYABAI HOLKAR,22.722,75.801,25.0,,36.26
2016-03-09T21:00:00,42754099999,DEVI AHILYABAI HOLKAR,22.722,75.801,23.2,1010.4,41.5
2016-03-10T00:00:00,42754099999,DEVI AHILYABAI HOLKAR,22.722,75.801,19.4,1011.9,53.45
2016-03-10T03:00:00,42754099999,DEVI AHILYABAI HOLKAR,22.722,75.801,22.0,1014.2,47.41
2016-03-10T03:00:00,42754099999,DEVI AHILYABAI HOLKAR,22.722,75.801,22.0,,46.47
2016-03-10T05:00:00,42754099999,DEVI AHILYABAI HOLKAR,22.722,75.801,29.0,,35.01
2016-03-10T06:00:00,42754099999,DEVI AHILYABAI HOLKAR,22.722,75.801,30.2,1012.6,28.23
2016-03-10T06:00:00,42754099999,DEVI AHILYABAI HOLKAR,22.722,75.801,30.0,,28.94
2016-03-10T09:00:00,42754099999,DEVI AHILYABAI HOLKAR,22.722,75.801,34.0,1009.3,19.09
2016-03-10T09:00:00,42754099999,DEVI AHILYABAI HOLKAR,22.722,75.801,34.0,,18.83
2016-03-10T12:00:00,42754099999,DEVI AHILYABAI HOLKAR,22.722,75.801,34.0,1008.1,19.09
2016-03-10T12:00:00,42754099999,DEVI AHILYABAI HOLKAR,22.722,75.801,34.0,,18.83
2016-03-10T15:00:00,42754099999,DEVI AHILYABAI HOLKAR,22.722,75.801,29.0,1010.3,31.49
2016-03-10T15:00:00,42754099999,DEVI AHILYABAI HOLKAR,22.722,75.801,29.0,,30.66
2016-03-10T18:00:00,42754099999,DEVI AHILYABAI HOLKAR,22.722,75.801,25.8,1012.3,39.0
2016-03-10T18:00:00,42754099999,DEVI AHILYABAI HOLKAR,22.722,75.801,26.0,,39.06
2016-03-10T21:00:00,42754099999,DEVI AHILYABAI HOLKAR,22.722,75.801,23.0,1010.9,48.0
2016-03-10T21:00:00,42754099999,DEVI AHILYABAI HOLKAR,22.722,75.801,23.0,,46.74
2016-03-11T00:00:00,42754099999,DEVI AHILYABAI HOLKAR,22.722,75.801,18.6,1012.6,60.87
2016-03-11T00:00:00,42754099999,DEVI AHILYABAI HOLKAR,22.722,75.801,19.0,,59.76
2016-03-11T01:00:00,42754099999,DEVI AHILYABAI HOLKAR,22.722,75.801,19.0,,55.91
2016-03-11T03:00:00,42754099999,DEVI AHILYABAI HOLKAR,22.722,75.801,22.6,1014.6,50.16
2016-03-11T03:00:00,42754099999,DEVI AHILYABAI HOLKAR,22.722,75.801,23.0,,49.93
2016-03-11T05:00:00,42754099999,DEVI AHILYABAI HOLKAR,22.722,75.801,30.0,,28.94
2016-03-11T06:00:00,42754099999,DEVI AHILYABAI HOLKAR,22.722,75.801,32.8,1012.5,23.86
2016-03-11T06:00:00,42754099999,DEVI AHILYABAI HOLKAR,22.722,75.801,33.0,,22.82
2016-03-11T09:00:00,42754099999,DEVI AHILYABAI HOLKAR,22.722,75.801,36.2,1007.9,17.73
2016-03-11T09:00:00,42754099999,DEVI AHILYABAI HOLKAR,22.722,75.801,36.0,,18.05
2016-03-11T12:00:00,42754099999,DEVI AHILYABAI HOLKAR,22.722,75.801,36.0,1006.9,19.57
2016-03-11T12:00:00,42754099999,DEVI AHILYABAI HOLKAR,22.722,75.801,36.0,,19.31
2016-03-11T15:00:00,42754099999,DEVI AHILYABAI HOLKAR,22.722,75.801,29.0,1009.5,25.54
2016-03-11T15:00:00,42754099999,DEVI AHILYABAI HOLKAR,22.722,75.801,29.0,,25.02
2016-03-11T18:00:00,42754099999,DEVI AHILYABAI HOLKAR,22.722,75.801,26.4,1006.4,30.76
2016-03-11T18:00:00,42754099999,DEVI AHILYABAI HOLKAR,22.722,75.801,26.0,,31.93
2016-03-11T21:00:00,42754099999,DEVI AHILYABAI HOLKAR,22.722,75.801,24.0,1009.4,36.47
2016-03-11T21:00:00,42754099999,DEVI AHILYABAI HOLKAR,22.722,75.801,24.0,,35.97
2016-03-12T00:00:00,42754099999,DEVI AHILYABAI HOLKAR,22.722,75.801,21.0,1010.3,51.08
2016-03-12T00:00:00,42754099999,DEVI AHILYABAI HOLKAR,22.722,75.801,21.0,,49.4
2016-03-12T03:00:00,42754099999,DEVI AHILYABAI HOLKAR,22.722,75.801,24.0,1010.7,49.22
2016-03-12T03:00:00,42754099999,DEVI AHILYABAI HOLKAR,22.722,75.801,24.0,,50.2
2016-03-12T06:00:00,42754099999,DEVI AHILYABAI HOLKAR,22.722,75.801,31.4,1009.5,30.91
2016-03-12T06:00:00,42754099999,DEVI AHILYABAI HOLKAR,22.722,75.801,31.0,,31.21
2016-03-12T09:00:00,42754099999,DEVI AHILYABAI HOLKAR,22.722,75.801,33.2,1006.3,28.66
2016-03-12T09:00:00,42754099999,DEVI AHILYABAI HOLKAR,22.722,75.801,33.0,,29.76
2016-03-12T10:00:00,42754099999,DEVI AHILYABAI HOLKAR,22.722,75.801,33.0,,26.08
2016-03-12T11:00:00,42754099999,DEVI AHILYABAI HOLKAR,22.722,75.801,32.0,,29.48
2016-03-12T12:00:00,42754099999,DEVI AHILYABAI HOLKAR,22.722,75.801,30.0,1006.7,34.83
2016-03-12T12:00:00,42754099999,DEVI AHILYABAI HOLKAR,22.722,75.801,30.0,,35.29
2016-03-12T13:00:00,42754099999,DEVI AHILYABAI HOLKAR,22.722,75.801,28.0,,39.62
2016-03-12T14:00:00,42754099999,DEVI AHILYABAI HOLKAR,22.722,75.801,25.0,,53.83
2016-03-12T15:00:00,42754099999,DEVI AHILYABAI HOLKAR,22.722,75.801,23.8,1009.6,59.73
2016-03-12T15:00:00,42754099999,DEVI AHILYABAI HOLKAR,22.722,75.801,24.0,,57.15
2016-03-12T18:00:00,42754099999,DEVI AHILYABAI HOLKAR,22.722,75.801,24.0,1010.2,61.32
2016-03-12T18:00:00,42754099999,DEVI AHILYABAI HOLKAR,22.722,75.801,24.0,,60.93
2016-03-12T21:00:00,42754099999,DEVI AHILYABAI HOLKAR,22.722,75.801,22.4,1008.9,64.18
2016-03-12T21:00:00,42754099999,DEVI AHILYABAI HOLKAR,22.722,75.801,22.0,,64.5
2016-03-13T00:00:00,42754099999,DEVI AHILYABAI HOLKAR,22.722,75.801,21.0,1010.5,66.4
2016-03-13T00:00:00,42754099999,DEVI AHILYABAI HOLKAR,22.722,75.801,21.0,,64.29
2016-03-13T03:00:00,42754099999,DEVI AHILYABAI HOLKAR,22.722,75.801,23.2,1011.9,63.53
2016-03-13T03:00:00,42754099999,DEVI AHILYABAI HOLKAR,22.722,75.801,23.0,,64.72
2016-03-13T05:00:00,42754099999,DEVI AHILYABAI HOLKAR,22.722,75.801,29.0,,39.9
2016-03-13T06:00:00,42754099999,DEVI AHILYABAI HOLKAR,22.722,75.801,28.6,1011.1,36.07
2016-03-13T06:00:00,42754099999,DEVI AHILYABAI HOLKAR,22.722,75.801,29.0,,35.01
2016-03-13T07:00:00,42754099999,DEVI AHILYABAI HOLKAR,22.722,75.801,29.0,,35.01
2016-03-13T08:00:00,42754099999,DEVI AHILYABAI HOLKAR,22.722,75.801,29.0,,35.01
2016-03-13T09:00:00,42754099999,DEVI AHILYABAI HOLKAR,22.722,75.801,29.6,1007.9,35.41
2016-03-13T09:00:00,42754099999,DEVI AHILYABAI HOLKAR,22.722,75.801,30.0,,35.29
2016-03-13T12:00:00,42754099999,DEVI AHILYABAI HOLKAR,22.722,75.801,30.0,1006.9,25.12
2016-03-13T12:00:00,42754099999,DEVI AHILYABAI HOLKAR,22.722,75.801,30.0,,25.29
2016-03-13T15:00:00,42754099999,DEVI AHILYABAI HOLKAR,22.722,75.801,24.8,1010.1,35.23
2016-03-13T15:00:00,42754099999,DEVI AHILYABAI HOLKAR,22.722,75.801,25.0,,33.88
2016-03-13T18:00:00,42754099999,DEVI AHILYABAI HOLKAR,22.722,75.801,21.0,1012.2,51.08
2016-03-13T18:00:00,42754099999,DEVI AHILYABAI HOLKAR,22.722,75.801,21.0,,52.8
2016-03-13T21:00:00,42754099999,DEVI AHILYABAI HOLKAR,22.722,75.801,19.0,1011.5,57.81
2016-03-13T21:00:00,42754099999,DEVI AHILYABAI HOLKAR,22.722,75.801,19.0,,59.76
2016-03-13T23:00:00,42754099999,DEVI AHILYABAI HOLKAR,22.722,75.801,18.0,,63.62
2016-03-14T00:00:00,42754099999,DEVI AHILYABAI HOLKAR,22.722,75.801,17.2,1012.8,64.3
2016-03-14T00:00:00,42754099999,DEVI AHILYABAI HOLKAR,22.722,75.801,17.0,,63.4
2016-03-14T02:00:00,42754099999,DEVI AHILYABAI HOLKAR,22.722,75.801,18.0,,59.52
2016-03-14T03:00:00,42754099999,DEVI AHILYABAI HOLKAR,22.722,75.801,20.6,1014.3,53.4
2016-03-14T03:00:00,42754099999,DEVI AHILYABAI HOLKAR,22.722,75.801,21.0,,52.8
2016-03-14T06:00:00,42754099999,DEVI AHILYABAI HOLKAR,22.722,75.801,27.4,1013.0,34.56
2016-03-14T06:00:00,42754099999,DEVI AHILYABAI HOLKAR,22.722,75.801,27.0,,34.45
2016-03-14T09:00:00,42754099999,DEVI AHILYABAI HOLKAR,22.722,75.801,30.4,1009.9,24.88
2016-03-14T09:00:00,42754099999,DEVI AHILYABAI HOLKAR,22.722,75.801,30.0,,25.29
2016-03-14T10:00:00,42754099999,DEVI AHILYABAI HOLKAR,22.722,75.801,29.0,,28.66
2016-03-14T11:00:00,42754099999,DEVI AHILYABAI HOLKAR,22.722,75.801,30.0,,27.06
2016-03-14T12:00:00,42754099999,DEVI AHILYABAI HOLKAR,22.722,75.801,29.0,1009.9,27.53
2016-03-14T12:00:00,42754099999,DEVI AHILYABAI HOLKAR,22.722,75.801,29.0,,26.79
2016-03-14T13:00:00,42754099999,DEVI AHILYABAI HOLKAR,22.722,75.801,27.0,,32.21
2016-03-14T15:00:00,42754099999,DEVI AHILYABAI HOLKAR,22.722,75.801,25.4,1010.9,39.67
2016-03-14T18:00:00,42754099999,DEVI AHILYABAI HOLKAR,22.722,75.801,22.0,1011.8,45.24
2016-03-14T18:00:00,42754099999,DEVI AHILYABAI HOLKAR,22.722,75.801,22.0,,46.47
2016-03-14T21:00:00,42754099999,DEVI AHILYABAI HOLKAR,22.722,75.801,20.0,1010.3,57.29
2016-03-15T00:00:00,42754099999,DEVI AHILYABAI HOLKAR,22.722,75.801,18.0,1011.5,63.62
2016-03-15T00:00:00,42754099999,DEVI AHILYABAI HOLKAR,22.722,75.801,18.0,,63.62
2016-03-15T03:00:00,42754099999,DEVI AHILYABAI HOLKAR,22.722,75.801,21.4,1014.1,41.55
2016-03-15T03:00:00,42754099999,DEVI AHILYABAI HOLKAR,22.722,75.801,21.0,,43.17
2016-03-15T06:00:00,42754099999,DEVI AHILYABAI HOLKAR,22.722,75.801,29.0,1013.4,30.45
2016-03-15T06:00:00,42754099999,DEVI AHILYABAI HOLKAR,22.722,75.801,29.0,,30.66
2016-03-15T09:00:00,42754099999,DEVI AHILYABAI HOLKAR,22.722,75.801,30.8,1009.6,25.5
2016-03-15T09:00:00,42754099999,DEVI AHILYABAI HOLKAR,22.722,75.801,31.0,,25.55
2016-03-15T10:00:00,42754099999,DEVI AHILYABAI HOLKAR,22.722,75.801,31.0,,25.55
2016-03-15T11:00:00,42754099999,DEVI AHILYABAI HOLKAR,22.722,75.801,31.0,,25.55
2016-03-15T12:00:00,42754099999,DEVI AHILYABAI HOLKAR,22.722,75.801,30.6,1008.2,26.14
2016-03-15T12:00:00,42754099999,DEVI AHILYABAI HOLKAR,22.722,75.801,31.0,,25.55
2016-03-15T13:30:00,42754099999,DEVI AHILYABAI HOLKAR,22.722,75.801,28.0,,30.38
2016-03-15T14:00:00,42754099999,DEVI AHILYABAI HOLKAR,22.722,75.801,28.0,,30.38
2016-03-15T15:00:00,42754099999,DEVI AHILYABAI HOLKAR,22.722,75.801,26.0,1011.2,34.63
2016-03-15T15:00:00,42754099999,DEVI AHILYABAI HOLKAR,22.722,75.801,26.0,,34.17
2016-03-15T18:00:00,42754099999,DEVI AHILYABAI HOLKAR,22.722,75.801,22.8,1012.3,41.11
2016-03-15T18:00:00,42754099999,DEVI AHILYABAI HOLKAR,22.722,75.801,23.0,,40.89
2016-03-15T21:00:00,42754099999,DEVI AHILYABAI HOLKAR,22.722,75.801,20.8,1011.9,48.04
2016-03-15T21:00:00,42754099999,DEVI AHILYABAI HOLKAR,22.722,75.801,21.0,,46.19
2016-03-16T00:00:00,42754099999,DEVI AHILYABAI HOLKAR,22.722,75.801,20.2,1012.1,48.52
2016-03-16T00:00:00,42754099999,DEVI AHILYABAI HOLKAR,22.722,75.801,20.0,,49.13
2016-03-16T03:00:00,42754099999,DEVI AHILYABAI HOLKAR,22.722,75.801,23.2,1013.5,32.69
2016-03-16T03:00:00,42754099999,DEVI AHILYABAI HOLKAR,22.722,75.801,23.0,,33.32
2016-03-16T04:00:00,42754099999,DEVI AHILYABAI HOLKAR,22.722,75.801,25.0,,27.57
2016-03-16T05:00:00,42754099999,DEVI AHILYABAI HOLKAR,22.722,75.801,28.0,,26.52
2016-03-16T06:00:00,42754099999,DEVI AHILYABAI HOLKAR,22.722,75.801,28.4,1013.0,23.69
2016-03-16T06:00:00,42754099999,DEVI AHILYABAI HOLKAR,22.722,75.801,28.0,,24.76
2016-03-16T07:00:00,42754099999,DEVI AHILYABAI HOLKAR,22.722,75.801,29.0,,23.36
2016-03-16T08:00:00,42754099999,DEVI AHILYABAI HOLKAR,22.722,75.801,30.0,,22.05
2016-03-16T09:00:00,42754099999,DEVI AHILYABAI HOLKAR,22.722,75.801,31.4,1008.8,22.72
2016-03-16T09:00:00,42754099999,DEVI AHILYABAI HOLKAR,22.722,75.801,31.0,,23.88
2016-03-16T12:00:00,42754099999,DEVI AHILYABAI HOLKAR,22.722,75.801,31.4,1008.2,27.99
2016-03-16T12:00:00,42754099999,DEVI AHILYABAI HOLKAR,22.722,75.801,31.0,,29.21
2016-03-16T15:00:00,42754099999,DEVI AHILYABAI HOLKAR,22.722,75.801,27.6,1009.7,29.46
2016-03-16T15:00:00,42754099999,DEVI AHILYABAI HOLKAR,22.722,75.801,28.0,,28.39
2016-03-16T18:00:00,42754099999,DEVI AHILYABAI HOLKAR,22.722,75.801,23.4,1011.4,40.18
2016-03-16T18:00:00,42754099999,DEVI AHILYABAI HOLKAR,22.722,75.801,23.0,,40.89
2016-03-16T21:00:00,42754099999,DEVI AHILYABAI HOLKAR,22.722,75.801,21.2,1010.9,46.87
2016-03-16T21:00:00,42754099999,DEVI AHILYABAI HOLKAR,22.722,75.801,21.0,,46.19
2016-03-16T23:00:00,42754099999,DEVI AHILYABAI HOLKAR,22.722,75.801,20.0,,49.13
2016-03-17T00:00:00,42754099999,DEVI AHILYABAI HOLKAR,22.722,75.801,19.6,1011.8,52.44
2016-03-17T00:00:00,42754099999,DEVI AHILYABAI HOLKAR,22.722,75.801,20.0,,52.54
2016-03-17T01:00:00,42754099999,DEVI AHILYABAI HOLKAR,22.722,75.801,20.0,,49.13
2016-03-17T02:00:00,42754099999,DEVI AHILYABAI HOLKAR,22.722,75.801,22.0,,37.92
2016-03-17T03:00:00,42754099999,DEVI AHILYABAI HOLKAR,22.722,75.801,26.2,1011.9,25.14
2016-03-17T03:00:00,42754099999,DEVI AHILYABAI HOLKAR,22.722,75.801,26.0,,25.98
2016-03-17T06:00:00,42754099999,DEVI AHILYABAI HOLKAR,22.722,75.801,32.0,1010.9,23.66
2016-03-17T06:00:00,42754099999,DEVI AHILYABAI HOLKAR,22.722,75.801,32.0,,24.14
2016-03-17T07:00:00,42754099999,DEVI AHILYABAI HOLKAR,22.722,75.801,33.0,,21.32
2016-03-17T09:00:00,42754099999,DEVI AHILYABAI HOLKAR,22.722,75.801,35.0,1006.9,19.73
2016-03-17T09:00:00,42754099999,DEVI AHILYABAI HOLKAR,22.722,75.801,35.0,,20.41
2016-03-17T12:00:00,42754099999,DEVI AHILYABAI HOLKAR,22.722,75.801,34.0,1006.1,20.72
2016-03-17T12:00:00,42754099999,DEVI AHILYABAI HOLKAR,22.722,75.801,34.0,,20.16
2016-03-17T15:00:00,42754099999,DEVI AHILYABAI HOLKAR,22.722,75.801,30.0,1009.3,25.12
2016-03-17T15:00:00,42754099999,DEVI AHILYABAI HOLKAR,22.722,75.801,30.0,,25.29
2016-03-17T18:00:00,42754099999,DEVI AHILYABAI HOLKAR,22.722,75.801,28.4,1010.1,28.69
2016-03-17T18:00:00,42754099999,DEVI AHILYABAI HOLKAR,22.722,75.801,28.0,,28.39
2016-03-18T00:00:00,42754099999,DEVI AHILYABAI HOLKAR,22.722,75.801,23.0,1010.3,36.18
2016-03-18T00:00:00,42754099999,DEVI AHILYABAI HOLKAR,22.722,75.801,23.0,,35.69
2016-03-18T03:00:00,42754099999,DEVI AHILYABAI HOLKAR,22.722,75.801,25.4,1012.0,43.24
2016-03-18T03:00:00,42754099999,DEVI AHILYABAI HOLKAR,22.722,75.801,25.0,,44.28
2016-03-18T06:00:00,42754099999,DEVI AHILYABAI HOLKAR,22.722,75.801,32.2,1010.6,30.93
2016-03-18T06:00:00,42754099999,DEVI AHILYABAI HOLKAR,22.722,75.801,32.0,,31.48
2016-03-18T07:00:00,42754099999,DEVI AHILYABAI HOLKAR,22.722,75.801,33.0,,27.87
2016-03-18T09:00:00,42754099999,DEVI AHILYABAI HOLKAR,22.722,75.801,35.0,,23.33
2016-03-18T10:00:00,42754099999,DEVI AHILYABAI HOLKAR,22.722,75.801,35.0,,23.33
2016-03-18T12:00:00,42754099999,DEVI AHILYABAI HOLKAR,22.722,75.801,34.0,1005.2,25.49
2016-03-18T12:00:00,42754099999,DEVI AHILYABAI HOLKAR,22.722,75.801,34.0,,24.66
2016-03-18T13:00:00,42754099999,DEVI AHILYABAI HOLKAR,22.722,75.801,32.0,,27.6
2016-03-18T14:00:00,42754099999,DEVI AHILYABAI HOLKAR,22.722,75.801,30.0,,28.94
2016-03-18T15:00:00,42754099999,DEVI AHILYABAI HOLKAR,22.722,75.801,28.4,1008.2,28.69
2016-03-18T15:00:00,42754099999,DEVI AHILYABAI HOLKAR,22.722,75.801,28.0,,30.38
2016-03-18T18:00:00,42754099999,DEVI AHILYABAI HOLKAR,22.722,75.801,24.4,1009.6,39.39
2016-03-18T18:00:00,42754099999,DEVI AHILYABAI HOLKAR,22.722,75.801,24.0,,41.17
2016-03-18T21:00:00,42754099999,DEVI AHILYABAI HOLKAR,22.722,75.801,22.8,1008.8,45.16
2016-03-18T21:00:00,42754099999,DEVI AHILYABAI HOLKAR,22.722,75.801,23.0,,43.73
2016-03-19T00:00:00,42754099999,DEVI AHILYABAI HOLKAR,22.722,75.801,20.0,1010.2,51.15
2016-03-19T00:00:00,42754099999,DEVI AHILYABAI HOLKAR,22.722,75.801,20.0,,52.54
2016-03-19T03:00:00,42754099999,DEVI AHILYABAI HOLKAR,22.722,75.801,24.0,1011.8,42.57
2016-03-19T03:00:00,42754099999,DEVI AHILYABAI HOLKAR,22.722,75.801,24.0,,44.01
2016-03-19T06:00:00,42754099999,DEVI AHILYABAI HOLKAR,22.722,75.801,31.2,1010.8,35.39
2016-03-19T06:00:00,42754099999,DEVI AHILYABAI HOLKAR,22.722,75.801,31.0,,35.56
2016-03-19T07:00:00,42754099999,DEVI AHILYABAI HOLKAR,22.722,75.801,32.0,,31.48
2016-03-19T09:00:00,42754099999,DEVI AHILYABAI HOLKAR,22.722,75.801,34.2,1007.3,24.07
2016-03-19T09:00:00,42754099999,DEVI AHILYABAI HOLKAR,22.722,75.801,34.0,,24.66
2016-03-19T12:00:00,42754099999,DEVI AHILYABAI HOLKAR,22.722,75.801,33.4,1006.6,25.5
2016-03-19T12:00:00,42754099999,DEVI AHILYABAI HOLKAR,22.722,75.801,33.0,,26.08
2016-03-19T14:00:00,42754099999,DEVI AHILYABAI HOLKAR,22.722,75.801,29.0,,32.77
2016-03-19T15:00:00,42754099999,DEVI AHILYABAI HOLKAR,22.722,75.801,27.8,1010.1,40.35
2016-03-19T15:00:00,42754099999,DEVI AHILYABAI HOLKAR,22.722,75.801,28.0,,39.62
2016-03-19T18:00:00,42754099999,DEVI AHILYABAI HOLKAR,22.722,75.801,24.2,1011.7,42.91
2016-03-19T18:00:00,42754099999,DEVI AHILYABAI HOLKAR,22.722,75.801,24.0,,44.01
2016-03-19T21:00:00,42754099999,DEVI AHILYABAI HOLKAR,22.722,75.801,22.0,1011.0,52.37
2016-03-19T21:00:00,42754099999,DEVI AHILYABAI HOLKAR,22.722,75.801,22.0,,53.06
2016-03-19T23:00:00,42754099999,DEVI AHILYABAI HOLKAR,22.722,75.801,21.0,,52.8
2016-03-20T00:00:00,42754099999,DEVI AHILYABAI HOLKAR,22.722,75.801,20.0,1012.1,54.32
2016-03-20T00:00:00,42754099999,DEVI AHILYABAI HOLKAR,22.722,75.801,20.0,,56.16
2016-03-20T01:00:00,42754099999,DEVI AHILYABAI HOLKAR,22.722,75.801,21.0,,52.8
2016-03-20T02:00:00,42754099999,DEVI AHILYABAI HOLKAR,22.722,75.801,23.0,,46.74
2016-03-20T03:00:00,42754099999,DEVI AHILYABAI HOLKAR,22.722,75.801,23.8,1012.8,45.13
2016-03-20T03:00:00,42754099999,DEVI AHILYABAI HOLKAR,22.722,75.801,24.0,,44.01
2016-03-20T06:00:00,42754099999,DEVI AHILYABAI HOLKAR,22.722,75.801,32.0,1011.4,30.67
2016-03-20T06:00:00,42754099999,DEVI AHILYABAI HOLKAR,22.722,75.801,32.0,,31.48
2016-03-20T09:00:00,42754099999,DEVI AHILYABAI HOLKAR,22.722,75.801,35.2,1007.6,17.86
2016-03-20T09:00:00,42754099999,DEVI AHILYABAI HOLKAR,22.722,75.801,35.0,,17.81
2016-03-20T12:00:00,42754099999,DEVI AHILYABAI HOLKAR,22.722,75.801,34.0,1007.0,16.06
2016-03-20T12:00:00,42754099999,DEVI AHILYABAI HOLKAR,22.722,75.801,34.0,,16.4
2016-03-20T14:00:00,42754099999,DEVI AHILYABAI HOLKAR,22.722,75.801,29.0,,18.94
2016-03-20T15:00:00,42754099999,DEVI AHILYABAI HOLKAR,22.722,75.801,27.4,1009.7,21.08
2016-03-20T15:00:00,42754099999,DEVI AHILYABAI HOLKAR,22.722,75.801,27.0,,21.28
2016-03-20T18:00:00,42754099999,DEVI AHILYABAI HOLKAR,22.722,75.801,25.8,1011.0,22.36
2016-03-20T18:00:00,42754099999,DEVI AHILYABAI HOLKAR,22.722,75.801,26.0,,22.57
2016-03-20T21:00:00,42754099999,DEVI AHILYABAI HOLKAR,22.722,75.801,24.0,1010.1,26.91
2016-03-20T21:00:00,42754099999,DEVI AHILYABAI HOLKAR,22.722,75.801,24.0,,27.29
2016-03-21T00:00:00,42754099999,DEVI AHILYABAI HOLKAR,22.722,75.801,21.6,1010.8,30.05
2016-03-21T00:00:00,42754099999,DEVI AHILYABAI HOLKAR,22.722,75.801,22.0,,28.71
2016-03-21T03:00:00,42754099999,DEVI AHILYABAI HOLKAR,22.722,75.801,24.0,1011.8,28.07
2016-03-21T03:00:00,42754099999,DEVI AHILYABAI HOLKAR,22.722,75.801,24.0,,27.29
2016-03-21T06:00:00,42754099999,DEVI AHILYABAI HOLKAR,22.722,75.801,31.4,1010.9,21.95
2016-03-21T06:00:00,42754099999,DEVI AHILYABAI HOLKAR,22.722,75.801,31.0,,22.31
2016-03-21T08:00:00,42754099999,DEVI AHILYABAI HOLKAR,22.722,75.801,34.0,,17.58
2016-03-21T09:00:00,42754099999,DEVI AHILYABAI HOLKAR,22.722,75.801,33.2,1007.2,17.15
2016-03-21T09:00:00,42754099999,DEVI AHILYABAI HOLKAR,22.722,75.801,33.0,,17.35
2016-03-21T12:00:00,42754099999,DEVI AHILYABAI HOLKAR,22.722,75.801,34.2,1015.7,16.33
2016-03-21T12:00:00,42754099999,DEVI AHILYABAI HOLKAR,22.722,75.801,34.0,,16.4
2016-03-21T15:00:00,42754099999,DEVI AHILYABAI HOLKAR,22.722,75.801,28.0,1008.1,28.98
2016-03-21T15:00:00,42754099999,DEVI AHILYABAI HOLKAR,22.722,75.801,28.0,,28.39
2016-03-21T18:00:00,42754099999,DEVI AHILYABAI HOLKAR,22.722,75.801,24.4,1010.1,39.39
2016-03-21T18:00:00,42754099999,DEVI AHILYABAI HOLKAR,22.722,75.801,24.0,,41.17
2016-03-21T21:00:00,42754099999,DEVI AHILYABAI HOLKAR,22.722,75.801,22.6,1009.0,44.8
2016-03-21T21:00:00,42754099999,DEVI AHILYABAI HOLKAR,22.722,75.801,23.0,,43.73
2016-03-21T23:00:00,42754099999,DEVI AHILYABAI HOLKAR,22.722,75.801,22.0,,43.45
2016-03-22T00:00:00,42754099999,DEVI AHILYABAI HOLKAR,22.722,75.801,21.4,1009.5,44.47
2016-03-22T00:00:00,42754099999,DEVI AHILYABAI HOLKAR,22.722,75.801,21.0,,46.19
2016-03-22T01:00:00,42754099999,DEVI AHILYABAI HOLKAR,22.722,75.801,20.0,,45.91
2016-03-22T02:00:00,42754099999,DEVI AHILYABAI HOLKAR,22.722,75.801,23.0,,33.32
2016-03-22T03:00:00,42754099999,DEVI AHILYABAI HOLKAR,22.722,75.801,24.2,1011.7,34.35
2016-03-22T03:00:00,42754099999,DEVI AHILYABAI HOLKAR,22.722,75.801,24.0,,33.6
2016-03-22T04:00:00,42754099999,DEVI AHILYABAI HOLKAR,22.722,75.801,27.0,,28.12
2016-03-22T05:00:00,42754099999,DEVI AHILYABAI HOLKAR,22.722,75.801,29.0,,25.02
2016-03-22T06:00:00,42754099999,DEVI AHILYABAI HOLKAR,22.722,75.801,30.0,1010.5,23.3
2016-03-22T06:00:00,42754099999,DEVI AHILYABAI HOLKAR,22.722,75.801,30.0,,23.62
2016-03-22T07:00:00,42754099999,DEVI AHILYABAI HOLKAR,22.722,75.801,32.0,,21.07
2016-03-22T08:00:00,42754099999,DEVI AHILYABAI HOLKAR,22.722,75.801,33.0,,21.32
2016-03-22T09:00:00,42754099999,DEVI AHILYABAI HOLKAR,22.722,75.801,34.0,1007.2,18.32
2016-03-22T09:00:00,42754099999,DEVI AHILYABAI HOLKAR,22.722,75.801,34.0,,18.83
2016-03-22T12:00:00,42754099999,DEVI AHILYABAI HOLKAR,22.722,75.801,33.2,1005.9,18.77
2016-03-22T12:00:00,42754099999,DEVI AHILYABAI HOLKAR,22.722,75.801,33.0,,18.59
2016-03-22T15:00:00,42754099999,DEVI AHILYABAI HOLKAR,22.722,75.801,27.6,1009.0,30.47
2016-03-22T15:00:00,42754099999,DEVI AHILYABAI HOLKAR,22.722,75.801,28.0,,30.38
2016-03-22T18:00:00,42754099999,DEVI AHILYABAI HOLKAR,22.722,75.801,25.4,1010.8,31.55
2016-03-22T18:00:00,42754099999,DEVI AHILYABAI HOLKAR,22.722,75.801,25.0,,31.65
2016-03-22T21:00:00,42754099999,DEVI AHILYABAI HOLKAR,22.722,75.801,23.8,1009.7,31.31
2016-03-23T06:00:00,42754099999,DEVI AHILYABAI HOLKAR,22.722,75.801,32.9,1010.6,15.38
2016-03-23T09:00:00,42754099999,DEVI AHILYABAI HOLKAR,22.722,75.801,35.4,1006.9,14.45
2016-03-23T15:00:00,42754099999,DEVI AHILYABAI HOLKAR,22.722,75.801,29.0,1009.4,19.07
2016-03-23T15:00:00,42754099999,DEVI AHILYABAI HOLKAR,22.722,75.801,29.0,,18.94
2016-03-23T18:00:00,42754099999,DEVI AHILYABAI HOLKAR,22.722,75.801,24.4,1010.9,27.59
2016-03-23T18:00:00,42754099999,DEVI AHILYABAI HOLKAR,22.722,75.801,24.0,,27.29
2016-03-23T21:00:00,42754099999,DEVI AHILYABAI HOLKAR,22.722,75.801,23.0,1009.6,31.3
2016-03-23T21:00:00,42754099999,DEVI AHILYABAI HOLKAR,22.722,75.801,23.0,,31.08
2016-03-24T00:00:00,42754099999,DEVI AHILYABAI HOLKAR,22.722,75.801,21.0,1010.1,37.12
2016-03-24T00:00:00,42754099999,DEVI AHILYABAI HOLKAR,22.722,75.801,21.0,,37.64
2016-03-24T03:00:00,42754099999,DEVI AHILYABAI HOLKAR,22.722,75.801,28.6,1012.3,21.09
2016-03-24T03:00:00,42754099999,DEVI AHILYABAI HOLKAR,22.722,75.801,29.0,,20.32
2016-03-24T06:00:00,42754099999,DEVI AHILYABAI HOLKAR,22.722,75.801,35.8,1011.9,14.44
2016-03-24T06:00:00,42754099999,DEVI AHILYABAI HOLKAR,22.722,75.801,36.0,,14.68
2016-03-24T09:00:00,42754099999,DEVI AHILYABAI HOLKAR,22.722,75.801,38.4,1008.3,13.34
2016-03-24T09:00:00,42754099999,DEVI AHILYABAI HOLKAR,22.722,75.801,38.0,,13.16
2016-03-24T12:00:00,42754099999,DEVI AHILYABAI HOLKAR,22.722,75.801,38.0,1006.7,12.19
2016-03-24T12:00:00,42754099999,DEVI AHILYABAI HOLKAR,22.722,75.801,38.0,,12.27
2016-03-24T15:00:00,42754099999,DEVI AHILYABAI HOLKAR,22.722,75.801,30.6,1010.5,26.14
2016-03-24T15:00:00,42754099999,DEVI AHILYABAI HOLKAR,22.722,75.801,31.0,,25.55
2016-03-24T18:00:00,42754099999,DEVI AHILYABAI HOLKAR,22.722,75.801,28.2,1012.0,25.33
2016-03-24T18:00:00,42754099999,DEVI AHILYABAI HOLKAR,22.722,75.801,28.0,,26.52
2016-03-24T21:00:00,42754099999,DEVI AHILYABAI HOLKAR,22.722,75.801,25.8,1011.2,32.09
2016-03-24T21:00:00,42754099999,DEVI AHILYABAI HOLKAR,22.722,75.801,26.0,,31.93
2016-03-25T00:00:00,42754099999,DEVI AHILYABAI HOLKAR,22.722,75.801,19.6,1012.4,34.71
2016-03-25T00:00:00,42754099999,DEVI AHILYABAI HOLKAR,22.722,75.801,20.0,,34.83
2016-03-25T03:00:00,42754099999,DEVI AHILYABAI HOLKAR,22.722,75.801,28.4,1012.8,25.55
2016-03-25T03:00:00,42754099999,DEVI AHILYABAI HOLKAR,22.722,75.801,28.0,,26.52
2016-03-25T04:00:00,42754099999,DEVI AHILYABAI HOLKAR,22.722,75.801,32.0,,19.67
2016-03-25T05:00:00,42754099999,DEVI AHILYABAI HOLKAR,22.722,75.801,35.0,,16.63
2016-03-25T06:00:00,42754099999,DEVI AHILYABAI HOLKAR,22.722,75.801,36.6,1011.4,16.88
2016-03-25T06:00:00,42754099999,DEVI AHILYABAI HOLKAR,22.722,75.801,37.0,,15.96
2016-03-25T08:00:00,42754099999,DEVI AHILYABAI HOLKAR,22.722,75.801,38.0,,19.79
2016-03-25T09:00:00,42754099999,DEVI AHILYABAI HOLKAR,22.722,75.801,38.4,1008.1,17.88
2016-03-25T09:00:00,42754099999,DEVI AHILYABAI HOLKAR,22.722,75.801,38.0,,18.52
2016-03-25T10:00:00,42754099999,DEVI AHILYABAI HOLKAR,22.722,75.801,38.0,,16.18
2016-03-25T11:00:00,42754099999,DEVI AHILYABAI HOLKAR,22.722,75.801,37.0,,18.28
2016-03-25T12:00:00,42754099999,DEVI AHILYABAI HOLKAR,22.722,75.801,37.4,1006.5,17.89
2016-03-25T12:00:00,42754099999,DEVI AHILYABAI HOLKAR,22.722,75.801,37.0,,18.28
2016-03-25T15:00:00,42754099999,DEVI AHILYABAI HOLKAR,22.722,75.801,31.8,1009.5,28.66
2016-03-25T15:00:00,42754099999,DEVI AHILYABAI HOLKAR,22.722,75.801,32.0,,29.48
2016-03-25T18:00:00,42754099999,DEVI AHILYABAI HOLKAR,22.722,75.801,29.4,1010.6,35.12
2016-03-25T18:00:00,42754099999,DEVI AHILYABAI HOLKAR,22.722,75.801,29.0,,35.01
2016-03-25T21:00:00,42754099999,DEVI AHILYABAI HOLKAR,22.722,75.801,27.8,1010.2,39.3
2016-03-25T21:00:00,42754099999,DEVI AHILYABAI HOLKAR,22.722,75.801,28.0,,39.62
2016-03-26T00:00:00,42754099999,DEVI AHILYABAI HOLKAR,22.722,75.801,23.4,1010.7,36.79
2016-03-26T00:00:00,42754099999,DEVI AHILYABAI HOLKAR,22.722,75.801,23.0,,38.21
2016-03-26T03:00:00,42754099999,DEVI AHILYABAI HOLKAR,22.722,75.801,26.4,1012.0,33.14
2016-03-26T03:00:00,42754099999,DEVI AHILYABAI HOLKAR,22.722,75.801,26.0,,34.17
2016-03-26T04:00:00,42754099999,DEVI AHILYABAI HOLKAR,22.722,75.801,30.0,,27.06
2016-03-26T05:00:00,42754099999,DEVI AHILYABAI HOLKAR,22.722,75.801,33.0,,26.08
2016-03-26T06:00:00,42754099999,DEVI AHILYABAI HOLKAR,22.722,75.801,34.4,1010.7,24.12
2016-03-26T06:00:00,42754099999,DEVI AHILYABAI HOLKAR,22.722,75.801,34.0,,24.66
2016-03-26T07:00:00,42754099999,DEVI AHILYABAI HOLKAR,22.722,75.801,36.0,,23.58
2016-03-26T08:00:00,42754099999,DEVI AHILYABAI HOLKAR,22.722,75.801,37.0,,19.55
2016-03-26T09:00:00,42754099999,DEVI AHILYABAI HOLKAR,22.722,75.801,37.8,1006.9,19.1
2016-03-26T09:00:00,42754099999,DEVI AHILYABAI HOLKAR,22.722,75.801,38.0,,18.52
2016-03-26T12:00:00,42754099999,DEVI AHILYABAI HOLKAR,22.722,75.801,37.4,1005.7,22.87
2016-03-26T12:00:00,42754099999,DEVI AHILYABAI HOLKAR,22.722,75.801,37.0,,23.84
2016-03-26T14:00:00,42754099999,DEVI AHILYABAI HOLKAR,22.722,75.801,34.0,,28.13
2016-03-26T15:00:00,42754099999,DEVI AHILYABAI HOLKAR,22.722,75.801,32.4,1008.4,31.18
2016-03-26T15:00:00,42754099999,DEVI AHILYABAI HOLKAR,22.722,75.801,32.0,,31.48
2016-03-26T18:00:00,42754099999,DEVI AHILYABAI HOLKAR,22.722,75.801,28.0,1010.0,52.23
2016-03-26T18:00:00,42754099999,DEVI AHILYABAI HOLKAR,22.722,75.801,28.0,,51.25
2016-03-26T21:00:00,42754099999,DEVI AHILYABAI HOLKAR,22.722,75.801,26.0,1009.0,50.08
2016-03-26T21:00:00,42754099999,DEVI AHILYABAI HOLKAR,22.722,75.801,26.0,,50.73
2016-03-27T00:00:00,42754099999,DEVI AHILYABAI HOLKAR,22.722,75.801,23.6,1010.6,56.69
2016-03-27T00:00:00,42754099999,DEVI AHILYABAI HOLKAR,22.722,75.801,24.0,,53.58
2016-03-27T03:00:00,42754099999,DEVI AHILYABAI HOLKAR,22.722,75.801,25.0,1012.2,65.15
2016-03-27T03:00:00,42754099999,DEVI AHILYABAI HOLKAR,22.722,75.801,25.0,,65.15
2016-03-27T05:00:00,42754099999,DEVI AHILYABAI HOLKAR,22.722,75.801,31.0,,40.45
2016-03-27T06:00:00,42754099999,DEVI AHILYABAI HOLKAR,22.722,75.801,32.4,1010.4,38.57
2016-03-27T06:00:00,42754099999,DEVI AHILYABAI HOLKAR,22.722,75.801,32.0,,40.72
2016-03-27T08:00:00,42754099999,DEVI AHILYABAI HOLKAR,22.722,75.801,35.0,,30.3
2016-03-27T09:00:00,42754099999,DEVI AHILYABAI HOLKAR,22.722,75.801,35.6,1007.3,31.45
2016-03-27T09:00:00,42754099999,DEVI AHILYABAI HOLKAR,22.722,75.801,36.0,,30.57
2016-03-27T12:00:00,42754099999,DEVI AHILYABAI HOLKAR,22.722,75.801,35.0,1006.5,27.49
2016-03-27T12:00:00,42754099999,DEVI AHILYABAI HOLKAR,22.722,75.801,35.0,,26.61
2016-03-27T15:00:00,42754099999,DEVI AHILYABAI HOLKAR,22.722,75.801,29.8,1009.3,35.46
2016-03-27T15:00:00,42754099999,DEVI AHILYABAI HOLKAR,22.722,75.801,30.0,,35.29
2016-03-27T18:00:00,42754099999,DEVI AHILYABAI HOLKAR,22.722,75.801,26.4,1010.7,47.35
2016-03-27T18:00:00,42754099999,DEVI AHILYABAI HOLKAR,22.722,75.801,26.0,,47.55
2016-03-27T21:00:00,42754099999,DEVI AHILYABAI HOLKAR,22.722,75.801,23.8,1010.7,55.65
2016-03-27T21:00:00,42754099999,DEVI AHILYABAI HOLKAR,22.722,75.801,24.0,,53.58
2016-03-28T00:00:00,42754099999,DEVI AHILYABAI HOLKAR,22.722,75.801,22.2,1011.2,56.71
2016-03-28T00:00:00,42754099999,DEVI AHILYABAI HOLKAR,22.722,75.801,22.0,,56.66
2016-03-28T03:00:00,42754099999,DEVI AHILYABAI HOLKAR,22.722,75.801,26.6,1012.1,50.88
2016-03-28T03:00:00,42754099999,DEVI AHILYABAI HOLKAR,22.722,75.801,27.0,,50.99
2016-03-28T06:00:00,42754099999,DEVI AHILYABAI HOLKAR,22.722,75.801,34.0,1010.8,28.88
2016-03-28T06:00:00,42754099999,DEVI AHILYABAI HOLKAR,22.722,75.801,34.0,,28.13
2016-03-28T09:00:00,42754099999,DEVI AHILYABAI HOLKAR,22.722,75.801,36.0,1006.6,21.78
2016-03-28T09:00:00,42754099999,DEVI AHILYABAI HOLKAR,22.722,75.801,36.0,,22.08
2016-03-28T10:00:00,42754099999,DEVI AHILYABAI HOLKAR,22.722,75.801,36.0,,20.65
2016-03-28T11:00:00,42754099999,DEVI AHILYABAI HOLKAR,22.722,75.801,36.0,,20.65
2016-03-28T12:00:00,42754099999,DEVI AHILYABAI HOLKAR,22.722,75.801,36.0,1006.0,22.52
2016-03-28T12:00:00,42754099999,DEVI AHILYABAI HOLKAR,22.722,75.801,36.0,,22.08
2016-03-28T13:00:00,42754099999,DEVI AHILYABAI HOLKAR,22.722,75.801,34.0,,24.66
2016-03-28T14:00:00,42754099999,DEVI AHILYABAI HOLKAR,22.722,75.801,32.0,,27.6
2016-03-28T15:00:00,42754099999,DEVI AHILYABAI HOLKAR,22.722,75.801,29.8,1009.3,30.67
2016-03-28T15:00:00,42754099999,DEVI AHILYABAI HOLKAR,22.722,75.801,30.0,,30.93
2016-03-28T18:00:00,42754099999,DEVI AHILYABAI HOLKAR,22.722,75.801,26.0,1010.7,38.03
2016-03-28T18:00:00,42754099999,DEVI AHILYABAI HOLKAR,22.722,75.801,26.0,,39.06
2016-03-28T21:00:00,42754099999,DEVI AHILYABAI HOLKAR,22.722,75.801,24.0,1009.6,39.02
2016-03-29T00:00:00,42754099999,DEVI AHILYABAI HOLKAR,22.722,75.801,21.6,1010.3,43.34
2016-03-29T00:00:00,42754099999,DEVI AHILYABAI HOLKAR,22.722,75.801,22.0,,43.45
2016-03-29T03:00:00,42754099999,DEVI AHILYABAI HOLKAR,22.722,75.801,26.0,1012.7,34.63
2016-03-29T03:00:00,42754099999,DEVI AHILYABAI HOLKAR,22.722,75.801,26.0,,34.17
2016-03-29T06:00:00,42754099999,DEVI AHILYABAI HOLKAR,22.722,75.801,33.4,1010.7,26.36
2016-03-29T06:00:00,42754099999,DEVI AHILYABAI HOLKAR,22.722,75.801,33.0,,26.08
2016-03-29T09:00:00,42754099999,DEVI AHILYABAI HOLKAR,22.722,75.801,36.2,1007.5,22.87
2016-03-29T09:00:00,42754099999,DEVI AHILYABAI HOLKAR,22.722,75.801,36.0,,23.58
2016-03-29T10:00:00,42754099999,DEVI AHILYABAI HOLKAR,22.722,75.801,36.0,,22.08
2016-03-29T11:00:00,42754099999,DEVI AHILYABAI HOLKAR,22.722,75.801,36.0,,22.08
2016-03-29T12:00:00,42754099999,DEVI AHILYABAI HOLKAR,22.722,75.801,36.0,1006.4,21.07
2016-03-29T12:00:00,42754099999,DEVI AHILYABAI HOLKAR,22.722,75.801,36.0,,20.65
2016-03-29T13:00:00,42754099999,DEVI AHILYABAI HOLKAR,22.722,75.801,34.0,,24.66
2016-03-29T14:00:00,42754099999,DEVI AHILYABAI HOLKAR,22.722,75.801,32.0,,27.6
2016-03-29T15:00:00,42754099999,DEVI AHILYABAI HOLKAR,22.722,75.801,30.0,1009.4,27.98
2016-03-29T15:00:00,42754099999,DEVI AHILYABAI HOLKAR,22.722,75.801,30.0,,27.06
2016-03-29T18:00:00,42754099999,DEVI AHILYABAI HOLKAR,22.722,75.801,26.0,1011.5,33.48
2016-03-29T18:00:00,42754099999,DEVI AHILYABAI HOLKAR,22.722,75.801,26.0,,34.17
2016-03-29T21:00:00,42754099999,DEVI AHILYABAI HOLKAR,22.722,75.801,24.0,1010.6,36.47
2016-03-29T21:00:00,42754099999,DEVI AHILYABAI HOLKAR,22.722,75.801,24.0,,35.97
2016-03-29T23:00:00,42754099999,DEVI AHILYABAI HOLKAR,22.722,75.801,23.0,,40.89
2016-03-30T00:00:00,42754099999,DEVI AHILYABAI HOLKAR,22.722,75.801,21.4,1011.6,42.99
2016-03-30T00:00:00,42754099999,DEVI AHILYABAI HOLKAR,22.722,75.801,21.0,,43.17
2016-03-30T01:00:00,42754099999,DEVI AHILYABAI HOLKAR,22.722,75.801,20.0,,45.91
2016-03-30T02:00:00,42754099999,DEVI AHILYABAI HOLKAR,22.722,75.801,22.0,,40.6
2016-03-30T03:00:00,42754099999,DEVI AHILYABAI HOLKAR,22.722,75.801,24.6,1013.0,36.14
2016-03-30T03:00:00,42754099999,DEVI AHILYABAI HOLKAR,22.722,75.801,25.0,,36.26
2016-03-30T03:30:00,42754099999,DEVI AHILYABAI HOLKAR,22.722,75.801,29.0,,30.66
2016-03-30T04:00:00,42754099999,DEVI AHILYABAI HOLKAR,22.722,75.801,32.0,,24.14
2016-03-30T05:00:00,42754099999,DEVI AHILYABAI HOLKAR,22.722,75.801,34.0,,17.58
2016-03-30T06:00:00,42754099999,DEVI AHILYABAI HOLKAR,22.722,75.801,35.0,1011.2,13.87
2016-03-30T06:00:00,42754099999,DEVI AHILYABAI HOLKAR,22.722,75.801,35.0,,13.48
2016-03-30T07:00:00,42754099999,DEVI AHILYABAI HOLKAR,22.722,75.801,36.0,,10.29
2016-03-30T09:00:00,42754099999,DEVI AHILYABAI HOLKAR,22.722,75.801,36.6,1007.8,11.5
2016-03-30T10:00:00,42754099999,DEVI AHILYABAI HOLKAR,22.722,75.801,37.0,,10.47
2016-03-30T11:00:00,42754099999,DEVI AHILYABAI HOLKAR,22.722,75.801,37.0,,10.47
2016-03-30T12:00:00,42754099999,DEVI AHILYABAI HOLKAR,22.722,75.801,36.0,1006.4,11.97
2016-03-30T12:00:00,42754099999,DEVI AHILYABAI HOLKAR,22.722,75.801,36.0,,11.88
2016-03-30T13:30:00,42754099999,DEVI AHILYABAI HOLKAR,22.722,75.801,33.0,,15.08
2016-03-30T14:00:00,42754099999,DEVI AHILYABAI HOLKAR,22.722,75.801,33.0,,15.08
2016-03-30T15:00:00,42754099999,DEVI AHILYABAI HOLKAR,22.722,75.801,29.6,1009.4,20.05
2016-03-30T15:00:00,42754099999,DEVI AHILYABAI HOLKAR,22.722,75.801,30.0,,19.18
2016-03-30T18:00:00,42754099999,DEVI AHILYABAI HOLKAR,22.722,75.801,26.4,1010.7,25.55
2016-03-30T18:00:00,42754099999,DEVI AHILYABAI HOLKAR,22.722,75.801,26.0,,25.98
2016-03-30T21:00:00,42754099999,DEVI AHILYABAI HOLKAR,22.722,75.801,24.0,1010.1,30.51
2016-03-31T00:00:00,42754099999,DEVI AHILYABAI HOLKAR,22.722,75.801,21.4,1010.7,37.49
2016-03-31T00:00:00,42754099999,DEVI AHILYABAI HOLKAR,22.722,75.801,21.0,,37.64
2016-03-31T03:00:00,42754099999,DEVI AHILYABAI HOLKAR,22.722,75.801,25.8,1012.2,20.24
2016-03-31T03:00:00,42754099999,DEVI AHILYABAI HOLKAR,22.722,75.801,26.0,,19.57
2016-03-31T06:00:00,42754099999,DEVI AHILYABAI HOLKAR,22.722,75.801,34.2,1010.3,12.05
2016-03-31T06:00:00,42754099999,DEVI AHILYABAI HOLKAR,22.722,75.801,34.0,,12.36
2016-03-31T09:00:00,42754099999,DEVI AHILYABAI HOLKAR,22.722,75.801,36.8,1006.6,9.85
2016-03-31T09:00:00,42754099999,DEVI AHILYABAI HOLKAR,22.722,75.801,37.0,,9.74
2016-03-31T12:00:00,42754099999,DEVI AHILYABAI HOLKAR,22.722,75.801,36.0,1005.4,11.97
2016-03-31T12:00:00,42754099999,DEVI AHILYABAI HOLKAR,22.722,75.801,36.0,,11.88
2016-03-31T15:00:00,42754099999,DEVI AHILYABAI HOLKAR,22.722,75.801,32.6,1007.4,16.31
2016-03-31T15:00:00,42754099999,DEVI AHILYABAI HOLKAR,22.722,75.801,33.0,,16.18
2016-03-31T18:00:00,42754099999,DEVI AHILYABAI HOLKAR,22.722,75.801,24.7,1009.6,31.78
2016-03-31T21:00:00,42754099999,DEVI AHILYABAI HOLKAR,22.722,75.801,24.4,1008.5,31.05
2016-03-31T21:00:00,42754099999,DEVI AHILYABAI HOLKAR,22.722,75.801,24.0,,31.37
2016-03-31T23:00:00,42754099999,DEVI AHILYABAI HOLKAR,22.722,75.801,23.0,,33.32
2016-04-01T00:00:00,42754099999,DEVI AHILYABAI HOLKAR,22.722,75.801,22.6,1009.4,35.58
2016-04-01T00:00:00,42754099999,DEVI AHILYABAI HOLKAR,22.722,75.801,23.0,,35.69
2016-04-01T03:00:00,42754099999,DEVI AHILYABAI HOLKAR,22.722,75.801,26.0,1009.2,30.24
2016-04-01T03:00:00,42754099999,DEVI AHILYABAI HOLKAR,22.722,75.801,26.0,,29.82
2016-04-01T04:00:00,42754099999,DEVI AHILYABAI HOLKAR,22.722,75.801,29.0,,28.66
2016-04-01T05:00:00,42754099999,DEVI AHILYABAI HOLKAR,22.722,75.801,32.0,,22.56
2016-04-01T06:00:00,42754099999,DEVI AHILYABAI HOLKAR,22.722,75.801,33.8,1008.0,19.57
2016-04-01T06:00:00,42754099999,DEVI AHILYABAI HOLKAR,22.722,75.801,34.0,,18.83
2016-04-01T07:00:00,42754099999,DEVI AHILYABAI HOLKAR,22.722,75.801,35.0,,17.81
2016-04-01T08:00:00,42754099999,DEVI AHILYABAI HOLKAR,22.722,75.801,36.0,,16.86
2016-04-01T09:00:00,42754099999,DEVI AHILYABAI HOLKAR,22.722,75.801,36.6,1004.4,16.2
2016-04-01T09:00:00,42754099999,DEVI AHILYABAI HOLKAR,22.722,75.801,37.0,,15.96
2016-04-01T10:00:00,42754099999,DEVI AHILYABAI HOLKAR,22.722,75.801,38.0,,13.16
2016-04-01T11:00:00,42754099999,DEVI AHILYABAI HOLKAR,22.722,75.801,38.0,,13.16
2016-04-01T12:00:00,42754099999,DEVI AHILYABAI HOLKAR,22.722,75.801,37.8,1003.1,13.87
2016-04-01T12:00:00,42754099999,DEVI AHILYABAI HOLKAR,22.722,75.801,38.0,,14.11
2016-04-01T13:00:00,42754099999,DEVI AHILYABAI HOLKAR,22.722,75.801,36.0,,15.74
2016-04-01T14:00:00,42754099999,DEVI AHILYABAI HOLKAR,22.722,75.801,34.0,,18.83
2016-04-01T15:00:00,42754099999,DEVI AHILYABAI HOLKAR,22.722,75.801,32.0,1006.4,21.07
2016-04-01T15:00:00,42754099999,DEVI AHILYABAI HOLKAR,22.722,75.801,32.0,,21.07
2016-04-01T18:00:00,42754099999,DEVI AHILYABAI HOLKAR,22.722,75.801,27.6,1008.2,31.52
2016-04-01T18:00:00,42754099999,DEVI AHILYABAI HOLKAR,22.722,75.801,28.0,,30.38
2016-04-01T21:00:00,42754099999,DEVI AHILYABAI HOLKAR,22.722,75.801,25.0,1007.2,36.75
2016-04-02T00:00:00,42754099999,DEVI AHILYABAI HOLKAR,22.722,75.801,22.0,1008.2,42.58
2016-04-02T00:00:00,42754099999,DEVI AHILYABAI HOLKAR,22.722,75.801,22.0,,43.45
2016-04-02T03:00:00,42754099999,DEVI AHILYABAI HOLKAR,22.722,75.801,28.4,1009.5,36.97
2016-04-02T03:00:00,42754099999,DEVI AHILYABAI HOLKAR,22.722,75.801,28.0,,37.1
2016-04-02T06:00:00,42754099999,DEVI AHILYABAI HOLKAR,22.722,75.801,36.0,1008.2,20.79
2016-04-02T06:00:00,42754099999,DEVI AHILYABAI HOLKAR,22.722,75.801,36.0,,20.65
2016-04-02T09:00:00,42754099999,DEVI AHILYABAI HOLKAR,22.722,75.801,39.2,1004.7,15.69
2016-04-02T09:00:00,42754099999,DEVI AHILYABAI HOLKAR,22.722,75.801,39.0,,16.4
2016-04-02T10:00:00,42754099999,DEVI AHILYABAI HOLKAR,22.722,75.801,39.0,,15.33
2016-04-02T11:00:00,42754099999,DEVI AHILYABAI HOLKAR,22.722,75.801,39.0,,15.33
2016-04-02T12:00:00,42754099999,DEVI AHILYABAI HOLKAR,22.722,75.801,38.4,1003.5,14.0
2016-04-02T12:00:00,42754099999,DEVI AHILYABAI HOLKAR,22.722,75.801,38.0,,14.11
2016-04-02T13:00:00,42754099999,DEVI AHILYABAI HOLKAR,22.722,75.801,37.0,,14.9
2016-04-02T14:00:00,42754099999,DEVI AHILYABAI HOLKAR,22.722,75.801,35.0,,19.07
2016-04-02T15:00:00,42754099999,DEVI AHILYABAI HOLKAR,22.722,75.801,33.0,1006.9,20.89
2016-04-02T15:00:00,42754099999,DEVI AHILYABAI HOLKAR,22.722,75.801,33.0,,21.32
2016-04-02T18:00:00,42754099999,DEVI AHILYABAI HOLKAR,22.722,75.801,28.0,1008.8,29.97
2016-04-02T18:00:00,42754099999,DEVI AHILYABAI HOLKAR,22.722,75.801,28.0,,30.38
2016-04-02T21:00:00,42754099999,DEVI AHILYABAI HOLKAR,22.722,75.801,25.6,1007.8,35.22
2016-04-02T21:00:00,42754099999,DEVI AHILYABAI HOLKAR,22.722,75.801,26.0,,34.17
2016-04-02T23:00:00,42754099999,DEVI AHILYABAI HOLKAR,22.722,75.801,25.0,,36.26
2016-04-03T00:00:00,42754099999,DEVI AHILYABAI HOLKAR,22.722,75.801,23.6,1008.8,43.6
2016-04-03T00:00:00,42754099999,DEVI AHILYABAI HOLKAR,22.722,75.801,24.0,,44.01
2016-04-03T01:00:00,42754099999,DEVI AHILYABAI HOLKAR,22.722,75.801,24.0,,41.17
2016-04-03T02:00:00,42754099999,DEVI AHILYABAI HOLKAR,22.722,75.801,26.0,,36.54
2016-04-03T03:00:00,42754099999,DEVI AHILYABAI HOLKAR,22.722,75.801,27.2,1010.8,44.31
2016-04-03T03:00:00,42754099999,DEVI AHILYABAI HOLKAR,22.722,75.801,27.0,,44.83
2016-04-03T05:00:00,42754099999,DEVI AHILYABAI HOLKAR,22.722,75.801,34.0,,30.03
2016-04-03T06:00:00,42754099999,DEVI AHILYABAI HOLKAR,22.722,75.801,36.0,1009.1,24.05
2016-04-03T06:00:00,42754099999,DEVI AHILYABAI HOLKAR,22.722,75.801,36.0,,23.58
2016-04-03T09:00:00,42754099999,DEVI AHILYABAI HOLKAR,22.722,75.801,39.2,1004.9,15.69
2016-04-03T09:00:00,42754099999,DEVI AHILYABAI HOLKAR,22.722,75.801,39.0,,15.33
2016-04-03T12:00:00,42754099999,DEVI AHILYABAI HOLKAR,22.722,75.801,39.4,1004.3,15.94
2016-04-03T12:00:00,42754099999,DEVI AHILYABAI HOLKAR,22.722,75.801,39.0,,16.4
2016-04-03T15:00:00,42754099999,DEVI AHILYABAI HOLKAR,22.722,75.801,33.4,1008.2,27.97
2016-04-03T15:00:00,42754099999,DEVI AHILYABAI HOLKAR,22.722,75.801,33.0,,27.87
2016-04-03T18:00:00,42754099999,DEVI AHILYABAI HOLKAR,22.722,75.801,29.6,1010.1,35.41
2016-04-03T18:00:00,42754099999,DEVI AHILYABAI HOLKAR,22.722,75.801,30.0,,35.29
2016-04-03T21:00:00,42754099999,DEVI AHILYABAI HOLKAR,22.722,75.801,27.2,1008.4,42.06
2016-04-04T00:00:00,42754099999,DEVI AHILYABAI HOLKAR,22.722,75.801,25.0,1008.5,41.45
2016-04-04T00:00:00,42754099999,DEVI AHILYABAI HOLKAR,22.722,75.801,25.0,,41.45
2016-04-04T03:00:00,42754099999,DEVI AHILYABAI HOLKAR,22.722,75.801,26.6,1010.2,41.35
2016-04-04T03:00:00,42754099999,DEVI AHILYABAI HOLKAR,22.722,75.801,27.0,,39.34
2016-04-04T06:00:00,42754099999,DEVI AHILYABAI HOLKAR,22.722,75.801,35.0,1008.7,21.97
2016-04-04T06:00:00,42754099999,DEVI AHILYABAI HOLKAR,22.722,75.801,35.0,,21.82
2016-04-04T09:00:00,42754099999,DEVI AHILYABAI HOLKAR,22.722,75.801,38.2,1005.1,16.33
2016-04-04T09:00:00,42754099999,DEVI AHILYABAI HOLKAR,22.722,75.801,38.0,,16.18
2016-04-04T10:00:00,42754099999,DEVI AHILYABAI HOLKAR,22.722,75.801,38.0,,16.18
2016-04-04T11:00:00,42754099999,DEVI AHILYABAI HOLKAR,22.722,75.801,38.0,,16.18
2016-04-04T12:00:00,42754099999,DEVI AHILYABAI HOLKAR,22.722,75.801,36.0,1003.6,17.44
2016-04-04T12:00:00,42754099999,DEVI AHILYABAI HOLKAR,22.722,75.801,36.0,,16.86
2016-04-04T13:00:00,42754099999,DEVI AHILYABAI HOLKAR,22.722,75.801,35.0,,17.81
2016-04-04T14:00:00,42754099999,DEVI AHILYABAI HOLKAR,22.722,75.801,34.0,,17.58
2016-04-04T15:00:00,42754099999,DEVI AHILYABAI HOLKAR,22.722,75.801,33.0,1006.0,20.89
2016-04-04T15:00:00,42754099999,DEVI AHILYABAI HOLKAR,22.722,75.801,33.0,,21.32
2016-04-04T18:00:00,42754099999,DEVI AHILYABAI HOLKAR,22.722,75.801,29.6,1007.8,24.67
2016-04-04T18:00:00,42754099999,DEVI AHILYABAI HOLKAR,22.722,75.801,30.0,,23.62
2016-04-04T21:00:00,42754099999,DEVI AHILYABAI HOLKAR,22.722,75.801,27.0,1007.0,29.7
2016-04-04T21:00:00,42754099999,DEVI AHILYABAI HOLKAR,22.722,75.801,27.0,,30.1
2016-04-05T00:00:00,42754099999,DEVI AHILYABAI HOLKAR,22.722,75.801,24.4,1007.8,33.48
2016-04-05T00:00:00,42754099999,DEVI AHILYABAI HOLKAR,22.722,75.801,24.0,,33.6
2016-04-05T03:00:00,42754099999,DEVI AHILYABAI HOLKAR,22.722,75.801,25.6,1010.3,45.93
2016-04-05T03:00:00,42754099999,DEVI AHILYABAI HOLKAR,22.722,75.801,26.0,,44.56
2016-04-05T06:00:00,42754099999,DEVI AHILYABAI HOLKAR,22.722,75.801,30.0,1009.6,34.83
2016-04-05T06:00:00,42754099999,DEVI AHILYABAI HOLKAR,22.722,75.801,30.0,,35.29
2016-04-05T09:00:00,42754099999,DEVI AHILYABAI HOLKAR,22.722,75.801,37.2,1004.5,19.08
2016-04-05T09:00:00,42754099999,DEVI AHILYABAI HOLKAR,22.722,75.801,37.0,,19.55
2016-04-05T10:00:00,42754099999,DEVI AHILYABAI HOLKAR,22.722,75.801,38.0,,18.52
2016-04-05T12:00:00,42754099999,DEVI AHILYABAI HOLKAR,22.722,75.801,36.0,1003.3,21.07
2016-04-05T12:00:00,42754099999,DEVI AHILYABAI HOLKAR,22.722,75.801,36.0,,20.65
2016-04-05T13:00:00,42754099999,DEVI AHILYABAI HOLKAR,22.722,75.801,33.0,,26.08
2016-04-05T15:00:00,42754099999,DEVI AHILYABAI HOLKAR,22.722,75.801,29.0,1006.5,32.55
2016-04-05T15:00:00,42754099999,DEVI AHILYABAI HOLKAR,22.722,75.801,29.0,,32.77
2016-04-05T18:00:00,42754099999,DEVI AHILYABAI HOLKAR,22.722,75.801,28.0,1008.3,29.97
2016-04-05T18:00:00,42754099999,DEVI AHILYABAI HOLKAR,22.722,75.801,28.0,,30.38
2016-04-05T21:00:00,42754099999,DEVI AHILYABAI HOLKAR,22.722,75.801,26.4,1007.5,32.04
2016-04-05T21:00:00,42754099999,DEVI AHILYABAI HOLKAR,22.722,75.801,26.0,,31.93
2016-04-06T00:00:00,42754099999,DEVI AHILYABAI HOLKAR,22.722,75.801,24.2,1007.9,42.91
2016-04-06T00:00:00,42754099999,DEVI AHILYABAI HOLKAR,22.722,75.801,24.0,,44.01
2016-04-06T03:00:00,42754099999,DEVI AHILYABAI HOLKAR,22.722,75.801,26.6,1010.4,38.97
2016-04-06T03:00:00,42754099999,DEVI AHILYABAI HOLKAR,22.722,75.801,27.0,,36.82
2016-04-06T04:00:00,42754099999,DEVI AHILYABAI HOLKAR,22.722,75.801,30.0,,30.93
2016-04-06T05:00:00,42754099999,DEVI AHILYABAI HOLKAR,22.722,75.801,31.0,,29.21
2016-04-06T06:00:00,42754099999,DEVI AHILYABAI HOLKAR,22.722,75.801,33.4,1009.1,25.5
2016-04-06T06:00:00,42754099999,DEVI AHILYABAI HOLKAR,22.722,75.801,33.0,,26.08
2016-04-06T09:00:00,42754099999,DEVI AHILYABAI HOLKAR,22.722,75.801,37.0,1005.7,19.55
2016-04-06T09:00:00,42754099999,DEVI AHILYABAI HOLKAR,22.722,75.801,37.0,,19.55
2016-04-06T12:00:00,42754099999,DEVI AHILYABAI HOLKAR,22.722,75.801,36.2,1004.4,19.1
2016-04-06T12:00:00,42754099999,DEVI AHILYABAI HOLKAR,22.722,75.801,36.0,,19.31
2016-04-06T15:00:00,42754099999,DEVI AHILYABAI HOLKAR,22.722,75.801,31.4,1007.5,21.95
2016-04-06T15:00:00,42754099999,DEVI AHILYABAI HOLKAR,22.722,75.801,31.0,,22.31
2016-04-06T18:00:00,42754099999,DEVI AHILYABAI HOLKAR,22.722,75.801,27.4,1010.2,32.32
2016-04-06T18:00:00,42754099999,DEVI AHILYABAI HOLKAR,22.722,75.801,27.0,,32.21
2016-04-06T21:00:00,42754099999,DEVI AHILYABAI HOLKAR,22.722,75.801,25.6,1009.3,36.43
2016-04-06T21:00:00,42754099999,DEVI AHILYABAI HOLKAR,22.722,75.801,26.0,,36.54
2016-04-06T23:00:00,42754099999,DEVI AHILYABAI HOLKAR,22.722,75.801,24.0,,41.17
2016-04-07T00:00:00,42754099999,DEVI AHILYABAI HOLKAR,22.722,75.801,23.6,1010.3,42.17
2016-04-07T00:00:00,42754099999,DEVI AHILYABAI HOLKAR,22.722,75.801,24.0,,41.17
2016-04-07T01:00:00,42754099999,DEVI AHILYABAI HOLKAR,22.722,75.801,22.0,,46.47
2016-04-07T02:00:00,42754099999,DEVI AHILYABAI HOLKAR,22.722,75.801,25.0,,41.45
2016-04-07T03:00:00,42754099999,DEVI AHILYABAI HOLKAR,22.722,75.801,27.0,1010.3,37.31
2016-04-07T03:00:00,42754099999,DEVI AHILYABAI HOLKAR,22.722,75.801,27.0,,36.82
2016-04-07T06:00:00,42754099999,DEVI AHILYABAI HOLKAR,22.722,75.801,33.4,1009.1,25.5
2016-04-07T06:00:00,42754099999,DEVI AHILYABAI HOLKAR,22.722,75.801,33.0,,26.08
2016-04-07T09:00:00,42754099999,DEVI AHILYABAI HOLKAR,22.722,75.801,33.8,1006.8,22.71
2016-04-07T09:00:00,42754099999,DEVI AHILYABAI HOLKAR,22.722,75.801,34.0,,23.07
2016-04-07T11:00:00,42754099999,DEVI AHILYABAI HOLKAR,22.722,75.801,35.0,,20.41
2016-04-07T12:00:00,42754099999,DEVI AHILYABAI HOLKAR,22.722,75.801,34.4,1005.1,23.64
2016-04-07T12:00:00,42754099999,DEVI AHILYABAI HOLKAR,22.722,75.801,34.0,,24.66
2016-04-07T13:00:00,42754099999,DEVI AHILYABAI HOLKAR,22.722,75.801,33.0,,22.82
2016-04-07T18:00:00,42754099999,DEVI AHILYABAI HOLKAR,22.722,75.801,26.0,1009.4,32.37
2016-04-07T18:00:00,42754099999,DEVI AHILYABAI HOLKAR,22.722,75.801,26.0,,31.93
2016-04-07T21:00:00,42754099999,DEVI AHILYABAI HOLKAR,22.722,75.801,24.2,1008.2,38.55
2016-04-07T21:00:00,42754099999,DEVI AHILYABAI HOLKAR,22.722,75.801,24.0,,38.49
2016-04-08T00:00:00,42754099999,DEVI AHILYABAI HOLKAR,22.722,75.801,22.2,1009.0,44.09
2016-04-08T00:00:00,42754099999,DEVI AHILYABAI HOLKAR,22.722,75.801,22.0,,43.45
2016-04-08T03:00:00,42754099999,DEVI AHILYABAI HOLKAR,22.722,75.801,27.4,1010.2,34.56
2016-04-08T03:00:00,42754099999,DEVI AHILYABAI HOLKAR,22.722,75.801,27.0,,34.45
2016-04-08T04:00:00,42754099999,DEVI AHILYABAI HOLKAR,22.722,75.801,30.0,,30.93
2016-04-08T06:00:00,42754099999,DEVI AHILYABAI HOLKAR,22.722,75.801,33.2,1008.9,22.71
2016-04-08T06:00:00,42754099999,DEVI AHILYABAI HOLKAR,22.722,75.801,33.0,,22.82
2016-04-08T07:00:00,42754099999,DEVI AHILYABAI HOLKAR,22.722,75.801,35.0,,19.07
2016-04-08T09:00:00,42754099999,DEVI AHILYABAI HOLKAR,22.722,75.801,36.0,1005.5,19.57
2016-04-08T09:00:00,42754099999,DEVI AHILYABAI HOLKAR,22.722,75.801,36.0,,19.31
2016-04-08T12:00:00,42754099999,DEVI AHILYABAI HOLKAR,22.722,75.801,37.0,1003.5,20.9
2016-04-08T12:00:00,42754099999,DEVI AHILYABAI HOLKAR,22.722,75.801,37.0,,20.9
2016-04-08T14:00:00,42754099999,DEVI AHILYABAI HOLKAR,22.722,75.801,32.0,,25.82
2016-04-08T15:00:00,42754099999,DEVI AHILYABAI HOLKAR,22.722,75.801,30.6,1006.6,26.14
2016-04-08T15:00:00,42754099999,DEVI AHILYABAI HOLKAR,22.722,75.801,31.0,,25.55
2016-04-08T18:00:00,42754099999,DEVI AHILYABAI HOLKAR,22.722,75.801,27.2,1008.8,32.05
2016-04-08T18:00:00,42754099999,DEVI AHILYABAI HOLKAR,22.722,75.801,27.0,,32.21
2016-04-08T21:00:00,42754099999,DEVI AHILYABAI HOLKAR,22.722,75.801,24.4,1007.9,39.39
2016-04-08T21:00:00,42754099999,DEVI AHILYABAI HOLKAR,22.722,75.801,24.0,,41.17
2016-04-08T23:00:00,42754099999,DEVI AHILYABAI HOLKAR,22.722,75.801,23.0,,43.73
2016-04-09T00:00:00,42754099999,DEVI AHILYABAI HOLKAR,22.722,75.801,22.6,1008.9,44.8
2016-04-09T00:00:00,42754099999,DEVI AHILYABAI HOLKAR,22.722,75.801,23.0,,43.73
2016-04-09T01:00:00,42754099999,DEVI AHILYABAI HOLKAR,22.722,75.801,21.0,,49.4
2016-04-09T02:00:00,42754099999,DEVI AHILYABAI HOLKAR,22.722,75.801,24.0,,41.17
2016-04-09T03:00:00,42754099999,DEVI AHILYABAI HOLKAR,22.722,75.801,27.0,1010.4,31.78
2016-04-09T03:00:00,42754099999,DEVI AHILYABAI HOLKAR,22.722,75.801,27.0,,32.21
2016-04-09T04:00:00,42754099999,DEVI AHILYABAI HOLKAR,22.722,75.801,29.0,,28.66
2016-04-09T05:00:00,42754099999,DEVI AHILYABAI HOLKAR,22.722,75.801,31.0,,25.55
2016-04-09T06:00:00,42754099999,DEVI AHILYABAI HOLKAR,22.722,75.801,32.0,1009.8,22.41
2016-04-09T06:00:00,42754099999,DEVI AHILYABAI HOLKAR,22.722,75.801,32.0,,22.56
2016-04-09T07:00:00,42754099999,DEVI AHILYABAI HOLKAR,22.722,75.801,34.0,,20.16
2016-04-09T09:00:00,42754099999,DEVI AHILYABAI HOLKAR,22.722,75.801,36.6,1006.0,20.39
2016-04-09T09:00:00,42754099999,DEVI AHILYABAI HOLKAR,22.722,75.801,37.0,,19.55
2016-04-09T11:00:00,42754099999,DEVI AHILYABAI HOLKAR,22.722,75.801,37.0,,12.96
2016-04-09T12:00:00,42754099999,DEVI AHILYABAI HOLKAR,22.722,75.801,36.6,1005.0,12.17
2016-04-09T12:00:00,42754099999,DEVI AHILYABAI HOLKAR,22.722,75.801,37.0,,12.08
2016-04-09T13:00:00,42754099999,DEVI AHILYABAI HOLKAR,22.722,75.801,35.0,,12.56
2016-04-09T14:00:00,42754099999,DEVI AHILYABAI HOLKAR,22.722,75.801,33.0,,15.08
2016-04-09T15:00:00,42754099999,DEVI AHILYABAI HOLKAR,22.722,75.801,32.0,1008.5,16.18
2016-04-09T15:00:00,42754099999,DEVI AHILYABAI HOLKAR,22.722,75.801,32.0,,15.95
2016-04-09T18:00:00,42754099999,DEVI AHILYABAI HOLKAR,22.722,75.801,29.4,1009.6,20.57
2016-04-09T18:00:00,42754099999,DEVI AHILYABAI HOLKAR,22.722,75.801,29.0,,20.32
2016-04-09T21:00:00,42754099999,DEVI AHILYABAI HOLKAR,22.722,75.801,28.0,1008.5,22.0
2016-04-09T21:00:00,42754099999,DEVI AHILYABAI HOLKAR,22.722,75.801,28.0,,21.54
2016-04-10T00:00:00,42754099999,DEVI AHILYABAI HOLKAR,22.722,75.801,22.6,1009.9,35.58
2016-04-10T00:00:00,42754099999,DEVI AHILYABAI HOLKAR,22.722,75.801,23.0,,35.69
2016-04-10T03:00:00,42754099999,DEVI AHILYABAI HOLKAR,22.722,75.801,26.6,1011.7,31.24
2016-04-10T03:00:00,42754099999,DEVI AHILYABAI HOLKAR,22.722,75.801,27.0,,30.1
2016-04-10T06:00:00,42754099999,DEVI AHILYABAI HOLKAR,22.722,75.801,33.4,1010.2,20.57
2016-04-10T06:00:00,42754099999,DEVI AHILYABAI HOLKAR,22.722,75.801,33.0,,21.32
2016-04-10T09:00:00,42754099999,DEVI AHILYABAI HOLKAR,22.722,75.801,37.6,1006.0,14.22
2016-04-10T09:00:00,42754099999,DEVI AHILYABAI HOLKAR,22.722,75.801,38.0,,14.11
2016-04-10T10:00:00,42754099999,DEVI AHILYABAI HOLKAR,22.722,75.801,38.0,,14.11
2016-04-10T11:00:00,42754099999,DEVI AHILYABAI HOLKAR,22.722,75.801,38.0,,14.11
2016-04-10T12:00:00,42754099999,DEVI AHILYABAI HOLKAR,22.722,75.801,37.0,1005.4,13.33
2016-04-10T12:00:00,42754099999,DEVI AHILYABAI HOLKAR,22.722,75.801,37.0,,12.96
2016-04-10T13:00:00,42754099999,DEVI AHILYABAI HOLKAR,22.722,75.801,36.0,,14.68
2016-04-10T14:00:00,42754099999,DEVI AHILYABAI HOLKAR,22.722,75.801,33.0,,17.35
2016-04-10T15:00:00,42754099999,DEVI AHILYABAI HOLKAR,22.722,75.801,31.8,1007.6,19.09
2016-04-10T15:00:00,42754099999,DEVI AHILYABAI HOLKAR,22.722,75.801,32.0,,18.35
2016-04-10T18:00:00,42754099999,DEVI AHILYABAI HOLKAR,22.722,75.801,29.0,1009.7,26.61
2016-04-10T18:00:00,42754099999,DEVI AHILYABAI HOLKAR,22.722,75.801,29.0,,26.79
2016-04-10T21:00:00,42754099999,DEVI AHILYABAI HOLKAR,22.722,75.801,27.2,1008.7,29.95
2016-04-10T21:00:00,42754099999,DEVI AHILYABAI HOLKAR,22.722,75.801,27.0,,30.1
2016-04-11T00:00:00,42754099999,DEVI AHILYABAI HOLKAR,22.722,75.801,26.0,1009.3,33.48
2016-04-11T00:00:00,42754099999,DEVI AHILYABAI HOLKAR,22.722,75.801,26.0,,34.17
2016-04-11T03:00:00,42754099999,DEVI AHILYABAI HOLKAR,22.722,75.801,27.6,1011.0,31.52
2016-04-11T03:00:00,42754099999,DEVI AHILYABAI HOLKAR,22.722,75.801,29.0,,28.66
2016-04-11T04:00:00,42754099999,DEVI AHILYABAI HOLKAR,22.722,75.801,31.0,,27.33
2016-04-11T06:00:00,42754099999,DEVI AHILYABAI HOLKAR,22.722,75.801,33.4,1010.6,23.86
2016-04-11T06:00:00,42754099999,DEVI AHILYABAI HOLKAR,22.722,75.801,33.0,,24.4
2016-04-11T09:00:00,42754099999,DEVI AHILYABAI HOLKAR,22.722,75.801,36.4,1006.8,18.76
2016-04-11T09:00:00,42754099999,DEVI AHILYABAI HOLKAR,22.722,75.801,36.0,,19.31
2016-04-11T10:00:00,42754099999,DEVI AHILYABAI HOLKAR,22.722,75.801,37.0,,19.55
2016-04-11T11:00:00,42754099999,DEVI AHILYABAI HOLKAR,22.722,75.801,37.0,,19.55
2016-04-11T12:00:00,42754099999,DEVI AHILYABAI HOLKAR,22.722,75.801,36.4,1005.4,15.18
2016-04-11T12:00:00,42754099999,DEVI AHILYABAI HOLKAR,22.722,75.801,36.0,,15.74
2016-04-11T13:00:00,42754099999,DEVI AHILYABAI HOLKAR,22.722,75.801,35.0,,16.63
2016-04-11T14:00:00,42754099999,DEVI AHILYABAI HOLKAR,22.722,75.801,33.0,,19.92
2016-04-11T15:00:00,42754099999,DEVI AHILYABAI HOLKAR,22.722,75.801,32.0,1007.8,21.07
2016-04-11T15:00:00,42754099999,DEVI AHILYABAI HOLKAR,22.722,75.801,32.0,,21.07
2016-04-11T18:00:00,42754099999,DEVI AHILYABAI HOLKAR,22.722,75.801,27.8,1009.4,22.73
2016-04-11T18:00:00,42754099999,DEVI AHILYABAI HOLKAR,22.722,75.801,28.0,,23.1
2016-04-11T21:00:00,42754099999,DEVI AHILYABAI HOLKAR,22.722,75.801,25.8,1008.4,26.65
2016-04-11T21:00:00,42754099999,DEVI AHILYABAI HOLKAR,22.722,75.801,26.0,,25.98
2016-04-12T00:00:00,42754099999,DEVI AHILYABAI HOLKAR,22.722,75.801,22.6,1009.0,31.85
2016-04-12T00:00:00,42754099999,DEVI AHILYABAI HOLKAR,22.722,75.801,23.0,,31.08
2016-04-12T03:00:00,42754099999,DEVI AHILYABAI HOLKAR,22.722,75.801,27.0,1009.8,25.53
2016-04-12T03:00:00,42754099999,DEVI AHILYABAI HOLKAR,22.722,75.801,27.0,,26.25
2016-04-12T04:00:00,42754099999,DEVI AHILYABAI HOLKAR,22.722,75.801,31.0,,20.82
2016-04-12T05:00:00,42754099999,DEVI AHILYABAI HOLKAR,22.722,75.801,33.0,,19.92
2016-04-12T06:00:00,42754099999,DEVI AHILYABAI HOLKAR,22.722,75.801,34.0,1008.4,19.09
2016-04-12T06:00:00,42754099999,DEVI AHILYABAI HOLKAR,22.722,75.801,34.0,,18.83
2016-04-12T07:00:00,42754099999,DEVI AHILYABAI HOLKAR,22.722,75.801,35.0,,16.63
2016-04-12T08:00:00,42754099999,DEVI AHILYABAI HOLKAR,22.722,75.801,36.0,,15.74
2016-04-12T09:00:00,42754099999,DEVI AHILYABAI HOLKAR,22.722,75.801,36.4,1004.6,15.18
2016-04-12T09:00:00,42754099999,DEVI AHILYABAI HOLKAR,22.722,75.801,36.0,,15.74
2016-04-12T12:00:00,42754099999,DEVI AHILYABAI HOLKAR,22.722,75.801,36.4,1002.8,13.87
2016-04-12T12:00:00,42754099999,DEVI AHILYABAI HOLKAR,22.722,75.801,36.0,,14.68
2016-04-12T13:00:00,42754099999,DEVI AHILYABAI HOLKAR,22.722,75.801,35.0,,15.51
2016-04-12T15:00:00,42754099999,DEVI AHILYABAI HOLKAR,22.722,75.801,32.8,1005.3,18.93
2016-04-12T15:00:00,42754099999,DEVI AHILYABAI HOLKAR,22.722,75.801,33.0,,18.59
2016-04-12T18:00:00,42754099999,DEVI AHILYABAI HOLKAR,22.722,75.801,30.0,1007.4,21.6
2016-04-12T18:00:00,42754099999,DEVI AHILYABAI HOLKAR,22.722,75.801,30.0,,22.05
2016-04-12T21:00:00,42754099999,DEVI AHILYABAI HOLKAR,22.722,75.801,27.0,1006.5,28.5
2016-04-12T21:00:00,42754099999,DEVI AHILYABAI HOLKAR,22.722,75.801,27.0,,28.12
2016-04-12T23:00:00,42754099999,DEVI AHILYABAI HOLKAR,22.722,75.801,25.0,,31.65
2016-04-13T00:00:00,42754099999,DEVI AHILYABAI HOLKAR,22.722,75.801,23.4,1007.4,36.79
2016-04-13T00:00:00,42754099999,DEVI AHILYABAI HOLKAR,22.722,75.801,23.0,,38.21
2016-04-13T03:00:00,42754099999,DEVI AHILYABAI HOLKAR,22.722,75.801,27.6,1008.9,23.32
2016-04-13T03:00:00,42754099999,DEVI AHILYABAI HOLKAR,22.722,75.801,28.0,,23.1
2016-04-13T04:00:00,42754099999,DEVI AHILYABAI HOLKAR,22.722,75.801,32.0,,18.35
2016-04-13T05:00:00,42754099999,DEVI AHILYABAI HOLKAR,22.722,75.801,34.0,,14.25
2016-04-13T06:00:00,42754099999,DEVI AHILYABAI HOLKAR,22.722,75.801,34.6,1007.1,13.31
2016-04-13T06:00:00,42754099999,DEVI AHILYABAI HOLKAR,22.722,75.801,35.0,,13.48
2016-04-13T09:00:00,42754099999,DEVI AHILYABAI HOLKAR,22.722,75.801,36.4,1002.9,11.88
2016-04-13T09:00:00,42754099999,DEVI AHILYABAI HOLKAR,22.722,75.801,36.0,,11.88
2016-04-13T10:00:00,42754099999,DEVI AHILYABAI HOLKAR,22.722,75.801,37.0,,10.47
2016-04-13T11:00:00,42754099999,DEVI AHILYABAI HOLKAR,22.722,75.801,37.0,,10.47
2016-04-13T12:00:00,42754099999,DEVI AHILYABAI HOLKAR,22.722,75.801,37.0,1001.0,10.78
2016-04-13T12:00:00,42754099999,DEVI AHILYABAI HOLKAR,22.722,75.801,37.0,,10.47
2016-04-13T13:00:00,42754099999,DEVI AHILYABAI HOLKAR,22.722,75.801,36.0,,11.06
2016-04-13T15:00:00,42754099999,DEVI AHILYABAI HOLKAR,22.722,75.801,31.6,1004.2,27.49
2016-04-13T15:00:00,42754099999,DEVI AHILYABAI HOLKAR,22.722,75.801,32.0,,27.6
2016-04-13T18:00:00,42754099999,DEVI AHILYABAI HOLKAR,22.722,75.801,28.6,1005.7,15.63
2016-04-13T18:00:00,42754099999,DEVI AHILYABAI HOLKAR,22.722,75.801,29.0,,15.28
2016-04-13T21:00:00,42754099999,DEVI AHILYABAI HOLKAR,22.722,75.801,26.8,1005.4,18.01
2016-04-13T21:00:00,42754099999,DEVI AHILYABAI HOLKAR,22.722,75.801,27.0,,18.45
2016-04-14T00:00:00,42754099999,DEVI AHILYABAI HOLKAR,22.722,75.801,21.6,1007.0,34.08
2016-04-14T00:00:00,42754099999,DEVI AHILYABAI HOLKAR,22.722,75.801,22.0,,33.03
2016-04-14T02:00:00,42754099999,DEVI AHILYABAI HOLKAR,22.722,75.801,25.0,,31.65
2016-04-14T03:00:00,42754099999,DEVI AHILYABAI HOLKAR,22.722,75.801,28.6,1007.4,25.96
2016-04-14T03:00:00,42754099999,DEVI AHILYABAI HOLKAR,22.722,75.801,29.0,,25.02
2016-04-14T05:00:00,42754099999,DEVI AHILYABAI HOLKAR,22.722,75.801,35.0,,16.63
2016-04-14T05:30:00,42754099999,DEVI AHILYABAI HOLKAR,22.722,75.801,36.0,,16.86
2016-04-14T06:00:00,42754099999,DEVI AHILYABAI HOLKAR,22.722,75.801,36.6,1005.4,12.79
2016-04-14T06:00:00,42754099999,DEVI AHILYABAI HOLKAR,22.722,75.801,37.0,,12.08
2016-04-14T06:30:00,42754099999,DEVI AHILYABAI HOLKAR,22.722,75.801,37.0,,12.08
2016-04-14T07:00:00,42754099999,DEVI AHILYABAI HOLKAR,22.722,75.801,38.0,,12.27
2016-04-14T09:00:00,42754099999,DEVI AHILYABAI HOLKAR,22.722,75.801,38.6,1002.4,11.15
2016-04-14T09:00:00,42754099999,DEVI AHILYABAI HOLKAR,22.722,75.801,39.0,,10.84
2016-04-14T09:30:00,42754099999,DEVI AHILYABAI HOLKAR,22.722,75.801,39.0,,10.84
2016-04-14T10:00:00,42754099999,DEVI AHILYABAI HOLKAR,22.722,75.801,40.0,,8.9
2016-04-14T12:00:00,42754099999,DEVI AHILYABAI HOLKAR,22.722,75.801,39.6,1001.6,12.5
2016-04-14T12:00:00,42754099999,DEVI AHILYABAI HOLKAR,22.722,75.801,40.0,,11.82
2016-04-14T13:00:00,42754099999,DEVI AHILYABAI HOLKAR,22.722,75.801,37.0,,12.08
2016-04-14T15:00:00,42754099999,DEVI AHILYABAI HOLKAR,22.722,75.801,33.8,1004.8,15.8
2016-04-14T15:00:00,42754099999,DEVI AHILYABAI HOLKAR,22.722,75.801,34.0,,15.29
2016-04-14T18:00:00,42754099999,DEVI AHILYABAI HOLKAR,22.722,75.801,30.4,1006.5,20.11
2016-04-14T18:00:00,42754099999,DEVI AHILYABAI HOLKAR,22.722,75.801,30.0,,20.57
2016-04-14T21:00:00,42754099999,DEVI AHILYABAI HOLKAR,22.722,75.801,27.8,1006.3,23.7
2016-04-14T21:00:00,42754099999,DEVI AHILYABAI HOLKAR,22.722,75.801,28.0,,23.1
2016-04-15T00:00:00,42754099999,DEVI AHILYABAI HOLKAR,22.722,75.801,24.2,1007.8,34.35
2016-04-15T00:00:00,42754099999,DEVI AHILYABAI HOLKAR,22.722,75.801,24.0,,33.6
2016-04-15T03:00:00,42754099999,DEVI AHILYABAI HOLKAR,22.722,75.801,30.0,1007.9,26.16
2016-04-15T03:00:00,42754099999,DEVI AHILYABAI HOLKAR,22.722,75.801,30.0,,27.06
2016-04-15T06:00:00,42754099999,DEVI AHILYABAI HOLKAR,22.722,75.801,37.0,1006.7,17.44
2016-04-15T06:00:00,42754099999,DEVI AHILYABAI HOLKAR,22.722,75.801,37.0,,17.08
2016-04-15T09:00:00,42754099999,DEVI AHILYABAI HOLKAR,22.722,75.801,41.2,1003.1,10.56
2016-04-15T09:00:00,42754099999,DEVI AHILYABAI HOLKAR,22.722,75.801,41.0,,10.45
2016-04-15T12:00:00,42754099999,DEVI AHILYABAI HOLKAR,22.722,75.801,39.2,1002.2,10.2
2016-04-15T12:00:00,42754099999,DEVI AHILYABAI HOLKAR,22.722,75.801,39.0,,10.09
2016-04-15T15:00:00,42754099999,DEVI AHILYABAI HOLKAR,22.722,75.801,33.6,1005.0,17.85
2016-04-15T15:00:00,42754099999,DEVI AHILYABAI HOLKAR,22.722,75.801,34.0,,17.58
2016-04-15T18:00:00,42754099999,DEVI AHILYABAI HOLKAR,22.722,75.801,30.6,1007.0,19.88
2016-04-15T18:00:00,42754099999,DEVI AHILYABAI HOLKAR,22.722,75.801,31.0,,19.43
2016-04-15T21:00:00,42754099999,DEVI AHILYABAI HOLKAR,22.722,75.801,27.0,1006.9,26.43
2016-04-15T21:00:00,42754099999,DEVI AHILYABAI HOLKAR,22.722,75.801,27.0,,26.25
2016-04-16T00:00:00,42754099999,DEVI AHILYABAI HOLKAR,22.722,75.801,24.0,1008.4,36.47
2016-04-16T00:00:00,42754099999,DEVI AHILYABAI HOLKAR,22.722,75.801,24.0,,35.97
2016-04-16T01:00:00,42754099999,DEVI AHILYABAI HOLKAR,22.722,75.801,24.0,,35.97
2016-04-16T02:00:00,42754099999,DEVI AHILYABAI HOLKAR,22.722,75.801,27.0,,34.45
2016-04-16T03:00:00,42754099999,DEVI AHILYABAI HOLKAR,22.722,75.801,28.8,1008.1,32.28
2016-04-16T03:00:00,42754099999,DEVI AHILYABAI HOLKAR,22.722,75.801,29.0,,32.77
2016-04-16T04:00:00,42754099999,DEVI AHILYABAI HOLKAR,22.722,75.801,32.0,,29.48
2016-04-16T05:00:00,42754099999,DEVI AHILYABAI HOLKAR,22.722,75.801,34.0,,24.66
2016-04-16T06:00:00,42754099999,DEVI AHILYABAI HOLKAR,22.722,75.801,36.0,1005.9,19.57
2016-04-16T06:00:00,42754099999,DEVI AHILYABAI HOLKAR,22.722,75.801,36.0,,19.31
2016-04-16T07:00:00,42754099999,DEVI AHILYABAI HOLKAR,22.722,75.801,38.0,,15.11
2016-04-16T08:00:00,42754099999,DEVI AHILYABAI HOLKAR,22.722,75.801,39.0,,14.32
2016-04-16T09:00:00,42754099999,DEVI AHILYABAI HOLKAR,22.722,75.801,39.4,1002.2,14.7
2016-04-16T09:00:00,42754099999,DEVI AHILYABAI HOLKAR,22.722,75.801,39.0,,15.33
2016-04-16T10:00:00,42754099999,DEVI AHILYABAI HOLKAR,22.722,75.801,40.0,,12.67
2016-04-16T11:00:00,42754099999,DEVI AHILYABAI HOLKAR,22.722,75.801,40.0,,12.67
2016-04-16T12:00:00,42754099999,DEVI AHILYABAI HOLKAR,22.722,75.801,37.8,1001.6,10.69
2016-04-16T12:00:00,42754099999,DEVI AHILYABAI HOLKAR,22.722,75.801,38.0,,10.65
2016-04-16T15:00:00,42754099999,DEVI AHILYABAI HOLKAR,22.722,75.801,32.2,1004.6,21.41
2016-04-16T15:00:00,42754099999,DEVI AHILYABAI HOLKAR,22.722,75.801,32.0,,21.07
2016-04-16T18:00:00,42754099999,DEVI AHILYABAI HOLKAR,22.722,75.801,30.2,1005.5,24.49
2016-04-16T21:00:00,42754099999,DEVI AHILYABAI HOLKAR,22.722,75.801,27.2,1005.3,32.05
2016-04-16T21:00:00,42754099999,DEVI AHILYABAI HOLKAR,22.722,75.801,27.0,,32.21
2016-04-16T23:00:00,42754099999,DEVI AHILYABAI HOLKAR,22.722,75.801,26.0,,34.17
2016-04-17T00:00:00,42754099999,DEVI AHILYABAI HOLKAR,22.722,75.801,25.4,1006.0,36.13
2016-04-17T00:00:00,42754099999,DEVI AHILYABAI HOLKAR,22.722,75.801,25.0,,36.26
2016-04-17T01:00:00,42754099999,DEVI AHILYABAI HOLKAR,22.722,75.801,23.0,,40.89
2016-04-17T02:00:00,42754099999,DEVI AHILYABAI HOLKAR,22.722,75.801,24.0,,38.49
2016-04-17T03:00:00,42754099999,DEVI AHILYABAI HOLKAR,22.722,75.801,27.0,1007.7,37.31
2016-04-17T03:00:00,42754099999,DEVI AHILYABAI HOLKAR,22.722,75.801,27.0,,36.82
2016-04-17T04:00:00,42754099999,DEVI AHILYABAI HOLKAR,22.722,75.801,30.0,,35.29
2016-04-17T06:00:00,42754099999,DEVI AHILYABAI HOLKAR,22.722,75.801,34.6,1006.2,22.31
2016-04-17T06:00:00,42754099999,DEVI AHILYABAI HOLKAR,22.722,75.801,35.0,,21.82
2016-04-17T07:00:00,42754099999,DEVI AHILYABAI HOLKAR,22.722,75.801,36.0,,20.65
2016-04-17T08:00:00,42754099999,DEVI AHILYABAI HOLKAR,22.722,75.801,37.0,,19.55
2016-04-17T09:00:00,42754099999,DEVI AHILYABAI HOLKAR,22.722,75.801,38.2,1002.5,17.01
2016-04-17T09:00:00,42754099999,DEVI AHILYABAI HOLKAR,22.722,75.801,38.0,,17.31
2016-04-17T10:00:00,42754099999,DEVI AHILYABAI HOLKAR,22.722,75.801,38.0,,16.18
2016-04-17T11:00:00,42754099999,DEVI AHILYABAI HOLKAR,22.722,75.801,38.0,,16.18
2016-04-17T12:00:00,42754099999,DEVI AHILYABAI HOLKAR,22.722,75.801,36.6,1002.2,20.39
2016-04-17T12:00:00,42754099999,DEVI AHILYABAI HOLKAR,22.722,75.801,37.0,,19.55
2016-04-17T14:00:00,42754099999,DEVI AHILYABAI HOLKAR,22.722,75.801,34.0,,23.07
2016-04-17T15:00:00,42754099999,DEVI AHILYABAI HOLKAR,22.722,75.801,33.0,1004.9,26.61
2016-04-17T15:00:00,42754099999,DEVI AHILYABAI HOLKAR,22.722,75.801,33.0,,26.08
2016-04-17T18:00:00,42754099999,DEVI AHILYABAI HOLKAR,22.722,75.801,29.0,1007.1,36.66
2016-04-17T18:00:00,42754099999,DEVI AHILYABAI HOLKAR,22.722,75.801,29.0,,37.38
2016-04-17T21:00:00,42754099999,DEVI AHILYABAI HOLKAR,22.722,75.801,27.2,1006.1,38.62
2016-04-17T21:00:00,42754099999,DEVI AHILYABAI HOLKAR,22.722,75.801,27.0,,39.34
2016-04-18T00:00:00,42754099999,DEVI AHILYABAI HOLKAR,22.722,75.801,25.0,1007.4,49.17
2016-04-18T00:00:00,42754099999,DEVI AHILYABAI HOLKAR,22.722,75.801,25.0,,50.46
2016-04-18T02:00:00,42754099999,DEVI AHILYABAI HOLKAR,22.722,75.801,27.0,,54.33
2016-04-18T03:00:00,42754099999,DEVI AHILYABAI HOLKAR,22.722,75.801,28.6,1008.8,45.85
2016-04-18T03:00:00,42754099999,DEVI AHILYABAI HOLKAR,22.722,75.801,29.0,,45.37
2016-04-18T04:00:00,42754099999,DEVI AHILYABAI HOLKAR,22.722,75.801,32.0,,33.6
2016-04-18T05:00:00,42754099999,DEVI AHILYABAI HOLKAR,22.722,75.801,33.0,,29.76
2016-04-18T06:00:00,42754099999,DEVI AHILYABAI HOLKAR,22.722,75.801,33.6,1007.7,27.48
2016-04-18T06:00:00,42754099999,DEVI AHILYABAI HOLKAR,22.722,75.801,34.0,,26.35
2016-04-18T09:00:00,42754099999,DEVI AHILYABAI HOLKAR,22.722,75.801,36.6,1004.4,22.52
2016-04-18T09:00:00,42754099999,DEVI AHILYABAI HOLKAR,22.722,75.801,37.0,,22.33
2016-04-18T12:00:00,42754099999,DEVI AHILYABAI HOLKAR,22.722,75.801,36.4,1003.1,23.07
2016-04-18T12:00:00,42754099999,DEVI AHILYABAI HOLKAR,22.722,75.801,36.0,,23.58
2016-04-18T15:00:00,42754099999,DEVI AHILYABAI HOLKAR,22.722,75.801,32.0,1005.6,27.05
2016-04-18T15:00:00,42754099999,DEVI AHILYABAI HOLKAR,22.722,75.801,32.0,,27.6
2016-04-18T18:00:00,42754099999,DEVI AHILYABAI HOLKAR,22.722,75.801,28.8,1007.5,36.36
2016-04-18T18:00:00,42754099999,DEVI AHILYABAI HOLKAR,22.722,75.801,29.0,,35.01
2016-04-18T21:00:00,42754099999,DEVI AHILYABAI HOLKAR,22.722,75.801,27.2,1006.5,39.65
2016-04-18T21:00:00,42754099999,DEVI AHILYABAI HOLKAR,22.722,75.801,27.0,,39.34
2016-04-18T23:00:00,42754099999,DEVI AHILYABAI HOLKAR,22.722,75.801,26.0,,41.73
2016-04-19T00:00:00,42754099999,DEVI AHILYABAI HOLKAR,22.722,75.801,25.4,1007.5,40.74
2016-04-19T00:00:00,42754099999,DEVI AHILYABAI HOLKAR,22.722,75.801,25.0,,41.45
2016-04-19T01:00:00,42754099999,DEVI AHILYABAI HOLKAR,22.722,75.801,23.0,,49.93
2016-04-19T02:00:00,42754099999,DEVI AHILYABAI HOLKAR,22.722,75.801,26.0,,41.73
2016-04-19T03:00:00,42754099999,DEVI AHILYABAI HOLKAR,22.722,75.801,28.2,1008.6,37.65
2016-04-19T03:00:00,42754099999,DEVI AHILYABAI HOLKAR,22.722,75.801,28.0,,37.1
2016-04-19T06:00:00,42754099999,DEVI AHILYABAI HOLKAR,22.722,75.801,35.4,1006.5,28.88
2016-04-19T06:00:00,42754099999,DEVI AHILYABAI HOLKAR,22.722,75.801,35.0,,30.3
2016-04-19T09:00:00,42754099999,DEVI AHILYABAI HOLKAR,22.722,75.801,38.6,1004.4,20.74
2016-04-19T09:00:00,42754099999,DEVI AHILYABAI HOLKAR,22.722,75.801,39.0,,20.03
2016-04-19T12:00:00,42754099999,DEVI AHILYABAI HOLKAR,22.722,75.801,39.0,1003.4,18.63
2016-04-19T12:00:00,42754099999,DEVI AHILYABAI HOLKAR,22.722,75.801,39.0,,18.75
2016-04-19T15:00:00,42754099999,DEVI AHILYABAI HOLKAR,22.722,75.801,34.8,1006.2,24.06
2016-04-19T15:00:00,42754099999,DEVI AHILYABAI HOLKAR,22.722,75.801,35.0,,23.33
2016-04-19T18:00:00,42754099999,DEVI AHILYABAI HOLKAR,22.722,75.801,31.2,1007.9,33.38
2016-04-19T18:00:00,42754099999,DEVI AHILYABAI HOLKAR,22.722,75.801,31.0,,33.32
2016-04-19T21:00:00,42754099999,DEVI AHILYABAI HOLKAR,22.722,75.801,27.6,1007.4,36.99
2016-04-19T21:00:00,42754099999,DEVI AHILYABAI HOLKAR,22.722,75.801,28.0,,37.1
2016-04-20T00:00:00,42754099999,DEVI AHILYABAI HOLKAR,22.722,75.801,23.4,1008.6,44.43
2016-04-20T00:00:00,42754099999,DEVI AHILYABAI HOLKAR,22.722,75.801,23.0,,46.74
2016-04-20T03:00:00,42754099999,DEVI AHILYABAI HOLKAR,22.722,75.801,30.4,1009.7,38.26
2016-04-20T03:00:00,42754099999,DEVI AHILYABAI HOLKAR,22.722,75.801,30.0,,40.17
2016-04-20T06:00:00,42754099999,DEVI AHILYABAI HOLKAR,22.722,75.801,36.0,1008.8,27.94
2016-04-20T06:00:00,42754099999,DEVI AHILYABAI HOLKAR,22.722,75.801,36.0,,28.67
2016-04-20T09:00:00,42754099999,DEVI AHILYABAI HOLKAR,22.722,75.801,39.4,1005.6,19.73
2016-04-20T09:00:00,42754099999,DEVI AHILYABAI HOLKAR,22.722,75.801,39.0,,20.03
2016-04-20T10:00:00,42754099999,DEVI AHILYABAI HOLKAR,22.722,75.801,40.0,,21.64
2016-04-20T11:00:00,42754099999,DEVI AHILYABAI HOLKAR,22.722,75.801,40.0,,21.64
2016-04-20T12:00:00,42754099999,DEVI AHILYABAI HOLKAR,22.722,75.801,38.8,1004.0,20.38
2016-04-20T12:00:00,42754099999,DEVI AHILYABAI HOLKAR,22.722,75.801,39.0,,20.03
2016-04-20T13:00:00,42754099999,DEVI AHILYABAI HOLKAR,22.722,75.801,37.0,,22.33
2016-04-20T14:00:00,42754099999,DEVI AHILYABAI HOLKAR,22.722,75.801,36.0,,22.08
2016-04-20T15:00:00,42754099999,DEVI AHILYABAI HOLKAR,22.722,75.801,33.0,1007.5,28.42
2016-04-20T15:00:00,42754099999,DEVI AHILYABAI HOLKAR,22.722,75.801,33.0,,27.87
2016-04-20T18:00:00,42754099999,DEVI AHILYABAI HOLKAR,22.722,75.801,32.4,1008.4,29.4
2016-04-20T18:00:00,42754099999,DEVI AHILYABAI HOLKAR,22.722,75.801,32.0,,29.48
2016-04-20T21:00:00,42754099999,DEVI AHILYABAI HOLKAR,22.722,75.801,30.0,1007.6,33.71
2016-04-20T21:00:00,42754099999,DEVI AHILYABAI HOLKAR,22.722,75.801,30.0,,33.05
2016-04-21T00:00:00,42754099999,DEVI AHILYABAI HOLKAR,22.722,75.801,25.6,1008.7,45.93
2016-04-21T00:00:00,42754099999,DEVI AHILYABAI HOLKAR,22.722,75.801,26.0,,44.56
2016-04-21T03:00:00,42754099999,DEVI AHILYABAI HOLKAR,22.722,75.801,30.4,1008.1,31.46
2016-04-21T03:00:00,42754099999,DEVI AHILYABAI HOLKAR,22.722,75.801,30.0,,33.05
2016-04-21T06:00:00,42754099999,DEVI AHILYABAI HOLKAR,22.722,75.801,36.2,1006.5,14.93
2016-04-21T06:00:00,42754099999,DEVI AHILYABAI HOLKAR,22.722,75.801,36.0,,14.68
2016-04-21T07:00:00,42754099999,DEVI AHILYABAI HOLKAR,22.722,75.801,38.0,,11.44
2016-04-21T09:00:00,42754099999,DEVI AHILYABAI HOLKAR,22.722,75.801,40.0,1003.4,9.57
2016-04-21T09:00:00,42754099999,DEVI AHILYABAI HOLKAR,22.722,75.801,40.0,,9.57
2016-04-21T12:00:00,42754099999,DEVI AHILYABAI HOLKAR,22.722,75.801,38.4,1001.8,12.7
2016-04-21T12:00:00,42754099999,DEVI AHILYABAI HOLKAR,22.722,75.801,38.0,,13.16
2016-04-21T15:00:00,42754099999,DEVI AHILYABAI HOLKAR,22.722,75.801,34.0,1004.7,15.4
2016-04-21T15:00:00,42754099999,DEVI AHILYABAI HOLKAR,22.722,75.801,34.0,,15.29
2016-04-21T18:00:00,42754099999,DEVI AHILYABAI HOLKAR,22.722,75.801,31.8,1005.7,18.31
2016-04-21T18:00:00,42754099999,DEVI AHILYABAI HOLKAR,22.722,75.801,32.0,,18.35
2016-04-21T21:00:00,42754099999,DEVI AHILYABAI HOLKAR,22.722,75.801,28.4,1005.2,24.69
2016-04-21T21:00:00,42754099999,DEVI AHILYABAI HOLKAR,22.722,75.801,28.0,,24.76
2016-04-21T23:00:00,42754099999,DEVI AHILYABAI HOLKAR,22.722,75.801,27.0,,28.12
2016-04-22T00:00:00,42754099999,DEVI AHILYABAI HOLKAR,22.722,75.801,25.4,1006.2,32.64
2016-04-22T00:00:00,42754099999,DEVI AHILYABAI HOLKAR,22.722,75.801,25.0,,33.88
2016-04-22T01:00:00,42754099999,DEVI AHILYABAI HOLKAR,22.722,75.801,24.0,,35.97
2016-04-22T02:00:00,42754099999,DEVI AHILYABAI HOLKAR,22.722,75.801,26.0,,39.06
2016-04-22T03:00:00,42754099999,DEVI AHILYABAI HOLKAR,22.722,75.801,27.6,1006.8,40.29
2016-04-22T03:00:00,42754099999,DEVI AHILYABAI HOLKAR,22.722,75.801,28.0,,39.62
2016-04-22T04:00:00,42754099999,DEVI AHILYABAI HOLKAR,22.722,75.801,31.0,,29.21
2016-04-22T06:00:00,42754099999,DEVI AHILYABAI HOLKAR,22.722,75.801,34.6,1005.2,19.9
2016-04-22T06:00:00,42754099999,DEVI AHILYABAI HOLKAR,22.722,75.801,35.0,,19.07
2016-04-22T09:00:00,42754099999,DEVI AHILYABAI HOLKAR,22.722,75.801,38.0,1002.4,10.96
2016-04-22T09:00:00,42754099999,DEVI AHILYABAI HOLKAR,22.722,75.801,38.0,,10.65
2016-04-22T12:00:00,42754099999,DEVI AHILYABAI HOLKAR,22.722,75.801,36.6,1000.3,11.5
2016-04-22T12:00:00,42754099999,DEVI AHILYABAI HOLKAR,22.722,75.801,37.0,,11.25
2016-04-22T15:00:00,42754099999,DEVI AHILYABAI HOLKAR,22.722,75.801,31.4,1003.4,13.6
2016-04-22T15:00:00,42754099999,DEVI AHILYABAI HOLKAR,22.722,75.801,31.0,,13.62
2016-04-22T18:00:00,42754099999,DEVI AHILYABAI HOLKAR,22.722,75.801,27.0,1005.8,23.32
2016-04-22T18:00:00,42754099999,DEVI AHILYABAI HOLKAR,22.722,75.801,27.0,,22.84
2016-04-22T21:00:00,42754099999,DEVI AHILYABAI HOLKAR,22.722,75.801,25.4,1004.5,27.11
2016-04-22T21:00:00,42754099999,DEVI AHILYABAI HOLKAR,22.722,75.801,25.0,,27.57
2016-04-22T23:00:00,42754099999,DEVI AHILYABAI HOLKAR,22.722,75.801,25.0,,27.57
2016-04-23T00:00:00,42754099999,DEVI AHILYABAI HOLKAR,22.722,75.801,23.6,1005.3,32.13
2016-04-23T00:00:00,42754099999,DEVI AHILYABAI HOLKAR,22.722,75.801,24.0,,31.37
2016-04-23T01:00:00,42754099999,DEVI AHILYABAI HOLKAR,22.722,75.801,24.0,,35.97
2016-04-23T02:00:00,42754099999,DEVI AHILYABAI HOLKAR,22.722,75.801,26.0,,44.56
2016-04-23T03:00:00,42754099999,DEVI AHILYABAI HOLKAR,22.722,75.801,27.2,1005.7,53.7
2016-04-23T03:00:00,42754099999,DEVI AHILYABAI HOLKAR,22.722,75.801,27.0,,54.33
2016-04-23T04:00:00,42754099999,DEVI AHILYABAI HOLKAR,22.722,75.801,30.0,,48.62
2016-04-23T05:00:00,42754099999,DEVI AHILYABAI HOLKAR,22.722,75.801,32.0,,40.72
2016-04-23T06:00:00,42754099999,DEVI AHILYABAI HOLKAR,22.722,75.801,34.4,1004.2,33.61
2016-04-23T06:00:00,42754099999,DEVI AHILYABAI HOLKAR,22.722,75.801,34.0,,34.15
2016-04-23T09:00:00,42754099999,DEVI AHILYABAI HOLKAR,22.722,75.801,36.4,1000.7,20.89
2016-04-23T09:00:00,42754099999,DEVI AHILYABAI HOLKAR,22.722,75.801,36.0,,20.65
2016-04-23T12:00:00,42754099999,DEVI AHILYABAI HOLKAR,22.722,75.801,36.4,999.9,16.6
2016-04-23T12:00:00,42754099999,DEVI AHILYABAI HOLKAR,22.722,75.801,36.0,,16.86
2016-04-23T13:00:00,42754099999,DEVI AHILYABAI HOLKAR,22.722,75.801,35.0,,19.07
2016-04-23T14:00:00,42754099999,DEVI AHILYABAI HOLKAR,22.722,75.801,33.0,,19.92
2016-04-23T15:00:00,42754099999,DEVI AHILYABAI HOLKAR,22.722,75.801,32.0,1002.8,21.95
2016-04-23T15:00:00,42754099999,DEVI AHILYABAI HOLKAR,22.722,75.801,32.0,,22.56
2016-04-23T18:00:00,42754099999,DEVI AHILYABAI HOLKAR,22.722,75.801,28.2,1004.2,35.48
2016-04-23T18:00:00,42754099999,DEVI AHILYABAI HOLKAR,22.722,75.801,28.0,,34.73
2016-04-23T21:00:00,42754099999,DEVI AHILYABAI HOLKAR,22.722,75.801,26.2,1003.8,41.78
2016-04-23T21:00:00,42754099999,DEVI AHILYABAI HOLKAR,22.722,75.801,26.0,,41.73
2016-04-24T00:00:00,42754099999,DEVI AHILYABAI HOLKAR,22.722,75.801,23.2,1004.3,50.98
2016-04-24T00:00:00,42754099999,DEVI AHILYABAI HOLKAR,22.722,75.801,23.0,,53.32
2016-04-24T03:00:00,42754099999,DEVI AHILYABAI HOLKAR,22.722,75.801,26.6,1005.5,51.87
2016-04-24T03:00:00,42754099999,DEVI AHILYABAI HOLKAR,22.722,75.801,27.0,,50.99
2016-04-24T04:00:00,42754099999,DEVI AHILYABAI HOLKAR,22.722,75.801,30.0,,45.64
2016-04-24T05:00:00,42754099999,DEVI AHILYABAI HOLKAR,22.722,75.801,32.0,,40.72
2016-04-24T06:00:00,42754099999,DEVI AHILYABAI HOLKAR,22.722,75.801,33.4,1003.7,30.65
2016-04-24T06:00:00,42754099999,DEVI AHILYABAI HOLKAR,22.722,75.801,33.0,,31.76
2016-04-24T07:00:00,42754099999,DEVI AHILYABAI HOLKAR,22.722,75.801,34.0,,28.13
2016-04-24T09:00:00,42754099999,DEVI AHILYABAI HOLKAR,22.722,75.801,34.6,1002.0,25.48
2016-04-24T09:00:00,42754099999,DEVI AHILYABAI HOLKAR,22.722,75.801,35.0,,24.92
2016-04-24T12:00:00,42754099999,DEVI AHILYABAI HOLKAR,22.722,75.801,36.4,999.8,20.2
2016-04-24T12:00:00,42754099999,DEVI AHILYABAI HOLKAR,22.722,75.801,36.0,,20.65
2016-04-24T15:00:00,42754099999,DEVI AHILYABAI HOLKAR,22.722,75.801,32.0,1002.7,26.17
2016-04-24T15:00:00,42754099999,DEVI AHILYABAI HOLKAR,22.722,75.801,32.0,,25.82
2016-04-24T18:00:00,42754099999,DEVI AHILYABAI HOLKAR,22.722,75.801,27.2,1005.1,33.15
2016-04-24T18:00:00,42754099999,DEVI AHILYABAI HOLKAR,22.722,75.801,27.0,,34.45
2016-04-24T21:00:00,42754099999,DEVI AHILYABAI HOLKAR,22.722,75.801,25.4,1003.7,37.36
2016-04-24T21:00:00,42754099999,DEVI AHILYABAI HOLKAR,22.722,75.801,25.0,,38.78
2016-04-25T00:00:00,42754099999,DEVI AHILYABAI HOLKAR,22.722,75.801,23.4,1004.8,40.72
2016-04-25T00:00:00,42754099999,DEVI AHILYABAI HOLKAR,22.722,75.801,23.0,,40.89
2016-04-25T03:00:00,42754099999,DEVI AHILYABAI HOLKAR,22.722,75.801,26.8,1006.9,46.25
2016-04-25T03:00:00,42754099999,DEVI AHILYABAI HOLKAR,22.722,75.801,27.0,,44.83
2016-04-25T06:00:00,42754099999,DEVI AHILYABAI HOLKAR,22.722,75.801,33.6,1005.0,27.48
2016-04-25T06:00:00,42754099999,DEVI AHILYABAI HOLKAR,22.722,75.801,34.0,,26.35
2016-04-25T09:00:00,42754099999,DEVI AHILYABAI HOLKAR,22.722,75.801,37.0,1002.7,19.55
2016-04-25T09:00:00,42754099999,DEVI AHILYABAI HOLKAR,22.722,75.801,37.0,,19.55
2016-04-25T12:00:00,42754099999,DEVI AHILYABAI HOLKAR,22.722,75.801,36.2,1002.1,19.1
2016-04-25T12:00:00,42754099999,DEVI AHILYABAI HOLKAR,22.722,75.801,36.0,,19.31
2016-04-25T13:00:00,42754099999,DEVI AHILYABAI HOLKAR,22.722,75.801,35.0,,21.82
2016-04-25T15:00:00,42754099999,DEVI AHILYABAI HOLKAR,22.722,75.801,32.0,1005.3,27.97
2016-04-25T15:00:00,42754099999,DEVI AHILYABAI HOLKAR,22.722,75.801,32.0,,27.6
2016-04-25T18:00:00,42754099999,DEVI AHILYABAI HOLKAR,22.722,75.801,30.0,1006.6,30.93
2016-04-25T18:00:00,42754099999,DEVI AHILYABAI HOLKAR,22.722,75.801,30.0,,30.93
2016-04-25T21:00:00,42754099999,DEVI AHILYABAI HOLKAR,22.722,75.801,28.0,1005.9,35.19
2016-04-25T21:00:00,42754099999,DEVI AHILYABAI HOLKAR,22.722,75.801,28.0,,34.73
2016-04-26T00:00:00,42754099999,DEVI AHILYABAI HOLKAR,22.722,75.801,23.6,1007.1,37.1
2016-04-26T00:00:00,42754099999,DEVI AHILYABAI HOLKAR,22.722,75.801,24.0,,35.97
2016-04-26T03:00:00,42754099999,DEVI AHILYABAI HOLKAR,22.722,75.801,30.6,1008.7,27.96
2016-04-26T03:00:00,42754099999,DEVI AHILYABAI HOLKAR,22.722,75.801,31.0,,27.33
2016-04-26T06:00:00,42754099999,DEVI AHILYABAI HOLKAR,22.722,75.801,35.2,1007.4,17.86
2016-04-26T06:00:00,42754099999,DEVI AHILYABAI HOLKAR,22.722,75.801,35.0,,17.81
2016-04-26T09:00:00,42754099999,DEVI AHILYABAI HOLKAR,22.722,75.801,37.4,1005.5,15.94
2016-04-26T09:00:00,42754099999,DEVI AHILYABAI HOLKAR,22.722,75.801,37.0,,15.96
2016-04-26T10:00:00,42754099999,DEVI AHILYABAI HOLKAR,22.722,75.801,37.0,,14.9
2016-04-26T11:00:00,42754099999,DEVI AHILYABAI HOLKAR,22.722,75.801,38.0,,14.11
2016-04-26T12:00:00,42754099999,DEVI AHILYABAI HOLKAR,22.722,75.801,37.0,1004.6,14.0
2016-04-26T12:00:00,42754099999,DEVI AHILYABAI HOLKAR,22.722,75.801,37.0,,13.9
2016-04-26T15:00:00,42754099999,DEVI AHILYABAI HOLKAR,22.722,75.801,32.4,1006.9,20.89
2016-04-26T15:00:00,42754099999,DEVI AHILYABAI HOLKAR,22.722,75.801,32.0,,21.07
2016-04-26T18:00:00,42754099999,DEVI AHILYABAI HOLKAR,22.722,75.801,29.6,1007.9,24.67
2016-04-26T18:00:00,42754099999,DEVI AHILYABAI HOLKAR,22.722,75.801,30.0,,23.62
2016-04-26T21:00:00,42754099999,DEVI AHILYABAI HOLKAR,22.722,75.801,27.4,1006.9,27.09
2016-04-26T21:00:00,42754099999,DEVI AHILYABAI HOLKAR,22.722,75.801,27.0,,28.12
2016-04-27T00:00:00,42754099999,DEVI AHILYABAI HOLKAR,22.722,75.801,25.0,1007.9,36.75
2016-04-27T00:00:00,42754099999,DEVI AHILYABAI HOLKAR,22.722,75.801,25.0,,36.26
2016-04-27T03:00:00,42754099999,DEVI AHILYABAI HOLKAR,22.722,75.801,27.4,1008.9,32.32
2016-04-27T03:00:00,42754099999,DEVI AHILYABAI HOLKAR,22.722,75.801,27.0,,32.21
2016-04-27T06:00:00,42754099999,DEVI AHILYABAI HOLKAR,22.722,75.801,33.8,1008.2,23.65
2016-04-27T06:00:00,42754099999,DEVI AHILYABAI HOLKAR,22.722,75.801,34.0,,23.07
2016-04-27T09:00:00,42754099999,DEVI AHILYABAI HOLKAR,22.722,75.801,36.6,1004.6,16.88
2016-04-27T09:00:00,42754099999,DEVI AHILYABAI HOLKAR,22.722,75.801,37.0,,15.96
2016-04-27T12:00:00,42754099999,DEVI AHILYABAI HOLKAR,22.722,75.801,36.6,1003.4,14.81
2016-04-27T12:00:00,42754099999,DEVI AHILYABAI HOLKAR,22.722,75.801,37.0,,14.9
2016-04-27T15:00:00,42754099999,DEVI AHILYABAI HOLKAR,22.722,75.801,32.0,1004.6,18.61
2016-04-27T15:00:00,42754099999,DEVI AHILYABAI HOLKAR,22.722,75.801,32.0,,18.35
2016-04-27T18:00:00,42754099999,DEVI AHILYABAI HOLKAR,22.722,75.801,29.4,1006.3,20.57
2016-04-27T18:00:00,42754099999,DEVI AHILYABAI HOLKAR,22.722,75.801,29.0,,20.32
2016-04-27T21:00:00,42754099999,DEVI AHILYABAI HOLKAR,22.722,75.801,27.0,1005.8,23.32
2016-04-28T00:00:00,42754099999,DEVI AHILYABAI HOLKAR,22.722,75.801,24.0,1006.7,32.92
2016-04-28T00:00:00,42754099999,DEVI AHILYABAI HOLKAR,22.722,75.801,24.0,,33.6
2016-04-28T03:00:00,42754099999,DEVI AHILYABAI HOLKAR,22.722,75.801,29.6,1007.0,24.67
2016-04-28T06:00:00,42754099999,DEVI AHILYABAI HOLKAR,22.722,75.801,36.6,1005.6,16.2
2016-04-28T06:00:00,42754099999,DEVI AHILYABAI HOLKAR,22.722,75.801,37.0,,15.96
2016-04-28T09:00:00,42754099999,DEVI AHILYABAI HOLKAR,22.722,75.801,39.0,1002.4,13.55
2016-04-28T09:00:00,42754099999,DEVI AHILYABAI HOLKAR,22.722,75.801,39.0,,13.37
2016-04-28T12:00:00,42754099999,DEVI AHILYABAI HOLKAR,22.722,75.801,39.4,1000.9,14.01
2016-04-28T12:00:00,42754099999,DEVI AHILYABAI HOLKAR,22.722,75.801,39.0,,14.32
2016-04-28T15:00:00,42754099999,DEVI AHILYABAI HOLKAR,22.722,75.801,34.4,1003.5,23.64
2016-04-28T15:00:00,42754099999,DEVI AHILYABAI HOLKAR,22.722,75.801,34.0,,24.66
2016-04-28T18:00:00,42754099999,DEVI AHILYABAI HOLKAR,22.722,75.801,29.0,1006.1,28.47
2016-04-28T18:00:00,42754099999,DEVI AHILYABAI HOLKAR,22.722,75.801,29.0,,28.66
2016-04-28T21:00:00,42754099999,DEVI AHILYABAI HOLKAR,22.722,75.801,27.0,1005.0,31.78
2016-04-28T21:00:00,42754099999,DEVI AHILYABAI HOLKAR,22.722,75.801,27.0,,32.21
2016-04-28T23:00:00,42754099999,DEVI AHILYABAI HOLKAR,22.722,75.801,26.0,,34.17
2016-04-29T00:00:00,42754099999,DEVI AHILYABAI HOLKAR,22.722,75.801,25.4,1005.6,34.93
2016-04-29T00:00:00,42754099999,DEVI AHILYABAI HOLKAR,22.722,75.801,25.0,,36.26
2016-04-29T01:00:00,42754099999,DEVI AHILYABAI HOLKAR,22.722,75.801,25.0,,33.88
2016-04-29T02:00:00,42754099999,DEVI AHILYABAI HOLKAR,22.722,75.801,28.0,,28.39
2016-04-29T03:00:00,42754099999,DEVI AHILYABAI HOLKAR,22.722,75.801,30.6,1006.6,26.14
2016-04-29T03:00:00,42754099999,DEVI AHILYABAI HOLKAR,22.722,75.801,31.0,,25.55
2016-04-29T06:00:00,42754099999,DEVI AHILYABAI HOLKAR,22.722,75.801,37.4,1005.7,17.29
2016-04-29T06:00:00,42754099999,DEVI AHILYABAI HOLKAR,22.722,75.801,37.0,,18.28
2016-04-29T09:00:00,42754099999,DEVI AHILYABAI HOLKAR,22.722,75.801,40.4,1002.6,14.12
2016-04-29T09:00:00,42754099999,DEVI AHILYABAI HOLKAR,22.722,75.801,40.0,,14.53
2016-04-29T12:00:00,42754099999,DEVI AHILYABAI HOLKAR,22.722,75.801,40.0,1001.4,14.83
2016-04-29T12:00:00,42754099999,DEVI AHILYABAI HOLKAR,22.722,75.801,40.0,,14.53
2016-04-29T15:00:00,42754099999,DEVI AHILYABAI HOLKAR,22.722,75.801,34.0,1004.5,20.72
2016-04-29T15:00:00,42754099999,DEVI AHILYABAI HOLKAR,22.722,75.801,34.0,,20.16
2016-04-29T18:00:00,42754099999,DEVI AHILYABAI HOLKAR,22.722,75.801,30.2,1006.3,24.49
2016-04-29T18:00:00,42754099999,DEVI AHILYABAI HOLKAR,22.722,75.801,30.0,,25.29
2016-04-29T21:00:00,42754099999,DEVI AHILYABAI HOLKAR,22.722,75.801,28.0,1005.4,28.01
2016-04-29T21:00:00,42754099999,DEVI AHILYABAI HOLKAR,22.722,75.801,28.0,,28.39
2016-04-30T00:00:00,42754099999,DEVI AHILYABAI HOLKAR,22.722,75.801,25.4,1006.2,34.93
2016-04-30T00:00:00,42754099999,DEVI AHILYABAI HOLKAR,22.722,75.801,25.0,,36.26
2016-04-30T01:00:00,42754099999,DEVI AHILYABAI HOLKAR,22.722,75.801,25.0,,41.45
2016-04-30T02:00:00,42754099999,DEVI AHILYABAI HOLKAR,22.722,75.801,28.0,,37.1
2016-04-30T03:00:00,42754099999,DEVI AHILYABAI HOLKAR,22.722,75.801,30.6,1007.1,31.72
2016-04-30T03:00:00,42754099999,DEVI AHILYABAI HOLKAR,22.722,75.801,31.0,,31.21
2016-04-30T06:00:00,42754099999,DEVI AHILYABAI HOLKAR,22.722,75.801,38.0,1005.6,16.74
2016-04-30T06:00:00,42754099999,DEVI AHILYABAI HOLKAR,22.722,75.801,38.0,,17.31
2016-04-30T09:00:00,42754099999,DEVI AHILYABAI HOLKAR,22.722,75.801,41.0,1002.4,14.25
2016-04-30T12:00:00,42754099999,DEVI AHILYABAI HOLKAR,22.722,75.801,40.0,1001.3,14.83
2016-04-30T12:00:00,42754099999,DEVI AHILYABAI HOLKAR,22.722,75.801,40.0,,14.53
2016-04-30T15:00:00,42754099999,DEVI AHILYABAI HOLKAR,22.722,75.801,34.0,1004.5,22.31
2016-04-30T15:00:00,42754099999,DEVI AHILYABAI HOLKAR,22.722,75.801,34.0,,21.57
2016-04-30T18:00:00,42754099999,DEVI AHILYABAI HOLKAR,22.722,75.801,29.0,1006.3,28.47
2016-04-30T18:00:00,42754099999,DEVI AHILYABAI HOLKAR,22.722,75.801,29.0,,28.66
2016-04-30T21:00:00,42754099999,DEVI AHILYABAI HOLKAR,22.722,75.801,26.8,1005.9,32.59
2016-04-30T21:00:00,42754099999,DEVI AHILYABAI HOLKAR,22.722,75.801,27.0,,32.21
2016-05-01T00:00:00,42754099999,DEVI AHILYABAI HOLKAR,22.722,75.801,24.8,1007.0,50.08
2016-05-01T00:00:00,42754099999,DEVI AHILYABAI HOLKAR,22.722,75.801,25.0,,50.46
2016-05-01T03:00:00,42754099999,DEVI AHILYABAI HOLKAR,22.722,75.801,30.4,1007.2,37.29
2016-05-01T03:00:00,42754099999,DEVI AHILYABAI HOLKAR,22.722,75.801,30.0,,37.66
2016-05-01T06:00:00,42754099999,DEVI AHILYABAI HOLKAR,22.722,75.801,38.6,1004.5,26.19
2016-05-01T06:00:00,42754099999,DEVI AHILYABAI HOLKAR,22.722,75.801,39.0,,25.96
2016-05-01T09:00:00,42754099999,DEVI AHILYABAI HOLKAR,22.722,75.801,40.6,1001.1,16.76
2016-05-01T09:00:00,42754099999,DEVI AHILYABAI HOLKAR,22.722,75.801,41.0,,16.85
2016-05-01T10:00:00,42754099999,DEVI AHILYABAI HOLKAR,22.722,75.801,41.0,,15.76
2016-05-01T11:00:00,42754099999,DEVI AHILYABAI HOLKAR,22.722,75.801,41.0,,15.76
2016-05-01T12:00:00,42754099999,DEVI AHILYABAI HOLKAR,22.722,75.801,39.6,1000.4,18.03
2016-05-01T12:00:00,42754099999,DEVI AHILYABAI HOLKAR,22.722,75.801,40.0,,17.77
2016-05-01T13:00:00,42754099999,DEVI AHILYABAI HOLKAR,22.722,75.801,38.0,,19.79
2016-05-01T14:00:00,42754099999,DEVI AHILYABAI HOLKAR,22.722,75.801,36.0,,22.08
2016-05-01T15:00:00,42754099999,DEVI AHILYABAI HOLKAR,22.722,75.801,33.4,1003.2,27.43
2016-05-01T15:00:00,42754099999,DEVI AHILYABAI HOLKAR,22.722,75.801,33.0,,27.87
2016-05-01T18:00:00,42754099999,DEVI AHILYABAI HOLKAR,22.722,75.801,30.0,1004.8,32.83
2016-05-01T18:00:00,42754099999,DEVI AHILYABAI HOLKAR,22.722,75.801,30.0,,33.05
2016-05-01T21:00:00,42754099999,DEVI AHILYABAI HOLKAR,22.722,75.801,28.2,1003.4,37.65
2016-05-02T00:00:00,42754099999,DEVI AHILYABAI HOLKAR,22.722,75.801,28.2,1003.4,37.65
2016-05-02T03:00:00,42754099999,DEVI AHILYABAI HOLKAR,22.722,75.801,30.0,1006.7,44.22
2016-05-02T03:00:00,42754099999,DEVI AHILYABAI HOLKAR,22.722,75.801,30.0,,42.83
2016-05-02T06:00:00,42754099999,DEVI AHILYABAI HOLKAR,22.722,75.801,36.0,1005.5,24.86
2016-05-02T06:00:00,42754099999,DEVI AHILYABAI HOLKAR,22.722,75.801,36.0,,25.18
2016-05-02T09:00:00,42754099999,DEVI AHILYABAI HOLKAR,22.722,75.801,38.6,1003.1,20.74
2016-05-02T09:00:00,42754099999,DEVI AHILYABAI HOLKAR,22.722,75.801,39.0,,20.03
2016-05-02T10:00:00,42754099999,DEVI AHILYABAI HOLKAR,22.722,75.801,38.0,,22.58
2016-05-02T11:00:00,42754099999,DEVI AHILYABAI HOLKAR,22.722,75.801,38.0,,22.58
2016-05-02T12:00:00,42754099999,DEVI AHILYABAI HOLKAR,22.722,75.801,37.2,1002.0,20.4
2016-05-02T12:00:00,42754099999,DEVI AHILYABAI HOLKAR,22.722,75.801,37.0,,20.9
2016-05-02T13:00:00,42754099999,DEVI AHILYABAI HOLKAR,22.722,75.801,36.0,,22.08
2016-05-02T14:00:00,42754099999,DEVI AHILYABAI HOLKAR,22.722,75.801,35.0,,21.82
2016-05-02T15:00:00,42754099999,DEVI AHILYABAI HOLKAR,22.722,75.801,32.0,1004.8,30.67
2016-05-02T15:00:00,42754099999,DEVI AHILYABAI HOLKAR,22.722,75.801,32.0,,31.48
2016-05-02T18:00:00,42754099999,DEVI AHILYABAI HOLKAR,22.722,75.801,29.4,1005.9,33.98
2016-05-02T18:00:00,42754099999,DEVI AHILYABAI HOLKAR,22.722,75.801,29.0,,35.01
2016-05-02T21:00:00,42754099999,DEVI AHILYABAI HOLKAR,22.722,75.801,27.2,1005.2,36.39
2016-05-02T21:00:00,42754099999,DEVI AHILYABAI HOLKAR,22.722,75.801,27.0,,36.82
2016-05-03T00:00:00,42754099999,DEVI AHILYABAI HOLKAR,22.722,75.801,25.4,1006.1,50.9
2016-05-03T00:00:00,42754099999,DEVI AHILYABAI HOLKAR,22.722,75.801,25.0,,53.83
2016-05-03T02:00:00,42754099999,DEVI AHILYABAI HOLKAR,22.722,75.801,28.0,,45.1
2016-05-03T03:00:00,42754099999,DEVI AHILYABAI HOLKAR,22.722,75.801,30.8,1007.0,42.78
2016-05-03T03:00:00,42754099999,DEVI AHILYABAI HOLKAR,22.722,75.801,31.0,,43.1
2016-05-03T05:00:00,42754099999,DEVI AHILYABAI HOLKAR,22.722,75.801,36.0,,22.08
2016-05-03T06:00:00,42754099999,DEVI AHILYABAI HOLKAR,22.722,75.801,38.2,1005.5,17.59
2016-05-03T06:00:00,42754099999,DEVI AHILYABAI HOLKAR,22.722,75.801,38.0,,17.31
2016-05-03T07:00:00,42754099999,DEVI AHILYABAI HOLKAR,22.722,75.801,39.0,,16.4
2016-05-03T08:00:00,42754099999,DEVI AHILYABAI HOLKAR,22.722,75.801,39.0,,16.4
2016-05-03T09:00:00,42754099999,DEVI AHILYABAI HOLKAR,22.722,75.801,39.8,1002.6,14.58
2016-05-03T09:00:00,42754099999,DEVI AHILYABAI HOLKAR,22.722,75.801,40.0,,14.53
2016-05-03T12:00:00,42754099999,DEVI AHILYABAI HOLKAR,22.722,75.801,39.4,1000.8,15.94
2016-05-03T12:00:00,42754099999,DEVI AHILYABAI HOLKAR,22.722,75.801,39.0,,16.4
2016-05-03T13:00:00,42754099999,DEVI AHILYABAI HOLKAR,22.722,75.801,38.0,,17.31
2016-05-03T15:00:00,42754099999,DEVI AHILYABAI HOLKAR,22.722,75.801,34.4,1003.2,21.24
2016-05-03T15:00:00,42754099999,DEVI AHILYABAI HOLKAR,22.722,75.801,34.0,,21.57
2016-05-03T18:00:00,42754099999,DEVI AHILYABAI HOLKAR,22.722,75.801,31.0,1004.4,24.87
2016-05-03T18:00:00,42754099999,DEVI AHILYABAI HOLKAR,22.722,75.801,31.0,,25.55
2016-05-03T21:00:00,42754099999,DEVI AHILYABAI HOLKAR,22.722,75.801,28.0,1003.4,28.98
2016-05-03T21:00:00,42754099999,DEVI AHILYABAI HOLKAR,22.722,75.801,28.0,,28.39
2016-05-04T00:00:00,42754099999,DEVI AHILYABAI HOLKAR,22.722,75.801,25.4,1004.1,34.93
2016-05-04T00:00:00,42754099999,DEVI AHILYABAI HOLKAR,22.722,75.801,25.0,,36.26
2016-05-04T03:00:00,42754099999,DEVI AHILYABAI HOLKAR,22.722,75.801,29.6,1005.8,34.26
2016-05-04T03:00:00,42754099999,DEVI AHILYABAI HOLKAR,22.722,75.801,30.0,,33.05
2016-05-04T06:00:00,42754099999,DEVI AHILYABAI HOLKAR,22.722,75.801,36.6,1005.0,24.85
2016-05-04T06:00:00,42754099999,DEVI AHILYABAI HOLKAR,22.722,75.801,37.0,,23.84
2016-05-04T09:00:00,42754099999,DEVI AHILYABAI HOLKAR,22.722,75.801,39.0,1001.8,21.95
2016-05-04T09:00:00,42754099999,DEVI AHILYABAI HOLKAR,22.722,75.801,39.0,,21.39
2016-05-04T10:00:00,42754099999,DEVI AHILYABAI HOLKAR,22.722,75.801,35.0,,28.4
2016-05-04T11:00:00,42754099999,DEVI AHILYABAI HOLKAR,22.722,75.801,30.0,,45.64
2016-05-04T12:00:00,42754099999,DEVI AHILYABAI HOLKAR,22.722,75.801,32.8,1002.1,41.98
2016-05-04T12:00:00,42754099999,DEVI AHILYABAI HOLKAR,22.722,75.801,33.0,,41.0
2016-05-04T15:00:00,42754099999,DEVI AHILYABAI HOLKAR,22.722,75.801,32.6,1003.7,28.69
2016-05-04T15:00:00,42754099999,DEVI AHILYABAI HOLKAR,22.722,75.801,33.0,,27.87
2016-05-04T18:00:00,42754099999,DEVI AHILYABAI HOLKAR,22.722,75.801,30.8,1005.1,31.98
2016-05-04T18:00:00,42754099999,DEVI AHILYABAI HOLKAR,22.722,75.801,31.0,,31.21
2016-05-04T21:00:00,42754099999,DEVI AHILYABAI HOLKAR,22.722,75.801,28.4,1003.8,36.97
2016-05-04T21:00:00,42754099999,DEVI AHILYABAI HOLKAR,22.722,75.801,28.0,,37.1
2016-05-04T23:00:00,42754099999,DEVI AHILYABAI HOLKAR,22.722,75.801,27.0,,42.01
2016-05-05T00:00:00,42754099999,DEVI AHILYABAI HOLKAR,22.722,75.801,25.6,1004.7,43.58
2016-05-05T00:00:00,42754099999,DEVI AHILYABAI HOLKAR,22.722,75.801,26.0,,41.73
2016-05-05T01:00:00,42754099999,DEVI AHILYABAI HOLKAR,22.722,75.801,24.0,,50.2
2016-05-05T02:00:00,42754099999,DEVI AHILYABAI HOLKAR,22.722,75.801,27.0,,47.82
2016-05-05T03:00:00,42754099999,DEVI AHILYABAI HOLKAR,22.722,75.801,29.0,1008.0,47.44
2016-05-05T03:00:00,42754099999,DEVI AHILYABAI HOLKAR,22.722,75.801,29.0,,48.35
2016-05-05T04:00:00,42754099999,DEVI AHILYABAI HOLKAR,22.722,75.801,32.0,,40.72
2016-05-05T05:00:00,42754099999,DEVI AHILYABAI HOLKAR,22.722,75.801,35.0,,34.42
2016-05-05T06:00:00,42754099999,DEVI AHILYABAI HOLKAR,22.722,75.801,35.8,1006.4,31.7
2016-05-05T06:00:00,42754099999,DEVI AHILYABAI HOLKAR,22.722,75.801,36.0,,30.57
2016-05-05T07:00:00,42754099999,DEVI AHILYABAI HOLKAR,22.722,75.801,37.0,,27.14
2016-05-05T08:00:00,42754099999,DEVI AHILYABAI HOLKAR,22.722,75.801,37.0,,25.44
2016-05-05T09:00:00,42754099999,DEVI AHILYABAI HOLKAR,22.722,75.801,38.4,1002.6,22.68
2016-05-05T09:00:00,42754099999,DEVI AHILYABAI HOLKAR,22.722,75.801,38.0,,22.58
2016-05-05T10:00:00,42754099999,DEVI AHILYABAI HOLKAR,22.722,75.801,37.0,,27.14
2016-05-05T11:00:00,42754099999,DEVI AHILYABAI HOLKAR,22.722,75.801,26.0,,61.39
2016-05-05T12:00:00,42754099999,DEVI AHILYABAI HOLKAR,22.722,75.801,28.0,1005.1,58.11
2016-05-05T12:00:00,42754099999,DEVI AHILYABAI HOLKAR,22.722,75.801,28.0,,58.11
2016-05-05T13:00:00,42754099999,DEVI AHILYABAI HOLKAR,22.722,75.801,29.0,,54.83
2016-05-05T13:30:00,42754099999,DEVI AHILYABAI HOLKAR,22.722,75.801,29.0,,48.35
2016-05-05T15:00:00,42754099999,DEVI AHILYABAI HOLKAR,22.722,75.801,27.4,1005.9,50.44
2016-05-05T15:00:00,42754099999,DEVI AHILYABAI HOLKAR,22.722,75.801,27.0,,50.99
2016-05-05T18:00:00,42754099999,DEVI AHILYABAI HOLKAR,22.722,75.801,24.0,1008.2,64.12
2016-05-05T18:00:00,42754099999,DEVI AHILYABAI HOLKAR,22.722,75.801,24.0,,64.93
2016-05-05T21:00:00,42754099999,DEVI AHILYABAI HOLKAR,22.722,75.801,22.6,1007.0,67.59
2016-05-05T21:00:00,42754099999,DEVI AHILYABAI HOLKAR,22.722,75.801,23.0,,64.72
2016-05-06T00:00:00,42754099999,DEVI AHILYABAI HOLKAR,22.722,75.801,22.4,1007.7,59.78
2016-05-06T00:00:00,42754099999,DEVI AHILYABAI HOLKAR,22.722,75.801,22.0,,60.47
2016-05-06T02:00:00,42754099999,DEVI AHILYABAI HOLKAR,22.722,75.801,25.0,,53.83
2016-05-06T03:00:00,42754099999,DEVI AHILYABAI HOLKAR,22.722,75.801,28.6,1008.0,42.45
2016-05-06T03:00:00,42754099999,DEVI AHILYABAI HOLKAR,22.722,75.801,29.0,,42.56
2016-05-06T04:00:00,42754099999,DEVI AHILYABAI HOLKAR,22.722,75.801,31.0,,35.56
2016-05-06T06:00:00,42754099999,DEVI AHILYABAI HOLKAR,22.722,75.801,34.6,1006.7,27.03
2016-05-06T06:00:00,42754099999,DEVI AHILYABAI HOLKAR,22.722,75.801,35.0,,26.61
2016-05-06T07:00:00,42754099999,DEVI AHILYABAI HOLKAR,22.722,75.801,35.0,,28.4
2016-05-06T08:00:00,42754099999,DEVI AHILYABAI HOLKAR,22.722,75.801,35.0,,24.92
2016-05-06T09:00:00,42754099999,DEVI AHILYABAI HOLKAR,22.722,75.801,35.4,1003.7,26.37
2016-05-06T09:00:00,42754099999,DEVI AHILYABAI HOLKAR,22.722,75.801,35.0,,26.61
2016-05-06T10:00:00,42754099999,DEVI AHILYABAI HOLKAR,22.722,75.801,35.0,,26.61
2016-05-06T12:00:00,42754099999,DEVI AHILYABAI HOLKAR,22.722,75.801,34.4,1002.0,26.8
2016-05-06T12:00:00,42754099999,DEVI AHILYABAI HOLKAR,22.722,75.801,34.0,,28.13
2016-05-06T13:00:00,42754099999,DEVI AHILYABAI HOLKAR,22.722,75.801,31.0,,33.32
2016-05-06T14:00:00,42754099999,DEVI AHILYABAI HOLKAR,22.722,75.801,30.0,,33.05
2016-05-06T15:00:00,42754099999,DEVI AHILYABAI HOLKAR,22.722,75.801,29.6,1004.9,34.26
2016-05-06T15:00:00,42754099999,DEVI AHILYABAI HOLKAR,22.722,75.801,30.0,,33.05
2016-05-06T18:00:00,42754099999,DEVI AHILYABAI HOLKAR,22.722,75.801,26.4,1007.1,39.96
2016-05-06T18:00:00,42754099999,DEVI AHILYABAI HOLKAR,22.722,75.801,26.0,,41.73
2016-05-06T21:00:00,42754099999,DEVI AHILYABAI HOLKAR,22.722,75.801,24.8,1005.9,45.11
2016-05-06T21:00:00,42754099999,DEVI AHILYABAI HOLKAR,22.722,75.801,25.0,,44.28
2016-05-06T23:00:00,42754099999,DEVI AHILYABAI HOLKAR,22.722,75.801,24.0,,47.01
2016-05-07T00:00:00,42754099999,DEVI AHILYABAI HOLKAR,22.722,75.801,23.4,1006.5,48.42
2016-05-07T00:00:00,42754099999,DEVI AHILYABAI HOLKAR,22.722,75.801,23.0,,49.93
2016-05-07T03:00:00,42754099999,DEVI AHILYABAI HOLKAR,22.722,75.801,28.6,1007.5,49.18
2016-05-07T03:00:00,42754099999,DEVI AHILYABAI HOLKAR,22.722,75.801,29.0,,48.35
2016-05-07T06:00:00,42754099999,DEVI AHILYABAI HOLKAR,22.722,75.801,33.6,1006.5,37.93
2016-05-07T06:00:00,42754099999,DEVI AHILYABAI HOLKAR,22.722,75.801,34.0,,36.39
2016-05-07T07:00:00,42754099999,DEVI AHILYABAI HOLKAR,22.722,75.801,35.0,,34.42
2016-05-07T08:00:00,42754099999,DEVI AHILYABAI HOLKAR,22.722,75.801,36.0,,32.57
2016-05-07T09:00:00,42754099999,DEVI AHILYABAI HOLKAR,22.722,75.801,36.2,1003.4,30.62
2016-05-07T09:00:00,42754099999,DEVI AHILYABAI HOLKAR,22.722,75.801,36.0,,30.57
2016-05-07T10:00:00,42754099999,DEVI AHILYABAI HOLKAR,22.722,75.801,37.0,,30.84
2016-05-07T11:00:00,42754099999,DEVI AHILYABAI HOLKAR,22.722,75.801,36.0,,30.57
2016-05-07T12:00:00,42754099999,DEVI AHILYABAI HOLKAR,22.722,75.801,35.0,1001.9,33.35
2016-05-07T12:00:00,42754099999,DEVI AHILYABAI HOLKAR,22.722,75.801,35.0,,34.42
2016-05-07T13:00:00,42754099999,DEVI AHILYABAI HOLKAR,22.722,75.801,33.0,,36.12
2016-05-07T15:00:00,42754099999,DEVI AHILYABAI HOLKAR,22.722,75.801,27.0,1006.0,60.09
2016-05-07T15:00:00,42754099999,DEVI AHILYABAI HOLKAR,22.722,75.801,27.0,,61.61
2016-05-07T18:00:00,42754099999,DEVI AHILYABAI HOLKAR,22.722,75.801,25.4,1007.1,58.6
2016-05-07T18:00:00,42754099999,DEVI AHILYABAI HOLKAR,22.722,75.801,25.0,,61.16
2016-05-07T21:00:00,42754099999,DEVI AHILYABAI HOLKAR,22.722,75.801,24.0,1006.1,60.16
2016-05-07T21:00:00,42754099999,DEVI AHILYABAI HOLKAR,22.722,75.801,24.0,,60.93
2016-05-07T23:00:00,42754099999,DEVI AHILYABAI HOLKAR,22.722,75.801,24.0,,57.15
2016-05-08T00:00:00,42754099999,DEVI AHILYABAI HOLKAR,22.722,75.801,23.4,1006.8,59.25
2016-05-08T00:00:00,42754099999,DEVI AHILYABAI HOLKAR,22.722,75.801,23.0,,60.7
2016-05-08T01:00:00,42754099999,DEVI AHILYABAI HOLKAR,22.722,75.801,25.0,,65.15
2016-05-08T03:00:00,42754099999,DEVI AHILYABAI HOLKAR,22.722,75.801,30.0,1007.9,54.06
2016-05-08T03:00:00,42754099999,DEVI AHILYABAI HOLKAR,22.722,75.801,30.0,,55.08
2016-05-08T04:00:00,42754099999,DEVI AHILYABAI HOLKAR,22.722,75.801,33.0,,46.44
2016-05-08T05:00:00,42754099999,DEVI AHILYABAI HOLKAR,22.722,75.801,35.0,,41.54
2016-05-08T06:00:00,42754099999,DEVI AHILYABAI HOLKAR,22.722,75.801,36.6,1006.5,35.08
2016-05-08T06:00:00,42754099999,DEVI AHILYABAI HOLKAR,22.722,75.801,37.0,,34.97
2016-05-08T07:00:00,42754099999,DEVI AHILYABAI HOLKAR,22.722,75.801,38.0,,29.2
2016-05-08T09:00:00,42754099999,DEVI AHILYABAI HOLKAR,22.722,75.801,32.0,1004.7,45.04
2016-05-08T09:00:00,42754099999,DEVI AHILYABAI HOLKAR,22.722,75.801,32.0,,46.18
2016-05-08T12:00:00,42754099999,DEVI AHILYABAI HOLKAR,22.722,75.801,31.4,1003.8,47.78
2016-05-08T12:00:00,42754099999,DEVI AHILYABAI HOLKAR,22.722,75.801,31.0,,48.88
2016-05-08T15:00:00,42754099999,DEVI AHILYABAI HOLKAR,22.722,75.801,27.8,1007.5,54.53
2016-05-08T15:00:00,42754099999,DEVI AHILYABAI HOLKAR,22.722,75.801,28.0,,54.58
2016-05-08T18:00:00,42754099999,DEVI AHILYABAI HOLKAR,22.722,75.801,23.6,1009.1,75.9
2016-05-08T18:00:00,42754099999,DEVI AHILYABAI HOLKAR,22.722,75.801,24.0,,73.63
2016-05-08T21:00:00,42754099999,DEVI AHILYABAI HOLKAR,22.722,75.801,27.0,1006.6,51.31
2016-05-08T21:00:00,42754099999,DEVI AHILYABAI HOLKAR,22.722,75.801,27.0,,50.99
2016-05-09T00:00:00,42754099999,DEVI AHILYABAI HOLKAR,22.722,75.801,24.4,1007.8,60.25
2016-05-09T00:00:00,42754099999,DEVI AHILYABAI HOLKAR,22.722,75.801,24.0,,60.93
2016-05-09T02:00:00,42754099999,DEVI AHILYABAI HOLKAR,22.722,75.801,26.0,,61.39
2016-05-09T03:00:00,42754099999,DEVI AHILYABAI HOLKAR,22.722,75.801,27.2,1008.9,58.65
2016-05-09T03:00:00,42754099999,DEVI AHILYABAI HOLKAR,22.722,75.801,27.0,,57.87
2016-05-09T04:00:00,42754099999,DEVI AHILYABAI HOLKAR,22.722,75.801,30.0,,51.76
2016-05-09T06:00:00,42754099999,DEVI AHILYABAI HOLKAR,22.722,75.801,34.4,1007.2,43.48
2016-05-09T06:00:00,42754099999,DEVI AHILYABAI HOLKAR,22.722,75.801,34.0,,43.91
2016-05-09T08:00:00,42754099999,DEVI AHILYABAI HOLKAR,22.722,75.801,38.0,,27.4
2016-05-09T09:00:00,42754099999,DEVI AHILYABAI HOLKAR,22.722,75.801,37.0,1003.3,26.79
2016-05-09T09:00:00,42754099999,DEVI AHILYABAI HOLKAR,22.722,75.801,37.0,,27.14
2016-05-09T12:00:00,42754099999,DEVI AHILYABAI HOLKAR,22.722,75.801,26.6,1006.4,49.59
2016-05-09T12:00:00,42754099999,DEVI AHILYABAI HOLKAR,22.722,75.801,27.0,,47.82
2016-05-09T15:00:00,42754099999,DEVI AHILYABAI HOLKAR,22.722,75.801,25.4,1006.1,57.13
2016-05-09T15:00:00,42754099999,DEVI AHILYABAI HOLKAR,22.722,75.801,25.0,,57.39
2016-05-09T18:00:00,42754099999,DEVI AHILYABAI HOLKAR,22.722,75.801,25.0,1011.3,59.63
2016-05-09T18:00:00,42754099999,DEVI AHILYABAI HOLKAR,22.722,75.801,25.0,,61.16
2016-05-09T21:00:00,42754099999,DEVI AHILYABAI HOLKAR,22.722,75.801,24.2,1008.8,60.21
2016-05-09T21:00:00,42754099999,DEVI AHILYABAI HOLKAR,22.722,75.801,24.0,,60.93
2016-05-10T00:00:00,42754099999,DEVI AHILYABAI HOLKAR,22.722,75.801,23.0,1008.4,64.72
2016-05-10T00:00:00,42754099999,DEVI AHILYABAI HOLKAR,22.722,75.801,23.0,,64.72
2016-05-10T03:00:00,42754099999,DEVI AHILYABAI HOLKAR,22.722,75.801,28.6,1007.9,45.85
2016-05-10T03:00:00,42754099999,DEVI AHILYABAI HOLKAR,22.722,75.801,29.0,,45.37
2016-05-10T06:00:00,42754099999,DEVI AHILYABAI HOLKAR,22.722,75.801,34.4,1007.8,35.36
2016-05-10T09:00:00,42754099999,DEVI AHILYABAI HOLKAR,22.722,75.801,36.4,1005.4,28.41
2016-05-10T09:00:00,42754099999,DEVI AHILYABAI HOLKAR,22.722,75.801,36.0,,28.67
2016-05-10T10:00:00,42754099999,DEVI AHILYABAI HOLKAR,22.722,75.801,37.0,,28.94
2016-05-10T11:00:00,42754099999,DEVI AHILYABAI HOLKAR,22.722,75.801,37.0,,28.94
2016-05-10T12:00:00,42754099999,DEVI AHILYABAI HOLKAR,22.722,75.801,37.4,1002.1,31.14
2016-05-10T12:00:00,42754099999,DEVI AHILYABAI HOLKAR,22.722,75.801,37.0,,30.84
2016-05-10T13:30:00,42754099999,DEVI AHILYABAI HOLKAR,22.722,75.801,34.0,,36.39
2016-05-10T14:00:00,42754099999,DEVI AHILYABAI HOLKAR,22.722,75.801,33.0,,36.12
2016-05-10T15:00:00,42754099999,DEVI AHILYABAI HOLKAR,22.722,75.801,32.0,1005.5,37.97
2016-05-10T18:00:00,42754099999,DEVI AHILYABAI HOLKAR,22.722,75.801,26.6,1008.6,57.05
2016-05-10T18:00:00,42754099999,DEVI AHILYABAI HOLKAR,22.722,75.801,27.0,,54.33
2016-05-10T21:00:00,42754099999,DEVI AHILYABAI HOLKAR,22.722,75.801,25.0,1007.6,62.33
2016-05-11T00:00:00,42754099999,DEVI AHILYABAI HOLKAR,22.722,75.801,27.0,1006.8,53.65
2016-05-11T00:00:00,42754099999,DEVI AHILYABAI HOLKAR,22.722,75.801,27.0,,54.33
2016-05-11T03:00:00,42754099999,DEVI AHILYABAI HOLKAR,22.722,75.801,30.0,1008.3,43.11
2016-05-11T06:00:00,42754099999,DEVI AHILYABAI HOLKAR,22.722,75.801,35.6,1007.2,31.45
2016-05-11T06:00:00,42754099999,DEVI AHILYABAI HOLKAR,22.722,75.801,36.0,,30.57
2016-05-11T09:00:00,42754099999,DEVI AHILYABAI HOLKAR,22.722,75.801,38.6,1004.0,24.25
2016-05-11T09:00:00,42754099999,DEVI AHILYABAI HOLKAR,22.722,75.801,39.0,,24.35
2016-05-11T10:00:00,42754099999,DEVI AHILYABAI HOLKAR,22.722,75.801,39.0,,22.83
2016-05-11T11:00:00,42754099999,DEVI AHILYABAI HOLKAR,22.722,75.801,40.0,,23.08
2016-05-11T12:00:00,42754099999,DEVI AHILYABAI HOLKAR,22.722,75.801,38.4,1001.0,24.67
2016-05-11T12:00:00,42754099999,DEVI AHILYABAI HOLKAR,22.722,75.801,38.0,,25.7
2016-05-11T13:00:00,42754099999,DEVI AHILYABAI HOLKAR,22.722,75.801,38.0,,25.7
2016-05-11T14:00:00,42754099999,DEVI AHILYABAI HOLKAR,22.722,75.801,36.0,,30.57
2016-05-11T15:00:00,42754099999,DEVI AHILYABAI HOLKAR,22.722,75.801,35.0,1002.9,32.51
2016-05-11T15:00:00,42754099999,DEVI AHILYABAI HOLKAR,22.722,75.801,35.0,,32.3
2016-05-11T18:00:00,42754099999,DEVI AHILYABAI HOLKAR,22.722,75.801,31.0,1005.0,38.92
2016-05-11T18:00:00,42754099999,DEVI AHILYABAI HOLKAR,22.722,75.801,31.0,,37.94
2016-05-11T21:00:00,42754099999,DEVI AHILYABAI HOLKAR,22.722,75.801,28.0,1004.0,46.28
2016-05-11T21:00:00,42754099999,DEVI AHILYABAI HOLKAR,22.722,75.801,28.0,,45.1
2016-05-12T00:00:00,42754099999,DEVI AHILYABAI HOLKAR,22.722,75.801,25.0,1005.2,55.59
2016-05-12T00:00:00,42754099999,DEVI AHILYABAI HOLKAR,22.722,75.801,25.0,,53.83
2016-05-12T03:00:00,42754099999,DEVI AHILYABAI HOLKAR,22.722,75.801,30.6,1005.9,51.27
2016-05-12T03:00:00,42754099999,DEVI AHILYABAI HOLKAR,22.722,75.801,31.0,,48.88
2016-05-12T06:00:00,42754099999,DEVI AHILYABAI HOLKAR,22.722,75.801,37.4,1003.9,25.06
2016-05-12T06:00:00,42754099999,DEVI AHILYABAI HOLKAR,22.722,75.801,37.0,,25.44
2016-05-12T09:00:00,42754099999,DEVI AHILYABAI HOLKAR,22.722,75.801,41.2,1000.2,18.65
2016-05-12T09:00:00,42754099999,DEVI AHILYABAI HOLKAR,22.722,75.801,41.0,,19.22
2016-05-12T12:00:00,42754099999,DEVI AHILYABAI HOLKAR,22.722,75.801,41.4,998.1,16.49
2016-05-12T12:00:00,42754099999,DEVI AHILYABAI HOLKAR,22.722,75.801,41.0,,16.85
2016-05-12T15:00:00,42754099999,DEVI AHILYABAI HOLKAR,22.722,75.801,36.0,1000.2,19.57
2016-05-12T15:00:00,42754099999,DEVI AHILYABAI HOLKAR,22.722,75.801,36.0,,19.31
2016-05-12T18:00:00,42754099999,DEVI AHILYABAI HOLKAR,22.722,75.801,31.6,1002.3,32.84
2016-05-12T18:00:00,42754099999,DEVI AHILYABAI HOLKAR,22.722,75.801,32.0,,31.48
2016-05-12T21:00:00,42754099999,DEVI AHILYABAI HOLKAR,22.722,75.801,29.4,1001.4,38.23
2016-05-12T21:00:00,42754099999,DEVI AHILYABAI HOLKAR,22.722,75.801,29.0,,39.9
2016-05-12T23:00:00,42754099999,DEVI AHILYABAI HOLKAR,22.722,75.801,28.0,,42.28
2016-05-13T00:00:00,42754099999,DEVI AHILYABAI HOLKAR,22.722,75.801,27.4,1002.2,46.71
2016-05-13T00:00:00,42754099999,DEVI AHILYABAI HOLKAR,22.722,75.801,27.0,,47.82
2016-05-13T01:00:00,42754099999,DEVI AHILYABAI HOLKAR,22.722,75.801,27.0,,44.83
2016-05-13T02:00:00,42754099999,DEVI AHILYABAI HOLKAR,22.722,75.801,29.0,,45.37
2016-05-13T03:00:00,42754099999,DEVI AHILYABAI HOLKAR,22.722,75.801,30.8,1005.0,45.0
2016-05-13T03:00:00,42754099999,DEVI AHILYABAI HOLKAR,22.722,75.801,31.0,,43.1
2016-05-13T06:00:00,42754099999,DEVI AHILYABAI HOLKAR,22.722,75.801,38.4,1003.4,24.04
2016-05-13T06:00:00,42754099999,DEVI AHILYABAI HOLKAR,22.722,75.801,38.0,,24.1
2016-05-13T09:00:00,42754099999,DEVI AHILYABAI HOLKAR,22.722,75.801,41.4,1000.6,35.29
2016-05-13T09:00:00,42754099999,DEVI AHILYABAI HOLKAR,22.722,75.801,41.0,,36.05
2016-05-13T12:00:00,42754099999,DEVI AHILYABAI HOLKAR,22.722,75.801,40.4,999.3,18.34
2016-05-13T12:00:00,42754099999,DEVI AHILYABAI HOLKAR,22.722,75.801,40.0,,18.98
2016-05-13T15:00:00,42754099999,DEVI AHILYABAI HOLKAR,22.722,75.801,35.4,1001.8,22.52
2016-05-13T15:00:00,42754099999,DEVI AHILYABAI HOLKAR,22.722,75.801,35.0,,23.33
2016-05-13T18:00:00,42754099999,DEVI AHILYABAI HOLKAR,22.722,75.801,32.0,1003.9,26.17
2016-05-13T18:00:00,42754099999,DEVI AHILYABAI HOLKAR,22.722,75.801,32.0,,25.82
2016-05-13T21:00:00,42754099999,DEVI AHILYABAI HOLKAR,22.722,75.801,29.4,1003.1,29.96
2016-05-13T21:00:00,42754099999,DEVI AHILYABAI HOLKAR,22.722,75.801,29.0,,30.66
2016-05-14T00:00:00,42754099999,DEVI AHILYABAI HOLKAR,22.722,75.801,27.0,1005.6,53.65
2016-05-14T00:00:00,42754099999,DEVI AHILYABAI HOLKAR,22.722,75.801,27.0,,54.33
2016-05-14T03:00:00,42754099999,DEVI AHILYABAI HOLKAR,22.722,75.801,32.4,1006.0,39.56
2016-05-14T03:00:00,42754099999,DEVI AHILYABAI HOLKAR,22.722,75.801,32.0,,40.72
2016-05-14T03:30:00,42754099999,DEVI AHILYABAI HOLKAR,22.722,75.801,34.0,,32.03
2016-05-14T06:00:00,42754099999,DEVI AHILYABAI HOLKAR,22.722,75.801,38.0,1005.4,22.14
2016-05-14T07:00:00,42754099999,DEVI AHILYABAI HOLKAR,22.722,75.801,40.0,,16.62
2016-05-14T08:00:00,42754099999,DEVI AHILYABAI HOLKAR,22.722,75.801,41.0,,16.85
2016-05-14T09:00:00,42754099999,DEVI AHILYABAI HOLKAR,22.722,75.801,41.0,1002.6,15.87
2016-05-14T09:00:00,42754099999,DEVI AHILYABAI HOLKAR,22.722,75.801,41.0,,15.76
2016-05-14T12:00:00,42754099999,DEVI AHILYABAI HOLKAR,22.722,75.801,40.2,1001.1,17.46
2016-05-14T12:00:00,42754099999,DEVI AHILYABAI HOLKAR,22.722,75.801,40.0,,17.77
2016-05-14T14:00:00,42754099999,DEVI AHILYABAI HOLKAR,22.722,75.801,37.0,,20.9
2016-05-14T15:00:00,42754099999,DEVI AHILYABAI HOLKAR,22.722,75.801,33.8,1003.5,24.45
2016-05-14T15:00:00,42754099999,DEVI AHILYABAI HOLKAR,22.722,75.801,34.0,,24.66
2016-05-14T18:00:00,42754099999,DEVI AHILYABAI HOLKAR,22.722,75.801,30.6,1005.1,30.69
2016-05-14T18:00:00,42754099999,DEVI AHILYABAI HOLKAR,22.722,75.801,31.0,,29.21
2016-05-14T21:00:00,42754099999,DEVI AHILYABAI HOLKAR,22.722,75.801,28.2,1004.6,35.48
2016-05-14T21:00:00,42754099999,DEVI AHILYABAI HOLKAR,22.722,75.801,28.0,,34.73
2016-05-15T00:00:00,42754099999,DEVI AHILYABAI HOLKAR,22.722,75.801,26.6,1005.6,43.57
2016-05-15T00:00:00,42754099999,DEVI AHILYABAI HOLKAR,22.722,75.801,27.0,,42.01
2016-05-15T02:00:00,42754099999,DEVI AHILYABAI HOLKAR,22.722,75.801,29.0,,45.37
2016-05-15T03:00:00,42754099999,DEVI AHILYABAI HOLKAR,22.722,75.801,31.4,1006.3,40.56
2016-05-15T03:00:00,42754099999,DEVI AHILYABAI HOLKAR,22.722,75.801,31.0,,40.45
2016-05-15T04:00:00,42754099999,DEVI AHILYABAI HOLKAR,22.722,75.801,35.0,,32.3
2016-05-15T06:00:00,42754099999,DEVI AHILYABAI HOLKAR,22.722,75.801,39.2,1004.8,23.48
2016-05-15T06:00:00,42754099999,DEVI AHILYABAI HOLKAR,22.722,75.801,39.0,,24.35
2016-05-15T09:00:00,42754099999,DEVI AHILYABAI HOLKAR,22.722,75.801,40.6,1001.9,19.89
2016-05-15T09:00:00,42754099999,DEVI AHILYABAI HOLKAR,22.722,75.801,41.0,,19.22
2016-05-15T12:00:00,42754099999,DEVI AHILYABAI HOLKAR,22.722,75.801,42.4,999.9,17.62
2016-05-15T12:00:00,42754099999,DEVI AHILYABAI HOLKAR,22.722,75.801,42.0,,18.23
2016-05-15T15:00:00,42754099999,DEVI AHILYABAI HOLKAR,22.722,75.801,36.4,1002.0,22.32
2016-05-15T15:00:00,42754099999,DEVI AHILYABAI HOLKAR,22.722,75.801,36.0,,22.08
2016-05-15T18:00:00,42754099999,DEVI AHILYABAI HOLKAR,22.722,75.801,31.4,1003.7,33.65
2016-05-15T18:00:00,42754099999,DEVI AHILYABAI HOLKAR,22.722,75.801,31.0,,33.32
2016-05-15T21:00:00,42754099999,DEVI AHILYABAI HOLKAR,22.722,75.801,29.0,1003.2,39.64
2016-05-16T00:00:00,42754099999,DEVI AHILYABAI HOLKAR,22.722,75.801,26.4,1003.6,44.38
2016-05-16T00:00:00,42754099999,DEVI AHILYABAI HOLKAR,22.722,75.801,26.0,,44.56
2016-05-16T01:00:00,42754099999,DEVI AHILYABAI HOLKAR,22.722,75.801,27.0,,44.83
2016-05-16T02:00:00,42754099999,DEVI AHILYABAI HOLKAR,22.722,75.801,28.0,,42.28
2016-05-16T03:00:00,42754099999,DEVI AHILYABAI HOLKAR,22.722,75.801,32.4,1004.6,38.57
2016-05-16T03:00:00,42754099999,DEVI AHILYABAI HOLKAR,22.722,75.801,32.0,,40.72
2016-05-16T06:00:00,42754099999,DEVI AHILYABAI HOLKAR,22.722,75.801,38.6,1002.4,27.91
2016-05-16T06:00:00,42754099999,DEVI AHILYABAI HOLKAR,22.722,75.801,39.0,,27.67
2016-05-16T09:00:00,42754099999,DEVI AHILYABAI HOLKAR,22.722,75.801,41.6,999.1,24.08
2016-05-16T09:00:00,42754099999,DEVI AHILYABAI HOLKAR,22.722,75.801,42.0,,23.58
2016-05-16T12:00:00,42754099999,DEVI AHILYABAI HOLKAR,22.722,75.801,41.2,996.9,22.36
2016-05-16T12:00:00,42754099999,DEVI AHILYABAI HOLKAR,22.722,75.801,41.0,,21.88
2016-05-16T15:00:00,42754099999,DEVI AHILYABAI HOLKAR,22.722,75.801,36.4,999.9,27.69
2016-05-16T15:00:00,42754099999,DEVI AHILYABAI HOLKAR,22.722,75.801,36.0,,28.67
2016-05-16T18:00:00,42754099999,DEVI AHILYABAI HOLKAR,22.722,75.801,32.4,1002.0,35.72
2016-05-16T18:00:00,42754099999,DEVI AHILYABAI HOLKAR,22.722,75.801,32.0,,35.84
2016-05-16T21:00:00,42754099999,DEVI AHILYABAI HOLKAR,22.722,75.801,29.0,1001.4,44.51
2016-05-16T21:00:00,42754099999,DEVI AHILYABAI HOLKAR,22.722,75.801,29.0,,45.37
2016-05-16T23:00:00,42754099999,DEVI AHILYABAI HOLKAR,22.722,75.801,28.0,,48.09
2016-05-17T00:00:00,42754099999,DEVI AHILYABAI HOLKAR,22.722,75.801,27.2,1002.0,50.71
2016-05-17T00:00:00,42754099999,DEVI AHILYABAI HOLKAR,22.722,75.801,27.0,,50.99
2016-05-17T01:00:00,42754099999,DEVI AHILYABAI HOLKAR,22.722,75.801,27.0,,47.82
2016-05-17T02:00:00,42754099999,DEVI AHILYABAI HOLKAR,22.722,75.801,29.0,,42.56
2016-05-17T03:00:00,42754099999,DEVI AHILYABAI HOLKAR,22.722,75.801,33.0,1002.5,36.58
2016-05-17T03:00:00,42754099999,DEVI AHILYABAI HOLKAR,22.722,75.801,33.0,,36.12
2016-05-17T04:00:00,42754099999,DEVI AHILYABAI HOLKAR,22.722,75.801,35.0,,34.42
2016-05-17T05:00:00,42754099999,DEVI AHILYABAI HOLKAR,22.722,75.801,38.0,,31.11
2016-05-17T06:00:00,42754099999,DEVI AHILYABAI HOLKAR,22.722,75.801,38.4,1001.3,29.87
2016-05-17T06:00:00,42754099999,DEVI AHILYABAI HOLKAR,22.722,75.801,38.0,,31.11
2016-05-17T07:00:00,42754099999,DEVI AHILYABAI HOLKAR,22.722,75.801,40.0,,27.93
2016-05-17T08:00:00,42754099999,DEVI AHILYABAI HOLKAR,22.722,75.801,40.0,,26.22
2016-05-17T09:00:00,42754099999,DEVI AHILYABAI HOLKAR,22.722,75.801,41.6,997.1,24.08
2016-05-17T09:00:00,42754099999,DEVI AHILYABAI HOLKAR,22.722,75.801,42.0,,23.58
2016-05-17T10:00:00,42754099999,DEVI AHILYABAI HOLKAR,22.722,75.801,42.0,,23.58
2016-05-17T11:00:00,42754099999,DEVI AHILYABAI HOLKAR,22.722,75.801,41.0,,23.33
2016-05-17T12:00:00,42754099999,DEVI AHILYABAI HOLKAR,22.722,75.801,41.4,995.1,23.28
2016-05-17T12:00:00,42754099999,DEVI AHILYABAI HOLKAR,22.722,75.801,41.0,,23.33
2016-05-17T15:00:00,42754099999,DEVI AHILYABAI HOLKAR,22.722,75.801,35.8,997.8,35.08
2016-05-17T15:00:00,42754099999,DEVI AHILYABAI HOLKAR,22.722,75.801,36.0,,34.7
2016-05-17T18:00:00,42754099999,DEVI AHILYABAI HOLKAR,22.722,75.801,34.4,999.0,37.91
2016-05-17T18:00:00,42754099999,DEVI AHILYABAI HOLKAR,22.722,75.801,34.0,,38.76
2016-05-17T21:00:00,42754099999,DEVI AHILYABAI HOLKAR,22.722,75.801,32.4,998.4,40.57
2016-05-17T21:00:00,42754099999,DEVI AHILYABAI HOLKAR,22.722,75.801,32.0,,40.72
2016-05-18T00:00:00,42754099999,DEVI AHILYABAI HOLKAR,22.722,75.801,30.0,999.4,43.11
2016-05-18T00:00:00,42754099999,DEVI AHILYABAI HOLKAR,22.722,75.801,30.0,,42.83
2016-05-18T03:00:00,42754099999,DEVI AHILYABAI HOLKAR,22.722,75.801,34.2,999.5,41.58
2016-05-18T03:00:00,42754099999,DEVI AHILYABAI HOLKAR,22.722,75.801,34.0,,41.27
2016-05-18T06:00:00,42754099999,DEVI AHILYABAI HOLKAR,22.722,75.801,41.4,998.1,23.28
2016-05-18T06:00:00,42754099999,DEVI AHILYABAI HOLKAR,22.722,75.801,41.0,,23.33
2016-05-18T09:00:00,42754099999,DEVI AHILYABAI HOLKAR,22.722,75.801,43.0,995.7,21.26
2016-05-18T09:00:00,42754099999,DEVI AHILYABAI HOLKAR,22.722,75.801,43.0,,20.99
2016-05-18T12:00:00,42754099999,DEVI AHILYABAI HOLKAR,22.722,75.801,43.4,993.5,18.67
2016-05-18T12:00:00,42754099999,DEVI AHILYABAI HOLKAR,22.722,75.801,43.0,,18.46
2016-05-18T14:00:00,42754099999,DEVI AHILYABAI HOLKAR,22.722,75.801,40.0,,23.08
2016-05-18T15:00:00,42754099999,DEVI AHILYABAI HOLKAR,22.722,75.801,38.2,995.5,25.92
2016-05-18T15:00:00,42754099999,DEVI AHILYABAI HOLKAR,22.722,75.801,38.0,,25.7
2016-05-18T18:00:00,42754099999,DEVI AHILYABAI HOLKAR,22.722,75.801,33.6,997.9,35.37
2016-05-18T18:00:00,42754099999,DEVI AHILYABAI HOLKAR,22.722,75.801,34.0,,34.15
2016-05-18T21:00:00,42754099999,DEVI AHILYABAI HOLKAR,22.722,75.801,32.0,997.0,40.21
2016-05-18T21:00:00,42754099999,DEVI AHILYABAI HOLKAR,22.722,75.801,32.0,,40.72
2016-05-18T23:00:00,42754099999,DEVI AHILYABAI HOLKAR,22.722,75.801,31.0,,43.1
2016-05-19T00:00:00,42754099999,DEVI AHILYABAI HOLKAR,22.722,75.801,30.4,997.8,43.49
2016-05-19T00:00:00,42754099999,DEVI AHILYABAI HOLKAR,22.722,75.801,30.0,,45.64
2016-05-19T01:00:00,42754099999,DEVI AHILYABAI HOLKAR,22.722,75.801,30.0,,48.62
2016-05-19T03:00:00,42754099999,DEVI AHILYABAI HOLKAR,22.722,75.801,34.0,998.5,42.31
2016-05-19T03:00:00,42754099999,DEVI AHILYABAI HOLKAR,22.722,75.801,34.0,,41.27
2016-05-19T05:00:00,42754099999,DEVI AHILYABAI HOLKAR,22.722,75.801,39.0,,29.47
2016-05-19T06:00:00,42754099999,DEVI AHILYABAI HOLKAR,22.722,75.801,41.6,996.7,24.08
2016-05-19T06:00:00,42754099999,DEVI AHILYABAI HOLKAR,22.722,75.801,42.0,,23.58
2016-05-19T09:00:00,42754099999,DEVI AHILYABAI HOLKAR,22.722,75.801,43.4,994.0,20.43
2016-05-19T10:00:00,42754099999,DEVI AHILYABAI HOLKAR,22.722,75.801,43.0,,19.69
2016-05-19T11:00:00,42754099999,DEVI AHILYABAI HOLKAR,22.722,75.801,43.0,,19.69
2016-05-19T12:00:00,42754099999,DEVI AHILYABAI HOLKAR,22.722,75.801,43.4,992.1,19.28
2016-05-19T12:00:00,42754099999,DEVI AHILYABAI HOLKAR,22.722,75.801,43.0,,18.46
2016-05-19T13:00:00,42754099999,DEVI AHILYABAI HOLKAR,22.722,75.801,42.0,,22.13
2016-05-19T14:00:00,42754099999,DEVI AHILYABAI HOLKAR,22.722,75.801,41.0,,21.88
2016-05-19T15:00:00,42754099999,DEVI AHILYABAI HOLKAR,22.722,75.801,39.0,994.8,25.47
2016-05-19T15:00:00,42754099999,DEVI AHILYABAI HOLKAR,22.722,75.801,39.0,,25.96
2016-05-19T18:00:00,42754099999,DEVI AHILYABAI HOLKAR,22.722,75.801,37.0,995.6,28.39
2016-05-19T18:00:00,42754099999,DEVI AHILYABAI HOLKAR,22.722,75.801,37.0,,28.94
2016-05-19T21:00:00,42754099999,DEVI AHILYABAI HOLKAR,22.722,75.801,34.4,994.5,27.69
2016-05-19T21:00:00,42754099999,DEVI AHILYABAI HOLKAR,22.722,75.801,34.0,,28.13
2016-05-20T00:00:00,42754099999,DEVI AHILYABAI HOLKAR,22.722,75.801,31.4,995.6,29.91
2016-05-20T00:00:00,42754099999,DEVI AHILYABAI HOLKAR,22.722,75.801,31.0,,31.21
2016-05-20T03:00:00,42754099999,DEVI AHILYABAI HOLKAR,22.722,75.801,33.4,998.1,46.55
2016-05-20T03:00:00,42754099999,DEVI AHILYABAI HOLKAR,22.722,75.801,33.0,,46.44
2016-05-20T06:00:00,42754099999,DEVI AHILYABAI HOLKAR,22.722,75.801,39.0,997.3,31.18
2016-05-20T06:00:00,42754099999,DEVI AHILYABAI HOLKAR,22.722,75.801,39.0,,31.37
2016-05-20T09:00:00,42754099999,DEVI AHILYABAI HOLKAR,22.722,75.801,42.8,994.0,23.48
2016-05-20T09:00:00,42754099999,DEVI AHILYABAI HOLKAR,22.722,75.801,43.0,,23.83
2016-05-20T12:00:00,42754099999,DEVI AHILYABAI HOLKAR,22.722,75.801,42.0,992.6,14.26
2016-05-20T12:00:00,42754099999,DEVI AHILYABAI HOLKAR,22.722,75.801,42.0,,13.98
2016-05-20T13:00:00,42754099999,DEVI AHILYABAI HOLKAR,22.722,75.801,40.0,,17.77
2016-05-20T15:00:00,42754099999,DEVI AHILYABAI HOLKAR,22.722,75.801,37.0,995.5,23.84
2016-05-20T15:00:00,42754099999,DEVI AHILYABAI HOLKAR,22.722,75.801,37.0,,23.84
2016-05-20T18:00:00,42754099999,DEVI AHILYABAI HOLKAR,22.722,75.801,33.8,997.4,35.43
2016-05-20T18:00:00,42754099999,DEVI AHILYABAI HOLKAR,22.722,75.801,34.0,,34.15
2016-05-20T21:00:00,42754099999,DEVI AHILYABAI HOLKAR,22.722,75.801,31.4,997.4,40.56
2016-05-20T21:00:00,42754099999,DEVI AHILYABAI HOLKAR,22.722,75.801,31.0,,40.45
2016-05-21T00:00:00,42754099999,DEVI AHILYABAI HOLKAR,22.722,75.801,28.4,999.4,58.57
2016-05-21T00:00:00,42754099999,DEVI AHILYABAI HOLKAR,22.722,75.801,28.0,,58.11
2016-05-21T02:00:00,42754099999,DEVI AHILYABAI HOLKAR,22.722,75.801,29.0,,62.06
2016-05-21T03:00:00,42754099999,DEVI AHILYABAI HOLKAR,22.722,75.801,30.0,1001.5,60.04
2016-05-21T03:00:00,42754099999,DEVI AHILYABAI HOLKAR,22.722,75.801,30.0,,58.58
2016-05-21T05:00:00,42754099999,DEVI AHILYABAI HOLKAR,22.722,75.801,34.0,,41.27
2016-05-21T06:00:00,42754099999,DEVI AHILYABAI HOLKAR,22.722,75.801,36.4,1000.3,32.48
2016-05-21T06:00:00,42754099999,DEVI AHILYABAI HOLKAR,22.722,75.801,36.0,,32.57
2016-05-21T07:00:00,42754099999,DEVI AHILYABAI HOLKAR,22.722,75.801,38.0,,27.4
2016-05-21T08:00:00,42754099999,DEVI AHILYABAI HOLKAR,22.722,75.801,38.0,,27.4
2016-05-21T09:00:00,42754099999,DEVI AHILYABAI HOLKAR,22.722,75.801,40.4,997.7,19.59
2016-05-21T09:00:00,42754099999,DEVI AHILYABAI HOLKAR,22.722,75.801,40.0,,20.27
2016-05-21T12:00:00,42754099999,DEVI AHILYABAI HOLKAR,22.722,75.801,40.0,995.8,21.08
2016-05-21T12:00:00,42754099999,DEVI AHILYABAI HOLKAR,22.722,75.801,40.0,,21.64
2016-05-21T15:00:00,42754099999,DEVI AHILYABAI HOLKAR,22.722,75.801,35.4,998.4,31.39
2016-05-21T15:00:00,42754099999,DEVI AHILYABAI HOLKAR,22.722,75.801,35.0,,32.3
2016-05-21T18:00:00,42754099999,DEVI AHILYABAI HOLKAR,22.722,75.801,33.2,1000.0,36.64
2016-05-21T18:00:00,42754099999,DEVI AHILYABAI HOLKAR,22.722,75.801,33.0,,36.12
2016-05-21T21:00:00,42754099999,DEVI AHILYABAI HOLKAR,22.722,75.801,30.0,999.9,44.22
2016-05-22T00:00:00,42754099999,DEVI AHILYABAI HOLKAR,22.722,75.801,28.0,1001.2,48.71
2016-05-22T00:00:00,42754099999,DEVI AHILYABAI HOLKAR,22.722,75.801,28.0,,48.09
2016-05-22T01:00:00,42754099999,DEVI AHILYABAI HOLKAR,22.722,75.801,27.0,,61.61
2016-05-22T02:00:00,42754099999,DEVI AHILYABAI HOLKAR,22.722,75.801,28.0,,65.77
2016-05-22T03:00:00,42754099999,DEVI AHILYABAI HOLKAR,22.722,75.801,28.8,1003.9,61.26
2016-05-22T03:00:00,42754099999,DEVI AHILYABAI HOLKAR,22.722,75.801,29.0,,62.06
2016-05-22T06:00:00,42754099999,DEVI AHILYABAI HOLKAR,22.722,75.801,35.6,1001.4,36.6
2016-05-22T06:00:00,42754099999,DEVI AHILYABAI HOLKAR,22.722,75.801,36.0,,34.7
2016-05-22T09:00:00,42754099999,DEVI AHILYABAI HOLKAR,22.722,75.801,39.4,998.2,27.25
2016-05-22T09:00:00,42754099999,DEVI AHILYABAI HOLKAR,22.722,75.801,39.0,,27.67
2016-05-22T10:00:00,42754099999,DEVI AHILYABAI HOLKAR,22.722,75.801,39.0,,24.35
2016-05-22T11:00:00,42754099999,DEVI AHILYABAI HOLKAR,22.722,75.801,39.0,,24.35
2016-05-22T12:00:00,42754099999,DEVI AHILYABAI HOLKAR,22.722,75.801,38.4,997.2,24.67
2016-05-22T12:00:00,42754099999,DEVI AHILYABAI HOLKAR,22.722,75.801,38.0,,25.7
2016-05-22T13:00:00,42754099999,DEVI AHILYABAI HOLKAR,22.722,75.801,37.0,,28.94
2016-05-22T15:00:00,42754099999,DEVI AHILYABAI HOLKAR,22.722,75.801,34.4,999.9,38.87
2016-05-22T15:00:00,42754099999,DEVI AHILYABAI HOLKAR,22.722,75.801,34.0,,38.76
2016-05-22T18:00:00,42754099999,DEVI AHILYABAI HOLKAR,22.722,75.801,31.0,1001.4,44.21
2016-05-22T18:00:00,42754099999,DEVI AHILYABAI HOLKAR,22.722,75.801,31.0,,43.1
2016-05-22T21:00:00,42754099999,DEVI AHILYABAI HOLKAR,22.722,75.801,28.4,1000.3,44.64
2016-05-22T21:00:00,42754099999,DEVI AHILYABAI HOLKAR,22.722,75.801,28.0,,45.1
2016-05-23T00:00:00,42754099999,DEVI AHILYABAI HOLKAR,22.722,75.801,26.0,1001.3,50.08
2016-05-23T00:00:00,42754099999,DEVI AHILYABAI HOLKAR,22.722,75.801,26.0,,50.73
2016-05-23T03:00:00,42754099999,DEVI AHILYABAI HOLKAR,22.722,75.801,29.4,1004.4,57.01
2016-05-23T03:00:00,42754099999,DEVI AHILYABAI HOLKAR,22.722,75.801,29.0,,58.35
2016-05-23T06:00:00,42754099999,DEVI AHILYABAI HOLKAR,22.722,75.801,34.4,1003.0,40.61
2016-05-23T06:00:00,42754099999,DEVI AHILYABAI HOLKAR,22.722,75.801,34.0,,41.27
2016-05-23T09:00:00,42754099999,DEVI AHILYABAI HOLKAR,22.722,75.801,38.6,999.9,26.36
2016-05-23T09:00:00,42754099999,DEVI AHILYABAI HOLKAR,22.722,75.801,39.0,,25.96
2016-05-23T10:00:00,42754099999,DEVI AHILYABAI HOLKAR,22.722,75.801,39.0,,27.67
2016-05-23T11:00:00,42754099999,DEVI AHILYABAI HOLKAR,22.722,75.801,39.0,,27.67
2016-05-23T12:00:00,42754099999,DEVI AHILYABAI HOLKAR,22.722,75.801,37.6,997.9,26.78
2016-05-23T12:00:00,42754099999,DEVI AHILYABAI HOLKAR,22.722,75.801,38.0,,25.7
2016-05-23T13:00:00,42754099999,DEVI AHILYABAI HOLKAR,22.722,75.801,37.0,,27.14
2016-05-23T15:00:00,42754099999,DEVI AHILYABAI HOLKAR,22.722,75.801,34.2,1001.0,39.55
2016-05-23T15:00:00,42754099999,DEVI AHILYABAI HOLKAR,22.722,75.801,34.0,,41.27
2016-05-23T18:00:00,42754099999,DEVI AHILYABAI HOLKAR,22.722,75.801,31.0,1002.9,58.46
2016-05-23T18:00:00,42754099999,DEVI AHILYABAI HOLKAR,22.722,75.801,31.0,,58.81
2016-05-23T21:00:00,42754099999,DEVI AHILYABAI HOLKAR,22.722,75.801,28.6,1002.4,66.3
2016-05-23T21:00:00,42754099999,DEVI AHILYABAI HOLKAR,22.722,75.801,29.0,,65.98
2016-05-24T00:00:00,42754099999,DEVI AHILYABAI HOLKAR,22.722,75.801,26.6,1003.9,75.9
2016-05-24T00:00:00,42754099999,DEVI AHILYABAI HOLKAR,22.722,75.801,27.0,,74.14
2016-05-24T01:00:00,42754099999,DEVI AHILYABAI HOLKAR,22.722,75.801,26.0,,78.64
2016-05-24T02:00:00,42754099999,DEVI AHILYABAI HOLKAR,22.722,75.801,27.0,,74.14
2016-05-24T03:00:00,42754099999,DEVI AHILYABAI HOLKAR,22.722,75.801,27.8,1006.6,68.2
2016-05-24T03:00:00,42754099999,DEVI AHILYABAI HOLKAR,22.722,75.801,28.0,,65.77
2016-05-24T06:00:00,42754099999,DEVI AHILYABAI HOLKAR,22.722,75.801,34.2,1004.4,42.36
2016-05-24T06:00:00,42754099999,DEVI AHILYABAI HOLKAR,22.722,75.801,34.0,,43.91
2016-05-24T09:00:00,42754099999,DEVI AHILYABAI HOLKAR,22.722,75.801,39.0,1000.2,26.8
2016-05-24T09:00:00,42754099999,DEVI AHILYABAI HOLKAR,22.722,75.801,39.0,,27.67
2016-05-24T12:00:00,42754099999,DEVI AHILYABAI HOLKAR,22.722,75.801,38.6,997.9,22.14
2016-05-24T12:00:00,42754099999,DEVI AHILYABAI HOLKAR,22.722,75.801,39.0,,21.39
2016-05-24T15:00:00,42754099999,DEVI AHILYABAI HOLKAR,22.722,75.801,34.4,1000.4,31.93
2016-05-24T15:00:00,42754099999,DEVI AHILYABAI HOLKAR,22.722,75.801,34.0,,32.03
2016-05-24T18:00:00,42754099999,DEVI AHILYABAI HOLKAR,22.722,75.801,31.4,1002.2,39.54
2016-05-24T18:00:00,42754099999,DEVI AHILYABAI HOLKAR,22.722,75.801,31.0,,40.45
2016-05-24T21:00:00,42754099999,DEVI AHILYABAI HOLKAR,22.722,75.801,29.4,1001.4,44.62
2016-05-24T21:00:00,42754099999,DEVI AHILYABAI HOLKAR,22.722,75.801,29.0,,45.37
2016-05-24T23:00:00,42754099999,DEVI AHILYABAI HOLKAR,22.722,75.801,28.0,,51.25
2016-05-25T00:00:00,42754099999,DEVI AHILYABAI HOLKAR,22.722,75.801,27.4,1002.7,54.09
2016-05-25T00:00:00,42754099999,DEVI AHILYABAI HOLKAR,22.722,75.801,27.0,,54.33
2016-05-25T01:00:00,42754099999,DEVI AHILYABAI HOLKAR,22.722,75.801,28.0,,65.77
2016-05-25T02:00:00,42754099999,DEVI AHILYABAI HOLKAR,22.722,75.801,28.0,,69.92
2016-05-25T03:00:00,42754099999,DEVI AHILYABAI HOLKAR,22.722,75.801,28.6,1005.1,62.35
2016-05-25T03:00:00,42754099999,DEVI AHILYABAI HOLKAR,22.722,75.801,29.0,,62.06
2016-05-25T04:00:00,42754099999,DEVI AHILYABAI HOLKAR,22.722,75.801,31.0,,52.01
2016-05-25T05:00:00,42754099999,DEVI AHILYABAI HOLKAR,22.722,75.801,32.0,,46.18
2016-05-25T06:00:00,42754099999,DEVI AHILYABAI HOLKAR,22.722,75.801,34.2,1003.3,41.58
2016-05-25T06:00:00,42754099999,DEVI AHILYABAI HOLKAR,22.722,75.801,34.0,,41.27
2016-05-25T09:00:00,42754099999,DEVI AHILYABAI HOLKAR,22.722,75.801,37.4,999.5,31.14
2016-05-25T09:00:00,42754099999,DEVI AHILYABAI HOLKAR,22.722,75.801,37.0,,30.84
2016-05-25T10:00:00,42754099999,DEVI AHILYABAI HOLKAR,22.722,75.801,38.0,,27.4
2016-05-25T12:00:00,42754099999,DEVI AHILYABAI HOLKAR,22.722,75.801,36.6,998.1,33.36
2016-05-25T12:00:00,42754099999,DEVI AHILYABAI HOLKAR,22.722,75.801,37.0,,32.85
2016-05-25T13:00:00,42754099999,DEVI AHILYABAI HOLKAR,22.722,75.801,35.0,,36.67
2016-05-25T14:00:00,42754099999,DEVI AHILYABAI HOLKAR,22.722,75.801,34.0,,41.27
2016-05-25T15:00:00,42754099999,DEVI AHILYABAI HOLKAR,22.722,75.801,33.0,1000.2,46.16
2016-05-25T18:00:00,42754099999,DEVI AHILYABAI HOLKAR,22.722,75.801,30.2,1001.0,53.11
2016-05-25T18:00:00,42754099999,DEVI AHILYABAI HOLKAR,22.722,75.801,30.0,,55.08
2016-05-25T21:00:00,42754099999,DEVI AHILYABAI HOLKAR,22.722,75.801,28.6,999.8,55.08
2016-05-25T21:00:00,42754099999,DEVI AHILYABAI HOLKAR,22.722,75.801,29.0,,54.83
2016-05-26T00:00:00,42754099999,DEVI AHILYABAI HOLKAR,22.722,75.801,26.4,1000.5,64.63
2016-05-26T00:00:00,42754099999,DEVI AHILYABAI HOLKAR,22.722,75.801,26.0,,65.36
2016-05-26T03:00:00,42754099999,DEVI AHILYABAI HOLKAR,22.722,75.801,28.2,1005.4,69.96
2016-05-26T04:00:00,42754099999,DEVI AHILYABAI HOLKAR,22.722,75.801,29.0,,65.98
2016-05-26T06:00:00,42754099999,DEVI AHILYABAI HOLKAR,22.722,75.801,33.6,1004.1,46.6
2016-05-26T06:00:00,42754099999,DEVI AHILYABAI HOLKAR,22.722,75.801,34.0,,46.71
2016-05-26T08:00:00,42754099999,DEVI AHILYABAI HOLKAR,22.722,75.801,37.0,,37.21
2016-05-26T09:00:00,42754099999,DEVI AHILYABAI HOLKAR,22.722,75.801,37.4,1000.4,32.75
2016-05-26T09:00:00,42754099999,DEVI AHILYABAI HOLKAR,22.722,75.801,37.0,,32.85
2016-05-26T10:00:00,42754099999,DEVI AHILYABAI HOLKAR,22.722,75.801,38.0,,33.12
2016-05-26T12:00:00,42754099999,DEVI AHILYABAI HOLKAR,22.722,75.801,37.6,999.0,31.99
2016-05-26T12:00:00,42754099999,DEVI AHILYABAI HOLKAR,22.722,75.801,38.0,,31.11
2016-05-26T13:00:00,42754099999,DEVI AHILYABAI HOLKAR,22.722,75.801,36.0,,34.7
2016-05-26T14:00:00,42754099999,DEVI AHILYABAI HOLKAR,22.722,75.801,34.0,,38.76
2016-05-26T15:00:00,42754099999,DEVI AHILYABAI HOLKAR,22.722,75.801,33.0,1001.6,44.19
2016-05-26T15:00:00,42754099999,DEVI AHILYABAI HOLKAR,22.722,75.801,33.0,,43.65
2016-05-26T18:00:00,42754099999,DEVI AHILYABAI HOLKAR,22.722,75.801,31.0,1003.7,56.01
2016-05-26T18:00:00,42754099999,DEVI AHILYABAI HOLKAR,22.722,75.801,31.0,,55.32
2016-05-26T21:00:00,42754099999,DEVI AHILYABAI HOLKAR,22.722,75.801,29.2,1003.6,61.72
2016-05-26T21:00:00,42754099999,DEVI AHILYABAI HOLKAR,22.722,75.801,29.0,,62.06
2016-05-27T00:00:00,42754099999,DEVI AHILYABAI HOLKAR,22.722,75.801,27.4,1004.7,76.03
2016-05-27T00:00:00,42754099999,DEVI AHILYABAI HOLKAR,22.722,75.801,27.0,,78.78
2016-05-27T02:00:00,42754099999,DEVI AHILYABAI HOLKAR,22.722,75.801,28.0,,74.3
2016-05-27T03:00:00,42754099999,DEVI AHILYABAI HOLKAR,22.722,75.801,28.4,1006.7,71.28
2016-05-27T03:00:00,42754099999,DEVI AHILYABAI HOLKAR,22.722,75.801,28.0,,74.3
2016-05-27T05:00:00,42754099999,DEVI AHILYABAI HOLKAR,22.722,75.801,32.0,,52.27
2016-05-27T06:00:00,42754099999,DEVI AHILYABAI HOLKAR,22.722,75.801,33.0,1006.3,48.2
2016-05-27T06:00:00,42754099999,DEVI AHILYABAI HOLKAR,22.722,75.801,33.0,,49.4
2016-05-27T07:00:00,42754099999,DEVI AHILYABAI HOLKAR,22.722,75.801,35.0,,41.54
2016-05-27T08:00:00,42754099999,DEVI AHILYABAI HOLKAR,22.722,75.801,37.0,,34.97
2016-05-27T09:00:00,42754099999,DEVI AHILYABAI HOLKAR,22.722,75.801,37.4,1002.2,33.37
2016-05-27T09:00:00,42754099999,DEVI AHILYABAI HOLKAR,22.722,75.801,37.0,,34.97
2016-05-27T12:00:00,42754099999,DEVI AHILYABAI HOLKAR,22.722,75.801,38.0,1000.9,29.39
2016-05-27T12:00:00,42754099999,DEVI AHILYABAI HOLKAR,22.722,75.801,38.0,,29.2
2016-05-27T15:00:00,42754099999,DEVI AHILYABAI HOLKAR,22.722,75.801,34.2,1002.4,36.91
2016-05-27T15:00:00,42754099999,DEVI AHILYABAI HOLKAR,22.722,75.801,34.0,,36.39
2016-05-27T18:00:00,42754099999,DEVI AHILYABAI HOLKAR,22.722,75.801,31.4,1004.6,44.6
2016-05-27T18:00:00,42754099999,DEVI AHILYABAI HOLKAR,22.722,75.801,31.0,,45.91
2016-05-27T21:00:00,42754099999,DEVI AHILYABAI HOLKAR,22.722,75.801,29.0,1004.3,55.52
2016-05-27T21:00:00,42754099999,DEVI AHILYABAI HOLKAR,22.722,75.801,29.0,,54.83
2016-05-27T23:00:00,42754099999,DEVI AHILYABAI HOLKAR,22.722,75.801,28.0,,61.84
2016-05-28T00:00:00,42754099999,DEVI AHILYABAI HOLKAR,22.722,75.801,27.4,1005.3,66.87
2016-05-28T00:00:00,42754099999,DEVI AHILYABAI HOLKAR,22.722,75.801,27.0,,69.74
2016-05-28T01:00:00,42754099999,DEVI AHILYABAI HOLKAR,22.722,75.801,27.0,,74.14
2016-05-28T02:00:00,42754099999,DEVI AHILYABAI HOLKAR,22.722,75.801,28.0,,69.92
2016-05-28T03:00:00,42754099999,DEVI AHILYABAI HOLKAR,22.722,75.801,29.4,1007.1,65.66
2016-05-28T03:00:00,42754099999,DEVI AHILYABAI HOLKAR,22.722,75.801,29.0,,65.98
2016-05-28T05:00:00,42754099999,DEVI AHILYABAI HOLKAR,22.722,75.801,33.0,,46.44
2016-05-28T06:00:00,42754099999,DEVI AHILYABAI HOLKAR,22.722,75.801,34.2,1005.0,41.58
2016-05-28T06:00:00,42754099999,DEVI AHILYABAI HOLKAR,22.722,75.801,34.0,,41.27
2016-05-28T07:00:00,42754099999,DEVI AHILYABAI HOLKAR,22.722,75.801,35.0,,36.67
2016-05-28T08:00:00,42754099999,DEVI AHILYABAI HOLKAR,22.722,75.801,36.0,,32.57
2016-05-28T09:00:00,42754099999,DEVI AHILYABAI HOLKAR,22.722,75.801,36.2,1001.9,32.22
2016-05-28T09:00:00,42754099999,DEVI AHILYABAI HOLKAR,22.722,75.801,36.0,,32.57
2016-05-28T12:00:00,42754099999,DEVI AHILYABAI HOLKAR,22.722,75.801,37.0,1000.9,24.47
2016-05-28T12:00:00,42754099999,DEVI AHILYABAI HOLKAR,22.722,75.801,37.0,,23.84
2016-05-28T15:00:00,42754099999,DEVI AHILYABAI HOLKAR,22.722,75.801,33.0,1001.6,37.29
2016-05-28T15:00:00,42754099999,DEVI AHILYABAI HOLKAR,22.722,75.801,33.0,,36.12
2016-05-28T18:00:00,42754099999,DEVI AHILYABAI HOLKAR,22.722,75.801,31.0,1003.7,43.1
2016-05-28T18:00:00,42754099999,DEVI AHILYABAI HOLKAR,22.722,75.801,31.0,,43.1
2016-05-28T21:00:00,42754099999,DEVI AHILYABAI HOLKAR,22.722,75.801,29.0,1002.8,51.83
2016-05-28T21:00:00,42754099999,DEVI AHILYABAI HOLKAR,22.722,75.801,29.0,,51.5
2016-05-28T23:00:00,42754099999,DEVI AHILYABAI HOLKAR,22.722,75.801,28.0,,54.58
2016-05-29T00:00:00,42754099999,DEVI AHILYABAI HOLKAR,22.722,75.801,27.2,1003.4,60.14
2016-05-29T00:00:00,42754099999,DEVI AHILYABAI HOLKAR,22.722,75.801,27.0,,61.61
2016-05-29T01:00:00,42754099999,DEVI AHILYABAI HOLKAR,22.722,75.801,28.0,,69.92
2016-05-29T02:00:00,42754099999,DEVI AHILYABAI HOLKAR,22.722,75.801,28.0,,69.92
2016-05-29T03:00:00,42754099999,DEVI AHILYABAI HOLKAR,22.722,75.801,28.4,1005.4,68.73
2016-05-29T03:00:00,42754099999,DEVI AHILYABAI HOLKAR,22.722,75.801,28.0,,69.92
2016-05-29T06:00:00,42754099999,DEVI AHILYABAI HOLKAR,22.722,75.801,33.4,1005.1,43.75
2016-05-29T06:00:00,42754099999,DEVI AHILYABAI HOLKAR,22.722,75.801,33.0,,43.65
2016-05-29T09:00:00,42754099999,DEVI AHILYABAI HOLKAR,22.722,75.801,36.4,1001.3,34.81
2016-05-29T09:00:00,42754099999,DEVI AHILYABAI HOLKAR,22.722,75.801,36.0,,34.7
2016-05-29T11:00:00,42754099999,DEVI AHILYABAI HOLKAR,22.722,75.801,36.0,,30.57
2016-05-29T12:00:00,42754099999,DEVI AHILYABAI HOLKAR,22.722,75.801,36.0,999.1,30.37
2016-05-29T12:00:00,42754099999,DEVI AHILYABAI HOLKAR,22.722,75.801,36.0,,30.57
2016-05-29T13:00:00,42754099999,DEVI AHILYABAI HOLKAR,22.722,75.801,35.0,,30.3
2016-05-29T14:00:00,42754099999,DEVI AHILYABAI HOLKAR,22.722,75.801,33.0,,36.12
2016-05-29T15:00:00,42754099999,DEVI AHILYABAI HOLKAR,22.722,75.801,32.4,1001.1,36.65
2016-05-29T15:00:00,42754099999,DEVI AHILYABAI HOLKAR,22.722,75.801,32.0,,38.21
2016-05-29T18:00:00,42754099999,DEVI AHILYABAI HOLKAR,22.722,75.801,30.2,1001.9,45.41
2016-05-29T18:00:00,42754099999,DEVI AHILYABAI HOLKAR,22.722,75.801,30.0,,45.64
2016-05-29T21:00:00,42754099999,DEVI AHILYABAI HOLKAR,22.722,75.801,28.4,1000.9,50.38
2016-05-29T21:00:00,42754099999,DEVI AHILYABAI HOLKAR,22.722,75.801,28.0,,51.25
2016-05-30T00:00:00,42754099999,DEVI AHILYABAI HOLKAR,22.722,75.801,26.2,1001.6,55.53
2016-05-30T00:00:00,42754099999,DEVI AHILYABAI HOLKAR,22.722,75.801,26.0,,57.63
2016-05-30T03:00:00,42754099999,DEVI AHILYABAI HOLKAR,22.722,75.801,29.0,1005.3,67.6
2016-05-30T03:00:00,42754099999,DEVI AHILYABAI HOLKAR,22.722,75.801,29.0,,65.98
2016-05-30T06:00:00,42754099999,DEVI AHILYABAI HOLKAR,22.722,75.801,33.4,1004.1,45.41
2016-05-30T06:00:00,42754099999,DEVI AHILYABAI HOLKAR,22.722,75.801,33.0,,46.44
2016-05-30T09:00:00,42754099999,DEVI AHILYABAI HOLKAR,22.722,75.801,36.2,1000.7,32.22
2016-05-30T09:00:00,42754099999,DEVI AHILYABAI HOLKAR,22.722,75.801,36.0,,32.57
2016-05-30T12:00:00,42754099999,DEVI AHILYABAI HOLKAR,22.722,75.801,37.4,999.0,27.25
2016-05-30T12:00:00,42754099999,DEVI AHILYABAI HOLKAR,22.722,75.801,37.0,,27.14
2016-05-30T15:00:00,42754099999,DEVI AHILYABAI HOLKAR,22.722,75.801,34.0,1001.2,33.93
2016-05-30T15:00:00,42754099999,DEVI AHILYABAI HOLKAR,22.722,75.801,34.0,,34.15
2016-05-30T18:00:00,42754099999,DEVI AHILYABAI HOLKAR,22.722,75.801,30.8,1002.8,43.88
2016-05-30T18:00:00,42754099999,DEVI AHILYABAI HOLKAR,22.722,75.801,31.0,,43.1
2016-05-30T21:00:00,42754099999,DEVI AHILYABAI HOLKAR,22.722,75.801,29.0,1002.1,51.83
2016-05-30T21:00:00,42754099999,DEVI AHILYABAI HOLKAR,22.722,75.801,29.0,,51.5
2016-05-30T23:00:00,42754099999,DEVI AHILYABAI HOLKAR,22.722,75.801,28.0,,58.11
2016-05-31T00:00:00,42754099999,DEVI AHILYABAI HOLKAR,22.722,75.801,27.4,1003.2,64.04
2016-05-31T00:00:00,42754099999,DEVI AHILYABAI HOLKAR,22.722,75.801,27.0,,65.56
2016-05-31T01:00:00,42754099999,DEVI AHILYABAI HOLKAR,22.722,75.801,27.0,,69.74
2016-05-31T03:00:00,42754099999,DEVI AHILYABAI HOLKAR,22.722,75.801,29.4,1006.3,65.66
2016-05-31T03:00:00,42754099999,DEVI AHILYABAI HOLKAR,22.722,75.801,29.0,,65.98
2016-05-31T04:00:00,42754099999,DEVI AHILYABAI HOLKAR,22.722,75.801,31.0,,55.32
2016-05-31T05:00:00,42754099999,DEVI AHILYABAI HOLKAR,22.722,75.801,32.0,,52.27
2016-05-31T06:00:00,42754099999,DEVI AHILYABAI HOLKAR,22.722,75.801,34.0,1005.0,44.19
2016-05-31T06:00:00,42754099999,DEVI AHILYABAI HOLKAR,22.722,75.801,34.0,,43.91
2016-05-31T07:00:00,42754099999,DEVI AHILYABAI HOLKAR,22.722,75.801,35.0,,39.04
2016-05-31T08:00:00,42754099999,DEVI AHILYABAI HOLKAR,22.722,75.801,36.0,,36.94
2016-05-31T09:00:00,42754099999,DEVI AHILYABAI HOLKAR,22.722,75.801,37.0,1002.1,33.05
2016-05-31T09:00:00,42754099999,DEVI AHILYABAI HOLKAR,22.722,75.801,37.0,,32.85
2016-05-31T10:00:00,42754099999,DEVI AHILYABAI HOLKAR,22.722,75.801,37.0,,30.84
2016-05-31T11:00:00,42754099999,DEVI AHILYABAI HOLKAR,22.722,75.801,35.0,,36.67
2016-05-31T12:00:00,42754099999,DEVI AHILYABAI HOLKAR,22.722,75.801,34.6,1001.4,37.25
2016-05-31T12:00:00,42754099999,DEVI AHILYABAI HOLKAR,22.722,75.801,35.0,,36.67
2016-05-31T15:00:00,42754099999,DEVI AHILYABAI HOLKAR,22.722,75.801,34.4,1002.1,34.48
2016-05-31T15:00:00,42754099999,DEVI AHILYABAI HOLKAR,22.722,75.801,34.0,,34.15
2016-05-31T18:00:00,42754099999,DEVI AHILYABAI HOLKAR,22.722,75.801,31.6,1004.2,40.61
2016-05-31T18:00:00,42754099999,DEVI AHILYABAI HOLKAR,22.722,75.801,32.0,,40.72
2016-05-31T21:00:00,42754099999,DEVI AHILYABAI HOLKAR,22.722,75.801,30.2,1003.4,46.57
2016-05-31T21:00:00,42754099999,DEVI AHILYABAI HOLKAR,22.722,75.801,30.0,,45.64
2016-05-31T23:00:00,42754099999,DEVI AHILYABAI HOLKAR,22.722,75.801,29.0,,51.5
2016-06-01T00:00:00,42754099999,DEVI AHILYABAI HOLKAR,22.722,75.801,28.4,1004.9,62.31
2016-06-01T00:00:00,42754099999,DEVI AHILYABAI HOLKAR,22.722,75.801,28.0,,65.77
2016-06-01T01:00:00,42754099999,DEVI AHILYABAI HOLKAR,22.722,75.801,28.0,,65.77
2016-06-01T02:00:00,42754099999,DEVI AHILYABAI HOLKAR,22.722,75.801,29.0,,65.98
2016-06-01T03:00:00,42754099999,DEVI AHILYABAI HOLKAR,22.722,75.801,30.2,1006.9,58.99
2016-06-01T03:00:00,42754099999,DEVI AHILYABAI HOLKAR,22.722,75.801,30.0,,58.58
2016-06-01T04:00:00,42754099999,DEVI AHILYABAI HOLKAR,22.722,75.801,32.0,,52.27
2016-06-01T05:00:00,42754099999,DEVI AHILYABAI HOLKAR,22.722,75.801,34.0,,46.71
2016-06-01T06:00:00,42754099999,DEVI AHILYABAI HOLKAR,22.722,75.801,35.6,1005.1,39.2
2016-06-01T06:00:00,42754099999,DEVI AHILYABAI HOLKAR,22.722,75.801,36.0,,39.31
2016-06-01T07:00:00,42754099999,DEVI AHILYABAI HOLKAR,22.722,75.801,36.0,,36.94
2016-06-01T09:00:00,42754099999,DEVI AHILYABAI HOLKAR,22.722,75.801,38.6,1001.8,29.36
2016-06-01T09:00:00,42754099999,DEVI AHILYABAI HOLKAR,22.722,75.801,39.0,,29.47
2016-06-01T10:00:00,42754099999,DEVI AHILYABAI HOLKAR,22.722,75.801,38.0,,29.2
2016-06-01T11:00:00,42754099999,DEVI AHILYABAI HOLKAR,22.722,75.801,39.0,,25.96
2016-06-01T12:00:00,42754099999,DEVI AHILYABAI HOLKAR,22.722,75.801,39.0,999.9,26.13
2016-06-01T13:00:00,42754099999,DEVI AHILYABAI HOLKAR,22.722,75.801,37.0,,27.14
2016-06-01T15:00:00,42754099999,DEVI AHILYABAI HOLKAR,22.722,75.801,35.4,1001.5,30.41
2016-06-01T15:00:00,42754099999,DEVI AHILYABAI HOLKAR,22.722,75.801,35.0,,30.3
2016-06-01T18:00:00,42754099999,DEVI AHILYABAI HOLKAR,22.722,75.801,32.2,1003.6,39.26
2016-06-01T18:00:00,42754099999,DEVI AHILYABAI HOLKAR,22.722,75.801,32.0,,40.72
2016-06-01T21:00:00,42754099999,DEVI AHILYABAI HOLKAR,22.722,75.801,30.2,1002.8,42.07
2016-06-01T21:00:00,42754099999,DEVI AHILYABAI HOLKAR,22.722,75.801,30.0,,42.83
2016-06-02T00:00:00,42754099999,DEVI AHILYABAI HOLKAR,22.722,75.801,28.4,1004.2,46.68
2016-06-02T00:00:00,42754099999,DEVI AHILYABAI HOLKAR,22.722,75.801,28.0,,48.09
2016-06-02T03:00:00,42754099999,DEVI AHILYABAI HOLKAR,22.722,75.801,30.0,1006.0,60.04
2016-06-02T03:00:00,42754099999,DEVI AHILYABAI HOLKAR,22.722,75.801,30.0,,58.58
2016-06-02T06:00:00,42754099999,DEVI AHILYABAI HOLKAR,22.722,75.801,35.0,1005.3,39.53
2016-06-02T06:00:00,42754099999,DEVI AHILYABAI HOLKAR,22.722,75.801,35.0,,39.04
2016-06-02T09:00:00,42754099999,DEVI AHILYABAI HOLKAR,22.722,75.801,39.2,1001.6,24.25
2016-06-02T09:00:00,42754099999,DEVI AHILYABAI HOLKAR,22.722,75.801,39.0,,24.35
2016-06-02T12:00:00,42754099999,DEVI AHILYABAI HOLKAR,22.722,75.801,40.0,999.2,23.08
2016-06-02T12:00:00,42754099999,DEVI AHILYABAI HOLKAR,22.722,75.801,40.0,,23.08
2016-06-02T15:00:00,42754099999,DEVI AHILYABAI HOLKAR,22.722,75.801,36.4,1000.7,26.64
2016-06-02T15:00:00,42754099999,DEVI AHILYABAI HOLKAR,22.722,75.801,36.0,,26.88
2016-06-02T18:00:00,42754099999,DEVI AHILYABAI HOLKAR,22.722,75.801,33.0,1002.7,35.43
2016-06-02T18:00:00,42754099999,DEVI AHILYABAI HOLKAR,22.722,75.801,33.0,,36.12
2016-06-02T21:00:00,42754099999,DEVI AHILYABAI HOLKAR,22.722,75.801,29.0,1002.2,46.25
2016-06-03T00:00:00,42754099999,DEVI AHILYABAI HOLKAR,22.722,75.801,28.2,1003.1,49.38
2016-06-03T00:00:00,42754099999,DEVI AHILYABAI HOLKAR,22.722,75.801,28.0,,51.25
2016-06-03T01:00:00,42754099999,DEVI AHILYABAI HOLKAR,22.722,75.801,28.0,,58.11
2016-06-03T02:00:00,42754099999,DEVI AHILYABAI HOLKAR,22.722,75.801,30.0,,55.08
2016-06-03T03:00:00,42754099999,DEVI AHILYABAI HOLKAR,22.722,75.801,30.6,1005.1,54.55
2016-06-03T03:00:00,42754099999,DEVI AHILYABAI HOLKAR,22.722,75.801,31.0,,52.01
2016-06-03T04:00:00,42754099999,DEVI AHILYABAI HOLKAR,22.722,75.801,33.0,,43.65
2016-06-03T05:00:00,42754099999,DEVI AHILYABAI HOLKAR,22.722,75.801,36.0,,36.94
2016-06-03T06:00:00,42754099999,DEVI AHILYABAI HOLKAR,22.722,75.801,37.6,1003.3,32.8
2016-06-03T06:00:00,42754099999,DEVI AHILYABAI HOLKAR,22.722,75.801,38.0,,31.11
2016-06-03T09:00:00,42754099999,DEVI AHILYABAI HOLKAR,22.722,75.801,40.0,1000.9,24.45
2016-06-03T09:00:00,42754099999,DEVI AHILYABAI HOLKAR,22.722,75.801,40.0,,24.61
2016-06-03T12:00:00,42754099999,DEVI AHILYABAI HOLKAR,22.722,75.801,39.2,999.0,24.25
2016-06-03T12:00:00,42754099999,DEVI AHILYABAI HOLKAR,22.722,75.801,39.0,,24.35
2016-06-03T15:00:00,42754099999,DEVI AHILYABAI HOLKAR,22.722,75.801,36.2,999.9,28.17
2016-06-03T15:00:00,42754099999,DEVI AHILYABAI HOLKAR,22.722,75.801,36.0,,28.67
2016-06-03T18:00:00,42754099999,DEVI AHILYABAI HOLKAR,22.722,75.801,33.4,1002.0,35.09
2016-06-03T18:00:00,42754099999,DEVI AHILYABAI HOLKAR,22.722,75.801,33.0,,36.12
2016-06-03T21:00:00,42754099999,DEVI AHILYABAI HOLKAR,22.722,75.801,31.4,1000.9,37.56
2016-06-04T00:00:00,42754099999,DEVI AHILYABAI HOLKAR,22.722,75.801,29.4,1001.7,45.48
2016-06-04T03:00:00,42754099999,DEVI AHILYABAI HOLKAR,22.722,75.801,34.0,1003.3,28.88
2016-06-04T03:00:00,42754099999,DEVI AHILYABAI HOLKAR,22.722,75.801,34.0,,28.13
2016-06-04T05:00:00,42754099999,DEVI AHILYABAI HOLKAR,22.722,75.801,38.0,,17.31
2016-06-04T06:00:00,42754099999,DEVI AHILYABAI HOLKAR,22.722,75.801,39.6,1001.7,15.56
2016-06-04T06:00:00,42754099999,DEVI AHILYABAI HOLKAR,22.722,75.801,40.0,,15.54
2016-06-04T07:00:00,42754099999,DEVI AHILYABAI HOLKAR,22.722,75.801,40.0,,15.54
2016-06-04T08:00:00,42754099999,DEVI AHILYABAI HOLKAR,22.722,75.801,42.0,,15.98
2016-06-04T09:00:00,42754099999,DEVI AHILYABAI HOLKAR,22.722,75.801,42.0,999.2,18.35
2016-06-04T12:00:00,42754099999,DEVI AHILYABAI HOLKAR,22.722,75.801,42.4,997.0,16.5
2016-06-04T12:00:00,42754099999,DEVI AHILYABAI HOLKAR,22.722,75.801,42.0,,17.07
2016-06-04T15:00:00,42754099999,DEVI AHILYABAI HOLKAR,22.722,75.801,38.0,999.6,25.7
2016-06-04T15:00:00,42754099999,DEVI AHILYABAI HOLKAR,22.722,75.801,38.0,,25.7
2016-06-04T18:00:00,42754099999,DEVI AHILYABAI HOLKAR,22.722,75.801,35.6,1000.6,29.88
2016-06-04T18:00:00,42754099999,DEVI AHILYABAI HOLKAR,22.722,75.801,36.0,,28.67
2016-06-04T21:00:00,42754099999,DEVI AHILYABAI HOLKAR,22.722,75.801,32.2,1000.1,42.35
2016-06-04T21:00:00,42754099999,DEVI AHILYABAI HOLKAR,22.722,75.801,32.0,,43.38
2016-06-04T23:00:00,42754099999,DEVI AHILYABAI HOLKAR,22.722,75.801,32.0,,43.38
2016-06-05T00:00:00,42754099999,DEVI AHILYABAI HOLKAR,22.722,75.801,31.8,1000.9,42.51
2016-06-05T00:00:00,42754099999,DEVI AHILYABAI HOLKAR,22.722,75.801,31.0,,43.1
2016-06-05T01:00:00,42754099999,DEVI AHILYABAI HOLKAR,22.722,75.801,30.0,,51.76
2016-06-05T02:00:00,42754099999,DEVI AHILYABAI HOLKAR,22.722,75.801,32.0,,35.84
2016-06-05T03:00:00,42754099999,DEVI AHILYABAI HOLKAR,22.722,75.801,34.0,1002.7,18.32
2016-06-05T03:00:00,42754099999,DEVI AHILYABAI HOLKAR,22.722,75.801,34.0,,18.83
2016-06-05T05:00:00,42754099999,DEVI AHILYABAI HOLKAR,22.722,75.801,40.0,,13.57
2016-06-05T06:00:00,42754099999,DEVI AHILYABAI HOLKAR,22.722,75.801,40.6,1001.4,16.1
2016-06-05T06:00:00,42754099999,DEVI AHILYABAI HOLKAR,22.722,75.801,41.0,,15.76
2016-06-05T07:00:00,42754099999,DEVI AHILYABAI HOLKAR,22.722,75.801,42.0,,18.23
2016-06-05T08:00:00,42754099999,DEVI AHILYABAI HOLKAR,22.722,75.801,42.0,,17.07
2016-06-05T09:00:00,42754099999,DEVI AHILYABAI HOLKAR,22.722,75.801,42.6,998.4,14.98
2016-06-05T09:00:00,42754099999,DEVI AHILYABAI HOLKAR,22.722,75.801,43.0,,15.16
2016-06-05T12:00:00,42754099999,DEVI AHILYABAI HOLKAR,22.722,75.801,43.0,996.4,10.59
2016-06-05T12:00:00,42754099999,DEVI AHILYABAI HOLKAR,22.722,75.801,43.0,,10.81
2016-06-05T15:00:00,42754099999,DEVI AHILYABAI HOLKAR,22.722,75.801,38.2,998.2,15.05
2016-06-05T15:00:00,42754099999,DEVI AHILYABAI HOLKAR,22.722,75.801,38.0,,15.11
2016-06-05T18:00:00,42754099999,DEVI AHILYABAI HOLKAR,22.722,75.801,36.0,1000.0,16.06
2016-06-05T18:00:00,42754099999,DEVI AHILYABAI HOLKAR,22.722,75.801,36.0,,15.74
2016-06-05T21:00:00,42754099999,DEVI AHILYABAI HOLKAR,22.722,75.801,33.0,999.3,20.89
2016-06-05T21:00:00,42754099999,DEVI AHILYABAI HOLKAR,22.722,75.801,33.0,,21.32
2016-06-05T23:00:00,42754099999,DEVI AHILYABAI HOLKAR,22.722,75.801,32.0,,22.56
2016-06-06T00:00:00,42754099999,DEVI AHILYABAI HOLKAR,22.722,75.801,30.8,1000.4,26.37
2016-06-06T00:00:00,42754099999,DEVI AHILYABAI HOLKAR,22.722,75.801,31.0,,25.55
2016-06-06T01:00:00,42754099999,DEVI AHILYABAI HOLKAR,22.722,75.801,30.0,,33.05
2016-06-06T02:00:00,42754099999,DEVI AHILYABAI HOLKAR,22.722,75.801,31.0,,37.94
2016-06-06T03:00:00,42754099999,DEVI AHILYABAI HOLKAR,22.722,75.801,31.4,1003.0,41.34
2016-06-06T03:00:00,42754099999,DEVI AHILYABAI HOLKAR,22.722,75.801,31.0,,43.1
2016-06-06T04:00:00,42754099999,DEVI AHILYABAI HOLKAR,22.722,75.801,34.0,,34.15
2016-06-06T05:00:00,42754099999,DEVI AHILYABAI HOLKAR,22.722,75.801,36.0,,28.67
2016-06-06T06:00:00,42754099999,DEVI AHILYABAI HOLKAR,22.722,75.801,38.8,1001.5,25.09
2016-06-06T06:00:00,42754099999,DEVI AHILYABAI HOLKAR,22.722,75.801,39.0,,24.35
2016-06-06T08:00:00,42754099999,DEVI AHILYABAI HOLKAR,22.722,75.801,42.0,,14.95
2016-06-06T09:00:00,42754099999,DEVI AHILYABAI HOLKAR,22.722,75.801,43.0,997.5,11.66
2016-06-06T09:00:00,42754099999,DEVI AHILYABAI HOLKAR,22.722,75.801,43.0,,11.58
2016-06-06T10:00:00,42754099999,DEVI AHILYABAI HOLKAR,22.722,75.801,44.0,,10.26
2016-06-06T11:00:00,42754099999,DEVI AHILYABAI HOLKAR,22.722,75.801,43.0,,12.39
2016-06-06T12:00:00,42754099999,DEVI AHILYABAI HOLKAR,22.722,75.801,42.6,995.2,12.23
2016-06-06T12:00:00,42754099999,DEVI AHILYABAI HOLKAR,22.722,75.801,43.0,,11.58
2016-06-06T13:00:00,42754099999,DEVI AHILYABAI HOLKAR,22.722,75.801,42.0,,13.06
2016-06-06T14:00:00,42754099999,DEVI AHILYABAI HOLKAR,22.722,75.801,40.0,,16.62
2016-06-06T15:00:00,42754099999,DEVI AHILYABAI HOLKAR,22.722,75.801,39.0,998.1,17.9
2016-06-06T15:00:00,42754099999,DEVI AHILYABAI HOLKAR,22.722,75.801,39.0,,17.54
2016-06-06T18:00:00,42754099999,DEVI AHILYABAI HOLKAR,22.722,75.801,36.2,999.8,19.89
2016-06-06T18:00:00,42754099999,DEVI AHILYABAI HOLKAR,22.722,75.801,36.0,,20.65
2016-06-06T21:00:00,42754099999,DEVI AHILYABAI HOLKAR,22.722,75.801,34.0,999.9,24.66
2016-06-06T21:00:00,42754099999,DEVI AHILYABAI HOLKAR,22.722,75.801,34.0,,24.66
2016-06-07T00:00:00,42754099999,DEVI AHILYABAI HOLKAR,22.722,75.801,31.4,1000.9,31.73
2016-06-07T00:00:00,42754099999,DEVI AHILYABAI HOLKAR,22.722,75.801,31.0,,33.32
2016-06-07T01:00:00,42754099999,DEVI AHILYABAI HOLKAR,22.722,75.801,29.0,,42.56
2016-06-07T02:00:00,42754099999,DEVI AHILYABAI HOLKAR,22.722,75.801,31.0,,43.1
2016-06-07T03:00:00,42754099999,DEVI AHILYABAI HOLKAR,22.722,75.801,32.6,1003.2,44.64
2016-06-07T03:00:00,42754099999,DEVI AHILYABAI HOLKAR,22.722,75.801,33.0,,43.65
2016-06-07T04:00:00,42754099999,DEVI AHILYABAI HOLKAR,22.722,75.801,34.0,,41.27
2016-06-07T05:00:00,42754099999,DEVI AHILYABAI HOLKAR,22.722,75.801,36.0,,34.7
2016-06-07T06:00:00,42754099999,DEVI AHILYABAI HOLKAR,22.722,75.801,38.0,1001.1,29.39
2016-06-07T06:00:00,42754099999,DEVI AHILYABAI HOLKAR,22.722,75.801,38.0,,29.2
2016-06-07T07:00:00,42754099999,DEVI AHILYABAI HOLKAR,22.722,75.801,39.0,,25.96
2016-06-07T08:00:00,42754099999,DEVI AHILYABAI HOLKAR,22.722,75.801,41.0,,23.33
2016-06-07T09:00:00,42754099999,DEVI AHILYABAI HOLKAR,22.722,75.801,42.2,997.7,20.94
2016-06-07T09:00:00,42754099999,DEVI AHILYABAI HOLKAR,22.722,75.801,42.0,,20.75
2016-06-07T10:00:00,42754099999,DEVI AHILYABAI HOLKAR,22.722,75.801,43.0,,16.2
2016-06-07T11:00:00,42754099999,DEVI AHILYABAI HOLKAR,22.722,75.801,43.0,,15.16
2016-06-07T12:00:00,42754099999,DEVI AHILYABAI HOLKAR,22.722,75.801,42.4,995.8,15.34
2016-06-07T12:00:00,42754099999,DEVI AHILYABAI HOLKAR,22.722,75.801,42.0,,15.98
2016-06-07T13:00:00,42754099999,DEVI AHILYABAI HOLKAR,22.722,75.801,41.0,,16.85
2016-06-07T15:00:00,42754099999,DEVI AHILYABAI HOLKAR,22.722,75.801,37.8,998.2,22.53
2016-06-07T15:00:00,42754099999,DEVI AHILYABAI HOLKAR,22.722,75.801,38.0,,22.58
2016-06-07T18:00:00,42754099999,DEVI AHILYABAI HOLKAR,22.722,75.801,35.2,999.2,28.64
2016-06-07T18:00:00,42754099999,DEVI AHILYABAI HOLKAR,22.722,75.801,35.0,,28.4
2016-06-07T21:00:00,42754099999,DEVI AHILYABAI HOLKAR,22.722,75.801,32.2,998.8,36.59
2016-06-07T21:00:00,42754099999,DEVI AHILYABAI HOLKAR,22.722,75.801,32.0,,35.84
2016-06-07T23:00:00,42754099999,DEVI AHILYABAI HOLKAR,22.722,75.801,30.0,,42.83
2016-06-08T00:00:00,42754099999,DEVI AHILYABAI HOLKAR,22.722,75.801,29.4,1000.6,46.65
2016-06-08T00:00:00,42754099999,DEVI AHILYABAI HOLKAR,22.722,75.801,29.0,,48.35
2016-06-08T01:00:00,42754099999,DEVI AHILYABAI HOLKAR,22.722,75.801,29.0,,54.83
2016-06-08T03:00:00,42754099999,DEVI AHILYABAI HOLKAR,22.722,75.801,30.4,1001.5,56.55
2016-06-08T03:00:00,42754099999,DEVI AHILYABAI HOLKAR,22.722,75.801,30.0,,58.58
2016-06-08T05:00:00,42754099999,DEVI AHILYABAI HOLKAR,22.722,75.801,36.0,,39.31
2016-06-08T06:00:00,42754099999,DEVI AHILYABAI HOLKAR,22.722,75.801,37.6,1000.2,36.01
2016-06-08T06:00:00,42754099999,DEVI AHILYABAI HOLKAR,22.722,75.801,38.0,,35.24
2016-06-08T07:00:00,42754099999,DEVI AHILYABAI HOLKAR,22.722,75.801,39.0,,29.47
2016-06-08T08:00:00,42754099999,DEVI AHILYABAI HOLKAR,22.722,75.801,41.0,,24.86
2016-06-08T09:00:00,42754099999,DEVI AHILYABAI HOLKAR,22.722,75.801,41.0,997.0,23.48
2016-06-08T09:00:00,42754099999,DEVI AHILYABAI HOLKAR,22.722,75.801,41.0,,23.33
2016-06-08T11:00:00,42754099999,DEVI AHILYABAI HOLKAR,22.722,75.801,42.0,,18.23
2016-06-08T12:00:00,42754099999,DEVI AHILYABAI HOLKAR,22.722,75.801,41.4,994.4,18.33
2016-06-08T15:00:00,42754099999,DEVI AHILYABAI HOLKAR,22.722,75.801,36.8,997.8,25.06
2016-06-08T15:00:00,42754099999,DEVI AHILYABAI HOLKAR,22.722,75.801,37.0,,25.44
2016-06-08T18:00:00,42754099999,DEVI AHILYABAI HOLKAR,22.722,75.801,35.2,998.8,27.73
2016-06-08T18:00:00,42754099999,DEVI AHILYABAI HOLKAR,22.722,75.801,35.0,,28.4
2016-06-08T21:00:00,42754099999,DEVI AHILYABAI HOLKAR,22.722,75.801,33.0,,31.96
2016-06-08T21:00:00,42754099999,DEVI AHILYABAI HOLKAR,22.722,75.801,33.0,,31.76
2016-06-08T23:00:00,42754099999,DEVI AHILYABAI HOLKAR,22.722,75.801,31.0,,37.94
2016-06-09T00:00:00,42754099999,DEVI AHILYABAI HOLKAR,22.722,75.801,30.4,999.6,41.33
2016-06-09T00:00:00,42754099999,DEVI AHILYABAI HOLKAR,22.722,75.801,30.0,,42.83
2016-06-09T01:00:00,42754099999,DEVI AHILYABAI HOLKAR,22.722,75.801,29.0,,54.83
2016-06-09T02:00:00,42754099999,DEVI AHILYABAI HOLKAR,22.722,75.801,29.0,,62.06
2016-06-09T03:00:00,42754099999,DEVI AHILYABAI HOLKAR,22.722,75.801,28.6,1002.2,66.3
2016-06-09T03:00:00,42754099999,DEVI AHILYABAI HOLKAR,22.722,75.801,29.0,,65.98
2016-06-09T06:00:00,42754099999,DEVI AHILYABAI HOLKAR,22.722,75.801,33.2,1001.6,47.95
2016-06-09T06:00:00,42754099999,DEVI AHILYABAI HOLKAR,22.722,75.801,33.0,,49.4
2016-06-09T07:00:00,42754099999,DEVI AHILYABAI HOLKAR,22.722,75.801,36.0,,34.7
2016-06-09T09:00:00,42754099999,DEVI AHILYABAI HOLKAR,22.722,75.801,39.6,998.5,24.66
2016-06-09T09:00:00,42754099999,DEVI AHILYABAI HOLKAR,22.722,75.801,40.0,,24.61
2016-06-09T12:00:00,42754099999,DEVI AHILYABAI HOLKAR,22.722,75.801,39.4,996.2,21.77
2016-06-09T12:00:00,42754099999,DEVI AHILYABAI HOLKAR,22.722,75.801,39.0,,22.83
2016-06-09T13:00:00,42754099999,DEVI AHILYABAI HOLKAR,22.722,75.801,38.0,,25.7
2016-06-09T15:00:00,42754099999,DEVI AHILYABAI HOLKAR,22.722,75.801,35.4,998.3,33.04
2016-06-09T15:00:00,42754099999,DEVI AHILYABAI HOLKAR,22.722,75.801,35.0,,34.42
2016-06-09T18:00:00,42754099999,DEVI AHILYABAI HOLKAR,22.722,75.801,32.2,1000.7,43.43
2016-06-09T18:00:00,42754099999,DEVI AHILYABAI HOLKAR,22.722,75.801,32.0,,43.38
2016-06-09T21:00:00,42754099999,DEVI AHILYABAI HOLKAR,22.722,75.801,30.8,1001.0,45.0
2016-06-09T21:00:00,42754099999,DEVI AHILYABAI HOLKAR,22.722,75.801,31.0,,43.1
2016-06-10T00:00:00,42754099999,DEVI AHILYABAI HOLKAR,22.722,75.801,28.6,1001.9,67.52
2016-06-10T00:00:00,42754099999,DEVI AHILYABAI HOLKAR,22.722,75.801,29.0,,65.98
2016-06-10T01:00:00,42754099999,DEVI AHILYABAI HOLKAR,22.722,75.801,28.0,,69.92
2016-06-10T03:00:00,42754099999,DEVI AHILYABAI HOLKAR,22.722,75.801,34.0,1003.5,49.05
2016-06-10T03:00:00,42754099999,DEVI AHILYABAI HOLKAR,22.722,75.801,30.0,,62.28
2016-06-10T04:00:00,42754099999,DEVI AHILYABAI HOLKAR,22.722,75.801,32.0,,52.27
2016-06-10T05:00:00,42754099999,DEVI AHILYABAI HOLKAR,22.722,75.801,34.0,,46.71
2016-06-10T06:00:00,42754099999,DEVI AHILYABAI HOLKAR,22.722,75.801,35.4,1001.7,43.48
2016-06-10T06:00:00,42754099999,DEVI AHILYABAI HOLKAR,22.722,75.801,35.0,,44.18
2016-06-10T08:00:00,42754099999,DEVI AHILYABAI HOLKAR,22.722,75.801,37.0,,37.21
2016-06-10T09:00:00,42754099999,DEVI AHILYABAI HOLKAR,22.722,75.801,37.0,999.2,35.41
2016-06-10T09:00:00,42754099999,DEVI AHILYABAI HOLKAR,22.722,75.801,37.0,,34.97
2016-06-10T10:00:00,42754099999,DEVI AHILYABAI HOLKAR,22.722,75.801,39.0,,29.47
2016-06-10T11:30:00,42754099999,DEVI AHILYABAI HOLKAR,22.722,75.801,39.0,,29.47
2016-06-10T12:00:00,42754099999,DEVI AHILYABAI HOLKAR,22.722,75.801,38.0,997.0,33.32
2016-06-10T12:00:00,42754099999,DEVI AHILYABAI HOLKAR,22.722,75.801,38.0,,33.12
2016-06-10T13:00:00,42754099999,DEVI AHILYABAI HOLKAR,22.722,75.801,36.0,,36.94
2016-06-10T15:00:00,42754099999,DEVI AHILYABAI HOLKAR,22.722,75.801,33.6,999.7,43.81
2016-06-10T15:00:00,42754099999,DEVI AHILYABAI HOLKAR,22.722,75.801,34.0,,43.91
2016-06-10T18:00:00,42754099999,DEVI AHILYABAI HOLKAR,22.722,75.801,32.0,1001.0,53.56
2016-06-10T18:00:00,42754099999,DEVI AHILYABAI HOLKAR,22.722,75.801,32.0,,52.27
2016-06-10T21:00:00,42754099999,DEVI AHILYABAI HOLKAR,22.722,75.801,30.6,1001.1,70.4
2016-06-10T21:00:00,42754099999,DEVI AHILYABAI HOLKAR,22.722,75.801,31.0,,70.48
2016-06-11T00:00:00,42754099999,DEVI AHILYABAI HOLKAR,22.722,75.801,28.4,1002.6,71.28
2016-06-11T00:00:00,42754099999,DEVI AHILYABAI HOLKAR,22.722,75.801,28.0,,74.3
2016-06-11T03:00:00,42754099999,DEVI AHILYABAI HOLKAR,22.722,75.801,30.2,1003.2,63.47
2016-06-11T03:00:00,42754099999,DEVI AHILYABAI HOLKAR,22.722,75.801,30.0,,66.18
2016-06-11T04:00:00,42754099999,DEVI AHILYABAI HOLKAR,22.722,75.801,32.0,,55.56
2016-06-11T05:00:00,42754099999,DEVI AHILYABAI HOLKAR,22.722,75.801,33.0,,49.4
2016-06-11T06:00:00,42754099999,DEVI AHILYABAI HOLKAR,22.722,75.801,34.4,1002.3,45.4
2016-06-11T06:00:00,42754099999,DEVI AHILYABAI HOLKAR,22.722,75.801,34.0,,46.71
2016-06-11T08:00:00,42754099999,DEVI AHILYABAI HOLKAR,22.722,75.801,37.0,,34.97
2016-06-11T09:00:00,42754099999,DEVI AHILYABAI HOLKAR,22.722,75.801,37.6,999.4,33.63
2016-06-11T09:00:00,42754099999,DEVI AHILYABAI HOLKAR,22.722,75.801,38.0,,33.12
2016-06-11T10:00:00,42754099999,DEVI AHILYABAI HOLKAR,22.722,75.801,38.0,,33.12
2016-06-11T11:00:00,42754099999,DEVI AHILYABAI HOLKAR,22.722,75.801,38.0,,33.12
2016-06-11T12:00:00,42754099999,DEVI AHILYABAI HOLKAR,22.722,75.801,37.0,997.5,33.89
2016-06-11T12:00:00,42754099999,DEVI AHILYABAI HOLKAR,22.722,75.801,37.0,,34.97
2016-06-11T14:00:00,42754099999,DEVI AHILYABAI HOLKAR,22.722,75.801,34.0,,36.39
2016-06-11T15:00:00,42754099999,DEVI AHILYABAI HOLKAR,22.722,75.801,33.0,1000.6,42.04
2016-06-11T15:00:00,42754099999,DEVI AHILYABAI HOLKAR,22.722,75.801,33.0,,41.0
2016-06-11T18:00:00,42754099999,DEVI AHILYABAI HOLKAR,22.722,75.801,31.4,1001.9,56.45
2016-06-11T18:00:00,42754099999,DEVI AHILYABAI HOLKAR,22.722,75.801,31.0,,58.81
2016-06-11T21:00:00,42754099999,DEVI AHILYABAI HOLKAR,22.722,75.801,30.2,1001.5,57.91
2016-06-11T21:00:00,42754099999,DEVI AHILYABAI HOLKAR,22.722,75.801,30.0,,58.58
2016-06-12T00:00:00,42754099999,DEVI AHILYABAI HOLKAR,22.722,75.801,27.8,1002.7,72.49
2016-06-12T00:00:00,42754099999,DEVI AHILYABAI HOLKAR,22.722,75.801,28.0,,69.92
2016-06-12T02:00:00,42754099999,DEVI AHILYABAI HOLKAR,22.722,75.801,28.0,,69.92
2016-06-12T03:00:00,42754099999,DEVI AHILYABAI HOLKAR,22.722,75.801,29.4,1003.6,62.91
2016-06-12T03:00:00,42754099999,DEVI AHILYABAI HOLKAR,22.722,75.801,29.0,,65.98
2016-06-12T06:00:00,42754099999,DEVI AHILYABAI HOLKAR,22.722,75.801,33.8,1002.3,43.05
2016-06-12T06:00:00,42754099999,DEVI AHILYABAI HOLKAR,22.722,75.801,34.0,,41.27
2016-06-12T07:00:00,42754099999,DEVI AHILYABAI HOLKAR,22.722,75.801,35.0,,39.04
2016-06-12T09:00:00,42754099999,DEVI AHILYABAI HOLKAR,22.722,75.801,37.2,999.1,33.95
2016-06-12T09:00:00,42754099999,DEVI AHILYABAI HOLKAR,22.722,75.801,37.0,,34.97
2016-06-12T12:00:00,42754099999,DEVI AHILYABAI HOLKAR,22.722,75.801,38.2,996.8,27.46
2016-06-12T12:00:00,42754099999,DEVI AHILYABAI HOLKAR,22.722,75.801,38.0,,27.4
2016-06-12T13:00:00,42754099999,DEVI AHILYABAI HOLKAR,22.722,75.801,36.0,,32.57
2016-06-12T15:00:00,42754099999,DEVI AHILYABAI HOLKAR,22.722,75.801,34.0,999.9,40.25
2016-06-12T15:00:00,42754099999,DEVI AHILYABAI HOLKAR,22.722,75.801,34.0,,41.27
2016-06-12T18:00:00,42754099999,DEVI AHILYABAI HOLKAR,22.722,75.801,31.8,1001.6,53.51
2016-06-12T18:00:00,42754099999,DEVI AHILYABAI HOLKAR,22.722,75.801,32.0,,52.27
2016-06-12T21:00:00,42754099999,DEVI AHILYABAI HOLKAR,22.722,75.801,30.4,1001.2,57.96
2016-06-12T21:00:00,42754099999,DEVI AHILYABAI HOLKAR,22.722,75.801,30.0,,58.58
2016-06-13T00:00:00,42754099999,DEVI AHILYABAI HOLKAR,22.722,75.801,27.6,1003.0,72.01
2016-06-13T00:00:00,42754099999,DEVI AHILYABAI HOLKAR,22.722,75.801,28.0,,69.92
2016-06-13T03:00:00,42754099999,DEVI AHILYABAI HOLKAR,22.722,75.801,29.4,1004.3,62.91
2016-06-13T03:00:00,42754099999,DEVI AHILYABAI HOLKAR,22.722,75.801,29.0,,65.98
2016-06-13T04:00:00,42754099999,DEVI AHILYABAI HOLKAR,22.722,75.801,30.0,,55.08
2016-06-13T06:00:00,42754099999,DEVI AHILYABAI HOLKAR,22.722,75.801,33.4,1003.3,43.48
2016-06-13T06:00:00,42754099999,DEVI AHILYABAI HOLKAR,22.722,75.801,33.0,,43.65
2016-06-13T09:00:00,42754099999,DEVI AHILYABAI HOLKAR,22.722,75.801,36.4,1000.3,35.69
2016-06-13T09:00:00,42754099999,DEVI AHILYABAI HOLKAR,22.722,75.801,36.0,,36.94
2016-06-13T12:00:00,42754099999,DEVI AHILYABAI HOLKAR,22.722,75.801,36.6,999.0,33.36
2016-06-13T12:00:00,42754099999,DEVI AHILYABAI HOLKAR,22.722,75.801,37.0,,32.85
2016-06-13T13:30:00,42754099999,DEVI AHILYABAI HOLKAR,22.722,75.801,35.0,,36.67
2016-06-13T15:00:00,42754099999,DEVI AHILYABAI HOLKAR,22.722,75.801,33.0,1000.9,41.25
2016-06-13T15:00:00,42754099999,DEVI AHILYABAI HOLKAR,22.722,75.801,33.0,,41.0
2016-06-13T18:00:00,42754099999,DEVI AHILYABAI HOLKAR,22.722,75.801,30.6,1002.6,56.95
2016-06-13T18:00:00,42754099999,DEVI AHILYABAI HOLKAR,22.722,75.801,31.0,,55.32
2016-06-13T21:00:00,42754099999,DEVI AHILYABAI HOLKAR,22.722,75.801,29.0,1002.8,58.71
2016-06-13T21:00:00,42754099999,DEVI AHILYABAI HOLKAR,22.722,75.801,29.0,,58.35
2016-06-14T00:00:00,42754099999,DEVI AHILYABAI HOLKAR,22.722,75.801,26.8,1002.8,71.87
2016-06-14T00:00:00,42754099999,DEVI AHILYABAI HOLKAR,22.722,75.801,27.0,,69.74
2016-06-14T01:00:00,42754099999,DEVI AHILYABAI HOLKAR,22.722,75.801,27.0,,69.74
2016-06-14T02:00:00,42754099999,DEVI AHILYABAI HOLKAR,22.722,75.801,27.0,,69.74
2016-06-14T03:00:00,42754099999,DEVI AHILYABAI HOLKAR,22.722,75.801,28.6,1003.8,63.91
2016-06-14T03:00:00,42754099999,DEVI AHILYABAI HOLKAR,22.722,75.801,29.0,,62.06
2016-06-14T04:00:00,42754099999,DEVI AHILYABAI HOLKAR,22.722,75.801,31.0,,55.32
2016-06-14T05:00:00,42754099999,DEVI AHILYABAI HOLKAR,22.722,75.801,32.0,,49.14
2016-06-14T06:00:00,42754099999,DEVI AHILYABAI HOLKAR,22.722,75.801,33.2,1002.8,43.43
2016-06-14T06:00:00,42754099999,DEVI AHILYABAI HOLKAR,22.722,75.801,33.0,,43.65
2016-06-14T07:00:00,42754099999,DEVI AHILYABAI HOLKAR,22.722,75.801,34.0,,41.27
2016-06-14T09:00:00,42754099999,DEVI AHILYABAI HOLKAR,22.722,75.801,35.6,999.8,34.81
2016-06-14T09:00:00,42754099999,DEVI AHILYABAI HOLKAR,22.722,75.801,36.0,,34.7
2016-06-14T10:00:00,42754099999,DEVI AHILYABAI HOLKAR,22.722,75.801,36.0,,36.94
2016-06-14T12:00:00,42754099999,DEVI AHILYABAI HOLKAR,22.722,75.801,35.8,997.8,35.08
2016-06-14T12:00:00,42754099999,DEVI AHILYABAI HOLKAR,22.722,75.801,36.0,,34.7
2016-06-14T15:00:00,42754099999,DEVI AHILYABAI HOLKAR,22.722,75.801,32.2,999.1,48.29
2016-06-14T15:00:00,42754099999,DEVI AHILYABAI HOLKAR,22.722,75.801,32.0,,49.14
2016-06-14T18:00:00,42754099999,DEVI AHILYABAI HOLKAR,22.722,75.801,30.0,1001.0,56.46
2016-06-14T18:00:00,42754099999,DEVI AHILYABAI HOLKAR,22.722,75.801,30.0,,55.08
2016-06-14T21:00:00,42754099999,DEVI AHILYABAI HOLKAR,22.722,75.801,27.6,1000.9,69.42
2016-06-14T21:00:00,42754099999,DEVI AHILYABAI HOLKAR,22.722,75.801,28.0,,65.77
2016-06-15T00:00:00,42754099999,DEVI AHILYABAI HOLKAR,22.722,75.801,26.8,1000.3,70.56
2016-06-15T00:00:00,42754099999,DEVI AHILYABAI HOLKAR,22.722,75.801,27.0,,69.74
2016-06-15T01:00:00,42754099999,DEVI AHILYABAI HOLKAR,22.722,75.801,26.0,,73.97
2016-06-15T03:00:00,42754099999,DEVI AHILYABAI HOLKAR,22.722,75.801,28.2,1002.2,63.43
2016-06-15T03:00:00,42754099999,DEVI AHILYABAI HOLKAR,22.722,75.801,28.0,,65.77
2016-06-15T04:00:00,42754099999,DEVI AHILYABAI HOLKAR,22.722,75.801,31.0,,52.01
2016-06-15T05:00:00,42754099999,DEVI AHILYABAI HOLKAR,22.722,75.801,31.0,,48.88
2016-06-15T06:00:00,42754099999,DEVI AHILYABAI HOLKAR,22.722,75.801,32.0,1001.4,47.05
2016-06-15T06:00:00,42754099999,DEVI AHILYABAI HOLKAR,22.722,75.801,32.0,,46.18
2016-06-15T07:00:00,42754099999,DEVI AHILYABAI HOLKAR,22.722,75.801,33.0,,46.44
2016-06-15T08:00:00,42754099999,DEVI AHILYABAI HOLKAR,22.722,75.801,35.0,,39.04
2016-06-15T09:00:00,42754099999,DEVI AHILYABAI HOLKAR,22.722,75.801,36.0,997.7,35.36
2016-06-15T09:00:00,42754099999,DEVI AHILYABAI HOLKAR,22.722,75.801,36.0,,34.7
2016-06-15T12:00:00,42754099999,DEVI AHILYABAI HOLKAR,22.722,75.801,34.6,996.3,39.91
2016-06-15T12:00:00,42754099999,DEVI AHILYABAI HOLKAR,22.722,75.801,35.0,,39.04
2016-06-15T14:00:00,42754099999,DEVI AHILYABAI HOLKAR,22.722,75.801,33.0,,43.65
2016-06-15T15:00:00,42754099999,DEVI AHILYABAI HOLKAR,22.722,75.801,32.2,998.3,48.29
2016-06-15T15:00:00,42754099999,DEVI AHILYABAI HOLKAR,22.722,75.801,32.0,,49.14
2016-06-15T18:00:00,42754099999,DEVI AHILYABAI HOLKAR,22.722,75.801,30.0,999.9,55.08
2016-06-15T18:00:00,42754099999,DEVI AHILYABAI HOLKAR,22.722,75.801,30.0,,55.08
2016-06-15T21:00:00,42754099999,DEVI AHILYABAI HOLKAR,22.722,75.801,27.8,999.8,68.2
2016-06-15T21:00:00,42754099999,DEVI AHILYABAI HOLKAR,22.722,75.801,28.0,,65.77
2016-06-16T00:00:00,42754099999,DEVI AHILYABAI HOLKAR,22.722,75.801,26.6,1000.5,71.84
2016-06-16T00:00:00,42754099999,DEVI AHILYABAI HOLKAR,22.722,75.801,27.0,,69.74
2016-06-16T03:00:00,42754099999,DEVI AHILYABAI HOLKAR,22.722,75.801,27.8,1002.0,65.73
2016-06-16T03:00:00,42754099999,DEVI AHILYABAI HOLKAR,22.722,75.801,28.0,,65.77
2016-06-16T04:00:00,42754099999,DEVI AHILYABAI HOLKAR,22.722,75.801,30.0,,55.08
2016-06-16T05:00:00,42754099999,DEVI AHILYABAI HOLKAR,22.722,75.801,31.0,,52.01
2016-06-16T06:00:00,42754099999,DEVI AHILYABAI HOLKAR,22.722,75.801,31.6,1001.5,49.04
2016-06-16T06:00:00,42754099999,DEVI AHILYABAI HOLKAR,22.722,75.801,32.0,,49.14
2016-06-16T07:00:00,42754099999,DEVI AHILYABAI HOLKAR,22.722,75.801,33.0,,43.65
2016-06-16T09:00:00,42754099999,DEVI AHILYABAI HOLKAR,22.722,75.801,34.4,998.6,38.87
2016-06-16T09:00:00,42754099999,DEVI AHILYABAI HOLKAR,22.722,75.801,34.0,,38.76
2016-06-16T11:00:00,42754099999,DEVI AHILYABAI HOLKAR,22.722,75.801,35.0,,39.04
2016-06-16T12:00:00,42754099999,DEVI AHILYABAI HOLKAR,22.722,75.801,34.4,996.7,39.86
2016-06-16T12:00:00,42754099999,DEVI AHILYABAI HOLKAR,22.722,75.801,34.0,,41.27
2016-06-16T14:00:00,42754099999,DEVI AHILYABAI HOLKAR,22.722,75.801,33.0,,41.0
2016-06-16T15:00:00,42754099999,DEVI AHILYABAI HOLKAR,22.722,75.801,32.4,999.0,42.41
2016-06-16T15:00:00,42754099999,DEVI AHILYABAI HOLKAR,22.722,75.801,32.0,,43.38
2016-06-16T18:00:00,42754099999,DEVI AHILYABAI HOLKAR,22.722,75.801,30.8,1001.4,54.6
2016-06-16T18:00:00,42754099999,DEVI AHILYABAI HOLKAR,22.722,75.801,31.0,,55.32
2016-06-16T21:00:00,42754099999,DEVI AHILYABAI HOLKAR,22.722,75.801,29.0,1000.1,60.18
2016-06-16T21:00:00,42754099999,DEVI AHILYABAI HOLKAR,22.722,75.801,29.0,,62.06
2016-06-17T00:00:00,42754099999,DEVI AHILYABAI HOLKAR,22.722,75.801,26.4,1000.9,77.27
2016-06-17T00:00:00,42754099999,DEVI AHILYABAI HOLKAR,22.722,75.801,26.0,,78.64
2016-06-17T03:00:00,42754099999,DEVI AHILYABAI HOLKAR,22.722,75.801,28.4,1002.2,68.73
2016-06-17T03:00:00,42754099999,DEVI AHILYABAI HOLKAR,22.722,75.801,28.0,,69.92
2016-06-17T05:00:00,42754099999,DEVI AHILYABAI HOLKAR,22.722,75.801,32.0,,52.27
2016-06-17T06:00:00,42754099999,DEVI AHILYABAI HOLKAR,22.722,75.801,33.4,1001.2,48.6
2016-06-17T06:00:00,42754099999,DEVI AHILYABAI HOLKAR,22.722,75.801,33.0,,49.4
2016-06-17T09:00:00,42754099999,DEVI AHILYABAI HOLKAR,22.722,75.801,36.4,998.2,37.51
2016-06-17T09:00:00,42754099999,DEVI AHILYABAI HOLKAR,22.722,75.801,36.0,,39.31
2016-06-17T12:00:00,42754099999,DEVI AHILYABAI HOLKAR,22.722,75.801,37.4,995.7,35.08
2016-06-17T12:00:00,42754099999,DEVI AHILYABAI HOLKAR,22.722,75.801,37.0,,34.97
2016-06-17T15:00:00,42754099999,DEVI AHILYABAI HOLKAR,22.722,75.801,34.0,998.1,42.31
2016-06-17T15:00:00,42754099999,DEVI AHILYABAI HOLKAR,22.722,75.801,34.0,,41.27
2016-06-17T18:00:00,42754099999,DEVI AHILYABAI HOLKAR,22.722,75.801,26.2,1003.7,78.67
2016-06-17T18:00:00,42754099999,DEVI AHILYABAI HOLKAR,22.722,75.801,26.0,,78.64
2016-06-17T21:00:00,42754099999,DEVI AHILYABAI HOLKAR,22.722,75.801,26.8,1002.6,74.56
2016-06-17T21:00:00,42754099999,DEVI AHILYABAI HOLKAR,22.722,75.801,27.0,,74.14
2016-06-17T23:00:00,42754099999,DEVI AHILYABAI HOLKAR,22.722,75.801,27.0,,74.14
2016-06-18T00:00:00,42754099999,DEVI AHILYABAI HOLKAR,22.722,75.801,26.4,1002.1,74.49
2016-06-18T00:00:00,42754099999,DEVI AHILYABAI HOLKAR,22.722,75.801,26.0,,73.97
2016-06-18T01:00:00,42754099999,DEVI AHILYABAI HOLKAR,22.722,75.801,26.0,,78.64
2016-06-18T02:00:00,42754099999,DEVI AHILYABAI HOLKAR,22.722,75.801,26.0,,78.64
2016-06-18T03:00:00,42754099999,DEVI AHILYABAI HOLKAR,22.722,75.801,26.4,1003.1,81.61
2016-06-18T03:00:00,42754099999,DEVI AHILYABAI HOLKAR,22.722,75.801,26.0,,83.57
2016-06-18T04:00:00,42754099999,DEVI AHILYABAI HOLKAR,22.722,75.801,28.0,,65.77
2016-06-18T06:00:00,42754099999,DEVI AHILYABAI HOLKAR,22.722,75.801,30.2,1002.6,57.56
2016-06-18T06:00:00,42754099999,DEVI AHILYABAI HOLKAR,22.722,75.801,30.0,,58.58
2016-06-18T09:00:00,42754099999,DEVI AHILYABAI HOLKAR,22.722,75.801,34.6,999.8,41.95
2016-06-18T09:00:00,42754099999,DEVI AHILYABAI HOLKAR,22.722,75.801,35.0,,41.54
2016-06-18T10:00:00,42754099999,DEVI AHILYABAI HOLKAR,22.722,75.801,36.0,,36.94
2016-06-18T11:00:00,42754099999,DEVI AHILYABAI HOLKAR,22.722,75.801,35.0,,39.04
2016-06-18T12:00:00,42754099999,DEVI AHILYABAI HOLKAR,22.722,75.801,34.6,996.7,38.2
2016-06-18T12:00:00,42754099999,DEVI AHILYABAI HOLKAR,22.722,75.801,35.0,,36.67
2016-06-18T13:30:00,42754099999,DEVI AHILYABAI HOLKAR,22.722,75.801,34.0,,38.76
2016-06-18T14:00:00,42754099999,DEVI AHILYABAI HOLKAR,22.722,75.801,34.0,,38.76
2016-06-18T15:00:00,42754099999,DEVI AHILYABAI HOLKAR,22.722,75.801,31.6,999.9,49.04
2016-06-18T15:00:00,42754099999,DEVI AHILYABAI HOLKAR,22.722,75.801,32.0,,49.14
2016-06-18T18:00:00,42754099999,DEVI AHILYABAI HOLKAR,22.722,75.801,24.2,1004.2,93.59
2016-06-18T18:00:00,42754099999,DEVI AHILYABAI HOLKAR,22.722,75.801,24.0,,94.15
2016-06-18T21:00:00,42754099999,DEVI AHILYABAI HOLKAR,22.722,75.801,24.8,1001.0,94.75
2016-06-18T23:00:00,42754099999,DEVI AHILYABAI HOLKAR,22.722,75.801,25.0,,94.19
2016-06-19T00:00:00,42754099999,DEVI AHILYABAI HOLKAR,22.722,75.801,24.6,1000.1,88.65
2016-06-19T00:00:00,42754099999,DEVI AHILYABAI HOLKAR,22.722,75.801,25.0,,88.68
2016-06-19T01:00:00,42754099999,DEVI AHILYABAI HOLKAR,22.722,75.801,25.0,,88.68
2016-06-19T02:00:00,42754099999,DEVI AHILYABAI HOLKAR,22.722,75.801,26.0,,83.57
2016-06-19T03:00:00,42754099999,DEVI AHILYABAI HOLKAR,22.722,75.801,27.0,1001.6,84.69
2016-06-19T03:00:00,42754099999,DEVI AHILYABAI HOLKAR,22.722,75.801,27.0,,83.68
2016-06-19T04:00:00,42754099999,DEVI AHILYABAI HOLKAR,22.722,75.801,29.0,,65.98
2016-06-19T05:00:00,42754099999,DEVI AHILYABAI HOLKAR,22.722,75.801,30.0,,66.18
2016-06-19T06:00:00,42754099999,DEVI AHILYABAI HOLKAR,22.722,75.801,32.4,1000.3,56.0
2016-06-19T06:00:00,42754099999,DEVI AHILYABAI HOLKAR,22.722,75.801,32.0,,59.04
2016-06-19T07:00:00,42754099999,DEVI AHILYABAI HOLKAR,22.722,75.801,34.0,,49.66
2016-06-19T08:00:00,42754099999,DEVI AHILYABAI HOLKAR,22.722,75.801,35.0,,49.91
2016-06-19T09:00:00,42754099999,DEVI AHILYABAI HOLKAR,22.722,75.801,34.6,998.1,48.61
2016-06-19T09:00:00,42754099999,DEVI AHILYABAI HOLKAR,22.722,75.801,35.0,,46.97
2016-06-19T12:00:00,42754099999,DEVI AHILYABAI HOLKAR,22.722,75.801,30.8,997.7,68.77
2016-06-19T12:00:00,42754099999,DEVI AHILYABAI HOLKAR,22.722,75.801,31.0,,66.38
2016-06-19T15:00:00,42754099999,DEVI AHILYABAI HOLKAR,22.722,75.801,25.6,1002.1,93.65
2016-06-19T15:00:00,42754099999,DEVI AHILYABAI HOLKAR,22.722,75.801,26.0,,94.23
2016-06-19T18:00:00,42754099999,DEVI AHILYABAI HOLKAR,22.722,75.801,25.4,1001.5,90.33
2016-06-19T18:00:00,42754099999,DEVI AHILYABAI HOLKAR,22.722,75.801,25.0,,94.19
2016-06-19T21:00:00,42754099999,DEVI AHILYABAI HOLKAR,22.722,75.801,25.0,1000.9,93.63
2016-06-19T21:00:00,42754099999,DEVI AHILYABAI HOLKAR,22.722,75.801,25.0,,94.19
2016-06-20T00:00:00,42754099999,DEVI AHILYABAI HOLKAR,22.722,75.801,24.0,1000.8,91.89
2016-06-20T00:00:00,42754099999,DEVI AHILYABAI HOLKAR,22.722,75.801,24.0,,94.15
2016-06-20T03:00:00,42754099999,DEVI AHILYABAI HOLKAR,22.722,75.801,27.4,1001.8,73.31
2016-06-20T03:00:00,42754099999,DEVI AHILYABAI HOLKAR,22.722,75.801,27.0,,74.14
2016-06-20T04:00:00,42754099999,DEVI AHILYABAI HOLKAR,22.722,75.801,28.0,,69.92
2016-06-20T05:00:00,42754099999,DEVI AHILYABAI HOLKAR,22.722,75.801,30.0,,62.28
2016-06-20T06:00:00,42754099999,DEVI AHILYABAI HOLKAR,22.722,75.801,32.2,1000.1,56.98
2016-06-20T06:00:00,42754099999,DEVI AHILYABAI HOLKAR,22.722,75.801,32.0,,59.04
2016-06-20T07:00:00,42754099999,DEVI AHILYABAI HOLKAR,22.722,75.801,33.0,,55.81
2016-06-20T08:00:00,42754099999,DEVI AHILYABAI HOLKAR,22.722,75.801,35.0,,53.01
2016-06-20T09:00:00,42754099999,DEVI AHILYABAI HOLKAR,22.722,75.801,35.0,997.2,47.84
2016-06-20T09:00:00,42754099999,DEVI AHILYABAI HOLKAR,22.722,75.801,35.0,,46.97
2016-06-20T10:00:00,42754099999,DEVI AHILYABAI HOLKAR,22.722,75.801,35.0,,46.97
2016-06-20T12:00:00,42754099999,DEVI AHILYABAI HOLKAR,22.722,75.801,34.4,994.9,57.5
2016-06-20T12:00:00,42754099999,DEVI AHILYABAI HOLKAR,22.722,75.801,34.0,,59.5
2016-06-20T15:00:00,42754099999,DEVI AHILYABAI HOLKAR,22.722,75.801,32.2,,61.64
2016-06-20T15:00:00,42754099999,DEVI AHILYABAI HOLKAR,22.722,75.801,32.0,,62.71
2016-06-20T18:00:00,42754099999,DEVI AHILYABAI HOLKAR,22.722,75.801,23.8,1001.1,96.45
2016-06-20T18:00:00,42754099999,DEVI AHILYABAI HOLKAR,22.722,75.801,23.0,,100.0
2016-06-20T21:00:00,42754099999,DEVI AHILYABAI HOLKAR,22.722,75.801,24.2,1000.0,93.59
2016-06-20T21:00:00,42754099999,DEVI AHILYABAI HOLKAR,22.722,75.801,24.0,,94.15
2016-06-20T23:00:00,42754099999,DEVI AHILYABAI HOLKAR,22.722,75.801,24.0,,88.6
2016-06-21T00:00:00,42754099999,DEVI AHILYABAI HOLKAR,22.722,75.801,23.2,1000.3,96.43
2016-06-21T00:00:00,42754099999,DEVI AHILYABAI HOLKAR,22.722,75.801,23.0,,100.0
2016-06-21T01:00:00,42754099999,DEVI AHILYABAI HOLKAR,22.722,75.801,23.0,,100.0
2016-06-21T03:00:00,42754099999,DEVI AHILYABAI HOLKAR,22.722,75.801,26.6,1000.1,86.19
2016-06-21T03:00:00,42754099999,DEVI AHILYABAI HOLKAR,22.722,75.801,27.0,,83.68
2016-06-21T04:00:00,42754099999,DEVI AHILYABAI HOLKAR,22.722,75.801,27.0,,88.84
2016-06-21T06:00:00,42754099999,DEVI AHILYABAI HOLKAR,22.722,75.801,29.4,1001.0,71.89
2016-06-21T06:00:00,42754099999,DEVI AHILYABAI HOLKAR,22.722,75.801,29.0,,74.47
2016-06-21T07:00:00,42754099999,DEVI AHILYABAI HOLKAR,22.722,75.801,30.0,,66.18
2016-06-21T09:00:00,42754099999,DEVI AHILYABAI HOLKAR,22.722,75.801,33.0,998.4,57.52
2016-06-21T09:00:00,42754099999,DEVI AHILYABAI HOLKAR,22.722,75.801,33.0,,55.81
2016-06-21T12:00:00,42754099999,DEVI AHILYABAI HOLKAR,22.722,75.801,32.4,996.8,60.58
2016-06-21T12:00:00,42754099999,DEVI AHILYABAI HOLKAR,22.722,75.801,32.0,,62.71
2016-06-21T15:00:00,42754099999,DEVI AHILYABAI HOLKAR,22.722,75.801,26.2,1000.5,83.08
2016-06-21T15:00:00,42754099999,DEVI AHILYABAI HOLKAR,22.722,75.801,26.0,,83.57
2016-06-21T18:00:00,42754099999,DEVI AHILYABAI HOLKAR,22.722,75.801,25.4,1003.1,87.12
2016-06-21T18:00:00,42754099999,DEVI AHILYABAI HOLKAR,22.722,75.801,25.0,,88.68
2016-06-21T21:00:00,42754099999,DEVI AHILYABAI HOLKAR,22.722,75.801,24.5,1001.8,94.17
2016-06-21T21:00:00,42754099999,DEVI AHILYABAI HOLKAR,22.722,75.801,24.0,,94.15
2016-06-22T00:00:00,42754099999,DEVI AHILYABAI HOLKAR,22.722,75.801,25.0,1002.1,93.63
2016-06-22T00:00:00,42754099999,DEVI AHILYABAI HOLKAR,22.722,75.801,25.0,,94.19
2016-06-22T03:00:00,42754099999,DEVI AHILYABAI HOLKAR,22.722,75.801,26.2,1002.8,90.38
2016-06-22T03:00:00,42754099999,DEVI AHILYABAI HOLKAR,22.722,75.801,26.0,,94.23
2016-06-22T03:30:00,42754099999,DEVI AHILYABAI HOLKAR,22.722,75.801,27.0,,88.84
2016-06-22T06:00:00,42754099999,DEVI AHILYABAI HOLKAR,22.722,75.801,29.8,1003.1,77.31
2016-06-22T06:00:00,42754099999,DEVI AHILYABAI HOLKAR,22.722,75.801,30.0,,74.63
2016-06-22T09:00:00,42754099999,DEVI AHILYABAI HOLKAR,22.722,75.801,32.8,1000.6,60.67
2016-06-22T09:00:00,42754099999,DEVI AHILYABAI HOLKAR,22.722,75.801,33.0,,59.27
2016-06-22T10:00:00,42754099999,DEVI AHILYABAI HOLKAR,22.722,75.801,33.0,,59.27
2016-06-22T11:00:00,42754099999,DEVI AHILYABAI HOLKAR,22.722,75.801,33.0,,59.27
2016-06-22T12:00:00,42754099999,DEVI AHILYABAI HOLKAR,22.722,75.801,32.6,999.0,58.47
2016-06-22T12:00:00,42754099999,DEVI AHILYABAI HOLKAR,22.722,75.801,33.0,,55.81
2016-06-22T13:00:00,42754099999,DEVI AHILYABAI HOLKAR,22.722,75.801,27.0,,83.68
2016-06-22T13:30:00,42754099999,DEVI AHILYABAI HOLKAR,22.722,75.801,25.0,,94.19
2016-06-22T14:00:00,42754099999,DEVI AHILYABAI HOLKAR,22.722,75.801,25.0,,94.19
2016-06-22T15:00:00,42754099999,DEVI AHILYABAI HOLKAR,22.722,75.801,24.4,1004.0,93.6
2016-06-22T15:00:00,42754099999,DEVI AHILYABAI HOLKAR,22.722,75.801,24.0,,94.15
2016-06-22T18:00:00,42754099999,DEVI AHILYABAI HOLKAR,22.722,75.801,24.4,1003.4,93.6
2016-06-22T18:00:00,42754099999,DEVI AHILYABAI HOLKAR,22.722,75.801,24.0,,94.15
2016-06-22T21:00:00,42754099999,DEVI AHILYABAI HOLKAR,22.722,75.801,24.2,1003.0,93.59
2016-06-22T21:00:00,42754099999,DEVI AHILYABAI HOLKAR,22.722,75.801,24.0,,94.15
2016-06-23T00:00:00,42754099999,DEVI AHILYABAI HOLKAR,22.722,75.801,25.2,1003.3,95.34
2016-06-23T00:00:00,42754099999,DEVI AHILYABAI HOLKAR,22.722,75.801,25.0,,94.19
2016-06-23T02:00:00,42754099999,DEVI AHILYABAI HOLKAR,22.722,75.801,26.0,,94.23
2016-06-23T03:00:00,42754099999,DEVI AHILYABAI HOLKAR,22.722,75.801,26.8,1003.7,86.2
2016-06-23T03:00:00,42754099999,DEVI AHILYABAI HOLKAR,22.722,75.801,27.0,,83.68
2016-06-23T04:00:00,42754099999,DEVI AHILYABAI HOLKAR,22.722,75.801,28.0,,78.92
2016-06-23T05:00:00,42754099999,DEVI AHILYABAI HOLKAR,22.722,75.801,29.0,,79.06
2016-06-23T06:00:00,42754099999,DEVI AHILYABAI HOLKAR,22.722,75.801,30.0,1003.5,74.63
2016-06-23T06:00:00,42754099999,DEVI AHILYABAI HOLKAR,22.722,75.801,30.0,,74.63
2016-06-23T07:00:00,42754099999,DEVI AHILYABAI HOLKAR,22.722,75.801,31.0,,70.48
2016-06-23T08:00:00,42754099999,DEVI AHILYABAI HOLKAR,22.722,75.801,32.0,,62.71
2016-06-23T09:00:00,42754099999,DEVI AHILYABAI HOLKAR,22.722,75.801,32.4,1000.3,63.94
2016-06-23T09:00:00,42754099999,DEVI AHILYABAI HOLKAR,22.722,75.801,32.0,,66.58
2016-06-23T12:00:00,42754099999,DEVI AHILYABAI HOLKAR,22.722,75.801,26.4,1000.4,84.62
2016-06-23T12:00:00,42754099999,DEVI AHILYABAI HOLKAR,22.722,75.801,26.0,,88.76
2016-06-23T15:00:00,42754099999,DEVI AHILYABAI HOLKAR,22.722,75.801,26.4,1001.5,88.79
2016-06-23T15:00:00,42754099999,DEVI AHILYABAI HOLKAR,22.722,75.801,26.0,,88.76
2016-06-23T18:00:00,42754099999,DEVI AHILYABAI HOLKAR,22.722,75.801,26.0,1003.6,93.12
2016-06-23T18:00:00,42754099999,DEVI AHILYABAI HOLKAR,22.722,75.801,26.0,,94.23
2016-06-23T21:00:00,42754099999,DEVI AHILYABAI HOLKAR,22.722,75.801,25.8,1002.7,90.36
2016-06-23T21:00:00,42754099999,DEVI AHILYABAI HOLKAR,22.722,75.801,26.0,,88.76
2016-06-23T23:00:00,42754099999,DEVI AHILYABAI HOLKAR,22.722,75.801,26.0,,88.76
2016-06-24T00:00:00,42754099999,DEVI AHILYABAI HOLKAR,22.722,75.801,25.6,1003.3,88.73
2016-06-24T00:00:00,42754099999,DEVI AHILYABAI HOLKAR,22.722,75.801,26.0,,88.76
2016-06-24T03:00:00,42754099999,DEVI AHILYABAI HOLKAR,22.722,75.801,26.0,1002.9,88.76
2016-06-24T03:00:00,42754099999,DEVI AHILYABAI HOLKAR,22.722,75.801,26.0,,88.76
2016-06-24T04:00:00,42754099999,DEVI AHILYABAI HOLKAR,22.722,75.801,27.0,,83.68
2016-06-24T05:00:00,42754099999,DEVI AHILYABAI HOLKAR,22.722,75.801,29.0,,74.47
2016-06-24T06:00:00,42754099999,DEVI AHILYABAI HOLKAR,22.722,75.801,30.0,1002.6,72.43
2016-06-24T06:00:00,42754099999,DEVI AHILYABAI HOLKAR,22.722,75.801,30.0,,74.63
2016-06-24T07:00:00,42754099999,DEVI AHILYABAI HOLKAR,22.722,75.801,32.0,,66.58
2016-06-24T08:00:00,42754099999,DEVI AHILYABAI HOLKAR,22.722,75.801,33.0,,59.27
2016-06-24T09:00:00,42754099999,DEVI AHILYABAI HOLKAR,22.722,75.801,33.4,998.8,55.57
2016-06-24T09:00:00,42754099999,DEVI AHILYABAI HOLKAR,22.722,75.801,33.0,,55.81
2016-06-24T10:00:00,42754099999,DEVI AHILYABAI HOLKAR,22.722,75.801,33.0,,59.27
2016-06-24T11:00:00,42754099999,DEVI AHILYABAI HOLKAR,22.722,75.801,33.0,,52.52
2016-06-24T12:00:00,42754099999,DEVI AHILYABAI HOLKAR,22.722,75.801,32.2,997.8,60.17
2016-06-24T12:00:00,42754099999,DEVI AHILYABAI HOLKAR,22.722,75.801,32.0,,59.04
2016-06-24T13:00:00,42754099999,DEVI AHILYABAI HOLKAR,22.722,75.801,32.0,,62.71
2016-06-24T15:00:00,42754099999,DEVI AHILYABAI HOLKAR,22.722,75.801,28.2,1000.3,72.56
2016-06-24T15:00:00,42754099999,DEVI AHILYABAI HOLKAR,22.722,75.801,28.0,,74.3
2016-06-24T18:00:00,42754099999,DEVI AHILYABAI HOLKAR,22.722,75.801,27.0,1001.8,73.24
2016-06-24T18:00:00,42754099999,DEVI AHILYABAI HOLKAR,22.722,75.801,27.0,,74.14
2016-06-24T21:00:00,42754099999,DEVI AHILYABAI HOLKAR,22.722,75.801,26.4,1000.5,74.49
2016-06-24T21:00:00,42754099999,DEVI AHILYABAI HOLKAR,22.722,75.801,26.0,,73.97
2016-06-25T00:00:00,42754099999,DEVI AHILYABAI HOLKAR,22.722,75.801,22.6,1002.9,94.67
2016-06-25T00:00:00,42754099999,DEVI AHILYABAI HOLKAR,22.722,75.801,23.0,,94.11
2016-06-25T03:00:00,42754099999,DEVI AHILYABAI HOLKAR,22.722,75.801,23.0,1004.8,94.68
2016-06-25T03:00:00,42754099999,DEVI AHILYABAI HOLKAR,22.722,75.801,23.0,,94.11
2016-06-25T06:00:00,42754099999,DEVI AHILYABAI HOLKAR,22.722,75.801,25.8,1003.8,81.54
2016-06-25T06:00:00,42754099999,DEVI AHILYABAI HOLKAR,22.722,75.801,26.0,,78.64
2016-06-25T09:00:00,42754099999,DEVI AHILYABAI HOLKAR,22.722,75.801,27.6,1002.1,77.92
2016-06-25T09:00:00,42754099999,DEVI AHILYABAI HOLKAR,22.722,75.801,28.0,,74.3
2016-06-25T12:00:00,42754099999,DEVI AHILYABAI HOLKAR,22.722,75.801,29.0,1000.0,71.82
2016-06-25T12:00:00,42754099999,DEVI AHILYABAI HOLKAR,22.722,75.801,29.0,,70.11
2016-06-25T15:00:00,42754099999,DEVI AHILYABAI HOLKAR,22.722,75.801,28.4,1001.8,80.89
2016-06-25T15:00:00,42754099999,DEVI AHILYABAI HOLKAR,22.722,75.801,28.0,,83.79
2016-06-25T18:00:00,42754099999,DEVI AHILYABAI HOLKAR,22.722,75.801,27.8,1002.4,82.28
2016-06-25T18:00:00,42754099999,DEVI AHILYABAI HOLKAR,22.722,75.801,28.0,,83.79
2016-06-25T21:00:00,42754099999,DEVI AHILYABAI HOLKAR,22.722,75.801,26.6,1001.8,87.75
2016-06-25T21:00:00,42754099999,DEVI AHILYABAI HOLKAR,22.722,75.801,27.0,,83.68
2016-06-25T23:00:00,42754099999,DEVI AHILYABAI HOLKAR,22.722,75.801,26.0,,88.76
2016-06-26T00:00:00,42754099999,DEVI AHILYABAI HOLKAR,22.722,75.801,26.0,1002.6,86.13
2016-06-26T00:00:00,42754099999,DEVI AHILYABAI HOLKAR,22.722,75.801,26.0,,83.57
2016-06-26T01:00:00,42754099999,DEVI AHILYABAI HOLKAR,22.722,75.801,25.0,,88.68
2016-06-26T02:00:00,42754099999,DEVI AHILYABAI HOLKAR,22.722,75.801,26.0,,83.57
2016-06-26T03:00:00,42754099999,DEVI AHILYABAI HOLKAR,22.722,75.801,26.6,1001.9,81.64
2016-06-26T03:00:00,42754099999,DEVI AHILYABAI HOLKAR,22.722,75.801,27.0,,78.78
2016-06-26T05:00:00,42754099999,DEVI AHILYABAI HOLKAR,22.722,75.801,30.0,,66.18
2016-06-26T06:00:00,42754099999,DEVI AHILYABAI HOLKAR,22.722,75.801,31.4,1001.7,63.34
2016-06-26T06:00:00,42754099999,DEVI AHILYABAI HOLKAR,22.722,75.801,31.0,,66.38
2016-06-26T07:00:00,42754099999,DEVI AHILYABAI HOLKAR,22.722,75.801,32.0,,62.71
2016-06-26T08:00:00,42754099999,DEVI AHILYABAI HOLKAR,22.722,75.801,33.0,,55.81
2016-06-26T09:00:00,42754099999,DEVI AHILYABAI HOLKAR,22.722,75.801,32.0,998.7,63.47
2016-06-26T09:00:00,42754099999,DEVI AHILYABAI HOLKAR,22.722,75.801,32.0,,62.71
2016-06-26T12:00:00,42754099999,DEVI AHILYABAI HOLKAR,22.722,75.801,28.4,998.8,82.35
2016-06-26T12:00:00,42754099999,DEVI AHILYABAI HOLKAR,22.722,75.801,28.0,,83.79
2016-06-26T14:00:00,42754099999,DEVI AHILYABAI HOLKAR,22.722,75.801,29.0,,70.11
2016-06-26T15:00:00,42754099999,DEVI AHILYABAI HOLKAR,22.722,75.801,27.6,1001.2,76.52
2016-06-26T15:00:00,42754099999,DEVI AHILYABAI HOLKAR,22.722,75.801,28.0,,74.3
2016-06-26T18:00:00,42754099999,DEVI AHILYABAI HOLKAR,22.722,75.801,26.6,1002.5,83.13
2016-06-26T18:00:00,42754099999,DEVI AHILYABAI HOLKAR,22.722,75.801,27.0,,78.78
2016-06-26T21:00:00,42754099999,DEVI AHILYABAI HOLKAR,22.722,75.801,25.8,1000.2,85.59
2016-06-27T00:00:00,42754099999,DEVI AHILYABAI HOLKAR,22.722,75.801,25.4,1000.6,87.12
2016-06-27T00:00:00,42754099999,DEVI AHILYABAI HOLKAR,22.722,75.801,25.0,,88.68
2016-06-27T01:00:00,42754099999,DEVI AHILYABAI HOLKAR,22.722,75.801,25.0,,94.19
2016-06-27T03:00:00,42754099999,DEVI AHILYABAI HOLKAR,22.722,75.801,27.2,1001.9,80.25
2016-06-27T04:00:00,42754099999,DEVI AHILYABAI HOLKAR,22.722,75.801,29.0,,70.11
2016-06-27T05:00:00,42754099999,DEVI AHILYABAI HOLKAR,22.722,75.801,30.0,,66.18
2016-06-27T06:00:00,42754099999,DEVI AHILYABAI HOLKAR,22.722,75.801,31.6,1000.9,60.03
2016-06-27T06:00:00,42754099999,DEVI AHILYABAI HOLKAR,22.722,75.801,32.0,,59.04
2016-06-27T07:00:00,42754099999,DEVI AHILYABAI HOLKAR,22.722,75.801,33.0,,52.52
2016-06-27T08:00:00,42754099999,DEVI AHILYABAI HOLKAR,22.722,75.801,34.0,,52.77
2016-06-27T09:00:00,42754099999,DEVI AHILYABAI HOLKAR,22.722,75.801,33.6,997.4,52.67
2016-06-27T09:00:00,42754099999,DEVI AHILYABAI HOLKAR,22.722,75.801,34.0,,52.77
2016-06-27T10:00:00,42754099999,DEVI AHILYABAI HOLKAR,22.722,75.801,31.0,,62.5
2016-06-27T11:00:00,42754099999,DEVI AHILYABAI HOLKAR,22.722,75.801,25.0,,88.68
2016-06-27T12:00:00,42754099999,DEVI AHILYABAI HOLKAR,22.722,75.801,26.0,998.0,86.13
2016-06-27T12:00:00,42754099999,DEVI AHILYABAI HOLKAR,22.722,75.801,26.0,,83.57
2016-06-27T14:00:00,42754099999,DEVI AHILYABAI HOLKAR,22.722,75.801,27.0,,88.84
2016-06-27T15:00:00,42754099999,DEVI AHILYABAI HOLKAR,22.722,75.801,26.8,999.9,87.77
2016-06-27T15:00:00,42754099999,DEVI AHILYABAI HOLKAR,22.722,75.801,27.0,,88.84
2016-06-27T18:00:00,42754099999,DEVI AHILYABAI HOLKAR,22.722,75.801,26.2,1001.1,90.38
2016-06-27T18:00:00,42754099999,DEVI AHILYABAI HOLKAR,22.722,75.801,26.0,,88.76
2016-06-27T21:00:00,42754099999,DEVI AHILYABAI HOLKAR,22.722,75.801,25.0,1000.2,91.95
2016-06-27T21:00:00,42754099999,DEVI AHILYABAI HOLKAR,22.722,75.801,25.0,,94.19
2016-06-28T00:00:00,42754099999,DEVI AHILYABAI HOLKAR,22.722,75.801,24.0,1000.6,91.89
2016-06-28T00:00:00,42754099999,DEVI AHILYABAI HOLKAR,22.722,75.801,24.0,,94.15
2016-06-28T03:00:00,42754099999,DEVI AHILYABAI HOLKAR,22.722,75.801,26.0,1001.8,88.76
2016-06-28T03:00:00,42754099999,DEVI AHILYABAI HOLKAR,22.722,75.801,26.0,,88.76
2016-06-28T06:00:00,42754099999,DEVI AHILYABAI HOLKAR,22.722,75.801,29.0,1001.8,71.82
2016-06-28T06:00:00,42754099999,DEVI AHILYABAI HOLKAR,22.722,75.801,29.0,,70.11
2016-06-28T09:00:00,42754099999,DEVI AHILYABAI HOLKAR,22.722,75.801,31.2,998.5,60.68
2016-06-28T09:00:00,42754099999,DEVI AHILYABAI HOLKAR,22.722,75.801,31.0,,62.5
2016-06-28T11:00:00,42754099999,DEVI AHILYABAI HOLKAR,22.722,75.801,29.0,,74.47
2016-06-28T12:00:00,42754099999,DEVI AHILYABAI HOLKAR,22.722,75.801,29.6,997.1,74.56
2016-06-28T12:00:00,42754099999,DEVI AHILYABAI HOLKAR,22.722,75.801,30.0,,74.63
2016-06-28T15:00:00,42754099999,DEVI AHILYABAI HOLKAR,22.722,75.801,27.2,999.6,86.24
2016-06-28T15:00:00,42754099999,DEVI AHILYABAI HOLKAR,22.722,75.801,27.0,,88.84
2016-06-28T18:00:00,42754099999,DEVI AHILYABAI HOLKAR,22.722,75.801,25.0,1002.5,91.95
2016-06-28T18:00:00,42754099999,DEVI AHILYABAI HOLKAR,22.722,75.801,25.0,,94.19
2016-06-28T21:00:00,42754099999,DEVI AHILYABAI HOLKAR,22.722,75.801,24.4,1000.8,94.74
2016-06-28T21:00:00,42754099999,DEVI AHILYABAI HOLKAR,22.722,75.801,24.0,,94.15
2016-06-29T00:00:00,42754099999,DEVI AHILYABAI HOLKAR,22.722,75.801,25.4,1000.4,96.49
2016-06-29T00:00:00,42754099999,DEVI AHILYABAI HOLKAR,22.722,75.801,25.0,,100.0
2016-06-29T03:00:00,42754099999,DEVI AHILYABAI HOLKAR,22.722,75.801,26.6,1001.3,92.04
2016-06-29T03:00:00,42754099999,DEVI AHILYABAI HOLKAR,22.722,75.801,27.0,,88.84
2016-06-29T06:00:00,42754099999,DEVI AHILYABAI HOLKAR,22.722,75.801,29.4,1001.2,75.88
2016-06-29T06:00:00,42754099999,DEVI AHILYABAI HOLKAR,22.722,75.801,29.0,,79.06
2016-06-29T08:00:00,42754099999,DEVI AHILYABAI HOLKAR,22.722,75.801,31.0,,70.48
2016-06-29T09:00:00,42754099999,DEVI AHILYABAI HOLKAR,22.722,75.801,31.4,998.7,68.07
2016-06-29T12:00:00,42754099999,DEVI AHILYABAI HOLKAR,22.722,75.801,28.4,997.7,89.47
2016-06-29T12:00:00,42754099999,DEVI AHILYABAI HOLKAR,22.722,75.801,28.0,,88.92
2016-06-29T15:00:00,42754099999,DEVI AHILYABAI HOLKAR,22.722,75.801,27.2,998.8,90.45
2016-06-29T15:00:00,42754099999,DEVI AHILYABAI HOLKAR,22.722,75.801,27.0,,88.84
2016-06-29T18:00:00,42754099999,DEVI AHILYABAI HOLKAR,22.722,75.801,26.0,1001.1,92.01
2016-06-29T18:00:00,42754099999,DEVI AHILYABAI HOLKAR,22.722,75.801,26.0,,94.23
2016-06-29T21:00:00,42754099999,DEVI AHILYABAI HOLKAR,22.722,75.801,25.8,999.6,92.0
2016-06-29T21:00:00,42754099999,DEVI AHILYABAI HOLKAR,22.722,75.801,26.0,,88.76
2016-06-29T23:00:00,42754099999,DEVI AHILYABAI HOLKAR,22.722,75.801,26.0,,88.76
2016-06-30T00:00:00,42754099999,DEVI AHILYABAI HOLKAR,22.722,75.801,25.6,999.8,88.73
2016-06-30T00:00:00,42754099999,DEVI AHILYABAI HOLKAR,22.722,75.801,26.0,,88.76
2016-06-30T01:00:00,42754099999,DEVI AHILYABAI HOLKAR,22.722,75.801,25.0,,88.68
2016-06-30T02:00:00,42754099999,DEVI AHILYABAI HOLKAR,22.722,75.801,25.0,,88.68
2016-06-30T03:00:00,42754099999,DEVI AHILYABAI HOLKAR,22.722,75.801,25.0,1002.5,88.68
2016-06-30T03:00:00,42754099999,DEVI AHILYABAI HOLKAR,22.722,75.801,25.0,,88.68
2016-06-30T04:00:00,42754099999,DEVI AHILYABAI HOLKAR,22.722,75.801,26.0,,88.76
2016-06-30T05:00:00,42754099999,DEVI AHILYABAI HOLKAR,22.722,75.801,27.0,,83.68
2016-06-30T06:00:00,42754099999,DEVI AHILYABAI HOLKAR,22.722,75.801,27.4,1001.8,81.74
2016-06-30T06:00:00,42754099999,DEVI AHILYABAI HOLKAR,22.722,75.801,27.0,,83.68
2016-06-30T09:00:00,42754099999,DEVI AHILYABAI HOLKAR,22.722,75.801,31.0,999.0,68.81
2016-06-30T09:00:00,42754099999,DEVI AHILYABAI HOLKAR,22.722,75.801,31.0,,70.48
2016-06-30T11:00:00,42754099999,DEVI AHILYABAI HOLKAR,22.722,75.801,32.0,,66.58
2016-06-30T12:00:00,42754099999,DEVI AHILYABAI HOLKAR,22.722,75.801,30.8,997.4,70.02
2016-06-30T12:00:00,42754099999,DEVI AHILYABAI HOLKAR,22.722,75.801,31.0,,70.48
2016-06-30T13:30:00,42754099999,DEVI AHILYABAI HOLKAR,22.722,75.801,30.0,,70.29
2016-06-30T14:00:00,42754099999,DEVI AHILYABAI HOLKAR,22.722,75.801,30.0,,70.29
2016-06-30T15:00:00,42754099999,DEVI AHILYABAI HOLKAR,22.722,75.801,28.4,1000.3,80.89
2016-06-30T15:00:00,42754099999,DEVI AHILYABAI HOLKAR,22.722,75.801,28.0,,83.79
2016-06-30T18:00:00,42754099999,DEVI AHILYABAI HOLKAR,22.722,75.801,27.4,1000.8,81.74
2016-06-30T18:00:00,42754099999,DEVI AHILYABAI HOLKAR,22.722,75.801,27.0,,83.68
2016-06-30T21:00:00,42754099999,DEVI AHILYABAI HOLKAR,22.722,75.801,26.0,999.8,84.58
2016-06-30T21:00:00,42754099999,DEVI AHILYABAI HOLKAR,22.722,75.801,26.0,,83.57
2016-07-01T00:00:00,42754099999,DEVI AHILYABAI HOLKAR,22.722,75.801,24.6,999.4,91.93
2016-07-01T00:00:00,42754099999,DEVI AHILYABAI HOLKAR,22.722,75.801,25.0,,88.68
2016-07-01T03:00:00,42754099999,DEVI AHILYABAI HOLKAR,22.722,75.801,26.2,1000.2,87.19
2016-07-01T03:00:00,42754099999,DEVI AHILYABAI HOLKAR,22.722,75.801,26.0,,88.76
2016-07-01T04:00:00,42754099999,DEVI AHILYABAI HOLKAR,22.722,75.801,27.0,,78.78
2016-07-01T05:00:00,42754099999,DEVI AHILYABAI HOLKAR,22.722,75.801,29.0,,74.47
2016-07-01T06:00:00,42754099999,DEVI AHILYABAI HOLKAR,22.722,75.801,29.4,1000.7,71.89
2016-07-01T06:00:00,42754099999,DEVI AHILYABAI HOLKAR,22.722,75.801,29.0,,74.47
2016-07-01T07:00:00,42754099999,DEVI AHILYABAI HOLKAR,22.722,75.801,30.0,,66.18
2016-07-01T08:00:00,42754099999,DEVI AHILYABAI HOLKAR,22.722,75.801,31.0,,62.5
2016-07-01T09:00:00,42754099999,DEVI AHILYABAI HOLKAR,22.722,75.801,32.6,997.3,58.47
2016-07-01T09:00:00,42754099999,DEVI AHILYABAI HOLKAR,22.722,75.801,33.0,,55.81
2016-07-01T10:30:00,42754099999,DEVI AHILYABAI HOLKAR,22.722,75.801,33.0,,59.27
2016-07-01T11:00:00,42754099999,DEVI AHILYABAI HOLKAR,22.722,75.801,33.0,,59.27
2016-07-01T12:00:00,42754099999,DEVI AHILYABAI HOLKAR,22.722,75.801,32.4,995.0,58.07
2016-07-01T12:00:00,42754099999,DEVI AHILYABAI HOLKAR,22.722,75.801,32.0,,59.04
2016-07-01T13:00:00,42754099999,DEVI AHILYABAI HOLKAR,22.722,75.801,31.0,,66.38
2016-07-01T14:00:00,42754099999,DEVI AHILYABAI HOLKAR,22.722,75.801,31.0,,66.38
2016-07-01T15:00:00,42754099999,DEVI AHILYABAI HOLKAR,22.722,75.801,29.4,997.5,71.89
2016-07-01T15:00:00,42754099999,DEVI AHILYABAI HOLKAR,22.722,75.801,29.0,,74.47
2016-07-01T18:00:00,42754099999,DEVI AHILYABAI HOLKAR,22.722,75.801,27.4,998.8,81.74
2016-07-01T18:00:00,42754099999,DEVI AHILYABAI HOLKAR,22.722,75.801,27.0,,83.68
2016-07-01T21:00:00,42754099999,DEVI AHILYABAI HOLKAR,22.722,75.801,26.4,997.4,81.61
2016-07-01T21:00:00,42754099999,DEVI AHILYABAI HOLKAR,22.722,75.801,26.0,,83.57
2016-07-02T00:00:00,42754099999,DEVI AHILYABAI HOLKAR,22.722,75.801,25.0,998.7,83.45
2016-07-02T00:00:00,42754099999,DEVI AHILYABAI HOLKAR,22.722,75.801,25.0,,83.45
2016-07-02T03:00:00,42754099999,DEVI AHILYABAI HOLKAR,22.722,75.801,27.2,999.3,83.2
2016-07-02T03:00:00,42754099999,DEVI AHILYABAI HOLKAR,22.722,75.801,27.0,,83.68
2016-07-02T06:00:00,42754099999,DEVI AHILYABAI HOLKAR,22.722,75.801,29.8,998.3,69.42
2016-07-02T06:00:00,42754099999,DEVI AHILYABAI HOLKAR,22.722,75.801,30.0,,70.29
2016-07-02T09:00:00,42754099999,DEVI AHILYABAI HOLKAR,22.722,75.801,31.6,997.0,62.25
2016-07-02T09:00:00,42754099999,DEVI AHILYABAI HOLKAR,22.722,75.801,32.0,,59.04
2016-07-02T10:00:00,42754099999,DEVI AHILYABAI HOLKAR,22.722,75.801,33.0,,43.65
2016-07-02T11:00:00,42754099999,DEVI AHILYABAI HOLKAR,22.722,75.801,33.0,,59.27
2016-07-02T12:00:00,42754099999,DEVI AHILYABAI HOLKAR,22.722,75.801,32.6,995.2,58.47
2016-07-02T12:00:00,42754099999,DEVI AHILYABAI HOLKAR,22.722,75.801,33.0,,55.81
2016-07-02T13:00:00,42754099999,DEVI AHILYABAI HOLKAR,22.722,75.801,32.0,,59.04
2016-07-02T15:00:00,42754099999,DEVI AHILYABAI HOLKAR,22.722,75.801,30.0,997.7,68.21
2016-07-02T15:00:00,42754099999,DEVI AHILYABAI HOLKAR,22.722,75.801,30.0,,66.18
2016-07-02T18:00:00,42754099999,DEVI AHILYABAI HOLKAR,22.722,75.801,27.0,999.4,77.36
2016-07-02T21:00:00,42754099999,DEVI AHILYABAI HOLKAR,22.722,75.801,26.4,997.8,81.61
2016-07-02T21:00:00,42754099999,DEVI AHILYABAI HOLKAR,22.722,75.801,26.0,,83.57
2016-07-03T00:00:00,42754099999,DEVI AHILYABAI HOLKAR,22.722,75.801,25.4,998.4,85.55
2016-07-03T00:00:00,42754099999,DEVI AHILYABAI HOLKAR,22.722,75.801,25.0,,88.68
2016-07-03T02:00:00,42754099999,DEVI AHILYABAI HOLKAR,22.722,75.801,25.0,,94.19
2016-07-03T03:00:00,42754099999,DEVI AHILYABAI HOLKAR,22.722,75.801,26.4,999.7,87.73
2016-07-03T03:00:00,42754099999,DEVI AHILYABAI HOLKAR,22.722,75.801,26.0,,88.76
2016-07-03T06:00:00,42754099999,DEVI AHILYABAI HOLKAR,22.722,75.801,26.4,1000.6,84.62
2016-07-03T06:00:00,42754099999,DEVI AHILYABAI HOLKAR,22.722,75.801,26.0,,88.76
2016-07-03T08:00:00,42754099999,DEVI AHILYABAI HOLKAR,22.722,75.801,28.0,,78.92
2016-07-03T09:00:00,42754099999,DEVI AHILYABAI HOLKAR,22.722,75.801,29.6,996.9,74.56
2016-07-03T09:00:00,42754099999,DEVI AHILYABAI HOLKAR,22.722,75.801,30.0,,74.63
2016-07-03T12:00:00,42754099999,DEVI AHILYABAI HOLKAR,22.722,75.801,28.6,996.4,79.48
2016-07-03T12:00:00,42754099999,DEVI AHILYABAI HOLKAR,22.722,75.801,29.0,,79.06
2016-07-03T15:00:00,42754099999,DEVI AHILYABAI HOLKAR,22.722,75.801,23.6,1000.8,94.7
2016-07-03T15:00:00,42754099999,DEVI AHILYABAI HOLKAR,22.722,75.801,24.0,,94.15
2016-07-03T18:00:00,42754099999,DEVI AHILYABAI HOLKAR,22.722,75.801,23.0,1000.9,98.2
2016-07-03T18:00:00,42754099999,DEVI AHILYABAI HOLKAR,22.722,75.801,23.0,,100.0
2016-07-03T21:00:00,42754099999,DEVI AHILYABAI HOLKAR,22.722,75.801,23.6,999.0,90.21
2016-07-03T21:00:00,42754099999,DEVI AHILYABAI HOLKAR,22.722,75.801,24.0,,88.6
2016-07-04T00:00:00,42754099999,DEVI AHILYABAI HOLKAR,22.722,75.801,23.0,1000.0,98.2
2016-07-04T00:00:00,42754099999,DEVI AHILYABAI HOLKAR,22.722,75.801,23.0,,100.0
2016-07-04T02:00:00,42754099999,DEVI AHILYABAI HOLKAR,22.722,75.801,24.0,,94.15
2016-07-04T03:00:00,42754099999,DEVI AHILYABAI HOLKAR,22.722,75.801,24.2,1000.8,97.63
2016-07-04T03:00:00,42754099999,DEVI AHILYABAI HOLKAR,22.722,75.801,24.0,,100.0
2016-07-04T04:00:00,42754099999,DEVI AHILYABAI HOLKAR,22.722,75.801,25.0,,94.19
2016-07-04T05:00:00,42754099999,DEVI AHILYABAI HOLKAR,22.722,75.801,27.0,,83.68
2016-07-04T06:00:00,42754099999,DEVI AHILYABAI HOLKAR,22.722,75.801,28.4,1000.7,78.03
2016-07-04T06:00:00,42754099999,DEVI AHILYABAI HOLKAR,22.722,75.801,28.0,,78.92
2016-07-04T09:00:00,42754099999,DEVI AHILYABAI HOLKAR,22.722,75.801,29.4,999.0,70.61
2016-07-04T09:00:00,42754099999,DEVI AHILYABAI HOLKAR,22.722,75.801,29.0,,70.11
2016-07-04T10:00:00,42754099999,DEVI AHILYABAI HOLKAR,22.722,75.801,29.0,,74.47
2016-07-04T12:00:00,42754099999,DEVI AHILYABAI HOLKAR,22.722,75.801,28.0,997.7,77.98
2016-07-04T12:00:00,42754099999,DEVI AHILYABAI HOLKAR,22.722,75.801,28.0,,78.92
2016-07-04T14:00:00,42754099999,DEVI AHILYABAI HOLKAR,22.722,75.801,26.0,,88.76
2016-07-04T15:00:00,42754099999,DEVI AHILYABAI HOLKAR,22.722,75.801,26.0,1000.3,87.17
2016-07-04T15:00:00,42754099999,DEVI AHILYABAI HOLKAR,22.722,75.801,26.0,,88.76
2016-07-04T18:00:00,42754099999,DEVI AHILYABAI HOLKAR,22.722,75.801,25.0,1001.1,90.3
2016-07-04T18:00:00,42754099999,DEVI AHILYABAI HOLKAR,22.722,75.801,25.0,,88.68
2016-07-04T21:00:00,42754099999,DEVI AHILYABAI HOLKAR,22.722,75.801,23.8,999.7,94.71
2016-07-05T00:00:00,42754099999,DEVI AHILYABAI HOLKAR,22.722,75.801,24.0,999.5,94.72
2016-07-05T00:00:00,42754099999,DEVI AHILYABAI HOLKAR,22.722,75.801,24.0,,94.15
2016-07-05T02:00:00,42754099999,DEVI AHILYABAI HOLKAR,22.722,75.801,25.0,,88.68
2016-07-05T03:00:00,42754099999,DEVI AHILYABAI HOLKAR,22.722,75.801,26.0,1000.9,90.37
2016-07-05T03:00:00,42754099999,DEVI AHILYABAI HOLKAR,22.722,75.801,26.0,,88.76
2016-07-05T04:00:00,42754099999,DEVI AHILYABAI HOLKAR,22.722,75.801,26.0,,88.76
2016-07-05T05:00:00,42754099999,DEVI AHILYABAI HOLKAR,22.722,75.801,26.0,,94.23
2016-07-05T06:00:00,42754099999,DEVI AHILYABAI HOLKAR,22.722,75.801,26.2,1001.3,88.77
2016-07-05T08:00:00,42754099999,DEVI AHILYABAI HOLKAR,22.722,75.801,29.0,,70.11
2016-07-05T09:00:00,42754099999,DEVI AHILYABAI HOLKAR,22.722,75.801,29.4,998.7,69.34
2016-07-05T09:00:00,42754099999,DEVI AHILYABAI HOLKAR,22.722,75.801,29.0,,70.11
2016-07-05T10:00:00,42754099999,DEVI AHILYABAI HOLKAR,22.722,75.801,30.0,,70.29
2016-07-05T12:00:00,42754099999,DEVI AHILYABAI HOLKAR,22.722,75.801,29.8,997.0,68.17
2016-07-05T12:00:00,42754099999,DEVI AHILYABAI HOLKAR,22.722,75.801,30.0,,66.18
2016-07-05T13:00:00,42754099999,DEVI AHILYABAI HOLKAR,22.722,75.801,30.0,,70.29
2016-07-05T15:00:00,42754099999,DEVI AHILYABAI HOLKAR,22.722,75.801,28.0,999.0,77.98
2016-07-05T15:00:00,42754099999,DEVI AHILYABAI HOLKAR,22.722,75.801,28.0,,78.92
2016-07-05T18:00:00,42754099999,DEVI AHILYABAI HOLKAR,22.722,75.801,26.4,1000.1,82.61
2016-07-05T18:00:00,42754099999,DEVI AHILYABAI HOLKAR,22.722,75.801,26.0,,83.57
2016-07-05T21:00:00,42754099999,DEVI AHILYABAI HOLKAR,22.722,75.801,25.0,,87.08
2016-07-05T21:00:00,42754099999,DEVI AHILYABAI HOLKAR,22.722,75.801,25.0,,88.68
2016-07-05T23:00:00,42754099999,DEVI AHILYABAI HOLKAR,22.722,75.801,25.0,,88.68
2016-07-06T00:00:00,42754099999,DEVI AHILYABAI HOLKAR,22.722,75.801,25.2,998.8,90.32
2016-07-06T00:00:00,42754099999,DEVI AHILYABAI HOLKAR,22.722,75.801,25.0,,88.68
2016-07-06T03:00:00,42754099999,DEVI AHILYABAI HOLKAR,22.722,75.801,25.0,1000.7,90.85
2016-07-06T03:00:00,42754099999,DEVI AHILYABAI HOLKAR,22.722,75.801,25.0,,88.68
2016-07-06T06:00:00,42754099999,DEVI AHILYABAI HOLKAR,22.722,75.801,28.0,1001.1,72.52
2016-07-06T09:00:00,42754099999,DEVI AHILYABAI HOLKAR,22.722,75.801,29.6,998.9,68.13
2016-07-06T09:00:00,42754099999,DEVI AHILYABAI HOLKAR,22.722,75.801,30.0,,66.18
2016-07-06T12:00:00,42754099999,DEVI AHILYABAI HOLKAR,22.722,75.801,29.4,997.8,65.66
2016-07-06T12:00:00,42754099999,DEVI AHILYABAI HOLKAR,22.722,75.801,29.0,,65.98
2016-07-06T13:00:00,42754099999,DEVI AHILYABAI HOLKAR,22.722,75.801,29.0,,70.11
2016-07-06T15:00:00,42754099999,DEVI AHILYABAI HOLKAR,22.722,75.801,28.0,999.4,71.21
2016-07-06T15:00:00,42754099999,DEVI AHILYABAI HOLKAR,22.722,75.801,28.0,,69.92
2016-07-06T18:00:00,42754099999,DEVI AHILYABAI HOLKAR,22.722,75.801,26.6,1000.3,75.9
2016-07-06T18:00:00,42754099999,DEVI AHILYABAI HOLKAR,22.722,75.801,27.0,,74.14
2016-07-06T21:00:00,42754099999,DEVI AHILYABAI HOLKAR,22.722,75.801,26.0,998.8,78.64
2016-07-06T21:00:00,42754099999,DEVI AHILYABAI HOLKAR,22.722,75.801,26.0,,78.64
2016-07-06T23:00:00,42754099999,DEVI AHILYABAI HOLKAR,22.722,75.801,25.0,,83.45
2016-07-07T00:00:00,42754099999,DEVI AHILYABAI HOLKAR,22.722,75.801,25.0,999.3,80.94
2016-07-07T00:00:00,42754099999,DEVI AHILYABAI HOLKAR,22.722,75.801,25.0,,78.5
2016-07-07T02:00:00,42754099999,DEVI AHILYABAI HOLKAR,22.722,75.801,25.0,,88.68
2016-07-07T03:00:00,42754099999,DEVI AHILYABAI HOLKAR,22.722,75.801,25.4,1002.1,87.12
2016-07-07T03:00:00,42754099999,DEVI AHILYABAI HOLKAR,22.722,75.801,25.0,,88.68
2016-07-07T06:00:00,42754099999,DEVI AHILYABAI HOLKAR,22.722,75.801,27.4,1002.0,74.66
2016-07-07T06:00:00,42754099999,DEVI AHILYABAI HOLKAR,22.722,75.801,27.0,,78.78
2016-07-07T09:00:00,42754099999,DEVI AHILYABAI HOLKAR,22.722,75.801,27.4,1001.0,74.66
2016-07-07T09:00:00,42754099999,DEVI AHILYABAI HOLKAR,22.722,75.801,27.0,,78.78
2016-07-07T12:00:00,42754099999,DEVI AHILYABAI HOLKAR,22.722,75.801,28.0,999.0,75.21
2016-07-07T12:00:00,42754099999,DEVI AHILYABAI HOLKAR,22.722,75.801,28.0,,74.3
2016-07-07T15:00:00,42754099999,DEVI AHILYABAI HOLKAR,22.722,75.801,26.6,1000.3,80.17
2016-07-07T15:00:00,42754099999,DEVI AHILYABAI HOLKAR,22.722,75.801,27.0,,78.78
2016-07-07T18:00:00,42754099999,DEVI AHILYABAI HOLKAR,22.722,75.801,25.8,1001.3,85.59
2016-07-07T18:00:00,42754099999,DEVI AHILYABAI HOLKAR,22.722,75.801,26.0,,83.57
2016-07-07T21:00:00,42754099999,DEVI AHILYABAI HOLKAR,22.722,75.801,25.4,999.7,87.12
2016-07-07T21:00:00,42754099999,DEVI AHILYABAI HOLKAR,22.722,75.801,25.0,,88.68
2016-07-08T00:00:00,42754099999,DEVI AHILYABAI HOLKAR,22.722,75.801,25.2,999.8,88.7
2016-07-08T00:00:00,42754099999,DEVI AHILYABAI HOLKAR,22.722,75.801,25.0,,88.68
2016-07-08T03:00:00,42754099999,DEVI AHILYABAI HOLKAR,22.722,75.801,25.2,1001.2,88.7
2016-07-08T03:00:00,42754099999,DEVI AHILYABAI HOLKAR,22.722,75.801,25.0,,88.68
2016-07-08T06:00:00,42754099999,DEVI AHILYABAI HOLKAR,22.722,75.801,27.0,1001.1,80.22
2016-07-08T06:00:00,42754099999,DEVI AHILYABAI HOLKAR,22.722,75.801,27.0,,78.78
2016-07-08T09:00:00,42754099999,DEVI AHILYABAI HOLKAR,22.722,75.801,28.4,999.0,73.92
2016-07-08T09:00:00,42754099999,DEVI AHILYABAI HOLKAR,22.722,75.801,28.0,,74.3
2016-07-08T12:00:00,42754099999,DEVI AHILYABAI HOLKAR,22.722,75.801,28.6,997.0,73.95
2016-07-08T12:00:00,42754099999,DEVI AHILYABAI HOLKAR,22.722,75.801,29.0,,70.11
2016-07-08T15:00:00,42754099999,DEVI AHILYABAI HOLKAR,22.722,75.801,26.4,997.9,88.79
2016-07-08T15:00:00,42754099999,DEVI AHILYABAI HOLKAR,22.722,75.801,26.0,,88.76
2016-07-08T18:00:00,42754099999,DEVI AHILYABAI HOLKAR,22.722,75.801,25.6,998.8,90.34
2016-07-08T18:00:00,42754099999,DEVI AHILYABAI HOLKAR,22.722,75.801,26.0,,88.76
2016-07-08T21:00:00,42754099999,DEVI AHILYABAI HOLKAR,22.722,75.801,25.0,997.4,93.63
2016-07-08T21:00:00,42754099999,DEVI AHILYABAI HOLKAR,22.722,75.801,25.0,,94.19
2016-07-08T23:00:00,42754099999,DEVI AHILYABAI HOLKAR,22.722,75.801,25.0,,94.19
2016-07-09T00:00:00,42754099999,DEVI AHILYABAI HOLKAR,22.722,75.801,24.0,997.7,96.45
2016-07-09T00:00:00,42754099999,DEVI AHILYABAI HOLKAR,22.722,75.801,24.0,,94.15
2016-07-09T01:00:00,42754099999,DEVI AHILYABAI HOLKAR,22.722,75.801,24.0,,94.15
2016-07-09T03:00:00,42754099999,DEVI AHILYABAI HOLKAR,22.722,75.801,23.8,998.2,96.45
2016-07-09T03:00:00,42754099999,DEVI AHILYABAI HOLKAR,22.722,75.801,24.0,,94.15
2016-07-09T04:00:00,42754099999,DEVI AHILYABAI HOLKAR,22.722,75.801,24.0,,94.15
2016-07-09T05:00:00,42754099999,DEVI AHILYABAI HOLKAR,22.722,75.801,24.0,,94.15
2016-07-09T06:00:00,42754099999,DEVI AHILYABAI HOLKAR,22.722,75.801,23.8,998.8,98.21
2016-07-09T06:00:00,42754099999,DEVI AHILYABAI HOLKAR,22.722,75.801,24.0,,94.15
2016-07-09T07:00:00,42754099999,DEVI AHILYABAI HOLKAR,22.722,75.801,24.0,,94.15
2016-07-09T08:00:00,42754099999,DEVI AHILYABAI HOLKAR,22.722,75.801,24.0,,94.15
2016-07-09T09:00:00,42754099999,DEVI AHILYABAI HOLKAR,22.722,75.801,24.0,997.7,96.45
2016-07-09T09:00:00,42754099999,DEVI AHILYABAI HOLKAR,22.722,75.801,24.0,,94.15
2016-07-09T10:00:00,42754099999,DEVI AHILYABAI HOLKAR,22.722,75.801,24.0,,94.15
2016-07-09T11:00:00,42754099999,DEVI AHILYABAI HOLKAR,22.722,75.801,24.0,,94.15
2016-07-09T12:00:00,42754099999,DEVI AHILYABAI HOLKAR,22.722,75.801,24.0,997.0,94.72
2016-07-09T12:00:00,42754099999,DEVI AHILYABAI HOLKAR,22.722,75.801,24.0,,94.15
2016-07-09T13:00:00,42754099999,DEVI AHILYABAI HOLKAR,22.722,75.801,24.0,,94.15
2016-07-09T15:00:00,42754099999,DEVI AHILYABAI HOLKAR,22.722,75.801,24.0,998.9,98.21
2016-07-09T15:00:00,42754099999,DEVI AHILYABAI HOLKAR,22.722,75.801,24.0,,100.0
2016-07-09T18:00:00,42754099999,DEVI AHILYABAI HOLKAR,22.722,75.801,24.0,999.6,98.21
2016-07-09T18:00:00,42754099999,DEVI AHILYABAI HOLKAR,22.722,75.801,24.0,,100.0
2016-07-09T21:00:00,42754099999,DEVI AHILYABAI HOLKAR,22.722,75.801,23.6,998.2,94.7
2016-07-09T21:00:00,42754099999,DEVI AHILYABAI HOLKAR,22.722,75.801,24.0,,94.15
2016-07-10T00:00:00,42754099999,DEVI AHILYABAI HOLKAR,22.722,75.801,24.0,996.9,98.21
2016-07-10T00:00:00,42754099999,DEVI AHILYABAI HOLKAR,22.722,75.801,24.0,,100.0
2016-07-10T03:00:00,42754099999,DEVI AHILYABAI HOLKAR,22.722,75.801,24.6,998.6,95.31
2016-07-10T03:00:00,42754099999,DEVI AHILYABAI HOLKAR,22.722,75.801,25.0,,94.19
2016-07-10T04:00:00,42754099999,DEVI AHILYABAI HOLKAR,22.722,75.801,24.0,,94.15
2016-07-10T06:00:00,42754099999,DEVI AHILYABAI HOLKAR,22.722,75.801,24.2,998.8,98.21
2016-07-10T06:00:00,42754099999,DEVI AHILYABAI HOLKAR,22.722,75.801,24.0,,100.0
2016-07-10T07:00:00,42754099999,DEVI AHILYABAI HOLKAR,22.722,75.801,24.0,,100.0
2016-07-10T09:00:00,42754099999,DEVI AHILYABAI HOLKAR,22.722,75.801,24.4,997.3,98.22
2016-07-10T09:00:00,42754099999,DEVI AHILYABAI HOLKAR,22.722,75.801,24.0,,100.0
2016-07-10T11:30:00,42754099999,DEVI AHILYABAI HOLKAR,22.722,75.801,24.0,,100.0
2016-07-10T12:00:00,42754099999,DEVI AHILYABAI HOLKAR,22.722,75.801,24.2,996.8,98.21
2016-07-10T12:00:00,42754099999,DEVI AHILYABAI HOLKAR,22.722,75.801,24.0,,100.0
2016-07-10T15:00:00,42754099999,DEVI AHILYABAI HOLKAR,22.722,75.801,23.4,997.9,96.44
2016-07-10T15:00:00,42754099999,DEVI AHILYABAI HOLKAR,22.722,75.801,23.0,,100.0
2016-07-10T18:00:00,42754099999,DEVI AHILYABAI HOLKAR,22.722,75.801,25.2,998.4,98.23
2016-07-10T18:00:00,42754099999,DEVI AHILYABAI HOLKAR,22.722,75.801,25.0,,100.0
2016-07-10T21:00:00,42754099999,DEVI AHILYABAI HOLKAR,22.722,75.801,24.4,997.0,98.22
2016-07-10T21:00:00,42754099999,DEVI AHILYABAI HOLKAR,22.722,75.801,24.0,,100.0
2016-07-11T00:00:00,42754099999,DEVI AHILYABAI HOLKAR,22.722,75.801,24.4,996.6,98.22
2016-07-11T00:00:00,42754099999,DEVI AHILYABAI HOLKAR,22.722,75.801,24.0,,100.0
2016-07-11T02:00:00,42754099999,DEVI AHILYABAI HOLKAR,22.722,75.801,24.0,,100.0
2016-07-11T03:00:00,42754099999,DEVI AHILYABAI HOLKAR,22.722,75.801,23.4,998.8,96.44
2016-07-11T03:00:00,42754099999,DEVI AHILYABAI HOLKAR,22.722,75.801,23.0,,100.0
2016-07-11T05:00:00,42754099999,DEVI AHILYABAI HOLKAR,22.722,75.801,24.0,,94.15
2016-07-11T06:00:00,42754099999,DEVI AHILYABAI HOLKAR,22.722,75.801,24.4,999.2,94.74
2016-07-11T06:00:00,42754099999,DEVI AHILYABAI HOLKAR,22.722,75.801,24.0,,94.15
2016-07-11T09:00:00,42754099999,DEVI AHILYABAI HOLKAR,22.722,75.801,25.0,998.2,93.63
2016-07-11T09:00:00,42754099999,DEVI AHILYABAI HOLKAR,22.722,75.801,25.0,,94.19
2016-07-11T12:00:00,42754099999,DEVI AHILYABAI HOLKAR,22.722,75.801,24.6,997.3,98.22
2016-07-11T12:00:00,42754099999,DEVI AHILYABAI HOLKAR,22.722,75.801,25.0,,94.19
2016-07-11T15:00:00,42754099999,DEVI AHILYABAI HOLKAR,22.722,75.801,24.4,998.3,96.46
2016-07-11T15:00:00,42754099999,DEVI AHILYABAI HOLKAR,22.722,75.801,24.0,,100.0
2016-07-11T18:00:00,42754099999,DEVI AHILYABAI HOLKAR,22.722,75.801,24.4,998.9,96.46
2016-07-11T18:00:00,42754099999,DEVI AHILYABAI HOLKAR,22.722,75.801,24.0,,100.0
2016-07-11T21:00:00,42754099999,DEVI AHILYABAI HOLKAR,22.722,75.801,24.2,997.5,96.46
2016-07-11T21:00:00,42754099999,DEVI AHILYABAI HOLKAR,22.722,75.801,24.0,,100.0
2016-07-11T23:00:00,42754099999,DEVI AHILYABAI HOLKAR,22.722,75.801,24.0,,100.0
2016-07-12T00:00:00,42754099999,DEVI AHILYABAI HOLKAR,22.722,75.801,23.4,998.2,94.7
2016-07-12T00:00:00,42754099999,DEVI AHILYABAI HOLKAR,22.722,75.801,23.0,,100.0
2016-07-12T01:00:00,42754099999,DEVI AHILYABAI HOLKAR,22.722,75.801,23.0,,100.0
2016-07-12T02:00:00,42754099999,DEVI AHILYABAI HOLKAR,22.722,75.801,23.0,,100.0
2016-07-12T03:00:00,42754099999,DEVI AHILYABAI HOLKAR,22.722,75.801,23.2,999.2,91.29
2016-07-12T03:00:00,42754099999,DEVI AHILYABAI HOLKAR,22.722,75.801,23.0,,94.11
2016-07-12T06:00:00,42754099999,DEVI AHILYABAI HOLKAR,22.722,75.801,23.8,1000.6,98.21
2016-07-12T06:00:00,42754099999,DEVI AHILYABAI HOLKAR,22.722,75.801,24.0,,94.15
2016-07-12T09:00:00,42754099999,DEVI AHILYABAI HOLKAR,22.722,75.801,23.4,998.8,98.2
2016-07-12T09:00:00,42754099999,DEVI AHILYABAI HOLKAR,22.722,75.801,23.0,,100.0
2016-07-12T10:00:00,42754099999,DEVI AHILYABAI HOLKAR,22.722,75.801,23.0,,100.0
2016-07-12T12:00:00,42754099999,DEVI AHILYABAI HOLKAR,22.722,75.801,23.6,998.3,98.21
2016-07-12T12:00:00,42754099999,DEVI AHILYABAI HOLKAR,22.722,75.801,24.0,,94.15
2016-07-12T13:00:00,42754099999,DEVI AHILYABAI HOLKAR,22.722,75.801,24.0,,94.15
2016-07-12T14:00:00,42754099999,DEVI AHILYABAI HOLKAR,22.722,75.801,23.0,,100.0
2016-07-12T15:00:00,42754099999,DEVI AHILYABAI HOLKAR,22.722,75.801,23.2,999.8,98.2
2016-07-12T15:00:00,42754099999,DEVI AHILYABAI HOLKAR,22.722,75.801,23.0,,100.0
2016-07-12T18:00:00,42754099999,DEVI AHILYABAI HOLKAR,22.722,75.801,23.0,1000.6,96.43
2016-07-12T18:00:00,42754099999,DEVI AHILYABAI HOLKAR,22.722,75.801,23.0,,94.11
2016-07-12T21:00:00,42754099999,DEVI AHILYABAI HOLKAR,22.722,75.801,23.0,998.9,96.43
2016-07-13T00:00:00,42754099999,DEVI AHILYABAI HOLKAR,22.722,75.801,23.0,1000.2,96.43
2016-07-13T00:00:00,42754099999,DEVI AHILYABAI HOLKAR,22.722,75.801,23.0,,94.11
2016-07-13T03:00:00,42754099999,DEVI AHILYABAI HOLKAR,22.722,75.801,24.0,1001.1,94.72
2016-07-13T03:00:00,42754099999,DEVI AHILYABAI HOLKAR,22.722,75.801,24.0,,94.15
2016-07-13T05:00:00,42754099999,DEVI AHILYABAI HOLKAR,22.722,75.801,26.0,,94.23
2016-07-13T06:00:00,42754099999,DEVI AHILYABAI HOLKAR,22.722,75.801,26.2,1000.9,87.19
2016-07-13T06:00:00,42754099999,DEVI AHILYABAI HOLKAR,22.722,75.801,26.0,,88.76
2016-07-13T07:00:00,42754099999,DEVI AHILYABAI HOLKAR,22.722,75.801,26.0,,83.57
2016-07-13T08:00:00,42754099999,DEVI AHILYABAI HOLKAR,22.722,75.801,28.0,,78.92
2016-07-13T09:00:00,42754099999,DEVI AHILYABAI HOLKAR,22.722,75.801,27.6,999.4,80.3
2016-07-13T09:00:00,42754099999,DEVI AHILYABAI HOLKAR,22.722,75.801,28.0,,78.92
2016-07-13T12:00:00,42754099999,DEVI AHILYABAI HOLKAR,22.722,75.801,28.4,998.6,78.03
2016-07-13T12:00:00,42754099999,DEVI AHILYABAI HOLKAR,22.722,75.801,28.0,,78.92
2016-07-13T15:00:00,42754099999,DEVI AHILYABAI HOLKAR,22.722,75.801,24.0,1001.2,94.72
2016-07-13T15:00:00,42754099999,DEVI AHILYABAI HOLKAR,22.722,75.801,24.0,,94.15
2016-07-13T18:00:00,42754099999,DEVI AHILYABAI HOLKAR,22.722,75.801,23.8,1002.3,98.21
2016-07-13T18:00:00,42754099999,DEVI AHILYABAI HOLKAR,22.722,75.801,24.0,,94.15
2016-07-13T21:00:00,42754099999,DEVI AHILYABAI HOLKAR,22.722,75.801,22.6,1001.3,96.42
2016-07-13T21:00:00,42754099999,DEVI AHILYABAI HOLKAR,22.722,75.801,23.0,,94.11
2016-07-14T00:00:00,42754099999,DEVI AHILYABAI HOLKAR,22.722,75.801,22.4,1001.4,96.41
2016-07-14T00:00:00,42754099999,DEVI AHILYABAI HOLKAR,22.722,75.801,22.0,,100.0
2016-07-14T03:00:00,42754099999,DEVI AHILYABAI HOLKAR,22.722,75.801,24.6,1002.7,90.27
2016-07-14T03:00:00,42754099999,DEVI AHILYABAI HOLKAR,22.722,75.801,25.0,,88.68
2016-07-14T04:00:00,42754099999,DEVI AHILYABAI HOLKAR,22.722,75.801,26.0,,83.57
2016-07-14T05:00:00,42754099999,DEVI AHILYABAI HOLKAR,22.722,75.801,26.0,,83.57
2016-07-14T06:00:00,42754099999,DEVI AHILYABAI HOLKAR,22.722,75.801,28.0,1001.5,73.85
2016-07-14T06:00:00,42754099999,DEVI AHILYABAI HOLKAR,22.722,75.801,28.0,,74.3
2016-07-14T07:00:00,42754099999,DEVI AHILYABAI HOLKAR,22.722,75.801,28.0,,74.3
2016-07-14T08:00:00,42754099999,DEVI AHILYABAI HOLKAR,22.722,75.801,28.0,,74.3
2016-07-14T09:00:00,42754099999,DEVI AHILYABAI HOLKAR,22.722,75.801,30.0,999.6,66.99
2016-07-14T09:00:00,42754099999,DEVI AHILYABAI HOLKAR,22.722,75.801,30.0,,66.18
2016-07-14T12:00:00,42754099999,DEVI AHILYABAI HOLKAR,22.722,75.801,30.2,998.1,67.43
2016-07-14T12:00:00,42754099999,DEVI AHILYABAI HOLKAR,22.722,75.801,30.0,,66.18
2016-07-14T14:00:00,42754099999,DEVI AHILYABAI HOLKAR,22.722,75.801,27.0,,83.68
2016-07-14T15:00:00,42754099999,DEVI AHILYABAI HOLKAR,22.722,75.801,26.4,1001.1,86.17
2016-07-14T15:00:00,42754099999,DEVI AHILYABAI HOLKAR,22.722,75.801,26.0,,88.76
2016-07-14T18:00:00,42754099999,DEVI AHILYABAI HOLKAR,22.722,75.801,25.0,1003.1,88.68
2016-07-14T18:00:00,42754099999,DEVI AHILYABAI HOLKAR,22.722,75.801,25.0,,88.68
2016-07-14T21:00:00,42754099999,DEVI AHILYABAI HOLKAR,22.722,75.801,23.8,1001.9,90.22
2016-07-14T21:00:00,42754099999,DEVI AHILYABAI HOLKAR,22.722,75.801,24.0,,88.6
2016-07-15T00:00:00,42754099999,DEVI AHILYABAI HOLKAR,22.722,75.801,23.6,1001.9,91.87
2016-07-15T00:00:00,42754099999,DEVI AHILYABAI HOLKAR,22.722,75.801,24.0,,88.6
2016-07-15T03:00:00,42754099999,DEVI AHILYABAI HOLKAR,22.722,75.801,25.4,1002.7,87.12
2016-07-15T03:00:00,42754099999,DEVI AHILYABAI HOLKAR,22.722,75.801,25.0,,88.68
2016-07-15T04:00:00,42754099999,DEVI AHILYABAI HOLKAR,22.722,75.801,27.0,,78.78
2016-07-15T06:00:00,42754099999,DEVI AHILYABAI HOLKAR,22.722,75.801,27.0,1003.0,77.36
2016-07-15T06:00:00,42754099999,DEVI AHILYABAI HOLKAR,22.722,75.801,27.0,,78.78
2016-07-15T09:00:00,42754099999,DEVI AHILYABAI HOLKAR,22.722,75.801,29.4,1000.3,71.89
2016-07-15T09:00:00,42754099999,DEVI AHILYABAI HOLKAR,22.722,75.801,29.0,,74.47
2016-07-15T11:00:00,42754099999,DEVI AHILYABAI HOLKAR,22.722,75.801,29.0,,74.47
2016-07-15T12:00:00,42754099999,DEVI AHILYABAI HOLKAR,22.722,75.801,28.0,1000.0,77.98
2016-07-15T12:00:00,42754099999,DEVI AHILYABAI HOLKAR,22.722,75.801,28.0,,78.92
2016-07-15T13:00:00,42754099999,DEVI AHILYABAI HOLKAR,22.722,75.801,27.0,,83.68
2016-07-15T15:00:00,42754099999,DEVI AHILYABAI HOLKAR,22.722,75.801,25.8,1002.6,87.15
2016-07-15T15:00:00,42754099999,DEVI AHILYABAI HOLKAR,22.722,75.801,26.0,,83.57
2016-07-15T18:00:00,42754099999,DEVI AHILYABAI HOLKAR,22.722,75.801,25.0,1003.4,90.3
2016-07-15T18:00:00,42754099999,DEVI AHILYABAI HOLKAR,22.722,75.801,25.0,,88.68
2016-07-15T21:00:00,42754099999,DEVI AHILYABAI HOLKAR,22.722,75.801,24.0,1002.2,90.23
2016-07-15T21:00:00,42754099999,DEVI AHILYABAI HOLKAR,22.722,75.801,24.0,,88.6
2016-07-16T00:00:00,42754099999,DEVI AHILYABAI HOLKAR,22.722,75.801,23.4,1002.7,88.01
2016-07-16T00:00:00,42754099999,DEVI AHILYABAI HOLKAR,22.722,75.801,23.0,,88.52
2016-07-16T03:00:00,42754099999,DEVI AHILYABAI HOLKAR,22.722,75.801,24.6,1003.1,91.93
2016-07-16T03:00:00,42754099999,DEVI AHILYABAI HOLKAR,22.722,75.801,25.0,,88.68
2016-07-16T06:00:00,42754099999,DEVI AHILYABAI HOLKAR,22.722,75.801,26.0,1003.7,80.09
2016-07-16T06:00:00,42754099999,DEVI AHILYABAI HOLKAR,22.722,75.801,26.0,,78.64
2016-07-16T09:00:00,42754099999,DEVI AHILYABAI HOLKAR,22.722,75.801,26.4,1002.6,83.11
2016-07-16T09:00:00,42754099999,DEVI AHILYABAI HOLKAR,22.722,75.801,26.0,,83.57
2016-07-16T10:00:00,42754099999,DEVI AHILYABAI HOLKAR,22.722,75.801,26.0,,88.76
2016-07-16T11:00:00,42754099999,DEVI AHILYABAI HOLKAR,22.722,75.801,26.0,,88.76
2016-07-16T12:00:00,42754099999,DEVI AHILYABAI HOLKAR,22.722,75.801,25.6,1002.1,91.99
2016-07-16T12:00:00,42754099999,DEVI AHILYABAI HOLKAR,22.722,75.801,26.0,,88.76
2016-07-16T13:00:00,42754099999,DEVI AHILYABAI HOLKAR,22.722,75.801,26.0,,88.76
2016-07-16T14:00:00,42754099999,DEVI AHILYABAI HOLKAR,22.722,75.801,26.0,,88.76
2016-07-16T15:00:00,42754099999,DEVI AHILYABAI HOLKAR,22.722,75.801,23.4,1005.2,96.44
2016-07-16T15:00:00,42754099999,DEVI AHILYABAI HOLKAR,22.722,75.801,23.0,,100.0
2016-07-16T18:00:00,42754099999,DEVI AHILYABAI HOLKAR,22.722,75.801,23.4,1005.2,96.44
2016-07-16T18:00:00,42754099999,DEVI AHILYABAI HOLKAR,22.722,75.801,23.0,,100.0
2016-07-16T21:00:00,42754099999,DEVI AHILYABAI HOLKAR,22.722,75.801,23.0,1003.7,96.43
2016-07-16T21:00:00,42754099999,DEVI AHILYABAI HOLKAR,22.722,75.801,23.0,,94.11
2016-07-17T00:00:00,42754099999,DEVI AHILYABAI HOLKAR,22.722,75.801,23.0,1004.0,96.43
2016-07-17T00:00:00,42754099999,DEVI AHILYABAI HOLKAR,22.722,75.801,23.0,,94.11
2016-07-17T03:00:00,42754099999,DEVI AHILYABAI HOLKAR,22.722,75.801,24.4,1005.4,91.92
2016-07-17T03:00:00,42754099999,DEVI AHILYABAI HOLKAR,22.722,75.801,24.0,,94.15
2016-07-17T04:30:00,42754099999,DEVI AHILYABAI HOLKAR,22.722,75.801,25.0,,88.68
2016-07-17T06:00:00,42754099999,DEVI AHILYABAI HOLKAR,22.722,75.801,25.6,1006.1,87.14
2016-07-17T06:00:00,42754099999,DEVI AHILYABAI HOLKAR,22.722,75.801,26.0,,83.57
2016-07-17T07:30:00,42754099999,DEVI AHILYABAI HOLKAR,22.722,75.801,27.0,,78.78
2016-07-17T08:00:00,42754099999,DEVI AHILYABAI HOLKAR,22.722,75.801,26.0,,83.57
2016-07-17T09:00:00,42754099999,DEVI AHILYABAI HOLKAR,22.722,75.801,26.0,1006.1,84.58
2016-07-17T09:00:00,42754099999,DEVI AHILYABAI HOLKAR,22.722,75.801,26.0,,83.57
2016-07-17T12:00:00,42754099999,DEVI AHILYABAI HOLKAR,22.722,75.801,26.0,1004.0,84.58
2016-07-17T12:00:00,42754099999,DEVI AHILYABAI HOLKAR,22.722,75.801,26.0,,83.57
2016-07-17T15:00:00,42754099999,DEVI AHILYABAI HOLKAR,22.722,75.801,24.6,1005.9,91.93
2016-07-17T15:00:00,42754099999,DEVI AHILYABAI HOLKAR,22.722,75.801,25.0,,88.68
2016-07-17T18:00:00,42754099999,DEVI AHILYABAI HOLKAR,22.722,75.801,24.0,1007.3,91.89
2016-07-17T18:00:00,42754099999,DEVI AHILYABAI HOLKAR,22.722,75.801,24.0,,94.15
2016-07-17T21:00:00,42754099999,DEVI AHILYABAI HOLKAR,22.722,75.801,23.8,1005.3,90.22
2016-07-17T21:00:00,42754099999,DEVI AHILYABAI HOLKAR,22.722,75.801,24.0,,88.6
2016-07-17T23:00:00,42754099999,DEVI AHILYABAI HOLKAR,22.722,75.801,24.0,,88.6
2016-07-18T00:00:00,42754099999,DEVI AHILYABAI HOLKAR,22.722,75.801,23.4,1005.7,91.86
2016-07-18T00:00:00,42754099999,DEVI AHILYABAI HOLKAR,22.722,75.801,23.0,,94.11
2016-07-18T01:00:00,42754099999,DEVI AHILYABAI HOLKAR,22.722,75.801,23.0,,94.11
2016-07-18T03:00:00,42754099999,DEVI AHILYABAI HOLKAR,22.722,75.801,24.6,1006.4,90.27
2016-07-18T03:00:00,42754099999,DEVI AHILYABAI HOLKAR,22.722,75.801,25.0,,88.68
2016-07-18T04:00:00,42754099999,DEVI AHILYABAI HOLKAR,22.722,75.801,26.0,,83.57
2016-07-18T05:00:00,42754099999,DEVI AHILYABAI HOLKAR,22.722,75.801,27.0,,78.78
2016-07-18T06:00:00,42754099999,DEVI AHILYABAI HOLKAR,22.722,75.801,26.6,1006.9,83.13
2016-07-18T06:00:00,42754099999,DEVI AHILYABAI HOLKAR,22.722,75.801,27.0,,78.78
2016-07-18T07:00:00,42754099999,DEVI AHILYABAI HOLKAR,22.722,75.801,27.0,,78.78
2016-07-18T08:00:00,42754099999,DEVI AHILYABAI HOLKAR,22.722,75.801,28.0,,78.92
2016-07-18T09:00:00,42754099999,DEVI AHILYABAI HOLKAR,22.722,75.801,26.4,1004.7,88.79
2016-07-18T09:00:00,42754099999,DEVI AHILYABAI HOLKAR,22.722,75.801,26.0,,88.76
2016-07-18T12:00:00,42754099999,DEVI AHILYABAI HOLKAR,22.722,75.801,28.4,1002.2,85.34
2016-07-18T12:00:00,42754099999,DEVI AHILYABAI HOLKAR,22.722,75.801,28.0,,88.92
2016-07-18T15:00:00,42754099999,DEVI AHILYABAI HOLKAR,22.722,75.801,24.0,1005.3,96.45
2016-07-18T15:00:00,42754099999,DEVI AHILYABAI HOLKAR,22.722,75.801,24.0,,94.15
2016-07-18T18:00:00,42754099999,DEVI AHILYABAI HOLKAR,22.722,75.801,24.0,1006.1,94.72
2016-07-18T18:00:00,42754099999,DEVI AHILYABAI HOLKAR,22.722,75.801,24.0,,94.15
2016-07-18T21:00:00,42754099999,DEVI AHILYABAI HOLKAR,22.722,75.801,23.8,1004.3,94.71
2016-07-18T21:00:00,42754099999,DEVI AHILYABAI HOLKAR,22.722,75.801,24.0,,94.15
2016-07-18T23:00:00,42754099999,DEVI AHILYABAI HOLKAR,22.722,75.801,24.0,,94.15
2016-07-19T00:00:00,42754099999,DEVI AHILYABAI HOLKAR,22.722,75.801,23.4,1004.3,96.44
2016-07-19T00:00:00,42754099999,DEVI AHILYABAI HOLKAR,22.722,75.801,23.0,,100.0
2016-07-19T01:00:00,42754099999,DEVI AHILYABAI HOLKAR,22.722,75.801,24.0,,94.15
2016-07-19T02:00:00,42754099999,DEVI AHILYABAI HOLKAR,22.722,75.801,25.0,,88.68
2016-07-19T03:00:00,42754099999,DEVI AHILYABAI HOLKAR,22.722,75.801,24.8,1005.6,87.06
2016-07-19T03:00:00,42754099999,DEVI AHILYABAI HOLKAR,22.722,75.801,25.0,,88.68
2016-07-19T04:00:00,42754099999,DEVI AHILYABAI HOLKAR,22.722,75.801,25.0,,88.68
2016-07-19T06:00:00,42754099999,DEVI AHILYABAI HOLKAR,22.722,75.801,26.6,1005.8,81.64
2016-07-19T06:00:00,42754099999,DEVI AHILYABAI HOLKAR,22.722,75.801,27.0,,78.78
2016-07-19T07:00:00,42754099999,DEVI AHILYABAI HOLKAR,22.722,75.801,28.0,,74.3
2016-07-19T08:00:00,42754099999,DEVI AHILYABAI HOLKAR,22.722,75.801,28.0,,74.3
2016-07-19T09:00:00,42754099999,DEVI AHILYABAI HOLKAR,22.722,75.801,28.0,1003.6,75.21
2016-07-19T09:00:00,42754099999,DEVI AHILYABAI HOLKAR,22.722,75.801,28.0,,74.3
2016-07-19T12:00:00,42754099999,DEVI AHILYABAI HOLKAR,22.722,75.801,27.4,1001.7,84.73
2016-07-19T12:00:00,42754099999,DEVI AHILYABAI HOLKAR,22.722,75.801,27.0,,88.84
2016-07-19T13:00:00,42754099999,DEVI AHILYABAI HOLKAR,22.722,75.801,26.0,,94.23
2016-07-19T15:00:00,42754099999,DEVI AHILYABAI HOLKAR,22.722,75.801,25.2,1004.1,91.96
2016-07-19T15:00:00,42754099999,DEVI AHILYABAI HOLKAR,22.722,75.801,25.0,,94.19
2016-07-19T18:00:00,42754099999,DEVI AHILYABAI HOLKAR,22.722,75.801,22.8,1005.7,98.2
2016-07-19T18:00:00,42754099999,DEVI AHILYABAI HOLKAR,22.722,75.801,23.0,,100.0
2016-07-19T21:00:00,42754099999,DEVI AHILYABAI HOLKAR,22.722,75.801,22.6,1004.0,96.42
2016-07-19T21:00:00,42754099999,DEVI AHILYABAI HOLKAR,22.722,75.801,23.0,,94.11
2016-07-20T00:00:00,42754099999,DEVI AHILYABAI HOLKAR,22.722,75.801,23.4,1004.3,96.44
2016-07-20T00:00:00,42754099999,DEVI AHILYABAI HOLKAR,22.722,75.801,23.0,,100.0
2016-07-20T03:00:00,42754099999,DEVI AHILYABAI HOLKAR,22.722,75.801,24.4,1005.2,91.92
2016-07-20T03:00:00,42754099999,DEVI AHILYABAI HOLKAR,22.722,75.801,24.0,,94.15
2016-07-20T05:00:00,42754099999,DEVI AHILYABAI HOLKAR,22.722,75.801,26.0,,83.57
2016-07-20T06:00:00,42754099999,DEVI AHILYABAI HOLKAR,22.722,75.801,26.8,1005.5,74.56
2016-07-20T06:00:00,42754099999,DEVI AHILYABAI HOLKAR,22.722,75.801,27.0,,74.14
2016-07-20T07:00:00,42754099999,DEVI AHILYABAI HOLKAR,22.722,75.801,27.0,,78.78
2016-07-20T09:00:00,42754099999,DEVI AHILYABAI HOLKAR,22.722,75.801,28.8,1003.4,71.36
2016-07-20T09:00:00,42754099999,DEVI AHILYABAI HOLKAR,22.722,75.801,29.0,,70.11
2016-07-20T12:00:00,42754099999,DEVI AHILYABAI HOLKAR,22.722,75.801,30.0,1000.8,68.21
2016-07-20T12:00:00,42754099999,DEVI AHILYABAI HOLKAR,22.722,75.801,30.0,,66.18
2016-07-20T15:00:00,42754099999,DEVI AHILYABAI HOLKAR,22.722,75.801,27.0,1002.3,84.69
2016-07-20T18:00:00,42754099999,DEVI AHILYABAI HOLKAR,22.722,75.801,25.4,1003.3,88.71
2016-07-20T18:00:00,42754099999,DEVI AHILYABAI HOLKAR,22.722,75.801,25.0,,88.68
2016-07-20T21:00:00,42754099999,DEVI AHILYABAI HOLKAR,22.722,75.801,24.8,1002.3,88.66
2016-07-20T21:00:00,42754099999,DEVI AHILYABAI HOLKAR,22.722,75.801,25.0,,88.68
2016-07-20T23:00:00,42754099999,DEVI AHILYABAI HOLKAR,22.722,75.801,24.0,,94.15
2016-07-21T00:00:00,42754099999,DEVI AHILYABAI HOLKAR,22.722,75.801,23.8,1003.0,91.88
2016-07-21T00:00:00,42754099999,DEVI AHILYABAI HOLKAR,22.722,75.801,24.0,,88.6
2016-07-21T01:00:00,42754099999,DEVI AHILYABAI HOLKAR,22.722,75.801,23.0,,94.11
2016-07-21T02:00:00,42754099999,DEVI AHILYABAI HOLKAR,22.722,75.801,24.0,,88.6
2016-07-21T03:00:00,42754099999,DEVI AHILYABAI HOLKAR,22.722,75.801,24.6,1004.1,94.74
2016-07-21T03:00:00,42754099999,DEVI AHILYABAI HOLKAR,22.722,75.801,25.0,,94.19
2016-07-21T04:00:00,42754099999,DEVI AHILYABAI HOLKAR,22.722,75.801,26.0,,83.57
2016-07-21T05:00:00,42754099999,DEVI AHILYABAI HOLKAR,22.722,75.801,28.0,,74.3
2016-07-21T06:00:00,42754099999,DEVI AHILYABAI HOLKAR,22.722,75.801,28.4,1004.0,75.27
2016-07-21T06:00:00,42754099999,DEVI AHILYABAI HOLKAR,22.722,75.801,28.0,,78.92
2016-07-21T07:00:00,42754099999,DEVI AHILYABAI HOLKAR,22.722,75.801,29.0,,70.11
2016-07-21T08:00:00,42754099999,DEVI AHILYABAI HOLKAR,22.722,75.801,30.0,,66.18
2016-07-21T09:00:00,42754099999,DEVI AHILYABAI HOLKAR,22.722,75.801,30.4,1001.8,66.26
2016-07-21T09:00:00,42754099999,DEVI AHILYABAI HOLKAR,22.722,75.801,30.0,,66.18
2016-07-21T11:00:00,42754099999,DEVI AHILYABAI HOLKAR,22.722,75.801,30.0,,66.18
2016-07-21T12:00:00,42754099999,DEVI AHILYABAI HOLKAR,22.722,75.801,30.4,999.7,67.47
2016-07-21T12:00:00,42754099999,DEVI AHILYABAI HOLKAR,22.722,75.801,30.0,,70.29
2016-07-21T13:00:00,42754099999,DEVI AHILYABAI HOLKAR,22.722,75.801,29.0,,70.11
2016-07-21T15:00:00,42754099999,DEVI AHILYABAI HOLKAR,22.722,75.801,27.4,1001.9,79.31
2016-07-21T15:00:00,42754099999,DEVI AHILYABAI HOLKAR,22.722,75.801,27.0,,78.78
2016-07-21T18:00:00,42754099999,DEVI AHILYABAI HOLKAR,22.722,75.801,26.0,1003.0,84.58
2016-07-21T18:00:00,42754099999,DEVI AHILYABAI HOLKAR,22.722,75.801,26.0,,83.57
2016-07-21T21:00:00,42754099999,DEVI AHILYABAI HOLKAR,22.722,75.801,25.4,1001.7,85.55
2016-07-21T21:00:00,42754099999,DEVI AHILYABAI HOLKAR,22.722,75.801,25.0,,88.68
2016-07-22T00:00:00,42754099999,DEVI AHILYABAI HOLKAR,22.722,75.801,25.0,1002.4,83.96
2016-07-22T00:00:00,42754099999,DEVI AHILYABAI HOLKAR,22.722,75.801,25.0,,83.45
2016-07-22T03:00:00,42754099999,DEVI AHILYABAI HOLKAR,22.722,75.801,25.0,1003.0,91.95
2016-07-22T03:00:00,42754099999,DEVI AHILYABAI HOLKAR,22.722,75.801,25.0,,94.19
2016-07-22T06:00:00,42754099999,DEVI AHILYABAI HOLKAR,22.722,75.801,28.2,1002.6,76.61
2016-07-22T06:00:00,42754099999,DEVI AHILYABAI HOLKAR,22.722,75.801,28.0,,78.92
2016-07-22T09:00:00,42754099999,DEVI AHILYABAI HOLKAR,22.722,75.801,28.4,1001.1,72.59
2016-07-22T09:00:00,42754099999,DEVI AHILYABAI HOLKAR,22.722,75.801,28.0,,74.3
2016-07-22T10:00:00,42754099999,DEVI AHILYABAI HOLKAR,22.722,75.801,30.0,,66.18
2016-07-22T11:00:00,42754099999,DEVI AHILYABAI HOLKAR,22.722,75.801,30.0,,66.18
2016-07-22T12:00:00,42754099999,DEVI AHILYABAI HOLKAR,22.722,75.801,28.4,999.7,72.59
2016-07-22T12:00:00,42754099999,DEVI AHILYABAI HOLKAR,22.722,75.801,28.0,,74.3
2016-07-22T13:30:00,42754099999,DEVI AHILYABAI HOLKAR,22.722,75.801,27.0,,78.78
2016-07-22T14:00:00,42754099999,DEVI AHILYABAI HOLKAR,22.722,75.801,27.0,,78.78
2016-07-22T15:00:00,42754099999,DEVI AHILYABAI HOLKAR,22.722,75.801,26.4,1001.4,83.11
2016-07-22T15:00:00,42754099999,DEVI AHILYABAI HOLKAR,22.722,75.801,26.0,,83.57
2016-07-22T18:00:00,42754099999,DEVI AHILYABAI HOLKAR,22.722,75.801,25.2,1002.2,88.7
2016-07-22T18:00:00,42754099999,DEVI AHILYABAI HOLKAR,22.722,75.801,25.0,,88.68
2016-07-22T21:00:00,42754099999,DEVI AHILYABAI HOLKAR,22.722,75.801,24.8,1001.6,90.29
2016-07-22T21:00:00,42754099999,DEVI AHILYABAI HOLKAR,22.722,75.801,25.0,,88.68
2016-07-23T00:00:00,42754099999,DEVI AHILYABAI HOLKAR,22.722,75.801,24.0,1001.8,91.89
2016-07-23T00:00:00,42754099999,DEVI AHILYABAI HOLKAR,22.722,75.801,24.0,,94.15
2016-07-23T03:00:00,42754099999,DEVI AHILYABAI HOLKAR,22.722,75.801,24.2,1003.0,91.91
2016-07-23T03:00:00,42754099999,DEVI AHILYABAI HOLKAR,22.722,75.801,24.0,,94.15
2016-07-23T04:00:00,42754099999,DEVI AHILYABAI HOLKAR,22.722,75.801,25.0,,88.68
2016-07-23T05:00:00,42754099999,DEVI AHILYABAI HOLKAR,22.722,75.801,26.0,,83.57
2016-07-23T06:00:00,42754099999,DEVI AHILYABAI HOLKAR,22.722,75.801,27.6,1002.4,77.92
2016-07-23T06:00:00,42754099999,DEVI AHILYABAI HOLKAR,22.722,75.801,28.0,,74.3
2016-07-23T07:00:00,42754099999,DEVI AHILYABAI HOLKAR,22.722,75.801,29.0,,74.47
2016-07-23T09:00:00,42754099999,DEVI AHILYABAI HOLKAR,22.722,75.801,30.0,1000.1,65.78
2016-07-23T09:00:00,42754099999,DEVI AHILYABAI HOLKAR,22.722,75.801,30.0,,66.18
2016-07-23T12:00:00,42754099999,DEVI AHILYABAI HOLKAR,22.722,75.801,30.6,998.5,65.11
2016-07-23T12:00:00,42754099999,DEVI AHILYABAI HOLKAR,22.722,75.801,31.0,,62.5
2016-07-23T15:00:00,42754099999,DEVI AHILYABAI HOLKAR,22.722,75.801,25.4,1002.2,96.49
2016-07-23T15:00:00,42754099999,DEVI AHILYABAI HOLKAR,22.722,75.801,25.0,,100.0
2016-07-23T18:00:00,42754099999,DEVI AHILYABAI HOLKAR,22.722,75.801,24.4,1003.4,96.46
2016-07-23T18:00:00,42754099999,DEVI AHILYABAI HOLKAR,22.722,75.801,24.0,,100.0
2016-07-23T21:00:00,42754099999,DEVI AHILYABAI HOLKAR,22.722,75.801,24.0,1002.6,96.45
2016-07-23T21:00:00,42754099999,DEVI AHILYABAI HOLKAR,22.722,75.801,24.0,,94.15
2016-07-23T23:00:00,42754099999,DEVI AHILYABAI HOLKAR,22.722,75.801,24.0,,94.15
2016-07-24T00:00:00,42754099999,DEVI AHILYABAI HOLKAR,22.722,75.801,24.0,1002.5,94.72
2016-07-24T00:00:00,42754099999,DEVI AHILYABAI HOLKAR,22.722,75.801,24.0,,94.15
2016-07-24T01:00:00,42754099999,DEVI AHILYABAI HOLKAR,22.722,75.801,24.0,,94.15
2016-07-24T02:00:00,42754099999,DEVI AHILYABAI HOLKAR,22.722,75.801,24.0,,94.15
2016-07-24T03:00:00,42754099999,DEVI AHILYABAI HOLKAR,22.722,75.801,23.6,1003.5,94.7
2016-07-24T03:00:00,42754099999,DEVI AHILYABAI HOLKAR,22.722,75.801,24.0,,94.15
2016-07-24T06:00:00,42754099999,DEVI AHILYABAI HOLKAR,22.722,75.801,26.6,1003.0,89.34
2016-07-24T06:00:00,42754099999,DEVI AHILYABAI HOLKAR,22.722,75.801,27.0,,88.84
2016-07-24T09:00:00,42754099999,DEVI AHILYABAI HOLKAR,22.722,75.801,28.0,1001.0,83.79
2016-07-24T09:00:00,42754099999,DEVI AHILYABAI HOLKAR,22.722,75.801,28.0,,83.79
2016-07-24T10:00:00,42754099999,DEVI AHILYABAI HOLKAR,22.722,75.801,25.0,,100.0
2016-07-24T12:00:00,42754099999,DEVI AHILYABAI HOLKAR,22.722,75.801,25.8,1000.1,93.66
2016-07-24T12:00:00,42754099999,DEVI AHILYABAI HOLKAR,22.722,75.801,26.0,,94.23
2016-07-24T13:00:00,42754099999,DEVI AHILYABAI HOLKAR,22.722,75.801,26.0,,94.23
2016-07-24T15:00:00,42754099999,DEVI AHILYABAI HOLKAR,22.722,75.801,25.8,1002.1,93.66
2016-07-24T18:00:00,42754099999,DEVI AHILYABAI HOLKAR,22.722,75.801,25.4,1003.2,94.21
2016-07-24T18:00:00,42754099999,DEVI AHILYABAI HOLKAR,22.722,75.801,25.0,,94.19
2016-07-24T21:00:00,42754099999,DEVI AHILYABAI HOLKAR,22.722,75.801,25.0,1002.1,91.95
2016-07-24T21:00:00,42754099999,DEVI AHILYABAI HOLKAR,22.722,75.801,25.0,,94.19
2016-07-25T00:00:00,42754099999,DEVI AHILYABAI HOLKAR,22.722,75.801,24.4,1002.5,93.6
2016-07-25T00:00:00,42754099999,DEVI AHILYABAI HOLKAR,22.722,75.801,24.0,,94.15
2016-07-25T03:00:00,42754099999,DEVI AHILYABAI HOLKAR,22.722,75.801,24.6,1003.7,95.31
2016-07-25T03:00:00,42754099999,DEVI AHILYABAI HOLKAR,22.722,75.801,25.0,,94.19
2016-07-25T06:00:00,42754099999,DEVI AHILYABAI HOLKAR,22.722,75.801,28.6,1003.7,73.95
2016-07-25T06:00:00,42754099999,DEVI AHILYABAI HOLKAR,22.722,75.801,29.0,,70.11
2016-07-25T09:00:00,42754099999,DEVI AHILYABAI HOLKAR,22.722,75.801,29.0,1001.6,75.82
2016-07-25T09:00:00,42754099999,DEVI AHILYABAI HOLKAR,22.722,75.801,29.0,,74.47
2016-07-25T10:00:00,42754099999,DEVI AHILYABAI HOLKAR,22.722,75.801,27.0,,83.68
2016-07-25T11:00:00,42754099999,DEVI AHILYABAI HOLKAR,22.722,75.801,27.0,,83.68
2016-07-25T12:00:00,42754099999,DEVI AHILYABAI HOLKAR,22.722,75.801,25.2,1001.5,93.64
2016-07-25T12:00:00,42754099999,DEVI AHILYABAI HOLKAR,22.722,75.801,25.0,,94.19
2016-07-25T13:00:00,42754099999,DEVI AHILYABAI HOLKAR,22.722,75.801,25.0,,94.19
2016-07-25T15:00:00,42754099999,DEVI AHILYABAI HOLKAR,22.722,75.801,25.0,,94.19
2016-07-25T18:00:00,42754099999,DEVI AHILYABAI HOLKAR,22.722,75.801,24.8,1003.9,96.47
2016-07-25T18:00:00,42754099999,DEVI AHILYABAI HOLKAR,22.722,75.801,25.0,,94.19
2016-07-25T21:00:00,42754099999,DEVI AHILYABAI HOLKAR,22.722,75.801,24.6,1003.0,96.47
2016-07-25T21:00:00,42754099999,DEVI AHILYABAI HOLKAR,22.722,75.801,25.0,,94.19
2016-07-26T00:00:00,42754099999,DEVI AHILYABAI HOLKAR,22.722,75.801,24.4,1002.9,98.22
2016-07-26T00:00:00,42754099999,DEVI AHILYABAI HOLKAR,22.722,75.801,24.0,,100.0
2016-07-26T03:00:00,42754099999,DEVI AHILYABAI HOLKAR,22.722,75.801,25.2,1004.4,95.34
2016-07-26T03:00:00,42754099999,DEVI AHILYABAI HOLKAR,22.722,75.801,25.0,,94.19
2016-07-26T04:00:00,42754099999,DEVI AHILYABAI HOLKAR,22.722,75.801,26.0,,94.23
2016-07-26T05:00:00,42754099999,DEVI AHILYABAI HOLKAR,22.722,75.801,27.0,,83.68
2016-07-26T06:00:00,42754099999,DEVI AHILYABAI HOLKAR,22.722,75.801,28.4,1003.9,79.45
2016-07-26T06:00:00,42754099999,DEVI AHILYABAI HOLKAR,22.722,75.801,28.0,,83.79
2016-07-26T07:00:00,42754099999,DEVI AHILYABAI HOLKAR,22.722,75.801,29.0,,74.47
2016-07-26T08:00:00,42754099999,DEVI AHILYABAI HOLKAR,22.722,75.801,30.0,,70.29
2016-07-26T09:00:00,42754099999,DEVI AHILYABAI HOLKAR,22.722,75.801,30.0,1001.3,72.43
2016-07-26T09:00:00,42754099999,DEVI AHILYABAI HOLKAR,22.722,75.801,30.0,,74.63
2016-07-26T12:00:00,42754099999,DEVI AHILYABAI HOLKAR,22.722,75.801,26.0,1001.2,93.67
2016-07-26T12:00:00,42754099999,DEVI AHILYABAI HOLKAR,22.722,75.801,26.0,,94.23
2016-07-26T15:00:00,42754099999,DEVI AHILYABAI HOLKAR,22.722,75.801,23.8,1004.0,96.45
2016-07-26T15:00:00,42754099999,DEVI AHILYABAI HOLKAR,22.722,75.801,24.0,,94.15
2016-07-26T18:00:00,42754099999,DEVI AHILYABAI HOLKAR,22.722,75.801,23.8,1005.8,96.45
2016-07-26T18:00:00,42754099999,DEVI AHILYABAI HOLKAR,22.722,75.801,24.0,,94.15
2016-07-26T21:00:00,42754099999,DEVI AHILYABAI HOLKAR,22.722,75.801,23.6,1003.4,96.44
2016-07-26T21:00:00,42754099999,DEVI AHILYABAI HOLKAR,22.722,75.801,24.0,,94.15
2016-07-26T23:00:00,42754099999,DEVI AHILYABAI HOLKAR,22.722,75.801,24.0,,94.15
2016-07-27T00:00:00,42754099999,DEVI AHILYABAI HOLKAR,22.722,75.801,23.8,1003.1,96.45
2016-07-27T00:00:00,42754099999,DEVI AHILYABAI HOLKAR,22.722,75.801,24.0,,94.15
2016-07-27T01:00:00,42754099999,DEVI AHILYABAI HOLKAR,22.722,75.801,24.0,,94.15
2016-07-27T02:00:00,42754099999,DEVI AHILYABAI HOLKAR,22.722,75.801,24.0,,94.15
2016-07-27T03:00:00,42754099999,DEVI AHILYABAI HOLKAR,22.722,75.801,24.2,1004.1,94.73
2016-07-27T03:00:00,42754099999,DEVI AHILYABAI HOLKAR,22.722,75.801,24.0,,94.15
2016-07-27T04:00:00,42754099999,DEVI AHILYABAI HOLKAR,22.722,75.801,24.0,,94.15
2016-07-27T05:00:00,42754099999,DEVI AHILYABAI HOLKAR,22.722,75.801,24.0,,94.15
2016-07-27T06:00:00,42754099999,DEVI AHILYABAI HOLKAR,22.722,75.801,25.0,1004.4,93.63
2016-07-27T06:00:00,42754099999,DEVI AHILYABAI HOLKAR,22.722,75.801,25.0,,94.19
2016-07-27T07:00:00,42754099999,DEVI AHILYABAI HOLKAR,22.722,75.801,25.0,,94.19
2016-07-27T09:00:00,42754099999,DEVI AHILYABAI HOLKAR,22.722,75.801,25.8,1002.4,90.36
2016-07-27T09:00:00,42754099999,DEVI AHILYABAI HOLKAR,22.722,75.801,26.0,,88.76
2016-07-27T11:00:00,42754099999,DEVI AHILYABAI HOLKAR,22.722,75.801,24.0,,94.15
2016-07-27T12:00:00,42754099999,DEVI AHILYABAI HOLKAR,22.722,75.801,23.4,1003.1,98.2
2016-07-27T12:00:00,42754099999,DEVI AHILYABAI HOLKAR,22.722,75.801,23.0,,100.0
2016-07-27T14:00:00,42754099999,DEVI AHILYABAI HOLKAR,22.722,75.801,23.0,,100.0
2016-07-27T15:00:00,42754099999,DEVI AHILYABAI HOLKAR,22.722,75.801,22.6,1004.2,98.19
2016-07-27T15:00:00,42754099999,DEVI AHILYABAI HOLKAR,22.722,75.801,23.0,,94.11
2016-07-27T18:00:00,42754099999,DEVI AHILYABAI HOLKAR,22.722,75.801,22.8,1004.9,98.2
2016-07-27T18:00:00,42754099999,DEVI AHILYABAI HOLKAR,22.722,75.801,23.0,,100.0
2016-07-27T21:00:00,42754099999,DEVI AHILYABAI HOLKAR,22.722,75.801,22.6,1003.5,94.67
2016-07-28T00:00:00,42754099999,DEVI AHILYABAI HOLKAR,22.722,75.801,22.4,1000.4,94.08
2016-07-28T00:00:00,42754099999,DEVI AHILYABAI HOLKAR,22.722,75.801,22.0,,94.06
2016-07-28T03:00:00,42754099999,DEVI AHILYABAI HOLKAR,22.722,75.801,23.4,1004.8,96.44
2016-07-28T03:00:00,42754099999,DEVI AHILYABAI HOLKAR,22.722,75.801,23.0,,100.0
2016-07-28T06:00:00,42754099999,DEVI AHILYABAI HOLKAR,22.722,75.801,25.0,1005.4,90.3
2016-07-28T06:00:00,42754099999,DEVI AHILYABAI HOLKAR,22.722,75.801,25.0,,88.68
2016-07-28T09:00:00,42754099999,DEVI AHILYABAI HOLKAR,22.722,75.801,26.2,1003.2,87.19
2016-07-28T09:00:00,42754099999,DEVI AHILYABAI HOLKAR,22.722,75.801,26.0,,88.76
2016-07-28T10:00:00,42754099999,DEVI AHILYABAI HOLKAR,22.722,75.801,28.0,,78.92
2016-07-28T11:00:00,42754099999,DEVI AHILYABAI HOLKAR,22.722,75.801,27.0,,83.68
2016-07-28T12:00:00,42754099999,DEVI AHILYABAI HOLKAR,22.722,75.801,27.6,1001.3,80.3
2016-07-28T12:00:00,42754099999,DEVI AHILYABAI HOLKAR,22.722,75.801,28.0,,78.92
2016-07-28T13:00:00,42754099999,DEVI AHILYABAI HOLKAR,22.722,75.801,26.0,,88.76
2016-07-28T15:00:00,42754099999,DEVI AHILYABAI HOLKAR,22.722,75.801,24.4,1003.5,94.74
2016-07-28T15:00:00,42754099999,DEVI AHILYABAI HOLKAR,22.722,75.801,24.0,,94.15
2016-07-28T18:00:00,42754099999,DEVI AHILYABAI HOLKAR,22.722,75.801,23.8,1004.2,96.45
2016-07-28T18:00:00,42754099999,DEVI AHILYABAI HOLKAR,22.722,75.801,24.0,,94.15
2016-07-28T21:00:00,42754099999,DEVI AHILYABAI HOLKAR,22.722,75.801,23.6,1003.3,96.44
2016-07-29T00:00:00,42754099999,DEVI AHILYABAI HOLKAR,22.722,75.801,23.4,1002.7,94.7
2016-07-29T00:00:00,42754099999,DEVI AHILYABAI HOLKAR,22.722,75.801,23.0,,100.0
2016-07-29T02:00:00,42754099999,DEVI AHILYABAI HOLKAR,22.722,75.801,23.0,,100.0
2016-07-29T03:00:00,42754099999,DEVI AHILYABAI HOLKAR,22.722,75.801,24.2,1004.1,93.59
2016-07-29T03:00:00,42754099999,DEVI AHILYABAI HOLKAR,22.722,75.801,24.0,,94.15
2016-07-29T04:00:00,42754099999,DEVI AHILYABAI HOLKAR,22.722,75.801,25.0,,88.68
2016-07-29T05:00:00,42754099999,DEVI AHILYABAI HOLKAR,22.722,75.801,25.0,,88.68
2016-07-29T06:00:00,42754099999,DEVI AHILYABAI HOLKAR,22.722,75.801,26.2,1004.3,83.08
2016-07-29T06:00:00,42754099999,DEVI AHILYABAI HOLKAR,22.722,75.801,26.0,,83.57
2016-07-29T07:00:00,42754099999,DEVI AHILYABAI HOLKAR,22.722,75.801,27.0,,74.14
2016-07-29T08:00:00,42754099999,DEVI AHILYABAI HOLKAR,22.722,75.801,27.0,,78.78
2016-07-29T09:00:00,42754099999,DEVI AHILYABAI HOLKAR,22.722,75.801,27.8,1002.0,75.17
2016-07-29T09:00:00,42754099999,DEVI AHILYABAI HOLKAR,22.722,75.801,28.0,,74.3
2016-07-29T12:00:00,42754099999,DEVI AHILYABAI HOLKAR,22.722,75.801,29.4,999.3,71.89
2016-07-29T12:00:00,42754099999,DEVI AHILYABAI HOLKAR,22.722,75.801,29.0,,74.47
2016-07-29T15:00:00,42754099999,DEVI AHILYABAI HOLKAR,22.722,75.801,26.0,1001.9,87.17
2016-07-29T15:00:00,42754099999,DEVI AHILYABAI HOLKAR,22.722,75.801,26.0,,88.76
2016-07-29T18:00:00,42754099999,DEVI AHILYABAI HOLKAR,22.722,75.801,25.6,1002.9,88.73
2016-07-29T18:00:00,42754099999,DEVI AHILYABAI HOLKAR,22.722,75.801,25.0,,94.19
2016-07-29T21:00:00,42754099999,DEVI AHILYABAI HOLKAR,22.722,75.801,24.0,1002.2,91.89
2016-07-29T21:00:00,42754099999,DEVI AHILYABAI HOLKAR,22.722,75.801,24.0,,94.15
2016-07-29T23:00:00,42754099999,DEVI AHILYABAI HOLKAR,22.722,75.801,24.0,,88.6
2016-07-30T00:00:00,42754099999,DEVI AHILYABAI HOLKAR,22.722,75.801,23.4,1001.9,89.64
2016-07-30T00:00:00,42754099999,DEVI AHILYABAI HOLKAR,22.722,75.801,23.0,,94.11
2016-07-30T02:00:00,42754099999,DEVI AHILYABAI HOLKAR,22.722,75.801,25.0,,88.68
2016-07-30T03:00:00,42754099999,DEVI AHILYABAI HOLKAR,22.722,75.801,25.6,1002.1,84.03
2016-07-30T03:00:00,42754099999,DEVI AHILYABAI HOLKAR,22.722,75.801,26.0,,83.57
2016-07-30T04:00:00,42754099999,DEVI AHILYABAI HOLKAR,22.722,75.801,26.0,,83.57
2016-07-30T05:00:00,42754099999,DEVI AHILYABAI HOLKAR,22.722,75.801,26.0,,83.57
2016-07-30T06:00:00,42754099999,DEVI AHILYABAI HOLKAR,22.722,75.801,26.4,1003.9,83.11
2016-07-30T06:00:00,42754099999,DEVI AHILYABAI HOLKAR,22.722,75.801,26.0,,83.57
2016-07-30T07:00:00,42754099999,DEVI AHILYABAI HOLKAR,22.722,75.801,27.0,,78.78
2016-07-30T08:00:00,42754099999,DEVI AHILYABAI HOLKAR,22.722,75.801,28.0,,74.3
2016-07-30T09:00:00,42754099999,DEVI AHILYABAI HOLKAR,22.722,75.801,29.4,1000.5,70.61
2016-07-30T09:00:00,42754099999,DEVI AHILYABAI HOLKAR,22.722,75.801,29.0,,70.11
2016-07-30T12:00:00,42754099999,DEVI AHILYABAI HOLKAR,22.722,75.801,29.0,999.0,73.13
2016-07-30T12:00:00,42754099999,DEVI AHILYABAI HOLKAR,22.722,75.801,29.0,,74.47
2016-07-30T15:00:00,42754099999,DEVI AHILYABAI HOLKAR,22.722,75.801,26.2,1002.1,90.38
2016-07-30T15:00:00,42754099999,DEVI AHILYABAI HOLKAR,22.722,75.801,26.0,,88.76
2016-07-30T18:00:00,42754099999,DEVI AHILYABAI HOLKAR,22.722,75.801,25.2,1003.0,90.32
2016-07-30T18:00:00,42754099999,DEVI AHILYABAI HOLKAR,22.722,75.801,25.0,,88.68
2016-07-30T21:00:00,42754099999,DEVI AHILYABAI HOLKAR,22.722,75.801,25.0,1002.0,88.68
2016-07-30T21:00:00,42754099999,DEVI AHILYABAI HOLKAR,22.722,75.801,25.0,,88.68
2016-07-31T00:00:00,42754099999,DEVI AHILYABAI HOLKAR,22.722,75.801,24.4,1002.3,88.63
2016-07-31T00:00:00,42754099999,DEVI AHILYABAI HOLKAR,22.722,75.801,24.0,,88.6
2016-07-31T03:00:00,42754099999,DEVI AHILYABAI HOLKAR,22.722,75.801,25.0,1003.8,91.95
2016-07-31T03:00:00,42754099999,DEVI AHILYABAI HOLKAR,22.722,75.801,25.0,,94.19
2016-07-31T06:00:00,42754099999,DEVI AHILYABAI HOLKAR,22.722,75.801,26.4,1003.9,86.17
2016-07-31T06:00:00,42754099999,DEVI AHILYABAI HOLKAR,22.722,75.801,26.0,,88.76
2016-07-31T09:00:00,42754099999,DEVI AHILYABAI HOLKAR,22.722,75.801,26.8,1001.2,90.43
2016-07-31T09:00:00,42754099999,DEVI AHILYABAI HOLKAR,22.722,75.801,27.0,,88.84
2016-07-31T10:00:00,42754099999,DEVI AHILYABAI HOLKAR,22.722,75.801,27.0,,88.84
2016-07-31T11:00:00,42754099999,DEVI AHILYABAI HOLKAR,22.722,75.801,27.0,,88.84
2016-07-31T12:00:00,42754099999,DEVI AHILYABAI HOLKAR,22.722,75.801,26.4,999.6,88.79
2016-07-31T12:00:00,42754099999,DEVI AHILYABAI HOLKAR,22.722,75.801,26.0,,88.76
2016-07-31T13:00:00,42754099999,DEVI AHILYABAI HOLKAR,22.722,75.801,26.0,,88.76
2016-07-31T14:00:00,42754099999,DEVI AHILYABAI HOLKAR,22.722,75.801,26.0,,94.23
2016-07-31T15:00:00,42754099999,DEVI AHILYABAI HOLKAR,22.722,75.801,25.0,1002.1,95.33
2016-07-31T15:00:00,42754099999,DEVI AHILYABAI HOLKAR,22.722,75.801,25.0,,94.19
2016-07-31T18:00:00,42754099999,DEVI AHILYABAI HOLKAR,22.722,75.801,24.4,1002.6,96.46
2016-07-31T18:00:00,42754099999,DEVI AHILYABAI HOLKAR,22.722,75.801,24.0,,100.0
2016-07-31T21:00:00,42754099999,DEVI AHILYABAI HOLKAR,22.722,75.801,23.8,1001.3,96.45
2016-07-31T21:00:00,42754099999,DEVI AHILYABAI HOLKAR,22.722,75.801,24.0,,94.15
2016-08-01T00:00:00,42754099999,DEVI AHILYABAI HOLKAR,22.722,75.801,23.6,1000.6,98.21
2016-08-01T00:00:00,42754099999,DEVI AHILYABAI HOLKAR,22.722,75.801,24.0,,94.15
2016-08-01T03:00:00,42754099999,DEVI AHILYABAI HOLKAR,22.722,75.801,23.6,1002.0,96.44
2016-08-01T03:00:00,42754099999,DEVI AHILYABAI HOLKAR,22.722,75.801,24.0,,94.15
2016-08-01T04:00:00,42754099999,DEVI AHILYABAI HOLKAR,22.722,75.801,24.0,,94.15
2016-08-01T05:00:00,42754099999,DEVI AHILYABAI HOLKAR,22.722,75.801,25.0,,94.19
2016-08-01T06:00:00,42754099999,DEVI AHILYABAI HOLKAR,22.722,75.801,25.0,1002.3,95.33
2016-08-01T06:00:00,42754099999,DEVI AHILYABAI HOLKAR,22.722,75.801,25.0,,94.19
2016-08-01T07:00:00,42754099999,DEVI AHILYABAI HOLKAR,22.722,75.801,25.0,,94.19
2016-08-01T08:00:00,42754099999,DEVI AHILYABAI HOLKAR,22.722,75.801,25.0,,94.19
2016-08-01T09:00:00,42754099999,DEVI AHILYABAI HOLKAR,22.722,75.801,25.4,999.9,91.97
2016-08-01T09:00:00,42754099999,DEVI AHILYABAI HOLKAR,22.722,75.801,25.0,,94.19
2016-08-01T12:00:00,42754099999,DEVI AHILYABAI HOLKAR,22.722,75.801,26.0,998.8,92.01
2016-08-01T12:00:00,42754099999,DEVI AHILYABAI HOLKAR,22.722,75.801,26.0,,94.23
2016-08-01T15:00:00,42754099999,DEVI AHILYABAI HOLKAR,22.722,75.801,24.4,999.4,98.22
2016-08-01T15:00:00,42754099999,DEVI AHILYABAI HOLKAR,22.722,75.801,24.0,,100.0
2016-08-01T18:00:00,42754099999,DEVI AHILYABAI HOLKAR,22.722,75.801,24.4,1000.3,96.46
2016-08-01T18:00:00,42754099999,DEVI AHILYABAI HOLKAR,22.722,75.801,24.0,,100.0
2016-08-01T21:00:00,42754099999,DEVI AHILYABAI HOLKAR,22.722,75.801,24.2,998.9,97.04
2016-08-01T21:00:00,42754099999,DEVI AHILYABAI HOLKAR,22.722,75.801,24.0,,100.0
2016-08-02T00:00:00,42754099999,DEVI AHILYABAI HOLKAR,22.722,75.801,22.0,998.2,96.4
2016-08-02T00:00:00,42754099999,DEVI AHILYABAI HOLKAR,22.722,75.801,22.0,,94.06
2016-08-02T01:00:00,42754099999,DEVI AHILYABAI HOLKAR,22.722,75.801,22.0,,94.06
2016-08-02T02:00:00,42754099999,DEVI AHILYABAI HOLKAR,22.722,75.801,22.0,,100.0
2016-08-02T03:00:00,42754099999,DEVI AHILYABAI HOLKAR,22.722,75.801,22.6,999.2,96.42
2016-08-02T03:00:00,42754099999,DEVI AHILYABAI HOLKAR,22.722,75.801,23.0,,94.11
2016-08-02T04:00:00,42754099999,DEVI AHILYABAI HOLKAR,22.722,75.801,23.0,,94.11
2016-08-02T05:00:00,42754099999,DEVI AHILYABAI HOLKAR,22.722,75.801,24.0,,94.15
2016-08-02T06:00:00,42754099999,DEVI AHILYABAI HOLKAR,22.722,75.801,24.0,999.4,91.89
2016-08-02T06:00:00,42754099999,DEVI AHILYABAI HOLKAR,22.722,75.801,24.0,,94.15
2016-08-02T07:00:00,42754099999,DEVI AHILYABAI HOLKAR,22.722,75.801,24.0,,94.15
2016-08-02T09:00:00,42754099999,DEVI AHILYABAI HOLKAR,22.722,75.801,24.0,997.7,94.72
2016-08-02T09:00:00,42754099999,DEVI AHILYABAI HOLKAR,22.722,75.801,24.0,,94.15
2016-08-02T10:00:00,42754099999,DEVI AHILYABAI HOLKAR,22.722,75.801,24.0,,94.15
2016-08-02T11:00:00,42754099999,DEVI AHILYABAI HOLKAR,22.722,75.801,24.0,,94.15
2016-08-02T12:00:00,42754099999,DEVI AHILYABAI HOLKAR,22.722,75.801,23.8,996.3,96.45
2016-08-02T12:00:00,42754099999,DEVI AHILYABAI HOLKAR,22.722,75.801,24.0,,94.15
2016-08-02T13:00:00,42754099999,DEVI AHILYABAI HOLKAR,22.722,75.801,23.0,,100.0
2016-08-02T14:00:00,42754099999,DEVI AHILYABAI HOLKAR,22.722,75.801,23.0,,94.11
2016-08-02T15:00:00,42754099999,DEVI AHILYABAI HOLKAR,22.722,75.801,23.0,998.2,98.2
2016-08-02T15:00:00,42754099999,DEVI AHILYABAI HOLKAR,22.722,75.801,23.0,,100.0
2016-08-02T18:00:00,42754099999,DEVI AHILYABAI HOLKAR,22.722,75.801,23.0,999.1,98.2
2016-08-02T18:00:00,42754099999,DEVI AHILYABAI HOLKAR,22.722,75.801,23.0,,100.0
2016-08-02T21:00:00,42754099999,DEVI AHILYABAI HOLKAR,22.722,75.801,23.0,997.7,98.2
2016-08-02T21:00:00,42754099999,DEVI AHILYABAI HOLKAR,22.722,75.801,23.0,,100.0
2016-08-03T00:00:00,42754099999,DEVI AHILYABAI HOLKAR,22.722,75.801,22.4,996.6,98.19
2016-08-03T00:00:00,42754099999,DEVI AHILYABAI HOLKAR,22.722,75.801,22.0,,100.0
2016-08-03T03:00:00,42754099999,DEVI AHILYABAI HOLKAR,22.722,75.801,24.0,998.0,98.21
2016-08-03T06:00:00,42754099999,DEVI AHILYABAI HOLKAR,22.722,75.801,23.4,999.4,96.44
2016-08-03T06:00:00,42754099999,DEVI AHILYABAI HOLKAR,22.722,75.801,23.0,,100.0
2016-08-03T09:00:00,42754099999,DEVI AHILYABAI HOLKAR,22.722,75.801,25.2,997.4,90.32
2016-08-03T09:00:00,42754099999,DEVI AHILYABAI HOLKAR,22.722,75.801,25.0,,88.68
2016-08-03T10:00:00,42754099999,DEVI AHILYABAI HOLKAR,22.722,75.801,25.0,,94.19
2016-08-03T11:00:00,42754099999,DEVI AHILYABAI HOLKAR,22.722,75.801,25.0,,94.19
2016-08-03T12:00:00,42754099999,DEVI AHILYABAI HOLKAR,22.722,75.801,24.6,996.3,91.93
2016-08-03T12:00:00,42754099999,DEVI AHILYABAI HOLKAR,22.722,75.801,25.0,,88.68
2016-08-03T13:30:00,42754099999,DEVI AHILYABAI HOLKAR,22.722,75.801,24.0,,94.15
2016-08-03T14:00:00,42754099999,DEVI AHILYABAI HOLKAR,22.722,75.801,24.0,,94.15
2016-08-03T15:00:00,42754099999,DEVI AHILYABAI HOLKAR,22.722,75.801,24.2,997.4,91.91
2016-08-03T15:00:00,42754099999,DEVI AHILYABAI HOLKAR,22.722,75.801,24.0,,94.15
2016-08-03T18:00:00,42754099999,DEVI AHILYABAI HOLKAR,22.722,75.801,23.6,998.8,90.21
2016-08-03T18:00:00,42754099999,DEVI AHILYABAI HOLKAR,22.722,75.801,24.0,,88.6
2016-08-03T21:00:00,42754099999,DEVI AHILYABAI HOLKAR,22.722,75.801,23.0,997.5,91.27
2016-08-03T21:00:00,42754099999,DEVI AHILYABAI HOLKAR,22.722,75.801,23.0,,88.52
2016-08-04T00:00:00,42754099999,DEVI AHILYABAI HOLKAR,22.722,75.801,22.6,998.3,94.67
2016-08-04T00:00:00,42754099999,DEVI AHILYABAI HOLKAR,22.722,75.801,23.0,,94.11
2016-08-04T03:00:00,42754099999,DEVI AHILYABAI HOLKAR,22.722,75.801,23.0,999.9,98.2
2016-08-04T03:00:00,42754099999,DEVI AHILYABAI HOLKAR,22.722,75.801,23.0,,100.0
2016-08-04T06:00:00,42754099999,DEVI AHILYABAI HOLKAR,22.722,75.801,25.6,999.9,87.14
2016-08-04T06:00:00,42754099999,DEVI AHILYABAI HOLKAR,22.722,75.801,26.0,,83.57
2016-08-04T09:00:00,42754099999,DEVI AHILYABAI HOLKAR,22.722,75.801,25.8,998.3,87.15
2016-08-04T09:00:00,42754099999,DEVI AHILYABAI HOLKAR,22.722,75.801,26.0,,83.57
2016-08-04T12:00:00,42754099999,DEVI AHILYABAI HOLKAR,22.722,75.801,26.6,996.8,83.13
2016-08-04T12:00:00,42754099999,DEVI AHILYABAI HOLKAR,22.722,75.801,27.0,,78.78
2016-08-04T15:00:00,42754099999,DEVI AHILYABAI HOLKAR,22.722,75.801,24.4,999.0,90.26
2016-08-04T15:00:00,42754099999,DEVI AHILYABAI HOLKAR,22.722,75.801,24.0,,94.15
2016-08-04T18:00:00,42754099999,DEVI AHILYABAI HOLKAR,22.722,75.801,24.0,1000.3,91.89
2016-08-04T18:00:00,42754099999,DEVI AHILYABAI HOLKAR,22.722,75.801,24.0,,94.15
2016-08-04T21:00:00,42754099999,DEVI AHILYABAI HOLKAR,22.722,75.801,23.4,998.7,92.98
2016-08-04T21:00:00,42754099999,DEVI AHILYABAI HOLKAR,22.722,75.801,23.0,,94.11
2016-08-04T23:00:00,42754099999,DEVI AHILYABAI HOLKAR,22.722,75.801,23.0,,94.11
2016-08-05T00:00:00,42754099999,DEVI AHILYABAI HOLKAR,22.722,75.801,23.2,999.2,91.29
2016-08-05T00:00:00,42754099999,DEVI AHILYABAI HOLKAR,22.722,75.801,23.0,,94.11
2016-08-05T01:00:00,42754099999,DEVI AHILYABAI HOLKAR,22.722,75.801,23.0,,94.11
2016-08-05T02:00:00,42754099999,DEVI AHILYABAI HOLKAR,22.722,75.801,24.0,,94.15
2016-08-05T03:00:00,42754099999,DEVI AHILYABAI HOLKAR,22.722,75.801,24.0,1000.2,94.72
2016-08-05T03:00:00,42754099999,DEVI AHILYABAI HOLKAR,22.722,75.801,24.0,,94.15
2016-08-05T06:00:00,42754099999,DEVI AHILYABAI HOLKAR,22.722,75.801,27.0,1000.0,80.22
2016-08-05T06:00:00,42754099999,DEVI AHILYABAI HOLKAR,22.722,75.801,27.0,,78.78
2016-08-05T07:00:00,42754099999,DEVI AHILYABAI HOLKAR,22.722,75.801,28.0,,78.92
2016-08-05T08:00:00,42754099999,DEVI AHILYABAI HOLKAR,22.722,75.801,28.0,,78.92
2016-08-05T09:00:00,42754099999,DEVI AHILYABAI HOLKAR,22.722,75.801,29.4,997.3,73.2
2016-08-05T09:00:00,42754099999,DEVI AHILYABAI HOLKAR,22.722,75.801,29.0,,74.47
2016-08-05T10:00:00,42754099999,DEVI AHILYABAI HOLKAR,22.722,75.801,30.0,,70.29
2016-08-05T11:00:00,42754099999,DEVI AHILYABAI HOLKAR,22.722,75.801,30.0,,70.29
2016-08-05T12:00:00,42754099999,DEVI AHILYABAI HOLKAR,22.722,75.801,30.4,995.4,68.7
2016-08-05T12:00:00,42754099999,DEVI AHILYABAI HOLKAR,22.722,75.801,30.0,,70.29
2016-08-05T13:30:00,42754099999,DEVI AHILYABAI HOLKAR,22.722,75.801,28.0,,83.79
2016-08-05T14:00:00,42754099999,DEVI AHILYABAI HOLKAR,22.722,75.801,27.0,,83.68
2016-08-05T15:00:00,42754099999,DEVI AHILYABAI HOLKAR,22.722,75.801,26.4,998.9,88.79
2016-08-05T15:00:00,42754099999,DEVI AHILYABAI HOLKAR,22.722,75.801,26.0,,88.76
2016-08-05T18:00:00,42754099999,DEVI AHILYABAI HOLKAR,22.722,75.801,25.0,1000.7,91.95
2016-08-05T18:00:00,42754099999,DEVI AHILYABAI HOLKAR,22.722,75.801,25.0,,94.19
2016-08-05T21:00:00,42754099999,DEVI AHILYABAI HOLKAR,22.722,75.801,24.4,999.3,93.6
2016-08-05T21:00:00,42754099999,DEVI AHILYABAI HOLKAR,22.722,75.801,24.0,,94.15
2016-08-06T00:00:00,42754099999,DEVI AHILYABAI HOLKAR,22.722,75.801,23.4,998.2,96.44
2016-08-06T00:00:00,42754099999,DEVI AHILYABAI HOLKAR,22.722,75.801,23.0,,100.0
2016-08-06T03:00:00,42754099999,DEVI AHILYABAI HOLKAR,22.722,75.801,25.0,999.6,96.48
2016-08-06T03:00:00,42754099999,DEVI AHILYABAI HOLKAR,22.722,75.801,25.0,,94.19
2016-08-06T06:00:00,42754099999,DEVI AHILYABAI HOLKAR,22.722,75.801,28.0,998.9,82.3
2016-08-06T06:00:00,42754099999,DEVI AHILYABAI HOLKAR,22.722,75.801,28.0,,83.79
2016-08-06T09:00:00,42754099999,DEVI AHILYABAI HOLKAR,22.722,75.801,26.4,997.7,88.79
2016-08-06T09:00:00,42754099999,DEVI AHILYABAI HOLKAR,22.722,75.801,26.0,,88.76
2016-08-06T10:00:00,42754099999,DEVI AHILYABAI HOLKAR,22.722,75.801,26.0,,88.76
2016-08-06T12:00:00,42754099999,DEVI AHILYABAI HOLKAR,22.722,75.801,26.0,997.7,92.01
2016-08-06T12:00:00,42754099999,DEVI AHILYABAI HOLKAR,22.722,75.801,26.0,,94.23
2016-08-06T14:00:00,42754099999,DEVI AHILYABAI HOLKAR,22.722,75.801,25.0,,94.19
2016-08-06T15:00:00,42754099999,DEVI AHILYABAI HOLKAR,22.722,75.801,24.0,1000.2,94.72
2016-08-06T15:00:00,42754099999,DEVI AHILYABAI HOLKAR,22.722,75.801,24.0,,94.15
2016-08-06T18:00:00,42754099999,DEVI AHILYABAI HOLKAR,22.722,75.801,23.0,1000.9,98.2
2016-08-06T18:00:00,42754099999,DEVI AHILYABAI HOLKAR,22.722,75.801,23.0,,100.0
2016-08-06T21:00:00,42754099999,DEVI AHILYABAI HOLKAR,22.722,75.801,22.8,1000.6,98.2
2016-08-06T21:00:00,42754099999,DEVI AHILYABAI HOLKAR,22.722,75.801,23.0,,100.0
2016-08-07T00:00:00,42754099999,DEVI AHILYABAI HOLKAR,22.722,75.801,22.6,1000.3,98.19
2016-08-07T00:00:00,42754099999,DEVI AHILYABAI HOLKAR,22.722,75.801,23.0,,94.11
2016-08-07T03:00:00,42754099999,DEVI AHILYABAI HOLKAR,22.722,75.801,22.8,1001.5,98.2
2016-08-07T03:00:00,42754099999,DEVI AHILYABAI HOLKAR,22.722,75.801,23.0,,100.0
2016-08-07T06:00:00,42754099999,DEVI AHILYABAI HOLKAR,22.722,75.801,24.6,1002.1,91.93
2016-08-07T06:00:00,42754099999,DEVI AHILYABAI HOLKAR,22.722,75.801,25.0,,88.68
2016-08-07T09:00:00,42754099999,DEVI AHILYABAI HOLKAR,22.722,75.801,24.0,1000.7,96.45
2016-08-07T09:00:00,42754099999,DEVI AHILYABAI HOLKAR,22.722,75.801,24.0,,94.15
2016-08-07T12:00:00,42754099999,DEVI AHILYABAI HOLKAR,22.722,75.801,23.2,1000.3,94.69
2016-08-07T12:00:00,42754099999,DEVI AHILYABAI HOLKAR,22.722,75.801,23.0,,94.11
2016-08-07T13:00:00,42754099999,DEVI AHILYABAI HOLKAR,22.722,75.801,23.0,,94.11
2016-08-07T14:00:00,42754099999,DEVI AHILYABAI HOLKAR,22.722,75.801,23.0,,94.11
2016-08-07T15:00:00,42754099999,DEVI AHILYABAI HOLKAR,22.722,75.801,22.6,1002.2,98.19
2016-08-07T15:00:00,42754099999,DEVI AHILYABAI HOLKAR,22.722,75.801,23.0,,94.11
2016-08-07T18:00:00,42754099999,DEVI AHILYABAI HOLKAR,22.722,75.801,22.4,1003.7,94.66
2016-08-07T21:00:00,42754099999,DEVI AHILYABAI HOLKAR,22.722,75.801,22.4,1002.3,91.8
2016-08-07T21:00:00,42754099999,DEVI AHILYABAI HOLKAR,22.722,75.801,22.0,,94.06
2016-08-07T23:00:00,42754099999,DEVI AHILYABAI HOLKAR,22.722,75.801,22.0,,94.06
2016-08-08T00:00:00,42754099999,DEVI AHILYABAI HOLKAR,22.722,75.801,22.2,1001.7,92.92
2016-08-08T00:00:00,42754099999,DEVI AHILYABAI HOLKAR,22.722,75.801,22.0,,94.06
2016-08-08T01:00:00,42754099999,DEVI AHILYABAI HOLKAR,22.722,75.801,22.0,,94.06
2016-08-08T02:00:00,42754099999,DEVI AHILYABAI HOLKAR,22.722,75.801,22.0,,94.06
2016-08-08T03:00:00,42754099999,DEVI AHILYABAI HOLKAR,22.722,75.801,22.0,1003.5,96.4
2016-08-08T03:00:00,42754099999,DEVI AHILYABAI HOLKAR,22.722,75.801,22.0,,94.06
2016-08-08T04:00:00,42754099999,DEVI AHILYABAI HOLKAR,22.722,75.801,23.0,,94.11
2016-08-08T05:00:00,42754099999,DEVI AHILYABAI HOLKAR,22.722,75.801,25.0,,88.68
2016-08-08T06:00:00,42754099999,DEVI AHILYABAI HOLKAR,22.722,75.801,24.4,1002.9,88.63
2016-08-08T06:00:00,42754099999,DEVI AHILYABAI HOLKAR,22.722,75.801,24.0,,88.6
2016-08-08T07:00:00,42754099999,DEVI AHILYABAI HOLKAR,22.722,75.801,24.0,,94.15
2016-08-08T09:00:00,42754099999,DEVI AHILYABAI HOLKAR,22.722,75.801,25.4,1001.2,85.55
2016-08-08T09:00:00,42754099999,DEVI AHILYABAI HOLKAR,22.722,75.801,25.0,,88.68
2016-08-08T11:00:00,42754099999,DEVI AHILYABAI HOLKAR,22.722,75.801,26.0,,83.57
2016-08-08T12:00:00,42754099999,DEVI AHILYABAI HOLKAR,22.722,75.801,24.8,1000.0,88.66
2016-08-08T12:00:00,42754099999,DEVI AHILYABAI HOLKAR,22.722,75.801,25.0,,88.68
2016-08-08T13:00:00,42754099999,DEVI AHILYABAI HOLKAR,22.722,75.801,24.0,,94.15
2016-08-08T15:00:00,42754099999,DEVI AHILYABAI HOLKAR,22.722,75.801,23.6,1001.8,94.7
2016-08-08T15:00:00,42754099999,DEVI AHILYABAI HOLKAR,22.722,75.801,24.0,,94.15
2016-08-08T18:00:00,42754099999,DEVI AHILYABAI HOLKAR,22.722,75.801,23.4,1003.0,96.44
2016-08-08T18:00:00,42754099999,DEVI AHILYABAI HOLKAR,22.722,75.801,23.0,,100.0
2016-08-08T21:00:00,42754099999,DEVI AHILYABAI HOLKAR,22.722,75.801,23.0,1001.8,94.68
2016-08-08T21:00:00,42754099999,DEVI AHILYABAI HOLKAR,22.722,75.801,23.0,,94.11
2016-08-09T00:00:00,42754099999,DEVI AHILYABAI HOLKAR,22.722,75.801,23.4,1000.1,98.2
2016-08-09T00:00:00,42754099999,DEVI AHILYABAI HOLKAR,22.722,75.801,23.0,,100.0
2016-08-09T03:00:00,42754099999,DEVI AHILYABAI HOLKAR,22.722,75.801,23.8,,98.21
2016-08-09T03:00:00,42754099999,DEVI AHILYABAI HOLKAR,22.722,75.801,24.0,,94.15
2016-08-09T06:00:00,42754099999,DEVI AHILYABAI HOLKAR,22.722,75.801,24.4,1001.7,90.26
2016-08-09T06:00:00,42754099999,DEVI AHILYABAI HOLKAR,22.722,75.801,24.0,,94.15
2016-08-09T08:00:00,42754099999,DEVI AHILYABAI HOLKAR,22.722,75.801,26.0,,83.57
2016-08-09T09:00:00,42754099999,DEVI AHILYABAI HOLKAR,22.722,75.801,27.0,1000.0,77.36
2016-08-09T09:00:00,42754099999,DEVI AHILYABAI HOLKAR,22.722,75.801,27.0,,78.78
2016-08-09T12:00:00,42754099999,DEVI AHILYABAI HOLKAR,22.722,75.801,25.4,999.0,85.55
2016-08-09T14:00:00,42754099999,DEVI AHILYABAI HOLKAR,22.722,75.801,24.0,,94.15
2016-08-09T15:00:00,42754099999,DEVI AHILYABAI HOLKAR,22.722,75.801,24.4,1001.4,93.6
2016-08-09T15:00:00,42754099999,DEVI AHILYABAI HOLKAR,22.722,75.801,24.0,,94.15
2016-08-09T18:00:00,42754099999,DEVI AHILYABAI HOLKAR,22.722,75.801,23.4,1002.0,96.44
2016-08-09T18:00:00,42754099999,DEVI AHILYABAI HOLKAR,22.722,75.801,23.0,,100.0
2016-08-09T21:00:00,42754099999,DEVI AHILYABAI HOLKAR,22.722,75.801,23.0,1000.7,96.43
2016-08-09T21:00:00,42754099999,DEVI AHILYABAI HOLKAR,22.722,75.801,23.0,,94.11
2016-08-10T00:00:00,42754099999,DEVI AHILYABAI HOLKAR,22.722,75.801,23.0,1000.9,98.2
2016-08-10T00:00:00,42754099999,DEVI AHILYABAI HOLKAR,22.722,75.801,23.0,,100.0
2016-08-10T03:00:00,42754099999,DEVI AHILYABAI HOLKAR,22.722,75.801,23.4,1001.9,96.44
2016-08-10T03:00:00,42754099999,DEVI AHILYABAI HOLKAR,22.722,75.801,23.0,,100.0
2016-08-10T05:00:00,42754099999,DEVI AHILYABAI HOLKAR,22.722,75.801,25.0,,88.68
2016-08-10T06:00:00,42754099999,DEVI AHILYABAI HOLKAR,22.722,75.801,25.4,1002.6,87.12
2016-08-10T06:00:00,42754099999,DEVI AHILYABAI HOLKAR,22.722,75.801,25.0,,88.68
2016-08-10T08:00:00,42754099999,DEVI AHILYABAI HOLKAR,22.722,75.801,26.0,,83.57
2016-08-10T09:00:00,42754099999,DEVI AHILYABAI HOLKAR,22.722,75.801,26.8,1001.1,83.15
2016-08-10T09:00:00,42754099999,DEVI AHILYABAI HOLKAR,22.722,75.801,27.0,,83.68
2016-08-10T12:00:00,42754099999,DEVI AHILYABAI HOLKAR,22.722,75.801,25.0,1000.5,95.33
2016-08-10T12:00:00,42754099999,DEVI AHILYABAI HOLKAR,22.722,75.801,25.0,,94.19
2016-08-10T15:00:00,42754099999,DEVI AHILYABAI HOLKAR,22.722,75.801,23.8,1002.6,98.21
2016-08-10T15:00:00,42754099999,DEVI AHILYABAI HOLKAR,22.722,75.801,24.0,,94.15
2016-08-10T18:00:00,42754099999,DEVI AHILYABAI HOLKAR,22.722,75.801,23.2,1004.0,94.69
2016-08-10T18:00:00,42754099999,DEVI AHILYABAI HOLKAR,22.722,75.801,23.0,,94.11
2016-08-10T21:00:00,42754099999,DEVI AHILYABAI HOLKAR,22.722,75.801,23.0,1003.3,96.43
2016-08-10T21:00:00,42754099999,DEVI AHILYABAI HOLKAR,22.722,75.801,23.0,,94.11
2016-08-10T23:00:00,42754099999,DEVI AHILYABAI HOLKAR,22.722,75.801,23.0,,94.11
2016-08-11T00:00:00,42754099999,DEVI AHILYABAI HOLKAR,22.722,75.801,23.0,1003.6,94.68
2016-08-11T00:00:00,42754099999,DEVI AHILYABAI HOLKAR,22.722,75.801,23.0,,94.11
2016-08-11T02:00:00,42754099999,DEVI AHILYABAI HOLKAR,22.722,75.801,23.0,,94.11
2016-08-11T03:00:00,42754099999,DEVI AHILYABAI HOLKAR,22.722,75.801,23.4,1005.1,94.7
2016-08-11T03:00:00,42754099999,DEVI AHILYABAI HOLKAR,22.722,75.801,23.0,,100.0
2016-08-11T04:00:00,42754099999,DEVI AHILYABAI HOLKAR,22.722,75.801,24.0,,94.15
2016-08-11T05:00:00,42754099999,DEVI AHILYABAI HOLKAR,22.722,75.801,25.0,,88.68
2016-08-11T06:00:00,42754099999,DEVI AHILYABAI HOLKAR,22.722,75.801,25.4,1005.8,87.12
2016-08-11T06:00:00,42754099999,DEVI AHILYABAI HOLKAR,22.722,75.801,25.0,,88.68
2016-08-11T07:00:00,42754099999,DEVI AHILYABAI HOLKAR,22.722,75.801,26.0,,83.57
2016-08-11T08:00:00,42754099999,DEVI AHILYABAI HOLKAR,22.722,75.801,26.0,,88.76
2016-08-11T09:00:00,42754099999,DEVI AHILYABAI HOLKAR,22.722,75.801,25.0,1003.2,91.95
2016-08-11T09:00:00,42754099999,DEVI AHILYABAI HOLKAR,22.722,75.801,25.0,,94.19
2016-08-11T10:00:00,42754099999,DEVI AHILYABAI HOLKAR,22.722,75.801,25.0,,88.68
2016-08-11T11:00:00,42754099999,DEVI AHILYABAI HOLKAR,22.722,75.801,24.0,,100.0
2016-08-11T12:00:00,42754099999,DEVI AHILYABAI HOLKAR,22.722,75.801,23.6,1004.0,94.7
2016-08-11T12:00:00,42754099999,DEVI AHILYABAI HOLKAR,22.722,75.801,24.0,,94.15
2016-08-11T14:00:00,42754099999,DEVI AHILYABAI HOLKAR,22.722,75.801,24.0,,94.15
2016-08-11T15:00:00,42754099999,DEVI AHILYABAI HOLKAR,22.722,75.801,23.6,1005.2,96.44
2016-08-11T15:00:00,42754099999,DEVI AHILYABAI HOLKAR,22.722,75.801,24.0,,94.15
2016-08-11T18:00:00,42754099999,DEVI AHILYABAI HOLKAR,22.722,75.801,23.4,1005.6,96.44
2016-08-11T18:00:00,42754099999,DEVI AHILYABAI HOLKAR,22.722,75.801,23.0,,100.0
2016-08-11T21:00:00,42754099999,DEVI AHILYABAI HOLKAR,22.722,75.801,23.0,1004.4,94.68
2016-08-11T21:00:00,42754099999,DEVI AHILYABAI HOLKAR,22.722,75.801,23.0,,94.11
2016-08-12T00:00:00,42754099999,DEVI AHILYABAI HOLKAR,22.722,75.801,22.4,1004.6,96.41
2016-08-12T00:00:00,42754099999,DEVI AHILYABAI HOLKAR,22.722,75.801,22.0,,100.0
2016-08-12T03:00:00,42754099999,DEVI AHILYABAI HOLKAR,22.722,75.801,23.0,1005.9,98.2
2016-08-12T03:00:00,42754099999,DEVI AHILYABAI HOLKAR,22.722,75.801,23.0,,100.0
2016-08-12T06:00:00,42754099999,DEVI AHILYABAI HOLKAR,22.722,75.801,24.4,1006.4,91.92
2016-08-12T06:00:00,42754099999,DEVI AHILYABAI HOLKAR,22.722,75.801,24.0,,94.15
2016-08-12T09:00:00,42754099999,DEVI AHILYABAI HOLKAR,22.722,75.801,25.6,1004.4,82.51
2016-08-12T09:00:00,42754099999,DEVI AHILYABAI HOLKAR,22.722,75.801,26.0,,78.64
2016-08-12T12:00:00,42754099999,DEVI AHILYABAI HOLKAR,22.722,75.801,26.2,1003.4,83.08
2016-08-12T12:00:00,42754099999,DEVI AHILYABAI HOLKAR,22.722,75.801,26.0,,83.57
2016-08-12T13:00:00,42754099999,DEVI AHILYABAI HOLKAR,22.722,75.801,26.0,,83.57
2016-08-12T14:00:00,42754099999,DEVI AHILYABAI HOLKAR,22.722,75.801,25.0,,88.68
2016-08-12T15:00:00,42754099999,DEVI AHILYABAI HOLKAR,22.722,75.801,24.8,1004.7,90.29
2016-08-12T15:00:00,42754099999,DEVI AHILYABAI HOLKAR,22.722,75.801,25.0,,88.68
2016-08-12T18:00:00,42754099999,DEVI AHILYABAI HOLKAR,22.722,75.801,23.6,1004.9,94.7
2016-08-12T18:00:00,42754099999,DEVI AHILYABAI HOLKAR,22.722,75.801,24.0,,94.15
2016-08-12T21:00:00,42754099999,DEVI AHILYABAI HOLKAR,22.722,75.801,22.8,1004.1,96.42
2016-08-12T21:00:00,42754099999,DEVI AHILYABAI HOLKAR,22.722,75.801,23.0,,94.11
2016-08-13T00:00:00,42754099999,DEVI AHILYABAI HOLKAR,22.722,75.801,23.0,1003.6,94.68
2016-08-13T00:00:00,42754099999,DEVI AHILYABAI HOLKAR,22.722,75.801,23.0,,94.11
2016-08-13T02:00:00,42754099999,DEVI AHILYABAI HOLKAR,22.722,75.801,23.0,,94.11
2016-08-13T03:00:00,42754099999,DEVI AHILYABAI HOLKAR,22.722,75.801,24.4,1004.7,91.92
2016-08-13T03:00:00,42754099999,DEVI AHILYABAI HOLKAR,22.722,75.801,24.0,,94.15
2016-08-13T04:00:00,42754099999,DEVI AHILYABAI HOLKAR,22.722,75.801,25.0,,88.68
2016-08-13T06:00:00,42754099999,DEVI AHILYABAI HOLKAR,22.722,75.801,25.8,1004.6,83.04
2016-08-13T06:00:00,42754099999,DEVI AHILYABAI HOLKAR,22.722,75.801,26.0,,83.57
2016-08-13T07:00:00,42754099999,DEVI AHILYABAI HOLKAR,22.722,75.801,26.0,,83.57
2016-08-13T09:00:00,42754099999,DEVI AHILYABAI HOLKAR,22.722,75.801,25.4,1003.7,87.12
2016-08-13T09:00:00,42754099999,DEVI AHILYABAI HOLKAR,22.722,75.801,25.0,,88.68
2016-08-13T12:00:00,42754099999,DEVI AHILYABAI HOLKAR,22.722,75.801,25.6,1002.3,84.03
2016-08-13T12:00:00,42754099999,DEVI AHILYABAI HOLKAR,22.722,75.801,26.0,,83.57
2016-08-13T15:00:00,42754099999,DEVI AHILYABAI HOLKAR,22.722,75.801,23.6,1004.4,92.99
2016-08-13T15:00:00,42754099999,DEVI AHILYABAI HOLKAR,22.722,75.801,24.0,,88.6
2016-08-13T18:00:00,42754099999,DEVI AHILYABAI HOLKAR,22.722,75.801,23.0,1005.3,94.68
2016-08-13T18:00:00,42754099999,DEVI AHILYABAI HOLKAR,22.722,75.801,23.0,,94.11
2016-08-13T21:00:00,42754099999,DEVI AHILYABAI HOLKAR,22.722,75.801,22.8,1003.8,94.67
2016-08-13T21:00:00,42754099999,DEVI AHILYABAI HOLKAR,22.722,75.801,23.0,,94.11
2016-08-13T23:00:00,42754099999,DEVI AHILYABAI HOLKAR,22.722,75.801,23.0,,94.11
2016-08-14T00:00:00,42754099999,DEVI AHILYABAI HOLKAR,22.722,75.801,23.0,1003.6,94.68
2016-08-14T00:00:00,42754099999,DEVI AHILYABAI HOLKAR,22.722,75.801,23.0,,94.11
2016-08-14T01:00:00,42754099999,DEVI AHILYABAI HOLKAR,22.722,75.801,23.0,,94.11
2016-08-14T03:00:00,42754099999,DEVI AHILYABAI HOLKAR,22.722,75.801,24.2,1004.6,91.91
2016-08-14T03:00:00,42754099999,DEVI AHILYABAI HOLKAR,22.722,75.801,24.0,,94.15
2016-08-14T06:00:00,42754099999,DEVI AHILYABAI HOLKAR,22.722,75.801,24.8,1004.8,85.49
2016-08-14T06:00:00,42754099999,DEVI AHILYABAI HOLKAR,22.722,75.801,25.0,,83.45
2016-08-14T09:00:00,42754099999,DEVI AHILYABAI HOLKAR,22.722,75.801,26.6,1002.6,78.72
2016-08-14T09:00:00,42754099999,DEVI AHILYABAI HOLKAR,22.722,75.801,27.0,,78.78
2016-08-14T10:00:00,42754099999,DEVI AHILYABAI HOLKAR,22.722,75.801,26.0,,78.64
2016-08-14T11:00:00,42754099999,DEVI AHILYABAI HOLKAR,22.722,75.801,26.0,,78.64
2016-08-14T12:00:00,42754099999,DEVI AHILYABAI HOLKAR,22.722,75.801,26.4,1001.3,80.14
2016-08-14T12:00:00,42754099999,DEVI AHILYABAI HOLKAR,22.722,75.801,26.0,,83.57
2016-08-14T13:00:00,42754099999,DEVI AHILYABAI HOLKAR,22.722,75.801,26.0,,78.64
2016-08-14T15:00:00,42754099999,DEVI AHILYABAI HOLKAR,22.722,75.801,24.0,1003.3,90.23
2016-08-14T15:00:00,42754099999,DEVI AHILYABAI HOLKAR,22.722,75.801,24.0,,88.6
2016-08-14T18:00:00,42754099999,DEVI AHILYABAI HOLKAR,22.722,75.801,23.6,1003.7,88.57
2016-08-14T18:00:00,42754099999,DEVI AHILYABAI HOLKAR,22.722,75.801,24.0,,88.6
2016-08-14T21:00:00,42754099999,DEVI AHILYABAI HOLKAR,22.722,75.801,23.2,1002.3,89.63
2016-08-14T21:00:00,42754099999,DEVI AHILYABAI HOLKAR,22.722,75.801,23.0,,88.52
2016-08-15T00:00:00,42754099999,DEVI AHILYABAI HOLKAR,22.722,75.801,23.0,1002.6,91.27
2016-08-15T00:00:00,42754099999,DEVI AHILYABAI HOLKAR,22.722,75.801,23.0,,88.52
2016-08-15T03:00:00,42754099999,DEVI AHILYABAI HOLKAR,22.722,75.801,24.0,1004.2,90.23
2016-08-15T03:00:00,42754099999,DEVI AHILYABAI HOLKAR,22.722,75.801,24.0,,88.6
2016-08-15T04:00:00,42754099999,DEVI AHILYABAI HOLKAR,22.722,75.801,25.0,,78.5
2016-08-15T05:00:00,42754099999,DEVI AHILYABAI HOLKAR,22.722,75.801,25.0,,83.45
2016-08-15T06:00:00,42754099999,DEVI AHILYABAI HOLKAR,22.722,75.801,26.2,1003.7,75.84
2016-08-15T06:00:00,42754099999,DEVI AHILYABAI HOLKAR,22.722,75.801,25.0,,83.45
2016-08-15T07:00:00,42754099999,DEVI AHILYABAI HOLKAR,22.722,75.801,27.0,,74.14
2016-08-15T09:00:00,42754099999,DEVI AHILYABAI HOLKAR,22.722,75.801,27.6,1001.8,68.16
2016-08-15T09:00:00,42754099999,DEVI AHILYABAI HOLKAR,22.722,75.801,28.0,,65.77
2016-08-15T10:00:00,42754099999,DEVI AHILYABAI HOLKAR,22.722,75.801,27.0,,69.74
2016-08-15T11:00:00,42754099999,DEVI AHILYABAI HOLKAR,22.722,75.801,28.0,,65.77
2016-08-15T12:00:00,42754099999,DEVI AHILYABAI HOLKAR,22.722,75.801,27.4,1000.9,68.12
2016-08-15T12:00:00,42754099999,DEVI AHILYABAI HOLKAR,22.722,75.801,27.0,,69.74
2016-08-15T13:00:00,42754099999,DEVI AHILYABAI HOLKAR,22.722,75.801,27.0,,69.74
2016-08-15T15:00:00,42754099999,DEVI AHILYABAI HOLKAR,22.722,75.801,24.4,1002.6,80.86
2016-08-15T15:00:00,42754099999,DEVI AHILYABAI HOLKAR,22.722,75.801,24.0,,83.34
2016-08-15T18:00:00,42754099999,DEVI AHILYABAI HOLKAR,22.722,75.801,22.4,1003.1,92.93
2016-08-15T18:00:00,42754099999,DEVI AHILYABAI HOLKAR,22.722,75.801,22.0,,94.06
2016-08-15T21:00:00,42754099999,DEVI AHILYABAI HOLKAR,22.722,75.801,22.0,1001.9,92.91
2016-08-15T21:00:00,42754099999,DEVI AHILYABAI HOLKAR,22.722,75.801,22.0,,94.06
2016-08-16T00:00:00,42754099999,DEVI AHILYABAI HOLKAR,22.722,75.801,22.6,1001.3,94.67
2016-08-16T00:00:00,42754099999,DEVI AHILYABAI HOLKAR,22.722,75.801,23.0,,94.11
2016-08-16T02:00:00,42754099999,DEVI AHILYABAI HOLKAR,22.722,75.801,23.0,,88.52
2016-08-16T03:00:00,42754099999,DEVI AHILYABAI HOLKAR,22.722,75.801,23.6,1003.0,86.95
2016-08-16T03:00:00,42754099999,DEVI AHILYABAI HOLKAR,22.722,75.801,24.0,,83.34
2016-08-16T04:00:00,42754099999,DEVI AHILYABAI HOLKAR,22.722,75.801,25.0,,78.5
2016-08-16T05:00:00,42754099999,DEVI AHILYABAI HOLKAR,22.722,75.801,26.0,,73.97
2016-08-16T06:00:00,42754099999,DEVI AHILYABAI HOLKAR,22.722,75.801,26.0,1002.8,72.62
2016-08-16T06:00:00,42754099999,DEVI AHILYABAI HOLKAR,22.722,75.801,26.0,,73.97
2016-08-16T08:00:00,42754099999,DEVI AHILYABAI HOLKAR,22.722,75.801,28.0,,65.77
2016-08-16T09:00:00,42754099999,DEVI AHILYABAI HOLKAR,22.722,75.801,28.2,1001.2,64.61
2016-08-16T09:00:00,42754099999,DEVI AHILYABAI HOLKAR,22.722,75.801,28.0,,65.77
2016-08-16T12:00:00,42754099999,DEVI AHILYABAI HOLKAR,22.722,75.801,27.0,999.8,70.6
2016-08-16T12:00:00,42754099999,DEVI AHILYABAI HOLKAR,22.722,75.801,27.0,,69.74
2016-08-16T15:00:00,42754099999,DEVI AHILYABAI HOLKAR,22.722,75.801,24.0,1001.6,83.85
2016-08-16T15:00:00,42754099999,DEVI AHILYABAI HOLKAR,22.722,75.801,24.0,,83.34
2016-08-16T18:00:00,42754099999,DEVI AHILYABAI HOLKAR,22.722,75.801,23.0,1001.7,83.22
2016-08-16T18:00:00,42754099999,DEVI AHILYABAI HOLKAR,22.722,75.801,23.0,,83.22
2016-08-16T21:00:00,42754099999,DEVI AHILYABAI HOLKAR,22.722,75.801,22.8,1001.4,83.2
2016-08-16T21:00:00,42754099999,DEVI AHILYABAI HOLKAR,22.722,75.801,23.0,,83.22
2016-08-16T23:00:00,42754099999,DEVI AHILYABAI HOLKAR,22.722,75.801,23.0,,83.22
2016-08-17T00:00:00,42754099999,DEVI AHILYABAI HOLKAR,22.722,75.801,22.4,1001.1,83.15
2016-08-17T00:00:00,42754099999,DEVI AHILYABAI HOLKAR,22.722,75.801,22.0,,83.11
2016-08-17T01:00:00,42754099999,DEVI AHILYABAI HOLKAR,22.722,75.801,22.0,,88.44
2016-08-17T02:00:00,42754099999,DEVI AHILYABAI HOLKAR,22.722,75.801,22.0,,88.44
2016-08-17T03:00:00,42754099999,DEVI AHILYABAI HOLKAR,22.722,75.801,23.2,1002.9,86.39
2016-08-17T03:00:00,42754099999,DEVI AHILYABAI HOLKAR,22.722,75.801,23.0,,88.52
2016-08-17T04:00:00,42754099999,DEVI AHILYABAI HOLKAR,22.722,75.801,25.0,,78.5
2016-08-17T05:00:00,42754099999,DEVI AHILYABAI HOLKAR,22.722,75.801,26.0,,69.55
2016-08-17T06:00:00,42754099999,DEVI AHILYABAI HOLKAR,22.722,75.801,26.2,1002.7,71.32
2016-08-17T06:00:00,42754099999,DEVI AHILYABAI HOLKAR,22.722,75.801,26.0,,73.97
2016-08-17T07:00:00,42754099999,DEVI AHILYABAI HOLKAR,22.722,75.801,27.0,,69.74
2016-08-17T09:00:00,42754099999,DEVI AHILYABAI HOLKAR,22.722,75.801,27.6,1000.8,69.42
2016-08-17T09:00:00,42754099999,DEVI AHILYABAI HOLKAR,22.722,75.801,28.0,,65.77
2016-08-17T11:00:00,42754099999,DEVI AHILYABAI HOLKAR,22.722,75.801,28.0,,65.77
2016-08-17T12:00:00,42754099999,DEVI AHILYABAI HOLKAR,22.722,75.801,27.4,999.4,68.12
2016-08-17T12:00:00,42754099999,DEVI AHILYABAI HOLKAR,22.722,75.801,27.0,,69.74
2016-08-17T14:00:00,42754099999,DEVI AHILYABAI HOLKAR,22.722,75.801,25.0,,83.45
2016-08-17T15:00:00,42754099999,DEVI AHILYABAI HOLKAR,22.722,75.801,24.6,1001.5,87.05
2016-08-17T15:00:00,42754099999,DEVI AHILYABAI HOLKAR,22.722,75.801,25.0,,83.45
2016-08-17T18:00:00,42754099999,DEVI AHILYABAI HOLKAR,22.722,75.801,24.0,1002.2,88.6
2016-08-17T18:00:00,42754099999,DEVI AHILYABAI HOLKAR,22.722,75.801,24.0,,88.6
2016-08-17T21:00:00,42754099999,DEVI AHILYABAI HOLKAR,22.722,75.801,23.0,1000.8,91.27
2016-08-17T21:00:00,42754099999,DEVI AHILYABAI HOLKAR,22.722,75.801,23.0,,88.52
2016-08-18T00:00:00,42754099999,DEVI AHILYABAI HOLKAR,22.722,75.801,22.6,1001.0,89.58
2016-08-18T00:00:00,42754099999,DEVI AHILYABAI HOLKAR,22.722,75.801,23.0,,88.52
2016-08-18T03:00:00,42754099999,DEVI AHILYABAI HOLKAR,22.722,75.801,24.0,1003.3,91.89
2016-08-18T03:00:00,42754099999,DEVI AHILYABAI HOLKAR,22.722,75.801,24.0,,94.15
2016-08-18T04:00:00,42754099999,DEVI AHILYABAI HOLKAR,22.722,75.801,25.0,,83.45
2016-08-18T06:00:00,42754099999,DEVI AHILYABAI HOLKAR,22.722,75.801,27.2,1003.0,69.35
2016-08-18T06:00:00,42754099999,DEVI AHILYABAI HOLKAR,22.722,75.801,27.0,,69.74
2016-08-18T07:00:00,42754099999,DEVI AHILYABAI HOLKAR,22.722,75.801,28.0,,65.77
2016-08-18T09:00:00,42754099999,DEVI AHILYABAI HOLKAR,22.722,75.801,29.0,1001.2,62.83
2016-08-18T09:00:00,42754099999,DEVI AHILYABAI HOLKAR,22.722,75.801,29.0,,62.06
2016-08-18T12:00:00,42754099999,DEVI AHILYABAI HOLKAR,22.722,75.801,29.4,999.4,59.53
2016-08-18T12:00:00,42754099999,DEVI AHILYABAI HOLKAR,22.722,75.801,29.0,,62.06
2016-08-18T14:00:00,42754099999,DEVI AHILYABAI HOLKAR,22.722,75.801,25.0,,78.5
2016-08-18T15:00:00,42754099999,DEVI AHILYABAI HOLKAR,22.722,75.801,25.0,1002.2,78.02
2016-08-18T15:00:00,42754099999,DEVI AHILYABAI HOLKAR,22.722,75.801,25.0,,78.5
2016-08-18T18:00:00,42754099999,DEVI AHILYABAI HOLKAR,22.722,75.801,22.8,1003.1,89.6
2016-08-18T18:00:00,42754099999,DEVI AHILYABAI HOLKAR,22.722,75.801,23.0,,88.52
2016-08-18T21:00:00,42754099999,DEVI AHILYABAI HOLKAR,22.722,75.801,22.4,1001.5,91.24
2016-08-18T21:00:00,42754099999,DEVI AHILYABAI HOLKAR,22.722,75.801,22.0,,94.06
2016-08-19T00:00:00,42754099999,DEVI AHILYABAI HOLKAR,22.722,75.801,22.0,1001.4,94.64
2016-08-19T00:00:00,42754099999,DEVI AHILYABAI HOLKAR,22.722,75.801,22.0,,94.06
2016-08-19T02:00:00,42754099999,DEVI AHILYABAI HOLKAR,22.722,75.801,22.0,,94.06
2016-08-19T03:00:00,42754099999,DEVI AHILYABAI HOLKAR,22.722,75.801,22.6,1003.2,92.94
2016-08-19T03:00:00,42754099999,DEVI AHILYABAI HOLKAR,22.722,75.801,23.0,,88.52
2016-08-19T04:00:00,42754099999,DEVI AHILYABAI HOLKAR,22.722,75.801,22.0,,94.06
2016-08-19T05:00:00,42754099999,DEVI AHILYABAI HOLKAR,22.722,75.801,23.0,,94.11
2016-08-19T06:00:00,42754099999,DEVI AHILYABAI HOLKAR,22.722,75.801,22.8,1004.1,96.42
2016-08-19T06:00:00,42754099999,DEVI AHILYABAI HOLKAR,22.722,75.801,23.0,,94.11
2016-08-19T07:00:00,42754099999,DEVI AHILYABAI HOLKAR,22.722,75.801,23.0,,94.11
2016-08-19T07:30:00,42754099999,DEVI AHILYABAI HOLKAR,22.722,75.801,23.0,,94.11
2016-08-19T08:00:00,42754099999,DEVI AHILYABAI HOLKAR,22.722,75.801,23.0,,94.11
2016-08-19T09:00:00,42754099999,DEVI AHILYABAI HOLKAR,22.722,75.801,22.4,1002.4,91.24
2016-08-19T09:00:00,42754099999,DEVI AHILYABAI HOLKAR,22.722,75.801,22.0,,94.06
2016-08-19T12:00:00,42754099999,DEVI AHILYABAI HOLKAR,22.722,75.801,22.4,1001.2,96.41
2016-08-19T12:00:00,42754099999,DEVI AHILYABAI HOLKAR,22.722,75.801,22.0,,100.0
2016-08-19T15:00:00,42754099999,DEVI AHILYABAI HOLKAR,22.722,75.801,22.0,1001.9,92.91
2016-08-19T15:00:00,42754099999,DEVI AHILYABAI HOLKAR,22.722,75.801,22.0,,94.06
2016-08-19T18:00:00,42754099999,DEVI AHILYABAI HOLKAR,22.722,75.801,22.2,1002.1,96.4
2016-08-19T18:00:00,42754099999,DEVI AHILYABAI HOLKAR,22.722,75.801,22.0,,100.0
2016-08-19T21:00:00,42754099999,DEVI AHILYABAI HOLKAR,22.722,75.801,22.0,1000.3,98.19
2016-08-19T21:00:00,42754099999,DEVI AHILYABAI HOLKAR,22.722,75.801,22.0,,100.0
2016-08-20T00:00:00,42754099999,DEVI AHILYABAI HOLKAR,22.722,75.801,22.4,999.2,98.19
2016-08-20T00:00:00,42754099999,DEVI AHILYABAI HOLKAR,22.722,75.801,22.0,,100.0
2016-08-20T02:00:00,42754099999,DEVI AHILYABAI HOLKAR,22.722,75.801,22.0,,100.0
2016-08-20T03:00:00,42754099999,DEVI AHILYABAI HOLKAR,22.722,75.801,22.0,1000.8,96.4
2016-08-20T03:00:00,42754099999,DEVI AHILYABAI HOLKAR,22.722,75.801,22.0,,94.06
2016-08-20T04:00:00,42754099999,DEVI AHILYABAI HOLKAR,22.722,75.801,22.0,,94.06
2016-08-20T05:00:00,42754099999,DEVI AHILYABAI HOLKAR,22.722,75.801,22.0,,94.06
2016-08-20T06:00:00,42754099999,DEVI AHILYABAI HOLKAR,22.722,75.801,22.0,1001.8,94.64
2016-08-20T06:00:00,42754099999,DEVI AHILYABAI HOLKAR,22.722,75.801,22.0,,94.06
2016-08-20T09:00:00,42754099999,DEVI AHILYABAI HOLKAR,22.722,75.801,22.0,1000.3,94.64
2016-08-20T09:00:00,42754099999,DEVI AHILYABAI HOLKAR,22.722,75.801,22.0,,94.06
2016-08-20T10:00:00,42754099999,DEVI AHILYABAI HOLKAR,22.722,75.801,22.0,,94.06
2016-08-20T11:00:00,42754099999,DEVI AHILYABAI HOLKAR,22.722,75.801,22.0,,94.06
2016-08-20T12:00:00,42754099999,DEVI AHILYABAI HOLKAR,22.722,75.801,21.4,999.6,98.18
2016-08-20T12:00:00,42754099999,DEVI AHILYABAI HOLKAR,22.722,75.801,21.0,,100.0
2016-08-20T13:00:00,42754099999,DEVI AHILYABAI HOLKAR,22.722,75.801,21.0,,100.0
2016-08-20T14:00:00,42754099999,DEVI AHILYABAI HOLKAR,22.722,75.801,21.0,,94.02
2016-08-20T15:00:00,42754099999,DEVI AHILYABAI HOLKAR,22.722,75.801,20.8,1001.0,96.37
2016-08-20T15:00:00,42754099999,DEVI AHILYABAI HOLKAR,22.722,75.801,21.0,,94.02
2016-08-20T18:00:00,42754099999,DEVI AHILYABAI HOLKAR,22.722,75.801,20.6,1001.9,96.36
2016-08-20T18:00:00,42754099999,DEVI AHILYABAI HOLKAR,22.722,75.801,21.0,,94.02
2016-08-20T21:00:00,42754099999,DEVI AHILYABAI HOLKAR,22.722,75.801,20.2,1000.3,98.16
2016-08-20T21:00:00,42754099999,DEVI AHILYABAI HOLKAR,22.722,75.801,20.0,,100.0
2016-08-21T00:00:00,42754099999,DEVI AHILYABAI HOLKAR,22.722,75.801,22.0,1000.3,98.19
2016-08-21T00:00:00,42754099999,DEVI AHILYABAI HOLKAR,22.722,75.801,22.0,,100.0
2016-08-21T03:00:00,42754099999,DEVI AHILYABAI HOLKAR,22.722,75.801,22.0,1002.2,98.19
2016-08-21T03:00:00,42754099999,DEVI AHILYABAI HOLKAR,22.722,75.801,22.0,,100.0
2016-08-21T04:00:00,42754099999,DEVI AHILYABAI HOLKAR,22.722,75.801,22.0,,94.06
2016-08-21T05:00:00,42754099999,DEVI AHILYABAI HOLKAR,22.722,75.801,23.0,,88.52
2016-08-21T06:00:00,42754099999,DEVI AHILYABAI HOLKAR,22.722,75.801,23.8,1002.6,88.58
2016-08-21T06:00:00,42754099999,DEVI AHILYABAI HOLKAR,22.722,75.801,24.0,,88.6
2016-08-21T07:00:00,42754099999,DEVI AHILYABAI HOLKAR,22.722,75.801,25.0,,83.45
2016-08-21T09:00:00,42754099999,DEVI AHILYABAI HOLKAR,22.722,75.801,24.4,1001.5,88.63
2016-08-21T09:00:00,42754099999,DEVI AHILYABAI HOLKAR,22.722,75.801,24.0,,88.6
2016-08-21T12:00:00,42754099999,DEVI AHILYABAI HOLKAR,22.722,75.801,24.6,1001.1,87.05
2016-08-21T12:00:00,42754099999,DEVI AHILYABAI HOLKAR,22.722,75.801,25.0,,83.45
2016-08-21T15:00:00,42754099999,DEVI AHILYABAI HOLKAR,22.722,75.801,23.6,1002.4,92.99
2016-08-21T15:00:00,42754099999,DEVI AHILYABAI HOLKAR,22.722,75.801,24.0,,88.6
2016-08-21T18:00:00,42754099999,DEVI AHILYABAI HOLKAR,22.722,75.801,23.4,1003.4,96.44
2016-08-21T18:00:00,42754099999,DEVI AHILYABAI HOLKAR,22.722,75.801,23.0,,100.0
2016-08-21T21:00:00,42754099999,DEVI AHILYABAI HOLKAR,22.722,75.801,23.4,,96.44
2016-08-22T00:00:00,42754099999,DEVI AHILYABAI HOLKAR,22.722,75.801,22.6,1002.5,96.42
2016-08-22T00:00:00,42754099999,DEVI AHILYABAI HOLKAR,22.722,75.801,23.0,,94.11
2016-08-22T02:00:00,42754099999,DEVI AHILYABAI HOLKAR,22.722,75.801,23.0,,94.11
2016-08-22T03:00:00,42754099999,DEVI AHILYABAI HOLKAR,22.722,75.801,23.0,1004.6,94.68
2016-08-22T03:00:00,42754099999,DEVI AHILYABAI HOLKAR,22.722,75.801,23.0,,94.11
2016-08-22T04:00:00,42754099999,DEVI AHILYABAI HOLKAR,22.722,75.801,24.0,,88.6
2016-08-22T05:00:00,42754099999,DEVI AHILYABAI HOLKAR,22.722,75.801,25.0,,83.45
2016-08-22T06:00:00,42754099999,DEVI AHILYABAI HOLKAR,22.722,75.801,24.8,1004.9,85.49
2016-08-22T06:00:00,42754099999,DEVI AHILYABAI HOLKAR,22.722,75.801,25.0,,83.45
2016-08-22T07:00:00,42754099999,DEVI AHILYABAI HOLKAR,22.722,75.801,25.0,,83.45
2016-08-22T09:00:00,42754099999,DEVI AHILYABAI HOLKAR,22.722,75.801,24.8,1004.0,87.06
2016-08-22T09:00:00,42754099999,DEVI AHILYABAI HOLKAR,22.722,75.801,25.0,,88.68
2016-08-22T12:00:00,42754099999,DEVI AHILYABAI HOLKAR,22.722,75.801,25.4,1002.3,85.55
2016-08-22T12:00:00,42754099999,DEVI AHILYABAI HOLKAR,22.722,75.801,25.0,,88.68
2016-08-22T15:00:00,42754099999,DEVI AHILYABAI HOLKAR,22.722,75.801,23.6,1003.5,91.87
2016-08-22T15:00:00,42754099999,DEVI AHILYABAI HOLKAR,22.722,75.801,24.0,,88.6
2016-08-22T18:00:00,42754099999,DEVI AHILYABAI HOLKAR,22.722,75.801,23.0,1004.9,94.68
2016-08-22T18:00:00,42754099999,DEVI AHILYABAI HOLKAR,22.722,75.801,23.0,,94.11
2016-08-22T21:00:00,42754099999,DEVI AHILYABAI HOLKAR,22.722,75.801,23.0,1003.5,94.68
2016-08-22T21:00:00,42754099999,DEVI AHILYABAI HOLKAR,22.722,75.801,23.0,,94.11
2016-08-23T00:00:00,42754099999,DEVI AHILYABAI HOLKAR,22.722,75.801,22.8,1003.7,94.67
2016-08-23T00:00:00,42754099999,DEVI AHILYABAI HOLKAR,22.722,75.801,23.0,,94.11
2016-08-23T01:00:00,42754099999,DEVI AHILYABAI HOLKAR,22.722,75.801,23.0,,94.11
2016-08-23T02:00:00,42754099999,DEVI AHILYABAI HOLKAR,22.722,75.801,23.0,,94.11
2016-08-23T03:00:00,42754099999,DEVI AHILYABAI HOLKAR,22.722,75.801,23.0,1003.3,94.68
2016-08-23T03:00:00,42754099999,DEVI AHILYABAI HOLKAR,22.722,75.801,23.0,,94.11
2016-08-23T04:00:00,42754099999,DEVI AHILYABAI HOLKAR,22.722,75.801,23.0,,100.0
2016-08-23T05:00:00,42754099999,DEVI AHILYABAI HOLKAR,22.722,75.801,24.0,,94.15
2016-08-23T06:00:00,42754099999,DEVI AHILYABAI HOLKAR,22.722,75.801,24.0,1004.0,93.58
2016-08-23T06:00:00,42754099999,DEVI AHILYABAI HOLKAR,22.722,75.801,24.0,,94.15
2016-08-23T07:00:00,42754099999,DEVI AHILYABAI HOLKAR,22.722,75.801,25.0,,88.68
2016-08-23T09:00:00,42754099999,DEVI AHILYABAI HOLKAR,22.722,75.801,26.6,1001.5,78.72
2016-08-23T09:00:00,42754099999,DEVI AHILYABAI HOLKAR,22.722,75.801,27.0,,78.78
2016-08-23T10:00:00,42754099999,DEVI AHILYABAI HOLKAR,22.722,75.801,26.0,,83.57
2016-08-23T11:00:00,42754099999,DEVI AHILYABAI HOLKAR,22.722,75.801,26.0,,83.57
2016-08-23T12:00:00,42754099999,DEVI AHILYABAI HOLKAR,22.722,75.801,26.4,1000.3,83.11
2016-08-23T12:00:00,42754099999,DEVI AHILYABAI HOLKAR,22.722,75.801,26.0,,83.57
2016-08-23T15:00:00,42754099999,DEVI AHILYABAI HOLKAR,22.722,75.801,23.4,1002.6,92.98
2016-08-23T18:00:00,42754099999,DEVI AHILYABAI HOLKAR,22.722,75.801,23.0,1003.5,91.27
2016-08-23T18:00:00,42754099999,DEVI AHILYABAI HOLKAR,22.722,75.801,23.0,,88.52
2016-08-23T21:00:00,42754099999,DEVI AHILYABAI HOLKAR,22.722,75.801,22.4,1001.9,92.93
2016-08-23T21:00:00,42754099999,DEVI AHILYABAI HOLKAR,22.722,75.801,22.0,,94.06
2016-08-24T00:00:00,42754099999,DEVI AHILYABAI HOLKAR,22.722,75.801,21.6,1002.5,94.63
2016-08-24T00:00:00,42754099999,DEVI AHILYABAI HOLKAR,22.722,75.801,22.0,,94.06
2016-08-24T03:00:00,42754099999,DEVI AHILYABAI HOLKAR,22.722,75.801,25.0,1002.9,91.95
2016-08-24T03:00:00,42754099999,DEVI AHILYABAI HOLKAR,22.722,75.801,25.0,,94.19
2016-08-24T06:00:00,42754099999,DEVI AHILYABAI HOLKAR,22.722,75.801,26.4,1003.0,84.62
2016-08-24T06:00:00,42754099999,DEVI AHILYABAI HOLKAR,22.722,75.801,26.0,,88.76
2016-08-24T07:00:00,42754099999,DEVI AHILYABAI HOLKAR,22.722,75.801,26.0,,83.57
2016-08-24T08:00:00,42754099999,DEVI AHILYABAI HOLKAR,22.722,75.801,27.0,,78.78
2016-08-24T09:00:00,42754099999,DEVI AHILYABAI HOLKAR,22.722,75.801,26.4,1001.5,84.62
2016-08-24T09:00:00,42754099999,DEVI AHILYABAI HOLKAR,22.722,75.801,26.0,,88.76
2016-08-24T12:00:00,42754099999,DEVI AHILYABAI HOLKAR,22.722,75.801,28.2,1000.0,69.96
2016-08-24T12:00:00,42754099999,DEVI AHILYABAI HOLKAR,22.722,75.801,28.0,,69.92
2016-08-24T15:00:00,42754099999,DEVI AHILYABAI HOLKAR,22.722,75.801,24.2,1003.3,87.01
2016-08-24T15:00:00,42754099999,DEVI AHILYABAI HOLKAR,22.722,75.801,24.0,,88.6
2016-08-24T18:00:00,42754099999,DEVI AHILYABAI HOLKAR,22.722,75.801,24.0,1004.0,85.41
2016-08-24T18:00:00,42754099999,DEVI AHILYABAI HOLKAR,22.722,75.801,24.0,,83.34
2016-08-24T21:00:00,42754099999,DEVI AHILYABAI HOLKAR,22.722,75.801,23.2,1002.5,86.39
2016-08-25T00:00:00,42754099999,DEVI AHILYABAI HOLKAR,22.722,75.801,22.6,1003.0,86.33
2016-08-25T00:00:00,42754099999,DEVI AHILYABAI HOLKAR,22.722,75.801,23.0,,83.22
2016-08-25T03:00:00,42754099999,DEVI AHILYABAI HOLKAR,22.722,75.801,24.0,1006.1,91.89
2016-08-25T03:00:00,42754099999,DEVI AHILYABAI HOLKAR,22.722,75.801,24.0,,94.15
2016-08-25T06:00:00,42754099999,DEVI AHILYABAI HOLKAR,22.722,75.801,26.4,1005.9,77.27
2016-08-25T06:00:00,42754099999,DEVI AHILYABAI HOLKAR,22.722,75.801,26.0,,78.64
2016-08-25T07:00:00,42754099999,DEVI AHILYABAI HOLKAR,22.722,75.801,28.0,,74.3
2016-08-25T09:00:00,42754099999,DEVI AHILYABAI HOLKAR,22.722,75.801,29.4,1003.1,66.87
2016-08-25T09:00:00,42754099999,DEVI AHILYABAI HOLKAR,22.722,75.801,29.0,,70.11
2016-08-25T12:00:00,42754099999,DEVI AHILYABAI HOLKAR,22.722,75.801,26.2,1003.0,83.08
2016-08-25T12:00:00,42754099999,DEVI AHILYABAI HOLKAR,22.722,75.801,26.0,,83.57
2016-08-25T15:00:00,42754099999,DEVI AHILYABAI HOLKAR,22.722,75.801,23.8,1005.1,93.57
2016-08-25T15:00:00,42754099999,DEVI AHILYABAI HOLKAR,22.722,75.801,24.0,,94.15
2016-08-25T18:00:00,42754099999,DEVI AHILYABAI HOLKAR,22.722,75.801,23.4,1005.4,91.86
2016-08-25T18:00:00,42754099999,DEVI AHILYABAI HOLKAR,22.722,75.801,23.0,,94.11
2016-08-25T21:00:00,42754099999,DEVI AHILYABAI HOLKAR,22.722,75.801,23.0,1004.2,92.96
2016-08-25T21:00:00,42754099999,DEVI AHILYABAI HOLKAR,22.722,75.801,23.0,,94.11
2016-08-25T23:00:00,42754099999,DEVI AHILYABAI HOLKAR,22.722,75.801,23.0,,94.11
2016-08-26T00:00:00,42754099999,DEVI AHILYABAI HOLKAR,22.722,75.801,22.6,1004.4,89.58
2016-08-26T00:00:00,42754099999,DEVI AHILYABAI HOLKAR,22.722,75.801,23.0,,88.52
2016-08-26T01:00:00,42754099999,DEVI AHILYABAI HOLKAR,22.722,75.801,22.0,,94.06
2016-08-26T02:00:00,42754099999,DEVI AHILYABAI HOLKAR,22.722,75.801,23.0,,88.52
2016-08-26T03:00:00,42754099999,DEVI AHILYABAI HOLKAR,22.722,75.801,24.4,1006.7,82.37
2016-08-26T03:00:00,42754099999,DEVI AHILYABAI HOLKAR,22.722,75.801,24.0,,83.34
2016-08-26T04:00:00,42754099999,DEVI AHILYABAI HOLKAR,22.722,75.801,25.0,,83.45
2016-08-26T05:00:00,42754099999,DEVI AHILYABAI HOLKAR,22.722,75.801,27.0,,74.14
2016-08-26T06:00:00,42754099999,DEVI AHILYABAI HOLKAR,22.722,75.801,27.0,1006.1,73.24
2016-08-26T06:00:00,42754099999,DEVI AHILYABAI HOLKAR,22.722,75.801,27.0,,74.14
2016-08-26T07:00:00,42754099999,DEVI AHILYABAI HOLKAR,22.722,75.801,29.0,,70.11
2016-08-26T08:00:00,42754099999,DEVI AHILYABAI HOLKAR,22.722,75.801,30.0,,66.18
2016-08-26T09:00:00,42754099999,DEVI AHILYABAI HOLKAR,22.722,75.801,30.8,1002.5,63.98
2016-08-26T09:00:00,42754099999,DEVI AHILYABAI HOLKAR,22.722,75.801,31.0,,62.5
2016-08-26T10:00:00,42754099999,DEVI AHILYABAI HOLKAR,22.722,75.801,30.0,,66.18
2016-08-26T11:00:00,42754099999,DEVI AHILYABAI HOLKAR,22.722,75.801,30.0,,66.18
2016-08-26T12:00:00,42754099999,DEVI AHILYABAI HOLKAR,22.722,75.801,27.2,1001.8,84.71
2016-08-26T12:00:00,42754099999,DEVI AHILYABAI HOLKAR,22.722,75.801,27.0,,83.68
2016-08-26T14:00:00,42754099999,DEVI AHILYABAI HOLKAR,22.722,75.801,25.0,,94.19
2016-08-26T15:00:00,42754099999,DEVI AHILYABAI HOLKAR,22.722,75.801,24.6,1004.0,90.27
2016-08-26T15:00:00,42754099999,DEVI AHILYABAI HOLKAR,22.722,75.801,25.0,,88.68
2016-08-26T18:00:00,42754099999,DEVI AHILYABAI HOLKAR,22.722,75.801,24.0,1004.9,91.89
2016-08-26T18:00:00,42754099999,DEVI AHILYABAI HOLKAR,22.722,75.801,24.0,,94.15
2016-08-26T21:00:00,42754099999,DEVI AHILYABAI HOLKAR,22.722,75.801,23.4,1003.2,92.98
2016-08-26T21:00:00,42754099999,DEVI AHILYABAI HOLKAR,22.722,75.801,23.0,,94.11
2016-08-27T00:00:00,42754099999,DEVI AHILYABAI HOLKAR,22.722,75.801,23.0,1003.7,92.96
2016-08-27T00:00:00,42754099999,DEVI AHILYABAI HOLKAR,22.722,75.801,23.0,,94.11
2016-08-27T03:00:00,42754099999,DEVI AHILYABAI HOLKAR,22.722,75.801,25.0,1006.2,95.33
2016-08-27T03:00:00,42754099999,DEVI AHILYABAI HOLKAR,22.722,75.801,25.0,,94.19
2016-08-27T06:00:00,42754099999,DEVI AHILYABAI HOLKAR,22.722,75.801,27.4,1005.2,80.28
2016-08-27T06:00:00,42754099999,DEVI AHILYABAI HOLKAR,22.722,75.801,27.0,,83.68
2016-08-27T07:00:00,42754099999,DEVI AHILYABAI HOLKAR,22.722,75.801,27.0,,83.68
2016-08-27T08:00:00,42754099999,DEVI AHILYABAI HOLKAR,22.722,75.801,28.0,,74.3
2016-08-27T09:00:00,42754099999,DEVI AHILYABAI HOLKAR,22.722,75.801,27.8,1001.9,75.17
2016-08-27T09:00:00,42754099999,DEVI AHILYABAI HOLKAR,22.722,75.801,28.0,,74.3
2016-08-27T10:00:00,42754099999,DEVI AHILYABAI HOLKAR,22.722,75.801,29.0,,70.11
2016-08-27T12:00:00,42754099999,DEVI AHILYABAI HOLKAR,22.722,75.801,26.0,1002.0,87.17
2016-08-27T12:00:00,42754099999,DEVI AHILYABAI HOLKAR,22.722,75.801,26.0,,88.76
2016-08-27T14:00:00,42754099999,DEVI AHILYABAI HOLKAR,22.722,75.801,25.0,,94.19
2016-08-27T15:00:00,42754099999,DEVI AHILYABAI HOLKAR,22.722,75.801,25.4,1003.8,91.97
2016-08-27T15:00:00,42754099999,DEVI AHILYABAI HOLKAR,22.722,75.801,25.0,,94.19
2016-08-27T18:00:00,42754099999,DEVI AHILYABAI HOLKAR,22.722,75.801,24.0,1005.1,91.89
2016-08-27T18:00:00,42754099999,DEVI AHILYABAI HOLKAR,22.722,75.801,24.0,,94.15
2016-08-27T21:00:00,42754099999,DEVI AHILYABAI HOLKAR,22.722,75.801,23.6,1003.5,92.99
2016-08-27T21:00:00,42754099999,DEVI AHILYABAI HOLKAR,22.722,75.801,24.0,,88.6
2016-08-27T23:00:00,42754099999,DEVI AHILYABAI HOLKAR,22.722,75.801,23.0,,94.11
2016-08-28T00:00:00,42754099999,DEVI AHILYABAI HOLKAR,22.722,75.801,23.4,1003.9,91.86
2016-08-28T00:00:00,42754099999,DEVI AHILYABAI HOLKAR,22.722,75.801,23.0,,94.11
2016-08-28T01:30:00,42754099999,DEVI AHILYABAI HOLKAR,22.722,75.801,24.0,,94.15
2016-08-28T02:00:00,42754099999,DEVI AHILYABAI HOLKAR,22.722,75.801,24.0,,100.0
2016-08-28T03:00:00,42754099999,DEVI AHILYABAI HOLKAR,22.722,75.801,24.8,1006.4,93.62
2016-08-28T03:00:00,42754099999,DEVI AHILYABAI HOLKAR,22.722,75.801,25.0,,94.19
2016-08-28T04:00:00,42754099999,DEVI AHILYABAI HOLKAR,22.722,75.801,26.0,,88.76
2016-08-28T05:00:00,42754099999,DEVI AHILYABAI HOLKAR,22.722,75.801,27.0,,83.68
2016-08-28T06:00:00,42754099999,DEVI AHILYABAI HOLKAR,22.722,75.801,30.0,1004.7,71.14
2016-08-28T06:00:00,42754099999,DEVI AHILYABAI HOLKAR,22.722,75.801,30.0,,70.29
2016-08-28T09:00:00,42754099999,DEVI AHILYABAI HOLKAR,22.722,75.801,25.0,1004.9,95.33
2016-08-28T09:00:00,42754099999,DEVI AHILYABAI HOLKAR,22.722,75.801,25.0,,94.19
2016-08-28T12:00:00,42754099999,DEVI AHILYABAI HOLKAR,22.722,75.801,29.4,1001.7,71.89
2016-08-28T12:00:00,42754099999,DEVI AHILYABAI HOLKAR,22.722,75.801,29.0,,74.47
2016-08-28T15:00:00,42754099999,DEVI AHILYABAI HOLKAR,22.722,75.801,27.0,1004.7,87.78
2016-08-28T15:00:00,42754099999,DEVI AHILYABAI HOLKAR,22.722,75.801,27.0,,88.84
2016-08-28T18:00:00,42754099999,DEVI AHILYABAI HOLKAR,22.722,75.801,25.6,1005.8,91.99
2016-08-28T18:00:00,42754099999,DEVI AHILYABAI HOLKAR,22.722,75.801,26.0,,88.76
2016-08-28T21:00:00,42754099999,DEVI AHILYABAI HOLKAR,22.722,75.801,25.0,1004.5,93.63
2016-08-28T21:00:00,42754099999,DEVI AHILYABAI HOLKAR,22.722,75.801,26.0,,94.23
2016-08-29T00:00:00,42754099999,DEVI AHILYABAI HOLKAR,22.722,75.801,24.2,1004.1,96.46
2016-08-29T00:00:00,42754099999,DEVI AHILYABAI HOLKAR,22.722,75.801,24.0,,100.0
2016-08-29T02:00:00,42754099999,DEVI AHILYABAI HOLKAR,22.722,75.801,25.0,,94.19
2016-08-29T03:00:00,42754099999,DEVI AHILYABAI HOLKAR,22.722,75.801,24.8,1006.0,98.22
2016-08-29T03:00:00,42754099999,DEVI AHILYABAI HOLKAR,22.722,75.801,25.0,,100.0
2016-08-29T06:00:00,42754099999,DEVI AHILYABAI HOLKAR,22.722,75.801,27.4,1005.5,81.74
2016-08-29T06:00:00,42754099999,DEVI AHILYABAI HOLKAR,22.722,75.801,27.0,,83.68
2016-08-29T08:00:00,42754099999,DEVI AHILYABAI HOLKAR,22.722,75.801,27.0,,88.84
2016-08-29T09:00:00,42754099999,DEVI AHILYABAI HOLKAR,22.722,75.801,29.6,1002.5,74.56
2016-08-29T09:00:00,42754099999,DEVI AHILYABAI HOLKAR,22.722,75.801,30.0,,74.63
2016-08-29T10:00:00,42754099999,DEVI AHILYABAI HOLKAR,22.722,75.801,29.0,,79.06
2016-08-29T11:00:00,42754099999,DEVI AHILYABAI HOLKAR,22.722,75.801,30.0,,70.29
2016-08-29T12:00:00,42754099999,DEVI AHILYABAI HOLKAR,22.722,75.801,29.4,1001.0,70.61
2016-08-29T12:00:00,42754099999,DEVI AHILYABAI HOLKAR,22.722,75.801,29.0,,70.11
2016-08-29T13:00:00,42754099999,DEVI AHILYABAI HOLKAR,22.722,75.801,28.0,,78.92
2016-08-29T14:00:00,42754099999,DEVI AHILYABAI HOLKAR,22.722,75.801,27.0,,83.68
2016-08-29T15:00:00,42754099999,DEVI AHILYABAI HOLKAR,22.722,75.801,26.4,1004.0,86.17
2016-08-29T15:00:00,42754099999,DEVI AHILYABAI HOLKAR,22.722,75.801,26.0,,88.76
2016-08-29T18:00:00,42754099999,DEVI AHILYABAI HOLKAR,22.722,75.801,25.6,1004.8,87.14
2016-08-29T18:00:00,42754099999,DEVI AHILYABAI HOLKAR,22.722,75.801,26.0,,83.57
2016-08-29T21:00:00,42754099999,DEVI AHILYABAI HOLKAR,22.722,75.801,25.0,1002.5,88.68
2016-08-30T00:00:00,42754099999,DEVI AHILYABAI HOLKAR,22.722,75.801,24.4,1003.7,88.63
2016-08-30T00:00:00,42754099999,DEVI AHILYABAI HOLKAR,22.722,75.801,24.0,,88.6
2016-08-30T03:00:00,42754099999,DEVI AHILYABAI HOLKAR,22.722,75.801,25.0,1004.5,91.95
2016-08-30T03:00:00,42754099999,DEVI AHILYABAI HOLKAR,22.722,75.801,25.0,,94.19
2016-08-30T06:00:00,42754099999,DEVI AHILYABAI HOLKAR,22.722,75.801,28.8,1004.2,75.33
2016-08-30T06:00:00,42754099999,DEVI AHILYABAI HOLKAR,22.722,75.801,29.0,,74.47
2016-08-30T09:00:00,42754099999,DEVI AHILYABAI HOLKAR,22.722,75.801,30.4,1001.3,71.21
2016-08-30T09:00:00,42754099999,DEVI AHILYABAI HOLKAR,22.722,75.801,30.0,,74.63
2016-08-30T10:00:00,42754099999,DEVI AHILYABAI HOLKAR,22.722,75.801,29.0,,74.47
2016-08-30T11:00:00,42754099999,DEVI AHILYABAI HOLKAR,22.722,75.801,29.0,,74.47
2016-08-30T12:00:00,42754099999,DEVI AHILYABAI HOLKAR,22.722,75.801,28.8,1000.2,73.1
2016-08-30T12:00:00,42754099999,DEVI AHILYABAI HOLKAR,22.722,75.801,29.0,,70.11
2016-08-30T14:00:00,42754099999,DEVI AHILYABAI HOLKAR,22.722,75.801,26.0,,88.76
2016-08-30T15:00:00,42754099999,DEVI AHILYABAI HOLKAR,22.722,75.801,25.4,1003.6,88.71
2016-08-30T15:00:00,42754099999,DEVI AHILYABAI HOLKAR,22.722,75.801,25.0,,88.68
2016-08-30T18:00:00,42754099999,DEVI AHILYABAI HOLKAR,22.722,75.801,25.0,1005.3,90.3
2016-08-30T18:00:00,42754099999,DEVI AHILYABAI HOLKAR,22.722,75.801,25.0,,88.68
2016-08-30T21:00:00,42754099999,DEVI AHILYABAI HOLKAR,22.722,75.801,24.6,1004.4,90.27
2016-08-30T21:00:00,42754099999,DEVI AHILYABAI HOLKAR,22.722,75.801,25.0,,88.68
2016-08-30T23:00:00,42754099999,DEVI AHILYABAI HOLKAR,22.722,75.801,24.0,,94.15
2016-08-31T00:00:00,42754099999,DEVI AHILYABAI HOLKAR,22.722,75.801,24.4,1004.6,90.26
2016-08-31T00:00:00,42754099999,DEVI AHILYABAI HOLKAR,22.722,75.801,24.0,,94.15
2016-08-31T01:00:00,42754099999,DEVI AHILYABAI HOLKAR,22.722,75.801,24.0,,94.15
2016-08-31T03:00:00,42754099999,DEVI AHILYABAI HOLKAR,22.722,75.801,24.6,1004.0,93.61
2016-08-31T03:00:00,42754099999,DEVI AHILYABAI HOLKAR,22.722,75.801,25.0,,88.68
2016-08-31T04:00:00,42754099999,DEVI AHILYABAI HOLKAR,22.722,75.801,26.0,,88.76
2016-08-31T05:00:00,42754099999,DEVI AHILYABAI HOLKAR,22.722,75.801,27.0,,78.78
2016-08-31T06:00:00,42754099999,DEVI AHILYABAI HOLKAR,22.722,75.801,27.8,1004.5,79.37
2016-08-31T06:00:00,42754099999,DEVI AHILYABAI HOLKAR,22.722,75.801,28.0,,78.92
2016-08-31T07:00:00,42754099999,DEVI AHILYABAI HOLKAR,22.722,75.801,28.0,,78.92
2016-08-31T09:00:00,42754099999,DEVI AHILYABAI HOLKAR,22.722,75.801,27.4,1001.7,84.73
2016-08-31T12:00:00,42754099999,DEVI AHILYABAI HOLKAR,22.722,75.801,25.0,1002.2,82.44
2016-08-31T12:00:00,42754099999,DEVI AHILYABAI HOLKAR,22.722,75.801,25.0,,83.45
2016-08-31T13:00:00,42754099999,DEVI AHILYABAI HOLKAR,22.722,75.801,25.0,,88.68
2016-08-31T15:00:00,42754099999,DEVI AHILYABAI HOLKAR,22.722,75.801,24.2,1005.0,93.59
2016-08-31T15:00:00,42754099999,DEVI AHILYABAI HOLKAR,22.722,75.801,24.0,,94.15
2016-08-31T18:00:00,42754099999,DEVI AHILYABAI HOLKAR,22.722,75.801,23.6,1005.9,91.87
2016-08-31T18:00:00,42754099999,DEVI AHILYABAI HOLKAR,22.722,75.801,24.0,,88.6
2016-08-31T21:00:00,42754099999,DEVI AHILYABAI HOLKAR,22.722,75.801,23.2,1005.3,92.97
2016-09-01T00:00:00,42754099999,DEVI AHILYABAI HOLKAR,22.722,75.801,23.0,1004.8,92.96
2016-09-01T03:00:00,42754099999,DEVI AHILYABAI HOLKAR,22.722,75.801,24.2,1005.1,93.59
2016-09-01T03:00:00,42754099999,DEVI AHILYABAI HOLKAR,22.722,75.801,24.0,,94.15
2016-09-01T06:00:00,42754099999,DEVI AHILYABAI HOLKAR,22.722,75.801,25.4,1005.6,88.71
2016-09-01T06:00:00,42754099999,DEVI AHILYABAI HOLKAR,22.722,75.801,25.0,,88.68
2016-09-01T09:00:00,42754099999,DEVI AHILYABAI HOLKAR,22.722,75.801,25.4,1002.9,90.33
2016-09-01T09:00:00,42754099999,DEVI AHILYABAI HOLKAR,22.722,75.801,25.0,,94.19
2016-09-01T11:00:00,42754099999,DEVI AHILYABAI HOLKAR,22.722,75.801,27.0,,83.68
2016-09-01T12:00:00,42754099999,DEVI AHILYABAI HOLKAR,22.722,75.801,25.6,1002.4,82.51
2016-09-01T12:00:00,42754099999,DEVI AHILYABAI HOLKAR,22.722,75.801,26.0,,78.64
2016-09-01T13:00:00,42754099999,DEVI AHILYABAI HOLKAR,22.722,75.801,25.0,,88.68
2016-09-01T15:00:00,42754099999,DEVI AHILYABAI HOLKAR,22.722,75.801,24.4,1004.6,93.6
2016-09-01T15:00:00,42754099999,DEVI AHILYABAI HOLKAR,22.722,75.801,24.0,,94.15
2016-09-01T18:00:00,42754099999,DEVI AHILYABAI HOLKAR,22.722,75.801,24.0,1006.0,94.72
2016-09-01T18:00:00,42754099999,DEVI AHILYABAI HOLKAR,22.722,75.801,24.0,,94.15
2016-09-01T21:00:00,42754099999,DEVI AHILYABAI HOLKAR,22.722,75.801,23.8,1004.2,94.71
2016-09-01T21:00:00,42754099999,DEVI AHILYABAI HOLKAR,22.722,75.801,24.0,,94.15
2016-09-02T00:00:00,42754099999,DEVI AHILYABAI HOLKAR,22.722,75.801,23.2,1004.5,94.69
2016-09-02T00:00:00,42754099999,DEVI AHILYABAI HOLKAR,22.722,75.801,23.0,,94.11
2016-09-02T02:00:00,42754099999,DEVI AHILYABAI HOLKAR,22.722,75.801,24.0,,94.15
2016-09-02T03:00:00,42754099999,DEVI AHILYABAI HOLKAR,22.722,75.801,24.6,1005.8,91.93
2016-09-02T03:00:00,42754099999,DEVI AHILYABAI HOLKAR,22.722,75.801,25.0,,88.68
2016-09-02T05:00:00,42754099999,DEVI AHILYABAI HOLKAR,22.722,75.801,27.0,,78.78
2016-09-02T06:00:00,42754099999,DEVI AHILYABAI HOLKAR,22.722,75.801,25.4,1005.9,87.12
2016-09-02T06:00:00,42754099999,DEVI AHILYABAI HOLKAR,22.722,75.801,25.0,,88.68
2016-09-02T09:00:00,42754099999,DEVI AHILYABAI HOLKAR,22.722,75.801,26.4,1004.0,77.27
2016-09-02T09:00:00,42754099999,DEVI AHILYABAI HOLKAR,22.722,75.801,26.0,,78.64
2016-09-02T12:00:00,42754099999,DEVI AHILYABAI HOLKAR,22.722,75.801,26.0,1002.3,80.09
2016-09-02T12:00:00,42754099999,DEVI AHILYABAI HOLKAR,22.722,75.801,26.0,,78.64
2016-09-02T15:00:00,42754099999,DEVI AHILYABAI HOLKAR,22.722,75.801,24.0,1004.5,86.99
2016-09-02T15:00:00,42754099999,DEVI AHILYABAI HOLKAR,22.722,75.801,24.0,,88.6
2016-09-02T18:00:00,42754099999,DEVI AHILYABAI HOLKAR,22.722,75.801,23.2,1005.5,91.29
2016-09-02T18:00:00,42754099999,DEVI AHILYABAI HOLKAR,22.722,75.801,23.0,,94.11
2016-09-02T21:00:00,42754099999,DEVI AHILYABAI HOLKAR,22.722,75.801,23.0,1004.1,91.27
2016-09-02T21:00:00,42754099999,DEVI AHILYABAI HOLKAR,22.722,75.801,23.0,,88.52
2016-09-02T23:00:00,42754099999,DEVI AHILYABAI HOLKAR,22.722,75.801,23.0,,88.52
2016-09-03T00:00:00,42754099999,DEVI AHILYABAI HOLKAR,22.722,75.801,22.8,1004.5,91.26
2016-09-03T00:00:00,42754099999,DEVI AHILYABAI HOLKAR,22.722,75.801,23.0,,88.52
2016-09-03T02:00:00,42754099999,DEVI AHILYABAI HOLKAR,22.722,75.801,23.0,,94.11
2016-09-03T03:00:00,42754099999,DEVI AHILYABAI HOLKAR,22.722,75.801,23.2,1006.0,92.97
2016-09-03T03:00:00,42754099999,DEVI AHILYABAI HOLKAR,22.722,75.801,23.0,,94.11
2016-09-03T04:00:00,42754099999,DEVI AHILYABAI HOLKAR,22.722,75.801,25.0,,88.68
2016-09-03T06:00:00,42754099999,DEVI AHILYABAI HOLKAR,22.722,75.801,26.8,1006.0,73.2
2016-09-03T06:00:00,42754099999,DEVI AHILYABAI HOLKAR,22.722,75.801,27.0,,74.14
2016-09-03T08:00:00,42754099999,DEVI AHILYABAI HOLKAR,22.722,75.801,27.0,,69.74
2016-09-03T09:00:00,42754099999,DEVI AHILYABAI HOLKAR,22.722,75.801,28.0,1003.5,66.99
2016-09-03T09:00:00,42754099999,DEVI AHILYABAI HOLKAR,22.722,75.801,28.0,,65.77
2016-09-03T12:00:00,42754099999,DEVI AHILYABAI HOLKAR,22.722,75.801,28.2,1002.2,64.61
2016-09-03T12:00:00,42754099999,DEVI AHILYABAI HOLKAR,22.722,75.801,28.0,,65.77
2016-09-03T14:00:00,42754099999,DEVI AHILYABAI HOLKAR,22.722,75.801,24.0,,88.6
2016-09-03T15:00:00,42754099999,DEVI AHILYABAI HOLKAR,22.722,75.801,24.0,1005.1,88.6
2016-09-03T15:00:00,42754099999,DEVI AHILYABAI HOLKAR,22.722,75.801,24.0,,88.6
2016-09-03T18:00:00,42754099999,DEVI AHILYABAI HOLKAR,22.722,75.801,23.2,1005.8,84.8
2016-09-03T18:00:00,42754099999,DEVI AHILYABAI HOLKAR,22.722,75.801,23.0,,83.22
2016-09-03T21:00:00,42754099999,DEVI AHILYABAI HOLKAR,22.722,75.801,22.8,1004.2,84.76
2016-09-03T21:00:00,42754099999,DEVI AHILYABAI HOLKAR,22.722,75.801,23.0,,83.22
2016-09-04T00:00:00,42754099999,DEVI AHILYABAI HOLKAR,22.722,75.801,22.4,1004.5,84.72
2016-09-04T03:00:00,42754099999,DEVI AHILYABAI HOLKAR,22.722,75.801,23.4,1007.5,88.01
2016-09-04T03:00:00,42754099999,DEVI AHILYABAI HOLKAR,22.722,75.801,23.0,,88.52
2016-09-04T04:00:00,42754099999,DEVI AHILYABAI HOLKAR,22.722,75.801,24.0,,88.6
2016-09-04T06:00:00,42754099999,DEVI AHILYABAI HOLKAR,22.722,75.801,23.2,1008.3,89.63
2016-09-04T06:00:00,42754099999,DEVI AHILYABAI HOLKAR,22.722,75.801,23.0,,88.52
2016-09-04T07:00:00,42754099999,DEVI AHILYABAI HOLKAR,22.722,75.801,23.0,,94.11
2016-09-04T09:00:00,42754099999,DEVI AHILYABAI HOLKAR,22.722,75.801,26.6,1005.8,71.84
2016-09-04T09:00:00,42754099999,DEVI AHILYABAI HOLKAR,22.722,75.801,27.0,,69.74
2016-09-04T11:00:00,42754099999,DEVI AHILYABAI HOLKAR,22.722,75.801,27.0,,69.74
2016-09-04T12:00:00,42754099999,DEVI AHILYABAI HOLKAR,22.722,75.801,27.4,1004.9,71.98
2016-09-04T12:00:00,42754099999,DEVI AHILYABAI HOLKAR,22.722,75.801,27.0,,74.14
2016-09-04T13:30:00,42754099999,DEVI AHILYABAI HOLKAR,22.722,75.801,25.0,,78.5
2016-09-04T14:00:00,42754099999,DEVI AHILYABAI HOLKAR,22.722,75.801,24.0,,83.34
2016-09-04T15:00:00,42754099999,DEVI AHILYABAI HOLKAR,22.722,75.801,23.0,1007.7,89.61
2016-09-04T15:00:00,42754099999,DEVI AHILYABAI HOLKAR,22.722,75.801,23.0,,88.52
2016-09-04T18:00:00,42754099999,DEVI AHILYABAI HOLKAR,22.722,75.801,21.8,1008.5,91.2
2016-09-04T18:00:00,42754099999,DEVI AHILYABAI HOLKAR,22.722,75.801,22.0,,88.44
2016-09-04T21:00:00,42754099999,DEVI AHILYABAI HOLKAR,22.722,75.801,21.2,1007.0,94.61
2016-09-04T21:00:00,42754099999,DEVI AHILYABAI HOLKAR,22.722,75.801,21.0,,94.02
2016-09-05T00:00:00,42754099999,DEVI AHILYABAI HOLKAR,22.722,75.801,21.8,1007.6,94.63
2016-09-05T00:00:00,42754099999,DEVI AHILYABAI HOLKAR,22.722,75.801,22.0,,94.06
2016-09-05T01:00:00,42754099999,DEVI AHILYABAI HOLKAR,22.722,75.801,22.0,,94.06
2016-09-05T02:00:00,42754099999,DEVI AHILYABAI HOLKAR,22.722,75.801,22.0,,94.06
2016-09-05T03:00:00,42754099999,DEVI AHILYABAI HOLKAR,22.722,75.801,23.0,1009.5,91.27
2016-09-05T03:00:00,42754099999,DEVI AHILYABAI HOLKAR,22.722,75.801,23.0,,88.52
2016-09-05T06:00:00,42754099999,DEVI AHILYABAI HOLKAR,22.722,75.801,26.4,1008.9,74.49
2016-09-05T06:00:00,42754099999,DEVI AHILYABAI HOLKAR,22.722,75.801,26.0,,73.97
2016-09-05T09:00:00,42754099999,DEVI AHILYABAI HOLKAR,22.722,75.801,28.0,1006.7,60.7
2016-09-05T09:00:00,42754099999,DEVI AHILYABAI HOLKAR,22.722,75.801,28.0,,61.84
2016-09-05T11:00:00,42754099999,DEVI AHILYABAI HOLKAR,22.722,75.801,29.0,,62.06
2016-09-05T12:00:00,42754099999,DEVI AHILYABAI HOLKAR,22.722,75.801,27.8,1005.8,61.79
2016-09-05T12:00:00,42754099999,DEVI AHILYABAI HOLKAR,22.722,75.801,28.0,,61.84
2016-09-05T15:00:00,42754099999,DEVI AHILYABAI HOLKAR,22.722,75.801,23.2,1007.6,83.25
2016-09-05T15:00:00,42754099999,DEVI AHILYABAI HOLKAR,22.722,75.801,23.0,,83.22
2016-09-05T18:00:00,42754099999,DEVI AHILYABAI HOLKAR,22.722,75.801,22.4,1008.5,86.31
2016-09-05T18:00:00,42754099999,DEVI AHILYABAI HOLKAR,22.722,75.801,22.0,,88.44
2016-09-05T21:00:00,42754099999,DEVI AHILYABAI HOLKAR,22.722,75.801,22.0,1007.0,84.68
2016-09-05T21:00:00,42754099999,DEVI AHILYABAI HOLKAR,22.722,75.801,22.0,,83.11
2016-09-06T00:00:00,42754099999,DEVI AHILYABAI HOLKAR,22.722,75.801,21.6,1007.4,87.86
2016-09-06T00:00:00,42754099999,DEVI AHILYABAI HOLKAR,22.722,75.801,22.0,,83.11
2016-09-06T03:00:00,42754099999,DEVI AHILYABAI HOLKAR,22.722,75.801,23.4,1009.3,88.01
2016-09-06T03:00:00,42754099999,DEVI AHILYABAI HOLKAR,22.722,75.801,23.0,,88.52
2016-09-06T06:00:00,42754099999,DEVI AHILYABAI HOLKAR,22.722,75.801,25.8,1009.8,68.23
2016-09-06T06:00:00,42754099999,DEVI AHILYABAI HOLKAR,22.722,75.801,26.0,,65.36
2016-09-06T09:00:00,42754099999,DEVI AHILYABAI HOLKAR,22.722,75.801,28.4,1007.3,58.57
2016-09-06T09:00:00,42754099999,DEVI AHILYABAI HOLKAR,22.722,75.801,28.0,,58.11
2016-09-06T12:00:00,42754099999,DEVI AHILYABAI HOLKAR,22.722,75.801,28.0,1005.7,64.57
2016-09-06T12:00:00,42754099999,DEVI AHILYABAI HOLKAR,22.722,75.801,28.0,,65.77
2016-09-06T15:00:00,42754099999,DEVI AHILYABAI HOLKAR,22.722,75.801,24.6,1007.3,82.39
2016-09-06T15:00:00,42754099999,DEVI AHILYABAI HOLKAR,22.722,75.801,25.0,,78.5
2016-09-06T18:00:00,42754099999,DEVI AHILYABAI HOLKAR,22.722,75.801,23.2,1008.3,89.63
2016-09-06T18:00:00,42754099999,DEVI AHILYABAI HOLKAR,22.722,75.801,23.0,,88.52
2016-09-06T21:00:00,42754099999,DEVI AHILYABAI HOLKAR,22.722,75.801,22.8,1006.6,86.35
2016-09-06T21:00:00,42754099999,DEVI AHILYABAI HOLKAR,22.722,75.801,23.0,,83.22
2016-09-06T23:00:00,42754099999,DEVI AHILYABAI HOLKAR,22.722,75.801,23.0,,83.22
2016-09-07T00:00:00,42754099999,DEVI AHILYABAI HOLKAR,22.722,75.801,22.4,1007.0,87.92
2016-09-07T00:00:00,42754099999,DEVI AHILYABAI HOLKAR,22.722,75.801,22.0,,88.44
2016-09-07T01:00:00,42754099999,DEVI AHILYABAI HOLKAR,22.722,75.801,22.0,,88.44
2016-09-07T02:00:00,42754099999,DEVI AHILYABAI HOLKAR,22.722,75.801,22.0,,83.11
2016-09-07T03:00:00,42754099999,DEVI AHILYABAI HOLKAR,22.722,75.801,23.0,1009.0,89.61
2016-09-07T03:00:00,42754099999,DEVI AHILYABAI HOLKAR,22.722,75.801,23.0,,88.52
2016-09-07T06:00:00,42754099999,DEVI AHILYABAI HOLKAR,22.722,75.801,26.4,1008.6,70.05
2016-09-07T06:00:00,42754099999,DEVI AHILYABAI HOLKAR,22.722,75.801,26.0,,73.97
2016-09-07T08:00:00,42754099999,DEVI AHILYABAI HOLKAR,22.722,75.801,28.0,,65.77
2016-09-07T09:00:00,42754099999,DEVI AHILYABAI HOLKAR,22.722,75.801,29.0,1005.5,57.99
2016-09-07T09:00:00,42754099999,DEVI AHILYABAI HOLKAR,22.722,75.801,29.0,,58.35
2016-09-07T10:00:00,42754099999,DEVI AHILYABAI HOLKAR,22.722,75.801,29.0,,58.35
2016-09-07T11:00:00,42754099999,DEVI AHILYABAI HOLKAR,22.722,75.801,29.0,,58.35
2016-09-07T12:00:00,42754099999,DEVI AHILYABAI HOLKAR,22.722,75.801,28.4,1004.3,59.67
2016-09-07T12:00:00,42754099999,DEVI AHILYABAI HOLKAR,22.722,75.801,28.0,,61.84
2016-09-07T13:30:00,42754099999,DEVI AHILYABAI HOLKAR,22.722,75.801,26.0,,73.97
2016-09-07T14:00:00,42754099999,DEVI AHILYABAI HOLKAR,22.722,75.801,25.0,,78.5
2016-09-07T15:00:00,42754099999,DEVI AHILYABAI HOLKAR,22.722,75.801,24.6,1006.4,79.41
2016-09-07T15:00:00,42754099999,DEVI AHILYABAI HOLKAR,22.722,75.801,25.0,,78.5
2016-09-07T18:00:00,42754099999,DEVI AHILYABAI HOLKAR,22.722,75.801,23.6,1007.2,78.78
2016-09-07T18:00:00,42754099999,DEVI AHILYABAI HOLKAR,22.722,75.801,24.0,,78.35
2016-09-07T21:00:00,42754099999,DEVI AHILYABAI HOLKAR,22.722,75.801,23.0,1005.7,80.18
2016-09-07T21:00:00,42754099999,DEVI AHILYABAI HOLKAR,22.722,75.801,23.0,,78.21
2016-09-08T00:00:00,42754099999,DEVI AHILYABAI HOLKAR,22.722,75.801,22.0,1006.4,83.11
2016-09-08T00:00:00,42754099999,DEVI AHILYABAI HOLKAR,22.722,75.801,22.0,,83.11
2016-09-08T03:00:00,42754099999,DEVI AHILYABAI HOLKAR,22.722,75.801,23.0,1009.3,91.27
2016-09-08T03:00:00,42754099999,DEVI AHILYABAI HOLKAR,22.722,75.801,23.0,,88.52
2016-09-08T06:00:00,42754099999,DEVI AHILYABAI HOLKAR,22.722,75.801,27.0,1009.0,69.31
2016-09-08T06:00:00,42754099999,DEVI AHILYABAI HOLKAR,22.722,75.801,27.0,,69.74
2016-09-08T09:00:00,42754099999,DEVI AHILYABAI HOLKAR,22.722,75.801,29.4,1006.3,59.53
2016-09-08T09:00:00,42754099999,DEVI AHILYABAI HOLKAR,22.722,75.801,29.0,,62.06
2016-09-08T12:00:00,42754099999,DEVI AHILYABAI HOLKAR,22.722,75.801,29.4,1005.2,60.64
2016-09-08T12:00:00,42754099999,DEVI AHILYABAI HOLKAR,22.722,75.801,29.0,,62.06
2016-09-08T15:00:00,42754099999,DEVI AHILYABAI HOLKAR,22.722,75.801,25.0,1007.7,80.94
2016-09-08T15:00:00,42754099999,DEVI AHILYABAI HOLKAR,22.722,75.801,25.0,,78.5
2016-09-08T18:00:00,42754099999,DEVI AHILYABAI HOLKAR,22.722,75.801,24.0,1008.6,83.85
2016-09-08T18:00:00,42754099999,DEVI AHILYABAI HOLKAR,22.722,75.801,24.0,,83.34
2016-09-08T21:00:00,42754099999,DEVI AHILYABAI HOLKAR,22.722,75.801,23.4,1006.8,81.74
2016-09-08T21:00:00,42754099999,DEVI AHILYABAI HOLKAR,22.722,75.801,23.0,,83.22
2016-09-09T00:00:00,42754099999,DEVI AHILYABAI HOLKAR,22.722,75.801,22.4,1007.2,87.92
2016-09-09T00:00:00,42754099999,DEVI AHILYABAI HOLKAR,22.722,75.801,22.0,,88.44
2016-09-09T03:00:00,42754099999,DEVI AHILYABAI HOLKAR,22.722,75.801,23.6,1010.8,91.87
2016-09-09T03:00:00,42754099999,DEVI AHILYABAI HOLKAR,22.722,75.801,24.0,,88.6
2016-09-09T06:00:00,42754099999,DEVI AHILYABAI HOLKAR,22.722,75.801,27.0,1010.4,69.31
2016-09-09T06:00:00,42754099999,DEVI AHILYABAI HOLKAR,22.722,75.801,27.0,,69.74
2016-09-09T09:00:00,42754099999,DEVI AHILYABAI HOLKAR,22.722,75.801,30.0,1007.3,56.46
2016-09-09T09:00:00,42754099999,DEVI AHILYABAI HOLKAR,22.722,75.801,30.0,,55.08
2016-09-09T10:00:00,42754099999,DEVI AHILYABAI HOLKAR,22.722,75.801,30.0,,55.08
2016-09-09T12:00:00,42754099999,DEVI AHILYABAI HOLKAR,22.722,75.801,30.0,1005.8,50.8
2016-09-09T12:00:00,42754099999,DEVI AHILYABAI HOLKAR,22.722,75.801,30.0,,51.76
2016-09-09T13:00:00,42754099999,DEVI AHILYABAI HOLKAR,22.722,75.801,28.0,,65.77
2016-09-09T15:00:00,42754099999,DEVI AHILYABAI HOLKAR,22.722,75.801,26.0,1008.0,77.21
2016-09-09T15:00:00,42754099999,DEVI AHILYABAI HOLKAR,22.722,75.801,26.0,,78.64
2016-09-09T18:00:00,42754099999,DEVI AHILYABAI HOLKAR,22.722,75.801,24.2,1008.9,85.43
2016-09-09T18:00:00,42754099999,DEVI AHILYABAI HOLKAR,22.722,75.801,24.0,,88.6
2016-09-09T21:00:00,42754099999,DEVI AHILYABAI HOLKAR,22.722,75.801,23.4,1007.2,88.01
2016-09-09T21:00:00,42754099999,DEVI AHILYABAI HOLKAR,22.722,75.801,23.0,,88.52
2016-09-09T23:00:00,42754099999,DEVI AHILYABAI HOLKAR,22.722,75.801,23.0,,88.52
2016-09-10T00:00:00,42754099999,DEVI AHILYABAI HOLKAR,22.722,75.801,22.6,1008.3,86.33
2016-09-10T00:00:00,42754099999,DEVI AHILYABAI HOLKAR,22.722,75.801,23.0,,83.22
2016-09-10T01:00:00,42754099999,DEVI AHILYABAI HOLKAR,22.722,75.801,22.0,,94.06
2016-09-10T02:00:00,42754099999,DEVI AHILYABAI HOLKAR,22.722,75.801,23.0,,94.11
2016-09-10T03:00:00,42754099999,DEVI AHILYABAI HOLKAR,22.722,75.801,23.2,1010.1,91.29
2016-09-10T03:00:00,42754099999,DEVI AHILYABAI HOLKAR,22.722,75.801,23.0,,94.11
2016-09-10T04:00:00,42754099999,DEVI AHILYABAI HOLKAR,22.722,75.801,25.0,,83.45
2016-09-10T05:00:00,42754099999,DEVI AHILYABAI HOLKAR,22.722,75.801,26.0,,78.64
2016-09-10T06:00:00,42754099999,DEVI AHILYABAI HOLKAR,22.722,75.801,28.0,1009.5,65.77
2016-09-10T06:00:00,42754099999,DEVI AHILYABAI HOLKAR,22.722,75.801,28.0,,65.77
2016-09-10T07:00:00,42754099999,DEVI AHILYABAI HOLKAR,22.722,75.801,29.0,,58.35
2016-09-10T09:00:00,42754099999,DEVI AHILYABAI HOLKAR,22.722,75.801,29.8,1006.2,56.06
2016-09-10T09:00:00,42754099999,DEVI AHILYABAI HOLKAR,22.722,75.801,30.0,,55.08
2016-09-10T10:00:00,42754099999,DEVI AHILYABAI HOLKAR,22.722,75.801,29.0,,62.06
2016-09-10T11:00:00,42754099999,DEVI AHILYABAI HOLKAR,22.722,75.801,29.0,,58.35
2016-09-10T12:00:00,42754099999,DEVI AHILYABAI HOLKAR,22.722,75.801,29.0,1004.9,57.99
2016-09-10T12:00:00,42754099999,DEVI AHILYABAI HOLKAR,22.722,75.801,29.0,,58.35
2016-09-10T13:00:00,42754099999,DEVI AHILYABAI HOLKAR,22.722,75.801,27.0,,65.56
2016-09-10T15:00:00,42754099999,DEVI AHILYABAI HOLKAR,22.722,75.801,25.6,1007.6,75.28
2016-09-10T15:00:00,42754099999,DEVI AHILYABAI HOLKAR,22.722,75.801,26.0,,73.97
2016-09-10T18:00:00,42754099999,DEVI AHILYABAI HOLKAR,22.722,75.801,24.6,1007.8,79.41
2016-09-10T18:00:00,42754099999,DEVI AHILYABAI HOLKAR,22.722,75.801,25.0,,78.5
2016-09-10T21:00:00,42754099999,DEVI AHILYABAI HOLKAR,22.722,75.801,23.0,1006.7,83.22
2016-09-11T00:00:00,42754099999,DEVI AHILYABAI HOLKAR,22.722,75.801,22.4,1007.0,87.92
2016-09-11T00:00:00,42754099999,DEVI AHILYABAI HOLKAR,22.722,75.801,22.0,,88.44
2016-09-11T03:00:00,42754099999,DEVI AHILYABAI HOLKAR,22.722,75.801,23.0,1008.8,94.68
2016-09-11T03:00:00,42754099999,DEVI AHILYABAI HOLKAR,22.722,75.801,23.0,,94.11
2016-09-11T04:30:00,42754099999,DEVI AHILYABAI HOLKAR,22.722,75.801,26.0,,78.64
2016-09-11T05:00:00,42754099999,DEVI AHILYABAI HOLKAR,22.722,75.801,26.0,,78.64
2016-09-11T06:00:00,42754099999,DEVI AHILYABAI HOLKAR,22.722,75.801,27.8,1007.7,65.73
2016-09-11T06:00:00,42754099999,DEVI AHILYABAI HOLKAR,22.722,75.801,28.0,,65.77
2016-09-11T07:00:00,42754099999,DEVI AHILYABAI HOLKAR,22.722,75.801,28.0,,65.77
2016-09-11T08:00:00,42754099999,DEVI AHILYABAI HOLKAR,22.722,75.801,30.0,,55.08
2016-09-11T09:00:00,42754099999,DEVI AHILYABAI HOLKAR,22.722,75.801,30.0,1004.6,54.06
2016-09-11T09:00:00,42754099999,DEVI AHILYABAI HOLKAR,22.722,75.801,30.0,,55.08
2016-09-11T12:00:00,42754099999,DEVI AHILYABAI HOLKAR,22.722,75.801,30.0,1003.1,57.51
2016-09-11T12:00:00,42754099999,DEVI AHILYABAI HOLKAR,22.722,75.801,30.0,,58.58
2016-09-11T15:00:00,42754099999,DEVI AHILYABAI HOLKAR,22.722,75.801,25.4,1005.8,76.65
2016-09-11T15:00:00,42754099999,DEVI AHILYABAI HOLKAR,22.722,75.801,25.0,,78.5
2016-09-11T18:00:00,42754099999,DEVI AHILYABAI HOLKAR,22.722,75.801,24.0,1006.8,85.41
2016-09-11T18:00:00,42754099999,DEVI AHILYABAI HOLKAR,22.722,75.801,24.0,,83.34
2016-09-11T21:00:00,42754099999,DEVI AHILYABAI HOLKAR,22.722,75.801,23.2,1005.4,86.39
2016-09-11T21:00:00,42754099999,DEVI AHILYABAI HOLKAR,22.722,75.801,23.0,,88.52
2016-09-11T23:00:00,42754099999,DEVI AHILYABAI HOLKAR,22.722,75.801,22.0,,94.06
2016-09-12T00:00:00,42754099999,DEVI AHILYABAI HOLKAR,22.722,75.801,21.8,1006.5,87.87
2016-09-12T00:00:00,42754099999,DEVI AHILYABAI HOLKAR,22.722,75.801,22.0,,88.44
2016-09-12T01:00:00,42754099999,DEVI AHILYABAI HOLKAR,22.722,75.801,21.0,,94.02
2016-09-12T02:00:00,42754099999,DEVI AHILYABAI HOLKAR,22.722,75.801,22.0,,88.44
2016-09-12T03:00:00,42754099999,DEVI AHILYABAI HOLKAR,22.722,75.801,22.2,1008.7,92.92
2016-09-12T03:00:00,42754099999,DEVI AHILYABAI HOLKAR,22.722,75.801,22.0,,94.06
2016-09-12T04:00:00,42754099999,DEVI AHILYABAI HOLKAR,22.722,75.801,24.0,,83.34
2016-09-12T05:00:00,42754099999,DEVI AHILYABAI HOLKAR,22.722,75.801,26.0,,78.64
2016-09-12T06:00:00,42754099999,DEVI AHILYABAI HOLKAR,22.722,75.801,26.8,1007.7,73.2
2016-09-12T06:00:00,42754099999,DEVI AHILYABAI HOLKAR,22.722,75.801,27.0,,74.14
2016-09-12T07:00:00,42754099999,DEVI AHILYABAI HOLKAR,22.722,75.801,28.0,,65.77
2016-09-12T08:00:00,42754099999,DEVI AHILYABAI HOLKAR,22.722,75.801,29.0,,62.06
2016-09-12T09:00:00,42754099999,DEVI AHILYABAI HOLKAR,22.722,75.801,29.8,1004.1,55.03
2016-09-12T09:00:00,42754099999,DEVI AHILYABAI HOLKAR,22.722,75.801,30.0,,55.08
2016-09-12T12:00:00,42754099999,DEVI AHILYABAI HOLKAR,22.722,75.801,30.4,1003.4,52.18
2016-09-12T12:00:00,42754099999,DEVI AHILYABAI HOLKAR,22.722,75.801,30.0,,51.76
2016-09-12T15:00:00,42754099999,DEVI AHILYABAI HOLKAR,22.722,75.801,26.4,1005.8,74.49
2016-09-12T15:00:00,42754099999,DEVI AHILYABAI HOLKAR,22.722,75.801,26.0,,73.97
2016-09-12T18:00:00,42754099999,DEVI AHILYABAI HOLKAR,22.722,75.801,24.2,1007.3,87.01
2016-09-12T18:00:00,42754099999,DEVI AHILYABAI HOLKAR,22.722,75.801,24.0,,88.6
2016-09-12T21:00:00,42754099999,DEVI AHILYABAI HOLKAR,22.722,75.801,23.6,1006.0,88.57
2016-09-12T21:00:00,42754099999,DEVI AHILYABAI HOLKAR,22.722,75.801,24.0,,88.6
2016-09-12T23:00:00,42754099999,DEVI AHILYABAI HOLKAR,22.722,75.801,23.0,,88.52
2016-09-13T00:00:00,42754099999,DEVI AHILYABAI HOLKAR,22.722,75.801,22.6,1006.7,86.33
2016-09-13T00:00:00,42754099999,DEVI AHILYABAI HOLKAR,22.722,75.801,23.0,,83.22
2016-09-13T01:00:00,42754099999,DEVI AHILYABAI HOLKAR,22.722,75.801,23.0,,88.52
2016-09-13T02:00:00,42754099999,DEVI AHILYABAI HOLKAR,22.722,75.801,24.0,,83.34
2016-09-13T03:00:00,42754099999,DEVI AHILYABAI HOLKAR,22.722,75.801,24.4,1008.4,83.9
2016-09-13T03:00:00,42754099999,DEVI AHILYABAI HOLKAR,22.722,75.801,24.0,,83.34
2016-09-13T04:00:00,42754099999,DEVI AHILYABAI HOLKAR,22.722,75.801,27.0,,69.74
2016-09-13T05:00:00,42754099999,DEVI AHILYABAI HOLKAR,22.722,75.801,28.0,,69.92
2016-09-13T06:00:00,42754099999,DEVI AHILYABAI HOLKAR,22.722,75.801,29.4,1007.4,61.77
2016-09-13T06:00:00,42754099999,DEVI AHILYABAI HOLKAR,22.722,75.801,29.0,,62.06
2016-09-13T07:00:00,42754099999,DEVI AHILYABAI HOLKAR,22.722,75.801,30.0,,55.08
2016-09-13T09:00:00,42754099999,DEVI AHILYABAI HOLKAR,22.722,75.801,31.4,1004.7,50.84
2016-09-13T09:00:00,42754099999,DEVI AHILYABAI HOLKAR,22.722,75.801,31.0,,52.01
2016-09-13T10:00:00,42754099999,DEVI AHILYABAI HOLKAR,22.722,75.801,32.0,,46.18
2016-09-13T12:00:00,42754099999,DEVI AHILYABAI HOLKAR,22.722,75.801,31.2,1003.2,48.63
2016-09-13T12:00:00,42754099999,DEVI AHILYABAI HOLKAR,22.722,75.801,31.0,,48.88
2016-09-13T13:30:00,42754099999,DEVI AHILYABAI HOLKAR,22.722,75.801,29.0,,58.35
2016-09-13T14:00:00,42754099999,DEVI AHILYABAI HOLKAR,22.722,75.801,28.0,,65.77
2016-09-13T15:00:00,42754099999,DEVI AHILYABAI HOLKAR,22.722,75.801,27.2,1005.6,69.35
2016-09-13T15:00:00,42754099999,DEVI AHILYABAI HOLKAR,22.722,75.801,27.0,,69.74
2016-09-13T18:00:00,42754099999,DEVI AHILYABAI HOLKAR,22.722,75.801,26.0,1007.0,72.62
2016-09-13T18:00:00,42754099999,DEVI AHILYABAI HOLKAR,22.722,75.801,26.0,,73.97
2016-09-13T21:00:00,42754099999,DEVI AHILYABAI HOLKAR,22.722,75.801,25.0,1005.6,76.59
2016-09-13T21:00:00,42754099999,DEVI AHILYABAI HOLKAR,22.722,75.801,25.0,,78.5
2016-09-14T00:00:00,42754099999,DEVI AHILYABAI HOLKAR,22.722,75.801,24.0,1006.2,78.84
2016-09-14T00:00:00,42754099999,DEVI AHILYABAI HOLKAR,22.722,75.801,24.0,,78.35
2016-09-14T03:00:00,42754099999,DEVI AHILYABAI HOLKAR,22.722,75.801,25.4,1007.3,84.01
2016-09-14T03:00:00,42754099999,DEVI AHILYABAI HOLKAR,22.722,75.801,25.0,,83.45
2016-09-14T04:00:00,42754099999,DEVI AHILYABAI HOLKAR,22.722,75.801,27.0,,74.14
2016-09-14T05:00:00,42754099999,DEVI AHILYABAI HOLKAR,22.722,75.801,29.0,,65.98
2016-09-14T06:00:00,42754099999,DEVI AHILYABAI HOLKAR,22.722,75.801,29.8,1007.0,61.1
2016-09-14T06:00:00,42754099999,DEVI AHILYABAI HOLKAR,22.722,75.801,30.0,,58.58
2016-09-14T07:00:00,42754099999,DEVI AHILYABAI HOLKAR,22.722,75.801,30.0,,62.28
2016-09-14T09:00:00,42754099999,DEVI AHILYABAI HOLKAR,22.722,75.801,31.6,1003.5,56.15
2016-09-14T09:00:00,42754099999,DEVI AHILYABAI HOLKAR,22.722,75.801,31.0,,58.81
2016-09-14T12:00:00,42754099999,DEVI AHILYABAI HOLKAR,22.722,75.801,26.4,1003.6,77.27
2016-09-14T15:00:00,42754099999,DEVI AHILYABAI HOLKAR,22.722,75.801,25.8,1006.2,85.59
2016-09-14T15:00:00,42754099999,DEVI AHILYABAI HOLKAR,22.722,75.801,26.0,,83.57
2016-09-14T18:00:00,42754099999,DEVI AHILYABAI HOLKAR,22.722,75.801,25.4,1006.8,85.55
2016-09-14T18:00:00,42754099999,DEVI AHILYABAI HOLKAR,22.722,75.801,25.0,,88.68
2016-09-14T21:00:00,42754099999,DEVI AHILYABAI HOLKAR,22.722,75.801,25.0,1005.6,85.51
2016-09-14T21:00:00,42754099999,DEVI AHILYABAI HOLKAR,22.722,75.801,25.0,,83.45
2016-09-14T23:00:00,42754099999,DEVI AHILYABAI HOLKAR,22.722,75.801,25.0,,83.45
2016-09-15T00:00:00,42754099999,DEVI AHILYABAI HOLKAR,22.722,75.801,24.0,1006.3,90.23
2016-09-15T00:00:00,42754099999,DEVI AHILYABAI HOLKAR,22.722,75.801,24.0,,88.6
2016-09-15T01:00:00,42754099999,DEVI AHILYABAI HOLKAR,22.722,75.801,24.0,,88.6
2016-09-15T02:00:00,42754099999,DEVI AHILYABAI HOLKAR,22.722,75.801,25.0,,83.45
2016-09-15T03:00:00,42754099999,DEVI AHILYABAI HOLKAR,22.722,75.801,25.6,1006.1,79.55
2016-09-15T03:00:00,42754099999,DEVI AHILYABAI HOLKAR,22.722,75.801,26.0,,78.64
2016-09-15T04:00:00,42754099999,DEVI AHILYABAI HOLKAR,22.722,75.801,29.0,,65.98
2016-09-15T05:00:00,42754099999,DEVI AHILYABAI HOLKAR,22.722,75.801,30.0,,58.58
2016-09-15T06:00:00,42754099999,DEVI AHILYABAI HOLKAR,22.722,75.801,30.4,1005.2,60.87
2016-09-15T06:00:00,42754099999,DEVI AHILYABAI HOLKAR,22.722,75.801,30.0,,62.28
2016-09-15T07:00:00,42754099999,DEVI AHILYABAI HOLKAR,22.722,75.801,31.0,,58.81
2016-09-15T09:00:00,42754099999,DEVI AHILYABAI HOLKAR,22.722,75.801,32.0,1001.3,57.98
2016-09-15T09:00:00,42754099999,DEVI AHILYABAI HOLKAR,22.722,75.801,32.0,,59.04
2016-09-15T12:00:00,42754099999,DEVI AHILYABAI HOLKAR,22.722,75.801,29.8,1000.9,69.42
2016-09-15T12:00:00,42754099999,DEVI AHILYABAI HOLKAR,22.722,75.801,30.0,,70.29
2016-09-15T15:00:00,42754099999,DEVI AHILYABAI HOLKAR,22.722,75.801,26.4,1004.2,77.27
2016-09-15T15:00:00,42754099999,DEVI AHILYABAI HOLKAR,22.722,75.801,26.0,,78.64
2016-09-15T18:00:00,42754099999,DEVI AHILYABAI HOLKAR,22.722,75.801,25.0,1005.5,82.44
2016-09-15T18:00:00,42754099999,DEVI AHILYABAI HOLKAR,22.722,75.801,25.0,,83.45
2016-09-15T21:00:00,42754099999,DEVI AHILYABAI HOLKAR,22.722,75.801,24.6,1004.3,83.92
2016-09-15T21:00:00,42754099999,DEVI AHILYABAI HOLKAR,22.722,75.801,25.0,,83.45
2016-09-15T23:00:00,42754099999,DEVI AHILYABAI HOLKAR,22.722,75.801,24.0,,88.6
2016-09-16T00:00:00,42754099999,DEVI AHILYABAI HOLKAR,22.722,75.801,24.0,1004.7,86.99
2016-09-16T00:00:00,42754099999,DEVI AHILYABAI HOLKAR,22.722,75.801,24.0,,88.6
2016-09-16T01:00:00,42754099999,DEVI AHILYABAI HOLKAR,22.722,75.801,24.0,,94.15
2016-09-16T02:00:00,42754099999,DEVI AHILYABAI HOLKAR,22.722,75.801,24.0,,94.15
2016-09-16T03:00:00,42754099999,DEVI AHILYABAI HOLKAR,22.722,75.801,25.0,1006.0,88.68
2016-09-16T03:00:00,42754099999,DEVI AHILYABAI HOLKAR,22.722,75.801,25.0,,88.68
2016-09-16T04:00:00,42754099999,DEVI AHILYABAI HOLKAR,22.722,75.801,25.0,,94.19
2016-09-16T05:00:00,42754099999,DEVI AHILYABAI HOLKAR,22.722,75.801,26.0,,88.76
2016-09-16T06:00:00,42754099999,DEVI AHILYABAI HOLKAR,22.722,75.801,27.0,1006.1,86.22
2016-09-16T06:00:00,42754099999,DEVI AHILYABAI HOLKAR,22.722,75.801,27.0,,88.84
2016-09-16T07:00:00,42754099999,DEVI AHILYABAI HOLKAR,22.722,75.801,24.0,,100.0
2016-09-16T08:00:00,42754099999,DEVI AHILYABAI HOLKAR,22.722,75.801,31.0,,66.38
2016-09-16T09:00:00,42754099999,DEVI AHILYABAI HOLKAR,22.722,75.801,29.4,1001.8,78.64
2016-09-16T09:00:00,42754099999,DEVI AHILYABAI HOLKAR,22.722,75.801,29.0,,79.06
2016-09-16T12:00:00,42754099999,DEVI AHILYABAI HOLKAR,22.722,75.801,23.6,1003.2,96.44
2016-09-16T12:00:00,42754099999,DEVI AHILYABAI HOLKAR,22.722,75.801,24.0,,94.15
2016-09-16T15:00:00,42754099999,DEVI AHILYABAI HOLKAR,22.722,75.801,23.6,1004.2,94.7
2016-09-16T15:00:00,42754099999,DEVI AHILYABAI HOLKAR,22.722,75.801,24.0,,94.15
2016-09-16T18:00:00,42754099999,DEVI AHILYABAI HOLKAR,22.722,75.801,23.0,1005.1,91.27
2016-09-16T18:00:00,42754099999,DEVI AHILYABAI HOLKAR,22.722,75.801,23.0,,88.52
2016-09-16T21:00:00,42754099999,DEVI AHILYABAI HOLKAR,22.722,75.801,22.6,1003.5,92.94
2016-09-16T21:00:00,42754099999,DEVI AHILYABAI HOLKAR,22.722,75.801,23.0,,88.52
2016-09-17T00:00:00,42754099999,DEVI AHILYABAI HOLKAR,22.722,75.801,22.4,1003.9,94.66
2016-09-17T00:00:00,42754099999,DEVI AHILYABAI HOLKAR,22.722,75.801,22.0,,94.06
2016-09-17T03:00:00,42754099999,DEVI AHILYABAI HOLKAR,22.722,75.801,23.6,1004.6,94.7
2016-09-17T03:00:00,42754099999,DEVI AHILYABAI HOLKAR,22.722,75.801,24.0,,94.15
2016-09-17T06:00:00,42754099999,DEVI AHILYABAI HOLKAR,22.722,75.801,28.4,1004.3,75.27
2016-09-17T06:00:00,42754099999,DEVI AHILYABAI HOLKAR,22.722,75.801,28.0,,78.92
2016-09-17T08:00:00,42754099999,DEVI AHILYABAI HOLKAR,22.722,75.801,29.0,,74.47
2016-09-17T09:00:00,42754099999,DEVI AHILYABAI HOLKAR,22.722,75.801,30.4,1000.9,67.47
2016-09-17T09:00:00,42754099999,DEVI AHILYABAI HOLKAR,22.722,75.801,30.0,,70.29
2016-09-17T10:00:00,42754099999,DEVI AHILYABAI HOLKAR,22.722,75.801,28.0,,78.92
2016-09-17T12:00:00,42754099999,DEVI AHILYABAI HOLKAR,22.722,75.801,26.0,1001.7,86.13
2016-09-17T12:00:00,42754099999,DEVI AHILYABAI HOLKAR,22.722,75.801,26.0,,83.57
2016-09-17T15:00:00,42754099999,DEVI AHILYABAI HOLKAR,22.722,75.801,25.0,1003.9,90.3
2016-09-17T15:00:00,42754099999,DEVI AHILYABAI HOLKAR,22.722,75.801,25.0,,88.68
2016-09-17T18:00:00,42754099999,DEVI AHILYABAI HOLKAR,22.722,75.801,24.4,1005.2,88.63
2016-09-17T18:00:00,42754099999,DEVI AHILYABAI HOLKAR,22.722,75.801,24.0,,88.6
2016-09-17T21:00:00,42754099999,DEVI AHILYABAI HOLKAR,22.722,75.801,24.0,1003.9,90.23
2016-09-17T21:00:00,42754099999,DEVI AHILYABAI HOLKAR,22.722,75.801,24.0,,88.6
2016-09-17T23:00:00,42754099999,DEVI AHILYABAI HOLKAR,22.722,75.801,24.0,,88.6
2016-09-18T00:00:00,42754099999,DEVI AHILYABAI HOLKAR,22.722,75.801,23.4,1004.4,88.01
2016-09-18T00:00:00,42754099999,DEVI AHILYABAI HOLKAR,22.722,75.801,23.0,,88.52
2016-09-18T01:00:00,42754099999,DEVI AHILYABAI HOLKAR,22.722,75.801,23.0,,94.11
2016-09-18T02:00:00,42754099999,DEVI AHILYABAI HOLKAR,22.722,75.801,24.0,,94.15
2016-09-18T03:00:00,42754099999,DEVI AHILYABAI HOLKAR,22.722,75.801,24.8,1005.5,87.06
2016-09-18T03:00:00,42754099999,DEVI AHILYABAI HOLKAR,22.722,75.801,25.0,,88.68
2016-09-18T06:00:00,42754099999,DEVI AHILYABAI HOLKAR,22.722,75.801,30.2,1004.6,71.18
2016-09-18T06:00:00,42754099999,DEVI AHILYABAI HOLKAR,22.722,75.801,30.0,,70.29
2016-09-18T07:00:00,42754099999,DEVI AHILYABAI HOLKAR,22.722,75.801,30.0,,70.29
2016-09-18T09:00:00,42754099999,DEVI AHILYABAI HOLKAR,22.722,75.801,31.4,1001.4,64.5
2016-09-18T09:00:00,42754099999,DEVI AHILYABAI HOLKAR,22.722,75.801,31.0,,66.38
2016-09-18T12:00:00,42754099999,DEVI AHILYABAI HOLKAR,22.722,75.801,28.4,1001.3,64.65
2016-09-18T12:00:00,42754099999,DEVI AHILYABAI HOLKAR,22.722,75.801,28.0,,65.77
2016-09-18T13:00:00,42754099999,DEVI AHILYABAI HOLKAR,22.722,75.801,26.0,,83.57
2016-09-18T15:00:00,42754099999,DEVI AHILYABAI HOLKAR,22.722,75.801,25.0,1004.9,88.68
2016-09-18T15:00:00,42754099999,DEVI AHILYABAI HOLKAR,22.722,75.801,25.0,,88.68
2016-09-18T18:00:00,42754099999,DEVI AHILYABAI HOLKAR,22.722,75.801,24.4,1005.4,93.6
2016-09-18T18:00:00,42754099999,DEVI AHILYABAI HOLKAR,22.722,75.801,24.0,,94.15
2016-09-18T21:00:00,42754099999,DEVI AHILYABAI HOLKAR,22.722,75.801,24.0,1004.3,94.72
2016-09-19T00:00:00,42754099999,DEVI AHILYABAI HOLKAR,22.722,75.801,24.0,1005.0,94.72
2016-09-19T00:00:00,42754099999,DEVI AHILYABAI HOLKAR,22.722,75.801,24.0,,94.15
2016-09-19T02:00:00,42754099999,DEVI AHILYABAI HOLKAR,22.722,75.801,24.0,,94.15
2016-09-19T03:00:00,42754099999,DEVI AHILYABAI HOLKAR,22.722,75.801,24.8,1006.0,93.62
2016-09-19T03:00:00,42754099999,DEVI AHILYABAI HOLKAR,22.722,75.801,25.0,,94.19
2016-09-19T04:00:00,42754099999,DEVI AHILYABAI HOLKAR,22.722,75.801,26.0,,88.76
2016-09-19T06:00:00,42754099999,DEVI AHILYABAI HOLKAR,22.722,75.801,27.6,1006.1,80.3
2016-09-19T06:00:00,42754099999,DEVI AHILYABAI HOLKAR,22.722,75.801,28.0,,78.92
2016-09-19T07:00:00,42754099999,DEVI AHILYABAI HOLKAR,22.722,75.801,29.0,,74.47
2016-09-19T08:00:00,42754099999,DEVI AHILYABAI HOLKAR,22.722,75.801,28.0,,78.92
2016-09-19T09:00:00,42754099999,DEVI AHILYABAI HOLKAR,22.722,75.801,28.2,1003.0,76.61
2016-09-19T09:00:00,42754099999,DEVI AHILYABAI HOLKAR,22.722,75.801,28.0,,78.92
2016-09-19T10:00:00,42754099999,DEVI AHILYABAI HOLKAR,22.722,75.801,28.0,,78.92
2016-09-19T11:00:00,42754099999,DEVI AHILYABAI HOLKAR,22.722,75.801,24.0,,94.15
2016-09-19T12:00:00,42754099999,DEVI AHILYABAI HOLKAR,22.722,75.801,23.4,1003.7,96.44
2016-09-19T12:00:00,42754099999,DEVI AHILYABAI HOLKAR,22.722,75.801,23.0,,100.0
2016-09-19T13:30:00,42754099999,DEVI AHILYABAI HOLKAR,22.722,75.801,23.0,,100.0
2016-09-19T14:00:00,42754099999,DEVI AHILYABAI HOLKAR,22.722,75.801,23.0,,100.0
2016-09-19T15:00:00,42754099999,DEVI AHILYABAI HOLKAR,22.722,75.801,23.4,1005.3,92.98
2016-09-19T15:00:00,42754099999,DEVI AHILYABAI HOLKAR,22.722,75.801,23.0,,94.11
2016-09-19T18:00:00,42754099999,DEVI AHILYABAI HOLKAR,22.722,75.801,23.0,1006.6,94.68
2016-09-19T18:00:00,42754099999,DEVI AHILYABAI HOLKAR,22.722,75.801,23.0,,94.11
2016-09-19T21:00:00,42754099999,DEVI AHILYABAI HOLKAR,22.722,75.801,22.6,1005.1,94.67
2016-09-19T21:00:00,42754099999,DEVI AHILYABAI HOLKAR,22.722,75.801,23.0,,94.11
2016-09-20T00:00:00,42754099999,DEVI AHILYABAI HOLKAR,22.722,75.801,22.0,1005.5,92.91
2016-09-20T00:00:00,42754099999,DEVI AHILYABAI HOLKAR,22.722,75.801,22.0,,94.06
2016-09-20T03:00:00,42754099999,DEVI AHILYABAI HOLKAR,22.722,75.801,24.0,1006.6,94.72
2016-09-20T03:00:00,42754099999,DEVI AHILYABAI HOLKAR,22.722,75.801,24.0,,94.15
2016-09-20T06:00:00,42754099999,DEVI AHILYABAI HOLKAR,22.722,75.801,26.0,1006.8,84.58
2016-09-20T06:00:00,42754099999,DEVI AHILYABAI HOLKAR,22.722,75.801,26.0,,83.57
2016-09-20T09:00:00,42754099999,DEVI AHILYABAI HOLKAR,22.722,75.801,29.8,1002.9,69.42
2016-09-20T09:00:00,42754099999,DEVI AHILYABAI HOLKAR,22.722,75.801,30.0,,70.29
2016-09-20T11:00:00,42754099999,DEVI AHILYABAI HOLKAR,22.722,75.801,30.0,,66.18
2016-09-20T12:00:00,42754099999,DEVI AHILYABAI HOLKAR,22.722,75.801,29.6,1001.6,69.38
2016-09-20T12:00:00,42754099999,DEVI AHILYABAI HOLKAR,22.722,75.801,30.0,,66.18
2016-09-20T13:00:00,42754099999,DEVI AHILYABAI HOLKAR,22.722,75.801,22.0,,88.44
2016-09-20T14:00:00,42754099999,DEVI AHILYABAI HOLKAR,22.722,75.801,22.0,,94.06
2016-09-20T15:00:00,42754099999,DEVI AHILYABAI HOLKAR,22.722,75.801,22.8,1006.5,91.26
2016-09-20T15:00:00,42754099999,DEVI AHILYABAI HOLKAR,22.722,75.801,23.0,,88.52
2016-09-20T18:00:00,42754099999,DEVI AHILYABAI HOLKAR,22.722,75.801,22.4,1006.7,94.66
2016-09-20T18:00:00,42754099999,DEVI AHILYABAI HOLKAR,22.722,75.801,22.0,,94.06
2016-09-20T21:00:00,42754099999,DEVI AHILYABAI HOLKAR,22.722,75.801,22.2,1005.1,94.65
2016-09-20T21:00:00,42754099999,DEVI AHILYABAI HOLKAR,22.722,75.801,22.0,,94.06
2016-09-21T00:00:00,42754099999,DEVI AHILYABAI HOLKAR,22.722,75.801,22.0,1005.9,98.79
2016-09-21T00:00:00,42754099999,DEVI AHILYABAI HOLKAR,22.722,75.801,22.0,,100.0
2016-09-21T01:00:00,42754099999,DEVI AHILYABAI HOLKAR,22.722,75.801,22.0,,100.0
2016-09-21T03:00:00,42754099999,DEVI AHILYABAI HOLKAR,22.722,75.801,24.0,1007.6,94.72
2016-09-21T03:00:00,42754099999,DEVI AHILYABAI HOLKAR,22.722,75.801,24.0,,94.15
2016-09-21T04:00:00,42754099999,DEVI AHILYABAI HOLKAR,22.722,75.801,25.0,,88.68
2016-09-21T05:00:00,42754099999,DEVI AHILYABAI HOLKAR,22.722,75.801,27.0,,78.78
2016-09-21T06:00:00,42754099999,DEVI AHILYABAI HOLKAR,22.722,75.801,28.0,1007.2,76.58
2016-09-21T06:00:00,42754099999,DEVI AHILYABAI HOLKAR,22.722,75.801,28.0,,74.3
2016-09-21T09:00:00,42754099999,DEVI AHILYABAI HOLKAR,22.722,75.801,30.2,1003.4,68.66
2016-09-21T09:00:00,42754099999,DEVI AHILYABAI HOLKAR,22.722,75.801,30.0,,70.29
2016-09-21T12:00:00,42754099999,DEVI AHILYABAI HOLKAR,22.722,75.801,23.6,1004.9,96.44
2016-09-21T12:00:00,42754099999,DEVI AHILYABAI HOLKAR,22.722,75.801,24.0,,94.15
2016-09-21T13:00:00,42754099999,DEVI AHILYABAI HOLKAR,22.722,75.801,24.0,,94.15
2016-09-21T15:00:00,42754099999,DEVI AHILYABAI HOLKAR,22.722,75.801,23.4,1007.3,92.98
2016-09-21T15:00:00,42754099999,DEVI AHILYABAI HOLKAR,22.722,75.801,23.0,,94.11
2016-09-21T18:00:00,42754099999,DEVI AHILYABAI HOLKAR,22.722,75.801,23.2,1007.3,92.97
2016-09-21T18:00:00,42754099999,DEVI AHILYABAI HOLKAR,22.722,75.801,23.0,,94.11
2016-09-21T21:00:00,42754099999,DEVI AHILYABAI HOLKAR,22.722,75.801,23.0,1005.8,92.96
2016-09-21T21:00:00,42754099999,DEVI AHILYABAI HOLKAR,22.722,75.801,23.0,,94.11
2016-09-21T23:00:00,42754099999,DEVI AHILYABAI HOLKAR,22.722,75.801,23.0,,94.11
2016-09-22T00:00:00,42754099999,DEVI AHILYABAI HOLKAR,22.722,75.801,22.8,1006.2,92.95
2016-09-22T00:00:00,42754099999,DEVI AHILYABAI HOLKAR,22.722,75.801,22.0,,100.0
2016-09-22T01:00:00,42754099999,DEVI AHILYABAI HOLKAR,22.722,75.801,23.0,,94.11
2016-09-22T02:00:00,42754099999,DEVI AHILYABAI HOLKAR,22.722,75.801,23.0,,100.0
2016-09-22T03:00:00,42754099999,DEVI AHILYABAI HOLKAR,22.722,75.801,25.4,1008.0,84.01
2016-09-22T03:00:00,42754099999,DEVI AHILYABAI HOLKAR,22.722,75.801,25.0,,88.68
2016-09-22T04:00:00,42754099999,DEVI AHILYABAI HOLKAR,22.722,75.801,26.0,,83.57
2016-09-22T05:00:00,42754099999,DEVI AHILYABAI HOLKAR,22.722,75.801,28.0,,74.3
2016-09-22T06:00:00,42754099999,DEVI AHILYABAI HOLKAR,22.722,75.801,29.2,1007.4,68.88
2016-09-22T06:00:00,42754099999,DEVI AHILYABAI HOLKAR,22.722,75.801,29.0,,70.11
2016-09-22T07:00:00,42754099999,DEVI AHILYABAI HOLKAR,22.722,75.801,30.0,,66.18
2016-09-22T08:00:00,42754099999,DEVI AHILYABAI HOLKAR,22.722,75.801,31.0,,62.5
2016-09-22T09:00:00,42754099999,DEVI AHILYABAI HOLKAR,22.722,75.801,31.2,1003.8,62.92
2016-09-22T09:00:00,42754099999,DEVI AHILYABAI HOLKAR,22.722,75.801,31.0,,62.5
2016-09-22T11:00:00,42754099999,DEVI AHILYABAI HOLKAR,22.722,75.801,30.0,,66.18
2016-09-22T12:00:00,42754099999,DEVI AHILYABAI HOLKAR,22.722,75.801,29.6,1003.6,68.13
2016-09-22T12:00:00,42754099999,DEVI AHILYABAI HOLKAR,22.722,75.801,30.0,,66.18
2016-09-22T13:00:00,42754099999,DEVI AHILYABAI HOLKAR,22.722,75.801,29.0,,70.11
2016-09-22T15:00:00,42754099999,DEVI AHILYABAI HOLKAR,22.722,75.801,28.0,1006.1,77.98
2016-09-22T15:00:00,42754099999,DEVI AHILYABAI HOLKAR,22.722,75.801,28.0,,78.92
2016-09-22T18:00:00,42754099999,DEVI AHILYABAI HOLKAR,22.722,75.801,27.2,1006.7,78.81
2016-09-22T18:00:00,42754099999,DEVI AHILYABAI HOLKAR,22.722,75.801,27.0,,78.78
2016-09-22T21:00:00,42754099999,DEVI AHILYABAI HOLKAR,22.722,75.801,26.4,1005.4,81.61
2016-09-22T21:00:00,42754099999,DEVI AHILYABAI HOLKAR,22.722,75.801,26.0,,83.57
2016-09-23T00:00:00,42754099999,DEVI AHILYABAI HOLKAR,22.722,75.801,25.0,1006.1,88.68
2016-09-23T00:00:00,42754099999,DEVI AHILYABAI HOLKAR,22.722,75.801,25.0,,88.68
2016-09-23T03:00:00,42754099999,DEVI AHILYABAI HOLKAR,22.722,75.801,25.0,1006.6,91.95
2016-09-23T03:00:00,42754099999,DEVI AHILYABAI HOLKAR,22.722,75.801,25.0,,94.19
2016-09-23T04:00:00,42754099999,DEVI AHILYABAI HOLKAR,22.722,75.801,27.0,,83.68
2016-09-23T05:00:00,42754099999,DEVI AHILYABAI HOLKAR,22.722,75.801,28.0,,78.92
2016-09-23T06:00:00,42754099999,DEVI AHILYABAI HOLKAR,22.722,75.801,29.4,1005.2,69.34
2016-09-23T06:00:00,42754099999,DEVI AHILYABAI HOLKAR,22.722,75.801,29.0,,70.11
2016-09-23T07:00:00,42754099999,DEVI AHILYABAI HOLKAR,22.722,75.801,31.0,,62.5
2016-09-23T08:00:00,42754099999,DEVI AHILYABAI HOLKAR,22.722,75.801,31.0,,62.5
2016-09-23T09:00:00,42754099999,DEVI AHILYABAI HOLKAR,22.722,75.801,31.8,1001.3,57.93
2016-09-23T09:00:00,42754099999,DEVI AHILYABAI HOLKAR,22.722,75.801,32.0,,59.04
2016-09-23T10:00:00,42754099999,DEVI AHILYABAI HOLKAR,22.722,75.801,32.0,,59.04
2016-09-23T12:00:00,42754099999,DEVI AHILYABAI HOLKAR,22.722,75.801,31.2,999.6,55.03
2016-09-23T12:00:00,42754099999,DEVI AHILYABAI HOLKAR,22.722,75.801,31.0,,55.32
2016-09-23T13:30:00,42754099999,DEVI AHILYABAI HOLKAR,22.722,75.801,29.0,,65.98
2016-09-23T14:00:00,42754099999,DEVI AHILYABAI HOLKAR,22.722,75.801,29.0,,65.98
2016-09-23T15:00:00,42754099999,DEVI AHILYABAI HOLKAR,22.722,75.801,28.0,1003.1,72.52
2016-09-23T15:00:00,42754099999,DEVI AHILYABAI HOLKAR,22.722,75.801,28.0,,74.3
2016-09-23T18:00:00,42754099999,DEVI AHILYABAI HOLKAR,22.722,75.801,26.2,1003.4,78.67
2016-09-23T18:00:00,42754099999,DEVI AHILYABAI HOLKAR,22.722,75.801,26.0,,78.64
2016-09-23T21:00:00,42754099999,DEVI AHILYABAI HOLKAR,22.722,75.801,25.6,1002.1,79.55
2016-09-23T21:00:00,42754099999,DEVI AHILYABAI HOLKAR,22.722,75.801,26.0,,78.64
2016-09-24T00:00:00,42754099999,DEVI AHILYABAI HOLKAR,22.722,75.801,23.6,1003.3,88.57
2016-09-24T00:00:00,42754099999,DEVI AHILYABAI HOLKAR,22.722,75.801,24.0,,88.6
2016-09-24T02:00:00,42754099999,DEVI AHILYABAI HOLKAR,22.722,75.801,24.0,,88.6
2016-09-24T03:00:00,42754099999,DEVI AHILYABAI HOLKAR,22.722,75.801,25.4,1004.4,84.01
2016-09-24T03:00:00,42754099999,DEVI AHILYABAI HOLKAR,22.722,75.801,25.0,,88.68
2016-09-24T04:00:00,42754099999,DEVI AHILYABAI HOLKAR,22.722,75.801,28.0,,74.3
2016-09-24T05:00:00,42754099999,DEVI AHILYABAI HOLKAR,22.722,75.801,29.0,,65.98
2016-09-24T06:00:00,42754099999,DEVI AHILYABAI HOLKAR,22.722,75.801,30.6,1003.2,56.95
2016-09-24T06:00:00,42754099999,DEVI AHILYABAI HOLKAR,22.722,75.801,31.0,,55.32
2016-09-24T07:00:00,42754099999,DEVI AHILYABAI HOLKAR,22.722,75.801,32.0,,52.27
2016-09-24T09:00:00,42754099999,DEVI AHILYABAI HOLKAR,22.722,75.801,32.6,999.8,46.63
2016-09-24T09:00:00,42754099999,DEVI AHILYABAI HOLKAR,22.722,75.801,33.0,,46.44
2016-09-24T12:00:00,42754099999,DEVI AHILYABAI HOLKAR,22.722,75.801,32.0,998.9,50.37
2016-09-24T12:00:00,42754099999,DEVI AHILYABAI HOLKAR,22.722,75.801,32.0,,49.14
2016-09-24T15:00:00,42754099999,DEVI AHILYABAI HOLKAR,22.722,75.801,28.4,1001.1,67.48
2016-09-24T15:00:00,42754099999,DEVI AHILYABAI HOLKAR,22.722,75.801,28.0,,69.92
2016-09-24T18:00:00,42754099999,DEVI AHILYABAI HOLKAR,22.722,75.801,26.4,1002.8,75.87
2016-09-24T18:00:00,42754099999,DEVI AHILYABAI HOLKAR,22.722,75.801,26.0,,78.64
2016-09-24T21:00:00,42754099999,DEVI AHILYABAI HOLKAR,22.722,75.801,25.8,1001.4,78.61
2016-09-24T21:00:00,42754099999,DEVI AHILYABAI HOLKAR,22.722,75.801,26.0,,78.64
2016-09-25T00:00:00,42754099999,DEVI AHILYABAI HOLKAR,22.722,75.801,23.4,1002.2,91.86
2016-09-25T00:00:00,42754099999,DEVI AHILYABAI HOLKAR,22.722,75.801,23.0,,94.11
2016-09-25T02:00:00,42754099999,DEVI AHILYABAI HOLKAR,22.722,75.801,24.0,,83.34
2016-09-25T03:00:00,42754099999,DEVI AHILYABAI HOLKAR,22.722,75.801,24.2,1005.2,78.87
2016-09-25T03:00:00,42754099999,DEVI AHILYABAI HOLKAR,22.722,75.801,24.0,,78.35
2016-09-25T06:00:00,42754099999,DEVI AHILYABAI HOLKAR,22.722,75.801,29.4,1004.1,62.91
2016-09-25T06:00:00,42754099999,DEVI AHILYABAI HOLKAR,22.722,75.801,29.0,,65.98
2016-09-25T09:00:00,42754099999,DEVI AHILYABAI HOLKAR,22.722,75.801,31.8,1001.1,54.84
2016-09-25T09:00:00,42754099999,DEVI AHILYABAI HOLKAR,22.722,75.801,32.0,,55.56
2016-09-25T10:00:00,42754099999,DEVI AHILYABAI HOLKAR,22.722,75.801,32.0,,52.27
2016-09-25T11:00:00,42754099999,DEVI AHILYABAI HOLKAR,22.722,75.801,32.0,,55.56
2016-09-25T12:00:00,42754099999,DEVI AHILYABAI HOLKAR,22.722,75.801,29.4,1000.8,54.59
2016-09-25T12:00:00,42754099999,DEVI AHILYABAI HOLKAR,22.722,75.801,29.0,,54.83
2016-09-25T13:00:00,42754099999,DEVI AHILYABAI HOLKAR,22.722,75.801,28.0,,65.77
2016-09-25T15:00:00,42754099999,DEVI AHILYABAI HOLKAR,22.722,75.801,27.0,1004.4,74.59
2016-09-25T15:00:00,42754099999,DEVI AHILYABAI HOLKAR,22.722,75.801,27.0,,74.14
2016-09-25T18:00:00,42754099999,DEVI AHILYABAI HOLKAR,22.722,75.801,26.4,1004.9,74.49
2016-09-25T18:00:00,42754099999,DEVI AHILYABAI HOLKAR,22.722,75.801,26.0,,73.97
2016-09-25T21:00:00,42754099999,DEVI AHILYABAI HOLKAR,22.722,75.801,26.0,1003.4,77.21
2016-09-25T21:00:00,42754099999,DEVI AHILYABAI HOLKAR,22.722,75.801,26.0,,78.64
2016-09-26T00:00:00,42754099999,DEVI AHILYABAI HOLKAR,22.722,75.801,24.6,1004.0,79.41
2016-09-26T00:00:00,42754099999,DEVI AHILYABAI HOLKAR,22.722,75.801,25.0,,78.5
2016-09-26T03:00:00,42754099999,DEVI AHILYABAI HOLKAR,22.722,75.801,25.0,1007.2,87.08
2016-09-26T03:00:00,42754099999,DEVI AHILYABAI HOLKAR,22.722,75.801,25.0,,88.68
2016-09-26T06:00:00,42754099999,DEVI AHILYABAI HOLKAR,22.722,75.801,30.0,1006.2,64.59
2016-09-26T06:00:00,42754099999,DEVI AHILYABAI HOLKAR,22.722,75.801,30.0,,66.18
2016-09-26T07:00:00,42754099999,DEVI AHILYABAI HOLKAR,22.722,75.801,31.0,,58.81
2016-09-26T09:00:00,42754099999,DEVI AHILYABAI HOLKAR,22.722,75.801,31.8,1003.0,53.51
2016-09-26T09:00:00,42754099999,DEVI AHILYABAI HOLKAR,22.722,75.801,32.0,,52.27
2016-09-26T10:00:00,42754099999,DEVI AHILYABAI HOLKAR,22.722,75.801,32.0,,52.27
2016-09-26T11:00:00,42754099999,DEVI AHILYABAI HOLKAR,22.722,75.801,32.0,,52.27
2016-09-26T12:00:00,42754099999,DEVI AHILYABAI HOLKAR,22.722,75.801,31.8,1002.0,48.18
2016-09-26T12:00:00,42754099999,DEVI AHILYABAI HOLKAR,22.722,75.801,32.0,,46.18
2016-09-26T13:30:00,42754099999,DEVI AHILYABAI HOLKAR,22.722,75.801,29.0,,58.35
2016-09-26T14:00:00,42754099999,DEVI AHILYABAI HOLKAR,22.722,75.801,28.0,,61.84
2016-09-26T15:00:00,42754099999,DEVI AHILYABAI HOLKAR,22.722,75.801,27.6,1006.2,65.69
2016-09-26T18:00:00,42754099999,DEVI AHILYABAI HOLKAR,22.722,75.801,25.8,1007.2,88.74
2016-09-26T18:00:00,42754099999,DEVI AHILYABAI HOLKAR,22.722,75.801,26.0,,88.76
2016-09-26T21:00:00,42754099999,DEVI AHILYABAI HOLKAR,22.722,75.801,25.4,1005.7,90.33
2016-09-27T00:00:00,42754099999,DEVI AHILYABAI HOLKAR,22.722,75.801,23.6,1007.1,94.7
2016-09-27T00:00:00,42754099999,DEVI AHILYABAI HOLKAR,22.722,75.801,24.0,,94.15
2016-09-27T01:00:00,42754099999,DEVI AHILYABAI HOLKAR,22.722,75.801,23.0,,94.11
2016-09-27T02:00:00,42754099999,DEVI AHILYABAI HOLKAR,22.722,75.801,24.0,,94.15
2016-09-27T03:00:00,42754099999,DEVI AHILYABAI HOLKAR,22.722,75.801,25.2,1008.5,87.1
2016-09-27T03:00:00,42754099999,DEVI AHILYABAI HOLKAR,22.722,75.801,25.0,,88.68
2016-09-27T05:00:00,42754099999,DEVI AHILYABAI HOLKAR,22.722,75.801,29.0,,70.11
2016-09-27T06:00:00,42754099999,DEVI AHILYABAI HOLKAR,22.722,75.801,31.0,1006.7,59.54
2016-09-27T06:00:00,42754099999,DEVI AHILYABAI HOLKAR,22.722,75.801,31.0,,58.81
2016-09-27T08:00:00,42754099999,DEVI AHILYABAI HOLKAR,22.722,75.801,32.0,,49.14
2016-09-27T09:00:00,42754099999,DEVI AHILYABAI HOLKAR,22.722,75.801,32.2,1003.4,49.5
2016-09-27T09:00:00,42754099999,DEVI AHILYABAI HOLKAR,22.722,75.801,32.0,,49.14
2016-09-27T12:00:00,42754099999,DEVI AHILYABAI HOLKAR,22.722,75.801,31.2,1002.8,50.79
2016-09-27T12:00:00,42754099999,DEVI AHILYABAI HOLKAR,22.722,75.801,31.0,,52.01
2016-09-27T15:00:00,42754099999,DEVI AHILYABAI HOLKAR,22.722,75.801,24.7,1006.0,72.39
2016-09-27T18:00:00,42754099999,DEVI AHILYABAI HOLKAR,22.722,75.801,26.2,1007.5,65.81
2016-09-27T18:00:00,42754099999,DEVI AHILYABAI HOLKAR,22.722,75.801,26.0,,65.36
2016-09-27T21:00:00,42754099999,DEVI AHILYABAI HOLKAR,22.722,75.801,24.4,1006.5,71.89
2016-09-27T21:00:00,42754099999,DEVI AHILYABAI HOLKAR,22.722,75.801,24.0,,73.63
2016-09-27T23:00:00,42754099999,DEVI AHILYABAI HOLKAR,22.722,75.801,24.0,,73.63
2016-09-28T00:00:00,42754099999,DEVI AHILYABAI HOLKAR,22.722,75.801,23.6,1007.1,81.77
2016-09-28T00:00:00,42754099999,DEVI AHILYABAI HOLKAR,22.722,75.801,24.0,,78.35
2016-09-28T01:00:00,42754099999,DEVI AHILYABAI HOLKAR,22.722,75.801,23.0,,88.52
2016-09-28T02:00:00,42754099999,DEVI AHILYABAI HOLKAR,22.722,75.801,23.0,,88.52
2016-09-28T03:00:00,42754099999,DEVI AHILYABAI HOLKAR,22.722,75.801,24.4,1007.5,87.03
2016-09-28T03:00:00,42754099999,DEVI AHILYABAI HOLKAR,22.722,75.801,24.0,,88.6
2016-09-28T04:00:00,42754099999,DEVI AHILYABAI HOLKAR,22.722,75.801,27.0,,78.78
2016-09-28T05:00:00,42754099999,DEVI AHILYABAI HOLKAR,22.722,75.801,29.0,,70.11
2016-09-28T06:00:00,42754099999,DEVI AHILYABAI HOLKAR,22.722,75.801,30.2,1006.2,63.47
2016-09-28T06:00:00,42754099999,DEVI AHILYABAI HOLKAR,22.722,75.801,30.0,,66.18
2016-09-28T07:00:00,42754099999,DEVI AHILYABAI HOLKAR,22.722,75.801,31.0,,55.32
2016-09-28T09:00:00,42754099999,DEVI AHILYABAI HOLKAR,22.722,75.801,32.6,1003.0,50.83
2016-09-28T09:00:00,42754099999,DEVI AHILYABAI HOLKAR,22.722,75.801,33.0,,49.4
2016-09-28T10:00:00,42754099999,DEVI AHILYABAI HOLKAR,22.722,75.801,33.0,,49.4
2016-09-28T11:00:00,42754099999,DEVI AHILYABAI HOLKAR,22.722,75.801,33.0,,49.4
2016-09-28T12:00:00,42754099999,DEVI AHILYABAI HOLKAR,22.722,75.801,31.0,1002.0,54.98
2016-09-28T12:00:00,42754099999,DEVI AHILYABAI HOLKAR,22.722,75.801,31.0,,55.32
2016-09-28T13:00:00,42754099999,DEVI AHILYABAI HOLKAR,22.722,75.801,30.0,,55.08
2016-09-28T15:00:00,42754099999,DEVI AHILYABAI HOLKAR,22.722,75.801,26.0,1005.1,77.21
2016-09-28T18:00:00,42754099999,DEVI AHILYABAI HOLKAR,22.722,75.801,25.4,1006.1,78.07
2016-09-28T18:00:00,42754099999,DEVI AHILYABAI HOLKAR,22.722,75.801,25.0,,78.5
2016-09-28T21:00:00,42754099999,DEVI AHILYABAI HOLKAR,22.722,75.801,25.0,1004.7,76.59
2016-09-28T21:00:00,42754099999,DEVI AHILYABAI HOLKAR,22.722,75.801,25.0,,78.5
2016-09-29T00:00:00,42754099999,DEVI AHILYABAI HOLKAR,22.722,75.801,24.0,1005.2,83.85
2016-09-29T00:00:00,42754099999,DEVI AHILYABAI HOLKAR,22.722,75.801,24.0,,83.34
2016-09-29T03:00:00,42754099999,DEVI AHILYABAI HOLKAR,22.722,75.801,24.4,1006.6,90.26
2016-09-29T03:00:00,42754099999,DEVI AHILYABAI HOLKAR,22.722,75.801,24.0,,94.15
2016-09-29T06:00:00,42754099999,DEVI AHILYABAI HOLKAR,22.722,75.801,29.2,1006.0,64.03
2016-09-29T06:00:00,42754099999,DEVI AHILYABAI HOLKAR,22.722,75.801,29.0,,65.98
2016-09-29T09:00:00,42754099999,DEVI AHILYABAI HOLKAR,22.722,75.801,32.2,1002.1,51.68
2016-09-29T09:00:00,42754099999,DEVI AHILYABAI HOLKAR,22.722,75.801,32.0,,52.27
2016-09-29T10:00:00,42754099999,DEVI AHILYABAI HOLKAR,22.722,75.801,32.0,,55.56
2016-09-29T11:00:00,42754099999,DEVI AHILYABAI HOLKAR,22.722,75.801,32.0,,55.56
2016-09-29T12:00:00,42754099999,DEVI AHILYABAI HOLKAR,22.722,75.801,30.4,1001.5,62.37
2016-09-29T12:00:00,42754099999,DEVI AHILYABAI HOLKAR,22.722,75.801,30.0,,62.28
2016-09-29T13:30:00,42754099999,DEVI AHILYABAI HOLKAR,22.722,75.801,28.0,,74.3
2016-09-29T15:00:00,42754099999,DEVI AHILYABAI HOLKAR,22.722,75.801,27.0,1003.9,77.36
2016-09-29T15:00:00,42754099999,DEVI AHILYABAI HOLKAR,22.722,75.801,27.0,,78.78
2016-09-29T18:00:00,42754099999,DEVI AHILYABAI HOLKAR,22.722,75.801,25.6,1005.8,79.55
2016-09-29T18:00:00,42754099999,DEVI AHILYABAI HOLKAR,22.722,75.801,26.0,,78.64
2016-09-29T21:00:00,42754099999,DEVI AHILYABAI HOLKAR,22.722,75.801,25.0,1004.4,83.96
2016-09-29T21:00:00,42754099999,DEVI AHILYABAI HOLKAR,22.722,75.801,25.0,,83.45
2016-09-30T00:00:00,42754099999,DEVI AHILYABAI HOLKAR,22.722,75.801,24.2,1004.7,85.43
2016-09-30T00:00:00,42754099999,DEVI AHILYABAI HOLKAR,22.722,75.801,24.0,,88.6
2016-09-30T02:00:00,42754099999,DEVI AHILYABAI HOLKAR,22.722,75.801,22.0,,94.06
2016-09-30T03:00:00,42754099999,DEVI AHILYABAI HOLKAR,22.722,75.801,23.4,1006.4,89.64
2016-09-30T03:00:00,42754099999,DEVI AHILYABAI HOLKAR,22.722,75.801,23.0,,94.11
2016-09-30T04:00:00,42754099999,DEVI AHILYABAI HOLKAR,22.722,75.801,26.0,,78.64
2016-09-30T06:00:00,42754099999,DEVI AHILYABAI HOLKAR,22.722,75.801,29.4,1005.1,65.66
2016-09-30T06:00:00,42754099999,DEVI AHILYABAI HOLKAR,22.722,75.801,29.0,,65.98
2016-09-30T07:00:00,42754099999,DEVI AHILYABAI HOLKAR,22.722,75.801,30.0,,62.28
2016-09-30T09:00:00,42754099999,DEVI AHILYABAI HOLKAR,22.722,75.801,31.6,1001.8,55.47
2016-09-30T09:00:00,42754099999,DEVI AHILYABAI HOLKAR,22.722,75.801,32.0,,55.56
2016-09-30T10:00:00,42754099999,DEVI AHILYABAI HOLKAR,22.722,75.801,31.0,,55.32
2016-09-30T12:00:00,42754099999,DEVI AHILYABAI HOLKAR,22.722,75.801,26.4,1001.9,80.14
2016-09-30T12:00:00,42754099999,DEVI AHILYABAI HOLKAR,22.722,75.801,26.0,,83.57
2016-09-30T15:00:00,42754099999,DEVI AHILYABAI HOLKAR,22.722,75.801,26.0,1004.8,69.98
2016-09-30T15:00:00,42754099999,DEVI AHILYABAI HOLKAR,22.722,75.801,26.0,,69.55
2016-09-30T18:00:00,42754099999,DEVI AHILYABAI HOLKAR,22.722,75.801,24.4,1006.0,68.81
2016-09-30T18:00:00,42754099999,DEVI AHILYABAI HOLKAR,22.722,75.801,24.0,,69.16
2016-09-30T21:00:00,42754099999,DEVI AHILYABAI HOLKAR,22.722,75.801,24.0,1004.5,70.04
2016-09-30T21:00:00,42754099999,DEVI AHILYABAI HOLKAR,22.722,75.801,24.0,,69.16
2016-09-30T23:00:00,42754099999,DEVI AHILYABAI HOLKAR,22.722,75.801,23.0,,73.46
2016-10-01T00:00:00,42754099999,DEVI AHILYABAI HOLKAR,22.722,75.801,23.0,1005.3,76.76
2016-10-01T00:00:00,42754099999,DEVI AHILYABAI HOLKAR,22.722,75.801,23.0,,78.21
2016-10-01T01:00:00,42754099999,DEVI AHILYABAI HOLKAR,22.722,75.801,23.0,,88.52
2016-10-01T02:00:00,42754099999,DEVI AHILYABAI HOLKAR,22.722,75.801,23.0,,94.11
2016-10-01T03:00:00,42754099999,DEVI AHILYABAI HOLKAR,22.722,75.801,24.2,1006.4,90.25
2016-10-01T03:00:00,42754099999,DEVI AHILYABAI HOLKAR,22.722,75.801,24.0,,94.15
2016-10-01T06:00:00,42754099999,DEVI AHILYABAI HOLKAR,22.722,75.801,27.8,1006.0,76.55
2016-10-01T06:00:00,42754099999,DEVI AHILYABAI HOLKAR,22.722,75.801,28.0,,74.3
2016-10-01T07:00:00,42754099999,DEVI AHILYABAI HOLKAR,22.722,75.801,29.0,,70.11
2016-10-01T08:00:00,42754099999,DEVI AHILYABAI HOLKAR,22.722,75.801,29.0,,70.11
2016-10-01T09:00:00,42754099999,DEVI AHILYABAI HOLKAR,22.722,75.801,28.0,1003.3,77.98
2016-10-01T09:00:00,42754099999,DEVI AHILYABAI HOLKAR,22.722,75.801,28.0,,78.92
2016-10-01T10:00:00,42754099999,DEVI AHILYABAI HOLKAR,22.722,75.801,28.0,,74.3
2016-10-01T11:00:00,42754099999,DEVI AHILYABAI HOLKAR,22.722,75.801,30.0,,70.29
2016-10-01T12:00:00,42754099999,DEVI AHILYABAI HOLKAR,22.722,75.801,28.8,1003.2,74.43
2016-10-01T12:00:00,42754099999,DEVI AHILYABAI HOLKAR,22.722,75.801,29.0,,74.47
2016-10-01T13:00:00,42754099999,DEVI AHILYABAI HOLKAR,22.722,75.801,25.0,,83.45
2016-10-01T14:00:00,42754099999,DEVI AHILYABAI HOLKAR,22.722,75.801,25.0,,88.68
2016-10-01T15:00:00,42754099999,DEVI AHILYABAI HOLKAR,22.722,75.801,24.6,1006.6,90.27
2016-10-01T15:00:00,42754099999,DEVI AHILYABAI HOLKAR,22.722,75.801,25.0,,88.68
2016-10-01T18:00:00,42754099999,DEVI AHILYABAI HOLKAR,22.722,75.801,24.0,,91.89
2016-10-01T18:00:00,42754099999,DEVI AHILYABAI HOLKAR,22.722,75.801,24.0,,94.15
2016-10-01T21:00:00,42754099999,DEVI AHILYABAI HOLKAR,22.722,75.801,23.6,1006.3,91.87
2016-10-01T21:00:00,42754099999,DEVI AHILYABAI HOLKAR,22.722,75.801,24.0,,88.6
2016-10-02T00:00:00,42754099999,DEVI AHILYABAI HOLKAR,22.722,75.801,23.0,1006.7,91.27
2016-10-02T00:00:00,42754099999,DEVI AHILYABAI HOLKAR,22.722,75.801,23.0,,88.52
2016-10-02T03:00:00,42754099999,DEVI AHILYABAI HOLKAR,22.722,75.801,26.4,1008.0,88.79
2016-10-02T03:00:00,42754099999,DEVI AHILYABAI HOLKAR,22.722,75.801,26.0,,88.76
2016-10-02T04:00:00,42754099999,DEVI AHILYABAI HOLKAR,22.722,75.801,30.0,,66.18
2016-10-02T06:00:00,42754099999,DEVI AHILYABAI HOLKAR,22.722,75.801,29.8,1008.1,65.74
2016-10-02T07:00:00,42754099999,DEVI AHILYABAI HOLKAR,22.722,75.801,31.0,,62.5
2016-10-02T09:00:00,42754099999,DEVI AHILYABAI HOLKAR,22.722,75.801,31.2,1003.9,62.92
2016-10-02T09:00:00,42754099999,DEVI AHILYABAI HOLKAR,22.722,75.801,31.0,,62.5
2016-10-02T10:00:00,42754099999,DEVI AHILYABAI HOLKAR,22.722,75.801,27.0,,83.68
2016-10-02T11:00:00,42754099999,DEVI AHILYABAI HOLKAR,22.722,75.801,25.0,,94.19
2016-10-02T12:00:00,42754099999,DEVI AHILYABAI HOLKAR,22.722,75.801,25.0,1004.8,91.95
2016-10-02T12:00:00,42754099999,DEVI AHILYABAI HOLKAR,22.722,75.801,25.0,,94.19
2016-10-02T13:00:00,42754099999,DEVI AHILYABAI HOLKAR,22.722,75.801,25.0,,94.19
2016-10-02T14:00:00,42754099999,DEVI AHILYABAI HOLKAR,22.722,75.801,25.0,,94.19
2016-10-02T15:00:00,42754099999,DEVI AHILYABAI HOLKAR,22.722,75.801,24.6,1006.9,96.47
2016-10-02T15:00:00,42754099999,DEVI AHILYABAI HOLKAR,22.722,75.801,25.0,,94.19
2016-10-02T18:00:00,42754099999,DEVI AHILYABAI HOLKAR,22.722,75.801,24.4,1007.3,94.74
2016-10-02T18:00:00,42754099999,DEVI AHILYABAI HOLKAR,22.722,75.801,24.0,,94.15
2016-10-02T21:00:00,42754099999,DEVI AHILYABAI HOLKAR,22.722,75.801,24.0,1005.7,96.45
2016-10-02T21:00:00,42754099999,DEVI AHILYABAI HOLKAR,22.722,75.801,24.0,,94.15
2016-10-03T00:00:00,42754099999,DEVI AHILYABAI HOLKAR,22.722,75.801,23.4,1006.5,96.44
2016-10-03T00:00:00,42754099999,DEVI AHILYABAI HOLKAR,22.722,75.801,23.0,,100.0
2016-10-03T02:00:00,42754099999,DEVI AHILYABAI HOLKAR,22.722,75.801,24.0,,94.15
2016-10-03T03:00:00,42754099999,DEVI AHILYABAI HOLKAR,22.722,75.801,26.4,1007.6,84.62
2016-10-03T03:00:00,42754099999,DEVI AHILYABAI HOLKAR,22.722,75.801,26.0,,88.76
2016-10-03T05:00:00,42754099999,DEVI AHILYABAI HOLKAR,22.722,75.801,29.0,,70.11
2016-10-03T06:00:00,42754099999,DEVI AHILYABAI HOLKAR,22.722,75.801,29.6,1006.6,69.38
2016-10-03T06:00:00,42754099999,DEVI AHILYABAI HOLKAR,22.722,75.801,30.0,,66.18
2016-10-03T07:00:00,42754099999,DEVI AHILYABAI HOLKAR,22.722,75.801,30.0,,66.18
2016-10-03T08:00:00,42754099999,DEVI AHILYABAI HOLKAR,22.722,75.801,30.0,,66.18
2016-10-03T09:00:00,42754099999,DEVI AHILYABAI HOLKAR,22.722,75.801,30.0,1003.7,64.59
2016-10-03T09:00:00,42754099999,DEVI AHILYABAI HOLKAR,22.722,75.801,30.0,,66.18
2016-10-03T12:00:00,42754099999,DEVI AHILYABAI HOLKAR,22.722,75.801,30.4,1002.6,63.9
2016-10-03T12:00:00,42754099999,DEVI AHILYABAI HOLKAR,22.722,75.801,30.0,,66.18
2016-10-03T15:00:00,42754099999,DEVI AHILYABAI HOLKAR,22.722,75.801,27.6,1005.2,69.42
2016-10-03T15:00:00,42754099999,DEVI AHILYABAI HOLKAR,22.722,75.801,28.0,,65.77
2016-10-03T18:00:00,42754099999,DEVI AHILYABAI HOLKAR,22.722,75.801,26.4,1006.1,81.61
2016-10-03T18:00:00,42754099999,DEVI AHILYABAI HOLKAR,22.722,75.801,26.0,,83.57
2016-10-03T21:00:00,42754099999,DEVI AHILYABAI HOLKAR,22.722,75.801,25.2,1005.1,83.98
2016-10-03T21:00:00,42754099999,DEVI AHILYABAI HOLKAR,22.722,75.801,25.0,,83.45
2016-10-03T23:00:00,42754099999,DEVI AHILYABAI HOLKAR,22.722,75.801,23.0,,94.11
2016-10-04T00:00:00,42754099999,DEVI AHILYABAI HOLKAR,22.722,75.801,23.4,1005.4,89.64
2016-10-04T00:00:00,42754099999,DEVI AHILYABAI HOLKAR,22.722,75.801,23.0,,94.11
2016-10-04T01:00:00,42754099999,DEVI AHILYABAI HOLKAR,22.722,75.801,23.0,,94.11
2016-10-04T02:00:00,42754099999,DEVI AHILYABAI HOLKAR,22.722,75.801,24.0,,88.6
2016-10-04T03:00:00,42754099999,DEVI AHILYABAI HOLKAR,22.722,75.801,26.4,1006.3,83.11
2016-10-04T03:00:00,42754099999,DEVI AHILYABAI HOLKAR,22.722,75.801,26.0,,83.57
2016-10-04T06:00:00,42754099999,DEVI AHILYABAI HOLKAR,22.722,75.801,30.0,1005.5,68.21
2016-10-04T06:00:00,42754099999,DEVI AHILYABAI HOLKAR,22.722,75.801,30.0,,66.18
2016-10-04T09:00:00,42754099999,DEVI AHILYABAI HOLKAR,22.722,75.801,31.4,1002.5,60.72
2016-10-04T09:00:00,42754099999,DEVI AHILYABAI HOLKAR,22.722,75.801,31.0,,62.5
2016-10-04T10:00:00,42754099999,DEVI AHILYABAI HOLKAR,22.722,75.801,31.0,,58.81
2016-10-04T12:00:00,42754099999,DEVI AHILYABAI HOLKAR,22.722,75.801,29.6,1002.0,68.13
2016-10-04T12:00:00,42754099999,DEVI AHILYABAI HOLKAR,22.722,75.801,30.0,,66.18
2016-10-04T14:00:00,42754099999,DEVI AHILYABAI HOLKAR,22.722,75.801,27.0,,83.68
2016-10-04T15:00:00,42754099999,DEVI AHILYABAI HOLKAR,22.722,75.801,26.0,1005.7,83.06
2016-10-04T15:00:00,42754099999,DEVI AHILYABAI HOLKAR,22.722,75.801,26.0,,83.57
2016-10-04T18:00:00,42754099999,DEVI AHILYABAI HOLKAR,22.722,75.801,25.2,1006.2,85.53
2016-10-04T18:00:00,42754099999,DEVI AHILYABAI HOLKAR,22.722,75.801,25.0,,88.68
2016-10-04T21:00:00,42754099999,DEVI AHILYABAI HOLKAR,22.722,75.801,24.4,1004.8,88.63
2016-10-05T00:00:00,42754099999,DEVI AHILYABAI HOLKAR,22.722,75.801,23.6,1005.3,90.21
2016-10-05T00:00:00,42754099999,DEVI AHILYABAI HOLKAR,22.722,75.801,24.0,,88.6
2016-10-05T03:00:00,42754099999,DEVI AHILYABAI HOLKAR,22.722,75.801,25.0,1006.7,88.68
2016-10-05T03:00:00,42754099999,DEVI AHILYABAI HOLKAR,22.722,75.801,25.0,,88.68
2016-10-05T04:00:00,42754099999,DEVI AHILYABAI HOLKAR,22.722,75.801,25.0,,88.68
2016-10-05T06:00:00,42754099999,DEVI AHILYABAI HOLKAR,22.722,75.801,27.0,1006.3,77.36
2016-10-05T06:00:00,42754099999,DEVI AHILYABAI HOLKAR,22.722,75.801,27.0,,78.78
2016-10-05T07:00:00,42754099999,DEVI AHILYABAI HOLKAR,22.722,75.801,26.0,,83.57
2016-10-05T09:00:00,42754099999,DEVI AHILYABAI HOLKAR,22.722,75.801,27.0,1003.4,87.78
2016-10-05T09:00:00,42754099999,DEVI AHILYABAI HOLKAR,22.722,75.801,27.0,,88.84
2016-10-05T10:00:00,42754099999,DEVI AHILYABAI HOLKAR,22.722,75.801,26.0,,83.57
2016-10-05T11:00:00,42754099999,DEVI AHILYABAI HOLKAR,22.722,75.801,26.0,,88.76
2016-10-05T12:00:00,42754099999,DEVI AHILYABAI HOLKAR,22.722,75.801,26.2,1003.1,83.08
2016-10-05T12:00:00,42754099999,DEVI AHILYABAI HOLKAR,22.722,75.801,26.0,,83.57
2016-10-05T13:30:00,42754099999,DEVI AHILYABAI HOLKAR,22.722,75.801,24.0,,94.15
2016-10-05T14:00:00,42754099999,DEVI AHILYABAI HOLKAR,22.722,75.801,24.0,,94.15
2016-10-05T15:00:00,42754099999,DEVI AHILYABAI HOLKAR,22.722,75.801,23.0,1006.5,96.43
2016-10-05T15:00:00,42754099999,DEVI AHILYABAI HOLKAR,22.722,75.801,23.0,,94.11
2016-10-05T18:00:00,42754099999,DEVI AHILYABAI HOLKAR,22.722,75.801,23.6,1006.8,92.99
2016-10-05T18:00:00,42754099999,DEVI AHILYABAI HOLKAR,22.722,75.801,24.0,,88.6
2016-10-05T21:00:00,42754099999,DEVI AHILYABAI HOLKAR,22.722,75.801,23.4,1006.0,92.98
2016-10-05T21:00:00,42754099999,DEVI AHILYABAI HOLKAR,22.722,75.801,23.0,,94.11
2016-10-06T00:00:00,42754099999,DEVI AHILYABAI HOLKAR,22.722,75.801,22.8,1006.6,94.67
2016-10-06T00:00:00,42754099999,DEVI AHILYABAI HOLKAR,22.722,75.801,23.0,,94.11
2016-10-06T02:00:00,42754099999,DEVI AHILYABAI HOLKAR,22.722,75.801,23.0,,94.11
2016-10-06T03:00:00,42754099999,DEVI AHILYABAI HOLKAR,22.722,75.801,23.0,1008.7,94.68
2016-10-06T03:00:00,42754099999,DEVI AHILYABAI HOLKAR,22.722,75.801,23.0,,94.11
2016-10-06T04:00:00,42754099999,DEVI AHILYABAI HOLKAR,22.722,75.801,24.0,,88.6
2016-10-06T04:30:00,42754099999,DEVI AHILYABAI HOLKAR,22.722,75.801,25.0,,83.45
2016-10-06T05:00:00,42754099999,DEVI AHILYABAI HOLKAR,22.722,75.801,26.0,,83.57
2016-10-06T06:00:00,42754099999,DEVI AHILYABAI HOLKAR,22.722,75.801,26.6,1008.2,77.3
2016-10-06T06:00:00,42754099999,DEVI AHILYABAI HOLKAR,22.722,75.801,27.0,,74.14
2016-10-06T07:00:00,42754099999,DEVI AHILYABAI HOLKAR,22.722,75.801,27.0,,74.14
2016-10-06T09:00:00,42754099999,DEVI AHILYABAI HOLKAR,22.722,75.801,28.6,1005.2,70.03
2016-10-06T09:00:00,42754099999,DEVI AHILYABAI HOLKAR,22.722,75.801,29.0,,70.11
2016-10-06T12:00:00,42754099999,DEVI AHILYABAI HOLKAR,22.722,75.801,27.0,1004.3,80.22
2016-10-06T12:00:00,42754099999,DEVI AHILYABAI HOLKAR,22.722,75.801,27.0,,78.78
2016-10-06T15:00:00,42754099999,DEVI AHILYABAI HOLKAR,22.722,75.801,24.6,1006.9,87.05
2016-10-06T15:00:00,42754099999,DEVI AHILYABAI HOLKAR,22.722,75.801,25.0,,83.45
2016-10-06T18:00:00,42754099999,DEVI AHILYABAI HOLKAR,22.722,75.801,24.0,1008.4,90.23
2016-10-06T18:00:00,42754099999,DEVI AHILYABAI HOLKAR,22.722,75.801,24.0,,88.6
2016-10-06T21:00:00,42754099999,DEVI AHILYABAI HOLKAR,22.722,75.801,23.8,1006.9,88.58
2016-10-06T21:00:00,42754099999,DEVI AHILYABAI HOLKAR,22.722,75.801,24.0,,88.6
2016-10-06T23:00:00,42754099999,DEVI AHILYABAI HOLKAR,22.722,75.801,23.0,,94.11
2016-10-07T00:00:00,42754099999,DEVI AHILYABAI HOLKAR,22.722,75.801,22.8,1007.4,92.95
2016-10-07T00:00:00,42754099999,DEVI AHILYABAI HOLKAR,22.722,75.801,23.0,,94.11
2016-10-07T03:00:00,42754099999,DEVI AHILYABAI HOLKAR,22.722,75.801,24.0,1009.2,91.89
2016-10-07T04:00:00,42754099999,DEVI AHILYABAI HOLKAR,22.722,75.801,26.0,,83.57
2016-10-07T06:00:00,42754099999,DEVI AHILYABAI HOLKAR,22.722,75.801,27.4,1008.0,76.03
2016-10-07T06:00:00,42754099999,DEVI AHILYABAI HOLKAR,22.722,75.801,27.0,,78.78
2016-10-07T08:00:00,42754099999,DEVI AHILYABAI HOLKAR,22.722,75.801,28.0,,74.3
2016-10-07T09:00:00,42754099999,DEVI AHILYABAI HOLKAR,22.722,75.801,29.4,1004.6,66.87
2016-10-07T09:00:00,42754099999,DEVI AHILYABAI HOLKAR,22.722,75.801,29.0,,70.11
2016-10-07T10:00:00,42754099999,DEVI AHILYABAI HOLKAR,22.722,75.801,30.0,,62.28
2016-10-07T12:00:00,42754099999,DEVI AHILYABAI HOLKAR,22.722,75.801,29.0,1004.1,70.53
2016-10-07T12:00:00,42754099999,DEVI AHILYABAI HOLKAR,22.722,75.801,29.0,,70.11
2016-10-07T13:30:00,42754099999,DEVI AHILYABAI HOLKAR,22.722,75.801,25.0,,88.68
2016-10-07T14:00:00,42754099999,DEVI AHILYABAI HOLKAR,22.722,75.801,25.0,,88.68
2016-10-07T15:00:00,42754099999,DEVI AHILYABAI HOLKAR,22.722,75.801,22.8,1007.7,94.67
2016-10-07T15:00:00,42754099999,DEVI AHILYABAI HOLKAR,22.722,75.801,23.0,,94.11
2016-10-07T18:00:00,42754099999,DEVI AHILYABAI HOLKAR,22.722,75.801,23.4,1008.8,92.98
2016-10-07T18:00:00,42754099999,DEVI AHILYABAI HOLKAR,22.722,75.801,23.0,,94.11
2016-10-07T21:00:00,42754099999,DEVI AHILYABAI HOLKAR,22.722,75.801,23.0,1007.0,92.96
2016-10-07T21:00:00,42754099999,DEVI AHILYABAI HOLKAR,22.722,75.801,23.0,,94.11
2016-10-08T00:00:00,42754099999,DEVI AHILYABAI HOLKAR,22.722,75.801,22.6,1007.2,94.67
2016-10-08T03:00:00,42754099999,DEVI AHILYABAI HOLKAR,22.722,75.801,24.4,1008.9,91.92
2016-10-08T03:00:00,42754099999,DEVI AHILYABAI HOLKAR,22.722,75.801,24.0,,94.15
2016-10-08T05:00:00,42754099999,DEVI AHILYABAI HOLKAR,22.722,75.801,27.0,,83.68
2016-10-08T06:00:00,42754099999,DEVI AHILYABAI HOLKAR,22.722,75.801,28.4,1007.7,75.27
2016-10-08T06:00:00,42754099999,DEVI AHILYABAI HOLKAR,22.722,75.801,28.0,,78.92
2016-10-08T07:00:00,42754099999,DEVI AHILYABAI HOLKAR,22.722,75.801,29.0,,74.47
2016-10-08T08:00:00,42754099999,DEVI AHILYABAI HOLKAR,22.722,75.801,30.0,,66.18
2016-10-08T09:00:00,42754099999,DEVI AHILYABAI HOLKAR,22.722,75.801,30.2,1004.1,63.47
2016-10-08T09:00:00,42754099999,DEVI AHILYABAI HOLKAR,22.722,75.801,30.0,,66.18
2016-10-08T10:30:00,42754099999,DEVI AHILYABAI HOLKAR,22.722,75.801,30.0,,62.28
2016-10-08T11:00:00,42754099999,DEVI AHILYABAI HOLKAR,22.722,75.801,29.0,,70.11
2016-10-08T12:00:00,42754099999,DEVI AHILYABAI HOLKAR,22.722,75.801,29.4,1004.5,66.87
2016-10-08T12:00:00,42754099999,DEVI AHILYABAI HOLKAR,22.722,75.801,29.0,,70.11
2016-10-08T14:00:00,42754099999,DEVI AHILYABAI HOLKAR,22.722,75.801,26.0,,78.64
2016-10-08T15:00:00,42754099999,DEVI AHILYABAI HOLKAR,22.722,75.801,24.2,1007.9,83.87
2016-10-08T15:00:00,42754099999,DEVI AHILYABAI HOLKAR,22.722,75.801,24.0,,83.34
2016-10-08T18:00:00,42754099999,DEVI AHILYABAI HOLKAR,22.722,75.801,24.0,1008.7,83.85
2016-10-08T18:00:00,42754099999,DEVI AHILYABAI HOLKAR,22.722,75.801,24.0,,83.34
2016-10-08T21:00:00,42754099999,DEVI AHILYABAI HOLKAR,22.722,75.801,23.4,1006.9,84.82
2016-10-09T00:00:00,42754099999,DEVI AHILYABAI HOLKAR,22.722,75.801,23.0,1007.3,86.37
2016-10-09T00:00:00,42754099999,DEVI AHILYABAI HOLKAR,22.722,75.801,23.0,,88.52
2016-10-09T03:00:00,42754099999,DEVI AHILYABAI HOLKAR,22.722,75.801,25.0,1008.9,91.95
2016-10-09T03:00:00,42754099999,DEVI AHILYABAI HOLKAR,22.722,75.801,25.0,,94.19
2016-10-09T04:30:00,42754099999,DEVI AHILYABAI HOLKAR,22.722,75.801,27.0,,83.68
2016-10-09T05:00:00,42754099999,DEVI AHILYABAI HOLKAR,22.722,75.801,27.0,,83.68
2016-10-09T06:00:00,42754099999,DEVI AHILYABAI HOLKAR,22.722,75.801,29.0,1008.1,73.13
2016-10-09T06:00:00,42754099999,DEVI AHILYABAI HOLKAR,22.722,75.801,29.0,,74.47
2016-10-09T07:00:00,42754099999,DEVI AHILYABAI HOLKAR,22.722,75.801,30.0,,66.18
2016-10-09T08:00:00,42754099999,DEVI AHILYABAI HOLKAR,22.722,75.801,30.0,,66.18
2016-10-09T09:00:00,42754099999,DEVI AHILYABAI HOLKAR,22.722,75.801,31.2,1004.7,60.68
2016-10-09T09:00:00,42754099999,DEVI AHILYABAI HOLKAR,22.722,75.801,31.0,,62.5
2016-10-09T12:00:00,42754099999,DEVI AHILYABAI HOLKAR,22.722,75.801,30.0,1003.9,65.78
2016-10-09T12:00:00,42754099999,DEVI AHILYABAI HOLKAR,22.722,75.801,30.0,,66.18
2016-10-09T15:00:00,42754099999,DEVI AHILYABAI HOLKAR,22.722,75.801,25.8,1007.0,85.59
2016-10-09T15:00:00,42754099999,DEVI AHILYABAI HOLKAR,22.722,75.801,26.0,,83.57
2016-10-09T18:00:00,42754099999,DEVI AHILYABAI HOLKAR,22.722,75.801,25.2,1007.6,90.32
2016-10-09T18:00:00,42754099999,DEVI AHILYABAI HOLKAR,22.722,75.801,25.0,,88.68
2016-10-09T21:00:00,42754099999,DEVI AHILYABAI HOLKAR,22.722,75.801,24.2,1006.3,94.73
2016-10-09T21:00:00,42754099999,DEVI AHILYABAI HOLKAR,22.722,75.801,24.0,,94.15
2016-10-09T23:00:00,42754099999,DEVI AHILYABAI HOLKAR,22.722,75.801,24.0,,94.15
2016-10-10T00:00:00,42754099999,DEVI AHILYABAI HOLKAR,22.722,75.801,23.6,1006.8,92.99
2016-10-10T00:00:00,42754099999,DEVI AHILYABAI HOLKAR,22.722,75.801,24.0,,88.6
2016-10-10T01:00:00,42754099999,DEVI AHILYABAI HOLKAR,22.722,75.801,23.0,,100.0
2016-10-10T02:00:00,42754099999,DEVI AHILYABAI HOLKAR,22.722,75.801,24.0,,94.15
2016-10-10T03:00:00,42754099999,DEVI AHILYABAI HOLKAR,22.722,75.801,24.2,1009.0,93.59
2016-10-10T03:00:00,42754099999,DEVI AHILYABAI HOLKAR,22.722,75.801,24.0,,94.15
2016-10-10T06:00:00,42754099999,DEVI AHILYABAI HOLKAR,22.722,75.801,28.4,1008.8,70.0
2016-10-10T06:00:00,42754099999,DEVI AHILYABAI HOLKAR,22.722,75.801,28.0,,69.92
2016-10-10T09:00:00,42754099999,DEVI AHILYABAI HOLKAR,22.722,75.801,30.8,1005.6,58.05
2016-10-10T09:00:00,42754099999,DEVI AHILYABAI HOLKAR,22.722,75.801,31.0,,58.81
2016-10-10T12:00:00,42754099999,DEVI AHILYABAI HOLKAR,22.722,75.801,29.8,1005.4,58.53
2016-10-10T12:00:00,42754099999,DEVI AHILYABAI HOLKAR,22.722,75.801,30.0,,58.58
2016-10-10T15:00:00,42754099999,DEVI AHILYABAI HOLKAR,22.722,75.801,25.0,1007.9,83.96
2016-10-10T15:00:00,42754099999,DEVI AHILYABAI HOLKAR,22.722,75.801,25.0,,83.45
2016-10-10T18:00:00,42754099999,DEVI AHILYABAI HOLKAR,22.722,75.801,24.2,1008.9,85.43
2016-10-10T18:00:00,42754099999,DEVI AHILYABAI HOLKAR,22.722,75.801,24.0,,88.6
2016-10-10T21:00:00,42754099999,DEVI AHILYABAI HOLKAR,22.722,75.801,23.4,1007.6,88.01
2016-10-10T21:00:00,42754099999,DEVI AHILYABAI HOLKAR,22.722,75.801,23.0,,88.52
2016-10-11T00:00:00,42754099999,DEVI AHILYABAI HOLKAR,22.722,75.801,23.0,1008.2,91.27
2016-10-11T00:00:00,42754099999,DEVI AHILYABAI HOLKAR,22.722,75.801,23.0,,88.52
2016-10-11T03:00:00,42754099999,DEVI AHILYABAI HOLKAR,22.722,75.801,23.4,1010.3,89.64
2016-10-11T03:00:00,42754099999,DEVI AHILYABAI HOLKAR,22.722,75.801,23.0,,94.11
2016-10-11T06:00:00,42754099999,DEVI AHILYABAI HOLKAR,22.722,75.801,27.4,1009.4,69.38
2016-10-11T06:00:00,42754099999,DEVI AHILYABAI HOLKAR,22.722,75.801,27.0,,69.74
2016-10-11T09:00:00,42754099999,DEVI AHILYABAI HOLKAR,22.722,75.801,30.4,1006.2,54.5
2016-10-11T09:00:00,42754099999,DEVI AHILYABAI HOLKAR,22.722,75.801,30.0,,55.08
2016-10-11T11:00:00,42754099999,DEVI AHILYABAI HOLKAR,22.722,75.801,30.0,,58.58
2016-10-11T12:00:00,42754099999,DEVI AHILYABAI HOLKAR,22.722,75.801,29.8,1005.7,54.01
2016-10-11T12:00:00,42754099999,DEVI AHILYABAI HOLKAR,22.722,75.801,30.0,,51.76
2016-10-11T13:00:00,42754099999,DEVI AHILYABAI HOLKAR,22.722,75.801,28.0,,54.58
2016-10-11T15:00:00,42754099999,DEVI AHILYABAI HOLKAR,22.722,75.801,25.0,1008.5,69.36
2016-10-11T15:00:00,42754099999,DEVI AHILYABAI HOLKAR,22.722,75.801,25.0,,69.36
2016-10-11T18:00:00,42754099999,DEVI AHILYABAI HOLKAR,22.722,75.801,24.4,1008.9,73.24
2016-10-11T18:00:00,42754099999,DEVI AHILYABAI HOLKAR,22.722,75.801,24.0,,73.63
2016-10-11T21:00:00,42754099999,DEVI AHILYABAI HOLKAR,22.722,75.801,23.0,1007.8,80.18
2016-10-11T21:00:00,42754099999,DEVI AHILYABAI HOLKAR,22.722,75.801,23.0,,78.21
2016-10-12T00:00:00,42754099999,DEVI AHILYABAI HOLKAR,22.722,75.801,22.4,1008.4,81.62
2016-10-12T00:00:00,42754099999,DEVI AHILYABAI HOLKAR,22.722,75.801,22.0,,83.11
2016-10-12T03:00:00,42754099999,DEVI AHILYABAI HOLKAR,22.722,75.801,22.0,1010.6,91.21
2016-10-12T03:00:00,42754099999,DEVI AHILYABAI HOLKAR,22.722,75.801,22.0,,88.44
2016-10-12T06:00:00,42754099999,DEVI AHILYABAI HOLKAR,22.722,75.801,27.4,1009.3,54.09
2016-10-12T06:00:00,42754099999,DEVI AHILYABAI HOLKAR,22.722,75.801,27.0,,54.33
2016-10-12T09:00:00,42754099999,DEVI AHILYABAI HOLKAR,22.722,75.801,30.4,1005.7,36.33
2016-10-12T09:00:00,42754099999,DEVI AHILYABAI HOLKAR,22.722,75.801,30.0,,37.66
2016-10-12T10:00:00,42754099999,DEVI AHILYABAI HOLKAR,22.722,75.801,31.0,,35.56
2016-10-12T12:00:00,42754099999,DEVI AHILYABAI HOLKAR,22.722,75.801,28.0,1006.7,50.92
2016-10-12T12:00:00,42754099999,DEVI AHILYABAI HOLKAR,22.722,75.801,28.0,,51.25
2016-10-12T13:00:00,42754099999,DEVI AHILYABAI HOLKAR,22.722,75.801,26.0,,61.39
2016-10-12T15:00:00,42754099999,DEVI AHILYABAI HOLKAR,22.722,75.801,23.6,1009.6,71.29
2016-10-12T15:00:00,42754099999,DEVI AHILYABAI HOLKAR,22.722,75.801,24.0,,69.16
2016-10-12T18:00:00,42754099999,DEVI AHILYABAI HOLKAR,22.722,75.801,21.8,1010.1,83.08
2016-10-12T18:00:00,42754099999,DEVI AHILYABAI HOLKAR,22.722,75.801,22.0,,83.11
2016-10-12T21:00:00,42754099999,DEVI AHILYABAI HOLKAR,22.722,75.801,22.2,1008.8,79.57
2016-10-12T21:00:00,42754099999,DEVI AHILYABAI HOLKAR,22.722,75.801,22.0,,83.11
2016-10-13T00:00:00,42754099999,DEVI AHILYABAI HOLKAR,22.722,75.801,20.4,1009.9,92.83
2016-10-13T00:00:00,42754099999,DEVI AHILYABAI HOLKAR,22.722,75.801,20.0,,93.97
2016-10-13T01:00:00,42754099999,DEVI AHILYABAI HOLKAR,22.722,75.801,18.0,,93.88
2016-10-13T02:00:00,42754099999,DEVI AHILYABAI HOLKAR,22.722,75.801,19.0,,88.19
2016-10-13T03:00:00,42754099999,DEVI AHILYABAI HOLKAR,22.722,75.801,22.0,1012.2,83.11
2016-10-13T03:00:00,42754099999,DEVI AHILYABAI HOLKAR,22.722,75.801,22.0,,83.11
2016-10-13T04:00:00,42754099999,DEVI AHILYABAI HOLKAR,22.722,75.801,25.0,,65.15
2016-10-13T06:00:00,42754099999,DEVI AHILYABAI HOLKAR,22.722,75.801,27.0,1010.7,55.03
2016-10-13T06:00:00,42754099999,DEVI AHILYABAI HOLKAR,22.722,75.801,27.0,,54.33
2016-10-13T07:00:00,42754099999,DEVI AHILYABAI HOLKAR,22.722,75.801,28.0,,51.25
2016-10-13T08:00:00,42754099999,DEVI AHILYABAI HOLKAR,22.722,75.801,29.0,,45.37
2016-10-13T09:00:00,42754099999,DEVI AHILYABAI HOLKAR,22.722,75.801,30.2,1007.1,37.96
2016-10-13T09:00:00,42754099999,DEVI AHILYABAI HOLKAR,22.722,75.801,30.0,,37.66
2016-10-13T10:00:00,42754099999,DEVI AHILYABAI HOLKAR,22.722,75.801,30.0,,40.17
2016-10-13T11:00:00,42754099999,DEVI AHILYABAI HOLKAR,22.722,75.801,29.0,,51.5
2016-10-13T12:00:00,42754099999,DEVI AHILYABAI HOLKAR,22.722,75.801,27.4,1007.8,54.09
2016-10-13T12:00:00,42754099999,DEVI AHILYABAI HOLKAR,22.722,75.801,27.0,,54.33
2016-10-13T13:00:00,42754099999,DEVI AHILYABAI HOLKAR,22.722,75.801,25.0,,57.39
2016-10-13T15:00:00,42754099999,DEVI AHILYABAI HOLKAR,22.722,75.801,23.0,1010.6,70.74
2016-10-13T15:00:00,42754099999,DEVI AHILYABAI HOLKAR,22.722,75.801,23.0,,68.97
2016-10-13T18:00:00,42754099999,DEVI AHILYABAI HOLKAR,22.722,75.801,22.0,1011.4,74.69
2016-10-13T18:00:00,42754099999,DEVI AHILYABAI HOLKAR,22.722,75.801,22.0,,73.29
2016-10-13T21:00:00,42754099999,DEVI AHILYABAI HOLKAR,22.722,75.801,21.0,1010.0,77.42
2016-10-13T21:00:00,42754099999,DEVI AHILYABAI HOLKAR,22.722,75.801,21.0,,77.92
2016-10-14T00:00:00,42754099999,DEVI AHILYABAI HOLKAR,22.722,75.801,20.2,1010.2,87.18
2016-10-14T00:00:00,42754099999,DEVI AHILYABAI HOLKAR,22.722,75.801,20.0,,88.27
2016-10-14T03:00:00,42754099999,DEVI AHILYABAI HOLKAR,22.722,75.801,24.0,1011.6,83.85
2016-10-14T03:00:00,42754099999,DEVI AHILYABAI HOLKAR,22.722,75.801,24.0,,83.34
2016-10-14T06:00:00,42754099999,DEVI AHILYABAI HOLKAR,22.722,75.801,29.4,1010.1,51.28
2016-10-14T06:00:00,42754099999,DEVI AHILYABAI HOLKAR,22.722,75.801,29.0,,51.5
2016-10-14T08:00:00,42754099999,DEVI AHILYABAI HOLKAR,22.722,75.801,31.0,,43.1
2016-10-14T09:00:00,42754099999,DEVI AHILYABAI HOLKAR,22.722,75.801,31.0,1007.4,36.03
2016-10-14T09:00:00,42754099999,DEVI AHILYABAI HOLKAR,22.722,75.801,31.0,,35.56
2016-10-14T10:00:00,42754099999,DEVI AHILYABAI HOLKAR,22.722,75.801,31.0,,40.45
2016-10-14T11:00:00,42754099999,DEVI AHILYABAI HOLKAR,22.722,75.801,30.0,,55.08
2016-10-14T12:00:00,42754099999,DEVI AHILYABAI HOLKAR,22.722,75.801,28.8,1008.4,54.1
2016-10-14T12:00:00,42754099999,DEVI AHILYABAI HOLKAR,22.722,75.801,29.0,,54.83
2016-10-14T15:00:00,42754099999,DEVI AHILYABAI HOLKAR,22.722,75.801,25.0,1010.6,69.36
2016-10-14T15:00:00,42754099999,DEVI AHILYABAI HOLKAR,22.722,75.801,25.0,,69.36
2016-10-14T18:00:00,42754099999,DEVI AHILYABAI HOLKAR,22.722,75.801,23.4,1011.5,71.26
2016-10-14T21:00:00,42754099999,DEVI AHILYABAI HOLKAR,22.722,75.801,,1010.4,
2016-10-14T21:00:00,42754099999,DEVI AHILYABAI HOLKAR,22.722,75.801,23.0,,68.97
2016-10-14T23:00:00,42754099999,DEVI AHILYABAI HOLKAR,22.722,75.801,22.0,,73.29
2016-10-15T00:00:00,42754099999,DEVI AHILYABAI HOLKAR,22.722,75.801,22.2,1010.8,79.57
2016-10-15T00:00:00,42754099999,DEVI AHILYABAI HOLKAR,22.722,75.801,22.0,,83.11
2016-10-15T01:00:00,42754099999,DEVI AHILYABAI HOLKAR,22.722,75.801,22.0,,78.06
2016-10-15T02:00:00,42754099999,DEVI AHILYABAI HOLKAR,22.722,75.801,23.0,,73.46
2016-10-15T03:00:00,42754099999,DEVI AHILYABAI HOLKAR,22.722,75.801,23.2,1012.0,78.73
2016-10-15T03:00:00,42754099999,DEVI AHILYABAI HOLKAR,22.722,75.801,23.0,,78.21
2016-10-15T04:00:00,42754099999,DEVI AHILYABAI HOLKAR,22.722,75.801,26.0,,65.36
2016-10-15T06:00:00,42754099999,DEVI AHILYABAI HOLKAR,22.722,75.801,28.6,1011.2,51.73
2016-10-15T06:00:00,42754099999,DEVI AHILYABAI HOLKAR,22.722,75.801,29.0,,51.5
2016-10-15T08:00:00,42754099999,DEVI AHILYABAI HOLKAR,22.722,75.801,31.0,,33.32
2016-10-15T09:00:00,42754099999,DEVI AHILYABAI HOLKAR,22.722,75.801,31.2,1007.9,33.38
2016-10-15T09:00:00,42754099999,DEVI AHILYABAI HOLKAR,22.722,75.801,31.0,,33.32
2016-10-15T12:00:00,42754099999,DEVI AHILYABAI HOLKAR,22.722,75.801,31.0,1007.9,38.92
2016-10-15T12:00:00,42754099999,DEVI AHILYABAI HOLKAR,22.722,75.801,31.0,,37.94
2016-10-15T15:00:00,42754099999,DEVI AHILYABAI HOLKAR,22.722,75.801,26.4,1010.1,54.18
2016-10-15T15:00:00,42754099999,DEVI AHILYABAI HOLKAR,22.722,75.801,26.0,,54.08
2016-10-15T18:00:00,42754099999,DEVI AHILYABAI HOLKAR,22.722,75.801,24.8,1011.4,63.48
2016-10-15T21:00:00,42754099999,DEVI AHILYABAI HOLKAR,22.722,75.801,24.0,1010.3,65.76
2016-10-15T21:00:00,42754099999,DEVI AHILYABAI HOLKAR,22.722,75.801,24.0,,64.93
2016-10-15T23:00:00,42754099999,DEVI AHILYABAI HOLKAR,22.722,75.801,23.0,,68.97
2016-10-16T00:00:00,42754099999,DEVI AHILYABAI HOLKAR,22.722,75.801,23.0,1011.2,70.74
2016-10-16T00:00:00,42754099999,DEVI AHILYABAI HOLKAR,22.722,75.801,23.0,,68.97
2016-10-16T01:00:00,42754099999,DEVI AHILYABAI HOLKAR,22.722,75.801,22.0,,83.11
2016-10-16T02:00:00,42754099999,DEVI AHILYABAI HOLKAR,22.722,75.801,23.0,,78.21
2016-10-16T03:00:00,42754099999,DEVI AHILYABAI HOLKAR,22.722,75.801,24.2,1012.5,73.21
2016-10-16T03:00:00,42754099999,DEVI AHILYABAI HOLKAR,22.722,75.801,24.0,,73.63
2016-10-16T06:00:00,42754099999,DEVI AHILYABAI HOLKAR,22.722,75.801,31.8,1010.7,31.43
2016-10-16T06:00:00,42754099999,DEVI AHILYABAI HOLKAR,22.722,75.801,32.0,,31.48
2016-10-16T09:00:00,42754099999,DEVI AHILYABAI HOLKAR,22.722,75.801,32.4,1008.6,30.38
2016-10-16T09:00:00,42754099999,DEVI AHILYABAI HOLKAR,22.722,75.801,32.0,,31.48
2016-10-16T10:00:00,42754099999,DEVI AHILYABAI HOLKAR,22.722,75.801,32.0,,27.6
2016-10-16T11:00:00,42754099999,DEVI AHILYABAI HOLKAR,22.722,75.801,32.0,,27.6
2016-10-16T12:00:00,42754099999,DEVI AHILYABAI HOLKAR,22.722,75.801,31.4,1008.7,35.45
2016-10-16T12:00:00,42754099999,DEVI AHILYABAI HOLKAR,22.722,75.801,31.0,,35.56
2016-10-16T15:00:00,42754099999,DEVI AHILYABAI HOLKAR,22.722,75.801,25.0,1011.7,62.33
2016-10-16T15:00:00,42754099999,DEVI AHILYABAI HOLKAR,22.722,75.801,25.0,,61.16
2016-10-16T18:00:00,42754099999,DEVI AHILYABAI HOLKAR,22.722,75.801,23.6,1012.4,64.03
2016-10-16T18:00:00,42754099999,DEVI AHILYABAI HOLKAR,22.722,75.801,24.0,,60.93
2016-10-16T21:00:00,42754099999,DEVI AHILYABAI HOLKAR,22.722,75.801,22.0,1011.1,74.69
2016-10-16T21:00:00,42754099999,DEVI AHILYABAI HOLKAR,22.722,75.801,22.0,,73.29
2016-10-17T00:00:00,42754099999,DEVI AHILYABAI HOLKAR,22.722,75.801,21.4,1011.3,79.46
2016-10-17T00:00:00,42754099999,DEVI AHILYABAI HOLKAR,22.722,75.801,21.0,,82.99
2016-10-17T03:00:00,42754099999,DEVI AHILYABAI HOLKAR,22.722,75.801,23.0,1012.6,67.67
2016-10-17T03:00:00,42754099999,DEVI AHILYABAI HOLKAR,22.722,75.801,23.0,,68.97
2016-10-17T06:00:00,42754099999,DEVI AHILYABAI HOLKAR,22.722,75.801,30.8,1000.9,30.95
2016-10-17T06:00:00,42754099999,DEVI AHILYABAI HOLKAR,22.722,75.801,31.0,,31.21
2016-10-17T09:00:00,42754099999,DEVI AHILYABAI HOLKAR,22.722,75.801,31.8,1008.0,31.43
2016-10-17T09:00:00,42754099999,DEVI AHILYABAI HOLKAR,22.722,75.801,32.0,,31.48
2016-10-17T10:00:00,42754099999,DEVI AHILYABAI HOLKAR,22.722,75.801,32.0,,31.48
2016-10-17T11:00:00,42754099999,DEVI AHILYABAI HOLKAR,22.722,75.801,32.0,,31.48
2016-10-17T12:00:00,42754099999,DEVI AHILYABAI HOLKAR,22.722,75.801,30.6,1007.9,33.65
2016-10-17T12:00:00,42754099999,DEVI AHILYABAI HOLKAR,22.722,75.801,31.0,,33.32
2016-10-17T13:30:00,42754099999,DEVI AHILYABAI HOLKAR,22.722,75.801,27.0,,42.01
2016-10-17T14:00:00,42754099999,DEVI AHILYABAI HOLKAR,22.722,75.801,27.0,,42.01
2016-10-17T15:00:00,42754099999,DEVI AHILYABAI HOLKAR,22.722,75.801,24.6,1010.9,55.13
2016-10-17T15:00:00,42754099999,DEVI AHILYABAI HOLKAR,22.722,75.801,25.0,,53.83
2016-10-17T18:00:00,42754099999,DEVI AHILYABAI HOLKAR,22.722,75.801,22.8,1011.3,60.27
2016-10-17T18:00:00,42754099999,DEVI AHILYABAI HOLKAR,22.722,75.801,23.0,,60.7
2016-10-17T21:00:00,42754099999,DEVI AHILYABAI HOLKAR,22.722,75.801,21.8,1010.8,62.41
2016-10-17T21:00:00,42754099999,DEVI AHILYABAI HOLKAR,22.722,75.801,22.0,,60.47
2016-10-18T00:00:00,42754099999,DEVI AHILYABAI HOLKAR,22.722,75.801,19.6,1010.7,70.09
2016-10-18T00:00:00,42754099999,DEVI AHILYABAI HOLKAR,22.722,75.801,20.0,,68.38
2016-10-18T02:00:00,42754099999,DEVI AHILYABAI HOLKAR,22.722,75.801,20.0,,72.94
2016-10-18T03:00:00,42754099999,DEVI AHILYABAI HOLKAR,22.722,75.801,22.6,1011.8,68.89
2016-10-18T03:00:00,42754099999,DEVI AHILYABAI HOLKAR,22.722,75.801,23.0,,68.97
2016-10-18T04:00:00,42754099999,DEVI AHILYABAI HOLKAR,22.722,75.801,27.0,,47.82
2016-10-18T05:00:00,42754099999,DEVI AHILYABAI HOLKAR,22.722,75.801,30.0,,35.29
2016-10-18T06:00:00,42754099999,DEVI AHILYABAI HOLKAR,22.722,75.801,31.2,1009.7,34.26
2016-10-18T06:00:00,42754099999,DEVI AHILYABAI HOLKAR,22.722,75.801,31.0,,35.56
2016-10-18T07:00:00,42754099999,DEVI AHILYABAI HOLKAR,22.722,75.801,31.0,,33.32
2016-10-18T08:00:00,42754099999,DEVI AHILYABAI HOLKAR,22.722,75.801,32.0,,31.48
2016-10-18T09:00:00,42754099999,DEVI AHILYABAI HOLKAR,22.722,75.801,32.0,1007.0,32.53
2016-10-18T09:00:00,42754099999,DEVI AHILYABAI HOLKAR,22.722,75.801,32.0,,31.48
2016-10-18T10:00:00,42754099999,DEVI AHILYABAI HOLKAR,22.722,75.801,32.0,,31.48
2016-10-18T11:00:00,42754099999,DEVI AHILYABAI HOLKAR,22.722,75.801,32.0,,31.48
2016-10-18T12:00:00,42754099999,DEVI AHILYABAI HOLKAR,22.722,75.801,30.6,1006.5,35.45
2016-10-18T12:00:00,42754099999,DEVI AHILYABAI HOLKAR,22.722,75.801,31.0,,35.56
2016-10-18T13:00:00,42754099999,DEVI AHILYABAI HOLKAR,22.722,75.801,28.0,,45.1
2016-10-18T15:00:00,42754099999,DEVI AHILYABAI HOLKAR,22.722,75.801,25.4,1009.1,50.9
2016-10-18T15:00:00,42754099999,DEVI AHILYABAI HOLKAR,22.722,75.801,25.0,,53.83
2016-10-18T18:00:00,42754099999,DEVI AHILYABAI HOLKAR,22.722,75.801,23.0,1010.0,60.31
2016-10-18T18:00:00,42754099999,DEVI AHILYABAI HOLKAR,22.722,75.801,23.0,,60.7
2016-10-18T21:00:00,42754099999,DEVI AHILYABAI HOLKAR,22.722,75.801,21.8,1009.3,67.0
2016-10-18T21:00:00,42754099999,DEVI AHILYABAI HOLKAR,22.722,75.801,22.0,,64.5
2016-10-18T23:00:00,42754099999,DEVI AHILYABAI HOLKAR,22.722,75.801,20.0,,72.94
2016-10-19T00:00:00,42754099999,DEVI AHILYABAI HOLKAR,22.722,75.801,19.8,1009.9,75.29
2016-10-19T00:00:00,42754099999,DEVI AHILYABAI HOLKAR,22.722,75.801,20.0,,72.94
2016-10-19T03:00:00,42754099999,DEVI AHILYABAI HOLKAR,22.722,75.801,22.4,1011.4,62.95
2016-10-19T03:00:00,42754099999,DEVI AHILYABAI HOLKAR,22.722,75.801,22.0,,64.5
2016-10-19T04:00:00,42754099999,DEVI AHILYABAI HOLKAR,22.722,75.801,26.0,,47.55
2016-10-19T05:00:00,42754099999,DEVI AHILYABAI HOLKAR,22.722,75.801,29.0,,39.9
2016-10-19T06:00:00,42754099999,DEVI AHILYABAI HOLKAR,22.722,75.801,31.0,1009.5,26.61
2016-10-19T06:00:00,42754099999,DEVI AHILYABAI HOLKAR,22.722,75.801,31.0,,27.33
2016-10-19T07:00:00,42754099999,DEVI AHILYABAI HOLKAR,22.722,75.801,31.0,,25.55
2016-10-19T08:00:00,42754099999,DEVI AHILYABAI HOLKAR,22.722,75.801,32.0,,22.56
2016-10-19T09:00:00,42754099999,DEVI AHILYABAI HOLKAR,22.722,75.801,32.0,1006.0,21.07
2016-10-19T09:00:00,42754099999,DEVI AHILYABAI HOLKAR,22.722,75.801,32.0,,21.07
2016-10-19T10:00:00,42754099999,DEVI AHILYABAI HOLKAR,22.722,75.801,32.0,,22.56
2016-10-19T12:00:00,42754099999,DEVI AHILYABAI HOLKAR,22.722,75.801,31.2,1005.5,24.26
2016-10-19T12:00:00,42754099999,DEVI AHILYABAI HOLKAR,22.722,75.801,31.0,,23.88
2016-10-19T13:00:00,42754099999,DEVI AHILYABAI HOLKAR,22.722,75.801,27.0,,39.34
2016-10-19T14:00:00,42754099999,DEVI AHILYABAI HOLKAR,22.722,75.801,26.0,,39.06
2016-10-19T15:00:00,42754099999,DEVI AHILYABAI HOLKAR,22.722,75.801,25.0,1008.9,45.16
2016-10-19T15:00:00,42754099999,DEVI AHILYABAI HOLKAR,22.722,75.801,25.0,,44.28
2016-10-19T18:00:00,42754099999,DEVI AHILYABAI HOLKAR,22.722,75.801,23.4,1008.8,44.43
2016-10-19T18:00:00,42754099999,DEVI AHILYABAI HOLKAR,22.722,75.801,23.0,,46.74
2016-10-19T21:00:00,42754099999,DEVI AHILYABAI HOLKAR,22.722,75.801,22.2,1007.8,48.42
2016-10-19T21:00:00,42754099999,DEVI AHILYABAI HOLKAR,22.722,75.801,22.0,,49.67
2016-10-20T00:00:00,42754099999,DEVI AHILYABAI HOLKAR,22.722,75.801,19.6,1008.8,76.72
2016-10-20T00:00:00,42754099999,DEVI AHILYABAI HOLKAR,22.722,75.801,20.0,,72.94
2016-10-20T02:00:00,42754099999,DEVI AHILYABAI HOLKAR,22.722,75.801,19.0,,82.75
2016-10-20T03:00:00,42754099999,DEVI AHILYABAI HOLKAR,22.722,75.801,22.4,1010.0,64.18
2016-10-20T03:00:00,42754099999,DEVI AHILYABAI HOLKAR,22.722,75.801,22.0,,64.5
2016-10-20T03:30:00,42754099999,DEVI AHILYABAI HOLKAR,22.722,75.801,24.0,,57.15
2016-10-20T05:00:00,42754099999,DEVI AHILYABAI HOLKAR,22.722,75.801,28.0,,39.62
2016-10-20T06:00:00,42754099999,DEVI AHILYABAI HOLKAR,22.722,75.801,30.0,1008.4,31.76
2016-10-20T06:00:00,42754099999,DEVI AHILYABAI HOLKAR,22.722,75.801,30.0,,30.93
2016-10-20T08:00:00,42754099999,DEVI AHILYABAI HOLKAR,22.722,75.801,32.0,,22.56
2016-10-20T09:00:00,42754099999,DEVI AHILYABAI HOLKAR,22.722,75.801,32.4,1005.0,22.51
2016-10-20T09:00:00,42754099999,DEVI AHILYABAI HOLKAR,22.722,75.801,32.0,,22.56
2016-10-20T11:00:00,42754099999,DEVI AHILYABAI HOLKAR,22.722,75.801,32.0,,21.07
2016-10-20T12:00:00,42754099999,DEVI AHILYABAI HOLKAR,22.722,75.801,31.4,1005.1,25.32
2016-10-20T12:00:00,42754099999,DEVI AHILYABAI HOLKAR,22.722,75.801,31.0,,25.55
2016-10-20T15:00:00,42754099999,DEVI AHILYABAI HOLKAR,22.722,75.801,24.4,1008.3,44.41
2016-10-20T15:00:00,42754099999,DEVI AHILYABAI HOLKAR,22.722,75.801,24.0,,44.01
2016-10-20T18:00:00,42754099999,DEVI AHILYABAI HOLKAR,22.722,75.801,21.6,1009.1,59.21
2016-10-20T18:00:00,42754099999,DEVI AHILYABAI HOLKAR,22.722,75.801,22.0,,56.66
2016-10-20T21:00:00,42754099999,DEVI AHILYABAI HOLKAR,22.722,75.801,19.8,1008.6,63.61
2016-10-21T00:00:00,42754099999,DEVI AHILYABAI HOLKAR,22.722,75.801,19.4,1009.2,71.43
2016-10-21T00:00:00,42754099999,DEVI AHILYABAI HOLKAR,22.722,75.801,19.0,,72.76
2016-10-21T02:00:00,42754099999,DEVI AHILYABAI HOLKAR,22.722,75.801,19.0,,77.62
2016-10-21T03:00:00,42754099999,DEVI AHILYABAI HOLKAR,22.722,75.801,22.2,1010.9,61.3
2016-10-21T03:30:00,42754099999,DEVI AHILYABAI HOLKAR,22.722,75.801,25.0,,53.83
2016-10-21T04:00:00,42754099999,DEVI AHILYABAI HOLKAR,22.722,75.801,26.0,,47.55
2016-10-21T05:00:00,42754099999,DEVI AHILYABAI HOLKAR,22.722,75.801,28.0,,42.28
2016-10-21T06:00:00,42754099999,DEVI AHILYABAI HOLKAR,22.722,75.801,29.2,1009.7,37.93
2016-10-21T06:00:00,42754099999,DEVI AHILYABAI HOLKAR,22.722,75.801,29.0,,37.38
2016-10-21T07:00:00,42754099999,DEVI AHILYABAI HOLKAR,22.722,75.801,30.0,,33.05
2016-10-21T09:00:00,42754099999,DEVI AHILYABAI HOLKAR,22.722,75.801,31.6,1006.6,29.18
2016-10-21T09:00:00,42754099999,DEVI AHILYABAI HOLKAR,22.722,75.801,32.0,,27.6
2016-10-21T12:00:00,42754099999,DEVI AHILYABAI HOLKAR,22.722,75.801,30.4,1006.4,32.08
2016-10-21T12:00:00,42754099999,DEVI AHILYABAI HOLKAR,22.722,75.801,30.0,,33.05
2016-10-21T15:00:00,42754099999,DEVI AHILYABAI HOLKAR,22.722,75.801,26.4,1009.1,41.02
2016-10-21T15:00:00,42754099999,DEVI AHILYABAI HOLKAR,22.722,75.801,26.0,,41.73
2016-10-21T18:00:00,42754099999,DEVI AHILYABAI HOLKAR,22.722,75.801,23.2,1010.8,52.34
2016-10-21T18:00:00,42754099999,DEVI AHILYABAI HOLKAR,22.722,75.801,23.0,,53.32
2016-10-21T21:00:00,42754099999,DEVI AHILYABAI HOLKAR,22.722,75.801,20.6,1010.3,65.89
2016-10-21T21:00:00,42754099999,DEVI AHILYABAI HOLKAR,22.722,75.801,21.0,,64.29
2016-10-22T00:00:00,42754099999,DEVI AHILYABAI HOLKAR,22.722,75.801,19.6,1011.1,71.47
2016-10-22T00:00:00,42754099999,DEVI AHILYABAI HOLKAR,22.722,75.801,20.0,,68.38
2016-10-22T01:00:00,42754099999,DEVI AHILYABAI HOLKAR,22.722,75.801,20.0,,72.94
2016-10-22T02:00:00,42754099999,DEVI AHILYABAI HOLKAR,22.722,75.801,21.0,,68.58
2016-10-22T03:00:00,42754099999,DEVI AHILYABAI HOLKAR,22.722,75.801,22.6,1012.3,58.68
2016-10-22T03:00:00,42754099999,DEVI AHILYABAI HOLKAR,22.722,75.801,23.0,,56.91
2016-10-22T04:00:00,42754099999,DEVI AHILYABAI HOLKAR,22.722,75.801,26.0,,47.55
2016-10-22T05:00:00,42754099999,DEVI AHILYABAI HOLKAR,22.722,75.801,29.0,,37.38
2016-10-22T06:00:00,42754099999,DEVI AHILYABAI HOLKAR,22.722,75.801,30.0,1011.0,31.76
2016-10-22T06:00:00,42754099999,DEVI AHILYABAI HOLKAR,22.722,75.801,30.0,,30.93
2016-10-22T07:00:00,42754099999,DEVI AHILYABAI HOLKAR,22.722,75.801,31.0,,29.21
2016-10-22T08:00:00,42754099999,DEVI AHILYABAI HOLKAR,22.722,75.801,31.0,,29.21
2016-10-22T09:00:00,42754099999,DEVI AHILYABAI HOLKAR,22.722,75.801,32.0,1008.0,27.97
2016-10-22T09:00:00,42754099999,DEVI AHILYABAI HOLKAR,22.722,75.801,32.0,,27.6
2016-10-22T12:00:00,42754099999,DEVI AHILYABAI HOLKAR,22.722,75.801,31.0,1007.6,32.25
2016-10-22T12:00:00,42754099999,DEVI AHILYABAI HOLKAR,22.722,75.801,31.0,,33.32
2016-10-22T13:00:00,42754099999,DEVI AHILYABAI HOLKAR,22.722,75.801,27.0,,44.83
2016-10-22T15:00:00,42754099999,DEVI AHILYABAI HOLKAR,22.722,75.801,25.0,1011.5,49.17
2016-10-22T15:00:00,42754099999,DEVI AHILYABAI HOLKAR,22.722,75.801,25.0,,50.46
2016-10-22T18:00:00,42754099999,DEVI AHILYABAI HOLKAR,22.722,75.801,23.0,1012.4,56.17
2016-10-22T18:00:00,42754099999,DEVI AHILYABAI HOLKAR,22.722,75.801,23.0,,56.91
2016-10-22T21:00:00,42754099999,DEVI AHILYABAI HOLKAR,22.722,75.801,21.6,1010.6,61.97
2016-10-23T00:00:00,42754099999,DEVI AHILYABAI HOLKAR,22.722,75.801,20.4,1011.5,70.7
2016-10-23T00:00:00,42754099999,DEVI AHILYABAI HOLKAR,22.722,75.801,20.0,,72.94
2016-10-23T03:00:00,42754099999,DEVI AHILYABAI HOLKAR,22.722,75.801,23.0,1012.9,63.49
2016-10-23T03:00:00,42754099999,DEVI AHILYABAI HOLKAR,22.722,75.801,23.0,,64.72
2016-10-23T04:00:00,42754099999,DEVI AHILYABAI HOLKAR,22.722,75.801,26.0,,47.55
2016-10-23T05:00:00,42754099999,DEVI AHILYABAI HOLKAR,22.722,75.801,28.0,,42.28
2016-10-23T06:00:00,42754099999,DEVI AHILYABAI HOLKAR,22.722,75.801,29.0,1011.3,38.62
2016-10-23T06:00:00,42754099999,DEVI AHILYABAI HOLKAR,22.722,75.801,29.0,,37.38
2016-10-23T07:00:00,42754099999,DEVI AHILYABAI HOLKAR,22.722,75.801,29.0,,35.01
2016-10-23T08:00:00,42754099999,DEVI AHILYABAI HOLKAR,22.722,75.801,30.0,,37.66
2016-10-23T09:00:00,42754099999,DEVI AHILYABAI HOLKAR,22.722,75.801,30.4,1008.0,35.4
2016-10-23T09:00:00,42754099999,DEVI AHILYABAI HOLKAR,22.722,75.801,30.0,,35.29
2016-10-23T10:00:00,42754099999,DEVI AHILYABAI HOLKAR,22.722,75.801,30.0,,33.05
2016-10-23T11:00:00,42754099999,DEVI AHILYABAI HOLKAR,22.722,75.801,30.0,,33.05
2016-10-23T12:00:00,42754099999,DEVI AHILYABAI HOLKAR,22.722,75.801,29.0,1008.1,37.63
2016-10-23T12:00:00,42754099999,DEVI AHILYABAI HOLKAR,22.722,75.801,29.0,,37.38
2016-10-23T13:00:00,42754099999,DEVI AHILYABAI HOLKAR,22.722,75.801,28.0,,39.62
2016-10-23T14:00:00,42754099999,DEVI AHILYABAI HOLKAR,22.722,75.801,24.0,,53.58
2016-10-23T15:00:00,42754099999,DEVI AHILYABAI HOLKAR,22.722,75.801,24.4,1010.8,52.31
2016-10-23T15:00:00,42754099999,DEVI AHILYABAI HOLKAR,22.722,75.801,24.0,,53.58
2016-10-23T18:00:00,42754099999,DEVI AHILYABAI HOLKAR,22.722,75.801,22.0,1011.5,62.46
2016-10-23T18:00:00,42754099999,DEVI AHILYABAI HOLKAR,22.722,75.801,22.0,,64.5
2016-10-23T21:00:00,42754099999,DEVI AHILYABAI HOLKAR,22.722,75.801,21.0,1010.3,64.71
2016-10-23T21:00:00,42754099999,DEVI AHILYABAI HOLKAR,22.722,75.801,21.0,,64.29
2016-10-24T00:00:00,42754099999,DEVI AHILYABAI HOLKAR,22.722,75.801,19.8,1010.6,63.61
2016-10-24T00:00:00,42754099999,DEVI AHILYABAI HOLKAR,22.722,75.801,20.0,,64.07
2016-10-24T02:00:00,42754099999,DEVI AHILYABAI HOLKAR,22.722,75.801,20.0,,64.07
2016-10-24T03:00:00,42754099999,DEVI AHILYABAI HOLKAR,22.722,75.801,21.6,1012.3,59.21
2016-10-24T03:00:00,42754099999,DEVI AHILYABAI HOLKAR,22.722,75.801,22.0,,56.66
2016-10-24T03:30:00,42754099999,DEVI AHILYABAI HOLKAR,22.722,75.801,24.0,,50.2
2016-10-24T05:00:00,42754099999,DEVI AHILYABAI HOLKAR,22.722,75.801,27.0,,42.01
2016-10-24T06:00:00,42754099999,DEVI AHILYABAI HOLKAR,22.722,75.801,28.0,1011.4,40.67
2016-10-24T06:00:00,42754099999,DEVI AHILYABAI HOLKAR,22.722,75.801,28.0,,39.62
2016-10-24T07:00:00,42754099999,DEVI AHILYABAI HOLKAR,22.722,75.801,29.0,,37.38
2016-10-24T09:00:00,42754099999,DEVI AHILYABAI HOLKAR,22.722,75.801,30.0,1008.1,34.83
2016-10-24T09:00:00,42754099999,DEVI AHILYABAI HOLKAR,22.722,75.801,30.0,,35.29
2016-10-24T12:00:00,42754099999,DEVI AHILYABAI HOLKAR,22.722,75.801,28.6,1007.6,36.07
2016-10-24T12:00:00,42754099999,DEVI AHILYABAI HOLKAR,22.722,75.801,29.0,,35.01
2016-10-24T15:00:00,42754099999,DEVI AHILYABAI HOLKAR,22.722,75.801,24.0,1010.7,50.53
2016-10-24T15:00:00,42754099999,DEVI AHILYABAI HOLKAR,22.722,75.801,24.0,,50.2
2016-10-24T18:00:00,42754099999,DEVI AHILYABAI HOLKAR,22.722,75.801,22.2,1011.3,56.71
2016-10-24T18:00:00,42754099999,DEVI AHILYABAI HOLKAR,22.722,75.801,22.0,,56.66
2016-10-24T21:00:00,42754099999,DEVI AHILYABAI HOLKAR,22.722,75.801,20.6,1009.9,64.2
2016-10-24T21:00:00,42754099999,DEVI AHILYABAI HOLKAR,22.722,75.801,21.0,,64.29
2016-10-24T23:00:00,42754099999,DEVI AHILYABAI HOLKAR,22.722,75.801,20.0,,68.38
2016-10-25T00:00:00,42754099999,DEVI AHILYABAI HOLKAR,22.722,75.801,19.4,1010.6,69.6
2016-10-25T00:00:00,42754099999,DEVI AHILYABAI HOLKAR,22.722,75.801,19.0,,72.76
2016-10-25T02:00:00,42754099999,DEVI AHILYABAI HOLKAR,22.722,75.801,20.0,,68.38
2016-10-25T03:00:00,42754099999,DEVI AHILYABAI HOLKAR,22.722,75.801,21.6,1012.0,61.97
2016-10-25T03:00:00,42754099999,DEVI AHILYABAI HOLKAR,22.722,75.801,22.0,,60.47
2016-10-25T06:00:00,42754099999,DEVI AHILYABAI HOLKAR,22.722,75.801,27.0,1010.8,45.12
2016-10-25T06:00:00,42754099999,DEVI AHILYABAI HOLKAR,22.722,75.801,27.0,,44.83
2016-10-25T09:00:00,42754099999,DEVI AHILYABAI HOLKAR,22.722,75.801,29.4,1007.4,39.24
2016-10-25T09:00:00,42754099999,DEVI AHILYABAI HOLKAR,22.722,75.801,29.0,,39.9
2016-10-25T10:00:00,42754099999,DEVI AHILYABAI HOLKAR,22.722,75.801,31.0,,35.56
2016-10-25T11:00:00,42754099999,DEVI AHILYABAI HOLKAR,22.722,75.801,29.0,,39.9
2016-10-25T12:00:00,42754099999,DEVI AHILYABAI HOLKAR,22.722,75.801,28.2,1007.5,42.06
2016-10-25T12:00:00,42754099999,DEVI AHILYABAI HOLKAR,22.722,75.801,28.0,,42.28
2016-10-25T13:00:00,42754099999,DEVI AHILYABAI HOLKAR,22.722,75.801,25.0,,53.83
2016-10-25T14:00:00,42754099999,DEVI AHILYABAI HOLKAR,22.722,75.801,25.0,,50.46
2016-10-25T15:00:00,42754099999,DEVI AHILYABAI HOLKAR,22.722,75.801,23.4,1010.6,58.12
2016-10-25T15:00:00,42754099999,DEVI AHILYABAI HOLKAR,22.722,75.801,23.0,,60.7
2016-10-25T18:00:00,42754099999,DEVI AHILYABAI HOLKAR,22.722,75.801,22.0,1011.8,67.04
2016-10-25T18:00:00,42754099999,DEVI AHILYABAI HOLKAR,22.722,75.801,22.0,,68.77
2016-10-25T21:00:00,42754099999,DEVI AHILYABAI HOLKAR,22.722,75.801,20.4,1010.1,70.7
2016-10-25T21:00:00,42754099999,DEVI AHILYABAI HOLKAR,22.722,75.801,20.0,,72.94
2016-10-26T00:00:00,42754099999,DEVI AHILYABAI HOLKAR,22.722,75.801,19.0,1010.8,81.7
2016-10-26T00:00:00,42754099999,DEVI AHILYABAI HOLKAR,22.722,75.801,19.0,,82.75
2016-10-26T03:00:00,42754099999,DEVI AHILYABAI HOLKAR,22.722,75.801,22.0,1013.1,70.1
2016-10-26T03:00:00,42754099999,DEVI AHILYABAI HOLKAR,22.722,75.801,22.0,,68.77
2016-10-26T06:00:00,42754099999,DEVI AHILYABAI HOLKAR,22.722,75.801,28.4,1011.8,43.5
2016-10-26T06:00:00,42754099999,DEVI AHILYABAI HOLKAR,22.722,75.801,28.0,,45.1
2016-10-26T09:00:00,42754099999,DEVI AHILYABAI HOLKAR,22.722,75.801,30.8,1009.0,31.98
2016-10-26T09:00:00,42754099999,DEVI AHILYABAI HOLKAR,22.722,75.801,31.0,,31.21
2016-10-26T10:00:00,42754099999,DEVI AHILYABAI HOLKAR,22.722,75.801,31.0,,29.21
2016-10-26T11:00:00,42754099999,DEVI AHILYABAI HOLKAR,22.722,75.801,31.0,,29.21
2016-10-26T12:00:00,42754099999,DEVI AHILYABAI HOLKAR,22.722,75.801,29.4,1009.1,32.02
2016-10-26T12:00:00,42754099999,DEVI AHILYABAI HOLKAR,22.722,75.801,29.0,,32.77
2016-10-26T13:00:00,42754099999,DEVI AHILYABAI HOLKAR,22.722,75.801,28.0,,37.1
2016-10-26T14:00:00,42754099999,DEVI AHILYABAI HOLKAR,22.722,75.801,26.0,,47.55
2016-10-26T15:00:00,42754099999,DEVI AHILYABAI HOLKAR,22.722,75.801,24.6,1012.6,49.71
2016-10-26T18:00:00,42754099999,DEVI AHILYABAI HOLKAR,22.722,75.801,21.0,1013.5,66.4
2016-10-26T18:00:00,42754099999,DEVI AHILYABAI HOLKAR,22.722,75.801,21.0,,68.58
2016-10-26T21:00:00,42754099999,DEVI AHILYABAI HOLKAR,22.722,75.801,20.0,1012.3,70.17
2016-10-26T21:00:00,42754099999,DEVI AHILYABAI HOLKAR,22.722,75.801,24.0,,53.58
2016-10-27T00:00:00,42754099999,DEVI AHILYABAI HOLKAR,22.722,75.801,19.8,1013.7,54.27
2016-10-27T00:00:00,42754099999,DEVI AHILYABAI HOLKAR,22.722,75.801,20.0,,52.54
2016-10-27T01:00:00,42754099999,DEVI AHILYABAI HOLKAR,22.722,75.801,19.0,,59.76
2016-10-27T03:00:00,42754099999,DEVI AHILYABAI HOLKAR,22.722,75.801,24.4,1014.9,45.9
2016-10-27T03:00:00,42754099999,DEVI AHILYABAI HOLKAR,22.722,75.801,24.0,,47.01
2016-10-27T04:00:00,42754099999,DEVI AHILYABAI HOLKAR,22.722,75.801,28.0,,37.1
2016-10-27T04:30:00,42754099999,DEVI AHILYABAI HOLKAR,22.722,75.801,29.0,,35.01
2016-10-27T05:00:00,42754099999,DEVI AHILYABAI HOLKAR,22.722,75.801,30.0,,28.94
2016-10-27T06:00:00,42754099999,DEVI AHILYABAI HOLKAR,22.722,75.801,30.6,1013.5,27.96
2016-10-27T06:00:00,42754099999,DEVI AHILYABAI HOLKAR,22.722,75.801,31.0,,27.33
2016-10-27T07:00:00,42754099999,DEVI AHILYABAI HOLKAR,22.722,75.801,31.0,,29.21
2016-10-27T09:00:00,42754099999,DEVI AHILYABAI HOLKAR,22.722,75.801,31.4,1010.8,27.99
2016-10-27T09:00:00,42754099999,DEVI AHILYABAI HOLKAR,22.722,75.801,31.0,,29.21
2016-10-27T10:00:00,42754099999,DEVI AHILYABAI HOLKAR,22.722,75.801,32.0,,25.82
2016-10-27T12:00:00,42754099999,DEVI AHILYABAI HOLKAR,22.722,75.801,30.4,1010.4,31.46
2016-10-27T12:00:00,42754099999,DEVI AHILYABAI HOLKAR,22.722,75.801,30.0,,33.05
2016-10-27T15:00:00,42754099999,DEVI AHILYABAI HOLKAR,22.722,75.801,24.4,1013.7,48.37
2016-10-27T15:00:00,42754099999,DEVI AHILYABAI HOLKAR,22.722,75.801,24.0,,50.2
2016-10-27T18:00:00,42754099999,DEVI AHILYABAI HOLKAR,22.722,75.801,23.0,1014.3,53.32
2016-10-27T21:00:00,42754099999,DEVI AHILYABAI HOLKAR,22.722,75.801,21.4,1012.9,58.78
2016-10-27T21:00:00,42754099999,DEVI AHILYABAI HOLKAR,22.722,75.801,21.0,,60.24
2016-10-28T00:00:00,42754099999,DEVI AHILYABAI HOLKAR,22.722,75.801,19.6,1013.6,68.3
2016-10-28T00:00:00,42754099999,DEVI AHILYABAI HOLKAR,22.722,75.801,20.0,,68.38
2016-10-28T03:00:00,42754099999,DEVI AHILYABAI HOLKAR,22.722,75.801,23.4,1013.9,44.43
2016-10-28T03:00:00,42754099999,DEVI AHILYABAI HOLKAR,22.722,75.801,23.0,,46.74
2016-10-28T04:00:00,42754099999,DEVI AHILYABAI HOLKAR,22.722,75.801,26.0,,34.17
2016-10-28T06:00:00,42754099999,DEVI AHILYABAI HOLKAR,22.722,75.801,29.4,1012.8,23.3
2016-10-28T06:00:00,42754099999,DEVI AHILYABAI HOLKAR,22.722,75.801,29.0,,23.36
2016-10-28T07:00:00,42754099999,DEVI AHILYABAI HOLKAR,22.722,75.801,30.0,,17.88
2016-10-28T09:00:00,42754099999,DEVI AHILYABAI HOLKAR,22.722,75.801,30.6,1009.5,21.6
2016-10-28T09:00:00,42754099999,DEVI AHILYABAI HOLKAR,22.722,75.801,31.0,,20.82
2016-10-28T12:00:00,42754099999,DEVI AHILYABAI HOLKAR,22.722,75.801,29.2,1009.1,25.95
2016-10-28T12:00:00,42754099999,DEVI AHILYABAI HOLKAR,22.722,75.801,29.0,,26.79
2016-10-28T15:00:00,42754099999,DEVI AHILYABAI HOLKAR,22.722,75.801,21.4,1012.8,48.85
2016-10-28T15:00:00,42754099999,DEVI AHILYABAI HOLKAR,22.722,75.801,21.0,,49.4
2016-10-28T18:00:00,42754099999,DEVI AHILYABAI HOLKAR,22.722,75.801,20.4,1013.2,51.95
2016-10-28T18:00:00,42754099999,DEVI AHILYABAI HOLKAR,22.722,75.801,20.0,,52.54
2016-10-28T21:00:00,42754099999,DEVI AHILYABAI HOLKAR,22.722,75.801,19.2,1011.7,58.24
2016-10-29T00:00:00,42754099999,DEVI AHILYABAI HOLKAR,22.722,75.801,17.6,1013.0,64.82
2016-10-29T00:00:00,42754099999,DEVI AHILYABAI HOLKAR,22.722,75.801,18.0,,63.62
2016-10-29T01:00:00,42754099999,DEVI AHILYABAI HOLKAR,22.722,75.801,16.0,,77.16
2016-10-29T02:00:00,42754099999,DEVI AHILYABAI HOLKAR,22.722,75.801,17.0,,72.4
2016-10-29T03:00:00,42754099999,DEVI AHILYABAI HOLKAR,22.722,75.801,21.4,1013.4,58.78
2016-10-29T03:00:00,42754099999,DEVI AHILYABAI HOLKAR,22.722,75.801,21.0,,60.24
2016-10-29T04:00:00,42754099999,DEVI AHILYABAI HOLKAR,22.722,75.801,26.0,,39.06
2016-10-29T05:00:00,42754099999,DEVI AHILYABAI HOLKAR,22.722,75.801,28.0,,28.39
2016-10-29T06:00:00,42754099999,DEVI AHILYABAI HOLKAR,22.722,75.801,28.8,1012.3,28.23
2016-10-29T06:00:00,42754099999,DEVI AHILYABAI HOLKAR,22.722,75.801,29.0,,28.66
2016-10-29T08:00:00,42754099999,DEVI AHILYABAI HOLKAR,22.722,75.801,30.0,,25.29
2016-10-29T09:00:00,42754099999,DEVI AHILYABAI HOLKAR,22.722,75.801,29.6,1009.5,27.5
2016-10-29T09:00:00,42754099999,DEVI AHILYABAI HOLKAR,22.722,75.801,30.0,,27.06
2016-10-29T11:00:00,42754099999,DEVI AHILYABAI HOLKAR,22.722,75.801,29.0,,30.66
2016-10-29T12:00:00,42754099999,DEVI AHILYABAI HOLKAR,22.722,75.801,28.2,1009.5,33.43
2016-10-29T12:00:00,42754099999,DEVI AHILYABAI HOLKAR,22.722,75.801,28.0,,34.73
2016-10-29T13:00:00,42754099999,DEVI AHILYABAI HOLKAR,22.722,75.801,25.0,,44.28
2016-10-29T15:00:00,42754099999,DEVI AHILYABAI HOLKAR,22.722,75.801,21.4,1013.2,57.26
2016-10-29T15:00:00,42754099999,DEVI AHILYABAI HOLKAR,22.722,75.801,21.0,,60.24
2016-10-29T18:00:00,42754099999,DEVI AHILYABAI HOLKAR,22.722,75.801,20.2,1013.8,59.26
2016-10-29T18:00:00,42754099999,DEVI AHILYABAI HOLKAR,22.722,75.801,20.0,,60.0
2016-10-29T21:00:00,42754099999,DEVI AHILYABAI HOLKAR,22.722,75.801,18.8,1012.7,62.55
2016-10-29T21:00:00,42754099999,DEVI AHILYABAI HOLKAR,22.722,75.801,19.0,,59.76
2016-10-29T23:00:00,42754099999,DEVI AHILYABAI HOLKAR,22.722,75.801,18.0,,67.97
2016-10-30T00:00:00,42754099999,DEVI AHILYABAI HOLKAR,22.722,75.801,17.2,1014.0,68.71
2016-10-30T00:00:00,42754099999,DEVI AHILYABAI HOLKAR,22.722,75.801,17.0,,67.77
2016-10-30T01:00:00,42754099999,DEVI AHILYABAI HOLKAR,22.722,75.801,16.0,,72.22
2016-10-30T02:00:00,42754099999,DEVI AHILYABAI HOLKAR,22.722,75.801,19.0,,59.76
2016-10-30T03:00:00,42754099999,DEVI AHILYABAI HOLKAR,22.722,75.801,20.0,1015.4,60.4
2016-10-30T03:00:00,42754099999,DEVI AHILYABAI HOLKAR,22.722,75.801,20.0,,60.0
2016-10-30T03:30:00,42754099999,DEVI AHILYABAI HOLKAR,22.722,75.801,24.0,,47.01
2016-10-30T04:00:00,42754099999,DEVI AHILYABAI HOLKAR,22.722,75.801,25.0,,41.45
2016-10-30T04:30:00,42754099999,DEVI AHILYABAI HOLKAR,22.722,75.801,26.0,,39.06
2016-10-30T05:00:00,42754099999,DEVI AHILYABAI HOLKAR,22.722,75.801,27.0,,34.45
2016-10-30T06:00:00,42754099999,DEVI AHILYABAI HOLKAR,22.722,75.801,28.4,1013.7,26.63
2016-10-30T06:00:00,42754099999,DEVI AHILYABAI HOLKAR,22.722,75.801,28.0,,26.52
2016-10-30T07:00:00,42754099999,DEVI AHILYABAI HOLKAR,22.722,75.801,29.0,,23.36
2016-10-30T08:00:00,42754099999,DEVI AHILYABAI HOLKAR,22.722,75.801,29.0,,25.02
2016-10-30T09:00:00,42754099999,DEVI AHILYABAI HOLKAR,22.722,75.801,29.6,1010.7,24.67
2016-10-30T09:00:00,42754099999,DEVI AHILYABAI HOLKAR,22.722,75.801,30.0,,23.62
2016-10-30T10:00:00,42754099999,DEVI AHILYABAI HOLKAR,22.722,75.801,30.0,,27.06
2016-10-30T11:00:00,42754099999,DEVI AHILYABAI HOLKAR,22.722,75.801,29.0,,26.79
2016-10-30T12:00:00,42754099999,DEVI AHILYABAI HOLKAR,22.722,75.801,28.4,1010.9,27.55
2016-10-30T12:00:00,42754099999,DEVI AHILYABAI HOLKAR,22.722,75.801,28.0,,28.39
2016-10-30T14:00:00,42754099999,DEVI AHILYABAI HOLKAR,22.722,75.801,23.0,,46.74
2016-10-30T15:00:00,42754099999,DEVI AHILYABAI HOLKAR,22.722,75.801,22.4,1014.2,47.2
2016-10-30T15:00:00,42754099999,DEVI AHILYABAI HOLKAR,22.722,75.801,22.0,,49.67
2016-10-30T18:00:00,42754099999,DEVI AHILYABAI HOLKAR,22.722,75.801,19.4,1016.2,55.27
2016-10-30T18:00:00,42754099999,DEVI AHILYABAI HOLKAR,22.722,75.801,19.0,,55.91
2016-10-30T21:00:00,42754099999,DEVI AHILYABAI HOLKAR,22.722,75.801,18.4,1014.3,60.42
2016-10-30T21:00:00,42754099999,DEVI AHILYABAI HOLKAR,22.722,75.801,18.0,,63.62
2016-10-30T23:00:00,42754099999,DEVI AHILYABAI HOLKAR,22.722,75.801,18.0,,63.62
2016-10-31T00:00:00,42754099999,DEVI AHILYABAI HOLKAR,22.722,75.801,17.0,1014.9,67.77
2016-10-31T00:00:00,42754099999,DEVI AHILYABAI HOLKAR,22.722,75.801,17.0,,67.77
2016-10-31T01:00:00,42754099999,DEVI AHILYABAI HOLKAR,22.722,75.801,16.0,,72.22
2016-10-31T02:00:00,42754099999,DEVI AHILYABAI HOLKAR,22.722,75.801,17.0,,67.77
2016-10-31T03:00:00,42754099999,DEVI AHILYABAI HOLKAR,22.722,75.801,20.2,1018.4,56.21
2016-10-31T03:00:00,42754099999,DEVI AHILYABAI HOLKAR,22.722,75.801,20.0,,56.16
2016-10-31T04:00:00,42754099999,DEVI AHILYABAI HOLKAR,22.722,75.801,25.0,,41.45
2016-10-31T05:00:00,42754099999,DEVI AHILYABAI HOLKAR,22.722,75.801,27.0,,32.21
2016-10-31T06:00:00,42754099999,DEVI AHILYABAI HOLKAR,22.722,75.801,28.4,1016.4,28.69
2016-10-31T06:00:00,42754099999,DEVI AHILYABAI HOLKAR,22.722,75.801,28.0,,30.38
2016-10-31T07:00:00,42754099999,DEVI AHILYABAI HOLKAR,22.722,75.801,29.0,,26.79
2016-10-31T08:00:00,42754099999,DEVI AHILYABAI HOLKAR,22.722,75.801,29.0,,25.02
2016-10-31T09:00:00,42754099999,DEVI AHILYABAI HOLKAR,22.722,75.801,29.4,1013.4,26.18
2016-10-31T09:00:00,42754099999,DEVI AHILYABAI HOLKAR,22.722,75.801,29.0,,26.79
2016-10-31T12:00:00,42754099999,DEVI AHILYABAI HOLKAR,22.722,75.801,28.4,1013.4,28.69
2016-10-31T12:00:00,42754099999,DEVI AHILYABAI HOLKAR,22.722,75.801,28.0,,30.38
2016-10-31T13:00:00,42754099999,DEVI AHILYABAI HOLKAR,22.722,75.801,26.0,,34.17
2016-10-31T15:00:00,42754099999,DEVI AHILYABAI HOLKAR,22.722,75.801,23.0,1015.8,38.73
2016-10-31T15:00:00,42754099999,DEVI AHILYABAI HOLKAR,22.722,75.801,23.0,,38.21
2016-10-31T18:00:00,42754099999,DEVI AHILYABAI HOLKAR,22.722,75.801,21.4,1016.9,44.47
2016-10-31T18:00:00,42754099999,DEVI AHILYABAI HOLKAR,22.722,75.801,21.0,,46.19
2016-10-31T21:00:00,42754099999,DEVI AHILYABAI HOLKAR,22.722,75.801,20.0,1016.1,49.79
2016-10-31T21:00:00,42754099999,DEVI AHILYABAI HOLKAR,22.722,75.801,20.0,,49.13
2016-10-31T23:00:00,42754099999,DEVI AHILYABAI HOLKAR,22.722,75.801,19.0,,55.91
2016-11-01T00:00:00,42754099999,DEVI AHILYABAI HOLKAR,22.722,75.801,17.6,1016.9,66.56
2016-11-01T00:00:00,42754099999,DEVI AHILYABAI HOLKAR,22.722,75.801,18.0,,63.62
2016-11-01T01:00:00,42754099999,DEVI AHILYABAI HOLKAR,22.722,75.801,16.0,,67.56
2016-11-01T02:00:00,42754099999,DEVI AHILYABAI HOLKAR,22.722,75.801,18.0,,63.62
2016-11-01T03:00:00,42754099999,DEVI AHILYABAI HOLKAR,22.722,75.801,21.2,1016.9,45.63
2016-11-01T03:00:00,42754099999,DEVI AHILYABAI HOLKAR,22.722,75.801,21.0,,46.19
2016-11-01T04:00:00,42754099999,DEVI AHILYABAI HOLKAR,22.722,75.801,25.0,,38.78
2016-11-01T06:00:00,42754099999,DEVI AHILYABAI HOLKAR,22.722,75.801,28.4,1015.2,28.69
2016-11-01T06:00:00,42754099999,DEVI AHILYABAI HOLKAR,22.722,75.801,28.0,,30.38
2016-11-01T07:00:00,42754099999,DEVI AHILYABAI HOLKAR,22.722,75.801,29.0,,28.66
2016-11-01T09:00:00,42754099999,DEVI AHILYABAI HOLKAR,22.722,75.801,30.0,1011.9,24.27
2016-11-01T09:00:00,42754099999,DEVI AHILYABAI HOLKAR,22.722,75.801,30.0,,23.62
2016-11-01T11:00:00,42754099999,DEVI AHILYABAI HOLKAR,22.722,75.801,29.0,,25.02
2016-11-01T12:00:00,42754099999,DEVI AHILYABAI HOLKAR,22.722,75.801,28.4,1011.6,27.55
2016-11-01T12:00:00,42754099999,DEVI AHILYABAI HOLKAR,22.722,75.801,28.0,,28.39
2016-11-01T14:00:00,42754099999,DEVI AHILYABAI HOLKAR,22.722,75.801,24.0,,35.97
2016-11-01T15:00:00,42754099999,DEVI AHILYABAI HOLKAR,22.722,75.801,25.0,1014.4,33.2
2016-11-01T15:00:00,42754099999,DEVI AHILYABAI HOLKAR,22.722,75.801,25.0,,33.88
2016-11-01T18:00:00,42754099999,DEVI AHILYABAI HOLKAR,22.722,75.801,20.4,1015.4,50.24
2016-11-01T18:00:00,42754099999,DEVI AHILYABAI HOLKAR,22.722,75.801,20.0,,52.54
2016-11-01T21:00:00,42754099999,DEVI AHILYABAI HOLKAR,22.722,75.801,19.2,1013.1,56.34
2016-11-01T23:00:00,42754099999,DEVI AHILYABAI HOLKAR,22.722,75.801,18.0,,63.62
2016-11-02T00:00:00,42754099999,DEVI AHILYABAI HOLKAR,22.722,75.801,17.5,1014.4,63.09
2016-11-02T00:00:00,42754099999,DEVI AHILYABAI HOLKAR,22.722,75.801,17.0,,63.4
2016-11-02T01:00:00,42754099999,DEVI AHILYABAI HOLKAR,22.722,75.801,17.0,,59.28
2016-11-02T02:00:00,42754099999,DEVI AHILYABAI HOLKAR,22.722,75.801,18.0,,55.66
2016-11-02T03:00:00,42754099999,DEVI AHILYABAI HOLKAR,22.722,75.801,20.8,1016.4,49.34
2016-11-02T03:00:00,42754099999,DEVI AHILYABAI HOLKAR,22.722,75.801,21.0,,49.4
2016-11-02T04:00:00,42754099999,DEVI AHILYABAI HOLKAR,22.722,75.801,25.0,,38.78
2016-11-02T06:00:00,42754099999,DEVI AHILYABAI HOLKAR,22.722,75.801,27.8,1014.5,29.72
2016-11-02T06:00:00,42754099999,DEVI AHILYABAI HOLKAR,22.722,75.801,28.0,,30.38
2016-11-02T07:00:00,42754099999,DEVI AHILYABAI HOLKAR,22.722,75.801,29.0,,28.66
2016-11-02T09:00:00,42754099999,DEVI AHILYABAI HOLKAR,22.722,75.801,29.2,1011.5,28.72
2016-11-02T09:00:00,42754099999,DEVI AHILYABAI HOLKAR,22.722,75.801,29.0,,28.66
2016-11-02T10:00:00,42754099999,DEVI AHILYABAI HOLKAR,22.722,75.801,29.0,,30.66
2016-11-02T11:00:00,42754099999,DEVI AHILYABAI HOLKAR,22.722,75.801,29.0,,30.66
2016-11-02T12:00:00,42754099999,DEVI AHILYABAI HOLKAR,22.722,75.801,27.4,1011.5,33.43
2016-11-02T12:00:00,42754099999,DEVI AHILYABAI HOLKAR,22.722,75.801,27.0,,34.45
2016-11-02T13:00:00,42754099999,DEVI AHILYABAI HOLKAR,22.722,75.801,25.0,,38.78
2016-11-02T14:00:00,42754099999,DEVI AHILYABAI HOLKAR,22.722,75.801,23.0,,46.74
2016-11-02T15:00:00,42754099999,DEVI AHILYABAI HOLKAR,22.722,75.801,22.8,1016.6,46.38
2016-11-02T15:00:00,42754099999,DEVI AHILYABAI HOLKAR,22.722,75.801,23.0,,46.74
2016-11-02T18:00:00,42754099999,DEVI AHILYABAI HOLKAR,22.722,75.801,21.4,1015.4,56.14
2016-11-02T18:00:00,42754099999,DEVI AHILYABAI HOLKAR,22.722,75.801,21.0,,56.41
2016-11-02T21:00:00,42754099999,DEVI AHILYABAI HOLKAR,22.722,75.801,20.0,1014.1,65.34
2016-11-02T21:00:00,42754099999,DEVI AHILYABAI HOLKAR,22.722,75.801,20.0,,64.07
2016-11-03T00:00:00,42754099999,DEVI AHILYABAI HOLKAR,22.722,75.801,18.0,1014.8,81.05
2016-11-03T00:00:00,42754099999,DEVI AHILYABAI HOLKAR,22.722,75.801,18.0,,82.63
2016-11-03T03:00:00,42754099999,DEVI AHILYABAI HOLKAR,22.722,75.801,22.0,1016.3,52.37
2016-11-03T03:00:00,42754099999,DEVI AHILYABAI HOLKAR,22.722,75.801,22.0,,53.06
2016-11-03T06:00:00,42754099999,DEVI AHILYABAI HOLKAR,22.722,75.801,26.8,1015.8,37.01
2016-11-03T06:00:00,42754099999,DEVI AHILYABAI HOLKAR,22.722,75.801,27.0,,36.82
2016-11-03T09:00:00,42754099999,DEVI AHILYABAI HOLKAR,22.722,75.801,28.4,1011.7,35.77
2016-11-03T09:00:00,42754099999,DEVI AHILYABAI HOLKAR,22.722,75.801,28.0,,37.1
2016-11-03T10:30:00,42754099999,DEVI AHILYABAI HOLKAR,22.722,75.801,28.0,,37.1
2016-11-03T11:00:00,42754099999,DEVI AHILYABAI HOLKAR,22.722,75.801,28.0,,37.1
2016-11-03T12:00:00,42754099999,DEVI AHILYABAI HOLKAR,22.722,75.801,27.4,1011.5,37.67
2016-11-03T12:00:00,42754099999,DEVI AHILYABAI HOLKAR,22.722,75.801,27.0,,39.34
2016-11-03T13:00:00,42754099999,DEVI AHILYABAI HOLKAR,22.722,75.801,25.0,,41.45
2016-11-03T14:00:00,42754099999,DEVI AHILYABAI HOLKAR,22.722,75.801,24.0,,44.01
2016-11-03T15:00:00,42754099999,DEVI AHILYABAI HOLKAR,22.722,75.801,23.4,1013.9,44.43
2016-11-03T15:00:00,42754099999,DEVI AHILYABAI HOLKAR,22.722,75.801,23.0,,46.74
2016-11-03T18:00:00,42754099999,DEVI AHILYABAI HOLKAR,22.722,75.801,20.0,1015.4,65.34
2016-11-03T18:00:00,42754099999,DEVI AHILYABAI HOLKAR,22.722,75.801,20.0,,64.07
2016-11-03T21:00:00,42754099999,DEVI AHILYABAI HOLKAR,22.722,75.801,18.6,1013.7,70.82
2016-11-04T00:00:00,42754099999,DEVI AHILYABAI HOLKAR,22.722,75.801,17.6,1014.3,77.4
2016-11-04T00:00:00,42754099999,DEVI AHILYABAI HOLKAR,22.722,75.801,18.0,,77.46
2016-11-04T03:00:00,42754099999,DEVI AHILYABAI HOLKAR,22.722,75.801,19.4,1013.2,61.46
2016-11-04T03:00:00,42754099999,DEVI AHILYABAI HOLKAR,22.722,75.801,19.0,,63.85
2016-11-04T06:00:00,42754099999,DEVI AHILYABAI HOLKAR,22.722,75.801,27.0,1012.8,38.31
2016-11-04T06:00:00,42754099999,DEVI AHILYABAI HOLKAR,22.722,75.801,27.0,,39.34
2016-11-04T09:00:00,42754099999,DEVI AHILYABAI HOLKAR,22.722,75.801,28.8,1009.0,36.36
2016-11-04T09:00:00,42754099999,DEVI AHILYABAI HOLKAR,22.722,75.801,29.0,,35.01
2016-11-04T12:00:00,42754099999,DEVI AHILYABAI HOLKAR,22.722,75.801,27.4,1008.4,39.97
2016-11-04T12:00:00,42754099999,DEVI AHILYABAI HOLKAR,22.722,75.801,27.0,,42.01
2016-11-04T15:00:00,42754099999,DEVI AHILYABAI HOLKAR,22.722,75.801,22.6,1011.0,52.87
2016-11-04T15:00:00,42754099999,DEVI AHILYABAI HOLKAR,22.722,75.801,23.0,,49.93
2016-11-04T18:00:00,42754099999,DEVI AHILYABAI HOLKAR,22.722,75.801,20.0,,64.07
2016-11-04T21:00:00,42754099999,DEVI AHILYABAI HOLKAR,22.722,75.801,18.0,1010.5,63.62
2016-11-04T21:00:00,42754099999,DEVI AHILYABAI HOLKAR,22.722,75.801,18.0,,63.62
2016-11-04T23:00:00,42754099999,DEVI AHILYABAI HOLKAR,22.722,75.801,18.0,,63.62
2016-11-05T00:00:00,42754099999,DEVI AHILYABAI HOLKAR,22.722,75.801,16.6,1011.3,65.47
2016-11-05T00:00:00,42754099999,DEVI AHILYABAI HOLKAR,22.722,75.801,17.0,,63.4
2016-11-05T01:00:00,42754099999,DEVI AHILYABAI HOLKAR,22.722,75.801,16.0,,72.22
2016-11-05T02:00:00,42754099999,DEVI AHILYABAI HOLKAR,22.722,75.801,18.0,,67.97
2016-11-05T03:00:00,42754099999,DEVI AHILYABAI HOLKAR,22.722,75.801,20.4,1012.7,59.31
2016-11-05T03:00:00,42754099999,DEVI AHILYABAI HOLKAR,22.722,75.801,20.0,,60.0
2016-11-05T04:00:00,42754099999,DEVI AHILYABAI HOLKAR,22.722,75.801,24.0,,50.2
2016-11-05T06:00:00,42754099999,DEVI AHILYABAI HOLKAR,22.722,75.801,27.0,1010.9,40.65
2016-11-05T06:00:00,42754099999,DEVI AHILYABAI HOLKAR,22.722,75.801,27.0,,42.01
2016-11-05T09:00:00,42754099999,DEVI AHILYABAI HOLKAR,22.722,75.801,28.4,1007.8,34.84
2016-11-05T09:00:00,42754099999,DEVI AHILYABAI HOLKAR,22.722,75.801,28.0,,34.73
2016-11-05T12:00:00,42754099999,DEVI AHILYABAI HOLKAR,22.722,75.801,27.4,1007.8,35.49
2016-11-05T12:00:00,42754099999,DEVI AHILYABAI HOLKAR,22.722,75.801,27.0,,36.82
2016-11-05T15:00:00,42754099999,DEVI AHILYABAI HOLKAR,22.722,75.801,22.4,1010.7,50.1
2016-11-05T15:00:00,42754099999,DEVI AHILYABAI HOLKAR,22.722,75.801,22.0,,49.67
2016-11-05T18:00:00,42754099999,DEVI AHILYABAI HOLKAR,22.722,75.801,20.0,1011.7,65.34
2016-11-05T18:00:00,42754099999,DEVI AHILYABAI HOLKAR,22.722,75.801,20.0,,64.07
2016-11-05T21:00:00,42754099999,DEVI AHILYABAI HOLKAR,22.722,75.801,18.4,1009.8,74.09
2016-11-05T21:00:00,42754099999,DEVI AHILYABAI HOLKAR,22.722,75.801,18.0,,77.46
2016-11-06T00:00:00,42754099999,DEVI AHILYABAI HOLKAR,22.722,75.801,17.4,1010.4,76.87
2016-11-06T00:00:00,42754099999,DEVI AHILYABAI HOLKAR,22.722,75.801,17.0,,77.31
2016-11-06T01:00:00,42754099999,DEVI AHILYABAI HOLKAR,22.722,75.801,16.0,,72.22
2016-11-06T03:00:00,42754099999,DEVI AHILYABAI HOLKAR,22.722,75.801,18.2,1013.9,60.37
2016-11-06T03:00:00,42754099999,DEVI AHILYABAI HOLKAR,22.722,75.801,18.0,,59.52
2016-11-06T06:00:00,42754099999,DEVI AHILYABAI HOLKAR,22.722,75.801,28.0,1012.0,32.06
2016-11-06T06:00:00,42754099999,DEVI AHILYABAI HOLKAR,22.722,75.801,28.0,,32.49
2016-11-06T09:00:00,42754099999,DEVI AHILYABAI HOLKAR,22.722,75.801,29.0,1011.0,29.45
2016-11-06T09:00:00,42754099999,DEVI AHILYABAI HOLKAR,22.722,75.801,29.0,,28.66
2016-11-06T12:00:00,42754099999,DEVI AHILYABAI HOLKAR,22.722,75.801,28.0,1010.0,37.35
2016-11-06T12:00:00,42754099999,DEVI AHILYABAI HOLKAR,22.722,75.801,28.0,,37.1
2016-11-06T15:00:00,42754099999,DEVI AHILYABAI HOLKAR,22.722,75.801,22.0,1013.3,47.41
2016-11-06T15:00:00,42754099999,DEVI AHILYABAI HOLKAR,22.722,75.801,22.0,,46.47
2016-11-06T18:00:00,42754099999,DEVI AHILYABAI HOLKAR,22.722,75.801,20.2,1014.1,56.21
2016-11-06T18:00:00,42754099999,DEVI AHILYABAI HOLKAR,22.722,75.801,20.0,,56.16
2016-11-06T21:00:00,42754099999,DEVI AHILYABAI HOLKAR,22.722,75.801,18.6,1013.0,62.51
2016-11-06T21:00:00,42754099999,DEVI AHILYABAI HOLKAR,22.722,75.801,19.0,,59.76
2016-11-07T00:00:00,42754099999,DEVI AHILYABAI HOLKAR,22.722,75.801,17.6,1013.4,66.56
2016-11-07T00:00:00,42754099999,DEVI AHILYABAI HOLKAR,22.722,75.801,18.0,,63.62
2016-11-07T03:00:00,42754099999,DEVI AHILYABAI HOLKAR,22.722,75.801,20.0,1015.8,60.4
2016-11-07T03:00:00,42754099999,DEVI AHILYABAI HOLKAR,22.722,75.801,20.0,,60.0
2016-11-07T06:00:00,42754099999,DEVI AHILYABAI HOLKAR,22.722,75.801,28.6,1014.3,30.96
2016-11-07T06:00:00,42754099999,DEVI AHILYABAI HOLKAR,22.722,75.801,29.0,,30.66
2016-11-07T08:00:00,42754099999,DEVI AHILYABAI HOLKAR,22.722,75.801,30.0,,27.06
2016-11-07T09:00:00,42754099999,DEVI AHILYABAI HOLKAR,22.722,75.801,30.0,1010.6,27.98
2016-11-07T09:00:00,42754099999,DEVI AHILYABAI HOLKAR,22.722,75.801,30.0,,27.06
2016-11-07T10:00:00,42754099999,DEVI AHILYABAI HOLKAR,22.722,75.801,29.0,,30.66
2016-11-07T11:00:00,42754099999,DEVI AHILYABAI HOLKAR,22.722,75.801,29.0,,30.66
2016-11-07T12:00:00,42754099999,DEVI AHILYABAI HOLKAR,22.722,75.801,28.4,1010.7,31.96
2016-11-07T12:00:00,42754099999,DEVI AHILYABAI HOLKAR,22.722,75.801,28.0,,32.49
2016-11-07T13:00:00,42754099999,DEVI AHILYABAI HOLKAR,22.722,75.801,25.0,,44.28
2016-11-07T14:00:00,42754099999,DEVI AHILYABAI HOLKAR,22.722,75.801,23.0,,46.74
2016-11-07T15:00:00,42754099999,DEVI AHILYABAI HOLKAR,22.722,75.801,22.0,1013.8,51.0
2016-11-07T15:00:00,42754099999,DEVI AHILYABAI HOLKAR,22.722,75.801,22.0,,49.67
2016-11-07T18:00:00,42754099999,DEVI AHILYABAI HOLKAR,22.722,75.801,20.0,1014.3,49.79
2016-11-07T18:00:00,42754099999,DEVI AHILYABAI HOLKAR,22.722,75.801,20.0,,49.13
2016-11-07T21:00:00,42754099999,DEVI AHILYABAI HOLKAR,22.722,75.801,18.8,1013.2,54.38
2016-11-07T21:00:00,42754099999,DEVI AHILYABAI HOLKAR,22.722,75.801,19.0,,52.28
2016-11-08T00:00:00,42754099999,DEVI AHILYABAI HOLKAR,22.722,75.801,15.0,1015.3,63.81
2016-11-08T00:00:00,42754099999,DEVI AHILYABAI HOLKAR,22.722,75.801,15.0,,62.95
2016-11-08T02:00:00,42754099999,DEVI AHILYABAI HOLKAR,22.722,75.801,15.0,,62.95
2016-11-08T03:00:00,42754099999,DEVI AHILYABAI HOLKAR,22.722,75.801,20.4,1016.2,53.35
2016-11-08T03:00:00,42754099999,DEVI AHILYABAI HOLKAR,22.722,75.801,20.0,,56.16
2016-11-08T04:00:00,42754099999,DEVI AHILYABAI HOLKAR,22.722,75.801,25.0,,36.26
2016-11-08T05:00:00,42754099999,DEVI AHILYABAI HOLKAR,22.722,75.801,27.0,,32.21
2016-11-08T06:00:00,42754099999,DEVI AHILYABAI HOLKAR,22.722,75.801,28.0,1014.5,28.01
2016-11-08T06:00:00,42754099999,DEVI AHILYABAI HOLKAR,22.722,75.801,28.0,,28.39
2016-11-08T07:00:00,42754099999,DEVI AHILYABAI HOLKAR,22.722,75.801,29.0,,25.02
2016-11-08T08:00:00,42754099999,DEVI AHILYABAI HOLKAR,22.722,75.801,29.0,,25.02
2016-11-08T09:00:00,42754099999,DEVI AHILYABAI HOLKAR,22.722,75.801,29.8,1011.6,24.89
2016-11-08T09:00:00,42754099999,DEVI AHILYABAI HOLKAR,22.722,75.801,30.0,,25.29
2016-11-08T12:00:00,42754099999,DEVI AHILYABAI HOLKAR,22.722,75.801,28.4,1012.1,30.7
2016-11-08T12:00:00,42754099999,DEVI AHILYABAI HOLKAR,22.722,75.801,28.0,,30.38
2016-11-08T15:00:00,42754099999,DEVI AHILYABAI HOLKAR,22.722,75.801,22.4,1014.9,43.27
2016-11-08T15:00:00,42754099999,DEVI AHILYABAI HOLKAR,22.722,75.801,22.0,,43.45
2016-11-08T18:00:00,42754099999,DEVI AHILYABAI HOLKAR,22.722,75.801,18.6,1016.6,49.42
2016-11-08T18:00:00,42754099999,DEVI AHILYABAI HOLKAR,22.722,75.801,19.0,,48.86
2016-11-08T21:00:00,42754099999,DEVI AHILYABAI HOLKAR,22.722,75.801,17.2,1015.6,53.97
2016-11-08T21:00:00,42754099999,DEVI AHILYABAI HOLKAR,22.722,75.801,17.0,,55.4
2016-11-08T23:00:00,42754099999,DEVI AHILYABAI HOLKAR,22.722,75.801,16.0,,59.04
2016-11-09T00:00:00,42754099999,DEVI AHILYABAI HOLKAR,22.722,75.801,16.2,1016.3,59.49
2016-11-09T00:00:00,42754099999,DEVI AHILYABAI HOLKAR,22.722,75.801,16.0,,59.04
2016-11-09T01:00:00,42754099999,DEVI AHILYABAI HOLKAR,22.722,75.801,15.0,,72.03
2016-11-09T02:00:00,42754099999,DEVI AHILYABAI HOLKAR,22.722,75.801,16.0,,67.56
2016-11-09T03:00:00,42754099999,DEVI AHILYABAI HOLKAR,22.722,75.801,18.4,1016.9,60.42
2016-11-09T03:00:00,42754099999,DEVI AHILYABAI HOLKAR,22.722,75.801,18.0,,63.62
2016-11-09T04:00:00,42754099999,DEVI AHILYABAI HOLKAR,22.722,75.801,25.0,,36.26
2016-11-09T05:00:00,42754099999,DEVI AHILYABAI HOLKAR,22.722,75.801,28.0,,30.38
2016-11-09T06:00:00,42754099999,DEVI AHILYABAI HOLKAR,22.722,75.801,28.6,1015.6,25.96
2016-11-09T06:00:00,42754099999,DEVI AHILYABAI HOLKAR,22.722,75.801,29.0,,25.02
2016-11-09T07:00:00,42754099999,DEVI AHILYABAI HOLKAR,22.722,75.801,29.0,,26.79
2016-11-09T09:00:00,42754099999,DEVI AHILYABAI HOLKAR,22.722,75.801,29.8,1012.3,26.82
2016-11-09T09:00:00,42754099999,DEVI AHILYABAI HOLKAR,22.722,75.801,30.0,,27.06
2016-11-09T11:00:00,42754099999,DEVI AHILYABAI HOLKAR,22.722,75.801,29.0,,30.66
2016-11-09T12:00:00,42754099999,DEVI AHILYABAI HOLKAR,22.722,75.801,28.0,1012.9,34.27
2016-11-09T12:00:00,42754099999,DEVI AHILYABAI HOLKAR,22.722,75.801,28.0,,34.73
2016-11-09T15:00:00,42754099999,DEVI AHILYABAI HOLKAR,22.722,75.801,22.0,1016.0,45.24
2016-11-09T15:00:00,42754099999,DEVI AHILYABAI HOLKAR,22.722,75.801,22.0,,46.47
2016-11-09T18:00:00,42754099999,DEVI AHILYABAI HOLKAR,22.722,75.801,20.0,1016.1,57.29
2016-11-09T18:00:00,42754099999,DEVI AHILYABAI HOLKAR,22.722,75.801,20.0,,56.16
2016-11-09T21:00:00,42754099999,DEVI AHILYABAI HOLKAR,22.722,75.801,18.4,1014.7,60.42
2016-11-10T00:00:00,42754099999,DEVI AHILYABAI HOLKAR,22.722,75.801,16.4,1015.5,76.21
2016-11-10T00:00:00,42754099999,DEVI AHILYABAI HOLKAR,22.722,75.801,16.0,,77.16
2016-11-10T03:00:00,42754099999,DEVI AHILYABAI HOLKAR,22.722,75.801,20.4,1016.3,50.24
2016-11-10T03:00:00,42754099999,DEVI AHILYABAI HOLKAR,22.722,75.801,20.0,,52.54
2016-11-10T06:00:00,42754099999,DEVI AHILYABAI HOLKAR,22.722,75.801,28.8,1014.6,27.29
2016-11-10T06:00:00,42754099999,DEVI AHILYABAI HOLKAR,22.722,75.801,29.0,,26.79
2016-11-10T09:00:00,42754099999,DEVI AHILYABAI HOLKAR,22.722,75.801,30.4,1010.5,28.47
2016-11-10T09:00:00,42754099999,DEVI AHILYABAI HOLKAR,22.722,75.801,30.0,,28.94
2016-11-10T10:00:00,42754099999,DEVI AHILYABAI HOLKAR,22.722,75.801,30.0,,27.06
2016-11-10T11:00:00,42754099999,DEVI AHILYABAI HOLKAR,22.722,75.801,29.0,,28.66
2016-11-10T12:00:00,42754099999,DEVI AHILYABAI HOLKAR,22.722,75.801,29.0,1010.6,31.49
2016-11-10T12:00:00,42754099999,DEVI AHILYABAI HOLKAR,22.722,75.801,29.0,,30.66
2016-11-10T13:00:00,42754099999,DEVI AHILYABAI HOLKAR,22.722,75.801,24.0,,44.01
2016-11-10T14:00:00,42754099999,DEVI AHILYABAI HOLKAR,22.722,75.801,22.0,,46.47
2016-11-10T15:00:00,42754099999,DEVI AHILYABAI HOLKAR,22.722,75.801,20.4,1014.4,53.35
2016-11-10T15:00:00,42754099999,DEVI AHILYABAI HOLKAR,22.722,75.801,20.0,,56.16
2016-11-10T18:00:00,42754099999,DEVI AHILYABAI HOLKAR,22.722,75.801,20.2,1014.2,48.52
2016-11-10T18:00:00,42754099999,DEVI AHILYABAI HOLKAR,22.722,75.801,20.0,,49.13
2016-11-10T21:00:00,42754099999,DEVI AHILYABAI HOLKAR,22.722,75.801,18.2,1013.2,58.78
2016-11-11T00:00:00,42754099999,DEVI AHILYABAI HOLKAR,22.722,75.801,15.0,1013.8,67.36
2016-11-11T00:00:00,42754099999,DEVI AHILYABAI HOLKAR,22.722,75.801,15.0,,72.03
2016-11-11T02:00:00,42754099999,DEVI AHILYABAI HOLKAR,22.722,75.801,16.0,,67.56
2016-11-11T03:00:00,42754099999,DEVI AHILYABAI HOLKAR,22.722,75.801,22.2,1014.7,56.71
2016-11-11T03:00:00,42754099999,DEVI AHILYABAI HOLKAR,22.722,75.801,22.0,,56.66
2016-11-11T03:30:00,42754099999,DEVI AHILYABAI HOLKAR,22.722,75.801,25.0,,41.45
2016-11-11T04:00:00,42754099999,DEVI AHILYABAI HOLKAR,22.722,75.801,27.0,,39.34
2016-11-11T05:00:00,42754099999,DEVI AHILYABAI HOLKAR,22.722,75.801,29.0,,30.66
2016-11-11T06:00:00,42754099999,DEVI AHILYABAI HOLKAR,22.722,75.801,28.6,1013.8,30.96
2016-11-11T06:00:00,42754099999,DEVI AHILYABAI HOLKAR,22.722,75.801,29.0,,30.66
2016-11-11T09:00:00,42754099999,DEVI AHILYABAI HOLKAR,22.722,75.801,30.4,1010.1,30.43
2016-11-11T09:00:00,42754099999,DEVI AHILYABAI HOLKAR,22.722,75.801,30.0,,30.93
2016-11-11T12:00:00,42754099999,DEVI AHILYABAI HOLKAR,22.722,75.801,29.0,1010.0,33.43
2016-11-11T12:00:00,42754099999,DEVI AHILYABAI HOLKAR,22.722,75.801,29.0,,32.77
2016-11-11T15:00:00,42754099999,DEVI AHILYABAI HOLKAR,22.722,75.801,22.0,1013.5,52.37
2016-11-11T15:00:00,42754099999,DEVI AHILYABAI HOLKAR,22.722,75.801,22.0,,53.06
2016-11-11T18:00:00,42754099999,DEVI AHILYABAI HOLKAR,22.722,75.801,19.2,1013.8,58.24
2016-11-11T21:00:00,42754099999,DEVI AHILYABAI HOLKAR,22.722,75.801,17.4,1012.9,60.99
2016-11-11T23:00:00,42754099999,DEVI AHILYABAI HOLKAR,22.722,75.801,16.0,,63.17
2016-11-12T00:00:00,42754099999,DEVI AHILYABAI HOLKAR,22.722,75.801,15.0,1013.5,73.49
2016-11-12T00:00:00,42754099999,DEVI AHILYABAI HOLKAR,22.722,75.801,15.0,,72.03
2016-11-12T01:00:00,42754099999,DEVI AHILYABAI HOLKAR,22.722,75.801,15.0,,67.36
2016-11-12T03:00:00,42754099999,DEVI AHILYABAI HOLKAR,22.722,75.801,19.6,1016.2,56.81
2016-11-12T03:00:00,42754099999,DEVI AHILYABAI HOLKAR,22.722,75.801,20.0,,56.16
2016-11-12T04:00:00,42754099999,DEVI AHILYABAI HOLKAR,22.722,75.801,26.0,,41.73
2016-11-12T06:00:00,42754099999,DEVI AHILYABAI HOLKAR,22.722,75.801,28.8,1014.3,31.22
2016-11-12T06:00:00,42754099999,DEVI AHILYABAI HOLKAR,22.722,75.801,29.0,,30.66
2016-11-12T08:00:00,42754099999,DEVI AHILYABAI HOLKAR,22.722,75.801,29.0,,32.77
2016-11-12T09:00:00,42754099999,DEVI AHILYABAI HOLKAR,22.722,75.801,29.6,1011.3,31.24
2016-11-12T09:00:00,42754099999,DEVI AHILYABAI HOLKAR,22.722,75.801,30.0,,30.93
2016-11-12T10:00:00,42754099999,DEVI AHILYABAI HOLKAR,22.722,75.801,30.0,,33.05
2016-11-12T11:00:00,42754099999,DEVI AHILYABAI HOLKAR,22.722,75.801,31.0,,33.32
2016-11-12T12:00:00,42754099999,DEVI AHILYABAI HOLKAR,22.722,75.801,28.0,1011.7,35.19
2016-11-12T12:00:00,42754099999,DEVI AHILYABAI HOLKAR,22.722,75.801,28.0,,34.73
2016-11-12T13:00:00,42754099999,DEVI AHILYABAI HOLKAR,22.722,75.801,25.0,,44.28
2016-11-12T15:00:00,42754099999,DEVI AHILYABAI HOLKAR,22.722,75.801,22.0,1014.8,53.77
2016-11-12T15:00:00,42754099999,DEVI AHILYABAI HOLKAR,22.722,75.801,22.0,,53.06
2016-11-12T18:00:00,42754099999,DEVI AHILYABAI HOLKAR,22.722,75.801,20.2,1015.7,64.11
2016-11-12T18:00:00,42754099999,DEVI AHILYABAI HOLKAR,22.722,75.801,20.0,,64.07
2016-11-12T21:00:00,42754099999,DEVI AHILYABAI HOLKAR,22.722,75.801,18.4,1014.5,72.18
2016-11-13T00:00:00,42754099999,DEVI AHILYABAI HOLKAR,22.722,75.801,16.4,1015.2,76.21
2016-11-13T00:00:00,42754099999,DEVI AHILYABAI HOLKAR,22.722,75.801,16.0,,77.16
2016-11-13T03:00:00,42754099999,DEVI AHILYABAI HOLKAR,22.722,75.801,20.0,1014.7,60.4
2016-11-13T06:00:00,42754099999,DEVI AHILYABAI HOLKAR,22.722,75.801,28.0,1015.2,34.27
2016-11-13T06:00:00,42754099999,DEVI AHILYABAI HOLKAR,22.722,75.801,28.0,,34.73
2016-11-13T07:00:00,42754099999,DEVI AHILYABAI HOLKAR,22.722,75.801,29.0,,30.66
2016-11-13T09:00:00,42754099999,DEVI AHILYABAI HOLKAR,22.722,75.801,28.6,1012.9,38.26
2016-11-13T09:00:00,42754099999,DEVI AHILYABAI HOLKAR,22.722,75.801,29.0,,37.38
2016-11-13T12:00:00,42754099999,DEVI AHILYABAI HOLKAR,22.722,75.801,26.4,1013.4,37.64
2016-11-13T12:00:00,42754099999,DEVI AHILYABAI HOLKAR,22.722,75.801,26.0,,39.06
2016-11-13T13:00:00,42754099999,DEVI AHILYABAI HOLKAR,22.722,75.801,24.0,,50.2
2016-11-13T15:00:00,42754099999,DEVI AHILYABAI HOLKAR,22.722,75.801,21.2,1015.9,60.28
2016-11-13T15:00:00,42754099999,DEVI AHILYABAI HOLKAR,22.722,75.801,21.0,,60.24
2016-11-13T18:00:00,42754099999,DEVI AHILYABAI HOLKAR,22.722,75.801,18.6,1016.6,67.21
2016-11-13T18:00:00,42754099999,DEVI AHILYABAI HOLKAR,22.722,75.801,19.0,,63.85
2016-11-13T21:00:00,42754099999,DEVI AHILYABAI HOLKAR,22.722,75.801,17.0,1015.5,73.36
2016-11-14T00:00:00,42754099999,DEVI AHILYABAI HOLKAR,22.722,75.801,15.2,1016.1,69.7
2016-11-14T00:00:00,42754099999,DEVI AHILYABAI HOLKAR,22.722,75.801,15.0,,72.03
2016-11-14T01:00:00,42754099999,DEVI AHILYABAI HOLKAR,22.722,75.801,15.0,,77.0
2016-11-14T02:00:00,42754099999,DEVI AHILYABAI HOLKAR,22.722,75.801,17.0,,67.77
2016-11-14T03:00:00,42754099999,DEVI AHILYABAI HOLKAR,22.722,75.801,18.6,1017.0,65.9
2016-11-14T03:00:00,42754099999,DEVI AHILYABAI HOLKAR,22.722,75.801,19.0,,63.85
2016-11-14T04:00:00,42754099999,DEVI AHILYABAI HOLKAR,22.722,75.801,25.0,,41.45
2016-11-14T06:00:00,42754099999,DEVI AHILYABAI HOLKAR,22.722,75.801,26.8,1015.0,39.28
2016-11-14T06:00:00,42754099999,DEVI AHILYABAI HOLKAR,22.722,75.801,27.0,,39.34
2016-11-14T07:00:00,42754099999,DEVI AHILYABAI HOLKAR,22.722,75.801,27.0,,39.34
2016-11-14T09:00:00,42754099999,DEVI AHILYABAI HOLKAR,22.722,75.801,28.6,1011.7,38.26
2016-11-14T09:00:00,42754099999,DEVI AHILYABAI HOLKAR,22.722,75.801,29.0,,37.38
2016-11-14T12:00:00,42754099999,DEVI AHILYABAI HOLKAR,22.722,75.801,27.4,1012.0,37.67
2016-11-14T12:00:00,42754099999,DEVI AHILYABAI HOLKAR,22.722,75.801,27.0,,39.34
2016-11-14T15:00:00,42754099999,DEVI AHILYABAI HOLKAR,22.722,75.801,22.4,1014.7,50.1
2016-11-14T15:00:00,42754099999,DEVI AHILYABAI HOLKAR,22.722,75.801,22.0,,49.67
2016-11-14T18:00:00,42754099999,DEVI AHILYABAI HOLKAR,22.722,75.801,18.6,1016.2,58.88
2016-11-14T18:00:00,42754099999,DEVI AHILYABAI HOLKAR,22.722,75.801,19.0,,55.91
2016-11-14T21:00:00,42754099999,DEVI AHILYABAI HOLKAR,22.722,75.801,16.8,1015.3,63.78
2016-11-15T00:00:00,42754099999,DEVI AHILYABAI HOLKAR,22.722,75.801,14.2,1015.4,76.87
2016-11-15T00:00:00,42754099999,DEVI AHILYABAI HOLKAR,22.722,75.801,14.0,,76.84
2016-11-15T02:00:00,42754099999,DEVI AHILYABAI HOLKAR,22.722,75.801,14.0,,82.14
2016-11-15T03:00:00,42754099999,DEVI AHILYABAI HOLKAR,22.722,75.801,,1016.4,
2016-11-15T03:00:00,42754099999,DEVI AHILYABAI HOLKAR,22.722,75.801,19.0,,63.85
2016-11-15T03:30:00,42754099999,DEVI AHILYABAI HOLKAR,22.722,75.801,23.0,,49.93
2016-11-15T04:00:00,42754099999,DEVI AHILYABAI HOLKAR,22.722,75.801,23.0,,49.93
2016-11-15T05:00:00,42754099999,DEVI AHILYABAI HOLKAR,22.722,75.801,25.0,,44.28
2016-11-15T06:00:00,42754099999,DEVI AHILYABAI HOLKAR,22.722,75.801,26.6,1014.6,37.7
2016-11-15T06:00:00,42754099999,DEVI AHILYABAI HOLKAR,22.722,75.801,27.0,,36.82
2016-11-15T07:00:00,42754099999,DEVI AHILYABAI HOLKAR,22.722,75.801,28.0,,37.1
2016-11-15T08:00:00,42754099999,DEVI AHILYABAI HOLKAR,22.722,75.801,28.0,,37.1
2016-11-15T09:00:00,42754099999,DEVI AHILYABAI HOLKAR,22.722,75.801,28.4,1011.7,35.77
2016-11-15T09:00:00,42754099999,DEVI AHILYABAI HOLKAR,22.722,75.801,28.0,,37.1
2016-11-15T10:00:00,42754099999,DEVI AHILYABAI HOLKAR,22.722,75.801,29.0,,37.38
2016-11-15T11:00:00,42754099999,DEVI AHILYABAI HOLKAR,22.722,75.801,28.0,,39.62
2016-11-15T12:00:00,42754099999,DEVI AHILYABAI HOLKAR,22.722,75.801,27.4,1011.7,37.67
2016-11-15T12:00:00,42754099999,DEVI AHILYABAI HOLKAR,22.722,75.801,27.0,,39.34
2016-11-15T13:00:00,42754099999,DEVI AHILYABAI HOLKAR,22.722,75.801,25.0,,41.45
2016-11-15T14:00:00,42754099999,DEVI AHILYABAI HOLKAR,22.722,75.801,23.0,,46.74
2016-11-15T15:00:00,42754099999,DEVI AHILYABAI HOLKAR,22.722,75.801,22.4,1014.7,50.1
2016-11-15T15:00:00,42754099999,DEVI AHILYABAI HOLKAR,22.722,75.801,22.0,,49.67
2016-11-15T18:00:00,42754099999,DEVI AHILYABAI HOLKAR,22.722,75.801,20.2,1015.7,56.21
2016-11-15T18:00:00,42754099999,DEVI AHILYABAI HOLKAR,22.722,75.801,20.0,,56.16
2016-11-15T21:00:00,42754099999,DEVI AHILYABAI HOLKAR,22.722,75.801,17.6,1014.7,66.56
2016-11-16T00:00:00,42754099999,DEVI AHILYABAI HOLKAR,22.722,75.801,15.2,1015.5,77.54
2016-11-16T00:00:00,42754099999,DEVI AHILYABAI HOLKAR,22.722,75.801,15.0,,77.0
2016-11-16T03:00:00,42754099999,DEVI AHILYABAI HOLKAR,22.722,75.801,20.0,1017.0,57.29
2016-11-16T03:00:00,42754099999,DEVI AHILYABAI HOLKAR,22.722,75.801,20.0,,56.16
2016-11-16T06:00:00,42754099999,DEVI AHILYABAI HOLKAR,22.722,75.801,26.4,1015.8,41.02
2016-11-16T06:00:00,42754099999,DEVI AHILYABAI HOLKAR,22.722,75.801,26.0,,41.73
2016-11-16T09:00:00,42754099999,DEVI AHILYABAI HOLKAR,22.722,75.801,28.6,1012.5,38.26
2016-11-16T09:00:00,42754099999,DEVI AHILYABAI HOLKAR,22.722,75.801,29.0,,37.38
2016-11-16T11:00:00,42754099999,DEVI AHILYABAI HOLKAR,22.722,75.801,28.0,,39.62
2016-11-16T12:00:00,42754099999,DEVI AHILYABAI HOLKAR,22.722,75.801,27.0,1012.8,39.34
2016-11-16T12:00:00,42754099999,DEVI AHILYABAI HOLKAR,22.722,75.801,27.0,,39.34
2016-11-16T14:00:00,42754099999,DEVI AHILYABAI HOLKAR,22.722,75.801,23.0,,49.93
2016-11-16T15:00:00,42754099999,DEVI AHILYABAI HOLKAR,22.722,75.801,21.4,1015.7,51.52
2016-11-16T15:00:00,42754099999,DEVI AHILYABAI HOLKAR,22.722,75.801,21.0,,52.8
2016-11-16T18:00:00,42754099999,DEVI AHILYABAI HOLKAR,22.722,75.801,17.6,1017.5,64.82
2016-11-16T18:00:00,42754099999,DEVI AHILYABAI HOLKAR,22.722,75.801,18.0,,63.62
2016-11-16T21:00:00,42754099999,DEVI AHILYABAI HOLKAR,22.722,75.801,15.8,1016.8,72.18
2016-11-16T21:00:00,42754099999,DEVI AHILYABAI HOLKAR,22.722,75.801,16.0,,72.22
2016-11-17T00:00:00,42754099999,DEVI AHILYABAI HOLKAR,22.722,75.801,15.4,1017.3,69.74
2016-11-17T00:00:00,42754099999,DEVI AHILYABAI HOLKAR,22.722,75.801,15.0,,72.03
2016-11-17T01:00:00,42754099999,DEVI AHILYABAI HOLKAR,22.722,75.801,16.0,,67.56
2016-11-17T02:00:00,42754099999,DEVI AHILYABAI HOLKAR,22.722,75.801,15.0,,72.03
2016-11-17T03:00:00,42754099999,DEVI AHILYABAI HOLKAR,22.722,75.801,20.0,1018.3,57.29
2016-11-17T03:00:00,42754099999,DEVI AHILYABAI HOLKAR,22.722,75.801,20.0,,56.16
2016-11-17T05:00:00,42754099999,DEVI AHILYABAI HOLKAR,22.722,75.801,25.0,,41.45
2016-11-17T06:00:00,42754099999,DEVI AHILYABAI HOLKAR,22.722,75.801,26.6,1016.8,40.01
2016-11-17T06:00:00,42754099999,DEVI AHILYABAI HOLKAR,22.722,75.801,27.0,,39.34
2016-11-17T07:00:00,42754099999,DEVI AHILYABAI HOLKAR,22.722,75.801,27.0,,39.34
2016-11-17T09:00:00,42754099999,DEVI AHILYABAI HOLKAR,22.722,75.801,27.6,1013.3,39.25
2016-11-17T09:00:00,42754099999,DEVI AHILYABAI HOLKAR,22.722,75.801,28.0,,39.62
2016-11-17T12:00:00,42754099999,DEVI AHILYABAI HOLKAR,22.722,75.801,26.4,1013.9,44.38
2016-11-17T12:00:00,42754099999,DEVI AHILYABAI HOLKAR,22.722,75.801,26.0,,44.56
2016-11-17T15:00:00,42754099999,DEVI AHILYABAI HOLKAR,22.722,75.801,22.0,1015.3,52.37
2016-11-17T15:00:00,42754099999,DEVI AHILYABAI HOLKAR,22.722,75.801,22.0,,53.06
2016-11-17T18:00:00,42754099999,DEVI AHILYABAI HOLKAR,22.722,75.801,18.0,1017.2,59.92
2016-11-17T18:00:00,42754099999,DEVI AHILYABAI HOLKAR,22.722,75.801,18.0,,59.52
2016-11-17T21:00:00,42754099999,DEVI AHILYABAI HOLKAR,22.722,75.801,16.0,1016.0,68.47
2016-11-17T23:00:00,42754099999,DEVI AHILYABAI HOLKAR,22.722,75.801,15.0,,72.03
2016-11-18T00:00:00,42754099999,DEVI AHILYABAI HOLKAR,22.722,75.801,15.2,1016.8,71.59
2016-11-18T00:00:00,42754099999,DEVI AHILYABAI HOLKAR,22.722,75.801,15.0,,72.03
2016-11-18T01:00:00,42754099999,DEVI AHILYABAI HOLKAR,22.722,75.801,14.0,,76.84
2016-11-18T02:00:00,42754099999,DEVI AHILYABAI HOLKAR,22.722,75.801,17.0,,63.4
2016-11-18T03:00:00,42754099999,DEVI AHILYABAI HOLKAR,22.722,75.801,19.6,1017.7,60.3
2016-11-18T03:00:00,42754099999,DEVI AHILYABAI HOLKAR,22.722,75.801,20.0,,60.0
2016-11-18T03:25:00,42754099999,DEVI AHILYABAI HOLKAR,22.722,75.801,21.0,,56.41
2016-11-18T04:00:00,42754099999,DEVI AHILYABAI HOLKAR,22.722,75.801,23.0,,53.32
2016-11-18T05:00:00,42754099999,DEVI AHILYABAI HOLKAR,22.722,75.801,25.0,,47.28
2016-11-18T06:00:00,42754099999,DEVI AHILYABAI HOLKAR,22.722,75.801,26.2,1015.5,41.78
2016-11-18T06:00:00,42754099999,DEVI AHILYABAI HOLKAR,22.722,75.801,26.0,,41.73
2016-11-18T07:00:00,42754099999,DEVI AHILYABAI HOLKAR,22.722,75.801,27.0,,39.34
2016-11-18T08:00:00,42754099999,DEVI AHILYABAI HOLKAR,22.722,75.801,28.0,,39.62
2016-11-18T09:00:00,42754099999,DEVI AHILYABAI HOLKAR,22.722,75.801,28.4,1011.5,37.95
2016-11-18T09:00:00,42754099999,DEVI AHILYABAI HOLKAR,22.722,75.801,28.0,,39.62
2016-11-18T10:00:00,42754099999,DEVI AHILYABAI HOLKAR,22.722,75.801,29.0,,32.77
2016-11-18T11:00:00,42754099999,DEVI AHILYABAI HOLKAR,22.722,75.801,28.0,,37.1
2016-11-18T12:00:00,42754099999,DEVI AHILYABAI HOLKAR,22.722,75.801,27.4,1011.4,37.67
2016-11-18T12:00:00,42754099999,DEVI AHILYABAI HOLKAR,22.722,75.801,27.0,,39.34
2016-11-18T13:00:00,42754099999,DEVI AHILYABAI HOLKAR,22.722,75.801,24.0,,44.01
2016-11-18T14:00:00,42754099999,DEVI AHILYABAI HOLKAR,22.722,75.801,21.0,,52.8
2016-11-18T15:00:00,42754099999,DEVI AHILYABAI HOLKAR,22.722,75.801,21.2,1014.1,54.27
2016-11-18T18:00:00,42754099999,DEVI AHILYABAI HOLKAR,22.722,75.801,20.0,1014.7,57.29
2016-11-18T18:00:00,42754099999,DEVI AHILYABAI HOLKAR,22.722,75.801,20.0,,56.16
2016-11-18T21:00:00,42754099999,DEVI AHILYABAI HOLKAR,22.722,75.801,17.4,1013.3,67.85
2016-11-18T21:00:00,42754099999,DEVI AHILYABAI HOLKAR,22.722,75.801,17.0,,67.77
2016-11-19T00:00:00,42754099999,DEVI AHILYABAI HOLKAR,22.722,75.801,15.2,1014.1,77.54
2016-11-19T03:00:00,42754099999,DEVI AHILYABAI HOLKAR,22.722,75.801,20.0,,65.34
2016-11-19T06:00:00,42754099999,DEVI AHILYABAI HOLKAR,22.722,75.801,27.8,1013.1,35.14
2016-11-19T06:00:00,42754099999,DEVI AHILYABAI HOLKAR,22.722,75.801,28.0,,34.73
2016-11-19T09:00:00,42754099999,DEVI AHILYABAI HOLKAR,22.722,75.801,28.4,1009.7,35.77
2016-11-19T09:00:00,42754099999,DEVI AHILYABAI HOLKAR,22.722,75.801,28.0,,37.1
2016-11-19T10:00:00,42754099999,DEVI AHILYABAI HOLKAR,22.722,75.801,29.0,,35.01
2016-11-19T12:00:00,42754099999,DEVI AHILYABAI HOLKAR,22.722,75.801,27.8,1009.5,37.29
2016-11-19T12:00:00,42754099999,DEVI AHILYABAI HOLKAR,22.722,75.801,28.0,,37.1
2016-11-19T13:00:00,42754099999,DEVI AHILYABAI HOLKAR,22.722,75.801,23.0,,46.74
2016-11-19T14:30:00,42754099999,DEVI AHILYABAI HOLKAR,22.722,75.801,21.0,,52.8
2016-11-19T15:00:00,42754099999,DEVI AHILYABAI HOLKAR,22.722,75.801,20.0,1013.0,57.29
2016-11-19T15:00:00,42754099999,DEVI AHILYABAI HOLKAR,22.722,75.801,20.0,,56.16
2016-11-19T18:00:00,42754099999,DEVI AHILYABAI HOLKAR,22.722,75.801,19.4,1013.7,56.76
2016-11-19T21:00:00,42754099999,DEVI AHILYABAI HOLKAR,22.722,75.801,18.8,1012.5,57.76
2016-11-19T21:00:00,42754099999,DEVI AHILYABAI HOLKAR,22.722,75.801,19.0,,55.91
2016-11-19T23:00:00,42754099999,DEVI AHILYABAI HOLKAR,22.722,75.801,16.0,,72.22
2016-11-20T00:00:00,42754099999,DEVI AHILYABAI HOLKAR,22.722,75.801,15.0,1013.9,73.49
2016-11-20T00:00:00,42754099999,DEVI AHILYABAI HOLKAR,22.722,75.801,15.0,,72.03
2016-11-20T01:00:00,42754099999,DEVI AHILYABAI HOLKAR,22.722,75.801,14.0,,87.75
2016-11-20T02:00:00,42754099999,DEVI AHILYABAI HOLKAR,22.722,75.801,16.0,,77.16
2016-11-20T03:00:00,42754099999,DEVI AHILYABAI HOLKAR,22.722,75.801,19.4,1014.4,61.46
2016-11-20T03:00:00,42754099999,DEVI AHILYABAI HOLKAR,22.722,75.801,19.0,,63.85
2016-11-20T04:00:00,42754099999,DEVI AHILYABAI HOLKAR,22.722,75.801,25.0,,47.28
2016-11-20T05:00:00,42754099999,DEVI AHILYABAI HOLKAR,22.722,75.801,27.0,,42.01
2016-11-20T06:00:00,42754099999,DEVI AHILYABAI HOLKAR,22.722,75.801,27.2,1013.2,42.06
2016-11-20T06:00:00,42754099999,DEVI AHILYABAI HOLKAR,22.722,75.801,27.0,,42.01
2016-11-20T07:00:00,42754099999,DEVI AHILYABAI HOLKAR,22.722,75.801,29.0,,42.56
2016-11-20T09:00:00,42754099999,DEVI AHILYABAI HOLKAR,22.722,75.801,30.0,1009.6,37.91
2016-11-20T09:00:00,42754099999,DEVI AHILYABAI HOLKAR,22.722,75.801,30.0,,37.66
2016-11-20T12:00:00,42754099999,DEVI AHILYABAI HOLKAR,22.722,75.801,28.0,1009.8,46.28
2016-11-20T12:00:00,42754099999,DEVI AHILYABAI HOLKAR,22.722,75.801,28.0,,45.1
2016-11-20T15:00:00,42754099999,DEVI AHILYABAI HOLKAR,22.722,75.801,21.4,1013.3,56.14
2016-11-20T15:00:00,42754099999,DEVI AHILYABAI HOLKAR,22.722,75.801,21.0,,56.41
2016-11-20T18:00:00,42754099999,DEVI AHILYABAI HOLKAR,22.722,75.801,19.2,1014.2,59.81
2016-11-20T18:00:00,42754099999,DEVI AHILYABAI HOLKAR,22.722,75.801,19.0,,59.76
2016-11-20T21:00:00,42754099999,DEVI AHILYABAI HOLKAR,22.722,75.801,17.8,1013.3,63.16
2016-11-20T21:00:00,42754099999,DEVI AHILYABAI HOLKAR,22.722,75.801,18.0,,63.62
2016-11-21T00:00:00,42754099999,DEVI AHILYABAI HOLKAR,22.722,75.801,14.8,1014.4,93.74
2016-11-21T00:00:00,42754099999,DEVI AHILYABAI HOLKAR,22.722,75.801,15.0,,93.75
2016-11-21T02:00:00,42754099999,DEVI AHILYABAI HOLKAR,22.722,75.801,16.0,,87.93
2016-11-21T03:00:00,42754099999,DEVI AHILYABAI HOLKAR,22.722,75.801,21.2,1015.0,69.5
2016-11-21T03:00:00,42754099999,DEVI AHILYABAI HOLKAR,22.722,75.801,21.0,,68.58
2016-11-21T04:00:00,42754099999,DEVI AHILYABAI HOLKAR,22.722,75.801,27.0,,47.82
2016-11-21T05:00:00,42754099999,DEVI AHILYABAI HOLKAR,22.722,75.801,28.0,,39.62
2016-11-21T06:00:00,42754099999,DEVI AHILYABAI HOLKAR,22.722,75.801,28.8,1012.8,41.69
2016-11-21T06:00:00,42754099999,DEVI AHILYABAI HOLKAR,22.722,75.801,29.0,,42.56
2016-11-21T07:00:00,42754099999,DEVI AHILYABAI HOLKAR,22.722,75.801,29.0,,39.9
2016-11-21T08:00:00,42754099999,DEVI AHILYABAI HOLKAR,22.722,75.801,29.0,,42.56
2016-11-21T09:00:00,42754099999,DEVI AHILYABAI HOLKAR,22.722,75.801,29.6,1010.1,40.58
2016-11-21T09:00:00,42754099999,DEVI AHILYABAI HOLKAR,22.722,75.801,30.0,,40.17
2016-11-21T10:00:00,42754099999,DEVI AHILYABAI HOLKAR,22.722,75.801,30.0,,37.66
2016-11-21T11:00:00,42754099999,DEVI AHILYABAI HOLKAR,22.722,75.801,29.0,,37.38
2016-11-21T12:00:00,42754099999,DEVI AHILYABAI HOLKAR,22.722,75.801,27.6,1010.5,43.56
2016-11-21T12:00:00,42754099999,DEVI AHILYABAI HOLKAR,22.722,75.801,28.0,,42.28
2016-11-21T13:00:00,42754099999,DEVI AHILYABAI HOLKAR,22.722,75.801,25.0,,47.28
2016-11-21T14:00:00,42754099999,DEVI AHILYABAI HOLKAR,22.722,75.801,24.0,,47.01
2016-11-21T15:00:00,42754099999,DEVI AHILYABAI HOLKAR,22.722,75.801,21.0,1014.3,53.86
2016-11-21T15:00:00,42754099999,DEVI AHILYABAI HOLKAR,22.722,75.801,21.0,,52.8
2016-11-21T18:00:00,42754099999,DEVI AHILYABAI HOLKAR,22.722,75.801,19.2,1015.0,63.06
2016-11-21T18:00:00,42754099999,DEVI AHILYABAI HOLKAR,22.722,75.801,19.0,,63.85
2016-11-21T21:00:00,42754099999,DEVI AHILYABAI HOLKAR,22.722,75.801,16.4,1014.1,76.21
2016-11-22T00:00:00,42754099999,DEVI AHILYABAI HOLKAR,22.722,75.801,15.0,1014.8,79.59
2016-11-22T00:00:00,42754099999,DEVI AHILYABAI HOLKAR,22.722,75.801,15.0,,77.0
2016-11-22T03:00:00,42754099999,DEVI AHILYABAI HOLKAR,22.722,75.801,20.6,1014.4,65.89
2016-11-22T03:00:00,42754099999,DEVI AHILYABAI HOLKAR,22.722,75.801,21.0,,64.29
2016-11-22T04:00:00,42754099999,DEVI AHILYABAI HOLKAR,22.722,75.801,25.0,,47.28
2016-11-22T05:00:00,42754099999,DEVI AHILYABAI HOLKAR,22.722,75.801,28.0,,39.62
2016-11-22T06:00:00,42754099999,DEVI AHILYABAI HOLKAR,22.722,75.801,27.8,1013.4,39.3
2016-11-22T06:00:00,42754099999,DEVI AHILYABAI HOLKAR,22.722,75.801,28.0,,39.62
2016-11-22T07:00:00,42754099999,DEVI AHILYABAI HOLKAR,22.722,75.801,28.0,,42.28
2016-11-22T08:00:00,42754099999,DEVI AHILYABAI HOLKAR,22.722,75.801,29.0,,39.9
2016-11-22T09:00:00,42754099999,DEVI AHILYABAI HOLKAR,22.722,75.801,28.8,1010.7,40.62
2016-11-22T09:00:00,42754099999,DEVI AHILYABAI HOLKAR,22.722,75.801,29.0,,39.9
2016-11-22T10:00:00,42754099999,DEVI AHILYABAI HOLKAR,22.722,75.801,29.0,,39.9
2016-11-22T11:00:00,42754099999,DEVI AHILYABAI HOLKAR,22.722,75.801,28.0,,37.1
2016-11-22T12:00:00,42754099999,DEVI AHILYABAI HOLKAR,22.722,75.801,27.4,1010.6,38.94
2016-11-22T12:00:00,42754099999,DEVI AHILYABAI HOLKAR,22.722,75.801,27.0,,39.34
2016-11-22T14:00:00,42754099999,DEVI AHILYABAI HOLKAR,22.722,75.801,23.0,,49.93
2016-11-22T15:00:00,42754099999,DEVI AHILYABAI HOLKAR,22.722,75.801,22.0,1013.3,51.0
2016-11-22T15:00:00,42754099999,DEVI AHILYABAI HOLKAR,22.722,75.801,22.0,,49.67
2016-11-22T18:00:00,42754099999,DEVI AHILYABAI HOLKAR,22.722,75.801,17.4,1014.7,69.67
2016-11-22T18:00:00,42754099999,DEVI AHILYABAI HOLKAR,22.722,75.801,17.0,,72.4
2016-11-22T21:00:00,42754099999,DEVI AHILYABAI HOLKAR,22.722,75.801,15.6,1013.7,79.68
2016-11-22T21:00:00,42754099999,DEVI AHILYABAI HOLKAR,22.722,75.801,16.0,,77.16
2016-11-23T02:00:00,42754099999,DEVI AHILYABAI HOLKAR,22.722,75.801,15.0,,87.84
2016-11-23T03:00:00,42754099999,DEVI AHILYABAI HOLKAR,22.722,75.801,20.4,1014.4,59.31
2016-11-23T03:00:00,42754099999,DEVI AHILYABAI HOLKAR,22.722,75.801,20.0,,60.0
2016-11-23T06:00:00,42754099999,DEVI AHILYABAI HOLKAR,22.722,75.801,27.6,1013.0,42.45
2016-11-23T06:00:00,42754099999,DEVI AHILYABAI HOLKAR,22.722,75.801,28.0,,42.28
2016-11-23T09:00:00,42754099999,DEVI AHILYABAI HOLKAR,22.722,75.801,28.6,1010.0,39.27
2016-11-23T12:00:00,42754099999,DEVI AHILYABAI HOLKAR,22.722,75.801,27.0,1010.6,41.73
2016-11-23T12:00:00,42754099999,DEVI AHILYABAI HOLKAR,22.722,75.801,27.0,,42.01
2016-11-23T15:00:00,42754099999,DEVI AHILYABAI HOLKAR,22.722,75.801,21.2,1013.7,57.21
2016-11-23T15:00:00,42754099999,DEVI AHILYABAI HOLKAR,22.722,75.801,21.0,,56.41
2016-11-23T18:00:00,42754099999,DEVI AHILYABAI HOLKAR,22.722,75.801,19.0,1014.7,64.27
2016-11-23T18:00:00,42754099999,DEVI AHILYABAI HOLKAR,22.722,75.801,19.0,,63.85
2016-11-23T21:00:00,42754099999,DEVI AHILYABAI HOLKAR,22.722,75.801,16.6,1013.4,65.47
2016-11-23T21:00:00,42754099999,DEVI AHILYABAI HOLKAR,22.722,75.801,17.0,,63.4
2016-11-24T00:00:00,42754099999,DEVI AHILYABAI HOLKAR,22.722,75.801,14.6,1014.3,79.01
2016-11-24T00:00:00,42754099999,DEVI AHILYABAI HOLKAR,22.722,75.801,15.0,,77.0
2016-11-24T03:00:00,42754099999,DEVI AHILYABAI HOLKAR,22.722,75.801,20.0,1015.8,60.4
2016-11-24T03:00:00,42754099999,DEVI AHILYABAI HOLKAR,22.722,75.801,20.0,,60.0
2016-11-24T06:00:00,42754099999,DEVI AHILYABAI HOLKAR,22.722,75.801,27.0,1014.5,41.73
2016-11-24T06:00:00,42754099999,DEVI AHILYABAI HOLKAR,22.722,75.801,27.0,,42.01
2016-11-24T08:00:00,42754099999,DEVI AHILYABAI HOLKAR,22.722,75.801,28.0,,39.62
2016-11-24T09:00:00,42754099999,DEVI AHILYABAI HOLKAR,22.722,75.801,28.6,1010.7,39.27
2016-11-24T09:00:00,42754099999,DEVI AHILYABAI HOLKAR,22.722,75.801,29.0,,37.38
2016-11-24T11:00:00,42754099999,DEVI AHILYABAI HOLKAR,22.722,75.801,28.0,,39.62
2016-11-24T12:00:00,42754099999,DEVI AHILYABAI HOLKAR,22.722,75.801,27.0,1011.8,40.65
2016-11-24T12:00:00,42754099999,DEVI AHILYABAI HOLKAR,22.722,75.801,27.0,,42.01
2016-11-24T13:00:00,42754099999,DEVI AHILYABAI HOLKAR,22.722,75.801,24.0,,47.01
2016-11-24T15:00:00,42754099999,DEVI AHILYABAI HOLKAR,22.722,75.801,22.4,1014.6,50.1
2016-11-24T15:00:00,42754099999,DEVI AHILYABAI HOLKAR,22.722,75.801,22.0,,49.67
2016-11-24T18:00:00,42754099999,DEVI AHILYABAI HOLKAR,22.722,75.801,20.4,1015.4,54.79
2016-11-24T18:00:00,42754099999,DEVI AHILYABAI HOLKAR,22.722,75.801,20.0,,56.16
2016-11-24T21:00:00,42754099999,DEVI AHILYABAI HOLKAR,22.722,75.801,18.0,1014.2,67.08
2016-11-24T21:00:00,42754099999,DEVI AHILYABAI HOLKAR,22.722,75.801,18.0,,67.97
2016-11-25T00:00:00,42754099999,DEVI AHILYABAI HOLKAR,22.722,75.801,16.6,1014.8,74.75
2016-11-25T00:00:00,42754099999,DEVI AHILYABAI HOLKAR,22.722,75.801,17.0,,72.4
2016-11-25T03:00:00,42754099999,DEVI AHILYABAI HOLKAR,22.722,75.801,20.0,1016.2,62.0
2016-11-25T03:00:00,42754099999,DEVI AHILYABAI HOLKAR,22.722,75.801,20.0,,60.0
2016-11-25T04:00:00,42754099999,DEVI AHILYABAI HOLKAR,22.722,75.801,24.0,,47.01
2016-11-25T06:00:00,42754099999,DEVI AHILYABAI HOLKAR,22.722,75.801,25.8,1015.0,45.09
2016-11-25T06:00:00,42754099999,DEVI AHILYABAI HOLKAR,22.722,75.801,26.0,,44.56
2016-11-25T07:00:00,42754099999,DEVI AHILYABAI HOLKAR,22.722,75.801,28.0,,39.62
2016-11-25T09:00:00,42754099999,DEVI AHILYABAI HOLKAR,22.722,75.801,29.2,1011.1,34.83
2016-11-25T09:00:00,42754099999,DEVI AHILYABAI HOLKAR,22.722,75.801,29.0,,35.01
2016-11-25T12:00:00,42754099999,DEVI AHILYABAI HOLKAR,22.722,75.801,27.0,1010.7,42.84
2016-11-25T12:00:00,42754099999,DEVI AHILYABAI HOLKAR,22.722,75.801,27.0,,42.01
2016-11-25T15:00:00,42754099999,DEVI AHILYABAI HOLKAR,22.722,75.801,20.0,1014.1,58.83
2016-11-25T15:00:00,42754099999,DEVI AHILYABAI HOLKAR,22.722,75.801,20.0,,60.0
2016-11-25T18:00:00,42754099999,DEVI AHILYABAI HOLKAR,22.722,75.801,19.4,1014.0,59.86
2016-11-25T18:00:00,42754099999,DEVI AHILYABAI HOLKAR,22.722,75.801,19.0,,59.76
2016-11-25T21:00:00,42754099999,DEVI AHILYABAI HOLKAR,22.722,75.801,17.2,1013.2,66.03
2016-11-25T21:00:00,42754099999,DEVI AHILYABAI HOLKAR,22.722,75.801,17.0,,67.77
2016-11-26T00:00:00,42754099999,DEVI AHILYABAI HOLKAR,22.722,75.801,15.4,1013.9,71.63
2016-11-26T00:00:00,42754099999,DEVI AHILYABAI HOLKAR,22.722,75.801,15.0,,72.03
2016-11-26T01:00:00,42754099999,DEVI AHILYABAI HOLKAR,22.722,75.801,14.0,,76.84
2016-11-26T03:00:00,42754099999,DEVI AHILYABAI HOLKAR,22.722,75.801,16.8,1016.8,67.28
2016-11-26T03:00:00,42754099999,DEVI AHILYABAI HOLKAR,22.722,75.801,17.0,,67.77
2016-11-26T04:00:00,42754099999,DEVI AHILYABAI HOLKAR,22.722,75.801,24.0,,47.01
2016-11-26T05:00:00,42754099999,DEVI AHILYABAI HOLKAR,22.722,75.801,26.0,,29.82
2016-11-26T06:00:00,42754099999,DEVI AHILYABAI HOLKAR,22.722,75.801,27.0,1015.0,28.5
2016-11-26T06:00:00,42754099999,DEVI AHILYABAI HOLKAR,22.722,75.801,27.0,,28.12
2016-11-26T07:00:00,42754099999,DEVI AHILYABAI HOLKAR,22.722,75.801,28.0,,26.52
2016-11-26T08:00:00,42754099999,DEVI AHILYABAI HOLKAR,22.722,75.801,29.0,,23.36
2016-11-26T09:00:00,42754099999,DEVI AHILYABAI HOLKAR,22.722,75.801,29.2,1011.4,23.09
2016-11-26T09:00:00,42754099999,DEVI AHILYABAI HOLKAR,22.722,75.801,29.0,,23.36
2016-11-26T12:00:00,42754099999,DEVI AHILYABAI HOLKAR,22.722,75.801,28.0,1011.5,29.97
2016-11-26T12:00:00,42754099999,DEVI AHILYABAI HOLKAR,22.722,75.801,28.0,,30.38
2016-11-26T15:00:00,42754099999,DEVI AHILYABAI HOLKAR,22.722,75.801,22.0,1014.6,45.24
2016-11-26T15:00:00,42754099999,DEVI AHILYABAI HOLKAR,22.722,75.801,22.0,,46.47
2016-11-26T18:00:00,42754099999,DEVI AHILYABAI HOLKAR,22.722,75.801,19.5,1015.2,50.34
2016-11-26T18:00:00,42754099999,DEVI AHILYABAI HOLKAR,22.722,75.801,19.0,,52.28
2016-11-26T21:00:00,42754099999,DEVI AHILYABAI HOLKAR,22.722,75.801,18.0,1014.0,54.17
2016-11-26T21:00:00,42754099999,DEVI AHILYABAI HOLKAR,22.722,75.801,18.0,,55.66
2016-11-26T23:00:00,42754099999,DEVI AHILYABAI HOLKAR,22.722,75.801,16.0,,63.17
2016-11-27T00:00:00,42754099999,DEVI AHILYABAI HOLKAR,22.722,75.801,14.6,1014.9,69.11
2016-11-27T00:00:00,42754099999,DEVI AHILYABAI HOLKAR,22.722,75.801,15.0,,67.36
2016-11-27T02:00:00,42754099999,DEVI AHILYABAI HOLKAR,22.722,75.801,16.0,,55.14
2016-11-27T03:00:00,42754099999,DEVI AHILYABAI HOLKAR,22.722,75.801,21.4,1015.9,37.49
2016-11-27T03:00:00,42754099999,DEVI AHILYABAI HOLKAR,22.722,75.801,21.0,,37.64
2016-11-27T06:00:00,42754099999,DEVI AHILYABAI HOLKAR,22.722,75.801,26.6,1015.0,29.99
2016-11-27T09:00:00,42754099999,DEVI AHILYABAI HOLKAR,22.722,75.801,29.4,1011.4,27.08
2016-11-27T09:00:00,42754099999,DEVI AHILYABAI HOLKAR,22.722,75.801,29.0,,28.66
2016-11-27T12:00:00,42754099999,DEVI AHILYABAI HOLKAR,22.722,75.801,27.4,1011.1,33.43
2016-11-27T12:00:00,42754099999,DEVI AHILYABAI HOLKAR,22.722,75.801,27.0,,34.45
2016-11-27T15:00:00,42754099999,DEVI AHILYABAI HOLKAR,22.722,75.801,22.0,1013.9,44.04
2016-11-27T15:00:00,42754099999,DEVI AHILYABAI HOLKAR,22.722,75.801,22.0,,43.45
2016-11-27T18:00:00,42754099999,DEVI AHILYABAI HOLKAR,22.722,75.801,19.6,1014.7,52.09
2016-11-27T18:00:00,42754099999,DEVI AHILYABAI HOLKAR,22.722,75.801,19.0,,52.28
2016-11-27T21:00:00,42754099999,DEVI AHILYABAI HOLKAR,22.722,75.801,16.6,1013.4,65.47
2016-11-27T21:00:00,42754099999,DEVI AHILYABAI HOLKAR,22.722,75.801,17.0,,63.4
2016-11-28T00:00:00,42754099999,DEVI AHILYABAI HOLKAR,22.722,75.801,15.0,1014.4,75.48
2016-11-28T00:00:00,42754099999,DEVI AHILYABAI HOLKAR,22.722,75.801,15.0,,77.0
2016-11-28T03:00:00,42754099999,DEVI AHILYABAI HOLKAR,22.722,75.801,17.6,1016.4,57.85
2016-11-28T03:00:00,42754099999,DEVI AHILYABAI HOLKAR,22.722,75.801,18.0,,55.66
2016-11-28T06:00:00,42754099999,DEVI AHILYABAI HOLKAR,22.722,75.801,27.4,1014.6,26.17
2016-11-28T06:00:00,42754099999,DEVI AHILYABAI HOLKAR,22.722,75.801,27.0,,26.25
2016-11-28T08:00:00,42754099999,DEVI AHILYABAI HOLKAR,22.722,75.801,29.0,,23.36
2016-11-28T09:00:00,42754099999,DEVI AHILYABAI HOLKAR,22.722,75.801,28.8,1011.5,26.19
2016-11-28T09:00:00,42754099999,DEVI AHILYABAI HOLKAR,22.722,75.801,29.0,,25.02
2016-11-28T11:00:00,42754099999,DEVI AHILYABAI HOLKAR,22.722,75.801,28.0,,28.39
2016-11-28T12:00:00,42754099999,DEVI AHILYABAI HOLKAR,22.722,75.801,27.0,1011.1,28.5
2016-11-28T12:00:00,42754099999,DEVI AHILYABAI HOLKAR,22.722,75.801,27.0,,28.12
2016-11-28T13:00:00,42754099999,DEVI AHILYABAI HOLKAR,22.722,75.801,25.0,,33.88
2016-11-28T14:00:00,42754099999,DEVI AHILYABAI HOLKAR,22.722,75.801,22.0,,49.67
2016-11-28T15:00:00,42754099999,DEVI AHILYABAI HOLKAR,22.722,75.801,20.4,1014.7,56.26
2016-11-28T15:00:00,42754099999,DEVI AHILYABAI HOLKAR,22.722,75.801,20.0,,56.16
2016-11-28T18:00:00,42754099999,DEVI AHILYABAI HOLKAR,22.722,75.801,18.6,1016.1,58.88
2016-11-28T18:00:00,42754099999,DEVI AHILYABAI HOLKAR,22.722,75.801,19.0,,55.91
2016-11-28T21:00:00,42754099999,DEVI AHILYABAI HOLKAR,22.722,75.801,17.0,1014.7,62.56
2016-11-28T21:00:00,42754099999,DEVI AHILYABAI HOLKAR,22.722,75.801,17.0,,63.4
2016-11-29T00:00:00,42754099999,DEVI AHILYABAI HOLKAR,22.722,75.801,15.0,1015.5,69.66
2016-11-29T00:00:00,42754099999,DEVI AHILYABAI HOLKAR,22.722,75.801,15.0,,67.36
2016-11-29T03:00:00,42754099999,DEVI AHILYABAI HOLKAR,22.722,75.801,17.8,1016.3,64.86
2016-11-29T03:00:00,42754099999,DEVI AHILYABAI HOLKAR,22.722,75.801,18.0,,63.62
2016-11-29T03:30:00,42754099999,DEVI AHILYABAI HOLKAR,22.722,75.801,24.0,,41.17
2016-11-29T04:00:00,42754099999,DEVI AHILYABAI HOLKAR,22.722,75.801,26.0,,34.17
2016-11-29T04:30:00,42754099999,DEVI AHILYABAI HOLKAR,22.722,75.801,27.0,,32.21
2016-11-29T05:00:00,42754099999,DEVI AHILYABAI HOLKAR,22.722,75.801,27.0,,28.12
2016-11-29T06:00:00,42754099999,DEVI AHILYABAI HOLKAR,22.722,75.801,27.8,1015.0,24.7
2016-11-29T06:00:00,42754099999,DEVI AHILYABAI HOLKAR,22.722,75.801,28.0,,24.76
2016-11-29T07:00:00,42754099999,DEVI AHILYABAI HOLKAR,22.722,75.801,28.0,,21.54
2016-11-29T08:00:00,42754099999,DEVI AHILYABAI HOLKAR,22.722,75.801,29.0,,20.32
2016-11-29T09:00:00,42754099999,DEVI AHILYABAI HOLKAR,22.722,75.801,29.8,1011.6,25.75
2016-11-29T09:00:00,42754099999,DEVI AHILYABAI HOLKAR,22.722,75.801,30.0,,25.29
2016-11-29T10:00:00,42754099999,DEVI AHILYABAI HOLKAR,22.722,75.801,30.0,,25.29
2016-11-29T11:00:00,42754099999,DEVI AHILYABAI HOLKAR,22.722,75.801,29.0,,26.79
2016-11-29T12:00:00,42754099999,DEVI AHILYABAI HOLKAR,22.722,75.801,27.6,1011.6,29.46
2016-11-29T12:00:00,42754099999,DEVI AHILYABAI HOLKAR,22.722,75.801,28.0,,28.39
2016-11-29T13:00:00,42754099999,DEVI AHILYABAI HOLKAR,22.722,75.801,25.0,,38.78
2016-11-29T14:00:00,42754099999,DEVI AHILYABAI HOLKAR,22.722,75.801,23.0,,40.89
2016-11-29T15:00:00,42754099999,DEVI AHILYABAI HOLKAR,22.722,75.801,20.4,1015.2,50.24
2016-11-29T15:00:00,42754099999,DEVI AHILYABAI HOLKAR,22.722,75.801,20.0,,52.54
2016-11-29T18:00:00,42754099999,DEVI AHILYABAI HOLKAR,22.722,75.801,18.2,1015.8,60.37
2016-11-29T18:00:00,42754099999,DEVI AHILYABAI HOLKAR,22.722,75.801,18.0,,59.52
2016-11-29T21:00:00,42754099999,DEVI AHILYABAI HOLKAR,22.722,75.801,16.8,1014.8,63.78
2016-11-29T21:00:00,42754099999,DEVI AHILYABAI HOLKAR,22.722,75.801,17.0,,63.4
2016-11-30T00:00:00,42754099999,DEVI AHILYABAI HOLKAR,22.722,75.801,15.4,1014.9,71.63
2016-11-30T00:00:00,42754099999,DEVI AHILYABAI HOLKAR,22.722,75.801,15.0,,72.03
2016-11-30T01:00:00,42754099999,DEVI AHILYABAI HOLKAR,22.722,75.801,15.0,,87.84
2016-11-30T02:00:00,42754099999,DEVI AHILYABAI HOLKAR,22.722,75.801,16.0,,67.56
2016-11-30T03:00:00,42754099999,DEVI AHILYABAI HOLKAR,22.722,75.801,21.2,1016.2,49.78
2016-11-30T03:00:00,42754099999,DEVI AHILYABAI HOLKAR,22.722,75.801,21.0,,49.4
2016-11-30T05:00:00,42754099999,DEVI AHILYABAI HOLKAR,22.722,75.801,27.0,,32.21
2016-11-30T06:00:00,42754099999,DEVI AHILYABAI HOLKAR,22.722,75.801,28.0,1014.9,27.07
2016-11-30T06:00:00,42754099999,DEVI AHILYABAI HOLKAR,22.722,75.801,28.0,,26.52
2016-11-30T07:00:00,42754099999,DEVI AHILYABAI HOLKAR,22.722,75.801,29.0,,25.02
2016-11-30T09:00:00,42754099999,DEVI AHILYABAI HOLKAR,22.722,75.801,30.6,1011.4,25.1
2016-11-30T09:00:00,42754099999,DEVI AHILYABAI HOLKAR,22.722,75.801,31.0,,23.88
2016-11-30T12:00:00,42754099999,DEVI AHILYABAI HOLKAR,22.722,75.801,28.4,1011.6,28.69
2016-11-30T12:00:00,42754099999,DEVI AHILYABAI HOLKAR,22.722,75.801,28.0,,28.39
2016-11-30T15:00:00,42754099999,DEVI AHILYABAI HOLKAR,22.722,75.801,22.6,1014.2,48.85
2016-11-30T15:00:00,42754099999,DEVI AHILYABAI HOLKAR,22.722,75.801,23.0,,46.74
2016-11-30T18:00:00,42754099999,DEVI AHILYABAI HOLKAR,22.722,75.801,18.8,1014.9,56.24
2016-11-30T18:00:00,42754099999,DEVI AHILYABAI HOLKAR,22.722,75.801,19.0,,55.91
2016-11-30T21:00:00,42754099999,DEVI AHILYABAI HOLKAR,22.722,75.801,17.0,1014.3,62.56
2016-11-30T21:00:00,42754099999,DEVI AHILYABAI HOLKAR,22.722,75.801,17.0,,63.4
2016-11-30T23:00:00,42754099999,DEVI AHILYABAI HOLKAR,22.722,75.801,16.0,,
2016-12-01T00:00:00,42754099999,DEVI AHILYABAI HOLKAR,22.722,75.801,15.4,1014.8,69.74
2016-12-01T00:00:00,42754099999,DEVI AHILYABAI HOLKAR,22.722,75.801,15.0,,72.03
2016-12-01T01:00:00,42754099999,DEVI AHILYABAI HOLKAR,22.722,75.801,15.0,,72.03
2016-12-01T03:00:00,42754099999,DEVI AHILYABAI HOLKAR,22.722,75.801,21.6,1015.6,54.73
2016-12-01T03:00:00,42754099999,DEVI AHILYABAI HOLKAR,22.722,75.801,22.0,,53.06
2016-12-01T04:00:00,42754099999,DEVI AHILYABAI HOLKAR,22.722,75.801,25.0,,41.45
2016-12-01T05:00:00,42754099999,DEVI AHILYABAI HOLKAR,22.722,75.801,27.0,,34.45
2016-12-01T06:00:00,42754099999,DEVI AHILYABAI HOLKAR,22.722,75.801,27.4,1014.4,32.32
2016-12-01T06:00:00,42754099999,DEVI AHILYABAI HOLKAR,22.722,75.801,27.0,,32.21
2016-12-01T07:00:00,42754099999,DEVI AHILYABAI HOLKAR,22.722,75.801,28.0,,30.38
2016-12-01T08:00:00,42754099999,DEVI AHILYABAI HOLKAR,22.722,75.801,29.0,,32.77
2016-12-01T09:00:00,42754099999,DEVI AHILYABAI HOLKAR,22.722,75.801,29.4,1011.1,28.01
2016-12-01T09:00:00,42754099999,DEVI AHILYABAI HOLKAR,22.722,75.801,29.0,,28.66
2016-12-01T12:00:00,42754099999,DEVI AHILYABAI HOLKAR,22.722,75.801,27.4,1011.6,34.56
2016-12-01T12:00:00,42754099999,DEVI AHILYABAI HOLKAR,22.722,75.801,27.0,,34.45
2016-12-01T15:00:00,42754099999,DEVI AHILYABAI HOLKAR,22.722,75.801,22.0,1015.2,52.37
2016-12-01T15:00:00,42754099999,DEVI AHILYABAI HOLKAR,22.722,75.801,22.0,,53.06
2016-12-01T18:00:00,42754099999,DEVI AHILYABAI HOLKAR,22.722,75.801,21.2,1015.2,51.47
2016-12-01T18:00:00,42754099999,DEVI AHILYABAI HOLKAR,22.722,75.801,21.0,,52.8
2016-12-01T21:00:00,42754099999,DEVI AHILYABAI HOLKAR,22.722,75.801,19.0,1014.4,59.37
2016-12-01T21:00:00,42754099999,DEVI AHILYABAI HOLKAR,22.722,75.801,19.0,,59.76
2016-12-02T00:00:00,42754099999,DEVI AHILYABAI HOLKAR,22.722,75.801,15.4,1016.4,67.89
2016-12-02T00:00:00,42754099999,DEVI AHILYABAI HOLKAR,22.722,75.801,15.0,,67.36
2016-12-02T02:00:00,42754099999,DEVI AHILYABAI HOLKAR,22.722,75.801,16.0,,67.56
2016-12-02T03:00:00,42754099999,DEVI AHILYABAI HOLKAR,22.722,75.801,18.8,1017.8,56.24
2016-12-02T03:00:00,42754099999,DEVI AHILYABAI HOLKAR,22.722,75.801,19.0,,55.91
2016-12-02T06:00:00,42754099999,DEVI AHILYABAI HOLKAR,22.722,75.801,25.8,1015.8,31.02
2016-12-02T06:00:00,42754099999,DEVI AHILYABAI HOLKAR,22.722,75.801,26.0,,29.82
2016-12-02T09:00:00,42754099999,DEVI AHILYABAI HOLKAR,22.722,75.801,27.2,1012.8,29.95
2016-12-02T09:00:00,42754099999,DEVI AHILYABAI HOLKAR,22.722,75.801,27.0,,30.1
2016-12-02T11:00:00,42754099999,DEVI AHILYABAI HOLKAR,22.722,75.801,27.0,,32.21
2016-12-02T12:00:00,42754099999,DEVI AHILYABAI HOLKAR,22.722,75.801,25.2,1012.9,35.83
2016-12-02T12:00:00,42754099999,DEVI AHILYABAI HOLKAR,22.722,75.801,25.0,,36.26
2016-12-02T15:00:00,42754099999,DEVI AHILYABAI HOLKAR,22.722,75.801,20.4,1015.8,50.24
2016-12-02T15:00:00,42754099999,DEVI AHILYABAI HOLKAR,22.722,75.801,20.0,,52.54
2016-12-02T18:00:00,42754099999,DEVI AHILYABAI HOLKAR,22.722,75.801,18.0,1017.0,61.54
2016-12-02T18:00:00,42754099999,DEVI AHILYABAI HOLKAR,22.722,75.801,18.0,,63.62
2016-12-02T21:00:00,42754099999,DEVI AHILYABAI HOLKAR,22.722,75.801,16.2,1016.3,66.71
2016-12-02T21:00:00,42754099999,DEVI AHILYABAI HOLKAR,22.722,75.801,16.0,,67.56
2016-12-02T23:00:00,42754099999,DEVI AHILYABAI HOLKAR,22.722,75.801,15.0,,67.36
2016-12-03T00:00:00,42754099999,DEVI AHILYABAI HOLKAR,22.722,75.801,14.6,1016.7,71.0
2016-12-03T00:00:00,42754099999,DEVI AHILYABAI HOLKAR,22.722,75.801,15.0,,67.36
2016-12-03T01:00:00,42754099999,DEVI AHILYABAI HOLKAR,22.722,75.801,15.0,,67.36
2016-12-03T02:00:00,42754099999,DEVI AHILYABAI HOLKAR,22.722,75.801,14.0,,76.84
2016-12-03T03:00:00,42754099999,DEVI AHILYABAI HOLKAR,22.722,75.801,17.2,1018.8,64.3
2016-12-03T03:00:00,42754099999,DEVI AHILYABAI HOLKAR,22.722,75.801,17.0,,63.4
2016-12-03T06:00:00,42754099999,DEVI AHILYABAI HOLKAR,22.722,75.801,24.0,1018.1,54.63
2016-12-03T06:00:00,42754099999,DEVI AHILYABAI HOLKAR,22.722,75.801,24.0,,53.58
2016-12-03T09:00:00,42754099999,DEVI AHILYABAI HOLKAR,22.722,75.801,26.4,1013.9,43.23
2016-12-03T09:00:00,42754099999,DEVI AHILYABAI HOLKAR,22.722,75.801,26.0,,44.56
2016-12-03T10:00:00,42754099999,DEVI AHILYABAI HOLKAR,22.722,75.801,27.0,,42.01
2016-12-03T11:00:00,42754099999,DEVI AHILYABAI HOLKAR,22.722,75.801,26.0,,44.56
2016-12-03T12:00:00,42754099999,DEVI AHILYABAI HOLKAR,22.722,75.801,24.0,1015.1,53.58
2016-12-03T12:00:00,42754099999,DEVI AHILYABAI HOLKAR,22.722,75.801,24.0,,53.58
2016-12-03T13:00:00,42754099999,DEVI AHILYABAI HOLKAR,22.722,75.801,22.0,,53.06
2016-12-03T15:00:00,42754099999,DEVI AHILYABAI HOLKAR,22.722,75.801,21.2,1017.8,61.87
2016-12-03T15:00:00,42754099999,DEVI AHILYABAI HOLKAR,22.722,75.801,21.0,,64.29
2016-12-03T18:00:00,42754099999,DEVI AHILYABAI HOLKAR,22.722,75.801,18.4,1018.8,68.95
2016-12-03T18:00:00,42754099999,DEVI AHILYABAI HOLKAR,22.722,75.801,18.0,,72.58
2016-12-03T21:00:00,42754099999,DEVI AHILYABAI HOLKAR,22.722,75.801,16.0,1017.9,79.73
2016-12-03T21:00:00,42754099999,DEVI AHILYABAI HOLKAR,22.722,75.801,16.0,,77.16
2016-12-03T23:00:00,42754099999,DEVI AHILYABAI HOLKAR,22.722,75.801,15.0,,82.26
2016-12-04T00:00:00,42754099999,DEVI AHILYABAI HOLKAR,22.722,75.801,14.2,1018.1,76.87
2016-12-04T00:00:00,42754099999,DEVI AHILYABAI HOLKAR,22.722,75.801,14.0,,76.84
2016-12-04T03:00:00,42754099999,DEVI AHILYABAI HOLKAR,22.722,75.801,17.6,1020.4,75.41
2016-12-04T03:00:00,42754099999,DEVI AHILYABAI HOLKAR,22.722,75.801,18.0,,72.58
2016-12-04T04:00:00,42754099999,DEVI AHILYABAI HOLKAR,22.722,75.801,20.0,,64.07
2016-12-04T05:00:00,42754099999,DEVI AHILYABAI HOLKAR,22.722,75.801,22.0,,56.66
2016-12-04T06:00:00,42754099999,DEVI AHILYABAI HOLKAR,22.722,75.801,24.4,1018.6,52.31
2016-12-04T06:00:00,42754099999,DEVI AHILYABAI HOLKAR,22.722,75.801,24.0,,53.58
2016-12-04T09:00:00,42754099999,DEVI AHILYABAI HOLKAR,22.722,75.801,27.0,1014.7,45.12
2016-12-04T09:00:00,42754099999,DEVI AHILYABAI HOLKAR,22.722,75.801,27.0,,44.83
2016-12-04T12:00:00,42754099999,DEVI AHILYABAI HOLKAR,22.722,75.801,25.0,1015.2,49.17
2016-12-04T12:00:00,42754099999,DEVI AHILYABAI HOLKAR,22.722,75.801,25.0,,50.46
2016-12-04T14:00:00,42754099999,DEVI AHILYABAI HOLKAR,22.722,75.801,21.0,,56.41
2016-12-04T15:00:00,42754099999,DEVI AHILYABAI HOLKAR,22.722,75.801,20.2,1018.0,59.26
2016-12-04T15:00:00,42754099999,DEVI AHILYABAI HOLKAR,22.722,75.801,20.0,,60.0
2016-12-04T18:00:00,42754099999,DEVI AHILYABAI HOLKAR,22.722,75.801,17.6,1018.6,70.17
2016-12-04T18:00:00,42754099999,DEVI AHILYABAI HOLKAR,22.722,75.801,18.0,,67.97
2016-12-04T21:00:00,42754099999,DEVI AHILYABAI HOLKAR,22.722,75.801,15.6,1017.7,76.08
2016-12-04T21:00:00,42754099999,DEVI AHILYABAI HOLKAR,22.722,75.801,16.0,,72.22
2016-12-05T00:00:00,42754099999,DEVI AHILYABAI HOLKAR,22.722,75.801,13.6,1018.1,82.63
2016-12-05T00:00:00,42754099999,DEVI AHILYABAI HOLKAR,22.722,75.801,14.0,,82.14
2016-12-05T01:00:00,42754099999,DEVI AHILYABAI HOLKAR,22.722,75.801,13.0,,82.01
2016-12-05T02:00:00,42754099999,DEVI AHILYABAI HOLKAR,22.722,75.801,14.0,,76.84
2016-12-05T03:00:00,42754099999,DEVI AHILYABAI HOLKAR,22.722,75.801,17.6,1018.9,64.82
2016-12-05T03:00:00,42754099999,DEVI AHILYABAI HOLKAR,22.722,75.801,18.0,,63.62
2016-12-05T04:00:00,42754099999,DEVI AHILYABAI HOLKAR,22.722,75.801,21.0,,43.17
2016-12-05T05:00:00,42754099999,DEVI AHILYABAI HOLKAR,22.722,75.801,22.0,,37.92
2016-12-05T06:00:00,42754099999,DEVI AHILYABAI HOLKAR,22.722,75.801,23.0,1017.4,38.73
2016-12-05T06:00:00,42754099999,DEVI AHILYABAI HOLKAR,22.722,75.801,23.0,,38.21
2016-12-05T07:00:00,42754099999,DEVI AHILYABAI HOLKAR,22.722,75.801,24.0,,35.97
2016-12-05T08:00:00,42754099999,DEVI AHILYABAI HOLKAR,22.722,75.801,25.0,,31.65
2016-12-05T09:00:00,42754099999,DEVI AHILYABAI HOLKAR,22.722,75.801,25.6,1013.4,31.82
2016-12-05T09:00:00,42754099999,DEVI AHILYABAI HOLKAR,22.722,75.801,26.0,,31.93
2016-12-05T12:00:00,42754099999,DEVI AHILYABAI HOLKAR,22.722,75.801,24.0,1014.1,41.44
2016-12-05T12:00:00,42754099999,DEVI AHILYABAI HOLKAR,22.722,75.801,24.0,,41.17
2016-12-05T15:00:00,42754099999,DEVI AHILYABAI HOLKAR,22.722,75.801,19.0,1017.4,56.29
2016-12-05T15:00:00,42754099999,DEVI AHILYABAI HOLKAR,22.722,75.801,19.0,,55.91
2016-12-05T18:00:00,42754099999,DEVI AHILYABAI HOLKAR,22.722,75.801,16.6,1017.4,62.05
2016-12-05T18:00:00,42754099999,DEVI AHILYABAI HOLKAR,22.722,75.801,17.0,,59.28
2016-12-05T21:00:00,42754099999,DEVI AHILYABAI HOLKAR,22.722,75.801,14.6,1016.7,69.11
2016-12-05T21:00:00,42754099999,DEVI AHILYABAI HOLKAR,22.722,75.801,15.0,,67.36
2016-12-06T00:00:00,42754099999,DEVI AHILYABAI HOLKAR,22.722,75.801,12.8,1017.4,69.7
2016-12-06T00:00:00,42754099999,DEVI AHILYABAI HOLKAR,22.722,75.801,13.0,,66.93
2016-12-06T02:00:00,42754099999,DEVI AHILYABAI HOLKAR,22.722,75.801,16.0,,55.14
2016-12-06T03:00:00,42754099999,DEVI AHILYABAI HOLKAR,22.722,75.801,17.4,1018.4,49.43
2016-12-06T03:00:00,42754099999,DEVI AHILYABAI HOLKAR,22.722,75.801,17.0,,51.75
2016-12-06T04:00:00,42754099999,DEVI AHILYABAI HOLKAR,22.722,75.801,21.0,,43.17
2016-12-06T05:00:00,42754099999,DEVI AHILYABAI HOLKAR,22.722,75.801,23.0,,38.21
2016-12-06T06:00:00,42754099999,DEVI AHILYABAI HOLKAR,22.722,75.801,24.4,1016.7,30.0
2016-12-06T06:00:00,42754099999,DEVI AHILYABAI HOLKAR,22.722,75.801,24.0,,31.37
2016-12-06T07:00:00,42754099999,DEVI AHILYABAI HOLKAR,22.722,75.801,26.0,,27.84
2016-12-06T08:00:00,42754099999,DEVI AHILYABAI HOLKAR,22.722,75.801,26.0,,25.98
2016-12-06T09:00:00,42754099999,DEVI AHILYABAI HOLKAR,22.722,75.801,26.6,1013.4,26.87
2016-12-06T09:00:00,42754099999,DEVI AHILYABAI HOLKAR,22.722,75.801,27.0,,26.25
2016-12-06T11:00:00,42754099999,DEVI AHILYABAI HOLKAR,22.722,75.801,26.0,,31.93
2016-12-06T12:00:00,42754099999,DEVI AHILYABAI HOLKAR,22.722,75.801,25.4,1014.0,34.93
2016-12-06T12:00:00,42754099999,DEVI AHILYABAI HOLKAR,22.722,75.801,25.0,,36.26
2016-12-06T15:00:00,42754099999,DEVI AHILYABAI HOLKAR,22.722,75.801,20.0,1016.6,51.15
2016-12-06T15:00:00,42754099999,DEVI AHILYABAI HOLKAR,22.722,75.801,20.0,,52.54
2016-12-06T18:00:00,42754099999,DEVI AHILYABAI HOLKAR,22.722,75.801,18.4,1017.3,60.42
2016-12-06T18:00:00,42754099999,DEVI AHILYABAI HOLKAR,22.722,75.801,18.0,,63.62
2016-12-06T21:00:00,42754099999,DEVI AHILYABAI HOLKAR,22.722,75.801,16.0,1016.2,66.66
2016-12-06T21:00:00,42754099999,DEVI AHILYABAI HOLKAR,22.722,75.801,16.0,,67.56
2016-12-07T00:00:00,42754099999,DEVI AHILYABAI HOLKAR,22.722,75.801,14.0,1016.9,78.92
2016-12-07T00:00:00,42754099999,DEVI AHILYABAI HOLKAR,22.722,75.801,14.0,,76.84
2016-12-07T03:00:00,42754099999,DEVI AHILYABAI HOLKAR,22.722,75.801,18.0,1018.2,51.66
2016-12-07T03:00:00,42754099999,DEVI AHILYABAI HOLKAR,22.722,75.801,18.0,,52.01
2016-12-07T06:00:00,42754099999,DEVI AHILYABAI HOLKAR,22.722,75.801,25.0,1016.6,31.0
2016-12-07T06:00:00,42754099999,DEVI AHILYABAI HOLKAR,22.722,75.801,25.0,,31.65
2016-12-07T07:00:00,42754099999,DEVI AHILYABAI HOLKAR,22.722,75.801,26.0,,29.82
2016-12-07T09:00:00,42754099999,DEVI AHILYABAI HOLKAR,22.722,75.801,27.0,1013.4,30.72
2016-12-07T09:00:00,42754099999,DEVI AHILYABAI HOLKAR,22.722,75.801,27.0,,30.1
2016-12-07T10:00:00,42754099999,DEVI AHILYABAI HOLKAR,22.722,75.801,27.0,,32.21
2016-12-07T12:00:00,42754099999,DEVI AHILYABAI HOLKAR,22.722,75.801,25.0,1013.0,39.04
2016-12-07T12:00:00,42754099999,DEVI AHILYABAI HOLKAR,22.722,75.801,25.0,,38.78
2016-12-07T13:00:00,42754099999,DEVI AHILYABAI HOLKAR,22.722,75.801,23.0,,46.74
2016-12-07T15:00:00,42754099999,DEVI AHILYABAI HOLKAR,22.722,75.801,19.6,1016.2,60.3
2016-12-07T15:00:00,42754099999,DEVI AHILYABAI HOLKAR,22.722,75.801,20.0,,60.0
2016-12-07T18:00:00,42754099999,DEVI AHILYABAI HOLKAR,22.722,75.801,17.4,1017.1,67.85
2016-12-07T18:00:00,42754099999,DEVI AHILYABAI HOLKAR,22.722,75.801,17.0,,67.77
2016-12-07T21:00:00,42754099999,DEVI AHILYABAI HOLKAR,22.722,75.801,16.0,1016.2,74.16
2016-12-07T21:00:00,42754099999,DEVI AHILYABAI HOLKAR,22.722,75.801,16.0,,72.22
2016-12-08T00:00:00,42754099999,DEVI AHILYABAI HOLKAR,22.722,75.801,14.0,1016.8,82.68
2016-12-08T00:00:00,42754099999,DEVI AHILYABAI HOLKAR,22.722,75.801,14.0,,82.14
2016-12-08T03:00:00,42754099999,DEVI AHILYABAI HOLKAR,22.722,75.801,16.0,1017.5,74.16
2016-12-08T03:00:00,42754099999,DEVI AHILYABAI HOLKAR,22.722,75.801,16.0,,72.22
2016-12-08T06:00:00,42754099999,DEVI AHILYABAI HOLKAR,22.722,75.801,25.0,1015.7,34.35
2016-12-08T06:00:00,42754099999,DEVI AHILYABAI HOLKAR,22.722,75.801,25.0,,33.88
2016-12-08T09:00:00,42754099999,DEVI AHILYABAI HOLKAR,22.722,75.801,27.0,1012.6,33.99
2016-12-08T09:00:00,42754099999,DEVI AHILYABAI HOLKAR,22.722,75.801,27.0,,34.45
2016-12-08T12:00:00,42754099999,DEVI AHILYABAI HOLKAR,22.722,75.801,25.0,1012.6,39.04
2016-12-08T12:00:00,42754099999,DEVI AHILYABAI HOLKAR,22.722,75.801,25.0,,38.78
2016-12-08T15:00:00,42754099999,DEVI AHILYABAI HOLKAR,22.722,75.801,19.6,1015.2,61.91
2016-12-08T15:00:00,42754099999,DEVI AHILYABAI HOLKAR,22.722,75.801,20.0,,60.0
2016-12-08T18:00:00,42754099999,DEVI AHILYABAI HOLKAR,22.722,75.801,16.0,1016.7,61.08
2016-12-08T18:00:00,42754099999,DEVI AHILYABAI HOLKAR,22.722,75.801,16.0,,63.17
2016-12-08T21:00:00,42754099999,DEVI AHILYABAI HOLKAR,22.722,75.801,14.6,1015.7,67.27
2016-12-08T21:00:00,42754099999,DEVI AHILYABAI HOLKAR,22.722,75.801,15.0,,67.36
2016-12-09T00:00:00,42754099999,DEVI AHILYABAI HOLKAR,22.722,75.801,12.6,1016.5,77.66
2016-12-09T00:00:00,42754099999,DEVI AHILYABAI HOLKAR,22.722,75.801,13.0,,76.68
2016-12-09T01:00:00,42754099999,DEVI AHILYABAI HOLKAR,22.722,75.801,11.0,,81.75
2016-12-09T02:00:00,42754099999,DEVI AHILYABAI HOLKAR,22.722,75.801,11.0,,87.48
2016-12-09T03:00:00,42754099999,DEVI AHILYABAI HOLKAR,22.722,75.801,15.4,1015.8,64.33
2016-12-09T03:00:00,42754099999,DEVI AHILYABAI HOLKAR,22.722,75.801,15.0,,67.36
2016-12-09T03:30:00,42754099999,DEVI AHILYABAI HOLKAR,22.722,75.801,20.0,,52.54
2016-12-09T04:00:00,42754099999,DEVI AHILYABAI HOLKAR,22.722,75.801,22.0,,46.47
2016-12-09T05:00:00,42754099999,DEVI AHILYABAI HOLKAR,22.722,75.801,24.0,,38.49
2016-12-09T06:00:00,42754099999,DEVI AHILYABAI HOLKAR,22.722,75.801,25.2,1013.4,31.27
2016-12-09T06:00:00,42754099999,DEVI AHILYABAI HOLKAR,22.722,75.801,25.0,,31.65
2016-12-09T07:00:00,42754099999,DEVI AHILYABAI HOLKAR,22.722,75.801,26.0,,31.93
2016-12-09T08:00:00,42754099999,DEVI AHILYABAI HOLKAR,22.722,75.801,27.0,,30.1
2016-12-09T09:00:00,42754099999,DEVI AHILYABAI HOLKAR,22.722,75.801,26.8,1010.5,32.59
2016-12-09T09:00:00,42754099999,DEVI AHILYABAI HOLKAR,22.722,75.801,27.0,,32.21
2016-12-09T10:00:00,42754099999,DEVI AHILYABAI HOLKAR,22.722,75.801,27.0,,32.21
2016-12-09T12:00:00,42754099999,DEVI AHILYABAI HOLKAR,22.722,75.801,24.2,1010.7,40.41
2016-12-09T12:00:00,42754099999,DEVI AHILYABAI HOLKAR,22.722,75.801,24.0,,41.17
2016-12-09T15:00:00,42754099999,DEVI AHILYABAI HOLKAR,22.722,75.801,18.4,1013.8,60.42
2016-12-09T15:00:00,42754099999,DEVI AHILYABAI HOLKAR,22.722,75.801,18.0,,63.62
2016-12-09T18:00:00,42754099999,DEVI AHILYABAI HOLKAR,22.722,75.801,15.0,1014.8,73.49
2016-12-09T18:00:00,42754099999,DEVI AHILYABAI HOLKAR,22.722,75.801,15.0,,72.03
2016-12-09T21:00:00,42754099999,DEVI AHILYABAI HOLKAR,22.722,75.801,14.0,1013.0,78.92
2016-12-09T21:00:00,42754099999,DEVI AHILYABAI HOLKAR,22.722,75.801,14.0,,76.84
2016-12-10T00:00:00,42754099999,DEVI AHILYABAI HOLKAR,22.722,75.801,12.0,,
2016-12-10T00:00:00,42754099999,DEVI AHILYABAI HOLKAR,22.722,75.801,12.0,,87.57
2016-12-10T03:00:00,42754099999,DEVI AHILYABAI HOLKAR,22.722,75.801,15.0,1015.5,73.49
2016-12-10T03:00:00,42754099999,DEVI AHILYABAI HOLKAR,22.722,75.801,15.0,,72.03
2016-12-10T06:00:00,42754099999,DEVI AHILYABAI HOLKAR,22.722,75.801,25.6,1013.7,36.43
2016-12-10T06:00:00,42754099999,DEVI AHILYABAI HOLKAR,22.722,75.801,26.0,,36.54
2016-12-10T09:00:00,42754099999,DEVI AHILYABAI HOLKAR,22.722,75.801,26.8,1010.6,32.59
2016-12-10T09:00:00,42754099999,DEVI AHILYABAI HOLKAR,22.722,75.801,27.0,,32.21
2016-12-10T12:00:00,42754099999,DEVI AHILYABAI HOLKAR,22.722,75.801,24.6,1011.1,43.59
2016-12-10T12:00:00,42754099999,DEVI AHILYABAI HOLKAR,22.722,75.801,25.0,,41.45
2016-12-10T13:00:00,42754099999,DEVI AHILYABAI HOLKAR,22.722,75.801,22.0,,53.06
2016-12-10T15:00:00,42754099999,DEVI AHILYABAI HOLKAR,22.722,75.801,19.8,1013.8,61.96
2016-12-10T15:00:00,42754099999,DEVI AHILYABAI HOLKAR,22.722,75.801,20.0,,60.0
2016-12-10T18:00:00,42754099999,DEVI AHILYABAI HOLKAR,22.722,75.801,15.2,1014.6,73.53
2016-12-10T18:00:00,42754099999,DEVI AHILYABAI HOLKAR,22.722,75.801,15.0,,77.0
2016-12-10T21:00:00,42754099999,DEVI AHILYABAI HOLKAR,22.722,75.801,14.0,1013.8,80.51
2016-12-10T21:00:00,42754099999,DEVI AHILYABAI HOLKAR,22.722,75.801,14.0,,82.14
2016-12-10T23:00:00,42754099999,DEVI AHILYABAI HOLKAR,22.722,75.801,13.0,,82.01
2016-12-11T00:00:00,42754099999,DEVI AHILYABAI HOLKAR,22.722,75.801,12.4,1014.3,79.75
2016-12-11T00:00:00,42754099999,DEVI AHILYABAI HOLKAR,22.722,75.801,12.0,,81.88
2016-12-11T01:00:00,42754099999,DEVI AHILYABAI HOLKAR,22.722,75.801,11.0,,81.75
2016-12-11T02:00:00,42754099999,DEVI AHILYABAI HOLKAR,22.722,75.801,12.0,,76.52
2016-12-11T03:00:00,42754099999,DEVI AHILYABAI HOLKAR,22.722,75.801,15.2,1015.4,75.51
2016-12-11T03:00:00,42754099999,DEVI AHILYABAI HOLKAR,22.722,75.801,15.0,,77.0
2016-12-11T06:00:00,42754099999,DEVI AHILYABAI HOLKAR,22.722,75.801,24.6,1013.3,36.14
2016-12-11T06:00:00,42754099999,DEVI AHILYABAI HOLKAR,22.722,75.801,25.0,,36.26
2016-12-11T08:00:00,42754099999,DEVI AHILYABAI HOLKAR,22.722,75.801,27.0,,30.1
2016-12-11T09:00:00,42754099999,DEVI AHILYABAI HOLKAR,22.722,75.801,27.8,1009.8,27.76
2016-12-11T09:00:00,42754099999,DEVI AHILYABAI HOLKAR,22.722,75.801,28.0,,26.52
2016-12-11T12:00:00,42754099999,DEVI AHILYABAI HOLKAR,22.722,75.801,25.0,1010.2,36.75
2016-12-11T12:00:00,42754099999,DEVI AHILYABAI HOLKAR,22.722,75.801,25.0,,36.26
2016-12-11T15:00:00,42754099999,DEVI AHILYABAI HOLKAR,22.722,75.801,19.4,1013.5,56.76
2016-12-11T15:00:00,42754099999,DEVI AHILYABAI HOLKAR,22.722,75.801,19.0,,59.76
2016-12-11T18:00:00,42754099999,DEVI AHILYABAI HOLKAR,22.722,75.801,17.6,1013.8,56.31
2016-12-11T18:00:00,42754099999,DEVI AHILYABAI HOLKAR,22.722,75.801,18.0,,55.66
2016-12-11T21:00:00,42754099999,DEVI AHILYABAI HOLKAR,22.722,75.801,15.6,1012.9,64.38
2016-12-11T21:00:00,42754099999,DEVI AHILYABAI HOLKAR,22.722,75.801,16.0,,63.17
2016-12-12T00:00:00,42754099999,DEVI AHILYABAI HOLKAR,22.722,75.801,13.4,1013.3,74.2
2016-12-12T00:00:00,42754099999,DEVI AHILYABAI HOLKAR,22.722,75.801,13.0,,76.68
2016-12-12T01:00:00,42754099999,DEVI AHILYABAI HOLKAR,22.722,75.801,15.0,,67.36
2016-12-12T02:00:00,42754099999,DEVI AHILYABAI HOLKAR,22.722,75.801,14.0,,67.15
2016-12-12T03:00:00,42754099999,DEVI AHILYABAI HOLKAR,22.722,75.801,17.0,1015.6,62.56
2016-12-12T03:00:00,42754099999,DEVI AHILYABAI HOLKAR,22.722,75.801,17.0,,63.4
2016-12-12T06:00:00,42754099999,DEVI AHILYABAI HOLKAR,22.722,75.801,27.0,1013.0,33.99
2016-12-12T06:00:00,42754099999,DEVI AHILYABAI HOLKAR,22.722,75.801,27.0,,34.45
2016-12-12T09:00:00,42754099999,DEVI AHILYABAI HOLKAR,22.722,75.801,27.8,1010.4,33.99
2016-12-12T09:00:00,42754099999,DEVI AHILYABAI HOLKAR,22.722,75.801,28.0,,34.73
2016-12-12T10:00:00,42754099999,DEVI AHILYABAI HOLKAR,22.722,75.801,28.0,,34.73
2016-12-12T11:00:00,42754099999,DEVI AHILYABAI HOLKAR,22.722,75.801,27.0,,34.45
2016-12-12T12:00:00,42754099999,DEVI AHILYABAI HOLKAR,22.722,75.801,25.0,1010.6,45.16
2016-12-12T12:00:00,42754099999,DEVI AHILYABAI HOLKAR,22.722,75.801,25.0,,44.28
2016-12-12T13:00:00,42754099999,DEVI AHILYABAI HOLKAR,22.722,75.801,22.0,,56.66
2016-12-12T14:00:00,42754099999,DEVI AHILYABAI HOLKAR,22.722,75.801,20.0,,60.0
2016-12-12T15:00:00,42754099999,DEVI AHILYABAI HOLKAR,22.722,75.801,19.6,1013.4,60.3
2016-12-12T15:00:00,42754099999,DEVI AHILYABAI HOLKAR,22.722,75.801,20.0,,60.0
2016-12-12T18:00:00,42754099999,DEVI AHILYABAI HOLKAR,22.722,75.801,17.4,1014.1,67.85
2016-12-12T18:00:00,42754099999,DEVI AHILYABAI HOLKAR,22.722,75.801,17.0,,67.77
2016-12-12T21:00:00,42754099999,DEVI AHILYABAI HOLKAR,22.722,75.801,16.0,1012.8,72.22
2016-12-12T21:00:00,42754099999,DEVI AHILYABAI HOLKAR,22.722,75.801,16.0,,72.22
2016-12-13T00:00:00,42754099999,DEVI AHILYABAI HOLKAR,22.722,75.801,14.0,1013.6,78.92
2016-12-13T00:00:00,42754099999,DEVI AHILYABAI HOLKAR,22.722,75.801,14.0,,76.84
2016-12-13T03:00:00,42754099999,DEVI AHILYABAI HOLKAR,22.722,75.801,19.0,1014.3,56.29
2016-12-13T03:00:00,42754099999,DEVI AHILYABAI HOLKAR,22.722,75.801,19.0,,55.91
2016-12-13T05:00:00,42754099999,DEVI AHILYABAI HOLKAR,22.722,75.801,25.0,,41.45
2016-12-13T06:00:00,42754099999,DEVI AHILYABAI HOLKAR,22.722,75.801,26.6,1012.9,35.51
2016-12-13T06:00:00,42754099999,DEVI AHILYABAI HOLKAR,22.722,75.801,27.0,,34.45
2016-12-13T07:00:00,42754099999,DEVI AHILYABAI HOLKAR,22.722,75.801,28.0,,32.49
2016-12-13T08:00:00,42754099999,DEVI AHILYABAI HOLKAR,22.722,75.801,28.0,,30.38
2016-12-13T09:00:00,42754099999,DEVI AHILYABAI HOLKAR,22.722,75.801,28.2,1009.8,31.47
2016-12-13T09:00:00,42754099999,DEVI AHILYABAI HOLKAR,22.722,75.801,28.0,,32.49
2016-12-13T10:00:00,42754099999,DEVI AHILYABAI HOLKAR,22.722,75.801,28.0,,32.49
2016-12-13T11:00:00,42754099999,DEVI AHILYABAI HOLKAR,22.722,75.801,27.0,,34.45
2016-12-13T12:00:00,42754099999,DEVI AHILYABAI HOLKAR,22.722,75.801,25.2,1010.6,37.05
2016-12-13T12:00:00,42754099999,DEVI AHILYABAI HOLKAR,22.722,75.801,25.0,,36.26
2016-12-13T14:00:00,42754099999,DEVI AHILYABAI HOLKAR,22.722,75.801,22.0,,53.06
2016-12-13T15:00:00,42754099999,DEVI AHILYABAI HOLKAR,22.722,75.801,21.4,1013.6,52.91
2016-12-13T15:00:00,42754099999,DEVI AHILYABAI HOLKAR,22.722,75.801,21.0,,52.8
2016-12-13T18:00:00,42754099999,DEVI AHILYABAI HOLKAR,22.722,75.801,19.6,1014.3,53.86
2016-12-13T18:00:00,42754099999,DEVI AHILYABAI HOLKAR,22.722,75.801,20.0,,52.54
2016-12-13T21:00:00,42754099999,DEVI AHILYABAI HOLKAR,22.722,75.801,17.6,1013.4,57.85
2016-12-13T21:00:00,42754099999,DEVI AHILYABAI HOLKAR,22.722,75.801,18.0,,55.66
2016-12-14T00:00:00,42754099999,DEVI AHILYABAI HOLKAR,22.722,75.801,15.0,1015.0,67.81
2016-12-14T00:00:00,42754099999,DEVI AHILYABAI HOLKAR,22.722,75.801,15.0,,67.36
2016-12-14T03:00:00,42754099999,DEVI AHILYABAI HOLKAR,22.722,75.801,19.0,1015.6,56.29
2016-12-14T03:00:00,42754099999,DEVI AHILYABAI HOLKAR,22.722,75.801,19.0,,55.91
2016-12-14T06:00:00,42754099999,DEVI AHILYABAI HOLKAR,22.722,75.801,25.0,1015.5,35.53
2016-12-14T06:00:00,42754099999,DEVI AHILYABAI HOLKAR,22.722,75.801,25.0,,36.26
2016-12-14T08:00:00,42754099999,DEVI AHILYABAI HOLKAR,22.722,75.801,26.0,,31.93
2016-12-14T09:00:00,42754099999,DEVI AHILYABAI HOLKAR,22.722,75.801,26.8,1012.4,34.62
2016-12-14T09:00:00,42754099999,DEVI AHILYABAI HOLKAR,22.722,75.801,27.0,,34.45
2016-12-14T10:00:00,42754099999,DEVI AHILYABAI HOLKAR,22.722,75.801,27.0,,18.45
2016-12-14T12:00:00,42754099999,DEVI AHILYABAI HOLKAR,22.722,75.801,25.0,1012.8,42.84
2016-12-14T12:00:00,42754099999,DEVI AHILYABAI HOLKAR,22.722,75.801,25.0,,41.45
2016-12-14T15:00:00,42754099999,DEVI AHILYABAI HOLKAR,22.722,75.801,20.0,1015.8,58.83
2016-12-14T15:00:00,42754099999,DEVI AHILYABAI HOLKAR,22.722,75.801,20.0,,60.0
2016-12-14T18:00:00,42754099999,DEVI AHILYABAI HOLKAR,22.722,75.801,19.4,1015.5,52.03
2016-12-14T18:00:00,42754099999,DEVI AHILYABAI HOLKAR,22.722,75.801,19.0,,52.28
2016-12-14T21:00:00,42754099999,DEVI AHILYABAI HOLKAR,22.722,75.801,17.0,1014.7,60.49
2016-12-14T21:00:00,42754099999,DEVI AHILYABAI HOLKAR,22.722,75.801,17.0,,59.28
2016-12-14T23:00:00,42754099999,DEVI AHILYABAI HOLKAR,22.722,75.801,16.0,,63.17
2016-12-15T00:00:00,42754099999,DEVI AHILYABAI HOLKAR,22.722,75.801,15.4,1015.7,66.09
2016-12-15T00:00:00,42754099999,DEVI AHILYABAI HOLKAR,22.722,75.801,15.0,,67.36
2016-12-15T01:00:00,42754099999,DEVI AHILYABAI HOLKAR,22.722,75.801,14.0,,71.85
2016-12-15T02:00:00,42754099999,DEVI AHILYABAI HOLKAR,22.722,75.801,14.0,,71.85
2016-12-15T03:00:00,42754099999,DEVI AHILYABAI HOLKAR,22.722,75.801,15.6,1017.7,68.39
2016-12-15T03:00:00,42754099999,DEVI AHILYABAI HOLKAR,22.722,75.801,16.0,,67.56
2016-12-15T04:00:00,42754099999,DEVI AHILYABAI HOLKAR,22.722,75.801,21.0,,46.19
2016-12-15T05:00:00,42754099999,DEVI AHILYABAI HOLKAR,22.722,75.801,24.0,,38.49
2016-12-15T06:00:00,42754099999,DEVI AHILYABAI HOLKAR,22.722,75.801,25.6,1015.4,35.22
2016-12-15T06:00:00,42754099999,DEVI AHILYABAI HOLKAR,22.722,75.801,26.0,,34.17
2016-12-15T07:00:00,42754099999,DEVI AHILYABAI HOLKAR,22.722,75.801,27.0,,34.45
2016-12-15T09:00:00,42754099999,DEVI AHILYABAI HOLKAR,22.722,75.801,28.6,1012.2,29.94
2016-12-15T09:00:00,42754099999,DEVI AHILYABAI HOLKAR,22.722,75.801,29.0,,28.66
2016-12-15T11:00:00,42754099999,DEVI AHILYABAI HOLKAR,22.722,75.801,26.0,,44.56
2016-12-15T12:00:00,42754099999,DEVI AHILYABAI HOLKAR,22.722,75.801,24.0,1013.2,47.95
2016-12-15T12:00:00,42754099999,DEVI AHILYABAI HOLKAR,22.722,75.801,24.0,,47.01
2016-12-15T15:00:00,42754099999,DEVI AHILYABAI HOLKAR,22.722,75.801,20.0,1016.1,60.4
2016-12-15T15:00:00,42754099999,DEVI AHILYABAI HOLKAR,22.722,75.801,20.0,,60.0
2016-12-15T18:00:00,42754099999,DEVI AHILYABAI HOLKAR,22.722,75.801,18.6,1016.7,67.21
2016-12-15T18:00:00,42754099999,DEVI AHILYABAI HOLKAR,22.722,75.801,19.0,,63.85
2016-12-15T21:00:00,42754099999,DEVI AHILYABAI HOLKAR,22.722,75.801,17.0,1015.3,73.36
2016-12-15T21:00:00,42754099999,DEVI AHILYABAI HOLKAR,22.722,75.801,17.0,,72.4
2016-12-16T00:00:00,42754099999,DEVI AHILYABAI HOLKAR,22.722,75.801,14.4,1016.1,74.88
2016-12-16T00:00:00,42754099999,DEVI AHILYABAI HOLKAR,22.722,75.801,14.0,,76.84
2016-12-16T03:00:00,42754099999,DEVI AHILYABAI HOLKAR,22.722,75.801,18.2,1017.9,53.86
2016-12-16T03:00:00,42754099999,DEVI AHILYABAI HOLKAR,22.722,75.801,18.0,,55.66
2016-12-16T04:00:00,42754099999,DEVI AHILYABAI HOLKAR,22.722,75.801,22.0,,43.45
2016-12-16T06:00:00,42754099999,DEVI AHILYABAI HOLKAR,22.722,75.801,24.4,1017.2,38.35
2016-12-16T06:00:00,42754099999,DEVI AHILYABAI HOLKAR,22.722,75.801,24.0,,38.49
2016-12-16T09:00:00,42754099999,DEVI AHILYABAI HOLKAR,22.722,75.801,28.4,1013.5,33.7
2016-12-16T09:00:00,42754099999,DEVI AHILYABAI HOLKAR,22.722,75.801,28.0,,34.73
2016-12-16T11:00:00,42754099999,DEVI AHILYABAI HOLKAR,22.722,75.801,26.0,,44.56
2016-12-16T12:00:00,42754099999,DEVI AHILYABAI HOLKAR,22.722,75.801,23.6,1014.5,52.78
2016-12-16T12:00:00,42754099999,DEVI AHILYABAI HOLKAR,22.722,75.801,24.0,,50.2
2016-12-16T13:00:00,42754099999,DEVI AHILYABAI HOLKAR,22.722,75.801,21.0,,68.58
2016-12-16T15:00:00,42754099999,DEVI AHILYABAI HOLKAR,22.722,75.801,20.4,1016.7,62.5
2016-12-16T15:00:00,42754099999,DEVI AHILYABAI HOLKAR,22.722,75.801,20.0,,64.07
2016-12-16T18:00:00,42754099999,DEVI AHILYABAI HOLKAR,22.722,75.801,18.6,1017.6,67.21
2016-12-16T18:00:00,42754099999,DEVI AHILYABAI HOLKAR,22.722,75.801,19.0,,63.85
2016-12-16T21:00:00,42754099999,DEVI AHILYABAI HOLKAR,22.722,75.801,17.0,1016.4,71.45
2016-12-16T21:00:00,42754099999,DEVI AHILYABAI HOLKAR,22.722,75.801,17.0,,72.4
2016-12-17T00:00:00,42754099999,DEVI AHILYABAI HOLKAR,22.722,75.801,14.6,1017.2,72.93
2016-12-17T00:00:00,42754099999,DEVI AHILYABAI HOLKAR,22.722,75.801,15.0,,72.03
2016-12-17T03:00:00,42754099999,DEVI AHILYABAI HOLKAR,22.722,75.801,16.0,1018.9,70.32
2016-12-17T03:00:00,42754099999,DEVI AHILYABAI HOLKAR,22.722,75.801,16.0,,72.22
2016-12-17T06:00:00,42754099999,DEVI AHILYABAI HOLKAR,22.722,75.801,23.8,1017.8,43.66
2016-12-17T06:00:00,42754099999,DEVI AHILYABAI HOLKAR,22.722,75.801,24.0,,44.01
2016-12-17T09:00:00,42754099999,DEVI AHILYABAI HOLKAR,22.722,75.801,24.8,1014.2,38.98
2016-12-17T09:00:00,42754099999,DEVI AHILYABAI HOLKAR,22.722,75.801,25.0,,38.78
2016-12-17T10:00:00,42754099999,DEVI AHILYABAI HOLKAR,22.722,75.801,24.0,,44.01
2016-12-17T11:00:00,42754099999,DEVI AHILYABAI HOLKAR,22.722,75.801,24.0,,44.01
2016-12-17T12:00:00,42754099999,DEVI AHILYABAI HOLKAR,22.722,75.801,23.0,1014.3,46.74
2016-12-17T12:00:00,42754099999,DEVI AHILYABAI HOLKAR,22.722,75.801,23.0,,46.74
2016-12-17T14:00:00,42754099999,DEVI AHILYABAI HOLKAR,22.722,75.801,20.0,,60.0
2016-12-17T15:00:00,42754099999,DEVI AHILYABAI HOLKAR,22.722,75.801,18.4,1016.6,65.42
2016-12-17T18:00:00,42754099999,DEVI AHILYABAI HOLKAR,22.722,75.801,17.0,1017.3,65.99
2016-12-17T18:00:00,42754099999,DEVI AHILYABAI HOLKAR,22.722,75.801,17.0,,67.77
2016-12-17T21:00:00,42754099999,DEVI AHILYABAI HOLKAR,22.722,75.801,15.2,1016.4,73.53
2016-12-17T21:00:00,42754099999,DEVI AHILYABAI HOLKAR,22.722,75.801,15.0,,77.0
2016-12-18T00:00:00,42754099999,DEVI AHILYABAI HOLKAR,22.722,75.801,12.6,1017.1,84.18
2016-12-18T00:00:00,42754099999,DEVI AHILYABAI HOLKAR,22.722,75.801,13.0,,82.01
2016-12-18T01:00:00,42754099999,DEVI AHILYABAI HOLKAR,22.722,75.801,12.0,,87.57
2016-12-18T03:00:00,42754099999,DEVI AHILYABAI HOLKAR,22.722,75.801,16.0,1018.4,70.32
2016-12-18T03:00:00,42754099999,DEVI AHILYABAI HOLKAR,22.722,75.801,16.0,,72.22
2016-12-18T06:00:00,42754099999,DEVI AHILYABAI HOLKAR,22.722,75.801,23.6,1016.9,39.7
2016-12-18T06:00:00,42754099999,DEVI AHILYABAI HOLKAR,22.722,75.801,24.0,,38.49
2016-12-18T09:00:00,42754099999,DEVI AHILYABAI HOLKAR,22.722,75.801,24.0,1015.1,44.01
2016-12-18T09:00:00,42754099999,DEVI AHILYABAI HOLKAR,22.722,75.801,24.0,,44.01
2016-12-18T10:00:00,42754099999,DEVI AHILYABAI HOLKAR,22.722,75.801,24.0,,44.01
2016-12-18T11:00:00,42754099999,DEVI AHILYABAI HOLKAR,22.722,75.801,24.0,,44.01
2016-12-18T12:00:00,42754099999,DEVI AHILYABAI HOLKAR,22.722,75.801,22.4,1015.2,48.47
2016-12-18T12:00:00,42754099999,DEVI AHILYABAI HOLKAR,22.722,75.801,22.0,,49.67
2016-12-18T14:00:00,42754099999,DEVI AHILYABAI HOLKAR,22.722,75.801,19.0,,63.85
2016-12-18T15:00:00,42754099999,DEVI AHILYABAI HOLKAR,22.722,75.801,18.6,1017.6,65.9
2016-12-18T15:00:00,42754099999,DEVI AHILYABAI HOLKAR,22.722,75.801,19.0,,63.85
2016-12-18T18:00:00,42754099999,DEVI AHILYABAI HOLKAR,22.722,75.801,17.0,1018.4,71.45
2016-12-18T18:00:00,42754099999,DEVI AHILYABAI HOLKAR,22.722,75.801,17.0,,72.4
2016-12-18T21:00:00,42754099999,DEVI AHILYABAI HOLKAR,22.722,75.801,15.2,1017.2,77.54
2016-12-18T21:00:00,42754099999,DEVI AHILYABAI HOLKAR,22.722,75.801,15.0,,77.0
2016-12-19T00:00:00,42754099999,DEVI AHILYABAI HOLKAR,22.722,75.801,13.6,1017.8,82.63
2016-12-19T00:00:00,42754099999,DEVI AHILYABAI HOLKAR,22.722,75.801,14.0,,82.14
2016-12-19T03:00:00,42754099999,DEVI AHILYABAI HOLKAR,22.722,75.801,14.0,1019.7,72.82
2016-12-19T03:00:00,42754099999,DEVI AHILYABAI HOLKAR,22.722,75.801,14.0,,71.85
2016-12-19T03:30:00,42754099999,DEVI AHILYABAI HOLKAR,22.722,75.801,16.0,,67.56
2016-12-19T06:00:00,42754099999,DEVI AHILYABAI HOLKAR,22.722,75.801,22.2,1017.9,44.09
2016-12-19T06:00:00,42754099999,DEVI AHILYABAI HOLKAR,22.722,75.801,22.0,,43.45
2016-12-19T09:00:00,42754099999,DEVI AHILYABAI HOLKAR,22.722,75.801,24.2,1014.6,40.41
2016-12-19T09:00:00,42754099999,DEVI AHILYABAI HOLKAR,22.722,75.801,24.0,,41.17
2016-12-19T10:00:00,42754099999,DEVI AHILYABAI HOLKAR,22.722,75.801,24.0,,38.49
2016-12-19T12:00:00,42754099999,DEVI AHILYABAI HOLKAR,22.722,75.801,22.4,1014.1,54.22
2016-12-19T12:00:00,42754099999,DEVI AHILYABAI HOLKAR,22.722,75.801,22.0,,56.66
2016-12-19T13:00:00,42754099999,DEVI AHILYABAI HOLKAR,22.722,75.801,20.0,,68.38
2016-12-19T14:00:00,42754099999,DEVI AHILYABAI HOLKAR,22.722,75.801,19.0,,63.85
2016-12-19T15:00:00,42754099999,DEVI AHILYABAI HOLKAR,22.722,75.801,18.0,1017.1,68.42
2016-12-19T15:00:00,42754099999,DEVI AHILYABAI HOLKAR,22.722,75.801,18.0,,67.97
2016-12-19T18:00:00,42754099999,DEVI AHILYABAI HOLKAR,22.722,75.801,15.8,1017.9,76.11
2016-12-19T18:00:00,42754099999,DEVI AHILYABAI HOLKAR,22.722,75.801,16.0,,77.16
2016-12-19T21:00:00,42754099999,DEVI AHILYABAI HOLKAR,22.722,75.801,14.0,1017.1,78.92
2016-12-19T21:00:00,42754099999,DEVI AHILYABAI HOLKAR,22.722,75.801,14.0,,76.84
2016-12-20T00:00:00,42754099999,DEVI AHILYABAI HOLKAR,22.722,75.801,12.4,1016.5,81.93
2016-12-20T00:00:00,42754099999,DEVI AHILYABAI HOLKAR,22.722,75.801,12.0,,81.88
2016-12-20T01:00:00,42754099999,DEVI AHILYABAI HOLKAR,22.722,75.801,12.0,,81.88
2016-12-20T02:00:00,42754099999,DEVI AHILYABAI HOLKAR,22.722,75.801,11.0,,87.48
2016-12-20T03:00:00,42754099999,DEVI AHILYABAI HOLKAR,22.722,75.801,15.4,1018.5,67.89
2016-12-20T03:00:00,42754099999,DEVI AHILYABAI HOLKAR,22.722,75.801,15.0,,67.36
2016-12-20T03:30:00,42754099999,DEVI AHILYABAI HOLKAR,22.722,75.801,18.0,,55.66
2016-12-20T04:00:00,42754099999,DEVI AHILYABAI HOLKAR,22.722,75.801,20.0,,52.54
2016-12-20T04:30:00,42754099999,DEVI AHILYABAI HOLKAR,22.722,75.801,21.0,,49.4
2016-12-20T05:00:00,42754099999,DEVI AHILYABAI HOLKAR,22.722,75.801,22.0,,46.47
2016-12-20T06:00:00,42754099999,DEVI AHILYABAI HOLKAR,22.722,75.801,22.8,1017.3,46.38
2016-12-20T06:00:00,42754099999,DEVI AHILYABAI HOLKAR,22.722,75.801,23.0,,46.74
2016-12-20T07:00:00,42754099999,DEVI AHILYABAI HOLKAR,22.722,75.801,24.0,,44.01
2016-12-20T08:00:00,42754099999,DEVI AHILYABAI HOLKAR,22.722,75.801,25.0,,38.78
2016-12-20T09:00:00,42754099999,DEVI AHILYABAI HOLKAR,22.722,75.801,25.2,1013.5,35.83
2016-12-20T09:00:00,42754099999,DEVI AHILYABAI HOLKAR,22.722,75.801,25.0,,36.26
2016-12-20T12:00:00,42754099999,DEVI AHILYABAI HOLKAR,22.722,75.801,23.6,1013.7,50.09
2016-12-20T12:00:00,42754099999,DEVI AHILYABAI HOLKAR,22.722,75.801,24.0,,50.2
2016-12-20T15:00:00,42754099999,DEVI AHILYABAI HOLKAR,22.722,75.801,19.4,1016.5,66.5
2016-12-20T15:00:00,42754099999,DEVI AHILYABAI HOLKAR,22.722,75.801,19.0,,68.18
2016-12-20T18:00:00,42754099999,DEVI AHILYABAI HOLKAR,22.722,75.801,15.6,1017.4,77.6
2016-12-20T18:00:00,42754099999,DEVI AHILYABAI HOLKAR,22.722,75.801,16.0,,77.16
2016-12-20T21:00:00,42754099999,DEVI AHILYABAI HOLKAR,22.722,75.801,14.0,1016.0,78.92
2016-12-20T23:00:00,42754099999,DEVI AHILYABAI HOLKAR,22.722,75.801,14.0,,76.84
2016-12-21T00:00:00,42754099999,DEVI AHILYABAI HOLKAR,22.722,75.801,12.4,1015.9,78.69
2016-12-21T00:00:00,42754099999,DEVI AHILYABAI HOLKAR,22.722,75.801,12.0,,81.88
2016-12-21T01:00:00,42754099999,DEVI AHILYABAI HOLKAR,22.722,75.801,11.0,,87.48
2016-12-21T02:00:00,42754099999,DEVI AHILYABAI HOLKAR,22.722,75.801,11.0,,87.48
2016-12-21T03:00:00,42754099999,DEVI AHILYABAI HOLKAR,22.722,75.801,14.8,1019.2,71.52
2016-12-21T03:00:00,42754099999,DEVI AHILYABAI HOLKAR,22.722,75.801,15.0,,72.03
2016-12-21T03:30:00,42754099999,DEVI AHILYABAI HOLKAR,22.722,75.801,19.0,,59.76
2016-12-21T04:00:00,42754099999,DEVI AHILYABAI HOLKAR,22.722,75.801,21.0,,49.4
2016-12-21T04:30:00,42754099999,DEVI AHILYABAI HOLKAR,22.722,75.801,23.0,,43.73
2016-12-21T05:00:00,42754099999,DEVI AHILYABAI HOLKAR,22.722,75.801,23.0,,43.73
2016-12-21T06:00:00,42754099999,DEVI AHILYABAI HOLKAR,22.722,75.801,24.2,1017.5,40.41
2016-12-21T06:00:00,42754099999,DEVI AHILYABAI HOLKAR,22.722,75.801,24.0,,41.17
2016-12-21T07:00:00,42754099999,DEVI AHILYABAI HOLKAR,22.722,75.801,25.0,,38.78
2016-12-21T08:00:00,42754099999,DEVI AHILYABAI HOLKAR,22.722,75.801,26.0,,39.06
2016-12-21T09:00:00,42754099999,DEVI AHILYABAI HOLKAR,22.722,75.801,26.2,1013.8,39.64
2016-12-21T09:00:00,42754099999,DEVI AHILYABAI HOLKAR,22.722,75.801,26.0,,39.06
2016-12-21T10:00:00,42754099999,DEVI AHILYABAI HOLKAR,22.722,75.801,26.0,,39.06
2016-12-21T11:00:00,42754099999,DEVI AHILYABAI HOLKAR,22.722,75.801,25.0,,41.45
2016-12-21T12:00:00,42754099999,DEVI AHILYABAI HOLKAR,22.722,75.801,22.8,1014.7,41.11
2016-12-21T12:00:00,42754099999,DEVI AHILYABAI HOLKAR,22.722,75.801,23.0,,40.89
2016-12-21T13:00:00,42754099999,DEVI AHILYABAI HOLKAR,22.722,75.801,20.0,,52.54
2016-12-21T14:00:00,42754099999,DEVI AHILYABAI HOLKAR,22.722,75.801,19.0,,59.76
2016-12-21T15:00:00,42754099999,DEVI AHILYABAI HOLKAR,22.722,75.801,18.0,1017.1,61.54
2016-12-21T15:00:00,42754099999,DEVI AHILYABAI HOLKAR,22.722,75.801,18.0,,63.62
2016-12-21T18:00:00,42754099999,DEVI AHILYABAI HOLKAR,22.722,75.801,15.6,1017.8,70.25
2016-12-21T18:00:00,42754099999,DEVI AHILYABAI HOLKAR,22.722,75.801,16.0,,67.56
2016-12-21T21:00:00,42754099999,DEVI AHILYABAI HOLKAR,22.722,75.801,13.6,1016.8,78.34
2016-12-21T21:00:00,42754099999,DEVI AHILYABAI HOLKAR,22.722,75.801,14.0,,76.84
2016-12-22T00:00:00,42754099999,DEVI AHILYABAI HOLKAR,22.722,75.801,11.6,1016.7,92.96
2016-12-22T00:00:00,42754099999,DEVI AHILYABAI HOLKAR,22.722,75.801,12.0,,93.6
2016-12-22T01:00:00,42754099999,DEVI AHILYABAI HOLKAR,22.722,75.801,11.0,,93.55
2016-12-22T03:00:00,42754099999,DEVI AHILYABAI HOLKAR,22.722,75.801,13.8,1018.9,80.49
2016-12-22T03:00:00,42754099999,DEVI AHILYABAI HOLKAR,22.722,75.801,14.0,,82.14
2016-12-22T06:00:00,42754099999,DEVI AHILYABAI HOLKAR,22.722,75.801,25.0,1016.6,31.0
2016-12-22T06:00:00,42754099999,DEVI AHILYABAI HOLKAR,22.722,75.801,25.0,,31.65
2016-12-22T09:00:00,42754099999,DEVI AHILYABAI HOLKAR,22.722,75.801,26.2,1013.4,29.47
2016-12-22T12:00:00,42754099999,DEVI AHILYABAI HOLKAR,22.722,75.801,23.4,1014.2,48.42
2016-12-22T12:00:00,42754099999,DEVI AHILYABAI HOLKAR,22.722,75.801,23.0,,49.93
2016-12-22T13:00:00,42754099999,DEVI AHILYABAI HOLKAR,22.722,75.801,21.0,,56.41
2016-12-22T14:00:00,42754099999,DEVI AHILYABAI HOLKAR,22.722,75.801,19.0,,59.76
2016-12-22T15:00:00,42754099999,DEVI AHILYABAI HOLKAR,22.722,75.801,18.4,1016.7,60.42
2016-12-22T15:00:00,42754099999,DEVI AHILYABAI HOLKAR,22.722,75.801,18.0,,63.62
2016-12-22T18:00:00,42754099999,DEVI AHILYABAI HOLKAR,22.722,75.801,17.0,1017.4,62.56
2016-12-22T18:00:00,42754099999,DEVI AHILYABAI HOLKAR,22.722,75.801,17.0,,63.4
2016-12-22T21:00:00,42754099999,DEVI AHILYABAI HOLKAR,22.722,75.801,15.4,1016.3,67.89
2016-12-22T21:00:00,42754099999,DEVI AHILYABAI HOLKAR,22.722,75.801,15.0,,67.36
2016-12-23T00:00:00,42754099999,DEVI AHILYABAI HOLKAR,22.722,75.801,13.0,1017.0,82.56
2016-12-23T00:00:00,42754099999,DEVI AHILYABAI HOLKAR,22.722,75.801,13.0,,82.01
2016-12-23T03:00:00,42754099999,DEVI AHILYABAI HOLKAR,22.722,75.801,15.6,1016.3,64.38
2016-12-23T03:00:00,42754099999,DEVI AHILYABAI HOLKAR,22.722,75.801,16.0,,63.17
2016-12-23T06:00:00,42754099999,DEVI AHILYABAI HOLKAR,22.722,75.801,25.0,1014.6,31.0
2016-12-23T06:00:00,42754099999,DEVI AHILYABAI HOLKAR,22.722,75.801,25.0,,31.65
2016-12-23T09:00:00,42754099999,DEVI AHILYABAI HOLKAR,22.722,75.801,28.0,1010.4,29.97
2016-12-23T09:00:00,42754099999,DEVI AHILYABAI HOLKAR,22.722,75.801,28.0,,30.38
2016-12-23T10:00:00,42754099999,DEVI AHILYABAI HOLKAR,22.722,75.801,28.0,,30.38
2016-12-23T11:00:00,42754099999,DEVI AHILYABAI HOLKAR,22.722,75.801,27.0,,28.12
2016-12-23T12:00:00,42754099999,DEVI AHILYABAI HOLKAR,22.722,75.801,25.4,1010.7,36.13
2016-12-23T12:00:00,42754099999,DEVI AHILYABAI HOLKAR,22.722,75.801,25.0,,36.26
2016-12-23T13:00:00,42754099999,DEVI AHILYABAI HOLKAR,22.722,75.801,21.0,,52.8
2016-12-23T14:00:00,42754099999,DEVI AHILYABAI HOLKAR,22.722,75.801,18.0,,59.52
2016-12-23T15:00:00,42754099999,DEVI AHILYABAI HOLKAR,22.722,75.801,17.2,1014.1,60.95
2016-12-23T15:00:00,42754099999,DEVI AHILYABAI HOLKAR,22.722,75.801,17.0,,63.4
2016-12-23T18:00:00,42754099999,DEVI AHILYABAI HOLKAR,22.722,75.801,15.0,1014.6,67.81
2016-12-23T18:00:00,42754099999,DEVI AHILYABAI HOLKAR,22.722,75.801,15.0,,67.36
2016-12-23T21:00:00,42754099999,DEVI AHILYABAI HOLKAR,22.722,75.801,13.4,1013.8,76.23
2016-12-23T21:00:00,42754099999,DEVI AHILYABAI HOLKAR,22.722,75.801,13.0,,76.68
2016-12-23T23:00:00,42754099999,DEVI AHILYABAI HOLKAR,22.722,75.801,13.0,,76.68
2016-12-24T00:00:00,42754099999,DEVI AHILYABAI HOLKAR,22.722,75.801,12.0,1014.4,79.7
2016-12-24T00:00:00,42754099999,DEVI AHILYABAI HOLKAR,22.722,75.801,12.0,,81.88
2016-12-24T02:00:00,42754099999,DEVI AHILYABAI HOLKAR,22.722,75.801,13.0,,66.93
2016-12-24T03:00:00,42754099999,DEVI AHILYABAI HOLKAR,22.722,75.801,17.0,1013.6,50.35
2016-12-24T03:00:00,42754099999,DEVI AHILYABAI HOLKAR,22.722,75.801,17.0,,51.75
2016-12-24T03:30:00,42754099999,DEVI AHILYABAI HOLKAR,22.722,75.801,22.0,,37.92
2016-12-24T04:00:00,42754099999,DEVI AHILYABAI HOLKAR,22.722,75.801,24.0,,33.6
2016-12-24T04:30:00,42754099999,DEVI AHILYABAI HOLKAR,22.722,75.801,24.0,,33.6
2016-12-24T05:00:00,42754099999,DEVI AHILYABAI HOLKAR,22.722,75.801,27.0,,34.45
2016-12-24T06:00:00,42754099999,DEVI AHILYABAI HOLKAR,22.722,75.801,28.2,1010.7,29.43
2016-12-24T06:00:00,42754099999,DEVI AHILYABAI HOLKAR,22.722,75.801,28.0,,30.38
2016-12-24T07:00:00,42754099999,DEVI AHILYABAI HOLKAR,22.722,75.801,29.0,,28.66
2016-12-24T08:00:00,42754099999,DEVI AHILYABAI HOLKAR,22.722,75.801,30.0,,25.29
2016-12-24T09:00:00,42754099999,DEVI AHILYABAI HOLKAR,22.722,75.801,28.8,1007.7,31.22
2016-12-24T09:00:00,42754099999,DEVI AHILYABAI HOLKAR,22.722,75.801,29.0,,30.66
2016-12-24T10:00:00,42754099999,DEVI AHILYABAI HOLKAR,22.722,75.801,29.0,,28.66
2016-12-24T11:00:00,42754099999,DEVI AHILYABAI HOLKAR,22.722,75.801,28.0,,32.49
2016-12-24T12:00:00,42754099999,DEVI AHILYABAI HOLKAR,22.722,75.801,26.0,1007.8,42.84
2016-12-24T12:00:00,42754099999,DEVI AHILYABAI HOLKAR,22.722,75.801,26.0,,41.73
2016-12-24T14:00:00,42754099999,DEVI AHILYABAI HOLKAR,22.722,75.801,20.0,,64.07
2016-12-24T15:00:00,42754099999,DEVI AHILYABAI HOLKAR,22.722,75.801,19.0,1010.7,72.76
2016-12-24T15:00:00,42754099999,DEVI AHILYABAI HOLKAR,22.722,75.801,19.0,,72.76
2016-12-24T18:00:00,42754099999,DEVI AHILYABAI HOLKAR,22.722,75.801,17.4,1011.8,76.87
2016-12-24T18:00:00,42754099999,DEVI AHILYABAI HOLKAR,22.722,75.801,17.0,,77.31
2016-12-24T21:00:00,42754099999,DEVI AHILYABAI HOLKAR,22.722,75.801,16.0,1010.7,79.73
2016-12-24T21:00:00,42754099999,DEVI AHILYABAI HOLKAR,22.722,75.801,16.0,,77.16
2016-12-25T00:00:00,42754099999,DEVI AHILYABAI HOLKAR,22.722,75.801,13.0,1011.6,80.38
2016-12-25T00:00:00,42754099999,DEVI AHILYABAI HOLKAR,22.722,75.801,13.0,,82.01
2016-12-25T03:00:00,42754099999,DEVI AHILYABAI HOLKAR,22.722,75.801,15.4,1014.4,69.74
2016-12-25T03:00:00,42754099999,DEVI AHILYABAI HOLKAR,22.722,75.801,15.0,,72.03
2016-12-25T05:00:00,42754099999,DEVI AHILYABAI HOLKAR,22.722,75.801,23.0,,53.32
2016-12-25T06:00:00,42754099999,DEVI AHILYABAI HOLKAR,22.722,75.801,23.4,1014.5,48.42
2016-12-25T06:00:00,42754099999,DEVI AHILYABAI HOLKAR,22.722,75.801,23.0,,49.93
2016-12-25T07:00:00,42754099999,DEVI AHILYABAI HOLKAR,22.722,75.801,24.0,,44.01
2016-12-25T08:00:00,42754099999,DEVI AHILYABAI HOLKAR,22.722,75.801,24.0,,41.17
2016-12-25T09:00:00,42754099999,DEVI AHILYABAI HOLKAR,22.722,75.801,25.0,1011.6,40.36
2016-12-25T09:00:00,42754099999,DEVI AHILYABAI HOLKAR,22.722,75.801,25.0,,41.45
2016-12-25T11:00:00,42754099999,DEVI AHILYABAI HOLKAR,22.722,75.801,24.0,,41.17
2016-12-25T12:00:00,42754099999,DEVI AHILYABAI HOLKAR,22.722,75.801,23.0,1012.4,46.74
2016-12-25T12:00:00,42754099999,DEVI AHILYABAI HOLKAR,22.722,75.801,23.0,,46.74
2016-12-25T13:00:00,42754099999,DEVI AHILYABAI HOLKAR,22.722,75.801,20.0,,56.16
2016-12-25T14:00:00,42754099999,DEVI AHILYABAI HOLKAR,22.722,75.801,19.0,,59.76
2016-12-25T15:00:00,42754099999,DEVI AHILYABAI HOLKAR,22.722,75.801,26.8,1016.1,33.71
2016-12-25T15:00:00,42754099999,DEVI AHILYABAI HOLKAR,22.722,75.801,17.0,,59.28
2016-12-25T18:00:00,42754099999,DEVI AHILYABAI HOLKAR,22.722,75.801,15.6,1016.9,64.38
2016-12-25T18:00:00,42754099999,DEVI AHILYABAI HOLKAR,22.722,75.801,16.0,,63.17
2016-12-25T21:00:00,42754099999,DEVI AHILYABAI HOLKAR,22.722,75.801,13.6,1015.8,67.98
2016-12-25T21:00:00,42754099999,DEVI AHILYABAI HOLKAR,22.722,75.801,14.0,,67.15
2016-12-26T00:00:00,42754099999,DEVI AHILYABAI HOLKAR,22.722,75.801,10.4,1017.2,66.84
2016-12-26T00:00:00,42754099999,DEVI AHILYABAI HOLKAR,22.722,75.801,10.0,,71.09
2016-12-26T01:00:00,42754099999,DEVI AHILYABAI HOLKAR,22.722,75.801,10.0,,71.09
2016-12-26T02:00:00,42754099999,DEVI AHILYABAI HOLKAR,22.722,75.801,11.0,,57.8
2016-12-26T03:00:00,42754099999,DEVI AHILYABAI HOLKAR,22.722,75.801,14.2,1018.6,45.87
2016-12-26T03:00:00,42754099999,DEVI AHILYABAI HOLKAR,22.722,75.801,14.0,,47.47
2016-12-26T03:30:00,42754099999,DEVI AHILYABAI HOLKAR,22.722,75.801,16.0,,41.74
2016-12-26T04:00:00,42754099999,DEVI AHILYABAI HOLKAR,22.722,75.801,17.0,,42.03
2016-12-26T04:30:00,42754099999,DEVI AHILYABAI HOLKAR,22.722,75.801,18.0,,39.46
2016-12-26T05:00:00,42754099999,DEVI AHILYABAI HOLKAR,22.722,75.801,18.0,,45.35
2016-12-26T06:00:00,42754099999,DEVI AHILYABAI HOLKAR,22.722,75.801,19.6,1018.1,47.71
2016-12-26T06:00:00,42754099999,DEVI AHILYABAI HOLKAR,22.722,75.801,20.0,,45.91
2016-12-26T07:00:00,42754099999,DEVI AHILYABAI HOLKAR,22.722,75.801,21.0,,43.17
2016-12-26T09:00:00,42754099999,DEVI AHILYABAI HOLKAR,22.722,75.801,22.0,1014.4,35.9
2016-12-26T09:00:00,42754099999,DEVI AHILYABAI HOLKAR,22.722,75.801,22.0,,35.4
2016-12-26T12:00:00,42754099999,DEVI AHILYABAI HOLKAR,22.722,75.801,20.6,1014.2,48.96
2016-12-26T12:00:00,42754099999,DEVI AHILYABAI HOLKAR,22.722,75.801,21.0,,46.19
2016-12-26T15:00:00,42754099999,DEVI AHILYABAI HOLKAR,22.722,75.801,15.2,1017.2,66.05
2016-12-26T15:00:00,42754099999,DEVI AHILYABAI HOLKAR,22.722,75.801,15.0,,67.36
2016-12-26T18:00:00,42754099999,DEVI AHILYABAI HOLKAR,22.722,75.801,13.6,1018.2,78.34
2016-12-26T18:00:00,42754099999,DEVI AHILYABAI HOLKAR,22.722,75.801,14.0,,76.84
2016-12-26T21:00:00,42754099999,DEVI AHILYABAI HOLKAR,22.722,75.801,12.4,1017.2,84.16
2016-12-26T21:00:00,42754099999,DEVI AHILYABAI HOLKAR,22.722,75.801,12.0,,87.57
2016-12-26T23:00:00,42754099999,DEVI AHILYABAI HOLKAR,22.722,75.801,12.0,,81.88
2016-12-27T00:00:00,42754099999,DEVI AHILYABAI HOLKAR,22.722,75.801,11.4,1017.9,83.48
2016-12-27T00:00:00,42754099999,DEVI AHILYABAI HOLKAR,22.722,75.801,11.0,,87.48
2016-12-27T01:00:00,42754099999,DEVI AHILYABAI HOLKAR,22.722,75.801,11.0,,81.75
2016-12-27T02:00:00,42754099999,DEVI AHILYABAI HOLKAR,22.722,75.801,11.0,,81.75
2016-12-27T03:00:00,42754099999,DEVI AHILYABAI HOLKAR,22.722,75.801,13.0,1018.9,76.17
2016-12-27T03:00:00,42754099999,DEVI AHILYABAI HOLKAR,22.722,75.801,13.0,,76.68
2016-12-27T03:30:00,42754099999,DEVI AHILYABAI HOLKAR,22.722,75.801,15.0,,77.0
2016-12-27T04:00:00,42754099999,DEVI AHILYABAI HOLKAR,22.722,75.801,17.0,,67.77
2016-12-27T04:30:00,42754099999,DEVI AHILYABAI HOLKAR,22.722,75.801,19.0,,59.76
2016-12-27T05:00:00,42754099999,DEVI AHILYABAI HOLKAR,22.722,75.801,19.0,,55.91
2016-12-27T06:00:00,42754099999,DEVI AHILYABAI HOLKAR,22.722,75.801,20.2,1017.7,51.55
2016-12-27T06:00:00,42754099999,DEVI AHILYABAI HOLKAR,22.722,75.801,20.0,,52.54
2016-12-27T07:00:00,42754099999,DEVI AHILYABAI HOLKAR,22.722,75.801,22.0,,46.47
2016-12-27T08:00:00,42754099999,DEVI AHILYABAI HOLKAR,22.722,75.801,23.0,,43.73
2016-12-27T09:00:00,42754099999,DEVI AHILYABAI HOLKAR,22.722,75.801,23.6,1013.6,42.17
2016-12-27T09:00:00,42754099999,DEVI AHILYABAI HOLKAR,22.722,75.801,24.0,,41.17
2016-12-27T10:00:00,42754099999,DEVI AHILYABAI HOLKAR,22.722,75.801,24.0,,41.17
2016-12-27T11:00:00,42754099999,DEVI AHILYABAI HOLKAR,22.722,75.801,24.0,,38.49
2016-12-27T12:00:00,42754099999,DEVI AHILYABAI HOLKAR,22.722,75.801,22.0,1013.8,52.37
2016-12-27T12:00:00,42754099999,DEVI AHILYABAI HOLKAR,22.722,75.801,22.0,,53.06
2016-12-27T13:00:00,42754099999,DEVI AHILYABAI HOLKAR,22.722,75.801,19.0,,63.85
2016-12-27T15:00:00,42754099999,DEVI AHILYABAI HOLKAR,22.722,75.801,18.2,1016.0,65.38
2016-12-27T15:00:00,42754099999,DEVI AHILYABAI HOLKAR,22.722,75.801,18.0,,67.97
2016-12-27T18:00:00,42754099999,DEVI AHILYABAI HOLKAR,22.722,75.801,17.2,1016.6,69.63
2016-12-27T18:00:00,42754099999,DEVI AHILYABAI HOLKAR,22.722,75.801,17.0,,72.4
2016-12-27T21:00:00,42754099999,DEVI AHILYABAI HOLKAR,22.722,75.801,14.6,1015.6,72.93
2016-12-27T21:00:00,42754099999,DEVI AHILYABAI HOLKAR,22.722,75.801,15.0,,72.03
2016-12-28T00:00:00,42754099999,DEVI AHILYABAI HOLKAR,22.722,75.801,12.0,1016.2,85.25
2016-12-28T00:00:00,42754099999,DEVI AHILYABAI HOLKAR,22.722,75.801,13.0,,82.01
2016-12-28T03:00:00,42754099999,DEVI AHILYABAI HOLKAR,22.722,75.801,15.0,1017.4,69.66
2016-12-28T03:00:00,42754099999,DEVI AHILYABAI HOLKAR,22.722,75.801,15.0,,67.36
2016-12-28T06:00:00,42754099999,DEVI AHILYABAI HOLKAR,22.722,75.801,23.0,1016.2,34.96
2016-12-28T06:00:00,42754099999,DEVI AHILYABAI HOLKAR,22.722,75.801,23.0,,35.69
2016-12-28T09:00:00,42754099999,DEVI AHILYABAI HOLKAR,22.722,75.801,26.6,1012.5,31.24
2016-12-28T09:00:00,42754099999,DEVI AHILYABAI HOLKAR,22.722,75.801,27.0,,30.1
2016-12-28T11:00:00,42754099999,DEVI AHILYABAI HOLKAR,22.722,75.801,27.0,,32.21
2016-12-28T12:00:00,42754099999,DEVI AHILYABAI HOLKAR,22.722,75.801,25.0,1012.1,28.74
2016-12-28T12:00:00,42754099999,DEVI AHILYABAI HOLKAR,22.722,75.801,25.0,,29.55
2016-12-28T13:00:00,42754099999,DEVI AHILYABAI HOLKAR,22.722,75.801,21.0,,43.17
2016-12-28T15:00:00,42754099999,DEVI AHILYABAI HOLKAR,22.722,75.801,18.6,1015.8,58.88
2016-12-28T15:00:00,42754099999,DEVI AHILYABAI HOLKAR,22.722,75.801,19.0,,55.91
2016-12-28T18:00:00,42754099999,DEVI AHILYABAI HOLKAR,22.722,75.801,17.0,1016.4,62.56
2016-12-28T18:00:00,42754099999,DEVI AHILYABAI HOLKAR,22.722,75.801,17.0,,63.4
2016-12-28T21:00:00,42754099999,DEVI AHILYABAI HOLKAR,22.722,75.801,15.4,1015.1,66.09
2016-12-28T21:00:00,42754099999,DEVI AHILYABAI HOLKAR,22.722,75.801,15.0,,67.36
2016-12-29T00:00:00,42754099999,DEVI AHILYABAI HOLKAR,22.722,75.801,13.4,1015.3,74.2
2016-12-29T00:00:00,42754099999,DEVI AHILYABAI HOLKAR,22.722,75.801,13.0,,76.68
2016-12-29T03:00:00,42754099999,DEVI AHILYABAI HOLKAR,22.722,75.801,16.6,1017.4,58.39
2016-12-29T03:00:00,42754099999,DEVI AHILYABAI HOLKAR,22.722,75.801,17.0,,55.4
2016-12-29T06:00:00,42754099999,DEVI AHILYABAI HOLKAR,22.722,75.801,25.0,1016.4,31.0
2016-12-29T06:00:00,42754099999,DEVI AHILYABAI HOLKAR,22.722,75.801,25.0,,31.65
2016-12-29T08:00:00,42754099999,DEVI AHILYABAI HOLKAR,22.722,75.801,29.0,,20.32
2016-12-29T09:00:00,42754099999,DEVI AHILYABAI HOLKAR,22.722,75.801,29.0,1011.8,19.07
2016-12-29T09:00:00,42754099999,DEVI AHILYABAI HOLKAR,22.722,75.801,29.0,,18.94
2016-12-29T12:00:00,42754099999,DEVI AHILYABAI HOLKAR,22.722,75.801,25.0,1012.6,33.2
2016-12-29T12:00:00,42754099999,DEVI AHILYABAI HOLKAR,22.722,75.801,25.0,,33.88
2016-12-29T15:00:00,42754099999,DEVI AHILYABAI HOLKAR,22.722,75.801,20.6,1015.0,47.66
2016-12-29T15:00:00,42754099999,DEVI AHILYABAI HOLKAR,22.722,75.801,21.0,,46.19
2016-12-29T18:00:00,42754099999,DEVI AHILYABAI HOLKAR,22.722,75.801,15.0,1016.6,69.66
2016-12-29T18:00:00,42754099999,DEVI AHILYABAI HOLKAR,22.722,75.801,15.0,,67.36
2016-12-29T21:00:00,42754099999,DEVI AHILYABAI HOLKAR,22.722,75.801,14.2,1015.4,
2016-12-29T21:00:00,42754099999,DEVI AHILYABAI HOLKAR,22.722,75.801,14.0,,71.85
2016-12-29T23:00:00,42754099999,DEVI AHILYABAI HOLKAR,22.722,75.801,13.0,,76.68
2016-12-30T00:00:00,42754099999,DEVI AHILYABAI HOLKAR,22.722,75.801,12.2,1016.0,79.73
2016-12-30T00:00:00,42754099999,DEVI AHILYABAI HOLKAR,22.722,75.801,12.0,,81.88
2016-12-30T01:00:00,42754099999,DEVI AHILYABAI HOLKAR,22.722,75.801,12.0,,76.52
2016-12-30T02:00:00,42754099999,DEVI AHILYABAI HOLKAR,22.722,75.801,13.0,,71.66
2016-12-30T03:00:00,42754099999,DEVI AHILYABAI HOLKAR,22.722,75.801,15.0,1017.5,69.66
2016-12-30T03:00:00,42754099999,DEVI AHILYABAI HOLKAR,22.722,75.801,15.0,,67.36
2016-12-30T04:00:00,42754099999,DEVI AHILYABAI HOLKAR,22.722,75.801,23.0,,38.21
2016-12-30T04:30:00,42754099999,DEVI AHILYABAI HOLKAR,22.722,75.801,25.0,,33.88
2016-12-30T05:00:00,42754099999,DEVI AHILYABAI HOLKAR,22.722,75.801,26.0,,31.93
2016-12-30T06:00:00,42754099999,DEVI AHILYABAI HOLKAR,22.722,75.801,27.6,1015.2,34.85
2016-12-30T06:00:00,42754099999,DEVI AHILYABAI HOLKAR,22.722,75.801,28.0,,34.73
2016-12-30T07:00:00,42754099999,DEVI AHILYABAI HOLKAR,22.722,75.801,29.0,,28.66
2016-12-30T08:00:00,42754099999,DEVI AHILYABAI HOLKAR,22.722,75.801,30.0,,27.06
2016-12-30T09:00:00,42754099999,DEVI AHILYABAI HOLKAR,22.722,75.801,30.2,1011.7,26.39
2016-12-30T09:00:00,42754099999,DEVI AHILYABAI HOLKAR,22.722,75.801,30.0,,27.06
2016-12-30T12:00:00,42754099999,DEVI AHILYABAI HOLKAR,22.722,75.801,26.0,1012.4,50.08
2016-12-30T12:00:00,42754099999,DEVI AHILYABAI HOLKAR,22.722,75.801,26.0,,50.73
2016-12-30T15:00:00,42754099999,DEVI AHILYABAI HOLKAR,22.722,75.801,21.0,1015.2,59.84
2016-12-30T15:00:00,42754099999,DEVI AHILYABAI HOLKAR,22.722,75.801,21.0,,60.24
2016-12-30T18:00:00,42754099999,DEVI AHILYABAI HOLKAR,22.722,75.801,17.8,1015.5,70.21
2016-12-30T18:00:00,42754099999,DEVI AHILYABAI HOLKAR,22.722,75.801,18.0,,67.97
2016-12-30T21:00:00,42754099999,DEVI AHILYABAI HOLKAR,22.722,75.801,15.8,1014.8,74.12
2016-12-30T21:00:00,42754099999,DEVI AHILYABAI HOLKAR,22.722,75.801,16.0,,72.22
2016-12-31T00:00:00,42754099999,DEVI AHILYABAI HOLKAR,22.722,75.801,13.8,1014.6,78.37
2016-12-31T00:00:00,42754099999,DEVI AHILYABAI HOLKAR,22.722,75.801,14.0,,76.84
2016-12-31T01:00:00,42754099999,DEVI AHILYABAI HOLKAR,22.722,75.801,14.0,,76.84
2016-12-31T02:00:00,42754099999,DEVI AHILYABAI HOLKAR,22.722,75.801,14.0,,76.84
2016-12-31T03:00:00,42754099999,DEVI AHILYABAI HOLKAR,22.722,75.801,19.0,1015.6,57.81
2016-12-31T03:00:00,42754099999,DEVI AHILYABAI HOLKAR,22.722,75.801,19.0,,59.76
2016-12-31T06:00:00,42754099999,DEVI AHILYABAI HOLKAR,22.722,75.801,27.0,1013.7,38.31
2016-12-31T06:00:00,42754099999,DEVI AHILYABAI HOLKAR,22.722,75.801,27.0,,39.34
2016-12-31T09:00:00,42754099999,DEVI AHILYABAI HOLKAR,22.722,75.801,29.0,1010.2,26.61
2016-12-31T09:00:00,42754099999,DEVI AHILYABAI HOLKAR,22.722,75.801,29.0,,26.79
2016-12-31T10:00:00,42754099999,DEVI AHILYABAI HOLKAR,22.722,75.801,28.0,,28.39
2016-12-31T11:00:00,42754099999,DEVI AHILYABAI HOLKAR,22.722,75.801,27.0,,30.1
2016-12-31T12:00:00,42754099999,DEVI AHILYABAI HOLKAR,22.722,75.801,26.0,1010.4,38.03
2016-12-31T12:00:00,42754099999,DEVI AHILYABAI HOLKAR,22.722,75.801,26.0,,39.06
2016-12-31T13:00:00,42754099999,DEVI AHILYABAI HOLKAR,22.722,75.801,22.0,,49.67
2016-12-31T14:00:00,42754099999,DEVI AHILYABAI HOLKAR,22.722,75.801,20.0,,60.0
2016-12-31T15:00:00,42754099999,DEVI AHILYABAI HOLKAR,22.722,75.801,19.4,1013.4,61.46
2016-12-31T15:00:00,42754099999,DEVI AHILYABAI HOLKAR,22.722,75.801,19.0,,63.85
2016-12-31T18:00:00,42754099999,DEVI AHILYABAI HOLKAR,22.722,75.801,17.2,1014.5,71.49
2016-12-31T18:00:00,42754099999,DEVI AHILYABAI HOLKAR,22.722,75.801,17.0,,72.4
2016-12-31T21:00:00,42754099999,DEVI AHILYABAI HOLKAR,22.722,75.801,16.8,1012.9,70.95
2016-12-31T21:00:00,42754099999,DEVI AHILYABAI HOLKAR,22.722,75.801,17.0,,67.77
2016-12-31T23:00:00,42754099999,DEVI AHILYABAI HOLKAR,22.722,75.801,16.0,,72.22
