timestamp,station_id,station_name,latitude,longitude,temperature,pressure,humidity
1994-01-01T00:00:00,42886099999,JHARSUGUDA / VEER SURENDRA SAI,21.917,84.083,13.8,1019.0,82.11
1994-01-01T03:00:00,42886099999,JHARSUGUDA / VEER SURENDRA SAI,21.917,84.083,16.0,1019.5,71.27
1994-01-01T06:00:00,42886099999,JHARSUGUDA / VEER SURENDRA SAI,21.917,84.083,24.4,1018.2,42.39
1994-01-01T09:00:00,42886099999,JHARSUGUDA / VEER SURENDRA SAI,21.917,84.083,27.4,1014.8,48.86
1994-01-01T12:00:00,42886099999,JHARSUGUDA / VEER SURENDRA SAI,21.917,84.083,23.6,1015.1,46.9
1994-01-01T15:00:00,42886099999,JHARSUGUDA / VEER SURENDRA SAI,21.917,84.083,20.8,1016.4,44.3
1994-01-02T00:00:00,42886099999,JHARSUGUDA / VEER SURENDRA SAI,21.917,84.083,12.6,1016.9,85.89
1994-01-02T03:00:00,42886099999,JHARSUGUDA / VEER SURENDRA SAI,21.917,84.083,15.2,1019.3,72.55
1994-01-02T09:00:00,42886099999,JHARSUGUDA / VEER SURENDRA SAI,21.917,84.083,27.4,1013.9,29.01
1994-01-02T12:00:00,42886099999,JHARSUGUDA / VEER SURENDRA SAI,21.917,84.083,23.0,1014.8,43.15
1994-01-02T15:00:00,42886099999,JHARSUGUDA / VEER SURENDRA SAI,21.917,84.083,19.0,1017.0,57.81
1994-01-03T00:00:00,42886099999,JHARSUGUDA / VEER SURENDRA SAI,21.917,84.083,12.6,1018.0,83.62
1994-01-03T03:00:00,42886099999,JHARSUGUDA / VEER SURENDRA SAI,21.917,84.083,15.1,1020.0,74.99
1994-01-03T09:00:00,42886099999,JHARSUGUDA / VEER SURENDRA SAI,21.917,84.083,27.6,1015.8,29.26
1994-01-03T15:00:00,42886099999,JHARSUGUDA / VEER SURENDRA SAI,21.917,84.083,21.0,1017.3,40.04
1994-01-03T18:00:00,42886099999,JHARSUGUDA / VEER SURENDRA SAI,21.917,84.083,16.0,1017.9,67.11
1994-01-04T00:00:00,42886099999,JHARSUGUDA / VEER SURENDRA SAI,21.917,84.083,12.0,1017.4,85.25
1994-01-04T03:00:00,42886099999,JHARSUGUDA / VEER SURENDRA SAI,21.917,84.083,16.6,1018.8,65.91
1994-01-04T06:00:00,42886099999,JHARSUGUDA / VEER SURENDRA SAI,21.917,84.083,24.4,1017.3,37.33
1994-01-04T09:00:00,42886099999,JHARSUGUDA / VEER SURENDRA SAI,21.917,84.083,27.2,1013.7,28.56
1994-01-04T12:00:00,42886099999,JHARSUGUDA / VEER SURENDRA SAI,21.917,84.083,24.4,1013.9,37.33
1994-01-04T15:00:00,42886099999,JHARSUGUDA / VEER SURENDRA SAI,21.917,84.083,20.0,1016.5,58.44
1994-01-04T18:00:00,42886099999,JHARSUGUDA / VEER SURENDRA SAI,21.917,84.083,18.0,1015.9,60.73
1994-01-04T21:00:00,42886099999,JHARSUGUDA / VEER SURENDRA SAI,21.917,84.083,17.0,1015.9,62.56
1994-01-05T00:00:00,42886099999,JHARSUGUDA / VEER SURENDRA SAI,21.917,84.083,13.0,1010.4,85.93
1994-01-05T03:00:00,42886099999,JHARSUGUDA / VEER SURENDRA SAI,21.917,84.083,17.0,1017.1,68.22
1994-01-05T06:00:00,42886099999,JHARSUGUDA / VEER SURENDRA SAI,21.917,84.083,24.0,1015.5,37.98
1994-01-05T09:00:00,42886099999,JHARSUGUDA / VEER SURENDRA SAI,21.917,84.083,27.2,1011.7,29.75
1994-01-05T12:00:00,42886099999,JHARSUGUDA / VEER SURENDRA SAI,21.917,84.083,24.4,1012.3,45.0
1994-01-05T15:00:00,42886099999,JHARSUGUDA / VEER SURENDRA SAI,21.917,84.083,21.0,1014.3,53.86
1994-01-05T18:00:00,42886099999,JHARSUGUDA / VEER SURENDRA SAI,21.917,84.083,18.4,1014.7,65.85
1994-01-06T00:00:00,42886099999,JHARSUGUDA / VEER SURENDRA SAI,21.917,84.083,14.4,1015.3,82.19
1994-01-06T03:00:00,42886099999,JHARSUGUDA / VEER SURENDRA SAI,21.917,84.083,16.4,1017.3,75.21
1994-01-06T06:00:00,42886099999,JHARSUGUDA / VEER SURENDRA SAI,21.917,84.083,24.6,1016.5,41.34
1994-01-06T12:00:00,42886099999,JHARSUGUDA / VEER SURENDRA SAI,21.917,84.083,25.4,1013.6,37.61
1994-01-06T15:00:00,42886099999,JHARSUGUDA / VEER SURENDRA SAI,21.917,84.083,22.0,,49.01
1994-01-07T00:00:00,42886099999,JHARSUGUDA / VEER SURENDRA SAI,21.917,84.083,14.4,1017.2,88.94
1994-01-07T03:00:00,42886099999,JHARSUGUDA / VEER SURENDRA SAI,21.917,84.083,17.4,1019.6,66.52
1994-01-07T06:00:00,42886099999,JHARSUGUDA / VEER SURENDRA SAI,21.917,84.083,17.4,1019.6,66.08
1994-01-07T09:00:00,42886099999,JHARSUGUDA / VEER SURENDRA SAI,21.917,84.083,27.6,1014.2,34.85
1994-01-07T12:00:00,42886099999,JHARSUGUDA / VEER SURENDRA SAI,21.917,84.083,25.0,1013.9,47.28
1994-01-07T15:00:00,42886099999,JHARSUGUDA / VEER SURENDRA SAI,21.917,84.083,22.0,1016.4,56.66
1994-01-07T21:00:00,42886099999,JHARSUGUDA / VEER SURENDRA SAI,21.917,84.083,15.6,1016.7,78.63
1994-01-08T00:00:00,42886099999,JHARSUGUDA / VEER SURENDRA SAI,21.917,84.083,13.0,1017.1,85.93
1994-01-08T03:00:00,42886099999,JHARSUGUDA / VEER SURENDRA SAI,21.917,84.083,17.0,1019.0,60.9
1994-01-08T06:00:00,42886099999,JHARSUGUDA / VEER SURENDRA SAI,21.917,84.083,17.0,1019.0,41.73
1994-01-08T09:00:00,42886099999,JHARSUGUDA / VEER SURENDRA SAI,21.917,84.083,28.4,1013.6,22.1
1994-01-08T12:00:00,42886099999,JHARSUGUDA / VEER SURENDRA SAI,21.917,84.083,25.6,1013.4,34.05
1994-01-08T15:00:00,42886099999,JHARSUGUDA / VEER SURENDRA SAI,21.917,84.083,20.4,1015.9,57.77
1994-01-08T18:00:00,42886099999,JHARSUGUDA / VEER SURENDRA SAI,21.917,84.083,17.6,,70.63
1994-01-09T00:00:00,42886099999,JHARSUGUDA / VEER SURENDRA SAI,21.917,84.083,12.0,1015.4,88.16
1994-01-09T03:00:00,42886099999,JHARSUGUDA / VEER SURENDRA SAI,21.917,84.083,15.0,1017.9,78.55
1994-01-09T09:00:00,42886099999,JHARSUGUDA / VEER SURENDRA SAI,21.917,84.083,28.0,1013.2,21.39
1994-01-09T12:00:00,42886099999,JHARSUGUDA / VEER SURENDRA SAI,21.917,84.083,24.4,1013.4,33.48
1994-01-09T15:00:00,42886099999,JHARSUGUDA / VEER SURENDRA SAI,21.917,84.083,21.2,1015.3,42.06
1994-01-10T00:00:00,42886099999,JHARSUGUDA / VEER SURENDRA SAI,21.917,84.083,16.0,1015.1,77.16
1994-01-10T03:00:00,42886099999,JHARSUGUDA / VEER SURENDRA SAI,21.917,84.083,17.0,1017.2,70.05
1994-01-10T06:00:00,42886099999,JHARSUGUDA / VEER SURENDRA SAI,21.917,84.083,23.0,1016.9,44.61
1994-01-10T09:00:00,42886099999,JHARSUGUDA / VEER SURENDRA SAI,21.917,84.083,25.4,1013.4,38.89
1994-01-10T12:00:00,42886099999,JHARSUGUDA / VEER SURENDRA SAI,21.917,84.083,22.4,1014.0,53.87
1994-01-11T03:00:00,42886099999,JHARSUGUDA / VEER SURENDRA SAI,21.917,84.083,17.6,1017.4,72.51
1994-01-11T06:00:00,42886099999,JHARSUGUDA / VEER SURENDRA SAI,21.917,84.083,24.6,1015.8,41.34
1994-01-11T09:00:00,42886099999,JHARSUGUDA / VEER SURENDRA SAI,21.917,84.083,27.2,1012.3,25.23
1994-01-11T12:00:00,42886099999,JHARSUGUDA / VEER SURENDRA SAI,21.917,84.083,24.6,1012.4,37.64
1994-01-11T15:00:00,42886099999,JHARSUGUDA / VEER SURENDRA SAI,21.917,84.083,22.0,1014.5,43.16
1994-01-11T18:00:00,42886099999,JHARSUGUDA / VEER SURENDRA SAI,21.917,84.083,18.0,1015.5,69.33
1994-01-11T21:00:00,42886099999,JHARSUGUDA / VEER SURENDRA SAI,21.917,84.083,16.0,1015.0,75.15
1994-01-12T00:00:00,42886099999,JHARSUGUDA / VEER SURENDRA SAI,21.917,84.083,,1015.3,
1994-01-12T03:00:00,42886099999,JHARSUGUDA / VEER SURENDRA SAI,21.917,84.083,18.2,1017.2,60.37
1994-01-12T06:00:00,42886099999,JHARSUGUDA / VEER SURENDRA SAI,21.917,84.083,25.2,1016.2,25.22
1994-01-12T09:00:00,42886099999,JHARSUGUDA / VEER SURENDRA SAI,21.917,84.083,27.4,1012.4,15.25
1994-01-12T12:00:00,42886099999,JHARSUGUDA / VEER SURENDRA SAI,21.917,84.083,25.0,1013.0,34.35
1994-01-12T15:00:00,42886099999,JHARSUGUDA / VEER SURENDRA SAI,21.917,84.083,25.0,1013.0,34.35
1994-01-12T21:00:00,42886099999,JHARSUGUDA / VEER SURENDRA SAI,21.917,84.083,14.2,1015.3,75.85
1994-01-13T00:00:00,42886099999,JHARSUGUDA / VEER SURENDRA SAI,21.917,84.083,12.8,1014.8,83.65
1994-01-13T03:00:00,42886099999,JHARSUGUDA / VEER SURENDRA SAI,21.917,84.083,16.4,1016.7,63.69
1994-01-13T06:00:00,42886099999,JHARSUGUDA / VEER SURENDRA SAI,21.917,84.083,25.0,1015.6,38.26
1994-01-13T09:00:00,42886099999,JHARSUGUDA / VEER SURENDRA SAI,21.917,84.083,28.0,1011.8,24.58
1994-01-13T12:00:00,42886099999,JHARSUGUDA / VEER SURENDRA SAI,21.917,84.083,25.2,1012.0,34.64
1994-01-13T15:00:00,42886099999,JHARSUGUDA / VEER SURENDRA SAI,21.917,84.083,21.4,1013.6,48.2
1994-01-13T21:00:00,42886099999,JHARSUGUDA / VEER SURENDRA SAI,21.917,84.083,17.2,1012.6,73.88
1994-01-14T03:00:00,42886099999,JHARSUGUDA / VEER SURENDRA SAI,21.917,84.083,17.2,1014.2,71.96
1994-01-14T06:00:00,42886099999,JHARSUGUDA / VEER SURENDRA SAI,21.917,84.083,25.0,1013.0,40.63
1994-01-14T12:00:00,42886099999,JHARSUGUDA / VEER SURENDRA SAI,21.917,84.083,27.0,1008.9,39.86
1994-01-14T18:00:00,42886099999,JHARSUGUDA / VEER SURENDRA SAI,21.917,84.083,20.4,1010.1,62.5
1994-01-15T03:00:00,42886099999,JHARSUGUDA / VEER SURENDRA SAI,21.917,84.083,19.2,1010.9,70.02
1994-01-15T09:00:00,42886099999,JHARSUGUDA / VEER SURENDRA SAI,21.917,84.083,24.2,1007.4,44.94
1994-01-15T15:00:00,42886099999,JHARSUGUDA / VEER SURENDRA SAI,21.917,84.083,18.4,1010.3,92.14
1994-01-15T18:00:00,42886099999,JHARSUGUDA / VEER SURENDRA SAI,21.917,84.083,18.0,1010.2,93.88
1994-01-16T00:00:00,42886099999,JHARSUGUDA / VEER SURENDRA SAI,21.917,84.083,21.2,,63.5
1994-01-16T03:00:00,42886099999,JHARSUGUDA / VEER SURENDRA SAI,21.917,84.083,17.0,1009.7,93.84
1994-01-16T06:00:00,42886099999,JHARSUGUDA / VEER SURENDRA SAI,21.917,84.083,22.2,1012.6,50.72
1994-01-16T09:00:00,42886099999,JHARSUGUDA / VEER SURENDRA SAI,21.917,84.083,30.4,1010.1,25.05
1994-01-16T12:00:00,42886099999,JHARSUGUDA / VEER SURENDRA SAI,21.917,84.083,22.0,1011.1,37.41
1994-01-17T00:00:00,42886099999,JHARSUGUDA / VEER SURENDRA SAI,21.917,84.083,10.4,1015.5,94.79
1994-01-17T03:00:00,42886099999,JHARSUGUDA / VEER SURENDRA SAI,21.917,84.083,14.0,1017.7,68.99
1994-01-17T06:00:00,42886099999,JHARSUGUDA / VEER SURENDRA SAI,21.917,84.083,19.8,1016.8,39.7
1994-01-17T09:00:00,42886099999,JHARSUGUDA / VEER SURENDRA SAI,21.917,84.083,23.2,1013.7,58.45
1994-01-17T12:00:00,42886099999,JHARSUGUDA / VEER SURENDRA SAI,21.917,84.083,21.2,1014.3,36.16
1994-01-18T00:00:00,42886099999,JHARSUGUDA / VEER SURENDRA SAI,21.917,84.083,10.0,1018.2,76.72
1994-01-18T03:00:00,42886099999,JHARSUGUDA / VEER SURENDRA SAI,21.917,84.083,,1019.6,
1994-01-18T06:00:00,42886099999,JHARSUGUDA / VEER SURENDRA SAI,21.917,84.083,20.2,1018.7,46.28
1994-01-18T09:00:00,42886099999,JHARSUGUDA / VEER SURENDRA SAI,21.917,84.083,21.4,,39.34
1994-01-18T12:00:00,42886099999,JHARSUGUDA / VEER SURENDRA SAI,21.917,84.083,21.4,1014.4,39.34
1994-01-18T18:00:00,42886099999,JHARSUGUDA / VEER SURENDRA SAI,21.917,84.083,13.6,1017.9,75.24
1994-01-19T03:00:00,42886099999,JHARSUGUDA / VEER SURENDRA SAI,21.917,84.083,13.8,1019.1,68.95
1994-01-19T06:00:00,42886099999,JHARSUGUDA / VEER SURENDRA SAI,21.917,84.083,21.2,1018.1,37.7
1994-01-19T09:00:00,42886099999,JHARSUGUDA / VEER SURENDRA SAI,21.917,84.083,24.4,1013.8,31.05
1994-01-19T12:00:00,42886099999,JHARSUGUDA / VEER SURENDRA SAI,21.917,84.083,20.2,1014.4,54.38
1994-01-19T21:00:00,42886099999,JHARSUGUDA / VEER SURENDRA SAI,21.917,84.083,14.8,1015.9,79.56
1994-01-20T00:00:00,42886099999,JHARSUGUDA / VEER SURENDRA SAI,21.917,84.083,14.8,1016.1,78.52
1994-01-20T03:00:00,42886099999,JHARSUGUDA / VEER SURENDRA SAI,21.917,84.083,17.4,1017.7,64.77
1994-01-20T06:00:00,42886099999,JHARSUGUDA / VEER SURENDRA SAI,21.917,84.083,24.4,1017.0,38.61
1994-01-20T09:00:00,42886099999,JHARSUGUDA / VEER SURENDRA SAI,21.917,84.083,27.2,1013.5,22.25
1994-01-20T12:00:00,42886099999,JHARSUGUDA / VEER SURENDRA SAI,21.917,84.083,24.8,1014.2,40.57
1994-01-20T15:00:00,42886099999,JHARSUGUDA / VEER SURENDRA SAI,21.917,84.083,22.2,1016.6,56.71
1994-01-21T00:00:00,42886099999,JHARSUGUDA / VEER SURENDRA SAI,21.917,84.083,15.0,1016.7,82.8
1994-01-21T03:00:00,42886099999,JHARSUGUDA / VEER SURENDRA SAI,21.917,84.083,18.8,1018.8,60.92
1994-01-21T06:00:00,42886099999,JHARSUGUDA / VEER SURENDRA SAI,21.917,84.083,25.2,1017.6,32.36
1994-01-21T09:00:00,42886099999,JHARSUGUDA / VEER SURENDRA SAI,21.917,84.083,15.0,1016.7,82.8
1994-01-21T12:00:00,42886099999,JHARSUGUDA / VEER SURENDRA SAI,21.917,84.083,26.4,1014.7,32.92
1994-01-21T15:00:00,42886099999,JHARSUGUDA / VEER SURENDRA SAI,21.917,84.083,22.2,1015.7,46.21
1994-01-22T00:00:00,42886099999,JHARSUGUDA / VEER SURENDRA SAI,21.917,84.083,15.2,1016.3,78.57
1994-01-22T03:00:00,42886099999,JHARSUGUDA / VEER SURENDRA SAI,21.917,84.083,18.0,1018.4,65.77
1994-01-22T06:00:00,42886099999,JHARSUGUDA / VEER SURENDRA SAI,21.917,84.083,25.0,1017.6,40.63
1994-01-22T09:00:00,42886099999,JHARSUGUDA / VEER SURENDRA SAI,21.917,84.083,28.0,1013.8,32.06
1994-01-22T12:00:00,42886099999,JHARSUGUDA / VEER SURENDRA SAI,21.917,84.083,26.0,1013.4,40.91
1994-01-22T15:00:00,42886099999,JHARSUGUDA / VEER SURENDRA SAI,21.917,84.083,21.4,1016.3,55.77
1994-01-22T18:00:00,42886099999,JHARSUGUDA / VEER SURENDRA SAI,21.917,84.083,18.6,1016.6,64.18
1994-01-23T00:00:00,42886099999,JHARSUGUDA / VEER SURENDRA SAI,21.917,84.083,14.0,1017.3,84.34
1994-01-23T03:00:00,42886099999,JHARSUGUDA / VEER SURENDRA SAI,21.917,84.083,,1019.4,
1994-01-23T06:00:00,42886099999,JHARSUGUDA / VEER SURENDRA SAI,21.917,84.083,25.4,1018.2,30.27
1994-01-23T09:00:00,42886099999,JHARSUGUDA / VEER SURENDRA SAI,21.917,84.083,25.0,1017.6,40.63
1994-01-23T12:00:00,42886099999,JHARSUGUDA / VEER SURENDRA SAI,21.917,84.083,27.0,1013.9,32.87
1994-01-23T15:00:00,42886099999,JHARSUGUDA / VEER SURENDRA SAI,21.917,84.083,22.0,1016.1,52.02
1994-01-23T18:00:00,42886099999,JHARSUGUDA / VEER SURENDRA SAI,21.917,84.083,20.0,1016.5,55.79
1994-01-23T21:00:00,42886099999,JHARSUGUDA / VEER SURENDRA SAI,21.917,84.083,18.4,1015.5,64.14
1994-01-24T00:00:00,42886099999,JHARSUGUDA / VEER SURENDRA SAI,21.917,84.083,16.6,1016.1,67.69
1994-01-24T03:00:00,42886099999,JHARSUGUDA / VEER SURENDRA SAI,21.917,84.083,18.6,1018.8,64.18
1994-01-24T06:00:00,42886099999,JHARSUGUDA / VEER SURENDRA SAI,21.917,84.083,25.6,1017.9,35.46
1994-01-24T09:00:00,42886099999,JHARSUGUDA / VEER SURENDRA SAI,21.917,84.083,29.8,1014.1,28.5
1994-01-24T12:00:00,42886099999,JHARSUGUDA / VEER SURENDRA SAI,21.917,84.083,28.0,1013.9,33.15
1994-01-24T15:00:00,42886099999,JHARSUGUDA / VEER SURENDRA SAI,21.917,84.083,22.8,1015.4,52.92
1994-01-25T00:00:00,42886099999,JHARSUGUDA / VEER SURENDRA SAI,21.917,84.083,15.4,1015.4,80.7
1994-01-25T03:00:00,42886099999,JHARSUGUDA / VEER SURENDRA SAI,21.917,84.083,19.4,1017.2,61.46
1994-01-25T06:00:00,42886099999,JHARSUGUDA / VEER SURENDRA SAI,21.917,84.083,26.6,1016.2,29.99
1994-01-25T09:00:00,42886099999,JHARSUGUDA / VEER SURENDRA SAI,21.917,84.083,29.2,1012.0,27.39
1994-01-25T12:00:00,42886099999,JHARSUGUDA / VEER SURENDRA SAI,21.917,84.083,27.6,1012.1,29.26
1994-01-25T15:00:00,42886099999,JHARSUGUDA / VEER SURENDRA SAI,21.917,84.083,22.8,1014.7,44.26
1994-01-26T00:00:00,42886099999,JHARSUGUDA / VEER SURENDRA SAI,21.917,84.083,16.4,1014.8,70.87
1994-01-26T03:00:00,42886099999,JHARSUGUDA / VEER SURENDRA SAI,21.917,84.083,27.0,1017.0,40.12
1994-01-26T06:00:00,42886099999,JHARSUGUDA / VEER SURENDRA SAI,21.917,84.083,26.0,1015.3,27.65
1994-01-26T09:00:00,42886099999,JHARSUGUDA / VEER SURENDRA SAI,21.917,84.083,29.0,1011.7,21.19
1994-01-26T12:00:00,42886099999,JHARSUGUDA / VEER SURENDRA SAI,21.917,84.083,26.4,1011.7,36.65
1994-01-26T15:00:00,42886099999,JHARSUGUDA / VEER SURENDRA SAI,21.917,84.083,22.0,1014.3,46.16
1994-01-27T00:00:00,42886099999,JHARSUGUDA / VEER SURENDRA SAI,21.917,84.083,13.6,1016.3,81.54
1994-01-27T03:00:00,42886099999,JHARSUGUDA / VEER SURENDRA SAI,21.917,84.083,16.6,1018.9,62.05
1994-01-27T06:00:00,42886099999,JHARSUGUDA / VEER SURENDRA SAI,21.917,84.083,25.2,1017.5,27.62
1994-01-27T09:00:00,42886099999,JHARSUGUDA / VEER SURENDRA SAI,21.917,84.083,29.0,1013.5,18.15
1994-01-27T12:00:00,42886099999,JHARSUGUDA / VEER SURENDRA SAI,21.917,84.083,26.6,1013.5,29.99
1994-01-27T15:00:00,42886099999,JHARSUGUDA / VEER SURENDRA SAI,21.917,84.083,22.0,1015.3,42.29
1994-01-27T18:00:00,42886099999,JHARSUGUDA / VEER SURENDRA SAI,21.917,84.083,18.8,1016.2,55.86
1994-01-27T21:00:00,42886099999,JHARSUGUDA / VEER SURENDRA SAI,21.917,84.083,16.8,1015.6,68.18
1994-01-28T03:00:00,42886099999,JHARSUGUDA / VEER SURENDRA SAI,21.917,84.083,18.8,1018.0,57.76
1994-01-28T06:00:00,42886099999,JHARSUGUDA / VEER SURENDRA SAI,21.917,84.083,27.4,1016.3,32.32
1994-01-28T09:00:00,42886099999,JHARSUGUDA / VEER SURENDRA SAI,21.917,84.083,30.0,1012.5,29.72
1994-01-28T12:00:00,42886099999,JHARSUGUDA / VEER SURENDRA SAI,21.917,84.083,27.6,1011.7,36.99
1994-01-28T15:00:00,42886099999,JHARSUGUDA / VEER SURENDRA SAI,21.917,84.083,23.4,1013.3,49.39
1994-01-29T00:00:00,42886099999,JHARSUGUDA / VEER SURENDRA SAI,21.917,84.083,16.2,1013.0,85.14
1994-01-29T06:00:00,42886099999,JHARSUGUDA / VEER SURENDRA SAI,21.917,84.083,28.0,1013.9,37.59
1994-01-29T09:00:00,42886099999,JHARSUGUDA / VEER SURENDRA SAI,21.917,84.083,31.4,1009.5,23.18
1994-01-29T12:00:00,42886099999,JHARSUGUDA / VEER SURENDRA SAI,21.917,84.083,24.0,1008.7,
1994-01-29T15:00:00,42886099999,JHARSUGUDA / VEER SURENDRA SAI,21.917,84.083,23.0,1010.0,47.36
1994-01-30T00:00:00,42886099999,JHARSUGUDA / VEER SURENDRA SAI,21.917,84.083,16.4,1009.8,79.27
1994-01-30T06:00:00,42886099999,JHARSUGUDA / VEER SURENDRA SAI,21.917,84.083,27.2,1010.3,36.63
1994-01-30T09:00:00,42886099999,JHARSUGUDA / VEER SURENDRA SAI,21.917,84.083,30.0,1006.9,30.73
1994-01-30T12:00:00,42886099999,JHARSUGUDA / VEER SURENDRA SAI,21.917,84.083,28.0,1006.8,38.85
1994-01-30T15:00:00,42886099999,JHARSUGUDA / VEER SURENDRA SAI,21.917,84.083,28.0,1006.8,38.85
1994-01-31T00:00:00,42886099999,JHARSUGUDA / VEER SURENDRA SAI,21.917,84.083,19.0,1008.0,80.66
1994-01-31T06:00:00,42886099999,JHARSUGUDA / VEER SURENDRA SAI,21.917,84.083,24.8,1011.4,49.76
1994-01-31T09:00:00,42886099999,JHARSUGUDA / VEER SURENDRA SAI,21.917,84.083,22.0,1011.9,64.92
1994-01-31T12:00:00,42886099999,JHARSUGUDA / VEER SURENDRA SAI,21.917,84.083,26.0,1008.4,48.49
1994-01-31T15:00:00,42886099999,JHARSUGUDA / VEER SURENDRA SAI,21.917,84.083,22.6,1010.6,63.4
1994-01-31T18:00:00,42886099999,JHARSUGUDA / VEER SURENDRA SAI,21.917,84.083,20.4,1011.4,73.01
1994-02-01T00:00:00,42886099999,JHARSUGUDA / VEER SURENDRA SAI,21.917,84.083,18.6,1011.5,84.31
1994-02-01T06:00:00,42886099999,JHARSUGUDA / VEER SURENDRA SAI,21.917,84.083,23.4,1012.8,73.07
1994-02-01T09:00:00,42886099999,JHARSUGUDA / VEER SURENDRA SAI,21.917,84.083,25.4,1009.2,66.88
1994-02-01T12:00:00,42886099999,JHARSUGUDA / VEER SURENDRA SAI,21.917,84.083,23.4,1009.8,71.71
1994-02-01T15:00:00,42886099999,JHARSUGUDA / VEER SURENDRA SAI,21.917,84.083,20.9,1012.5,76.92
1994-02-02T00:00:00,42886099999,JHARSUGUDA / VEER SURENDRA SAI,21.917,84.083,18.2,1013.1,88.12
1994-02-02T06:00:00,42886099999,JHARSUGUDA / VEER SURENDRA SAI,21.917,84.083,23.4,1015.1,41.0
1994-02-02T09:00:00,42886099999,JHARSUGUDA / VEER SURENDRA SAI,21.917,84.083,26.0,1012.3,16.68
1994-02-02T12:00:00,42886099999,JHARSUGUDA / VEER SURENDRA SAI,21.917,84.083,24.0,1012.5,29.06
1994-02-02T15:00:00,42886099999,JHARSUGUDA / VEER SURENDRA SAI,21.917,84.083,19.0,1015.4,39.75
1994-02-03T00:00:00,42886099999,JHARSUGUDA / VEER SURENDRA SAI,21.917,84.083,12.4,1015.8,71.55
1994-02-03T03:00:00,42886099999,JHARSUGUDA / VEER SURENDRA SAI,21.917,84.083,22.0,1016.5,38.98
1994-02-03T09:00:00,42886099999,JHARSUGUDA / VEER SURENDRA SAI,21.917,84.083,25.2,1012.6,22.85
1994-02-03T12:00:00,42886099999,JHARSUGUDA / VEER SURENDRA SAI,21.917,84.083,23.6,1012.3,36.11
1994-02-03T18:00:00,42886099999,JHARSUGUDA / VEER SURENDRA SAI,21.917,84.083,16.4,1015.3,59.94
1994-02-04T00:00:00,42886099999,JHARSUGUDA / VEER SURENDRA SAI,21.917,84.083,12.0,1015.5,82.99
1994-02-04T04:00:00,42886099999,JHARSUGUDA / VEER SURENDRA SAI,21.917,84.083,,1016.4,
1994-02-04T06:00:00,42886099999,JHARSUGUDA / VEER SURENDRA SAI,21.917,84.083,23.4,1016.4,41.0
1994-02-04T09:00:00,42886099999,JHARSUGUDA / VEER SURENDRA SAI,21.917,84.083,25.2,1012.9,28.79
1994-02-04T12:00:00,42886099999,JHARSUGUDA / VEER SURENDRA SAI,21.917,84.083,25.0,1012.6,28.34
1994-02-04T15:00:00,42886099999,JHARSUGUDA / VEER SURENDRA SAI,21.917,84.083,20.8,1014.1,38.37
1994-02-04T18:00:00,42886099999,JHARSUGUDA / VEER SURENDRA SAI,21.917,84.083,17.0,1014.6,58.88
1994-02-04T21:00:00,42886099999,JHARSUGUDA / VEER SURENDRA SAI,21.917,84.083,15.2,1014.8,70.17
1994-02-05T00:00:00,42886099999,JHARSUGUDA / VEER SURENDRA SAI,21.917,84.083,13.0,1014.6,85.93
1994-02-05T03:00:00,42886099999,JHARSUGUDA / VEER SURENDRA SAI,21.917,84.083,17.0,1016.4,68.22
1994-02-05T06:00:00,42886099999,JHARSUGUDA / VEER SURENDRA SAI,21.917,84.083,25.0,1015.1,48.53
1994-02-05T12:00:00,42886099999,JHARSUGUDA / VEER SURENDRA SAI,21.917,84.083,26.2,1010.9,36.35
1994-02-05T18:00:00,42886099999,JHARSUGUDA / VEER SURENDRA SAI,21.917,84.083,19.8,1014.5,57.24
1994-02-06T00:00:00,42886099999,JHARSUGUDA / VEER SURENDRA SAI,21.917,84.083,15.8,1014.9,77.12
1994-02-06T06:00:00,42886099999,JHARSUGUDA / VEER SURENDRA SAI,21.917,84.083,25.4,1015.6,47.7
1994-02-06T09:00:00,42886099999,JHARSUGUDA / VEER SURENDRA SAI,21.917,84.083,28.6,1012.2,35.13
1994-02-06T12:00:00,42886099999,JHARSUGUDA / VEER SURENDRA SAI,21.917,84.083,27.0,1011.7,42.28
1994-02-06T15:00:00,42886099999,JHARSUGUDA / VEER SURENDRA SAI,21.917,84.083,24.2,,42.06
1994-02-07T00:00:00,42886099999,JHARSUGUDA / VEER SURENDRA SAI,21.917,84.083,16.6,1014.4,77.25
1994-02-07T03:00:00,42886099999,JHARSUGUDA / VEER SURENDRA SAI,21.917,84.083,20.0,1016.9,64.07
1994-02-07T06:00:00,42886099999,JHARSUGUDA / VEER SURENDRA SAI,21.917,84.083,27.4,1015.1,39.19
1994-02-07T09:00:00,42886099999,JHARSUGUDA / VEER SURENDRA SAI,21.917,84.083,30.4,1011.2,30.23
1994-02-07T12:00:00,42886099999,JHARSUGUDA / VEER SURENDRA SAI,21.917,84.083,29.0,1012.8,37.87
1994-02-07T15:00:00,42886099999,JHARSUGUDA / VEER SURENDRA SAI,21.917,84.083,24.4,1013.1,46.51
1994-02-07T18:00:00,42886099999,JHARSUGUDA / VEER SURENDRA SAI,21.917,84.083,22.8,1013.1,49.88
1994-02-08T00:00:00,42886099999,JHARSUGUDA / VEER SURENDRA SAI,21.917,84.083,17.4,1012.1,77.88
1994-02-08T03:00:00,42886099999,JHARSUGUDA / VEER SURENDRA SAI,21.917,84.083,18.6,1014.1,75.09
1994-02-08T06:00:00,42886099999,JHARSUGUDA / VEER SURENDRA SAI,21.917,84.083,27.8,1012.3,29.51
1994-02-08T09:00:00,42886099999,JHARSUGUDA / VEER SURENDRA SAI,21.917,84.083,18.6,1014.1,75.09
1994-02-08T12:00:00,42886099999,JHARSUGUDA / VEER SURENDRA SAI,21.917,84.083,29.2,1007.3,31.75
1994-02-08T15:00:00,42886099999,JHARSUGUDA / VEER SURENDRA SAI,21.917,84.083,25.8,1009.0,32.09
1994-02-08T18:00:00,42886099999,JHARSUGUDA / VEER SURENDRA SAI,21.917,84.083,22.4,1009.2,43.85
1994-02-09T00:00:00,42886099999,JHARSUGUDA / VEER SURENDRA SAI,21.917,84.083,19.2,1009.1,49.92
1994-02-09T03:00:00,42886099999,JHARSUGUDA / VEER SURENDRA SAI,21.917,84.083,20.4,1012.1,48.25
1994-02-09T09:00:00,42886099999,JHARSUGUDA / VEER SURENDRA SAI,21.917,84.083,26.6,1008.5,40.54
1994-02-09T12:00:00,42886099999,JHARSUGUDA / VEER SURENDRA SAI,21.917,84.083,25.6,1008.6,45.33
1994-02-09T15:00:00,42886099999,JHARSUGUDA / VEER SURENDRA SAI,21.917,84.083,22.6,1011.3,54.27
1994-02-10T00:00:00,42886099999,JHARSUGUDA / VEER SURENDRA SAI,21.917,84.083,15.6,1012.6,78.63
1994-02-10T06:00:00,42886099999,JHARSUGUDA / VEER SURENDRA SAI,21.917,84.083,25.0,1013.4,34.35
1994-02-10T09:00:00,42886099999,JHARSUGUDA / VEER SURENDRA SAI,21.917,84.083,27.4,1009.7,
1994-02-10T12:00:00,42886099999,JHARSUGUDA / VEER SURENDRA SAI,21.917,84.083,26.6,1009.5,23.22
1994-02-10T15:00:00,42886099999,JHARSUGUDA / VEER SURENDRA SAI,21.917,84.083,20.6,1011.6,35.0
1994-02-11T06:00:00,42886099999,JHARSUGUDA / VEER SURENDRA SAI,21.917,84.083,26.2,,56.6
1994-02-11T12:00:00,42886099999,JHARSUGUDA / VEER SURENDRA SAI,21.917,84.083,27.0,1007.5,30.51
1994-02-11T15:00:00,42886099999,JHARSUGUDA / VEER SURENDRA SAI,21.917,84.083,22.4,1009.6,38.04
1994-02-11T18:00:00,42886099999,JHARSUGUDA / VEER SURENDRA SAI,21.917,84.083,19.2,1010.0,56.34
1994-02-12T03:00:00,42886099999,JHARSUGUDA / VEER SURENDRA SAI,21.917,84.083,19.4,1012.0,58.29
1994-02-12T06:00:00,42886099999,JHARSUGUDA / VEER SURENDRA SAI,21.917,84.083,24.6,1011.6,53.38
1994-02-12T09:00:00,42886099999,JHARSUGUDA / VEER SURENDRA SAI,21.917,84.083,26.2,1008.6,50.13
1994-02-12T12:00:00,42886099999,JHARSUGUDA / VEER SURENDRA SAI,21.917,84.083,26.0,1008.3,56.55
1994-02-13T00:00:00,42886099999,JHARSUGUDA / VEER SURENDRA SAI,21.917,84.083,16.0,1011.3,79.21
1994-02-13T03:00:00,42886099999,JHARSUGUDA / VEER SURENDRA SAI,21.917,84.083,19.4,1014.4,53.45
1994-02-13T06:00:00,42886099999,JHARSUGUDA / VEER SURENDRA SAI,21.917,84.083,25.4,1013.8,61.25
1994-02-13T09:00:00,42886099999,JHARSUGUDA / VEER SURENDRA SAI,21.917,84.083,29.0,1010.2,44.51
1994-02-13T12:00:00,42886099999,JHARSUGUDA / VEER SURENDRA SAI,21.917,84.083,27.4,1010.2,40.23
1994-02-13T15:00:00,42886099999,JHARSUGUDA / VEER SURENDRA SAI,21.917,84.083,24.0,1012.0,43.14
1994-02-14T00:00:00,42886099999,JHARSUGUDA / VEER SURENDRA SAI,21.917,84.083,17.6,1012.6,74.43
1994-02-14T12:00:00,42886099999,JHARSUGUDA / VEER SURENDRA SAI,21.917,84.083,29.0,1010.3,31.28
1994-02-14T15:00:00,42886099999,JHARSUGUDA / VEER SURENDRA SAI,21.917,84.083,25.8,1011.6,54.73
1994-02-14T18:00:00,42886099999,JHARSUGUDA / VEER SURENDRA SAI,21.917,84.083,21.0,1012.1,75.48
1994-02-15T00:00:00,42886099999,JHARSUGUDA / VEER SURENDRA SAI,21.917,84.083,20.0,1011.9,70.63
1994-02-15T03:00:00,42886099999,JHARSUGUDA / VEER SURENDRA SAI,21.917,84.083,20.8,1014.6,68.1
1994-02-15T06:00:00,42886099999,JHARSUGUDA / VEER SURENDRA SAI,21.917,84.083,24.6,1014.5,63.44
1994-02-15T12:00:00,42886099999,JHARSUGUDA / VEER SURENDRA SAI,21.917,84.083,25.8,1010.5,57.59
1994-02-15T15:00:00,42886099999,JHARSUGUDA / VEER SURENDRA SAI,21.917,84.083,23.2,1013.2,
1994-02-15T18:00:00,42886099999,JHARSUGUDA / VEER SURENDRA SAI,21.917,84.083,22.0,1013.8,75.64
1994-02-16T00:00:00,42886099999,JHARSUGUDA / VEER SURENDRA SAI,21.917,84.083,19.4,1013.1,88.22
1994-02-16T03:00:00,42886099999,JHARSUGUDA / VEER SURENDRA SAI,21.917,84.083,21.2,1015.7,75.04
1994-02-16T06:00:00,42886099999,JHARSUGUDA / VEER SURENDRA SAI,21.917,84.083,23.4,1015.5,69.48
1994-02-16T09:00:00,42886099999,JHARSUGUDA / VEER SURENDRA SAI,21.917,84.083,24.6,1012.9,63.44
1994-02-16T12:00:00,42886099999,JHARSUGUDA / VEER SURENDRA SAI,21.917,84.083,24.4,1012.2,64.61
1994-02-16T15:00:00,42886099999,JHARSUGUDA / VEER SURENDRA SAI,21.917,84.083,21.2,1013.8,78.44
1994-02-16T18:00:00,42886099999,JHARSUGUDA / VEER SURENDRA SAI,21.917,84.083,19.2,1014.7,84.37
1994-02-17T00:00:00,42886099999,JHARSUGUDA / VEER SURENDRA SAI,21.917,84.083,17.4,1013.8,93.86
1994-02-17T06:00:00,42886099999,JHARSUGUDA / VEER SURENDRA SAI,21.917,84.083,25.2,1016.3,61.21
1994-02-17T09:00:00,42886099999,JHARSUGUDA / VEER SURENDRA SAI,21.917,84.083,25.2,1013.4,63.97
1994-02-17T12:00:00,42886099999,JHARSUGUDA / VEER SURENDRA SAI,21.917,84.083,24.0,1013.3,70.48
1994-02-17T15:00:00,42886099999,JHARSUGUDA / VEER SURENDRA SAI,21.917,84.083,21.4,1014.9,83.56
1994-02-18T00:00:00,42886099999,JHARSUGUDA / VEER SURENDRA SAI,21.917,84.083,29.4,1013.9,50.64
1994-02-18T03:00:00,42886099999,JHARSUGUDA / VEER SURENDRA SAI,21.917,84.083,20.8,1015.9,85.08
1994-02-18T06:00:00,42886099999,JHARSUGUDA / VEER SURENDRA SAI,21.917,84.083,26.0,1015.8,60.62
1994-02-18T09:00:00,42886099999,JHARSUGUDA / VEER SURENDRA SAI,21.917,84.083,28.4,1012.2,49.75
1994-02-18T15:00:00,42886099999,JHARSUGUDA / VEER SURENDRA SAI,21.917,84.083,23.2,1013.6,76.31
1994-02-19T00:00:00,42886099999,JHARSUGUDA / VEER SURENDRA SAI,21.917,84.083,19.0,1013.5,92.17
1994-02-19T06:00:00,42886099999,JHARSUGUDA / VEER SURENDRA SAI,21.917,84.083,29.8,1015.1,31.5
1994-02-19T09:00:00,42886099999,JHARSUGUDA / VEER SURENDRA SAI,21.917,84.083,31.0,1011.0,31.21
1994-02-19T12:00:00,42886099999,JHARSUGUDA / VEER SURENDRA SAI,21.917,84.083,29.8,1010.7,35.7
1994-02-19T15:00:00,42886099999,JHARSUGUDA / VEER SURENDRA SAI,21.917,84.083,25.6,1012.5,46.83
1994-02-19T18:00:00,42886099999,JHARSUGUDA / VEER SURENDRA SAI,21.917,84.083,22.4,1013.3,61.35
1994-02-20T00:00:00,42886099999,JHARSUGUDA / VEER SURENDRA SAI,21.917,84.083,19.2,1012.7,81.21
1994-02-20T03:00:00,42886099999,JHARSUGUDA / VEER SURENDRA SAI,21.917,84.083,22.8,1014.3,68.06
1994-02-20T06:00:00,42886099999,JHARSUGUDA / VEER SURENDRA SAI,21.917,84.083,29.6,1013.1,53.63
1994-02-20T09:00:00,42886099999,JHARSUGUDA / VEER SURENDRA SAI,21.917,84.083,22.8,1014.3,68.06
1994-02-20T12:00:00,42886099999,JHARSUGUDA / VEER SURENDRA SAI,21.917,84.083,31.4,1008.3,41.87
1994-02-20T18:00:00,42886099999,JHARSUGUDA / VEER SURENDRA SAI,21.917,84.083,24.4,1010.7,66.26
1994-02-20T21:00:00,42886099999,JHARSUGUDA / VEER SURENDRA SAI,21.917,84.083,22.8,1010.0,72.97
1994-02-21T00:00:00,42886099999,JHARSUGUDA / VEER SURENDRA SAI,21.917,84.083,21.4,,
1994-02-21T03:00:00,42886099999,JHARSUGUDA / VEER SURENDRA SAI,21.917,84.083,24.8,1011.5,63.48
1994-02-21T06:00:00,42886099999,JHARSUGUDA / VEER SURENDRA SAI,21.917,84.083,31.2,1010.1,37.51
1994-02-21T09:00:00,42886099999,JHARSUGUDA / VEER SURENDRA SAI,21.917,84.083,33.8,1006.3,26.64
1994-02-21T11:00:00,42886099999,JHARSUGUDA / VEER SURENDRA SAI,21.917,84.083,32.4,1005.5,26.45
1994-02-21T12:00:00,42886099999,JHARSUGUDA / VEER SURENDRA SAI,21.917,84.083,32.4,1005.5,26.45
1994-02-21T15:00:00,42886099999,JHARSUGUDA / VEER SURENDRA SAI,21.917,84.083,27.2,1007.4,42.34
1994-02-22T00:00:00,42886099999,JHARSUGUDA / VEER SURENDRA SAI,21.917,84.083,21.8,1007.3,59.26
1994-02-22T03:00:00,42886099999,JHARSUGUDA / VEER SURENDRA SAI,21.917,84.083,24.8,1009.7,53.78
1994-02-22T06:00:00,42886099999,JHARSUGUDA / VEER SURENDRA SAI,21.917,84.083,26.6,1010.5,32.1
1994-02-22T09:00:00,42886099999,JHARSUGUDA / VEER SURENDRA SAI,21.917,84.083,24.8,1009.7,53.78
1994-02-22T12:00:00,42886099999,JHARSUGUDA / VEER SURENDRA SAI,21.917,84.083,28.0,1006.8,24.58
1994-02-22T18:00:00,42886099999,JHARSUGUDA / VEER SURENDRA SAI,21.917,84.083,19.4,1010.5,56.76
1994-02-23T00:00:00,42886099999,JHARSUGUDA / VEER SURENDRA SAI,21.917,84.083,15.6,1011.6,51.37
1994-02-23T06:00:00,42886099999,JHARSUGUDA / VEER SURENDRA SAI,21.917,84.083,25.0,1013.9,22.47
1994-02-23T09:00:00,42886099999,JHARSUGUDA / VEER SURENDRA SAI,21.917,84.083,28.6,1009.9,12.64
1994-02-23T12:00:00,42886099999,JHARSUGUDA / VEER SURENDRA SAI,21.917,84.083,28.0,1009.8,16.43
1994-02-23T15:00:00,42886099999,JHARSUGUDA / VEER SURENDRA SAI,21.917,84.083,22.4,1013.4,35.52
1994-02-23T18:00:00,42886099999,JHARSUGUDA / VEER SURENDRA SAI,21.917,84.083,20.0,1014.6,34.1
1994-02-24T00:00:00,42886099999,JHARSUGUDA / VEER SURENDRA SAI,21.917,84.083,14.0,1015.7,53.87
1994-02-24T03:00:00,42886099999,JHARSUGUDA / VEER SURENDRA SAI,21.917,84.083,18.6,1018.0,39.08
1994-02-24T06:00:00,42886099999,JHARSUGUDA / VEER SURENDRA SAI,21.917,84.083,25.6,1017.0,25.87
1994-02-24T09:00:00,42886099999,JHARSUGUDA / VEER SURENDRA SAI,21.917,84.083,18.6,1018.0,39.08
1994-02-24T12:00:00,42886099999,JHARSUGUDA / VEER SURENDRA SAI,21.917,84.083,27.2,1012.7,22.1
1994-02-24T21:00:00,42886099999,JHARSUGUDA / VEER SURENDRA SAI,21.917,84.083,17.0,1014.6,46.34
1994-02-25T00:00:00,42886099999,JHARSUGUDA / VEER SURENDRA SAI,21.917,84.083,14.2,1015.1,
1994-02-25T06:00:00,42886099999,JHARSUGUDA / VEER SURENDRA SAI,21.917,84.083,26.2,1015.9,19.2
1994-02-25T09:00:00,42886099999,JHARSUGUDA / VEER SURENDRA SAI,21.917,84.083,29.0,1012.8,15.28
1994-02-25T12:00:00,42886099999,JHARSUGUDA / VEER SURENDRA SAI,21.917,84.083,28.6,1011.5,12.64
1994-02-25T15:00:00,42886099999,JHARSUGUDA / VEER SURENDRA SAI,21.917,84.083,23.6,1013.7,22.27
1994-02-25T18:00:00,42886099999,JHARSUGUDA / VEER SURENDRA SAI,21.917,84.083,19.2,1014.3,39.53
1994-02-26T00:00:00,42886099999,JHARSUGUDA / VEER SURENDRA SAI,21.917,84.083,13.6,1014.3,68.91
1994-02-26T03:00:00,42886099999,JHARSUGUDA / VEER SURENDRA SAI,21.917,84.083,20.0,1015.6,32.46
1994-02-26T06:00:00,42886099999,JHARSUGUDA / VEER SURENDRA SAI,21.917,84.083,24.4,1014.4,18.22
1994-02-26T09:00:00,42886099999,JHARSUGUDA / VEER SURENDRA SAI,21.917,84.083,31.0,1010.6,10.93
1994-02-26T12:00:00,42886099999,JHARSUGUDA / VEER SURENDRA SAI,21.917,84.083,29.4,1010.1,19.86
1994-02-26T15:00:00,42886099999,JHARSUGUDA / VEER SURENDRA SAI,21.917,84.083,23.6,1012.5,38.64
1994-02-27T00:00:00,42886099999,JHARSUGUDA / VEER SURENDRA SAI,21.917,84.083,14.4,1012.2,67.69
1994-02-27T06:00:00,42886099999,JHARSUGUDA / VEER SURENDRA SAI,21.917,84.083,29.4,1014.9,19.86
1994-02-27T09:00:00,42886099999,JHARSUGUDA / VEER SURENDRA SAI,21.917,84.083,32.4,1008.6,14.22
1994-02-27T12:00:00,42886099999,JHARSUGUDA / VEER SURENDRA SAI,21.917,84.083,30.8,1008.0,14.91
1994-02-27T15:00:00,42886099999,JHARSUGUDA / VEER SURENDRA SAI,21.917,84.083,24.6,1010.7,28.83
1994-02-27T18:00:00,42886099999,JHARSUGUDA / VEER SURENDRA SAI,21.917,84.083,22.0,1011.1,37.41
1994-02-27T21:00:00,42886099999,JHARSUGUDA / VEER SURENDRA SAI,21.917,84.083,19.8,1010.8,47.44
1994-02-28T00:00:00,42886099999,JHARSUGUDA / VEER SURENDRA SAI,21.917,84.083,16.6,1011.5,62.05
1994-02-28T06:00:00,42886099999,JHARSUGUDA / VEER SURENDRA SAI,21.917,84.083,29.6,1012.8,15.3
1994-02-28T09:00:00,42886099999,JHARSUGUDA / VEER SURENDRA SAI,21.917,84.083,33.4,1009.6,12.33
1994-02-28T12:00:00,42886099999,JHARSUGUDA / VEER SURENDRA SAI,21.917,84.083,31.4,1008.9,16.74
1994-02-28T15:00:00,42886099999,JHARSUGUDA / VEER SURENDRA SAI,21.917,84.083,25.4,1011.4,33.77
1994-02-28T18:00:00,42886099999,JHARSUGUDA / VEER SURENDRA SAI,21.917,84.083,22.0,1012.2,41.72
1994-03-01T03:00:00,42886099999,JHARSUGUDA / VEER SURENDRA SAI,21.917,84.083,23.4,1014.7,31.85
1994-03-01T06:00:00,42886099999,JHARSUGUDA / VEER SURENDRA SAI,21.917,84.083,29.2,1013.7,19.53
1994-03-01T09:00:00,42886099999,JHARSUGUDA / VEER SURENDRA SAI,21.917,84.083,31.0,1010.9,18.76
1994-03-01T12:00:00,42886099999,JHARSUGUDA / VEER SURENDRA SAI,21.917,84.083,30.4,1010.2,24.38
1994-03-01T15:00:00,42886099999,JHARSUGUDA / VEER SURENDRA SAI,21.917,84.083,25.0,1013.4,35.29
1994-03-01T18:00:00,42886099999,JHARSUGUDA / VEER SURENDRA SAI,21.917,84.083,24.0,1013.8,35.49
1994-03-01T21:00:00,42886099999,JHARSUGUDA / VEER SURENDRA SAI,21.917,84.083,20.0,1013.2,43.18
1994-03-02T00:00:00,42886099999,JHARSUGUDA / VEER SURENDRA SAI,21.917,84.083,17.4,1013.1,48.75
1994-03-02T03:00:00,42886099999,JHARSUGUDA / VEER SURENDRA SAI,21.917,84.083,22.4,1015.7,26.09
1994-03-02T06:00:00,42886099999,JHARSUGUDA / VEER SURENDRA SAI,21.917,84.083,28.6,1015.1,14.64
1994-03-02T09:00:00,42886099999,JHARSUGUDA / VEER SURENDRA SAI,21.917,84.083,32.0,1011.9,
1994-03-02T12:00:00,42886099999,JHARSUGUDA / VEER SURENDRA SAI,21.917,84.083,30.8,1011.1,15.79
1994-03-03T00:00:00,42886099999,JHARSUGUDA / VEER SURENDRA SAI,21.917,84.083,16.8,1013.4,44.39
1994-03-03T03:00:00,42886099999,JHARSUGUDA / VEER SURENDRA SAI,21.917,84.083,21.6,1015.9,31.34
1994-03-03T06:00:00,42886099999,JHARSUGUDA / VEER SURENDRA SAI,21.917,84.083,26.2,1015.1,30.29
1994-03-03T09:00:00,42886099999,JHARSUGUDA / VEER SURENDRA SAI,21.917,84.083,31.8,1011.0,14.92
1994-03-03T12:00:00,42886099999,JHARSUGUDA / VEER SURENDRA SAI,21.917,84.083,26.6,1013.3,25.42
1994-03-03T18:00:00,42886099999,JHARSUGUDA / VEER SURENDRA SAI,21.917,84.083,21.4,1014.1,49.51
1994-03-03T21:00:00,42886099999,JHARSUGUDA / VEER SURENDRA SAI,21.917,84.083,19.8,1013.1,47.12
1994-03-04T00:00:00,42886099999,JHARSUGUDA / VEER SURENDRA SAI,21.917,84.083,17.4,1013.9,47.1
1994-03-04T06:00:00,42886099999,JHARSUGUDA / VEER SURENDRA SAI,21.917,84.083,30.8,1015.3,23.03
1994-03-04T07:00:00,42886099999,JHARSUGUDA / VEER SURENDRA SAI,21.917,84.083,30.8,,23.03
1994-03-04T12:00:00,42886099999,JHARSUGUDA / VEER SURENDRA SAI,21.917,84.083,31.8,1010.6,16.59
1994-03-04T15:00:00,42886099999,JHARSUGUDA / VEER SURENDRA SAI,21.917,84.083,25.4,1012.3,39.94
1994-03-04T18:00:00,42886099999,JHARSUGUDA / VEER SURENDRA SAI,21.917,84.083,22.4,1012.5,43.85
1994-03-05T00:00:00,42886099999,JHARSUGUDA / VEER SURENDRA SAI,21.917,84.083,16.4,1011.6,77.22
1994-03-05T01:00:00,42886099999,JHARSUGUDA / VEER SURENDRA SAI,21.917,84.083,16.4,1011.6,77.22
1994-03-05T06:00:00,42886099999,JHARSUGUDA / VEER SURENDRA SAI,21.917,84.083,32.0,1011.2,23.03
1994-03-05T09:00:00,42886099999,JHARSUGUDA / VEER SURENDRA SAI,21.917,84.083,35.2,1007.3,17.02
1994-03-05T15:00:00,42886099999,JHARSUGUDA / VEER SURENDRA SAI,21.917,84.083,28.2,1009.1,34.56
1994-03-05T18:00:00,42886099999,JHARSUGUDA / VEER SURENDRA SAI,21.917,84.083,26.6,1009.5,40.54
1994-03-05T21:00:00,42886099999,JHARSUGUDA / VEER SURENDRA SAI,21.917,84.083,22.2,1008.6,52.08
1994-03-06T00:00:00,42886099999,JHARSUGUDA / VEER SURENDRA SAI,21.917,84.083,20.2,1009.5,57.72
1994-03-06T03:00:00,42886099999,JHARSUGUDA / VEER SURENDRA SAI,21.917,84.083,26.0,1011.6,38.29
1994-03-06T06:00:00,42886099999,JHARSUGUDA / VEER SURENDRA SAI,21.917,84.083,32.4,1010.2,20.18
1994-03-06T08:00:00,42886099999,JHARSUGUDA / VEER SURENDRA SAI,21.917,84.083,32.4,1010.2,20.18
1994-03-06T09:00:00,42886099999,JHARSUGUDA / VEER SURENDRA SAI,21.917,84.083,35.8,1006.8,14.95
1994-03-06T12:00:00,42886099999,JHARSUGUDA / VEER SURENDRA SAI,21.917,84.083,34.8,1006.4,18.01
1994-03-06T15:00:00,42886099999,JHARSUGUDA / VEER SURENDRA SAI,21.917,84.083,29.6,1009.8,31.24
1994-03-06T17:00:00,42886099999,JHARSUGUDA / VEER SURENDRA SAI,21.917,84.083,34.8,1006.4,18.01
1994-03-07T00:00:00,42886099999,JHARSUGUDA / VEER SURENDRA SAI,21.917,84.083,21.4,1009.7,55.77
1994-03-07T03:00:00,42886099999,JHARSUGUDA / VEER SURENDRA SAI,21.917,84.083,25.0,1012.0,40.63
1994-03-07T06:00:00,42886099999,JHARSUGUDA / VEER SURENDRA SAI,21.917,84.083,31.8,1011.5,24.58
1994-03-07T09:00:00,42886099999,JHARSUGUDA / VEER SURENDRA SAI,21.917,84.083,35.0,1007.4,15.19
1994-03-07T12:00:00,42886099999,JHARSUGUDA / VEER SURENDRA SAI,21.917,84.083,34.4,1006.6,19.06
1994-03-07T14:00:00,42886099999,JHARSUGUDA / VEER SURENDRA SAI,21.917,84.083,34.4,1006.6,19.06
1994-03-07T15:00:00,42886099999,JHARSUGUDA / VEER SURENDRA SAI,21.917,84.083,28.8,1009.6,31.01
1994-03-07T18:00:00,42886099999,JHARSUGUDA / VEER SURENDRA SAI,21.917,84.083,25.2,1010.3,43.47
1994-03-08T00:00:00,42886099999,JHARSUGUDA / VEER SURENDRA SAI,21.917,84.083,21.4,1011.3,58.78
1994-03-08T06:00:00,42886099999,JHARSUGUDA / VEER SURENDRA SAI,21.917,84.083,31.2,1011.9,21.02
1994-03-08T09:00:00,42886099999,JHARSUGUDA / VEER SURENDRA SAI,21.917,84.083,34.4,1008.6,19.85
1994-03-08T12:00:00,42886099999,JHARSUGUDA / VEER SURENDRA SAI,21.917,84.083,33.6,1007.4,19.39
1994-03-08T15:00:00,42886099999,JHARSUGUDA / VEER SURENDRA SAI,21.917,84.083,27.4,1009.8,34.56
1994-03-08T18:00:00,42886099999,JHARSUGUDA / VEER SURENDRA SAI,21.917,84.083,25.8,1010.8,40.59
1994-03-08T19:00:00,42886099999,JHARSUGUDA / VEER SURENDRA SAI,21.917,84.083,25.8,1010.8,40.59
1994-03-08T21:00:00,42886099999,JHARSUGUDA / VEER SURENDRA SAI,21.917,84.083,22.2,1010.5,43.5
1994-03-09T00:00:00,42886099999,JHARSUGUDA / VEER SURENDRA SAI,21.917,84.083,19.6,1012.1,48.69
1994-03-09T09:00:00,42886099999,JHARSUGUDA / VEER SURENDRA SAI,21.917,84.083,34.4,1010.4,14.24
1994-03-09T12:00:00,42886099999,JHARSUGUDA / VEER SURENDRA SAI,21.917,84.083,32.0,1013.8,20.36
1994-03-09T15:00:00,42886099999,JHARSUGUDA / VEER SURENDRA SAI,21.917,84.083,,1009.5,
1994-03-09T18:00:00,42886099999,JHARSUGUDA / VEER SURENDRA SAI,21.917,84.083,25.0,1013.3,34.35
1994-03-10T00:00:00,42886099999,JHARSUGUDA / VEER SURENDRA SAI,21.917,84.083,19.2,1013.2,48.25
1994-03-10T03:00:00,42886099999,JHARSUGUDA / VEER SURENDRA SAI,21.917,84.083,24.0,1015.9,29.06
1994-03-10T06:00:00,42886099999,JHARSUGUDA / VEER SURENDRA SAI,21.917,84.083,30.4,1014.2,21.55
1994-03-10T09:00:00,42886099999,JHARSUGUDA / VEER SURENDRA SAI,21.917,84.083,33.8,1010.1,15.68
1994-03-10T12:00:00,42886099999,JHARSUGUDA / VEER SURENDRA SAI,21.917,84.083,33.8,1008.9,12.5
1994-03-10T15:00:00,42886099999,JHARSUGUDA / VEER SURENDRA SAI,21.917,84.083,27.8,1011.1,28.53
1994-03-10T18:00:00,42886099999,JHARSUGUDA / VEER SURENDRA SAI,21.917,84.083,33.8,1008.9,12.5
1994-03-11T00:00:00,42886099999,JHARSUGUDA / VEER SURENDRA SAI,21.917,84.083,20.4,1011.2,39.33
1994-03-11T03:00:00,42886099999,JHARSUGUDA / VEER SURENDRA SAI,21.917,84.083,24.8,1013.3,29.29
1994-03-11T06:00:00,42886099999,JHARSUGUDA / VEER SURENDRA SAI,21.917,84.083,31.4,1012.3,15.04
1994-03-11T12:00:00,42886099999,JHARSUGUDA / VEER SURENDRA SAI,21.917,84.083,32.8,1007.3,16.47
1994-03-11T15:00:00,42886099999,JHARSUGUDA / VEER SURENDRA SAI,21.917,84.083,26.8,1010.3,27.87
1994-03-12T00:00:00,42886099999,JHARSUGUDA / VEER SURENDRA SAI,21.917,84.083,19.8,1011.2,45.55
1994-03-12T06:00:00,42886099999,JHARSUGUDA / VEER SURENDRA SAI,21.917,84.083,32.4,1011.3,16.73
1994-03-12T09:00:00,42886099999,JHARSUGUDA / VEER SURENDRA SAI,21.917,84.083,35.6,1008.6,11.72
1994-03-12T12:00:00,42886099999,JHARSUGUDA / VEER SURENDRA SAI,21.917,84.083,34.0,1006.4,15.19
1994-03-12T15:00:00,42886099999,JHARSUGUDA / VEER SURENDRA SAI,21.917,84.083,27.4,1008.8,34.56
1994-03-12T18:00:00,42886099999,JHARSUGUDA / VEER SURENDRA SAI,21.917,84.083,24.6,1009.7,37.13
1994-03-12T21:00:00,42886099999,JHARSUGUDA / VEER SURENDRA SAI,21.917,84.083,22.4,1008.4,45.05
1994-03-13T00:00:00,42886099999,JHARSUGUDA / VEER SURENDRA SAI,21.917,84.083,20.8,1009.0,50.35
1994-03-13T06:00:00,42886099999,JHARSUGUDA / VEER SURENDRA SAI,21.917,84.083,34.6,1010.2,21.72
1994-03-13T09:00:00,42886099999,JHARSUGUDA / VEER SURENDRA SAI,21.917,84.083,36.4,1006.3,17.3
1994-03-13T12:00:00,42886099999,JHARSUGUDA / VEER SURENDRA SAI,21.917,84.083,34.8,1005.9,20.36
1994-03-13T15:00:00,42886099999,JHARSUGUDA / VEER SURENDRA SAI,21.917,84.083,29.6,1007.7,30.01
1994-03-14T00:00:00,42886099999,JHARSUGUDA / VEER SURENDRA SAI,21.917,84.083,22.6,1008.9,51.16
1994-03-14T06:00:00,42886099999,JHARSUGUDA / VEER SURENDRA SAI,21.917,84.083,27.4,1011.0,43.79
1994-03-14T12:00:00,42886099999,JHARSUGUDA / VEER SURENDRA SAI,21.917,84.083,36.6,1005.1,16.76
1994-03-14T15:00:00,42886099999,JHARSUGUDA / VEER SURENDRA SAI,21.917,84.083,31.0,1008.2,26.25
1994-03-15T00:00:00,42886099999,JHARSUGUDA / VEER SURENDRA SAI,21.917,84.083,22.4,1008.6,53.17
1994-03-15T06:00:00,42886099999,JHARSUGUDA / VEER SURENDRA SAI,21.917,84.083,35.2,1010.3,24.17
1994-03-15T15:00:00,42886099999,JHARSUGUDA / VEER SURENDRA SAI,21.917,84.083,27.0,1009.6,
1994-03-15T18:00:00,42886099999,JHARSUGUDA / VEER SURENDRA SAI,21.917,84.083,26.4,1009.6,45.25
1994-03-16T00:00:00,42886099999,JHARSUGUDA / VEER SURENDRA SAI,21.917,84.083,22.8,1009.6,57.23
1994-03-16T06:00:00,42886099999,JHARSUGUDA / VEER SURENDRA SAI,21.917,84.083,34.8,1010.5,33.08
1994-03-16T09:00:00,42886099999,JHARSUGUDA / VEER SURENDRA SAI,21.917,84.083,39.0,1006.9,21.39
1994-03-16T11:00:00,42886099999,JHARSUGUDA / VEER SURENDRA SAI,21.917,84.083,28.4,1009.2,38.71
1994-03-16T15:00:00,42886099999,JHARSUGUDA / VEER SURENDRA SAI,21.917,84.083,32.2,1008.1,27.11
1994-03-16T18:00:00,42886099999,JHARSUGUDA / VEER SURENDRA SAI,21.917,84.083,28.4,1009.2,38.71
1994-03-17T00:00:00,42886099999,JHARSUGUDA / VEER SURENDRA SAI,21.917,84.083,24.4,1009.3,45.0
1994-03-17T06:00:00,42886099999,JHARSUGUDA / VEER SURENDRA SAI,21.917,84.083,35.8,1009.7,22.62
1994-03-17T09:00:00,42886099999,JHARSUGUDA / VEER SURENDRA SAI,21.917,84.083,39.0,1006.2,13.93
1994-03-17T12:00:00,42886099999,JHARSUGUDA / VEER SURENDRA SAI,21.917,84.083,37.0,1005.6,18.16
1994-03-18T00:00:00,42886099999,JHARSUGUDA / VEER SURENDRA SAI,21.917,84.083,22.4,1010.0,52.47
1994-03-18T09:00:00,42886099999,JHARSUGUDA / VEER SURENDRA SAI,21.917,84.083,39.0,1005.5,11.96
1994-03-18T12:00:00,42886099999,JHARSUGUDA / VEER SURENDRA SAI,21.917,84.083,37.6,1004.7,13.93
1994-03-18T15:00:00,42886099999,JHARSUGUDA / VEER SURENDRA SAI,21.917,84.083,31.4,1007.2,16.16
1994-03-19T00:00:00,42886099999,JHARSUGUDA / VEER SURENDRA SAI,21.917,84.083,21.2,1009.1,43.52
1994-03-19T09:00:00,42886099999,JHARSUGUDA / VEER SURENDRA SAI,21.917,84.083,39.0,1004.4,13.93
1994-03-19T12:00:00,42886099999,JHARSUGUDA / VEER SURENDRA SAI,21.917,84.083,37.0,1003.5,17.32
1994-03-19T15:00:00,42886099999,JHARSUGUDA / VEER SURENDRA SAI,21.917,84.083,22.2,1006.6,44.99
1994-03-19T18:00:00,42886099999,JHARSUGUDA / VEER SURENDRA SAI,21.917,84.083,27.0,1007.3,36.34
1994-03-19T21:00:00,42886099999,JHARSUGUDA / VEER SURENDRA SAI,21.917,84.083,22.2,1007.3,45.6
1994-03-20T03:00:00,42886099999,JHARSUGUDA / VEER SURENDRA SAI,21.917,84.083,28.4,1009.2,34.84
1994-03-20T06:00:00,42886099999,JHARSUGUDA / VEER SURENDRA SAI,21.917,84.083,36.6,1007.0,19.07
1994-03-20T09:00:00,42886099999,JHARSUGUDA / VEER SURENDRA SAI,21.917,84.083,39.2,1002.7,14.16
1994-03-20T12:00:00,42886099999,JHARSUGUDA / VEER SURENDRA SAI,21.917,84.083,38.4,1001.5,19.24
1994-03-20T15:00:00,42886099999,JHARSUGUDA / VEER SURENDRA SAI,21.917,84.083,31.4,1003.9,29.71
1994-03-20T18:00:00,42886099999,JHARSUGUDA / VEER SURENDRA SAI,21.917,84.083,29.4,1004.1,36.29
1994-03-21T00:00:00,42886099999,JHARSUGUDA / VEER SURENDRA SAI,21.917,84.083,22.2,1004.0,55.25
1994-03-21T06:00:00,42886099999,JHARSUGUDA / VEER SURENDRA SAI,21.917,84.083,26.4,1004.5,37.15
1994-03-21T09:00:00,42886099999,JHARSUGUDA / VEER SURENDRA SAI,21.917,84.083,40.4,1000.4,14.51
1994-03-21T12:00:00,42886099999,JHARSUGUDA / VEER SURENDRA SAI,21.917,84.083,37.6,1000.2,21.89
1994-03-21T15:00:00,42886099999,JHARSUGUDA / VEER SURENDRA SAI,21.917,84.083,32.0,1002.9,33.38
1994-03-22T00:00:00,42886099999,JHARSUGUDA / VEER SURENDRA SAI,21.917,84.083,23.8,1005.2,52.49
1994-03-22T06:00:00,42886099999,JHARSUGUDA / VEER SURENDRA SAI,21.917,84.083,37.4,1006.6,18.62
1994-03-22T08:00:00,42886099999,JHARSUGUDA / VEER SURENDRA SAI,21.917,84.083,37.4,1006.6,18.62
1994-03-22T09:00:00,42886099999,JHARSUGUDA / VEER SURENDRA SAI,21.917,84.083,39.6,1003.3,16.65
1994-03-22T12:00:00,42886099999,JHARSUGUDA / VEER SURENDRA SAI,21.917,84.083,37.8,1003.2,17.74
1994-03-22T15:00:00,42886099999,JHARSUGUDA / VEER SURENDRA SAI,21.917,84.083,32.4,1006.4,26.45
1994-03-23T00:00:00,42886099999,JHARSUGUDA / VEER SURENDRA SAI,21.917,84.083,23.6,1008.6,49.44
1994-03-23T06:00:00,42886099999,JHARSUGUDA / VEER SURENDRA SAI,21.917,84.083,34.0,1010.1,22.61
1994-03-23T09:00:00,42886099999,JHARSUGUDA / VEER SURENDRA SAI,21.917,84.083,37.0,1006.3,15.96
1994-03-23T12:00:00,42886099999,JHARSUGUDA / VEER SURENDRA SAI,21.917,84.083,36.0,1005.2,20.51
1994-03-23T21:00:00,42886099999,JHARSUGUDA / VEER SURENDRA SAI,21.917,84.083,27.6,1009.1,32.6
1994-03-24T00:00:00,42886099999,JHARSUGUDA / VEER SURENDRA SAI,21.917,84.083,20.6,1009.6,50.29
1994-03-24T03:00:00,42886099999,JHARSUGUDA / VEER SURENDRA SAI,21.917,84.083,27.8,1011.4,27.39
1994-03-24T06:00:00,42886099999,JHARSUGUDA / VEER SURENDRA SAI,21.917,84.083,35.4,1009.7,18.15
1994-03-24T09:00:00,42886099999,JHARSUGUDA / VEER SURENDRA SAI,21.917,84.083,37.8,1005.7,17.74
1994-03-24T12:00:00,42886099999,JHARSUGUDA / VEER SURENDRA SAI,21.917,84.083,36.8,1004.5,14.96
1994-03-24T15:00:00,42886099999,JHARSUGUDA / VEER SURENDRA SAI,21.917,84.083,30.6,1006.8,29.49
1994-03-24T18:00:00,42886099999,JHARSUGUDA / VEER SURENDRA SAI,21.917,84.083,26.4,1007.8,38.91
1994-03-24T21:00:00,42886099999,JHARSUGUDA / VEER SURENDRA SAI,21.917,84.083,23.6,1007.7,43.89
1994-03-25T00:00:00,42886099999,JHARSUGUDA / VEER SURENDRA SAI,21.917,84.083,,1007.2,
1994-03-25T06:00:00,42886099999,JHARSUGUDA / VEER SURENDRA SAI,21.917,84.083,35.6,1007.4,23.17
1994-03-25T09:00:00,42886099999,JHARSUGUDA / VEER SURENDRA SAI,21.917,84.083,37.6,1003.7,21.18
1994-03-25T12:00:00,42886099999,JHARSUGUDA / VEER SURENDRA SAI,21.917,84.083,26.2,1006.3,39.37
1994-03-25T15:00:00,42886099999,JHARSUGUDA / VEER SURENDRA SAI,21.917,84.083,29.6,1006.2,37.79
1994-03-26T00:00:00,42886099999,JHARSUGUDA / VEER SURENDRA SAI,21.917,84.083,23.4,1007.2,53.77
1994-03-26T06:00:00,42886099999,JHARSUGUDA / VEER SURENDRA SAI,21.917,84.083,27.4,1008.3,61.7
1994-03-27T00:00:00,42886099999,JHARSUGUDA / VEER SURENDRA SAI,21.917,84.083,24.4,1009.3,79.88
1994-03-27T03:00:00,42886099999,JHARSUGUDA / VEER SURENDRA SAI,21.917,84.083,28.2,1011.4,58.52
1994-03-27T06:00:00,42886099999,JHARSUGUDA / VEER SURENDRA SAI,21.917,84.083,34.4,1010.3,41.12
1994-03-27T09:00:00,42886099999,JHARSUGUDA / VEER SURENDRA SAI,21.917,84.083,37.4,1005.9,20.86
1994-03-27T12:00:00,42886099999,JHARSUGUDA / VEER SURENDRA SAI,21.917,84.083,36.6,1004.9,16.76
1994-03-27T18:00:00,42886099999,JHARSUGUDA / VEER SURENDRA SAI,21.917,84.083,36.6,,
1994-03-28T00:00:00,42886099999,JHARSUGUDA / VEER SURENDRA SAI,21.917,84.083,23.0,1010.3,37.69
1994-03-28T06:00:00,42886099999,JHARSUGUDA / VEER SURENDRA SAI,21.917,84.083,35.6,1010.8,21.54
1994-03-28T09:00:00,42886099999,JHARSUGUDA / VEER SURENDRA SAI,21.917,84.083,38.2,1006.9,18.32
1994-03-28T12:00:00,42886099999,JHARSUGUDA / VEER SURENDRA SAI,21.917,84.083,36.2,1006.6,22.27
1994-03-28T15:00:00,42886099999,JHARSUGUDA / VEER SURENDRA SAI,21.917,84.083,31.0,1009.2,31.21
1994-03-29T00:00:00,42886099999,JHARSUGUDA / VEER SURENDRA SAI,21.917,84.083,24.2,1010.9,38.81
1994-03-29T03:00:00,42886099999,JHARSUGUDA / VEER SURENDRA SAI,21.917,84.083,28.4,1013.0,67.9
1994-03-29T06:00:00,42886099999,JHARSUGUDA / VEER SURENDRA SAI,21.917,84.083,35.2,1011.2,36.26
1994-03-29T09:00:00,42886099999,JHARSUGUDA / VEER SURENDRA SAI,21.917,84.083,37.8,1007.8,21.37
1994-03-29T12:00:00,42886099999,JHARSUGUDA / VEER SURENDRA SAI,21.917,84.083,36.2,1007.1,29.66
1994-03-29T15:00:00,42886099999,JHARSUGUDA / VEER SURENDRA SAI,21.917,84.083,38.0,1009.7,24.73
1994-03-29T21:00:00,42886099999,JHARSUGUDA / VEER SURENDRA SAI,21.917,84.083,26.2,1010.4,48.54
1994-03-30T00:00:00,42886099999,JHARSUGUDA / VEER SURENDRA SAI,21.917,84.083,24.0,1011.4,57.15
1994-03-30T06:00:00,42886099999,JHARSUGUDA / VEER SURENDRA SAI,21.917,84.083,35.2,1011.0,38.13
1994-03-30T09:00:00,42886099999,JHARSUGUDA / VEER SURENDRA SAI,21.917,84.083,39.0,1010.3,32.77
1994-03-30T12:00:00,42886099999,JHARSUGUDA / VEER SURENDRA SAI,21.917,84.083,38.2,,
1994-03-30T15:00:00,42886099999,JHARSUGUDA / VEER SURENDRA SAI,21.917,84.083,32.0,1008.9,42.56
1994-03-30T21:00:00,42886099999,JHARSUGUDA / VEER SURENDRA SAI,21.917,84.083,27.2,1008.5,47.88
1994-03-31T00:00:00,42886099999,JHARSUGUDA / VEER SURENDRA SAI,21.917,84.083,25.8,1009.2,51.0
1994-03-31T06:00:00,42886099999,JHARSUGUDA / VEER SURENDRA SAI,21.917,84.083,31.0,1009.5,46.2
1994-03-31T09:00:00,42886099999,JHARSUGUDA / VEER SURENDRA SAI,21.917,84.083,29.4,1011.4,45.19
1994-03-31T12:00:00,42886099999,JHARSUGUDA / VEER SURENDRA SAI,21.917,84.083,38.6,1003.6,23.17
1994-03-31T15:00:00,42886099999,JHARSUGUDA / VEER SURENDRA SAI,21.917,84.083,33.4,1006.0,32.28
1994-04-01T06:00:00,42886099999,JHARSUGUDA / VEER SURENDRA SAI,21.917,84.083,32.8,1007.2,49.65
1994-04-01T09:00:00,42886099999,JHARSUGUDA / VEER SURENDRA SAI,21.917,84.083,34.2,1003.5,45.07
1994-04-01T12:00:00,42886099999,JHARSUGUDA / VEER SURENDRA SAI,21.917,84.083,34.8,1002.6,45.5
1994-04-01T15:00:00,42886099999,JHARSUGUDA / VEER SURENDRA SAI,21.917,84.083,23.0,1005.8,92.96
1994-04-01T18:00:00,42886099999,JHARSUGUDA / VEER SURENDRA SAI,21.917,84.083,23.2,1007.0,82.73
1994-04-01T21:00:00,42886099999,JHARSUGUDA / VEER SURENDRA SAI,21.917,84.083,22.6,1007.5,85.8
1994-04-02T00:00:00,42886099999,JHARSUGUDA / VEER SURENDRA SAI,21.917,84.083,21.8,1007.8,88.97
1994-04-02T09:00:00,42886099999,JHARSUGUDA / VEER SURENDRA SAI,21.917,84.083,33.4,1004.1,47.13
1994-04-02T18:00:00,42886099999,JHARSUGUDA / VEER SURENDRA SAI,21.917,84.083,23.0,1008.2,76.28
1994-04-03T00:00:00,42886099999,JHARSUGUDA / VEER SURENDRA SAI,21.917,84.083,21.6,1009.8,82.03
1994-04-03T03:00:00,42886099999,JHARSUGUDA / VEER SURENDRA SAI,21.917,84.083,25.4,1011.1,68.57
1994-04-03T06:00:00,42886099999,JHARSUGUDA / VEER SURENDRA SAI,21.917,84.083,29.4,1009.9,63.3
1994-04-03T09:00:00,42886099999,JHARSUGUDA / VEER SURENDRA SAI,21.917,84.083,33.6,1005.8,46.32
1994-04-03T15:00:00,42886099999,JHARSUGUDA / VEER SURENDRA SAI,21.917,84.083,26.5,1007.0,67.94
1994-04-04T00:00:00,42886099999,JHARSUGUDA / VEER SURENDRA SAI,21.917,84.083,23.0,1009.9,76.28
1994-04-04T06:00:00,42886099999,JHARSUGUDA / VEER SURENDRA SAI,21.917,84.083,32.4,1011.6,49.24
1994-04-04T09:00:00,42886099999,JHARSUGUDA / VEER SURENDRA SAI,21.917,84.083,36.0,1007.7,39.06
1994-04-04T12:00:00,42886099999,JHARSUGUDA / VEER SURENDRA SAI,21.917,84.083,35.4,1007.5,34.75
1994-04-04T15:00:00,42886099999,JHARSUGUDA / VEER SURENDRA SAI,21.917,84.083,31.0,1009.9,53.65
1994-04-04T18:00:00,42886099999,JHARSUGUDA / VEER SURENDRA SAI,21.917,84.083,29.4,1010.4,62.15
1994-04-04T21:00:00,42886099999,JHARSUGUDA / VEER SURENDRA SAI,21.917,84.083,27.2,1012.3,61.66
1994-04-05T00:00:00,42886099999,JHARSUGUDA / VEER SURENDRA SAI,21.917,84.083,25.0,1010.9,74.26
1994-04-05T03:00:00,42886099999,JHARSUGUDA / VEER SURENDRA SAI,21.917,84.083,28.6,1013.1,58.62
1994-04-05T06:00:00,42886099999,JHARSUGUDA / VEER SURENDRA SAI,21.917,84.083,34.6,1010.6,43.27
1994-04-05T09:00:00,42886099999,JHARSUGUDA / VEER SURENDRA SAI,21.917,84.083,38.0,1006.6,31.7
1994-04-05T12:00:00,42886099999,JHARSUGUDA / VEER SURENDRA SAI,21.917,84.083,27.8,1004.5,46.82
1994-04-05T15:00:00,42886099999,JHARSUGUDA / VEER SURENDRA SAI,21.917,84.083,31.4,1007.5,47.19
1994-04-05T21:00:00,42886099999,JHARSUGUDA / VEER SURENDRA SAI,21.917,84.083,27.6,1008.7,58.75
1994-04-06T00:00:00,42886099999,JHARSUGUDA / VEER SURENDRA SAI,21.917,84.083,25.4,1008.8,68.57
1994-04-06T09:00:00,42886099999,JHARSUGUDA / VEER SURENDRA SAI,21.917,84.083,38.2,1004.4,32.76
1994-04-06T12:00:00,42886099999,JHARSUGUDA / VEER SURENDRA SAI,21.917,84.083,37.4,1003.2,34.43
1994-04-06T15:00:00,42886099999,JHARSUGUDA / VEER SURENDRA SAI,21.917,84.083,37.4,1003.2,34.43
1994-04-07T00:00:00,42886099999,JHARSUGUDA / VEER SURENDRA SAI,21.917,84.083,27.4,1004.7,68.54
1994-04-07T03:00:00,42886099999,JHARSUGUDA / VEER SURENDRA SAI,21.917,84.083,30.4,1007.6,49.65
1994-04-07T09:00:00,42886099999,JHARSUGUDA / VEER SURENDRA SAI,21.917,84.083,32.0,1006.1,39.45
1994-04-07T12:00:00,42886099999,JHARSUGUDA / VEER SURENDRA SAI,21.917,84.083,31.2,1005.8,42.62
1994-04-08T06:00:00,42886099999,JHARSUGUDA / VEER SURENDRA SAI,21.917,84.083,32.0,1008.8,37.49
1994-04-08T12:00:00,42886099999,JHARSUGUDA / VEER SURENDRA SAI,21.917,84.083,31.6,1006.0,38.84
1994-04-08T15:00:00,42886099999,JHARSUGUDA / VEER SURENDRA SAI,21.917,84.083,29.2,1008.2,44.85
1994-04-09T00:00:00,42886099999,JHARSUGUDA / VEER SURENDRA SAI,21.917,84.083,25.6,1008.9,60.15
1994-04-09T06:00:00,42886099999,JHARSUGUDA / VEER SURENDRA SAI,21.917,84.083,25.6,1008.9,60.15
1994-04-09T09:00:00,42886099999,JHARSUGUDA / VEER SURENDRA SAI,21.917,84.083,32.4,1008.5,36.88
1994-04-09T15:00:00,42886099999,JHARSUGUDA / VEER SURENDRA SAI,21.917,84.083,26.0,1011.1,56.55
1994-04-09T21:00:00,42886099999,JHARSUGUDA / VEER SURENDRA SAI,21.917,84.083,24.0,1011.5,62.91
1994-04-10T00:00:00,42886099999,JHARSUGUDA / VEER SURENDRA SAI,21.917,84.083,22.2,1011.3,71.04
1994-04-10T01:00:00,42886099999,JHARSUGUDA / VEER SURENDRA SAI,21.917,84.083,22.2,1011.0,71.04
1994-04-10T03:00:00,42886099999,JHARSUGUDA / VEER SURENDRA SAI,21.917,84.083,26.8,1013.2,54.63
1994-04-10T06:00:00,42886099999,JHARSUGUDA / VEER SURENDRA SAI,21.917,84.083,32.6,1011.5,37.18
1994-04-10T09:00:00,42886099999,JHARSUGUDA / VEER SURENDRA SAI,21.917,84.083,35.4,1007.6,30.41
1994-04-10T12:00:00,42886099999,JHARSUGUDA / VEER SURENDRA SAI,21.917,84.083,33.6,1006.9,32.54
1994-04-10T15:00:00,42886099999,JHARSUGUDA / VEER SURENDRA SAI,21.917,84.083,30.0,1008.3,41.22
1994-04-11T00:00:00,42886099999,JHARSUGUDA / VEER SURENDRA SAI,21.917,84.083,22.6,1008.6,81.13
1994-04-11T06:00:00,42886099999,JHARSUGUDA / VEER SURENDRA SAI,21.917,84.083,35.0,1008.7,27.32
1994-04-11T09:00:00,42886099999,JHARSUGUDA / VEER SURENDRA SAI,21.917,84.083,36.8,1005.5,27.79
1994-04-11T12:00:00,42886099999,JHARSUGUDA / VEER SURENDRA SAI,21.917,84.083,35.0,1004.9,31.69
1994-04-11T15:00:00,42886099999,JHARSUGUDA / VEER SURENDRA SAI,21.917,84.083,32.2,1006.6,54.27
1994-04-12T00:00:00,42886099999,JHARSUGUDA / VEER SURENDRA SAI,21.917,84.083,27.0,1009.5,49.7
1994-04-12T06:00:00,42886099999,JHARSUGUDA / VEER SURENDRA SAI,21.917,84.083,30.2,1011.3,44.84
1994-04-12T09:00:00,42886099999,JHARSUGUDA / VEER SURENDRA SAI,21.917,84.083,32.4,1009.2,37.84
1994-04-12T12:00:00,42886099999,JHARSUGUDA / VEER SURENDRA SAI,21.917,84.083,33.0,1007.9,34.09
1994-04-12T15:00:00,42886099999,JHARSUGUDA / VEER SURENDRA SAI,21.917,84.083,29.2,1010.8,43.72
1994-04-12T18:00:00,42886099999,JHARSUGUDA / VEER SURENDRA SAI,21.917,84.083,26.0,1012.9,52.38
1994-04-13T00:00:00,42886099999,JHARSUGUDA / VEER SURENDRA SAI,21.917,84.083,23.6,1011.7,53.82
1994-04-13T03:00:00,42886099999,JHARSUGUDA / VEER SURENDRA SAI,21.917,84.083,29.8,1013.5,42.23
1994-04-13T06:00:00,42886099999,JHARSUGUDA / VEER SURENDRA SAI,21.917,84.083,35.2,1012.3,32.77
1994-04-13T09:00:00,42886099999,JHARSUGUDA / VEER SURENDRA SAI,21.917,84.083,37.0,1009.2,27.32
1994-04-13T12:00:00,42886099999,JHARSUGUDA / VEER SURENDRA SAI,21.917,84.083,36.8,1008.0,28.7
1994-04-13T15:00:00,42886099999,JHARSUGUDA / VEER SURENDRA SAI,21.917,84.083,31.6,1009.7,41.13
1994-04-13T21:00:00,42886099999,JHARSUGUDA / VEER SURENDRA SAI,21.917,84.083,26.2,1011.8,55.18
1994-04-14T00:00:00,42886099999,JHARSUGUDA / VEER SURENDRA SAI,21.917,84.083,25.4,,54.28
1994-04-14T06:00:00,42886099999,JHARSUGUDA / VEER SURENDRA SAI,21.917,84.083,36.6,1012.4,35.08
1994-04-14T09:00:00,42886099999,JHARSUGUDA / VEER SURENDRA SAI,21.917,84.083,38.6,1008.9,26.02
1994-04-14T12:00:00,42886099999,JHARSUGUDA / VEER SURENDRA SAI,21.917,84.083,38.4,1007.9,25.81
1994-04-14T18:00:00,42886099999,JHARSUGUDA / VEER SURENDRA SAI,21.917,84.083,31.6,1010.5,43.27
1994-04-14T21:00:00,42886099999,JHARSUGUDA / VEER SURENDRA SAI,21.917,84.083,29.0,1011.0,49.28
1994-04-15T00:00:00,42886099999,JHARSUGUDA / VEER SURENDRA SAI,21.917,84.083,26.4,1010.7,56.65
1994-04-15T06:00:00,42886099999,JHARSUGUDA / VEER SURENDRA SAI,21.917,84.083,37.0,1011.6,33.89
1994-04-15T12:00:00,42886099999,JHARSUGUDA / VEER SURENDRA SAI,21.917,84.083,31.6,1007.8,50.89
1994-04-16T06:00:00,42886099999,JHARSUGUDA / VEER SURENDRA SAI,21.917,84.083,24.4,1013.8,86.5
1994-04-16T09:00:00,42886099999,JHARSUGUDA / VEER SURENDRA SAI,21.917,84.083,29.0,,66.79
1994-04-16T12:00:00,42886099999,JHARSUGUDA / VEER SURENDRA SAI,21.917,84.083,29.2,1007.3,69.72
1994-04-17T00:00:00,42886099999,JHARSUGUDA / VEER SURENDRA SAI,21.917,84.083,23.4,1008.5,89.64
1994-04-17T03:00:00,42886099999,JHARSUGUDA / VEER SURENDRA SAI,21.917,84.083,27.8,1010.3,68.62
1994-04-17T06:00:00,42886099999,JHARSUGUDA / VEER SURENDRA SAI,21.917,84.083,30.4,1008.7,66.66
1994-04-17T12:00:00,42886099999,JHARSUGUDA / VEER SURENDRA SAI,21.917,84.083,32.0,1002.2,59.76
1994-04-17T15:00:00,42886099999,JHARSUGUDA / VEER SURENDRA SAI,21.917,84.083,28.8,1004.6,72.22
1994-04-18T00:00:00,42886099999,JHARSUGUDA / VEER SURENDRA SAI,21.917,84.083,23.4,1005.6,77.78
1994-04-18T03:00:00,42886099999,JHARSUGUDA / VEER SURENDRA SAI,21.917,84.083,23.4,1005.6,52.05
1994-04-18T06:00:00,42886099999,JHARSUGUDA / VEER SURENDRA SAI,21.917,84.083,32.8,1006.6,53.11
1994-04-18T09:00:00,42886099999,JHARSUGUDA / VEER SURENDRA SAI,21.917,84.083,36.2,1002.8,47.57
1994-04-18T12:00:00,42886099999,JHARSUGUDA / VEER SURENDRA SAI,21.917,84.083,36.8,1001.8,34.48
1994-04-18T15:00:00,42886099999,JHARSUGUDA / VEER SURENDRA SAI,21.917,84.083,31.2,1004.2,49.24
1994-04-18T18:00:00,42886099999,JHARSUGUDA / VEER SURENDRA SAI,21.917,84.083,28.4,1004.9,63.86
1994-04-18T21:00:00,42886099999,JHARSUGUDA / VEER SURENDRA SAI,21.917,84.083,26.8,1004.7,62.34
1994-04-19T00:00:00,42886099999,JHARSUGUDA / VEER SURENDRA SAI,21.917,84.083,25.0,1005.4,62.33
1994-04-19T03:00:00,42886099999,JHARSUGUDA / VEER SURENDRA SAI,21.917,84.083,30.6,1007.7,45.23
1994-04-19T06:00:00,42886099999,JHARSUGUDA / VEER SURENDRA SAI,21.917,84.083,36.0,1006.1,30.18
1994-04-19T09:00:00,42886099999,JHARSUGUDA / VEER SURENDRA SAI,21.917,84.083,37.2,1003.9,27.54
1994-04-19T12:00:00,42886099999,JHARSUGUDA / VEER SURENDRA SAI,21.917,84.083,37.4,1001.8,22.28
1994-04-19T18:00:00,42886099999,JHARSUGUDA / VEER SURENDRA SAI,21.917,84.083,37.0,1001.8,22.77
1994-04-20T03:00:00,42886099999,JHARSUGUDA / VEER SURENDRA SAI,21.917,84.083,30.4,1006.9,54.16
1994-04-20T09:00:00,42886099999,JHARSUGUDA / VEER SURENDRA SAI,21.917,84.083,38.6,,27.56
1994-04-20T12:00:00,42886099999,JHARSUGUDA / VEER SURENDRA SAI,21.917,84.083,37.8,1000.9,33.06
1994-04-20T15:00:00,42886099999,JHARSUGUDA / VEER SURENDRA SAI,21.917,84.083,33.2,1002.9,39.78
1994-04-21T00:00:00,42886099999,JHARSUGUDA / VEER SURENDRA SAI,21.917,84.083,26.2,1003.6,88.77
1994-04-21T15:00:00,42886099999,JHARSUGUDA / VEER SURENDRA SAI,21.917,84.083,33.4,1001.7,45.13
1994-04-22T00:00:00,42886099999,JHARSUGUDA / VEER SURENDRA SAI,21.917,84.083,26.8,1003.1,69.27
1994-04-22T06:00:00,42886099999,JHARSUGUDA / VEER SURENDRA SAI,21.917,84.083,38.2,1003.0,32.76
1994-04-22T09:00:00,42886099999,JHARSUGUDA / VEER SURENDRA SAI,21.917,84.083,41.0,999.7,28.72
1994-04-23T00:00:00,42886099999,JHARSUGUDA / VEER SURENDRA SAI,21.917,84.083,26.6,1005.5,73.62
1994-04-23T09:00:00,42886099999,JHARSUGUDA / VEER SURENDRA SAI,21.917,84.083,38.0,1003.7,33.32
1994-04-23T12:00:00,42886099999,JHARSUGUDA / VEER SURENDRA SAI,21.917,84.083,36.0,1002.9,38.11
1994-04-23T15:00:00,42886099999,JHARSUGUDA / VEER SURENDRA SAI,21.917,84.083,29.0,1006.2,57.99
1994-04-24T00:00:00,42886099999,JHARSUGUDA / VEER SURENDRA SAI,21.917,84.083,25.6,1005.8,80.53
1994-04-24T09:00:00,42886099999,JHARSUGUDA / VEER SURENDRA SAI,21.917,84.083,35.6,1006.7,44.34
1994-04-24T12:00:00,42886099999,JHARSUGUDA / VEER SURENDRA SAI,21.917,84.083,36.6,1001.5,37.8
1994-04-24T15:00:00,42886099999,JHARSUGUDA / VEER SURENDRA SAI,21.917,84.083,33.4,1003.7,49.2
1994-04-24T18:00:00,42886099999,JHARSUGUDA / VEER SURENDRA SAI,21.917,84.083,31.8,1004.0,57.93
1994-04-24T21:00:00,42886099999,JHARSUGUDA / VEER SURENDRA SAI,21.917,84.083,30.0,1004.0,69.04
1994-04-25T06:00:00,42886099999,JHARSUGUDA / VEER SURENDRA SAI,21.917,84.083,36.2,1005.4,41.86
1994-04-25T09:00:00,42886099999,JHARSUGUDA / VEER SURENDRA SAI,21.917,84.083,38.0,1001.6,34.16
1994-04-25T12:00:00,42886099999,JHARSUGUDA / VEER SURENDRA SAI,21.917,84.083,37.2,1000.8,40.61
1994-04-25T18:00:00,42886099999,JHARSUGUDA / VEER SURENDRA SAI,21.917,84.083,37.2,,40.61
1994-04-26T00:00:00,42886099999,JHARSUGUDA / VEER SURENDRA SAI,21.917,84.083,27.2,1004.7,66.83
1994-04-26T06:00:00,42886099999,JHARSUGUDA / VEER SURENDRA SAI,21.917,84.083,34.6,1005.8,41.17
1994-04-26T09:00:00,42886099999,JHARSUGUDA / VEER SURENDRA SAI,21.917,84.083,38.8,1002.5,30.17
1994-04-26T12:00:00,42886099999,JHARSUGUDA / VEER SURENDRA SAI,21.917,84.083,38.6,1001.2,31.46
1994-04-27T00:00:00,42886099999,JHARSUGUDA / VEER SURENDRA SAI,21.917,84.083,25.0,1008.1,71.11
1994-04-27T06:00:00,42886099999,JHARSUGUDA / VEER SURENDRA SAI,21.917,84.083,36.0,1008.2,
1994-04-27T09:00:00,42886099999,JHARSUGUDA / VEER SURENDRA SAI,21.917,84.083,38.4,1004.3,35.35
1994-04-27T12:00:00,42886099999,JHARSUGUDA / VEER SURENDRA SAI,21.917,84.083,36.6,1002.3,39.71
1994-04-28T00:00:00,42886099999,JHARSUGUDA / VEER SURENDRA SAI,21.917,84.083,24.6,1008.2,73.73
1994-04-28T03:00:00,42886099999,JHARSUGUDA / VEER SURENDRA SAI,21.917,84.083,28.6,1009.2,60.09
1994-04-28T06:00:00,42886099999,JHARSUGUDA / VEER SURENDRA SAI,21.917,84.083,32.4,1008.4,49.24
1994-04-28T09:00:00,42886099999,JHARSUGUDA / VEER SURENDRA SAI,21.917,84.083,37.4,1004.6,32.75
1994-04-28T12:00:00,42886099999,JHARSUGUDA / VEER SURENDRA SAI,21.917,84.083,36.6,1002.9,35.97
1994-04-28T18:00:00,42886099999,JHARSUGUDA / VEER SURENDRA SAI,21.917,84.083,21.6,1005.4,91.75
1994-04-29T00:00:00,42886099999,JHARSUGUDA / VEER SURENDRA SAI,21.917,84.083,25.2,1007.3,66.84
1994-04-29T06:00:00,42886099999,JHARSUGUDA / VEER SURENDRA SAI,21.917,84.083,34.6,1007.5,38.44
1994-04-29T09:00:00,42886099999,JHARSUGUDA / VEER SURENDRA SAI,21.917,84.083,34.0,1007.5,
1994-04-29T18:00:00,42886099999,JHARSUGUDA / VEER SURENDRA SAI,21.917,84.083,27.4,1006.7,61.7
1994-04-29T21:00:00,42886099999,JHARSUGUDA / VEER SURENDRA SAI,21.917,84.083,26.2,1006.2,66.22
1994-04-30T00:00:00,42886099999,JHARSUGUDA / VEER SURENDRA SAI,21.917,84.083,25.4,1006.2,68.57
1994-04-30T03:00:00,42886099999,JHARSUGUDA / VEER SURENDRA SAI,21.917,84.083,26.2,1006.2,66.22
1994-04-30T06:00:00,42886099999,JHARSUGUDA / VEER SURENDRA SAI,21.917,84.083,34.4,1005.8,32.76
1994-04-30T09:00:00,42886099999,JHARSUGUDA / VEER SURENDRA SAI,21.917,84.083,37.6,1002.2,28.73
1994-04-30T12:00:00,42886099999,JHARSUGUDA / VEER SURENDRA SAI,21.917,84.083,35.4,1001.3,33.04
1994-04-30T15:00:00,42886099999,JHARSUGUDA / VEER SURENDRA SAI,21.917,84.083,37.6,1002.2,28.73
1994-05-01T00:00:00,42886099999,JHARSUGUDA / VEER SURENDRA SAI,21.917,84.083,25.2,1006.3,77.57
1994-05-01T09:00:00,42886099999,JHARSUGUDA / VEER SURENDRA SAI,21.917,84.083,38.2,1002.5,28.71
1994-05-01T12:00:00,42886099999,JHARSUGUDA / VEER SURENDRA SAI,21.917,84.083,35.6,1002.7,35.03
1994-05-01T15:00:00,42886099999,JHARSUGUDA / VEER SURENDRA SAI,21.917,84.083,35.6,1002.7,35.03
1994-05-02T06:00:00,42886099999,JHARSUGUDA / VEER SURENDRA SAI,21.917,84.083,25.6,1005.7,73.45
1994-05-02T09:00:00,42886099999,JHARSUGUDA / VEER SURENDRA SAI,21.917,84.083,31.2,1007.6,56.05
1994-05-02T12:00:00,42886099999,JHARSUGUDA / VEER SURENDRA SAI,21.917,84.083,39.2,1000.4,28.25
1994-05-02T15:00:00,42886099999,JHARSUGUDA / VEER SURENDRA SAI,21.917,84.083,34.4,1002.6,42.95
1994-05-03T00:00:00,42886099999,JHARSUGUDA / VEER SURENDRA SAI,21.917,84.083,28.4,1004.9,66.26
1994-05-03T03:00:00,42886099999,JHARSUGUDA / VEER SURENDRA SAI,21.917,84.083,32.2,1006.3,54.61
1994-05-03T06:00:00,42886099999,JHARSUGUDA / VEER SURENDRA SAI,21.917,84.083,38.2,1004.8,35.95
1994-05-03T09:00:00,42886099999,JHARSUGUDA / VEER SURENDRA SAI,21.917,84.083,39.0,1001.8,28.74
1994-05-03T12:00:00,42886099999,JHARSUGUDA / VEER SURENDRA SAI,21.917,84.083,39.6,1000.8,29.44
1994-05-03T15:00:00,42886099999,JHARSUGUDA / VEER SURENDRA SAI,21.917,84.083,35.4,1002.9,37.47
1994-05-03T18:00:00,42886099999,JHARSUGUDA / VEER SURENDRA SAI,21.917,84.083,33.0,1003.7,44.75
1994-05-04T00:00:00,42886099999,JHARSUGUDA / VEER SURENDRA SAI,21.917,84.083,29.2,1004.5,56.97
1994-05-04T01:00:00,42886099999,JHARSUGUDA / VEER SURENDRA SAI,21.917,84.083,29.2,1004.5,56.97
1994-05-04T06:00:00,42886099999,JHARSUGUDA / VEER SURENDRA SAI,21.917,84.083,37.8,1005.7,29.9
1994-05-04T09:00:00,42886099999,JHARSUGUDA / VEER SURENDRA SAI,21.917,84.083,41.4,1002.6,29.19
1994-05-04T12:00:00,42886099999,JHARSUGUDA / VEER SURENDRA SAI,21.917,84.083,40.4,1002.0,29.66
1994-05-04T15:00:00,42886099999,JHARSUGUDA / VEER SURENDRA SAI,21.917,84.083,36.0,1004.2,29.04
1994-05-04T21:00:00,42886099999,JHARSUGUDA / VEER SURENDRA SAI,21.917,84.083,31.0,1004.6,42.56
1994-05-05T00:00:00,42886099999,JHARSUGUDA / VEER SURENDRA SAI,21.917,84.083,29.0,1005.2,51.83
1994-05-05T06:00:00,42886099999,JHARSUGUDA / VEER SURENDRA SAI,21.917,84.083,39.8,1005.2,33.6
1994-05-05T09:00:00,42886099999,JHARSUGUDA / VEER SURENDRA SAI,21.917,84.083,42.6,1001.8,19.72
1994-05-05T12:00:00,42886099999,JHARSUGUDA / VEER SURENDRA SAI,21.917,84.083,40.8,1001.3,24.34
1994-05-05T15:00:00,42886099999,JHARSUGUDA / VEER SURENDRA SAI,21.917,84.083,39.6,1003.6,44.33
1994-05-05T18:00:00,42886099999,JHARSUGUDA / VEER SURENDRA SAI,21.917,84.083,32.4,1003.6,33.06
1994-05-06T00:00:00,42886099999,JHARSUGUDA / VEER SURENDRA SAI,21.917,84.083,27.8,1004.5,46.82
1994-05-06T09:00:00,42886099999,JHARSUGUDA / VEER SURENDRA SAI,21.917,84.083,42.4,1002.1,23.38
1994-05-06T12:00:00,42886099999,JHARSUGUDA / VEER SURENDRA SAI,21.917,84.083,41.2,1001.0,21.93
1994-05-06T18:00:00,42886099999,JHARSUGUDA / VEER SURENDRA SAI,21.917,84.083,34.0,1003.7,31.62
1994-05-07T00:00:00,42886099999,JHARSUGUDA / VEER SURENDRA SAI,21.917,84.083,27.6,1005.0,50.18
1994-05-07T06:00:00,42886099999,JHARSUGUDA / VEER SURENDRA SAI,21.917,84.083,40.4,1004.4,28.03
1994-05-07T09:00:00,42886099999,JHARSUGUDA / VEER SURENDRA SAI,21.917,84.083,42.0,1001.3,24.18
1994-05-07T12:00:00,42886099999,JHARSUGUDA / VEER SURENDRA SAI,21.917,84.083,41.2,1000.5,24.91
1994-05-07T15:00:00,42886099999,JHARSUGUDA / VEER SURENDRA SAI,21.917,84.083,35.4,1002.9,53.43
1994-05-07T18:00:00,42886099999,JHARSUGUDA / VEER SURENDRA SAI,21.917,84.083,32.4,1003.7,35.95
1994-05-07T21:00:00,42886099999,JHARSUGUDA / VEER SURENDRA SAI,21.917,84.083,29.2,1003.6,49.64
1994-05-08T00:00:00,42886099999,JHARSUGUDA / VEER SURENDRA SAI,21.917,84.083,28.0,1004.4,55.62
1994-05-08T12:00:00,42886099999,JHARSUGUDA / VEER SURENDRA SAI,21.917,84.083,41.2,998.4,27.55
1994-05-08T15:00:00,42886099999,JHARSUGUDA / VEER SURENDRA SAI,21.917,84.083,36.4,1001.1,31.47
1994-05-08T18:00:00,42886099999,JHARSUGUDA / VEER SURENDRA SAI,21.917,84.083,33.0,1001.5,42.57
1994-05-09T00:00:00,42886099999,JHARSUGUDA / VEER SURENDRA SAI,21.917,84.083,29.6,1001.6,57.06
1994-05-09T06:00:00,42886099999,JHARSUGUDA / VEER SURENDRA SAI,21.917,84.083,40.2,1002.9,26.44
1994-05-09T12:00:00,42886099999,JHARSUGUDA / VEER SURENDRA SAI,21.917,84.083,32.0,997.2,47.64
1994-05-09T21:00:00,42886099999,JHARSUGUDA / VEER SURENDRA SAI,21.917,84.083,30.6,1001.8,58.01
1994-05-10T00:00:00,42886099999,JHARSUGUDA / VEER SURENDRA SAI,21.917,84.083,29.4,1002.3,64.47
1994-05-10T06:00:00,42886099999,JHARSUGUDA / VEER SURENDRA SAI,21.917,84.083,37.4,1002.4,44.01
1994-05-10T09:00:00,42886099999,JHARSUGUDA / VEER SURENDRA SAI,21.917,84.083,41.2,998.9,30.43
1994-05-10T12:00:00,42886099999,JHARSUGUDA / VEER SURENDRA SAI,21.917,84.083,41.4,997.4,25.6
1994-05-11T03:00:00,42886099999,JHARSUGUDA / VEER SURENDRA SAI,21.917,84.083,35.4,1003.8,50.93
1994-05-11T09:00:00,42886099999,JHARSUGUDA / VEER SURENDRA SAI,21.917,84.083,37.2,1001.2,42.9
1994-05-11T12:00:00,42886099999,JHARSUGUDA / VEER SURENDRA SAI,21.917,84.083,39.4,999.7,27.77
1994-05-11T15:00:00,42886099999,JHARSUGUDA / VEER SURENDRA SAI,21.917,84.083,35.0,1002.4,37.83
1994-05-11T18:00:00,42886099999,JHARSUGUDA / VEER SURENDRA SAI,21.917,84.083,32.0,1002.2,61.22
1994-05-11T21:00:00,42886099999,JHARSUGUDA / VEER SURENDRA SAI,21.917,84.083,30.6,1001.7,55.57
1994-05-12T00:00:00,42886099999,JHARSUGUDA / VEER SURENDRA SAI,21.917,84.083,29.4,1002.5,68.51
1994-05-12T09:00:00,42886099999,JHARSUGUDA / VEER SURENDRA SAI,21.917,84.083,41.8,1000.6,27.53
1994-05-12T12:00:00,42886099999,JHARSUGUDA / VEER SURENDRA SAI,21.917,84.083,28.6,1000.5,62.35
1994-05-12T15:00:00,42886099999,JHARSUGUDA / VEER SURENDRA SAI,21.917,84.083,35.0,1003.3,46.68
1994-05-12T18:00:00,42886099999,JHARSUGUDA / VEER SURENDRA SAI,21.917,84.083,31.8,1004.6,57.93
1994-05-12T21:00:00,42886099999,JHARSUGUDA / VEER SURENDRA SAI,21.917,84.083,30.2,1005.5,61.19
1994-05-13T00:00:00,42886099999,JHARSUGUDA / VEER SURENDRA SAI,21.917,84.083,28.2,1006.5,69.54
1994-05-13T06:00:00,42886099999,JHARSUGUDA / VEER SURENDRA SAI,21.917,84.083,40.0,1007.0,22.64
1994-05-13T09:00:00,42886099999,JHARSUGUDA / VEER SURENDRA SAI,21.917,84.083,43.0,1002.8,18.34
1994-05-13T15:00:00,42886099999,JHARSUGUDA / VEER SURENDRA SAI,21.917,84.083,41.8,1002.2,21.38
1994-05-14T00:00:00,42886099999,JHARSUGUDA / VEER SURENDRA SAI,21.917,84.083,29.2,1006.3,65.62
1994-05-14T03:00:00,42886099999,JHARSUGUDA / VEER SURENDRA SAI,21.917,84.083,34.0,1007.4,58.45
1994-05-14T06:00:00,42886099999,JHARSUGUDA / VEER SURENDRA SAI,21.917,84.083,39.0,1006.2,37.75
1994-05-14T09:00:00,42886099999,JHARSUGUDA / VEER SURENDRA SAI,21.917,84.083,40.0,1003.1,35.34
1994-05-14T12:00:00,42886099999,JHARSUGUDA / VEER SURENDRA SAI,21.917,84.083,41.4,1002.0,27.09
1994-05-14T15:00:00,42886099999,JHARSUGUDA / VEER SURENDRA SAI,21.917,84.083,35.7,1002.6,36.4
1994-05-14T18:00:00,42886099999,JHARSUGUDA / VEER SURENDRA SAI,21.917,84.083,36.0,1002.6,56.52
1994-05-15T00:00:00,42886099999,JHARSUGUDA / VEER SURENDRA SAI,21.917,84.083,32.4,1002.8,51.41
1994-05-15T09:00:00,42886099999,JHARSUGUDA / VEER SURENDRA SAI,21.917,84.083,41.4,999.7,30.67
1994-05-15T12:00:00,42886099999,JHARSUGUDA / VEER SURENDRA SAI,21.917,84.083,41.4,998.4,22.84
1994-05-15T18:00:00,42886099999,JHARSUGUDA / VEER SURENDRA SAI,21.917,84.083,30.0,1003.5,41.48
1994-05-16T00:00:00,42886099999,JHARSUGUDA / VEER SURENDRA SAI,21.917,84.083,28.2,,
1994-05-16T12:00:00,42886099999,JHARSUGUDA / VEER SURENDRA SAI,21.917,84.083,41.6,999.2,7.78
1994-05-16T15:00:00,42886099999,JHARSUGUDA / VEER SURENDRA SAI,21.917,84.083,36.2,1001.1,16.22
1994-05-16T21:00:00,42886099999,JHARSUGUDA / VEER SURENDRA SAI,21.917,84.083,41.6,999.2,7.78
1994-05-17T00:00:00,42886099999,JHARSUGUDA / VEER SURENDRA SAI,21.917,84.083,,1003.6,
1994-05-17T03:00:00,42886099999,JHARSUGUDA / VEER SURENDRA SAI,21.917,84.083,34.6,1005.6,29.42
1994-05-17T06:00:00,42886099999,JHARSUGUDA / VEER SURENDRA SAI,21.917,84.083,40.0,1003.6,20.54
1994-05-17T12:00:00,42886099999,JHARSUGUDA / VEER SURENDRA SAI,21.917,84.083,42.0,998.2,11.16
1994-05-17T15:00:00,42886099999,JHARSUGUDA / VEER SURENDRA SAI,21.917,84.083,36.6,1003.9,23.58
1994-05-17T18:00:00,42886099999,JHARSUGUDA / VEER SURENDRA SAI,21.917,84.083,33.4,1001.9,35.09
1994-05-17T21:00:00,42886099999,JHARSUGUDA / VEER SURENDRA SAI,21.917,84.083,30.8,1002.6,51.0
1994-05-18T00:00:00,42886099999,JHARSUGUDA / VEER SURENDRA SAI,21.917,84.083,30.0,1003.0,63.81
1994-05-18T03:00:00,42886099999,JHARSUGUDA / VEER SURENDRA SAI,21.917,84.083,33.4,1004.3,45.41
1994-05-18T06:00:00,42886099999,JHARSUGUDA / VEER SURENDRA SAI,21.917,84.083,38.4,1002.6,30.44
1994-05-18T09:00:00,42886099999,JHARSUGUDA / VEER SURENDRA SAI,21.917,84.083,42.4,998.8,20.72
1994-05-18T12:00:00,42886099999,JHARSUGUDA / VEER SURENDRA SAI,21.917,84.083,29.6,999.4,74.56
1994-05-18T18:00:00,42886099999,JHARSUGUDA / VEER SURENDRA SAI,21.917,84.083,34.4,1002.8,31.73
1994-05-19T00:00:00,42886099999,JHARSUGUDA / VEER SURENDRA SAI,21.917,84.083,29.4,1003.4,62.15
1994-05-19T03:00:00,42886099999,JHARSUGUDA / VEER SURENDRA SAI,21.917,84.083,31.4,1004.1,63.34
1994-05-19T12:00:00,42886099999,JHARSUGUDA / VEER SURENDRA SAI,21.917,84.083,39.6,998.2,25.79
1994-05-19T15:00:00,42886099999,JHARSUGUDA / VEER SURENDRA SAI,21.917,84.083,29.4,1003.9,50.96
1994-05-19T18:00:00,42886099999,JHARSUGUDA / VEER SURENDRA SAI,21.917,84.083,26.8,1005.6,57.1
1994-05-20T00:00:00,42886099999,JHARSUGUDA / VEER SURENDRA SAI,21.917,84.083,24.6,1005.6,83.41
1994-05-20T03:00:00,42886099999,JHARSUGUDA / VEER SURENDRA SAI,21.917,84.083,30.6,1006.9,50.95
1994-05-20T12:00:00,42886099999,JHARSUGUDA / VEER SURENDRA SAI,21.917,84.083,30.6,1002.1,44.66
1994-05-21T03:00:00,42886099999,JHARSUGUDA / VEER SURENDRA SAI,21.917,84.083,29.6,1006.4,57.06
1994-05-23T06:00:00,42886099999,JHARSUGUDA / VEER SURENDRA SAI,21.917,84.083,36.4,999.6,42.17
1994-05-24T03:00:00,42886099999,JHARSUGUDA / VEER SURENDRA SAI,21.917,84.083,31.4,1001.3,62.21
1994-05-24T06:00:00,42886099999,JHARSUGUDA / VEER SURENDRA SAI,21.917,84.083,35.6,1001.3,47.13
1994-05-24T09:00:00,42886099999,JHARSUGUDA / VEER SURENDRA SAI,21.917,84.083,37.8,999.1,36.52
1994-05-24T12:00:00,42886099999,JHARSUGUDA / VEER SURENDRA SAI,21.917,84.083,38.0,997.3,35.02
1994-05-25T00:00:00,42886099999,JHARSUGUDA / VEER SURENDRA SAI,21.917,84.083,28.0,1001.6,55.62
1994-05-25T03:00:00,42886099999,JHARSUGUDA / VEER SURENDRA SAI,21.917,84.083,30.6,1006.7,53.22
1994-05-25T06:00:00,42886099999,JHARSUGUDA / VEER SURENDRA SAI,21.917,84.083,34.4,1004.8,44.02
1994-05-25T09:00:00,42886099999,JHARSUGUDA / VEER SURENDRA SAI,21.917,84.083,36.4,1000.5,35.91
1994-05-25T12:00:00,42886099999,JHARSUGUDA / VEER SURENDRA SAI,21.917,84.083,36.8,999.1,40.51
1994-05-25T15:00:00,42886099999,JHARSUGUDA / VEER SURENDRA SAI,21.917,84.083,33.4,1002.3,49.2
1994-05-26T00:00:00,42886099999,JHARSUGUDA / VEER SURENDRA SAI,21.917,84.083,27.6,1002.3,74.24
1994-05-26T03:00:00,42886099999,JHARSUGUDA / VEER SURENDRA SAI,21.917,84.083,31.0,1004.5,59.54
1994-05-26T06:00:00,42886099999,JHARSUGUDA / VEER SURENDRA SAI,21.917,84.083,36.2,1003.1,38.4
1994-05-26T09:00:00,42886099999,JHARSUGUDA / VEER SURENDRA SAI,21.917,84.083,38.6,1000.1,27.56
1994-05-26T12:00:00,42886099999,JHARSUGUDA / VEER SURENDRA SAI,21.917,84.083,35.4,999.6,35.64
1994-05-26T15:00:00,42886099999,JHARSUGUDA / VEER SURENDRA SAI,21.917,84.083,33.6,1001.7,41.16
1994-05-27T00:00:00,42886099999,JHARSUGUDA / VEER SURENDRA SAI,21.917,84.083,29.2,1003.1,68.47
1994-05-27T03:00:00,42886099999,JHARSUGUDA / VEER SURENDRA SAI,21.917,84.083,32.0,1004.7,57.98
1994-05-27T06:00:00,42886099999,JHARSUGUDA / VEER SURENDRA SAI,21.917,84.083,36.8,1003.1,39.77
1994-05-27T09:00:00,42886099999,JHARSUGUDA / VEER SURENDRA SAI,21.917,84.083,38.2,999.7,35.08
1994-05-27T12:00:00,42886099999,JHARSUGUDA / VEER SURENDRA SAI,21.917,84.083,39.2,998.4,25.36
1994-05-27T15:00:00,42886099999,JHARSUGUDA / VEER SURENDRA SAI,21.917,84.083,33.0,999.7,50.01
1994-05-27T18:00:00,42886099999,JHARSUGUDA / VEER SURENDRA SAI,21.917,84.083,32.0,1000.7,50.99
1994-05-27T21:00:00,42886099999,JHARSUGUDA / VEER SURENDRA SAI,21.917,84.083,34.2,1000.5,43.7
1994-05-28T00:00:00,42886099999,JHARSUGUDA / VEER SURENDRA SAI,21.917,84.083,30.0,1001.6,60.04
1994-05-28T03:00:00,42886099999,JHARSUGUDA / VEER SURENDRA SAI,21.917,84.083,37.0,1002.2,42.85
1994-05-28T09:00:00,42886099999,JHARSUGUDA / VEER SURENDRA SAI,21.917,84.083,39.8,998.7,31.2
1994-05-28T12:00:00,42886099999,JHARSUGUDA / VEER SURENDRA SAI,21.917,84.083,35.4,997.9,42.95
1994-05-28T15:00:00,42886099999,JHARSUGUDA / VEER SURENDRA SAI,21.917,84.083,32.4,1000.5,49.24
1994-05-28T18:00:00,42886099999,JHARSUGUDA / VEER SURENDRA SAI,21.917,84.083,31.0,1000.4,59.54
1994-05-29T00:00:00,42886099999,JHARSUGUDA / VEER SURENDRA SAI,21.917,84.083,29.4,1000.6,65.66
1994-05-29T03:00:00,42886099999,JHARSUGUDA / VEER SURENDRA SAI,21.917,84.083,34.4,1002.5,44.02
1994-05-29T09:00:00,42886099999,JHARSUGUDA / VEER SURENDRA SAI,21.917,84.083,,998.4,
1994-05-29T12:00:00,42886099999,JHARSUGUDA / VEER SURENDRA SAI,21.917,84.083,40.6,997.1,26.88
1994-05-29T18:00:00,42886099999,JHARSUGUDA / VEER SURENDRA SAI,21.917,84.083,35.0,998.6,54.63
1994-05-30T00:00:00,42886099999,JHARSUGUDA / VEER SURENDRA SAI,21.917,84.083,30.4,999.1,56.55
1994-05-30T03:00:00,42886099999,JHARSUGUDA / VEER SURENDRA SAI,21.917,84.083,35.2,1001.7,47.89
1994-05-30T06:00:00,42886099999,JHARSUGUDA / VEER SURENDRA SAI,21.917,84.083,38.4,999.6,37.82
1994-05-30T09:00:00,42886099999,JHARSUGUDA / VEER SURENDRA SAI,21.917,84.083,42.0,996.0,28.28
1994-05-30T12:00:00,42886099999,JHARSUGUDA / VEER SURENDRA SAI,21.917,84.083,42.0,994.4,22.84
1994-05-30T15:00:00,42886099999,JHARSUGUDA / VEER SURENDRA SAI,21.917,84.083,32.8,998.8,48.74
1994-05-31T00:00:00,42886099999,JHARSUGUDA / VEER SURENDRA SAI,21.917,84.083,28.4,1000.9,66.26
1994-05-31T12:00:00,42886099999,JHARSUGUDA / VEER SURENDRA SAI,21.917,84.083,41.4,994.3,28.47
1994-05-31T15:00:00,42886099999,JHARSUGUDA / VEER SURENDRA SAI,21.917,84.083,32.2,997.5,42.62
1994-05-31T18:00:00,42886099999,JHARSUGUDA / VEER SURENDRA SAI,21.917,84.083,32.2,997.0,42.62
1994-05-31T21:00:00,42886099999,JHARSUGUDA / VEER SURENDRA SAI,21.917,84.083,30.0,998.0,47.71
1994-06-01T00:00:00,42886099999,JHARSUGUDA / VEER SURENDRA SAI,21.917,84.083,30.0,998.5,62.28
1994-06-01T03:00:00,42886099999,JHARSUGUDA / VEER SURENDRA SAI,21.917,84.083,36.0,999.0,46.38
1994-06-01T09:00:00,42886099999,JHARSUGUDA / VEER SURENDRA SAI,21.917,84.083,44.0,993.8,21.24
1994-06-01T10:00:00,42886099999,JHARSUGUDA / VEER SURENDRA SAI,21.917,84.083,,,
1994-06-01T12:00:00,42886099999,JHARSUGUDA / VEER SURENDRA SAI,21.917,84.083,43.4,991.5,19.41
1994-06-02T00:00:00,42886099999,JHARSUGUDA / VEER SURENDRA SAI,21.917,84.083,32.0,997.8,49.75
1994-06-02T03:00:00,42886099999,JHARSUGUDA / VEER SURENDRA SAI,21.917,84.083,34.6,998.6,37.49
1994-06-02T09:00:00,42886099999,JHARSUGUDA / VEER SURENDRA SAI,21.917,84.083,43.2,997.0,16.67
1994-06-02T12:00:00,42886099999,JHARSUGUDA / VEER SURENDRA SAI,21.917,84.083,43.0,992.9,16.52
1994-06-02T15:00:00,42886099999,JHARSUGUDA / VEER SURENDRA SAI,21.917,84.083,38.6,995.1,60.18
1994-06-03T00:00:00,42886099999,JHARSUGUDA / VEER SURENDRA SAI,21.917,84.083,33.0,995.6,45.59
1994-06-03T06:00:00,42886099999,JHARSUGUDA / VEER SURENDRA SAI,21.917,84.083,42.2,995.1,20.54
1994-06-03T09:00:00,42886099999,JHARSUGUDA / VEER SURENDRA SAI,21.917,84.083,40.4,993.0,16.38
1994-06-03T12:00:00,42886099999,JHARSUGUDA / VEER SURENDRA SAI,21.917,84.083,43.4,991.5,13.43
1994-06-03T15:00:00,42886099999,JHARSUGUDA / VEER SURENDRA SAI,21.917,84.083,38.8,993.8,28.32
1994-06-03T18:00:00,42886099999,JHARSUGUDA / VEER SURENDRA SAI,21.917,84.083,37.0,995.8,30.45
1994-06-04T00:00:00,42886099999,JHARSUGUDA / VEER SURENDRA SAI,21.917,84.083,34.6,997.0,37.73
1994-06-04T09:00:00,42886099999,JHARSUGUDA / VEER SURENDRA SAI,21.917,84.083,43.4,992.7,18.2
1994-06-04T12:00:00,42886099999,JHARSUGUDA / VEER SURENDRA SAI,21.917,84.083,43.4,991.6,16.94
1994-06-04T15:00:00,42886099999,JHARSUGUDA / VEER SURENDRA SAI,21.917,84.083,39.2,998.3,53.1
1994-06-05T03:00:00,42886099999,JHARSUGUDA / VEER SURENDRA SAI,21.917,84.083,34.0,999.6,40.76
1994-06-05T12:00:00,42886099999,JHARSUGUDA / VEER SURENDRA SAI,21.917,84.083,40.2,994.4,30.16
1994-06-05T15:00:00,42886099999,JHARSUGUDA / VEER SURENDRA SAI,21.917,84.083,35.2,997.9,40.83
1994-06-05T18:00:00,42886099999,JHARSUGUDA / VEER SURENDRA SAI,21.917,84.083,31.4,1000.5,51.79
1994-06-06T00:00:00,42886099999,JHARSUGUDA / VEER SURENDRA SAI,21.917,84.083,30.0,1000.1,58.58
1994-06-06T03:00:00,42886099999,JHARSUGUDA / VEER SURENDRA SAI,21.917,84.083,30.0,1000.1,
1994-06-06T06:00:00,42886099999,JHARSUGUDA / VEER SURENDRA SAI,21.917,84.083,38.2,997.4,32.76
1994-06-06T18:00:00,42886099999,JHARSUGUDA / VEER SURENDRA SAI,21.917,84.083,31.6,1000.0,55.47
1994-06-06T21:00:00,42886099999,JHARSUGUDA / VEER SURENDRA SAI,21.917,84.083,31.0,999.2,57.04
1994-06-07T00:00:00,42886099999,JHARSUGUDA / VEER SURENDRA SAI,21.917,84.083,30.4,1000.0,59.03
1994-06-07T03:00:00,42886099999,JHARSUGUDA / VEER SURENDRA SAI,21.917,84.083,32.8,1001.6,54.09
1994-06-07T06:00:00,42886099999,JHARSUGUDA / VEER SURENDRA SAI,21.917,84.083,37.4,1000.3,39.44
1994-06-07T09:00:00,42886099999,JHARSUGUDA / VEER SURENDRA SAI,21.917,84.083,39.4,996.5,33.08
1994-06-07T12:00:00,42886099999,JHARSUGUDA / VEER SURENDRA SAI,21.917,84.083,38.4,995.2,36.23
1994-06-07T15:00:00,42886099999,JHARSUGUDA / VEER SURENDRA SAI,21.917,84.083,33.4,998.7,41.1
1994-06-08T00:00:00,42886099999,JHARSUGUDA / VEER SURENDRA SAI,21.917,84.083,31.4,998.8,59.99
1994-06-08T03:00:00,42886099999,JHARSUGUDA / VEER SURENDRA SAI,21.917,84.083,32.2,1000.9,58.03
1994-06-08T06:00:00,42886099999,JHARSUGUDA / VEER SURENDRA SAI,21.917,84.083,37.0,999.0,33.89
1994-06-08T15:00:00,42886099999,JHARSUGUDA / VEER SURENDRA SAI,21.917,84.083,36.4,996.8,33.31
1994-06-08T21:00:00,42886099999,JHARSUGUDA / VEER SURENDRA SAI,21.917,84.083,31.8,998.3,53.19
1994-06-09T00:00:00,42886099999,JHARSUGUDA / VEER SURENDRA SAI,21.917,84.083,31.2,997.8,57.44
1994-06-09T03:00:00,42886099999,JHARSUGUDA / VEER SURENDRA SAI,21.917,84.083,33.8,999.9,47.52
1994-06-09T06:00:00,42886099999,JHARSUGUDA / VEER SURENDRA SAI,21.917,84.083,35.4,998.9,41.13
1994-06-09T09:00:00,42886099999,JHARSUGUDA / VEER SURENDRA SAI,21.917,84.083,37.6,995.8,33.63
1994-06-09T12:00:00,42886099999,JHARSUGUDA / VEER SURENDRA SAI,21.917,84.083,37.0,994.4,36.52
1994-06-09T15:00:00,42886099999,JHARSUGUDA / VEER SURENDRA SAI,21.917,84.083,35.0,997.0,47.55
1994-06-09T18:00:00,42886099999,JHARSUGUDA / VEER SURENDRA SAI,21.917,84.083,33.2,997.1,54.19
1994-06-09T21:00:00,42886099999,JHARSUGUDA / VEER SURENDRA SAI,21.917,84.083,31.2,,68.03
1994-06-10T00:00:00,42886099999,JHARSUGUDA / VEER SURENDRA SAI,21.917,84.083,28.4,997.5,83.33
1994-06-10T09:00:00,42886099999,JHARSUGUDA / VEER SURENDRA SAI,21.917,84.083,36.0,994.5,43.64
1994-06-10T12:00:00,42886099999,JHARSUGUDA / VEER SURENDRA SAI,21.917,84.083,25.6,996.1,91.44
1994-06-11T00:00:00,42886099999,JHARSUGUDA / VEER SURENDRA SAI,21.917,84.083,25.6,998.4,93.1
1994-06-11T03:00:00,42886099999,JHARSUGUDA / VEER SURENDRA SAI,21.917,84.083,27.8,1000.1,78.42
1994-06-11T09:00:00,42886099999,JHARSUGUDA / VEER SURENDRA SAI,21.917,84.083,,997.4,
1994-06-11T11:00:00,42886099999,JHARSUGUDA / VEER SURENDRA SAI,21.917,84.083,,999.2,
1994-06-11T12:00:00,42886099999,JHARSUGUDA / VEER SURENDRA SAI,21.917,84.083,33.4,995.2,57.96
1994-06-11T15:00:00,42886099999,JHARSUGUDA / VEER SURENDRA SAI,21.917,84.083,31.4,997.6,64.5
1994-06-11T18:00:00,42886099999,JHARSUGUDA / VEER SURENDRA SAI,21.917,84.083,30.4,999.2,74.25
1994-06-12T03:00:00,42886099999,JHARSUGUDA / VEER SURENDRA SAI,21.917,84.083,27.4,999.8,84.22
1994-06-12T06:00:00,42886099999,JHARSUGUDA / VEER SURENDRA SAI,21.917,84.083,29.8,999.9,78.23
1994-06-12T09:00:00,42886099999,JHARSUGUDA / VEER SURENDRA SAI,21.917,84.083,32.2,997.3,67.82
1994-06-12T12:00:00,42886099999,JHARSUGUDA / VEER SURENDRA SAI,21.917,84.083,28.2,997.6,77.54
1994-06-12T15:00:00,42886099999,JHARSUGUDA / VEER SURENDRA SAI,21.917,84.083,27.0,999.2,82.68
1994-06-12T18:00:00,42886099999,JHARSUGUDA / VEER SURENDRA SAI,21.917,84.083,26.4,999.8,92.03
1994-06-12T21:00:00,42886099999,JHARSUGUDA / VEER SURENDRA SAI,21.917,84.083,26.6,999.5,88.81
1994-06-13T00:00:00,42886099999,JHARSUGUDA / VEER SURENDRA SAI,21.917,84.083,26.2,999.2,89.85
1994-06-13T03:00:00,42886099999,JHARSUGUDA / VEER SURENDRA SAI,21.917,84.083,28.2,1001.4,80.38
1994-06-13T09:00:00,42886099999,JHARSUGUDA / VEER SURENDRA SAI,21.917,84.083,24.0,999.8,100.0
1994-06-13T12:00:00,42886099999,JHARSUGUDA / VEER SURENDRA SAI,21.917,84.083,25.4,998.8,93.09
1994-06-13T18:00:00,42886099999,JHARSUGUDA / VEER SURENDRA SAI,21.917,84.083,25.8,1000.9,94.79
1994-06-14T00:00:00,42886099999,JHARSUGUDA / VEER SURENDRA SAI,21.917,84.083,25.6,999.7,93.1
1994-06-14T03:00:00,42886099999,JHARSUGUDA / VEER SURENDRA SAI,21.917,84.083,26.8,1000.2,87.24
1994-06-14T06:00:00,42886099999,JHARSUGUDA / VEER SURENDRA SAI,21.917,84.083,26.4,999.3,92.03
1994-06-14T12:00:00,42886099999,JHARSUGUDA / VEER SURENDRA SAI,21.917,84.083,25.6,997.2,90.34
1994-06-15T06:00:00,42886099999,JHARSUGUDA / VEER SURENDRA SAI,21.917,84.083,24.4,996.1,96.46
1994-06-15T09:00:00,42886099999,JHARSUGUDA / VEER SURENDRA SAI,21.917,84.083,27.0,994.3,85.71
1994-06-16T00:00:00,42886099999,JHARSUGUDA / VEER SURENDRA SAI,21.917,84.083,24.2,996.1,94.73
1994-06-16T06:00:00,42886099999,JHARSUGUDA / VEER SURENDRA SAI,21.917,84.083,25.2,997.1,86.57
1994-06-16T09:00:00,42886099999,JHARSUGUDA / VEER SURENDRA SAI,21.917,84.083,25.2,997.1,86.57
1994-06-16T12:00:00,42886099999,JHARSUGUDA / VEER SURENDRA SAI,21.917,84.083,25.0,995.7,93.07
1994-06-16T15:00:00,42886099999,JHARSUGUDA / VEER SURENDRA SAI,21.917,84.083,25.2,996.6,91.41
1994-06-17T00:00:00,42886099999,JHARSUGUDA / VEER SURENDRA SAI,21.917,84.083,24.8,996.7,93.06
1994-06-17T03:00:00,42886099999,JHARSUGUDA / VEER SURENDRA SAI,21.917,84.083,25.2,997.0,86.57
1994-06-17T06:00:00,42886099999,JHARSUGUDA / VEER SURENDRA SAI,21.917,84.083,26.0,999.3,84.07
1994-06-17T09:00:00,42886099999,JHARSUGUDA / VEER SURENDRA SAI,21.917,84.083,25.4,997.8,88.18
1994-06-17T12:00:00,42886099999,JHARSUGUDA / VEER SURENDRA SAI,21.917,84.083,26.2,996.6,84.09
1994-06-17T15:00:00,42886099999,JHARSUGUDA / VEER SURENDRA SAI,21.917,84.083,26.0,998.0,82.56
1994-06-18T00:00:00,42886099999,JHARSUGUDA / VEER SURENDRA SAI,21.917,84.083,23.6,995.6,98.21
1994-06-18T03:00:00,42886099999,JHARSUGUDA / VEER SURENDRA SAI,21.917,84.083,24.4,996.1,94.74
1994-06-18T06:00:00,42886099999,JHARSUGUDA / VEER SURENDRA SAI,21.917,84.083,25.4,995.3,94.77
1994-06-18T09:00:00,42886099999,JHARSUGUDA / VEER SURENDRA SAI,21.917,84.083,25.6,994.1,96.49
1994-06-18T12:00:00,42886099999,JHARSUGUDA / VEER SURENDRA SAI,21.917,84.083,24.2,994.5,84.91
1994-06-19T00:00:00,42886099999,JHARSUGUDA / VEER SURENDRA SAI,21.917,84.083,23.6,995.7,82.78
1994-06-19T03:00:00,42886099999,JHARSUGUDA / VEER SURENDRA SAI,21.917,84.083,24.6,997.9,89.73
1994-06-19T06:00:00,42886099999,JHARSUGUDA / VEER SURENDRA SAI,21.917,84.083,23.2,998.5,95.85
1994-06-19T09:00:00,42886099999,JHARSUGUDA / VEER SURENDRA SAI,21.917,84.083,23.2,998.5,
1994-06-19T18:00:00,42886099999,JHARSUGUDA / VEER SURENDRA SAI,21.917,84.083,25.6,997.7,93.1
1994-06-19T21:00:00,42886099999,JHARSUGUDA / VEER SURENDRA SAI,21.917,84.083,25.4,996.3,90.33
1994-06-20T00:00:00,42886099999,JHARSUGUDA / VEER SURENDRA SAI,21.917,84.083,25.0,996.7,89.76
1994-06-20T03:00:00,42886099999,JHARSUGUDA / VEER SURENDRA SAI,21.917,84.083,25.4,998.7,90.33
1994-06-20T06:00:00,42886099999,JHARSUGUDA / VEER SURENDRA SAI,21.917,84.083,25.4,999.2,90.33
1994-06-20T09:00:00,42886099999,JHARSUGUDA / VEER SURENDRA SAI,21.917,84.083,29.0,996.5,77.66
1994-06-20T12:00:00,42886099999,JHARSUGUDA / VEER SURENDRA SAI,21.917,84.083,28.0,996.2,83.29
1994-06-20T15:00:00,42886099999,JHARSUGUDA / VEER SURENDRA SAI,21.917,84.083,25.8,998.6,94.79
1994-06-20T21:00:00,42886099999,JHARSUGUDA / VEER SURENDRA SAI,21.917,84.083,25.4,996.9,91.42
1994-06-21T00:00:00,42886099999,JHARSUGUDA / VEER SURENDRA SAI,21.917,84.083,25.0,996.7,93.07
1994-06-21T03:00:00,42886099999,JHARSUGUDA / VEER SURENDRA SAI,21.917,84.083,25.6,998.4,93.1
1994-06-21T04:00:00,42886099999,JHARSUGUDA / VEER SURENDRA SAI,21.917,84.083,27.8,997.6,90.49
1994-06-21T06:00:00,42886099999,JHARSUGUDA / VEER SURENDRA SAI,21.917,84.083,27.8,997.6,90.49
1994-06-21T09:00:00,42886099999,JHARSUGUDA / VEER SURENDRA SAI,21.917,84.083,26.8,996.4,88.82
1994-06-21T12:00:00,42886099999,JHARSUGUDA / VEER SURENDRA SAI,21.917,84.083,25.4,996.3,91.42
1994-06-21T18:00:00,42886099999,JHARSUGUDA / VEER SURENDRA SAI,21.917,84.083,25.6,998.9,91.44
1994-06-22T00:00:00,42886099999,JHARSUGUDA / VEER SURENDRA SAI,21.917,84.083,23.6,998.0,94.7
1994-06-22T03:00:00,42886099999,JHARSUGUDA / VEER SURENDRA SAI,21.917,84.083,23.4,999.6,94.7
1994-06-22T06:00:00,42886099999,JHARSUGUDA / VEER SURENDRA SAI,21.917,84.083,24.2,999.4,94.73
1994-06-22T09:00:00,42886099999,JHARSUGUDA / VEER SURENDRA SAI,21.917,84.083,25.6,999.0,90.34
1994-06-22T12:00:00,42886099999,JHARSUGUDA / VEER SURENDRA SAI,21.917,84.083,24.8,997.6,98.22
1994-06-23T00:00:00,42886099999,JHARSUGUDA / VEER SURENDRA SAI,21.917,84.083,24.0,999.2,93.02
1994-06-23T03:00:00,42886099999,JHARSUGUDA / VEER SURENDRA SAI,21.917,84.083,24.4,1000.9,91.36
1994-06-23T06:00:00,42886099999,JHARSUGUDA / VEER SURENDRA SAI,21.917,84.083,24.8,1001.2,94.75
1994-06-23T09:00:00,42886099999,JHARSUGUDA / VEER SURENDRA SAI,21.917,84.083,26.0,999.0,90.37
1994-06-23T12:00:00,42886099999,JHARSUGUDA / VEER SURENDRA SAI,21.917,84.083,26.4,998.7,87.21
1994-06-23T15:00:00,42886099999,JHARSUGUDA / VEER SURENDRA SAI,21.917,84.083,26.2,1000.7,92.02
1994-06-23T21:00:00,42886099999,JHARSUGUDA / VEER SURENDRA SAI,21.917,84.083,26.4,998.7,
1994-06-24T00:00:00,42886099999,JHARSUGUDA / VEER SURENDRA SAI,21.917,84.083,25.6,1000.0,96.49
1994-06-24T03:00:00,42886099999,JHARSUGUDA / VEER SURENDRA SAI,21.917,84.083,25.6,1000.6,91.44
1994-06-24T06:00:00,42886099999,JHARSUGUDA / VEER SURENDRA SAI,21.917,84.083,29.8,998.0,68.58
1994-06-24T12:00:00,42886099999,JHARSUGUDA / VEER SURENDRA SAI,21.917,84.083,30.2,996.8,72.9
1994-06-24T15:00:00,42886099999,JHARSUGUDA / VEER SURENDRA SAI,21.917,84.083,28.6,999.3,80.43
1994-06-25T00:00:00,42886099999,JHARSUGUDA / VEER SURENDRA SAI,21.917,84.083,26.4,998.6,90.4
1994-06-25T03:00:00,42886099999,JHARSUGUDA / VEER SURENDRA SAI,21.917,84.083,26.6,1000.4,92.04
1994-06-25T06:00:00,42886099999,JHARSUGUDA / VEER SURENDRA SAI,21.917,84.083,28.0,1000.1,85.81
1994-06-25T09:00:00,42886099999,JHARSUGUDA / VEER SURENDRA SAI,21.917,84.083,30.0,997.3,71.57
1994-06-25T12:00:00,42886099999,JHARSUGUDA / VEER SURENDRA SAI,21.917,84.083,32.4,996.7,61.68
1994-06-25T15:00:00,42886099999,JHARSUGUDA / VEER SURENDRA SAI,21.917,84.083,28.6,997.7,81.88
1994-06-26T00:00:00,42886099999,JHARSUGUDA / VEER SURENDRA SAI,21.917,84.083,26.2,997.7,92.02
1994-06-26T03:00:00,42886099999,JHARSUGUDA / VEER SURENDRA SAI,21.917,84.083,24.0,997.8,
1994-06-26T06:00:00,42886099999,JHARSUGUDA / VEER SURENDRA SAI,21.917,84.083,30.4,997.3,70.37
1994-06-26T09:00:00,42886099999,JHARSUGUDA / VEER SURENDRA SAI,21.917,84.083,32.0,995.1,63.85
1994-06-26T12:00:00,42886099999,JHARSUGUDA / VEER SURENDRA SAI,21.917,84.083,25.8,994.6,94.79
1994-06-26T15:00:00,42886099999,JHARSUGUDA / VEER SURENDRA SAI,21.917,84.083,25.6,997.1,94.78
1994-06-27T00:00:00,42886099999,JHARSUGUDA / VEER SURENDRA SAI,21.917,84.083,25.8,995.4,92.0
1994-06-27T03:00:00,42886099999,JHARSUGUDA / VEER SURENDRA SAI,21.917,84.083,27.0,996.3,88.84
1994-06-27T06:00:00,42886099999,JHARSUGUDA / VEER SURENDRA SAI,21.917,84.083,27.4,997.5,82.72
1994-06-27T09:00:00,42886099999,JHARSUGUDA / VEER SURENDRA SAI,21.917,84.083,30.0,994.0,76.88
1994-06-27T12:00:00,42886099999,JHARSUGUDA / VEER SURENDRA SAI,21.917,84.083,28.8,993.8,79.03
1994-06-27T15:00:00,42886099999,JHARSUGUDA / VEER SURENDRA SAI,21.917,84.083,27.4,995.3,82.72
1994-06-27T21:00:00,42886099999,JHARSUGUDA / VEER SURENDRA SAI,21.917,84.083,26.2,994.9,88.77
1994-06-28T00:00:00,42886099999,JHARSUGUDA / VEER SURENDRA SAI,21.917,84.083,26.0,995.4,90.37
1994-06-28T03:00:00,42886099999,JHARSUGUDA / VEER SURENDRA SAI,21.917,84.083,26.4,996.8,87.21
1994-06-28T09:00:00,42886099999,JHARSUGUDA / VEER SURENDRA SAI,21.917,84.083,28.8,994.6,76.24
1994-06-28T12:00:00,42886099999,JHARSUGUDA / VEER SURENDRA SAI,21.917,84.083,27.8,,
1994-06-28T15:00:00,42886099999,JHARSUGUDA / VEER SURENDRA SAI,21.917,84.083,26.4,997.2,87.21
1994-06-29T00:00:00,42886099999,JHARSUGUDA / VEER SURENDRA SAI,21.917,84.083,25.4,997.7,91.42
1994-06-29T06:00:00,42886099999,JHARSUGUDA / VEER SURENDRA SAI,21.917,84.083,28.0,999.0,74.3
1994-06-29T09:00:00,42886099999,JHARSUGUDA / VEER SURENDRA SAI,21.917,84.083,29.2,998.3,74.95
1994-06-29T12:00:00,42886099999,JHARSUGUDA / VEER SURENDRA SAI,21.917,84.083,29.4,997.9,71.03
1994-06-29T15:00:00,42886099999,JHARSUGUDA / VEER SURENDRA SAI,21.917,84.083,26.5,1000.5,88.8
1994-06-29T18:00:00,42886099999,JHARSUGUDA / VEER SURENDRA SAI,21.917,84.083,25.2,1001.0,96.48
1994-06-29T21:00:00,42886099999,JHARSUGUDA / VEER SURENDRA SAI,21.917,84.083,25.8,1000.4,93.11
1994-06-30T00:00:00,42886099999,JHARSUGUDA / VEER SURENDRA SAI,21.917,84.083,26.0,1000.6,92.01
1994-06-30T03:00:00,42886099999,JHARSUGUDA / VEER SURENDRA SAI,21.917,84.083,28.0,1001.3,80.35
1994-06-30T06:00:00,42886099999,JHARSUGUDA / VEER SURENDRA SAI,21.917,84.083,31.0,1001.0,65.59
1994-06-30T09:00:00,42886099999,JHARSUGUDA / VEER SURENDRA SAI,21.917,84.083,31.2,999.1,72.21
1994-06-30T12:00:00,42886099999,JHARSUGUDA / VEER SURENDRA SAI,21.917,84.083,30.0,999.1,71.57
1994-07-01T03:00:00,42886099999,JHARSUGUDA / VEER SURENDRA SAI,21.917,84.083,26.4,1001.6,87.73
1994-07-01T06:00:00,42886099999,JHARSUGUDA / VEER SURENDRA SAI,21.917,84.083,31.0,1000.0,69.23
1994-07-01T09:00:00,42886099999,JHARSUGUDA / VEER SURENDRA SAI,21.917,84.083,33.0,997.3,59.99
1994-07-01T12:00:00,42886099999,JHARSUGUDA / VEER SURENDRA SAI,21.917,84.083,28.4,997.8,76.18
1994-07-01T15:00:00,42886099999,JHARSUGUDA / VEER SURENDRA SAI,21.917,84.083,28.4,999.8,86.36
1994-07-02T00:00:00,42886099999,JHARSUGUDA / VEER SURENDRA SAI,21.917,84.083,25.8,1001.1,93.11
1994-07-02T03:00:00,42886099999,JHARSUGUDA / VEER SURENDRA SAI,21.917,84.083,27.4,1002.4,85.75
1994-07-02T06:00:00,42886099999,JHARSUGUDA / VEER SURENDRA SAI,21.917,84.083,30.4,1001.3,72.94
1994-07-02T09:00:00,42886099999,JHARSUGUDA / VEER SURENDRA SAI,21.917,84.083,29.4,999.2,73.64
1994-07-02T12:00:00,42886099999,JHARSUGUDA / VEER SURENDRA SAI,21.917,84.083,25.0,1001.9,96.48
1994-07-02T15:00:00,42886099999,JHARSUGUDA / VEER SURENDRA SAI,21.917,84.083,25.0,1001.7,96.48
1994-07-03T00:00:00,42886099999,JHARSUGUDA / VEER SURENDRA SAI,21.917,84.083,25.0,1001.8,96.48
1994-07-03T03:00:00,42886099999,JHARSUGUDA / VEER SURENDRA SAI,21.917,84.083,26.4,1002.9,87.21
1994-07-03T06:00:00,42886099999,JHARSUGUDA / VEER SURENDRA SAI,21.917,84.083,29.4,1001.8,73.64
1994-07-03T09:00:00,42886099999,JHARSUGUDA / VEER SURENDRA SAI,21.917,84.083,30.4,998.8,67.88
1994-07-03T12:00:00,42886099999,JHARSUGUDA / VEER SURENDRA SAI,21.917,84.083,28.4,997.9,83.33
1994-07-03T15:00:00,42886099999,JHARSUGUDA / VEER SURENDRA SAI,21.917,84.083,27.6,999.7,81.27
1994-07-04T00:00:00,42886099999,JHARSUGUDA / VEER SURENDRA SAI,21.917,84.083,24.8,1000.4,94.75
1994-07-04T03:00:00,42886099999,JHARSUGUDA / VEER SURENDRA SAI,21.917,84.083,26.6,1001.7,85.67
1994-07-04T06:00:00,42886099999,JHARSUGUDA / VEER SURENDRA SAI,21.917,84.083,24.8,1001.7,95.9
1994-07-04T09:00:00,42886099999,JHARSUGUDA / VEER SURENDRA SAI,21.917,84.083,29.4,1000.1,74.98
1994-07-04T12:00:00,42886099999,JHARSUGUDA / VEER SURENDRA SAI,21.917,84.083,28.8,999.9,76.24
1994-07-04T15:00:00,42886099999,JHARSUGUDA / VEER SURENDRA SAI,21.917,84.083,27.0,1001.9,85.71
1994-07-05T00:00:00,42886099999,JHARSUGUDA / VEER SURENDRA SAI,21.917,84.083,24.8,1003.4,84.97
1994-07-05T03:00:00,42886099999,JHARSUGUDA / VEER SURENDRA SAI,21.917,84.083,27.0,1005.0,75.5
1994-07-05T06:00:00,42886099999,JHARSUGUDA / VEER SURENDRA SAI,21.917,84.083,28.0,1004.9,71.65
1994-07-05T09:00:00,42886099999,JHARSUGUDA / VEER SURENDRA SAI,21.917,84.083,30.0,1003.0,66.18
1994-07-05T12:00:00,42886099999,JHARSUGUDA / VEER SURENDRA SAI,21.917,84.083,29.4,1001.8,69.76
1994-07-05T15:00:00,42886099999,JHARSUGUDA / VEER SURENDRA SAI,21.917,84.083,26.0,1003.9,92.01
1994-07-06T00:00:00,42886099999,JHARSUGUDA / VEER SURENDRA SAI,21.917,84.083,25.8,1003.5,92.0
1994-07-06T03:00:00,42886099999,JHARSUGUDA / VEER SURENDRA SAI,21.917,84.083,28.4,1004.1,74.82
1994-07-06T15:00:00,42886099999,JHARSUGUDA / VEER SURENDRA SAI,21.917,84.083,29.0,1001.2,79.06
1994-07-06T18:00:00,42886099999,JHARSUGUDA / VEER SURENDRA SAI,21.917,84.083,28.6,1002.6,74.85
1994-07-06T21:00:00,42886099999,JHARSUGUDA / VEER SURENDRA SAI,21.917,84.083,27.2,1001.2,79.77
1994-07-07T00:00:00,42886099999,JHARSUGUDA / VEER SURENDRA SAI,21.917,84.083,26.0,1001.0,85.61
1994-07-07T03:00:00,42886099999,JHARSUGUDA / VEER SURENDRA SAI,21.917,84.083,28.0,1001.6,78.45
1994-07-07T06:00:00,42886099999,JHARSUGUDA / VEER SURENDRA SAI,21.917,84.083,30.4,1000.0,70.37
1994-07-07T09:00:00,42886099999,JHARSUGUDA / VEER SURENDRA SAI,21.917,84.083,27.2,998.7,90.45
1994-07-07T12:00:00,42886099999,JHARSUGUDA / VEER SURENDRA SAI,21.917,84.083,28.2,998.1,90.52
1994-07-07T15:00:00,42886099999,JHARSUGUDA / VEER SURENDRA SAI,21.917,84.083,27.2,999.4,92.08
1994-07-07T18:00:00,42886099999,JHARSUGUDA / VEER SURENDRA SAI,21.917,84.083,24.4,1000.5,96.46
1994-07-07T21:00:00,42886099999,JHARSUGUDA / VEER SURENDRA SAI,21.917,84.083,25.0,998.4,93.07
1994-07-08T03:00:00,42886099999,JHARSUGUDA / VEER SURENDRA SAI,21.917,84.083,24.4,999.3,94.74
1994-07-08T06:00:00,42886099999,JHARSUGUDA / VEER SURENDRA SAI,21.917,84.083,25.0,999.1,96.48
1994-07-08T09:00:00,42886099999,JHARSUGUDA / VEER SURENDRA SAI,21.917,84.083,25.8,997.0,93.11
1994-07-08T15:00:00,42886099999,JHARSUGUDA / VEER SURENDRA SAI,21.917,84.083,25.4,998.2,98.23
1994-07-09T00:00:00,42886099999,JHARSUGUDA / VEER SURENDRA SAI,21.917,84.083,24.6,996.2,94.74
1994-07-09T03:00:00,42886099999,JHARSUGUDA / VEER SURENDRA SAI,21.917,84.083,25.2,996.5,96.48
1994-07-09T06:00:00,42886099999,JHARSUGUDA / VEER SURENDRA SAI,21.917,84.083,29.6,995.9,76.82
1994-07-09T12:00:00,42886099999,JHARSUGUDA / VEER SURENDRA SAI,21.917,84.083,29.6,993.0,75.46
1994-07-09T15:00:00,42886099999,JHARSUGUDA / VEER SURENDRA SAI,21.917,84.083,25.4,995.9,94.77
1994-07-09T18:00:00,42886099999,JHARSUGUDA / VEER SURENDRA SAI,21.917,84.083,25.2,997.0,96.48
1994-07-09T21:00:00,42886099999,JHARSUGUDA / VEER SURENDRA SAI,21.917,84.083,25.4,998.4,96.49
1994-07-10T00:00:00,42886099999,JHARSUGUDA / VEER SURENDRA SAI,21.917,84.083,25.2,,96.48
1994-07-10T03:00:00,42886099999,JHARSUGUDA / VEER SURENDRA SAI,21.917,84.083,28.4,995.1,83.33
1994-07-10T06:00:00,42886099999,JHARSUGUDA / VEER SURENDRA SAI,21.917,84.083,31.0,994.7,66.78
1994-07-10T09:00:00,42886099999,JHARSUGUDA / VEER SURENDRA SAI,21.917,84.083,32.0,993.5,65.01
1994-07-10T12:00:00,42886099999,JHARSUGUDA / VEER SURENDRA SAI,21.917,84.083,26.6,993.2,92.04
1994-07-10T15:00:00,42886099999,JHARSUGUDA / VEER SURENDRA SAI,21.917,84.083,26.4,993.9,95.94
1994-07-11T00:00:00,42886099999,JHARSUGUDA / VEER SURENDRA SAI,21.917,84.083,26.2,994.0,94.8
1994-07-11T03:00:00,42886099999,JHARSUGUDA / VEER SURENDRA SAI,21.917,84.083,28.4,995.4,83.33
1994-07-11T06:00:00,42886099999,JHARSUGUDA / VEER SURENDRA SAI,21.917,84.083,27.4,995.3,90.47
1994-07-11T09:00:00,42886099999,JHARSUGUDA / VEER SURENDRA SAI,21.917,84.083,27.8,992.8,81.3
1994-07-11T12:00:00,42886099999,JHARSUGUDA / VEER SURENDRA SAI,21.917,84.083,30.4,991.4,78.32
1994-07-11T15:00:00,42886099999,JHARSUGUDA / VEER SURENDRA SAI,21.917,84.083,26.4,993.6,88.79
1994-07-11T18:00:00,42886099999,JHARSUGUDA / VEER SURENDRA SAI,21.917,84.083,26.0,996.6,93.67
1994-07-11T21:00:00,42886099999,JHARSUGUDA / VEER SURENDRA SAI,21.917,84.083,26.0,993.8,92.01
1994-07-12T00:00:00,42886099999,JHARSUGUDA / VEER SURENDRA SAI,21.917,84.083,25.4,994.6,98.23
1994-07-12T03:00:00,42886099999,JHARSUGUDA / VEER SURENDRA SAI,21.917,84.083,26.0,994.7,93.67
1994-07-12T04:00:00,42886099999,JHARSUGUDA / VEER SURENDRA SAI,21.917,84.083,27.0,994.7,93.72
1994-07-12T06:00:00,42886099999,JHARSUGUDA / VEER SURENDRA SAI,21.917,84.083,27.0,994.7,93.72
1994-07-12T09:00:00,42886099999,JHARSUGUDA / VEER SURENDRA SAI,21.917,84.083,25.6,993.6,96.49
1994-07-12T12:00:00,42886099999,JHARSUGUDA / VEER SURENDRA SAI,21.917,84.083,25.6,993.7,93.1
1994-07-12T15:00:00,42886099999,JHARSUGUDA / VEER SURENDRA SAI,21.917,84.083,25.4,994.6,96.49
1994-07-13T00:00:00,42886099999,JHARSUGUDA / VEER SURENDRA SAI,21.917,84.083,24.4,994.5,98.22
1994-07-13T03:00:00,42886099999,JHARSUGUDA / VEER SURENDRA SAI,21.917,84.083,24.8,996.5,98.22
1994-07-13T06:00:00,42886099999,JHARSUGUDA / VEER SURENDRA SAI,21.917,84.083,25.6,995.2,96.49
1994-07-13T09:00:00,42886099999,JHARSUGUDA / VEER SURENDRA SAI,21.917,84.083,26.6,993.8,88.81
1994-07-13T15:00:00,42886099999,JHARSUGUDA / VEER SURENDRA SAI,21.917,84.083,26.0,995.7,92.01
1994-07-14T03:00:00,42886099999,JHARSUGUDA / VEER SURENDRA SAI,21.917,84.083,25.0,995.9,93.07
1994-07-14T06:00:00,42886099999,JHARSUGUDA / VEER SURENDRA SAI,21.917,84.083,26.4,996.5,87.21
1994-07-14T09:00:00,42886099999,JHARSUGUDA / VEER SURENDRA SAI,21.917,84.083,,995.2,
1994-07-14T12:00:00,42886099999,JHARSUGUDA / VEER SURENDRA SAI,21.917,84.083,27.8,995.6,79.85
1994-07-14T15:00:00,42886099999,JHARSUGUDA / VEER SURENDRA SAI,21.917,84.083,26.6,997.2,88.81
1994-07-14T18:00:00,42886099999,JHARSUGUDA / VEER SURENDRA SAI,21.917,84.083,25.8,998.5,92.0
1994-07-14T21:00:00,42886099999,JHARSUGUDA / VEER SURENDRA SAI,21.917,84.083,25.0,997.9,91.4
1994-07-15T00:00:00,42886099999,JHARSUGUDA / VEER SURENDRA SAI,21.917,84.083,24.4,997.6,94.74
1994-07-15T06:00:00,42886099999,JHARSUGUDA / VEER SURENDRA SAI,21.917,84.083,26.6,998.8,90.41
1994-07-15T09:00:00,42886099999,JHARSUGUDA / VEER SURENDRA SAI,21.917,84.083,28.6,996.1,80.43
1994-07-15T12:00:00,42886099999,JHARSUGUDA / VEER SURENDRA SAI,21.917,84.083,28.6,996.1,79.0
1994-07-15T15:00:00,42886099999,JHARSUGUDA / VEER SURENDRA SAI,21.917,84.083,28.6,996.1,79.0
1994-07-16T00:00:00,42886099999,JHARSUGUDA / VEER SURENDRA SAI,21.917,84.083,26.0,995.9,90.37
1994-07-16T03:00:00,42886099999,JHARSUGUDA / VEER SURENDRA SAI,21.917,84.083,24.4,996.0,96.46
1994-07-16T12:00:00,42886099999,JHARSUGUDA / VEER SURENDRA SAI,21.917,84.083,26.6,994.9,92.04
1994-07-16T15:00:00,42886099999,JHARSUGUDA / VEER SURENDRA SAI,21.917,84.083,26.0,997.4,93.67
1994-07-17T00:00:00,42886099999,JHARSUGUDA / VEER SURENDRA SAI,21.917,84.083,24.4,996.9,96.46
1994-07-17T03:00:00,42886099999,JHARSUGUDA / VEER SURENDRA SAI,21.917,84.083,25.4,998.3,93.09
1994-07-17T06:00:00,42886099999,JHARSUGUDA / VEER SURENDRA SAI,21.917,84.083,27.0,997.8,87.26
1994-07-17T09:00:00,42886099999,JHARSUGUDA / VEER SURENDRA SAI,21.917,84.083,29.2,995.6,76.3
1994-07-17T12:00:00,42886099999,JHARSUGUDA / VEER SURENDRA SAI,21.917,84.083,27.0,996.1,85.71
1994-07-17T15:00:00,42886099999,JHARSUGUDA / VEER SURENDRA SAI,21.917,84.083,26.4,998.1,90.4
1994-07-17T18:00:00,42886099999,JHARSUGUDA / VEER SURENDRA SAI,21.917,84.083,26.4,999.3,92.03
1994-07-18T00:00:00,42886099999,JHARSUGUDA / VEER SURENDRA SAI,21.917,84.083,28.2,997.4,86.34
1994-07-18T03:00:00,42886099999,JHARSUGUDA / VEER SURENDRA SAI,21.917,84.083,26.2,999.1,90.38
1994-07-18T06:00:00,42886099999,JHARSUGUDA / VEER SURENDRA SAI,21.917,84.083,27.0,999.2,81.2
1994-07-18T15:00:00,42886099999,JHARSUGUDA / VEER SURENDRA SAI,21.917,84.083,26.0,998.5,88.76
1994-07-19T03:00:00,42886099999,JHARSUGUDA / VEER SURENDRA SAI,21.917,84.083,26.0,998.2,84.58
1994-07-19T06:00:00,42886099999,JHARSUGUDA / VEER SURENDRA SAI,21.917,84.083,26.4,,88.79
1994-07-19T09:00:00,42886099999,JHARSUGUDA / VEER SURENDRA SAI,21.917,84.083,27.0,995.3,84.18
1994-07-19T12:00:00,42886099999,JHARSUGUDA / VEER SURENDRA SAI,21.917,84.083,25.4,995.6,96.49
1994-07-19T15:00:00,42886099999,JHARSUGUDA / VEER SURENDRA SAI,21.917,84.083,25.2,996.9,98.23
1994-07-20T03:00:00,42886099999,JHARSUGUDA / VEER SURENDRA SAI,21.917,84.083,24.6,996.2,96.47
1994-07-20T09:00:00,42886099999,JHARSUGUDA / VEER SURENDRA SAI,21.917,84.083,25.2,995.5,94.77
1994-07-20T12:00:00,42886099999,JHARSUGUDA / VEER SURENDRA SAI,21.917,84.083,26.2,995.8,87.19
1994-07-20T15:00:00,42886099999,JHARSUGUDA / VEER SURENDRA SAI,21.917,84.083,25.4,998.8,90.33
1994-07-20T21:00:00,42886099999,JHARSUGUDA / VEER SURENDRA SAI,21.917,84.083,24.8,997.3,88.13
1994-07-21T00:00:00,42886099999,JHARSUGUDA / VEER SURENDRA SAI,21.917,84.083,24.4,992.0,86.5
1994-07-21T03:00:00,42886099999,JHARSUGUDA / VEER SURENDRA SAI,21.917,84.083,24.8,999.6,89.74
1994-07-21T06:00:00,42886099999,JHARSUGUDA / VEER SURENDRA SAI,21.917,84.083,26.6,999.9,82.63
1994-07-21T09:00:00,42886099999,JHARSUGUDA / VEER SURENDRA SAI,21.917,84.083,26.6,998.2,88.81
1994-07-21T12:00:00,42886099999,JHARSUGUDA / VEER SURENDRA SAI,21.917,84.083,27.0,998.1,82.68
1994-07-22T03:00:00,42886099999,JHARSUGUDA / VEER SURENDRA SAI,21.917,84.083,25.6,1002.2,87.14
1994-07-22T09:00:00,42886099999,JHARSUGUDA / VEER SURENDRA SAI,21.917,84.083,27.4,1000.2,78.36
1994-07-22T12:00:00,42886099999,JHARSUGUDA / VEER SURENDRA SAI,21.917,84.083,28.2,999.8,76.15
1994-07-22T15:00:00,42886099999,JHARSUGUDA / VEER SURENDRA SAI,21.917,84.083,26.4,1001.5,87.21
1994-07-22T18:00:00,42886099999,JHARSUGUDA / VEER SURENDRA SAI,21.917,84.083,26.2,1002.7,88.77
1994-07-22T21:00:00,42886099999,JHARSUGUDA / VEER SURENDRA SAI,21.917,84.083,25.8,1001.7,88.74
1994-07-23T00:00:00,42886099999,JHARSUGUDA / VEER SURENDRA SAI,21.917,84.083,25.4,1000.9,88.18
1994-07-23T03:00:00,42886099999,JHARSUGUDA / VEER SURENDRA SAI,21.917,84.083,27.0,1002.9,79.74
1994-07-23T06:00:00,42886099999,JHARSUGUDA / VEER SURENDRA SAI,21.917,84.083,27.6,1002.5,76.98
1994-07-23T09:00:00,42886099999,JHARSUGUDA / VEER SURENDRA SAI,21.917,84.083,30.0,999.8,69.04
1994-07-23T12:00:00,42886099999,JHARSUGUDA / VEER SURENDRA SAI,21.917,84.083,30.0,998.7,69.04
1994-07-23T15:00:00,42886099999,JHARSUGUDA / VEER SURENDRA SAI,21.917,84.083,26.2,1000.8,94.8
1994-07-24T00:00:00,42886099999,JHARSUGUDA / VEER SURENDRA SAI,21.917,84.083,26.2,1001.0,94.8
1994-07-24T03:00:00,42886099999,JHARSUGUDA / VEER SURENDRA SAI,21.917,84.083,27.0,1001.9,84.18
1994-07-24T06:00:00,42886099999,JHARSUGUDA / VEER SURENDRA SAI,21.917,84.083,29.4,1001.3,76.34
1994-07-24T09:00:00,42886099999,JHARSUGUDA / VEER SURENDRA SAI,21.917,84.083,31.6,998.1,69.75
1994-07-25T00:00:00,42886099999,JHARSUGUDA / VEER SURENDRA SAI,21.917,84.083,26.6,999.5,93.7
1994-07-25T03:00:00,42886099999,JHARSUGUDA / VEER SURENDRA SAI,21.917,84.083,32.2,1001.5,68.63
1994-07-25T06:00:00,42886099999,JHARSUGUDA / VEER SURENDRA SAI,21.917,84.083,32.2,,87.21
1994-07-25T12:00:00,42886099999,JHARSUGUDA / VEER SURENDRA SAI,21.917,84.083,29.4,997.8,81.98
1994-07-26T00:00:00,42886099999,JHARSUGUDA / VEER SURENDRA SAI,21.917,84.083,26.0,999.1,94.8
1994-07-26T03:00:00,42886099999,JHARSUGUDA / VEER SURENDRA SAI,21.917,84.083,28.2,999.7,86.34
1994-07-26T06:00:00,42886099999,JHARSUGUDA / VEER SURENDRA SAI,21.917,84.083,26.4,999.4,92.03
1994-07-26T09:00:00,42886099999,JHARSUGUDA / VEER SURENDRA SAI,21.917,84.083,30.0,996.5,81.09
1994-07-26T12:00:00,42886099999,JHARSUGUDA / VEER SURENDRA SAI,21.917,84.083,30.0,996.5,72.87
1994-07-26T15:00:00,42886099999,JHARSUGUDA / VEER SURENDRA SAI,21.917,84.083,27.4,998.4,90.47
1994-07-27T00:00:00,42886099999,JHARSUGUDA / VEER SURENDRA SAI,21.917,84.083,24.8,998.8,94.75
1994-07-27T03:00:00,42886099999,JHARSUGUDA / VEER SURENDRA SAI,21.917,84.083,25.8,999.6,93.11
1994-07-27T06:00:00,42886099999,JHARSUGUDA / VEER SURENDRA SAI,21.917,84.083,29.4,999.1,76.34
1994-07-27T09:00:00,42886099999,JHARSUGUDA / VEER SURENDRA SAI,21.917,84.083,29.8,996.6,78.23
1994-07-27T12:00:00,42886099999,JHARSUGUDA / VEER SURENDRA SAI,21.917,84.083,29.8,996.0,75.49
1994-07-27T15:00:00,42886099999,JHARSUGUDA / VEER SURENDRA SAI,21.917,84.083,25.2,999.6,96.48
1994-07-27T18:00:00,42886099999,JHARSUGUDA / VEER SURENDRA SAI,21.917,84.083,25.0,1000.0,98.23
1994-07-27T21:00:00,42886099999,JHARSUGUDA / VEER SURENDRA SAI,21.917,84.083,25.3,998.0,
1994-07-28T00:00:00,42886099999,JHARSUGUDA / VEER SURENDRA SAI,21.917,84.083,26.2,998.0,94.8
1994-07-28T03:00:00,42886099999,JHARSUGUDA / VEER SURENDRA SAI,21.917,84.083,27.0,999.1,85.71
1994-07-28T06:00:00,42886099999,JHARSUGUDA / VEER SURENDRA SAI,21.917,84.083,29.8,998.3,63.38
1994-07-28T09:00:00,42886099999,JHARSUGUDA / VEER SURENDRA SAI,21.917,84.083,27.2,995.7,95.4
1994-07-28T12:00:00,42886099999,JHARSUGUDA / VEER SURENDRA SAI,21.917,84.083,26.0,996.0,96.5
1994-07-28T15:00:00,42886099999,JHARSUGUDA / VEER SURENDRA SAI,21.917,84.083,26.6,998.4,92.04
1994-07-29T00:00:00,42886099999,JHARSUGUDA / VEER SURENDRA SAI,21.917,84.083,25.6,996.6,93.1
1994-07-29T03:00:00,42886099999,JHARSUGUDA / VEER SURENDRA SAI,21.917,84.083,27.0,997.3,88.84
1994-07-29T06:00:00,42886099999,JHARSUGUDA / VEER SURENDRA SAI,21.917,84.083,28.8,997.0,80.46
1994-07-29T09:00:00,42886099999,JHARSUGUDA / VEER SURENDRA SAI,21.917,84.083,30.4,995.7,75.59
1994-07-29T12:00:00,42886099999,JHARSUGUDA / VEER SURENDRA SAI,21.917,84.083,27.0,994.6,90.44
1994-07-29T15:00:00,42886099999,JHARSUGUDA / VEER SURENDRA SAI,21.917,84.083,26.0,996.8,93.67
1994-07-29T18:00:00,42886099999,JHARSUGUDA / VEER SURENDRA SAI,21.917,84.083,26.0,997.4,93.67
1994-07-30T00:00:00,42886099999,JHARSUGUDA / VEER SURENDRA SAI,21.917,84.083,24.8,996.0,93.06
1994-07-30T03:00:00,42886099999,JHARSUGUDA / VEER SURENDRA SAI,21.917,84.083,25.8,996.9,90.36
1994-07-30T06:00:00,42886099999,JHARSUGUDA / VEER SURENDRA SAI,21.917,84.083,24.8,991.0,93.06
1994-07-30T09:00:00,42886099999,JHARSUGUDA / VEER SURENDRA SAI,21.917,84.083,27.0,994.4,87.26
1994-07-30T12:00:00,42886099999,JHARSUGUDA / VEER SURENDRA SAI,21.917,84.083,25.6,995.0,93.1
1994-07-30T15:00:00,42886099999,JHARSUGUDA / VEER SURENDRA SAI,21.917,84.083,25.6,996.2,93.1
1994-07-31T00:00:00,42886099999,JHARSUGUDA / VEER SURENDRA SAI,21.917,84.083,24.8,994.7,96.47
1994-07-31T03:00:00,42886099999,JHARSUGUDA / VEER SURENDRA SAI,21.917,84.083,26.0,995.9,92.01
1994-07-31T06:00:00,42886099999,JHARSUGUDA / VEER SURENDRA SAI,21.917,84.083,27.6,995.1,82.75
1994-07-31T09:00:00,42886099999,JHARSUGUDA / VEER SURENDRA SAI,21.917,84.083,29.0,992.8,80.48
1994-07-31T12:00:00,42886099999,JHARSUGUDA / VEER SURENDRA SAI,21.917,84.083,26.8,993.3,88.82
1994-07-31T15:00:00,42886099999,JHARSUGUDA / VEER SURENDRA SAI,21.917,84.083,25.6,995.7,96.49
1994-07-31T21:00:00,42886099999,JHARSUGUDA / VEER SURENDRA SAI,21.917,84.083,25.4,996.7,96.49
1994-08-01T00:00:00,42886099999,JHARSUGUDA / VEER SURENDRA SAI,21.917,84.083,25.4,996.8,94.77
1994-08-01T03:00:00,42886099999,JHARSUGUDA / VEER SURENDRA SAI,21.917,84.083,26.0,998.4,90.37
1994-08-01T06:00:00,42886099999,JHARSUGUDA / VEER SURENDRA SAI,21.917,84.083,27.4,998.4,84.22
1994-08-01T09:00:00,42886099999,JHARSUGUDA / VEER SURENDRA SAI,21.917,84.083,30.0,995.9,69.04
1994-08-01T12:00:00,42886099999,JHARSUGUDA / VEER SURENDRA SAI,21.917,84.083,29.6,995.7,75.46
1994-08-01T15:00:00,42886099999,JHARSUGUDA / VEER SURENDRA SAI,21.917,84.083,27.2,998.1,88.85
1994-08-01T18:00:00,42886099999,JHARSUGUDA / VEER SURENDRA SAI,21.917,84.083,29.6,995.7,
1994-08-01T21:00:00,42886099999,JHARSUGUDA / VEER SURENDRA SAI,21.917,84.083,26.2,997.8,92.02
1994-08-02T00:00:00,42886099999,JHARSUGUDA / VEER SURENDRA SAI,21.917,84.083,25.8,998.1,92.0
1994-08-02T03:00:00,42886099999,JHARSUGUDA / VEER SURENDRA SAI,21.917,84.083,27.2,999.5,84.2
1994-08-02T09:00:00,42886099999,JHARSUGUDA / VEER SURENDRA SAI,21.917,84.083,31.0,996.7,73.47
1994-08-02T12:00:00,42886099999,JHARSUGUDA / VEER SURENDRA SAI,21.917,84.083,30.6,996.1,71.68
1994-08-02T15:00:00,42886099999,JHARSUGUDA / VEER SURENDRA SAI,21.917,84.083,28.8,996.6,
1994-08-02T18:00:00,42886099999,JHARSUGUDA / VEER SURENDRA SAI,21.917,84.083,28.2,998.9,88.93
1994-08-03T00:00:00,42886099999,JHARSUGUDA / VEER SURENDRA SAI,21.917,84.083,25.0,998.0,92.51
1994-08-03T06:00:00,42886099999,JHARSUGUDA / VEER SURENDRA SAI,21.917,84.083,27.8,998.5,84.27
1994-08-03T09:00:00,42886099999,JHARSUGUDA / VEER SURENDRA SAI,21.917,84.083,26.0,997.3,94.8
1994-08-03T15:00:00,42886099999,JHARSUGUDA / VEER SURENDRA SAI,21.917,84.083,26.0,996.7,94.8
1994-08-03T18:00:00,42886099999,JHARSUGUDA / VEER SURENDRA SAI,21.917,84.083,24.8,998.8,93.06
1994-08-04T00:00:00,42886099999,JHARSUGUDA / VEER SURENDRA SAI,21.917,84.083,24.8,997.8,93.06
1994-08-04T03:00:00,42886099999,JHARSUGUDA / VEER SURENDRA SAI,21.917,84.083,25.4,1000.1,91.42
1994-08-04T06:00:00,42886099999,JHARSUGUDA / VEER SURENDRA SAI,21.917,84.083,27.0,1000.4,87.26
1994-08-04T09:00:00,42886099999,JHARSUGUDA / VEER SURENDRA SAI,21.917,84.083,26.4,998.5,92.03
1994-08-04T12:00:00,42886099999,JHARSUGUDA / VEER SURENDRA SAI,21.917,84.083,28.6,998.3,72.19
1994-08-04T15:00:00,42886099999,JHARSUGUDA / VEER SURENDRA SAI,21.917,84.083,27.6,1000.3,79.82
1994-08-05T00:00:00,42886099999,JHARSUGUDA / VEER SURENDRA SAI,21.917,84.083,25.2,1000.8,85.01
1994-08-05T03:00:00,42886099999,JHARSUGUDA / VEER SURENDRA SAI,21.917,84.083,26.4,1001.8,79.66
1994-08-05T06:00:00,42886099999,JHARSUGUDA / VEER SURENDRA SAI,21.917,84.083,28.4,1001.7,73.03
1994-08-05T09:00:00,42886099999,JHARSUGUDA / VEER SURENDRA SAI,21.917,84.083,28.4,999.3,76.18
1994-08-05T12:00:00,42886099999,JHARSUGUDA / VEER SURENDRA SAI,21.917,84.083,27.8,998.9,78.42
1994-08-06T00:00:00,42886099999,JHARSUGUDA / VEER SURENDRA SAI,21.917,84.083,25.2,1009.0,91.41
1994-08-06T03:00:00,42886099999,JHARSUGUDA / VEER SURENDRA SAI,21.917,84.083,25.4,1001.8,90.33
1994-08-06T06:00:00,42886099999,JHARSUGUDA / VEER SURENDRA SAI,21.917,84.083,27.0,1001.8,86.74
1994-08-06T09:00:00,42886099999,JHARSUGUDA / VEER SURENDRA SAI,21.917,84.083,27.0,,86.74
1994-08-07T06:00:00,42886099999,JHARSUGUDA / VEER SURENDRA SAI,21.917,84.083,27.4,1003.4,79.79
1994-08-07T12:00:00,42886099999,JHARSUGUDA / VEER SURENDRA SAI,21.917,84.083,27.4,1000.4,82.72
1994-08-07T15:00:00,42886099999,JHARSUGUDA / VEER SURENDRA SAI,21.917,84.083,26.0,1002.1,90.37
1994-08-08T00:00:00,42886099999,JHARSUGUDA / VEER SURENDRA SAI,21.917,84.083,25.4,1000.6,94.77
1994-08-08T03:00:00,42886099999,JHARSUGUDA / VEER SURENDRA SAI,21.917,84.083,27.2,1001.9,82.7
1994-08-08T09:00:00,42886099999,JHARSUGUDA / VEER SURENDRA SAI,21.917,84.083,29.4,998.5,77.71
1994-08-08T12:00:00,42886099999,JHARSUGUDA / VEER SURENDRA SAI,21.917,84.083,28.8,998.4,83.38
1994-08-08T15:00:00,42886099999,JHARSUGUDA / VEER SURENDRA SAI,21.917,84.083,27.6,1000.1,85.77
1994-08-08T21:00:00,42886099999,JHARSUGUDA / VEER SURENDRA SAI,21.917,84.083,25.6,998.8,94.78
1994-08-09T00:00:00,42886099999,JHARSUGUDA / VEER SURENDRA SAI,21.917,84.083,25.4,999.4,94.77
1994-08-09T03:00:00,42886099999,JHARSUGUDA / VEER SURENDRA SAI,21.917,84.083,25.4,1001.0,94.77
1994-08-09T06:00:00,42886099999,JHARSUGUDA / VEER SURENDRA SAI,21.917,84.083,28.4,1000.3,80.41
1994-08-09T09:00:00,42886099999,JHARSUGUDA / VEER SURENDRA SAI,21.917,84.083,31.0,998.2,74.79
1994-08-09T15:00:00,42886099999,JHARSUGUDA / VEER SURENDRA SAI,21.917,84.083,25.6,999.6,94.78
1994-08-10T00:00:00,42886099999,JHARSUGUDA / VEER SURENDRA SAI,21.917,84.083,25.8,998.4,96.5
1994-08-10T03:00:00,42886099999,JHARSUGUDA / VEER SURENDRA SAI,21.917,84.083,27.6,999.5,88.88
1994-08-10T09:00:00,42886099999,JHARSUGUDA / VEER SURENDRA SAI,21.917,84.083,25.6,,93.1
1994-08-10T12:00:00,42886099999,JHARSUGUDA / VEER SURENDRA SAI,21.917,84.083,26.4,997.6,94.81
1994-08-10T15:00:00,42886099999,JHARSUGUDA / VEER SURENDRA SAI,21.917,84.083,26.2,999.9,92.02
1994-08-10T21:00:00,42886099999,JHARSUGUDA / VEER SURENDRA SAI,21.917,84.083,25.8,999.2,93.11
1994-08-11T00:00:00,42886099999,JHARSUGUDA / VEER SURENDRA SAI,21.917,84.083,25.8,999.9,93.11
1994-08-11T03:00:00,42886099999,JHARSUGUDA / VEER SURENDRA SAI,21.917,84.083,26.4,1001.0,90.4
1994-08-11T06:00:00,42886099999,JHARSUGUDA / VEER SURENDRA SAI,21.917,84.083,27.2,1001.4,88.85
1994-08-11T09:00:00,42886099999,JHARSUGUDA / VEER SURENDRA SAI,21.917,84.083,28.6,999.8,83.36
1994-08-11T18:00:00,42886099999,JHARSUGUDA / VEER SURENDRA SAI,21.917,84.083,25.4,1003.2,96.49
1994-08-11T21:00:00,42886099999,JHARSUGUDA / VEER SURENDRA SAI,21.917,84.083,25.2,1003.0,96.48
1994-08-12T00:00:00,42886099999,JHARSUGUDA / VEER SURENDRA SAI,21.917,84.083,25.0,1002.8,96.48
1994-08-12T03:00:00,42886099999,JHARSUGUDA / VEER SURENDRA SAI,21.917,84.083,26.0,1004.9,94.8
1994-08-12T06:00:00,42886099999,JHARSUGUDA / VEER SURENDRA SAI,21.917,84.083,28.6,1004.9,80.43
1994-08-12T09:00:00,42886099999,JHARSUGUDA / VEER SURENDRA SAI,21.917,84.083,30.0,1003.2,74.18
1994-08-12T12:00:00,42886099999,JHARSUGUDA / VEER SURENDRA SAI,21.917,84.083,29.4,1002.4,74.98
1994-08-12T15:00:00,42886099999,JHARSUGUDA / VEER SURENDRA SAI,21.917,84.083,26.2,1005.0,93.68
1994-08-12T18:00:00,42886099999,JHARSUGUDA / VEER SURENDRA SAI,21.917,84.083,26.2,1005.4,93.68
1994-08-13T03:00:00,42886099999,JHARSUGUDA / VEER SURENDRA SAI,21.917,84.083,26.8,1007.6,81.17
1994-08-13T09:00:00,42886099999,JHARSUGUDA / VEER SURENDRA SAI,21.917,84.083,29.0,1004.8,74.91
1994-08-13T12:00:00,42886099999,JHARSUGUDA / VEER SURENDRA SAI,21.917,84.083,25.0,1004.3,
1994-08-13T15:00:00,42886099999,JHARSUGUDA / VEER SURENDRA SAI,21.917,84.083,26.8,1006.6,92.05
1994-08-14T00:00:00,42886099999,JHARSUGUDA / VEER SURENDRA SAI,21.917,84.083,25.8,1006.7,94.79
1994-08-14T03:00:00,42886099999,JHARSUGUDA / VEER SURENDRA SAI,21.917,84.083,28.2,1006.7,80.38
1994-08-14T06:00:00,42886099999,JHARSUGUDA / VEER SURENDRA SAI,21.917,84.083,30.0,1006.0,74.18
1994-08-14T09:00:00,42886099999,JHARSUGUDA / VEER SURENDRA SAI,21.917,84.083,31.4,1002.5,69.71
1994-08-15T00:00:00,42886099999,JHARSUGUDA / VEER SURENDRA SAI,21.917,84.083,27.0,1003.7,87.26
1994-08-15T03:00:00,42886099999,JHARSUGUDA / VEER SURENDRA SAI,21.917,84.083,27.8,1004.6,82.77
1994-08-15T04:00:00,42886099999,JHARSUGUDA / VEER SURENDRA SAI,21.917,84.083,27.0,1003.7,87.26
1994-08-15T06:00:00,42886099999,JHARSUGUDA / VEER SURENDRA SAI,21.917,84.083,27.8,1004.6,82.77
1994-08-15T09:00:00,42886099999,JHARSUGUDA / VEER SURENDRA SAI,21.917,84.083,31.0,999.8,69.23
1994-08-15T12:00:00,42886099999,JHARSUGUDA / VEER SURENDRA SAI,21.917,84.083,25.4,1001.2,96.49
1994-08-15T15:00:00,42886099999,JHARSUGUDA / VEER SURENDRA SAI,21.917,84.083,25.6,1002.1,93.1
1994-08-15T18:00:00,42886099999,JHARSUGUDA / VEER SURENDRA SAI,21.917,84.083,25.6,1002.3,96.49
1994-08-16T00:00:00,42886099999,JHARSUGUDA / VEER SURENDRA SAI,21.917,84.083,25.2,1000.0,93.08
1994-08-16T03:00:00,42886099999,JHARSUGUDA / VEER SURENDRA SAI,21.917,84.083,25.2,1001.9,93.08
1994-08-16T06:00:00,42886099999,JHARSUGUDA / VEER SURENDRA SAI,21.917,84.083,27.2,1001.2,87.28
1994-08-16T09:00:00,42886099999,JHARSUGUDA / VEER SURENDRA SAI,21.917,84.083,26.0,999.4,94.8
1994-08-16T12:00:00,42886099999,JHARSUGUDA / VEER SURENDRA SAI,21.917,84.083,27.6,998.0,85.77
1994-08-16T15:00:00,42886099999,JHARSUGUDA / VEER SURENDRA SAI,21.917,84.083,26.2,999.3,90.38
1994-08-17T00:00:00,42886099999,JHARSUGUDA / VEER SURENDRA SAI,21.917,84.083,25.4,997.9,94.77
1994-08-17T03:00:00,42886099999,JHARSUGUDA / VEER SURENDRA SAI,21.917,84.083,28.0,999.5,78.45
1994-08-17T06:00:00,42886099999,JHARSUGUDA / VEER SURENDRA SAI,21.917,84.083,31.0,999.2,67.99
1994-08-17T09:00:00,42886099999,JHARSUGUDA / VEER SURENDRA SAI,21.917,84.083,30.6,995.8,74.72
1994-08-17T12:00:00,42886099999,JHARSUGUDA / VEER SURENDRA SAI,21.917,84.083,31.0,995.7,69.23
1994-08-17T15:00:00,42886099999,JHARSUGUDA / VEER SURENDRA SAI,21.917,84.083,26.8,998.4,90.43
1994-08-17T18:00:00,42886099999,JHARSUGUDA / VEER SURENDRA SAI,21.917,84.083,26.8,998.6,88.82
1994-08-17T21:00:00,42886099999,JHARSUGUDA / VEER SURENDRA SAI,21.917,84.083,26.4,995.7,88.79
1994-08-18T00:00:00,42886099999,JHARSUGUDA / VEER SURENDRA SAI,21.917,84.083,26.2,996.4,87.19
1994-08-18T09:00:00,42886099999,JHARSUGUDA / VEER SURENDRA SAI,21.917,84.083,27.6,994.0,88.88
1994-08-18T12:00:00,42886099999,JHARSUGUDA / VEER SURENDRA SAI,21.917,84.083,27.4,993.7,82.72
1994-08-18T15:00:00,42886099999,JHARSUGUDA / VEER SURENDRA SAI,21.917,84.083,26.6,996.9,85.67
1994-08-18T18:00:00,42886099999,JHARSUGUDA / VEER SURENDRA SAI,21.917,84.083,25.2,,96.48
1994-08-19T00:00:00,42886099999,JHARSUGUDA / VEER SURENDRA SAI,21.917,84.083,25.0,998.6,93.07
1994-08-19T03:00:00,42886099999,JHARSUGUDA / VEER SURENDRA SAI,21.917,84.083,25.4,1000.5,93.09
1994-08-19T06:00:00,42886099999,JHARSUGUDA / VEER SURENDRA SAI,21.917,84.083,28.4,1000.6,78.98
1994-08-19T09:00:00,42886099999,JHARSUGUDA / VEER SURENDRA SAI,21.917,84.083,31.0,998.1,64.41
1994-08-19T12:00:00,42886099999,JHARSUGUDA / VEER SURENDRA SAI,21.917,84.083,30.6,998.3,71.68
1994-08-19T15:00:00,42886099999,JHARSUGUDA / VEER SURENDRA SAI,21.917,84.083,27.4,1001.1,87.3
1994-08-19T18:00:00,42886099999,JHARSUGUDA / VEER SURENDRA SAI,21.917,84.083,26.6,1002.5,93.7
1994-08-20T00:00:00,42886099999,JHARSUGUDA / VEER SURENDRA SAI,21.917,84.083,25.8,1003.2,92.0
1994-08-20T03:00:00,42886099999,JHARSUGUDA / VEER SURENDRA SAI,21.917,84.083,28.0,1004.2,75.66
1994-08-20T06:00:00,42886099999,JHARSUGUDA / VEER SURENDRA SAI,21.917,84.083,30.2,1003.8,65.03
1994-08-20T09:00:00,42886099999,JHARSUGUDA / VEER SURENDRA SAI,21.917,84.083,32.0,1001.6,61.59
1994-08-20T12:00:00,42886099999,JHARSUGUDA / VEER SURENDRA SAI,21.917,84.083,30.2,1000.3,73.34
1994-08-20T15:00:00,42886099999,JHARSUGUDA / VEER SURENDRA SAI,21.917,84.083,,1000.3,
1994-08-21T00:00:00,42886099999,JHARSUGUDA / VEER SURENDRA SAI,21.917,84.083,27.8,1002.2,85.28
1994-08-21T03:00:00,42886099999,JHARSUGUDA / VEER SURENDRA SAI,21.917,84.083,28.0,1004.1,85.81
1994-08-21T06:00:00,42886099999,JHARSUGUDA / VEER SURENDRA SAI,21.917,84.083,30.4,1003.5,66.66
1994-08-21T09:00:00,42886099999,JHARSUGUDA / VEER SURENDRA SAI,21.917,84.083,31.4,1000.2,67.26
1994-08-21T12:00:00,42886099999,JHARSUGUDA / VEER SURENDRA SAI,21.917,84.083,30.0,1000.3,76.88
1994-08-21T15:00:00,42886099999,JHARSUGUDA / VEER SURENDRA SAI,21.917,84.083,25.2,1004.1,94.77
1994-08-21T18:00:00,42886099999,JHARSUGUDA / VEER SURENDRA SAI,21.917,84.083,25.0,1003.8,98.23
1994-08-21T21:00:00,42886099999,JHARSUGUDA / VEER SURENDRA SAI,21.917,84.083,25.4,1001.7,94.77
1994-08-22T00:00:00,42886099999,JHARSUGUDA / VEER SURENDRA SAI,21.917,84.083,26.0,1002.1,90.37
1994-08-22T03:00:00,42886099999,JHARSUGUDA / VEER SURENDRA SAI,21.917,84.083,27.0,1003.1,92.07
1994-08-22T06:00:00,42886099999,JHARSUGUDA / VEER SURENDRA SAI,21.917,84.083,30.2,1002.6,75.55
1994-08-22T09:00:00,42886099999,JHARSUGUDA / VEER SURENDRA SAI,21.917,84.083,31.6,999.8,68.52
1994-08-22T12:00:00,42886099999,JHARSUGUDA / VEER SURENDRA SAI,21.917,84.083,28.0,999.8,78.45
1994-08-22T15:00:00,42886099999,JHARSUGUDA / VEER SURENDRA SAI,21.917,84.083,24.3,1002.5,
1994-08-22T18:00:00,42886099999,JHARSUGUDA / VEER SURENDRA SAI,21.917,84.083,25.6,1003.2,94.78
1994-08-23T03:00:00,42886099999,JHARSUGUDA / VEER SURENDRA SAI,21.917,84.083,25.8,1003.7,94.79
1994-08-23T06:00:00,42886099999,JHARSUGUDA / VEER SURENDRA SAI,21.917,84.083,29.0,1003.1,76.27
1994-08-23T09:00:00,42886099999,JHARSUGUDA / VEER SURENDRA SAI,21.917,84.083,28.0,1001.2,85.81
1994-08-23T12:00:00,42886099999,JHARSUGUDA / VEER SURENDRA SAI,21.917,84.083,27.6,1000.7,88.88
1994-08-23T15:00:00,42886099999,JHARSUGUDA / VEER SURENDRA SAI,21.917,84.083,27.0,1002.6,92.07
1994-08-23T18:00:00,42886099999,JHARSUGUDA / VEER SURENDRA SAI,21.917,84.083,26.8,1003.0,90.43
1994-08-23T21:00:00,42886099999,JHARSUGUDA / VEER SURENDRA SAI,21.917,84.083,26.6,1001.5,90.41
1994-08-24T00:00:00,42886099999,JHARSUGUDA / VEER SURENDRA SAI,21.917,84.083,26.4,1001.3,90.4
1994-08-24T03:00:00,42886099999,JHARSUGUDA / VEER SURENDRA SAI,21.917,84.083,26.4,1002.9,94.81
1994-08-24T06:00:00,42886099999,JHARSUGUDA / VEER SURENDRA SAI,21.917,84.083,27.0,1002.5,90.44
1994-08-24T09:00:00,42886099999,JHARSUGUDA / VEER SURENDRA SAI,21.917,84.083,28.8,1000.0,80.46
1994-08-24T12:00:00,42886099999,JHARSUGUDA / VEER SURENDRA SAI,21.917,84.083,27.8,1000.2,88.9
1994-08-24T15:00:00,42886099999,JHARSUGUDA / VEER SURENDRA SAI,21.917,84.083,27.0,1001.8,93.72
1994-08-25T00:00:00,42886099999,JHARSUGUDA / VEER SURENDRA SAI,21.917,84.083,25.8,1000.6,94.79
1994-08-25T03:00:00,42886099999,JHARSUGUDA / VEER SURENDRA SAI,21.917,84.083,25.0,1001.7,91.4
1994-08-25T09:00:00,42886099999,JHARSUGUDA / VEER SURENDRA SAI,21.917,84.083,28.4,998.4,83.33
1994-08-25T12:00:00,42886099999,JHARSUGUDA / VEER SURENDRA SAI,21.917,84.083,27.2,998.2,84.2
1994-08-25T15:00:00,42886099999,JHARSUGUDA / VEER SURENDRA SAI,21.917,84.083,26.0,1000.5,92.01
1994-08-26T00:00:00,42886099999,JHARSUGUDA / VEER SURENDRA SAI,21.917,84.083,24.6,1000.0,93.05
1994-08-26T03:00:00,42886099999,JHARSUGUDA / VEER SURENDRA SAI,21.917,84.083,26.4,1002.1,85.65
1994-08-26T06:00:00,42886099999,JHARSUGUDA / VEER SURENDRA SAI,21.917,84.083,25.8,1002.6,94.79
1994-08-26T09:00:00,42886099999,JHARSUGUDA / VEER SURENDRA SAI,21.917,84.083,29.2,999.7,72.29
1994-08-26T12:00:00,42886099999,JHARSUGUDA / VEER SURENDRA SAI,21.917,84.083,28.8,,70.93
1994-08-26T15:00:00,42886099999,JHARSUGUDA / VEER SURENDRA SAI,21.917,84.083,27.4,1001.7,87.3
1994-08-26T18:00:00,42886099999,JHARSUGUDA / VEER SURENDRA SAI,21.917,84.083,28.8,,70.93
1994-08-26T21:00:00,42886099999,JHARSUGUDA / VEER SURENDRA SAI,21.917,84.083,26.4,1002.1,88.79
1994-08-27T00:00:00,42886099999,JHARSUGUDA / VEER SURENDRA SAI,21.917,84.083,25.0,1001.9,89.76
1994-08-27T03:00:00,42886099999,JHARSUGUDA / VEER SURENDRA SAI,21.917,84.083,26.6,1002.9,81.15
1994-08-27T06:00:00,42886099999,JHARSUGUDA / VEER SURENDRA SAI,21.917,84.083,28.4,1002.6,73.03
1994-08-27T09:00:00,42886099999,JHARSUGUDA / VEER SURENDRA SAI,21.917,84.083,31.0,999.9,60.63
1994-08-27T12:00:00,42886099999,JHARSUGUDA / VEER SURENDRA SAI,21.917,84.083,29.8,999.1,69.83
1994-08-27T15:00:00,42886099999,JHARSUGUDA / VEER SURENDRA SAI,21.917,84.083,28.0,1000.9,83.29
1994-08-27T18:00:00,42886099999,JHARSUGUDA / VEER SURENDRA SAI,21.917,84.083,26.0,1001.8,95.93
1994-08-28T00:00:00,42886099999,JHARSUGUDA / VEER SURENDRA SAI,21.917,84.083,25.0,1000.2,93.07
1994-08-28T03:00:00,42886099999,JHARSUGUDA / VEER SURENDRA SAI,21.917,84.083,26.0,1001.5,90.37
1994-08-28T06:00:00,42886099999,JHARSUGUDA / VEER SURENDRA SAI,21.917,84.083,28.6,999.9,83.36
1994-08-28T09:00:00,42886099999,JHARSUGUDA / VEER SURENDRA SAI,21.917,84.083,25.0,997.9,93.07
1994-08-28T12:00:00,42886099999,JHARSUGUDA / VEER SURENDRA SAI,21.917,84.083,26.4,997.1,92.03
1994-08-28T18:00:00,42886099999,JHARSUGUDA / VEER SURENDRA SAI,21.917,84.083,25.4,998.5,98.23
1994-08-28T21:00:00,42886099999,JHARSUGUDA / VEER SURENDRA SAI,21.917,84.083,25.4,995.2,96.49
1994-08-29T00:00:00,42886099999,JHARSUGUDA / VEER SURENDRA SAI,21.917,84.083,25.8,995.6,92.0
1994-08-29T03:00:00,42886099999,JHARSUGUDA / VEER SURENDRA SAI,21.917,84.083,25.6,996.4,91.44
1994-08-29T06:00:00,42886099999,JHARSUGUDA / VEER SURENDRA SAI,21.917,84.083,26.0,996.3,93.67
1994-08-29T09:00:00,42886099999,JHARSUGUDA / VEER SURENDRA SAI,21.917,84.083,28.4,993.1,74.82
1994-08-29T12:00:00,42886099999,JHARSUGUDA / VEER SURENDRA SAI,21.917,84.083,27.4,995.4,79.79
1994-08-29T15:00:00,42886099999,JHARSUGUDA / VEER SURENDRA SAI,21.917,84.083,26.8,997.4,84.16
1994-08-30T03:00:00,42886099999,JHARSUGUDA / VEER SURENDRA SAI,21.917,84.083,25.4,998.1,93.09
1994-08-30T06:00:00,42886099999,JHARSUGUDA / VEER SURENDRA SAI,21.917,84.083,29.2,998.4,74.95
1994-08-30T12:00:00,42886099999,JHARSUGUDA / VEER SURENDRA SAI,21.917,84.083,27.0,996.6,81.69
1994-08-31T00:00:00,42886099999,JHARSUGUDA / VEER SURENDRA SAI,21.917,84.083,24.6,998.8,91.37
1994-08-31T03:00:00,42886099999,JHARSUGUDA / VEER SURENDRA SAI,21.917,84.083,27.6,1000.6,79.82
1994-08-31T06:00:00,42886099999,JHARSUGUDA / VEER SURENDRA SAI,21.917,84.083,30.0,1000.1,63.81
1994-08-31T09:00:00,42886099999,JHARSUGUDA / VEER SURENDRA SAI,21.917,84.083,30.4,997.6,69.11
1994-08-31T12:00:00,42886099999,JHARSUGUDA / VEER SURENDRA SAI,21.917,84.083,25.6,997.6,94.78
1994-08-31T15:00:00,42886099999,JHARSUGUDA / VEER SURENDRA SAI,21.917,84.083,25.8,999.6,93.11
1994-08-31T18:00:00,42886099999,JHARSUGUDA / VEER SURENDRA SAI,21.917,84.083,25.4,1000.4,88.18
1994-09-01T00:00:00,42886099999,JHARSUGUDA / VEER SURENDRA SAI,21.917,84.083,25.2,998.8,91.41
1994-09-01T01:00:00,42886099999,JHARSUGUDA / VEER SURENDRA SAI,21.917,84.083,28.2,,83.31
1994-09-01T03:00:00,42886099999,JHARSUGUDA / VEER SURENDRA SAI,21.917,84.083,26.8,1000.0,87.24
1994-09-01T06:00:00,42886099999,JHARSUGUDA / VEER SURENDRA SAI,21.917,84.083,28.2,999.8,83.31
1994-09-01T09:00:00,42886099999,JHARSUGUDA / VEER SURENDRA SAI,21.917,84.083,27.0,997.4,87.26
1994-09-01T12:00:00,42886099999,JHARSUGUDA / VEER SURENDRA SAI,21.917,84.083,27.8,997.6,84.27
1994-09-01T15:00:00,42886099999,JHARSUGUDA / VEER SURENDRA SAI,21.917,84.083,27.2,999.7,81.71
1994-09-01T18:00:00,42886099999,JHARSUGUDA / VEER SURENDRA SAI,21.917,84.083,25.2,1001.4,97.06
1994-09-01T21:00:00,42886099999,JHARSUGUDA / VEER SURENDRA SAI,21.917,84.083,25.4,999.6,94.77
1994-09-02T00:00:00,42886099999,JHARSUGUDA / VEER SURENDRA SAI,21.917,84.083,25.2,999.6,94.77
1994-09-02T03:00:00,42886099999,JHARSUGUDA / VEER SURENDRA SAI,21.917,84.083,27.2,1000.9,85.73
1994-09-02T06:00:00,42886099999,JHARSUGUDA / VEER SURENDRA SAI,21.917,84.083,30.2,999.7,71.61
1994-09-02T12:00:00,42886099999,JHARSUGUDA / VEER SURENDRA SAI,21.917,84.083,25.4,998.1,91.42
1994-09-02T15:00:00,42886099999,JHARSUGUDA / VEER SURENDRA SAI,21.917,84.083,25.6,1000.8,94.78
1994-09-02T18:00:00,42886099999,JHARSUGUDA / VEER SURENDRA SAI,21.917,84.083,,998.1,
1994-09-03T00:00:00,42886099999,JHARSUGUDA / VEER SURENDRA SAI,21.917,84.083,25.2,999.9,96.48
1994-09-03T03:00:00,42886099999,JHARSUGUDA / VEER SURENDRA SAI,21.917,84.083,25.6,1001.9,94.78
1994-09-03T09:00:00,42886099999,JHARSUGUDA / VEER SURENDRA SAI,21.917,84.083,30.0,997.7,71.57
1994-09-03T12:00:00,42886099999,JHARSUGUDA / VEER SURENDRA SAI,21.917,84.083,28.8,997.3,72.22
1994-09-04T00:00:00,42886099999,JHARSUGUDA / VEER SURENDRA SAI,21.917,84.083,25.0,999.2,89.76
1994-09-04T03:00:00,42886099999,JHARSUGUDA / VEER SURENDRA SAI,21.917,84.083,26.4,1000.7,82.61
1994-09-04T06:00:00,42886099999,JHARSUGUDA / VEER SURENDRA SAI,21.917,84.083,27.0,1000.1,85.71
1994-09-04T09:00:00,42886099999,JHARSUGUDA / VEER SURENDRA SAI,21.917,84.083,25.4,997.4,94.77
1994-09-04T12:00:00,42886099999,JHARSUGUDA / VEER SURENDRA SAI,21.917,84.083,25.6,996.7,93.1
1994-09-04T15:00:00,42886099999,JHARSUGUDA / VEER SURENDRA SAI,21.917,84.083,25.4,998.0,96.49
1994-09-04T18:00:00,42886099999,JHARSUGUDA / VEER SURENDRA SAI,21.917,84.083,25.0,998.7,98.23
1994-09-04T21:00:00,42886099999,JHARSUGUDA / VEER SURENDRA SAI,21.917,84.083,25.0,998.6,96.48
1994-09-05T00:00:00,42886099999,JHARSUGUDA / VEER SURENDRA SAI,21.917,84.083,24.6,999.7,89.73
1994-09-05T03:00:00,42886099999,JHARSUGUDA / VEER SURENDRA SAI,21.917,84.083,27.6,1001.6,82.75
1994-09-05T09:00:00,42886099999,JHARSUGUDA / VEER SURENDRA SAI,21.917,84.083,28.4,999.5,76.18
1994-09-05T12:00:00,42886099999,JHARSUGUDA / VEER SURENDRA SAI,21.917,84.083,28.0,999.8,81.81
1994-09-05T15:00:00,42886099999,JHARSUGUDA / VEER SURENDRA SAI,21.917,84.083,26.4,1002.1,90.4
1994-09-06T00:00:00,42886099999,JHARSUGUDA / VEER SURENDRA SAI,21.917,84.083,24.0,1002.8,94.72
1994-09-06T03:00:00,42886099999,JHARSUGUDA / VEER SURENDRA SAI,21.917,84.083,27.0,1004.2,75.5
1994-09-06T06:00:00,42886099999,JHARSUGUDA / VEER SURENDRA SAI,21.917,84.083,28.8,1004.3,69.23
1994-09-06T09:00:00,42886099999,JHARSUGUDA / VEER SURENDRA SAI,21.917,84.083,29.6,1001.5,72.36
1994-09-06T12:00:00,42886099999,JHARSUGUDA / VEER SURENDRA SAI,21.917,84.083,28.8,1001.1,86.39
1994-09-06T18:00:00,42886099999,JHARSUGUDA / VEER SURENDRA SAI,21.917,84.083,25.8,1003.5,94.79
1994-09-07T00:00:00,42886099999,JHARSUGUDA / VEER SURENDRA SAI,21.917,84.083,24.0,1004.4,94.15
1994-09-07T03:00:00,42886099999,JHARSUGUDA / VEER SURENDRA SAI,21.917,84.083,27.4,1005.3,78.36
1994-09-07T06:00:00,42886099999,JHARSUGUDA / VEER SURENDRA SAI,21.917,84.083,30.2,1005.0,63.86
1994-09-07T09:00:00,42886099999,JHARSUGUDA / VEER SURENDRA SAI,21.917,84.083,31.4,1003.7,59.99
1994-09-07T12:00:00,42886099999,JHARSUGUDA / VEER SURENDRA SAI,21.917,84.083,30.4,1002.7,70.37
1994-09-07T15:00:00,42886099999,JHARSUGUDA / VEER SURENDRA SAI,21.917,84.083,28.4,1004.7,87.9
1994-09-08T00:00:00,42886099999,JHARSUGUDA / VEER SURENDRA SAI,21.917,84.083,26.0,1006.4,94.8
1994-09-08T06:00:00,42886099999,JHARSUGUDA / VEER SURENDRA SAI,21.917,84.083,31.6,1007.2,63.77
1994-09-08T12:00:00,42886099999,JHARSUGUDA / VEER SURENDRA SAI,21.917,84.083,31.2,1003.9,69.68
1994-09-08T15:00:00,42886099999,JHARSUGUDA / VEER SURENDRA SAI,21.917,84.083,29.2,1006.3,76.3
1994-09-08T18:00:00,42886099999,JHARSUGUDA / VEER SURENDRA SAI,21.917,84.083,27.0,1006.5,88.84
1994-09-09T00:00:00,42886099999,JHARSUGUDA / VEER SURENDRA SAI,21.917,84.083,25.4,1006.2,98.23
1994-09-09T03:00:00,42886099999,JHARSUGUDA / VEER SURENDRA SAI,21.917,84.083,29.2,1007.8,77.68
1994-09-09T06:00:00,42886099999,JHARSUGUDA / VEER SURENDRA SAI,21.917,84.083,31.6,1007.2,64.93
1994-09-09T12:00:00,42886099999,JHARSUGUDA / VEER SURENDRA SAI,21.917,84.083,31.0,1003.9,72.17
1994-09-09T15:00:00,42886099999,JHARSUGUDA / VEER SURENDRA SAI,21.917,84.083,29.4,1006.3,80.54
1994-09-10T00:00:00,42886099999,JHARSUGUDA / VEER SURENDRA SAI,21.917,84.083,27.2,1005.7,88.85
1994-09-10T03:00:00,42886099999,JHARSUGUDA / VEER SURENDRA SAI,21.917,84.083,27.4,1007.4,82.72
1994-09-10T09:00:00,42886099999,JHARSUGUDA / VEER SURENDRA SAI,21.917,84.083,28.0,1004.8,78.45
1994-09-10T12:00:00,42886099999,JHARSUGUDA / VEER SURENDRA SAI,21.917,84.083,28.6,1003.8,83.36
1994-09-10T15:00:00,42886099999,JHARSUGUDA / VEER SURENDRA SAI,21.917,84.083,27.0,1007.1,90.44
1994-09-11T00:00:00,42886099999,JHARSUGUDA / VEER SURENDRA SAI,21.917,84.083,24.4,1007.4,88.09
1994-09-11T03:00:00,42886099999,JHARSUGUDA / VEER SURENDRA SAI,21.917,84.083,25.4,1008.8,88.18
1994-09-11T06:00:00,42886099999,JHARSUGUDA / VEER SURENDRA SAI,21.917,84.083,28.8,1007.0,73.54
1994-09-11T09:00:00,42886099999,JHARSUGUDA / VEER SURENDRA SAI,21.917,84.083,31.4,1003.9,70.97
1994-09-11T12:00:00,42886099999,JHARSUGUDA / VEER SURENDRA SAI,21.917,84.083,24.8,1006.4,89.74
1994-09-11T15:00:00,42886099999,JHARSUGUDA / VEER SURENDRA SAI,21.917,84.083,26.4,1007.7,86.17
1994-09-12T03:00:00,42886099999,JHARSUGUDA / VEER SURENDRA SAI,21.917,84.083,26.8,1008.7,88.82
1994-09-12T09:00:00,42886099999,JHARSUGUDA / VEER SURENDRA SAI,21.917,84.083,25.0,1004.8,89.76
1994-09-12T12:00:00,42886099999,JHARSUGUDA / VEER SURENDRA SAI,21.917,84.083,25.8,1004.7,90.36
1994-09-12T15:00:00,42886099999,JHARSUGUDA / VEER SURENDRA SAI,21.917,84.083,29.0,1007.5,77.66
1994-09-12T18:00:00,42886099999,JHARSUGUDA / VEER SURENDRA SAI,21.917,84.083,25.0,1006.5,93.07
1994-09-13T00:00:00,42886099999,JHARSUGUDA / VEER SURENDRA SAI,21.917,84.083,24.6,1005.6,96.47
1994-09-13T03:00:00,42886099999,JHARSUGUDA / VEER SURENDRA SAI,21.917,84.083,26.2,1007.1,90.38
1994-09-13T06:00:00,42886099999,JHARSUGUDA / VEER SURENDRA SAI,21.917,84.083,29.8,1005.8,75.49
1994-09-13T09:00:00,42886099999,JHARSUGUDA / VEER SURENDRA SAI,21.917,84.083,29.8,1005.8,75.49
1994-09-13T12:00:00,42886099999,JHARSUGUDA / VEER SURENDRA SAI,21.917,84.083,26.4,1003.5,82.61
1994-09-13T15:00:00,42886099999,JHARSUGUDA / VEER SURENDRA SAI,21.917,84.083,26.0,1005.2,90.37
1994-09-13T18:00:00,42886099999,JHARSUGUDA / VEER SURENDRA SAI,21.917,84.083,25.4,1005.6,88.18
1994-09-13T21:00:00,42886099999,JHARSUGUDA / VEER SURENDRA SAI,21.917,84.083,25.4,1002.9,91.97
1994-09-14T00:00:00,42886099999,JHARSUGUDA / VEER SURENDRA SAI,21.917,84.083,25.0,1003.5,96.48
1994-09-14T03:00:00,42886099999,JHARSUGUDA / VEER SURENDRA SAI,21.917,84.083,27.0,1003.5,87.26
1994-09-14T06:00:00,42886099999,JHARSUGUDA / VEER SURENDRA SAI,21.917,84.083,29.0,1002.7,79.06
1994-09-14T09:00:00,42886099999,JHARSUGUDA / VEER SURENDRA SAI,21.917,84.083,25.4,1002.9,91.97
1994-09-14T12:00:00,42886099999,JHARSUGUDA / VEER SURENDRA SAI,21.917,84.083,28.6,1002.4,82.37
1994-09-15T00:00:00,42886099999,JHARSUGUDA / VEER SURENDRA SAI,21.917,84.083,24.4,1002.6,94.74
1994-09-15T03:00:00,42886099999,JHARSUGUDA / VEER SURENDRA SAI,21.917,84.083,25.8,1004.4,92.0
1994-09-15T06:00:00,42886099999,JHARSUGUDA / VEER SURENDRA SAI,21.917,84.083,30.0,1004.5,78.26
1994-09-15T12:00:00,42886099999,JHARSUGUDA / VEER SURENDRA SAI,21.917,84.083,28.6,1001.2,86.37
1994-09-15T15:00:00,42886099999,JHARSUGUDA / VEER SURENDRA SAI,21.917,84.083,26.6,1003.4,90.41
1994-09-15T18:00:00,42886099999,JHARSUGUDA / VEER SURENDRA SAI,21.917,84.083,26.0,1003.7,88.76
1994-09-16T00:00:00,42886099999,JHARSUGUDA / VEER SURENDRA SAI,21.917,84.083,25.6,1002.2,94.78
1994-09-16T03:00:00,42886099999,JHARSUGUDA / VEER SURENDRA SAI,21.917,84.083,29.0,1003.8,77.66
1994-09-16T06:00:00,42886099999,JHARSUGUDA / VEER SURENDRA SAI,21.917,84.083,29.8,1003.5,77.31
1994-09-16T09:00:00,42886099999,JHARSUGUDA / VEER SURENDRA SAI,21.917,84.083,30.2,999.9,75.55
1994-09-16T18:00:00,42886099999,JHARSUGUDA / VEER SURENDRA SAI,21.917,84.083,,1002.5,
1994-09-16T21:00:00,42886099999,JHARSUGUDA / VEER SURENDRA SAI,21.917,84.083,25.4,1000.0,92.53
1994-09-17T00:00:00,42886099999,JHARSUGUDA / VEER SURENDRA SAI,21.917,84.083,25.0,1000.9,94.76
1994-09-17T03:00:00,42886099999,JHARSUGUDA / VEER SURENDRA SAI,21.917,84.083,24.6,1002.0,94.74
1994-09-17T06:00:00,42886099999,JHARSUGUDA / VEER SURENDRA SAI,21.917,84.083,24.8,1001.2,91.39
1994-09-17T09:00:00,42886099999,JHARSUGUDA / VEER SURENDRA SAI,21.917,84.083,25.6,998.2,88.73
1994-09-17T12:00:00,42886099999,JHARSUGUDA / VEER SURENDRA SAI,21.917,84.083,24.6,998.0,89.73
1994-09-17T15:00:00,42886099999,JHARSUGUDA / VEER SURENDRA SAI,21.917,84.083,25.4,1000.8,86.59
1994-09-18T00:00:00,42886099999,JHARSUGUDA / VEER SURENDRA SAI,21.917,84.083,24.8,1000.9,91.39
1994-09-18T03:00:00,42886099999,JHARSUGUDA / VEER SURENDRA SAI,21.917,84.083,26.6,1002.9,84.14
1994-09-18T06:00:00,42886099999,JHARSUGUDA / VEER SURENDRA SAI,21.917,84.083,30.0,1001.0,69.04
1994-09-18T09:00:00,42886099999,JHARSUGUDA / VEER SURENDRA SAI,21.917,84.083,30.4,999.0,67.88
1994-09-18T12:00:00,42886099999,JHARSUGUDA / VEER SURENDRA SAI,21.917,84.083,29.4,999.1,69.76
1994-09-18T15:00:00,42886099999,JHARSUGUDA / VEER SURENDRA SAI,21.917,84.083,25.4,1002.5,88.18
1994-09-19T00:00:00,42886099999,JHARSUGUDA / VEER SURENDRA SAI,21.917,84.083,25.2,1002.4,89.77
1994-09-19T03:00:00,42886099999,JHARSUGUDA / VEER SURENDRA SAI,21.917,84.083,26.6,1004.9,84.14
1994-09-19T06:00:00,42886099999,JHARSUGUDA / VEER SURENDRA SAI,21.917,84.083,30.0,1003.9,71.57
1994-09-19T12:00:00,42886099999,JHARSUGUDA / VEER SURENDRA SAI,21.917,84.083,27.4,1002.9,82.72
1994-09-19T15:00:00,42886099999,JHARSUGUDA / VEER SURENDRA SAI,21.917,84.083,26.2,1006.0,84.09
1994-09-20T00:00:00,42886099999,JHARSUGUDA / VEER SURENDRA SAI,21.917,84.083,25.0,1006.1,93.07
1994-09-20T03:00:00,42886099999,JHARSUGUDA / VEER SURENDRA SAI,21.917,84.083,27.4,1007.7,84.22
1994-09-20T06:00:00,42886099999,JHARSUGUDA / VEER SURENDRA SAI,21.917,84.083,30.6,1006.9,66.7
1994-09-20T09:00:00,42886099999,JHARSUGUDA / VEER SURENDRA SAI,21.917,84.083,31.8,1004.5,69.79
1994-09-20T12:00:00,42886099999,JHARSUGUDA / VEER SURENDRA SAI,21.917,84.083,29.8,1005.1,81.06
1994-09-20T15:00:00,42886099999,JHARSUGUDA / VEER SURENDRA SAI,21.917,84.083,27.2,1007.0,82.7
1994-09-20T18:00:00,42886099999,JHARSUGUDA / VEER SURENDRA SAI,21.917,84.083,26.4,1007.0,88.79
1994-09-21T00:00:00,42886099999,JHARSUGUDA / VEER SURENDRA SAI,21.917,84.083,24.4,1007.3,88.09
1994-09-21T03:00:00,42886099999,JHARSUGUDA / VEER SURENDRA SAI,21.917,84.083,27.8,1009.8,72.93
1994-09-21T06:00:00,42886099999,JHARSUGUDA / VEER SURENDRA SAI,21.917,84.083,31.0,1009.4,58.46
1994-09-21T09:00:00,42886099999,JHARSUGUDA / VEER SURENDRA SAI,21.917,84.083,32.2,1006.6,51.36
1994-09-21T12:00:00,42886099999,JHARSUGUDA / VEER SURENDRA SAI,21.917,84.083,29.5,1006.6,
1994-09-21T15:00:00,42886099999,JHARSUGUDA / VEER SURENDRA SAI,21.917,84.083,28.4,1009.0,73.03
1994-09-21T21:00:00,42886099999,JHARSUGUDA / VEER SURENDRA SAI,21.917,84.083,25.4,1009.0,90.33
1994-09-22T00:00:00,42886099999,JHARSUGUDA / VEER SURENDRA SAI,21.917,84.083,24.8,1009.6,93.06
1994-09-22T03:00:00,42886099999,JHARSUGUDA / VEER SURENDRA SAI,21.917,84.083,28.4,1011.6,74.82
1994-09-22T06:00:00,42886099999,JHARSUGUDA / VEER SURENDRA SAI,21.917,84.083,28.4,1011.6,
1994-09-22T09:00:00,42886099999,JHARSUGUDA / VEER SURENDRA SAI,21.917,84.083,32.0,1007.9,50.99
1994-09-22T12:00:00,42886099999,JHARSUGUDA / VEER SURENDRA SAI,21.917,84.083,30.2,1007.2,65.82
1994-09-22T15:00:00,42886099999,JHARSUGUDA / VEER SURENDRA SAI,21.917,84.083,28.4,1010.5,83.33
1994-09-23T00:00:00,42886099999,JHARSUGUDA / VEER SURENDRA SAI,21.917,84.083,24.8,1010.6,93.06
1994-09-23T03:00:00,42886099999,JHARSUGUDA / VEER SURENDRA SAI,21.917,84.083,27.8,1012.1,74.27
1994-09-23T06:00:00,42886099999,JHARSUGUDA / VEER SURENDRA SAI,21.917,84.083,,1010.8,
1994-09-23T09:00:00,42886099999,JHARSUGUDA / VEER SURENDRA SAI,21.917,84.083,31.2,1008.8,51.42
1994-09-23T12:00:00,42886099999,JHARSUGUDA / VEER SURENDRA SAI,21.917,84.083,29.6,1009.6,71.07
1994-09-23T15:00:00,42886099999,JHARSUGUDA / VEER SURENDRA SAI,21.917,84.083,26.8,1011.4,85.69
1994-09-23T18:00:00,42886099999,JHARSUGUDA / VEER SURENDRA SAI,21.917,84.083,26.0,1011.4,88.76
1994-09-23T21:00:00,42886099999,JHARSUGUDA / VEER SURENDRA SAI,21.917,84.083,25.6,1010.4,90.34
1994-09-24T00:00:00,42886099999,JHARSUGUDA / VEER SURENDRA SAI,21.917,84.083,25.4,1011.0,91.42
1994-09-24T03:00:00,42886099999,JHARSUGUDA / VEER SURENDRA SAI,21.917,84.083,27.2,1012.4,85.73
1994-09-24T04:00:00,42886099999,JHARSUGUDA / VEER SURENDRA SAI,21.917,84.083,31.2,1011.6,55.03
1994-09-24T06:00:00,42886099999,JHARSUGUDA / VEER SURENDRA SAI,21.917,84.083,31.2,1011.6,55.03
1994-09-24T12:00:00,42886099999,JHARSUGUDA / VEER SURENDRA SAI,21.917,84.083,31.0,1008.9,65.59
1994-09-24T15:00:00,42886099999,JHARSUGUDA / VEER SURENDRA SAI,21.917,84.083,27.4,1010.3,84.22
1994-09-25T03:00:00,42886099999,JHARSUGUDA / VEER SURENDRA SAI,21.917,84.083,28.6,1011.8,72.19
1994-09-25T06:00:00,42886099999,JHARSUGUDA / VEER SURENDRA SAI,21.917,84.083,30.6,1010.5,63.94
1994-09-25T09:00:00,42886099999,JHARSUGUDA / VEER SURENDRA SAI,21.917,84.083,32.0,1008.0,59.04
1994-09-25T12:00:00,42886099999,JHARSUGUDA / VEER SURENDRA SAI,21.917,84.083,29.2,1008.0,74.95
1994-09-25T15:00:00,42886099999,JHARSUGUDA / VEER SURENDRA SAI,21.917,84.083,27.4,1009.7,82.72
1994-09-26T00:00:00,42886099999,JHARSUGUDA / VEER SURENDRA SAI,21.917,84.083,25.6,1009.6,91.44
1994-09-26T03:00:00,42886099999,JHARSUGUDA / VEER SURENDRA SAI,21.917,84.083,27.4,1010.9,79.79
1994-09-26T06:00:00,42886099999,JHARSUGUDA / VEER SURENDRA SAI,21.917,84.083,30.6,1010.2,59.08
1994-09-26T09:00:00,42886099999,JHARSUGUDA / VEER SURENDRA SAI,21.917,84.083,32.4,1007.0,49.24
1994-09-26T12:00:00,42886099999,JHARSUGUDA / VEER SURENDRA SAI,21.917,84.083,30.4,1007.2,59.03
1994-09-26T15:00:00,42886099999,JHARSUGUDA / VEER SURENDRA SAI,21.917,84.083,27.8,1009.4,71.61
1994-09-26T18:00:00,42886099999,JHARSUGUDA / VEER SURENDRA SAI,21.917,84.083,26.2,1009.2,73.55
1994-09-26T21:00:00,42886099999,JHARSUGUDA / VEER SURENDRA SAI,21.917,84.083,24.4,1009.8,78.41
1994-09-27T00:00:00,42886099999,JHARSUGUDA / VEER SURENDRA SAI,21.917,84.083,23.0,1010.7,84.26
1994-09-27T01:00:00,42886099999,JHARSUGUDA / VEER SURENDRA SAI,21.917,84.083,23.0,1010.7,84.26
1994-09-27T03:00:00,42886099999,JHARSUGUDA / VEER SURENDRA SAI,21.917,84.083,26.6,1011.4,72.28
1994-09-27T06:00:00,42886099999,JHARSUGUDA / VEER SURENDRA SAI,21.917,84.083,31.0,1010.3,44.77
1994-09-27T09:00:00,42886099999,JHARSUGUDA / VEER SURENDRA SAI,21.917,84.083,32.6,1008.5,36.94
1994-09-27T12:00:00,42886099999,JHARSUGUDA / VEER SURENDRA SAI,21.917,84.083,29.8,1008.6,48.87
1994-09-28T00:00:00,42886099999,JHARSUGUDA / VEER SURENDRA SAI,21.917,84.083,22.2,1011.3,91.22
1994-09-28T03:00:00,42886099999,JHARSUGUDA / VEER SURENDRA SAI,21.917,84.083,27.2,1012.6,64.4
1994-09-28T09:00:00,42886099999,JHARSUGUDA / VEER SURENDRA SAI,21.917,84.083,32.6,1008.8,36.24
1994-09-28T15:00:00,42886099999,JHARSUGUDA / VEER SURENDRA SAI,21.917,84.083,26.4,1011.1,76.34
1994-09-28T18:00:00,42886099999,JHARSUGUDA / VEER SURENDRA SAI,21.917,84.083,25.0,1011.2,78.98
1994-09-29T00:00:00,42886099999,JHARSUGUDA / VEER SURENDRA SAI,21.917,84.083,22.0,1011.0,91.21
1994-09-29T03:00:00,42886099999,JHARSUGUDA / VEER SURENDRA SAI,21.917,84.083,,1012.1,
1994-09-29T06:00:00,42886099999,JHARSUGUDA / VEER SURENDRA SAI,21.917,84.083,30.4,1012.1,42.94
1994-09-29T12:00:00,42886099999,JHARSUGUDA / VEER SURENDRA SAI,21.917,84.083,30.4,1008.5,49.65
1994-09-30T00:00:00,42886099999,JHARSUGUDA / VEER SURENDRA SAI,21.917,84.083,22.6,1010.8,89.58
1994-09-30T03:00:00,42886099999,JHARSUGUDA / VEER SURENDRA SAI,21.917,84.083,26.0,1012.6,74.88
1994-09-30T06:00:00,42886099999,JHARSUGUDA / VEER SURENDRA SAI,21.917,84.083,30.6,1011.4,53.22
1994-09-30T09:00:00,42886099999,JHARSUGUDA / VEER SURENDRA SAI,21.917,84.083,32.0,1009.3,48.84
1994-09-30T12:00:00,42886099999,JHARSUGUDA / VEER SURENDRA SAI,21.917,84.083,30.6,1008.2,52.23
1994-09-30T15:00:00,42886099999,JHARSUGUDA / VEER SURENDRA SAI,21.917,84.083,27.4,1010.8,75.57
1994-09-30T18:00:00,42886099999,JHARSUGUDA / VEER SURENDRA SAI,21.917,84.083,25.6,1011.0,82.01
1994-09-30T21:00:00,42886099999,JHARSUGUDA / VEER SURENDRA SAI,21.917,84.083,24.6,1010.3,86.52
1994-10-01T00:00:00,42886099999,JHARSUGUDA / VEER SURENDRA SAI,21.917,84.083,23.8,1010.6,91.32
1994-10-01T03:00:00,42886099999,JHARSUGUDA / VEER SURENDRA SAI,21.917,84.083,27.6,1012.5,72.9
1994-10-01T09:00:00,42886099999,JHARSUGUDA / VEER SURENDRA SAI,21.917,84.083,32.8,1008.3,52.47
1994-10-01T15:00:00,42886099999,JHARSUGUDA / VEER SURENDRA SAI,21.917,84.083,28.4,1010.0,76.18
1994-10-01T18:00:00,42886099999,JHARSUGUDA / VEER SURENDRA SAI,21.917,84.083,26.6,1009.9,85.67
1994-10-01T21:00:00,42886099999,JHARSUGUDA / VEER SURENDRA SAI,21.917,84.083,26.0,1009.9,88.76
1994-10-02T00:00:00,42886099999,JHARSUGUDA / VEER SURENDRA SAI,21.917,84.083,25.0,1009.6,89.76
1994-10-02T03:00:00,42886099999,JHARSUGUDA / VEER SURENDRA SAI,21.917,84.083,28.0,1011.4,78.45
1994-10-02T06:00:00,42886099999,JHARSUGUDA / VEER SURENDRA SAI,21.917,84.083,30.4,1010.0,65.07
1994-10-02T09:00:00,42886099999,JHARSUGUDA / VEER SURENDRA SAI,21.917,84.083,30.0,1010.0,66.58
1994-10-02T12:00:00,42886099999,JHARSUGUDA / VEER SURENDRA SAI,21.917,84.083,25.4,1007.9,88.18
1994-10-02T15:00:00,42886099999,JHARSUGUDA / VEER SURENDRA SAI,21.917,84.083,26.4,1009.2,88.79
1994-10-02T18:00:00,42886099999,JHARSUGUDA / VEER SURENDRA SAI,21.917,84.083,26.0,1009.2,88.76
1994-10-02T21:00:00,42886099999,JHARSUGUDA / VEER SURENDRA SAI,21.917,84.083,25.4,1008.1,90.33
1994-10-03T00:00:00,42886099999,JHARSUGUDA / VEER SURENDRA SAI,21.917,84.083,24.8,1008.6,93.06
1994-10-03T03:00:00,42886099999,JHARSUGUDA / VEER SURENDRA SAI,21.917,84.083,27.0,1010.7,82.68
1994-10-03T09:00:00,42886099999,JHARSUGUDA / VEER SURENDRA SAI,21.917,84.083,27.6,1003.5,87.31
1994-10-03T12:00:00,42886099999,JHARSUGUDA / VEER SURENDRA SAI,21.917,84.083,28.6,1006.8,67.94
1994-10-03T15:00:00,42886099999,JHARSUGUDA / VEER SURENDRA SAI,21.917,84.083,26.6,1008.9,79.69
1994-10-03T18:00:00,42886099999,JHARSUGUDA / VEER SURENDRA SAI,21.917,84.083,26.0,1008.9,82.56
1994-10-03T21:00:00,42886099999,JHARSUGUDA / VEER SURENDRA SAI,21.917,84.083,28.6,,
1994-10-04T03:00:00,42886099999,JHARSUGUDA / VEER SURENDRA SAI,21.917,84.083,28.2,1010.2,77.54
1994-10-04T06:00:00,42886099999,JHARSUGUDA / VEER SURENDRA SAI,21.917,84.083,30.8,1009.1,65.55
1994-10-04T09:00:00,42886099999,JHARSUGUDA / VEER SURENDRA SAI,21.917,84.083,32.2,1006.1,59.09
1994-10-04T15:00:00,42886099999,JHARSUGUDA / VEER SURENDRA SAI,21.917,84.083,26.2,1009.3,84.09
1994-10-04T21:00:00,42886099999,JHARSUGUDA / VEER SURENDRA SAI,21.917,84.083,25.2,1008.1,91.41
1994-10-05T03:00:00,42886099999,JHARSUGUDA / VEER SURENDRA SAI,21.917,84.083,24.8,1010.7,93.06
1994-10-05T06:00:00,42886099999,JHARSUGUDA / VEER SURENDRA SAI,21.917,84.083,19.6,1008.9,
1994-10-05T09:00:00,42886099999,JHARSUGUDA / VEER SURENDRA SAI,21.917,84.083,24.4,1007.5,93.04
1994-10-05T12:00:00,42886099999,JHARSUGUDA / VEER SURENDRA SAI,21.917,84.083,24.4,1007.5,94.74
1994-10-05T15:00:00,42886099999,JHARSUGUDA / VEER SURENDRA SAI,21.917,84.083,24.4,1009.1,94.74
1994-10-05T18:00:00,42886099999,JHARSUGUDA / VEER SURENDRA SAI,21.917,84.083,24.4,1009.0,94.74
1994-10-06T00:00:00,42886099999,JHARSUGUDA / VEER SURENDRA SAI,21.917,84.083,24.2,1009.1,95.88
1994-10-06T03:00:00,42886099999,JHARSUGUDA / VEER SURENDRA SAI,21.917,84.083,25.6,1010.7,88.73
1994-10-06T06:00:00,42886099999,JHARSUGUDA / VEER SURENDRA SAI,21.917,84.083,24.2,1009.1,95.88
1994-10-06T09:00:00,42886099999,JHARSUGUDA / VEER SURENDRA SAI,21.917,84.083,29.0,1007.3,70.96
1994-10-06T12:00:00,42886099999,JHARSUGUDA / VEER SURENDRA SAI,21.917,84.083,26.6,1007.4,78.25
1994-10-06T18:00:00,42886099999,JHARSUGUDA / VEER SURENDRA SAI,21.917,84.083,25.0,1010.4,84.99
1994-10-07T00:00:00,42886099999,JHARSUGUDA / VEER SURENDRA SAI,21.917,84.083,23.8,1008.6,91.32
1994-10-08T00:00:00,42886099999,JHARSUGUDA / VEER SURENDRA SAI,21.917,84.083,24.8,1006.5,88.13
1994-10-08T03:00:00,42886099999,JHARSUGUDA / VEER SURENDRA SAI,21.917,84.083,26.8,1007.9,84.16
1994-10-08T09:00:00,42886099999,JHARSUGUDA / VEER SURENDRA SAI,21.917,84.083,29.8,1004.7,67.35
1994-10-08T12:00:00,42886099999,JHARSUGUDA / VEER SURENDRA SAI,21.917,84.083,26.0,1004.6,92.01
1994-10-08T15:00:00,42886099999,JHARSUGUDA / VEER SURENDRA SAI,21.917,84.083,26.0,1006.3,88.76
1994-10-08T18:00:00,42886099999,JHARSUGUDA / VEER SURENDRA SAI,21.917,84.083,26.0,1006.3,88.76
1994-10-09T00:00:00,42886099999,JHARSUGUDA / VEER SURENDRA SAI,21.917,84.083,24.4,1007.6,94.74
1994-10-09T03:00:00,42886099999,JHARSUGUDA / VEER SURENDRA SAI,21.917,84.083,25.4,1010.1,86.59
1994-10-09T06:00:00,42886099999,JHARSUGUDA / VEER SURENDRA SAI,21.917,84.083,28.0,1009.6,77.51
1994-10-09T09:00:00,42886099999,JHARSUGUDA / VEER SURENDRA SAI,21.917,84.083,30.0,1007.2,70.29
1994-10-09T18:00:00,42886099999,JHARSUGUDA / VEER SURENDRA SAI,21.917,84.083,25.2,1009.4,91.41
1994-10-09T21:00:00,42886099999,JHARSUGUDA / VEER SURENDRA SAI,21.917,84.083,24.0,1008.9,94.72
1994-10-10T00:00:00,42886099999,JHARSUGUDA / VEER SURENDRA SAI,21.917,84.083,23.4,1010.1,94.7
1994-10-10T03:00:00,42886099999,JHARSUGUDA / VEER SURENDRA SAI,21.917,84.083,26.6,1012.1,78.25
1994-10-10T09:00:00,42886099999,JHARSUGUDA / VEER SURENDRA SAI,21.917,84.083,31.2,1008.6,57.44
1994-10-10T12:00:00,42886099999,JHARSUGUDA / VEER SURENDRA SAI,21.917,84.083,30.4,1008.5,60.13
1994-10-10T15:00:00,42886099999,JHARSUGUDA / VEER SURENDRA SAI,21.917,84.083,26.8,1010.1,76.86
1994-10-11T00:00:00,42886099999,JHARSUGUDA / VEER SURENDRA SAI,21.917,84.083,23.0,1011.4,94.68
1994-10-11T03:00:00,42886099999,JHARSUGUDA / VEER SURENDRA SAI,21.917,84.083,26.6,1012.6,81.15
1994-10-11T06:00:00,42886099999,JHARSUGUDA / VEER SURENDRA SAI,21.917,84.083,30.6,1011.4,49.7
1994-10-11T09:00:00,42886099999,JHARSUGUDA / VEER SURENDRA SAI,21.917,84.083,32.4,1009.0,33.06
1994-10-11T12:00:00,42886099999,JHARSUGUDA / VEER SURENDRA SAI,21.917,84.083,29.4,1009.4,57.01
1994-10-11T15:00:00,42886099999,JHARSUGUDA / VEER SURENDRA SAI,21.917,84.083,26.4,1011.3,72.24
1994-10-11T18:00:00,42886099999,JHARSUGUDA / VEER SURENDRA SAI,21.917,84.083,24.8,1011.3,83.43
1994-10-11T21:00:00,42886099999,JHARSUGUDA / VEER SURENDRA SAI,21.917,84.083,23.8,1015.5,93.57
1994-10-12T00:00:00,42886099999,JHARSUGUDA / VEER SURENDRA SAI,21.917,84.083,21.6,1011.0,92.89
1994-10-12T03:00:00,42886099999,JHARSUGUDA / VEER SURENDRA SAI,21.917,84.083,25.4,1013.0,74.33
1994-10-12T06:00:00,42886099999,JHARSUGUDA / VEER SURENDRA SAI,21.917,84.083,31.0,1011.6,53.65
1994-10-12T09:00:00,42886099999,JHARSUGUDA / VEER SURENDRA SAI,21.917,84.083,32.2,1009.7,50.42
1994-10-12T12:00:00,42886099999,JHARSUGUDA / VEER SURENDRA SAI,21.917,84.083,30.4,1009.2,61.61
1994-10-12T15:00:00,42886099999,JHARSUGUDA / VEER SURENDRA SAI,21.917,84.083,26.0,1011.9,77.69
1994-10-12T18:00:00,42886099999,JHARSUGUDA / VEER SURENDRA SAI,21.917,84.083,23.8,1011.5,86.44
1994-10-13T00:00:00,42886099999,JHARSUGUDA / VEER SURENDRA SAI,21.917,84.083,21.4,1011.7,88.94
1994-10-13T03:00:00,42886099999,JHARSUGUDA / VEER SURENDRA SAI,21.917,84.083,24.8,1013.7,81.91
1994-10-13T06:00:00,42886099999,JHARSUGUDA / VEER SURENDRA SAI,21.917,84.083,29.4,1012.9,48.46
1994-10-13T09:00:00,42886099999,JHARSUGUDA / VEER SURENDRA SAI,21.917,84.083,32.4,1009.7,39.81
1994-10-13T12:00:00,42886099999,JHARSUGUDA / VEER SURENDRA SAI,21.917,84.083,30.6,1009.3,54.55
1994-10-13T15:00:00,42886099999,JHARSUGUDA / VEER SURENDRA SAI,21.917,84.083,26.6,1011.5,59.63
1994-10-14T00:00:00,42886099999,JHARSUGUDA / VEER SURENDRA SAI,21.917,84.083,21.6,1011.6,92.89
1994-10-14T03:00:00,42886099999,JHARSUGUDA / VEER SURENDRA SAI,21.917,84.083,26.4,1013.1,72.24
1994-10-14T06:00:00,42886099999,JHARSUGUDA / VEER SURENDRA SAI,21.917,84.083,30.0,1012.4,51.44
1994-10-14T09:00:00,42886099999,JHARSUGUDA / VEER SURENDRA SAI,21.917,84.083,32.0,1009.8,38.46
1994-10-14T12:00:00,42886099999,JHARSUGUDA / VEER SURENDRA SAI,21.917,84.083,29.4,1009.8,63.3
1994-10-14T15:00:00,42886099999,JHARSUGUDA / VEER SURENDRA SAI,21.917,84.083,26.8,1011.4,75.01
1994-10-14T18:00:00,42886099999,JHARSUGUDA / VEER SURENDRA SAI,21.917,84.083,25.2,1011.6,86.57
1994-10-14T21:00:00,42886099999,JHARSUGUDA / VEER SURENDRA SAI,21.917,84.083,24.4,1010.9,86.5
1994-10-15T00:00:00,42886099999,JHARSUGUDA / VEER SURENDRA SAI,21.917,84.083,23.6,1011.5,88.03
1994-10-15T03:00:00,42886099999,JHARSUGUDA / VEER SURENDRA SAI,21.917,84.083,26.0,1013.4,82.56
1994-10-15T06:00:00,42886099999,JHARSUGUDA / VEER SURENDRA SAI,21.917,84.083,30.2,1012.3,55.13
1994-10-15T09:00:00,42886099999,JHARSUGUDA / VEER SURENDRA SAI,21.917,84.083,32.0,1009.4,83.25
1994-10-15T12:00:00,42886099999,JHARSUGUDA / VEER SURENDRA SAI,21.917,84.083,30.2,1012.3,55.13
1994-10-15T15:00:00,42886099999,JHARSUGUDA / VEER SURENDRA SAI,21.917,84.083,27.4,1011.7,72.86
1994-10-15T18:00:00,42886099999,JHARSUGUDA / VEER SURENDRA SAI,21.917,84.083,25.6,1011.6,77.63
1994-10-16T00:00:00,42886099999,JHARSUGUDA / VEER SURENDRA SAI,21.917,84.083,23.0,1011.6,85.84
1994-10-16T03:00:00,42886099999,JHARSUGUDA / VEER SURENDRA SAI,21.917,84.083,26.6,1013.7,47.41
1994-10-16T06:00:00,42886099999,JHARSUGUDA / VEER SURENDRA SAI,21.917,84.083,20.2,1012.8,78.29
1994-10-16T09:00:00,42886099999,JHARSUGUDA / VEER SURENDRA SAI,21.917,84.083,31.4,1009.8,40.82
1994-10-16T12:00:00,42886099999,JHARSUGUDA / VEER SURENDRA SAI,21.917,84.083,29.0,1010.2,57.99
1994-10-16T15:00:00,42886099999,JHARSUGUDA / VEER SURENDRA SAI,21.917,84.083,26.8,1012.5,58.56
1994-10-17T00:00:00,42886099999,JHARSUGUDA / VEER SURENDRA SAI,21.917,84.083,21.0,1014.1,83.51
1994-10-17T03:00:00,42886099999,JHARSUGUDA / VEER SURENDRA SAI,21.917,84.083,25.0,1015.7,63.93
1994-10-17T06:00:00,42886099999,JHARSUGUDA / VEER SURENDRA SAI,21.917,84.083,29.0,1014.1,43.39
1994-10-17T09:00:00,42886099999,JHARSUGUDA / VEER SURENDRA SAI,21.917,84.083,31.0,1011.2,39.18
1994-10-17T12:00:00,42886099999,JHARSUGUDA / VEER SURENDRA SAI,21.917,84.083,28.0,1011.8,54.58
1994-10-17T15:00:00,42886099999,JHARSUGUDA / VEER SURENDRA SAI,21.917,84.083,25.8,1013.0,63.3
1994-10-17T18:00:00,42886099999,JHARSUGUDA / VEER SURENDRA SAI,21.917,84.083,23.4,,81.24
1994-10-18T00:00:00,42886099999,JHARSUGUDA / VEER SURENDRA SAI,21.917,84.083,20.6,1014.0,85.06
1994-10-18T03:00:00,42886099999,JHARSUGUDA / VEER SURENDRA SAI,21.917,84.083,24.4,1016.5,59.11
1994-10-18T06:00:00,42886099999,JHARSUGUDA / VEER SURENDRA SAI,21.917,84.083,29.4,1015.5,36.29
1994-10-18T09:00:00,42886099999,JHARSUGUDA / VEER SURENDRA SAI,21.917,84.083,30.4,1013.1,38.51
1994-10-18T12:00:00,42886099999,JHARSUGUDA / VEER SURENDRA SAI,21.917,84.083,28.0,1013.3,51.9
1994-10-18T15:00:00,42886099999,JHARSUGUDA / VEER SURENDRA SAI,21.917,84.083,25.2,1015.2,69.83
1994-10-18T21:00:00,42886099999,JHARSUGUDA / VEER SURENDRA SAI,21.917,84.083,22.2,1014.6,85.76
1994-10-19T00:00:00,42886099999,JHARSUGUDA / VEER SURENDRA SAI,21.917,84.083,21.4,1015.1,87.29
1994-10-19T06:00:00,42886099999,JHARSUGUDA / VEER SURENDRA SAI,21.917,84.083,28.4,1015.8,57.49
1994-10-19T09:00:00,42886099999,JHARSUGUDA / VEER SURENDRA SAI,21.917,84.083,29.6,1012.1,60.69
1994-10-19T12:00:00,42886099999,JHARSUGUDA / VEER SURENDRA SAI,21.917,84.083,29.0,1012.0,61.68
1994-10-19T15:00:00,42886099999,JHARSUGUDA / VEER SURENDRA SAI,21.917,84.083,27.0,1015.1,79.74
1994-10-19T18:00:00,42886099999,JHARSUGUDA / VEER SURENDRA SAI,21.917,84.083,24.4,1014.5,86.5
1994-10-20T00:00:00,42886099999,JHARSUGUDA / VEER SURENDRA SAI,21.917,84.083,23.4,1014.0,88.01
1994-10-20T03:00:00,42886099999,JHARSUGUDA / VEER SURENDRA SAI,21.917,84.083,25.6,1017.2,83.52
1994-10-20T06:00:00,42886099999,JHARSUGUDA / VEER SURENDRA SAI,21.917,84.083,29.4,1014.3,64.47
1994-10-20T09:00:00,42886099999,JHARSUGUDA / VEER SURENDRA SAI,21.917,84.083,31.0,1010.6,57.04
1994-10-20T12:00:00,42886099999,JHARSUGUDA / VEER SURENDRA SAI,21.917,84.083,25.6,1012.2,73.0
1994-10-20T15:00:00,42886099999,JHARSUGUDA / VEER SURENDRA SAI,21.917,84.083,22.8,1014.8,94.67
1994-10-21T00:00:00,42886099999,JHARSUGUDA / VEER SURENDRA SAI,21.917,84.083,23.4,1014.1,94.7
1994-10-21T03:00:00,42886099999,JHARSUGUDA / VEER SURENDRA SAI,21.917,84.083,25.0,1015.9,79.47
1994-10-21T06:00:00,42886099999,JHARSUGUDA / VEER SURENDRA SAI,21.917,84.083,27.8,1014.0,68.62
1994-10-21T09:00:00,42886099999,JHARSUGUDA / VEER SURENDRA SAI,21.917,84.083,30.0,1011.3,60.04
1994-10-21T12:00:00,42886099999,JHARSUGUDA / VEER SURENDRA SAI,21.917,84.083,28.8,1010.7,73.54
1994-10-21T18:00:00,42886099999,JHARSUGUDA / VEER SURENDRA SAI,21.917,84.083,23.0,1014.0,94.68
1994-10-22T00:00:00,42886099999,JHARSUGUDA / VEER SURENDRA SAI,21.917,84.083,22.4,1014.0,94.66
1994-10-22T03:00:00,42886099999,JHARSUGUDA / VEER SURENDRA SAI,21.917,84.083,24.0,1015.6,89.69
1994-10-22T06:00:00,42886099999,JHARSUGUDA / VEER SURENDRA SAI,21.917,84.083,28.4,1013.7,66.26
1994-10-22T09:00:00,42886099999,JHARSUGUDA / VEER SURENDRA SAI,21.917,84.083,30.4,1010.5,60.13
1994-10-22T12:00:00,42886099999,JHARSUGUDA / VEER SURENDRA SAI,21.917,84.083,27.4,1010.8,74.2
1994-10-23T00:00:00,42886099999,JHARSUGUDA / VEER SURENDRA SAI,21.917,84.083,22.8,1014.1,94.67
1994-10-23T03:00:00,42886099999,JHARSUGUDA / VEER SURENDRA SAI,21.917,84.083,25.0,1015.8,77.06
1994-10-23T06:00:00,42886099999,JHARSUGUDA / VEER SURENDRA SAI,21.917,84.083,28.8,1013.9,61.63
1994-10-23T09:00:00,42886099999,JHARSUGUDA / VEER SURENDRA SAI,21.917,84.083,20.6,1011.1,94.59
1994-10-23T12:00:00,42886099999,JHARSUGUDA / VEER SURENDRA SAI,21.917,84.083,28.4,1011.1,69.15
1994-10-23T15:00:00,42886099999,JHARSUGUDA / VEER SURENDRA SAI,21.917,84.083,25.6,1012.7,79.07
1994-10-23T18:00:00,42886099999,JHARSUGUDA / VEER SURENDRA SAI,21.917,84.083,24.2,1013.3,86.48
1994-10-24T00:00:00,42886099999,JHARSUGUDA / VEER SURENDRA SAI,21.917,84.083,23.0,1014.1,92.96
1994-10-24T03:00:00,42886099999,JHARSUGUDA / VEER SURENDRA SAI,21.917,84.083,26.4,1016.0,77.74
1994-10-24T06:00:00,42886099999,JHARSUGUDA / VEER SURENDRA SAI,21.917,84.083,29.2,1014.0,64.43
1994-10-24T09:00:00,42886099999,JHARSUGUDA / VEER SURENDRA SAI,21.917,84.083,30.4,1010.8,59.03
1994-10-24T12:00:00,42886099999,JHARSUGUDA / VEER SURENDRA SAI,21.917,84.083,28.0,1011.4,70.35
1994-10-24T15:00:00,42886099999,JHARSUGUDA / VEER SURENDRA SAI,21.917,84.083,25.8,1013.1,79.09
1994-10-25T00:00:00,42886099999,JHARSUGUDA / VEER SURENDRA SAI,21.917,84.083,22.4,1013.3,91.24
1994-10-25T03:00:00,42886099999,JHARSUGUDA / VEER SURENDRA SAI,21.917,84.083,25.6,1014.9,77.63
1994-10-25T06:00:00,42886099999,JHARSUGUDA / VEER SURENDRA SAI,21.917,84.083,28.6,1013.5,66.3
1994-10-25T09:00:00,42886099999,JHARSUGUDA / VEER SURENDRA SAI,21.917,84.083,30.6,1010.3,55.57
1994-10-25T12:00:00,42886099999,JHARSUGUDA / VEER SURENDRA SAI,21.917,84.083,29.0,1010.3,65.58
1994-10-25T15:00:00,42886099999,JHARSUGUDA / VEER SURENDRA SAI,21.917,84.083,26.0,1012.3,82.56
1994-10-25T18:00:00,42886099999,JHARSUGUDA / VEER SURENDRA SAI,21.917,84.083,24.6,1012.5,88.11
1994-10-25T21:00:00,42886099999,JHARSUGUDA / VEER SURENDRA SAI,21.917,84.083,23.8,1012.6,89.67
1994-10-26T00:00:00,42886099999,JHARSUGUDA / VEER SURENDRA SAI,21.917,84.083,23.0,1012.9,92.96
1994-10-26T06:00:00,42886099999,JHARSUGUDA / VEER SURENDRA SAI,21.917,84.083,29.6,1012.9,59.58
1994-10-26T12:00:00,42886099999,JHARSUGUDA / VEER SURENDRA SAI,21.917,84.083,28.8,1010.3,63.95
1994-10-26T15:00:00,42886099999,JHARSUGUDA / VEER SURENDRA SAI,21.917,84.083,26.4,1011.8,76.34
1994-10-27T00:00:00,42886099999,JHARSUGUDA / VEER SURENDRA SAI,21.917,84.083,21.6,1012.4,92.89
1994-10-27T03:00:00,42886099999,JHARSUGUDA / VEER SURENDRA SAI,21.917,84.083,25.6,1014.4,76.21
1994-10-27T06:00:00,42886099999,JHARSUGUDA / VEER SURENDRA SAI,21.917,84.083,30.6,1012.8,60.54
1994-10-27T09:00:00,42886099999,JHARSUGUDA / VEER SURENDRA SAI,21.917,84.083,31.0,1011.2,51.37
1994-10-27T12:00:00,42886099999,JHARSUGUDA / VEER SURENDRA SAI,21.917,84.083,28.8,1010.7,55.13
1994-10-27T15:00:00,42886099999,JHARSUGUDA / VEER SURENDRA SAI,21.917,84.083,26.0,1012.7,74.88
1994-10-27T21:00:00,42886099999,JHARSUGUDA / VEER SURENDRA SAI,21.917,84.083,22.6,1013.0,87.4
1994-10-28T00:00:00,42886099999,JHARSUGUDA / VEER SURENDRA SAI,21.917,84.083,21.4,1012.9,90.61
1994-10-28T03:00:00,42886099999,JHARSUGUDA / VEER SURENDRA SAI,21.917,84.083,24.0,1014.5,81.31
1994-10-28T06:00:00,42886099999,JHARSUGUDA / VEER SURENDRA SAI,21.917,84.083,21.4,1012.9,90.61
1994-10-28T09:00:00,42886099999,JHARSUGUDA / VEER SURENDRA SAI,21.917,84.083,31.4,1011.1,41.87
1994-10-28T12:00:00,42886099999,JHARSUGUDA / VEER SURENDRA SAI,21.917,84.083,29.4,1010.8,58.44
1994-10-28T15:00:00,42886099999,JHARSUGUDA / VEER SURENDRA SAI,21.917,84.083,26.8,1012.8,72.31
1994-10-28T18:00:00,42886099999,JHARSUGUDA / VEER SURENDRA SAI,21.917,84.083,25.2,1013.1,83.48
1994-10-29T00:00:00,42886099999,JHARSUGUDA / VEER SURENDRA SAI,21.917,84.083,23.2,1013.0,91.29
1994-10-29T03:00:00,42886099999,JHARSUGUDA / VEER SURENDRA SAI,21.917,84.083,27.2,1014.7,71.07
1994-10-29T06:00:00,42886099999,JHARSUGUDA / VEER SURENDRA SAI,21.917,84.083,30.4,1013.8,50.9
1994-10-29T09:00:00,42886099999,JHARSUGUDA / VEER SURENDRA SAI,21.917,84.083,31.6,1010.5,43.27
1994-10-29T12:00:00,42886099999,JHARSUGUDA / VEER SURENDRA SAI,21.917,84.083,29.0,1011.2,60.55
1994-10-29T15:00:00,42886099999,JHARSUGUDA / VEER SURENDRA SAI,21.917,84.083,27.0,1013.6,79.74
1994-10-29T18:00:00,42886099999,JHARSUGUDA / VEER SURENDRA SAI,21.917,84.083,25.2,1013.7,85.01
1994-10-30T00:00:00,42886099999,JHARSUGUDA / VEER SURENDRA SAI,21.917,84.083,23.2,1013.7,84.28
1994-10-30T03:00:00,42886099999,JHARSUGUDA / VEER SURENDRA SAI,21.917,84.083,24.4,1015.7,81.86
1994-10-30T06:00:00,42886099999,JHARSUGUDA / VEER SURENDRA SAI,21.917,84.083,31.0,1014.5,44.77
1994-10-30T12:00:00,42886099999,JHARSUGUDA / VEER SURENDRA SAI,21.917,84.083,28.6,1012.8,48.86
1994-10-30T15:00:00,42886099999,JHARSUGUDA / VEER SURENDRA SAI,21.917,84.083,25.4,1015.5,61.25
1994-10-30T18:00:00,42886099999,JHARSUGUDA / VEER SURENDRA SAI,21.917,84.083,28.6,1012.8,48.86
1994-10-31T00:00:00,42886099999,JHARSUGUDA / VEER SURENDRA SAI,21.917,84.083,21.0,1016.2,88.91
1994-10-31T03:00:00,42886099999,JHARSUGUDA / VEER SURENDRA SAI,21.917,84.083,24.4,1018.2,
1994-10-31T06:00:00,42886099999,JHARSUGUDA / VEER SURENDRA SAI,21.917,84.083,29.6,1016.5,48.82
1994-10-31T09:00:00,42886099999,JHARSUGUDA / VEER SURENDRA SAI,21.917,84.083,30.0,1013.3,33.71
1994-10-31T12:00:00,42886099999,JHARSUGUDA / VEER SURENDRA SAI,21.917,84.083,27.4,1015.3,48.86
1994-10-31T15:00:00,42886099999,JHARSUGUDA / VEER SURENDRA SAI,21.917,84.083,29.2,1016.6,51.88
1994-11-01T00:00:00,42886099999,JHARSUGUDA / VEER SURENDRA SAI,21.917,84.083,21.4,1016.4,87.29
1994-11-01T03:00:00,42886099999,JHARSUGUDA / VEER SURENDRA SAI,21.917,84.083,23.4,1018.9,74.92
1994-11-01T06:00:00,42886099999,JHARSUGUDA / VEER SURENDRA SAI,21.917,84.083,26.6,1018.2,61.14
1994-11-01T09:00:00,42886099999,JHARSUGUDA / VEER SURENDRA SAI,21.917,84.083,26.8,1015.6,59.67
1994-11-01T12:00:00,42886099999,JHARSUGUDA / VEER SURENDRA SAI,21.917,84.083,25.2,1016.1,68.53
1994-11-01T15:00:00,42886099999,JHARSUGUDA / VEER SURENDRA SAI,21.917,84.083,23.6,1017.4,80.26
1994-11-01T18:00:00,42886099999,JHARSUGUDA / VEER SURENDRA SAI,21.917,84.083,23.2,1017.6,82.73
1994-11-02T00:00:00,42886099999,JHARSUGUDA / VEER SURENDRA SAI,21.917,84.083,20.6,1016.9,85.06
1994-11-02T03:00:00,42886099999,JHARSUGUDA / VEER SURENDRA SAI,21.917,84.083,20.6,1019.4,87.22
1994-11-02T06:00:00,42886099999,JHARSUGUDA / VEER SURENDRA SAI,21.917,84.083,22.6,1019.3,69.33
1994-11-02T09:00:00,42886099999,JHARSUGUDA / VEER SURENDRA SAI,21.917,84.083,23.0,1017.3,69.85
1994-11-02T12:00:00,42886099999,JHARSUGUDA / VEER SURENDRA SAI,21.917,84.083,21.0,1018.3,87.26
1994-11-02T18:00:00,42886099999,JHARSUGUDA / VEER SURENDRA SAI,21.917,84.083,20.0,1018.5,93.97
1994-11-02T21:00:00,42886099999,JHARSUGUDA / VEER SURENDRA SAI,21.917,84.083,19.6,1017.6,92.79
1994-11-03T00:00:00,42886099999,JHARSUGUDA / VEER SURENDRA SAI,21.917,84.083,19.4,1017.5,93.95
1994-11-03T06:00:00,42886099999,JHARSUGUDA / VEER SURENDRA SAI,21.917,84.083,27.0,1018.8,49.7
1994-11-03T09:00:00,42886099999,JHARSUGUDA / VEER SURENDRA SAI,21.917,84.083,26.4,1015.9,55.58
1994-11-03T12:00:00,42886099999,JHARSUGUDA / VEER SURENDRA SAI,21.917,84.083,24.8,1016.7,68.03
1994-11-04T06:00:00,42886099999,JHARSUGUDA / VEER SURENDRA SAI,21.917,84.083,28.2,1019.0,57.08
1994-11-04T09:00:00,42886099999,JHARSUGUDA / VEER SURENDRA SAI,21.917,84.083,29.4,1015.7,52.26
1994-11-04T12:00:00,42886099999,JHARSUGUDA / VEER SURENDRA SAI,21.917,84.083,25.4,1016.8,74.33
1994-11-04T15:00:00,42886099999,JHARSUGUDA / VEER SURENDRA SAI,21.917,84.083,24.6,1017.7,81.89
1994-11-04T18:00:00,42886099999,JHARSUGUDA / VEER SURENDRA SAI,21.917,84.083,24.4,1017.6,79.88
1994-11-05T03:00:00,42886099999,JHARSUGUDA / VEER SURENDRA SAI,21.917,84.083,24.4,1019.4,81.86
1994-11-05T06:00:00,42886099999,JHARSUGUDA / VEER SURENDRA SAI,21.917,84.083,28.0,1017.7,60.7
1994-11-05T12:00:00,42886099999,JHARSUGUDA / VEER SURENDRA SAI,21.917,84.083,26.4,1014.9,70.49
1994-11-05T15:00:00,42886099999,JHARSUGUDA / VEER SURENDRA SAI,21.917,84.083,24.6,1016.8,81.89
1994-11-05T23:00:00,42886099999,JHARSUGUDA / VEER SURENDRA SAI,21.917,84.083,,1016.2,
1994-11-06T00:00:00,42886099999,JHARSUGUDA / VEER SURENDRA SAI,21.917,84.083,21.6,1016.4,92.89
1994-11-06T03:00:00,42886099999,JHARSUGUDA / VEER SURENDRA SAI,21.917,84.083,25.0,1018.2,77.06
1994-11-06T06:00:00,42886099999,JHARSUGUDA / VEER SURENDRA SAI,21.917,84.083,29.2,1016.9,58.03
1994-11-06T09:00:00,42886099999,JHARSUGUDA / VEER SURENDRA SAI,21.917,84.083,29.0,1014.1,56.57
1994-11-06T12:00:00,42886099999,JHARSUGUDA / VEER SURENDRA SAI,21.917,84.083,21.4,1016.2,96.38
1994-11-06T15:00:00,42886099999,JHARSUGUDA / VEER SURENDRA SAI,21.917,84.083,21.2,1017.9,90.6
1994-11-06T18:00:00,42886099999,JHARSUGUDA / VEER SURENDRA SAI,21.917,84.083,20.4,1017.4,98.16
1994-11-07T00:00:00,42886099999,JHARSUGUDA / VEER SURENDRA SAI,21.917,84.083,19.4,1016.9,96.33
1994-11-07T03:00:00,42886099999,JHARSUGUDA / VEER SURENDRA SAI,21.917,84.083,23.0,1018.5,81.19
1994-11-07T09:00:00,42886099999,JHARSUGUDA / VEER SURENDRA SAI,21.917,84.083,29.0,1013.5,56.57
1994-11-07T12:00:00,42886099999,JHARSUGUDA / VEER SURENDRA SAI,21.917,84.083,26.6,1013.9,66.71
1994-11-07T18:00:00,42886099999,JHARSUGUDA / VEER SURENDRA SAI,21.917,84.083,21.6,1016.6,88.95
1994-11-07T21:00:00,42886099999,JHARSUGUDA / VEER SURENDRA SAI,21.917,84.083,21.0,1016.4,91.72
1994-11-08T00:00:00,42886099999,JHARSUGUDA / VEER SURENDRA SAI,21.917,84.083,20.4,1016.7,92.25
1994-11-08T03:00:00,42886099999,JHARSUGUDA / VEER SURENDRA SAI,21.917,84.083,23.0,1018.9,76.28
1994-11-08T06:00:00,42886099999,JHARSUGUDA / VEER SURENDRA SAI,21.917,84.083,27.2,1017.4,58.65
1994-11-08T09:00:00,42886099999,JHARSUGUDA / VEER SURENDRA SAI,21.917,84.083,20.4,1016.7,92.25
1994-11-08T12:00:00,42886099999,JHARSUGUDA / VEER SURENDRA SAI,21.917,84.083,24.0,1016.1,70.48
1994-11-08T18:00:00,42886099999,JHARSUGUDA / VEER SURENDRA SAI,21.917,84.083,21.6,1017.8,88.95
1994-11-08T21:00:00,42886099999,JHARSUGUDA / VEER SURENDRA SAI,21.917,84.083,20.6,1017.2,88.87
1994-11-09T00:00:00,42886099999,JHARSUGUDA / VEER SURENDRA SAI,21.917,84.083,19.6,1017.5,92.21
1994-11-09T03:00:00,42886099999,JHARSUGUDA / VEER SURENDRA SAI,21.917,84.083,22.6,1018.3,79.13
1994-11-09T06:00:00,42886099999,JHARSUGUDA / VEER SURENDRA SAI,21.917,84.083,27.4,1017.8,
1994-11-09T09:00:00,42886099999,JHARSUGUDA / VEER SURENDRA SAI,21.917,84.083,29.0,1014.9,46.84
1994-11-09T12:00:00,42886099999,JHARSUGUDA / VEER SURENDRA SAI,21.917,84.083,25.4,1015.8,65.64
1994-11-09T15:00:00,42886099999,JHARSUGUDA / VEER SURENDRA SAI,21.917,84.083,23.6,1017.9,65.68
1994-11-10T00:00:00,42886099999,JHARSUGUDA / VEER SURENDRA SAI,21.917,84.083,19.0,1017.8,92.17
1994-11-10T03:00:00,42886099999,JHARSUGUDA / VEER SURENDRA SAI,21.917,84.083,23.0,1019.8,74.39
1994-11-10T06:00:00,42886099999,JHARSUGUDA / VEER SURENDRA SAI,21.917,84.083,28.0,1018.2,50.6
1994-11-10T09:00:00,42886099999,JHARSUGUDA / VEER SURENDRA SAI,21.917,84.083,29.4,1015.0,39.49
1994-11-10T12:00:00,42886099999,JHARSUGUDA / VEER SURENDRA SAI,21.917,84.083,26.4,1015.6,58.1
1994-11-10T15:00:00,42886099999,JHARSUGUDA / VEER SURENDRA SAI,21.917,84.083,23.6,1017.4,73.11
1994-11-11T00:00:00,42886099999,JHARSUGUDA / VEER SURENDRA SAI,21.917,84.083,19.2,1015.5,90.46
1994-11-11T03:00:00,42886099999,JHARSUGUDA / VEER SURENDRA SAI,21.917,84.083,22.4,1017.2,82.64
1994-11-11T06:00:00,42886099999,JHARSUGUDA / VEER SURENDRA SAI,21.917,84.083,28.0,1015.0,49.33
1994-11-11T09:00:00,42886099999,JHARSUGUDA / VEER SURENDRA SAI,21.917,84.083,29.8,1012.0,42.23
1994-11-11T12:00:00,42886099999,JHARSUGUDA / VEER SURENDRA SAI,21.917,84.083,26.4,1012.1,52.82
1994-11-11T15:00:00,42886099999,JHARSUGUDA / VEER SURENDRA SAI,21.917,84.083,22.6,1014.3,79.13
1994-11-12T00:00:00,42886099999,JHARSUGUDA / VEER SURENDRA SAI,21.917,84.083,18.6,1014.2,93.91
1994-11-12T03:00:00,42886099999,JHARSUGUDA / VEER SURENDRA SAI,21.917,84.083,22.4,1015.8,69.29
1994-11-12T06:00:00,42886099999,JHARSUGUDA / VEER SURENDRA SAI,21.917,84.083,28.0,1014.2,48.09
1994-11-12T09:00:00,42886099999,JHARSUGUDA / VEER SURENDRA SAI,21.917,84.083,30.2,1011.0,38.21
1994-11-12T12:00:00,42886099999,JHARSUGUDA / VEER SURENDRA SAI,21.917,84.083,28.0,1014.2,48.09
1994-11-12T15:00:00,42886099999,JHARSUGUDA / VEER SURENDRA SAI,21.917,84.083,24.0,1013.3,65.76
1994-11-13T00:00:00,42886099999,JHARSUGUDA / VEER SURENDRA SAI,21.917,84.083,29.0,1014.3,46.25
1994-11-13T03:00:00,42886099999,JHARSUGUDA / VEER SURENDRA SAI,21.917,84.083,23.0,1016.8,76.28
1994-11-13T09:00:00,42886099999,JHARSUGUDA / VEER SURENDRA SAI,21.917,84.083,29.8,1011.8,47.96
1994-11-13T12:00:00,42886099999,JHARSUGUDA / VEER SURENDRA SAI,21.917,84.083,26.0,1013.0,60.62
1994-11-13T15:00:00,42886099999,JHARSUGUDA / VEER SURENDRA SAI,21.917,84.083,21.4,1015.2,71.8
1994-11-14T00:00:00,42886099999,JHARSUGUDA / VEER SURENDRA SAI,21.917,84.083,17.6,1015.5,88.07
1994-11-14T06:00:00,42886099999,JHARSUGUDA / VEER SURENDRA SAI,21.917,84.083,27.4,1015.5,53.75
1994-11-14T09:00:00,42886099999,JHARSUGUDA / VEER SURENDRA SAI,21.917,84.083,29.4,1012.1,45.19
1994-11-14T12:00:00,42886099999,JHARSUGUDA / VEER SURENDRA SAI,21.917,84.083,26.4,1012.6,55.58
1994-11-14T15:00:00,42886099999,JHARSUGUDA / VEER SURENDRA SAI,21.917,84.083,23.0,1015.2,71.18
1994-11-14T21:00:00,42886099999,JHARSUGUDA / VEER SURENDRA SAI,21.917,84.083,20.0,1016.1,86.62
1994-11-15T00:00:00,42886099999,JHARSUGUDA / VEER SURENDRA SAI,21.917,84.083,18.8,1016.6,88.17
1994-11-15T03:00:00,42886099999,JHARSUGUDA / VEER SURENDRA SAI,21.917,84.083,22.4,1017.9,
1994-11-15T09:00:00,42886099999,JHARSUGUDA / VEER SURENDRA SAI,21.917,84.083,29.0,1013.7,36.66
1994-11-15T12:00:00,42886099999,JHARSUGUDA / VEER SURENDRA SAI,21.917,84.083,25.8,1014.1,51.0
1994-11-15T15:00:00,42886099999,JHARSUGUDA / VEER SURENDRA SAI,21.917,84.083,23.8,1016.2,70.44
1994-11-16T00:00:00,42886099999,JHARSUGUDA / VEER SURENDRA SAI,21.917,84.083,19.2,1017.0,92.18
1994-11-16T03:00:00,42886099999,JHARSUGUDA / VEER SURENDRA SAI,21.917,84.083,22.4,1018.0,77.63
1994-11-16T06:00:00,42886099999,JHARSUGUDA / VEER SURENDRA SAI,21.917,84.083,28.0,1016.8,55.62
1994-11-16T12:00:00,42886099999,JHARSUGUDA / VEER SURENDRA SAI,21.917,84.083,26.2,1014.3,55.18
1994-11-16T15:00:00,42886099999,JHARSUGUDA / VEER SURENDRA SAI,21.917,84.083,24.4,1016.2,67.95
1994-11-16T18:00:00,42886099999,JHARSUGUDA / VEER SURENDRA SAI,21.917,84.083,22.4,1016.8,80.6
1994-11-17T00:00:00,42886099999,JHARSUGUDA / VEER SURENDRA SAI,21.917,84.083,18.8,1017.0,86.5
1994-11-17T03:00:00,42886099999,JHARSUGUDA / VEER SURENDRA SAI,21.917,84.083,21.6,1019.3,75.58
1994-11-17T06:00:00,42886099999,JHARSUGUDA / VEER SURENDRA SAI,21.917,84.083,27.0,1017.9,56.08
1994-11-17T09:00:00,42886099999,JHARSUGUDA / VEER SURENDRA SAI,21.917,84.083,29.2,1014.3,44.85
1994-11-17T12:00:00,42886099999,JHARSUGUDA / VEER SURENDRA SAI,21.917,84.083,25.6,1014.2,64.46
1994-11-17T15:00:00,42886099999,JHARSUGUDA / VEER SURENDRA SAI,21.917,84.083,22.6,1016.4,73.86
1994-11-18T00:00:00,42886099999,JHARSUGUDA / VEER SURENDRA SAI,21.917,84.083,17.4,1016.7,89.76
1994-11-18T03:00:00,42886099999,JHARSUGUDA / VEER SURENDRA SAI,21.917,84.083,20.8,1018.9,73.08
1994-11-18T06:00:00,42886099999,JHARSUGUDA / VEER SURENDRA SAI,21.917,84.083,26.2,1017.3,53.79
1994-11-18T09:00:00,42886099999,JHARSUGUDA / VEER SURENDRA SAI,21.917,84.083,27.4,1013.8,41.57
1994-11-18T12:00:00,42886099999,JHARSUGUDA / VEER SURENDRA SAI,21.917,84.083,25.0,1013.9,49.81
1994-11-18T15:00:00,42886099999,JHARSUGUDA / VEER SURENDRA SAI,21.917,84.083,21.0,1016.5,75.0
1994-11-19T00:00:00,42886099999,JHARSUGUDA / VEER SURENDRA SAI,21.917,84.083,16.4,1017.0,81.37
1994-11-19T03:00:00,42886099999,JHARSUGUDA / VEER SURENDRA SAI,21.917,84.083,19.4,1017.7,68.7
1994-11-19T06:00:00,42886099999,JHARSUGUDA / VEER SURENDRA SAI,21.917,84.083,26.4,1016.9,36.17
1994-11-19T09:00:00,42886099999,JHARSUGUDA / VEER SURENDRA SAI,21.917,84.083,27.8,1014.0,29.51
1994-11-19T12:00:00,42886099999,JHARSUGUDA / VEER SURENDRA SAI,21.917,84.083,24.4,1014.4,41.28
1994-11-19T15:00:00,42886099999,JHARSUGUDA / VEER SURENDRA SAI,21.917,84.083,19.8,1016.5,63.61
1994-11-19T18:00:00,42886099999,JHARSUGUDA / VEER SURENDRA SAI,21.917,84.083,18.6,1017.0,71.28
1994-11-20T03:00:00,42886099999,JHARSUGUDA / VEER SURENDRA SAI,21.917,84.083,17.4,1018.9,70.59
1994-11-20T06:00:00,42886099999,JHARSUGUDA / VEER SURENDRA SAI,21.917,84.083,24.8,1016.6,44.23
1994-11-20T09:00:00,42886099999,JHARSUGUDA / VEER SURENDRA SAI,21.917,84.083,27.4,1013.2,29.01
1994-11-20T12:00:00,42886099999,JHARSUGUDA / VEER SURENDRA SAI,21.917,84.083,23.8,1013.9,63.67
1994-11-20T15:00:00,42886099999,JHARSUGUDA / VEER SURENDRA SAI,21.917,84.083,20.2,1015.3,69.31
1994-11-21T00:00:00,42886099999,JHARSUGUDA / VEER SURENDRA SAI,21.917,84.083,14.2,1017.4,77.91
1994-11-21T06:00:00,42886099999,JHARSUGUDA / VEER SURENDRA SAI,21.917,84.083,25.4,1016.7,46.47
1994-11-21T09:00:00,42886099999,JHARSUGUDA / VEER SURENDRA SAI,21.917,84.083,26.8,1013.6,37.26
1994-11-21T12:00:00,42886099999,JHARSUGUDA / VEER SURENDRA SAI,21.917,84.083,23.0,1014.0,54.73
1994-11-21T15:00:00,42886099999,JHARSUGUDA / VEER SURENDRA SAI,21.917,84.083,20.0,1016.2,60.8
1994-11-22T00:00:00,42886099999,JHARSUGUDA / VEER SURENDRA SAI,21.917,84.083,15.0,1017.0,86.7
1994-11-22T03:00:00,42886099999,JHARSUGUDA / VEER SURENDRA SAI,21.917,84.083,18.0,1018.3,72.58
1994-11-22T06:00:00,42886099999,JHARSUGUDA / VEER SURENDRA SAI,21.917,84.083,25.4,1016.8,50.24
1994-11-22T09:00:00,42886099999,JHARSUGUDA / VEER SURENDRA SAI,21.917,84.083,27.4,1013.1,60.18
1994-11-22T12:00:00,42886099999,JHARSUGUDA / VEER SURENDRA SAI,21.917,84.083,24.6,1014.8,46.87
1994-11-23T00:00:00,42886099999,JHARSUGUDA / VEER SURENDRA SAI,21.917,84.083,16.0,1017.1,89.65
1994-11-23T03:00:00,42886099999,JHARSUGUDA / VEER SURENDRA SAI,21.917,84.083,19.2,1018.7,72.8
1994-11-23T06:00:00,42886099999,JHARSUGUDA / VEER SURENDRA SAI,21.917,84.083,25.4,1017.2,51.89
1994-11-23T09:00:00,42886099999,JHARSUGUDA / VEER SURENDRA SAI,21.917,84.083,27.4,1014.3,40.23
1994-11-23T12:00:00,42886099999,JHARSUGUDA / VEER SURENDRA SAI,21.917,84.083,24.8,1015.5,55.18
1994-11-23T15:00:00,42886099999,JHARSUGUDA / VEER SURENDRA SAI,21.917,84.083,22.4,1017.1,57.13
1994-11-24T03:00:00,42886099999,JHARSUGUDA / VEER SURENDRA SAI,21.917,84.083,20.4,1019.0,62.5
1994-11-24T12:00:00,42886099999,JHARSUGUDA / VEER SURENDRA SAI,21.917,84.083,24.0,1014.5,55.7
1994-11-25T00:00:00,42886099999,JHARSUGUDA / VEER SURENDRA SAI,21.917,84.083,16.0,1016.0,89.65
1994-11-25T06:00:00,42886099999,JHARSUGUDA / VEER SURENDRA SAI,21.917,84.083,24.8,1015.9,52.41
1994-11-25T09:00:00,42886099999,JHARSUGUDA / VEER SURENDRA SAI,21.917,84.083,27.0,1012.3,36.34
1994-11-25T12:00:00,42886099999,JHARSUGUDA / VEER SURENDRA SAI,21.917,84.083,24.2,1012.4,52.94
1994-11-25T15:00:00,42886099999,JHARSUGUDA / VEER SURENDRA SAI,21.917,84.083,20.0,1014.1,81.31
1994-11-25T21:00:00,42886099999,JHARSUGUDA / VEER SURENDRA SAI,21.917,84.083,16.9,1013.4,85.21
1994-11-26T00:00:00,42886099999,JHARSUGUDA / VEER SURENDRA SAI,21.917,84.083,15.2,1013.8,86.72
1994-11-26T03:00:00,42886099999,JHARSUGUDA / VEER SURENDRA SAI,21.917,84.083,19.0,1014.6,77.12
1994-11-26T06:00:00,42886099999,JHARSUGUDA / VEER SURENDRA SAI,21.917,84.083,24.8,1013.3,53.78
1994-11-26T09:00:00,42886099999,JHARSUGUDA / VEER SURENDRA SAI,21.917,84.083,27.4,1011.1,62.09
1994-11-26T12:00:00,42886099999,JHARSUGUDA / VEER SURENDRA SAI,21.917,84.083,26.0,1010.6,52.38
1994-11-26T15:00:00,42886099999,JHARSUGUDA / VEER SURENDRA SAI,21.917,84.083,21.0,1014.1,71.73
1994-11-27T00:00:00,42886099999,JHARSUGUDA / VEER SURENDRA SAI,21.917,84.083,14.4,1014.3,93.11
1994-11-27T06:00:00,42886099999,JHARSUGUDA / VEER SURENDRA SAI,21.917,84.083,24.8,1013.6,49.76
1994-11-27T09:00:00,42886099999,JHARSUGUDA / VEER SURENDRA SAI,21.917,84.083,27.4,1010.3,40.23
1994-11-27T12:00:00,42886099999,JHARSUGUDA / VEER SURENDRA SAI,21.917,84.083,23.8,1011.0,58.21
1994-11-27T15:00:00,42886099999,JHARSUGUDA / VEER SURENDRA SAI,21.917,84.083,21.0,1013.2,73.11
1994-11-27T21:00:00,42886099999,JHARSUGUDA / VEER SURENDRA SAI,21.917,84.083,17.0,1013.3,88.01
1994-11-28T00:00:00,42886099999,JHARSUGUDA / VEER SURENDRA SAI,21.917,84.083,14.6,1013.9,91.32
1994-11-28T03:00:00,42886099999,JHARSUGUDA / VEER SURENDRA SAI,21.917,84.083,18.4,1016.0,71.25
1994-11-28T06:00:00,42886099999,JHARSUGUDA / VEER SURENDRA SAI,21.917,84.083,25.4,1014.1,46.47
1994-11-28T09:00:00,42886099999,JHARSUGUDA / VEER SURENDRA SAI,21.917,84.083,28.0,1011.0,33.15
1994-11-28T12:00:00,42886099999,JHARSUGUDA / VEER SURENDRA SAI,21.917,84.083,24.4,1011.2,51.97
1994-11-28T15:00:00,42886099999,JHARSUGUDA / VEER SURENDRA SAI,21.917,84.083,21.2,1012.2,68.18
1994-11-29T00:00:00,42886099999,JHARSUGUDA / VEER SURENDRA SAI,21.917,84.083,14.8,1012.7,80.62
1994-11-29T03:00:00,42886099999,JHARSUGUDA / VEER SURENDRA SAI,21.917,84.083,19.0,1015.4,73.71
1994-11-29T06:00:00,42886099999,JHARSUGUDA / VEER SURENDRA SAI,21.917,84.083,25.2,1014.0,52.85
1994-11-29T09:00:00,42886099999,JHARSUGUDA / VEER SURENDRA SAI,21.917,84.083,27.6,1010.3,39.51
1994-11-29T12:00:00,42886099999,JHARSUGUDA / VEER SURENDRA SAI,21.917,84.083,25.2,1010.5,50.19
1994-11-29T15:00:00,42886099999,JHARSUGUDA / VEER SURENDRA SAI,21.917,84.083,21.0,1013.1,63.05
1994-11-30T00:00:00,42886099999,JHARSUGUDA / VEER SURENDRA SAI,21.917,84.083,14.4,1013.7,90.71
1994-11-30T03:00:00,42886099999,JHARSUGUDA / VEER SURENDRA SAI,21.917,84.083,18.4,1015.8,73.13
1994-11-30T09:00:00,42886099999,JHARSUGUDA / VEER SURENDRA SAI,21.917,84.083,28.0,1010.9,39.88
1994-11-30T12:00:00,42886099999,JHARSUGUDA / VEER SURENDRA SAI,21.917,84.083,25.4,1011.6,52.9
1994-11-30T15:00:00,42886099999,JHARSUGUDA / VEER SURENDRA SAI,21.917,84.083,20.6,1014.3,73.04
1994-11-30T18:00:00,42886099999,JHARSUGUDA / VEER SURENDRA SAI,21.917,84.083,18.4,1015.0,84.28
1994-12-01T00:00:00,42886099999,JHARSUGUDA / VEER SURENDRA SAI,21.917,84.083,15.2,1015.7,80.68
1994-12-01T03:00:00,42886099999,JHARSUGUDA / VEER SURENDRA SAI,21.917,84.083,18.4,1018.0,65.85
1994-12-01T06:00:00,42886099999,JHARSUGUDA / VEER SURENDRA SAI,21.917,84.083,26.6,1015.8,41.62
1994-12-01T09:00:00,42886099999,JHARSUGUDA / VEER SURENDRA SAI,21.917,84.083,28.0,1012.5,27.63
1994-12-01T12:00:00,42886099999,JHARSUGUDA / VEER SURENDRA SAI,21.917,84.083,24.8,1013.6,36.69
1994-12-01T15:00:00,42886099999,JHARSUGUDA / VEER SURENDRA SAI,21.917,84.083,21.4,1016.4,51.18
1994-12-01T18:00:00,42886099999,JHARSUGUDA / VEER SURENDRA SAI,21.917,84.083,18.2,1017.1,78.5
1994-12-01T21:00:00,42886099999,JHARSUGUDA / VEER SURENDRA SAI,21.917,84.083,16.0,1015.9,79.21
1994-12-02T00:00:00,42886099999,JHARSUGUDA / VEER SURENDRA SAI,21.917,84.083,14.2,1016.5,82.16
1994-12-02T06:00:00,42886099999,JHARSUGUDA / VEER SURENDRA SAI,21.917,84.083,25.8,1016.4,39.26
1994-12-02T09:00:00,42886099999,JHARSUGUDA / VEER SURENDRA SAI,21.917,84.083,28.0,1012.7,28.78
1994-12-02T12:00:00,42886099999,JHARSUGUDA / VEER SURENDRA SAI,21.917,84.083,24.2,1013.1,46.15
1994-12-02T15:00:00,42886099999,JHARSUGUDA / VEER SURENDRA SAI,21.917,84.083,24.2,1013.1,46.15
1994-12-03T00:00:00,42886099999,JHARSUGUDA / VEER SURENDRA SAI,21.917,84.083,13.8,1015.6,93.08
1994-12-03T03:00:00,42886099999,JHARSUGUDA / VEER SURENDRA SAI,21.917,84.083,18.6,1018.0,67.65
1994-12-03T06:00:00,42886099999,JHARSUGUDA / VEER SURENDRA SAI,21.917,84.083,26.0,1016.6,43.41
1994-12-03T09:00:00,42886099999,JHARSUGUDA / VEER SURENDRA SAI,21.917,84.083,28.0,1013.0,31.0
1994-12-03T12:00:00,42886099999,JHARSUGUDA / VEER SURENDRA SAI,21.917,84.083,24.6,1013.4,46.87
1994-12-03T15:00:00,42886099999,JHARSUGUDA / VEER SURENDRA SAI,21.917,84.083,20.8,1015.9,59.8
1994-12-04T00:00:00,42886099999,JHARSUGUDA / VEER SURENDRA SAI,21.917,84.083,14.4,1016.9,82.19
1994-12-04T03:00:00,42886099999,JHARSUGUDA / VEER SURENDRA SAI,21.917,84.083,18.0,1019.0,69.33
1994-12-04T06:00:00,42886099999,JHARSUGUDA / VEER SURENDRA SAI,21.917,84.083,25.8,1017.5,49.38
1994-12-04T09:00:00,42886099999,JHARSUGUDA / VEER SURENDRA SAI,21.917,84.083,27.0,1014.6,30.72
1994-12-04T12:00:00,42886099999,JHARSUGUDA / VEER SURENDRA SAI,21.917,84.083,24.8,1014.8,41.67
1994-12-04T15:00:00,42886099999,JHARSUGUDA / VEER SURENDRA SAI,21.917,84.083,20.2,1017.8,62.46
1994-12-05T00:00:00,42886099999,JHARSUGUDA / VEER SURENDRA SAI,21.917,84.083,14.0,1019.4,82.14
1994-12-05T06:00:00,42886099999,JHARSUGUDA / VEER SURENDRA SAI,21.917,84.083,25.2,1019.6,47.34
1994-12-05T09:00:00,42886099999,JHARSUGUDA / VEER SURENDRA SAI,21.917,84.083,27.0,1016.9,38.57
1994-12-05T12:00:00,42886099999,JHARSUGUDA / VEER SURENDRA SAI,21.917,84.083,23.6,1016.6,51.09
1994-12-05T15:00:00,42886099999,JHARSUGUDA / VEER SURENDRA SAI,21.917,84.083,20.0,1018.6,65.76
1994-12-06T00:00:00,42886099999,JHARSUGUDA / VEER SURENDRA SAI,21.917,84.083,13.8,1018.0,86.58
1994-12-06T03:00:00,42886099999,JHARSUGUDA / VEER SURENDRA SAI,21.917,84.083,17.6,1019.7,72.51
1994-12-06T06:00:00,42886099999,JHARSUGUDA / VEER SURENDRA SAI,21.917,84.083,24.4,1018.1,49.33
1994-12-06T09:00:00,42886099999,JHARSUGUDA / VEER SURENDRA SAI,21.917,84.083,26.4,1015.0,36.65
1994-12-06T12:00:00,42886099999,JHARSUGUDA / VEER SURENDRA SAI,21.917,84.083,23.2,1016.1,44.97
1994-12-06T15:00:00,42886099999,JHARSUGUDA / VEER SURENDRA SAI,21.917,84.083,19.0,1017.3,64.69
1994-12-07T00:00:00,42886099999,JHARSUGUDA / VEER SURENDRA SAI,21.917,84.083,13.4,,
1994-12-07T03:00:00,42886099999,JHARSUGUDA / VEER SURENDRA SAI,21.917,84.083,17.4,1018.3,68.75
1994-12-07T06:00:00,42886099999,JHARSUGUDA / VEER SURENDRA SAI,21.917,84.083,24.6,1016.5,46.87
1994-12-07T09:00:00,42886099999,JHARSUGUDA / VEER SURENDRA SAI,21.917,84.083,27.4,1013.6,30.01
1994-12-07T12:00:00,42886099999,JHARSUGUDA / VEER SURENDRA SAI,21.917,84.083,23.4,1013.6,47.79
1994-12-07T15:00:00,42886099999,JHARSUGUDA / VEER SURENDRA SAI,21.917,84.083,20.0,1015.8,58.83
1994-12-07T18:00:00,42886099999,JHARSUGUDA / VEER SURENDRA SAI,21.917,84.083,14.8,1016.2,79.04
1994-12-07T21:00:00,42886099999,JHARSUGUDA / VEER SURENDRA SAI,21.917,84.083,15.0,1015.1,82.8
1994-12-08T00:00:00,42886099999,JHARSUGUDA / VEER SURENDRA SAI,21.917,84.083,13.4,1015.6,90.04
1994-12-08T03:00:00,42886099999,JHARSUGUDA / VEER SURENDRA SAI,21.917,84.083,17.8,1017.4,72.55
1994-12-08T06:00:00,42886099999,JHARSUGUDA / VEER SURENDRA SAI,21.917,84.083,25.0,1015.8,42.0
1994-12-08T09:00:00,42886099999,JHARSUGUDA / VEER SURENDRA SAI,21.917,84.083,28.2,1012.4,33.43
1994-12-08T12:00:00,42886099999,JHARSUGUDA / VEER SURENDRA SAI,21.917,84.083,24.0,1012.9,55.7
1994-12-08T15:00:00,42886099999,JHARSUGUDA / VEER SURENDRA SAI,21.917,84.083,20.4,1015.0,67.58
1994-12-09T00:00:00,42886099999,JHARSUGUDA / VEER SURENDRA SAI,21.917,84.083,14.2,1015.4,90.69
1994-12-09T09:00:00,42886099999,JHARSUGUDA / VEER SURENDRA SAI,21.917,84.083,17.6,1015.9,74.43
1994-12-09T12:00:00,42886099999,JHARSUGUDA / VEER SURENDRA SAI,21.917,84.083,24.8,1013.3,53.78
1994-12-09T18:00:00,42886099999,JHARSUGUDA / VEER SURENDRA SAI,21.917,84.083,18.0,1015.7,
1994-12-09T21:00:00,42886099999,JHARSUGUDA / VEER SURENDRA SAI,21.917,84.083,16.0,1014.2,87.36
1994-12-10T00:00:00,42886099999,JHARSUGUDA / VEER SURENDRA SAI,21.917,84.083,14.2,1014.9,95.56
1994-12-10T06:00:00,42886099999,JHARSUGUDA / VEER SURENDRA SAI,21.917,84.083,26.0,1015.1,51.05
1994-12-10T09:00:00,42886099999,JHARSUGUDA / VEER SURENDRA SAI,21.917,84.083,30.0,1011.5,30.73
1994-12-10T12:00:00,42886099999,JHARSUGUDA / VEER SURENDRA SAI,21.917,84.083,25.4,1011.8,48.96
1994-12-10T15:00:00,42886099999,JHARSUGUDA / VEER SURENDRA SAI,21.917,84.083,21.8,1012.9,60.82
1994-12-11T00:00:00,42886099999,JHARSUGUDA / VEER SURENDRA SAI,21.917,84.083,15.4,1012.7,91.37
1994-12-11T03:00:00,42886099999,JHARSUGUDA / VEER SURENDRA SAI,21.917,84.083,19.4,1015.7,73.78
1994-12-11T09:00:00,42886099999,JHARSUGUDA / VEER SURENDRA SAI,21.917,84.083,28.4,1011.1,39.21
1994-12-11T15:00:00,42886099999,JHARSUGUDA / VEER SURENDRA SAI,21.917,84.083,21.8,1013.5,67.43
1994-12-12T00:00:00,42886099999,JHARSUGUDA / VEER SURENDRA SAI,21.917,84.083,15.8,1014.6,85.1
1994-12-12T03:00:00,42886099999,JHARSUGUDA / VEER SURENDRA SAI,21.917,84.083,19.6,1017.2,63.56
1994-12-12T09:00:00,42886099999,JHARSUGUDA / VEER SURENDRA SAI,21.917,84.083,26.4,1013.0,42.67
1994-12-13T09:00:00,42886099999,JHARSUGUDA / VEER SURENDRA SAI,21.917,84.083,27.4,1014.1,31.25
1994-12-13T12:00:00,42886099999,JHARSUGUDA / VEER SURENDRA SAI,21.917,84.083,23.4,1014.4,38.32
1994-12-13T15:00:00,42886099999,JHARSUGUDA / VEER SURENDRA SAI,21.917,84.083,18.6,1017.1,60.87
1994-12-13T21:00:00,42886099999,JHARSUGUDA / VEER SURENDRA SAI,21.917,84.083,14.0,1016.7,77.87
1994-12-14T00:00:00,42886099999,JHARSUGUDA / VEER SURENDRA SAI,21.917,84.083,10.8,1017.4,77.38
1994-12-14T03:00:00,42886099999,JHARSUGUDA / VEER SURENDRA SAI,21.917,84.083,15.6,1020.0,55.04
1994-12-14T06:00:00,42886099999,JHARSUGUDA / VEER SURENDRA SAI,21.917,84.083,23.0,1018.8,36.43
1994-12-14T09:00:00,42886099999,JHARSUGUDA / VEER SURENDRA SAI,21.917,84.083,26.4,1014.4,28.34
1994-12-14T12:00:00,42886099999,JHARSUGUDA / VEER SURENDRA SAI,21.917,84.083,23.0,1014.7,40.34
1994-12-15T00:00:00,42886099999,JHARSUGUDA / VEER SURENDRA SAI,21.917,84.083,10.4,1017.2,92.27
1994-12-15T03:00:00,42886099999,JHARSUGUDA / VEER SURENDRA SAI,21.917,84.083,13.8,1019.5,68.95
1994-12-15T06:00:00,42886099999,JHARSUGUDA / VEER SURENDRA SAI,21.917,84.083,23.0,1018.3,40.34
1994-12-15T09:00:00,42886099999,JHARSUGUDA / VEER SURENDRA SAI,21.917,84.083,26.4,1014.4,25.02
1994-12-15T12:00:00,42886099999,JHARSUGUDA / VEER SURENDRA SAI,21.917,84.083,23.0,1015.1,39.53
1994-12-15T15:00:00,42886099999,JHARSUGUDA / VEER SURENDRA SAI,21.917,84.083,17.6,1017.6,57.85
1994-12-16T00:00:00,42886099999,JHARSUGUDA / VEER SURENDRA SAI,21.917,84.083,10.6,1017.7,87.44
1994-12-16T03:00:00,42886099999,JHARSUGUDA / VEER SURENDRA SAI,21.917,84.083,15.8,1019.5,67.07
1994-12-16T06:00:00,42886099999,JHARSUGUDA / VEER SURENDRA SAI,21.917,84.083,24.0,1018.5,40.62
1994-12-16T09:00:00,42886099999,JHARSUGUDA / VEER SURENDRA SAI,21.917,84.083,26.2,1013.9,30.29
1994-12-16T12:00:00,42886099999,JHARSUGUDA / VEER SURENDRA SAI,21.917,84.083,22.8,1014.8,34.67
1994-12-16T15:00:00,42886099999,JHARSUGUDA / VEER SURENDRA SAI,21.917,84.083,18.4,1017.5,60.42
1994-12-17T00:00:00,42886099999,JHARSUGUDA / VEER SURENDRA SAI,21.917,84.083,11.4,1017.5,82.92
1994-12-17T03:00:00,42886099999,JHARSUGUDA / VEER SURENDRA SAI,21.917,84.083,15.4,1019.5,62.61
1994-12-17T09:00:00,42886099999,JHARSUGUDA / VEER SURENDRA SAI,21.917,84.083,25.8,1015.2,32.09
1994-12-17T12:00:00,42886099999,JHARSUGUDA / VEER SURENDRA SAI,21.917,84.083,22.2,1016.2,43.5
1994-12-17T15:00:00,42886099999,JHARSUGUDA / VEER SURENDRA SAI,21.917,84.083,18.8,1018.4,60.92
1994-12-18T00:00:00,42886099999,JHARSUGUDA / VEER SURENDRA SAI,21.917,84.083,13.0,1018.7,85.93
1994-12-18T03:00:00,42886099999,JHARSUGUDA / VEER SURENDRA SAI,21.917,84.083,15.4,1021.6,72.59
1994-12-18T06:00:00,42886099999,JHARSUGUDA / VEER SURENDRA SAI,21.917,84.083,22.6,1020.5,46.94
1994-12-18T09:00:00,42886099999,JHARSUGUDA / VEER SURENDRA SAI,21.917,84.083,25.4,1016.6,42.67
1994-12-18T12:00:00,42886099999,JHARSUGUDA / VEER SURENDRA SAI,21.917,84.083,21.6,1017.3,64.0
1994-12-18T15:00:00,42886099999,JHARSUGUDA / VEER SURENDRA SAI,21.917,84.083,18.4,1019.9,65.85
1994-12-19T00:00:00,42886099999,JHARSUGUDA / VEER SURENDRA SAI,21.917,84.083,12.4,1020.5,93.0
1994-12-19T03:00:00,42886099999,JHARSUGUDA / VEER SURENDRA SAI,21.917,84.083,15.4,1023.4,76.55
1994-12-19T06:00:00,42886099999,JHARSUGUDA / VEER SURENDRA SAI,21.917,84.083,,1021.7,
1994-12-19T09:00:00,42886099999,JHARSUGUDA / VEER SURENDRA SAI,21.917,84.083,26.0,1018.2,33.48
1994-12-19T12:00:00,42886099999,JHARSUGUDA / VEER SURENDRA SAI,21.917,84.083,22.4,1018.7,45.05
1994-12-19T15:00:00,42886099999,JHARSUGUDA / VEER SURENDRA SAI,21.917,84.083,17.4,1021.0,68.75
1994-12-20T00:00:00,42886099999,JHARSUGUDA / VEER SURENDRA SAI,21.917,84.083,11.8,1021.4,87.55
1994-12-20T03:00:00,42886099999,JHARSUGUDA / VEER SURENDRA SAI,21.917,84.083,15.0,1023.3,68.27
1994-12-20T09:00:00,42886099999,JHARSUGUDA / VEER SURENDRA SAI,21.917,84.083,26.0,1018.6,27.65
1994-12-20T12:00:00,42886099999,JHARSUGUDA / VEER SURENDRA SAI,21.917,84.083,22.4,1018.7,35.52
1994-12-20T15:00:00,42886099999,JHARSUGUDA / VEER SURENDRA SAI,21.917,84.083,16.8,1021.4,65.95
1994-12-21T00:00:00,42886099999,JHARSUGUDA / VEER SURENDRA SAI,21.917,84.083,11.4,1021.7,85.19
1994-12-21T03:00:00,42886099999,JHARSUGUDA / VEER SURENDRA SAI,21.917,84.083,14.6,1023.2,73.92
1994-12-21T06:00:00,42886099999,JHARSUGUDA / VEER SURENDRA SAI,21.917,84.083,22.4,1021.6,46.58
1994-12-21T09:00:00,42886099999,JHARSUGUDA / VEER SURENDRA SAI,21.917,84.083,26.0,1017.9,34.86
1994-12-21T12:00:00,42886099999,JHARSUGUDA / VEER SURENDRA SAI,21.917,84.083,22.2,1018.3,44.99
1994-12-22T00:00:00,42886099999,JHARSUGUDA / VEER SURENDRA SAI,21.917,84.083,11.8,1021.0,80.75
1994-12-22T03:00:00,42886099999,JHARSUGUDA / VEER SURENDRA SAI,21.917,84.083,14.6,1023.6,63.72
1994-12-22T06:00:00,42886099999,JHARSUGUDA / VEER SURENDRA SAI,21.917,84.083,21.4,1021.3,34.99
1994-12-22T09:00:00,42886099999,JHARSUGUDA / VEER SURENDRA SAI,21.917,84.083,24.8,1018.1,25.65
1994-12-22T12:00:00,42886099999,JHARSUGUDA / VEER SURENDRA SAI,21.917,84.083,21.4,1018.2,32.4
1994-12-22T15:00:00,42886099999,JHARSUGUDA / VEER SURENDRA SAI,21.917,84.083,15.6,1020.2,56.96
1994-12-23T00:00:00,42886099999,JHARSUGUDA / VEER SURENDRA SAI,21.917,84.083,10.6,1021.0,77.35
1994-12-23T03:00:00,42886099999,JHARSUGUDA / VEER SURENDRA SAI,21.917,84.083,13.4,1022.6,62.15
1994-12-23T06:00:00,42886099999,JHARSUGUDA / VEER SURENDRA SAI,21.917,84.083,21.6,1020.4,36.78
1994-12-23T09:00:00,42886099999,JHARSUGUDA / VEER SURENDRA SAI,21.917,84.083,24.0,1017.3,27.87
1994-12-23T12:00:00,42886099999,JHARSUGUDA / VEER SURENDRA SAI,21.917,84.083,22.4,1017.5,34.08
1994-12-23T15:00:00,42886099999,JHARSUGUDA / VEER SURENDRA SAI,21.917,84.083,16.8,1019.7,54.97
1994-12-24T00:00:00,42886099999,JHARSUGUDA / VEER SURENDRA SAI,21.917,84.083,10.4,1019.6,84.5
1994-12-24T03:00:00,42886099999,JHARSUGUDA / VEER SURENDRA SAI,21.917,84.083,14.0,1021.7,67.15
1994-12-24T12:00:00,42886099999,JHARSUGUDA / VEER SURENDRA SAI,21.917,84.083,22.4,1016.7,38.04
1994-12-24T15:00:00,42886099999,JHARSUGUDA / VEER SURENDRA SAI,21.917,84.083,18.0,1018.9,49.59
1994-12-25T00:00:00,42886099999,JHARSUGUDA / VEER SURENDRA SAI,21.917,84.083,10.0,1019.3,94.77
1994-12-25T03:00:00,42886099999,JHARSUGUDA / VEER SURENDRA SAI,21.917,84.083,14.6,1021.6,65.92
1994-12-25T06:00:00,42886099999,JHARSUGUDA / VEER SURENDRA SAI,21.917,84.083,22.4,1019.8,38.04
1994-12-25T12:00:00,42886099999,JHARSUGUDA / VEER SURENDRA SAI,21.917,84.083,23.4,1016.2,37.04
1994-12-25T15:00:00,42886099999,JHARSUGUDA / VEER SURENDRA SAI,21.917,84.083,18.2,1018.9,54.23
1994-12-26T00:00:00,42886099999,JHARSUGUDA / VEER SURENDRA SAI,21.917,84.083,11.6,1019.2,89.91
1994-12-26T03:00:00,42886099999,JHARSUGUDA / VEER SURENDRA SAI,21.917,84.083,15.2,1021.3,68.31
1994-12-26T12:00:00,42886099999,JHARSUGUDA / VEER SURENDRA SAI,21.917,84.083,22.4,1016.1,43.85
1994-12-26T15:00:00,42886099999,JHARSUGUDA / VEER SURENDRA SAI,21.917,84.083,19.0,1017.0,57.81
1994-12-27T00:00:00,42886099999,JHARSUGUDA / VEER SURENDRA SAI,21.917,84.083,12.4,1017.9,85.87
1994-12-27T03:00:00,42886099999,JHARSUGUDA / VEER SURENDRA SAI,21.917,84.083,17.2,1020.6,62.6
1994-12-27T06:00:00,42886099999,JHARSUGUDA / VEER SURENDRA SAI,21.917,84.083,24.8,1018.6,36.69
1994-12-27T09:00:00,42886099999,JHARSUGUDA / VEER SURENDRA SAI,21.917,84.083,26.4,1015.6,26.08
1994-12-27T12:00:00,42886099999,JHARSUGUDA / VEER SURENDRA SAI,21.917,84.083,23.2,1016.2,34.07
1994-12-27T15:00:00,42886099999,JHARSUGUDA / VEER SURENDRA SAI,21.917,84.083,19.0,1018.3,51.23
1994-12-28T00:00:00,42886099999,JHARSUGUDA / VEER SURENDRA SAI,21.917,84.083,13.4,1017.5,79.9
1994-12-28T03:00:00,42886099999,JHARSUGUDA / VEER SURENDRA SAI,21.917,84.083,17.8,1020.0,61.5
1994-12-28T06:00:00,42886099999,JHARSUGUDA / VEER SURENDRA SAI,21.917,84.083,25.0,1018.4,39.56
1994-12-28T09:00:00,42886099999,JHARSUGUDA / VEER SURENDRA SAI,21.917,84.083,27.0,1015.0,29.49
1994-12-28T12:00:00,42886099999,JHARSUGUDA / VEER SURENDRA SAI,21.917,84.083,23.6,1015.3,42.74
1994-12-28T15:00:00,42886099999,JHARSUGUDA / VEER SURENDRA SAI,21.917,84.083,20.4,1017.1,51.26
1994-12-29T00:00:00,42886099999,JHARSUGUDA / VEER SURENDRA SAI,21.917,84.083,14.0,1017.2,82.14
1994-12-29T03:00:00,42886099999,JHARSUGUDA / VEER SURENDRA SAI,21.917,84.083,17.0,1019.5,71.93
1994-12-29T06:00:00,42886099999,JHARSUGUDA / VEER SURENDRA SAI,21.917,84.083,24.6,1018.3,37.64
1994-12-29T09:00:00,42886099999,JHARSUGUDA / VEER SURENDRA SAI,21.917,84.083,27.0,1014.4,28.31
1994-12-29T12:00:00,42886099999,JHARSUGUDA / VEER SURENDRA SAI,21.917,84.083,24.2,1014.2,37.02
1994-12-29T15:00:00,42886099999,JHARSUGUDA / VEER SURENDRA SAI,21.917,84.083,20.0,1016.3,55.79
1994-12-30T00:00:00,42886099999,JHARSUGUDA / VEER SURENDRA SAI,21.917,84.083,12.0,1017.5,92.98
1994-12-30T03:00:00,42886099999,JHARSUGUDA / VEER SURENDRA SAI,21.917,84.083,16.2,1019.2,69.43
1994-12-30T06:00:00,42886099999,JHARSUGUDA / VEER SURENDRA SAI,21.917,84.083,24.0,1017.5,42.0
1994-12-30T09:00:00,42886099999,JHARSUGUDA / VEER SURENDRA SAI,21.917,84.083,27.0,1014.1,25.01
1994-12-30T12:00:00,42886099999,JHARSUGUDA / VEER SURENDRA SAI,21.917,84.083,24.0,1014.0,30.3
1994-12-30T15:00:00,42886099999,JHARSUGUDA / VEER SURENDRA SAI,21.917,84.083,18.0,1016.0,61.96
1994-12-31T00:00:00,42886099999,JHARSUGUDA / VEER SURENDRA SAI,21.917,84.083,12.2,1015.2,88.17
1994-12-31T03:00:00,42886099999,JHARSUGUDA / VEER SURENDRA SAI,21.917,84.083,16.4,1018.3,65.86
1994-12-31T06:00:00,42886099999,JHARSUGUDA / VEER SURENDRA SAI,21.917,84.083,22.2,1016.1,46.21
1994-12-31T09:00:00,42886099999,JHARSUGUDA / VEER SURENDRA SAI,21.917,84.083,25.0,1013.6,31.0
1994-12-31T12:00:00,42886099999,JHARSUGUDA / VEER SURENDRA SAI,21.917,84.083,23.4,1013.5,35.8
1994-12-31T15:00:00,42886099999,JHARSUGUDA / VEER SURENDRA SAI,21.917,84.083,19.0,1015.7,63.01
