timestamp,station_id,station_name,latitude,longitude,temperature,pressure,humidity
1979-01-01T00:00:00,43117099999,SOLAPUR,17.628,75.935,19.0,1014.5,77.62
1979-01-01T03:00:00,43117099999,SOLAPUR,17.628,75.935,21.0,1016.7,73.11
1979-01-01T06:00:00,43117099999,SOLAPUR,17.628,75.935,27.0,1015.7,61.61
1979-01-01T09:00:00,43117099999,SOLAPUR,17.628,75.935,30.0,1011.5,42.83
1979-01-01T12:00:00,43117099999,SOLAPUR,17.628,75.935,29.0,1011.4,45.37
1979-01-01T15:00:00,43117099999,SOLAPUR,17.628,75.935,25.0,1013.5,50.46
1979-01-01T18:00:00,43117099999,SOLAPUR,17.628,75.935,24.0,1014.2,57.15
1979-01-02T00:00:00,43117099999,SOLAPUR,17.628,75.935,20.0,1014.1,77.77
1979-01-02T03:00:00,43117099999,SOLAPUR,17.628,75.935,21.0,1016.8,77.92
1979-01-02T06:00:00,43117099999,SOLAPUR,17.628,75.935,27.0,1015.8,54.33
1979-01-02T09:00:00,43117099999,SOLAPUR,17.628,75.935,30.0,1012.0,37.66
1979-01-02T12:00:00,43117099999,SOLAPUR,17.628,75.935,29.0,1011.9,42.56
1979-01-02T18:00:00,43117099999,SOLAPUR,17.628,75.935,23.0,1015.1,53.32
1979-01-03T00:00:00,43117099999,SOLAPUR,17.628,75.935,19.0,1015.0,72.76
1979-01-03T06:00:00,43117099999,SOLAPUR,17.628,75.935,26.0,1017.1,57.63
1979-01-03T09:00:00,43117099999,SOLAPUR,17.628,75.935,30.0,1012.6,40.17
1979-01-03T12:00:00,43117099999,SOLAPUR,17.628,75.935,29.0,1012.1,35.01
1979-01-03T18:00:00,43117099999,SOLAPUR,17.628,75.935,22.0,1015.3,53.06
1979-01-03T21:00:00,43117099999,SOLAPUR,17.628,75.935,20.0,1014.6,64.07
1979-01-04T00:00:00,43117099999,SOLAPUR,17.628,75.935,19.0,1015.6,68.18
1979-01-04T03:00:00,43117099999,SOLAPUR,17.628,75.935,21.0,1017.8,64.29
1979-01-04T06:00:00,43117099999,SOLAPUR,17.628,75.935,27.0,1016.5,44.83
1979-01-04T09:00:00,43117099999,SOLAPUR,17.628,75.935,30.0,1012.5,42.83
1979-01-04T12:00:00,43117099999,SOLAPUR,17.628,75.935,30.0,1011.7,37.66
1979-01-04T18:00:00,43117099999,SOLAPUR,17.628,75.935,23.0,1014.3,56.91
1979-01-05T00:00:00,43117099999,SOLAPUR,17.628,75.935,19.0,1014.1,72.76
1979-01-05T03:00:00,43117099999,SOLAPUR,17.628,75.935,21.0,1017.2,60.24
1979-01-05T06:00:00,43117099999,SOLAPUR,17.628,75.935,27.0,1014.8,47.82
1979-01-05T09:00:00,43117099999,SOLAPUR,17.628,75.935,30.0,1010.8,42.83
1979-01-05T12:00:00,43117099999,SOLAPUR,17.628,75.935,30.0,1010.2,33.05
1979-01-05T18:00:00,43117099999,SOLAPUR,17.628,75.935,23.0,1013.8,53.32
1979-01-05T21:00:00,43117099999,SOLAPUR,17.628,75.935,21.0,1013.2,56.41
1979-01-06T00:00:00,43117099999,SOLAPUR,17.628,75.935,20.0,1014.2,68.38
1979-01-06T03:00:00,43117099999,SOLAPUR,17.628,75.935,20.0,1016.4,68.38
1979-01-06T06:00:00,43117099999,SOLAPUR,17.628,75.935,28.0,1015.5,42.28
1979-01-06T09:00:00,43117099999,SOLAPUR,17.628,75.935,29.0,1012.2,37.38
1979-01-06T12:00:00,43117099999,SOLAPUR,17.628,75.935,28.0,1012.6,39.62
1979-01-06T18:00:00,43117099999,SOLAPUR,17.628,75.935,23.0,1016.0,53.32
1979-01-06T21:00:00,43117099999,SOLAPUR,17.628,75.935,20.0,1016.2,56.16
1979-01-07T00:00:00,43117099999,SOLAPUR,17.628,75.935,19.0,1015.6,63.85
1979-01-07T06:00:00,43117099999,SOLAPUR,17.628,75.935,26.0,1017.0,50.73
1979-01-07T09:00:00,43117099999,SOLAPUR,17.628,75.935,29.0,1012.6,39.9
1979-01-07T12:00:00,43117099999,SOLAPUR,17.628,75.935,28.0,1012.8,42.28
1979-01-07T18:00:00,43117099999,SOLAPUR,17.628,75.935,23.0,1015.7,49.93
1979-01-08T00:00:00,43117099999,SOLAPUR,17.628,75.935,19.0,1014.6,63.85
1979-01-08T06:00:00,43117099999,SOLAPUR,17.628,75.935,27.0,1015.0,47.82
1979-01-08T12:00:00,43117099999,SOLAPUR,17.628,75.935,28.0,1012.3,34.73
1979-01-08T15:00:00,43117099999,SOLAPUR,17.628,75.935,25.0,1014.3,50.46
1979-01-08T18:00:00,43117099999,SOLAPUR,17.628,75.935,22.0,1014.5,60.47
1979-01-09T00:00:00,43117099999,SOLAPUR,17.628,75.935,18.0,1013.8,67.97
1979-01-09T03:00:00,43117099999,SOLAPUR,17.628,75.935,19.0,1016.8,63.85
1979-01-09T06:00:00,43117099999,SOLAPUR,17.628,75.935,27.0,1015.0,44.83
1979-01-09T09:00:00,43117099999,SOLAPUR,17.628,75.935,30.0,1010.0,45.64
1979-01-09T12:00:00,43117099999,SOLAPUR,17.628,75.935,31.0,1009.7,35.56
1979-01-09T15:00:00,43117099999,SOLAPUR,17.628,75.935,25.0,1013.3,57.39
1979-01-09T18:00:00,43117099999,SOLAPUR,17.628,75.935,25.0,1014.0,41.45
1979-01-10T00:00:00,43117099999,SOLAPUR,17.628,75.935,19.0,1013.5,63.85
1979-01-10T03:00:00,43117099999,SOLAPUR,17.628,75.935,19.0,1016.3,63.85
1979-01-10T06:00:00,43117099999,SOLAPUR,17.628,75.935,27.0,1014.3,39.34
1979-01-10T12:00:00,43117099999,SOLAPUR,17.628,75.935,30.0,1010.1,37.66
1979-01-10T15:00:00,43117099999,SOLAPUR,17.628,75.935,26.0,1013.1,
1979-01-10T18:00:00,43117099999,SOLAPUR,17.628,75.935,23.0,1014.3,38.21
1979-01-10T21:00:00,43117099999,SOLAPUR,17.628,75.935,20.0,1015.0,60.0
1979-01-11T00:00:00,43117099999,SOLAPUR,17.628,75.935,19.0,1015.3,63.85
1979-01-11T03:00:00,43117099999,SOLAPUR,17.628,75.935,20.0,1018.2,60.0
1979-01-11T06:00:00,43117099999,SOLAPUR,17.628,75.935,27.0,1018.6,44.83
1979-01-11T09:00:00,43117099999,SOLAPUR,17.628,75.935,29.0,1012.1,35.01
1979-01-11T12:00:00,43117099999,SOLAPUR,17.628,75.935,29.0,1011.7,30.66
1979-01-11T15:00:00,43117099999,SOLAPUR,17.628,75.935,24.0,1014.1,41.17
1979-01-11T18:00:00,43117099999,SOLAPUR,17.628,75.935,22.0,1015.1,43.45
1979-01-12T00:00:00,43117099999,SOLAPUR,17.628,75.935,18.0,1014.6,63.62
1979-01-12T03:00:00,43117099999,SOLAPUR,17.628,75.935,20.0,1016.6,72.94
1979-01-12T06:00:00,43117099999,SOLAPUR,17.628,75.935,26.0,1015.6,50.73
1979-01-12T09:00:00,43117099999,SOLAPUR,17.628,75.935,28.0,1011.6,34.73
1979-01-12T12:00:00,43117099999,SOLAPUR,17.628,75.935,28.0,1010.8,30.38
1979-01-12T15:00:00,43117099999,SOLAPUR,17.628,75.935,24.0,1013.3,41.17
1979-01-12T18:00:00,43117099999,SOLAPUR,17.628,75.935,21.0,1013.8,64.29
1979-01-12T21:00:00,43117099999,SOLAPUR,17.628,75.935,20.0,1013.0,64.07
1979-01-13T00:00:00,43117099999,SOLAPUR,17.628,75.935,18.0,1013.8,67.97
1979-01-13T03:00:00,43117099999,SOLAPUR,17.628,75.935,20.0,1016.1,72.94
1979-01-13T06:00:00,43117099999,SOLAPUR,17.628,75.935,26.0,1014.7,54.08
1979-01-13T09:00:00,43117099999,SOLAPUR,17.628,75.935,29.0,1010.6,58.35
1979-01-13T12:00:00,43117099999,SOLAPUR,17.628,75.935,29.0,1009.9,37.38
1979-01-13T15:00:00,43117099999,SOLAPUR,17.628,75.935,25.0,1012.8,57.39
1979-01-13T18:00:00,43117099999,SOLAPUR,17.628,75.935,22.0,1013.8,46.47
1979-01-13T21:00:00,43117099999,SOLAPUR,17.628,75.935,21.0,1012.3,52.8
1979-01-14T00:00:00,43117099999,SOLAPUR,17.628,75.935,18.0,1012.8,63.62
1979-01-14T03:00:00,43117099999,SOLAPUR,17.628,75.935,20.0,1015.0,77.77
1979-01-14T06:00:00,43117099999,SOLAPUR,17.628,75.935,26.0,1013.8,47.55
1979-01-14T09:00:00,43117099999,SOLAPUR,17.628,75.935,30.0,1009.8,35.29
1979-01-14T12:00:00,43117099999,SOLAPUR,17.628,75.935,29.0,1009.6,35.01
1979-01-14T15:00:00,43117099999,SOLAPUR,17.628,75.935,25.0,1012.6,36.26
1979-01-14T18:00:00,43117099999,SOLAPUR,17.628,75.935,23.0,1012.6,49.93
1979-01-14T21:00:00,43117099999,SOLAPUR,17.628,75.935,21.0,1012.2,56.41
1979-01-15T00:00:00,43117099999,SOLAPUR,17.628,75.935,19.0,1013.5,68.18
1979-01-15T03:00:00,43117099999,SOLAPUR,17.628,75.935,21.0,1015.9,28.42
1979-01-15T09:00:00,43117099999,SOLAPUR,17.628,75.935,30.0,1010.1,40.17
1979-01-15T12:00:00,43117099999,SOLAPUR,17.628,75.935,30.0,1009.5,35.29
1979-01-15T15:00:00,43117099999,SOLAPUR,17.628,75.935,26.0,1014.2,44.56
1979-01-15T18:00:00,43117099999,SOLAPUR,17.628,75.935,23.0,1012.7,53.32
1979-01-15T21:00:00,43117099999,SOLAPUR,17.628,75.935,21.0,1013.2,88.35
1979-01-16T00:00:00,43117099999,SOLAPUR,17.628,75.935,21.0,1013.3,60.24
1979-01-16T03:00:00,43117099999,SOLAPUR,17.628,75.935,21.0,1016.4,68.58
1979-01-16T06:00:00,43117099999,SOLAPUR,17.628,75.935,27.0,1015.0,
1979-01-16T09:00:00,43117099999,SOLAPUR,17.628,75.935,30.0,1011.3,37.66
1979-01-16T12:00:00,43117099999,SOLAPUR,17.628,75.935,29.0,1011.4,39.9
1979-01-16T18:00:00,43117099999,SOLAPUR,17.628,75.935,24.0,1004.6,50.2
1979-01-16T21:00:00,43117099999,SOLAPUR,17.628,75.935,21.0,1014.5,60.24
1979-01-17T00:00:00,43117099999,SOLAPUR,17.628,75.935,20.0,1015.0,64.07
1979-01-17T03:00:00,43117099999,SOLAPUR,17.628,75.935,20.0,1017.9,60.0
1979-01-17T06:00:00,43117099999,SOLAPUR,17.628,75.935,27.0,1015.9,47.82
1979-01-17T09:00:00,43117099999,SOLAPUR,17.628,75.935,30.0,1011.9,42.83
1979-01-17T12:00:00,43117099999,SOLAPUR,17.628,75.935,30.0,1011.6,42.83
1979-01-17T15:00:00,43117099999,SOLAPUR,17.628,75.935,26.0,1013.9,44.56
1979-01-17T18:00:00,43117099999,SOLAPUR,17.628,75.935,23.0,1014.4,53.32
1979-01-18T00:00:00,43117099999,SOLAPUR,17.628,75.935,20.0,1014.9,64.07
1979-01-18T03:00:00,43117099999,SOLAPUR,17.628,75.935,21.0,1017.6,64.29
1979-01-18T06:00:00,43117099999,SOLAPUR,17.628,75.935,26.0,1016.5,54.08
1979-01-18T09:00:00,43117099999,SOLAPUR,17.628,75.935,30.0,1012.0,42.83
1979-01-18T12:00:00,43117099999,SOLAPUR,17.628,75.935,30.0,1011.4,37.66
1979-01-18T18:00:00,43117099999,SOLAPUR,17.628,75.935,24.0,1014.1,53.58
1979-01-18T21:00:00,43117099999,SOLAPUR,17.628,75.935,,1014.1,
1979-01-19T00:00:00,43117099999,SOLAPUR,17.628,75.935,20.0,1014.5,72.94
1979-01-19T06:00:00,43117099999,SOLAPUR,17.628,75.935,28.0,1014.3,58.11
1979-01-19T12:00:00,43117099999,SOLAPUR,17.628,75.935,31.0,1009.6,43.1
1979-01-19T15:00:00,43117099999,SOLAPUR,17.628,75.935,26.0,1011.8,50.73
1979-01-19T18:00:00,43117099999,SOLAPUR,17.628,75.935,23.0,1013.0,53.32
1979-01-19T21:00:00,43117099999,SOLAPUR,17.628,75.935,22.0,1012.1,60.47
1979-01-20T00:00:00,43117099999,SOLAPUR,17.628,75.935,20.0,1013.1,72.94
1979-01-20T03:00:00,43117099999,SOLAPUR,17.628,75.935,21.0,1015.4,68.58
1979-01-20T06:00:00,43117099999,SOLAPUR,17.628,75.935,28.0,1013.9,42.28
1979-01-20T09:00:00,43117099999,SOLAPUR,17.628,75.935,31.0,1009.6,35.56
1979-01-20T12:00:00,43117099999,SOLAPUR,17.628,75.935,30.0,1009.4,33.05
1979-01-20T15:00:00,43117099999,SOLAPUR,17.628,75.935,26.0,1011.7,47.55
1979-01-20T18:00:00,43117099999,SOLAPUR,17.628,75.935,25.0,1012.6,47.28
1979-01-21T00:00:00,43117099999,SOLAPUR,17.628,75.935,22.0,1013.6,68.77
1979-01-21T06:00:00,43117099999,SOLAPUR,17.628,75.935,27.0,1015.3,61.61
1979-01-21T09:00:00,43117099999,SOLAPUR,17.628,75.935,30.0,1011.5,48.62
1979-01-21T12:00:00,43117099999,SOLAPUR,17.628,75.935,30.0,1010.5,40.17
1979-01-21T15:00:00,43117099999,SOLAPUR,17.628,75.935,27.0,1013.1,47.82
1979-01-21T18:00:00,43117099999,SOLAPUR,17.628,75.935,24.0,1014.1,53.58
1979-01-22T00:00:00,43117099999,SOLAPUR,17.628,75.935,21.0,1014.3,77.92
1979-01-22T03:00:00,43117099999,SOLAPUR,17.628,75.935,22.0,1017.1,83.11
1979-01-22T06:00:00,43117099999,SOLAPUR,17.628,75.935,27.0,1015.6,54.33
1979-01-22T09:00:00,43117099999,SOLAPUR,17.628,75.935,31.0,1011.2,40.45
1979-01-22T12:00:00,43117099999,SOLAPUR,17.628,75.935,31.0,1010.7,37.94
1979-01-22T15:00:00,43117099999,SOLAPUR,17.628,75.935,28.0,1013.2,42.28
1979-01-22T18:00:00,43117099999,SOLAPUR,17.628,75.935,23.0,1015.1,46.74
1979-01-22T21:00:00,43117099999,SOLAPUR,17.628,75.935,21.0,1014.5,56.41
1979-01-23T00:00:00,43117099999,SOLAPUR,17.628,75.935,19.0,1015.2,72.76
1979-01-23T03:00:00,43117099999,SOLAPUR,17.628,75.935,21.0,1017.3,77.92
1979-01-23T06:00:00,43117099999,SOLAPUR,17.628,75.935,26.0,1016.7,57.63
1979-01-23T12:00:00,43117099999,SOLAPUR,17.628,75.935,30.0,1011.7,45.64
1979-01-23T18:00:00,43117099999,SOLAPUR,17.628,75.935,24.0,1015.8,50.2
1979-01-23T21:00:00,43117099999,SOLAPUR,17.628,75.935,22.0,1014.9,60.47
1979-01-24T00:00:00,43117099999,SOLAPUR,17.628,75.935,20.0,1015.7,82.87
1979-01-24T03:00:00,43117099999,SOLAPUR,17.628,75.935,22.0,1018.1,78.06
1979-01-24T06:00:00,43117099999,SOLAPUR,17.628,75.935,27.0,1017.3,61.61
1979-01-24T09:00:00,43117099999,SOLAPUR,17.628,75.935,31.0,1013.0,55.32
1979-01-24T12:00:00,43117099999,SOLAPUR,17.628,75.935,31.0,1012.6,43.1
1979-01-24T15:00:00,43117099999,SOLAPUR,17.628,75.935,27.0,1015.4,61.61
1979-01-24T18:00:00,43117099999,SOLAPUR,17.628,75.935,24.0,1017.0,53.58
1979-01-25T06:00:00,43117099999,SOLAPUR,17.628,75.935,27.0,1018.4,65.56
1979-01-25T12:00:00,43117099999,SOLAPUR,17.628,75.935,31.0,1013.1,37.94
1979-01-25T15:00:00,43117099999,SOLAPUR,17.628,75.935,31.0,1015.2,37.94
1979-01-25T18:00:00,43117099999,SOLAPUR,17.628,75.935,23.0,1016.3,53.32
1979-01-25T21:00:00,43117099999,SOLAPUR,17.628,75.935,22.0,1015.3,60.47
1979-01-26T00:00:00,43117099999,SOLAPUR,17.628,75.935,20.0,1015.0,68.38
1979-01-26T06:00:00,43117099999,SOLAPUR,17.628,75.935,28.0,1015.4,51.25
1979-01-26T12:00:00,43117099999,SOLAPUR,17.628,75.935,31.0,1009.6,29.21
1979-01-26T18:00:00,43117099999,SOLAPUR,17.628,75.935,24.0,1011.8,47.01
1979-01-26T21:00:00,43117099999,SOLAPUR,17.628,75.935,27.0,,44.83
1979-01-27T00:00:00,43117099999,SOLAPUR,17.628,75.935,20.0,1011.9,64.07
1979-01-27T06:00:00,43117099999,SOLAPUR,17.628,75.935,28.0,1011.3,48.09
1979-01-27T09:00:00,43117099999,SOLAPUR,17.628,75.935,32.0,1006.4,29.48
1979-01-27T12:00:00,43117099999,SOLAPUR,17.628,75.935,32.0,1005.1,31.48
1979-01-27T18:00:00,43117099999,SOLAPUR,17.628,75.935,24.0,1009.2,41.17
1979-01-27T21:00:00,43117099999,SOLAPUR,17.628,75.935,23.0,1008.1,23.42
1979-01-28T00:00:00,43117099999,SOLAPUR,17.628,75.935,21.0,1008.6,64.29
1979-01-28T03:00:00,43117099999,SOLAPUR,17.628,75.935,22.0,1010.7,64.5
1979-01-28T06:00:00,43117099999,SOLAPUR,17.628,75.935,28.0,1009.8,58.11
1979-01-28T09:00:00,43117099999,SOLAPUR,17.628,75.935,31.0,1005.9,43.1
1979-01-28T12:00:00,43117099999,SOLAPUR,17.628,75.935,31.0,1005.1,40.45
1979-01-28T15:00:00,43117099999,SOLAPUR,17.628,75.935,27.0,1007.3,50.99
1979-01-28T18:00:00,43117099999,SOLAPUR,17.628,75.935,25.0,1008.0,57.39
1979-01-29T00:00:00,43117099999,SOLAPUR,17.628,75.935,21.0,1008.1,68.58
1979-01-29T03:00:00,43117099999,SOLAPUR,17.628,75.935,21.0,1011.5,68.58
1979-01-29T06:00:00,43117099999,SOLAPUR,17.628,75.935,25.0,1010.8,65.15
1979-01-29T09:00:00,43117099999,SOLAPUR,17.628,75.935,30.0,1006.2,51.76
1979-01-29T12:00:00,43117099999,SOLAPUR,17.628,75.935,31.0,1005.4,45.91
1979-01-29T18:00:00,43117099999,SOLAPUR,17.628,75.935,26.0,1008.8,54.08
1979-01-29T21:00:00,43117099999,SOLAPUR,17.628,75.935,23.0,1009.5,60.7
1979-01-30T00:00:00,43117099999,SOLAPUR,17.628,75.935,20.0,1010.3,68.38
1979-01-30T03:00:00,43117099999,SOLAPUR,17.628,75.935,20.0,1011.8,64.07
1979-01-30T06:00:00,43117099999,SOLAPUR,17.628,75.935,25.0,1011.1,53.83
1979-01-30T09:00:00,43117099999,SOLAPUR,17.628,75.935,30.0,1006.9,45.64
1979-01-30T12:00:00,43117099999,SOLAPUR,17.628,75.935,30.0,1005.5,48.62
1979-01-30T15:00:00,43117099999,SOLAPUR,17.628,75.935,26.0,1008.1,54.08
1979-01-30T18:00:00,43117099999,SOLAPUR,17.628,75.935,24.0,1009.0,57.15
1979-01-30T21:00:00,43117099999,SOLAPUR,17.628,75.935,21.0,1009.0,60.24
1979-01-31T00:00:00,43117099999,SOLAPUR,17.628,75.935,19.0,1009.5,68.18
1979-01-31T03:00:00,43117099999,SOLAPUR,17.628,75.935,19.0,1011.9,59.76
1979-01-31T06:00:00,43117099999,SOLAPUR,17.628,75.935,27.0,1010.4,44.83
1979-01-31T09:00:00,43117099999,SOLAPUR,17.628,75.935,32.0,1005.4,43.38
1979-01-31T12:00:00,43117099999,SOLAPUR,17.628,75.935,33.0,1004.7,36.12
1979-01-31T15:00:00,43117099999,SOLAPUR,17.628,75.935,28.0,1007.4,39.62
1979-01-31T18:00:00,43117099999,SOLAPUR,17.628,75.935,25.0,1009.4,50.46
1979-02-01T00:00:00,43117099999,SOLAPUR,17.628,75.935,18.0,1010.9,67.97
1979-02-01T06:00:00,43117099999,SOLAPUR,17.628,75.935,23.0,1013.6,49.93
1979-02-01T09:00:00,43117099999,SOLAPUR,17.628,75.935,28.0,1009.0,34.73
1979-02-01T12:00:00,43117099999,SOLAPUR,17.628,75.935,29.0,1009.0,32.77
1979-02-01T15:00:00,43117099999,SOLAPUR,17.628,75.935,25.0,1012.2,31.65
1979-02-01T18:00:00,43117099999,SOLAPUR,17.628,75.935,27.0,1012.1,21.28
1979-02-01T21:00:00,43117099999,SOLAPUR,17.628,75.935,19.0,1012.7,
1979-02-02T00:00:00,43117099999,SOLAPUR,17.628,75.935,15.0,1014.1,47.75
1979-02-02T06:00:00,43117099999,SOLAPUR,17.628,75.935,25.0,1014.1,33.88
1979-02-02T09:00:00,43117099999,SOLAPUR,17.628,75.935,29.0,1010.6,30.66
1979-02-02T12:00:00,43117099999,SOLAPUR,17.628,75.935,30.0,1010.0,22.05
1979-02-02T15:00:00,43117099999,SOLAPUR,17.628,75.935,25.0,1013.8,38.78
1979-02-02T18:00:00,43117099999,SOLAPUR,17.628,75.935,22.0,1013.3,40.6
1979-02-03T00:00:00,43117099999,SOLAPUR,17.628,75.935,17.0,1014.4,59.28
1979-02-03T06:00:00,43117099999,SOLAPUR,17.628,75.935,27.0,1014.5,34.45
1979-02-03T09:00:00,43117099999,SOLAPUR,17.628,75.935,30.0,1009.6,30.93
1979-02-03T12:00:00,43117099999,SOLAPUR,17.628,75.935,31.0,1008.0,29.21
1979-02-03T18:00:00,43117099999,SOLAPUR,17.628,75.935,23.0,1012.6,78.21
1979-02-04T00:00:00,43117099999,SOLAPUR,17.628,75.935,20.0,1011.1,52.54
1979-02-04T03:00:00,43117099999,SOLAPUR,17.628,75.935,21.0,1014.8,49.4
1979-02-04T06:00:00,43117099999,SOLAPUR,17.628,75.935,27.0,1013.9,50.99
1979-02-04T09:00:00,43117099999,SOLAPUR,17.628,75.935,31.0,1009.5,48.88
1979-02-04T12:00:00,43117099999,SOLAPUR,17.628,75.935,31.0,1008.0,43.1
1979-02-04T18:00:00,43117099999,SOLAPUR,17.628,75.935,27.0,1011.6,57.87
1979-02-04T21:00:00,43117099999,SOLAPUR,17.628,75.935,24.0,1011.6,78.35
1979-02-05T00:00:00,43117099999,SOLAPUR,17.628,75.935,22.0,1012.7,88.44
1979-02-05T03:00:00,43117099999,SOLAPUR,17.628,75.935,23.0,1014.7,83.22
1979-02-05T09:00:00,43117099999,SOLAPUR,17.628,75.935,33.0,1009.7,46.44
1979-02-05T12:00:00,43117099999,SOLAPUR,17.628,75.935,32.0,1009.0,43.38
1979-02-05T18:00:00,43117099999,SOLAPUR,17.628,75.935,25.0,1013.2,61.16
1979-02-05T21:00:00,43117099999,SOLAPUR,17.628,75.935,25.0,1012.3,69.36
1979-02-06T00:00:00,43117099999,SOLAPUR,17.628,75.935,23.0,1013.4,83.22
1979-02-06T03:00:00,43117099999,SOLAPUR,17.628,75.935,23.0,1015.7,83.22
1979-02-06T06:00:00,43117099999,SOLAPUR,17.628,75.935,29.0,1014.4,100.0
1979-02-06T09:00:00,43117099999,SOLAPUR,17.628,75.935,33.0,1009.4,49.4
1979-02-06T12:00:00,43117099999,SOLAPUR,17.628,75.935,32.0,1008.1,43.38
1979-02-06T15:00:00,43117099999,SOLAPUR,17.628,75.935,29.0,1010.1,51.5
1979-02-06T18:00:00,43117099999,SOLAPUR,17.628,75.935,27.0,1011.8,61.61
1979-02-06T21:00:00,43117099999,SOLAPUR,17.628,75.935,24.0,1011.1,64.93
1979-02-07T00:00:00,43117099999,SOLAPUR,17.628,75.935,22.0,1011.9,73.29
1979-02-07T03:00:00,43117099999,SOLAPUR,17.628,75.935,22.0,1013.7,83.11
1979-02-07T06:00:00,43117099999,SOLAPUR,17.628,75.935,26.0,1013.6,65.36
1979-02-07T09:00:00,43117099999,SOLAPUR,17.628,75.935,30.0,1008.7,48.62
1979-02-07T12:00:00,43117099999,SOLAPUR,17.628,75.935,32.0,1007.1,40.72
1979-02-07T15:00:00,43117099999,SOLAPUR,17.628,75.935,28.0,1009.6,54.58
1979-02-07T18:00:00,43117099999,SOLAPUR,17.628,75.935,25.0,1011.8,50.46
1979-02-07T21:00:00,43117099999,SOLAPUR,17.628,75.935,21.0,1011.8,56.41
1979-02-08T00:00:00,43117099999,SOLAPUR,17.628,75.935,21.0,1011.9,60.24
1979-02-08T06:00:00,43117099999,SOLAPUR,17.628,75.935,28.0,1013.0,30.38
1979-02-08T09:00:00,43117099999,SOLAPUR,17.628,75.935,31.0,1008.8,27.33
1979-02-08T12:00:00,43117099999,SOLAPUR,17.628,75.935,32.0,1007.6,22.56
1979-02-08T18:00:00,43117099999,SOLAPUR,17.628,75.935,23.0,1011.4,33.32
1979-02-08T21:00:00,43117099999,SOLAPUR,17.628,75.935,,1011.2,
1979-02-09T00:00:00,43117099999,SOLAPUR,17.628,75.935,18.0,1011.5,55.66
1979-02-09T03:00:00,43117099999,SOLAPUR,17.628,75.935,19.0,1014.1,55.91
1979-02-09T06:00:00,43117099999,SOLAPUR,17.628,75.935,28.0,1011.7,54.58
1979-02-09T09:00:00,43117099999,SOLAPUR,17.628,75.935,33.0,1007.8,27.87
1979-02-09T12:00:00,43117099999,SOLAPUR,17.628,75.935,32.0,1007.0,22.56
1979-02-09T15:00:00,43117099999,SOLAPUR,17.628,75.935,27.0,1009.6,34.45
1979-02-09T18:00:00,43117099999,SOLAPUR,17.628,75.935,24.0,1010.0,64.93
1979-02-09T21:00:00,43117099999,SOLAPUR,17.628,75.935,23.0,1009.8,49.93
1979-02-10T00:00:00,43117099999,SOLAPUR,17.628,75.935,20.0,1009.8,64.07
1979-02-10T03:00:00,43117099999,SOLAPUR,17.628,75.935,21.0,1012.0,73.11
1979-02-10T06:00:00,43117099999,SOLAPUR,17.628,75.935,29.0,1011.1,42.56
1979-02-10T09:00:00,43117099999,SOLAPUR,17.628,75.935,33.0,1007.3,29.76
1979-02-10T12:00:00,43117099999,SOLAPUR,17.628,75.935,33.0,1006.4,26.08
1979-02-10T15:00:00,43117099999,SOLAPUR,17.628,75.935,,1009.3,
1979-02-10T18:00:00,43117099999,SOLAPUR,17.628,75.935,24.0,1010.7,44.01
1979-02-10T21:00:00,43117099999,SOLAPUR,17.628,75.935,23.0,1010.4,40.89
1979-02-11T00:00:00,43117099999,SOLAPUR,17.628,75.935,20.0,1010.8,64.07
1979-02-11T06:00:00,43117099999,SOLAPUR,17.628,75.935,30.0,1012.2,37.66
1979-02-11T09:00:00,43117099999,SOLAPUR,17.628,75.935,33.0,1008.3,33.88
1979-02-11T12:00:00,43117099999,SOLAPUR,17.628,75.935,33.0,1007.3,26.08
1979-02-11T18:00:00,43117099999,SOLAPUR,17.628,75.935,25.0,1010.8,38.78
1979-02-11T21:00:00,43117099999,SOLAPUR,17.628,75.935,23.0,1010.5,49.93
1979-02-12T00:00:00,43117099999,SOLAPUR,17.628,75.935,23.0,1010.3,60.7
1979-02-12T06:00:00,43117099999,SOLAPUR,17.628,75.935,29.0,1012.7,45.37
1979-02-12T09:00:00,43117099999,SOLAPUR,17.628,75.935,33.0,1008.1,29.76
1979-02-12T12:00:00,43117099999,SOLAPUR,17.628,75.935,32.0,1007.6,24.14
1979-02-12T15:00:00,43117099999,SOLAPUR,17.628,75.935,27.0,1010.3,39.34
1979-02-12T18:00:00,43117099999,SOLAPUR,17.628,75.935,25.0,1013.1,61.16
1979-02-12T21:00:00,43117099999,SOLAPUR,17.628,75.935,23.0,1012.1,68.97
1979-02-13T00:00:00,43117099999,SOLAPUR,17.628,75.935,22.0,1012.4,60.47
1979-02-13T03:00:00,43117099999,SOLAPUR,17.628,75.935,22.0,1014.4,46.47
1979-02-13T06:00:00,43117099999,SOLAPUR,17.628,75.935,28.0,1013.1,42.28
1979-02-13T09:00:00,43117099999,SOLAPUR,17.628,75.935,31.0,1008.4,27.33
1979-02-13T12:00:00,43117099999,SOLAPUR,17.628,75.935,32.0,1007.1,29.48
1979-02-13T15:00:00,43117099999,SOLAPUR,17.628,75.935,28.0,1009.4,42.28
1979-02-13T18:00:00,43117099999,SOLAPUR,17.628,75.935,25.0,1009.9,41.45
1979-02-13T21:00:00,43117099999,SOLAPUR,17.628,75.935,21.0,1009.0,43.17
1979-02-14T00:00:00,43117099999,SOLAPUR,17.628,75.935,20.0,1009.3,52.54
1979-02-14T03:00:00,43117099999,SOLAPUR,17.628,75.935,20.0,1012.0,40.03
1979-02-14T06:00:00,43117099999,SOLAPUR,17.628,75.935,29.0,1009.6,42.56
1979-02-14T09:00:00,43117099999,SOLAPUR,17.628,75.935,33.0,1005.1,36.12
1979-02-14T12:00:00,43117099999,SOLAPUR,17.628,75.935,33.0,1004.3,33.88
1979-02-14T18:00:00,43117099999,SOLAPUR,17.628,75.935,25.0,1007.9,38.78
1979-02-14T21:00:00,43117099999,SOLAPUR,17.628,75.935,23.0,1009.3,46.74
1979-02-15T00:00:00,43117099999,SOLAPUR,17.628,75.935,21.0,1009.0,56.41
1979-02-15T03:00:00,43117099999,SOLAPUR,17.628,75.935,21.0,1012.6,60.24
1979-02-15T06:00:00,43117099999,SOLAPUR,17.628,75.935,26.0,1011.5,44.56
1979-02-15T09:00:00,43117099999,SOLAPUR,17.628,75.935,30.0,1007.0,42.83
1979-02-15T12:00:00,43117099999,SOLAPUR,17.628,75.935,31.0,1006.4,25.55
1979-02-15T15:00:00,43117099999,SOLAPUR,17.628,75.935,27.0,1008.7,36.82
1979-02-15T18:00:00,43117099999,SOLAPUR,17.628,75.935,24.0,1010.5,47.01
1979-02-15T21:00:00,43117099999,SOLAPUR,17.628,75.935,23.0,1010.2,49.93
1979-02-16T00:00:00,43117099999,SOLAPUR,17.628,75.935,20.0,1010.8,64.07
1979-02-16T03:00:00,43117099999,SOLAPUR,17.628,75.935,21.0,1014.8,
1979-02-16T06:00:00,43117099999,SOLAPUR,17.628,75.935,27.0,1013.6,54.33
1979-02-16T09:00:00,43117099999,SOLAPUR,17.628,75.935,30.0,1008.9,42.83
1979-02-16T12:00:00,43117099999,SOLAPUR,17.628,75.935,31.0,1008.0,40.45
1979-02-16T15:00:00,43117099999,SOLAPUR,17.628,75.935,27.0,1010.3,50.99
1979-02-16T18:00:00,43117099999,SOLAPUR,17.628,75.935,26.0,1010.9,47.55
1979-02-17T00:00:00,43117099999,SOLAPUR,17.628,75.935,22.0,1011.3,49.67
1979-02-17T03:00:00,43117099999,SOLAPUR,17.628,75.935,21.0,1013.9,52.8
1979-02-17T06:00:00,43117099999,SOLAPUR,17.628,75.935,29.0,1012.4,42.56
1979-02-17T09:00:00,43117099999,SOLAPUR,17.628,75.935,33.0,1007.3,41.0
1979-02-17T12:00:00,43117099999,SOLAPUR,17.628,75.935,33.0,1006.7,36.12
1979-02-17T18:00:00,43117099999,SOLAPUR,17.628,75.935,25.0,1010.1,47.28
1979-02-18T00:00:00,43117099999,SOLAPUR,17.628,75.935,22.0,1010.5,56.66
1979-02-18T06:00:00,43117099999,SOLAPUR,17.628,75.935,30.0,1010.4,48.62
1979-02-18T09:00:00,43117099999,SOLAPUR,17.628,75.935,33.0,1006.3,43.65
1979-02-18T12:00:00,43117099999,SOLAPUR,17.628,75.935,33.0,1004.9,36.12
1979-02-18T18:00:00,43117099999,SOLAPUR,17.628,75.935,27.0,1008.8,50.99
1979-02-18T21:00:00,43117099999,SOLAPUR,17.628,75.935,23.0,1009.0,64.72
1979-02-19T00:00:00,43117099999,SOLAPUR,17.628,75.935,22.0,1010.0,64.5
1979-02-19T06:00:00,43117099999,SOLAPUR,17.628,75.935,27.0,1013.3,57.87
1979-02-19T09:00:00,43117099999,SOLAPUR,17.628,75.935,31.0,1009.0,48.88
1979-02-19T12:00:00,43117099999,SOLAPUR,17.628,75.935,32.0,1007.1,46.18
1979-02-19T18:00:00,43117099999,SOLAPUR,17.628,75.935,25.0,1012.4,53.83
1979-02-20T00:00:00,43117099999,SOLAPUR,17.628,75.935,19.0,1012.9,68.18
1979-02-20T03:00:00,43117099999,SOLAPUR,17.628,75.935,21.0,1014.6,68.58
1979-02-20T06:00:00,43117099999,SOLAPUR,17.628,75.935,27.0,1013.7,39.34
1979-02-20T09:00:00,43117099999,SOLAPUR,17.628,75.935,31.0,1009.3,27.33
1979-02-20T12:00:00,43117099999,SOLAPUR,17.628,75.935,31.0,1008.2,31.21
1979-02-20T15:00:00,43117099999,SOLAPUR,17.628,75.935,28.0,1009.9,39.62
1979-02-20T18:00:00,43117099999,SOLAPUR,17.628,75.935,24.0,1011.1,44.01
1979-02-20T21:00:00,43117099999,SOLAPUR,17.628,75.935,22.0,1010.8,43.45
1979-02-21T00:00:00,43117099999,SOLAPUR,17.628,75.935,20.0,1011.6,45.91
1979-02-21T03:00:00,43117099999,SOLAPUR,17.628,75.935,21.0,1013.5,37.64
1979-02-21T06:00:00,43117099999,SOLAPUR,17.628,75.935,29.0,1011.7,37.38
1979-02-21T09:00:00,43117099999,SOLAPUR,17.628,75.935,33.0,1007.0,27.87
1979-02-21T12:00:00,43117099999,SOLAPUR,17.628,75.935,34.0,1005.8,24.66
1979-02-21T18:00:00,43117099999,SOLAPUR,17.628,75.935,25.0,1009.6,41.45
1979-02-22T03:00:00,43117099999,SOLAPUR,17.628,75.935,21.0,1011.7,46.19
1979-02-22T06:00:00,43117099999,SOLAPUR,17.628,75.935,31.0,1009.9,43.1
1979-02-22T09:00:00,43117099999,SOLAPUR,17.628,75.935,34.0,1005.3,28.13
1979-02-22T12:00:00,43117099999,SOLAPUR,17.628,75.935,34.0,1004.0,28.13
1979-02-22T15:00:00,43117099999,SOLAPUR,17.628,75.935,30.0,1007.1,28.94
1979-02-22T18:00:00,43117099999,SOLAPUR,17.628,75.935,26.0,1008.9,31.93
1979-02-22T21:00:00,43117099999,SOLAPUR,17.628,75.935,23.0,1008.4,33.32
1979-02-23T00:00:00,43117099999,SOLAPUR,17.628,75.935,18.0,1009.8,48.58
1979-02-23T03:00:00,43117099999,SOLAPUR,17.628,75.935,20.0,1011.9,56.16
1979-02-23T06:00:00,43117099999,SOLAPUR,17.628,75.935,29.0,1010.3,32.77
1979-02-23T09:00:00,43117099999,SOLAPUR,17.628,75.935,34.0,1005.9,15.29
1979-02-23T12:00:00,43117099999,SOLAPUR,17.628,75.935,34.0,1007.1,16.4
1979-02-23T18:00:00,43117099999,SOLAPUR,17.628,75.935,25.0,1009.3,27.57
1979-02-24T00:00:00,43117099999,SOLAPUR,17.628,75.935,19.0,1010.0,42.6
1979-02-24T03:00:00,43117099999,SOLAPUR,17.628,75.935,20.0,1012.4,49.13
1979-02-24T06:00:00,43117099999,SOLAPUR,17.628,75.935,30.0,1010.8,33.05
1979-02-24T09:00:00,43117099999,SOLAPUR,17.628,75.935,34.0,1006.9,20.16
1979-02-24T12:00:00,43117099999,SOLAPUR,17.628,75.935,33.0,1006.7,21.32
1979-02-24T18:00:00,43117099999,SOLAPUR,17.628,75.935,24.0,1010.3,25.43
1979-02-24T21:00:00,43117099999,SOLAPUR,17.628,75.935,23.0,1009.7,27.01
1979-02-25T00:00:00,43117099999,SOLAPUR,17.628,75.935,18.0,1011.4,48.58
1979-02-25T03:00:00,43117099999,SOLAPUR,17.628,75.935,19.0,1012.9,37.06
1979-02-25T06:00:00,43117099999,SOLAPUR,17.628,75.935,30.0,1010.5,27.06
1979-02-25T09:00:00,43117099999,SOLAPUR,17.628,75.935,33.0,1006.2,29.76
1979-02-25T12:00:00,43117099999,SOLAPUR,17.628,75.935,33.0,1005.8,22.82
1979-02-25T15:00:00,43117099999,SOLAPUR,17.628,75.935,28.0,1008.7,30.38
1979-02-25T18:00:00,43117099999,SOLAPUR,17.628,75.935,24.0,1010.7,27.29
1979-02-26T00:00:00,43117099999,SOLAPUR,17.628,75.935,20.0,1012.0,42.88
1979-02-26T06:00:00,43117099999,SOLAPUR,17.628,75.935,30.0,1012.8,42.83
1979-02-26T09:00:00,43117099999,SOLAPUR,17.628,75.935,33.0,1007.9,41.0
1979-02-26T12:00:00,43117099999,SOLAPUR,17.628,75.935,33.0,1007.0,24.4
1979-02-26T15:00:00,43117099999,SOLAPUR,17.628,75.935,30.0,1009.9,33.05
1979-02-26T18:00:00,43117099999,SOLAPUR,17.628,75.935,26.0,1011.6,41.73
1979-02-26T21:00:00,43117099999,SOLAPUR,17.628,75.935,24.0,1010.5,50.2
1979-02-27T00:00:00,43117099999,SOLAPUR,17.628,75.935,22.0,1011.1,56.66
1979-02-27T03:00:00,43117099999,SOLAPUR,17.628,75.935,25.0,1013.1,47.28
1979-02-27T06:00:00,43117099999,SOLAPUR,17.628,75.935,30.0,1012.1,55.08
1979-02-27T12:00:00,43117099999,SOLAPUR,17.628,75.935,25.0,1009.2,78.5
1979-02-27T15:00:00,43117099999,SOLAPUR,17.628,75.935,23.0,1010.8,73.46
1979-02-27T18:00:00,43117099999,SOLAPUR,17.628,75.935,21.0,1012.2,88.35
1979-02-27T21:00:00,43117099999,SOLAPUR,17.628,75.935,20.0,1011.5,88.27
1979-02-28T00:00:00,43117099999,SOLAPUR,17.628,75.935,19.0,1011.3,100.0
1979-02-28T03:00:00,43117099999,SOLAPUR,17.628,75.935,20.0,,52.54
1979-02-28T06:00:00,43117099999,SOLAPUR,17.628,75.935,28.0,1012.6,48.09
1979-02-28T09:00:00,43117099999,SOLAPUR,17.628,75.935,30.0,1008.6,55.08
1979-02-28T12:00:00,43117099999,SOLAPUR,17.628,75.935,28.0,1009.1,58.11
1979-02-28T18:00:00,43117099999,SOLAPUR,17.628,75.935,22.0,1013.3,64.5
1979-02-28T21:00:00,43117099999,SOLAPUR,17.628,75.935,22.0,1012.5,73.29
1979-03-01T00:00:00,43117099999,SOLAPUR,17.628,75.935,20.0,1013.1,82.87
1979-03-01T03:00:00,43117099999,SOLAPUR,17.628,75.935,22.0,1015.5,83.11
1979-03-01T06:00:00,43117099999,SOLAPUR,17.628,75.935,27.0,1015.0,50.99
1979-03-01T09:00:00,43117099999,SOLAPUR,17.628,75.935,30.0,1011.5,33.05
1979-03-01T12:00:00,43117099999,SOLAPUR,17.628,75.935,31.0,1010.3,23.88
1979-03-01T18:00:00,43117099999,SOLAPUR,17.628,75.935,25.0,1013.6,69.36
1979-03-01T21:00:00,43117099999,SOLAPUR,17.628,75.935,23.0,1013.5,60.7
1979-03-02T00:00:00,43117099999,SOLAPUR,17.628,75.935,22.0,1013.5,64.5
1979-03-02T03:00:00,43117099999,SOLAPUR,17.628,75.935,23.0,1016.3,60.7
1979-03-02T06:00:00,43117099999,SOLAPUR,17.628,75.935,29.0,1015.1,37.38
1979-03-02T09:00:00,43117099999,SOLAPUR,17.628,75.935,31.0,1010.9,33.32
1979-03-02T12:00:00,43117099999,SOLAPUR,17.628,75.935,32.0,1009.7,27.6
1979-03-02T15:00:00,43117099999,SOLAPUR,17.628,75.935,28.0,1012.6,37.1
1979-03-02T18:00:00,43117099999,SOLAPUR,17.628,75.935,25.0,1013.9,44.28
1979-03-02T21:00:00,43117099999,SOLAPUR,17.628,75.935,23.0,1013.7,94.11
1979-03-03T00:00:00,43117099999,SOLAPUR,17.628,75.935,20.0,1014.5,68.38
1979-03-03T03:00:00,43117099999,SOLAPUR,17.628,75.935,23.0,1016.1,56.91
1979-03-03T06:00:00,43117099999,SOLAPUR,17.628,75.935,29.0,1015.1,39.9
1979-03-03T09:00:00,43117099999,SOLAPUR,17.628,75.935,32.0,1010.6,31.48
1979-03-03T12:00:00,43117099999,SOLAPUR,17.628,75.935,32.0,1009.4,29.48
1979-03-03T15:00:00,43117099999,SOLAPUR,17.628,75.935,28.0,1011.6,39.62
1979-03-03T18:00:00,43117099999,SOLAPUR,17.628,75.935,25.0,1013.2,36.26
1979-03-04T00:00:00,43117099999,SOLAPUR,17.628,75.935,22.0,1012.4,60.47
1979-03-04T03:00:00,43117099999,SOLAPUR,17.628,75.935,24.0,1014.4,64.93
1979-03-04T06:00:00,43117099999,SOLAPUR,17.628,75.935,31.0,1013.0,45.91
1979-03-04T09:00:00,43117099999,SOLAPUR,17.628,75.935,33.0,1008.8,38.49
1979-03-04T12:00:00,43117099999,SOLAPUR,17.628,75.935,33.0,1007.6,27.87
1979-03-04T18:00:00,43117099999,SOLAPUR,17.628,75.935,26.0,1012.8,34.17
1979-03-04T21:00:00,43117099999,SOLAPUR,17.628,75.935,24.0,1012.4,44.01
1979-03-05T00:00:00,43117099999,SOLAPUR,17.628,75.935,22.0,1012.5,56.66
1979-03-05T03:00:00,43117099999,SOLAPUR,17.628,75.935,24.0,1015.6,57.15
1979-03-05T06:00:00,43117099999,SOLAPUR,17.628,75.935,28.0,1015.0,39.62
1979-03-05T12:00:00,43117099999,SOLAPUR,17.628,75.935,34.0,1008.0,38.76
1979-03-05T18:00:00,43117099999,SOLAPUR,17.628,75.935,26.0,1012.3,50.73
1979-03-05T21:00:00,43117099999,SOLAPUR,17.628,75.935,24.0,1010.7,57.15
1979-03-06T00:00:00,43117099999,SOLAPUR,17.628,75.935,22.0,1012.1,68.77
1979-03-06T03:00:00,43117099999,SOLAPUR,17.628,75.935,27.0,1013.6,61.61
1979-03-06T06:00:00,43117099999,SOLAPUR,17.628,75.935,32.0,1013.0,40.72
1979-03-06T09:00:00,43117099999,SOLAPUR,17.628,75.935,35.0,1008.7,49.91
1979-03-06T12:00:00,43117099999,SOLAPUR,17.628,75.935,34.0,1007.5,24.66
1979-03-06T15:00:00,43117099999,SOLAPUR,17.628,75.935,30.0,1009.5,35.29
1979-03-06T18:00:00,43117099999,SOLAPUR,17.628,75.935,28.0,1010.5,34.73
1979-03-07T00:00:00,43117099999,SOLAPUR,17.628,75.935,24.0,1011.1,44.01
1979-03-07T03:00:00,43117099999,SOLAPUR,17.628,75.935,25.0,1012.9,38.78
1979-03-07T06:00:00,43117099999,SOLAPUR,17.628,75.935,32.0,1010.9,33.6
1979-03-07T09:00:00,43117099999,SOLAPUR,17.628,75.935,35.0,1006.8,32.3
1979-03-07T12:00:00,43117099999,SOLAPUR,17.628,75.935,35.0,1005.4,30.3
1979-03-07T15:00:00,43117099999,SOLAPUR,17.628,75.935,31.0,1007.2,35.56
1979-03-07T18:00:00,43117099999,SOLAPUR,17.628,75.935,29.0,1009.5,32.77
1979-03-08T00:00:00,43117099999,SOLAPUR,17.628,75.935,23.0,1009.4,46.74
1979-03-08T03:00:00,43117099999,SOLAPUR,17.628,75.935,24.0,1011.9,44.01
1979-03-08T06:00:00,43117099999,SOLAPUR,17.628,75.935,32.0,1010.2,25.82
1979-03-08T09:00:00,43117099999,SOLAPUR,17.628,75.935,34.0,1006.7,24.66
1979-03-08T12:00:00,43117099999,SOLAPUR,17.628,75.935,35.0,1005.1,24.92
1979-03-08T15:00:00,43117099999,SOLAPUR,17.628,75.935,30.0,1007.7,30.93
1979-03-08T18:00:00,43117099999,SOLAPUR,17.628,75.935,27.0,1009.4,24.49
1979-03-09T00:00:00,43117099999,SOLAPUR,17.628,75.935,21.0,1010.1,28.42
1979-03-09T06:00:00,43117099999,SOLAPUR,17.628,75.935,29.0,1011.7,21.79
1979-03-09T09:00:00,43117099999,SOLAPUR,17.628,75.935,32.0,1009.7,22.56
1979-03-09T12:00:00,43117099999,SOLAPUR,17.628,75.935,33.0,1006.2,15.08
1979-03-09T18:00:00,43117099999,SOLAPUR,17.628,75.935,23.0,1010.8,33.32
1979-03-10T00:00:00,43117099999,SOLAPUR,17.628,75.935,17.0,1011.8,51.75
1979-03-10T03:00:00,43117099999,SOLAPUR,17.628,75.935,19.0,1014.1,45.63
1979-03-10T06:00:00,43117099999,SOLAPUR,17.628,75.935,28.0,1012.4,37.1
1979-03-10T09:00:00,43117099999,SOLAPUR,17.628,75.935,33.0,1007.7,27.87
1979-03-10T12:00:00,43117099999,SOLAPUR,17.628,75.935,33.0,1006.1,26.08
1979-03-10T15:00:00,43117099999,SOLAPUR,17.628,75.935,28.0,1009.2,30.38
1979-03-10T18:00:00,43117099999,SOLAPUR,17.628,75.935,24.0,1010.7,53.58
1979-03-10T21:00:00,43117099999,SOLAPUR,17.628,75.935,21.0,,56.41
1979-03-11T00:00:00,43117099999,SOLAPUR,17.628,75.935,17.0,1010.9,63.4
1979-03-11T03:00:00,43117099999,SOLAPUR,17.628,75.935,20.0,1013.8,56.16
1979-03-11T06:00:00,43117099999,SOLAPUR,17.628,75.935,29.0,1012.0,37.38
1979-03-11T09:00:00,43117099999,SOLAPUR,17.628,75.935,34.0,1007.4,18.83
1979-03-11T12:00:00,43117099999,SOLAPUR,17.628,75.935,35.0,1006.1,21.82
1979-03-11T15:00:00,43117099999,SOLAPUR,17.628,75.935,28.0,1008.8,39.62
1979-03-11T18:00:00,43117099999,SOLAPUR,17.628,75.935,26.0,1010.8,44.56
1979-03-11T21:00:00,43117099999,SOLAPUR,17.628,75.935,23.0,1010.1,53.32
1979-03-12T00:00:00,43117099999,SOLAPUR,17.628,75.935,20.0,1011.5,49.13
1979-03-12T03:00:00,43117099999,SOLAPUR,17.628,75.935,23.0,1013.5,38.21
1979-03-12T06:00:00,43117099999,SOLAPUR,17.628,75.935,33.0,1011.4,36.12
1979-03-12T09:00:00,43117099999,SOLAPUR,17.628,75.935,36.0,1006.8,28.67
1979-03-12T12:00:00,43117099999,SOLAPUR,17.628,75.935,36.0,1005.4,28.67
1979-03-12T18:00:00,43117099999,SOLAPUR,17.628,75.935,26.0,1010.1,41.73
1979-03-12T21:00:00,43117099999,SOLAPUR,17.628,75.935,23.0,1009.4,43.73
1979-03-13T00:00:00,43117099999,SOLAPUR,17.628,75.935,21.0,1010.6,52.8
1979-03-13T03:00:00,43117099999,SOLAPUR,17.628,75.935,24.0,1012.9,38.49
1979-03-13T06:00:00,43117099999,SOLAPUR,17.628,75.935,33.0,1011.2,36.12
1979-03-13T09:00:00,43117099999,SOLAPUR,17.628,75.935,36.0,1006.4,32.57
1979-03-13T12:00:00,43117099999,SOLAPUR,17.628,75.935,36.0,1005.1,34.7
1979-03-13T15:00:00,43117099999,SOLAPUR,17.628,75.935,30.0,1008.1,40.17
1979-03-13T18:00:00,43117099999,SOLAPUR,17.628,75.935,26.0,1009.7,39.06
1979-03-13T21:00:00,43117099999,SOLAPUR,17.628,75.935,20.0,1009.4,56.16
1979-03-14T03:00:00,43117099999,SOLAPUR,17.628,75.935,24.0,1011.8,
1979-03-14T06:00:00,43117099999,SOLAPUR,17.628,75.935,34.0,1009.9,38.76
1979-03-14T12:00:00,43117099999,SOLAPUR,17.628,75.935,37.0,1003.9,23.84
1979-03-14T18:00:00,43117099999,SOLAPUR,17.628,75.935,27.0,1008.5,39.34
1979-03-14T21:00:00,43117099999,SOLAPUR,17.628,75.935,26.0,1008.1,41.73
1979-03-15T00:00:00,43117099999,SOLAPUR,17.628,75.935,22.0,1009.4,49.67
1979-03-15T03:00:00,43117099999,SOLAPUR,17.628,75.935,25.0,1011.5,36.26
1979-03-15T06:00:00,43117099999,SOLAPUR,17.628,75.935,34.0,1009.8,38.76
1979-03-15T09:00:00,43117099999,SOLAPUR,17.628,75.935,37.0,1006.1,30.84
1979-03-15T12:00:00,43117099999,SOLAPUR,17.628,75.935,37.0,1004.5,34.97
1979-03-15T18:00:00,43117099999,SOLAPUR,17.628,75.935,27.0,1009.0,42.01
1979-03-16T00:00:00,43117099999,SOLAPUR,17.628,75.935,23.0,1009.3,53.32
1979-03-16T03:00:00,43117099999,SOLAPUR,17.628,75.935,27.0,,44.83
1979-03-16T06:00:00,43117099999,SOLAPUR,17.628,75.935,36.0,1008.7,39.31
1979-03-16T12:00:00,43117099999,SOLAPUR,17.628,75.935,38.0,1003.7,37.48
1979-03-16T18:00:00,43117099999,SOLAPUR,17.628,75.935,29.0,1007.9,48.35
1979-03-16T21:00:00,43117099999,SOLAPUR,17.628,75.935,26.0,1007.9,50.73
1979-03-17T00:00:00,43117099999,SOLAPUR,17.628,75.935,24.0,1008.2,53.58
1979-03-17T06:00:00,43117099999,SOLAPUR,17.628,75.935,36.0,1008.0,44.45
1979-03-17T09:00:00,43117099999,SOLAPUR,17.628,75.935,38.0,1004.0,44.97
1979-03-17T12:00:00,43117099999,SOLAPUR,17.628,75.935,38.0,1003.0,42.34
1979-03-17T15:00:00,43117099999,SOLAPUR,17.628,75.935,33.0,1006.0,46.44
1979-03-17T18:00:00,43117099999,SOLAPUR,17.628,75.935,30.0,1008.2,42.83
1979-03-18T00:00:00,43117099999,SOLAPUR,17.628,75.935,23.0,1008.8,53.32
1979-03-18T06:00:00,43117099999,SOLAPUR,17.628,75.935,35.0,1008.3,44.18
1979-03-18T09:00:00,43117099999,SOLAPUR,17.628,75.935,38.0,1004.5,47.75
1979-03-18T12:00:00,43117099999,SOLAPUR,17.628,75.935,37.0,1003.3,42.08
1979-03-18T18:00:00,43117099999,SOLAPUR,17.628,75.935,30.0,1008.1,40.17
1979-03-18T21:00:00,43117099999,SOLAPUR,17.628,75.935,26.0,1007.7,47.55
1979-03-19T00:00:00,43117099999,SOLAPUR,17.628,75.935,24.0,1008.3,47.01
1979-03-19T03:00:00,43117099999,SOLAPUR,17.628,75.935,25.0,1011.1,41.45
1979-03-19T06:00:00,43117099999,SOLAPUR,17.628,75.935,34.0,1009.0,32.03
1979-03-19T09:00:00,43117099999,SOLAPUR,17.628,75.935,37.0,1005.0,20.9
1979-03-19T12:00:00,43117099999,SOLAPUR,17.628,75.935,38.0,1004.4,31.11
1979-03-19T18:00:00,43117099999,SOLAPUR,17.628,75.935,30.0,1009.5,42.83
1979-03-19T21:00:00,43117099999,SOLAPUR,17.628,75.935,27.0,1009.1,50.99
1979-03-20T00:00:00,43117099999,SOLAPUR,17.628,75.935,23.0,1008.6,53.32
1979-03-20T06:00:00,43117099999,SOLAPUR,17.628,75.935,36.0,1009.9,36.94
1979-03-20T09:00:00,43117099999,SOLAPUR,17.628,75.935,38.0,1006.3,35.24
1979-03-20T12:00:00,43117099999,SOLAPUR,17.628,75.935,38.0,1005.2,33.12
1979-03-20T15:00:00,43117099999,SOLAPUR,17.628,75.935,32.0,1007.7,40.72
1979-03-20T18:00:00,43117099999,SOLAPUR,17.628,75.935,29.0,1008.8,39.9
1979-03-20T21:00:00,43117099999,SOLAPUR,17.628,75.935,27.0,1008.9,42.01
1979-03-21T00:00:00,43117099999,SOLAPUR,17.628,75.935,24.0,1010.0,47.01
1979-03-21T06:00:00,43117099999,SOLAPUR,17.628,75.935,35.0,1009.9,41.54
1979-03-21T09:00:00,43117099999,SOLAPUR,17.628,75.935,38.0,1005.9,42.34
1979-03-21T12:00:00,43117099999,SOLAPUR,17.628,75.935,38.0,1004.8,42.34
1979-03-21T15:00:00,43117099999,SOLAPUR,17.628,75.935,33.0,1007.2,43.65
1979-03-21T18:00:00,43117099999,SOLAPUR,17.628,75.935,30.0,1008.5,45.64
1979-03-21T21:00:00,43117099999,SOLAPUR,17.628,75.935,26.0,1008.1,47.55
1979-03-22T00:00:00,43117099999,SOLAPUR,17.628,75.935,24.0,1009.2,50.2
1979-03-22T06:00:00,43117099999,SOLAPUR,17.628,75.935,35.0,1009.3,41.54
1979-03-22T09:00:00,43117099999,SOLAPUR,17.628,75.935,37.0,1005.3,44.71
1979-03-22T12:00:00,43117099999,SOLAPUR,17.628,75.935,38.0,1003.7,42.34
1979-03-22T15:00:00,43117099999,SOLAPUR,17.628,75.935,33.0,1006.2,
1979-03-22T18:00:00,43117099999,SOLAPUR,17.628,75.935,29.0,1007.8,51.5
1979-03-22T21:00:00,43117099999,SOLAPUR,17.628,75.935,28.0,1007.4,34.73
1979-03-23T00:00:00,43117099999,SOLAPUR,17.628,75.935,24.0,1007.5,57.15
1979-03-23T06:00:00,43117099999,SOLAPUR,17.628,75.935,35.0,1008.5,44.18
1979-03-23T12:00:00,43117099999,SOLAPUR,17.628,75.935,38.0,1003.0,42.34
1979-03-23T15:00:00,43117099999,SOLAPUR,17.628,75.935,33.0,1005.6,41.0
1979-03-23T18:00:00,43117099999,SOLAPUR,17.628,75.935,33.0,1007.9,43.65
1979-03-23T21:00:00,43117099999,SOLAPUR,17.628,75.935,28.0,1007.6,39.62
1979-03-24T00:00:00,43117099999,SOLAPUR,17.628,75.935,25.0,1008.4,47.28
1979-03-24T06:00:00,43117099999,SOLAPUR,17.628,75.935,35.0,1009.2,41.54
1979-03-24T09:00:00,43117099999,SOLAPUR,17.628,75.935,37.0,1005.1,39.58
1979-03-24T12:00:00,43117099999,SOLAPUR,17.628,75.935,38.0,1003.9,39.85
1979-03-24T18:00:00,43117099999,SOLAPUR,17.628,75.935,31.0,1008.5,52.01
1979-03-24T21:00:00,43117099999,SOLAPUR,17.628,75.935,28.0,1003.4,54.58
1979-03-25T00:00:00,43117099999,SOLAPUR,17.628,75.935,25.0,1009.2,57.39
1979-03-25T06:00:00,43117099999,SOLAPUR,17.628,75.935,34.0,1009.4,49.66
1979-03-25T09:00:00,43117099999,SOLAPUR,17.628,75.935,37.0,1005.6,47.49
1979-03-25T12:00:00,43117099999,SOLAPUR,17.628,75.935,38.0,1004.6,44.97
1979-03-25T15:00:00,43117099999,SOLAPUR,17.628,75.935,33.0,1007.3,49.4
1979-03-25T18:00:00,43117099999,SOLAPUR,17.628,75.935,30.0,1008.2,55.08
1979-03-25T21:00:00,43117099999,SOLAPUR,17.628,75.935,30.0,1007.6,58.58
1979-03-26T00:00:00,43117099999,SOLAPUR,17.628,75.935,27.0,1008.7,57.87
1979-03-26T03:00:00,43117099999,SOLAPUR,17.628,75.935,29.0,1011.2,51.5
1979-03-26T06:00:00,43117099999,SOLAPUR,17.628,75.935,36.0,1009.3,39.31
1979-03-26T07:00:00,43117099999,SOLAPUR,17.628,75.935,36.0,1009.3,39.31
1979-03-26T09:00:00,43117099999,SOLAPUR,17.628,75.935,39.0,1005.4,37.75
1979-03-26T12:00:00,43117099999,SOLAPUR,17.628,75.935,39.0,1004.3,37.75
1979-03-26T18:00:00,43117099999,SOLAPUR,17.628,75.935,31.0,1008.8,52.01
1979-03-26T21:00:00,43117099999,SOLAPUR,17.628,75.935,28.0,1009.0,51.25
1979-03-27T00:00:00,43117099999,SOLAPUR,17.628,75.935,26.0,1010.1,94.23
1979-03-27T03:00:00,43117099999,SOLAPUR,17.628,75.935,29.0,1012.0,37.38
1979-03-27T06:00:00,43117099999,SOLAPUR,17.628,75.935,36.0,1010.2,39.31
1979-03-27T09:00:00,43117099999,SOLAPUR,17.628,75.935,39.0,1005.5,33.39
1979-03-27T12:00:00,43117099999,SOLAPUR,17.628,75.935,39.0,1004.0,31.37
1979-03-27T15:00:00,43117099999,SOLAPUR,17.628,75.935,34.0,1006.2,38.76
1979-03-27T18:00:00,43117099999,SOLAPUR,17.628,75.935,31.0,1008.5,33.32
1979-03-27T21:00:00,43117099999,SOLAPUR,17.628,75.935,28.0,1008.3,34.73
1979-03-28T00:00:00,43117099999,SOLAPUR,17.628,75.935,25.0,1009.0,41.45
1979-03-28T03:00:00,43117099999,SOLAPUR,17.628,75.935,26.0,1011.7,44.56
1979-03-28T06:00:00,43117099999,SOLAPUR,17.628,75.935,37.0,1009.0,28.94
1979-03-28T09:00:00,43117099999,SOLAPUR,17.628,75.935,39.0,1005.5,33.39
1979-03-28T15:00:00,43117099999,SOLAPUR,17.628,75.935,34.0,1006.4,34.15
1979-03-28T21:00:00,43117099999,SOLAPUR,17.628,75.935,28.0,1007.8,45.1
1979-03-29T00:00:00,43117099999,SOLAPUR,17.628,75.935,25.0,1008.2,47.28
1979-03-29T03:00:00,43117099999,SOLAPUR,17.628,75.935,26.0,1010.6,50.73
1979-03-29T06:00:00,43117099999,SOLAPUR,17.628,75.935,36.0,1008.2,32.57
1979-03-29T09:00:00,43117099999,SOLAPUR,17.628,75.935,38.0,1004.6,29.2
1979-03-29T12:00:00,43117099999,SOLAPUR,17.628,75.935,38.0,1003.2,25.7
1979-03-29T15:00:00,43117099999,SOLAPUR,17.628,75.935,32.0,1005.3,31.48
1979-03-29T18:00:00,43117099999,SOLAPUR,17.628,75.935,29.0,1007.5,32.77
1979-03-29T21:00:00,43117099999,SOLAPUR,17.628,75.935,26.0,1006.3,50.73
1979-03-30T00:00:00,43117099999,SOLAPUR,17.628,75.935,23.0,1007.0,53.32
1979-03-30T03:00:00,43117099999,SOLAPUR,17.628,75.935,25.0,1009.5,53.83
1979-03-30T06:00:00,43117099999,SOLAPUR,17.628,75.935,32.0,1008.0,33.6
1979-03-30T09:00:00,43117099999,SOLAPUR,17.628,75.935,38.0,1003.7,33.12
1979-03-30T12:00:00,43117099999,SOLAPUR,17.628,75.935,38.0,1002.2,22.58
1979-03-30T15:00:00,43117099999,SOLAPUR,17.628,75.935,32.0,1004.8,25.82
1979-03-30T18:00:00,43117099999,SOLAPUR,17.628,75.935,29.0,1006.8,45.37
1979-03-30T21:00:00,43117099999,SOLAPUR,17.628,75.935,26.0,1005.9,54.08
1979-03-31T00:00:00,43117099999,SOLAPUR,17.628,75.935,24.0,1007.0,60.93
1979-03-31T03:00:00,43117099999,SOLAPUR,17.628,75.935,27.0,1009.0,54.33
1979-03-31T06:00:00,43117099999,SOLAPUR,17.628,75.935,35.0,1007.3,39.04
1979-03-31T09:00:00,43117099999,SOLAPUR,17.628,75.935,38.0,1003.4,44.97
1979-03-31T12:00:00,43117099999,SOLAPUR,17.628,75.935,38.0,1001.8,31.11
1979-03-31T15:00:00,43117099999,SOLAPUR,17.628,75.935,33.0,,46.44
1979-03-31T18:00:00,43117099999,SOLAPUR,17.628,75.935,30.0,1007.7,35.29
1979-03-31T21:00:00,43117099999,SOLAPUR,17.628,75.935,27.0,1007.6,39.34
1979-04-01T00:00:00,43117099999,SOLAPUR,17.628,75.935,27.0,1008.5,50.99
1979-04-01T03:00:00,43117099999,SOLAPUR,17.628,75.935,27.0,1010.7,57.87
1979-04-01T06:00:00,43117099999,SOLAPUR,17.628,75.935,36.0,1008.6,41.81
1979-04-01T09:00:00,43117099999,SOLAPUR,17.628,75.935,39.0,1004.3,37.75
1979-04-01T12:00:00,43117099999,SOLAPUR,17.628,75.935,38.0,1002.9,39.85
1979-04-01T15:00:00,43117099999,SOLAPUR,17.628,75.935,34.0,1005.8,43.91
1979-04-01T18:00:00,43117099999,SOLAPUR,17.628,75.935,32.0,1007.8,40.72
1979-04-01T21:00:00,43117099999,SOLAPUR,17.628,75.935,29.0,1007.1,48.35
1979-04-02T00:00:00,43117099999,SOLAPUR,17.628,75.935,28.0,1008.3,58.11
1979-04-02T03:00:00,43117099999,SOLAPUR,17.628,75.935,30.0,1009.6,55.08
1979-04-02T06:00:00,43117099999,SOLAPUR,17.628,75.935,36.0,1008.1,44.45
1979-04-02T09:00:00,43117099999,SOLAPUR,17.628,75.935,39.0,1003.2,50.92
1979-04-02T12:00:00,43117099999,SOLAPUR,17.628,75.935,39.0,1001.5,33.39
1979-04-02T15:00:00,43117099999,SOLAPUR,17.628,75.935,34.0,,38.76
1979-04-02T18:00:00,43117099999,SOLAPUR,17.628,75.935,31.0,1005.4,43.1
1979-04-02T21:00:00,43117099999,SOLAPUR,17.628,75.935,30.0,1005.8,
1979-04-03T00:00:00,43117099999,SOLAPUR,17.628,75.935,28.0,1006.0,
1979-04-03T03:00:00,43117099999,SOLAPUR,17.628,75.935,29.0,1008.2,37.38
1979-04-03T06:00:00,43117099999,SOLAPUR,17.628,75.935,35.0,1006.4,36.67
1979-04-03T09:00:00,43117099999,SOLAPUR,17.628,75.935,40.0,1001.8,23.08
1979-04-03T12:00:00,43117099999,SOLAPUR,17.628,75.935,40.0,1000.6,31.64
1979-04-03T15:00:00,43117099999,SOLAPUR,17.628,75.935,34.0,1003.3,34.15
1979-04-03T18:00:00,43117099999,SOLAPUR,17.628,75.935,32.0,1005.8,49.14
1979-04-03T21:00:00,43117099999,SOLAPUR,17.628,75.935,31.0,1005.9,55.32
1979-04-04T00:00:00,43117099999,SOLAPUR,17.628,75.935,27.0,1007.0,57.87
1979-04-04T03:00:00,43117099999,SOLAPUR,17.628,75.935,27.0,1008.8,54.33
1979-04-04T06:00:00,43117099999,SOLAPUR,17.628,75.935,35.0,1006.0,34.42
1979-04-04T09:00:00,43117099999,SOLAPUR,17.628,75.935,38.0,1001.8,18.52
1979-04-04T12:00:00,43117099999,SOLAPUR,17.628,75.935,37.0,1001.0,23.84
1979-04-04T15:00:00,43117099999,SOLAPUR,17.628,75.935,34.0,1003.5,30.03
1979-04-04T18:00:00,43117099999,SOLAPUR,17.628,75.935,31.0,1005.4,48.88
1979-04-04T21:00:00,43117099999,SOLAPUR,17.628,75.935,30.0,1005.7,55.08
1979-04-05T00:00:00,43117099999,SOLAPUR,17.628,75.935,25.0,1006.3,61.16
1979-04-05T03:00:00,43117099999,SOLAPUR,17.628,75.935,25.0,1008.9,50.46
1979-04-05T06:00:00,43117099999,SOLAPUR,17.628,75.935,32.0,1007.0,40.72
1979-04-05T09:00:00,43117099999,SOLAPUR,17.628,75.935,37.0,1002.7,34.97
1979-04-05T12:00:00,43117099999,SOLAPUR,17.628,75.935,37.0,1001.9,37.21
1979-04-05T15:00:00,43117099999,SOLAPUR,17.628,75.935,32.0,1004.2,40.72
1979-04-05T18:00:00,43117099999,SOLAPUR,17.628,75.935,30.0,1006.3,33.05
1979-04-05T21:00:00,43117099999,SOLAPUR,17.628,75.935,26.0,1006.9,50.73
1979-04-06T00:00:00,43117099999,SOLAPUR,17.628,75.935,24.0,1006.4,47.01
1979-04-06T06:00:00,43117099999,SOLAPUR,17.628,75.935,36.0,1006.1,34.7
1979-04-06T09:00:00,43117099999,SOLAPUR,17.628,75.935,38.0,1002.7,33.12
1979-04-06T12:00:00,43117099999,SOLAPUR,17.628,75.935,38.0,1001.2,31.11
1979-04-06T15:00:00,43117099999,SOLAPUR,17.628,75.935,33.0,1004.4,27.87
1979-04-06T18:00:00,43117099999,SOLAPUR,17.628,75.935,30.0,1006.2,27.06
1979-04-06T21:00:00,43117099999,SOLAPUR,17.628,75.935,26.0,1005.7,29.82
1979-04-07T00:00:00,43117099999,SOLAPUR,17.628,75.935,24.0,1006.5,25.43
1979-04-07T03:00:00,43117099999,SOLAPUR,17.628,75.935,28.0,1009.2,24.76
1979-04-07T06:00:00,43117099999,SOLAPUR,17.628,75.935,38.0,1007.1,22.58
1979-04-07T09:00:00,43117099999,SOLAPUR,17.628,75.935,40.0,1003.0,17.77
1979-04-07T12:00:00,43117099999,SOLAPUR,17.628,75.935,39.0,1001.6,20.03
1979-04-07T15:00:00,43117099999,SOLAPUR,17.628,75.935,34.0,1004.7,24.66
1979-04-07T18:00:00,43117099999,SOLAPUR,17.628,75.935,30.0,1007.1,27.06
1979-04-07T21:00:00,43117099999,SOLAPUR,17.628,75.935,27.0,1006.5,30.1
1979-04-08T00:00:00,43117099999,SOLAPUR,17.628,75.935,26.0,1007.0,29.82
1979-04-08T03:00:00,43117099999,SOLAPUR,17.628,75.935,30.0,1009.2,19.18
1979-04-08T06:00:00,43117099999,SOLAPUR,17.628,75.935,37.0,1007.2,23.84
1979-04-08T09:00:00,43117099999,SOLAPUR,17.628,75.935,39.0,1003.2,20.03
1979-04-08T12:00:00,43117099999,SOLAPUR,17.628,75.935,40.0,1001.7,18.98
1979-04-08T15:00:00,43117099999,SOLAPUR,17.628,75.935,34.0,1004.6,24.66
1979-04-08T18:00:00,43117099999,SOLAPUR,17.628,75.935,30.0,1006.5,25.29
1979-04-08T21:00:00,43117099999,SOLAPUR,17.628,75.935,27.0,1005.9,30.1
1979-04-09T00:00:00,43117099999,SOLAPUR,17.628,75.935,24.0,1006.9,35.97
1979-04-09T03:00:00,43117099999,SOLAPUR,17.628,75.935,29.0,1009.0,32.77
1979-04-09T06:00:00,43117099999,SOLAPUR,17.628,75.935,38.0,1006.5,29.2
1979-04-09T09:00:00,43117099999,SOLAPUR,17.628,75.935,40.0,1002.7,23.08
1979-04-09T12:00:00,43117099999,SOLAPUR,17.628,75.935,40.0,1001.6,24.61
1979-04-09T15:00:00,43117099999,SOLAPUR,17.628,75.935,34.0,1004.3,34.15
1979-04-09T18:00:00,43117099999,SOLAPUR,17.628,75.935,31.0,1005.9,
1979-04-09T21:00:00,43117099999,SOLAPUR,17.628,75.935,28.0,1000.8,45.1
1979-04-10T00:00:00,43117099999,SOLAPUR,17.628,75.935,26.0,1006.1,57.63
1979-04-10T03:00:00,43117099999,SOLAPUR,17.628,75.935,30.0,1007.9,42.83
1979-04-10T06:00:00,43117099999,SOLAPUR,17.628,75.935,39.0,1000.9,27.67
1979-04-10T09:00:00,43117099999,SOLAPUR,17.628,75.935,40.0,1002.0,35.78
1979-04-10T12:00:00,43117099999,SOLAPUR,17.628,75.935,41.0,1000.4,24.86
1979-04-10T15:00:00,43117099999,SOLAPUR,17.628,75.935,34.0,1002.9,41.27
1979-04-10T18:00:00,43117099999,SOLAPUR,17.628,75.935,32.0,1004.0,27.6
1979-04-10T21:00:00,43117099999,SOLAPUR,17.628,75.935,29.0,1003.9,32.77
1979-04-11T00:00:00,43117099999,SOLAPUR,17.628,75.935,26.0,1005.4,39.06
1979-04-11T03:00:00,43117099999,SOLAPUR,17.628,75.935,29.0,1007.9,51.5
1979-04-11T06:00:00,43117099999,SOLAPUR,17.628,75.935,38.0,1004.8,33.12
1979-04-11T12:00:00,43117099999,SOLAPUR,17.628,75.935,40.0,999.8,17.77
1979-04-11T15:00:00,43117099999,SOLAPUR,17.628,75.935,34.0,1002.4,17.58
1979-04-11T18:00:00,43117099999,SOLAPUR,17.628,75.935,32.0,1005.4,29.48
1979-04-11T21:00:00,43117099999,SOLAPUR,17.628,75.935,29.0,1004.9,37.38
1979-04-12T00:00:00,43117099999,SOLAPUR,17.628,75.935,26.0,1006.3,39.06
1979-04-12T03:00:00,43117099999,SOLAPUR,17.628,75.935,27.0,1008.4,30.1
1979-04-12T06:00:00,43117099999,SOLAPUR,17.628,75.935,36.0,1006.3,25.18
1979-04-12T09:00:00,43117099999,SOLAPUR,17.628,75.935,40.0,1002.2,17.77
1979-04-12T12:00:00,43117099999,SOLAPUR,17.628,75.935,40.0,1000.6,23.08
1979-04-12T15:00:00,43117099999,SOLAPUR,17.628,75.935,35.0,1003.7,24.92
1979-04-12T18:00:00,43117099999,SOLAPUR,17.628,75.935,32.0,1006.4,27.6
1979-04-12T21:00:00,43117099999,SOLAPUR,17.628,75.935,29.0,1006.8,45.37
1979-04-13T00:00:00,43117099999,SOLAPUR,17.628,75.935,28.0,1007.1,45.1
1979-04-13T03:00:00,43117099999,SOLAPUR,17.628,75.935,31.0,1009.3,29.21
1979-04-13T06:00:00,43117099999,SOLAPUR,17.628,75.935,37.0,1007.7,30.84
1979-04-13T09:00:00,43117099999,SOLAPUR,17.628,75.935,40.0,1004.1,27.93
1979-04-13T12:00:00,43117099999,SOLAPUR,17.628,75.935,36.0,1003.8,34.7
1979-04-13T15:00:00,43117099999,SOLAPUR,17.628,75.935,33.0,1006.1,36.12
1979-04-13T18:00:00,43117099999,SOLAPUR,17.628,75.935,32.0,1008.1,43.38
1979-04-13T21:00:00,43117099999,SOLAPUR,17.628,75.935,29.0,1007.5,51.5
1979-04-14T00:00:00,43117099999,SOLAPUR,17.628,75.935,27.0,1009.3,54.33
1979-04-14T03:00:00,43117099999,SOLAPUR,17.628,75.935,32.0,1010.4,55.56
1979-04-14T06:00:00,43117099999,SOLAPUR,17.628,75.935,37.0,1008.2,44.71
1979-04-14T09:00:00,43117099999,SOLAPUR,17.628,75.935,39.0,1004.6,42.61
1979-04-14T12:00:00,43117099999,SOLAPUR,17.628,75.935,36.0,1004.3,44.45
1979-04-14T15:00:00,43117099999,SOLAPUR,17.628,75.935,31.0,1006.8,55.32
1979-04-14T18:00:00,43117099999,SOLAPUR,17.628,75.935,30.0,1008.8,51.76
1979-04-15T00:00:00,43117099999,SOLAPUR,17.628,75.935,27.0,1008.6,65.56
1979-04-15T03:00:00,43117099999,SOLAPUR,17.628,75.935,28.0,1010.3,65.77
1979-04-15T06:00:00,43117099999,SOLAPUR,17.628,75.935,32.0,1009.6,62.71
1979-04-15T09:00:00,43117099999,SOLAPUR,17.628,75.935,39.0,1004.2,42.61
1979-04-15T12:00:00,43117099999,SOLAPUR,17.628,75.935,39.0,1002.0,37.75
1979-04-15T15:00:00,43117099999,SOLAPUR,17.628,75.935,34.0,1005.1,28.13
1979-04-15T18:00:00,43117099999,SOLAPUR,17.628,75.935,32.0,1008.4,49.14
1979-04-15T21:00:00,43117099999,SOLAPUR,17.628,75.935,29.0,1007.6,65.98
1979-04-16T00:00:00,43117099999,SOLAPUR,17.628,75.935,26.0,1008.3,83.57
1979-04-16T03:00:00,43117099999,SOLAPUR,17.628,75.935,28.0,1010.1,45.1
1979-04-16T06:00:00,43117099999,SOLAPUR,17.628,75.935,35.0,1008.5,26.61
1979-04-16T09:00:00,43117099999,SOLAPUR,17.628,75.935,39.0,1003.9,17.54
1979-04-16T12:00:00,43117099999,SOLAPUR,17.628,75.935,39.0,1001.8,20.03
1979-04-16T15:00:00,43117099999,SOLAPUR,17.628,75.935,34.0,1004.7,32.03
1979-04-16T18:00:00,43117099999,SOLAPUR,17.628,75.935,32.0,1006.3,24.14
1979-04-16T21:00:00,43117099999,SOLAPUR,17.628,75.935,28.0,1006.8,34.73
1979-04-17T00:00:00,43117099999,SOLAPUR,17.628,75.935,26.0,1007.7,44.56
1979-04-17T03:00:00,43117099999,SOLAPUR,17.628,75.935,29.0,1008.9,48.35
1979-04-17T09:00:00,43117099999,SOLAPUR,17.628,75.935,39.0,1003.2,31.37
1979-04-17T12:00:00,43117099999,SOLAPUR,17.628,75.935,39.0,1001.2,35.51
1979-04-17T15:00:00,43117099999,SOLAPUR,17.628,75.935,34.0,1004.3,41.27
1979-04-17T18:00:00,43117099999,SOLAPUR,17.628,75.935,32.0,1007.0,40.72
1979-04-17T21:00:00,43117099999,SOLAPUR,17.628,75.935,29.0,1006.5,45.37
1979-04-18T00:00:00,43117099999,SOLAPUR,17.628,75.935,26.0,1007.4,50.73
1979-04-18T03:00:00,43117099999,SOLAPUR,17.628,75.935,30.0,1009.5,51.76
1979-04-18T06:00:00,43117099999,SOLAPUR,17.628,75.935,37.0,1007.2,32.85
1979-04-18T09:00:00,43117099999,SOLAPUR,17.628,75.935,40.0,1003.2,42.87
1979-04-18T12:00:00,43117099999,SOLAPUR,17.628,75.935,38.0,1002.4,50.67
1979-04-18T15:00:00,43117099999,SOLAPUR,17.628,75.935,33.0,1005.6,55.81
1979-04-18T18:00:00,43117099999,SOLAPUR,17.628,75.935,31.0,1007.6,37.94
1979-04-18T21:00:00,43117099999,SOLAPUR,17.628,75.935,30.0,1006.6,42.83
1979-04-19T00:00:00,43117099999,SOLAPUR,17.628,75.935,29.0,1007.8,48.35
1979-04-19T03:00:00,43117099999,SOLAPUR,17.628,75.935,29.0,1010.2,54.83
1979-04-19T06:00:00,43117099999,SOLAPUR,17.628,75.935,38.0,1007.6,33.12
1979-04-19T09:00:00,43117099999,SOLAPUR,17.628,75.935,40.0,1003.7,48.26
1979-04-19T12:00:00,43117099999,SOLAPUR,17.628,75.935,38.0,1002.9,53.75
1979-04-19T18:00:00,43117099999,SOLAPUR,17.628,75.935,32.0,1007.7,38.21
1979-04-19T21:00:00,43117099999,SOLAPUR,17.628,75.935,30.0,1006.3,42.83
1979-04-20T00:00:00,43117099999,SOLAPUR,17.628,75.935,27.0,1007.4,50.99
1979-04-20T03:00:00,43117099999,SOLAPUR,17.628,75.935,28.0,1009.4,48.09
1979-04-20T06:00:00,43117099999,SOLAPUR,17.628,75.935,37.0,1007.0,28.94
1979-04-20T09:00:00,43117099999,SOLAPUR,17.628,75.935,40.0,1002.8,21.64
1979-04-20T12:00:00,43117099999,SOLAPUR,17.628,75.935,39.0,1001.4,24.35
1979-04-20T15:00:00,43117099999,SOLAPUR,17.628,75.935,34.0,1004.1,36.39
1979-04-20T18:00:00,43117099999,SOLAPUR,17.628,75.935,34.0,1005.8,32.03
1979-04-20T21:00:00,43117099999,SOLAPUR,17.628,75.935,22.0,1006.0,49.67
1979-04-21T00:00:00,43117099999,SOLAPUR,17.628,75.935,26.0,1006.4,44.56
1979-04-21T03:00:00,43117099999,SOLAPUR,17.628,75.935,29.0,1008.8,39.9
1979-04-21T06:00:00,43117099999,SOLAPUR,17.628,75.935,37.0,1006.2,25.44
1979-04-21T12:00:00,43117099999,SOLAPUR,17.628,75.935,40.0,1003.6,33.65
1979-04-21T18:00:00,43117099999,SOLAPUR,17.628,75.935,32.0,1006.0,33.6
1979-04-21T21:00:00,43117099999,SOLAPUR,17.628,75.935,29.0,1005.9,42.56
1979-04-22T00:00:00,43117099999,SOLAPUR,17.628,75.935,27.0,1006.7,44.83
1979-04-22T06:00:00,43117099999,SOLAPUR,17.628,75.935,39.0,1006.3,20.03
1979-04-22T09:00:00,43117099999,SOLAPUR,17.628,75.935,30.0,997.0,40.17
1979-04-22T12:00:00,43117099999,SOLAPUR,17.628,75.935,40.0,1001.2,16.62
1979-04-22T15:00:00,43117099999,SOLAPUR,17.628,75.935,35.0,1004.2,
1979-04-22T18:00:00,43117099999,SOLAPUR,17.628,75.935,32.0,1006.1,18.35
1979-04-22T21:00:00,43117099999,SOLAPUR,17.628,75.935,31.0,1006.0,23.88
1979-04-23T00:00:00,43117099999,SOLAPUR,17.628,75.935,28.0,1008.5,34.73
1979-04-23T06:00:00,43117099999,SOLAPUR,17.628,75.935,39.0,1007.2,29.47
1979-04-23T09:00:00,43117099999,SOLAPUR,17.628,75.935,40.0,1004.1,18.98
1979-04-23T12:00:00,43117099999,SOLAPUR,17.628,75.935,40.0,1003.1,21.64
1979-04-23T15:00:00,43117099999,SOLAPUR,17.628,75.935,36.0,1005.5,26.88
1979-04-23T18:00:00,43117099999,SOLAPUR,17.628,75.935,33.0,1008.4,26.08
1979-04-23T21:00:00,43117099999,SOLAPUR,17.628,75.935,29.0,1008.5,25.02
1979-04-24T00:00:00,43117099999,SOLAPUR,17.628,75.935,27.0,1008.8,44.83
1979-04-24T03:00:00,43117099999,SOLAPUR,17.628,75.935,32.0,1010.4,38.21
1979-04-24T06:00:00,43117099999,SOLAPUR,17.628,75.935,38.0,1009.3,37.48
1979-04-24T09:00:00,43117099999,SOLAPUR,17.628,75.935,40.0,1005.4,35.78
1979-04-24T12:00:00,43117099999,SOLAPUR,17.628,75.935,40.0,1004.0,27.93
1979-04-24T15:00:00,43117099999,SOLAPUR,17.628,75.935,36.0,1006.7,39.31
1979-04-24T18:00:00,43117099999,SOLAPUR,17.628,75.935,32.0,1008.0,25.82
1979-04-24T21:00:00,43117099999,SOLAPUR,17.628,75.935,29.0,1008.2,42.56
1979-04-25T00:00:00,43117099999,SOLAPUR,17.628,75.935,27.0,1008.5,44.83
1979-04-25T03:00:00,43117099999,SOLAPUR,17.628,75.935,30.0,1010.5,62.28
1979-04-25T06:00:00,43117099999,SOLAPUR,17.628,75.935,38.0,1008.2,44.97
1979-04-25T09:00:00,43117099999,SOLAPUR,17.628,75.935,41.0,1004.1,33.92
1979-04-25T12:00:00,43117099999,SOLAPUR,17.628,75.935,40.0,1003.0,16.62
1979-04-25T15:00:00,43117099999,SOLAPUR,17.628,75.935,,1006.3,
1979-04-25T18:00:00,43117099999,SOLAPUR,17.628,75.935,33.0,1008.2,21.32
1979-04-25T21:00:00,43117099999,SOLAPUR,17.628,75.935,30.0,1008.4,37.66
1979-04-26T00:00:00,43117099999,SOLAPUR,17.628,75.935,27.0,1008.7,50.99
1979-04-26T03:00:00,43117099999,SOLAPUR,17.628,75.935,30.0,1009.9,51.76
1979-04-26T06:00:00,43117099999,SOLAPUR,17.628,75.935,38.0,1008.1,44.97
1979-04-26T09:00:00,43117099999,SOLAPUR,17.628,75.935,40.0,1004.2,38.02
1979-04-26T12:00:00,43117099999,SOLAPUR,17.628,75.935,41.0,1002.2,31.91
1979-04-26T15:00:00,43117099999,SOLAPUR,17.628,75.935,37.0,1004.7,32.85
1979-04-26T18:00:00,43117099999,SOLAPUR,17.628,75.935,33.0,1007.0,46.44
1979-04-26T21:00:00,43117099999,SOLAPUR,17.628,75.935,28.0,1006.2,61.84
1979-04-27T00:00:00,43117099999,SOLAPUR,17.628,75.935,28.0,1006.5,78.92
1979-04-27T03:00:00,43117099999,SOLAPUR,17.628,75.935,30.0,1008.6,70.29
1979-04-27T06:00:00,43117099999,SOLAPUR,17.628,75.935,37.0,1006.7,44.71
1979-04-27T09:00:00,43117099999,SOLAPUR,17.628,75.935,37.0,1006.7,44.71
1979-04-27T12:00:00,43117099999,SOLAPUR,17.628,75.935,41.0,1000.5,26.48
1979-04-27T15:00:00,43117099999,SOLAPUR,17.628,75.935,36.0,1003.0,30.57
1979-04-27T18:00:00,43117099999,SOLAPUR,17.628,75.935,32.0,1005.0,66.58
1979-04-27T21:00:00,43117099999,SOLAPUR,17.628,75.935,30.0,1004.7,74.63
1979-04-28T00:00:00,43117099999,SOLAPUR,17.628,75.935,28.0,1005.1,78.92
1979-04-28T03:00:00,43117099999,SOLAPUR,17.628,75.935,30.0,1007.0,70.29
1979-04-28T06:00:00,43117099999,SOLAPUR,17.628,75.935,36.0,1004.9,50.17
1979-04-28T09:00:00,43117099999,SOLAPUR,17.628,75.935,41.0,1000.7,40.65
1979-04-28T12:00:00,43117099999,SOLAPUR,17.628,75.935,41.0,998.8,23.33
1979-04-28T15:00:00,43117099999,SOLAPUR,17.628,75.935,36.0,1001.3,39.31
1979-04-28T18:00:00,43117099999,SOLAPUR,17.628,75.935,33.0,1003.0,36.12
1979-04-28T21:00:00,43117099999,SOLAPUR,17.628,75.935,30.0,1003.5,66.18
1979-04-29T00:00:00,43117099999,SOLAPUR,17.628,75.935,27.0,1004.9,83.68
1979-04-29T03:00:00,43117099999,SOLAPUR,17.628,75.935,29.0,1006.6,70.11
1979-04-29T06:00:00,43117099999,SOLAPUR,17.628,75.935,38.0,1004.2,37.48
1979-04-29T09:00:00,43117099999,SOLAPUR,17.628,75.935,43.0,999.9,30.53
1979-04-29T12:00:00,43117099999,SOLAPUR,17.628,75.935,42.0,998.9,23.58
1979-04-29T15:00:00,43117099999,SOLAPUR,17.628,75.935,36.0,1001.1,39.31
1979-04-29T18:00:00,43117099999,SOLAPUR,17.628,75.935,35.0,1002.9,21.82
1979-04-30T00:00:00,43117099999,SOLAPUR,17.628,75.935,29.0,1005.8,42.56
1979-04-30T03:00:00,43117099999,SOLAPUR,17.628,75.935,31.0,1007.5,48.88
1979-04-30T06:00:00,43117099999,SOLAPUR,17.628,75.935,39.0,1004.4,33.39
1979-04-30T09:00:00,43117099999,SOLAPUR,17.628,75.935,43.0,1001.1,30.53
1979-04-30T12:00:00,43117099999,SOLAPUR,17.628,75.935,41.0,1000.5,12.86
1979-04-30T15:00:00,43117099999,SOLAPUR,17.628,75.935,36.0,1003.0,19.31
1979-04-30T18:00:00,43117099999,SOLAPUR,17.628,75.935,34.0,1004.8,20.16
1979-04-30T21:00:00,43117099999,SOLAPUR,17.628,75.935,32.0,1004.1,21.07
1979-05-01T00:00:00,43117099999,SOLAPUR,17.628,75.935,30.0,1006.5,23.62
1979-05-01T03:00:00,43117099999,SOLAPUR,17.628,75.935,33.0,1007.6,21.32
1979-05-01T06:00:00,43117099999,SOLAPUR,17.628,75.935,40.0,1005.4,20.27
1979-05-01T09:00:00,43117099999,SOLAPUR,17.628,75.935,41.0,1001.8,15.76
1979-05-01T12:00:00,43117099999,SOLAPUR,17.628,75.935,41.0,1000.5,19.22
1979-05-01T15:00:00,43117099999,SOLAPUR,17.628,75.935,37.0,1002.9,20.9
1979-05-01T18:00:00,43117099999,SOLAPUR,17.628,75.935,35.0,1004.6,21.82
1979-05-01T21:00:00,43117099999,SOLAPUR,17.628,75.935,31.0,1005.2,29.21
1979-05-02T00:00:00,43117099999,SOLAPUR,17.628,75.935,27.0,1006.0,39.34
1979-05-02T03:00:00,43117099999,SOLAPUR,17.628,75.935,32.0,1007.0,31.48
1979-05-02T06:00:00,43117099999,SOLAPUR,17.628,75.935,38.0,1005.6,22.58
1979-05-02T09:00:00,43117099999,SOLAPUR,17.628,75.935,41.0,1001.7,21.88
1979-05-02T12:00:00,43117099999,SOLAPUR,17.628,75.935,41.0,999.9,21.88
1979-05-02T15:00:00,43117099999,SOLAPUR,17.628,75.935,27.0,1008.1,78.78
1979-05-02T18:00:00,43117099999,SOLAPUR,17.628,75.935,33.0,1004.1,27.87
1979-05-02T21:00:00,43117099999,SOLAPUR,17.628,75.935,29.0,1004.2,30.66
1979-05-03T00:00:00,43117099999,SOLAPUR,17.628,75.935,28.0,1005.0,42.28
1979-05-03T03:00:00,43117099999,SOLAPUR,17.628,75.935,28.0,1006.8,51.25
1979-05-03T06:00:00,43117099999,SOLAPUR,17.628,75.935,37.0,1003.9,23.84
1979-05-03T09:00:00,43117099999,SOLAPUR,17.628,75.935,31.0,999.8,
1979-05-03T12:00:00,43117099999,SOLAPUR,17.628,75.935,41.0,998.9,21.88
1979-05-03T15:00:00,43117099999,SOLAPUR,17.628,75.935,36.0,1001.7,12.76
1979-05-03T18:00:00,43117099999,SOLAPUR,17.628,75.935,32.0,1004.3,31.48
1979-05-03T21:00:00,43117099999,SOLAPUR,17.628,75.935,29.0,1003.6,42.56
1979-05-04T00:00:00,43117099999,SOLAPUR,17.628,75.935,28.0,1004.8,45.1
1979-05-04T03:00:00,43117099999,SOLAPUR,17.628,75.935,30.0,1006.4,40.17
1979-05-04T06:00:00,43117099999,SOLAPUR,17.628,75.935,36.0,1003.9,26.88
1979-05-04T09:00:00,43117099999,SOLAPUR,17.628,75.935,41.0,1001.4,19.22
1979-05-04T15:00:00,43117099999,SOLAPUR,17.628,75.935,30.0,1003.6,23.62
1979-05-04T18:00:00,43117099999,SOLAPUR,17.628,75.935,31.0,1004.3,29.21
1979-05-04T21:00:00,43117099999,SOLAPUR,17.628,75.935,30.0,1003.5,45.64
1979-05-05T00:00:00,43117099999,SOLAPUR,17.628,75.935,33.0,1004.2,
1979-05-05T03:00:00,43117099999,SOLAPUR,17.628,75.935,30.0,1006.3,48.62
1979-05-05T06:00:00,43117099999,SOLAPUR,17.628,75.935,37.0,1004.2,34.97
1979-05-05T09:00:00,43117099999,SOLAPUR,17.628,75.935,41.0,1000.7,21.88
1979-05-05T12:00:00,43117099999,SOLAPUR,17.628,75.935,41.0,999.0,21.88
1979-05-05T15:00:00,43117099999,SOLAPUR,17.628,75.935,36.0,1002.2,26.88
1979-05-05T18:00:00,43117099999,SOLAPUR,17.628,75.935,33.0,1003.6,43.65
1979-05-05T21:00:00,43117099999,SOLAPUR,17.628,75.935,31.0,1002.3,45.91
1979-05-06T00:00:00,43117099999,SOLAPUR,17.628,75.935,27.0,1004.0,54.33
1979-05-06T03:00:00,43117099999,SOLAPUR,17.628,75.935,31.0,1006.2,55.32
1979-05-06T09:00:00,43117099999,SOLAPUR,17.628,75.935,41.0,1000.3,21.88
1979-05-06T12:00:00,43117099999,SOLAPUR,17.628,75.935,41.0,998.8,21.88
1979-05-06T18:00:00,43117099999,SOLAPUR,17.628,75.935,33.0,1003.2,
1979-05-06T21:00:00,43117099999,SOLAPUR,17.628,75.935,29.0,1003.6,37.38
1979-05-07T00:00:00,43117099999,SOLAPUR,17.628,75.935,28.0,1004.2,37.1
1979-05-07T03:00:00,43117099999,SOLAPUR,17.628,75.935,30.0,1006.4,35.29
1979-05-07T06:00:00,43117099999,SOLAPUR,17.628,75.935,40.0,1002.6,26.22
1979-05-07T09:00:00,43117099999,SOLAPUR,17.628,75.935,42.0,999.6,19.46
1979-05-07T12:00:00,43117099999,SOLAPUR,17.628,75.935,42.0,998.1,19.46
1979-05-07T15:00:00,43117099999,SOLAPUR,17.628,75.935,36.0,1000.8,26.88
1979-05-07T18:00:00,43117099999,SOLAPUR,17.628,75.935,35.0,1003.0,32.3
1979-05-07T21:00:00,43117099999,SOLAPUR,17.628,75.935,32.0,1001.9,40.72
1979-05-08T00:00:00,43117099999,SOLAPUR,17.628,75.935,28.0,1003.6,42.28
1979-05-08T03:00:00,43117099999,SOLAPUR,17.628,75.935,33.0,1004.8,36.12
1979-05-08T06:00:00,43117099999,SOLAPUR,17.628,75.935,40.0,1002.6,29.73
1979-05-08T09:00:00,43117099999,SOLAPUR,17.628,75.935,41.0,998.9,21.88
1979-05-08T12:00:00,43117099999,SOLAPUR,17.628,75.935,42.0,997.2,19.46
1979-05-08T15:00:00,43117099999,SOLAPUR,17.628,75.935,37.0,1000.0,23.84
1979-05-08T18:00:00,43117099999,SOLAPUR,17.628,75.935,37.0,,23.84
1979-05-08T21:00:00,43117099999,SOLAPUR,17.628,75.935,32.0,1001.8,35.84
1979-05-09T00:00:00,43117099999,SOLAPUR,17.628,75.935,30.0,1003.0,51.76
1979-05-09T03:00:00,43117099999,SOLAPUR,17.628,75.935,32.0,1004.7,43.38
1979-05-09T06:00:00,43117099999,SOLAPUR,17.628,75.935,39.0,1002.2,37.75
1979-05-09T09:00:00,43117099999,SOLAPUR,17.628,75.935,42.0,998.2,23.58
1979-05-09T12:00:00,43117099999,SOLAPUR,17.628,75.935,39.0,997.5,29.47
1979-05-09T15:00:00,43117099999,SOLAPUR,17.628,75.935,30.0,1000.7,51.76
1979-05-09T21:00:00,43117099999,SOLAPUR,17.628,75.935,31.0,1001.2,43.1
1979-05-10T00:00:00,43117099999,SOLAPUR,17.628,75.935,29.0,1002.2,65.98
1979-05-10T03:00:00,43117099999,SOLAPUR,17.628,75.935,33.0,1003.9,46.44
1979-05-10T06:00:00,43117099999,SOLAPUR,17.628,75.935,41.0,1001.3,31.91
1979-05-10T09:00:00,43117099999,SOLAPUR,17.628,75.935,43.0,997.5,27.0
1979-05-10T12:00:00,43117099999,SOLAPUR,17.628,75.935,42.0,995.7,26.74
1979-05-10T15:00:00,43117099999,SOLAPUR,17.628,75.935,39.0,1000.5,25.96
1979-05-10T18:00:00,43117099999,SOLAPUR,17.628,75.935,37.0,1000.1,25.44
1979-05-10T21:00:00,43117099999,SOLAPUR,17.628,75.935,34.0,999.5,24.66
1979-05-11T00:00:00,43117099999,SOLAPUR,17.628,75.935,32.0,1000.2,35.84
1979-05-11T03:00:00,43117099999,SOLAPUR,17.628,75.935,35.0,1001.3,21.82
1979-05-11T06:00:00,43117099999,SOLAPUR,17.628,75.935,39.0,1000.3,25.96
1979-05-11T09:00:00,43117099999,SOLAPUR,17.628,75.935,42.0,995.2,25.12
1979-05-11T12:00:00,43117099999,SOLAPUR,17.628,75.935,41.0,994.0,24.86
1979-05-11T15:00:00,43117099999,SOLAPUR,17.628,75.935,37.0,996.5,32.85
1979-05-11T21:00:00,43117099999,SOLAPUR,17.628,75.935,32.0,996.9,38.21
1979-05-12T00:00:00,43117099999,SOLAPUR,17.628,75.935,31.0,997.7,40.45
1979-05-12T06:00:00,43117099999,SOLAPUR,17.628,75.935,35.0,998.2,39.04
1979-05-12T09:00:00,43117099999,SOLAPUR,17.628,75.935,37.0,995.4,37.21
1979-05-12T12:00:00,43117099999,SOLAPUR,17.628,75.935,38.0,993.1,37.48
1979-05-12T15:00:00,43117099999,SOLAPUR,17.628,75.935,27.0,997.9,78.78
1979-05-12T18:00:00,43117099999,SOLAPUR,17.628,75.935,27.0,998.0,88.84
1979-05-12T21:00:00,43117099999,SOLAPUR,17.628,75.935,24.0,999.4,94.15
1979-05-13T00:00:00,43117099999,SOLAPUR,17.628,75.935,24.0,999.9,94.15
1979-05-13T03:00:00,43117099999,SOLAPUR,17.628,75.935,25.0,1001.4,88.68
1979-05-13T06:00:00,43117099999,SOLAPUR,17.628,75.935,26.0,1001.7,83.57
1979-05-13T09:00:00,43117099999,SOLAPUR,17.628,75.935,26.0,1000.3,78.64
1979-05-13T12:00:00,43117099999,SOLAPUR,17.628,75.935,25.0,1000.3,73.8
1979-05-13T15:00:00,43117099999,SOLAPUR,17.628,75.935,25.0,1001.1,69.36
1979-05-13T18:00:00,43117099999,SOLAPUR,17.628,75.935,22.0,1004.7,94.06
1979-05-13T21:00:00,43117099999,SOLAPUR,17.628,75.935,21.0,1002.5,94.02
1979-05-14T00:00:00,43117099999,SOLAPUR,17.628,75.935,21.0,1003.3,94.02
1979-05-14T03:00:00,43117099999,SOLAPUR,17.628,75.935,21.0,1004.7,94.02
1979-05-14T06:00:00,43117099999,SOLAPUR,17.628,75.935,21.0,1004.9,100.0
1979-05-14T09:00:00,43117099999,SOLAPUR,17.628,75.935,23.0,1003.8,94.11
1979-05-14T12:00:00,43117099999,SOLAPUR,17.628,75.935,25.0,1002.9,83.45
1979-05-14T15:00:00,43117099999,SOLAPUR,17.628,75.935,23.0,1004.7,88.52
1979-05-14T18:00:00,43117099999,SOLAPUR,17.628,75.935,23.0,1006.0,78.21
1979-05-14T21:00:00,43117099999,SOLAPUR,17.628,75.935,23.0,1005.4,83.22
1979-05-15T00:00:00,43117099999,SOLAPUR,17.628,75.935,22.0,1006.9,88.44
1979-05-15T03:00:00,43117099999,SOLAPUR,17.628,75.935,24.0,1001.9,83.34
1979-05-15T06:00:00,43117099999,SOLAPUR,17.628,75.935,28.0,1008.3,58.11
1979-05-15T09:00:00,43117099999,SOLAPUR,17.628,75.935,32.0,1004.7,43.38
1979-05-15T12:00:00,43117099999,SOLAPUR,17.628,75.935,34.0,1003.7,23.07
1979-05-15T15:00:00,43117099999,SOLAPUR,17.628,75.935,29.0,1005.8,51.5
1979-05-15T18:00:00,43117099999,SOLAPUR,17.628,75.935,27.0,1007.6,39.34
1979-05-15T21:00:00,43117099999,SOLAPUR,17.628,75.935,23.0,1007.5,73.46
1979-05-16T00:00:00,43117099999,SOLAPUR,17.628,75.935,22.0,1009.0,83.11
1979-05-16T03:00:00,43117099999,SOLAPUR,17.628,75.935,25.0,1010.3,69.36
1979-05-16T06:00:00,43117099999,SOLAPUR,17.628,75.935,31.0,1008.9,27.33
1979-05-16T09:00:00,43117099999,SOLAPUR,17.628,75.935,36.0,1005.0,16.86
1979-05-16T12:00:00,43117099999,SOLAPUR,17.628,75.935,36.0,1003.2,12.76
1979-05-16T15:00:00,43117099999,SOLAPUR,17.628,75.935,31.0,1005.3,23.88
1979-05-16T18:00:00,43117099999,SOLAPUR,17.628,75.935,28.0,1007.6,39.62
1979-05-16T21:00:00,43117099999,SOLAPUR,17.628,75.935,26.0,1007.3,69.55
1979-05-17T00:00:00,43117099999,SOLAPUR,17.628,75.935,24.0,1008.5,73.63
1979-05-17T03:00:00,43117099999,SOLAPUR,17.628,75.935,27.0,1010.2,65.56
1979-05-17T06:00:00,43117099999,SOLAPUR,17.628,75.935,34.0,1008.6,24.66
1979-05-17T09:00:00,43117099999,SOLAPUR,17.628,75.935,36.0,1005.2,19.31
1979-05-17T12:00:00,43117099999,SOLAPUR,17.628,75.935,37.0,1003.9,17.08
1979-05-17T15:00:00,43117099999,SOLAPUR,17.628,75.935,32.0,,25.82
1979-05-17T18:00:00,43117099999,SOLAPUR,17.628,75.935,29.0,1003.3,48.35
1979-05-17T21:00:00,43117099999,SOLAPUR,17.628,75.935,26.0,1008.5,73.97
1979-05-18T00:00:00,43117099999,SOLAPUR,17.628,75.935,26.0,1009.5,73.97
1979-05-18T03:00:00,43117099999,SOLAPUR,17.628,75.935,29.0,1011.1,62.06
1979-05-18T06:00:00,43117099999,SOLAPUR,17.628,75.935,35.0,1009.4,30.3
1979-05-18T09:00:00,43117099999,SOLAPUR,17.628,75.935,38.0,1006.3,22.58
1979-05-18T12:00:00,43117099999,SOLAPUR,17.628,75.935,38.0,1005.2,22.58
1979-05-18T15:00:00,43117099999,SOLAPUR,17.628,75.935,32.0,1007.4,27.6
1979-05-18T18:00:00,43117099999,SOLAPUR,17.628,75.935,30.0,1009.0,58.58
1979-05-18T21:00:00,43117099999,SOLAPUR,17.628,75.935,28.0,1008.2,61.84
1979-05-19T03:00:00,43117099999,SOLAPUR,17.628,75.935,30.0,1010.3,48.62
1979-05-19T06:00:00,43117099999,SOLAPUR,17.628,75.935,37.0,1008.9,20.9
1979-05-19T09:00:00,43117099999,SOLAPUR,17.628,75.935,39.0,1004.8,20.03
1979-05-19T15:00:00,43117099999,SOLAPUR,17.628,75.935,34.0,1005.5,34.15
1979-05-19T18:00:00,43117099999,SOLAPUR,17.628,75.935,31.0,1008.0,33.32
1979-05-19T21:00:00,43117099999,SOLAPUR,17.628,75.935,27.0,1007.4,69.74
1979-05-20T00:00:00,43117099999,SOLAPUR,17.628,75.935,25.0,1009.1,73.8
1979-05-20T06:00:00,43117099999,SOLAPUR,17.628,75.935,34.0,1009.0,41.27
1979-05-20T09:00:00,43117099999,SOLAPUR,17.628,75.935,38.0,1005.3,29.2
1979-05-20T12:00:00,43117099999,SOLAPUR,17.628,75.935,39.0,1003.0,18.75
1979-05-20T15:00:00,43117099999,SOLAPUR,17.628,75.935,35.0,1006.5,30.3
1979-05-20T18:00:00,43117099999,SOLAPUR,17.628,75.935,30.0,1009.0,51.76
1979-05-21T00:00:00,43117099999,SOLAPUR,17.628,75.935,24.0,1009.7,78.35
1979-05-21T03:00:00,43117099999,SOLAPUR,17.628,75.935,26.0,1011.3,65.36
1979-05-21T06:00:00,43117099999,SOLAPUR,17.628,75.935,33.0,1009.7,41.0
1979-05-21T12:00:00,43117099999,SOLAPUR,17.628,75.935,38.0,1003.7,22.58
1979-05-21T15:00:00,43117099999,SOLAPUR,17.628,75.935,34.0,1006.2,41.27
1979-05-21T18:00:00,43117099999,SOLAPUR,17.628,75.935,31.0,1008.6,37.94
1979-05-21T21:00:00,43117099999,SOLAPUR,17.628,75.935,27.0,1008.2,61.61
1979-05-22T00:00:00,43117099999,SOLAPUR,17.628,75.935,24.0,1009.6,73.63
1979-05-22T03:00:00,43117099999,SOLAPUR,17.628,75.935,37.0,1011.2,42.08
1979-05-22T06:00:00,43117099999,SOLAPUR,17.628,75.935,33.0,1009.0,52.52
1979-05-22T09:00:00,43117099999,SOLAPUR,17.628,75.935,37.0,1004.7,39.58
1979-05-22T12:00:00,43117099999,SOLAPUR,17.628,75.935,38.0,1002.7,18.52
1979-05-22T15:00:00,43117099999,SOLAPUR,17.628,75.935,33.0,1004.9,27.87
1979-05-22T18:00:00,43117099999,SOLAPUR,17.628,75.935,30.0,1007.5,51.76
1979-05-22T21:00:00,43117099999,SOLAPUR,17.628,75.935,28.0,1007.7,58.11
1979-05-23T00:00:00,43117099999,SOLAPUR,17.628,75.935,26.0,1008.7,73.97
1979-05-23T03:00:00,43117099999,SOLAPUR,17.628,75.935,27.0,1010.5,65.56
1979-05-23T06:00:00,43117099999,SOLAPUR,17.628,75.935,37.0,1008.4,37.21
1979-05-23T09:00:00,43117099999,SOLAPUR,17.628,75.935,37.0,1004.4,34.97
1979-05-23T12:00:00,43117099999,SOLAPUR,17.628,75.935,38.0,1002.5,33.12
1979-05-23T15:00:00,43117099999,SOLAPUR,17.628,75.935,34.0,1004.6,41.27
1979-05-23T18:00:00,43117099999,SOLAPUR,17.628,75.935,31.0,1005.9,55.32
1979-05-23T21:00:00,43117099999,SOLAPUR,17.628,75.935,29.0,1006.5,62.06
1979-05-24T00:00:00,43117099999,SOLAPUR,17.628,75.935,27.0,1008.1,74.14
1979-05-24T06:00:00,43117099999,SOLAPUR,17.628,75.935,35.0,1008.1,46.97
1979-05-24T09:00:00,43117099999,SOLAPUR,17.628,75.935,37.0,1004.4,42.08
1979-05-24T12:00:00,43117099999,SOLAPUR,17.628,75.935,37.0,1002.8,39.58
1979-05-24T15:00:00,43117099999,SOLAPUR,17.628,75.935,33.0,1005.3,49.4
1979-05-24T18:00:00,43117099999,SOLAPUR,17.628,75.935,31.0,1008.2,52.01
1979-05-24T21:00:00,43117099999,SOLAPUR,17.628,75.935,29.0,1007.7,51.5
1979-05-25T00:00:00,43117099999,SOLAPUR,17.628,75.935,27.0,1008.7,65.56
1979-05-25T03:00:00,43117099999,SOLAPUR,17.628,75.935,29.0,1010.1,62.06
1979-05-25T06:00:00,43117099999,SOLAPUR,17.628,75.935,36.0,1008.1,39.31
1979-05-25T09:00:00,43117099999,SOLAPUR,17.628,75.935,38.0,1004.9,39.85
1979-05-25T12:00:00,43117099999,SOLAPUR,17.628,75.935,38.0,1003.2,35.24
1979-05-25T15:00:00,43117099999,SOLAPUR,17.628,75.935,35.0,1004.6,46.97
1979-05-25T18:00:00,43117099999,SOLAPUR,17.628,75.935,32.0,1007.5,43.38
1979-05-25T21:00:00,43117099999,SOLAPUR,17.628,75.935,29.0,1007.7,54.83
1979-05-26T00:00:00,43117099999,SOLAPUR,17.628,75.935,27.0,1009.3,65.56
1979-05-26T03:00:00,43117099999,SOLAPUR,17.628,75.935,29.0,1011.0,62.06
1979-05-26T06:00:00,43117099999,SOLAPUR,17.628,75.935,34.0,1009.9,41.27
1979-05-26T09:00:00,43117099999,SOLAPUR,17.628,75.935,38.0,1006.2,29.2
1979-05-26T12:00:00,43117099999,SOLAPUR,17.628,75.935,38.0,1004.9,29.2
1979-05-26T15:00:00,43117099999,SOLAPUR,17.628,75.935,34.0,1006.8,36.39
1979-05-26T18:00:00,43117099999,SOLAPUR,17.628,75.935,32.0,1008.9,40.72
1979-05-26T21:00:00,43117099999,SOLAPUR,17.628,75.935,28.0,1008.7,58.11
1979-05-27T00:00:00,43117099999,SOLAPUR,17.628,75.935,26.0,1010.4,69.55
1979-05-27T03:00:00,43117099999,SOLAPUR,17.628,75.935,28.0,1012.1,61.84
1979-05-27T06:00:00,43117099999,SOLAPUR,17.628,75.935,35.0,1010.2,44.18
1979-05-27T09:00:00,43117099999,SOLAPUR,17.628,75.935,40.0,1005.5,31.64
1979-05-27T12:00:00,43117099999,SOLAPUR,17.628,75.935,38.0,1003.5,31.11
1979-05-27T15:00:00,43117099999,SOLAPUR,17.628,75.935,34.0,1006.4,38.76
1979-05-27T18:00:00,43117099999,SOLAPUR,17.628,75.935,32.0,1008.3,49.14
1979-05-27T23:00:00,43117099999,SOLAPUR,17.628,75.935,30.0,1007.5,55.08
1979-05-28T00:00:00,43117099999,SOLAPUR,17.628,75.935,28.0,1008.2,69.92
1979-05-28T03:00:00,43117099999,SOLAPUR,17.628,75.935,30.0,1010.0,55.08
1979-05-28T06:00:00,43117099999,SOLAPUR,17.628,75.935,37.0,1007.6,44.71
1979-05-28T09:00:00,43117099999,SOLAPUR,17.628,75.935,40.0,1003.1,35.78
1979-05-28T12:00:00,43117099999,SOLAPUR,17.628,75.935,31.0,1004.0,62.5
1979-05-28T15:00:00,43117099999,SOLAPUR,17.628,75.935,33.0,1006.2,52.52
1979-05-28T18:00:00,43117099999,SOLAPUR,17.628,75.935,30.0,1008.8,55.08
1979-05-28T21:00:00,43117099999,SOLAPUR,17.628,75.935,28.0,1007.9,69.92
1979-05-29T00:00:00,43117099999,SOLAPUR,17.628,75.935,28.0,,69.92
1979-05-29T03:00:00,43117099999,SOLAPUR,17.628,75.935,29.0,1010.6,62.06
1979-05-29T06:00:00,43117099999,SOLAPUR,17.628,75.935,34.0,1009.4,52.77
1979-05-29T09:00:00,43117099999,SOLAPUR,17.628,75.935,38.0,1005.9,37.48
1979-05-29T12:00:00,43117099999,SOLAPUR,17.628,75.935,33.0,1005.4,49.4
1979-05-29T15:00:00,43117099999,SOLAPUR,17.628,75.935,33.0,1007.3,46.44
1979-05-29T18:00:00,43117099999,SOLAPUR,17.628,75.935,37.0,1007.7,34.97
1979-05-30T03:00:00,43117099999,SOLAPUR,17.628,75.935,31.0,1007.7,62.5
1979-05-30T06:00:00,43117099999,SOLAPUR,17.628,75.935,37.0,1005.9,44.71
1979-05-30T09:00:00,43117099999,SOLAPUR,17.628,75.935,40.0,1002.8,31.64
1979-05-30T15:00:00,43117099999,SOLAPUR,17.628,75.935,33.0,1006.1,46.44
1979-05-30T18:00:00,43117099999,SOLAPUR,17.628,75.935,30.0,,66.18
1979-05-31T00:00:00,43117099999,SOLAPUR,17.628,75.935,27.0,1005.9,74.14
1979-05-31T03:00:00,43117099999,SOLAPUR,17.628,75.935,30.0,1006.9,66.18
1979-05-31T06:00:00,43117099999,SOLAPUR,17.628,75.935,37.0,1005.2,44.71
1979-05-31T09:00:00,43117099999,SOLAPUR,17.628,75.935,39.0,1002.3,29.47
1979-05-31T12:00:00,43117099999,SOLAPUR,17.628,75.935,39.0,1000.7,31.37
1979-05-31T15:00:00,43117099999,SOLAPUR,17.628,75.935,34.0,1005.1,36.39
1979-05-31T18:00:00,43117099999,SOLAPUR,17.628,75.935,30.0,1005.5,51.76
1979-05-31T21:00:00,43117099999,SOLAPUR,17.628,75.935,24.0,1006.8,69.16
1979-06-01T00:00:00,43117099999,SOLAPUR,17.628,75.935,25.0,1007.5,83.45
1979-06-01T03:00:00,43117099999,SOLAPUR,17.628,75.935,27.0,1009.7,78.78
1979-06-01T09:00:00,43117099999,SOLAPUR,17.628,75.935,38.0,1003.9,37.48
1979-06-01T12:00:00,43117099999,SOLAPUR,17.628,75.935,26.0,1007.0,94.23
1979-06-01T15:00:00,43117099999,SOLAPUR,17.628,75.935,29.0,1006.9,70.11
1979-06-01T18:00:00,43117099999,SOLAPUR,17.628,75.935,28.0,1007.9,69.92
1979-06-01T21:00:00,43117099999,SOLAPUR,17.628,75.935,26.0,1007.2,69.55
1979-06-02T00:00:00,43117099999,SOLAPUR,17.628,75.935,25.0,1007.8,83.45
1979-06-02T03:00:00,43117099999,SOLAPUR,17.628,75.935,29.0,1009.1,58.35
1979-06-02T06:00:00,43117099999,SOLAPUR,17.628,75.935,35.0,1006.9,49.91
1979-06-02T09:00:00,43117099999,SOLAPUR,17.628,75.935,38.0,1003.2,29.2
1979-06-02T15:00:00,43117099999,SOLAPUR,17.628,75.935,31.0,1006.3,52.01
1979-06-02T18:00:00,43117099999,SOLAPUR,17.628,75.935,30.0,1008.1,58.58
1979-06-02T21:00:00,43117099999,SOLAPUR,17.628,75.935,28.0,1006.5,69.92
1979-06-03T00:00:00,43117099999,SOLAPUR,17.628,75.935,28.0,1006.5,69.92
1979-06-03T03:00:00,43117099999,SOLAPUR,17.628,75.935,29.0,1008.3,62.06
1979-06-03T06:00:00,43117099999,SOLAPUR,17.628,75.935,35.0,1006.5,46.97
1979-06-03T09:00:00,43117099999,SOLAPUR,17.628,75.935,39.0,1002.4,33.39
1979-06-03T12:00:00,43117099999,SOLAPUR,17.628,75.935,38.0,1001.5,31.11
1979-06-03T15:00:00,43117099999,SOLAPUR,17.628,75.935,30.0,1006.3,58.58
1979-06-03T18:00:00,43117099999,SOLAPUR,17.628,75.935,28.0,1007.1,65.77
1979-06-03T21:00:00,43117099999,SOLAPUR,17.628,75.935,27.0,1006.0,69.74
1979-06-04T00:00:00,43117099999,SOLAPUR,17.628,75.935,27.0,1006.6,78.78
1979-06-04T03:00:00,43117099999,SOLAPUR,17.628,75.935,29.0,1008.2,65.98
1979-06-04T06:00:00,43117099999,SOLAPUR,17.628,75.935,37.0,1005.3,42.08
1979-06-04T09:00:00,43117099999,SOLAPUR,17.628,75.935,43.0,1001.1,17.3
1979-06-04T12:00:00,43117099999,SOLAPUR,17.628,75.935,42.0,999.6,17.07
1979-06-04T15:00:00,43117099999,SOLAPUR,17.628,75.935,,1001.4,
1979-06-04T18:00:00,43117099999,SOLAPUR,17.628,75.935,33.0,1004.3,46.44
1979-06-04T21:00:00,43117099999,SOLAPUR,17.628,75.935,30.0,1003.6,58.58
1979-06-05T00:00:00,43117099999,SOLAPUR,17.628,75.935,29.0,1003.8,70.11
1979-06-05T03:00:00,43117099999,SOLAPUR,17.628,75.935,31.0,1005.8,58.81
1979-06-05T06:00:00,43117099999,SOLAPUR,17.628,75.935,40.0,1002.7,27.93
1979-06-05T09:00:00,43117099999,SOLAPUR,17.628,75.935,43.0,999.3,22.37
1979-06-05T12:00:00,43117099999,SOLAPUR,17.628,75.935,42.0,,19.46
1979-06-05T15:00:00,43117099999,SOLAPUR,17.628,75.935,37.0,1000.2,23.84
1979-06-05T18:00:00,43117099999,SOLAPUR,17.628,75.935,34.0,1002.0,46.71
1979-06-05T21:00:00,43117099999,SOLAPUR,17.628,75.935,30.0,1001.8,58.58
1979-06-06T00:00:00,43117099999,SOLAPUR,17.628,75.935,28.0,1002.6,65.77
1979-06-06T03:00:00,43117099999,SOLAPUR,17.628,75.935,30.0,1004.9,58.58
1979-06-06T06:00:00,43117099999,SOLAPUR,17.628,75.935,37.0,1002.6,39.58
1979-06-06T09:00:00,43117099999,SOLAPUR,17.628,75.935,42.0,998.3,26.74
1979-06-06T12:00:00,43117099999,SOLAPUR,17.628,75.935,38.0,997.6,39.85
1979-06-06T15:00:00,43117099999,SOLAPUR,17.628,75.935,31.0,1000.9,52.01
1979-06-06T21:00:00,43117099999,SOLAPUR,17.628,75.935,28.0,1002.2,65.77
1979-06-07T00:00:00,43117099999,SOLAPUR,17.628,75.935,27.0,1002.6,69.74
1979-06-07T03:00:00,43117099999,SOLAPUR,17.628,75.935,29.0,1003.4,62.06
1979-06-07T06:00:00,43117099999,SOLAPUR,17.628,75.935,38.0,1002.5,35.24
1979-06-07T09:00:00,43117099999,SOLAPUR,17.628,75.935,41.0,998.3,30.0
1979-06-07T12:00:00,43117099999,SOLAPUR,17.628,75.935,37.0,997.9,32.85
1979-06-07T15:00:00,43117099999,SOLAPUR,17.628,75.935,34.0,999.8,41.27
1979-06-07T18:00:00,43117099999,SOLAPUR,17.628,75.935,32.0,1002.1,52.27
1979-06-07T21:00:00,43117099999,SOLAPUR,17.628,75.935,30.0,1001.5,55.08
1979-06-08T00:00:00,43117099999,SOLAPUR,17.628,75.935,28.0,1002.2,78.92
1979-06-08T03:00:00,43117099999,SOLAPUR,17.628,75.935,28.0,1003.7,74.3
1979-06-08T06:00:00,43117099999,SOLAPUR,17.628,75.935,31.0,1003.1,62.5
1979-06-08T12:00:00,43117099999,SOLAPUR,17.628,75.935,39.0,996.6,35.51
1979-06-08T15:00:00,43117099999,SOLAPUR,17.628,75.935,36.0,999.3,34.7
1979-06-08T18:00:00,43117099999,SOLAPUR,17.628,75.935,30.0,1002.4,66.18
1979-06-08T21:00:00,43117099999,SOLAPUR,17.628,75.935,28.0,1002.1,69.92
1979-06-09T00:00:00,43117099999,SOLAPUR,17.628,75.935,27.0,1002.5,78.78
1979-06-09T03:00:00,43117099999,SOLAPUR,17.628,75.935,28.0,1004.3,83.79
1979-06-09T06:00:00,43117099999,SOLAPUR,17.628,75.935,32.0,1003.3,62.71
1979-06-09T09:00:00,43117099999,SOLAPUR,17.628,75.935,38.0,999.3,42.34
1979-06-09T12:00:00,43117099999,SOLAPUR,17.628,75.935,29.0,1001.3,54.83
1979-06-09T15:00:00,43117099999,SOLAPUR,17.628,75.935,26.0,1006.3,73.97
1979-06-09T18:00:00,43117099999,SOLAPUR,17.628,75.935,25.0,1004.7,83.45
1979-06-09T21:00:00,43117099999,SOLAPUR,17.628,75.935,25.0,1002.6,83.45
1979-06-10T00:00:00,43117099999,SOLAPUR,17.628,75.935,25.0,1005.6,83.45
1979-06-10T03:00:00,43117099999,SOLAPUR,17.628,75.935,26.0,1008.9,69.55
1979-06-10T06:00:00,43117099999,SOLAPUR,17.628,75.935,31.0,1007.7,66.38
1979-06-10T12:00:00,43117099999,SOLAPUR,17.628,75.935,32.0,1003.4,55.56
1979-06-10T15:00:00,43117099999,SOLAPUR,17.628,75.935,30.0,1005.0,74.63
1979-06-10T18:00:00,43117099999,SOLAPUR,17.628,75.935,28.0,1005.7,83.79
1979-06-10T21:00:00,43117099999,SOLAPUR,17.628,75.935,25.0,1005.2,83.45
1979-06-11T00:00:00,43117099999,SOLAPUR,17.628,75.935,25.0,1005.6,88.68
1979-06-11T03:00:00,43117099999,SOLAPUR,17.628,75.935,27.0,1006.8,83.68
1979-06-11T06:00:00,43117099999,SOLAPUR,17.628,75.935,34.0,1004.8,46.71
1979-06-11T09:00:00,43117099999,SOLAPUR,17.628,75.935,39.0,1000.6,21.39
1979-06-11T12:00:00,43117099999,SOLAPUR,17.628,75.935,39.0,997.9,22.83
1979-06-11T15:00:00,43117099999,SOLAPUR,17.628,75.935,35.0,1000.3,24.92
1979-06-11T18:00:00,43117099999,SOLAPUR,17.628,75.935,30.0,1003.6,62.28
1979-06-11T21:00:00,43117099999,SOLAPUR,17.628,75.935,28.0,1002.8,69.92
1979-06-12T00:00:00,43117099999,SOLAPUR,17.628,75.935,26.0,1005.9,73.97
1979-06-12T03:00:00,43117099999,SOLAPUR,17.628,75.935,29.0,1004.6,70.11
1979-06-12T06:00:00,43117099999,SOLAPUR,17.628,75.935,33.0,1002.9,62.93
1979-06-12T09:00:00,43117099999,SOLAPUR,17.628,75.935,38.0,999.3,37.48
1979-06-12T12:00:00,43117099999,SOLAPUR,17.628,75.935,39.0,997.2,35.51
1979-06-12T15:00:00,43117099999,SOLAPUR,17.628,75.935,38.0,999.8,37.48
1979-06-12T18:00:00,43117099999,SOLAPUR,17.628,75.935,29.0,1002.3,62.06
1979-06-13T00:00:00,43117099999,SOLAPUR,17.628,75.935,27.0,1002.9,78.78
1979-06-13T03:00:00,43117099999,SOLAPUR,17.628,75.935,29.0,1003.8,70.11
1979-06-13T06:00:00,43117099999,SOLAPUR,17.628,75.935,34.0,1001.5,56.05
1979-06-13T09:00:00,43117099999,SOLAPUR,17.628,75.935,37.0,998.7,34.97
1979-06-13T12:00:00,43117099999,SOLAPUR,17.628,75.935,39.0,996.5,31.37
1979-06-13T15:00:00,43117099999,SOLAPUR,17.628,75.935,35.0,998.7,41.54
1979-06-13T18:00:00,43117099999,SOLAPUR,17.628,75.935,32.0,1001.6,49.14
1979-06-13T21:00:00,43117099999,SOLAPUR,17.628,75.935,30.0,1001.6,58.58
1979-06-14T00:00:00,43117099999,SOLAPUR,17.628,75.935,29.0,1001.6,65.98
1979-06-14T03:00:00,43117099999,SOLAPUR,17.628,75.935,28.0,1003.9,74.3
1979-06-14T06:00:00,43117099999,SOLAPUR,17.628,75.935,30.0,1003.6,70.29
1979-06-14T09:00:00,43117099999,SOLAPUR,17.628,75.935,37.0,999.5,42.08
1979-06-14T12:00:00,43117099999,SOLAPUR,17.628,75.935,37.0,996.7,39.58
1979-06-14T15:00:00,43117099999,SOLAPUR,17.628,75.935,34.0,999.3,52.77
1979-06-14T18:00:00,43117099999,SOLAPUR,17.628,75.935,31.0,1001.8,55.32
1979-06-14T21:00:00,43117099999,SOLAPUR,17.628,75.935,30.0,,66.18
1979-06-15T00:00:00,43117099999,SOLAPUR,17.628,75.935,28.0,1004.2,74.3
1979-06-15T03:00:00,43117099999,SOLAPUR,17.628,75.935,28.0,1004.6,74.3
1979-06-15T06:00:00,43117099999,SOLAPUR,17.628,75.935,32.0,1003.0,66.58
1979-06-15T09:00:00,43117099999,SOLAPUR,17.628,75.935,36.0,999.7,56.52
1979-06-15T12:00:00,43117099999,SOLAPUR,17.628,75.935,34.0,998.2,46.71
1979-06-15T18:00:00,43117099999,SOLAPUR,17.628,75.935,27.0,1002.9,83.68
1979-06-15T21:00:00,43117099999,SOLAPUR,17.628,75.935,26.0,1002.7,88.76
1979-06-16T00:00:00,43117099999,SOLAPUR,17.628,75.935,25.0,1003.3,94.19
1979-06-16T03:00:00,43117099999,SOLAPUR,17.628,75.935,28.0,1003.6,83.79
1979-06-16T06:00:00,43117099999,SOLAPUR,17.628,75.935,33.0,1003.0,52.52
1979-06-16T09:00:00,43117099999,SOLAPUR,17.628,75.935,37.0,1000.1,37.21
1979-06-16T12:00:00,43117099999,SOLAPUR,17.628,75.935,38.0,997.9,29.2
1979-06-16T15:00:00,43117099999,SOLAPUR,17.628,75.935,34.0,1001.0,41.27
1979-06-16T18:00:00,43117099999,SOLAPUR,17.628,75.935,30.0,1003.8,51.76
1979-06-16T21:00:00,43117099999,SOLAPUR,17.628,75.935,27.0,1003.7,69.74
1979-06-17T00:00:00,43117099999,SOLAPUR,17.628,75.935,26.0,1004.7,83.57
1979-06-17T03:00:00,43117099999,SOLAPUR,17.628,75.935,28.0,1005.9,74.3
1979-06-17T06:00:00,43117099999,SOLAPUR,17.628,75.935,32.0,1003.4,59.04
1979-06-17T09:00:00,43117099999,SOLAPUR,17.628,75.935,35.0,1000.6,46.97
1979-06-17T12:00:00,43117099999,SOLAPUR,17.628,75.935,34.0,999.8,46.71
1979-06-17T15:00:00,43117099999,SOLAPUR,17.628,75.935,29.0,1004.5,62.06
1979-06-17T18:00:00,43117099999,SOLAPUR,17.628,75.935,27.0,1005.8,74.14
1979-06-18T00:00:00,43117099999,SOLAPUR,17.628,75.935,26.0,1005.1,78.64
1979-06-18T03:00:00,43117099999,SOLAPUR,17.628,75.935,27.0,1005.9,78.78
1979-06-18T06:00:00,43117099999,SOLAPUR,17.628,75.935,32.0,1004.0,55.56
1979-06-18T09:00:00,43117099999,SOLAPUR,17.628,75.935,34.0,1001.5,
1979-06-18T12:00:00,43117099999,SOLAPUR,17.628,75.935,31.0,1002.0,58.81
1979-06-18T15:00:00,43117099999,SOLAPUR,17.628,75.935,27.0,1005.0,69.74
1979-06-18T18:00:00,43117099999,SOLAPUR,17.628,75.935,27.0,1006.0,69.74
1979-06-18T21:00:00,43117099999,SOLAPUR,17.628,75.935,24.0,1005.3,88.6
1979-06-19T00:00:00,43117099999,SOLAPUR,17.628,75.935,24.0,1004.5,88.6
1979-06-19T03:00:00,43117099999,SOLAPUR,17.628,75.935,27.0,1007.2,78.78
1979-06-19T06:00:00,43117099999,SOLAPUR,17.628,75.935,32.0,1005.5,62.71
1979-06-19T09:00:00,43117099999,SOLAPUR,17.628,75.935,33.0,1003.3,55.81
1979-06-19T12:00:00,43117099999,SOLAPUR,17.628,75.935,33.0,1002.2,55.81
1979-06-19T15:00:00,43117099999,SOLAPUR,17.628,75.935,29.0,1005.6,70.11
1979-06-19T18:00:00,43117099999,SOLAPUR,17.628,75.935,26.0,1007.3,83.57
1979-06-19T21:00:00,43117099999,SOLAPUR,17.628,75.935,25.0,1006.5,88.68
1979-06-20T03:00:00,43117099999,SOLAPUR,17.628,75.935,27.0,1006.3,83.68
1979-06-20T06:00:00,43117099999,SOLAPUR,17.628,75.935,32.0,1004.4,59.04
1979-06-20T09:00:00,43117099999,SOLAPUR,17.628,75.935,35.0,1000.9,44.18
1979-06-20T12:00:00,43117099999,SOLAPUR,17.628,75.935,28.0,1000.4,69.92
1979-06-20T15:00:00,43117099999,SOLAPUR,17.628,75.935,26.0,1004.3,83.57
1979-06-20T18:00:00,43117099999,SOLAPUR,17.628,75.935,25.0,1005.6,94.19
1979-06-21T00:00:00,43117099999,SOLAPUR,17.628,75.935,24.0,1004.7,94.15
1979-06-21T03:00:00,43117099999,SOLAPUR,17.628,75.935,26.0,1006.1,83.57
1979-06-21T06:00:00,43117099999,SOLAPUR,17.628,75.935,35.0,997.0,53.01
1979-06-21T12:00:00,43117099999,SOLAPUR,17.628,75.935,34.0,998.1,46.71
1979-06-21T15:00:00,43117099999,SOLAPUR,17.628,75.935,31.0,1001.7,48.88
1979-06-21T18:00:00,43117099999,SOLAPUR,17.628,75.935,29.0,1004.1,65.98
1979-06-21T21:00:00,43117099999,SOLAPUR,17.628,75.935,28.0,1003.5,
1979-06-22T00:00:00,43117099999,SOLAPUR,17.628,75.935,25.0,1004.2,94.19
1979-06-22T03:00:00,43117099999,SOLAPUR,17.628,75.935,22.0,,
1979-06-22T06:00:00,43117099999,SOLAPUR,17.628,75.935,31.0,1003.7,66.38
1979-06-22T09:00:00,43117099999,SOLAPUR,17.628,75.935,34.0,999.9,46.71
1979-06-22T12:00:00,43117099999,SOLAPUR,17.628,75.935,31.0,999.4,58.81
1979-06-22T15:00:00,43117099999,SOLAPUR,17.628,75.935,28.0,1002.2,65.77
1979-06-22T18:00:00,43117099999,SOLAPUR,17.628,75.935,23.0,1007.5,100.0
1979-06-22T21:00:00,43117099999,SOLAPUR,17.628,75.935,25.0,1003.2,73.8
1979-06-23T00:00:00,43117099999,SOLAPUR,17.628,75.935,25.0,1003.4,83.45
1979-06-23T03:00:00,43117099999,SOLAPUR,17.628,75.935,27.0,1003.9,78.78
1979-06-23T06:00:00,43117099999,SOLAPUR,17.628,75.935,31.0,1003.1,58.81
1979-06-23T12:00:00,43117099999,SOLAPUR,17.628,75.935,,999.2,
1979-06-23T15:00:00,43117099999,SOLAPUR,17.628,75.935,26.0,1003.7,83.57
1979-06-23T21:00:00,43117099999,SOLAPUR,17.628,75.935,23.0,1003.0,100.0
1979-06-24T00:00:00,43117099999,SOLAPUR,17.628,75.935,23.0,1002.8,100.0
1979-06-24T03:00:00,43117099999,SOLAPUR,17.628,75.935,26.0,1003.0,88.76
1979-06-24T06:00:00,43117099999,SOLAPUR,17.628,75.935,28.0,1002.5,74.3
1979-06-24T09:00:00,43117099999,SOLAPUR,17.628,75.935,33.0,1001.2,
1979-06-24T12:00:00,43117099999,SOLAPUR,17.628,75.935,27.0,1000.4,69.74
1979-06-24T15:00:00,43117099999,SOLAPUR,17.628,75.935,25.0,1002.6,88.68
1979-06-24T18:00:00,43117099999,SOLAPUR,17.628,75.935,23.0,1004.7,94.11
1979-06-24T21:00:00,43117099999,SOLAPUR,17.628,75.935,23.0,1002.3,100.0
1979-06-25T03:00:00,43117099999,SOLAPUR,17.628,75.935,24.0,1002.8,94.15
1979-06-25T06:00:00,43117099999,SOLAPUR,17.628,75.935,26.0,1001.8,83.57
1979-06-25T09:00:00,43117099999,SOLAPUR,17.628,75.935,26.0,999.9,83.57
1979-06-25T12:00:00,43117099999,SOLAPUR,17.628,75.935,26.0,995.0,83.57
1979-06-25T15:00:00,43117099999,SOLAPUR,17.628,75.935,24.0,999.2,83.34
1979-06-25T18:00:00,43117099999,SOLAPUR,17.628,75.935,23.0,1001.1,88.52
1979-06-25T21:00:00,43117099999,SOLAPUR,17.628,75.935,23.0,999.3,88.52
1979-06-26T00:00:00,43117099999,SOLAPUR,17.628,75.935,23.0,999.6,94.11
1979-06-26T03:00:00,43117099999,SOLAPUR,17.628,75.935,25.0,999.7,88.68
1979-06-26T06:00:00,43117099999,SOLAPUR,17.628,75.935,27.0,999.1,69.74
1979-06-26T09:00:00,43117099999,SOLAPUR,17.628,75.935,28.0,998.1,65.77
1979-06-26T12:00:00,43117099999,SOLAPUR,17.628,75.935,27.0,997.5,74.14
1979-06-26T15:00:00,43117099999,SOLAPUR,17.628,75.935,26.0,998.6,73.97
1979-06-26T18:00:00,43117099999,SOLAPUR,17.628,75.935,25.0,999.5,73.8
1979-06-27T00:00:00,43117099999,SOLAPUR,17.628,75.935,25.0,,83.45
1979-06-27T03:00:00,43117099999,SOLAPUR,17.628,75.935,26.0,1000.5,83.57
1979-06-27T06:00:00,43117099999,SOLAPUR,17.628,75.935,30.0,1000.1,51.76
1979-06-27T09:00:00,43117099999,SOLAPUR,17.628,75.935,32.0,998.3,40.72
1979-06-27T12:00:00,43117099999,SOLAPUR,17.628,75.935,31.0,997.8,43.1
1979-06-27T15:00:00,43117099999,SOLAPUR,17.628,75.935,27.0,1001.2,57.87
1979-06-27T18:00:00,43117099999,SOLAPUR,17.628,75.935,26.0,1002.7,69.55
1979-06-27T21:00:00,43117099999,SOLAPUR,17.628,75.935,26.0,1000.0,78.64
1979-06-28T00:00:00,43117099999,SOLAPUR,17.628,75.935,25.0,1001.7,78.5
1979-06-28T03:00:00,43117099999,SOLAPUR,17.628,75.935,25.0,1003.6,78.5
1979-06-28T06:00:00,43117099999,SOLAPUR,17.628,75.935,31.0,1002.6,55.32
1979-06-28T09:00:00,43117099999,SOLAPUR,17.628,75.935,34.0,1000.1,41.27
1979-06-28T12:00:00,43117099999,SOLAPUR,17.628,75.935,32.0,999.3,40.72
1979-06-28T15:00:00,43117099999,SOLAPUR,17.628,75.935,28.0,1003.2,51.25
1979-06-28T18:00:00,43117099999,SOLAPUR,17.628,75.935,26.0,1004.8,69.55
1979-06-28T21:00:00,43117099999,SOLAPUR,17.628,75.935,25.0,1002.0,78.5
1979-06-29T00:00:00,43117099999,SOLAPUR,17.628,75.935,25.0,1002.9,73.8
1979-06-29T06:00:00,43117099999,SOLAPUR,17.628,75.935,30.0,1003.8,51.76
1979-06-29T09:00:00,43117099999,SOLAPUR,17.628,75.935,33.0,1001.4,41.0
1979-06-29T12:00:00,43117099999,SOLAPUR,17.628,75.935,31.0,1001.0,43.1
1979-06-29T15:00:00,43117099999,SOLAPUR,17.628,75.935,28.0,1003.4,51.25
1979-06-29T18:00:00,43117099999,SOLAPUR,17.628,75.935,26.0,1004.6,69.55
1979-06-29T21:00:00,43117099999,SOLAPUR,17.628,75.935,26.0,1003.3,69.55
1979-06-30T00:00:00,43117099999,SOLAPUR,17.628,75.935,25.0,1002.6,78.5
1979-06-30T03:00:00,43117099999,SOLAPUR,17.628,75.935,27.0,1004.6,69.74
1979-06-30T06:00:00,43117099999,SOLAPUR,17.628,75.935,31.0,1003.3,48.88
1979-06-30T09:00:00,43117099999,SOLAPUR,17.628,75.935,33.0,1000.9,38.49
1979-06-30T12:00:00,43117099999,SOLAPUR,17.628,75.935,30.0,1001.7,48.62
1979-06-30T15:00:00,43117099999,SOLAPUR,17.628,75.935,28.0,1003.0,54.58
1979-06-30T18:00:00,43117099999,SOLAPUR,17.628,75.935,32.0,1003.0,49.14
1979-06-30T21:00:00,43117099999,SOLAPUR,17.628,75.935,25.0,1001.8,78.5
1979-07-01T00:00:00,43117099999,SOLAPUR,17.628,75.935,25.0,1002.0,78.5
1979-07-01T03:00:00,43117099999,SOLAPUR,17.628,75.935,26.0,1002.9,69.55
1979-07-01T06:00:00,43117099999,SOLAPUR,17.628,75.935,29.0,1002.1,54.83
1979-07-01T09:00:00,43117099999,SOLAPUR,17.628,75.935,31.0,1000.6,52.01
1979-07-01T12:00:00,43117099999,SOLAPUR,17.628,75.935,30.0,1000.7,55.08
1979-07-01T15:00:00,43117099999,SOLAPUR,17.628,75.935,,1002.6,
1979-07-01T18:00:00,43117099999,SOLAPUR,17.628,75.935,26.0,1003.2,65.36
1979-07-01T21:00:00,43117099999,SOLAPUR,17.628,75.935,25.0,1003.1,78.5
1979-07-02T00:00:00,43117099999,SOLAPUR,17.628,75.935,25.0,1001.5,83.45
1979-07-02T03:00:00,43117099999,SOLAPUR,17.628,75.935,26.0,1003.0,78.64
1979-07-02T12:00:00,43117099999,SOLAPUR,17.628,75.935,32.0,1001.1,55.56
1979-07-02T15:00:00,43117099999,SOLAPUR,17.628,75.935,29.0,1004.4,65.98
1979-07-02T18:00:00,43117099999,SOLAPUR,17.628,75.935,26.0,1006.1,65.36
1979-07-02T21:00:00,43117099999,SOLAPUR,17.628,75.935,25.0,1005.3,78.5
1979-07-03T00:00:00,43117099999,SOLAPUR,17.628,75.935,24.0,1005.6,83.34
1979-07-03T03:00:00,43117099999,SOLAPUR,17.628,75.935,26.0,1006.8,78.64
1979-07-03T06:00:00,43117099999,SOLAPUR,17.628,75.935,31.0,1005.3,48.88
1979-07-03T09:00:00,43117099999,SOLAPUR,17.628,75.935,31.0,1004.3,62.5
1979-07-03T12:00:00,43117099999,SOLAPUR,17.628,75.935,28.0,1003.9,78.92
1979-07-03T15:00:00,43117099999,SOLAPUR,17.628,75.935,27.0,1006.6,74.14
1979-07-03T18:00:00,43117099999,SOLAPUR,17.628,75.935,26.0,1008.5,
1979-07-03T21:00:00,43117099999,SOLAPUR,17.628,75.935,24.0,1002.7,83.34
1979-07-04T00:00:00,43117099999,SOLAPUR,17.628,75.935,23.0,1007.4,88.52
1979-07-04T03:00:00,43117099999,SOLAPUR,17.628,75.935,27.0,1008.1,74.14
1979-07-04T06:00:00,43117099999,SOLAPUR,17.628,75.935,31.0,1006.7,48.88
1979-07-04T12:00:00,43117099999,SOLAPUR,17.628,75.935,34.0,1002.4,38.76
1979-07-04T15:00:00,43117099999,SOLAPUR,17.628,75.935,29.0,1005.6,58.35
1979-07-04T18:00:00,43117099999,SOLAPUR,17.628,75.935,26.0,1008.7,61.39
1979-07-04T21:00:00,43117099999,SOLAPUR,17.628,75.935,24.0,1005.7,73.63
1979-07-05T00:00:00,43117099999,SOLAPUR,17.628,75.935,24.0,1006.4,78.35
1979-07-05T03:00:00,43117099999,SOLAPUR,17.628,75.935,26.0,1007.3,78.64
1979-07-05T09:00:00,43117099999,SOLAPUR,17.628,75.935,34.0,1002.4,36.39
1979-07-05T12:00:00,43117099999,SOLAPUR,17.628,75.935,26.0,1003.5,69.55
1979-07-05T15:00:00,43117099999,SOLAPUR,17.628,75.935,29.0,1005.2,54.83
1979-07-05T18:00:00,43117099999,SOLAPUR,17.628,75.935,26.0,1006.8,61.39
1979-07-05T21:00:00,43117099999,SOLAPUR,17.628,75.935,25.0,1005.1,69.36
1979-07-06T00:00:00,43117099999,SOLAPUR,17.628,75.935,24.0,1006.5,78.35
1979-07-06T03:00:00,43117099999,SOLAPUR,17.628,75.935,27.0,1007.1,69.74
1979-07-06T06:00:00,43117099999,SOLAPUR,17.628,75.935,30.0,1005.4,55.08
1979-07-06T09:00:00,43117099999,SOLAPUR,17.628,75.935,32.0,1002.1,40.72
1979-07-06T15:00:00,43117099999,SOLAPUR,17.628,75.935,26.0,1005.3,73.97
1979-07-06T18:00:00,43117099999,SOLAPUR,17.628,75.935,25.0,1005.7,73.8
1979-07-06T21:00:00,43117099999,SOLAPUR,17.628,75.935,24.0,1004.7,83.34
1979-07-07T00:00:00,43117099999,SOLAPUR,17.628,75.935,23.0,1005.4,88.52
1979-07-07T03:00:00,43117099999,SOLAPUR,17.628,75.935,26.0,1006.0,78.64
1979-07-07T06:00:00,43117099999,SOLAPUR,17.628,75.935,30.0,1004.5,58.58
1979-07-07T09:00:00,43117099999,SOLAPUR,17.628,75.935,34.0,1000.7,52.77
1979-07-07T12:00:00,43117099999,SOLAPUR,17.628,75.935,28.0,1001.3,74.3
1979-07-07T15:00:00,43117099999,SOLAPUR,17.628,75.935,28.0,1003.2,78.92
1979-07-07T18:00:00,43117099999,SOLAPUR,17.628,75.935,27.0,1004.7,65.56
1979-07-07T21:00:00,43117099999,SOLAPUR,17.628,75.935,25.0,1003.9,73.8
1979-07-08T00:00:00,43117099999,SOLAPUR,17.628,75.935,25.0,1003.8,78.5
1979-07-08T03:00:00,43117099999,SOLAPUR,17.628,75.935,26.0,1004.1,83.57
1979-07-08T06:00:00,43117099999,SOLAPUR,17.628,75.935,29.0,1004.4,58.35
1979-07-08T09:00:00,43117099999,SOLAPUR,17.628,75.935,27.0,1002.2,88.84
1979-07-08T12:00:00,43117099999,SOLAPUR,17.628,75.935,30.0,1000.3,66.18
1979-07-09T00:00:00,43117099999,SOLAPUR,17.628,75.935,23.0,1003.2,88.52
1979-07-09T06:00:00,43117099999,SOLAPUR,17.628,75.935,26.0,1004.3,78.64
1979-07-09T12:00:00,43117099999,SOLAPUR,17.628,75.935,28.0,1000.5,69.92
1979-07-09T15:00:00,43117099999,SOLAPUR,17.628,75.935,23.0,,83.22
1979-07-09T18:00:00,43117099999,SOLAPUR,17.628,75.935,25.0,1004.9,73.8
1979-07-09T21:00:00,43117099999,SOLAPUR,17.628,75.935,24.0,1004.6,83.34
1979-07-10T00:00:00,43117099999,SOLAPUR,17.628,75.935,23.0,,83.22
1979-07-10T03:00:00,43117099999,SOLAPUR,17.628,75.935,25.0,1005.2,78.5
1979-07-10T06:00:00,43117099999,SOLAPUR,17.628,75.935,30.0,1004.2,45.64
1979-07-10T12:00:00,43117099999,SOLAPUR,17.628,75.935,31.0,1001.0,43.1
1979-07-10T15:00:00,43117099999,SOLAPUR,17.628,75.935,28.0,1003.6,61.84
1979-07-10T18:00:00,43117099999,SOLAPUR,17.628,75.935,25.0,1006.1,61.16
1979-07-10T21:00:00,43117099999,SOLAPUR,17.628,75.935,24.0,1005.1,78.35
1979-07-11T00:00:00,43117099999,SOLAPUR,17.628,75.935,23.0,1005.2,83.22
1979-07-11T03:00:00,43117099999,SOLAPUR,17.628,75.935,25.0,1006.1,78.5
1979-07-11T06:00:00,43117099999,SOLAPUR,17.628,75.935,31.0,1005.4,
1979-07-11T09:00:00,43117099999,SOLAPUR,17.628,75.935,34.0,1002.3,43.91
1979-07-11T12:00:00,43117099999,SOLAPUR,17.628,75.935,34.0,1001.2,32.03
1979-07-11T15:00:00,43117099999,SOLAPUR,17.628,75.935,29.0,1004.8,54.83
1979-07-11T18:00:00,43117099999,SOLAPUR,17.628,75.935,26.0,1006.5,54.08
1979-07-12T00:00:00,43117099999,SOLAPUR,17.628,75.935,23.0,1005.7,83.22
1979-07-12T03:00:00,43117099999,SOLAPUR,17.628,75.935,25.0,1006.8,78.5
1979-07-12T06:00:00,43117099999,SOLAPUR,17.628,75.935,26.0,1007.1,73.97
1979-07-12T09:00:00,43117099999,SOLAPUR,17.628,75.935,33.0,1002.9,31.76
1979-07-12T12:00:00,43117099999,SOLAPUR,17.628,75.935,33.0,1001.8,31.76
1979-07-12T15:00:00,43117099999,SOLAPUR,17.628,75.935,29.0,1004.9,42.56
1979-07-12T18:00:00,43117099999,SOLAPUR,17.628,75.935,33.0,1001.8,31.76
1979-07-13T00:00:00,43117099999,SOLAPUR,17.628,75.935,25.0,1005.9,73.8
1979-07-13T03:00:00,43117099999,SOLAPUR,17.628,75.935,26.0,1006.7,69.55
1979-07-13T06:00:00,43117099999,SOLAPUR,17.628,75.935,30.0,1006.2,51.76
1979-07-13T09:00:00,43117099999,SOLAPUR,17.628,75.935,32.0,1003.9,40.72
1979-07-13T12:00:00,43117099999,SOLAPUR,17.628,75.935,31.0,1003.2,43.1
1979-07-13T18:00:00,43117099999,SOLAPUR,17.628,75.935,27.0,1007.2,57.87
1979-07-13T21:00:00,43117099999,SOLAPUR,17.628,75.935,25.0,1006.4,78.5
1979-07-14T00:00:00,43117099999,SOLAPUR,17.628,75.935,24.0,1006.5,83.34
1979-07-14T03:00:00,43117099999,SOLAPUR,17.628,75.935,26.0,1007.3,73.97
1979-07-14T06:00:00,43117099999,SOLAPUR,17.628,75.935,29.0,1006.8,58.35
1979-07-14T12:00:00,43117099999,SOLAPUR,17.628,75.935,30.0,1003.5,51.76
1979-07-14T15:00:00,43117099999,SOLAPUR,17.628,75.935,28.0,1006.0,61.84
1979-07-14T18:00:00,43117099999,SOLAPUR,17.628,75.935,26.0,1007.7,65.36
1979-07-14T21:00:00,43117099999,SOLAPUR,17.628,75.935,25.0,1006.4,73.8
1979-07-15T00:00:00,43117099999,SOLAPUR,17.628,75.935,24.0,1006.3,78.35
1979-07-15T03:00:00,43117099999,SOLAPUR,17.628,75.935,26.0,1007.6,83.57
1979-07-15T09:00:00,43117099999,SOLAPUR,17.628,75.935,31.0,1004.1,43.1
1979-07-15T12:00:00,43117099999,SOLAPUR,17.628,75.935,29.0,1004.1,62.06
1979-07-15T15:00:00,43117099999,SOLAPUR,17.628,75.935,,1006.9,
1979-07-15T18:00:00,43117099999,SOLAPUR,17.628,75.935,25.0,1008.1,73.8
1979-07-15T21:00:00,43117099999,SOLAPUR,17.628,75.935,25.0,1007.5,73.8
1979-07-16T03:00:00,43117099999,SOLAPUR,17.628,75.935,26.0,1009.1,78.64
1979-07-16T06:00:00,43117099999,SOLAPUR,17.628,75.935,29.0,1007.8,54.83
1979-07-16T09:00:00,43117099999,SOLAPUR,17.628,75.935,32.0,1004.8,55.56
1979-07-16T12:00:00,43117099999,SOLAPUR,17.628,75.935,31.0,1004.0,45.91
1979-07-16T15:00:00,43117099999,SOLAPUR,17.628,75.935,28.0,1006.7,61.84
1979-07-16T18:00:00,43117099999,SOLAPUR,17.628,75.935,26.0,1008.8,57.63
1979-07-16T21:00:00,43117099999,SOLAPUR,17.628,75.935,24.0,1007.6,83.34
1979-07-17T00:00:00,43117099999,SOLAPUR,17.628,75.935,23.0,1007.6,83.22
1979-07-17T03:00:00,43117099999,SOLAPUR,17.628,75.935,25.0,1008.5,78.5
1979-07-17T06:00:00,43117099999,SOLAPUR,17.628,75.935,31.0,1006.5,48.88
1979-07-17T09:00:00,43117099999,SOLAPUR,17.628,75.935,33.0,1003.3,52.52
1979-07-17T12:00:00,43117099999,SOLAPUR,17.628,75.935,32.0,1002.4,46.18
1979-07-17T15:00:00,43117099999,SOLAPUR,17.628,75.935,30.0,1005.4,58.58
1979-07-17T18:00:00,43117099999,SOLAPUR,17.628,75.935,27.0,1008.1,61.61
1979-07-18T00:00:00,43117099999,SOLAPUR,17.628,75.935,24.0,1007.7,78.35
1979-07-18T03:00:00,43117099999,SOLAPUR,17.628,75.935,25.0,1008.6,78.5
1979-07-18T06:00:00,43117099999,SOLAPUR,17.628,75.935,30.0,,51.76
1979-07-18T09:00:00,43117099999,SOLAPUR,17.628,75.935,34.0,1003.5,46.71
1979-07-18T12:00:00,43117099999,SOLAPUR,17.628,75.935,33.0,1002.9,38.49
1979-07-18T15:00:00,43117099999,SOLAPUR,17.628,75.935,30.0,1005.8,58.58
1979-07-18T18:00:00,43117099999,SOLAPUR,17.628,75.935,27.0,1007.8,50.99
1979-07-18T21:00:00,43117099999,SOLAPUR,17.628,75.935,26.0,1007.0,65.36
1979-07-19T00:00:00,43117099999,SOLAPUR,17.628,75.935,24.0,1007.4,73.63
1979-07-19T03:00:00,43117099999,SOLAPUR,17.628,75.935,26.0,1008.6,73.97
1979-07-19T06:00:00,43117099999,SOLAPUR,17.628,75.935,31.0,1006.3,48.88
1979-07-19T09:00:00,43117099999,SOLAPUR,17.628,75.935,33.0,1003.5,41.0
1979-07-19T12:00:00,43117099999,SOLAPUR,17.628,75.935,33.0,1002.7,38.49
1979-07-19T15:00:00,43117099999,SOLAPUR,17.628,75.935,29.0,1005.3,48.35
1979-07-19T18:00:00,43117099999,SOLAPUR,17.628,75.935,27.0,1006.8,50.99
1979-07-19T21:00:00,43117099999,SOLAPUR,17.628,75.935,25.0,1006.4,65.15
1979-07-20T00:00:00,43117099999,SOLAPUR,17.628,75.935,24.0,1006.6,69.16
1979-07-20T03:00:00,43117099999,SOLAPUR,17.628,75.935,26.0,1007.4,73.97
1979-07-20T06:00:00,43117099999,SOLAPUR,17.628,75.935,30.0,1006.9,48.62
1979-07-20T09:00:00,43117099999,SOLAPUR,17.628,75.935,32.0,1004.5,25.82
1979-07-20T12:00:00,43117099999,SOLAPUR,17.628,75.935,32.0,1002.6,40.72
1979-07-20T15:00:00,43117099999,SOLAPUR,17.628,75.935,33.0,1005.3,
1979-07-20T18:00:00,43117099999,SOLAPUR,17.628,75.935,27.0,1006.7,57.87
1979-07-20T21:00:00,43117099999,SOLAPUR,17.628,75.935,25.0,1007.9,73.8
1979-07-21T00:00:00,43117099999,SOLAPUR,17.628,75.935,24.0,1006.8,78.35
1979-07-21T03:00:00,43117099999,SOLAPUR,17.628,75.935,26.0,1007.7,73.97
1979-07-21T06:00:00,43117099999,SOLAPUR,17.628,75.935,30.0,1006.7,55.08
1979-07-21T09:00:00,43117099999,SOLAPUR,17.628,75.935,34.0,1003.3,43.91
1979-07-21T12:00:00,43117099999,SOLAPUR,17.628,75.935,35.0,1001.2,34.42
1979-07-21T15:00:00,43117099999,SOLAPUR,17.628,75.935,32.0,1003.3,49.14
1979-07-21T18:00:00,43117099999,SOLAPUR,17.628,75.935,28.0,1006.7,51.25
1979-07-21T21:00:00,43117099999,SOLAPUR,17.628,75.935,26.0,1005.9,61.39
1979-07-22T00:00:00,43117099999,SOLAPUR,17.628,75.935,25.0,1006.4,65.15
1979-07-22T03:00:00,43117099999,SOLAPUR,17.628,75.935,27.0,1007.2,65.56
1979-07-22T06:00:00,43117099999,SOLAPUR,17.628,75.935,30.0,1006.2,51.76
1979-07-22T09:00:00,43117099999,SOLAPUR,17.628,75.935,35.0,1002.3,44.18
1979-07-22T12:00:00,43117099999,SOLAPUR,17.628,75.935,36.0,1000.0,34.7
1979-07-22T15:00:00,43117099999,SOLAPUR,17.628,75.935,33.0,1001.9,41.0
1979-07-22T18:00:00,43117099999,SOLAPUR,17.628,75.935,30.0,1005.1,48.62
1979-07-22T21:00:00,43117099999,SOLAPUR,17.628,75.935,26.0,1003.6,61.39
1979-07-23T00:00:00,43117099999,SOLAPUR,17.628,75.935,25.0,1003.6,73.8
1979-07-23T03:00:00,43117099999,SOLAPUR,17.628,75.935,27.0,1006.5,65.56
1979-07-23T06:00:00,43117099999,SOLAPUR,17.628,75.935,32.0,1003.6,49.14
1979-07-23T12:00:00,43117099999,SOLAPUR,17.628,75.935,35.0,1003.3,39.04
1979-07-23T15:00:00,43117099999,SOLAPUR,17.628,75.935,31.0,1001.3,58.81
1979-07-23T18:00:00,43117099999,SOLAPUR,17.628,75.935,26.0,1004.6,73.97
1979-07-23T21:00:00,43117099999,SOLAPUR,17.628,75.935,22.0,1004.5,100.0
1979-07-24T00:00:00,43117099999,SOLAPUR,17.628,75.935,22.0,1004.9,100.0
1979-07-24T03:00:00,43117099999,SOLAPUR,17.628,75.935,23.0,1004.3,94.11
1979-07-24T06:00:00,43117099999,SOLAPUR,17.628,75.935,27.0,1003.9,74.14
1979-07-24T09:00:00,43117099999,SOLAPUR,17.628,75.935,30.0,1001.2,62.28
1979-07-24T12:00:00,43117099999,SOLAPUR,17.628,75.935,32.0,998.8,49.14
1979-07-24T18:00:00,43117099999,SOLAPUR,17.628,75.935,28.0,1003.9,74.3
1979-07-25T00:00:00,43117099999,SOLAPUR,17.628,75.935,23.0,1005.6,94.11
1979-07-25T03:00:00,43117099999,SOLAPUR,17.628,75.935,25.0,1006.2,83.45
1979-07-25T06:00:00,43117099999,SOLAPUR,17.628,75.935,28.0,1004.5,69.92
1979-07-25T09:00:00,43117099999,SOLAPUR,17.628,75.935,31.0,1001.6,48.88
1979-07-25T12:00:00,43117099999,SOLAPUR,17.628,75.935,33.0,998.5,46.44
1979-07-25T15:00:00,43117099999,SOLAPUR,17.628,75.935,29.0,1002.0,51.5
1979-07-25T18:00:00,43117099999,SOLAPUR,17.628,75.935,27.0,1004.7,74.14
1979-07-25T21:00:00,43117099999,SOLAPUR,17.628,75.935,25.0,1004.2,83.45
1979-07-26T00:00:00,43117099999,SOLAPUR,17.628,75.935,24.0,1004.9,88.6
1979-07-26T03:00:00,43117099999,SOLAPUR,17.628,75.935,25.0,1006.3,83.45
1979-07-26T06:00:00,43117099999,SOLAPUR,17.628,75.935,29.0,1004.8,58.35
1979-07-26T09:00:00,43117099999,SOLAPUR,17.628,75.935,30.0,1002.5,55.08
1979-07-26T12:00:00,43117099999,SOLAPUR,17.628,75.935,32.0,1000.1,38.21
1979-07-26T15:00:00,43117099999,SOLAPUR,17.628,75.935,28.0,1003.9,51.25
1979-07-26T18:00:00,43117099999,SOLAPUR,17.628,75.935,25.0,1005.4,73.8
1979-07-26T21:00:00,43117099999,SOLAPUR,17.628,75.935,24.0,1004.4,88.6
1979-07-27T00:00:00,43117099999,SOLAPUR,17.628,75.935,23.0,1003.6,88.52
1979-07-27T03:00:00,43117099999,SOLAPUR,17.628,75.935,25.0,1005.0,78.5
1979-07-27T06:00:00,43117099999,SOLAPUR,17.628,75.935,29.0,1003.6,54.83
1979-07-27T09:00:00,43117099999,SOLAPUR,17.628,75.935,32.0,1000.9,46.18
1979-07-27T12:00:00,43117099999,SOLAPUR,17.628,75.935,31.0,999.1,52.01
1979-07-27T15:00:00,43117099999,SOLAPUR,17.628,75.935,24.0,1002.7,94.15
1979-07-27T18:00:00,43117099999,SOLAPUR,17.628,75.935,25.0,1003.9,94.19
1979-07-27T21:00:00,43117099999,SOLAPUR,17.628,75.935,25.0,1003.2,88.68
1979-07-28T00:00:00,43117099999,SOLAPUR,17.628,75.935,24.0,1003.1,94.15
1979-07-28T03:00:00,43117099999,SOLAPUR,17.628,75.935,24.0,1003.7,88.6
1979-07-28T06:00:00,43117099999,SOLAPUR,17.628,75.935,27.0,1004.0,74.14
1979-07-28T09:00:00,43117099999,SOLAPUR,17.628,75.935,28.0,1001.4,69.92
1979-07-28T12:00:00,43117099999,SOLAPUR,17.628,75.935,26.0,1000.7,69.55
1979-07-28T15:00:00,43117099999,SOLAPUR,17.628,75.935,25.0,1003.2,78.5
1979-07-28T18:00:00,43117099999,SOLAPUR,17.628,75.935,23.0,1004.6,94.11
1979-07-28T21:00:00,43117099999,SOLAPUR,17.628,75.935,23.0,1003.0,94.11
1979-07-29T00:00:00,43117099999,SOLAPUR,17.628,75.935,22.0,1002.8,100.0
1979-07-29T03:00:00,43117099999,SOLAPUR,17.628,75.935,23.0,1003.5,94.11
1979-07-29T06:00:00,43117099999,SOLAPUR,17.628,75.935,25.0,1003.6,
1979-07-29T09:00:00,43117099999,SOLAPUR,17.628,75.935,24.0,1001.9,94.15
1979-07-29T12:00:00,43117099999,SOLAPUR,17.628,75.935,24.0,1000.1,94.15
1979-07-29T15:00:00,43117099999,SOLAPUR,17.628,75.935,24.0,1002.5,94.15
1979-07-29T18:00:00,43117099999,SOLAPUR,17.628,75.935,23.0,1003.4,94.11
1979-07-29T21:00:00,43117099999,SOLAPUR,17.628,75.935,23.0,1002.3,94.11
1979-07-30T00:00:00,43117099999,SOLAPUR,17.628,75.935,22.0,1001.6,100.0
1979-07-30T03:00:00,43117099999,SOLAPUR,17.628,75.935,24.0,1002.5,88.6
1979-07-30T06:00:00,43117099999,SOLAPUR,17.628,75.935,27.0,1002.4,65.56
1979-07-30T09:00:00,43117099999,SOLAPUR,17.628,75.935,29.0,999.0,58.35
1979-07-30T12:00:00,43117099999,SOLAPUR,17.628,75.935,27.0,998.3,69.74
1979-07-30T15:00:00,43117099999,SOLAPUR,17.628,75.935,24.0,1001.6,88.6
1979-07-30T18:00:00,43117099999,SOLAPUR,17.628,75.935,24.0,1001.8,88.6
1979-07-30T21:00:00,43117099999,SOLAPUR,17.628,75.935,23.0,1000.9,94.11
1979-07-31T00:00:00,43117099999,SOLAPUR,17.628,75.935,22.0,1000.7,94.06
1979-07-31T03:00:00,43117099999,SOLAPUR,17.628,75.935,24.0,1001.5,88.6
1979-07-31T06:00:00,43117099999,SOLAPUR,17.628,75.935,29.0,1000.2,65.98
1979-07-31T09:00:00,43117099999,SOLAPUR,17.628,75.935,28.0,997.8,83.79
1979-07-31T12:00:00,43117099999,SOLAPUR,17.628,75.935,24.0,999.0,94.15
1979-07-31T15:00:00,43117099999,SOLAPUR,17.628,75.935,24.0,1000.7,88.6
1979-07-31T18:00:00,43117099999,SOLAPUR,17.628,75.935,23.0,1002.5,94.11
1979-08-01T00:00:00,43117099999,SOLAPUR,17.628,75.935,23.0,1000.6,94.11
1979-08-01T03:00:00,43117099999,SOLAPUR,17.628,75.935,24.0,1002.0,94.15
1979-08-01T06:00:00,43117099999,SOLAPUR,17.628,75.935,28.0,1000.6,69.92
1979-08-01T09:00:00,43117099999,SOLAPUR,17.628,75.935,31.0,,52.01
1979-08-01T12:00:00,43117099999,SOLAPUR,17.628,75.935,31.0,996.5,45.91
1979-08-01T15:00:00,43117099999,SOLAPUR,17.628,75.935,27.0,999.7,61.61
1979-08-01T18:00:00,43117099999,SOLAPUR,17.628,75.935,25.0,1001.1,78.5
1979-08-01T21:00:00,43117099999,SOLAPUR,17.628,75.935,24.0,999.4,88.6
1979-08-02T00:00:00,43117099999,SOLAPUR,17.628,75.935,23.0,999.8,100.0
1979-08-02T03:00:00,43117099999,SOLAPUR,17.628,75.935,24.0,1002.0,94.15
1979-08-02T06:00:00,43117099999,SOLAPUR,17.628,75.935,25.0,1001.3,88.68
1979-08-02T09:00:00,43117099999,SOLAPUR,17.628,75.935,28.0,998.9,58.11
1979-08-02T12:00:00,43117099999,SOLAPUR,17.628,75.935,24.0,999.5,94.15
1979-08-02T15:00:00,43117099999,SOLAPUR,17.628,75.935,24.0,1001.4,73.63
1979-08-02T18:00:00,43117099999,SOLAPUR,17.628,75.935,24.0,1002.8,88.6
1979-08-02T21:00:00,43117099999,SOLAPUR,17.628,75.935,23.0,1000.7,94.11
1979-08-03T03:00:00,43117099999,SOLAPUR,17.628,75.935,24.0,1003.0,88.6
1979-08-03T06:00:00,43117099999,SOLAPUR,17.628,75.935,26.0,1002.7,83.57
1979-08-03T09:00:00,43117099999,SOLAPUR,17.628,75.935,24.0,1001.9,100.0
1979-08-03T12:00:00,43117099999,SOLAPUR,17.628,75.935,23.0,1001.0,
1979-08-03T15:00:00,43117099999,SOLAPUR,17.628,75.935,23.0,1002.7,100.0
1979-08-03T18:00:00,43117099999,SOLAPUR,17.628,75.935,23.0,1003.6,94.11
1979-08-03T21:00:00,43117099999,SOLAPUR,17.628,75.935,22.0,1002.3,100.0
1979-08-04T00:00:00,43117099999,SOLAPUR,17.628,75.935,,1001.0,
1979-08-04T03:00:00,43117099999,SOLAPUR,17.628,75.935,23.0,1002.4,94.11
1979-08-04T06:00:00,43117099999,SOLAPUR,17.628,75.935,26.0,1002.2,83.57
1979-08-04T09:00:00,43117099999,SOLAPUR,17.628,75.935,26.0,1001.1,78.64
1979-08-04T12:00:00,43117099999,SOLAPUR,17.628,75.935,25.0,1000.7,83.45
1979-08-04T15:00:00,43117099999,SOLAPUR,17.628,75.935,24.0,1001.8,83.34
1979-08-04T18:00:00,43117099999,SOLAPUR,17.628,75.935,23.0,1002.8,94.11
1979-08-04T21:00:00,43117099999,SOLAPUR,17.628,75.935,22.0,1001.2,94.06
1979-08-05T00:00:00,43117099999,SOLAPUR,17.628,75.935,22.0,1001.6,94.06
1979-08-05T03:00:00,43117099999,SOLAPUR,17.628,75.935,24.0,1002.2,88.6
1979-08-05T06:00:00,43117099999,SOLAPUR,17.628,75.935,28.0,1001.1,61.84
1979-08-05T09:00:00,43117099999,SOLAPUR,17.628,75.935,29.0,999.6,65.98
1979-08-05T12:00:00,43117099999,SOLAPUR,17.628,75.935,27.0,999.6,61.61
1979-08-05T15:00:00,43117099999,SOLAPUR,17.628,75.935,25.0,1001.9,73.8
1979-08-05T18:00:00,43117099999,SOLAPUR,17.628,75.935,24.0,1003.5,83.34
1979-08-05T21:00:00,43117099999,SOLAPUR,17.628,75.935,23.0,1001.0,83.22
1979-08-06T00:00:00,43117099999,SOLAPUR,17.628,75.935,23.0,1001.4,88.52
1979-08-06T03:00:00,43117099999,SOLAPUR,17.628,75.935,24.0,1001.9,83.34
1979-08-06T06:00:00,43117099999,SOLAPUR,17.628,75.935,28.0,1001.3,65.77
1979-08-06T09:00:00,43117099999,SOLAPUR,17.628,75.935,29.0,999.2,58.35
1979-08-06T12:00:00,43117099999,SOLAPUR,17.628,75.935,27.0,998.8,65.56
1979-08-06T15:00:00,43117099999,SOLAPUR,17.628,75.935,25.0,1001.5,78.5
1979-08-06T18:00:00,43117099999,SOLAPUR,17.628,75.935,24.0,1003.3,78.35
1979-08-06T21:00:00,43117099999,SOLAPUR,17.628,75.935,24.0,1001.9,78.35
1979-08-07T00:00:00,43117099999,SOLAPUR,17.628,75.935,23.0,1001.6,83.22
1979-08-07T03:00:00,43117099999,SOLAPUR,17.628,75.935,24.0,1003.0,78.35
1979-08-07T06:00:00,43117099999,SOLAPUR,17.628,75.935,29.0,1002.3,51.5
1979-08-07T09:00:00,43117099999,SOLAPUR,17.628,75.935,29.0,1000.7,54.83
1979-08-07T12:00:00,43117099999,SOLAPUR,17.628,75.935,28.0,1000.2,58.11
1979-08-07T15:00:00,43117099999,SOLAPUR,17.628,75.935,26.0,1002.0,65.36
1979-08-07T18:00:00,43117099999,SOLAPUR,17.628,75.935,25.0,1003.4,69.36
1979-08-07T21:00:00,43117099999,SOLAPUR,17.628,75.935,23.0,1002.8,83.22
1979-08-08T03:00:00,43117099999,SOLAPUR,17.628,75.935,25.0,1003.2,73.8
1979-08-08T06:00:00,43117099999,SOLAPUR,17.628,75.935,28.0,1002.4,58.11
1979-08-08T09:00:00,43117099999,SOLAPUR,17.628,75.935,31.0,999.4,48.88
1979-08-08T12:00:00,43117099999,SOLAPUR,17.628,75.935,29.0,999.4,54.83
1979-08-08T15:00:00,43117099999,SOLAPUR,17.628,75.935,26.0,1001.0,69.55
1979-08-08T18:00:00,43117099999,SOLAPUR,17.628,75.935,24.0,1001.6,73.63
1979-08-08T21:00:00,43117099999,SOLAPUR,17.628,75.935,23.0,999.7,83.22
1979-08-09T00:00:00,43117099999,SOLAPUR,17.628,75.935,23.0,999.4,83.22
1979-08-09T03:00:00,43117099999,SOLAPUR,17.628,75.935,25.0,1001.3,78.5
1979-08-09T06:00:00,43117099999,SOLAPUR,17.628,75.935,27.0,1000.7,65.56
1979-08-09T09:00:00,43117099999,SOLAPUR,17.628,75.935,28.0,998.6,58.11
1979-08-09T12:00:00,43117099999,SOLAPUR,17.628,75.935,27.0,997.9,61.61
1979-08-09T15:00:00,43117099999,SOLAPUR,17.628,75.935,26.0,999.4,61.39
1979-08-09T21:00:00,43117099999,SOLAPUR,17.628,75.935,24.0,1000.9,73.63
1979-08-10T03:00:00,43117099999,SOLAPUR,17.628,75.935,25.0,1002.1,78.5
1979-08-10T06:00:00,43117099999,SOLAPUR,17.628,75.935,28.0,1001.2,61.84
1979-08-10T09:00:00,43117099999,SOLAPUR,17.628,75.935,30.0,999.1,48.62
1979-08-10T12:00:00,43117099999,SOLAPUR,17.628,75.935,27.0,999.8,65.56
1979-08-10T15:00:00,43117099999,SOLAPUR,17.628,75.935,25.0,1001.8,65.15
1979-08-11T00:00:00,43117099999,SOLAPUR,17.628,75.935,23.0,1003.1,88.52
1979-08-11T06:00:00,43117099999,SOLAPUR,17.628,75.935,28.0,1004.0,65.77
1979-08-11T09:00:00,43117099999,SOLAPUR,17.628,75.935,27.0,1003.7,78.78
1979-08-11T12:00:00,43117099999,SOLAPUR,17.628,75.935,29.0,1002.6,58.35
1979-08-11T15:00:00,43117099999,SOLAPUR,17.628,75.935,25.0,1005.2,78.5
1979-08-11T18:00:00,43117099999,SOLAPUR,17.628,75.935,23.0,1006.8,83.22
1979-08-11T21:00:00,43117099999,SOLAPUR,17.628,75.935,22.0,1005.8,88.44
1979-08-12T00:00:00,43117099999,SOLAPUR,17.628,75.935,22.0,1006.1,88.44
1979-08-12T06:00:00,43117099999,SOLAPUR,17.628,75.935,29.0,1006.6,62.06
1979-08-12T09:00:00,43117099999,SOLAPUR,17.628,75.935,27.0,1005.1,78.78
1979-08-12T12:00:00,43117099999,SOLAPUR,17.628,75.935,26.0,1004.8,78.64
1979-08-12T18:00:00,43117099999,SOLAPUR,17.628,75.935,24.0,1008.1,83.34
1979-08-12T21:00:00,43117099999,SOLAPUR,17.628,75.935,23.0,1006.8,83.22
1979-08-13T00:00:00,43117099999,SOLAPUR,17.628,75.935,23.0,1006.0,88.52
1979-08-13T03:00:00,43117099999,SOLAPUR,17.628,75.935,25.0,1006.4,73.8
1979-08-13T06:00:00,43117099999,SOLAPUR,17.628,75.935,28.0,1005.6,65.77
1979-08-13T09:00:00,43117099999,SOLAPUR,17.628,75.935,29.0,1003.6,54.83
1979-08-13T15:00:00,43117099999,SOLAPUR,17.628,75.935,26.0,1005.4,65.36
1979-08-13T18:00:00,43117099999,SOLAPUR,17.628,75.935,24.0,1006.4,73.63
1979-08-13T21:00:00,43117099999,SOLAPUR,17.628,75.935,22.0,1004.8,88.44
1979-08-14T00:00:00,43117099999,SOLAPUR,17.628,75.935,22.0,1005.4,88.44
1979-08-14T03:00:00,43117099999,SOLAPUR,17.628,75.935,24.0,1006.9,78.35
1979-08-14T06:00:00,43117099999,SOLAPUR,17.628,75.935,30.0,1005.1,48.62
1979-08-14T09:00:00,43117099999,SOLAPUR,17.628,75.935,32.0,1002.1,43.38
1979-08-14T12:00:00,43117099999,SOLAPUR,17.628,75.935,31.0,1002.7,45.91
1979-08-14T15:00:00,43117099999,SOLAPUR,17.628,75.935,26.0,1005.8,65.36
1979-08-14T18:00:00,43117099999,SOLAPUR,17.628,75.935,25.0,1006.7,78.5
1979-08-14T21:00:00,43117099999,SOLAPUR,17.628,75.935,24.0,1005.1,73.63
1979-08-15T00:00:00,43117099999,SOLAPUR,17.628,75.935,23.0,1005.6,83.22
1979-08-15T03:00:00,43117099999,SOLAPUR,17.628,75.935,25.0,1006.7,78.5
1979-08-15T06:00:00,43117099999,SOLAPUR,17.628,75.935,28.0,1006.6,58.11
1979-08-15T09:00:00,43117099999,SOLAPUR,17.628,75.935,31.0,1003.8,48.88
1979-08-15T12:00:00,43117099999,SOLAPUR,17.628,75.935,31.0,1003.0,45.91
1979-08-15T15:00:00,43117099999,SOLAPUR,17.628,75.935,27.0,1006.1,65.56
1979-08-15T18:00:00,43117099999,SOLAPUR,17.628,75.935,21.0,1007.6,94.02
1979-08-15T21:00:00,43117099999,SOLAPUR,17.628,75.935,24.0,1006.4,78.35
1979-08-16T00:00:00,43117099999,SOLAPUR,17.628,75.935,24.0,1006.5,83.34
1979-08-16T03:00:00,43117099999,SOLAPUR,17.628,75.935,25.0,1008.4,78.5
1979-08-16T06:00:00,43117099999,SOLAPUR,17.628,75.935,28.0,1007.5,58.11
1979-08-16T09:00:00,43117099999,SOLAPUR,17.628,75.935,30.0,1004.6,48.62
1979-08-16T12:00:00,43117099999,SOLAPUR,17.628,75.935,30.0,1004.5,42.83
1979-08-16T15:00:00,43117099999,SOLAPUR,17.628,75.935,27.0,1007.2,50.99
1979-08-16T18:00:00,43117099999,SOLAPUR,17.628,75.935,25.0,1008.8,65.15
1979-08-17T00:00:00,43117099999,SOLAPUR,17.628,75.935,23.0,1008.4,83.22
1979-08-17T03:00:00,43117099999,SOLAPUR,17.628,75.935,25.0,1009.0,73.8
1979-08-17T06:00:00,43117099999,SOLAPUR,17.628,75.935,29.0,1007.0,54.83
1979-08-17T09:00:00,43117099999,SOLAPUR,17.628,75.935,30.0,1004.5,48.62
1979-08-17T12:00:00,43117099999,SOLAPUR,17.628,75.935,27.0,1004.9,61.61
1979-08-17T15:00:00,43117099999,SOLAPUR,17.628,75.935,27.0,1006.2,61.61
1979-08-17T18:00:00,43117099999,SOLAPUR,17.628,75.935,25.0,1007.3,78.5
1979-08-17T21:00:00,43117099999,SOLAPUR,17.628,75.935,24.0,1005.6,78.35
1979-08-18T00:00:00,43117099999,SOLAPUR,17.628,75.935,22.0,1006.7,88.44
1979-08-18T03:00:00,43117099999,SOLAPUR,17.628,75.935,24.0,1007.6,78.35
1979-08-18T06:00:00,43117099999,SOLAPUR,17.628,75.935,28.0,1006.2,58.11
1979-08-18T09:00:00,43117099999,SOLAPUR,17.628,75.935,30.0,1003.0,51.76
1979-08-18T12:00:00,43117099999,SOLAPUR,17.628,75.935,28.0,1003.4,65.77
1979-08-18T15:00:00,43117099999,SOLAPUR,17.628,75.935,26.0,1005.2,73.97
1979-08-18T18:00:00,43117099999,SOLAPUR,17.628,75.935,24.0,1005.8,73.63
1979-08-18T21:00:00,43117099999,SOLAPUR,17.628,75.935,23.0,1005.2,83.22
1979-08-19T00:00:00,43117099999,SOLAPUR,17.628,75.935,22.0,1005.7,88.44
1979-08-19T03:00:00,43117099999,SOLAPUR,17.628,75.935,24.0,1007.3,73.63
1979-08-19T06:00:00,43117099999,SOLAPUR,17.628,75.935,29.0,,54.83
1979-08-19T09:00:00,43117099999,SOLAPUR,17.628,75.935,33.0,1001.9,43.65
1979-08-19T12:00:00,43117099999,SOLAPUR,17.628,75.935,33.0,1000.7,38.49
1979-08-19T15:00:00,43117099999,SOLAPUR,17.628,75.935,29.0,1003.7,51.5
1979-08-19T18:00:00,43117099999,SOLAPUR,17.628,75.935,26.0,1006.1,61.39
1979-08-19T21:00:00,43117099999,SOLAPUR,17.628,75.935,25.0,1005.3,73.8
1979-08-20T00:00:00,43117099999,SOLAPUR,17.628,75.935,22.0,1005.7,83.11
1979-08-20T03:00:00,43117099999,SOLAPUR,17.628,75.935,23.0,1007.1,78.21
1979-08-20T06:00:00,43117099999,SOLAPUR,17.628,75.935,30.0,1005.5,48.62
1979-08-20T12:00:00,43117099999,SOLAPUR,17.628,75.935,33.0,1001.4,41.0
1979-08-20T15:00:00,43117099999,SOLAPUR,17.628,75.935,28.0,1005.2,54.58
1979-08-20T18:00:00,43117099999,SOLAPUR,17.628,75.935,25.0,1006.5,65.15
1979-08-20T21:00:00,43117099999,SOLAPUR,17.628,75.935,24.0,1006.9,73.63
1979-08-21T00:00:00,43117099999,SOLAPUR,17.628,75.935,22.0,1006.7,83.11
1979-08-21T03:00:00,43117099999,SOLAPUR,17.628,75.935,24.0,1008.5,73.63
1979-08-21T06:00:00,43117099999,SOLAPUR,17.628,75.935,30.0,1007.3,48.62
1979-08-21T09:00:00,43117099999,SOLAPUR,17.628,75.935,34.0,1003.5,38.76
1979-08-21T12:00:00,43117099999,SOLAPUR,17.628,75.935,29.0,1003.6,58.35
1979-08-21T15:00:00,43117099999,SOLAPUR,17.628,75.935,26.0,1006.6,61.39
1979-08-21T18:00:00,43117099999,SOLAPUR,17.628,75.935,25.0,1008.3,65.15
1979-08-21T21:00:00,43117099999,SOLAPUR,17.628,75.935,28.0,1006.3,58.11
1979-08-22T00:00:00,43117099999,SOLAPUR,17.628,75.935,22.0,1007.7,83.11
1979-08-22T03:00:00,43117099999,SOLAPUR,17.628,75.935,23.0,1009.8,83.22
1979-08-22T06:00:00,43117099999,SOLAPUR,17.628,75.935,28.0,1008.6,58.11
1979-08-22T09:00:00,43117099999,SOLAPUR,17.628,75.935,32.0,1004.4,40.72
1979-08-22T12:00:00,43117099999,SOLAPUR,17.628,75.935,33.0,1003.0,36.12
1979-08-22T15:00:00,43117099999,SOLAPUR,17.628,75.935,29.0,1005.5,51.5
1979-08-22T18:00:00,43117099999,SOLAPUR,17.628,75.935,26.0,1007.9,61.39
1979-08-22T21:00:00,43117099999,SOLAPUR,17.628,75.935,24.0,1007.4,64.93
1979-08-23T00:00:00,43117099999,SOLAPUR,17.628,75.935,23.0,1007.4,83.22
1979-08-23T03:00:00,43117099999,SOLAPUR,17.628,75.935,23.0,1010.0,78.21
1979-08-23T06:00:00,43117099999,SOLAPUR,17.628,75.935,28.0,1009.0,58.11
1979-08-23T09:00:00,43117099999,SOLAPUR,17.628,75.935,32.0,1005.6,22.56
1979-08-23T12:00:00,43117099999,SOLAPUR,17.628,75.935,33.0,1003.8,38.49
1979-08-23T15:00:00,43117099999,SOLAPUR,17.628,75.935,30.0,1006.0,51.76
1979-08-23T18:00:00,43117099999,SOLAPUR,17.628,75.935,27.0,1008.3,57.87
1979-08-23T21:00:00,43117099999,SOLAPUR,17.628,75.935,25.0,1008.0,69.36
1979-08-24T00:00:00,43117099999,SOLAPUR,17.628,75.935,23.0,1007.8,88.52
1979-08-24T03:00:00,43117099999,SOLAPUR,17.628,75.935,27.0,1010.6,61.61
1979-08-24T06:00:00,43117099999,SOLAPUR,17.628,75.935,29.0,1008.9,58.35
1979-08-24T09:00:00,43117099999,SOLAPUR,17.628,75.935,33.0,1005.3,41.0
1979-08-24T12:00:00,43117099999,SOLAPUR,17.628,75.935,34.0,1003.3,36.39
1979-08-24T15:00:00,43117099999,SOLAPUR,17.628,75.935,29.0,1007.5,65.98
1979-08-24T18:00:00,43117099999,SOLAPUR,17.628,75.935,27.0,1008.6,65.56
1979-08-24T21:00:00,43117099999,SOLAPUR,17.628,75.935,26.0,1007.7,69.55
1979-08-25T03:00:00,43117099999,SOLAPUR,17.628,75.935,25.0,1009.6,69.36
1979-08-25T06:00:00,43117099999,SOLAPUR,17.628,75.935,28.0,1009.1,65.77
1979-08-25T09:00:00,43117099999,SOLAPUR,17.628,75.935,31.0,1005.3,48.88
1979-08-25T12:00:00,43117099999,SOLAPUR,17.628,75.935,32.0,1003.3,43.38
1979-08-25T15:00:00,43117099999,SOLAPUR,17.628,75.935,30.0,1003.5,51.76
1979-08-25T18:00:00,43117099999,SOLAPUR,17.628,75.935,28.0,1007.5,54.58
1979-08-25T21:00:00,43117099999,SOLAPUR,17.628,75.935,26.0,1006.5,61.39
1979-08-26T00:00:00,43117099999,SOLAPUR,17.628,75.935,24.0,1007.4,73.63
1979-08-26T03:00:00,43117099999,SOLAPUR,17.628,75.935,25.0,1008.7,69.36
1979-08-26T06:00:00,43117099999,SOLAPUR,17.628,75.935,30.0,1007.0,55.08
1979-08-26T09:00:00,43117099999,SOLAPUR,17.628,75.935,33.0,1003.3,41.0
1979-08-26T12:00:00,43117099999,SOLAPUR,17.628,75.935,32.0,1003.1,46.18
1979-08-26T15:00:00,43117099999,SOLAPUR,17.628,75.935,29.0,1005.4,58.35
1979-08-26T18:00:00,43117099999,SOLAPUR,17.628,75.935,28.0,1006.9,58.11
1979-08-27T00:00:00,43117099999,SOLAPUR,17.628,75.935,24.0,1006.7,78.35
1979-08-27T03:00:00,43117099999,SOLAPUR,17.628,75.935,24.0,1009.1,73.63
1979-08-27T06:00:00,43117099999,SOLAPUR,17.628,75.935,27.0,1008.4,65.56
1979-08-27T09:00:00,43117099999,SOLAPUR,17.628,75.935,29.0,1005.4,54.83
1979-08-27T12:00:00,43117099999,SOLAPUR,17.628,75.935,31.0,1004.1,48.88
1979-08-27T15:00:00,43117099999,SOLAPUR,17.628,75.935,29.0,1005.8,54.83
1979-08-27T18:00:00,43117099999,SOLAPUR,17.628,75.935,28.0,,58.11
1979-08-27T21:00:00,43117099999,SOLAPUR,17.628,75.935,26.0,1005.8,61.39
1979-08-28T00:00:00,43117099999,SOLAPUR,17.628,75.935,25.0,1006.7,69.36
1979-08-28T03:00:00,43117099999,SOLAPUR,17.628,75.935,26.0,1008.5,73.97
1979-08-28T06:00:00,43117099999,SOLAPUR,17.628,75.935,30.0,1006.8,62.28
1979-08-28T09:00:00,43117099999,SOLAPUR,17.628,75.935,23.0,1005.8,94.11
1979-08-28T12:00:00,43117099999,SOLAPUR,17.628,75.935,28.0,1004.0,69.92
1979-08-28T15:00:00,43117099999,SOLAPUR,17.628,75.935,26.0,1006.4,78.64
1979-08-28T18:00:00,43117099999,SOLAPUR,17.628,75.935,25.0,1008.4,
1979-08-28T21:00:00,43117099999,SOLAPUR,17.628,75.935,23.0,1007.1,94.11
1979-08-29T00:00:00,43117099999,SOLAPUR,17.628,75.935,23.0,1007.5,94.11
1979-08-29T03:00:00,43117099999,SOLAPUR,17.628,75.935,25.0,1008.9,83.45
1979-08-29T06:00:00,43117099999,SOLAPUR,17.628,75.935,29.0,1007.5,62.06
1979-08-29T09:00:00,43117099999,SOLAPUR,17.628,75.935,29.0,1004.2,70.11
1979-08-29T12:00:00,43117099999,SOLAPUR,17.628,75.935,29.0,1003.7,54.83
1979-08-29T18:00:00,43117099999,SOLAPUR,17.628,75.935,25.0,1008.6,78.5
1979-08-29T21:00:00,43117099999,SOLAPUR,17.628,75.935,24.0,1006.9,83.34
1979-08-30T00:00:00,43117099999,SOLAPUR,17.628,75.935,23.0,1007.2,94.11
1979-08-30T03:00:00,43117099999,SOLAPUR,17.628,75.935,24.0,1009.4,88.6
1979-08-30T06:00:00,43117099999,SOLAPUR,17.628,75.935,29.0,1008.1,54.83
1979-08-30T12:00:00,43117099999,SOLAPUR,17.628,75.935,27.0,1005.3,65.56
1979-08-30T15:00:00,43117099999,SOLAPUR,17.628,75.935,25.0,1008.4,78.5
1979-08-30T18:00:00,43117099999,SOLAPUR,17.628,75.935,24.0,1009.3,83.34
1979-08-30T21:00:00,43117099999,SOLAPUR,17.628,75.935,23.0,1008.6,88.52
1979-08-31T00:00:00,43117099999,SOLAPUR,17.628,75.935,22.0,1008.9,88.44
1979-08-31T03:00:00,43117099999,SOLAPUR,17.628,75.935,24.0,1012.1,83.34
1979-08-31T06:00:00,43117099999,SOLAPUR,17.628,75.935,29.0,1010.3,54.83
1979-08-31T09:00:00,43117099999,SOLAPUR,17.628,75.935,33.0,1006.6,46.44
1979-08-31T12:00:00,43117099999,SOLAPUR,17.628,75.935,,1009.3,
1979-08-31T15:00:00,43117099999,SOLAPUR,17.628,75.935,30.0,1007.0,42.83
1979-08-31T18:00:00,43117099999,SOLAPUR,17.628,75.935,28.0,1008.2,54.58
1979-08-31T21:00:00,43117099999,SOLAPUR,17.628,75.935,26.0,1007.4,61.39
1979-09-01T00:00:00,43117099999,SOLAPUR,17.628,75.935,25.0,1008.4,69.36
1979-09-01T03:00:00,43117099999,SOLAPUR,17.628,75.935,27.0,1009.4,65.56
1979-09-01T06:00:00,43117099999,SOLAPUR,17.628,75.935,32.0,1008.1,52.27
1979-09-01T09:00:00,43117099999,SOLAPUR,17.628,75.935,34.0,1003.9,38.76
1979-09-01T12:00:00,43117099999,SOLAPUR,17.628,75.935,28.0,1004.2,51.25
1979-09-01T18:00:00,43117099999,SOLAPUR,17.628,75.935,23.0,1009.3,94.11
1979-09-01T21:00:00,43117099999,SOLAPUR,17.628,75.935,23.0,1007.7,94.11
1979-09-02T00:00:00,43117099999,SOLAPUR,17.628,75.935,23.0,1008.5,94.11
1979-09-02T03:00:00,43117099999,SOLAPUR,17.628,75.935,23.0,1009.5,94.11
1979-09-02T06:00:00,43117099999,SOLAPUR,17.628,75.935,28.0,1008.7,65.77
1979-09-02T09:00:00,43117099999,SOLAPUR,17.628,75.935,29.0,1006.1,65.98
1979-09-02T12:00:00,43117099999,SOLAPUR,17.628,75.935,28.0,1005.2,58.11
1979-09-02T15:00:00,43117099999,SOLAPUR,17.628,75.935,25.0,1006.5,73.8
1979-09-02T18:00:00,43117099999,SOLAPUR,17.628,75.935,25.0,1007.9,69.36
1979-09-02T21:00:00,43117099999,SOLAPUR,17.628,75.935,24.0,1006.9,78.35
1979-09-03T00:00:00,43117099999,SOLAPUR,17.628,75.935,23.0,1007.2,88.52
1979-09-03T03:00:00,43117099999,SOLAPUR,17.628,75.935,24.0,1009.1,83.34
1979-09-03T06:00:00,43117099999,SOLAPUR,17.628,75.935,28.0,1007.8,45.1
1979-09-03T09:00:00,43117099999,SOLAPUR,17.628,75.935,32.0,1003.6,40.72
1979-09-03T12:00:00,43117099999,SOLAPUR,17.628,75.935,32.0,1002.7,33.6
1979-09-03T15:00:00,43117099999,SOLAPUR,17.628,75.935,28.0,1004.7,51.25
1979-09-03T18:00:00,43117099999,SOLAPUR,17.628,75.935,25.0,1007.6,53.83
1979-09-03T21:00:00,43117099999,SOLAPUR,17.628,75.935,23.0,1006.5,78.21
1979-09-04T00:00:00,43117099999,SOLAPUR,17.628,75.935,22.0,1007.4,83.11
1979-09-04T03:00:00,43117099999,SOLAPUR,17.628,75.935,24.0,1008.1,83.34
1979-09-04T06:00:00,43117099999,SOLAPUR,17.628,75.935,27.0,1007.0,50.99
1979-09-04T09:00:00,43117099999,SOLAPUR,17.628,75.935,32.0,1003.4,40.72
1979-09-04T12:00:00,43117099999,SOLAPUR,17.628,75.935,32.0,1002.6,35.84
1979-09-04T15:00:00,43117099999,SOLAPUR,17.628,75.935,27.0,1005.2,54.33
1979-09-04T18:00:00,43117099999,SOLAPUR,17.628,75.935,25.0,1007.3,47.28
1979-09-05T00:00:00,43117099999,SOLAPUR,17.628,75.935,23.0,1006.3,83.22
1979-09-05T03:00:00,43117099999,SOLAPUR,17.628,75.935,23.0,1008.3,78.21
1979-09-05T06:00:00,43117099999,SOLAPUR,17.628,75.935,28.0,1007.1,54.58
1979-09-05T09:00:00,43117099999,SOLAPUR,17.628,75.935,32.0,1003.5,40.72
1979-09-05T12:00:00,43117099999,SOLAPUR,17.628,75.935,31.0,1002.7,40.45
1979-09-05T15:00:00,43117099999,SOLAPUR,17.628,75.935,27.0,1005.7,57.87
1979-09-05T18:00:00,43117099999,SOLAPUR,17.628,75.935,25.0,1008.3,61.16
1979-09-05T21:00:00,43117099999,SOLAPUR,17.628,75.935,24.0,1008.0,69.16
1979-09-06T03:00:00,43117099999,SOLAPUR,17.628,75.935,23.0,1009.7,83.22
1979-09-06T06:00:00,43117099999,SOLAPUR,17.628,75.935,29.0,1008.1,45.37
1979-09-06T12:00:00,43117099999,SOLAPUR,17.628,75.935,32.0,1003.5,31.48
1979-09-06T15:00:00,43117099999,SOLAPUR,17.628,75.935,29.0,1006.0,39.9
1979-09-06T18:00:00,43117099999,SOLAPUR,17.628,75.935,28.0,1007.9,45.1
1979-09-06T21:00:00,43117099999,SOLAPUR,17.628,75.935,26.0,1007.7,57.63
1979-09-07T00:00:00,43117099999,SOLAPUR,17.628,75.935,24.0,1008.1,69.16
1979-09-07T03:00:00,43117099999,SOLAPUR,17.628,75.935,25.0,1011.0,69.36
1979-09-07T06:00:00,43117099999,SOLAPUR,17.628,75.935,30.0,1009.4,48.62
1979-09-07T09:00:00,43117099999,SOLAPUR,17.628,75.935,33.0,1005.8,36.12
1979-09-07T12:00:00,43117099999,SOLAPUR,17.628,75.935,30.0,1006.3,45.64
1979-09-07T15:00:00,43117099999,SOLAPUR,17.628,75.935,28.0,1008.2,61.84
1979-09-07T18:00:00,43117099999,SOLAPUR,17.628,75.935,27.0,1009.5,65.56
1979-09-07T21:00:00,43117099999,SOLAPUR,17.628,75.935,25.0,1009.3,78.5
1979-09-08T00:00:00,43117099999,SOLAPUR,17.628,75.935,24.0,1009.7,83.34
1979-09-08T03:00:00,43117099999,SOLAPUR,17.628,75.935,25.0,1011.4,83.45
1979-09-08T06:00:00,43117099999,SOLAPUR,17.628,75.935,28.0,1011.0,65.77
1979-09-08T12:00:00,43117099999,SOLAPUR,17.628,75.935,32.0,1006.5,40.72
1979-09-08T15:00:00,43117099999,SOLAPUR,17.628,75.935,28.0,1009.2,58.11
1979-09-08T18:00:00,43117099999,SOLAPUR,17.628,75.935,27.0,1011.1,57.87
1979-09-08T21:00:00,43117099999,SOLAPUR,17.628,75.935,22.0,1011.0,88.44
1979-09-09T00:00:00,43117099999,SOLAPUR,17.628,75.935,23.0,1010.4,88.52
1979-09-09T03:00:00,43117099999,SOLAPUR,17.628,75.935,23.0,1012.0,88.52
1979-09-09T06:00:00,43117099999,SOLAPUR,17.628,75.935,28.0,1010.8,61.84
1979-09-09T09:00:00,43117099999,SOLAPUR,17.628,75.935,32.0,1006.6,52.27
1979-09-09T12:00:00,43117099999,SOLAPUR,17.628,75.935,25.0,1007.5,78.5
1979-09-09T15:00:00,43117099999,SOLAPUR,17.628,75.935,24.0,1010.0,78.35
1979-09-09T18:00:00,43117099999,SOLAPUR,17.628,75.935,23.0,1011.6,83.22
1979-09-09T21:00:00,43117099999,SOLAPUR,17.628,75.935,23.0,1008.3,94.11
1979-09-10T00:00:00,43117099999,SOLAPUR,17.628,75.935,22.0,1009.7,94.06
1979-09-10T03:00:00,43117099999,SOLAPUR,17.628,75.935,23.0,1011.9,94.11
1979-09-10T06:00:00,43117099999,SOLAPUR,17.628,75.935,27.0,1010.4,65.56
1979-09-10T09:00:00,43117099999,SOLAPUR,17.628,75.935,30.0,1006.1,51.76
1979-09-10T12:00:00,43117099999,SOLAPUR,17.628,75.935,32.0,1004.8,40.72
1979-09-10T18:00:00,43117099999,SOLAPUR,17.628,75.935,26.0,1009.3,73.97
1979-09-10T21:00:00,43117099999,SOLAPUR,17.628,75.935,23.0,1008.6,100.0
1979-09-11T00:00:00,43117099999,SOLAPUR,17.628,75.935,23.0,1008.9,94.11
1979-09-11T03:00:00,43117099999,SOLAPUR,17.628,75.935,22.0,1011.1,94.06
1979-09-11T06:00:00,43117099999,SOLAPUR,17.628,75.935,23.0,1009.7,88.52
1979-09-11T09:00:00,43117099999,SOLAPUR,17.628,75.935,27.0,1006.6,69.74
1979-09-11T12:00:00,43117099999,SOLAPUR,17.628,75.935,29.0,1005.2,62.06
1979-09-11T15:00:00,43117099999,SOLAPUR,17.628,75.935,26.0,1007.3,41.73
1979-09-11T18:00:00,43117099999,SOLAPUR,17.628,75.935,33.0,,55.81
1979-09-11T21:00:00,43117099999,SOLAPUR,17.628,75.935,24.0,1008.6,83.34
1979-09-12T00:00:00,43117099999,SOLAPUR,17.628,75.935,23.0,1008.8,88.52
1979-09-12T03:00:00,43117099999,SOLAPUR,17.628,75.935,24.0,1011.3,94.15
1979-09-12T06:00:00,43117099999,SOLAPUR,17.628,75.935,26.0,1010.1,73.97
1979-09-12T09:00:00,43117099999,SOLAPUR,17.628,75.935,31.0,1005.6,55.32
1979-09-12T12:00:00,43117099999,SOLAPUR,17.628,75.935,27.0,1006.3,65.56
1979-09-12T18:00:00,43117099999,SOLAPUR,17.628,75.935,25.0,1009.8,83.45
1979-09-12T21:00:00,43117099999,SOLAPUR,17.628,75.935,23.0,1008.9,88.52
1979-09-13T00:00:00,43117099999,SOLAPUR,17.628,75.935,23.0,1009.5,88.52
1979-09-13T03:00:00,43117099999,SOLAPUR,17.628,75.935,25.0,1011.2,88.68
1979-09-13T06:00:00,43117099999,SOLAPUR,17.628,75.935,27.0,1010.0,74.14
1979-09-13T09:00:00,43117099999,SOLAPUR,17.628,75.935,31.0,1006.0,48.88
1979-09-13T12:00:00,43117099999,SOLAPUR,17.628,75.935,29.0,1005.8,51.5
1979-09-13T15:00:00,43117099999,SOLAPUR,17.628,75.935,26.0,1009.2,69.55
1979-09-13T18:00:00,43117099999,SOLAPUR,17.628,75.935,25.0,1010.0,83.45
1979-09-13T21:00:00,43117099999,SOLAPUR,17.628,75.935,24.0,1009.5,88.6
1979-09-14T00:00:00,43117099999,SOLAPUR,17.628,75.935,23.0,1009.5,88.52
1979-09-14T03:00:00,43117099999,SOLAPUR,17.628,75.935,22.0,1012.5,100.0
1979-09-14T06:00:00,43117099999,SOLAPUR,17.628,75.935,23.0,1011.4,94.11
1979-09-14T12:00:00,43117099999,SOLAPUR,17.628,75.935,27.0,1006.8,83.68
1979-09-14T15:00:00,43117099999,SOLAPUR,17.628,75.935,25.0,1009.5,83.45
1979-09-14T18:00:00,43117099999,SOLAPUR,17.628,75.935,23.0,1010.1,94.11
1979-09-14T21:00:00,43117099999,SOLAPUR,17.628,75.935,22.0,1008.5,94.06
1979-09-15T00:00:00,43117099999,SOLAPUR,17.628,75.935,22.0,1008.2,94.06
1979-09-15T03:00:00,43117099999,SOLAPUR,17.628,75.935,24.0,1010.1,88.6
1979-09-15T06:00:00,43117099999,SOLAPUR,17.628,75.935,29.0,1009.2,65.98
1979-09-15T09:00:00,43117099999,SOLAPUR,17.628,75.935,31.0,1006.0,55.32
1979-09-15T12:00:00,43117099999,SOLAPUR,17.628,75.935,32.0,1004.6,52.27
1979-09-15T15:00:00,43117099999,SOLAPUR,17.628,75.935,29.0,1008.2,65.98
1979-09-15T18:00:00,43117099999,SOLAPUR,17.628,75.935,26.0,1009.5,83.57
1979-09-15T21:00:00,43117099999,SOLAPUR,17.628,75.935,25.0,1008.3,83.45
1979-09-16T00:00:00,43117099999,SOLAPUR,17.628,75.935,24.0,1008.1,88.6
1979-09-16T03:00:00,43117099999,SOLAPUR,17.628,75.935,26.0,1009.6,78.64
1979-09-16T06:00:00,43117099999,SOLAPUR,17.628,75.935,31.0,1008.2,48.88
1979-09-16T09:00:00,43117099999,SOLAPUR,17.628,75.935,33.0,1004.1,43.65
1979-09-16T12:00:00,43117099999,SOLAPUR,17.628,75.935,29.0,1004.2,58.35
1979-09-16T15:00:00,43117099999,SOLAPUR,17.628,75.935,26.0,1008.5,69.55
1979-09-16T18:00:00,43117099999,SOLAPUR,17.628,75.935,25.0,1009.2,73.8
1979-09-16T21:00:00,43117099999,SOLAPUR,17.628,75.935,24.0,1007.9,88.6
1979-09-17T00:00:00,43117099999,SOLAPUR,17.628,75.935,23.0,1007.8,88.52
1979-09-17T03:00:00,43117099999,SOLAPUR,17.628,75.935,27.0,1009.2,78.78
1979-09-17T06:00:00,43117099999,SOLAPUR,17.628,75.935,30.0,1008.3,51.76
1979-09-17T09:00:00,43117099999,SOLAPUR,17.628,75.935,32.0,1003.4,49.14
1979-09-17T12:00:00,43117099999,SOLAPUR,17.628,75.935,27.0,1004.8,74.14
1979-09-17T15:00:00,43117099999,SOLAPUR,17.628,75.935,26.0,1007.1,73.97
1979-09-17T18:00:00,43117099999,SOLAPUR,17.628,75.935,26.0,1007.7,73.97
1979-09-17T21:00:00,43117099999,SOLAPUR,17.628,75.935,25.0,1007.1,78.5
1979-09-18T00:00:00,43117099999,SOLAPUR,17.628,75.935,24.0,1007.3,83.34
1979-09-18T03:00:00,43117099999,SOLAPUR,17.628,75.935,26.0,1008.6,73.97
1979-09-18T06:00:00,43117099999,SOLAPUR,17.628,75.935,31.0,1007.9,45.91
1979-09-18T09:00:00,43117099999,SOLAPUR,17.628,75.935,32.0,1003.2,43.38
1979-09-18T15:00:00,43117099999,SOLAPUR,17.628,75.935,28.0,1006.4,65.77
1979-09-18T18:00:00,43117099999,SOLAPUR,17.628,75.935,24.0,1008.1,94.15
1979-09-18T21:00:00,43117099999,SOLAPUR,17.628,75.935,24.0,,83.34
1979-09-19T00:00:00,43117099999,SOLAPUR,17.628,75.935,23.0,1007.8,94.11
1979-09-19T03:00:00,43117099999,SOLAPUR,17.628,75.935,26.0,1008.0,78.64
1979-09-19T06:00:00,43117099999,SOLAPUR,17.628,75.935,29.0,1006.9,62.06
1979-09-19T09:00:00,43117099999,SOLAPUR,17.628,75.935,31.0,1003.3,43.1
1979-09-19T12:00:00,43117099999,SOLAPUR,17.628,75.935,28.0,1003.5,54.58
1979-09-19T15:00:00,43117099999,SOLAPUR,17.628,75.935,26.0,1006.3,73.97
1979-09-19T18:00:00,43117099999,SOLAPUR,17.628,75.935,25.0,1007.1,83.45
1979-09-19T21:00:00,43117099999,SOLAPUR,17.628,75.935,24.0,1005.5,88.6
1979-09-20T00:00:00,43117099999,SOLAPUR,17.628,75.935,24.0,1006.3,88.6
1979-09-20T03:00:00,43117099999,SOLAPUR,17.628,75.935,25.0,1008.5,83.45
1979-09-20T06:00:00,43117099999,SOLAPUR,17.628,75.935,28.0,1007.9,69.92
1979-09-20T09:00:00,43117099999,SOLAPUR,17.628,75.935,24.0,1005.1,94.15
1979-09-20T12:00:00,43117099999,SOLAPUR,17.628,75.935,27.0,1004.1,83.68
1979-09-20T15:00:00,43117099999,SOLAPUR,17.628,75.935,25.0,1006.4,88.68
1979-09-20T18:00:00,43117099999,SOLAPUR,17.628,75.935,24.0,,94.15
1979-09-20T21:00:00,43117099999,SOLAPUR,17.628,75.935,24.0,1006.4,94.15
1979-09-21T00:00:00,43117099999,SOLAPUR,17.628,75.935,24.0,1006.0,83.34
1979-09-21T03:00:00,43117099999,SOLAPUR,17.628,75.935,25.0,1007.5,73.8
1979-09-21T06:00:00,43117099999,SOLAPUR,17.628,75.935,28.0,1006.5,65.77
1979-09-21T09:00:00,43117099999,SOLAPUR,17.628,75.935,32.0,1003.2,49.14
1979-09-21T12:00:00,43117099999,SOLAPUR,17.628,75.935,25.0,1004.2,94.19
1979-09-21T15:00:00,43117099999,SOLAPUR,17.628,75.935,25.0,1006.4,94.19
1979-09-21T18:00:00,43117099999,SOLAPUR,17.628,75.935,25.0,1006.7,88.68
1979-09-21T21:00:00,43117099999,SOLAPUR,17.628,75.935,24.0,1005.4,88.6
1979-09-22T00:00:00,43117099999,SOLAPUR,17.628,75.935,23.0,1005.9,94.11
1979-09-22T03:00:00,43117099999,SOLAPUR,17.628,75.935,25.0,1008.3,83.45
1979-09-22T06:00:00,43117099999,SOLAPUR,17.628,75.935,28.0,1008.0,69.92
1979-09-22T09:00:00,43117099999,SOLAPUR,17.628,75.935,32.0,1003.1,52.27
1979-09-22T12:00:00,43117099999,SOLAPUR,17.628,75.935,30.0,1003.3,51.76
1979-09-22T15:00:00,43117099999,SOLAPUR,17.628,75.935,25.0,1006.8,83.45
1979-09-22T18:00:00,43117099999,SOLAPUR,17.628,75.935,24.0,1007.4,94.15
1979-09-23T00:00:00,43117099999,SOLAPUR,17.628,75.935,23.0,1006.4,94.11
1979-09-23T03:00:00,43117099999,SOLAPUR,17.628,75.935,23.0,1008.7,94.11
1979-09-23T06:00:00,43117099999,SOLAPUR,17.628,75.935,24.0,1007.8,94.15
1979-09-23T09:00:00,43117099999,SOLAPUR,17.628,75.935,28.0,1003.4,65.77
1979-09-23T12:00:00,43117099999,SOLAPUR,17.628,75.935,29.0,1002.0,62.06
1979-09-23T15:00:00,43117099999,SOLAPUR,17.628,75.935,23.0,1005.9,100.0
1979-09-23T18:00:00,43117099999,SOLAPUR,17.628,75.935,24.0,1005.9,94.15
1979-09-23T21:00:00,43117099999,SOLAPUR,17.628,75.935,23.0,1004.6,94.11
1979-09-24T00:00:00,43117099999,SOLAPUR,17.628,75.935,23.0,1004.5,94.11
1979-09-24T06:00:00,43117099999,SOLAPUR,17.628,75.935,25.0,1005.8,88.68
1979-09-24T09:00:00,43117099999,SOLAPUR,17.628,75.935,27.0,1002.5,78.78
1979-09-24T12:00:00,43117099999,SOLAPUR,17.628,75.935,28.0,1001.3,65.77
1979-09-24T15:00:00,43117099999,SOLAPUR,17.628,75.935,24.0,1004.3,94.15
1979-09-24T18:00:00,43117099999,SOLAPUR,17.628,75.935,24.0,1004.4,
1979-09-24T21:00:00,43117099999,SOLAPUR,17.628,75.935,23.0,1003.7,100.0
1979-09-25T00:00:00,43117099999,SOLAPUR,17.628,75.935,23.0,1003.9,100.0
1979-09-25T03:00:00,43117099999,SOLAPUR,17.628,75.935,25.0,1005.3,88.68
1979-09-25T06:00:00,43117099999,SOLAPUR,17.628,75.935,27.0,1004.5,78.78
1979-09-25T09:00:00,43117099999,SOLAPUR,17.628,75.935,26.0,1002.5,88.76
1979-09-25T12:00:00,43117099999,SOLAPUR,17.628,75.935,26.0,1001.8,88.76
1979-09-25T15:00:00,43117099999,SOLAPUR,17.628,75.935,24.0,1003.9,94.15
1979-09-25T18:00:00,43117099999,SOLAPUR,17.628,75.935,24.0,1004.6,94.15
1979-09-25T21:00:00,43117099999,SOLAPUR,17.628,75.935,26.0,1003.0,83.57
1979-09-26T00:00:00,43117099999,SOLAPUR,17.628,75.935,22.0,1003.6,94.06
1979-09-26T03:00:00,43117099999,SOLAPUR,17.628,75.935,23.0,1005.3,94.11
1979-09-26T06:00:00,43117099999,SOLAPUR,17.628,75.935,27.0,1004.7,78.78
1979-09-26T09:00:00,43117099999,SOLAPUR,17.628,75.935,28.0,1001.6,65.77
1979-09-26T12:00:00,43117099999,SOLAPUR,17.628,75.935,22.0,1003.2,100.0
1979-09-26T15:00:00,43117099999,SOLAPUR,17.628,75.935,22.0,1005.4,100.0
1979-09-26T18:00:00,43117099999,SOLAPUR,17.628,75.935,21.0,1006.6,100.0
1979-09-26T21:00:00,43117099999,SOLAPUR,17.628,75.935,20.0,1005.6,93.97
1979-09-27T00:00:00,43117099999,SOLAPUR,17.628,75.935,21.0,1005.9,94.02
1979-09-27T03:00:00,43117099999,SOLAPUR,17.628,75.935,22.0,1007.7,94.06
1979-09-27T06:00:00,43117099999,SOLAPUR,17.628,75.935,27.0,1005.5,78.78
1979-09-27T09:00:00,43117099999,SOLAPUR,17.628,75.935,30.0,1002.3,62.28
1979-09-27T12:00:00,43117099999,SOLAPUR,17.628,75.935,30.0,1001.6,48.62
1979-09-27T15:00:00,43117099999,SOLAPUR,17.628,75.935,27.0,1004.9,69.74
1979-09-27T18:00:00,43117099999,SOLAPUR,17.628,75.935,24.0,1006.7,83.34
1979-09-27T21:00:00,43117099999,SOLAPUR,17.628,75.935,24.0,1004.9,83.34
1979-09-28T00:00:00,43117099999,SOLAPUR,17.628,75.935,23.0,1005.4,88.52
1979-09-28T03:00:00,43117099999,SOLAPUR,17.628,75.935,25.0,1007.6,83.45
1979-09-28T06:00:00,43117099999,SOLAPUR,17.628,75.935,28.0,1007.7,69.92
1979-09-28T09:00:00,43117099999,SOLAPUR,17.628,75.935,31.0,1003.1,62.5
1979-09-28T12:00:00,43117099999,SOLAPUR,17.628,75.935,28.0,1003.2,54.58
1979-09-28T18:00:00,43117099999,SOLAPUR,17.628,75.935,23.0,1008.1,88.52
1979-09-28T21:00:00,43117099999,SOLAPUR,17.628,75.935,22.0,1006.6,88.44
1979-09-29T00:00:00,43117099999,SOLAPUR,17.628,75.935,21.0,1007.7,94.02
1979-09-29T03:00:00,43117099999,SOLAPUR,17.628,75.935,24.0,1008.7,83.34
1979-09-29T06:00:00,43117099999,SOLAPUR,17.628,75.935,28.0,1008.1,65.77
1979-09-29T09:00:00,43117099999,SOLAPUR,17.628,75.935,30.0,1004.6,55.08
1979-09-29T12:00:00,43117099999,SOLAPUR,17.628,75.935,29.0,1003.5,62.06
1979-09-29T15:00:00,43117099999,SOLAPUR,17.628,75.935,27.0,1005.3,74.14
1979-09-29T18:00:00,43117099999,SOLAPUR,17.628,75.935,26.0,1006.9,73.97
1979-09-29T21:00:00,43117099999,SOLAPUR,17.628,75.935,24.0,1005.7,83.34
1979-09-30T00:00:00,43117099999,SOLAPUR,17.628,75.935,23.0,1006.0,94.11
1979-09-30T03:00:00,43117099999,SOLAPUR,17.628,75.935,24.0,1008.3,88.6
1979-09-30T06:00:00,43117099999,SOLAPUR,17.628,75.935,29.0,1007.1,62.06
1979-09-30T09:00:00,43117099999,SOLAPUR,17.628,75.935,31.0,1003.3,48.88
1979-09-30T12:00:00,43117099999,SOLAPUR,17.628,75.935,30.0,1003.0,45.64
1979-09-30T15:00:00,43117099999,SOLAPUR,17.628,75.935,28.0,1005.6,65.77
1979-09-30T18:00:00,43117099999,SOLAPUR,17.628,75.935,28.0,1006.6,61.84
1979-09-30T21:00:00,43117099999,SOLAPUR,17.628,75.935,26.0,1005.3,69.55
1979-10-01T00:00:00,43117099999,SOLAPUR,17.628,75.935,25.0,1006.3,78.5
1979-10-01T03:00:00,43117099999,SOLAPUR,17.628,75.935,26.0,1008.3,78.64
1979-10-01T06:00:00,43117099999,SOLAPUR,17.628,75.935,30.0,1007.2,58.58
1979-10-01T09:00:00,43117099999,SOLAPUR,17.628,75.935,32.0,1003.5,43.38
1979-10-01T12:00:00,43117099999,SOLAPUR,17.628,75.935,29.0,1004.0,54.83
1979-10-01T15:00:00,43117099999,SOLAPUR,17.628,75.935,28.0,1006.6,58.11
1979-10-01T18:00:00,43117099999,SOLAPUR,17.628,75.935,25.0,1008.5,73.8
1979-10-01T21:00:00,43117099999,SOLAPUR,17.628,75.935,24.0,,83.34
1979-10-02T00:00:00,43117099999,SOLAPUR,17.628,75.935,23.0,1007.6,83.22
1979-10-02T03:00:00,43117099999,SOLAPUR,17.628,75.935,25.0,1009.5,83.45
1979-10-02T06:00:00,43117099999,SOLAPUR,17.628,75.935,30.0,1008.3,62.28
1979-10-02T09:00:00,43117099999,SOLAPUR,17.628,75.935,32.0,1003.7,49.14
1979-10-02T12:00:00,43117099999,SOLAPUR,17.628,75.935,24.0,1006.5,88.6
1979-10-02T15:00:00,43117099999,SOLAPUR,17.628,75.935,25.0,1009.7,83.45
1979-10-02T18:00:00,43117099999,SOLAPUR,17.628,75.935,23.0,1010.8,88.52
1979-10-02T21:00:00,43117099999,SOLAPUR,17.628,75.935,23.0,1008.6,88.52
1979-10-03T00:00:00,43117099999,SOLAPUR,17.628,75.935,22.0,1008.7,94.06
1979-10-03T03:00:00,43117099999,SOLAPUR,17.628,75.935,24.0,1011.5,83.34
1979-10-03T06:00:00,43117099999,SOLAPUR,17.628,75.935,27.0,1010.4,69.74
1979-10-03T09:00:00,43117099999,SOLAPUR,17.628,75.935,31.0,1006.2,55.32
1979-10-03T12:00:00,43117099999,SOLAPUR,17.628,75.935,29.0,1006.2,54.83
1979-10-03T15:00:00,43117099999,SOLAPUR,17.628,75.935,27.0,1008.9,69.74
1979-10-03T18:00:00,43117099999,SOLAPUR,17.628,75.935,26.0,1009.8,69.55
1979-10-03T21:00:00,43117099999,SOLAPUR,17.628,75.935,24.0,1009.1,83.34
1979-10-04T00:00:00,43117099999,SOLAPUR,17.628,75.935,25.0,1010.4,94.19
1979-10-04T03:00:00,43117099999,SOLAPUR,17.628,75.935,23.0,1011.5,83.22
1979-10-04T06:00:00,43117099999,SOLAPUR,17.628,75.935,28.0,1009.8,65.77
1979-10-04T09:00:00,43117099999,SOLAPUR,17.628,75.935,32.0,1005.6,46.18
1979-10-04T12:00:00,43117099999,SOLAPUR,17.628,75.935,30.0,1005.4,51.76
1979-10-04T15:00:00,43117099999,SOLAPUR,17.628,75.935,28.0,1007.9,61.84
1979-10-04T18:00:00,43117099999,SOLAPUR,17.628,75.935,26.0,1008.9,65.36
1979-10-04T21:00:00,43117099999,SOLAPUR,17.628,75.935,25.0,1008.1,78.5
1979-10-05T00:00:00,43117099999,SOLAPUR,17.628,75.935,24.0,1009.1,83.34
1979-10-05T03:00:00,43117099999,SOLAPUR,17.628,75.935,25.0,1011.4,78.5
1979-10-05T06:00:00,43117099999,SOLAPUR,17.628,75.935,29.0,1009.2,58.35
1979-10-05T09:00:00,43117099999,SOLAPUR,17.628,75.935,32.0,1006.5,46.18
1979-10-05T12:00:00,43117099999,SOLAPUR,17.628,75.935,31.0,1005.4,37.94
1979-10-05T15:00:00,43117099999,SOLAPUR,17.628,75.935,29.0,1007.4,51.5
1979-10-05T18:00:00,43117099999,SOLAPUR,17.628,75.935,27.0,1009.3,61.61
1979-10-05T21:00:00,43117099999,SOLAPUR,17.628,75.935,25.0,1008.6,73.8
1979-10-06T00:00:00,43117099999,SOLAPUR,17.628,75.935,30.0,,
1979-10-06T03:00:00,43117099999,SOLAPUR,17.628,75.935,25.0,1010.8,78.5
1979-10-06T06:00:00,43117099999,SOLAPUR,17.628,75.935,31.0,1008.9,52.01
1979-10-06T09:00:00,43117099999,SOLAPUR,17.628,75.935,33.0,1005.2,43.65
1979-10-06T12:00:00,43117099999,SOLAPUR,17.628,75.935,31.0,1005.2,43.1
1979-10-06T15:00:00,43117099999,SOLAPUR,17.628,75.935,29.0,1007.8,54.83
1979-10-06T18:00:00,43117099999,SOLAPUR,17.628,75.935,27.0,1009.2,65.56
1979-10-06T21:00:00,43117099999,SOLAPUR,17.628,75.935,25.0,1008.8,73.8
1979-10-07T00:00:00,43117099999,SOLAPUR,17.628,75.935,25.0,1009.7,78.5
1979-10-07T03:00:00,43117099999,SOLAPUR,17.628,75.935,25.0,1012.0,78.5
1979-10-07T06:00:00,43117099999,SOLAPUR,17.628,75.935,28.0,1010.9,65.77
1979-10-07T09:00:00,43117099999,SOLAPUR,17.628,75.935,32.0,1007.0,52.27
1979-10-07T12:00:00,43117099999,SOLAPUR,17.628,75.935,32.0,1007.0,43.38
1979-10-07T15:00:00,43117099999,SOLAPUR,17.628,75.935,,1010.2,
1979-10-07T18:00:00,43117099999,SOLAPUR,17.628,75.935,27.0,1011.1,65.56
1979-10-07T21:00:00,43117099999,SOLAPUR,17.628,75.935,25.0,1009.5,83.45
1979-10-08T00:00:00,43117099999,SOLAPUR,17.628,75.935,24.0,1011.0,83.34
1979-10-08T03:00:00,43117099999,SOLAPUR,17.628,75.935,27.0,1012.9,74.14
1979-10-08T06:00:00,43117099999,SOLAPUR,17.628,75.935,32.0,1011.6,49.14
1979-10-08T09:00:00,43117099999,SOLAPUR,17.628,75.935,34.0,1007.8,41.27
1979-10-08T12:00:00,43117099999,SOLAPUR,17.628,75.935,33.0,1007.5,36.12
1979-10-08T15:00:00,43117099999,SOLAPUR,17.628,75.935,29.0,1010.8,54.83
1979-10-08T18:00:00,43117099999,SOLAPUR,17.628,75.935,27.0,1011.7,61.61
1979-10-08T21:00:00,43117099999,SOLAPUR,17.628,75.935,25.0,1011.0,73.8
1979-10-09T00:00:00,43117099999,SOLAPUR,17.628,75.935,24.0,1011.7,83.34
1979-10-09T03:00:00,43117099999,SOLAPUR,17.628,75.935,28.0,1014.4,74.3
1979-10-09T06:00:00,43117099999,SOLAPUR,17.628,75.935,32.0,1012.5,49.14
1979-10-09T09:00:00,43117099999,SOLAPUR,17.628,75.935,33.0,1008.9,36.12
1979-10-09T12:00:00,43117099999,SOLAPUR,17.628,75.935,33.0,1008.8,31.76
1979-10-09T15:00:00,43117099999,SOLAPUR,17.628,75.935,29.0,1011.5,51.5
1979-10-09T18:00:00,43117099999,SOLAPUR,17.628,75.935,28.0,1011.9,51.25
1979-10-10T00:00:00,43117099999,SOLAPUR,17.628,75.935,24.0,1011.7,73.63
1979-10-10T03:00:00,43117099999,SOLAPUR,17.628,75.935,28.0,1012.9,54.58
1979-10-10T06:00:00,43117099999,SOLAPUR,17.628,75.935,32.0,1011.7,40.72
1979-10-10T09:00:00,43117099999,SOLAPUR,17.628,75.935,34.0,1008.7,32.03
1979-10-10T12:00:00,43117099999,SOLAPUR,17.628,75.935,34.0,1008.0,28.13
1979-10-10T15:00:00,43117099999,SOLAPUR,17.628,75.935,30.0,1010.3,40.17
1979-10-10T18:00:00,43117099999,SOLAPUR,17.628,75.935,27.0,1011.5,44.83
1979-10-10T21:00:00,43117099999,SOLAPUR,17.628,75.935,25.0,1010.9,61.16
1979-10-11T00:00:00,43117099999,SOLAPUR,17.628,75.935,24.0,1011.4,73.63
1979-10-11T03:00:00,43117099999,SOLAPUR,17.628,75.935,28.0,1012.8,58.11
1979-10-11T06:00:00,43117099999,SOLAPUR,17.628,75.935,32.0,1011.4,43.38
1979-10-11T09:00:00,43117099999,SOLAPUR,17.628,75.935,34.0,1008.1,26.35
1979-10-11T12:00:00,43117099999,SOLAPUR,17.628,75.935,33.0,1007.7,26.08
1979-10-11T15:00:00,43117099999,SOLAPUR,17.628,75.935,28.0,1010.4,42.28
1979-10-11T18:00:00,43117099999,SOLAPUR,17.628,75.935,27.0,1011.5,42.01
1979-10-11T21:00:00,43117099999,SOLAPUR,17.628,75.935,25.0,1010.5,69.36
1979-10-12T00:00:00,43117099999,SOLAPUR,17.628,75.935,24.0,1011.5,69.16
1979-10-12T03:00:00,43117099999,SOLAPUR,17.628,75.935,27.0,1013.0,61.61
1979-10-12T06:00:00,43117099999,SOLAPUR,17.628,75.935,33.0,1011.9,36.12
1979-10-12T09:00:00,43117099999,SOLAPUR,17.628,75.935,34.0,1008.2,28.13
1979-10-12T12:00:00,43117099999,SOLAPUR,17.628,75.935,34.0,1008.0,24.66
1979-10-12T15:00:00,43117099999,SOLAPUR,17.628,75.935,30.0,1011.0,33.05
1979-10-12T18:00:00,43117099999,SOLAPUR,17.628,75.935,28.0,1010.9,45.1
1979-10-12T21:00:00,43117099999,SOLAPUR,17.628,75.935,26.0,1010.5,54.08
1979-10-13T00:00:00,43117099999,SOLAPUR,17.628,75.935,24.0,1011.5,60.93
1979-10-13T03:00:00,43117099999,SOLAPUR,17.628,75.935,28.0,1013.3,54.58
1979-10-13T06:00:00,43117099999,SOLAPUR,17.628,75.935,32.0,1012.0,40.72
1979-10-13T09:00:00,43117099999,SOLAPUR,17.628,75.935,34.0,1008.8,32.03
1979-10-13T12:00:00,43117099999,SOLAPUR,17.628,75.935,33.0,1008.3,26.08
1979-10-13T15:00:00,43117099999,SOLAPUR,17.628,75.935,30.0,1011.2,33.05
1979-10-13T18:00:00,43117099999,SOLAPUR,17.628,75.935,26.0,1012.5,44.56
1979-10-13T21:00:00,43117099999,SOLAPUR,17.628,75.935,25.0,1011.4,53.83
1979-10-14T00:00:00,43117099999,SOLAPUR,17.628,75.935,24.0,1012.4,64.93
1979-10-14T03:00:00,43117099999,SOLAPUR,17.628,75.935,26.0,1014.5,65.36
1979-10-14T06:00:00,43117099999,SOLAPUR,17.628,75.935,31.0,1012.5,43.1
1979-10-14T09:00:00,43117099999,SOLAPUR,17.628,75.935,34.0,1009.0,30.03
1979-10-14T12:00:00,43117099999,SOLAPUR,17.628,75.935,33.0,1008.7,26.08
1979-10-14T15:00:00,43117099999,SOLAPUR,17.628,75.935,30.0,1012.2,33.05
1979-10-14T18:00:00,43117099999,SOLAPUR,17.628,75.935,27.0,1012.7,42.01
1979-10-14T21:00:00,43117099999,SOLAPUR,17.628,75.935,25.0,1012.6,47.28
1979-10-15T00:00:00,43117099999,SOLAPUR,17.628,75.935,23.0,1014.0,60.7
1979-10-15T03:00:00,43117099999,SOLAPUR,17.628,75.935,27.0,1015.8,57.87
1979-10-15T06:00:00,43117099999,SOLAPUR,17.628,75.935,32.0,1013.9,46.18
1979-10-15T09:00:00,43117099999,SOLAPUR,17.628,75.935,34.0,1009.8,34.15
1979-10-15T12:00:00,43117099999,SOLAPUR,17.628,75.935,33.0,1009.6,31.76
1979-10-15T15:00:00,43117099999,SOLAPUR,17.628,75.935,29.0,1012.1,42.56
1979-10-15T18:00:00,43117099999,SOLAPUR,17.628,75.935,27.0,1012.9,44.83
1979-10-15T21:00:00,43117099999,SOLAPUR,17.628,75.935,25.0,1012.3,53.83
1979-10-16T00:00:00,43117099999,SOLAPUR,17.628,75.935,23.0,1013.3,60.7
1979-10-16T03:00:00,43117099999,SOLAPUR,17.628,75.935,27.0,1014.9,50.99
1979-10-16T06:00:00,43117099999,SOLAPUR,17.628,75.935,32.0,1013.3,40.72
1979-10-16T09:00:00,43117099999,SOLAPUR,17.628,75.935,34.0,1009.2,36.39
1979-10-16T12:00:00,43117099999,SOLAPUR,17.628,75.935,34.0,1009.1,32.03
1979-10-16T15:00:00,43117099999,SOLAPUR,17.628,75.935,30.0,1011.6,40.17
1979-10-16T18:00:00,43117099999,SOLAPUR,17.628,75.935,28.0,1012.2,39.62
1979-10-16T21:00:00,43117099999,SOLAPUR,17.628,75.935,26.0,1011.0,50.73
1979-10-17T00:00:00,43117099999,SOLAPUR,17.628,75.935,25.0,1011.8,57.39
1979-10-17T03:00:00,43117099999,SOLAPUR,17.628,75.935,27.0,1013.3,54.33
1979-10-17T06:00:00,43117099999,SOLAPUR,17.628,75.935,33.0,1011.8,38.49
1979-10-17T09:00:00,43117099999,SOLAPUR,17.628,75.935,34.0,1008.5,36.39
1979-10-17T12:00:00,43117099999,SOLAPUR,17.628,75.935,31.0,1008.8,40.45
1979-10-17T15:00:00,43117099999,SOLAPUR,17.628,75.935,29.0,1011.2,51.5
1979-10-17T18:00:00,43117099999,SOLAPUR,17.628,75.935,27.0,1011.7,47.82
1979-10-17T21:00:00,43117099999,SOLAPUR,17.628,75.935,26.0,1011.0,57.63
1979-10-18T00:00:00,43117099999,SOLAPUR,17.628,75.935,23.0,1011.9,88.52
1979-10-18T06:00:00,43117099999,SOLAPUR,17.628,75.935,29.0,1012.8,58.35
1979-10-18T09:00:00,43117099999,SOLAPUR,17.628,75.935,28.0,1009.8,54.58
1979-10-18T12:00:00,43117099999,SOLAPUR,17.628,75.935,28.0,1009.3,58.11
1979-10-18T15:00:00,43117099999,SOLAPUR,17.628,75.935,27.0,1011.8,61.61
1979-10-18T18:00:00,43117099999,SOLAPUR,17.628,75.935,25.0,1012.9,61.16
1979-10-19T00:00:00,43117099999,SOLAPUR,17.628,75.935,23.0,1012.4,73.46
1979-10-19T06:00:00,43117099999,SOLAPUR,17.628,75.935,31.0,1013.7,43.1
1979-10-19T09:00:00,43117099999,SOLAPUR,17.628,75.935,30.0,1010.1,42.83
1979-10-19T12:00:00,43117099999,SOLAPUR,17.628,75.935,26.0,1011.6,57.63
1979-10-19T15:00:00,43117099999,SOLAPUR,17.628,75.935,24.0,1013.6,69.16
1979-10-19T18:00:00,43117099999,SOLAPUR,17.628,75.935,24.0,1014.1,69.16
1979-10-19T21:00:00,43117099999,SOLAPUR,17.628,75.935,23.0,1013.1,78.21
1979-10-20T00:00:00,43117099999,SOLAPUR,17.628,75.935,23.0,1013.8,78.21
1979-10-20T03:00:00,43117099999,SOLAPUR,17.628,75.935,25.0,1016.2,69.36
1979-10-20T06:00:00,43117099999,SOLAPUR,17.628,75.935,30.0,1014.8,48.62
1979-10-20T12:00:00,43117099999,SOLAPUR,17.628,75.935,28.0,1012.7,48.09
1979-10-20T15:00:00,43117099999,SOLAPUR,17.628,75.935,27.0,1014.0,54.33
1979-10-20T18:00:00,43117099999,SOLAPUR,17.628,75.935,25.0,1014.7,65.15
1979-10-21T00:00:00,43117099999,SOLAPUR,17.628,75.935,23.0,1015.0,83.22
1979-10-21T03:00:00,43117099999,SOLAPUR,17.628,75.935,26.0,1016.1,69.55
1979-10-21T06:00:00,43117099999,SOLAPUR,17.628,75.935,30.0,1014.7,55.08
1979-10-21T09:00:00,43117099999,SOLAPUR,17.628,75.935,32.0,1010.6,38.21
1979-10-21T12:00:00,43117099999,SOLAPUR,17.628,75.935,32.0,1010.5,27.6
1979-10-21T15:00:00,43117099999,SOLAPUR,17.628,75.935,27.0,1013.3,39.34
1979-10-21T18:00:00,43117099999,SOLAPUR,17.628,75.935,25.0,1014.8,41.45
1979-10-21T21:00:00,43117099999,SOLAPUR,17.628,75.935,23.0,1013.6,60.7
1979-10-22T00:00:00,43117099999,SOLAPUR,17.628,75.935,23.0,1013.8,64.72
1979-10-22T03:00:00,43117099999,SOLAPUR,17.628,75.935,26.0,1014.9,61.39
1979-10-22T06:00:00,43117099999,SOLAPUR,17.628,75.935,30.0,1013.4,48.62
1979-10-22T09:00:00,43117099999,SOLAPUR,17.628,75.935,33.0,1009.8,36.12
1979-10-22T12:00:00,43117099999,SOLAPUR,17.628,75.935,32.0,1009.2,35.84
1979-10-22T15:00:00,43117099999,SOLAPUR,17.628,75.935,28.0,1012.0,39.62
1979-10-22T18:00:00,43117099999,SOLAPUR,17.628,75.935,25.0,1013.8,69.36
1979-10-23T00:00:00,43117099999,SOLAPUR,17.628,75.935,22.0,1013.6,88.44
1979-10-23T03:00:00,43117099999,SOLAPUR,17.628,75.935,26.0,1014.3,73.97
1979-10-23T06:00:00,43117099999,SOLAPUR,17.628,75.935,30.0,1014.1,55.08
1979-10-23T09:00:00,43117099999,SOLAPUR,17.628,75.935,32.0,1010.2,40.72
1979-10-23T12:00:00,43117099999,SOLAPUR,17.628,75.935,30.0,1010.4,42.83
1979-10-23T15:00:00,43117099999,SOLAPUR,17.628,75.935,27.0,1014.2,50.99
1979-10-23T18:00:00,43117099999,SOLAPUR,17.628,75.935,25.0,1014.1,61.16
1979-10-23T21:00:00,43117099999,SOLAPUR,17.628,75.935,25.0,1014.1,61.16
1979-10-24T00:00:00,43117099999,SOLAPUR,17.628,75.935,22.0,1014.9,83.11
1979-10-24T03:00:00,43117099999,SOLAPUR,17.628,75.935,25.0,1016.7,69.36
1979-10-24T06:00:00,43117099999,SOLAPUR,17.628,75.935,30.0,1015.1,42.83
1979-10-24T09:00:00,43117099999,SOLAPUR,17.628,75.935,32.0,1011.5,40.72
1979-10-24T12:00:00,43117099999,SOLAPUR,17.628,75.935,32.0,1011.4,35.84
1979-10-24T18:00:00,43117099999,SOLAPUR,17.628,75.935,26.0,1015.4,61.39
1979-10-24T21:00:00,43117099999,SOLAPUR,17.628,75.935,24.0,1014.3,73.63
1979-10-25T00:00:00,43117099999,SOLAPUR,17.628,75.935,23.0,1015.3,78.21
1979-10-25T03:00:00,43117099999,SOLAPUR,17.628,75.935,26.0,1016.6,69.55
1979-10-25T06:00:00,43117099999,SOLAPUR,17.628,75.935,31.0,1015.1,48.88
1979-10-25T09:00:00,43117099999,SOLAPUR,17.628,75.935,33.0,1011.4,36.12
1979-10-25T12:00:00,43117099999,SOLAPUR,17.628,75.935,32.0,1010.7,31.48
1979-10-25T15:00:00,43117099999,SOLAPUR,17.628,75.935,29.0,1013.7,42.56
1979-10-25T18:00:00,43117099999,SOLAPUR,17.628,75.935,28.0,1013.8,51.25
1979-10-25T21:00:00,43117099999,SOLAPUR,17.628,75.935,24.0,1012.7,69.16
1979-10-26T00:00:00,43117099999,SOLAPUR,17.628,75.935,23.0,1012.1,68.97
1979-10-26T03:00:00,43117099999,SOLAPUR,17.628,75.935,25.0,1014.5,61.16
1979-10-26T06:00:00,43117099999,SOLAPUR,17.628,75.935,31.0,1011.9,37.94
1979-10-26T09:00:00,43117099999,SOLAPUR,17.628,75.935,33.0,1008.1,31.76
1979-10-26T12:00:00,43117099999,SOLAPUR,17.628,75.935,33.0,1007.9,27.87
1979-10-26T15:00:00,43117099999,SOLAPUR,17.628,75.935,28.0,1011.1,37.1
1979-10-26T18:00:00,43117099999,SOLAPUR,17.628,75.935,25.0,1011.4,41.45
1979-10-26T21:00:00,43117099999,SOLAPUR,17.628,75.935,23.0,1010.2,43.73
1979-10-27T00:00:00,43117099999,SOLAPUR,17.628,75.935,22.0,1011.6,56.66
1979-10-27T03:00:00,43117099999,SOLAPUR,17.628,75.935,24.0,1013.5,60.93
1979-10-27T06:00:00,43117099999,SOLAPUR,17.628,75.935,30.0,1011.2,42.83
1979-10-27T09:00:00,43117099999,SOLAPUR,17.628,75.935,32.0,1007.9,35.84
1979-10-27T12:00:00,43117099999,SOLAPUR,17.628,75.935,30.0,1007.7,37.66
1979-10-27T18:00:00,43117099999,SOLAPUR,17.628,75.935,25.0,1011.3,53.83
1979-10-27T21:00:00,43117099999,SOLAPUR,17.628,75.935,23.0,1010.7,64.72
1979-10-28T00:00:00,43117099999,SOLAPUR,17.628,75.935,22.0,1010.5,73.29
1979-10-28T03:00:00,43117099999,SOLAPUR,17.628,75.935,31.0,,
1979-10-28T06:00:00,43117099999,SOLAPUR,17.628,75.935,28.0,1012.5,61.84
1979-10-28T09:00:00,43117099999,SOLAPUR,17.628,75.935,30.0,1009.6,55.08
1979-10-28T12:00:00,43117099999,SOLAPUR,17.628,75.935,,1009.8,
1979-10-28T15:00:00,43117099999,SOLAPUR,17.628,75.935,27.0,1012.2,54.33
1979-10-28T18:00:00,43117099999,SOLAPUR,17.628,75.935,25.0,1012.1,69.36
1979-10-28T21:00:00,43117099999,SOLAPUR,17.628,75.935,24.0,1011.6,83.34
1979-10-29T00:00:00,43117099999,SOLAPUR,17.628,75.935,23.0,1011.9,88.52
1979-10-29T03:00:00,43117099999,SOLAPUR,17.628,75.935,25.0,1013.8,78.5
1979-10-29T06:00:00,43117099999,SOLAPUR,17.628,75.935,27.0,1012.0,69.74
1979-10-29T09:00:00,43117099999,SOLAPUR,17.628,75.935,31.0,1009.1,43.1
1979-10-29T12:00:00,43117099999,SOLAPUR,17.628,75.935,30.0,1010.3,33.05
1979-10-29T21:00:00,43117099999,SOLAPUR,17.628,75.935,25.0,1011.8,65.15
1979-10-30T00:00:00,43117099999,SOLAPUR,17.628,75.935,25.0,1012.4,69.36
1979-10-30T03:00:00,43117099999,SOLAPUR,17.628,75.935,28.0,1013.7,58.11
1979-10-30T06:00:00,43117099999,SOLAPUR,17.628,75.935,32.0,1011.7,40.72
1979-10-30T09:00:00,43117099999,SOLAPUR,17.628,75.935,32.0,1008.2,40.72
1979-10-30T12:00:00,43117099999,SOLAPUR,17.628,75.935,30.0,1009.1,42.83
1979-10-30T15:00:00,43117099999,SOLAPUR,17.628,75.935,28.0,1012.1,51.25
1979-10-30T18:00:00,43117099999,SOLAPUR,17.628,75.935,26.0,1012.2,61.39
1979-10-30T21:00:00,43117099999,SOLAPUR,17.628,75.935,25.0,1009.2,73.8
1979-10-31T00:00:00,43117099999,SOLAPUR,17.628,75.935,24.0,1010.1,69.16
1979-10-31T06:00:00,43117099999,SOLAPUR,17.628,75.935,32.0,1011.0,35.84
1979-10-31T09:00:00,43117099999,SOLAPUR,17.628,75.935,32.0,1007.8,33.6
1979-10-31T12:00:00,43117099999,SOLAPUR,17.628,75.935,32.0,1007.7,25.82
1979-10-31T15:00:00,43117099999,SOLAPUR,17.628,75.935,28.0,1010.9,34.73
1979-10-31T18:00:00,43117099999,SOLAPUR,17.628,75.935,25.0,1011.7,38.78
1979-10-31T21:00:00,43117099999,SOLAPUR,17.628,75.935,24.0,,57.15
1979-11-01T00:00:00,43117099999,SOLAPUR,17.628,75.935,23.0,1010.0,64.72
1979-11-01T03:00:00,43117099999,SOLAPUR,17.628,75.935,25.0,1011.7,50.46
1979-11-01T09:00:00,43117099999,SOLAPUR,17.628,75.935,32.0,1005.4,29.48
1979-11-01T12:00:00,43117099999,SOLAPUR,17.628,75.935,32.0,1006.1,22.56
1979-11-01T15:00:00,43117099999,SOLAPUR,17.628,75.935,27.0,1009.0,34.45
1979-11-01T18:00:00,43117099999,SOLAPUR,17.628,75.935,25.0,1009.4,41.45
1979-11-01T21:00:00,43117099999,SOLAPUR,17.628,75.935,25.0,,41.45
1979-11-02T00:00:00,43117099999,SOLAPUR,17.628,75.935,23.0,1009.5,60.7
1979-11-02T03:00:00,43117099999,SOLAPUR,17.628,75.935,24.0,1011.1,47.01
1979-11-02T06:00:00,43117099999,SOLAPUR,17.628,75.935,31.0,1008.6,33.32
1979-11-02T09:00:00,43117099999,SOLAPUR,17.628,75.935,32.0,1005.1,31.48
1979-11-02T12:00:00,43117099999,SOLAPUR,17.628,75.935,30.0,1005.8,30.93
1979-11-02T15:00:00,43117099999,SOLAPUR,17.628,75.935,30.0,1005.8,30.93
1979-11-02T21:00:00,43117099999,SOLAPUR,17.628,75.935,23.0,1008.7,68.97
1979-11-03T00:00:00,43117099999,SOLAPUR,17.628,75.935,23.0,1008.2,64.72
1979-11-03T03:00:00,43117099999,SOLAPUR,17.628,75.935,26.0,1010.6,61.39
1979-11-03T06:00:00,43117099999,SOLAPUR,17.628,75.935,30.0,1009.4,51.76
1979-11-03T09:00:00,43117099999,SOLAPUR,17.628,75.935,28.0,1007.1,69.92
1979-11-03T12:00:00,43117099999,SOLAPUR,17.628,75.935,27.0,1006.7,74.14
1979-11-03T15:00:00,43117099999,SOLAPUR,17.628,75.935,25.0,1009.0,78.5
1979-11-03T18:00:00,43117099999,SOLAPUR,17.628,75.935,23.0,1010.8,94.11
1979-11-03T21:00:00,43117099999,SOLAPUR,17.628,75.935,23.0,1010.4,94.11
1979-11-04T00:00:00,43117099999,SOLAPUR,17.628,75.935,22.0,1010.2,100.0
1979-11-04T03:00:00,43117099999,SOLAPUR,17.628,75.935,21.0,1013.3,100.0
1979-11-04T06:00:00,43117099999,SOLAPUR,17.628,75.935,21.0,1013.2,100.0
1979-11-04T09:00:00,43117099999,SOLAPUR,17.628,75.935,23.0,1009.9,94.11
1979-11-04T12:00:00,43117099999,SOLAPUR,17.628,75.935,24.0,1009.8,88.6
1979-11-04T21:00:00,43117099999,SOLAPUR,17.628,75.935,23.0,1011.0,88.52
1979-11-05T00:00:00,43117099999,SOLAPUR,17.628,75.935,23.0,1010.7,88.52
1979-11-05T03:00:00,43117099999,SOLAPUR,17.628,75.935,24.0,1012.6,83.34
1979-11-05T06:00:00,43117099999,SOLAPUR,17.628,75.935,27.0,1011.9,69.74
1979-11-05T09:00:00,43117099999,SOLAPUR,17.628,75.935,28.0,1008.7,65.77
1979-11-05T12:00:00,43117099999,SOLAPUR,17.628,75.935,28.0,1008.8,58.11
1979-11-05T15:00:00,43117099999,SOLAPUR,17.628,75.935,22.0,1013.4,94.06
1979-11-05T18:00:00,43117099999,SOLAPUR,17.628,75.935,23.0,1013.0,88.52
1979-11-06T00:00:00,43117099999,SOLAPUR,17.628,75.935,22.0,1011.5,94.06
1979-11-06T03:00:00,43117099999,SOLAPUR,17.628,75.935,23.0,1013.3,88.52
1979-11-06T06:00:00,43117099999,SOLAPUR,17.628,75.935,27.0,1012.8,65.56
1979-11-06T09:00:00,43117099999,SOLAPUR,17.628,75.935,26.0,1009.3,83.57
1979-11-06T12:00:00,43117099999,SOLAPUR,17.628,75.935,26.0,1009.0,57.63
1979-11-06T15:00:00,43117099999,SOLAPUR,17.628,75.935,25.0,1011.8,69.36
1979-11-06T18:00:00,43117099999,SOLAPUR,17.628,75.935,23.0,1011.6,83.22
1979-11-06T21:00:00,43117099999,SOLAPUR,17.628,75.935,22.0,1008.8,88.44
1979-11-07T00:00:00,43117099999,SOLAPUR,17.628,75.935,22.0,1010.5,88.44
1979-11-07T06:00:00,43117099999,SOLAPUR,17.628,75.935,28.0,1010.9,51.25
1979-11-07T09:00:00,43117099999,SOLAPUR,17.628,75.935,30.0,1009.0,37.66
1979-11-07T12:00:00,43117099999,SOLAPUR,17.628,75.935,29.0,1008.3,37.38
1979-11-07T15:00:00,43117099999,SOLAPUR,17.628,75.935,25.0,1010.5,53.83
1979-11-07T18:00:00,43117099999,SOLAPUR,17.628,75.935,20.0,,100.0
1979-11-07T21:00:00,43117099999,SOLAPUR,17.628,75.935,30.0,1010.9,
1979-11-08T00:00:00,43117099999,SOLAPUR,17.628,75.935,22.0,1010.5,83.11
1979-11-08T03:00:00,43117099999,SOLAPUR,17.628,75.935,24.0,1012.9,73.63
1979-11-08T06:00:00,43117099999,SOLAPUR,17.628,75.935,28.0,1011.9,45.1
1979-11-08T09:00:00,43117099999,SOLAPUR,17.628,75.935,29.0,1008.8,54.83
1979-11-08T12:00:00,43117099999,SOLAPUR,17.628,75.935,29.0,1008.7,35.01
1979-11-08T15:00:00,43117099999,SOLAPUR,17.628,75.935,26.0,1010.9,57.63
1979-11-08T18:00:00,43117099999,SOLAPUR,17.628,75.935,24.0,1011.1,57.15
1979-11-08T21:00:00,43117099999,SOLAPUR,17.628,75.935,23.0,1010.1,68.97
1979-11-09T00:00:00,43117099999,SOLAPUR,17.628,75.935,23.0,1010.7,73.46
1979-11-09T03:00:00,43117099999,SOLAPUR,17.628,75.935,25.0,1011.8,73.8
1979-11-09T06:00:00,43117099999,SOLAPUR,17.628,75.935,28.0,1011.3,51.25
1979-11-09T09:00:00,43117099999,SOLAPUR,17.628,75.935,30.0,1008.1,37.66
1979-11-09T12:00:00,43117099999,SOLAPUR,17.628,75.935,30.0,1009.9,27.06
1979-11-09T15:00:00,43117099999,SOLAPUR,17.628,75.935,26.0,1010.6,44.56
1979-11-09T18:00:00,43117099999,SOLAPUR,17.628,75.935,23.0,1010.7,60.7
1979-11-09T21:00:00,43117099999,SOLAPUR,17.628,75.935,22.0,1009.3,64.5
1979-11-10T00:00:00,43117099999,SOLAPUR,17.628,75.935,21.0,1010.0,82.99
1979-11-10T03:00:00,43117099999,SOLAPUR,17.628,75.935,25.0,1011.6,61.16
1979-11-10T09:00:00,43117099999,SOLAPUR,17.628,75.935,31.0,1006.4,33.32
1979-11-10T12:00:00,43117099999,SOLAPUR,17.628,75.935,30.0,1006.6,23.62
1979-11-10T15:00:00,43117099999,SOLAPUR,17.628,75.935,27.0,1009.0,32.21
1979-11-10T18:00:00,43117099999,SOLAPUR,17.628,75.935,24.0,1009.8,50.2
1979-11-10T21:00:00,43117099999,SOLAPUR,17.628,75.935,22.0,1008.8,64.5
1979-11-11T00:00:00,43117099999,SOLAPUR,17.628,75.935,21.0,1009.4,73.11
1979-11-11T03:00:00,43117099999,SOLAPUR,17.628,75.935,24.0,1011.6,60.93
1979-11-11T06:00:00,43117099999,SOLAPUR,17.628,75.935,28.0,1010.5,51.25
1979-11-11T09:00:00,43117099999,SOLAPUR,17.628,75.935,30.0,1007.0,37.66
1979-11-11T12:00:00,43117099999,SOLAPUR,17.628,75.935,29.0,1007.2,37.38
1979-11-11T15:00:00,43117099999,SOLAPUR,17.628,75.935,27.0,1009.1,42.01
1979-11-11T18:00:00,43117099999,SOLAPUR,17.628,75.935,25.0,1009.9,53.83
1979-11-11T21:00:00,43117099999,SOLAPUR,17.628,75.935,24.0,1009.4,57.15
1979-11-12T00:00:00,43117099999,SOLAPUR,17.628,75.935,22.0,1010.6,64.5
1979-11-12T03:00:00,43117099999,SOLAPUR,17.628,75.935,23.0,1013.3,68.97
1979-11-12T06:00:00,43117099999,SOLAPUR,17.628,75.935,28.0,1011.5,39.62
1979-11-12T09:00:00,43117099999,SOLAPUR,17.628,75.935,31.0,1008.3,29.21
1979-11-12T12:00:00,43117099999,SOLAPUR,17.628,75.935,29.0,1009.0,26.79
1979-11-12T15:00:00,43117099999,SOLAPUR,17.628,75.935,25.0,1012.5,36.26
1979-11-12T16:00:00,43117099999,SOLAPUR,17.628,75.935,25.0,1012.5,36.26
1979-11-12T18:00:00,43117099999,SOLAPUR,17.628,75.935,24.0,1012.7,35.97
1979-11-12T21:00:00,43117099999,SOLAPUR,17.628,75.935,22.0,1011.7,49.67
1979-11-13T00:00:00,43117099999,SOLAPUR,17.628,75.935,21.0,1012.5,68.58
1979-11-13T03:00:00,43117099999,SOLAPUR,17.628,75.935,24.0,1014.1,53.58
1979-11-13T06:00:00,43117099999,SOLAPUR,17.628,75.935,29.0,1012.2,37.38
1979-11-13T09:00:00,43117099999,SOLAPUR,17.628,75.935,31.0,1009.8,35.56
1979-11-13T12:00:00,43117099999,SOLAPUR,17.628,75.935,30.0,1009.0,33.05
1979-11-13T15:00:00,43117099999,SOLAPUR,17.628,75.935,26.0,1011.7,44.56
1979-11-13T18:00:00,43117099999,SOLAPUR,17.628,75.935,25.0,1011.7,47.28
1979-11-13T19:00:00,43117099999,SOLAPUR,17.628,75.935,25.0,1011.7,
1979-11-13T21:00:00,43117099999,SOLAPUR,17.628,75.935,24.0,1010.7,53.58
1979-11-14T00:00:00,43117099999,SOLAPUR,17.628,75.935,23.0,1010.8,60.7
1979-11-14T03:00:00,43117099999,SOLAPUR,17.628,75.935,24.0,1013.5,69.16
1979-11-14T06:00:00,43117099999,SOLAPUR,17.628,75.935,26.0,1012.1,50.73
1979-11-14T12:00:00,43117099999,SOLAPUR,17.628,75.935,25.0,1009.4,69.36
1979-11-14T15:00:00,43117099999,SOLAPUR,17.628,75.935,25.0,1011.2,73.8
1979-11-14T18:00:00,43117099999,SOLAPUR,17.628,75.935,24.0,1010.9,73.63
1979-11-14T21:00:00,43117099999,SOLAPUR,17.628,75.935,23.0,1009.6,78.21
1979-11-15T00:00:00,43117099999,SOLAPUR,17.628,75.935,22.0,1008.8,83.11
1979-11-15T03:00:00,43117099999,SOLAPUR,17.628,75.935,23.0,1011.9,78.21
1979-11-15T06:00:00,43117099999,SOLAPUR,17.628,75.935,27.0,1010.1,57.87
1979-11-15T09:00:00,43117099999,SOLAPUR,17.628,75.935,29.0,1006.7,54.83
1979-11-15T12:00:00,43117099999,SOLAPUR,17.628,75.935,28.0,1007.0,51.25
1979-11-15T15:00:00,43117099999,SOLAPUR,17.628,75.935,25.0,1009.7,65.15
1979-11-15T18:00:00,43117099999,SOLAPUR,17.628,75.935,24.0,1009.7,78.35
1979-11-15T21:00:00,43117099999,SOLAPUR,17.628,75.935,22.0,1008.6,83.11
1979-11-16T00:00:00,43117099999,SOLAPUR,17.628,75.935,22.0,1009.5,83.11
1979-11-16T03:00:00,43117099999,SOLAPUR,17.628,75.935,23.0,1011.6,88.52
1979-11-16T06:00:00,43117099999,SOLAPUR,17.628,75.935,26.0,1010.5,69.55
1979-11-16T09:00:00,43117099999,SOLAPUR,17.628,75.935,28.0,1007.1,58.11
1979-11-16T12:00:00,43117099999,SOLAPUR,17.628,75.935,27.0,1007.9,57.87
1979-11-16T15:00:00,43117099999,SOLAPUR,17.628,75.935,23.0,1010.5,83.22
1979-11-16T18:00:00,43117099999,SOLAPUR,17.628,75.935,22.0,1010.3,53.06
1979-11-16T21:00:00,43117099999,SOLAPUR,17.628,75.935,22.0,1009.6,94.06
1979-11-17T00:00:00,43117099999,SOLAPUR,17.628,75.935,22.0,1009.3,94.06
1979-11-17T03:00:00,43117099999,SOLAPUR,17.628,75.935,23.0,1011.8,88.52
1979-11-17T06:00:00,43117099999,SOLAPUR,17.628,75.935,25.0,1011.8,78.5
1979-11-17T09:00:00,43117099999,SOLAPUR,17.628,75.935,27.0,1009.5,65.56
1979-11-17T12:00:00,43117099999,SOLAPUR,17.628,75.935,27.0,1009.2,57.87
1979-11-17T15:00:00,43117099999,SOLAPUR,17.628,75.935,25.0,1011.7,65.15
1979-11-17T18:00:00,43117099999,SOLAPUR,17.628,75.935,24.0,1012.4,78.35
1979-11-18T00:00:00,43117099999,SOLAPUR,17.628,75.935,21.0,1012.6,94.02
1979-11-18T03:00:00,43117099999,SOLAPUR,17.628,75.935,25.0,1013.7,78.5
1979-11-18T06:00:00,43117099999,SOLAPUR,17.628,75.935,28.0,1012.3,61.84
1979-11-18T09:00:00,43117099999,SOLAPUR,17.628,75.935,31.0,1009.8,52.01
1979-11-18T12:00:00,43117099999,SOLAPUR,17.628,75.935,29.0,1009.7,54.83
1979-11-18T15:00:00,43117099999,SOLAPUR,17.628,75.935,21.0,,
1979-11-18T18:00:00,43117099999,SOLAPUR,17.628,75.935,,1013.2,
1979-11-18T21:00:00,43117099999,SOLAPUR,17.628,75.935,22.0,1012.3,88.44
1979-11-19T00:00:00,43117099999,SOLAPUR,17.628,75.935,22.0,1012.4,88.44
1979-11-19T03:00:00,43117099999,SOLAPUR,17.628,75.935,24.0,1014.5,78.35
1979-11-19T06:00:00,43117099999,SOLAPUR,17.628,75.935,29.0,1012.2,48.35
1979-11-19T09:00:00,43117099999,SOLAPUR,17.628,75.935,31.0,1007.8,43.1
1979-11-19T12:00:00,43117099999,SOLAPUR,17.628,75.935,30.0,1007.3,37.66
1979-11-19T15:00:00,43117099999,SOLAPUR,17.628,75.935,26.0,1010.2,61.39
1979-11-19T18:00:00,43117099999,SOLAPUR,17.628,75.935,25.0,1010.7,57.39
1979-11-19T21:00:00,43117099999,SOLAPUR,17.628,75.935,24.0,1009.4,64.93
1979-11-20T00:00:00,43117099999,SOLAPUR,17.628,75.935,22.0,1009.6,78.06
1979-11-20T03:00:00,43117099999,SOLAPUR,17.628,75.935,24.0,1011.4,78.35
1979-11-20T06:00:00,43117099999,SOLAPUR,17.628,75.935,29.0,1010.2,51.5
1979-11-20T09:00:00,43117099999,SOLAPUR,17.628,75.935,32.0,1006.1,35.84
1979-11-20T12:00:00,43117099999,SOLAPUR,17.628,75.935,30.0,1006.1,35.29
1979-11-20T15:00:00,43117099999,SOLAPUR,17.628,75.935,27.0,1008.3,50.99
1979-11-20T18:00:00,43117099999,SOLAPUR,17.628,75.935,24.0,1009.2,53.58
1979-11-20T21:00:00,43117099999,SOLAPUR,17.628,75.935,22.0,1008.5,64.5
1979-11-21T00:00:00,43117099999,SOLAPUR,17.628,75.935,22.0,1009.0,68.77
1979-11-21T03:00:00,43117099999,SOLAPUR,17.628,75.935,24.0,1011.8,78.35
1979-11-21T06:00:00,43117099999,SOLAPUR,17.628,75.935,29.0,1010.5,54.83
1979-11-21T09:00:00,43117099999,SOLAPUR,17.628,75.935,31.0,1006.2,43.1
1979-11-21T12:00:00,43117099999,SOLAPUR,17.628,75.935,24.0,1007.3,83.34
1979-11-21T15:00:00,43117099999,SOLAPUR,17.628,75.935,25.0,1009.3,83.45
1979-11-21T18:00:00,43117099999,SOLAPUR,17.628,75.935,22.0,1011.7,88.44
1979-11-22T00:00:00,43117099999,SOLAPUR,17.628,75.935,21.0,1010.0,100.0
1979-11-22T03:00:00,43117099999,SOLAPUR,17.628,75.935,23.0,1012.1,88.52
1979-11-22T06:00:00,43117099999,SOLAPUR,17.628,75.935,26.0,1011.0,78.64
1979-11-22T09:00:00,43117099999,SOLAPUR,17.628,75.935,27.0,1008.2,69.74
1979-11-22T12:00:00,43117099999,SOLAPUR,17.628,75.935,25.0,1008.7,78.5
1979-11-22T15:00:00,43117099999,SOLAPUR,17.628,75.935,24.0,1010.2,83.34
1979-11-22T18:00:00,43117099999,SOLAPUR,17.628,75.935,24.0,1010.6,44.01
1979-11-22T21:00:00,43117099999,SOLAPUR,17.628,75.935,23.0,1009.9,88.52
1979-11-23T00:00:00,43117099999,SOLAPUR,17.628,75.935,23.0,1009.9,94.11
1979-11-23T03:00:00,43117099999,SOLAPUR,17.628,75.935,23.0,1012.3,83.22
1979-11-23T06:00:00,43117099999,SOLAPUR,17.628,75.935,27.0,1011.5,65.56
1979-11-23T12:00:00,43117099999,SOLAPUR,17.628,75.935,28.0,1008.7,61.84
1979-11-23T15:00:00,43117099999,SOLAPUR,17.628,75.935,26.0,1011.2,73.97
1979-11-23T18:00:00,43117099999,SOLAPUR,17.628,75.935,25.0,1011.5,78.5
1979-11-23T21:00:00,43117099999,SOLAPUR,17.628,75.935,24.0,1011.4,88.6
1979-11-24T00:00:00,43117099999,SOLAPUR,17.628,75.935,22.0,1012.0,88.44
1979-11-24T03:00:00,43117099999,SOLAPUR,17.628,75.935,24.0,1013.8,78.35
1979-11-24T06:00:00,43117099999,SOLAPUR,17.628,75.935,29.0,1012.0,58.35
1979-11-24T09:00:00,43117099999,SOLAPUR,17.628,75.935,31.0,1008.5,55.32
1979-11-24T12:00:00,43117099999,SOLAPUR,17.628,75.935,30.0,1008.7,45.64
1979-11-24T15:00:00,43117099999,SOLAPUR,17.628,75.935,25.0,1012.2,78.5
1979-11-24T18:00:00,43117099999,SOLAPUR,17.628,75.935,25.0,1012.4,78.5
1979-11-24T21:00:00,43117099999,SOLAPUR,17.628,75.935,23.0,1011.8,78.21
1979-11-25T00:00:00,43117099999,SOLAPUR,17.628,75.935,22.0,1012.1,83.11
1979-11-25T03:00:00,43117099999,SOLAPUR,17.628,75.935,24.0,1013.7,78.35
1979-11-25T06:00:00,43117099999,SOLAPUR,17.628,75.935,29.0,1012.0,39.9
1979-11-25T09:00:00,43117099999,SOLAPUR,17.628,75.935,29.0,1009.9,42.56
1979-11-25T12:00:00,43117099999,SOLAPUR,17.628,75.935,25.0,1011.5,83.45
1979-11-25T15:00:00,43117099999,SOLAPUR,17.628,75.935,20.0,1014.3,72.94
1979-11-25T18:00:00,43117099999,SOLAPUR,17.628,75.935,20.0,1013.9,64.07
1979-11-25T21:00:00,43117099999,SOLAPUR,17.628,75.935,18.0,1011.4,88.1
1979-11-26T00:00:00,43117099999,SOLAPUR,17.628,75.935,18.0,1012.1,88.1
1979-11-26T03:00:00,43117099999,SOLAPUR,17.628,75.935,19.0,1013.6,100.0
1979-11-26T06:00:00,43117099999,SOLAPUR,17.628,75.935,19.0,1012.6,100.0
1979-11-26T09:00:00,43117099999,SOLAPUR,17.628,75.935,21.0,1009.6,100.0
1979-11-26T12:00:00,43117099999,SOLAPUR,17.628,75.935,22.0,1009.4,94.06
1979-11-26T15:00:00,43117099999,SOLAPUR,17.628,75.935,22.0,1009.4,94.06
1979-11-26T18:00:00,43117099999,SOLAPUR,17.628,75.935,22.0,1011.5,88.44
1979-11-26T21:00:00,43117099999,SOLAPUR,17.628,75.935,22.0,1010.5,88.44
1979-11-27T00:00:00,43117099999,SOLAPUR,17.628,75.935,22.0,1011.1,94.06
1979-11-27T03:00:00,43117099999,SOLAPUR,17.628,75.935,23.0,1013.0,94.11
1979-11-27T06:00:00,43117099999,SOLAPUR,17.628,75.935,24.0,1012.8,94.15
1979-11-27T09:00:00,43117099999,SOLAPUR,17.628,75.935,28.0,1008.8,74.3
1979-11-27T12:00:00,43117099999,SOLAPUR,17.628,75.935,27.0,1009.0,69.74
1979-11-27T15:00:00,43117099999,SOLAPUR,17.628,75.935,24.0,1011.5,88.6
1979-11-27T18:00:00,43117099999,SOLAPUR,17.628,75.935,23.0,1012.2,83.22
1979-11-27T21:00:00,43117099999,SOLAPUR,17.628,75.935,22.0,1011.2,88.44
1979-11-28T00:00:00,43117099999,SOLAPUR,17.628,75.935,22.0,1012.0,88.44
1979-11-28T03:00:00,43117099999,SOLAPUR,17.628,75.935,23.0,1014.0,94.11
1979-11-28T06:00:00,43117099999,SOLAPUR,17.628,75.935,26.0,1013.6,73.97
1979-11-28T09:00:00,43117099999,SOLAPUR,17.628,75.935,28.0,1009.4,65.77
1979-11-28T12:00:00,43117099999,SOLAPUR,17.628,75.935,28.0,1009.1,58.11
1979-11-28T15:00:00,43117099999,SOLAPUR,17.628,75.935,25.0,1011.5,78.5
1979-11-28T18:00:00,43117099999,SOLAPUR,17.628,75.935,24.0,1011.9,73.63
1979-11-28T21:00:00,43117099999,SOLAPUR,17.628,75.935,23.0,1011.8,88.52
1979-11-29T00:00:00,43117099999,SOLAPUR,17.628,75.935,22.0,1011.4,94.06
1979-11-29T03:00:00,43117099999,SOLAPUR,17.628,75.935,21.0,1013.7,94.02
1979-11-29T06:00:00,43117099999,SOLAPUR,17.628,75.935,27.0,1011.4,61.61
1979-11-29T09:00:00,43117099999,SOLAPUR,17.628,75.935,29.0,1008.5,45.37
1979-11-29T12:00:00,43117099999,SOLAPUR,17.628,75.935,28.0,1008.2,42.28
1979-11-29T15:00:00,43117099999,SOLAPUR,17.628,75.935,25.0,1010.1,61.16
1979-11-29T18:00:00,43117099999,SOLAPUR,17.628,75.935,24.0,1010.6,73.63
1979-11-29T21:00:00,43117099999,SOLAPUR,17.628,75.935,23.0,1010.1,83.22
1979-11-30T00:00:00,43117099999,SOLAPUR,17.628,75.935,22.0,1010.4,88.44
1979-11-30T03:00:00,43117099999,SOLAPUR,17.628,75.935,23.0,1013.1,83.22
1979-11-30T06:00:00,43117099999,SOLAPUR,17.628,75.935,27.0,1012.3,57.87
1979-11-30T09:00:00,43117099999,SOLAPUR,17.628,75.935,30.0,1009.1,42.83
1979-11-30T12:00:00,43117099999,SOLAPUR,17.628,75.935,29.0,1003.3,42.56
1979-11-30T15:00:00,43117099999,SOLAPUR,17.628,75.935,25.0,1012.7,61.16
1979-11-30T18:00:00,43117099999,SOLAPUR,17.628,75.935,22.0,1013.2,78.06
1979-11-30T21:00:00,43117099999,SOLAPUR,17.628,75.935,21.0,1012.8,82.99
1979-12-01T00:00:00,43117099999,SOLAPUR,17.628,75.935,20.0,1013.3,93.97
1979-12-01T03:00:00,43117099999,SOLAPUR,17.628,75.935,22.0,1015.7,83.11
1979-12-01T06:00:00,43117099999,SOLAPUR,17.628,75.935,27.0,1014.9,44.83
1979-12-01T09:00:00,43117099999,SOLAPUR,17.628,75.935,30.0,1011.4,48.62
1979-12-01T12:00:00,43117099999,SOLAPUR,17.628,75.935,28.0,1012.3,34.73
1979-12-01T15:00:00,43117099999,SOLAPUR,17.628,75.935,25.0,1015.1,53.83
1979-12-01T21:00:00,43117099999,SOLAPUR,17.628,75.935,20.0,1016.1,64.07
1979-12-02T00:00:00,43117099999,SOLAPUR,17.628,75.935,20.0,1017.0,64.07
1979-12-02T03:00:00,43117099999,SOLAPUR,17.628,75.935,22.0,1019.6,68.77
1979-12-02T06:00:00,43117099999,SOLAPUR,17.628,75.935,27.0,1018.1,50.99
1979-12-02T09:00:00,43117099999,SOLAPUR,17.628,75.935,29.0,1013.9,45.37
1979-12-02T12:00:00,43117099999,SOLAPUR,17.628,75.935,28.0,1014.4,45.1
1979-12-02T15:00:00,43117099999,SOLAPUR,17.628,75.935,25.0,1016.8,61.16
1979-12-02T18:00:00,43117099999,SOLAPUR,17.628,75.935,23.0,1017.4,60.7
1979-12-02T21:00:00,43117099999,SOLAPUR,17.628,75.935,21.0,1017.0,68.58
1979-12-03T00:00:00,43117099999,SOLAPUR,17.628,75.935,20.0,1016.5,72.94
1979-12-03T03:00:00,43117099999,SOLAPUR,17.628,75.935,21.0,1018.9,68.58
1979-12-03T06:00:00,43117099999,SOLAPUR,17.628,75.935,26.0,1017.5,54.08
1979-12-03T09:00:00,43117099999,SOLAPUR,17.628,75.935,28.0,1013.4,45.1
1979-12-03T12:00:00,43117099999,SOLAPUR,17.628,75.935,28.0,1013.1,48.09
1979-12-03T15:00:00,43117099999,SOLAPUR,17.628,75.935,24.0,1015.4,60.93
1979-12-03T18:00:00,43117099999,SOLAPUR,17.628,75.935,22.0,1016.4,73.29
1979-12-03T21:00:00,43117099999,SOLAPUR,17.628,75.935,20.0,1016.0,82.87
1979-12-04T00:00:00,43117099999,SOLAPUR,17.628,75.935,18.0,1015.5,88.1
1979-12-04T03:00:00,43117099999,SOLAPUR,17.628,75.935,20.0,1017.2,64.07
1979-12-04T06:00:00,43117099999,SOLAPUR,17.628,75.935,27.0,1015.6,47.82
1979-12-04T09:00:00,43117099999,SOLAPUR,17.628,75.935,30.0,1012.3,33.05
1979-12-04T12:00:00,43117099999,SOLAPUR,17.628,75.935,29.0,1012.3,39.9
1979-12-04T15:00:00,43117099999,SOLAPUR,17.628,75.935,24.0,1014.9,60.93
1979-12-04T18:00:00,43117099999,SOLAPUR,17.628,75.935,22.0,1016.2,73.29
1979-12-05T00:00:00,43117099999,SOLAPUR,17.628,75.935,19.0,1015.4,88.19
1979-12-05T03:00:00,43117099999,SOLAPUR,17.628,75.935,22.0,1017.6,73.29
1979-12-05T06:00:00,43117099999,SOLAPUR,17.628,75.935,27.0,1016.5,61.61
1979-12-05T09:00:00,43117099999,SOLAPUR,17.628,75.935,29.0,1013.0,45.37
1979-12-05T12:00:00,43117099999,SOLAPUR,17.628,75.935,29.0,1013.4,48.35
1979-12-05T15:00:00,43117099999,SOLAPUR,17.628,75.935,24.0,1016.2,64.93
1979-12-05T18:00:00,43117099999,SOLAPUR,17.628,75.935,23.0,1016.7,68.97
1979-12-05T21:00:00,43117099999,SOLAPUR,17.628,75.935,21.0,1015.3,77.92
1979-12-06T00:00:00,43117099999,SOLAPUR,17.628,75.935,20.0,1016.2,82.87
1979-12-06T03:00:00,43117099999,SOLAPUR,17.628,75.935,22.0,,68.77
1979-12-06T06:00:00,43117099999,SOLAPUR,17.628,75.935,27.0,1016.7,50.99
1979-12-06T09:00:00,43117099999,SOLAPUR,17.628,75.935,30.0,1013.3,40.17
1979-12-06T12:00:00,43117099999,SOLAPUR,17.628,75.935,29.0,1013.2,37.38
1979-12-06T15:00:00,43117099999,SOLAPUR,17.628,75.935,24.0,1015.8,50.2
1979-12-06T18:00:00,43117099999,SOLAPUR,17.628,75.935,24.0,1015.8,50.2
1979-12-06T21:00:00,43117099999,SOLAPUR,17.628,75.935,21.0,1014.9,64.29
1979-12-07T00:00:00,43117099999,SOLAPUR,17.628,75.935,20.0,1015.5,77.77
1979-12-07T03:00:00,43117099999,SOLAPUR,17.628,75.935,22.0,1017.8,73.29
1979-12-07T06:00:00,43117099999,SOLAPUR,17.628,75.935,28.0,1016.5,58.11
1979-12-07T09:00:00,43117099999,SOLAPUR,17.628,75.935,30.0,1012.6,37.66
1979-12-07T12:00:00,43117099999,SOLAPUR,17.628,75.935,29.0,1012.4,37.38
1979-12-07T15:00:00,43117099999,SOLAPUR,17.628,75.935,26.0,1014.7,41.73
1979-12-07T18:00:00,43117099999,SOLAPUR,17.628,75.935,22.0,,56.66
1979-12-07T21:00:00,43117099999,SOLAPUR,17.628,75.935,21.0,1025.0,64.29
1979-12-08T03:00:00,43117099999,SOLAPUR,17.628,75.935,21.0,1017.3,73.11
1979-12-08T06:00:00,43117099999,SOLAPUR,17.628,75.935,26.0,1015.7,57.63
1979-12-08T09:00:00,43117099999,SOLAPUR,17.628,75.935,29.0,1012.6,37.38
1979-12-08T12:00:00,43117099999,SOLAPUR,17.628,75.935,28.0,1012.5,34.73
1979-12-08T15:00:00,43117099999,SOLAPUR,17.628,75.935,,1014.9,
1979-12-08T18:00:00,43117099999,SOLAPUR,17.628,75.935,24.0,1014.7,47.01
1979-12-08T21:00:00,43117099999,SOLAPUR,17.628,75.935,22.0,1014.0,56.66
1979-12-09T03:00:00,43117099999,SOLAPUR,17.628,75.935,22.0,1016.2,60.47
1979-12-09T06:00:00,43117099999,SOLAPUR,17.628,75.935,27.0,1015.3,44.83
1979-12-09T09:00:00,43117099999,SOLAPUR,17.628,75.935,28.0,1011.5,37.1
1979-12-09T12:00:00,43117099999,SOLAPUR,17.628,75.935,28.0,1012.2,28.39
1979-12-09T15:00:00,43117099999,SOLAPUR,17.628,75.935,24.0,1014.5,41.17
1979-12-09T18:00:00,43117099999,SOLAPUR,17.628,75.935,20.0,1015.2,56.16
1979-12-09T21:00:00,43117099999,SOLAPUR,17.628,75.935,19.0,1014.4,63.85
1979-12-10T00:00:00,43117099999,SOLAPUR,17.628,75.935,17.0,1014.7,67.77
1979-12-10T03:00:00,43117099999,SOLAPUR,17.628,75.935,20.0,1016.7,60.0
1979-12-10T06:00:00,43117099999,SOLAPUR,17.628,75.935,25.0,1015.6,44.28
1979-12-10T09:00:00,43117099999,SOLAPUR,17.628,75.935,28.0,1012.1,34.73
1979-12-10T12:00:00,43117099999,SOLAPUR,17.628,75.935,27.0,1012.3,34.45
1979-12-10T15:00:00,43117099999,SOLAPUR,17.628,75.935,24.0,1015.2,47.01
1979-12-10T18:00:00,43117099999,SOLAPUR,17.628,75.935,22.0,1015.2,49.67
1979-12-10T21:00:00,43117099999,SOLAPUR,17.628,75.935,20.0,1013.7,60.0
1979-12-11T00:00:00,43117099999,SOLAPUR,17.628,75.935,17.0,1014.8,72.4
1979-12-11T03:00:00,43117099999,SOLAPUR,17.628,75.935,21.0,1016.4,68.58
1979-12-11T06:00:00,43117099999,SOLAPUR,17.628,75.935,26.0,1014.9,54.08
1979-12-11T12:00:00,43117099999,SOLAPUR,17.628,75.935,28.0,1012.1,37.1
1979-12-11T15:00:00,43117099999,SOLAPUR,17.628,75.935,23.0,1014.9,53.32
1979-12-11T18:00:00,43117099999,SOLAPUR,17.628,75.935,21.0,1015.0,60.24
1979-12-11T21:00:00,43117099999,SOLAPUR,17.628,75.935,19.0,1014.0,68.18
1979-12-12T00:00:00,43117099999,SOLAPUR,17.628,75.935,18.0,1014.7,72.58
1979-12-12T06:00:00,43117099999,SOLAPUR,17.628,75.935,26.0,1014.8,54.08
1979-12-12T09:00:00,43117099999,SOLAPUR,17.628,75.935,29.0,1011.4,42.56
1979-12-12T15:00:00,43117099999,SOLAPUR,17.628,75.935,23.0,1014.4,46.74
1979-12-12T18:00:00,43117099999,SOLAPUR,17.628,75.935,20.0,,56.16
1979-12-12T21:00:00,43117099999,SOLAPUR,17.628,75.935,19.0,1013.9,59.76
1979-12-13T00:00:00,43117099999,SOLAPUR,17.628,75.935,16.0,1015.2,77.16
1979-12-13T03:00:00,43117099999,SOLAPUR,17.628,75.935,19.0,1016.9,63.85
1979-12-13T06:00:00,43117099999,SOLAPUR,17.628,75.935,26.0,1014.5,44.56
1979-12-13T09:00:00,43117099999,SOLAPUR,17.628,75.935,29.0,1011.0,37.38
1979-12-13T12:00:00,43117099999,SOLAPUR,17.628,75.935,28.0,1010.9,34.73
1979-12-13T15:00:00,43117099999,SOLAPUR,17.628,75.935,23.0,1013.8,53.32
1979-12-13T18:00:00,43117099999,SOLAPUR,17.628,75.935,21.0,1014.4,52.8
1979-12-13T21:00:00,43117099999,SOLAPUR,17.628,75.935,18.0,1013.6,72.58
1979-12-14T00:00:00,43117099999,SOLAPUR,17.628,75.935,17.0,1013.9,77.31
1979-12-14T03:00:00,43117099999,SOLAPUR,17.628,75.935,19.0,1015.6,32.17
1979-12-14T06:00:00,43117099999,SOLAPUR,17.628,75.935,20.0,1013.7,52.54
1979-12-14T09:00:00,43117099999,SOLAPUR,17.628,75.935,29.0,1010.2,35.01
1979-12-14T12:00:00,43117099999,SOLAPUR,17.628,75.935,29.0,1010.1,35.01
1979-12-14T15:00:00,43117099999,SOLAPUR,17.628,75.935,23.0,1013.1,53.32
1979-12-14T18:00:00,43117099999,SOLAPUR,17.628,75.935,23.0,1012.7,49.93
1979-12-14T21:00:00,43117099999,SOLAPUR,17.628,75.935,20.0,1012.0,60.0
1979-12-15T00:00:00,43117099999,SOLAPUR,17.628,75.935,17.0,1013.2,72.4
1979-12-15T03:00:00,43117099999,SOLAPUR,17.628,75.935,21.0,1014.7,56.41
1979-12-15T06:00:00,43117099999,SOLAPUR,17.628,75.935,27.0,1013.0,57.87
1979-12-15T09:00:00,43117099999,SOLAPUR,17.628,75.935,29.0,1010.2,37.38
1979-12-15T12:00:00,43117099999,SOLAPUR,17.628,75.935,28.0,1010.0,45.1
1979-12-15T15:00:00,43117099999,SOLAPUR,17.628,75.935,26.0,1013.0,47.55
1979-12-15T18:00:00,43117099999,SOLAPUR,17.628,75.935,23.0,1012.8,56.91
1979-12-15T21:00:00,43117099999,SOLAPUR,17.628,75.935,21.0,1012.6,68.58
1979-12-16T00:00:00,43117099999,SOLAPUR,17.628,75.935,20.0,1013.7,72.94
1979-12-16T03:00:00,43117099999,SOLAPUR,17.628,75.935,22.0,1016.4,73.29
1979-12-16T06:00:00,43117099999,SOLAPUR,17.628,75.935,27.0,1014.2,57.87
1979-12-16T09:00:00,43117099999,SOLAPUR,17.628,75.935,30.0,1010.6,42.83
1979-12-16T15:00:00,43117099999,SOLAPUR,17.628,75.935,25.0,1013.1,57.39
1979-12-16T18:00:00,43117099999,SOLAPUR,17.628,75.935,23.0,1013.3,64.72
1979-12-16T21:00:00,43117099999,SOLAPUR,17.628,75.935,20.0,1012.8,72.94
1979-12-17T00:00:00,43117099999,SOLAPUR,17.628,75.935,19.0,1013.6,77.62
1979-12-17T03:00:00,43117099999,SOLAPUR,17.628,75.935,22.0,1015.7,64.5
1979-12-17T06:00:00,43117099999,SOLAPUR,17.628,75.935,27.0,1013.8,54.33
1979-12-17T09:00:00,43117099999,SOLAPUR,17.628,75.935,29.0,1010.7,42.56
1979-12-17T12:00:00,43117099999,SOLAPUR,17.628,75.935,29.0,1010.4,39.9
1979-12-17T15:00:00,43117099999,SOLAPUR,17.628,75.935,25.0,1013.2,53.83
1979-12-17T18:00:00,43117099999,SOLAPUR,17.628,75.935,22.0,1013.6,60.47
1979-12-17T21:00:00,43117099999,SOLAPUR,17.628,75.935,20.0,1013.0,72.94
1979-12-18T00:00:00,43117099999,SOLAPUR,17.628,75.935,19.0,1013.2,77.62
1979-12-18T03:00:00,43117099999,SOLAPUR,17.628,75.935,22.0,1015.7,56.66
1979-12-18T06:00:00,43117099999,SOLAPUR,17.628,75.935,28.0,1014.2,54.58
1979-12-18T09:00:00,43117099999,SOLAPUR,17.628,75.935,29.0,1010.6,45.37
1979-12-18T12:00:00,43117099999,SOLAPUR,17.628,75.935,28.0,1010.5,42.28
1979-12-18T15:00:00,43117099999,SOLAPUR,17.628,75.935,29.0,1011.7,39.9
1979-12-18T18:00:00,43117099999,SOLAPUR,17.628,75.935,23.0,1012.6,64.72
1979-12-18T21:00:00,43117099999,SOLAPUR,17.628,75.935,21.0,1012.5,68.58
1979-12-19T00:00:00,43117099999,SOLAPUR,17.628,75.935,19.0,1012.9,100.0
1979-12-19T03:00:00,43117099999,SOLAPUR,17.628,75.935,22.0,1014.7,68.77
1979-12-19T06:00:00,43117099999,SOLAPUR,17.628,75.935,27.0,1013.1,54.33
1979-12-19T09:00:00,43117099999,SOLAPUR,17.628,75.935,30.0,1009.0,40.17
1979-12-19T12:00:00,43117099999,SOLAPUR,17.628,75.935,29.0,1008.7,42.56
1979-12-19T15:00:00,43117099999,SOLAPUR,17.628,75.935,25.0,1011.3,50.46
1979-12-19T18:00:00,43117099999,SOLAPUR,17.628,75.935,23.0,1011.6,60.7
1979-12-19T21:00:00,43117099999,SOLAPUR,17.628,75.935,23.0,1011.2,
1979-12-20T00:00:00,43117099999,SOLAPUR,17.628,75.935,20.0,1012.2,72.94
1979-12-20T03:00:00,43117099999,SOLAPUR,17.628,75.935,22.0,1014.1,64.5
1979-12-20T06:00:00,43117099999,SOLAPUR,17.628,75.935,27.0,1012.6,50.99
1979-12-20T09:00:00,43117099999,SOLAPUR,17.628,75.935,29.0,1009.2,37.38
1979-12-20T12:00:00,43117099999,SOLAPUR,17.628,75.935,29.0,1009.3,32.77
1979-12-20T15:00:00,43117099999,SOLAPUR,17.628,75.935,24.0,1018.3,50.2
1979-12-20T18:00:00,43117099999,SOLAPUR,17.628,75.935,22.0,1013.1,56.66
1979-12-20T21:00:00,43117099999,SOLAPUR,17.628,75.935,19.0,1013.3,88.19
1979-12-21T00:00:00,43117099999,SOLAPUR,17.628,75.935,20.0,1013.2,77.77
1979-12-21T03:00:00,43117099999,SOLAPUR,17.628,75.935,21.0,1015.7,77.92
1979-12-21T06:00:00,43117099999,SOLAPUR,17.628,75.935,26.0,1014.6,54.08
1979-12-21T09:00:00,43117099999,SOLAPUR,17.628,75.935,29.0,1011.3,42.56
1979-12-21T12:00:00,43117099999,SOLAPUR,17.628,75.935,28.0,1011.5,39.62
1979-12-21T15:00:00,43117099999,SOLAPUR,17.628,75.935,25.0,1014.1,50.46
1979-12-21T18:00:00,43117099999,SOLAPUR,17.628,75.935,23.0,1014.6,60.7
1979-12-21T21:00:00,43117099999,SOLAPUR,17.628,75.935,21.0,1014.7,68.58
1979-12-22T00:00:00,43117099999,SOLAPUR,17.628,75.935,20.0,1015.0,72.94
1979-12-22T03:00:00,43117099999,SOLAPUR,17.628,75.935,21.0,1017.6,73.11
1979-12-22T06:00:00,43117099999,SOLAPUR,17.628,75.935,26.0,1015.9,57.63
1979-12-22T09:00:00,43117099999,SOLAPUR,17.628,75.935,26.0,1015.9,44.56
1979-12-22T12:00:00,43117099999,SOLAPUR,17.628,75.935,29.0,1011.9,42.56
1979-12-22T15:00:00,43117099999,SOLAPUR,17.628,75.935,26.0,1014.1,47.55
1979-12-22T18:00:00,43117099999,SOLAPUR,17.628,75.935,24.0,1014.8,53.58
1979-12-22T21:00:00,43117099999,SOLAPUR,17.628,75.935,22.0,1013.9,64.5
1979-12-23T00:00:00,43117099999,SOLAPUR,17.628,75.935,21.0,1014.6,73.11
1979-12-23T03:00:00,43117099999,SOLAPUR,17.628,75.935,22.0,1017.2,64.5
1979-12-23T06:00:00,43117099999,SOLAPUR,17.628,75.935,27.0,1016.3,44.83
1979-12-23T09:00:00,43117099999,SOLAPUR,17.628,75.935,28.0,1012.4,48.09
1979-12-23T12:00:00,43117099999,SOLAPUR,17.628,75.935,28.0,1012.0,39.62
1979-12-23T15:00:00,43117099999,SOLAPUR,17.628,75.935,24.0,1015.0,50.2
1979-12-23T18:00:00,43117099999,SOLAPUR,17.628,75.935,21.0,1016.0,52.8
1979-12-23T21:00:00,43117099999,SOLAPUR,17.628,75.935,20.0,1015.7,60.0
1979-12-24T00:00:00,43117099999,SOLAPUR,17.628,75.935,17.0,1016.1,67.77
1979-12-24T03:00:00,43117099999,SOLAPUR,17.628,75.935,17.0,1016.1,67.77
1979-12-24T06:00:00,43117099999,SOLAPUR,17.628,75.935,26.0,1016.0,31.93
1979-12-24T09:00:00,43117099999,SOLAPUR,17.628,75.935,28.0,1012.7,21.54
1979-12-24T12:00:00,43117099999,SOLAPUR,17.628,75.935,28.0,1012.1,21.54
1979-12-24T15:00:00,43117099999,SOLAPUR,17.628,75.935,22.0,1016.0,35.4
1979-12-24T18:00:00,43117099999,SOLAPUR,17.628,75.935,19.0,1016.7,45.63
1979-12-24T21:00:00,43117099999,SOLAPUR,17.628,75.935,18.0,1016.5,48.58
1979-12-25T00:00:00,43117099999,SOLAPUR,17.628,75.935,17.0,1016.5,51.75
1979-12-25T03:00:00,43117099999,SOLAPUR,17.628,75.935,19.0,1018.9,55.91
1979-12-25T06:00:00,43117099999,SOLAPUR,17.628,75.935,25.0,1017.8,47.28
1979-12-25T09:00:00,43117099999,SOLAPUR,17.628,75.935,28.0,1013.9,34.73
1979-12-25T12:00:00,43117099999,SOLAPUR,17.628,75.935,27.0,1013.5,30.1
1979-12-25T15:00:00,43117099999,SOLAPUR,17.628,75.935,22.0,1015.9,49.67
1979-12-25T18:00:00,43117099999,SOLAPUR,17.628,75.935,20.0,1016.7,56.16
1979-12-25T21:00:00,43117099999,SOLAPUR,17.628,75.935,18.0,1016.4,63.62
1979-12-26T00:00:00,43117099999,SOLAPUR,17.628,75.935,17.0,1016.3,67.77
1979-12-26T03:00:00,43117099999,SOLAPUR,17.628,75.935,19.0,1018.1,63.85
1979-12-26T06:00:00,43117099999,SOLAPUR,17.628,75.935,26.0,1015.7,44.56
1979-12-26T09:00:00,43117099999,SOLAPUR,17.628,75.935,29.0,1012.2,30.66
1979-12-26T12:00:00,43117099999,SOLAPUR,17.628,75.935,28.0,1011.9,30.38
1979-12-26T15:00:00,43117099999,SOLAPUR,17.628,75.935,23.0,1014.5,43.73
1979-12-26T18:00:00,43117099999,SOLAPUR,17.628,75.935,20.0,1015.7,52.54
1979-12-26T21:00:00,43117099999,SOLAPUR,17.628,75.935,18.0,1014.8,63.62
1979-12-27T00:00:00,43117099999,SOLAPUR,17.628,75.935,17.0,1015.6,67.77
1979-12-27T03:00:00,43117099999,SOLAPUR,17.628,75.935,20.0,1016.5,56.16
1979-12-27T09:00:00,43117099999,SOLAPUR,17.628,75.935,29.0,1011.5,35.01
1979-12-27T12:00:00,43117099999,SOLAPUR,17.628,75.935,28.0,1010.5,34.73
1979-12-27T15:00:00,43117099999,SOLAPUR,17.628,75.935,23.0,1013.3,46.74
1979-12-27T18:00:00,43117099999,SOLAPUR,17.628,75.935,20.0,1014.0,56.16
1979-12-28T00:00:00,43117099999,SOLAPUR,17.628,75.935,16.0,1014.2,63.17
1979-12-28T03:00:00,43117099999,SOLAPUR,17.628,75.935,20.0,1016.3,56.16
1979-12-28T06:00:00,43117099999,SOLAPUR,17.628,75.935,26.0,1015.6,44.56
1979-12-28T09:00:00,43117099999,SOLAPUR,17.628,75.935,28.0,1011.9,34.73
1979-12-28T12:00:00,43117099999,SOLAPUR,17.628,75.935,28.0,1010.8,42.28
1979-12-28T15:00:00,43117099999,SOLAPUR,17.628,75.935,23.0,1014.0,46.74
1979-12-28T18:00:00,43117099999,SOLAPUR,17.628,75.935,20.0,1015.6,56.16
1979-12-28T21:00:00,43117099999,SOLAPUR,17.628,75.935,18.0,1015.0,67.97
1979-12-29T00:00:00,43117099999,SOLAPUR,17.628,75.935,17.0,1014.8,67.77
1979-12-29T03:00:00,43117099999,SOLAPUR,17.628,75.935,17.0,1014.8,67.77
1979-12-29T06:00:00,43117099999,SOLAPUR,17.628,75.935,25.0,1016.0,47.28
1979-12-29T09:00:00,43117099999,SOLAPUR,17.628,75.935,28.0,1011.9,39.62
1979-12-29T12:00:00,43117099999,SOLAPUR,17.628,75.935,28.0,1011.1,34.73
1979-12-29T15:00:00,43117099999,SOLAPUR,17.628,75.935,23.0,1013.7,40.89
1979-12-29T18:00:00,43117099999,SOLAPUR,17.628,75.935,21.0,1014.2,46.19
1979-12-29T21:00:00,43117099999,SOLAPUR,17.628,75.935,19.0,1013.3,55.91
1979-12-30T00:00:00,43117099999,SOLAPUR,17.628,75.935,17.0,1013.7,59.28
1979-12-30T03:00:00,43117099999,SOLAPUR,17.628,75.935,17.0,1015.9,67.77
1979-12-30T06:00:00,43117099999,SOLAPUR,17.628,75.935,25.0,1013.7,50.46
1979-12-30T09:00:00,43117099999,SOLAPUR,17.628,75.935,28.0,1010.8,39.62
1979-12-30T12:00:00,43117099999,SOLAPUR,17.628,75.935,29.0,1009.9,35.01
1979-12-30T15:00:00,43117099999,SOLAPUR,17.628,75.935,23.0,1012.2,49.93
1979-12-30T18:00:00,43117099999,SOLAPUR,17.628,75.935,21.0,1013.2,56.41
1979-12-30T21:00:00,43117099999,SOLAPUR,17.628,75.935,19.0,1012.5,63.85
1979-12-31T00:00:00,43117099999,SOLAPUR,17.628,75.935,18.0,1012.2,67.97
1979-12-31T03:00:00,43117099999,SOLAPUR,17.628,75.935,20.0,1014.6,60.0
1979-12-31T06:00:00,43117099999,SOLAPUR,17.628,75.935,26.0,1013.6,47.55
1979-12-31T09:00:00,43117099999,SOLAPUR,17.628,75.935,29.0,1009.8,35.01
1979-12-31T12:00:00,43117099999,SOLAPUR,17.628,75.935,30.0,1008.6,33.05
1979-12-31T15:00:00,43117099999,SOLAPUR,17.628,75.935,24.0,1012.0,44.01
1979-12-31T18:00:00,43117099999,SOLAPUR,17.628,75.935,22.0,1012.0,49.67
1979-12-31T21:00:00,43117099999,SOLAPUR,17.628,75.935,20.0,1011.4,56.16
