timestamp,station_id,station_name,latitude,longitude,temperature,pressure,humidity
1982-01-01T00:00:00,43189099999,KAKINADA,16.95,82.233,18.6,1015.6,78.56
1982-01-01T03:00:00,43189099999,KAKINADA,16.95,82.233,21.2,1018.2,66.87
1982-01-01T06:00:00,43189099999,KAKINADA,16.95,82.233,27.2,1017.3,55.08
1982-01-01T09:00:00,43189099999,KAKINADA,16.95,82.233,27.0,1014.2,53.31
1982-01-01T12:00:00,43189099999,KAKINADA,16.95,82.233,24.6,1013.9,69.28
1982-01-01T15:00:00,43189099999,KAKINADA,16.95,82.233,22.6,1015.9,77.66
1982-01-01T18:00:00,43189099999,KAKINADA,16.95,82.233,20.6,1015.5,79.86
1982-01-01T21:00:00,43189099999,KAKINADA,16.95,82.233,19.8,1014.5,79.24
1982-01-02T00:00:00,43189099999,KAKINADA,16.95,82.233,19.0,1014.5,79.13
1982-01-02T03:00:00,43189099999,KAKINADA,16.95,82.233,20.8,1016.4,73.08
1982-01-02T06:00:00,43189099999,KAKINADA,16.95,82.233,27.0,1016.6,54.33
1982-01-02T15:00:00,43189099999,KAKINADA,16.95,82.233,23.5,1015.5,70.83
1982-01-02T18:00:00,43189099999,KAKINADA,16.95,82.233,20.8,1014.8,85.08
1982-01-02T21:00:00,43189099999,KAKINADA,16.95,82.233,20.0,1013.4,
1982-01-03T00:00:00,43189099999,KAKINADA,16.95,82.233,18.8,1013.7,88.17
1982-01-03T03:00:00,43189099999,KAKINADA,16.95,82.233,22.0,1016.3,77.09
1982-01-03T09:00:00,43189099999,KAKINADA,16.95,82.233,26.8,1012.8,61.19
1982-01-03T12:00:00,43189099999,KAKINADA,16.95,82.233,25.0,1013.3,59.63
1982-01-03T15:00:00,43189099999,KAKINADA,16.95,82.233,23.8,1015.3,68.69
1982-01-03T18:00:00,43189099999,KAKINADA,16.95,82.233,23.0,1015.4,77.72
1982-01-03T21:00:00,43189099999,KAKINADA,16.95,82.233,20.2,1014.0,83.42
1982-01-04T00:00:00,43189099999,KAKINADA,16.95,82.233,19.2,1013.9,84.37
1982-01-04T03:00:00,43189099999,KAKINADA,16.95,82.233,21.6,1016.1,77.03
1982-01-04T06:00:00,43189099999,KAKINADA,16.95,82.233,26.4,1015.8,63.43
1982-01-04T15:00:00,43189099999,KAKINADA,16.95,82.233,24.0,1016.2,72.27
1982-01-04T18:00:00,43189099999,KAKINADA,16.95,82.233,23.4,1016.0,73.07
1982-01-04T21:00:00,43189099999,KAKINADA,16.95,82.233,21.4,1014.4,85.68
1982-01-05T00:00:00,43189099999,KAKINADA,16.95,82.233,20.4,1015.0,85.04
1982-01-05T03:00:00,43189099999,KAKINADA,16.95,82.233,22.6,,79.13
1982-01-05T09:00:00,43189099999,KAKINADA,16.95,82.233,27.0,1013.3,62.78
1982-01-05T12:00:00,43189099999,KAKINADA,16.95,82.233,24.6,1013.3,67.99
1982-01-05T15:00:00,43189099999,KAKINADA,16.95,82.233,24.0,1015.6,72.27
1982-01-05T18:00:00,43189099999,KAKINADA,16.95,82.233,23.6,1014.9,78.3
1982-01-06T00:00:00,43189099999,KAKINADA,16.95,82.233,20.4,1014.4,83.44
1982-01-06T03:00:00,43189099999,KAKINADA,16.95,82.233,18.1,1016.4,98.75
1982-01-06T09:00:00,43189099999,KAKINADA,16.95,82.233,26.2,1013.9,63.39
1982-01-06T12:00:00,43189099999,KAKINADA,16.95,82.233,24.8,1014.0,68.03
1982-01-06T15:00:00,43189099999,KAKINADA,16.95,82.233,24.4,1015.9,61.81
1982-01-06T18:00:00,43189099999,KAKINADA,16.95,82.233,22.6,1016.6,70.22
1982-01-06T21:00:00,43189099999,KAKINADA,16.95,82.233,20.8,1015.0,76.42
1982-01-07T00:00:00,43189099999,KAKINADA,16.95,82.233,20.2,1015.0,76.32
1982-01-07T06:00:00,43189099999,KAKINADA,16.95,82.233,26.6,1016.9,66.71
1982-01-07T09:00:00,43189099999,KAKINADA,16.95,82.233,27.5,1014.5,60.96
1982-01-07T12:00:00,43189099999,KAKINADA,16.95,82.233,25.6,1014.4,68.61
1982-01-07T15:00:00,43189099999,KAKINADA,16.95,82.233,24.0,1016.7,73.17
1982-01-07T18:00:00,43189099999,KAKINADA,16.95,82.233,24.0,,76.91
1982-01-08T00:00:00,43189099999,KAKINADA,16.95,82.233,19.4,1016.0,86.56
1982-01-08T03:00:00,43189099999,KAKINADA,16.95,82.233,21.8,1018.2,80.52
1982-01-08T06:00:00,43189099999,KAKINADA,16.95,82.233,26.8,1018.6,65.12
1982-01-08T09:00:00,43189099999,KAKINADA,16.95,82.233,28.0,1016.4,59.58
1982-01-08T12:00:00,43189099999,KAKINADA,16.95,82.233,25.8,1015.4,70.37
1982-01-08T15:00:00,43189099999,KAKINADA,16.95,82.233,25.2,1016.6,74.29
1982-01-08T18:00:00,43189099999,KAKINADA,16.95,82.233,24.6,1016.8,77.0
1982-01-09T00:00:00,43189099999,KAKINADA,16.95,82.233,19.8,1014.9,
1982-01-09T03:00:00,43189099999,KAKINADA,16.95,82.233,,1017.3,
1982-01-09T09:00:00,43189099999,KAKINADA,16.95,82.233,27.8,1013.8,64.53
1982-01-09T12:00:00,43189099999,KAKINADA,16.95,82.233,25.6,1013.7,69.9
1982-01-09T15:00:00,43189099999,KAKINADA,16.95,82.233,24.5,1015.4,76.51
1982-01-09T18:00:00,43189099999,KAKINADA,16.95,82.233,24.4,1014.9,79.88
1982-01-09T21:00:00,43189099999,KAKINADA,16.95,82.233,23.6,1013.3,78.3
1982-01-10T00:00:00,43189099999,KAKINADA,16.95,82.233,20.6,1014.1,88.87
1982-01-10T03:00:00,43189099999,KAKINADA,16.95,82.233,22.4,1016.3,79.11
1982-01-10T06:00:00,43189099999,KAKINADA,16.95,82.233,27.8,1015.6,56.63
1982-01-10T09:00:00,43189099999,KAKINADA,16.95,82.233,27.8,1012.4,58.06
1982-01-10T18:00:00,43189099999,KAKINADA,16.95,82.233,21.5,1013.5,80.99
1982-01-10T21:00:00,43189099999,KAKINADA,16.95,82.233,20.0,1010.7,85.0
1982-01-11T00:00:00,43189099999,KAKINADA,16.95,82.233,19.4,1012.9,84.93
1982-01-11T06:00:00,43189099999,KAKINADA,16.95,82.233,27.6,1015.1,52.79
1982-01-11T09:00:00,43189099999,KAKINADA,16.95,82.233,27.5,,53.1
1982-01-11T12:00:00,43189099999,KAKINADA,16.95,82.233,25.0,1012.6,
1982-01-11T15:00:00,43189099999,KAKINADA,16.95,82.233,23.8,1014.0,71.78
1982-01-11T21:00:00,43189099999,KAKINADA,16.95,82.233,19.8,1012.9,86.6
1982-01-12T00:00:00,43189099999,KAKINADA,16.95,82.233,19.4,,86.56
1982-01-12T03:00:00,43189099999,KAKINADA,16.95,82.233,21.4,1016.3,82.0
1982-01-12T06:00:00,43189099999,KAKINADA,16.95,82.233,26.7,1016.2,57.8
1982-01-12T09:00:00,43189099999,KAKINADA,16.95,82.233,27.2,1013.6,52.35
1982-01-12T12:00:00,43189099999,KAKINADA,16.95,82.233,,1013.3,
1982-01-12T15:00:00,43189099999,KAKINADA,16.95,82.233,23.4,1014.9,71.71
1982-01-12T18:00:00,43189099999,KAKINADA,16.95,82.233,,1015.4,
1982-01-12T21:00:00,43189099999,KAKINADA,16.95,82.233,20.0,1014.3,85.0
1982-01-13T03:00:00,43189099999,KAKINADA,16.95,82.233,22.6,1017.0,77.66
1982-01-13T06:00:00,43189099999,KAKINADA,16.95,82.233,27.0,1016.2,65.56
1982-01-13T09:00:00,43189099999,KAKINADA,16.95,82.233,27.4,1013.6,62.86
1982-01-13T12:00:00,43189099999,KAKINADA,16.95,82.233,25.2,1013.6,68.53
1982-01-13T15:00:00,43189099999,KAKINADA,16.95,82.233,24.2,1015.1,78.38
1982-01-13T18:00:00,43189099999,KAKINADA,16.95,82.233,24.0,1015.7,78.35
1982-01-14T00:00:00,43189099999,KAKINADA,16.95,82.233,20.4,1015.0,88.86
1982-01-14T06:00:00,43189099999,KAKINADA,16.95,82.233,27.4,1016.6,61.7
1982-01-14T09:00:00,43189099999,KAKINADA,16.95,82.233,28.0,1013.5,60.7
1982-01-14T15:00:00,43189099999,KAKINADA,16.95,82.233,22.8,1014.8,92.39
1982-01-14T21:00:00,43189099999,KAKINADA,16.95,82.233,22.2,1014.4,87.37
1982-01-15T00:00:00,43189099999,KAKINADA,16.95,82.233,21.0,1014.5,87.26
1982-01-15T03:00:00,43189099999,KAKINADA,16.95,82.233,22.6,1017.1,85.8
1982-01-15T06:00:00,43189099999,KAKINADA,16.95,82.233,,1016.3,
1982-01-15T12:00:00,43189099999,KAKINADA,16.95,82.233,26.4,1013.3,73.59
1982-01-15T15:00:00,43189099999,KAKINADA,16.95,82.233,24.2,1015.6,83.87
1982-01-15T18:00:00,43189099999,KAKINADA,16.95,82.233,23.8,1015.5,88.04
1982-01-15T21:00:00,43189099999,KAKINADA,16.95,82.233,22.4,1013.8,90.12
1982-01-16T00:00:00,43189099999,KAKINADA,16.95,82.233,22.0,1014.2,91.21
1982-01-16T03:00:00,43189099999,KAKINADA,16.95,82.233,23.0,1016.6,87.98
1982-01-16T06:00:00,43189099999,KAKINADA,16.95,82.233,27.6,1015.7,65.69
1982-01-16T09:00:00,43189099999,KAKINADA,16.95,82.233,30.8,1012.4,54.6
1982-01-16T12:00:00,43189099999,KAKINADA,16.95,82.233,27.4,1012.5,76.95
1982-01-16T15:00:00,43189099999,KAKINADA,16.95,82.233,24.9,1014.7,82.43
1982-01-16T18:00:00,43189099999,KAKINADA,16.95,82.233,24.4,1014.7,84.93
1982-01-16T21:00:00,43189099999,KAKINADA,16.95,82.233,23.6,1013.6,86.42
1982-01-17T00:00:00,43189099999,KAKINADA,16.95,82.233,22.0,1013.3,90.09
1982-01-17T03:00:00,43189099999,KAKINADA,16.95,82.233,24.2,1015.8,84.91
1982-01-17T06:00:00,43189099999,KAKINADA,16.95,82.233,29.2,1014.7,54.2
1982-01-17T09:00:00,43189099999,KAKINADA,16.95,82.233,28.5,1011.5,64.28
1982-01-17T12:00:00,43189099999,KAKINADA,16.95,82.233,27.2,1011.9,60.14
1982-01-17T15:00:00,43189099999,KAKINADA,16.95,82.233,24.5,1014.2,77.46
1982-01-17T18:00:00,43189099999,KAKINADA,16.95,82.233,24.4,1014.2,78.41
1982-01-17T21:00:00,43189099999,KAKINADA,16.95,82.233,23.0,1013.1,85.84
1982-01-18T00:00:00,43189099999,KAKINADA,16.95,82.233,22.8,1014.1,85.82
1982-01-18T03:00:00,43189099999,KAKINADA,16.95,82.233,24.0,1017.1,79.82
1982-01-18T06:00:00,43189099999,KAKINADA,16.95,82.233,28.0,1016.5,69.07
1982-01-18T12:00:00,43189099999,KAKINADA,16.95,82.233,27.0,1013.1,69.74
1982-01-18T15:00:00,43189099999,KAKINADA,16.95,82.233,25.5,1015.7,79.05
1982-01-18T18:00:00,43189099999,KAKINADA,16.95,82.233,25.2,1015.6,81.96
1982-01-19T00:00:00,43189099999,KAKINADA,16.95,82.233,24.6,1014.7,83.41
1982-01-19T03:00:00,43189099999,KAKINADA,16.95,82.233,23.6,1017.3,78.3
1982-01-19T06:00:00,43189099999,KAKINADA,16.95,82.233,27.4,1016.8,60.18
1982-01-19T09:00:00,43189099999,KAKINADA,16.95,82.233,29.0,1013.7,61.68
1982-01-19T12:00:00,43189099999,KAKINADA,16.95,82.233,27.5,1013.7,65.67
1982-01-19T15:00:00,43189099999,KAKINADA,16.95,82.233,25.0,1015.3,74.26
1982-01-19T18:00:00,43189099999,KAKINADA,16.95,82.233,24.3,1014.9,80.36
1982-01-19T21:00:00,43189099999,KAKINADA,16.95,82.233,23.0,1013.9,84.26
1982-01-20T00:00:00,43189099999,KAKINADA,16.95,82.233,21.7,1013.9,88.41
1982-01-20T03:00:00,43189099999,KAKINADA,16.95,82.233,23.5,1016.6,80.25
1982-01-20T06:00:00,43189099999,KAKINADA,16.95,82.233,28.6,1016.3,60.09
1982-01-20T09:00:00,43189099999,KAKINADA,16.95,82.233,29.0,1013.0,60.55
1982-01-20T12:00:00,43189099999,KAKINADA,16.95,82.233,27.0,1013.4,66.79
1982-01-20T15:00:00,43189099999,KAKINADA,16.95,82.233,24.6,1015.5,81.89
1982-01-20T18:00:00,43189099999,KAKINADA,16.95,82.233,23.7,1015.6,85.38
1982-01-20T21:00:00,43189099999,KAKINADA,16.95,82.233,23.0,1014.2,87.98
1982-01-21T00:00:00,43189099999,KAKINADA,16.95,82.233,22.6,1014.7,89.58
1982-01-21T03:00:00,43189099999,KAKINADA,16.95,82.233,24.0,1016.8,86.46
1982-01-21T06:00:00,43189099999,KAKINADA,16.95,82.233,26.8,1016.0,73.65
1982-01-21T09:00:00,43189099999,KAKINADA,16.95,82.233,28.6,1014.1,56.12
1982-01-21T12:00:00,43189099999,KAKINADA,16.95,82.233,26.6,1014.3,65.08
1982-01-21T15:00:00,43189099999,KAKINADA,16.95,82.233,24.5,1016.0,74.64
1982-01-21T18:00:00,43189099999,KAKINADA,16.95,82.233,22.8,1016.0,84.24
1982-01-21T21:00:00,43189099999,KAKINADA,16.95,82.233,22.3,1014.7,86.3
1982-01-22T00:00:00,43189099999,KAKINADA,16.95,82.233,22.5,1014.5,81.12
1982-01-22T06:00:00,43189099999,KAKINADA,16.95,82.233,28.5,1015.7,67.5
1982-01-22T09:00:00,43189099999,KAKINADA,16.95,82.233,29.9,,47.98
1982-01-22T15:00:00,43189099999,KAKINADA,16.95,82.233,24.4,1014.5,79.88
1982-01-22T18:00:00,43189099999,KAKINADA,16.95,82.233,23.7,1014.9,85.38
1982-01-22T21:00:00,43189099999,KAKINADA,16.95,82.233,22.0,1013.7,91.21
1982-01-23T00:00:00,43189099999,KAKINADA,16.95,82.233,21.2,1014.1,88.92
1982-01-23T03:00:00,43189099999,KAKINADA,16.95,82.233,22.8,1016.0,87.96
1982-01-23T06:00:00,43189099999,KAKINADA,16.95,82.233,28.2,1015.6,57.08
1982-01-23T09:00:00,43189099999,KAKINADA,16.95,82.233,30.5,1012.4,46.95
1982-01-23T12:00:00,43189099999,KAKINADA,16.95,82.233,28.0,1012.6,63.39
1982-01-23T15:00:00,43189099999,KAKINADA,16.95,82.233,24.5,1014.4,79.4
1982-01-23T18:00:00,43189099999,KAKINADA,16.95,82.233,23.8,1014.6,84.87
1982-01-23T21:00:00,43189099999,KAKINADA,16.95,82.233,22.4,1013.5,87.38
1982-01-24T00:00:00,43189099999,KAKINADA,16.95,82.233,21.8,1014.5,87.33
1982-01-24T03:00:00,43189099999,KAKINADA,16.95,82.233,24.0,1016.9,81.31
1982-01-24T06:00:00,43189099999,KAKINADA,16.95,82.233,28.5,1016.6,60.44
1982-01-24T09:00:00,43189099999,KAKINADA,16.95,82.233,29.0,1014.2,64.38
1982-01-24T12:00:00,43189099999,KAKINADA,16.95,82.233,26.6,1014.6,73.62
1982-01-24T15:00:00,43189099999,KAKINADA,16.95,82.233,25.5,1016.2,72.08
1982-01-25T00:00:00,43189099999,KAKINADA,16.95,82.233,22.5,1015.6,85.26
1982-01-25T06:00:00,43189099999,KAKINADA,16.95,82.233,28.5,1017.9,55.4
1982-01-25T12:00:00,43189099999,KAKINADA,16.95,82.233,26.2,1015.9,63.39
1982-01-25T15:00:00,43189099999,KAKINADA,16.95,82.233,25.1,1017.4,67.66
1982-01-25T18:00:00,43189099999,KAKINADA,16.95,82.233,25.0,1017.6,71.11
1982-01-25T21:00:00,43189099999,KAKINADA,16.95,82.233,22.0,1016.1,77.09
1982-01-26T00:00:00,43189099999,KAKINADA,16.95,82.233,20.6,1016.4,79.86
1982-01-26T03:00:00,43189099999,KAKINADA,16.95,82.233,23.8,1018.8,82.8
1982-01-26T06:00:00,43189099999,KAKINADA,16.95,82.233,28.0,1017.9,59.58
1982-01-26T09:00:00,43189099999,KAKINADA,16.95,82.233,28.5,1016.0,56.8
1982-01-26T12:00:00,43189099999,KAKINADA,16.95,82.233,26.5,1015.9,61.5
1982-01-26T18:00:00,43189099999,KAKINADA,16.95,82.233,25.8,1017.2,64.1
1982-01-27T00:00:00,43189099999,KAKINADA,16.95,82.233,20.8,1015.3,90.57
1982-01-27T03:00:00,43189099999,KAKINADA,16.95,82.233,22.6,1018.3,74.32
1982-01-27T06:00:00,43189099999,KAKINADA,16.95,82.233,27.5,1017.3,62.5
1982-01-27T09:00:00,43189099999,KAKINADA,16.95,82.233,28.5,1014.6,56.8
1982-01-27T12:00:00,43189099999,KAKINADA,16.95,82.233,26.0,1014.8,64.54
1982-01-27T15:00:00,43189099999,KAKINADA,16.95,82.233,25.0,1016.2,69.79
1982-01-27T18:00:00,43189099999,KAKINADA,16.95,82.233,24.6,1016.8,71.03
1982-01-28T00:00:00,43189099999,KAKINADA,16.95,82.233,23.6,1015.4,81.26
1982-01-28T09:00:00,43189099999,KAKINADA,16.95,82.233,28.0,1014.5,63.39
1982-01-28T12:00:00,43189099999,KAKINADA,16.95,82.233,26.2,,67.46
1982-01-28T15:00:00,43189099999,KAKINADA,16.95,82.233,25.5,1016.6,66.07
1982-01-28T18:00:00,43189099999,KAKINADA,16.95,82.233,24.6,1016.9,69.28
1982-01-29T00:00:00,43189099999,KAKINADA,16.95,82.233,21.2,1015.9,81.98
1982-01-29T03:00:00,43189099999,KAKINADA,16.95,82.233,24.1,1017.8,74.57
1982-01-29T06:00:00,43189099999,KAKINADA,16.95,82.233,27.5,1017.4,64.86
1982-01-29T09:00:00,43189099999,KAKINADA,16.95,82.233,28.5,1015.0,59.69
1982-01-29T12:00:00,43189099999,KAKINADA,16.95,82.233,26.2,1014.7,63.39
1982-01-29T15:00:00,43189099999,KAKINADA,16.95,82.233,25.0,1016.6,68.07
1982-01-29T18:00:00,43189099999,KAKINADA,16.95,82.233,24.5,1017.0,67.12
1982-01-29T21:00:00,43189099999,KAKINADA,16.95,82.233,21.0,1015.8,79.91
1982-01-30T00:00:00,43189099999,KAKINADA,16.95,82.233,19.8,1016.2,81.28
1982-01-30T03:00:00,43189099999,KAKINADA,16.95,82.233,23.0,1017.7,74.39
1982-01-30T06:00:00,43189099999,KAKINADA,16.95,82.233,27.4,1017.1,62.86
1982-01-30T09:00:00,43189099999,KAKINADA,16.95,82.233,28.5,1014.4,50.73
1982-01-30T12:00:00,43189099999,KAKINADA,16.95,82.233,26.0,1014.4,63.34
1982-01-30T15:00:00,43189099999,KAKINADA,16.95,82.233,22.5,1016.4,79.12
1982-01-30T18:00:00,43189099999,KAKINADA,16.95,82.233,24.2,1015.8,70.52
1982-01-31T00:00:00,43189099999,KAKINADA,16.95,82.233,20.6,1015.0,84.53
1982-01-31T03:00:00,43189099999,KAKINADA,16.95,82.233,22.0,1016.4,82.08
1982-01-31T06:00:00,43189099999,KAKINADA,16.95,82.233,20.6,1015.0,84.53
1982-01-31T12:00:00,43189099999,KAKINADA,16.95,82.233,26.2,1013.8,63.39
1982-01-31T15:00:00,43189099999,KAKINADA,16.95,82.233,25.0,1015.4,71.11
1982-01-31T21:00:00,43189099999,KAKINADA,16.95,82.233,21.2,1014.0,80.44
1982-02-01T00:00:00,43189099999,KAKINADA,16.95,82.233,20.2,1014.5,83.42
1982-02-01T03:00:00,43189099999,KAKINADA,16.95,82.233,23.5,,70.83
1982-02-01T06:00:00,43189099999,KAKINADA,16.95,82.233,27.0,1016.7,62.78
1982-02-01T09:00:00,43189099999,KAKINADA,16.95,82.233,27.8,1013.3,58.06
1982-02-01T12:00:00,43189099999,KAKINADA,16.95,82.233,26.0,1013.0,69.12
1982-02-01T15:00:00,43189099999,KAKINADA,16.95,82.233,24.8,1015.2,72.41
1982-02-01T18:00:00,43189099999,KAKINADA,16.95,82.233,24.0,1014.6,78.35
1982-02-01T21:00:00,43189099999,KAKINADA,16.95,82.233,21.6,1013.3,87.31
1982-02-02T06:00:00,43189099999,KAKINADA,16.95,82.233,27.8,1015.6,64.53
1982-02-02T12:00:00,43189099999,KAKINADA,16.95,82.233,26.0,1011.5,68.69
1982-02-02T18:00:00,43189099999,KAKINADA,16.95,82.233,23.6,1014.3,82.78
1982-02-02T21:00:00,43189099999,KAKINADA,16.95,82.233,22.0,1013.0,87.35
1982-02-03T00:00:00,43189099999,KAKINADA,16.95,82.233,21.4,1013.1,87.29
1982-02-03T03:00:00,43189099999,KAKINADA,16.95,82.233,24.2,1015.6,79.85
1982-02-03T09:00:00,43189099999,KAKINADA,16.95,82.233,28.5,1012.0,61.95
1982-02-03T12:00:00,43189099999,KAKINADA,16.95,82.233,26.8,1011.9,69.27
1982-02-03T15:00:00,43189099999,KAKINADA,16.95,82.233,24.0,1014.4,79.82
1982-02-03T18:00:00,43189099999,KAKINADA,16.95,82.233,23.0,1014.3,85.84
1982-02-03T21:00:00,43189099999,KAKINADA,16.95,82.233,21.6,1012.3,91.19
1982-02-04T00:00:00,43189099999,KAKINADA,16.95,82.233,21.2,1012.4,92.87
1982-02-04T03:00:00,43189099999,KAKINADA,16.95,82.233,24.0,1014.9,83.34
1982-02-04T06:00:00,43189099999,KAKINADA,16.95,82.233,28.0,1014.9,63.39
1982-02-04T12:00:00,43189099999,KAKINADA,16.95,82.233,27.6,1011.2,65.69
1982-02-04T15:00:00,43189099999,KAKINADA,16.95,82.233,24.4,1012.9,81.86
1982-02-04T21:00:00,43189099999,KAKINADA,16.95,82.233,22.0,1011.4,91.21
1982-02-05T00:00:00,43189099999,KAKINADA,16.95,82.233,22.0,1011.6,91.21
1982-02-05T03:00:00,43189099999,KAKINADA,16.95,82.233,24.5,1014.4,82.38
1982-02-05T06:00:00,43189099999,KAKINADA,16.95,82.233,28.6,1014.1,60.09
1982-02-05T09:00:00,43189099999,KAKINADA,16.95,82.233,29.5,1011.0,63.71
1982-02-05T12:00:00,43189099999,KAKINADA,16.95,82.233,27.5,1010.8,68.98
1982-02-05T15:00:00,43189099999,KAKINADA,16.95,82.233,25.0,1012.4,78.98
1982-02-05T18:00:00,43189099999,KAKINADA,16.95,82.233,23.9,1012.3,83.33
1982-02-05T21:00:00,43189099999,KAKINADA,16.95,82.233,23.0,1011.0,89.61
1982-02-06T00:00:00,43189099999,KAKINADA,16.95,82.233,22.2,1011.2,92.92
1982-02-06T03:00:00,43189099999,KAKINADA,16.95,82.233,25.0,1013.4,
1982-02-06T06:00:00,43189099999,KAKINADA,16.95,82.233,29.4,1013.0,54.59
1982-02-06T12:00:00,43189099999,KAKINADA,16.95,82.233,27.0,1010.8,69.74
1982-02-06T15:00:00,43189099999,KAKINADA,16.95,82.233,25.8,1012.7,73.03
1982-02-06T18:00:00,43189099999,KAKINADA,16.95,82.233,24.6,1012.7,78.44
1982-02-06T21:00:00,43189099999,KAKINADA,16.95,82.233,23.0,,85.84
1982-02-07T00:00:00,43189099999,KAKINADA,16.95,82.233,22.2,1011.4,89.0
1982-02-07T06:00:00,43189099999,KAKINADA,16.95,82.233,28.8,1013.7,65.53
1982-02-07T09:00:00,43189099999,KAKINADA,16.95,82.233,29.2,1010.6,56.97
1982-02-07T12:00:00,43189099999,KAKINADA,16.95,82.233,27.5,1010.7,65.67
1982-02-07T15:00:00,43189099999,KAKINADA,16.95,82.233,25.0,,78.98
1982-02-07T21:00:00,43189099999,KAKINADA,16.95,82.233,22.4,1011.0,91.24
1982-02-08T03:00:00,43189099999,KAKINADA,16.95,82.233,,1013.6,
1982-02-08T12:00:00,43189099999,KAKINADA,16.95,82.233,27.5,1009.9,68.98
1982-02-08T15:00:00,43189099999,KAKINADA,16.95,82.233,25.0,1012.4,78.98
1982-02-08T18:00:00,43189099999,KAKINADA,16.95,82.233,24.4,1013.4,81.86
1982-02-08T21:00:00,43189099999,KAKINADA,16.95,82.233,23.0,1011.8,87.98
1982-02-09T00:00:00,43189099999,KAKINADA,16.95,82.233,,1012.3,
1982-02-09T06:00:00,43189099999,KAKINADA,16.95,82.233,28.8,1014.5,62.78
1982-02-09T12:00:00,43189099999,KAKINADA,16.95,82.233,29.6,1010.6,67.31
1982-02-09T15:00:00,43189099999,KAKINADA,16.95,82.233,25.5,1012.9,79.54
1982-02-09T18:00:00,43189099999,KAKINADA,16.95,82.233,24.5,1013.5,85.46
1982-02-09T21:00:00,43189099999,KAKINADA,16.95,82.233,23.6,1012.6,89.66
1982-02-10T00:00:00,43189099999,KAKINADA,16.95,82.233,22.6,1012.9,91.25
1982-02-10T03:00:00,43189099999,KAKINADA,16.95,82.233,25.4,1015.2,79.04
1982-02-10T06:00:00,43189099999,KAKINADA,16.95,82.233,,1014.6,
1982-02-10T09:00:00,43189099999,KAKINADA,16.95,82.233,32.8,1011.0,47.55
1982-02-10T12:00:00,43189099999,KAKINADA,16.95,82.233,29.0,1011.0,66.79
1982-02-10T15:00:00,43189099999,KAKINADA,16.95,82.233,25.5,1013.6,81.5
1982-02-10T18:00:00,43189099999,KAKINADA,16.95,82.233,24.2,1013.7,84.91
1982-02-10T21:00:00,43189099999,KAKINADA,16.95,82.233,23.2,1012.5,89.63
1982-02-11T00:00:00,43189099999,KAKINADA,16.95,82.233,22.6,1012.5,92.94
1982-02-11T06:00:00,43189099999,KAKINADA,16.95,82.233,28.5,1013.9,60.44
1982-02-11T09:00:00,43189099999,KAKINADA,16.95,82.233,29.5,1010.1,66.89
1982-02-11T12:00:00,43189099999,KAKINADA,16.95,82.233,28.0,1010.8,66.18
1982-02-11T15:00:00,43189099999,KAKINADA,16.95,82.233,25.2,1012.8,81.96
1982-02-11T18:00:00,43189099999,KAKINADA,16.95,82.233,23.6,1013.2,88.03
1982-02-11T21:00:00,43189099999,KAKINADA,16.95,82.233,23.4,1011.8,88.01
1982-02-12T00:00:00,43189099999,KAKINADA,16.95,82.233,22.5,1012.0,90.68
1982-02-12T03:00:00,43189099999,KAKINADA,16.95,82.233,25.2,1014.4,81.96
1982-02-12T06:00:00,43189099999,KAKINADA,16.95,82.233,28.2,1013.9,62.27
1982-02-12T09:00:00,43189099999,KAKINADA,16.95,82.233,30.5,1011.0,52.53
1982-02-12T12:00:00,43189099999,KAKINADA,16.95,82.233,28.0,1010.9,59.58
1982-02-12T15:00:00,43189099999,KAKINADA,16.95,82.233,25.0,1013.3,
1982-02-12T18:00:00,43189099999,KAKINADA,16.95,82.233,23.5,1012.5,85.36
1982-02-12T21:00:00,43189099999,KAKINADA,16.95,82.233,23.0,1011.4,85.84
1982-02-13T00:00:00,43189099999,KAKINADA,16.95,82.233,22.2,1011.6,89.0
1982-02-13T03:00:00,43189099999,KAKINADA,16.95,82.233,25.0,1014.1,80.45
1982-02-13T06:00:00,43189099999,KAKINADA,16.95,82.233,29.5,1014.2,54.95
1982-02-13T12:00:00,43189099999,KAKINADA,16.95,82.233,28.9,1011.4,61.28
1982-02-13T15:00:00,43189099999,KAKINADA,16.95,82.233,24.9,1012.9,79.45
1982-02-13T18:00:00,43189099999,KAKINADA,16.95,82.233,23.4,1013.2,86.4
1982-02-13T21:00:00,43189099999,KAKINADA,16.95,82.233,22.5,1012.0,88.48
1982-02-14T00:00:00,43189099999,KAKINADA,16.95,82.233,22.4,1012.1,87.38
1982-02-14T03:00:00,43189099999,KAKINADA,16.95,82.233,25.4,1014.2,80.5
1982-02-14T06:00:00,43189099999,KAKINADA,16.95,82.233,29.5,1014.0,61.41
1982-02-14T09:00:00,43189099999,KAKINADA,16.95,82.233,32.0,1010.9,54.56
1982-02-14T12:00:00,43189099999,KAKINADA,16.95,82.233,29.0,1010.6,66.79
1982-02-14T15:00:00,43189099999,KAKINADA,16.95,82.233,25.4,1012.5,81.99
1982-02-14T18:00:00,43189099999,KAKINADA,16.95,82.233,24.6,1013.1,83.41
1982-02-14T21:00:00,43189099999,KAKINADA,16.95,82.233,24.2,1011.2,84.91
1982-02-15T00:00:00,43189099999,KAKINADA,16.95,82.233,23.8,1011.7,88.04
1982-02-15T06:00:00,43189099999,KAKINADA,16.95,82.233,30.0,1013.0,63.81
1982-02-15T15:00:00,43189099999,KAKINADA,16.95,82.233,25.7,1011.9,82.02
1982-02-15T21:00:00,43189099999,KAKINADA,16.95,82.233,23.8,1011.8,88.04
1982-02-16T00:00:00,43189099999,KAKINADA,16.95,82.233,24.0,1011.8,91.34
1982-02-16T03:00:00,43189099999,KAKINADA,16.95,82.233,27.2,1013.9,75.54
1982-02-16T09:00:00,43189099999,KAKINADA,16.95,82.233,30.0,1010.1,61.15
1982-02-16T12:00:00,43189099999,KAKINADA,16.95,82.233,28.5,1009.9,59.69
1982-02-16T15:00:00,43189099999,KAKINADA,16.95,82.233,25.2,1011.4,80.47
1982-02-16T18:00:00,43189099999,KAKINADA,16.95,82.233,24.2,1011.7,84.91
1982-02-16T21:00:00,43189099999,KAKINADA,16.95,82.233,23.0,1010.8,85.84
1982-02-17T00:00:00,43189099999,KAKINADA,16.95,82.233,22.5,1011.0,88.48
1982-02-17T03:00:00,43189099999,KAKINADA,16.95,82.233,25.5,1013.6,81.5
1982-02-17T06:00:00,43189099999,KAKINADA,16.95,82.233,29.2,1014.0,60.6
1982-02-17T09:00:00,43189099999,KAKINADA,16.95,82.233,32.0,1011.1,50.99
1982-02-17T12:00:00,43189099999,KAKINADA,16.95,82.233,28.5,1011.1,63.49
1982-02-17T15:00:00,43189099999,KAKINADA,16.95,82.233,25.4,1013.3,80.01
1982-02-17T18:00:00,43189099999,KAKINADA,16.95,82.233,23.8,1013.2,84.87
1982-02-18T00:00:00,43189099999,KAKINADA,16.95,82.233,22.4,1011.6,91.24
1982-02-18T03:00:00,43189099999,KAKINADA,16.95,82.233,25.5,1013.9,78.57
1982-02-18T06:00:00,43189099999,KAKINADA,16.95,82.233,30.2,,57.56
1982-02-18T09:00:00,43189099999,KAKINADA,16.95,82.233,31.7,1011.5,47.26
1982-02-18T12:00:00,43189099999,KAKINADA,16.95,82.233,29.0,1011.1,56.57
1982-02-18T15:00:00,43189099999,KAKINADA,16.95,82.233,25.1,1012.7,78.51
1982-02-18T18:00:00,43189099999,KAKINADA,16.95,82.233,24.0,1013.0,83.34
1982-02-18T21:00:00,43189099999,KAKINADA,16.95,82.233,,1011.7,
1982-02-19T00:00:00,43189099999,KAKINADA,16.95,82.233,22.5,1012.3,86.32
1982-02-19T03:00:00,43189099999,KAKINADA,16.95,82.233,25.6,1015.1,77.63
1982-02-19T09:00:00,43189099999,KAKINADA,16.95,82.233,32.6,1011.1,48.39
1982-02-19T12:00:00,43189099999,KAKINADA,16.95,82.233,29.0,1011.0,66.79
1982-02-19T18:00:00,43189099999,KAKINADA,16.95,82.233,24.5,1014.8,83.4
1982-02-19T21:00:00,43189099999,KAKINADA,16.95,82.233,23.4,1013.1,88.01
1982-02-20T06:00:00,43189099999,KAKINADA,16.95,82.233,30.6,1016.2,61.66
1982-02-20T12:00:00,43189099999,KAKINADA,16.95,82.233,29.6,1012.2,66.1
1982-02-20T18:00:00,43189099999,KAKINADA,16.95,82.233,24.8,1015.0,86.54
1982-02-21T00:00:00,43189099999,KAKINADA,16.95,82.233,23.2,1012.8,89.63
1982-02-21T09:00:00,43189099999,KAKINADA,16.95,82.233,30.4,1012.3,59.03
1982-02-21T12:00:00,43189099999,KAKINADA,16.95,82.233,28.0,1012.0,70.35
1982-02-21T15:00:00,43189099999,KAKINADA,16.95,82.233,25.5,1014.4,79.05
1982-02-21T18:00:00,43189099999,KAKINADA,16.95,82.233,24.6,1014.7,83.41
1982-02-21T21:00:00,43189099999,KAKINADA,16.95,82.233,23.0,1012.5,91.27
1982-02-22T00:00:00,43189099999,KAKINADA,16.95,82.233,22.4,1012.2,91.24
1982-02-22T06:00:00,43189099999,KAKINADA,16.95,82.233,29.6,1013.9,57.06
1982-02-22T09:00:00,43189099999,KAKINADA,16.95,82.233,31.0,1011.2,
1982-02-22T12:00:00,43189099999,KAKINADA,16.95,82.233,29.6,1011.0,54.64
1982-02-22T15:00:00,43189099999,KAKINADA,16.95,82.233,25.5,1013.8,79.54
1982-02-22T18:00:00,43189099999,KAKINADA,16.95,82.233,24.6,1014.2,89.73
1982-02-22T21:00:00,43189099999,KAKINADA,16.95,82.233,23.4,1018.2,92.98
1982-02-23T00:00:00,43189099999,KAKINADA,16.95,82.233,22.3,1011.8,91.79
1982-02-23T03:00:00,43189099999,KAKINADA,16.95,82.233,25.3,1014.4,81.48
1982-02-23T06:00:00,43189099999,KAKINADA,16.95,82.233,30.5,1013.7,
1982-02-23T09:00:00,43189099999,KAKINADA,16.95,82.233,31.0,1010.6,53.65
1982-02-23T15:00:00,43189099999,KAKINADA,16.95,82.233,25.6,1012.6,87.14
1982-02-23T18:00:00,43189099999,KAKINADA,16.95,82.233,24.6,1012.4,86.52
1982-02-23T21:00:00,43189099999,KAKINADA,16.95,82.233,23.5,1011.0,88.56
1982-02-24T00:00:00,43189099999,KAKINADA,16.95,82.233,23.0,1011.4,89.61
1982-02-24T03:00:00,43189099999,KAKINADA,16.95,82.233,26.0,1013.8,80.58
1982-02-24T06:00:00,43189099999,KAKINADA,16.95,82.233,29.5,1014.6,62.93
1982-02-24T12:00:00,43189099999,KAKINADA,16.95,82.233,30.4,1009.7,51.86
1982-02-24T15:00:00,43189099999,KAKINADA,16.95,82.233,25.6,1012.0,80.04
1982-02-24T18:00:00,43189099999,KAKINADA,16.95,82.233,24.6,,84.95
1982-02-24T21:00:00,43189099999,KAKINADA,16.95,82.233,23.4,1011.8,90.19
1982-02-25T00:00:00,43189099999,KAKINADA,16.95,82.233,22.6,1012.0,90.69
1982-02-25T06:00:00,43189099999,KAKINADA,16.95,82.233,30.8,1013.7,60.59
1982-02-25T09:00:00,43189099999,KAKINADA,16.95,82.233,30.7,1010.5,60.2
1982-02-25T12:00:00,43189099999,KAKINADA,16.95,82.233,29.2,1010.5,63.26
1982-02-25T15:00:00,43189099999,KAKINADA,16.95,82.233,25.6,1012.9,79.07
1982-02-25T18:00:00,43189099999,KAKINADA,16.95,82.233,24.8,1013.7,86.54
1982-02-25T21:00:00,43189099999,KAKINADA,16.95,82.233,23.4,1012.8,89.64
1982-02-26T06:00:00,43189099999,KAKINADA,16.95,82.233,30.4,1014.1,61.61
1982-02-26T09:00:00,43189099999,KAKINADA,16.95,82.233,30.8,1010.9,55.61
1982-02-26T12:00:00,43189099999,KAKINADA,16.95,82.233,30.6,1010.8,49.7
1982-02-26T18:00:00,43189099999,KAKINADA,16.95,82.233,24.5,1014.0,86.51
1982-02-27T00:00:00,43189099999,KAKINADA,16.95,82.233,23.2,1013.1,91.29
1982-02-27T03:00:00,43189099999,KAKINADA,16.95,82.233,26.5,1015.3,78.71
1982-02-27T06:00:00,43189099999,KAKINADA,16.95,82.233,30.8,1014.4,53.6
1982-02-27T09:00:00,43189099999,KAKINADA,16.95,82.233,30.8,1011.5,66.74
1982-02-27T12:00:00,43189099999,KAKINADA,16.95,82.233,30.0,1011.3,61.15
1982-02-27T15:00:00,43189099999,KAKINADA,16.95,82.233,26.0,1013.0,90.37
1982-02-27T18:00:00,43189099999,KAKINADA,16.95,82.233,24.8,1013.1,88.13
1982-02-27T21:00:00,43189099999,KAKINADA,16.95,82.233,24.0,1012.1,91.34
1982-02-28T00:00:00,43189099999,KAKINADA,16.95,82.233,23.2,1013.2,89.63
1982-02-28T03:00:00,43189099999,KAKINADA,16.95,82.233,26.5,1015.1,78.71
1982-02-28T09:00:00,43189099999,KAKINADA,16.95,82.233,30.0,1011.6,67.39
1982-02-28T12:00:00,43189099999,KAKINADA,16.95,82.233,28.6,1011.6,69.19
1982-02-28T15:00:00,43189099999,KAKINADA,16.95,82.233,26.7,1013.3,78.74
1982-02-28T18:00:00,43189099999,KAKINADA,16.95,82.233,26.7,1013.3,78.74
1982-02-28T21:00:00,43189099999,KAKINADA,16.95,82.233,24.6,1011.3,86.52
1982-03-01T00:00:00,43189099999,KAKINADA,16.95,82.233,22.5,1011.5,95.24
1982-03-01T03:00:00,43189099999,KAKINADA,16.95,82.233,26.2,1013.4,82.58
1982-03-01T06:00:00,43189099999,KAKINADA,16.95,82.233,30.6,1013.2,63.94
1982-03-01T09:00:00,43189099999,KAKINADA,16.95,82.233,32.1,1010.3,58.0
1982-03-01T12:00:00,43189099999,KAKINADA,16.95,82.233,29.0,1009.9,72.26
1982-03-01T15:00:00,43189099999,KAKINADA,16.95,82.233,26.6,1011.9,82.63
1982-03-01T18:00:00,43189099999,KAKINADA,16.95,82.233,26.5,1012.3,81.63
1982-03-01T21:00:00,43189099999,KAKINADA,16.95,82.233,25.6,1010.9,85.05
1982-03-02T00:00:00,43189099999,KAKINADA,16.95,82.233,23.6,1010.9,89.66
1982-03-02T03:00:00,43189099999,KAKINADA,16.95,82.233,28.2,1013.3,71.68
1982-03-02T06:00:00,43189099999,KAKINADA,16.95,82.233,30.8,1013.6,58.05
1982-03-02T09:00:00,43189099999,KAKINADA,16.95,82.233,33.0,1011.2,39.47
1982-03-02T12:00:00,43189099999,KAKINADA,16.95,82.233,31.0,1010.7,44.77
1982-03-02T18:00:00,43189099999,KAKINADA,16.95,82.233,24.6,1013.3,84.95
1982-03-02T21:00:00,43189099999,KAKINADA,16.95,82.233,26.0,1012.8,79.12
1982-03-03T00:00:00,43189099999,KAKINADA,16.95,82.233,24.6,1013.9,83.41
1982-03-03T03:00:00,43189099999,KAKINADA,16.95,82.233,26.0,1016.7,79.12
1982-03-03T06:00:00,43189099999,KAKINADA,16.95,82.233,30.6,,61.66
1982-03-03T12:00:00,43189099999,KAKINADA,16.95,82.233,28.6,1012.9,66.7
1982-03-03T15:00:00,43189099999,KAKINADA,16.95,82.233,27.4,1014.8,71.1
1982-03-03T18:00:00,43189099999,KAKINADA,16.95,82.233,26.6,1014.6,76.37
1982-03-03T21:00:00,43189099999,KAKINADA,16.95,82.233,24.8,1013.3,84.97
1982-03-04T00:00:00,43189099999,KAKINADA,16.95,82.233,24.6,1013.7,84.95
1982-03-04T06:00:00,43189099999,KAKINADA,16.95,82.233,31.1,1014.2,53.34
1982-03-04T09:00:00,43189099999,KAKINADA,16.95,82.233,34.0,1011.1,44.74
1982-03-04T12:00:00,43189099999,KAKINADA,16.95,82.233,30.0,1010.5,58.58
1982-03-04T18:00:00,43189099999,KAKINADA,16.95,82.233,25.8,1012.9,80.55
1982-03-04T21:00:00,43189099999,KAKINADA,16.95,82.233,24.4,1011.3,83.38
1982-03-05T00:00:00,43189099999,KAKINADA,16.95,82.233,23.6,1011.5,89.66
1982-03-05T03:00:00,43189099999,KAKINADA,16.95,82.233,27.4,1014.4,76.95
1982-03-05T06:00:00,43189099999,KAKINADA,16.95,82.233,31.0,1013.5,59.54
1982-03-05T09:00:00,43189099999,KAKINADA,16.95,82.233,33.0,1010.3,47.61
1982-03-05T12:00:00,43189099999,KAKINADA,16.95,82.233,31.5,1009.8,56.82
1982-03-05T15:00:00,43189099999,KAKINADA,16.95,82.233,26.4,1011.4,76.34
1982-03-05T18:00:00,43189099999,KAKINADA,16.95,82.233,25.4,1011.3,83.5
1982-03-05T21:00:00,43189099999,KAKINADA,16.95,82.233,24.0,1009.7,86.46
1982-03-06T00:00:00,43189099999,KAKINADA,16.95,82.233,23.2,1009.9,89.63
1982-03-06T03:00:00,43189099999,KAKINADA,16.95,82.233,28.0,1011.9,72.96
1982-03-06T06:00:00,43189099999,KAKINADA,16.95,82.233,31.2,1011.5,52.71
1982-03-06T09:00:00,43189099999,KAKINADA,16.95,82.233,33.4,1008.1,48.01
1982-03-06T15:00:00,43189099999,KAKINADA,16.95,82.233,26.4,1010.7,79.66
1982-03-06T18:00:00,43189099999,KAKINADA,16.95,82.233,25.6,1011.5,83.52
1982-03-06T21:00:00,43189099999,KAKINADA,16.95,82.233,22.8,1010.4,95.84
1982-03-07T00:00:00,43189099999,KAKINADA,16.95,82.233,24.0,1010.3,86.46
1982-03-07T09:00:00,43189099999,KAKINADA,16.95,82.233,32.5,1009.3,49.88
1982-03-07T12:00:00,43189099999,KAKINADA,16.95,82.233,31.0,1008.9,62.12
1982-03-07T18:00:00,43189099999,KAKINADA,16.95,82.233,25.4,1012.1,83.5
1982-03-07T21:00:00,43189099999,KAKINADA,16.95,82.233,24.2,1010.9,88.08
1982-03-08T00:00:00,43189099999,KAKINADA,16.95,82.233,24.0,1011.3,89.69
1982-03-08T03:00:00,43189099999,KAKINADA,16.95,82.233,27.6,1014.2,75.6
1982-03-08T06:00:00,43189099999,KAKINADA,16.95,82.233,30.5,1014.1,64.7
1982-03-08T09:00:00,43189099999,KAKINADA,16.95,82.233,31.0,1010.9,
1982-03-08T12:00:00,43189099999,KAKINADA,16.95,82.233,30.0,1009.9,62.28
1982-03-08T18:00:00,43189099999,KAKINADA,16.95,82.233,26.6,1013.1,79.2
1982-03-09T00:00:00,43189099999,KAKINADA,16.95,82.233,24.6,1011.6,86.52
1982-03-09T03:00:00,43189099999,KAKINADA,16.95,82.233,28.4,1012.9,70.42
1982-03-09T06:00:00,43189099999,KAKINADA,16.95,82.233,32.0,1012.6,54.56
1982-03-09T09:00:00,43189099999,KAKINADA,16.95,82.233,31.2,1009.9,62.16
1982-03-09T12:00:00,43189099999,KAKINADA,16.95,82.233,29.2,1009.3,66.02
1982-03-09T18:00:00,43189099999,KAKINADA,16.95,82.233,26.6,1012.7,79.69
1982-03-09T21:00:00,43189099999,KAKINADA,16.95,82.233,25.8,1011.0,80.55
1982-03-10T00:00:00,43189099999,KAKINADA,16.95,82.233,24.4,1011.1,88.09
1982-03-10T03:00:00,43189099999,KAKINADA,16.95,82.233,28.5,1013.3,67.5
1982-03-10T06:00:00,43189099999,KAKINADA,16.95,82.233,31.2,1012.7,55.03
1982-03-10T09:00:00,43189099999,KAKINADA,16.95,82.233,31.5,1010.0,56.82
1982-03-10T12:00:00,43189099999,KAKINADA,16.95,82.233,30.4,1010.2,59.03
1982-03-10T15:00:00,43189099999,KAKINADA,16.95,82.233,26.6,1012.3,74.98
1982-03-10T18:00:00,43189099999,KAKINADA,16.95,82.233,25.6,1012.7,80.53
1982-03-11T00:00:00,43189099999,KAKINADA,16.95,82.233,23.8,1011.9,89.67
1982-03-11T03:00:00,43189099999,KAKINADA,16.95,82.233,27.6,1013.6,72.9
1982-03-11T06:00:00,43189099999,KAKINADA,16.95,82.233,30.0,1014.3,64.99
1982-03-11T09:00:00,43189099999,KAKINADA,16.95,82.233,31.0,1011.6,59.54
1982-03-11T12:00:00,43189099999,KAKINADA,16.95,82.233,29.0,1011.3,66.79
1982-03-11T15:00:00,43189099999,KAKINADA,16.95,82.233,27.0,1012.9,79.74
1982-03-11T18:00:00,43189099999,KAKINADA,16.95,82.233,26.7,1013.3,80.67
1982-03-11T21:00:00,43189099999,KAKINADA,16.95,82.233,24.9,1012.0,79.45
1982-03-12T00:00:00,43189099999,KAKINADA,16.95,82.233,24.0,1012.1,90.78
1982-03-12T03:00:00,43189099999,KAKINADA,16.95,82.233,27.8,1014.5,72.93
1982-03-12T06:00:00,43189099999,KAKINADA,16.95,82.233,31.2,1014.5,58.5
1982-03-12T09:00:00,43189099999,KAKINADA,16.95,82.233,31.6,1011.4,58.95
1982-03-12T12:00:00,43189099999,KAKINADA,16.95,82.233,31.0,1010.7,58.46
1982-03-12T15:00:00,43189099999,KAKINADA,16.95,82.233,27.0,1012.5,79.74
1982-03-12T18:00:00,43189099999,KAKINADA,16.95,82.233,25.4,1013.1,86.59
1982-03-13T00:00:00,43189099999,KAKINADA,16.95,82.233,24.2,1011.9,88.08
1982-03-13T03:00:00,43189099999,KAKINADA,16.95,82.233,27.5,1014.8,76.04
1982-03-13T06:00:00,43189099999,KAKINADA,16.95,82.233,31.5,1014.2,56.13
1982-03-13T09:00:00,43189099999,KAKINADA,16.95,82.233,34.6,1010.7,34.75
1982-03-13T12:00:00,43189099999,KAKINADA,16.95,82.233,30.8,1010.2,64.37
1982-03-13T15:00:00,43189099999,KAKINADA,16.95,82.233,27.5,1012.3,76.04
1982-03-13T18:00:00,43189099999,KAKINADA,16.95,82.233,26.8,1012.6,79.71
1982-03-13T21:00:00,43189099999,KAKINADA,16.95,82.233,25.5,1011.7,82.5
1982-03-14T03:00:00,43189099999,KAKINADA,16.95,82.233,28.2,1014.1,74.34
1982-03-14T09:00:00,43189099999,KAKINADA,16.95,82.233,31.6,1009.6,62.25
1982-03-14T12:00:00,43189099999,KAKINADA,16.95,82.233,29.4,1009.7,72.33
1982-03-14T18:00:00,43189099999,KAKINADA,16.95,82.233,27.6,1012.0,75.6
1982-03-15T03:00:00,43189099999,KAKINADA,16.95,82.233,28.0,1014.1,77.98
1982-03-15T06:00:00,43189099999,KAKINADA,16.95,82.233,32.4,1012.9,47.74
1982-03-15T09:00:00,43189099999,KAKINADA,16.95,82.233,33.1,1009.2,50.65
1982-03-15T12:00:00,43189099999,KAKINADA,16.95,82.233,31.2,1008.2,49.24
1982-03-15T15:00:00,43189099999,KAKINADA,16.95,82.233,27.6,1010.2,75.6
1982-03-15T18:00:00,43189099999,KAKINADA,16.95,82.233,26.8,1010.9,78.28
1982-03-15T21:00:00,43189099999,KAKINADA,16.95,82.233,26.0,1009.2,84.07
1982-03-16T00:00:00,43189099999,KAKINADA,16.95,82.233,24.8,1009.0,84.97
1982-03-16T03:00:00,43189099999,KAKINADA,16.95,82.233,28.3,1010.9,73.46
1982-03-16T06:00:00,43189099999,KAKINADA,16.95,82.233,31.6,1010.3,61.13
1982-03-16T09:00:00,43189099999,KAKINADA,16.95,82.233,31.6,1007.4,61.13
1982-03-16T12:00:00,43189099999,KAKINADA,16.95,82.233,30.6,1007.4,62.79
1982-03-16T15:00:00,43189099999,KAKINADA,16.95,82.233,27.5,1009.3,78.85
1982-03-16T18:00:00,43189099999,KAKINADA,16.95,82.233,27.0,1009.9,82.68
1982-03-16T21:00:00,43189099999,KAKINADA,16.95,82.233,26.5,1008.9,84.64
1982-03-17T00:00:00,43189099999,KAKINADA,16.95,82.233,25.2,1008.9,88.16
1982-03-17T03:00:00,43189099999,KAKINADA,16.95,82.233,28.5,1011.1,70.02
1982-03-17T06:00:00,43189099999,KAKINADA,16.95,82.233,31.8,1011.1,57.93
1982-03-17T09:00:00,43189099999,KAKINADA,16.95,82.233,33.5,1007.8,26.92
1982-03-17T12:00:00,43189099999,KAKINADA,16.95,82.233,30.2,1007.2,62.7
1982-03-17T15:00:00,43189099999,KAKINADA,16.95,82.233,26.5,1009.5,79.67
1982-03-17T18:00:00,43189099999,KAKINADA,16.95,82.233,25.8,1009.4,82.04
1982-03-17T21:00:00,43189099999,KAKINADA,16.95,82.233,25.0,1007.7,84.99
1982-03-18T00:00:00,43189099999,KAKINADA,16.95,82.233,24.6,1008.5,85.99
1982-03-18T03:00:00,43189099999,KAKINADA,16.95,82.233,28.4,1010.7,70.42
1982-03-18T06:00:00,43189099999,KAKINADA,16.95,82.233,31.4,1010.5,58.55
1982-03-18T09:00:00,43189099999,KAKINADA,16.95,82.233,33.4,1007.9,50.11
1982-03-18T12:00:00,43189099999,KAKINADA,16.95,82.233,30.5,1007.7,60.89
1982-03-18T15:00:00,43189099999,KAKINADA,16.95,82.233,26.8,1010.5,75.01
1982-03-18T18:00:00,43189099999,KAKINADA,16.95,82.233,26.8,1010.8,75.93
1982-03-18T21:00:00,43189099999,KAKINADA,16.95,82.233,24.6,1009.3,81.89
1982-03-19T00:00:00,43189099999,KAKINADA,16.95,82.233,23.8,1009.1,88.04
1982-03-19T03:00:00,43189099999,KAKINADA,16.95,82.233,27.1,1011.9,75.06
1982-03-19T06:00:00,43189099999,KAKINADA,16.95,82.233,32.0,1010.9,
1982-03-19T09:00:00,43189099999,KAKINADA,16.95,82.233,31.4,1007.9,58.55
1982-03-19T12:00:00,43189099999,KAKINADA,16.95,82.233,30.4,1007.5,62.75
1982-03-19T15:00:00,43189099999,KAKINADA,16.95,82.233,26.6,1009.7,78.25
1982-03-19T21:00:00,43189099999,KAKINADA,16.95,82.233,25.0,1009.6,83.45
1982-03-20T00:00:00,43189099999,KAKINADA,16.95,82.233,24.2,1010.2,86.48
1982-03-20T03:00:00,43189099999,KAKINADA,16.95,82.233,27.6,1012.2,72.9
1982-03-20T06:00:00,43189099999,KAKINADA,16.95,82.233,32.2,1011.4,52.32
1982-03-20T09:00:00,43189099999,KAKINADA,16.95,82.233,31.4,1008.2,62.21
1982-03-20T18:00:00,43189099999,KAKINADA,16.95,82.233,25.4,1010.7,83.5
1982-03-20T21:00:00,43189099999,KAKINADA,16.95,82.233,25.4,1009.5,85.03
1982-03-21T00:00:00,43189099999,KAKINADA,16.95,82.233,24.4,1010.5,89.71
1982-03-21T06:00:00,43189099999,KAKINADA,16.95,82.233,31.6,1012.0,60.03
1982-03-21T09:00:00,43189099999,KAKINADA,16.95,82.233,32.6,1008.8,54.04
1982-03-21T12:00:00,43189099999,KAKINADA,16.95,82.233,31.2,1008.2,52.71
1982-03-21T18:00:00,43189099999,KAKINADA,16.95,82.233,25.6,1011.3,85.05
1982-03-22T00:00:00,43189099999,KAKINADA,16.95,82.233,24.2,1010.5,89.7
1982-03-22T06:00:00,43189099999,KAKINADA,16.95,82.233,32.4,,54.65
1982-03-22T12:00:00,43189099999,KAKINADA,16.95,82.233,31.6,1007.2,62.25
1982-03-22T15:00:00,43189099999,KAKINADA,16.95,82.233,27.0,1009.7,76.89
1982-03-22T18:00:00,43189099999,KAKINADA,16.95,82.233,25.8,1010.6,84.05
1982-03-22T21:00:00,43189099999,KAKINADA,16.95,82.233,25.0,1009.2,76.59
1982-03-23T00:00:00,43189099999,KAKINADA,16.95,82.233,25.0,1009.8,91.4
1982-03-23T03:00:00,43189099999,KAKINADA,16.95,82.233,27.5,1012.1,78.85
1982-03-23T06:00:00,43189099999,KAKINADA,16.95,82.233,32.0,1012.3,55.56
1982-03-23T09:00:00,43189099999,KAKINADA,16.95,82.233,35.0,1009.1,43.64
1982-03-23T12:00:00,43189099999,KAKINADA,16.95,82.233,32.6,1008.4,51.78
1982-03-23T15:00:00,43189099999,KAKINADA,16.95,82.233,27.4,1010.3,79.79
1982-03-23T18:00:00,43189099999,KAKINADA,16.95,82.233,26.0,1010.8,88.76
1982-03-23T21:00:00,43189099999,KAKINADA,16.95,82.233,25.4,1009.4,90.33
1982-03-24T00:00:00,43189099999,KAKINADA,16.95,82.233,25.0,1010.3,91.4
1982-03-24T06:00:00,43189099999,KAKINADA,16.95,82.233,32.6,1011.4,54.04
1982-03-24T09:00:00,43189099999,KAKINADA,16.95,82.233,32.6,1011.4,54.04
1982-03-24T12:00:00,43189099999,KAKINADA,16.95,82.233,31.8,1007.6,52.22
1982-03-24T15:00:00,43189099999,KAKINADA,16.95,82.233,28.0,1009.8,76.58
1982-03-24T18:00:00,43189099999,KAKINADA,16.95,82.233,26.7,1010.0,84.15
1982-03-24T21:00:00,43189099999,KAKINADA,16.95,82.233,25.7,1008.8,89.27
1982-03-25T00:00:00,43189099999,KAKINADA,16.95,82.233,25.0,1009.8,91.4
1982-03-25T03:00:00,43189099999,KAKINADA,16.95,82.233,,1011.5,
1982-03-25T06:00:00,43189099999,KAKINADA,16.95,82.233,32.6,1011.3,50.52
1982-03-25T12:00:00,43189099999,KAKINADA,16.95,82.233,31.5,1007.6,59.65
1982-03-25T15:00:00,43189099999,KAKINADA,16.95,82.233,27.2,1009.3,78.33
1982-03-25T18:00:00,43189099999,KAKINADA,16.95,82.233,25.8,1010.1,88.21
1982-03-25T21:00:00,43189099999,KAKINADA,16.95,82.233,24.8,1007.9,88.13
1982-03-26T00:00:00,43189099999,KAKINADA,16.95,82.233,25.0,1008.8,86.56
1982-03-26T03:00:00,43189099999,KAKINADA,16.95,82.233,28.4,1010.9,74.82
1982-03-26T06:00:00,43189099999,KAKINADA,16.95,82.233,32.6,1010.4,51.78
1982-03-26T09:00:00,43189099999,KAKINADA,16.95,82.233,32.4,1007.4,62.8
1982-03-26T12:00:00,43189099999,KAKINADA,16.95,82.233,31.4,1006.7,59.99
1982-03-26T18:00:00,43189099999,KAKINADA,16.95,82.233,26.8,1010.4,81.17
1982-03-27T00:00:00,43189099999,KAKINADA,16.95,82.233,26.0,1010.5,84.07
1982-03-27T03:00:00,43189099999,KAKINADA,16.95,82.233,29.5,1013.0,67.7
1982-03-27T06:00:00,43189099999,KAKINADA,16.95,82.233,32.2,1012.3,55.95
1982-03-27T09:00:00,43189099999,KAKINADA,16.95,82.233,32.6,1008.8,56.05
1982-03-27T15:00:00,43189099999,KAKINADA,16.95,82.233,28.2,1010.9,76.15
1982-03-27T18:00:00,43189099999,KAKINADA,16.95,82.233,27.4,1011.1,76.95
1982-03-27T21:00:00,43189099999,KAKINADA,16.95,82.233,26.8,1009.9,75.47
1982-03-28T00:00:00,43189099999,KAKINADA,16.95,82.233,25.6,1010.4,92.54
1982-03-28T03:00:00,43189099999,KAKINADA,16.95,82.233,29.6,1013.1,71.07
1982-03-28T06:00:00,43189099999,KAKINADA,16.95,82.233,32.0,1012.9,57.98
1982-03-28T09:00:00,43189099999,KAKINADA,16.95,82.233,31.8,1009.9,57.93
1982-03-28T12:00:00,43189099999,KAKINADA,16.95,82.233,29.6,1009.2,68.54
1982-03-28T15:00:00,43189099999,KAKINADA,16.95,82.233,28.0,1011.7,75.66
1982-03-28T18:00:00,43189099999,KAKINADA,16.95,82.233,28.0,1012.3,75.66
1982-03-28T21:00:00,43189099999,KAKINADA,16.95,82.233,26.0,1011.6,82.56
1982-03-29T00:00:00,43189099999,KAKINADA,16.95,82.233,25.2,1011.9,85.01
1982-03-29T03:00:00,43189099999,KAKINADA,16.95,82.233,29.0,1014.7,72.26
1982-03-29T06:00:00,43189099999,KAKINADA,16.95,82.233,32.0,1013.9,60.13
1982-03-29T09:00:00,43189099999,KAKINADA,16.95,82.233,32.6,1010.3,57.42
1982-03-29T15:00:00,43189099999,KAKINADA,16.95,82.233,28.2,1012.2,77.54
1982-03-29T21:00:00,43189099999,KAKINADA,16.95,82.233,26.7,1012.2,81.65
1982-03-30T00:00:00,43189099999,KAKINADA,16.95,82.233,26.2,,38.86
1982-03-30T12:00:00,43189099999,KAKINADA,16.95,82.233,32.0,1009.1,59.04
1982-03-30T15:00:00,43189099999,KAKINADA,16.95,82.233,28.4,1011.2,77.57
1982-03-30T18:00:00,43189099999,KAKINADA,16.95,82.233,27.2,,82.2
1982-03-30T21:00:00,43189099999,KAKINADA,16.95,82.233,26.8,1009.7,84.16
1982-03-31T00:00:00,43189099999,KAKINADA,16.95,82.233,25.9,1009.9,86.64
1982-03-31T03:00:00,43189099999,KAKINADA,16.95,82.233,28.8,1011.6,77.63
1982-03-31T09:00:00,43189099999,KAKINADA,16.95,82.233,37.0,1006.4,32.64
1982-03-31T15:00:00,43189099999,KAKINADA,16.95,82.233,28.6,1007.3,76.21
1982-03-31T18:00:00,43189099999,KAKINADA,16.95,82.233,27.6,1007.4,78.39
1982-03-31T21:00:00,43189099999,KAKINADA,16.95,82.233,26.4,1006.0,86.17
1982-04-01T00:00:00,43189099999,KAKINADA,16.95,82.233,26.2,1006.4,82.58
1982-04-01T03:00:00,43189099999,KAKINADA,16.95,82.233,29.2,1008.6,77.68
1982-04-01T06:00:00,43189099999,KAKINADA,16.95,82.233,34.4,1007.8,54.15
1982-04-01T09:00:00,43189099999,KAKINADA,16.95,82.233,36.2,1004.2,48.73
1982-04-01T12:00:00,43189099999,KAKINADA,16.95,82.233,31.2,1004.0,70.93
1982-04-01T15:00:00,43189099999,KAKINADA,16.95,82.233,29.0,1006.2,80.48
1982-04-01T18:00:00,43189099999,KAKINADA,16.95,82.233,28.5,1007.1,83.84
1982-04-01T21:00:00,43189099999,KAKINADA,16.95,82.233,27.6,1005.9,87.31
1982-04-02T00:00:00,43189099999,KAKINADA,16.95,82.233,27.4,1006.2,87.3
1982-04-02T03:00:00,43189099999,KAKINADA,16.95,82.233,29.4,1009.1,80.54
1982-04-02T06:00:00,43189099999,KAKINADA,16.95,82.233,35.5,1007.7,48.84
1982-04-02T12:00:00,43189099999,KAKINADA,16.95,82.233,32.4,1004.8,70.31
1982-04-02T15:00:00,43189099999,KAKINADA,16.95,82.233,29.2,1006.5,86.43
1982-04-02T18:00:00,43189099999,KAKINADA,16.95,82.233,29.2,1007.6,84.92
1982-04-03T00:00:00,43189099999,KAKINADA,16.95,82.233,28.0,1006.9,92.12
1982-04-03T03:00:00,43189099999,KAKINADA,16.95,82.233,30.4,1009.6,75.59
1982-04-03T06:00:00,43189099999,KAKINADA,16.95,82.233,35.4,,55.05
1982-04-03T09:00:00,43189099999,KAKINADA,16.95,82.233,36.2,1005.6,56.9
1982-04-03T18:00:00,43189099999,KAKINADA,16.95,82.233,29.2,1008.6,86.43
1982-04-03T21:00:00,43189099999,KAKINADA,16.95,82.233,28.8,1007.1,89.5
1982-04-04T00:00:00,43189099999,KAKINADA,16.95,82.233,28.2,1007.0,90.52
1982-04-04T03:00:00,43189099999,KAKINADA,16.95,82.233,30.6,1009.2,79.75
1982-04-04T06:00:00,43189099999,KAKINADA,16.95,82.233,33.4,1008.6,70.91
1982-04-04T09:00:00,43189099999,KAKINADA,16.95,82.233,38.0,1005.2,50.97
1982-04-04T18:00:00,43189099999,KAKINADA,16.95,82.233,29.6,1008.2,82.0
1982-04-04T21:00:00,43189099999,KAKINADA,16.95,82.233,29.4,1006.9,81.98
1982-04-05T00:00:00,43189099999,KAKINADA,16.95,82.233,29.0,1008.7,83.4
1982-04-05T03:00:00,43189099999,KAKINADA,16.95,82.233,31.6,1011.0,68.52
1982-04-05T06:00:00,43189099999,KAKINADA,16.95,82.233,35.4,1010.2,50.32
1982-04-05T12:00:00,43189099999,KAKINADA,16.95,82.233,32.9,1007.5,59.25
1982-04-05T15:00:00,43189099999,KAKINADA,16.95,82.233,29.2,1009.8,83.42
1982-04-05T18:00:00,43189099999,KAKINADA,16.95,82.233,29.0,1010.3,84.9
1982-04-06T00:00:00,43189099999,KAKINADA,16.95,82.233,27.0,1010.2,87.26
1982-04-06T03:00:00,43189099999,KAKINADA,16.95,82.233,30.0,1013.2,74.18
1982-04-06T06:00:00,43189099999,KAKINADA,16.95,82.233,32.4,1013.5,67.86
1982-04-06T12:00:00,43189099999,KAKINADA,16.95,82.233,31.6,1010.4,62.25
1982-04-06T15:00:00,43189099999,KAKINADA,16.95,82.233,29.0,1013.0,77.66
1982-04-06T18:00:00,43189099999,KAKINADA,16.95,82.233,27.0,1013.1,86.22
1982-04-07T00:00:00,43189099999,KAKINADA,16.95,82.233,26.8,1013.3,85.69
1982-04-07T06:00:00,43189099999,KAKINADA,16.95,82.233,34.0,1015.0,48.75
1982-04-07T09:00:00,43189099999,KAKINADA,16.95,82.233,35.5,1011.5,44.86
1982-04-07T15:00:00,43189099999,KAKINADA,16.95,82.233,28.4,1012.5,70.42
1982-04-07T18:00:00,43189099999,KAKINADA,16.95,82.233,26.6,1013.0,82.63
1982-04-07T21:00:00,43189099999,KAKINADA,16.95,82.233,25.0,1011.2,91.4
1982-04-08T00:00:00,43189099999,KAKINADA,16.95,82.233,24.8,1011.5,93.06
1982-04-08T03:00:00,43189099999,KAKINADA,16.95,82.233,28.5,1013.3,80.9
1982-04-08T06:00:00,43189099999,KAKINADA,16.95,82.233,33.5,1012.8,53.28
1982-04-08T09:00:00,43189099999,KAKINADA,16.95,82.233,37.2,1009.2,35.9
1982-04-08T15:00:00,43189099999,KAKINADA,16.95,82.233,28.5,1010.8,79.94
1982-04-08T18:00:00,43189099999,KAKINADA,16.95,82.233,27.6,1011.9,84.25
1982-04-09T00:00:00,43189099999,KAKINADA,16.95,82.233,26.5,1010.1,87.74
1982-04-09T03:00:00,43189099999,KAKINADA,16.95,82.233,29.0,1012.3,77.66
1982-04-09T06:00:00,43189099999,KAKINADA,16.95,82.233,33.6,1011.2,51.4
1982-04-09T09:00:00,43189099999,KAKINADA,16.95,82.233,37.0,1007.5,40.07
1982-04-09T12:00:00,43189099999,KAKINADA,16.95,82.233,32.2,1007.4,65.05
1982-04-09T15:00:00,43189099999,KAKINADA,16.95,82.233,28.6,1008.4,80.43
1982-04-09T18:00:00,43189099999,KAKINADA,16.95,82.233,28.0,1010.1,84.79
1982-04-09T21:00:00,43189099999,KAKINADA,16.95,82.233,27.6,1008.5,87.31
1982-04-10T00:00:00,43189099999,KAKINADA,16.95,82.233,27.0,1009.9,87.26
1982-04-10T03:00:00,43189099999,KAKINADA,16.95,82.233,29.4,1012.2,74.98
1982-04-10T06:00:00,43189099999,KAKINADA,16.95,82.233,33.5,1011.6,60.82
1982-04-10T12:00:00,43189099999,KAKINADA,16.95,82.233,31.5,1008.3,59.65
1982-04-10T15:00:00,43189099999,KAKINADA,16.95,82.233,28.5,1010.6,77.12
1982-04-10T18:00:00,43189099999,KAKINADA,16.95,82.233,27.4,1011.4,81.25
1982-04-10T21:00:00,43189099999,KAKINADA,16.95,82.233,26.6,1009.6,85.67
1982-04-11T00:00:00,43189099999,KAKINADA,16.95,82.233,25.6,1018.3,88.73
1982-04-11T06:00:00,43189099999,KAKINADA,16.95,82.233,33.5,1011.9,47.74
1982-04-11T09:00:00,43189099999,KAKINADA,16.95,82.233,36.5,1008.8,38.01
1982-04-11T12:00:00,43189099999,KAKINADA,16.95,82.233,32.0,1008.6,59.04
1982-04-11T15:00:00,43189099999,KAKINADA,16.95,82.233,28.1,1010.0,77.99
1982-04-11T18:00:00,43189099999,KAKINADA,16.95,82.233,27.2,1011.4,84.2
1982-04-11T21:00:00,43189099999,KAKINADA,16.95,82.233,25.6,1010.3,88.73
1982-04-12T00:00:00,43189099999,KAKINADA,16.95,82.233,25.1,1010.0,91.41
1982-04-12T03:00:00,43189099999,KAKINADA,16.95,82.233,29.2,1013.6,73.61
1982-04-12T09:00:00,43189099999,KAKINADA,16.95,82.233,33.8,1008.6,57.02
1982-04-12T12:00:00,43189099999,KAKINADA,16.95,82.233,32.4,1007.5,58.43
1982-04-12T15:00:00,43189099999,KAKINADA,16.95,82.233,28.2,1009.9,77.54
1982-04-12T18:00:00,43189099999,KAKINADA,16.95,82.233,27.0,1010.5,84.18
1982-04-12T21:00:00,43189099999,KAKINADA,16.95,82.233,26.0,1009.0,87.17
1982-04-13T00:00:00,43189099999,KAKINADA,16.95,82.233,25.9,1009.5,89.82
1982-04-13T03:00:00,43189099999,KAKINADA,16.95,82.233,28.6,1011.3,76.21
1982-04-13T06:00:00,43189099999,KAKINADA,16.95,82.233,33.4,1010.2,48.01
1982-04-13T09:00:00,43189099999,KAKINADA,16.95,82.233,34.6,1006.6,55.52
1982-04-13T12:00:00,43189099999,KAKINADA,16.95,82.233,32.0,1006.3,60.13
1982-04-13T18:00:00,43189099999,KAKINADA,16.95,82.233,27.4,1010.1,81.74
1982-04-13T21:00:00,43189099999,KAKINADA,16.95,82.233,26.0,1009.0,87.17
1982-04-14T00:00:00,43189099999,KAKINADA,16.95,82.233,26.0,1009.7,87.17
1982-04-14T03:00:00,43189099999,KAKINADA,16.95,82.233,30.1,1011.0,67.01
1982-04-14T09:00:00,43189099999,KAKINADA,16.95,82.233,35.1,1007.8,41.31
1982-04-14T12:00:00,43189099999,KAKINADA,16.95,82.233,30.8,1008.1,60.59
1982-04-14T15:00:00,43189099999,KAKINADA,16.95,82.233,28.0,1010.0,72.96
1982-04-14T18:00:00,43189099999,KAKINADA,16.95,82.233,27.2,1010.5,75.54
1982-04-15T00:00:00,43189099999,KAKINADA,16.95,82.233,25.6,1009.0,82.01
1982-04-15T03:00:00,43189099999,KAKINADA,16.95,82.233,29.2,1010.3,68.88
1982-04-15T06:00:00,43189099999,KAKINADA,16.95,82.233,33.4,1009.8,48.01
1982-04-15T09:00:00,43189099999,KAKINADA,16.95,82.233,36.5,1006.3,40.93
1982-04-15T12:00:00,43189099999,KAKINADA,16.95,82.233,,1006.1,
1982-04-15T15:00:00,43189099999,KAKINADA,16.95,82.233,28.7,1008.0,75.32
1982-04-15T18:00:00,43189099999,KAKINADA,16.95,82.233,27.8,1009.0,79.85
1982-04-16T00:00:00,43189099999,KAKINADA,16.95,82.233,26.6,1007.5,84.14
1982-04-16T06:00:00,43189099999,KAKINADA,16.95,82.233,34.6,1008.9,49.21
1982-04-16T09:00:00,43189099999,KAKINADA,16.95,82.233,34.6,1006.0,48.32
1982-04-16T12:00:00,43189099999,KAKINADA,16.95,82.233,28.8,1007.3,63.95
1982-04-16T15:00:00,43189099999,KAKINADA,16.95,82.233,28.0,1008.7,62.22
1982-04-16T18:00:00,43189099999,KAKINADA,16.95,82.233,26.7,1008.1,45.04
1982-04-16T21:00:00,43189099999,KAKINADA,16.95,82.233,26.0,1005.5,71.73
1982-04-17T00:00:00,43189099999,KAKINADA,16.95,82.233,27.1,1006.8,87.79
1982-04-17T03:00:00,43189099999,KAKINADA,16.95,82.233,29.5,1008.9,70.2
1982-04-17T05:00:00,43189099999,KAKINADA,16.95,82.233,33.4,1007.1,55.57
1982-04-17T06:00:00,43189099999,KAKINADA,16.95,82.233,33.4,1007.1,55.57
1982-04-17T09:00:00,43189099999,KAKINADA,16.95,82.233,36.1,1004.1,46.97
1982-04-17T15:00:00,43189099999,KAKINADA,16.95,82.233,29.5,1006.5,75.9
1982-04-17T18:00:00,43189099999,KAKINADA,16.95,82.233,28.7,1006.0,83.86
1982-04-17T21:00:00,43189099999,KAKINADA,16.95,82.233,29.0,1005.4,80.48
1982-04-18T00:00:00,43189099999,KAKINADA,16.95,82.233,24.4,1007.3,91.36
1982-04-18T06:00:00,43189099999,KAKINADA,16.95,82.233,32.8,1008.8,56.44
1982-04-18T09:00:00,43189099999,KAKINADA,16.95,82.233,32.8,1005.5,63.26
1982-04-18T12:00:00,43189099999,KAKINADA,16.95,82.233,33.0,1003.9,55.47
1982-04-18T15:00:00,43189099999,KAKINADA,16.95,82.233,29.2,1006.5,76.76
1982-04-18T18:00:00,43189099999,KAKINADA,16.95,82.233,28.4,1007.1,80.41
1982-04-19T00:00:00,43189099999,KAKINADA,16.95,82.233,27.0,1007.4,87.26
1982-04-19T03:00:00,43189099999,KAKINADA,16.95,82.233,30.4,1009.4,71.64
1982-04-19T12:00:00,43189099999,KAKINADA,16.95,82.233,32.6,1005.2,56.05
1982-04-19T15:00:00,43189099999,KAKINADA,16.95,82.233,29.6,1006.9,74.12
1982-04-19T18:00:00,43189099999,KAKINADA,16.95,82.233,28.4,1007.3,81.86
1982-04-19T21:00:00,43189099999,KAKINADA,16.95,82.233,26.6,1005.9,79.69
1982-04-20T00:00:00,43189099999,KAKINADA,16.95,82.233,26.2,1006.4,82.58
1982-04-20T09:00:00,43189099999,KAKINADA,16.95,82.233,25.6,1005.7,85.05
1982-04-20T12:00:00,43189099999,KAKINADA,16.95,82.233,32.3,1003.0,63.54
1982-04-20T18:00:00,43189099999,KAKINADA,16.95,82.233,28.8,1010.2,81.91
1982-04-21T00:00:00,43189099999,KAKINADA,16.95,82.233,25.6,1010.3,85.05
1982-04-21T03:00:00,43189099999,KAKINADA,16.95,82.233,29.4,1011.7,74.98
1982-04-21T06:00:00,43189099999,KAKINADA,16.95,82.233,32.6,1011.5,66.7
1982-04-21T09:00:00,43189099999,KAKINADA,16.95,82.233,35.6,1008.2,52.22
1982-04-21T12:00:00,43189099999,KAKINADA,16.95,82.233,32.2,1007.4,65.05
1982-04-21T15:00:00,43189099999,KAKINADA,16.95,82.233,29.3,1010.1,66.04
1982-04-21T21:00:00,43189099999,KAKINADA,16.95,82.233,27.0,1009.8,63.96
1982-04-22T03:00:00,43189099999,KAKINADA,16.95,82.233,29.8,1010.7,61.1
1982-04-22T06:00:00,43189099999,KAKINADA,16.95,82.233,35.0,1010.2,39.77
1982-04-22T09:00:00,43189099999,KAKINADA,16.95,82.233,35.2,1007.0,50.88
1982-04-22T12:00:00,43189099999,KAKINADA,16.95,82.233,,1006.5,
1982-04-22T18:00:00,43189099999,KAKINADA,16.95,82.233,29.0,1009.4,80.48
1982-04-23T00:00:00,43189099999,KAKINADA,16.95,82.233,27.6,,87.31
1982-04-23T03:00:00,43189099999,KAKINADA,16.95,82.233,30.0,1010.5,76.88
1982-04-23T06:00:00,43189099999,KAKINADA,16.95,82.233,34.8,1009.0,56.91
1982-04-23T09:00:00,43189099999,KAKINADA,16.95,82.233,37.2,1006.0,46.69
1982-04-23T15:00:00,43189099999,KAKINADA,16.95,82.233,26.2,1008.8,66.22
1982-04-23T18:00:00,43189099999,KAKINADA,16.95,82.233,26.4,1008.5,66.26
1982-04-23T21:00:00,43189099999,KAKINADA,16.95,82.233,25.8,1006.5,73.03
1982-04-24T00:00:00,43189099999,KAKINADA,16.95,82.233,25.2,1007.3,77.57
1982-04-24T03:00:00,43189099999,KAKINADA,16.95,82.233,29.6,1009.4,74.12
1982-04-24T06:00:00,43189099999,KAKINADA,16.95,82.233,35.0,1008.1,50.52
1982-04-24T09:00:00,43189099999,KAKINADA,16.95,82.233,38.7,1004.6,34.99
1982-04-24T12:00:00,43189099999,KAKINADA,16.95,82.233,33.9,1003.7,53.38
1982-04-24T15:00:00,43189099999,KAKINADA,16.95,82.233,30.4,1005.6,69.11
1982-04-24T18:00:00,43189099999,KAKINADA,16.95,82.233,29.4,1006.6,78.18
1982-04-24T21:00:00,43189099999,KAKINADA,16.95,82.233,27.6,1005.8,87.31
1982-04-25T00:00:00,43189099999,KAKINADA,16.95,82.233,27.0,1006.6,84.18
1982-04-25T06:00:00,43189099999,KAKINADA,16.95,82.233,34.6,1007.0,51.03
1982-04-25T09:00:00,43189099999,KAKINADA,16.95,82.233,38.6,1004.2,33.9
1982-04-25T15:00:00,43189099999,KAKINADA,16.95,82.233,29.4,1005.5,79.11
1982-04-25T18:00:00,43189099999,KAKINADA,16.95,82.233,29.2,1006.7,79.09
1982-04-25T21:00:00,43189099999,KAKINADA,16.95,82.233,28.1,1004.8,82.31
1982-04-26T00:00:00,43189099999,KAKINADA,16.95,82.233,28.2,1006.5,81.83
1982-04-26T03:00:00,43189099999,KAKINADA,16.95,82.233,30.0,1008.7,76.88
1982-04-26T06:00:00,43189099999,KAKINADA,16.95,82.233,32.2,1008.7,67.82
1982-04-26T09:00:00,43189099999,KAKINADA,16.95,82.233,34.0,1005.8,63.89
1982-04-26T12:00:00,43189099999,KAKINADA,16.95,82.233,31.6,1004.8,61.13
1982-04-26T15:00:00,43189099999,KAKINADA,16.95,82.233,,1007.1,
1982-04-26T18:00:00,43189099999,KAKINADA,16.95,82.233,29.0,1007.4,83.4
1982-04-26T21:00:00,43189099999,KAKINADA,16.95,82.233,28.0,1006.5,87.35
1982-04-27T00:00:00,43189099999,KAKINADA,16.95,82.233,28.0,1007.2,80.35
1982-04-27T03:00:00,43189099999,KAKINADA,16.95,82.233,31.0,1008.7,72.17
1982-04-27T06:00:00,43189099999,KAKINADA,16.95,82.233,35.2,1008.7,46.74
1982-04-27T09:00:00,43189099999,KAKINADA,16.95,82.233,36.2,1005.6,46.71
1982-04-27T12:00:00,43189099999,KAKINADA,16.95,82.233,33.0,1006.1,56.48
1982-04-27T15:00:00,43189099999,KAKINADA,16.95,82.233,29.2,1007.5,76.3
1982-04-27T18:00:00,43189099999,KAKINADA,16.95,82.233,28.1,1008.1,82.81
1982-04-27T21:00:00,43189099999,KAKINADA,16.95,82.233,26.2,1006.7,82.58
1982-04-28T00:00:00,43189099999,KAKINADA,16.95,82.233,25.8,1007.8,80.55
1982-04-28T03:00:00,43189099999,KAKINADA,16.95,82.233,26.2,1008.0,98.24
1982-04-28T06:00:00,43189099999,KAKINADA,16.95,82.233,34.6,1008.7,51.34
1982-04-28T09:00:00,43189099999,KAKINADA,16.95,82.233,33.4,1006.6,61.17
1982-04-28T12:00:00,43189099999,KAKINADA,16.95,82.233,32.0,1006.7,63.85
1982-04-28T15:00:00,43189099999,KAKINADA,16.95,82.233,29.0,1008.9,64.78
1982-04-28T18:00:00,43189099999,KAKINADA,16.95,82.233,29.0,1009.3,77.66
1982-04-28T21:00:00,43189099999,KAKINADA,16.95,82.233,28.6,1008.1,80.43
1982-04-29T00:00:00,43189099999,KAKINADA,16.95,82.233,28.4,1009.0,81.86
1982-04-29T03:00:00,43189099999,KAKINADA,16.95,82.233,30.8,1011.5,69.19
1982-04-29T06:00:00,43189099999,KAKINADA,16.95,82.233,33.8,1011.1,52.72
1982-04-29T09:00:00,43189099999,KAKINADA,16.95,82.233,33.0,1008.5,57.52
1982-04-29T12:00:00,43189099999,KAKINADA,16.95,82.233,31.0,1008.0,66.78
1982-04-29T15:00:00,43189099999,KAKINADA,16.95,82.233,29.4,1010.2,77.71
1982-04-29T18:00:00,43189099999,KAKINADA,16.95,82.233,28.5,,80.9
1982-04-29T21:00:00,43189099999,KAKINADA,16.95,82.233,28.0,1008.4,84.79
1982-04-30T00:00:00,43189099999,KAKINADA,16.95,82.233,27.4,1008.7,81.25
1982-04-30T06:00:00,43189099999,KAKINADA,16.95,82.233,33.2,1010.4,64.49
1982-04-30T09:00:00,43189099999,KAKINADA,16.95,82.233,32.9,1007.7,61.06
1982-04-30T12:00:00,43189099999,KAKINADA,16.95,82.233,31.5,1007.1,65.69
1982-04-30T15:00:00,43189099999,KAKINADA,16.95,82.233,31.5,1007.1,65.69
1982-04-30T18:00:00,43189099999,KAKINADA,16.95,82.233,29.8,1010.1,78.23
1982-04-30T21:00:00,43189099999,KAKINADA,16.95,82.233,29.4,1007.7,78.64
1982-05-01T00:00:00,43189099999,KAKINADA,16.95,82.233,29.0,1008.5,84.9
1982-05-01T03:00:00,43189099999,KAKINADA,16.95,82.233,30.0,1010.3,75.52
1982-05-01T06:00:00,43189099999,KAKINADA,16.95,82.233,29.0,1010.7,77.66
1982-05-01T12:00:00,43189099999,KAKINADA,16.95,82.233,28.6,1007.3,73.51
1982-05-01T18:00:00,43189099999,KAKINADA,16.95,82.233,28.2,1007.6,71.68
1982-05-01T21:00:00,43189099999,KAKINADA,16.95,82.233,28.0,1005.3,66.18
1982-05-02T00:00:00,43189099999,KAKINADA,16.95,82.233,27.8,1006.6,71.61
1982-05-02T03:00:00,43189099999,KAKINADA,16.95,82.233,28.2,1008.8,71.68
1982-05-02T06:00:00,43189099999,KAKINADA,16.95,82.233,30.4,1008.6,62.75
1982-05-02T09:00:00,43189099999,KAKINADA,16.95,82.233,31.6,1006.0,53.14
1982-05-02T12:00:00,43189099999,KAKINADA,16.95,82.233,29.6,1005.3,74.12
1982-05-02T15:00:00,43189099999,KAKINADA,16.95,82.233,29.5,1008.0,67.7
1982-05-02T18:00:00,43189099999,KAKINADA,16.95,82.233,27.6,1008.8,81.27
1982-05-02T21:00:00,43189099999,KAKINADA,16.95,82.233,27.6,1007.4,82.75
1982-05-03T00:00:00,43189099999,KAKINADA,16.95,82.233,26.0,1007.6,84.07
1982-05-03T03:00:00,43189099999,KAKINADA,16.95,82.233,30.0,1009.7,64.99
1982-05-03T06:00:00,43189099999,KAKINADA,16.95,82.233,35.0,1008.0,46.68
1982-05-03T09:00:00,43189099999,KAKINADA,16.95,82.233,37.2,1005.2,49.57
1982-05-03T15:00:00,43189099999,KAKINADA,16.95,82.233,28.6,1006.7,74.85
1982-05-03T18:00:00,43189099999,KAKINADA,16.95,82.233,29.0,1007.8,83.4
1982-05-03T21:00:00,43189099999,KAKINADA,16.95,82.233,29.0,1006.9,84.9
1982-05-04T00:00:00,43189099999,KAKINADA,16.95,82.233,28.4,1007.4,87.9
1982-05-04T03:00:00,43189099999,KAKINADA,16.95,82.233,31.8,1008.8,74.92
1982-05-04T06:00:00,43189099999,KAKINADA,16.95,82.233,35.0,1007.1,47.55
1982-05-04T12:00:00,43189099999,KAKINADA,16.95,82.233,35.5,1003.5,65.72
1982-05-05T00:00:00,43189099999,KAKINADA,16.95,82.233,29.8,1008.3,59.62
1982-05-05T06:00:00,43189099999,KAKINADA,16.95,82.233,32.4,1007.3,62.8
1982-05-05T09:00:00,43189099999,KAKINADA,16.95,82.233,34.4,1005.2,61.02
1982-05-05T12:00:00,43189099999,KAKINADA,16.95,82.233,33.0,1004.1,67.98
1982-05-05T15:00:00,43189099999,KAKINADA,16.95,82.233,30.0,1006.7,81.09
1982-05-05T18:00:00,43189099999,KAKINADA,16.95,82.233,29.0,1007.5,84.9
1982-05-05T21:00:00,43189099999,KAKINADA,16.95,82.233,28.4,1006.1,84.83
1982-05-06T00:00:00,43189099999,KAKINADA,16.95,82.233,28.0,1006.9,87.35
1982-05-06T03:00:00,43189099999,KAKINADA,16.95,82.233,30.8,1008.1,82.63
1982-05-06T06:00:00,43189099999,KAKINADA,16.95,82.233,36.2,1007.2,56.9
1982-05-06T09:00:00,43189099999,KAKINADA,16.95,82.233,41.2,1003.9,29.68
1982-05-06T12:00:00,43189099999,KAKINADA,16.95,82.233,35.8,,60.62
1982-05-06T15:00:00,43189099999,KAKINADA,16.95,82.233,32.0,1006.8,71.92
1982-05-06T18:00:00,43189099999,KAKINADA,16.95,82.233,30.4,1006.9,82.58
1982-05-07T00:00:00,43189099999,KAKINADA,16.95,82.233,28.7,1007.1,86.38
1982-05-07T03:00:00,43189099999,KAKINADA,16.95,82.233,31.5,1008.9,75.76
1982-05-07T06:00:00,43189099999,KAKINADA,16.95,82.233,37.0,1008.2,47.49
1982-05-07T09:00:00,43189099999,KAKINADA,16.95,82.233,38.2,1005.4,46.67
1982-05-07T15:00:00,43189099999,KAKINADA,16.95,82.233,30.8,1006.4,57.0
1982-05-07T18:00:00,43189099999,KAKINADA,16.95,82.233,28.6,1007.7,86.89
1982-05-07T21:00:00,43189099999,KAKINADA,16.95,82.233,28.8,1006.8,74.88
1982-05-08T06:00:00,43189099999,KAKINADA,16.95,82.233,36.0,1008.8,54.54
1982-05-08T09:00:00,43189099999,KAKINADA,16.95,82.233,37.1,1005.8,53.85
1982-05-08T12:00:00,43189099999,KAKINADA,16.95,82.233,33.8,1005.8,66.94
1982-05-08T15:00:00,43189099999,KAKINADA,16.95,82.233,33.8,1005.8,66.94
1982-05-09T00:00:00,43189099999,KAKINADA,16.95,82.233,27.0,1007.8,69.74
1982-05-09T03:00:00,43189099999,KAKINADA,16.95,82.233,31.0,1009.9,69.23
1982-05-09T06:00:00,43189099999,KAKINADA,16.95,82.233,36.2,1008.7,51.74
1982-05-09T09:00:00,43189099999,KAKINADA,16.95,82.233,37.2,1006.3,44.23
1982-05-09T12:00:00,43189099999,KAKINADA,16.95,82.233,34.4,1005.6,60.3
1982-05-09T15:00:00,43189099999,KAKINADA,16.95,82.233,30.2,1007.7,79.69
1982-05-09T18:00:00,43189099999,KAKINADA,16.95,82.233,29.6,1008.2,83.47
1982-05-09T21:00:00,43189099999,KAKINADA,16.95,82.233,29.0,,89.52
1982-05-10T00:00:00,43189099999,KAKINADA,16.95,82.233,28.5,1008.1,87.91
1982-05-10T03:00:00,43189099999,KAKINADA,16.95,82.233,31.6,1009.4,72.28
1982-05-10T06:00:00,43189099999,KAKINADA,16.95,82.233,35.6,1008.9,50.67
1982-05-10T12:00:00,43189099999,KAKINADA,16.95,82.233,33.6,1006.0,59.41
1982-05-10T15:00:00,43189099999,KAKINADA,16.95,82.233,30.2,1007.9,
1982-05-10T18:00:00,43189099999,KAKINADA,16.95,82.233,29.2,1008.7,79.09
1982-05-10T21:00:00,43189099999,KAKINADA,16.95,82.233,28.4,1007.0,80.41
1982-05-11T00:00:00,43189099999,KAKINADA,16.95,82.233,28.0,1003.9,83.29
1982-05-11T03:00:00,43189099999,KAKINADA,16.95,82.233,32.4,1008.7,36.88
1982-05-11T06:00:00,43189099999,KAKINADA,16.95,82.233,35.0,1008.1,48.72
1982-05-11T09:00:00,43189099999,KAKINADA,16.95,82.233,36.6,1006.0,47.39
1982-05-11T12:00:00,43189099999,KAKINADA,16.95,82.233,33.6,1005.1,54.62
1982-05-11T15:00:00,43189099999,KAKINADA,16.95,82.233,29.2,1006.5,80.51
1982-05-11T18:00:00,43189099999,KAKINADA,16.95,82.233,28.8,1007.9,73.54
1982-05-11T21:00:00,43189099999,KAKINADA,16.95,82.233,28.0,1006.4,72.96
1982-05-12T00:00:00,43189099999,KAKINADA,16.95,82.233,28.0,1007.5,72.96
1982-05-12T06:00:00,43189099999,KAKINADA,16.95,82.233,35.6,1008.8,49.17
1982-05-12T12:00:00,43189099999,KAKINADA,16.95,82.233,33.2,1005.6,60.03
1982-05-12T15:00:00,43189099999,KAKINADA,16.95,82.233,29.8,1008.1,78.23
1982-05-12T18:00:00,43189099999,KAKINADA,16.95,82.233,28.8,1008.6,79.03
1982-05-13T00:00:00,43189099999,KAKINADA,16.95,82.233,,1007.9,
1982-05-13T06:00:00,43189099999,KAKINADA,16.95,82.233,33.8,1009.3,62.73
1982-05-13T09:00:00,43189099999,KAKINADA,16.95,82.233,33.8,1006.4,62.73
1982-05-13T15:00:00,43189099999,KAKINADA,16.95,82.233,29.8,1007.5,72.83
1982-05-14T00:00:00,43189099999,KAKINADA,16.95,82.233,28.2,1007.0,71.68
1982-05-14T03:00:00,43189099999,KAKINADA,16.95,82.233,32.0,1008.7,69.83
1982-05-14T06:00:00,43189099999,KAKINADA,16.95,82.233,36.8,1008.2,65.6
1982-05-14T09:00:00,43189099999,KAKINADA,16.95,82.233,35.4,1005.4,50.01
1982-05-14T12:00:00,43189099999,KAKINADA,16.95,82.233,33.0,1004.5,57.52
1982-05-14T18:00:00,43189099999,KAKINADA,16.95,82.233,29.4,1007.7,72.33
1982-05-14T21:00:00,43189099999,KAKINADA,16.95,82.233,29.0,1007.0,79.06
1982-05-15T00:00:00,43189099999,KAKINADA,16.95,82.233,28.8,1008.9,79.03
1982-05-15T03:00:00,43189099999,KAKINADA,16.95,82.233,32.0,1009.7,68.59
1982-05-15T06:00:00,43189099999,KAKINADA,16.95,82.233,33.8,1009.3,64.99
1982-05-15T21:00:00,43189099999,KAKINADA,16.95,82.233,28.8,1009.2,73.54
1982-05-16T00:00:00,43189099999,KAKINADA,16.95,82.233,27.4,1009.5,74.2
1982-05-16T03:00:00,43189099999,KAKINADA,16.95,82.233,31.8,1011.2,68.56
1982-05-16T06:00:00,43189099999,KAKINADA,16.95,82.233,33.2,1010.9,63.35
1982-05-16T12:00:00,43189099999,KAKINADA,16.95,82.233,32.0,1007.3,63.85
1982-05-16T15:00:00,43189099999,KAKINADA,16.95,82.233,30.0,1009.5,71.57
1982-05-16T18:00:00,43189099999,KAKINADA,16.95,82.233,29.6,1010.5,72.36
1982-05-16T21:00:00,43189099999,KAKINADA,16.95,82.233,28.4,1008.7,74.82
1982-05-17T00:00:00,43189099999,KAKINADA,16.95,82.233,28.0,1009.4,77.51
1982-05-17T03:00:00,43189099999,KAKINADA,16.95,82.233,30.8,1011.0,66.74
1982-05-17T06:00:00,43189099999,KAKINADA,16.95,82.233,35.0,1010.3,51.75
1982-05-17T09:00:00,43189099999,KAKINADA,16.95,82.233,34.4,1007.2,58.54
1982-05-17T12:00:00,43189099999,KAKINADA,16.95,82.233,28.6,1007.6,60.09
1982-05-17T15:00:00,43189099999,KAKINADA,16.95,82.233,27.8,1008.7,62.18
1982-05-17T18:00:00,43189099999,KAKINADA,16.95,82.233,27.6,1008.9,67.33
1982-05-17T21:00:00,43189099999,KAKINADA,16.95,82.233,27.4,1007.7,68.54
1982-05-18T00:00:00,43189099999,KAKINADA,16.95,82.233,26.6,1008.6,72.28
1982-05-18T03:00:00,43189099999,KAKINADA,16.95,82.233,30.8,1010.3,67.95
1982-05-18T06:00:00,43189099999,KAKINADA,16.95,82.233,35.2,1010.0,48.77
1982-05-18T09:00:00,43189099999,KAKINADA,16.95,82.233,35.6,1007.4,51.59
1982-05-18T12:00:00,43189099999,KAKINADA,16.95,82.233,32.2,1007.8,60.53
1982-05-18T18:00:00,43189099999,KAKINADA,16.95,82.233,27.6,1009.9,67.33
1982-05-19T00:00:00,43189099999,KAKINADA,16.95,82.233,26.0,1009.3,70.41
1982-05-19T06:00:00,43189099999,KAKINADA,16.95,82.233,34.8,1010.9,54.58
1982-05-19T09:00:00,43189099999,KAKINADA,16.95,82.233,34.8,1008.8,56.91
1982-05-19T12:00:00,43189099999,KAKINADA,16.95,82.233,32.8,1007.9,58.52
1982-05-19T15:00:00,43189099999,KAKINADA,16.95,82.233,29.8,1009.3,68.58
1982-05-19T18:00:00,43189099999,KAKINADA,16.95,82.233,28.8,1010.1,69.23
1982-05-19T21:00:00,43189099999,KAKINADA,16.95,82.233,27.6,1008.9,78.39
1982-05-20T00:00:00,43189099999,KAKINADA,16.95,82.233,27.0,1009.5,82.68
1982-05-20T03:00:00,43189099999,KAKINADA,16.95,82.233,31.4,1011.1,68.48
1982-05-20T06:00:00,43189099999,KAKINADA,16.95,82.233,34.4,1010.4,53.18
1982-05-20T09:00:00,43189099999,KAKINADA,16.95,82.233,34.8,1007.9,52.65
1982-05-20T12:00:00,43189099999,KAKINADA,16.95,82.233,33.4,1007.3,51.35
1982-05-20T15:00:00,43189099999,KAKINADA,16.95,82.233,30.6,1009.3,63.94
1982-05-21T03:00:00,43189099999,KAKINADA,16.95,82.233,30.6,1009.7,74.28
1982-05-21T06:00:00,43189099999,KAKINADA,16.95,82.233,34.6,1009.3,57.55
1982-05-21T09:00:00,43189099999,KAKINADA,16.95,82.233,35.0,1005.9,60.08
1982-05-21T12:00:00,43189099999,KAKINADA,16.95,82.233,33.4,1005.5,60.8
1982-05-21T15:00:00,43189099999,KAKINADA,16.95,82.233,30.8,1007.5,69.19
1982-05-21T18:00:00,43189099999,KAKINADA,16.95,82.233,29.6,1008.8,74.12
1982-05-21T21:00:00,43189099999,KAKINADA,16.95,82.233,28.4,1006.8,76.18
1982-05-22T00:00:00,43189099999,KAKINADA,16.95,82.233,27.4,1007.2,75.57
1982-05-22T06:00:00,43189099999,KAKINADA,16.95,82.233,35.6,1007.6,52.22
1982-05-22T15:00:00,43189099999,KAKINADA,16.95,82.233,30.4,1005.1,72.94
1982-05-23T00:00:00,43189099999,KAKINADA,16.95,82.233,27.8,1006.0,74.27
1982-05-23T06:00:00,43189099999,KAKINADA,16.95,82.233,34.8,1007.1,52.65
1982-05-23T12:00:00,43189099999,KAKINADA,16.95,82.233,33.6,1003.2,61.58
1982-05-23T15:00:00,43189099999,KAKINADA,16.95,82.233,30.6,1003.3,69.15
1982-05-23T18:00:00,43189099999,KAKINADA,16.95,82.233,30.0,1006.1,66.18
1982-05-23T21:00:00,43189099999,KAKINADA,16.95,82.233,29.0,1005.9,70.96
1982-05-24T00:00:00,43189099999,KAKINADA,16.95,82.233,29.0,1006.2,70.96
1982-05-24T03:00:00,43189099999,KAKINADA,16.95,82.233,33.0,1007.9,67.98
1982-05-24T06:00:00,43189099999,KAKINADA,16.95,82.233,34.0,1007.6,62.77
1982-05-24T15:00:00,43189099999,KAKINADA,16.95,82.233,29.0,,69.69
1982-05-24T18:00:00,43189099999,KAKINADA,16.95,82.233,27.8,1006.6,78.42
1982-05-25T00:00:00,43189099999,KAKINADA,16.95,82.233,26.8,,79.71
1982-05-26T00:00:00,43189099999,KAKINADA,16.95,82.233,27.4,1005.7,84.22
1982-05-26T03:00:00,43189099999,KAKINADA,16.95,82.233,31.2,1007.5,66.82
1982-05-26T06:00:00,43189099999,KAKINADA,16.95,82.233,34.6,1006.4,60.35
1982-05-26T09:00:00,43189099999,KAKINADA,16.95,82.233,,1003.7,
1982-05-26T18:00:00,43189099999,KAKINADA,16.95,82.233,28.8,1006.3,82.89
1982-05-26T21:00:00,43189099999,KAKINADA,16.95,82.233,29.2,1003.3,
1982-05-27T00:00:00,43189099999,KAKINADA,16.95,82.233,28.6,1004.4,81.4
1982-05-27T03:00:00,43189099999,KAKINADA,16.95,82.233,32.8,1006.1,75.51
1982-05-27T09:00:00,43189099999,KAKINADA,16.95,82.233,39.0,1001.1,37.75
1982-05-27T12:00:00,43189099999,KAKINADA,16.95,82.233,36.2,1004.0,46.71
1982-05-27T21:00:00,43189099999,KAKINADA,16.95,82.233,29.0,1002.4,76.27
1982-05-28T00:00:00,43189099999,KAKINADA,16.95,82.233,29.6,1002.0,74.12
1982-05-28T06:00:00,43189099999,KAKINADA,16.95,82.233,38.0,1002.1,38.41
1982-05-28T09:00:00,43189099999,KAKINADA,16.95,82.233,40.6,998.5,32.0
1982-05-28T12:00:00,43189099999,KAKINADA,16.95,82.233,36.0,998.6,59.6
1982-05-28T18:00:00,43189099999,KAKINADA,16.95,82.233,31.6,1001.5,80.35
1982-05-29T00:00:00,43189099999,KAKINADA,16.95,82.233,29.8,1000.7,84.98
1982-05-29T09:00:00,43189099999,KAKINADA,16.95,82.233,42.6,998.0,28.96
1982-05-29T12:00:00,43189099999,KAKINADA,16.95,82.233,41.6,997.3,29.42
1982-05-29T15:00:00,43189099999,KAKINADA,16.95,82.233,33.8,1000.3,63.85
1982-05-30T03:00:00,43189099999,KAKINADA,16.95,82.233,,1003.2,
1982-05-30T06:00:00,43189099999,KAKINADA,16.95,82.233,38.6,,45.95
1982-05-30T09:00:00,43189099999,KAKINADA,16.95,82.233,41.8,999.0,32.52
1982-05-30T12:00:00,43189099999,KAKINADA,16.95,82.233,38.4,,52.29
1982-05-30T15:00:00,43189099999,KAKINADA,16.95,82.233,35.0,1000.9,67.96
1982-05-30T18:00:00,43189099999,KAKINADA,16.95,82.233,34.0,1002.1,71.01
1982-05-31T03:00:00,43189099999,KAKINADA,16.95,82.233,33.0,,64.45
1982-05-31T06:00:00,43189099999,KAKINADA,16.95,82.233,39.4,,31.68
1982-05-31T09:00:00,43189099999,KAKINADA,16.95,82.233,42.0,998.7,35.66
1982-05-31T11:00:00,43189099999,KAKINADA,16.95,82.233,38.0,997.9,33.32
1982-05-31T12:00:00,43189099999,KAKINADA,16.95,82.233,38.0,997.9,33.32
1982-05-31T15:00:00,43189099999,KAKINADA,16.95,82.233,33.2,1000.8,78.26
1982-05-31T18:00:00,43189099999,KAKINADA,16.95,82.233,32.8,1001.4,80.5
1982-06-01T00:00:00,43189099999,KAKINADA,16.95,82.233,31.6,,64.93
1982-06-01T03:00:00,43189099999,KAKINADA,16.95,82.233,33.0,1000.8,55.47
1982-06-01T06:00:00,43189099999,KAKINADA,16.95,82.233,37.0,999.6,38.14
1982-06-01T09:00:00,43189099999,KAKINADA,16.95,82.233,40.2,,30.92
1982-06-01T15:00:00,43189099999,KAKINADA,16.95,82.233,34.2,997.7,63.94
1982-06-01T18:00:00,43189099999,KAKINADA,16.95,82.233,33.6,998.5,49.25
1982-06-01T21:00:00,43189099999,KAKINADA,16.95,82.233,32.6,996.9,64.36
1982-06-02T00:00:00,43189099999,KAKINADA,16.95,82.233,31.6,997.9,80.82
1982-06-02T03:00:00,43189099999,KAKINADA,16.95,82.233,28.2,,71.68
1982-06-02T06:00:00,43189099999,KAKINADA,16.95,82.233,34.2,999.8,68.61
1982-06-02T09:00:00,43189099999,KAKINADA,16.95,82.233,34.6,996.5,69.08
1982-06-02T12:00:00,43189099999,KAKINADA,16.95,82.233,32.8,996.7,70.39
1982-06-02T18:00:00,43189099999,KAKINADA,16.95,82.233,30.0,998.6,70.29
1982-06-03T01:00:00,43189099999,KAKINADA,16.95,82.233,27.4,998.3,81.25
1982-06-03T03:00:00,43189099999,KAKINADA,16.95,82.233,28.4,999.8,83.33
1982-06-03T09:00:00,43189099999,KAKINADA,16.95,82.233,36.0,996.5,50.47
1982-06-03T12:00:00,43189099999,KAKINADA,16.95,82.233,34.2,995.7,62.81
1982-06-03T15:00:00,43189099999,KAKINADA,16.95,82.233,31.0,997.8,74.79
1982-06-03T18:00:00,43189099999,KAKINADA,16.95,82.233,30.2,997.9,67.84
1982-06-03T21:00:00,43189099999,KAKINADA,16.95,82.233,29.8,996.9,81.06
1982-06-04T06:00:00,43189099999,KAKINADA,16.95,82.233,34.7,999.7,64.04
1982-06-04T09:00:00,43189099999,KAKINADA,16.95,82.233,35.0,997.4,62.25
1982-06-04T12:00:00,43189099999,KAKINADA,16.95,82.233,34.0,997.5,60.57
1982-06-04T18:00:00,43189099999,KAKINADA,16.95,82.233,30.0,1001.9,83.51
1982-06-04T21:00:00,43189099999,KAKINADA,16.95,82.233,29.0,1000.9,87.95
1982-06-05T00:00:00,43189099999,KAKINADA,16.95,82.233,29.4,1001.6,89.55
1982-06-05T03:00:00,43189099999,KAKINADA,16.95,82.233,32.6,1002.4,72.88
1982-06-05T06:00:00,43189099999,KAKINADA,16.95,82.233,34.2,1002.4,68.61
1982-06-05T09:00:00,43189099999,KAKINADA,16.95,82.233,33.8,1000.3,70.98
1982-06-05T12:00:00,43189099999,KAKINADA,16.95,82.233,32.4,999.9,80.45
1982-06-05T15:00:00,43189099999,KAKINADA,16.95,82.233,31.0,1002.3,82.65
1982-06-05T18:00:00,43189099999,KAKINADA,16.95,82.233,30.8,1003.3,85.58
1982-06-06T00:00:00,43189099999,KAKINADA,16.95,82.233,29.8,1001.5,86.49
1982-06-06T06:00:00,43189099999,KAKINADA,16.95,82.233,34.0,1002.7,66.2
1982-06-06T09:00:00,43189099999,KAKINADA,16.95,82.233,34.0,1001.1,69.78
1982-06-06T12:00:00,43189099999,KAKINADA,16.95,82.233,32.6,1000.9,75.48
1982-06-06T15:00:00,43189099999,KAKINADA,16.95,82.233,31.2,,82.68
1982-06-06T18:00:00,43189099999,KAKINADA,16.95,82.233,31.0,1002.5,82.65
1982-06-07T00:00:00,43189099999,KAKINADA,16.95,82.233,30.4,1000.6,82.58
1982-06-07T03:00:00,43189099999,KAKINADA,16.95,82.233,32.6,1003.2,75.48
1982-06-07T06:00:00,43189099999,KAKINADA,16.95,82.233,34.6,1001.9,62.16
1982-06-07T09:00:00,43189099999,KAKINADA,16.95,82.233,34.8,999.6,63.31
1982-06-07T12:00:00,43189099999,KAKINADA,16.95,82.233,33.0,999.8,72.94
1982-06-07T15:00:00,43189099999,KAKINADA,16.95,82.233,32.0,1001.8,56.93
1982-06-07T18:00:00,43189099999,KAKINADA,16.95,82.233,30.8,1001.8,75.65
1982-06-07T21:00:00,43189099999,KAKINADA,16.95,82.233,29.4,1001.0,81.98
1982-06-08T00:00:00,43189099999,KAKINADA,16.95,82.233,29.2,1001.6,80.51
1982-06-08T06:00:00,43189099999,KAKINADA,16.95,82.233,34.0,1002.5,
1982-06-08T09:00:00,43189099999,KAKINADA,16.95,82.233,34.0,999.7,67.37
1982-06-08T12:00:00,43189099999,KAKINADA,16.95,82.233,32.4,998.6,75.45
1982-06-08T15:00:00,43189099999,KAKINADA,16.95,82.233,30.8,1001.3,71.71
1982-06-08T18:00:00,43189099999,KAKINADA,16.95,82.233,31.0,1002.1,85.6
1982-06-09T00:00:00,43189099999,KAKINADA,16.95,82.233,30.0,1000.3,85.0
1982-06-09T03:00:00,43189099999,KAKINADA,16.95,82.233,31.4,1001.4,77.54
1982-06-09T06:00:00,43189099999,KAKINADA,16.95,82.233,36.0,1000.4,55.52
1982-06-09T09:00:00,43189099999,KAKINADA,16.95,82.233,35.2,998.2,67.21
1982-06-09T12:00:00,43189099999,KAKINADA,16.95,82.233,35.0,997.3,65.62
1982-06-09T15:00:00,43189099999,KAKINADA,16.95,82.233,32.6,999.8,69.11
1982-06-09T18:00:00,43189099999,KAKINADA,16.95,82.233,29.0,1003.8,79.06
1982-06-10T00:00:00,43189099999,KAKINADA,16.95,82.233,25.0,1001.6,86.56
1982-06-10T03:00:00,43189099999,KAKINADA,16.95,82.233,28.5,1002.1,70.02
1982-06-10T09:00:00,43189099999,KAKINADA,16.95,82.233,35.8,998.9,48.33
1982-06-10T15:00:00,43189099999,KAKINADA,16.95,82.233,31.8,,64.97
1982-06-10T18:00:00,43189099999,KAKINADA,16.95,82.233,30.4,1001.1,75.59
1982-06-10T21:00:00,43189099999,KAKINADA,16.95,82.233,29.6,1000.1,82.49
1982-06-11T03:00:00,43189099999,KAKINADA,16.95,82.233,32.2,1001.8,60.53
1982-06-11T06:00:00,43189099999,KAKINADA,16.95,82.233,35.8,1000.5,50.42
1982-06-11T09:00:00,43189099999,KAKINADA,16.95,82.233,,998.1,
1982-06-11T12:00:00,43189099999,KAKINADA,16.95,82.233,36.8,997.6,56.04
1982-06-11T15:00:00,43189099999,KAKINADA,16.95,82.233,32.4,999.9,70.31
1982-06-11T18:00:00,43189099999,KAKINADA,16.95,82.233,32.0,1001.3,67.38
1982-06-11T21:00:00,43189099999,KAKINADA,16.95,82.233,31.4,1000.9,68.48
1982-06-12T00:00:00,43189099999,KAKINADA,16.95,82.233,30.4,1001.3,79.72
1982-06-12T03:00:00,43189099999,KAKINADA,16.95,82.233,32.8,1002.2,61.03
1982-06-12T06:00:00,43189099999,KAKINADA,16.95,82.233,37.4,1001.5,40.42
1982-06-12T09:00:00,43189099999,KAKINADA,16.95,82.233,38.8,999.6,39.1
1982-06-12T12:00:00,43189099999,KAKINADA,16.95,82.233,35.2,999.0,43.96
1982-06-12T15:00:00,43189099999,KAKINADA,16.95,82.233,32.2,1002.1,61.64
1982-06-12T18:00:00,43189099999,KAKINADA,16.95,82.233,29.2,1002.3,68.47
1982-06-13T00:00:00,43189099999,KAKINADA,16.95,82.233,28.2,1001.6,76.15
1982-06-13T06:00:00,43189099999,KAKINADA,16.95,82.233,35.2,1000.8,47.89
1982-06-13T09:00:00,43189099999,KAKINADA,16.95,82.233,37.4,998.2,44.82
1982-06-13T18:00:00,43189099999,KAKINADA,16.95,82.233,29.6,1001.5,72.36
1982-06-14T03:00:00,43189099999,KAKINADA,16.95,82.233,30.6,1001.5,66.7
1982-06-14T12:00:00,43189099999,KAKINADA,16.95,82.233,27.2,1000.4,87.28
1982-06-14T15:00:00,43189099999,KAKINADA,16.95,82.233,27.0,1002.6,90.44
1982-06-14T18:00:00,43189099999,KAKINADA,16.95,82.233,26.2,1002.7,90.38
1982-06-15T00:00:00,43189099999,KAKINADA,16.95,82.233,25.8,1001.7,92.0
1982-06-15T03:00:00,43189099999,KAKINADA,16.95,82.233,28.0,1002.3,80.35
1982-06-15T06:00:00,43189099999,KAKINADA,16.95,82.233,30.2,1001.5,70.33
1982-06-15T12:00:00,43189099999,KAKINADA,16.95,82.233,29.6,1001.2,76.82
1982-06-15T15:00:00,43189099999,KAKINADA,16.95,82.233,28.4,1003.1,80.41
1982-06-15T18:00:00,43189099999,KAKINADA,16.95,82.233,28.0,1003.8,77.98
1982-06-16T00:00:00,43189099999,KAKINADA,16.95,82.233,26.2,1002.5,90.38
1982-06-16T03:00:00,43189099999,KAKINADA,16.95,82.233,27.6,1004.3,82.75
1982-06-16T06:00:00,43189099999,KAKINADA,16.95,82.233,29.0,1003.8,73.58
1982-06-16T09:00:00,43189099999,KAKINADA,16.95,82.233,33.4,1001.8,55.57
1982-06-16T15:00:00,43189099999,KAKINADA,16.95,82.233,29.2,1003.1,72.29
1982-06-16T18:00:00,43189099999,KAKINADA,16.95,82.233,29.0,1004.2,74.91
1982-06-16T21:00:00,43189099999,KAKINADA,16.95,82.233,28.4,1002.5,78.5
1982-06-17T00:00:00,43189099999,KAKINADA,16.95,82.233,27.6,1003.0,79.82
1982-06-17T03:00:00,43189099999,KAKINADA,16.95,82.233,30.2,1004.2,65.03
1982-06-17T06:00:00,43189099999,KAKINADA,16.95,82.233,32.8,1003.7,56.44
1982-06-17T09:00:00,43189099999,KAKINADA,16.95,82.233,35.0,1000.9,47.55
1982-06-17T12:00:00,43189099999,KAKINADA,16.95,82.233,33.2,1000.6,51.3
1982-06-17T15:00:00,43189099999,KAKINADA,16.95,82.233,30.0,1002.5,71.57
1982-06-17T18:00:00,43189099999,KAKINADA,16.95,82.233,29.0,1003.2,75.82
1982-06-18T00:00:00,43189099999,KAKINADA,16.95,82.233,28.0,1001.4,78.45
1982-06-18T06:00:00,43189099999,KAKINADA,16.95,82.233,34.8,1002.8,48.37
1982-06-18T09:00:00,43189099999,KAKINADA,16.95,82.233,37.1,1000.7,43.14
1982-06-18T12:00:00,43189099999,KAKINADA,16.95,82.233,34.8,1000.4,49.56
1982-06-18T15:00:00,43189099999,KAKINADA,16.95,82.233,30.6,1002.5,69.15
1982-06-18T18:00:00,43189099999,KAKINADA,16.95,82.233,,1004.0,
1982-06-19T03:00:00,43189099999,KAKINADA,16.95,82.233,31.0,1004.8,66.78
1982-06-19T09:00:00,43189099999,KAKINADA,16.95,82.233,37.2,1001.1,37.5
1982-06-19T12:00:00,43189099999,KAKINADA,16.95,82.233,36.4,1000.9,
1982-06-19T15:00:00,43189099999,KAKINADA,16.95,82.233,30.4,1003.4,69.11
1982-06-19T18:00:00,43189099999,KAKINADA,16.95,82.233,30.0,1004.8,74.18
1982-06-20T00:00:00,43189099999,KAKINADA,16.95,82.233,28.5,1003.5,82.85
1982-06-20T03:00:00,43189099999,KAKINADA,16.95,82.233,31.8,1004.6,59.0
1982-06-20T09:00:00,43189099999,KAKINADA,16.95,82.233,36.4,1002.4,39.42
1982-06-20T12:00:00,43189099999,KAKINADA,16.95,82.233,33.8,1001.6,53.68
1982-06-20T15:00:00,43189099999,KAKINADA,16.95,82.233,28.2,1004.6,87.37
1982-06-20T21:00:00,43189099999,KAKINADA,16.95,82.233,27.0,1004.3,84.18
1982-06-21T00:00:00,43189099999,KAKINADA,16.95,82.233,27.0,1004.1,84.18
1982-06-21T03:00:00,43189099999,KAKINADA,16.95,82.233,29.8,1005.8,74.15
1982-06-21T06:00:00,43189099999,KAKINADA,16.95,82.233,32.6,1005.5,58.47
1982-06-21T09:00:00,43189099999,KAKINADA,16.95,82.233,35.4,1002.7,47.07
1982-06-21T12:00:00,43189099999,KAKINADA,16.95,82.233,33.4,1002.1,61.17
1982-06-21T15:00:00,43189099999,KAKINADA,16.95,82.233,30.4,1004.5,69.11
1982-06-21T18:00:00,43189099999,KAKINADA,16.95,82.233,29.8,1005.2,74.15
1982-06-22T00:00:00,43189099999,KAKINADA,16.95,82.233,27.6,1004.0,76.98
1982-06-22T03:00:00,43189099999,KAKINADA,16.95,82.233,30.4,1004.7,69.11
1982-06-22T06:00:00,43189099999,KAKINADA,16.95,82.233,32.2,1004.5,55.95
1982-06-22T09:00:00,43189099999,KAKINADA,16.95,82.233,33.4,1001.8,53.58
1982-06-22T12:00:00,43189099999,KAKINADA,16.95,82.233,26.2,1002.4,90.38
1982-06-22T18:00:00,43189099999,KAKINADA,16.95,82.233,26.6,1004.6,88.81
1982-06-22T21:00:00,43189099999,KAKINADA,16.95,82.233,26.5,1002.5,83.62
1982-06-23T00:00:00,43189099999,KAKINADA,16.95,82.233,25.6,1002.9,90.34
1982-06-23T03:00:00,43189099999,KAKINADA,16.95,82.233,27.4,1004.2,81.25
1982-06-23T06:00:00,43189099999,KAKINADA,16.95,82.233,29.4,1003.5,64.47
1982-06-23T09:00:00,43189099999,KAKINADA,16.95,82.233,31.6,1001.6,61.13
1982-06-23T12:00:00,43189099999,KAKINADA,16.95,82.233,30.6,,63.94
1982-06-23T15:00:00,43189099999,KAKINADA,16.95,82.233,28.4,1003.2,77.57
1982-06-23T18:00:00,43189099999,KAKINADA,16.95,82.233,28.4,1003.9,70.42
1982-06-23T21:00:00,43189099999,KAKINADA,16.95,82.233,28.6,1002.0,79.0
1982-06-24T00:00:00,43189099999,KAKINADA,16.95,82.233,27.0,1002.0,82.68
1982-06-24T03:00:00,43189099999,KAKINADA,16.95,82.233,28.6,1003.4,76.21
1982-06-24T06:00:00,43189099999,KAKINADA,16.95,82.233,31.4,1003.0,64.5
1982-06-24T09:00:00,43189099999,KAKINADA,16.95,82.233,34.0,1000.7,53.41
1982-06-24T12:00:00,43189099999,KAKINADA,16.95,82.233,32.6,1000.4,65.52
1982-06-24T15:00:00,43189099999,KAKINADA,16.95,82.233,28.4,1002.8,81.86
1982-06-24T18:00:00,43189099999,KAKINADA,16.95,82.233,28.2,1003.1,86.34
1982-06-24T21:00:00,43189099999,KAKINADA,16.95,82.233,28.2,1001.7,84.81
1982-06-25T00:00:00,43189099999,KAKINADA,16.95,82.233,28.0,1001.9,88.92
1982-06-25T03:00:00,43189099999,KAKINADA,16.95,82.233,30.6,1002.9,74.28
1982-06-25T06:00:00,43189099999,KAKINADA,16.95,82.233,34.0,1001.5,56.05
1982-06-25T12:00:00,43189099999,KAKINADA,16.95,82.233,34.2,999.5,58.49
1982-06-25T15:00:00,43189099999,KAKINADA,16.95,82.233,31.0,1001.6,67.99
1982-06-25T18:00:00,43189099999,KAKINADA,16.95,82.233,29.8,1002.2,69.83
1982-06-26T03:00:00,43189099999,KAKINADA,16.95,82.233,24.8,1003.9,96.47
1982-06-26T06:00:00,43189099999,KAKINADA,16.95,82.233,26.8,1002.7,92.05
1982-06-26T09:00:00,43189099999,KAKINADA,16.95,82.233,30.0,1001.5,75.52
1982-06-26T15:00:00,43189099999,KAKINADA,16.95,82.233,28.8,1002.9,81.91
1982-06-26T21:00:00,43189099999,KAKINADA,16.95,82.233,28.0,1001.9,89.44
1982-06-27T00:00:00,43189099999,KAKINADA,16.95,82.233,27.8,1002.0,92.11
1982-06-27T03:00:00,43189099999,KAKINADA,16.95,82.233,29.8,1002.4,82.51
1982-06-27T06:00:00,43189099999,KAKINADA,16.95,82.233,31.4,1002.1,67.26
1982-06-27T12:00:00,43189099999,KAKINADA,16.95,82.233,33.2,999.1,64.49
1982-06-27T15:00:00,43189099999,KAKINADA,16.95,82.233,29.6,1001.1,71.07
1982-06-27T18:00:00,43189099999,KAKINADA,16.95,82.233,28.0,1000.9,77.51
1982-06-27T21:00:00,43189099999,KAKINADA,16.95,82.233,27.4,1001.0,78.36
1982-06-28T03:00:00,43189099999,KAKINADA,16.95,82.233,29.8,1002.8,72.83
1982-06-28T06:00:00,43189099999,KAKINADA,16.95,82.233,33.0,1001.8,57.52
1982-06-28T09:00:00,43189099999,KAKINADA,16.95,82.233,35.8,1000.4,47.18
1982-06-28T12:00:00,43189099999,KAKINADA,16.95,82.233,34.0,999.5,56.05
1982-06-28T15:00:00,43189099999,KAKINADA,16.95,82.233,31.2,1002.3,64.46
1982-06-28T18:00:00,43189099999,KAKINADA,16.95,82.233,31.0,1002.8,67.59
1982-06-28T21:00:00,43189099999,KAKINADA,16.95,82.233,29.0,1001.7,77.66
1982-06-29T00:00:00,43189099999,KAKINADA,16.95,82.233,28.6,1002.5,80.43
1982-06-29T09:00:00,43189099999,KAKINADA,16.95,82.233,38.6,1000.1,
1982-06-29T15:00:00,43189099999,KAKINADA,16.95,82.233,34.0,1002.7,54.71
1982-06-29T18:00:00,43189099999,KAKINADA,16.95,82.233,31.8,1003.1,66.15
1982-06-30T00:00:00,43189099999,KAKINADA,16.95,82.233,29.0,1002.7,76.27
1982-06-30T03:00:00,43189099999,KAKINADA,16.95,82.233,33.6,,55.95
1982-06-30T09:00:00,43189099999,KAKINADA,16.95,82.233,40.5,999.7,32.17
1982-06-30T15:00:00,43189099999,KAKINADA,16.95,82.233,34.6,1002.2,51.34
1982-06-30T18:00:00,43189099999,KAKINADA,16.95,82.233,32.8,1002.5,54.09
1982-06-30T21:00:00,43189099999,KAKINADA,16.95,82.233,32.8,1002.5,54.09
1982-07-01T00:00:00,43189099999,KAKINADA,16.95,82.233,29.6,1001.7,67.31
1982-07-01T03:00:00,43189099999,KAKINADA,16.95,82.233,32.0,1003.2,56.25
1982-07-01T06:00:00,43189099999,KAKINADA,16.95,82.233,37.2,1002.0,35.9
1982-07-01T09:00:00,43189099999,KAKINADA,16.95,82.233,41.4,999.4,26.25
1982-07-01T12:00:00,43189099999,KAKINADA,16.95,82.233,39.4,998.9,32.27
1982-07-01T15:00:00,43189099999,KAKINADA,16.95,82.233,34.7,1001.7,44.65
1982-07-01T18:00:00,43189099999,KAKINADA,16.95,82.233,31.6,1002.1,56.49
1982-07-01T21:00:00,43189099999,KAKINADA,16.95,82.233,30.0,1000.8,61.15
1982-07-02T00:00:00,43189099999,KAKINADA,16.95,82.233,28.6,1001.4,66.7
1982-07-02T09:00:00,43189099999,KAKINADA,16.95,82.233,39.6,1000.3,28.71
1982-07-02T15:00:00,43189099999,KAKINADA,16.95,82.233,34.0,1001.9,47.58
1982-07-02T18:00:00,43189099999,KAKINADA,16.95,82.233,,1002.7,
1982-07-02T21:00:00,43189099999,KAKINADA,16.95,82.233,30.2,1001.8,66.22
1982-07-03T00:00:00,43189099999,KAKINADA,16.95,82.233,39.4,1003.0,39.26
1982-07-03T03:00:00,43189099999,KAKINADA,16.95,82.233,31.6,1004.9,67.3
1982-07-03T06:00:00,43189099999,KAKINADA,16.95,82.233,36.4,1004.1,39.42
1982-07-03T09:00:00,43189099999,KAKINADA,16.95,82.233,,1001.8,
1982-07-03T12:00:00,43189099999,KAKINADA,16.95,82.233,38.0,1001.5,33.32
1982-07-03T15:00:00,43189099999,KAKINADA,16.95,82.233,33.4,1003.1,50.11
1982-07-04T00:00:00,43189099999,KAKINADA,16.95,82.233,29.4,1004.5,81.98
1982-07-04T03:00:00,43189099999,KAKINADA,16.95,82.233,31.0,1005.7,66.78
1982-07-04T06:00:00,43189099999,KAKINADA,16.95,82.233,35.4,1005.0,45.11
1982-07-04T09:00:00,43189099999,KAKINADA,16.95,82.233,37.4,1002.2,38.72
1982-07-04T12:00:00,43189099999,KAKINADA,16.95,82.233,36.6,1001.8,41.46
1982-07-04T15:00:00,43189099999,KAKINADA,16.95,82.233,31.5,1004.2,70.57
1982-07-04T18:00:00,43189099999,KAKINADA,16.95,82.233,30.5,1004.9,73.83
1982-07-04T21:00:00,43189099999,KAKINADA,16.95,82.233,27.1,1004.5,82.69
1982-07-05T00:00:00,43189099999,KAKINADA,16.95,82.233,27.0,1004.5,84.18
1982-07-05T03:00:00,43189099999,KAKINADA,16.95,82.233,33.0,1005.6,61.08
1982-07-05T09:00:00,43189099999,KAKINADA,16.95,82.233,35.8,1001.9,51.33
1982-07-05T12:00:00,43189099999,KAKINADA,16.95,82.233,32.4,1002.3,59.49
1982-07-05T15:00:00,43189099999,KAKINADA,16.95,82.233,30.0,1002.3,70.72
1982-07-05T18:00:00,43189099999,KAKINADA,16.95,82.233,29.8,1002.7,76.85
1982-07-05T21:00:00,43189099999,KAKINADA,16.95,82.233,29.0,1002.0,80.48
1982-07-06T03:00:00,43189099999,KAKINADA,16.95,82.233,30.8,1003.4,73.0
1982-07-06T06:00:00,43189099999,KAKINADA,16.95,82.233,35.4,1002.6,54.07
1982-07-06T09:00:00,43189099999,KAKINADA,16.95,82.233,38.4,999.7,40.44
1982-07-06T12:00:00,43189099999,KAKINADA,16.95,82.233,29.8,1000.7,66.14
1982-07-06T18:00:00,43189099999,KAKINADA,16.95,82.233,30.0,1002.6,69.04
1982-07-06T21:00:00,43189099999,KAKINADA,16.95,82.233,29.6,1001.3,74.12
1982-07-07T00:00:00,43189099999,KAKINADA,16.95,82.233,29.0,1002.0,79.06
1982-07-07T03:00:00,43189099999,KAKINADA,16.95,82.233,31.8,1003.6,67.34
1982-07-07T06:00:00,43189099999,KAKINADA,16.95,82.233,35.0,1002.4,54.63
1982-07-07T12:00:00,43189099999,KAKINADA,16.95,82.233,30.0,999.7,58.58
1982-07-07T15:00:00,43189099999,KAKINADA,16.95,82.233,29.8,1001.8,75.49
1982-07-07T18:00:00,43189099999,KAKINADA,16.95,82.233,29.0,1003.6,77.66
1982-07-08T00:00:00,43189099999,KAKINADA,16.95,82.233,27.6,1001.4,84.25
1982-07-08T03:00:00,43189099999,KAKINADA,16.95,82.233,31.2,1001.8,70.93
1982-07-08T06:00:00,43189099999,KAKINADA,16.95,82.233,34.4,1001.1,55.47
1982-07-08T09:00:00,43189099999,KAKINADA,16.95,82.233,37.4,998.9,44.82
1982-07-08T18:00:00,43189099999,KAKINADA,16.95,82.233,30.4,1001.7,70.37
1982-07-08T21:00:00,43189099999,KAKINADA,16.95,82.233,28.4,1000.4,69.15
1982-07-09T00:00:00,43189099999,KAKINADA,16.95,82.233,28.2,1000.1,70.39
1982-07-09T03:00:00,43189099999,KAKINADA,16.95,82.233,,1001.2,
1982-07-09T06:00:00,43189099999,KAKINADA,16.95,82.233,28.6,1001.8,80.43
1982-07-09T09:00:00,43189099999,KAKINADA,16.95,82.233,27.4,1001.9,93.74
1982-07-09T12:00:00,43189099999,KAKINADA,16.95,82.233,29.5,1000.0,81.51
1982-07-09T15:00:00,43189099999,KAKINADA,16.95,82.233,28.6,1001.1,87.92
1982-07-09T21:00:00,43189099999,KAKINADA,16.95,82.233,27.8,,88.9
1982-07-10T00:00:00,43189099999,KAKINADA,16.95,82.233,27.0,1000.8,67.21
1982-07-10T03:00:00,43189099999,KAKINADA,16.95,82.233,27.6,1003.0,85.77
1982-07-10T06:00:00,43189099999,KAKINADA,16.95,82.233,29.2,1002.9,79.09
1982-07-10T09:00:00,43189099999,KAKINADA,16.95,82.233,29.4,1001.7,83.45
1982-07-10T12:00:00,43189099999,KAKINADA,16.95,82.233,30.6,1000.5,74.28
1982-07-10T15:00:00,43189099999,KAKINADA,16.95,82.233,28.8,1002.7,83.38
1982-07-10T18:00:00,43189099999,KAKINADA,16.95,82.233,28.8,1003.0,
1982-07-11T00:00:00,43189099999,KAKINADA,16.95,82.233,26.5,1001.6,82.62
1982-07-11T03:00:00,43189099999,KAKINADA,16.95,82.233,26.6,1002.8,87.23
1982-07-11T06:00:00,43189099999,KAKINADA,16.95,82.233,28.2,1002.9,80.38
1982-07-11T09:00:00,43189099999,KAKINADA,16.95,82.233,30.6,1000.8,67.92
1982-07-11T12:00:00,43189099999,KAKINADA,16.95,82.233,30.2,1000.0,63.86
1982-07-11T15:00:00,43189099999,KAKINADA,16.95,82.233,28.4,1002.0,83.33
1982-07-11T18:00:00,43189099999,KAKINADA,16.95,82.233,27.4,1002.9,78.36
1982-07-11T21:00:00,43189099999,KAKINADA,16.95,82.233,27.4,1002.0,78.36
1982-07-12T00:00:00,43189099999,KAKINADA,16.95,82.233,26.6,1002.2,87.23
1982-07-12T06:00:00,43189099999,KAKINADA,16.95,82.233,28.0,1002.8,81.81
1982-07-12T12:00:00,43189099999,KAKINADA,16.95,82.233,32.2,1000.1,61.64
1982-07-12T15:00:00,43189099999,KAKINADA,16.95,82.233,29.0,1001.7,72.26
1982-07-12T18:00:00,43189099999,KAKINADA,16.95,82.233,28.4,1002.5,78.98
1982-07-12T21:00:00,43189099999,KAKINADA,16.95,82.233,27.8,1002.3,84.27
1982-07-13T00:00:00,43189099999,KAKINADA,16.95,82.233,27.4,1002.3,87.3
1982-07-13T03:00:00,43189099999,KAKINADA,16.95,82.233,30.0,1003.2,78.26
1982-07-13T06:00:00,43189099999,KAKINADA,16.95,82.233,33.5,1002.6,58.68
1982-07-13T09:00:00,43189099999,KAKINADA,16.95,82.233,34.0,1000.8,65.04
1982-07-13T12:00:00,43189099999,KAKINADA,16.95,82.233,33.0,1000.2,66.78
1982-07-13T15:00:00,43189099999,KAKINADA,16.95,82.233,29.6,1002.9,76.82
1982-07-13T18:00:00,43189099999,KAKINADA,16.95,82.233,29.0,1004.3,81.93
1982-07-13T21:00:00,43189099999,KAKINADA,16.95,82.233,28.6,1003.1,76.21
1982-07-14T00:00:00,43189099999,KAKINADA,16.95,82.233,28.2,1003.4,87.37
1982-07-14T03:00:00,43189099999,KAKINADA,16.95,82.233,30.2,1003.8,75.55
1982-07-14T06:00:00,43189099999,KAKINADA,16.95,82.233,32.8,1003.1,56.44
1982-07-14T09:00:00,43189099999,KAKINADA,16.95,82.233,36.0,1000.8,45.54
1982-07-14T12:00:00,43189099999,KAKINADA,16.95,82.233,35.2,1000.2,45.61
1982-07-14T15:00:00,43189099999,KAKINADA,16.95,82.233,29.8,1002.7,75.49
1982-07-14T21:00:00,43189099999,KAKINADA,16.95,82.233,29.2,1002.2,80.51
1982-07-15T00:00:00,43189099999,KAKINADA,16.95,82.233,28.4,1002.2,76.18
1982-07-15T03:00:00,43189099999,KAKINADA,16.95,82.233,28.4,1003.6,77.57
1982-07-15T09:00:00,43189099999,KAKINADA,16.95,82.233,31.7,1001.4,68.13
1982-07-15T12:00:00,43189099999,KAKINADA,16.95,82.233,31.7,1001.4,64.17
1982-07-16T00:00:00,43189099999,KAKINADA,16.95,82.233,26.6,1002.6,85.67
1982-07-16T12:00:00,43189099999,KAKINADA,16.95,82.233,30.6,1000.0,63.94
1982-07-16T18:00:00,43189099999,KAKINADA,16.95,82.233,28.6,1002.0,77.6
1982-07-16T21:00:00,43189099999,KAKINADA,16.95,82.233,27.2,1000.0,65.61
1982-07-17T00:00:00,43189099999,KAKINADA,16.95,82.233,26.5,1000.1,78.71
1982-07-17T03:00:00,43189099999,KAKINADA,16.95,82.233,26.8,1002.5,81.66
1982-07-17T06:00:00,43189099999,KAKINADA,16.95,82.233,28.2,,78.95
1982-07-17T09:00:00,43189099999,KAKINADA,16.95,82.233,29.8,998.7,72.83
1982-07-17T12:00:00,43189099999,KAKINADA,16.95,82.233,29.6,997.7,76.82
1982-07-17T15:00:00,43189099999,KAKINADA,16.95,82.233,28.6,999.0,73.51
1982-07-17T21:00:00,43189099999,KAKINADA,16.95,82.233,23.0,996.4,
1982-07-18T00:00:00,43189099999,KAKINADA,16.95,82.233,25.4,997.7,85.03
1982-07-18T09:00:00,43189099999,KAKINADA,16.95,82.233,26.0,997.1,86.13
1982-07-18T12:00:00,43189099999,KAKINADA,16.95,82.233,27.0,996.2,79.74
1982-07-18T15:00:00,43189099999,KAKINADA,16.95,82.233,25.4,998.1,90.33
1982-07-18T18:00:00,43189099999,KAKINADA,16.95,82.233,25.4,998.4,93.65
1982-07-19T00:00:00,43189099999,KAKINADA,16.95,82.233,24.0,997.7,96.45
1982-07-19T03:00:00,43189099999,KAKINADA,16.95,82.233,24.0,998.5,94.72
1982-07-19T09:00:00,43189099999,KAKINADA,16.95,82.233,24.8,996.4,93.06
1982-07-19T12:00:00,43189099999,KAKINADA,16.95,82.233,25.8,995.9,85.59
1982-07-19T15:00:00,43189099999,KAKINADA,16.95,82.233,26.0,998.6,84.07
1982-07-20T03:00:00,43189099999,KAKINADA,16.95,82.233,27.2,1000.8,78.33
1982-07-20T06:00:00,43189099999,KAKINADA,16.95,82.233,29.6,1001.1,68.54
1982-07-20T09:00:00,43189099999,KAKINADA,16.95,82.233,31.0,999.8,64.41
1982-07-20T12:00:00,43189099999,KAKINADA,16.95,82.233,30.4,999.1,69.11
1982-07-20T15:00:00,43189099999,KAKINADA,16.95,82.233,28.2,1001.5,77.54
1982-07-20T18:00:00,43189099999,KAKINADA,16.95,82.233,28.0,1002.9,84.79
1982-07-20T21:00:00,43189099999,KAKINADA,16.95,82.233,27.0,1001.8,85.71
1982-07-21T00:00:00,43189099999,KAKINADA,16.95,82.233,26.6,1002.0,90.41
1982-07-21T03:00:00,43189099999,KAKINADA,16.95,82.233,28.0,1003.8,83.29
1982-07-21T06:00:00,43189099999,KAKINADA,16.95,82.233,31.5,1003.2,60.38
1982-07-21T12:00:00,43189099999,KAKINADA,16.95,82.233,31.6,1000.9,69.75
1982-07-21T15:00:00,43189099999,KAKINADA,16.95,82.233,28.6,1003.0,77.6
1982-07-21T18:00:00,43189099999,KAKINADA,16.95,82.233,28.0,1004.2,83.29
1982-07-22T03:00:00,43189099999,KAKINADA,16.95,82.233,26.2,1005.5,92.02
1982-07-22T06:00:00,43189099999,KAKINADA,16.95,82.233,29.6,1004.7,75.46
1982-07-22T18:00:00,43189099999,KAKINADA,16.95,82.233,28.4,1005.6,81.86
1982-07-22T21:00:00,43189099999,KAKINADA,16.95,82.233,28.2,1004.7,83.31
1982-07-23T00:00:00,43189099999,KAKINADA,16.95,82.233,28.0,1004.7,78.45
1982-07-23T03:00:00,43189099999,KAKINADA,16.95,82.233,27.2,1005.8,82.7
1982-07-23T06:00:00,43189099999,KAKINADA,16.95,82.233,28.4,1005.6,81.86
1982-07-23T09:00:00,43189099999,KAKINADA,16.95,82.233,29.4,1004.3,76.34
1982-07-24T00:00:00,43189099999,KAKINADA,16.95,82.233,27.0,1006.4,92.07
1982-07-24T03:00:00,43189099999,KAKINADA,16.95,82.233,26.4,1007.9,87.21
1982-07-24T12:00:00,43189099999,KAKINADA,16.95,82.233,28.4,1004.8,83.33
1982-07-24T15:00:00,43189099999,KAKINADA,16.95,82.233,27.8,1007.1,82.77
1982-07-24T18:00:00,43189099999,KAKINADA,16.95,82.233,27.4,1008.1,87.3
1982-07-25T00:00:00,43189099999,KAKINADA,16.95,82.233,26.6,1006.7,92.04
1982-07-25T03:00:00,43189099999,KAKINADA,16.95,82.233,28.4,1008.0,81.86
1982-07-25T06:00:00,43189099999,KAKINADA,16.95,82.233,32.0,1007.2,66.19
1982-07-25T09:00:00,43189099999,KAKINADA,16.95,82.233,33.6,1004.7,58.0
1982-07-25T12:00:00,43189099999,KAKINADA,16.95,82.233,33.0,1003.0,56.83
1982-07-25T15:00:00,43189099999,KAKINADA,16.95,82.233,29.0,1005.4,76.27
1982-07-25T18:00:00,43189099999,KAKINADA,16.95,82.233,28.0,1005.6,80.35
1982-07-25T21:00:00,43189099999,KAKINADA,16.95,82.233,27.2,1003.5,82.7
1982-07-26T03:00:00,43189099999,KAKINADA,16.95,82.233,28.2,1005.1,78.95
1982-07-26T06:00:00,43189099999,KAKINADA,16.95,82.233,31.8,1004.6,63.81
1982-07-26T12:00:00,43189099999,KAKINADA,16.95,82.233,33.0,1001.8,56.14
1982-07-26T15:00:00,43189099999,KAKINADA,16.95,82.233,30.6,1004.2,70.4
1982-07-26T18:00:00,43189099999,KAKINADA,16.95,82.233,27.7,1004.9,75.62
1982-07-26T21:00:00,43189099999,KAKINADA,16.95,82.233,26.2,1003.0,82.58
1982-07-27T15:00:00,43189099999,KAKINADA,16.95,82.233,27.8,1002.3,87.33
1982-07-27T18:00:00,43189099999,KAKINADA,16.95,82.233,27.6,1003.2,82.75
1982-07-28T00:00:00,43189099999,KAKINADA,16.95,82.233,27.0,1001.2,84.18
1982-07-28T06:00:00,43189099999,KAKINADA,16.95,82.233,29.4,1003.5,69.76
1982-07-28T09:00:00,43189099999,KAKINADA,16.95,82.233,31.0,1001.6,65.59
1982-07-28T12:00:00,43189099999,KAKINADA,16.95,82.233,30.2,1001.5,76.91
1982-07-28T15:00:00,43189099999,KAKINADA,16.95,82.233,28.6,1003.0,76.21
1982-07-28T18:00:00,43189099999,KAKINADA,16.95,82.233,26.6,1003.5,90.41
1982-07-29T00:00:00,43189099999,KAKINADA,16.95,82.233,26.4,1002.6,84.12
1982-07-29T06:00:00,43189099999,KAKINADA,16.95,82.233,30.8,1003.3,61.7
1982-07-29T09:00:00,43189099999,KAKINADA,16.95,82.233,32.6,1001.4,59.54
1982-07-29T12:00:00,43189099999,KAKINADA,16.95,82.233,32.4,1000.4,62.8
1982-07-30T03:00:00,43189099999,KAKINADA,16.95,82.233,27.6,1003.2,79.82
1982-07-30T06:00:00,43189099999,KAKINADA,16.95,82.233,31.0,1002.0,65.59
1982-07-30T09:00:00,43189099999,KAKINADA,16.95,82.233,33.8,999.6,54.99
1982-07-30T12:00:00,43189099999,KAKINADA,16.95,82.233,33.0,999.1,57.52
1982-07-30T15:00:00,43189099999,KAKINADA,16.95,82.233,30.0,1001.4,69.04
1982-07-30T18:00:00,43189099999,KAKINADA,16.95,82.233,28.6,1001.9,83.36
1982-07-31T00:00:00,43189099999,KAKINADA,16.95,82.233,27.6,1000.1,79.82
1982-07-31T06:00:00,43189099999,KAKINADA,16.95,82.233,32.4,1000.7,57.03
1982-07-31T09:00:00,43189099999,KAKINADA,16.95,82.233,34.4,998.5,50.98
1982-07-31T12:00:00,43189099999,KAKINADA,16.95,82.233,33.0,997.8,61.08
1982-07-31T15:00:00,43189099999,KAKINADA,16.95,82.233,29.4,1000.0,72.33
1982-07-31T18:00:00,43189099999,KAKINADA,16.95,82.233,28.6,1001.3,80.43
1982-08-01T00:00:00,43189099999,KAKINADA,16.95,82.233,28.0,999.8,84.79
1982-08-01T03:00:00,43189099999,KAKINADA,16.95,82.233,24.0,1001.1,
1982-08-01T06:00:00,43189099999,KAKINADA,16.95,82.233,31.6,1000.5,67.3
1982-08-01T15:00:00,43189099999,KAKINADA,16.95,82.233,29.2,1000.6,74.95
1982-08-01T18:00:00,43189099999,KAKINADA,16.95,82.233,28.8,1001.7,79.03
1982-08-01T21:00:00,43189099999,KAKINADA,16.95,82.233,27.2,1000.8,92.08
1982-08-02T00:00:00,43189099999,KAKINADA,16.95,82.233,27.0,1000.9,88.84
1982-08-02T03:00:00,43189099999,KAKINADA,16.95,82.233,27.8,1003.2,82.77
1982-08-02T06:00:00,43189099999,KAKINADA,16.95,82.233,31.5,1003.4,66.48
1982-08-02T09:00:00,43189099999,KAKINADA,16.95,82.233,32.6,1001.2,65.52
1982-08-02T12:00:00,43189099999,KAKINADA,16.95,82.233,30.2,1001.2,67.84
1982-08-02T18:00:00,43189099999,KAKINADA,16.95,82.233,28.2,1005.1,83.31
1982-08-03T00:00:00,43189099999,KAKINADA,16.95,82.233,27.0,1004.6,87.26
1982-08-03T03:00:00,43189099999,KAKINADA,16.95,82.233,27.8,1006.6,81.3
1982-08-03T06:00:00,43189099999,KAKINADA,16.95,82.233,31.6,1006.1,67.3
1982-08-03T09:00:00,43189099999,KAKINADA,16.95,82.233,33.8,1003.5,59.46
1982-08-03T12:00:00,43189099999,KAKINADA,16.95,82.233,33.0,1002.9,64.45
1982-08-03T18:00:00,43189099999,KAKINADA,16.95,82.233,28.4,1006.2,83.83
1982-08-03T21:00:00,43189099999,KAKINADA,16.95,82.233,27.6,1005.4,87.31
1982-08-04T03:00:00,43189099999,KAKINADA,16.95,82.233,29.2,1007.2,83.42
1982-08-04T06:00:00,43189099999,KAKINADA,16.95,82.233,32.5,1006.0,65.89
1982-08-04T09:00:00,43189099999,KAKINADA,16.95,82.233,35.0,1003.4,54.63
1982-08-04T15:00:00,43189099999,KAKINADA,16.95,82.233,30.4,1005.2,75.59
1982-08-04T18:00:00,43189099999,KAKINADA,16.95,82.233,29.0,1006.2,79.06
1982-08-04T21:00:00,43189099999,KAKINADA,16.95,82.233,28.6,1005.0,76.21
1982-08-05T00:00:00,43189099999,KAKINADA,16.95,82.233,27.6,1004.9,87.31
1982-08-05T09:00:00,43189099999,KAKINADA,16.95,82.233,35.0,1001.9,56.96
1982-08-05T15:00:00,43189099999,KAKINADA,16.95,82.233,30.4,1003.0,71.64
1982-08-05T18:00:00,43189099999,KAKINADA,16.95,82.233,29.2,1003.9,76.3
1982-08-05T21:00:00,43189099999,KAKINADA,16.95,82.233,28.6,1001.9,81.88
1982-08-06T00:00:00,43189099999,KAKINADA,16.95,82.233,28.4,1002.0,87.9
1982-08-06T03:00:00,43189099999,KAKINADA,16.95,82.233,27.0,1003.7,90.44
1982-08-06T06:00:00,43189099999,KAKINADA,16.95,82.233,29.0,1002.5,80.01
1982-08-06T12:00:00,43189099999,KAKINADA,16.95,82.233,29.0,1000.2,72.26
1982-08-06T15:00:00,43189099999,KAKINADA,16.95,82.233,28.0,1002.3,83.29
1982-08-06T18:00:00,43189099999,KAKINADA,16.95,82.233,27.6,,87.31
1982-08-06T21:00:00,43189099999,KAKINADA,16.95,82.233,27.6,1001.5,88.88
1982-08-07T03:00:00,43189099999,KAKINADA,16.95,82.233,26.6,1003.2,88.81
1982-08-07T06:00:00,43189099999,KAKINADA,16.95,82.233,27.2,1004.1,83.7
1982-08-07T09:00:00,43189099999,KAKINADA,16.95,82.233,26.8,1002.1,78.28
1982-08-07T12:00:00,43189099999,KAKINADA,16.95,82.233,27.2,1001.6,85.73
1982-08-07T15:00:00,43189099999,KAKINADA,16.95,82.233,26.6,1003.6,78.72
1982-08-07T18:00:00,43189099999,KAKINADA,16.95,82.233,,1004.3,
1982-08-07T21:00:00,43189099999,KAKINADA,16.95,82.233,26.2,1003.1,92.02
1982-08-08T00:00:00,43189099999,KAKINADA,16.95,82.233,26.4,1003.1,94.81
1982-08-08T03:00:00,43189099999,KAKINADA,16.95,82.233,27.0,1004.6,82.68
1982-08-08T06:00:00,43189099999,KAKINADA,16.95,82.233,29.0,1004.1,74.91
1982-08-08T09:00:00,43189099999,KAKINADA,16.95,82.233,30.6,1002.7,61.66
1982-08-08T12:00:00,43189099999,KAKINADA,16.95,82.233,31.0,1001.6,64.41
1982-08-08T15:00:00,43189099999,KAKINADA,16.95,82.233,28.8,1003.7,79.03
1982-08-08T18:00:00,43189099999,KAKINADA,16.95,82.233,27.4,1004.9,84.22
1982-08-08T21:00:00,43189099999,KAKINADA,16.95,82.233,25.8,1003.5,87.15
1982-08-09T00:00:00,43189099999,KAKINADA,16.95,82.233,25.8,1003.7,88.74
1982-08-09T03:00:00,43189099999,KAKINADA,16.95,82.233,27.6,1004.7,85.77
1982-08-09T06:00:00,43189099999,KAKINADA,16.95,82.233,31.4,1003.7,66.07
1982-08-09T12:00:00,43189099999,KAKINADA,16.95,82.233,32.0,1000.9,63.85
1982-08-09T15:00:00,43189099999,KAKINADA,16.95,82.233,30.0,1002.8,78.26
1982-08-09T18:00:00,43189099999,KAKINADA,16.95,82.233,28.2,1004.0,78.95
1982-08-09T21:00:00,43189099999,KAKINADA,16.95,82.233,27.0,1002.7,81.2
1982-08-10T00:00:00,43189099999,KAKINADA,16.95,82.233,27.4,1002.4,88.87
1982-08-10T03:00:00,43189099999,KAKINADA,16.95,82.233,29.2,1003.2,71.0
1982-08-10T06:00:00,43189099999,KAKINADA,16.95,82.233,30.6,1003.1,66.7
1982-08-10T09:00:00,43189099999,KAKINADA,16.95,82.233,32.0,1001.0,62.71
1982-08-10T12:00:00,43189099999,KAKINADA,16.95,82.233,30.2,1000.6,71.61
1982-08-10T15:00:00,43189099999,KAKINADA,16.95,82.233,28.8,1002.2,76.24
1982-08-10T21:00:00,43189099999,KAKINADA,16.95,82.233,27.0,1001.9,75.5
1982-08-11T00:00:00,43189099999,KAKINADA,16.95,82.233,26.2,1001.1,84.09
1982-08-11T03:00:00,43189099999,KAKINADA,16.95,82.233,27.2,1002.4,76.92
1982-08-11T06:00:00,43189099999,KAKINADA,16.95,82.233,26.4,1002.6,81.12
1982-08-11T09:00:00,43189099999,KAKINADA,16.95,82.233,25.0,1001.5,91.4
1982-08-11T12:00:00,43189099999,KAKINADA,16.95,82.233,24.5,1000.2,87.57
1982-08-11T15:00:00,43189099999,KAKINADA,16.95,82.233,24.8,1001.7,88.13
1982-08-11T18:00:00,43189099999,KAKINADA,16.95,82.233,25.4,1001.8,90.33
1982-08-11T21:00:00,43189099999,KAKINADA,16.95,82.233,24.8,1000.0,86.54
1982-08-12T00:00:00,43189099999,KAKINADA,16.95,82.233,24.6,,93.05
1982-08-12T03:00:00,43189099999,KAKINADA,16.95,82.233,24.0,1001.7,94.72
1982-08-12T06:00:00,43189099999,KAKINADA,16.95,82.233,25.0,1001.3,93.07
1982-08-12T12:00:00,43189099999,KAKINADA,16.95,82.233,26.0,998.4,88.76
1982-08-12T15:00:00,43189099999,KAKINADA,16.95,82.233,25.6,1000.6,88.73
1982-08-12T18:00:00,43189099999,KAKINADA,16.95,82.233,24.0,1001.8,94.72
1982-08-13T00:00:00,43189099999,KAKINADA,16.95,82.233,24.0,,91.34
1982-08-13T03:00:00,43189099999,KAKINADA,16.95,82.233,25.0,1007.6,88.14
1982-08-13T06:00:00,43189099999,KAKINADA,16.95,82.233,28.0,1002.1,78.45
1982-08-13T12:00:00,43189099999,KAKINADA,16.95,82.233,28.0,999.4,80.35
1982-08-13T15:00:00,43189099999,KAKINADA,16.95,82.233,26.2,1002.3,88.77
1982-08-13T21:00:00,43189099999,KAKINADA,16.95,82.233,25.8,1001.2,88.74
1982-08-14T06:00:00,43189099999,KAKINADA,16.95,82.233,30.4,1003.2,66.66
1982-08-14T09:00:00,43189099999,KAKINADA,16.95,82.233,32.0,1001.0,59.04
1982-08-14T12:00:00,43189099999,KAKINADA,16.95,82.233,31.8,1000.9,66.15
1982-08-14T15:00:00,43189099999,KAKINADA,16.95,82.233,28.4,1003.1,81.86
1982-08-14T18:00:00,43189099999,KAKINADA,16.95,82.233,27.8,1003.9,79.85
1982-08-14T21:00:00,43189099999,KAKINADA,16.95,82.233,27.6,1002.3,79.82
1982-08-15T00:00:00,43189099999,KAKINADA,16.95,82.233,27.0,1003.5,84.18
1982-08-15T03:00:00,43189099999,KAKINADA,16.95,82.233,28.0,1005.0,80.35
1982-08-15T06:00:00,43189099999,KAKINADA,16.95,82.233,30.6,1004.1,65.51
1982-08-15T12:00:00,43189099999,KAKINADA,16.95,82.233,31.4,1000.9,63.34
1982-08-15T15:00:00,43189099999,KAKINADA,16.95,82.233,30.0,1001.2,74.18
1982-08-15T18:00:00,43189099999,KAKINADA,16.95,82.233,29.6,1003.7,76.82
1982-08-16T00:00:00,43189099999,KAKINADA,16.95,82.233,27.2,1002.3,78.33
1982-08-16T06:00:00,43189099999,KAKINADA,16.95,82.233,30.8,1002.6,66.74
1982-08-16T18:00:00,43189099999,KAKINADA,16.95,82.233,27.4,1002.6,81.25
1982-08-17T00:00:00,43189099999,KAKINADA,16.95,82.233,25.2,1001.3,89.77
1982-08-17T03:00:00,43189099999,KAKINADA,16.95,82.233,26.8,1003.5,85.69
1982-08-17T06:00:00,43189099999,KAKINADA,16.95,82.233,27.4,1003.7,87.3
1982-08-17T12:00:00,43189099999,KAKINADA,16.95,82.233,27.0,1001.8,92.07
1982-08-17T18:00:00,43189099999,KAKINADA,16.95,82.233,25.8,1004.1,90.36
1982-08-18T00:00:00,43189099999,KAKINADA,16.95,82.233,25.4,1002.6,91.42
1982-08-18T06:00:00,43189099999,KAKINADA,16.95,82.233,28.2,1004.6,80.38
1982-08-18T09:00:00,43189099999,KAKINADA,16.95,82.233,27.0,1002.9,87.26
1982-08-18T12:00:00,43189099999,KAKINADA,16.95,82.233,28.2,1001.5,83.31
1982-08-19T00:00:00,43189099999,KAKINADA,16.95,82.233,24.8,1003.9,93.06
1982-08-19T03:00:00,43189099999,KAKINADA,16.95,82.233,25.0,1003.7,84.99
1982-08-19T12:00:00,43189099999,KAKINADA,16.95,82.233,28.2,1001.0,78.95
1982-08-19T15:00:00,43189099999,KAKINADA,16.95,82.233,27.0,1002.9,87.26
1982-08-20T09:00:00,43189099999,KAKINADA,16.95,82.233,27.0,1001.6,88.84
1982-08-20T12:00:00,43189099999,KAKINADA,16.95,82.233,27.2,1000.7,87.28
1982-08-20T15:00:00,43189099999,KAKINADA,16.95,82.233,27.2,1002.2,90.45
1982-08-21T03:00:00,43189099999,KAKINADA,16.95,82.233,27.4,,81.25
1982-08-21T06:00:00,43189099999,KAKINADA,16.95,82.233,29.5,1003.5,74.55
1982-08-21T09:00:00,43189099999,KAKINADA,16.95,82.233,29.5,1001.6,72.78
1982-08-21T12:00:00,43189099999,KAKINADA,16.95,82.233,29.0,1001.0,80.48
1982-08-21T15:00:00,43189099999,KAKINADA,16.95,82.233,26.5,1002.9,90.95
1982-08-21T18:00:00,43189099999,KAKINADA,16.95,82.233,26.6,1002.8,87.23
1982-08-21T21:00:00,43189099999,KAKINADA,16.95,82.233,26.0,1002.4,87.17
1982-08-22T00:00:00,43189099999,KAKINADA,16.95,82.233,25.8,1002.2,93.11
1982-08-22T03:00:00,43189099999,KAKINADA,16.95,82.233,27.8,1003.3,83.27
1982-08-22T06:00:00,43189099999,KAKINADA,16.95,82.233,30.2,1002.9,66.22
1982-08-22T09:00:00,43189099999,KAKINADA,16.95,82.233,30.5,1001.6,68.72
1982-08-22T12:00:00,43189099999,KAKINADA,16.95,82.233,27.0,1001.6,87.26
1982-08-22T15:00:00,43189099999,KAKINADA,16.95,82.233,26.8,1002.7,95.39
1982-08-22T18:00:00,43189099999,KAKINADA,16.95,82.233,24.4,1004.5,96.46
1982-08-23T00:00:00,43189099999,KAKINADA,16.95,82.233,24.4,1003.9,96.46
1982-08-23T03:00:00,43189099999,KAKINADA,16.95,82.233,25.8,1004.6,88.74
1982-08-23T06:00:00,43189099999,KAKINADA,16.95,82.233,27.6,1004.3,82.75
1982-08-23T09:00:00,43189099999,KAKINADA,16.95,82.233,31.0,1001.9,72.17
1982-08-23T12:00:00,43189099999,KAKINADA,16.95,82.233,28.2,1001.1,79.42
1982-08-23T15:00:00,43189099999,KAKINADA,16.95,82.233,27.6,1003.2,82.75
1982-08-23T18:00:00,43189099999,KAKINADA,16.95,82.233,26.5,1004.4,87.74
1982-08-23T21:00:00,43189099999,KAKINADA,16.95,82.233,26.8,1003.8,85.69
1982-08-24T00:00:00,43189099999,KAKINADA,16.95,82.233,27.0,1003.4,88.84
1982-08-24T03:00:00,43189099999,KAKINADA,16.95,82.233,28.8,1005.3,77.63
1982-08-24T06:00:00,43189099999,KAKINADA,16.95,82.233,31.2,1004.6,61.05
1982-08-24T09:00:00,43189099999,KAKINADA,16.95,82.233,33.0,1002.2,58.57
1982-08-24T12:00:00,43189099999,KAKINADA,16.95,82.233,34.0,1002.3,56.05
1982-08-24T18:00:00,43189099999,KAKINADA,16.95,82.233,28.5,1004.3,80.9
1982-08-24T21:00:00,43189099999,KAKINADA,16.95,82.233,24.5,1003.6,95.31
1982-08-25T00:00:00,43189099999,KAKINADA,16.95,82.233,25.4,1004.4,93.09
1982-08-25T03:00:00,43189099999,KAKINADA,16.95,82.233,27.2,1005.4,85.73
1982-08-25T06:00:00,43189099999,KAKINADA,16.95,82.233,30.2,1004.8,69.07
1982-08-25T09:00:00,43189099999,KAKINADA,16.95,82.233,30.6,1002.3,66.7
1982-08-25T12:00:00,43189099999,KAKINADA,16.95,82.233,29.6,1002.0,74.12
1982-08-25T15:00:00,43189099999,KAKINADA,16.95,82.233,28.4,1003.1,80.41
1982-08-25T18:00:00,43189099999,KAKINADA,16.95,82.233,28.2,1003.7,80.38
1982-08-25T21:00:00,43189099999,KAKINADA,16.95,82.233,,1001.5,
1982-08-26T00:00:00,43189099999,KAKINADA,16.95,82.233,25.4,1002.1,81.99
1982-08-26T06:00:00,43189099999,KAKINADA,16.95,82.233,31.6,1003.0,58.95
1982-08-26T09:00:00,43189099999,KAKINADA,16.95,82.233,31.2,1001.4,62.16
1982-08-26T12:00:00,43189099999,KAKINADA,16.95,82.233,30.2,1001.4,66.22
1982-08-26T15:00:00,43189099999,KAKINADA,16.95,82.233,28.6,1002.6,79.0
1982-08-26T18:00:00,43189099999,KAKINADA,16.95,82.233,28.0,1004.9,83.29
1982-08-26T21:00:00,43189099999,KAKINADA,16.95,82.233,27.6,1001.6,75.6
1982-08-27T00:00:00,43189099999,KAKINADA,16.95,82.233,26.2,1001.7,85.63
1982-08-27T06:00:00,43189099999,KAKINADA,16.95,82.233,28.0,1003.6,85.81
1982-08-27T09:00:00,43189099999,KAKINADA,16.95,82.233,29.8,1000.7,72.83
1982-08-27T12:00:00,43189099999,KAKINADA,16.95,82.233,28.8,1001.0,76.24
1982-08-27T15:00:00,43189099999,KAKINADA,16.95,82.233,27.4,1002.9,75.57
1982-08-27T18:00:00,43189099999,KAKINADA,16.95,82.233,25.0,1003.5,89.76
1982-08-27T21:00:00,43189099999,KAKINADA,16.95,82.233,24.2,1002.1,91.35
1982-08-28T00:00:00,43189099999,KAKINADA,16.95,82.233,25.4,1003.1,85.03
1982-08-28T03:00:00,43189099999,KAKINADA,16.95,82.233,26.6,1004.6,82.63
1982-08-28T06:00:00,43189099999,KAKINADA,16.95,82.233,28.4,1004.0,81.86
1982-08-28T12:00:00,43189099999,KAKINADA,16.95,82.233,27.6,1001.5,79.82
1982-08-28T15:00:00,43189099999,KAKINADA,16.95,82.233,26.8,1003.2,82.65
1982-08-28T18:00:00,43189099999,KAKINADA,16.95,82.233,26.6,1003.1,81.15
1982-08-29T00:00:00,43189099999,KAKINADA,16.95,82.233,26.4,1002.7,87.21
1982-08-29T03:00:00,43189099999,KAKINADA,16.95,82.233,27.8,1004.4,82.77
1982-08-29T09:00:00,43189099999,KAKINADA,16.95,82.233,31.4,1001.4,62.21
1982-08-29T15:00:00,43189099999,KAKINADA,16.95,82.233,28.2,1003.1,78.95
1982-08-29T18:00:00,43189099999,KAKINADA,16.95,82.233,27.0,1004.0,79.74
1982-08-29T21:00:00,43189099999,KAKINADA,16.95,82.233,27.0,1004.0,85.71
1982-08-30T00:00:00,43189099999,KAKINADA,16.95,82.233,26.9,1003.9,87.78
1982-08-30T03:00:00,43189099999,KAKINADA,16.95,82.233,28.5,1005.6,80.9
1982-08-30T06:00:00,43189099999,KAKINADA,16.95,82.233,31.2,1005.5,61.05
1982-08-30T09:00:00,43189099999,KAKINADA,16.95,82.233,32.2,1003.0,58.03
1982-08-30T12:00:00,43189099999,KAKINADA,16.95,82.233,30.4,1003.4,75.59
1982-08-30T15:00:00,43189099999,KAKINADA,16.95,82.233,28.5,1005.8,83.84
1982-08-30T18:00:00,43189099999,KAKINADA,16.95,82.233,27.0,1006.1,87.26
1982-08-30T21:00:00,43189099999,KAKINADA,16.95,82.233,26.5,1005.6,87.74
1982-08-31T00:00:00,43189099999,KAKINADA,16.95,82.233,26.2,1006.3,90.38
1982-08-31T03:00:00,43189099999,KAKINADA,16.95,82.233,28.8,1008.2,79.03
1982-08-31T06:00:00,43189099999,KAKINADA,16.95,82.233,32.0,1007.4,63.85
1982-08-31T09:00:00,43189099999,KAKINADA,16.95,82.233,33.5,1005.2,56.6
1982-08-31T12:00:00,43189099999,KAKINADA,16.95,82.233,32.6,1004.7,65.52
1982-08-31T15:00:00,43189099999,KAKINADA,16.95,82.233,28.8,1007.0,80.46
1982-08-31T18:00:00,43189099999,KAKINADA,16.95,82.233,27.6,1007.9,84.25
1982-08-31T21:00:00,43189099999,KAKINADA,16.95,82.233,27.0,1006.6,69.74
1982-09-01T00:00:00,43189099999,KAKINADA,16.95,82.233,26.5,1007.2,90.95
1982-09-01T06:00:00,43189099999,KAKINADA,16.95,82.233,32.6,1008.2,63.22
1982-09-01T09:00:00,43189099999,KAKINADA,16.95,82.233,34.0,,61.66
1982-09-01T12:00:00,43189099999,KAKINADA,16.95,82.233,32.0,1004.8,74.95
1982-09-01T15:00:00,43189099999,KAKINADA,16.95,82.233,28.8,1007.2,84.87
1982-09-01T18:00:00,43189099999,KAKINADA,16.95,82.233,26.6,1007.1,82.63
1982-09-01T21:00:00,43189099999,KAKINADA,16.95,82.233,26.0,1005.8,88.76
1982-09-02T00:00:00,43189099999,KAKINADA,16.95,82.233,26.0,1005.4,90.37
1982-09-02T03:00:00,43189099999,KAKINADA,16.95,82.233,29.0,1007.2,76.27
1982-09-02T06:00:00,43189099999,KAKINADA,16.95,82.233,32.6,1007.3,64.36
1982-09-02T09:00:00,43189099999,KAKINADA,16.95,82.233,34.2,1004.7,58.49
1982-09-02T12:00:00,43189099999,KAKINADA,16.95,82.233,26.8,1005.0,81.17
1982-09-02T15:00:00,43189099999,KAKINADA,16.95,82.233,26.4,1005.6,81.12
1982-09-02T18:00:00,43189099999,KAKINADA,16.95,82.233,26.0,1006.3,90.37
1982-09-02T21:00:00,43189099999,KAKINADA,16.95,82.233,25.8,1004.8,90.36
1982-09-03T00:00:00,43189099999,KAKINADA,16.95,82.233,25.4,1005.2,88.18
1982-09-03T03:00:00,43189099999,KAKINADA,16.95,82.233,28.6,1007.4,73.51
1982-09-03T06:00:00,43189099999,KAKINADA,16.95,82.233,32.2,1006.6,66.23
1982-09-03T12:00:00,43189099999,KAKINADA,16.95,82.233,33.2,1004.3,68.42
1982-09-03T15:00:00,43189099999,KAKINADA,16.95,82.233,28.6,,74.85
1982-09-03T18:00:00,43189099999,KAKINADA,16.95,82.233,27.4,1007.0,84.22
1982-09-04T00:00:00,43189099999,KAKINADA,16.95,82.233,26.2,1005.5,90.38
1982-09-04T03:00:00,43189099999,KAKINADA,16.95,82.233,29.2,1007.4,74.95
1982-09-04T06:00:00,43189099999,KAKINADA,16.95,82.233,32.2,1006.7,62.76
1982-09-04T12:00:00,43189099999,KAKINADA,16.95,82.233,33.3,1003.4,65.28
1982-09-04T15:00:00,43189099999,KAKINADA,16.95,82.233,30.0,1005.7,67.39
1982-09-04T18:00:00,43189099999,KAKINADA,16.95,82.233,28.6,1005.7,79.0
1982-09-04T21:00:00,43189099999,KAKINADA,16.95,82.233,27.8,1004.3,85.79
1982-09-05T00:00:00,43189099999,KAKINADA,16.95,82.233,27.5,1005.0,87.83
1982-09-05T03:00:00,43189099999,KAKINADA,16.95,82.233,30.2,1006.0,76.91
1982-09-05T06:00:00,43189099999,KAKINADA,16.95,82.233,33.0,1005.2,55.47
1982-09-05T09:00:00,43189099999,KAKINADA,16.95,82.233,33.5,1003.0,58.68
1982-09-05T12:00:00,43189099999,KAKINADA,16.95,82.233,32.6,1003.1,35.32
1982-09-05T15:00:00,43189099999,KAKINADA,16.95,82.233,28.4,1005.3,63.86
1982-09-05T18:00:00,43189099999,KAKINADA,16.95,82.233,27.2,1005.2,69.77
1982-09-05T21:00:00,43189099999,KAKINADA,16.95,82.233,27.0,1003.2,73.69
1982-09-06T00:00:00,43189099999,KAKINADA,16.95,82.233,26.0,1003.7,80.58
1982-09-06T03:00:00,43189099999,KAKINADA,16.95,82.233,27.0,1005.6,78.31
1982-09-06T06:00:00,43189099999,KAKINADA,16.95,82.233,29.8,1005.1,64.95
1982-09-06T09:00:00,43189099999,KAKINADA,16.95,82.233,31.2,1003.2,61.05
1982-09-06T12:00:00,43189099999,KAKINADA,16.95,82.233,28.6,1002.5,72.19
1982-09-06T15:00:00,43189099999,KAKINADA,16.95,82.233,27.2,1004.4,79.77
1982-09-06T18:00:00,43189099999,KAKINADA,16.95,82.233,27.0,1004.0,82.68
1982-09-06T21:00:00,43189099999,KAKINADA,16.95,82.233,26.7,1003.5,82.64
1982-09-07T00:00:00,43189099999,KAKINADA,16.95,82.233,26.0,1004.2,87.17
1982-09-07T03:00:00,43189099999,KAKINADA,16.95,82.233,29.0,1005.2,73.58
1982-09-07T06:00:00,43189099999,KAKINADA,16.95,82.233,31.6,1004.7,64.93
1982-09-07T12:00:00,43189099999,KAKINADA,16.95,82.233,31.0,1001.8,69.23
1982-09-07T15:00:00,43189099999,KAKINADA,16.95,82.233,29.0,1003.2,76.27
1982-09-07T18:00:00,43189099999,KAKINADA,16.95,82.233,28.4,1003.5,80.41
1982-09-07T21:00:00,43189099999,KAKINADA,16.95,82.233,27.6,1002.0,85.77
1982-09-08T00:00:00,43189099999,KAKINADA,16.95,82.233,27.4,1001.4,81.25
1982-09-08T03:00:00,43189099999,KAKINADA,16.95,82.233,29.0,1003.1,76.27
1982-09-08T06:00:00,43189099999,KAKINADA,16.95,82.233,30.0,1002.3,71.57
1982-09-08T09:00:00,43189099999,KAKINADA,16.95,82.233,30.0,999.8,72.87
1982-09-08T12:00:00,43189099999,KAKINADA,16.95,82.233,29.0,1000.1,79.06
1982-09-08T15:00:00,43189099999,KAKINADA,16.95,82.233,27.2,1002.8,90.45
1982-09-08T18:00:00,43189099999,KAKINADA,16.95,82.233,26.8,1001.7,93.71
1982-09-08T21:00:00,43189099999,KAKINADA,16.95,82.233,26.8,1000.0,93.71
1982-09-09T00:00:00,43189099999,KAKINADA,16.95,82.233,26.2,,96.51
1982-09-09T03:00:00,43189099999,KAKINADA,16.95,82.233,25.8,1002.1,94.79
1982-09-09T06:00:00,43189099999,KAKINADA,16.95,82.233,25.8,1002.0,96.5
1982-09-09T09:00:00,43189099999,KAKINADA,16.95,82.233,26.0,1000.3,96.5
1982-09-09T12:00:00,43189099999,KAKINADA,16.95,82.233,26.0,999.6,96.5
1982-09-09T15:00:00,43189099999,KAKINADA,16.95,82.233,26.0,1000.9,94.8
1982-09-09T18:00:00,43189099999,KAKINADA,16.95,82.233,26.2,1001.3,96.51
1982-09-09T21:00:00,43189099999,KAKINADA,16.95,82.233,26.0,1000.7,96.5
1982-09-10T00:00:00,43189099999,KAKINADA,16.95,82.233,25.6,1000.4,94.78
1982-09-10T03:00:00,43189099999,KAKINADA,16.95,82.233,26.6,1002.4,90.41
1982-09-10T06:00:00,43189099999,KAKINADA,16.95,82.233,29.6,1001.6,67.31
1982-09-10T09:00:00,43189099999,KAKINADA,16.95,82.233,30.6,1000.0,70.4
1982-09-10T12:00:00,43189099999,KAKINADA,16.95,82.233,29.2,1000.1,76.3
1982-09-10T15:00:00,43189099999,KAKINADA,16.95,82.233,27.8,1002.4,87.33
1982-09-10T18:00:00,43189099999,KAKINADA,16.95,82.233,27.2,1003.3,88.85
1982-09-11T00:00:00,43189099999,KAKINADA,16.95,82.233,27.0,1003.6,79.74
1982-09-11T03:00:00,43189099999,KAKINADA,16.95,82.233,28.2,1005.0,81.83
1982-09-11T06:00:00,43189099999,KAKINADA,16.95,82.233,29.6,1005.0,67.31
1982-09-11T09:00:00,43189099999,KAKINADA,16.95,82.233,31.0,1002.3,72.17
1982-09-11T12:00:00,43189099999,KAKINADA,16.95,82.233,30.6,1002.3,74.28
1982-09-11T15:00:00,43189099999,KAKINADA,16.95,82.233,28.2,1004.0,84.81
1982-09-12T00:00:00,43189099999,KAKINADA,16.95,82.233,26.8,1004.5,93.71
1982-09-12T06:00:00,43189099999,KAKINADA,16.95,82.233,30.4,1004.9,75.59
1982-09-12T09:00:00,43189099999,KAKINADA,16.95,82.233,31.5,1002.2,68.09
1982-09-12T12:00:00,43189099999,KAKINADA,16.95,82.233,31.0,1002.2,66.78
1982-09-12T18:00:00,43189099999,KAKINADA,16.95,82.233,28.4,,78.98
1982-09-12T21:00:00,43189099999,KAKINADA,16.95,82.233,27.8,1003.7,90.49
1982-09-13T00:00:00,43189099999,KAKINADA,16.95,82.233,27.4,1004.6,92.09
1982-09-13T03:00:00,43189099999,KAKINADA,16.95,82.233,29.5,1006.2,81.51
1982-09-13T06:00:00,43189099999,KAKINADA,16.95,82.233,32.5,1004.9,68.28
1982-09-13T09:00:00,43189099999,KAKINADA,16.95,82.233,33.6,1001.8,62.68
1982-09-13T12:00:00,43189099999,KAKINADA,16.95,82.233,25.8,1002.2,94.79
1982-09-13T15:00:00,43189099999,KAKINADA,16.95,82.233,27.5,1004.6,93.19
1982-09-13T18:00:00,43189099999,KAKINADA,16.95,82.233,27.0,1005.4,92.07
1982-09-13T21:00:00,43189099999,KAKINADA,16.95,82.233,26.6,1004.4,95.95
1982-09-14T00:00:00,43189099999,KAKINADA,16.95,82.233,26.6,1005.5,94.82
1982-09-14T12:00:00,43189099999,KAKINADA,16.95,82.233,26.8,1005.3,85.69
1982-09-14T15:00:00,43189099999,KAKINADA,16.95,82.233,27.0,1007.3,85.71
1982-09-14T18:00:00,43189099999,KAKINADA,16.95,82.233,26.5,1007.4,86.69
1982-09-15T00:00:00,43189099999,KAKINADA,16.95,82.233,26.6,1007.4,90.41
1982-09-15T06:00:00,43189099999,KAKINADA,16.95,82.233,29.3,1009.4,77.24
1982-09-15T12:00:00,43189099999,KAKINADA,16.95,82.233,31.4,1005.5,68.48
1982-09-15T15:00:00,43189099999,KAKINADA,16.95,82.233,29.8,1006.6,79.64
1982-09-15T18:00:00,43189099999,KAKINADA,16.95,82.233,28.8,1006.7,90.56
1982-09-15T21:00:00,43189099999,KAKINADA,16.95,82.233,27.5,1001.3,92.64
1982-09-16T09:00:00,43189099999,KAKINADA,16.95,82.233,31.0,1005.8,77.49
1982-09-16T12:00:00,43189099999,KAKINADA,16.95,82.233,32.4,1005.6,70.73
1982-09-16T21:00:00,43189099999,KAKINADA,16.95,82.233,27.6,1007.0,93.74
1982-09-17T00:00:00,43189099999,KAKINADA,16.95,82.233,27.5,,93.19
1982-09-17T03:00:00,43189099999,KAKINADA,16.95,82.233,29.2,1009.1,86.43
1982-09-17T06:00:00,43189099999,KAKINADA,16.95,82.233,31.6,1008.2,73.57
1982-09-17T09:00:00,43189099999,KAKINADA,16.95,82.233,32.8,1005.6,72.91
1982-09-17T12:00:00,43189099999,KAKINADA,16.95,82.233,30.4,1006.6,74.25
1982-09-17T15:00:00,43189099999,KAKINADA,16.95,82.233,28.0,1007.8,84.79
1982-09-17T18:00:00,43189099999,KAKINADA,16.95,82.233,28.2,1008.4,87.37
1982-09-17T21:00:00,43189099999,KAKINADA,16.95,82.233,26.6,1007.3,85.67
1982-09-18T00:00:00,43189099999,KAKINADA,16.95,82.233,26.4,1007.6,92.03
1982-09-18T03:00:00,43189099999,KAKINADA,16.95,82.233,29.2,1010.0,84.92
1982-09-18T09:00:00,43189099999,KAKINADA,16.95,82.233,32.0,1007.6,88.71
1982-09-18T12:00:00,43189099999,KAKINADA,16.95,82.233,30.4,1007.6,71.64
1982-09-18T15:00:00,43189099999,KAKINADA,16.95,82.233,29.2,1009.6,76.3
1982-09-18T18:00:00,43189099999,KAKINADA,16.95,82.233,28.8,1010.2,76.24
1982-09-18T21:00:00,43189099999,KAKINADA,16.95,82.233,28.0,1008.6,85.81
1982-09-19T00:00:00,43189099999,KAKINADA,16.95,82.233,26.2,1009.3,92.02
1982-09-19T06:00:00,43189099999,KAKINADA,16.95,82.233,30.6,1010.9,76.97
1982-09-19T12:00:00,43189099999,KAKINADA,16.95,82.233,30.4,1008.4,69.11
1982-09-19T18:00:00,43189099999,KAKINADA,16.95,82.233,28.8,1010.6,80.46
1982-09-19T21:00:00,43189099999,KAKINADA,16.95,82.233,26.2,1009.2,92.02
1982-09-20T03:00:00,43189099999,KAKINADA,16.95,82.233,27.4,1012.0,92.09
1982-09-20T06:00:00,43189099999,KAKINADA,16.95,82.233,31.0,1010.8,72.17
1982-09-20T09:00:00,43189099999,KAKINADA,16.95,82.233,31.8,1008.0,64.97
1982-09-20T12:00:00,43189099999,KAKINADA,16.95,82.233,30.2,1007.9,70.33
1982-09-20T21:00:00,43189099999,KAKINADA,16.95,82.233,27.2,1009.2,90.99
1982-09-21T00:00:00,43189099999,KAKINADA,16.95,82.233,26.6,1009.5,92.04
1982-09-21T06:00:00,43189099999,KAKINADA,16.95,82.233,29.6,1010.0,76.82
1982-09-21T09:00:00,43189099999,KAKINADA,16.95,82.233,31.4,1007.3,72.24
1982-09-21T12:00:00,43189099999,KAKINADA,16.95,82.233,31.5,1007.0,68.91
1982-09-21T15:00:00,43189099999,KAKINADA,16.95,82.233,28.6,1009.0,84.85
1982-09-21T18:00:00,43189099999,KAKINADA,16.95,82.233,27.6,1008.9,87.31
1982-09-22T00:00:00,43189099999,KAKINADA,16.95,82.233,26.6,1007.9,92.04
1982-09-22T06:00:00,43189099999,KAKINADA,16.95,82.233,32.0,1006.6,66.19
1982-09-22T12:00:00,43189099999,KAKINADA,16.95,82.233,28.4,1005.4,70.42
1982-09-22T15:00:00,43189099999,KAKINADA,16.95,82.233,25.8,1007.0,85.59
1982-09-22T18:00:00,43189099999,KAKINADA,16.95,82.233,25.8,1007.0,88.74
1982-09-22T21:00:00,43189099999,KAKINADA,16.95,82.233,25.4,1005.5,90.33
1982-09-23T00:00:00,43189099999,KAKINADA,16.95,82.233,25.4,1005.6,93.09
1982-09-23T03:00:00,43189099999,KAKINADA,16.95,82.233,28.2,1007.9,83.31
1982-09-23T06:00:00,43189099999,KAKINADA,16.95,82.233,31.0,,71.32
1982-09-23T12:00:00,43189099999,KAKINADA,16.95,82.233,30.6,1005.2,70.4
1982-09-23T15:00:00,43189099999,KAKINADA,16.95,82.233,27.7,1007.7,78.88
1982-09-23T21:00:00,43189099999,KAKINADA,16.95,82.233,26.0,1006.8,90.37
1982-09-24T00:00:00,43189099999,KAKINADA,16.95,82.233,25.6,1006.4,90.34
1982-09-24T03:00:00,43189099999,KAKINADA,16.95,82.233,28.0,1008.6,81.81
1982-09-24T06:00:00,43189099999,KAKINADA,16.95,82.233,33.0,1008.2,58.21
1982-09-24T09:00:00,43189099999,KAKINADA,16.95,82.233,31.8,1005.5,63.81
1982-09-24T15:00:00,43189099999,KAKINADA,16.95,82.233,28.8,1008.5,80.46
1982-09-24T18:00:00,43189099999,KAKINADA,16.95,82.233,27.8,1008.6,85.79
1982-09-24T21:00:00,43189099999,KAKINADA,16.95,82.233,27.6,1006.9,93.74
1982-09-25T00:00:00,43189099999,KAKINADA,16.95,82.233,25.0,1007.6,96.48
1982-09-25T03:00:00,43189099999,KAKINADA,16.95,82.233,25.6,1009.9,91.44
1982-09-25T06:00:00,43189099999,KAKINADA,16.95,82.233,26.6,1009.4,90.41
1982-09-25T09:00:00,43189099999,KAKINADA,16.95,82.233,28.8,1006.6,79.03
1982-09-25T12:00:00,43189099999,KAKINADA,16.95,82.233,28.6,1006.8,73.51
1982-09-25T18:00:00,43189099999,KAKINADA,16.95,82.233,27.0,1009.5,85.71
1982-09-25T21:00:00,43189099999,KAKINADA,16.95,82.233,28.6,1008.1,95.45
1982-09-26T00:00:00,43189099999,KAKINADA,16.95,82.233,24.2,1008.1,93.03
1982-09-26T03:00:00,43189099999,KAKINADA,16.95,82.233,26.0,1010.0,88.76
1982-09-26T06:00:00,43189099999,KAKINADA,16.95,82.233,28.6,1009.8,81.88
1982-09-26T09:00:00,43189099999,KAKINADA,16.95,82.233,30.8,1006.5,67.95
1982-09-26T12:00:00,43189099999,KAKINADA,16.95,82.233,30.4,1007.2,69.11
1982-09-26T15:00:00,43189099999,KAKINADA,16.95,82.233,27.6,1009.1,85.77
1982-09-26T18:00:00,43189099999,KAKINADA,16.95,82.233,26.2,1009.0,85.63
1982-09-26T21:00:00,43189099999,KAKINADA,16.95,82.233,26.2,1007.5,88.77
1982-09-27T00:00:00,43189099999,KAKINADA,16.95,82.233,25.6,1008.0,90.34
1982-09-27T03:00:00,43189099999,KAKINADA,16.95,82.233,27.6,1010.1,82.75
1982-09-27T06:00:00,43189099999,KAKINADA,16.95,82.233,31.0,1008.7,65.59
1982-09-27T09:00:00,43189099999,KAKINADA,16.95,82.233,32.0,1005.8,65.01
1982-09-27T12:00:00,43189099999,KAKINADA,16.95,82.233,31.0,1006.1,67.99
1982-09-27T18:00:00,43189099999,KAKINADA,16.95,82.233,26.4,1008.9,84.62
1982-09-28T00:00:00,43189099999,KAKINADA,16.95,82.233,25.8,1007.3,90.36
1982-09-28T03:00:00,43189099999,KAKINADA,16.95,82.233,27.6,1009.1,85.77
1982-09-28T06:00:00,43189099999,KAKINADA,16.95,82.233,32.0,1008.2,71.08
1982-09-28T09:00:00,43189099999,KAKINADA,16.95,82.233,29.0,1005.5,73.58
1982-09-28T12:00:00,43189099999,KAKINADA,16.95,82.233,29.4,1006.4,71.46
1982-09-28T18:00:00,43189099999,KAKINADA,16.95,82.233,26.8,1008.7,
1982-09-28T21:00:00,43189099999,KAKINADA,16.95,82.233,25.8,1007.6,93.11
1982-09-29T00:00:00,43189099999,KAKINADA,16.95,82.233,25.0,1008.2,94.76
1982-09-29T03:00:00,43189099999,KAKINADA,16.95,82.233,27.4,1010.1,76.49
1982-09-29T06:00:00,43189099999,KAKINADA,16.95,82.233,30.0,1009.9,66.18
1982-09-29T09:00:00,43189099999,KAKINADA,16.95,82.233,31.0,1007.2,65.59
1982-09-29T12:00:00,43189099999,KAKINADA,16.95,82.233,30.0,1007.0,74.18
1982-09-29T15:00:00,43189099999,KAKINADA,16.95,82.233,27.8,1008.7,85.79
1982-09-29T18:00:00,43189099999,KAKINADA,16.95,82.233,27.0,1009.1,90.44
1982-09-29T21:00:00,43189099999,KAKINADA,16.95,82.233,27.0,1008.2,90.44
1982-09-30T00:00:00,43189099999,KAKINADA,16.95,82.233,25.2,1008.7,93.08
1982-09-30T03:00:00,43189099999,KAKINADA,16.95,82.233,27.4,1010.8,77.89
1982-09-30T06:00:00,43189099999,KAKINADA,16.95,82.233,32.4,1010.1,58.43
1982-09-30T12:00:00,43189099999,KAKINADA,16.95,82.233,31.5,1007.8,59.65
1982-09-30T15:00:00,43189099999,KAKINADA,16.95,82.233,29.2,1009.8,83.42
1982-09-30T18:00:00,43189099999,KAKINADA,16.95,82.233,27.8,1010.0,88.9
1982-09-30T21:00:00,43189099999,KAKINADA,16.95,82.233,26.6,1008.4,92.04
1982-10-01T00:00:00,43189099999,KAKINADA,16.95,82.233,26.1,1008.8,93.12
1982-10-01T03:00:00,43189099999,KAKINADA,16.95,82.233,28.5,1010.8,74.38
1982-10-01T06:00:00,43189099999,KAKINADA,16.95,82.233,33.0,1010.2,59.99
1982-10-01T09:00:00,43189099999,KAKINADA,16.95,82.233,34.8,1007.5,39.47
1982-10-01T12:00:00,43189099999,KAKINADA,16.95,82.233,31.4,1008.1,74.85
1982-10-02T00:00:00,43189099999,KAKINADA,16.95,82.233,27.0,1010.6,78.31
1982-10-02T03:00:00,43189099999,KAKINADA,16.95,82.233,30.0,1012.9,66.18
1982-10-02T06:00:00,43189099999,KAKINADA,16.95,82.233,32.2,1012.2,70.69
1982-10-02T09:00:00,43189099999,KAKINADA,16.95,82.233,32.6,1010.1,67.9
1982-10-02T12:00:00,43189099999,KAKINADA,16.95,82.233,30.8,1010.6,75.65
1982-10-02T18:00:00,43189099999,KAKINADA,16.95,82.233,27.8,1012.8,84.27
1982-10-03T00:00:00,43189099999,KAKINADA,16.95,82.233,25.2,1013.1,88.16
1982-10-03T03:00:00,43189099999,KAKINADA,16.95,82.233,28.4,1015.1,84.83
1982-10-03T06:00:00,43189099999,KAKINADA,16.95,82.233,32.2,1014.8,62.76
1982-10-03T09:00:00,43189099999,KAKINADA,16.95,82.233,32.2,1012.1,61.64
1982-10-03T12:00:00,43189099999,KAKINADA,16.95,82.233,30.0,1011.9,61.15
1982-10-03T15:00:00,43189099999,KAKINADA,16.95,82.233,27.4,1013.9,78.36
1982-10-03T18:00:00,43189099999,KAKINADA,16.95,82.233,26.8,1013.5,85.69
1982-10-03T21:00:00,43189099999,KAKINADA,16.95,82.233,25.6,1012.7,82.01
1982-10-04T00:00:00,43189099999,KAKINADA,16.95,82.233,25.2,1013.1,81.96
1982-10-04T03:00:00,43189099999,KAKINADA,16.95,82.233,29.0,1015.1,70.96
1982-10-04T06:00:00,43189099999,KAKINADA,16.95,82.233,31.8,1014.1,61.18
1982-10-04T09:00:00,43189099999,KAKINADA,16.95,82.233,32.4,1010.5,58.43
1982-10-04T15:00:00,43189099999,KAKINADA,16.95,82.233,28.4,1012.5,80.41
1982-10-04T18:00:00,43189099999,KAKINADA,16.95,82.233,27.7,1012.6,83.75
1982-10-04T21:00:00,43189099999,KAKINADA,16.95,82.233,27.2,1011.4,84.2
1982-10-05T03:00:00,43189099999,KAKINADA,16.95,82.233,29.0,1014.0,72.26
1982-10-05T09:00:00,43189099999,KAKINADA,16.95,82.233,32.5,1010.9,52.39
1982-10-05T12:00:00,43189099999,KAKINADA,16.95,82.233,29.8,1011.4,64.95
1982-10-05T18:00:00,43189099999,KAKINADA,16.95,82.233,27.0,1013.9,79.74
1982-10-05T21:00:00,43189099999,KAKINADA,16.95,82.233,26.0,1012.2,84.07
1982-10-06T00:00:00,43189099999,KAKINADA,16.95,82.233,25.2,1012.9,88.16
1982-10-06T06:00:00,43189099999,KAKINADA,16.95,82.233,32.4,1014.7,57.03
1982-10-06T09:00:00,43189099999,KAKINADA,16.95,82.233,32.2,1011.8,58.03
1982-10-06T12:00:00,43189099999,KAKINADA,16.95,82.233,30.0,1011.1,69.04
1982-10-06T15:00:00,43189099999,KAKINADA,16.95,82.233,28.9,1013.4,72.68
1982-10-06T18:00:00,43189099999,KAKINADA,16.95,82.233,27.2,1013.5,78.33
1982-10-06T21:00:00,43189099999,KAKINADA,16.95,82.233,26.4,1012.0,82.61
1982-10-07T00:00:00,43189099999,KAKINADA,16.95,82.233,,1012.6,
1982-10-07T03:00:00,43189099999,KAKINADA,16.95,82.233,24.1,1012.6,
1982-10-07T06:00:00,43189099999,KAKINADA,16.95,82.233,31.8,1013.1,63.81
1982-10-07T09:00:00,43189099999,KAKINADA,16.95,82.233,33.2,1009.2,62.23
1982-10-07T12:00:00,43189099999,KAKINADA,16.95,82.233,31.0,1010.1,58.81
1982-10-07T15:00:00,43189099999,KAKINADA,16.95,82.233,25.4,1011.2,83.5
1982-10-07T18:00:00,43189099999,KAKINADA,16.95,82.233,25.8,1011.5,84.05
1982-10-07T21:00:00,43189099999,KAKINADA,16.95,82.233,25.8,1009.9,84.56
1982-10-08T00:00:00,43189099999,KAKINADA,16.95,82.233,25.5,1010.2,89.79
1982-10-08T03:00:00,43189099999,KAKINADA,16.95,82.233,28.6,1012.6,73.51
1982-10-08T06:00:00,43189099999,KAKINADA,16.95,82.233,32.2,1011.9,63.9
1982-10-08T09:00:00,43189099999,KAKINADA,16.95,82.233,34.8,1008.7,57.59
1982-10-08T12:00:00,43189099999,KAKINADA,16.95,82.233,29.5,1009.3,57.75
1982-10-08T15:00:00,43189099999,KAKINADA,16.95,82.233,26.6,1010.5,69.23
1982-10-08T18:00:00,43189099999,KAKINADA,16.95,82.233,26.2,1010.6,74.92
1982-10-08T21:00:00,43189099999,KAKINADA,16.95,82.233,25.8,1009.6,80.55
1982-10-09T00:00:00,43189099999,KAKINADA,16.95,82.233,25.6,1010.2,83.52
1982-10-09T03:00:00,43189099999,KAKINADA,16.95,82.233,29.0,1012.9,70.96
1982-10-09T05:00:00,43189099999,KAKINADA,16.95,82.233,32.5,1009.2,65.11
1982-10-09T06:00:00,43189099999,KAKINADA,16.95,82.233,31.8,1011.6,64.97
1982-10-09T09:00:00,43189099999,KAKINADA,16.95,82.233,32.5,1009.2,65.11
1982-10-09T12:00:00,43189099999,KAKINADA,16.95,82.233,30.0,1010.1,71.57
1982-10-09T15:00:00,43189099999,KAKINADA,16.95,82.233,28.5,1011.3,78.99
1982-10-09T18:00:00,43189099999,KAKINADA,16.95,82.233,28.0,1012.0,84.79
1982-10-09T21:00:00,43189099999,KAKINADA,16.95,82.233,27.0,1011.0,87.26
1982-10-10T00:00:00,43189099999,KAKINADA,16.95,82.233,26.0,1017.4,92.01
1982-10-10T03:00:00,43189099999,KAKINADA,16.95,82.233,29.6,1013.9,72.36
1982-10-10T06:00:00,43189099999,KAKINADA,16.95,82.233,33.2,1012.6,60.03
1982-10-10T09:00:00,43189099999,KAKINADA,16.95,82.233,33.0,1010.0,58.57
1982-10-10T15:00:00,43189099999,KAKINADA,16.95,82.233,26.8,1012.3,66.75
1982-10-10T21:00:00,43189099999,KAKINADA,16.95,82.233,24.8,1011.5,83.43
1982-10-11T00:00:00,43189099999,KAKINADA,16.95,82.233,24.6,1012.2,86.52
1982-10-11T03:00:00,43189099999,KAKINADA,16.95,82.233,29.2,1014.3,71.0
1982-10-11T06:00:00,43189099999,KAKINADA,16.95,82.233,32.4,1013.0,56.0
1982-10-11T09:00:00,43189099999,KAKINADA,16.95,82.233,32.8,1010.4,53.11
1982-10-11T12:00:00,43189099999,KAKINADA,16.95,82.233,30.4,1011.0,63.9
1982-10-11T15:00:00,43189099999,KAKINADA,16.95,82.233,29.0,1012.6,70.96
1982-10-11T18:00:00,43189099999,KAKINADA,16.95,82.233,28.0,1012.4,81.81
1982-10-11T21:00:00,43189099999,KAKINADA,16.95,82.233,26.6,1012.4,88.81
1982-10-12T00:00:00,43189099999,KAKINADA,16.95,82.233,25.2,1011.9,88.16
1982-10-12T06:00:00,43189099999,KAKINADA,16.95,82.233,32.4,1012.3,54.32
1982-10-12T09:00:00,43189099999,KAKINADA,16.95,82.233,32.8,1009.8,55.09
1982-10-12T12:00:00,43189099999,KAKINADA,16.95,82.233,30.4,1010.0,65.07
1982-10-12T15:00:00,43189099999,KAKINADA,16.95,82.233,29.4,1012.5,69.76
1982-10-12T18:00:00,43189099999,KAKINADA,16.95,82.233,27.6,1012.3,82.75
1982-10-13T00:00:00,43189099999,KAKINADA,16.95,82.233,24.8,1011.4,86.54
1982-10-13T03:00:00,43189099999,KAKINADA,16.95,82.233,28.2,1013.0,77.07
1982-10-13T06:00:00,43189099999,KAKINADA,16.95,82.233,32.4,1012.8,46.0
1982-10-13T09:00:00,43189099999,KAKINADA,16.95,82.233,32.4,1010.2,56.0
1982-10-13T12:00:00,43189099999,KAKINADA,16.95,82.233,30.6,1010.6,67.92
1982-10-13T15:00:00,43189099999,KAKINADA,16.95,82.233,29.8,1013.1,69.83
1982-10-13T18:00:00,43189099999,KAKINADA,16.95,82.233,27.4,1013.4,76.95
1982-10-13T21:00:00,43189099999,KAKINADA,16.95,82.233,25.4,1011.7,83.5
1982-10-14T00:00:00,43189099999,KAKINADA,16.95,82.233,25.0,1011.9,84.99
1982-10-14T03:00:00,43189099999,KAKINADA,16.95,82.233,28.6,1013.3,70.46
1982-10-14T06:00:00,43189099999,KAKINADA,16.95,82.233,32.6,1012.5,52.74
1982-10-14T09:00:00,43189099999,KAKINADA,16.95,82.233,32.8,1009.3,53.11
1982-10-14T15:00:00,43189099999,KAKINADA,16.95,82.233,30.0,1011.7,67.39
1982-10-14T18:00:00,43189099999,KAKINADA,16.95,82.233,29.6,1011.6,71.07
1982-10-14T21:00:00,43189099999,KAKINADA,16.95,82.233,26.6,1009.6,82.63
1982-10-15T00:00:00,43189099999,KAKINADA,16.95,82.233,25.6,1009.4,85.05
1982-10-15T03:00:00,43189099999,KAKINADA,16.95,82.233,29.4,1011.2,71.03
1982-10-15T06:00:00,43189099999,KAKINADA,16.95,82.233,31.2,1010.7,61.05
1982-10-15T09:00:00,43189099999,KAKINADA,16.95,82.233,31.4,1008.0,62.21
1982-10-15T12:00:00,43189099999,KAKINADA,16.95,82.233,28.4,1008.7,77.57
1982-10-15T15:00:00,43189099999,KAKINADA,16.95,82.233,27.4,1010.2,74.2
1982-10-15T18:00:00,43189099999,KAKINADA,16.95,82.233,26.4,1009.4,76.34
1982-10-15T21:00:00,43189099999,KAKINADA,16.95,82.233,27.4,1007.2,74.2
1982-10-16T00:00:00,43189099999,KAKINADA,16.95,82.233,26.2,1007.0,77.72
1982-10-16T03:00:00,43189099999,KAKINADA,16.95,82.233,24.2,1008.2,86.48
1982-10-16T06:00:00,43189099999,KAKINADA,16.95,82.233,22.8,1007.2,92.95
1982-10-16T12:00:00,43189099999,KAKINADA,16.95,82.233,22.6,1004.9,91.25
1982-10-16T15:00:00,43189099999,KAKINADA,16.95,82.233,25.0,1007.0,86.56
1982-10-16T21:00:00,43189099999,KAKINADA,16.95,82.233,25.4,1006.5,90.33
1982-10-17T00:00:00,43189099999,KAKINADA,16.95,82.233,26.0,1007.4,88.76
1982-10-17T03:00:00,43189099999,KAKINADA,16.95,82.233,26.8,1010.8,85.69
1982-10-17T09:00:00,43189099999,KAKINADA,16.95,82.233,29.0,1007.6,76.27
1982-10-17T12:00:00,43189099999,KAKINADA,16.95,82.233,28.4,1008.1,78.98
1982-10-17T15:00:00,43189099999,KAKINADA,16.95,82.233,28.0,1010.3,81.81
1982-10-17T18:00:00,43189099999,KAKINADA,16.95,82.233,27.6,1010.0,84.25
1982-10-18T00:00:00,43189099999,KAKINADA,16.95,82.233,24.7,1010.0,93.61
1982-10-18T06:00:00,43189099999,KAKINADA,16.95,82.233,27.2,1011.3,90.45
1982-10-18T09:00:00,43189099999,KAKINADA,16.95,82.233,28.0,1009.2,75.66
1982-10-18T12:00:00,43189099999,KAKINADA,16.95,82.233,25.2,1010.0,94.77
1982-10-18T15:00:00,43189099999,KAKINADA,16.95,82.233,26.2,1011.6,90.38
1982-10-18T18:00:00,43189099999,KAKINADA,16.95,82.233,27.0,1010.6,85.71
1982-10-18T21:00:00,43189099999,KAKINADA,16.95,82.233,26.0,1009.0,92.01
1982-10-19T00:00:00,43189099999,KAKINADA,16.95,82.233,27.5,1008.8,81.75
1982-10-19T03:00:00,43189099999,KAKINADA,16.95,82.233,28.8,1011.2,79.03
1982-10-19T06:00:00,43189099999,KAKINADA,16.95,82.233,27.0,1010.3,85.71
1982-10-19T09:00:00,43189099999,KAKINADA,16.95,82.233,28.6,1008.2,80.43
1982-10-19T15:00:00,43189099999,KAKINADA,16.95,82.233,26.4,1009.9,92.03
1982-10-19T18:00:00,43189099999,KAKINADA,16.95,82.233,25.6,1009.9,91.44
1982-10-20T00:00:00,43189099999,KAKINADA,16.95,82.233,26.6,1008.6,88.81
1982-10-20T06:00:00,43189099999,KAKINADA,16.95,82.233,27.6,1008.9,85.77
1982-10-20T09:00:00,43189099999,KAKINADA,16.95,82.233,25.0,1007.0,89.76
1982-10-20T18:00:00,43189099999,KAKINADA,16.95,82.233,26.0,,93.67
1982-10-21T03:00:00,43189099999,KAKINADA,16.95,82.233,24.8,1009.5,93.06
1982-10-21T06:00:00,43189099999,KAKINADA,16.95,82.233,27.8,1008.2,85.79
1982-10-21T12:00:00,43189099999,KAKINADA,16.95,82.233,29.0,1005.9,79.06
1982-10-22T00:00:00,43189099999,KAKINADA,16.95,82.233,25.5,1007.5,94.78
1982-10-22T06:00:00,43189099999,KAKINADA,16.95,82.233,30.2,1008.7,75.55
1982-10-22T09:00:00,43189099999,KAKINADA,16.95,82.233,27.8,1006.7,79.85
1982-10-22T12:00:00,43189099999,KAKINADA,16.95,82.233,27.8,1007.5,81.3
1982-10-22T15:00:00,43189099999,KAKINADA,16.95,82.233,26.8,1009.9,87.24
1982-10-22T18:00:00,43189099999,KAKINADA,16.95,82.233,26.2,1010.1,93.68
1982-10-22T21:00:00,43189099999,KAKINADA,16.95,82.233,25.6,1008.9,94.78
1982-10-23T00:00:00,43189099999,KAKINADA,16.95,82.233,25.4,1009.6,91.42
1982-10-23T03:00:00,43189099999,KAKINADA,16.95,82.233,28.0,,81.81
1982-10-23T06:00:00,43189099999,KAKINADA,16.95,82.233,31.6,1011.1,66.11
1982-10-23T09:00:00,43189099999,KAKINADA,16.95,82.233,30.5,1008.3,73.83
1982-10-23T12:00:00,43189099999,KAKINADA,16.95,82.233,28.6,1009.8,83.36
1982-10-23T21:00:00,43189099999,KAKINADA,16.95,82.233,25.2,1011.2,88.16
1982-10-24T00:00:00,43189099999,KAKINADA,16.95,82.233,25.0,1012.9,93.07
1982-10-24T03:00:00,43189099999,KAKINADA,16.95,82.233,28.0,1014.5,84.79
1982-10-24T06:00:00,43189099999,KAKINADA,16.95,82.233,31.4,1012.9,67.26
1982-10-24T12:00:00,43189099999,KAKINADA,16.95,82.233,30.0,1010.7,71.57
1982-10-24T15:00:00,43189099999,KAKINADA,16.95,82.233,24.8,1012.6,93.06
1982-10-24T18:00:00,43189099999,KAKINADA,16.95,82.233,24.6,1011.9,93.05
1982-10-24T21:00:00,43189099999,KAKINADA,16.95,82.233,24.6,1010.5,93.05
1982-10-25T00:00:00,43189099999,KAKINADA,16.95,82.233,24.4,1010.9,93.04
1982-10-25T03:00:00,43189099999,KAKINADA,16.95,82.233,28.0,1012.8,80.35
1982-10-25T06:00:00,43189099999,KAKINADA,16.95,82.233,31.0,1011.3,69.23
1982-10-25T09:00:00,43189099999,KAKINADA,16.95,82.233,31.0,1008.1,67.99
1982-10-25T12:00:00,43189099999,KAKINADA,16.95,82.233,29.0,1009.1,73.58
1982-10-25T15:00:00,43189099999,KAKINADA,16.95,82.233,25.0,1010.6,91.95
1982-10-26T03:00:00,43189099999,KAKINADA,16.95,82.233,27.6,1012.6,79.82
1982-10-26T06:00:00,43189099999,KAKINADA,16.95,82.233,30.6,1011.7,65.51
1982-10-26T09:00:00,43189099999,KAKINADA,16.95,82.233,30.7,1008.2,63.19
1982-10-26T12:00:00,43189099999,KAKINADA,16.95,82.233,29.0,1008.2,72.26
1982-10-26T15:00:00,43189099999,KAKINADA,16.95,82.233,28.0,1010.8,77.51
1982-10-26T18:00:00,43189099999,KAKINADA,16.95,82.233,27.0,1010.9,84.18
1982-10-26T21:00:00,43189099999,KAKINADA,16.95,82.233,25.4,1009.9,88.18
1982-10-27T00:00:00,43189099999,KAKINADA,16.95,82.233,24.8,1010.5,89.74
1982-10-27T03:00:00,43189099999,KAKINADA,16.95,82.233,28.0,1012.9,80.35
1982-10-27T06:00:00,43189099999,KAKINADA,16.95,82.233,30.2,1012.6,67.84
1982-10-27T09:00:00,43189099999,KAKINADA,16.95,82.233,30.8,1010.0,64.37
1982-10-27T12:00:00,43189099999,KAKINADA,16.95,82.233,29.0,1010.2,68.02
1982-10-27T15:00:00,43189099999,KAKINADA,16.95,82.233,28.0,1012.6,77.51
1982-10-27T18:00:00,43189099999,KAKINADA,16.95,82.233,27.2,1012.8,85.73
1982-10-27T21:00:00,43189099999,KAKINADA,16.95,82.233,25.8,1011.6,88.74
1982-10-28T00:00:00,43189099999,KAKINADA,16.95,82.233,25.2,1013.0,89.77
1982-10-28T03:00:00,43189099999,KAKINADA,16.95,82.233,26.4,1015.4,88.79
1982-10-28T09:00:00,43189099999,KAKINADA,16.95,82.233,31.0,1012.4,59.54
1982-10-28T12:00:00,43189099999,KAKINADA,16.95,82.233,28.6,1012.7,69.19
1982-10-28T15:00:00,43189099999,KAKINADA,16.95,82.233,27.2,1014.9,76.92
1982-10-28T18:00:00,43189099999,KAKINADA,16.95,82.233,26.0,1014.8,84.07
1982-10-28T21:00:00,43189099999,KAKINADA,16.95,82.233,25.0,1013.4,89.76
1982-10-29T00:00:00,43189099999,KAKINADA,16.95,82.233,24.0,1013.6,91.34
1982-10-29T03:00:00,43189099999,KAKINADA,16.95,82.233,27.2,1016.0,78.33
1982-10-29T06:00:00,43189099999,KAKINADA,16.95,82.233,30.6,1015.0,67.92
1982-10-29T09:00:00,43189099999,KAKINADA,16.95,82.233,31.4,1011.9,58.55
1982-10-29T12:00:00,43189099999,KAKINADA,16.95,82.233,29.4,1012.0,60.64
1982-10-29T15:00:00,43189099999,KAKINADA,16.95,82.233,28.0,1013.6,74.3
1982-10-29T18:00:00,43189099999,KAKINADA,16.95,82.233,27.6,1014.0,76.98
1982-10-29T21:00:00,43189099999,KAKINADA,16.95,82.233,25.8,1011.5,90.36
1982-10-30T00:00:00,43189099999,KAKINADA,16.95,82.233,25.0,1012.2,89.76
1982-10-30T03:00:00,43189099999,KAKINADA,16.95,82.233,28.0,1014.5,72.96
1982-10-30T06:00:00,43189099999,KAKINADA,16.95,82.233,30.6,1013.6,62.79
1982-10-30T09:00:00,43189099999,KAKINADA,16.95,82.233,31.4,1010.9,55.76
1982-10-30T12:00:00,43189099999,KAKINADA,16.95,82.233,29.2,1010.9,65.62
1982-10-30T15:00:00,43189099999,KAKINADA,16.95,82.233,28.6,1012.9,65.09
1982-10-30T18:00:00,43189099999,KAKINADA,16.95,82.233,27.0,1012.7,75.5
1982-10-30T21:00:00,43189099999,KAKINADA,16.95,82.233,25.2,1011.7,85.01
1982-10-31T00:00:00,43189099999,KAKINADA,16.95,82.233,24.2,1011.5,84.91
1982-10-31T03:00:00,43189099999,KAKINADA,16.95,82.233,27.4,1013.6,73.31
1982-10-31T06:00:00,43189099999,KAKINADA,16.95,82.233,30.6,1012.5,58.01
1982-10-31T09:00:00,43189099999,KAKINADA,16.95,82.233,31.2,1010.0,58.5
1982-10-31T12:00:00,43189099999,KAKINADA,16.95,82.233,29.2,1010.3,63.26
1982-10-31T15:00:00,43189099999,KAKINADA,16.95,82.233,28.6,1012.5,67.94
1982-10-31T18:00:00,43189099999,KAKINADA,16.95,82.233,28.2,1012.4,96.56
1982-10-31T21:00:00,43189099999,KAKINADA,16.95,82.233,25.0,1011.0,78.98
1982-11-01T00:00:00,43189099999,KAKINADA,16.95,82.233,24.6,1011.4,78.44
1982-11-01T03:00:00,43189099999,KAKINADA,16.95,82.233,27.6,1013.7,72.9
1982-11-01T06:00:00,43189099999,KAKINADA,16.95,82.233,30.6,1012.7,58.01
1982-11-01T09:00:00,43189099999,KAKINADA,16.95,82.233,31.0,1009.7,62.12
1982-11-01T12:00:00,43189099999,KAKINADA,16.95,82.233,28.0,1010.1,72.08
1982-11-01T15:00:00,43189099999,KAKINADA,16.95,82.233,28.6,1011.9,76.21
1982-11-01T21:00:00,43189099999,KAKINADA,16.95,82.233,25.5,1010.9,81.5
1982-11-02T00:00:00,43189099999,KAKINADA,16.95,82.233,24.8,1011.2,82.92
1982-11-02T03:00:00,43189099999,KAKINADA,16.95,82.233,26.0,1012.2,80.58
1982-11-02T06:00:00,43189099999,KAKINADA,16.95,82.233,27.2,1013.6,78.33
1982-11-02T12:00:00,43189099999,KAKINADA,16.95,82.233,28.0,1012.1,77.51
1982-11-02T15:00:00,43189099999,KAKINADA,16.95,82.233,28.0,1012.1,77.51
1982-11-02T18:00:00,43189099999,KAKINADA,16.95,82.233,26.4,1013.8,87.21
1982-11-03T00:00:00,43189099999,KAKINADA,16.95,82.233,25.6,1013.0,87.14
1982-11-03T03:00:00,43189099999,KAKINADA,16.95,82.233,27.8,1014.9,81.3
1982-11-03T06:00:00,43189099999,KAKINADA,16.95,82.233,29.6,1014.1,74.12
1982-11-03T09:00:00,43189099999,KAKINADA,16.95,82.233,29.0,1012.1,77.66
1982-11-03T15:00:00,43189099999,KAKINADA,16.95,82.233,27.2,1015.0,81.22
1982-11-03T18:00:00,43189099999,KAKINADA,16.95,82.233,23.2,1015.5,96.43
1982-11-04T00:00:00,43189099999,KAKINADA,16.95,82.233,24.4,1012.9,94.74
1982-11-04T03:00:00,43189099999,KAKINADA,16.95,82.233,25.6,1015.3,88.73
1982-11-04T06:00:00,43189099999,KAKINADA,16.95,82.233,28.0,1014.6,80.35
1982-11-04T09:00:00,43189099999,KAKINADA,16.95,82.233,29.6,,74.12
1982-11-04T12:00:00,43189099999,KAKINADA,16.95,82.233,28.0,,78.92
1982-11-04T15:00:00,43189099999,KAKINADA,16.95,82.233,27.6,1013.8,82.75
1982-11-04T18:00:00,43189099999,KAKINADA,16.95,82.233,27.0,1013.2,88.84
1982-11-04T21:00:00,43189099999,KAKINADA,16.95,82.233,25.6,1011.1,90.34
1982-11-05T00:00:00,43189099999,KAKINADA,16.95,82.233,25.0,1010.8,93.07
1982-11-05T03:00:00,43189099999,KAKINADA,16.95,82.233,28.7,1012.7,76.69
1982-11-05T06:00:00,43189099999,KAKINADA,16.95,82.233,28.4,1011.4,84.83
1982-11-05T12:00:00,43189099999,KAKINADA,16.95,82.233,28.0,1008.6,77.51
1982-11-05T15:00:00,43189099999,KAKINADA,16.95,82.233,27.0,1010.9,84.18
1982-11-05T18:00:00,43189099999,KAKINADA,16.95,82.233,25.6,1010.4,91.44
1982-11-05T21:00:00,43189099999,KAKINADA,16.95,82.233,25.0,1009.3,93.07
1982-11-06T00:00:00,43189099999,KAKINADA,16.95,82.233,24.4,1010.1,93.04
1982-11-06T03:00:00,43189099999,KAKINADA,16.95,82.233,28.0,1012.5,80.35
1982-11-06T06:00:00,43189099999,KAKINADA,16.95,82.233,29.6,1011.6,76.82
1982-11-06T09:00:00,43189099999,KAKINADA,16.95,82.233,30.2,1009.4,66.22
1982-11-06T12:00:00,43189099999,KAKINADA,16.95,82.233,28.0,1010.3,70.35
1982-11-06T15:00:00,43189099999,KAKINADA,16.95,82.233,27.4,1012.1,74.2
1982-11-06T18:00:00,43189099999,KAKINADA,16.95,82.233,,1012.0,
1982-11-06T21:00:00,43189099999,KAKINADA,16.95,82.233,27.0,1011.2,78.31
1982-11-07T00:00:00,43189099999,KAKINADA,16.95,82.233,25.2,1012.1,88.16
1982-11-07T03:00:00,43189099999,KAKINADA,16.95,82.233,28.0,1014.4,81.81
1982-11-07T06:00:00,43189099999,KAKINADA,16.95,82.233,30.6,1013.6,63.94
1982-11-07T09:00:00,43189099999,KAKINADA,16.95,82.233,30.4,1011.1,62.75
1982-11-07T12:00:00,43189099999,KAKINADA,16.95,82.233,28.6,1011.7,66.7
1982-11-07T15:00:00,43189099999,KAKINADA,16.95,82.233,28.0,1011.3,78.45
1982-11-07T18:00:00,43189099999,KAKINADA,16.95,82.233,,1014.3,
1982-11-07T21:00:00,43189099999,KAKINADA,16.95,82.233,26.6,1012.5,81.15
1982-11-08T00:00:00,43189099999,KAKINADA,16.95,82.233,25.4,1012.9,86.59
1982-11-08T06:00:00,43189099999,KAKINADA,16.95,82.233,30.4,1014.7,62.75
1982-11-08T12:00:00,43189099999,KAKINADA,16.95,82.233,28.0,1011.3,70.35
1982-11-08T15:00:00,43189099999,KAKINADA,16.95,82.233,27.2,1013.5,65.61
1982-11-08T18:00:00,43189099999,KAKINADA,16.95,82.233,27.4,1013.9,67.29
1982-11-08T21:00:00,43189099999,KAKINADA,16.95,82.233,27.0,1012.5,68.04
1982-11-09T00:00:00,43189099999,KAKINADA,16.95,82.233,26.6,1012.6,67.96
1982-11-09T03:00:00,43189099999,KAKINADA,16.95,82.233,28.8,1013.9,63.95
1982-11-09T06:00:00,43189099999,KAKINADA,16.95,82.233,30.4,1012.7,54.16
1982-11-09T09:00:00,43189099999,KAKINADA,16.95,82.233,30.6,1011.0,61.66
1982-11-09T12:00:00,43189099999,KAKINADA,16.95,82.233,28.0,1011.3,59.58
1982-11-09T15:00:00,43189099999,KAKINADA,16.95,82.233,27.3,1013.2,62.45
1982-11-09T18:00:00,43189099999,KAKINADA,16.95,82.233,26.4,1012.6,66.26
1982-11-10T00:00:00,43189099999,KAKINADA,16.95,82.233,23.0,1010.7,85.84
1982-11-10T03:00:00,43189099999,KAKINADA,16.95,82.233,26.4,1014.1,76.34
1982-11-10T21:00:00,43189099999,KAKINADA,16.95,82.233,24.0,1010.9,86.46
1982-11-11T00:00:00,43189099999,KAKINADA,16.95,82.233,23.2,1011.2,89.63
1982-11-11T03:00:00,43189099999,KAKINADA,16.95,82.233,26.6,1013.1,74.07
1982-11-11T06:00:00,43189099999,KAKINADA,16.95,82.233,30.8,1012.2,58.05
1982-11-11T09:00:00,43189099999,KAKINADA,16.95,82.233,32.6,1009.5,51.78
1982-11-11T12:00:00,43189099999,KAKINADA,16.95,82.233,29.6,1009.8,71.07
1982-11-11T15:00:00,43189099999,KAKINADA,16.95,82.233,27.0,1011.6,79.74
1982-11-11T18:00:00,43189099999,KAKINADA,16.95,82.233,25.6,1011.5,87.14
1982-11-11T21:00:00,43189099999,KAKINADA,16.95,82.233,25.0,1009.7,88.14
1982-11-12T00:00:00,43189099999,KAKINADA,16.95,82.233,25.0,1010.4,89.76
1982-11-12T03:00:00,43189099999,KAKINADA,16.95,82.233,26.6,1012.6,81.15
1982-11-12T06:00:00,43189099999,KAKINADA,16.95,82.233,31.0,1011.7,60.63
1982-11-12T09:00:00,43189099999,KAKINADA,16.95,82.233,31.2,1008.4,64.46
1982-11-12T12:00:00,43189099999,KAKINADA,16.95,82.233,29.4,1009.0,72.33
1982-11-12T15:00:00,43189099999,KAKINADA,16.95,82.233,27.4,1011.2,85.24
1982-11-12T18:00:00,43189099999,KAKINADA,16.95,82.233,27.0,1011.4,87.26
1982-11-12T21:00:00,43189099999,KAKINADA,16.95,82.233,26.4,1010.3,92.03
1982-11-13T00:00:00,43189099999,KAKINADA,16.95,82.233,25.8,1010.6,94.79
1982-11-13T03:00:00,43189099999,KAKINADA,16.95,82.233,28.2,1013.3,83.31
1982-11-13T06:00:00,43189099999,KAKINADA,16.95,82.233,32.2,1012.3,56.98
1982-11-13T09:00:00,43189099999,KAKINADA,16.95,82.233,31.6,1009.2,63.77
1982-11-13T12:00:00,43189099999,KAKINADA,16.95,82.233,29.0,1010.0,73.58
1982-11-13T15:00:00,43189099999,KAKINADA,16.95,82.233,27.4,1012.5,85.75
1982-11-13T18:00:00,43189099999,KAKINADA,16.95,82.233,26.6,1012.4,90.41
1982-11-13T21:00:00,43189099999,KAKINADA,16.95,82.233,25.6,1010.8,91.44
1982-11-14T00:00:00,43189099999,KAKINADA,16.95,82.233,24.6,1011.2,
1982-11-14T03:00:00,43189099999,KAKINADA,16.95,82.233,26.8,1013.8,88.82
1982-11-14T06:00:00,43189099999,KAKINADA,16.95,82.233,28.0,1013.2,77.51
1982-11-14T09:00:00,43189099999,KAKINADA,16.95,82.233,29.0,1010.4,66.79
1982-11-14T12:00:00,43189099999,KAKINADA,16.95,82.233,27.4,1010.6,68.54
1982-11-14T15:00:00,43189099999,KAKINADA,16.95,82.233,25.8,1012.9,79.09
1982-11-14T18:00:00,43189099999,KAKINADA,16.95,82.233,24.8,1012.3,78.47
1982-11-14T21:00:00,43189099999,KAKINADA,16.95,82.233,23.6,1011.5,86.42
1982-11-15T00:00:00,43189099999,KAKINADA,16.95,82.233,23.2,1012.0,84.28
1982-11-15T06:00:00,43189099999,KAKINADA,16.95,82.233,24.0,1014.7,89.69
1982-11-15T09:00:00,43189099999,KAKINADA,16.95,82.233,26.4,1012.0,82.61
1982-11-15T12:00:00,43189099999,KAKINADA,16.95,82.233,25.2,1012.4,85.01
1982-11-15T15:00:00,43189099999,KAKINADA,16.95,82.233,26.6,1014.1,74.98
1982-11-16T00:00:00,43189099999,KAKINADA,16.95,82.233,23.9,1013.9,90.78
1982-11-16T03:00:00,43189099999,KAKINADA,16.95,82.233,26.8,1016.3,78.28
1982-11-16T06:00:00,43189099999,KAKINADA,16.95,82.233,27.6,1015.4,68.58
1982-11-16T09:00:00,43189099999,KAKINADA,16.95,82.233,29.4,1012.8,68.51
1982-11-16T12:00:00,43189099999,KAKINADA,16.95,82.233,28.0,1013.6,66.18
1982-11-16T15:00:00,43189099999,KAKINADA,16.95,82.233,27.0,1015.2,69.74
1982-11-16T18:00:00,43189099999,KAKINADA,16.95,82.233,27.4,1015.6,67.29
1982-11-16T21:00:00,43189099999,KAKINADA,16.95,82.233,24.6,1014.6,84.95
1982-11-17T00:00:00,43189099999,KAKINADA,16.95,82.233,23.4,1015.2,88.01
1982-11-17T06:00:00,43189099999,KAKINADA,16.95,82.233,29.6,1017.0,54.64
1982-11-17T12:00:00,43189099999,KAKINADA,16.95,82.233,27.6,1014.8,58.02
1982-11-17T15:00:00,43189099999,KAKINADA,16.95,82.233,27.0,1017.0,56.08
1982-11-17T18:00:00,43189099999,KAKINADA,16.95,82.233,23.8,1017.0,71.78
1982-11-17T21:00:00,43189099999,KAKINADA,16.95,82.233,22.2,1016.0,75.67
1982-11-18T03:00:00,43189099999,KAKINADA,16.95,82.233,24.2,1018.7,72.3
1982-11-18T06:00:00,43189099999,KAKINADA,16.95,82.233,29.4,1017.6,48.46
1982-11-18T09:00:00,43189099999,KAKINADA,16.95,82.233,29.6,1013.0,47.6
1982-11-18T12:00:00,43189099999,KAKINADA,16.95,82.233,27.6,1014.1,58.02
1982-11-18T15:00:00,43189099999,KAKINADA,16.95,82.233,26.6,1016.0,65.08
1982-11-18T18:00:00,43189099999,KAKINADA,16.95,82.233,23.8,1015.6,78.33
1982-11-19T00:00:00,43189099999,KAKINADA,16.95,82.233,21.8,1014.6,82.05
1982-11-19T03:00:00,43189099999,KAKINADA,16.95,82.233,25.0,1016.6,71.11
1982-11-19T06:00:00,43189099999,KAKINADA,16.95,82.233,29.4,1015.7,55.62
1982-11-19T09:00:00,43189099999,KAKINADA,16.95,82.233,29.6,1013.0,50.06
1982-11-19T12:00:00,43189099999,KAKINADA,16.95,82.233,27.6,1012.7,51.47
1982-11-19T15:00:00,43189099999,KAKINADA,16.95,82.233,25.2,1013.8,75.68
1982-11-19T18:00:00,43189099999,KAKINADA,16.95,82.233,23.6,1013.7,78.3
1982-11-19T21:00:00,43189099999,KAKINADA,16.95,82.233,22.4,1012.6,79.11
1982-11-20T00:00:00,43189099999,KAKINADA,16.95,82.233,21.0,1012.5,81.95
1982-11-20T03:00:00,43189099999,KAKINADA,16.95,82.233,24.6,1014.7,69.28
1982-11-20T06:00:00,43189099999,KAKINADA,16.95,82.233,30.0,1013.6,50.48
1982-11-20T09:00:00,43189099999,KAKINADA,16.95,82.233,30.2,1011.2,45.99
1982-11-20T15:00:00,43189099999,KAKINADA,16.95,82.233,27.0,1012.6,62.78
1982-11-20T18:00:00,43189099999,KAKINADA,16.95,82.233,24.8,1013.2,74.23
1982-11-20T21:00:00,43189099999,KAKINADA,16.95,82.233,23.4,1012.2,74.92
1982-11-21T00:00:00,43189099999,KAKINADA,16.95,82.233,22.2,1012.6,81.08
1982-11-21T03:00:00,43189099999,KAKINADA,16.95,82.233,29.0,1012.7,60.55
1982-11-21T09:00:00,43189099999,KAKINADA,16.95,82.233,29.6,1011.2,58.49
1982-11-21T12:00:00,43189099999,KAKINADA,16.95,82.233,27.6,1011.3,61.75
1982-11-21T15:00:00,43189099999,KAKINADA,16.95,82.233,26.8,1013.1,63.92
1982-11-21T18:00:00,43189099999,KAKINADA,16.95,82.233,26.6,1013.1,59.63
1982-11-22T03:00:00,43189099999,KAKINADA,16.95,82.233,26.0,1014.7,70.41
1982-11-22T06:00:00,43189099999,KAKINADA,16.95,82.233,28.8,1014.0,61.63
1982-11-22T09:00:00,43189099999,KAKINADA,16.95,82.233,28.4,1011.0,60.04
1982-11-22T12:00:00,43189099999,KAKINADA,16.95,82.233,,1011.9,
1982-11-22T18:00:00,43189099999,KAKINADA,16.95,82.233,24.4,1013.2,79.88
1982-11-22T21:00:00,43189099999,KAKINADA,16.95,82.233,23.4,1011.1,82.76
1982-11-23T00:00:00,43189099999,KAKINADA,16.95,82.233,22.4,1011.2,82.64
1982-11-23T03:00:00,43189099999,KAKINADA,16.95,82.233,25.4,1013.7,71.62
1982-11-23T06:00:00,43189099999,KAKINADA,16.95,82.233,29.2,,54.2
1982-11-23T09:00:00,43189099999,KAKINADA,16.95,82.233,29.4,1010.7,55.62
1982-11-23T15:00:00,43189099999,KAKINADA,16.95,82.233,26.4,1013.3,76.34
1982-11-23T18:00:00,43189099999,KAKINADA,16.95,82.233,25.8,1012.3,77.66
1982-11-23T21:00:00,43189099999,KAKINADA,16.95,82.233,23.2,1010.9,86.39
1982-11-24T00:00:00,43189099999,KAKINADA,16.95,82.233,22.0,1011.1,89.54
1982-11-24T03:00:00,43189099999,KAKINADA,16.95,82.233,25.4,1013.8,84.52
1982-11-24T09:00:00,43189099999,KAKINADA,16.95,82.233,29.4,1010.1,65.66
1982-11-24T12:00:00,43189099999,KAKINADA,16.95,82.233,27.4,1010.4,68.54
1982-11-24T15:00:00,43189099999,KAKINADA,16.95,82.233,26.7,1012.1,73.19
1982-11-24T18:00:00,43189099999,KAKINADA,16.95,82.233,26.0,1011.9,79.6
1982-11-25T00:00:00,43189099999,KAKINADA,16.95,82.233,22.2,1010.7,84.17
1982-11-25T06:00:00,43189099999,KAKINADA,16.95,82.233,29.0,1012.1,61.68
1982-11-25T09:00:00,43189099999,KAKINADA,16.95,82.233,29.6,1009.8,57.06
1982-11-25T12:00:00,43189099999,KAKINADA,16.95,82.233,27.4,1010.2,64.44
1982-11-25T15:00:00,43189099999,KAKINADA,16.95,82.233,26.8,1012.5,66.75
1982-11-25T18:00:00,43189099999,KAKINADA,16.95,82.233,26.4,1012.1,70.49
1982-11-25T21:00:00,43189099999,KAKINADA,16.95,82.233,23.4,1010.6,79.74
1982-11-26T00:00:00,43189099999,KAKINADA,16.95,82.233,22.4,1011.4,83.15
1982-11-26T03:00:00,43189099999,KAKINADA,16.95,82.233,25.8,1013.3,70.37
1982-11-26T06:00:00,43189099999,KAKINADA,16.95,82.233,29.2,1012.6,56.97
1982-11-26T09:00:00,43189099999,KAKINADA,16.95,82.233,29.4,1009.9,
1982-11-26T12:00:00,43189099999,KAKINADA,16.95,82.233,27.2,1010.6,62.43
1982-11-26T18:00:00,43189099999,KAKINADA,16.95,82.233,25.8,1013.0,73.03
1982-11-26T21:00:00,43189099999,KAKINADA,16.95,82.233,22.8,1011.7,81.16
1982-11-27T00:00:00,43189099999,KAKINADA,16.95,82.233,21.4,1012.4,87.29
1982-11-27T03:00:00,43189099999,KAKINADA,16.95,82.233,24.8,1014.4,74.23
1982-11-27T06:00:00,43189099999,KAKINADA,16.95,82.233,28.6,1013.2,62.74
1982-11-27T09:00:00,43189099999,KAKINADA,16.95,82.233,29.6,1010.4,99.43
1982-11-27T12:00:00,43189099999,KAKINADA,16.95,82.233,27.0,1010.7,65.56
1982-11-27T15:00:00,43189099999,KAKINADA,16.95,82.233,25.6,1013.4,74.36
1982-11-27T18:00:00,43189099999,KAKINADA,16.95,82.233,24.6,1013.2,77.0
1982-11-28T00:00:00,43189099999,KAKINADA,16.95,82.233,20.6,1012.3,88.87
1982-11-28T03:00:00,43189099999,KAKINADA,16.95,82.233,24.4,1014.9,73.7
1982-11-28T06:00:00,43189099999,KAKINADA,16.95,82.233,27.8,1014.3,59.53
1982-11-28T09:00:00,43189099999,KAKINADA,16.95,82.233,,1011.8,
1982-11-28T12:00:00,43189099999,KAKINADA,16.95,82.233,26.6,1012.5,67.96
1982-11-28T15:00:00,43189099999,KAKINADA,16.95,82.233,24.8,1014.9,78.47
1982-11-28T18:00:00,43189099999,KAKINADA,16.95,82.233,23.2,1014.4,84.28
1982-11-29T00:00:00,43189099999,KAKINADA,16.95,82.233,22.0,1012.7,87.35
1982-11-29T03:00:00,43189099999,KAKINADA,16.95,82.233,24.0,1014.9,79.82
1982-11-29T06:00:00,43189099999,KAKINADA,16.95,82.233,28.0,1013.8,66.18
1982-11-29T09:00:00,43189099999,KAKINADA,16.95,82.233,27.8,1010.8,64.53
1982-11-29T12:00:00,43189099999,KAKINADA,16.95,82.233,26.2,1011.4,63.39
1982-11-29T15:00:00,43189099999,KAKINADA,16.95,82.233,26.2,1014.6,74.92
1982-11-29T18:00:00,43189099999,KAKINADA,16.95,82.233,24.4,1014.1,91.36
1982-11-29T21:00:00,43189099999,KAKINADA,16.95,82.233,23.4,1012.9,92.98
1982-11-30T00:00:00,43189099999,KAKINADA,16.95,82.233,23.0,1012.9,92.96
1982-11-30T03:00:00,43189099999,KAKINADA,16.95,82.233,24.8,1015.7,83.43
1982-11-30T06:00:00,43189099999,KAKINADA,16.95,82.233,28.0,1015.3,63.39
1982-11-30T12:00:00,43189099999,KAKINADA,16.95,82.233,26.4,1012.3,63.43
1982-11-30T15:00:00,43189099999,KAKINADA,16.95,82.233,25.0,1015.0,69.79
1982-11-30T18:00:00,43189099999,KAKINADA,16.95,82.233,23.6,1015.8,73.11
1982-11-30T21:00:00,43189099999,KAKINADA,16.95,82.233,21.2,1014.1,83.54
1982-12-01T03:00:00,43189099999,KAKINADA,16.95,82.233,28.6,1017.1,54.39
1982-12-01T06:00:00,43189099999,KAKINADA,16.95,82.233,27.8,1016.4,54.19
1982-12-01T09:00:00,43189099999,KAKINADA,16.95,82.233,28.4,1013.4,39.21
1982-12-01T12:00:00,43189099999,KAKINADA,16.95,82.233,26.2,1013.9,41.24
1982-12-01T15:00:00,43189099999,KAKINADA,16.95,82.233,25.2,1015.7,67.26
1982-12-01T18:00:00,43189099999,KAKINADA,16.95,82.233,21.2,1015.9,65.17
1982-12-01T21:00:00,43189099999,KAKINADA,16.95,82.233,19.8,1014.6,65.29
1982-12-02T00:00:00,43189099999,KAKINADA,16.95,82.233,18.6,1015.2,69.45
1982-12-02T03:00:00,43189099999,KAKINADA,16.95,82.233,,1017.8,
1982-12-02T06:00:00,43189099999,KAKINADA,16.95,82.233,27.4,1017.2,51.42
1982-12-02T09:00:00,43189099999,KAKINADA,16.95,82.233,28.4,1014.9,33.7
1982-12-02T12:00:00,43189099999,KAKINADA,16.95,82.233,26.0,1014.6,42.0
1982-12-02T15:00:00,43189099999,KAKINADA,16.95,82.233,25.0,1016.2,53.83
1982-12-02T18:00:00,43189099999,KAKINADA,16.95,82.233,20.6,1016.2,68.06
1982-12-02T21:00:00,43189099999,KAKINADA,16.95,82.233,19.2,1014.7,70.02
1982-12-03T00:00:00,43189099999,KAKINADA,16.95,82.233,18.4,1014.8,69.41
1982-12-03T03:00:00,43189099999,KAKINADA,16.95,82.233,22.2,1017.6,59.74
1982-12-03T06:00:00,43189099999,KAKINADA,16.95,82.233,27.6,1016.5,51.47
1982-12-03T09:00:00,43189099999,KAKINADA,16.95,82.233,28.8,1013.4,40.89
1982-12-03T12:00:00,43189099999,KAKINADA,16.95,82.233,26.0,1013.7,48.49
1982-12-03T15:00:00,43189099999,KAKINADA,16.95,82.233,25.2,1015.4,57.08
1982-12-03T18:00:00,43189099999,KAKINADA,16.95,82.233,21.4,1015.6,65.21
1982-12-03T21:00:00,43189099999,KAKINADA,16.95,82.233,19.6,1014.3,72.4
1982-12-04T00:00:00,43189099999,KAKINADA,16.95,82.233,19.0,1014.6,71.82
1982-12-04T03:00:00,43189099999,KAKINADA,16.95,82.233,21.2,1018.0,68.18
1982-12-04T06:00:00,43189099999,KAKINADA,16.95,82.233,28.0,1017.7,53.23
1982-12-04T09:00:00,43189099999,KAKINADA,16.95,82.233,28.6,1015.0,50.12
1982-12-04T12:00:00,43189099999,KAKINADA,16.95,82.233,25.6,1014.8,64.46
1982-12-04T15:00:00,43189099999,KAKINADA,16.95,82.233,23.0,1016.4,82.71
1982-12-04T18:00:00,43189099999,KAKINADA,16.95,82.233,21.6,1016.4,84.63
1982-12-04T21:00:00,43189099999,KAKINADA,16.95,82.233,20.0,1014.9,81.31
1982-12-05T00:00:00,43189099999,KAKINADA,16.95,82.233,19.2,1015.1,82.78
1982-12-05T03:00:00,43189099999,KAKINADA,16.95,82.233,23.0,1017.8,66.81
1982-12-05T06:00:00,43189099999,KAKINADA,16.95,82.233,29.0,1016.9,51.83
1982-12-05T09:00:00,43189099999,KAKINADA,16.95,82.233,29.0,1013.7,42.28
1982-12-05T12:00:00,43189099999,KAKINADA,16.95,82.233,26.4,1013.5,50.18
1982-12-05T15:00:00,43189099999,KAKINADA,16.95,82.233,23.2,1015.1,74.89
1982-12-05T18:00:00,43189099999,KAKINADA,16.95,82.233,21.6,1014.6,71.84
1982-12-05T21:00:00,43189099999,KAKINADA,16.95,82.233,20.2,1013.5,74.39
1982-12-06T00:00:00,43189099999,KAKINADA,16.95,82.233,19.2,1014.0,77.15
1982-12-06T03:00:00,43189099999,KAKINADA,16.95,82.233,22.6,1016.5,64.63
1982-12-06T06:00:00,43189099999,KAKINADA,16.95,82.233,28.0,1016.2,58.11
1982-12-06T15:00:00,43189099999,KAKINADA,16.95,82.233,24.4,1015.7,76.97
1982-12-06T18:00:00,43189099999,KAKINADA,16.95,82.233,22.8,1015.9,87.96
1982-12-07T00:00:00,43189099999,KAKINADA,16.95,82.233,20.6,1014.6,84.53
1982-12-07T03:00:00,43189099999,KAKINADA,16.95,82.233,23.6,1017.0,74.96
1982-12-07T09:00:00,43189099999,KAKINADA,16.95,82.233,28.6,1014.0,60.09
1982-12-07T12:00:00,43189099999,KAKINADA,16.95,82.233,26.2,1014.9,71.76
1982-12-07T15:00:00,43189099999,KAKINADA,16.95,82.233,25.4,1017.1,72.96
1982-12-07T18:00:00,43189099999,KAKINADA,16.95,82.233,25.2,1017.2,71.14
1982-12-07T21:00:00,43189099999,KAKINADA,16.95,82.233,22.6,1016.2,85.8
1982-12-08T00:00:00,43189099999,KAKINADA,16.95,82.233,22.0,1016.2,85.74
1982-12-08T03:00:00,43189099999,KAKINADA,16.95,82.233,25.2,1019.0,72.93
1982-12-08T06:00:00,43189099999,KAKINADA,16.95,82.233,28.4,1018.5,57.49
1982-12-08T09:00:00,43189099999,KAKINADA,16.95,82.233,28.6,1015.4,56.12
1982-12-08T12:00:00,43189099999,KAKINADA,16.95,82.233,26.4,1015.9,65.03
1982-12-08T15:00:00,43189099999,KAKINADA,16.95,82.233,25.4,1018.0,65.64
1982-12-08T18:00:00,43189099999,KAKINADA,16.95,82.233,24.6,1018.3,71.03
1982-12-08T21:00:00,43189099999,KAKINADA,16.95,82.233,21.8,1017.0,84.13
1982-12-09T00:00:00,43189099999,KAKINADA,16.95,82.233,21.0,1017.9,85.64
1982-12-09T03:00:00,43189099999,KAKINADA,16.95,82.233,24.0,1019.8,76.91
1982-12-09T06:00:00,43189099999,KAKINADA,16.95,82.233,28.0,1019.2,59.58
1982-12-09T09:00:00,43189099999,KAKINADA,16.95,82.233,28.6,1016.4,53.71
1982-12-09T12:00:00,43189099999,KAKINADA,16.95,82.233,26.4,1016.1,56.65
1982-12-09T15:00:00,43189099999,KAKINADA,16.95,82.233,25.0,1017.6,68.07
1982-12-09T18:00:00,43189099999,KAKINADA,16.95,82.233,22.2,1016.9,80.58
1982-12-09T21:00:00,43189099999,KAKINADA,16.95,82.233,21.0,1014.8,81.95
1982-12-10T00:00:00,43189099999,KAKINADA,16.95,82.233,19.8,1014.3,84.97
1982-12-10T03:00:00,43189099999,KAKINADA,16.95,82.233,22.8,1016.3,72.97
1982-12-10T06:00:00,43189099999,KAKINADA,16.95,82.233,28.2,1015.9,52.28
1982-12-10T09:00:00,43189099999,KAKINADA,16.95,82.233,29.4,1012.2,41.59
1982-12-10T12:00:00,43189099999,KAKINADA,16.95,82.233,26.8,1012.0,57.1
1982-12-10T15:00:00,43189099999,KAKINADA,16.95,82.233,,1013.2,
1982-12-10T18:00:00,43189099999,KAKINADA,16.95,82.233,22.4,1013.8,75.71
1982-12-10T21:00:00,43189099999,KAKINADA,16.95,82.233,21.0,1012.7,79.91
1982-12-11T00:00:00,43189099999,KAKINADA,16.95,82.233,20.0,1013.3,81.31
1982-12-11T06:00:00,43189099999,KAKINADA,16.95,82.233,28.4,1015.4,58.57
1982-12-11T09:00:00,43189099999,KAKINADA,16.95,82.233,28.4,1012.5,58.57
1982-12-11T15:00:00,43189099999,KAKINADA,16.95,82.233,25.0,1014.5,66.8
1982-12-11T18:00:00,43189099999,KAKINADA,16.95,82.233,23.6,1015.4,71.74
1982-12-11T21:00:00,43189099999,KAKINADA,16.95,82.233,20.8,1014.1,87.24
1982-12-12T00:00:00,43189099999,KAKINADA,16.95,82.233,19.6,1014.6,88.24
1982-12-12T03:00:00,43189099999,KAKINADA,16.95,82.233,23.2,1017.3,74.89
1982-12-12T06:00:00,43189099999,KAKINADA,16.95,82.233,28.4,1017.3,61.17
1982-12-12T09:00:00,43189099999,KAKINADA,16.95,82.233,25.2,1014.7,70.7
1982-12-12T12:00:00,43189099999,KAKINADA,16.95,82.233,25.8,1014.5,67.38
1982-12-12T15:00:00,43189099999,KAKINADA,16.95,82.233,24.0,1015.8,75.02
1982-12-12T18:00:00,43189099999,KAKINADA,16.95,82.233,23.4,1014.5,81.24
1982-12-12T21:00:00,43189099999,KAKINADA,16.95,82.233,22.8,1013.7,76.25
1982-12-13T00:00:00,43189099999,KAKINADA,16.95,82.233,22.2,1014.3,80.58
1982-12-13T03:00:00,43189099999,KAKINADA,16.95,82.233,23.6,1016.7,73.11
1982-12-13T06:00:00,43189099999,KAKINADA,16.95,82.233,28.4,1016.7,60.04
1982-12-13T09:00:00,43189099999,KAKINADA,16.95,82.233,28.6,,60.09
1982-12-13T12:00:00,43189099999,KAKINADA,16.95,82.233,26.2,1014.0,67.46
1982-12-13T18:00:00,43189099999,KAKINADA,16.95,82.233,25.4,1016.5,72.96
1982-12-13T21:00:00,43189099999,KAKINADA,16.95,82.233,23.0,1015.6,82.71
1982-12-14T00:00:00,43189099999,KAKINADA,16.95,82.233,22.4,,
1982-12-14T03:00:00,43189099999,KAKINADA,16.95,82.233,24.2,1018.1,78.38
1982-12-14T06:00:00,43189099999,KAKINADA,16.95,82.233,28.0,1017.0,
1982-12-14T09:00:00,43189099999,KAKINADA,16.95,82.233,28.6,1014.4,60.09
1982-12-14T12:00:00,43189099999,KAKINADA,16.95,82.233,26.2,1014.6,67.46
1982-12-14T15:00:00,43189099999,KAKINADA,16.95,82.233,25.4,1016.8,72.96
1982-12-14T18:00:00,43189099999,KAKINADA,16.95,82.233,23.4,1016.9,82.76
1982-12-15T00:00:00,43189099999,KAKINADA,16.95,82.233,21.0,1015.2,82.99
1982-12-15T03:00:00,43189099999,KAKINADA,16.95,82.233,24.0,1017.5,78.35
1982-12-15T06:00:00,43189099999,KAKINADA,16.95,82.233,28.0,1016.9,66.18
1982-12-15T09:00:00,43189099999,KAKINADA,16.95,82.233,20.6,1013.8,98.77
1982-12-15T12:00:00,43189099999,KAKINADA,16.95,82.233,26.0,1013.4,66.18
1982-12-15T15:00:00,43189099999,KAKINADA,16.95,82.233,24.8,1015.4,74.23
1982-12-15T18:00:00,43189099999,KAKINADA,16.95,82.233,22.6,1015.4,85.8
1982-12-16T12:00:00,43189099999,KAKINADA,16.95,82.233,26.0,1014.1,67.42
1982-12-16T18:00:00,43189099999,KAKINADA,16.95,82.233,22.4,1016.7,89.57
1982-12-17T00:00:00,43189099999,KAKINADA,16.95,82.233,20.6,1015.6,88.87
1982-12-17T06:00:00,43189099999,KAKINADA,16.95,82.233,27.6,1017.4,69.85
1982-12-17T09:00:00,43189099999,KAKINADA,16.95,82.233,28.4,1014.6,65.05
1982-12-17T12:00:00,43189099999,KAKINADA,16.95,82.233,26.2,1014.9,71.76
1982-12-17T15:00:00,43189099999,KAKINADA,16.95,82.233,25.4,1016.7,75.71
1982-12-17T18:00:00,43189099999,KAKINADA,16.95,82.233,22.6,1017.4,85.8
1982-12-17T21:00:00,43189099999,KAKINADA,16.95,82.233,21.4,1015.5,73.65
1982-12-18T00:00:00,43189099999,KAKINADA,16.95,82.233,20.2,1015.8,77.8
1982-12-18T06:00:00,43189099999,KAKINADA,16.95,82.233,28.4,1017.1,65.85
1982-12-18T09:00:00,43189099999,KAKINADA,16.95,82.233,29.0,1014.2,61.68
1982-12-18T12:00:00,43189099999,KAKINADA,16.95,82.233,26.4,1014.6,73.59
1982-12-18T15:00:00,43189099999,KAKINADA,16.95,82.233,23.8,1016.7,86.44
1982-12-18T18:00:00,43189099999,KAKINADA,16.95,82.233,22.6,1016.5,91.25
1982-12-18T21:00:00,43189099999,KAKINADA,16.95,82.233,21.2,1014.7,75.04
1982-12-19T00:00:00,43189099999,KAKINADA,16.95,82.233,20.4,1014.8,76.35
1982-12-19T03:00:00,43189099999,KAKINADA,16.95,82.233,23.2,1017.2,60.75
1982-12-19T06:00:00,43189099999,KAKINADA,16.95,82.233,29.4,1016.3,39.49
1982-12-19T12:00:00,43189099999,KAKINADA,16.95,82.233,26.4,1014.4,69.19
1982-12-19T15:00:00,43189099999,KAKINADA,16.95,82.233,24.0,1016.7,83.34
1982-12-19T18:00:00,43189099999,KAKINADA,16.95,82.233,23.0,1016.5,85.84
1982-12-19T21:00:00,43189099999,KAKINADA,16.95,82.233,22.2,1015.7,89.0
1982-12-20T00:00:00,43189099999,KAKINADA,16.95,82.233,21.2,1015.8,88.92
1982-12-20T03:00:00,43189099999,KAKINADA,16.95,82.233,23.6,1017.9,81.26
1982-12-20T06:00:00,43189099999,KAKINADA,16.95,82.233,27.6,1017.4,68.58
1982-12-20T09:00:00,43189099999,KAKINADA,16.95,82.233,28.4,1014.7,62.31
1982-12-20T12:00:00,43189099999,KAKINADA,16.95,82.233,26.2,1014.9,69.16
1982-12-20T15:00:00,43189099999,KAKINADA,16.95,82.233,25.9,1017.5,70.83
1982-12-20T18:00:00,43189099999,KAKINADA,16.95,82.233,23.0,1017.2,85.84
1982-12-20T21:00:00,43189099999,KAKINADA,16.95,82.233,22.0,1015.4,88.99
1982-12-21T00:00:00,43189099999,KAKINADA,16.95,82.233,21.2,1015.7,90.04
1982-12-21T03:00:00,43189099999,KAKINADA,16.95,82.233,23.6,1017.9,
1982-12-21T06:00:00,43189099999,KAKINADA,16.95,82.233,28.2,1017.0,62.27
1982-12-21T09:00:00,43189099999,KAKINADA,16.95,82.233,28.6,1014.0,62.74
1982-12-21T12:00:00,43189099999,KAKINADA,16.95,82.233,26.4,1014.0,62.25
1982-12-21T15:00:00,43189099999,KAKINADA,16.95,82.233,25.4,1015.7,74.33
1982-12-21T18:00:00,43189099999,KAKINADA,16.95,82.233,24.8,1015.8,69.32
1982-12-21T21:00:00,43189099999,KAKINADA,16.95,82.233,21.8,1015.1,84.13
1982-12-22T00:00:00,43189099999,KAKINADA,16.95,82.233,21.3,1015.3,83.03
1982-12-22T03:00:00,43189099999,KAKINADA,16.95,82.233,23.6,1017.5,78.3
1982-12-22T06:00:00,43189099999,KAKINADA,16.95,82.233,28.2,1016.0,62.27
1982-12-22T09:00:00,43189099999,KAKINADA,16.95,82.233,29.0,1013.3,59.07
1982-12-22T12:00:00,43189099999,KAKINADA,16.95,82.233,26.6,1013.5,65.08
1982-12-22T15:00:00,43189099999,KAKINADA,16.95,82.233,25.4,1014.9,66.88
1982-12-22T18:00:00,43189099999,KAKINADA,16.95,82.233,23.4,1014.3,81.24
1982-12-22T21:00:00,43189099999,KAKINADA,16.95,82.233,22.4,1013.0,85.78
1982-12-23T00:00:00,43189099999,KAKINADA,16.95,82.233,21.6,1012.8,88.95
1982-12-23T03:00:00,43189099999,KAKINADA,16.95,82.233,23.6,1014.9,81.26
1982-12-23T06:00:00,43189099999,KAKINADA,16.95,82.233,28.0,1014.3,63.39
1982-12-23T09:00:00,43189099999,KAKINADA,16.95,82.233,28.4,1011.5,56.07
1982-12-23T12:00:00,43189099999,KAKINADA,16.95,82.233,26.4,1011.7,65.03
1982-12-23T15:00:00,43189099999,KAKINADA,16.95,82.233,24.2,1013.7,78.38
1982-12-23T18:00:00,43189099999,KAKINADA,16.95,82.233,22.6,1014.3,86.86
1982-12-23T21:00:00,43189099999,KAKINADA,16.95,82.233,21.4,1013.3,88.94
1982-12-24T00:00:00,43189099999,KAKINADA,16.95,82.233,20.4,1013.9,90.54
1982-12-24T03:00:00,43189099999,KAKINADA,16.95,82.233,22.8,1015.5,81.16
1982-12-24T06:00:00,43189099999,KAKINADA,16.95,82.233,28.4,1014.3,56.07
1982-12-24T09:00:00,43189099999,KAKINADA,16.95,82.233,28.8,1011.2,56.87
1982-12-24T12:00:00,43189099999,KAKINADA,16.95,82.233,26.0,1011.9,64.54
1982-12-24T15:00:00,43189099999,KAKINADA,16.95,82.233,23.8,1013.5,78.33
1982-12-24T18:00:00,43189099999,KAKINADA,16.95,82.233,21.6,1013.4,85.7
1982-12-24T21:00:00,43189099999,KAKINADA,16.95,82.233,20.4,1012.5,90.54
1982-12-25T00:00:00,43189099999,KAKINADA,16.95,82.233,19.4,1012.4,90.47
1982-12-25T03:00:00,43189099999,KAKINADA,16.95,82.233,22.0,1015.5,80.55
1982-12-25T06:00:00,43189099999,KAKINADA,16.95,82.233,28.0,1014.8,63.39
1982-12-25T09:00:00,43189099999,KAKINADA,16.95,82.233,28.6,1012.4,56.12
1982-12-25T12:00:00,43189099999,KAKINADA,16.95,82.233,25.7,1013.1,66.53
1982-12-25T15:00:00,43189099999,KAKINADA,16.95,82.233,24.6,1014.7,73.73
1982-12-25T18:00:00,43189099999,KAKINADA,16.95,82.233,22.0,1015.0,84.15
1982-12-25T21:00:00,43189099999,KAKINADA,16.95,82.233,20.8,1014.5,87.24
1982-12-26T00:00:00,43189099999,KAKINADA,16.95,82.233,19.8,1014.9,88.81
1982-12-26T03:00:00,43189099999,KAKINADA,16.95,82.233,23.6,1017.3,74.96
1982-12-26T06:00:00,43189099999,KAKINADA,16.95,82.233,27.3,1016.8,68.1
1982-12-26T09:00:00,43189099999,KAKINADA,16.95,82.233,28.2,1013.8,59.62
1982-12-26T12:00:00,43189099999,KAKINADA,16.95,82.233,25.8,1014.1,71.69
1982-12-26T15:00:00,43189099999,KAKINADA,16.95,82.233,25.0,1016.1,71.11
1982-12-26T18:00:00,43189099999,KAKINADA,16.95,82.233,24.6,1015.4,73.73
1982-12-26T21:00:00,43189099999,KAKINADA,16.95,82.233,21.7,1013.3,88.41
1982-12-27T00:00:00,43189099999,KAKINADA,16.95,82.233,21.0,1014.0,90.58
1982-12-27T06:00:00,43189099999,KAKINADA,16.95,82.233,28.4,1015.6,53.66
1982-12-27T09:00:00,43189099999,KAKINADA,16.95,82.233,29.0,1012.3,59.07
1982-12-27T12:00:00,43189099999,KAKINADA,16.95,82.233,26.0,1012.3,74.88
1982-12-27T15:00:00,43189099999,KAKINADA,16.95,82.233,25.2,1013.5,77.57
1982-12-27T18:00:00,43189099999,KAKINADA,16.95,82.233,24.4,1014.1,81.86
1982-12-27T21:00:00,43189099999,KAKINADA,16.95,82.233,22.6,1012.4,89.58
1982-12-28T00:00:00,43189099999,KAKINADA,16.95,82.233,21.8,1012.7,88.97
1982-12-28T03:00:00,43189099999,KAKINADA,16.95,82.233,24.0,1015.4,81.31
1982-12-28T06:00:00,43189099999,KAKINADA,16.95,82.233,28.4,1014.8,62.31
1982-12-28T09:00:00,43189099999,KAKINADA,16.95,82.233,28.6,1012.6,57.53
1982-12-28T12:00:00,43189099999,KAKINADA,16.95,82.233,26.5,1013.0,67.11
1982-12-28T18:00:00,43189099999,KAKINADA,16.95,82.233,25.4,1015.3,69.43
1982-12-28T21:00:00,43189099999,KAKINADA,16.95,82.233,23.0,1014.5,81.19
1982-12-29T00:00:00,43189099999,KAKINADA,16.95,82.233,22.2,1015.2,77.12
1982-12-29T03:00:00,43189099999,KAKINADA,16.95,82.233,23.0,1017.6,77.72
1982-12-29T06:00:00,43189099999,KAKINADA,16.95,82.233,28.5,1016.7,61.95
1982-12-29T09:00:00,43189099999,KAKINADA,16.95,82.233,29.0,1013.7,55.52
1982-12-29T12:00:00,43189099999,KAKINADA,16.95,82.233,26.2,1013.9,67.46
1982-12-29T15:00:00,43189099999,KAKINADA,16.95,82.233,25.2,1015.6,71.14
1982-12-29T18:00:00,43189099999,KAKINADA,16.95,82.233,24.6,1015.6,77.0
1982-12-30T00:00:00,43189099999,KAKINADA,16.95,82.233,22.2,1015.0,84.17
1982-12-30T03:00:00,43189099999,KAKINADA,16.95,82.233,24.0,1016.7,78.35
1982-12-30T06:00:00,43189099999,KAKINADA,16.95,82.233,28.8,1016.2,62.78
1982-12-30T09:00:00,43189099999,KAKINADA,16.95,82.233,29.4,1013.0,60.64
1982-12-30T15:00:00,43189099999,KAKINADA,16.95,82.233,24.2,1014.9,81.34
1982-12-30T18:00:00,43189099999,KAKINADA,16.95,82.233,23.4,1014.8,86.4
1982-12-30T21:00:00,43189099999,KAKINADA,16.95,82.233,22.6,1013.1,91.25
1982-12-31T00:00:00,43189099999,KAKINADA,16.95,82.233,21.4,1013.0,90.61
1982-12-31T06:00:00,43189099999,KAKINADA,16.95,82.233,28.4,1015.0,61.17
1982-12-31T09:00:00,43189099999,KAKINADA,16.95,82.233,29.0,1012.2,53.14
1982-12-31T15:00:00,43189099999,KAKINADA,16.95,82.233,24.2,1015.1,78.38
1982-12-31T18:00:00,43189099999,KAKINADA,16.95,82.233,23.4,1015.1,82.76
1982-12-31T21:00:00,43189099999,KAKINADA,16.95,82.233,22.0,1014.5,87.35
