timestamp,station_id,station_name,latitude,longitude,temperature,pressure,humidity
1991-01-01T00:00:00,43192099999,GOA/PANJIM,15.483,73.817,20.0,1011.4,81.31
1991-01-01T03:00:00,43192099999,GOA/PANJIM,15.483,73.817,21.4,1013.1,75.07
1991-01-01T06:00:00,43192099999,GOA/PANJIM,15.483,73.817,26.2,1013.1,55.18
1991-01-01T09:00:00,43192099999,GOA/PANJIM,15.483,73.817,27.0,1009.9,57.51
1991-01-01T12:00:00,43192099999,GOA/PANJIM,15.483,73.817,24.6,1009.4,62.24
1991-01-01T15:00:00,43192099999,GOA/PANJIM,15.483,73.817,23.0,1011.5,59.16
1991-01-01T18:00:00,43192099999,GOA/PANJIM,15.483,73.817,21.4,1011.9,57.26
1991-01-01T21:00:00,43192099999,GOA/PANJIM,15.483,73.817,17.4,1010.5,75.87
1991-01-02T00:00:00,43192099999,GOA/PANJIM,15.483,73.817,18.0,1010.5,61.96
1991-01-02T03:00:00,43192099999,GOA/PANJIM,15.483,73.817,18.4,1012.2,
1991-01-02T06:00:00,43192099999,GOA/PANJIM,15.483,73.817,25.4,1012.3,26.73
1991-01-02T09:00:00,43192099999,GOA/PANJIM,15.483,73.817,28.6,1010.0,27.6
1991-01-02T12:00:00,43192099999,GOA/PANJIM,15.483,73.817,24.6,1009.7,42.73
1991-01-02T15:00:00,43192099999,GOA/PANJIM,15.483,73.817,22.0,1011.1,53.41
1991-01-02T18:00:00,43192099999,GOA/PANJIM,15.483,73.817,19.0,1011.9,57.81
1991-01-02T21:00:00,43192099999,GOA/PANJIM,15.483,73.817,16.6,1010.4,81.39
1991-01-03T00:00:00,43192099999,GOA/PANJIM,15.483,73.817,15.0,1010.3,87.27
1991-01-03T03:00:00,43192099999,GOA/PANJIM,15.483,73.817,16.4,1012.1,69.47
1991-01-03T06:00:00,43192099999,GOA/PANJIM,15.483,73.817,24.6,1012.2,36.39
1991-01-03T09:00:00,43192099999,GOA/PANJIM,15.483,73.817,28.0,1009.9,33.15
1991-01-03T12:00:00,43192099999,GOA/PANJIM,15.483,73.817,25.4,1008.8,
1991-01-03T15:00:00,43192099999,GOA/PANJIM,15.483,73.817,21.4,1011.7,55.77
1991-01-03T21:00:00,43192099999,GOA/PANJIM,15.483,73.817,28.0,1011.5,46.87
1991-01-04T00:00:00,43192099999,GOA/PANJIM,15.483,73.817,27.0,1011.3,47.82
1991-01-04T03:00:00,43192099999,GOA/PANJIM,15.483,73.817,17.6,1013.3,77.91
1991-01-04T06:00:00,43192099999,GOA/PANJIM,15.483,73.817,26.4,1013.1,36.65
1991-01-04T09:00:00,43192099999,GOA/PANJIM,15.483,73.817,29.0,1010.3,34.55
1991-01-04T12:00:00,43192099999,GOA/PANJIM,15.483,73.817,26.4,1010.2,48.91
1991-01-04T15:00:00,43192099999,GOA/PANJIM,15.483,73.817,22.0,1012.2,65.76
1991-01-04T18:00:00,43192099999,GOA/PANJIM,15.483,73.817,20.2,1011.9,79.8
1991-01-04T21:00:00,43192099999,GOA/PANJIM,15.483,73.817,18.6,1010.7,86.49
1991-01-05T00:00:00,43192099999,GOA/PANJIM,15.483,73.817,18.0,1010.5,89.8
1991-01-05T03:00:00,43192099999,GOA/PANJIM,15.483,73.817,19.2,1013.1,82.78
1991-01-05T06:00:00,43192099999,GOA/PANJIM,15.483,73.817,28.4,1012.5,39.21
1991-01-05T09:00:00,43192099999,GOA/PANJIM,15.483,73.817,29.4,1009.9,44.06
1991-01-05T12:00:00,43192099999,GOA/PANJIM,15.483,73.817,27.2,1009.9,60.14
1991-01-05T15:00:00,43192099999,GOA/PANJIM,15.483,73.817,23.6,1011.8,78.3
1991-01-05T18:00:00,43192099999,GOA/PANJIM,15.483,73.817,21.8,1011.4,87.33
1991-01-05T21:00:00,43192099999,GOA/PANJIM,15.483,73.817,20.4,1010.6,87.2
1991-01-06T00:00:00,43192099999,GOA/PANJIM,15.483,73.817,20.0,1011.4,90.51
1991-01-06T03:00:00,43192099999,GOA/PANJIM,15.483,73.817,21.2,1013.7,85.66
1991-01-06T06:00:00,43192099999,GOA/PANJIM,15.483,73.817,29.0,1013.0,51.83
1991-01-06T09:00:00,43192099999,GOA/PANJIM,15.483,73.817,29.8,1010.7,53.68
1991-01-06T12:00:00,43192099999,GOA/PANJIM,15.483,73.817,28.0,1010.9,63.39
1991-01-06T15:00:00,43192099999,GOA/PANJIM,15.483,73.817,25.0,1012.2,78.98
1991-01-06T18:00:00,43192099999,GOA/PANJIM,15.483,73.817,23.2,1012.2,89.63
1991-01-06T21:00:00,43192099999,GOA/PANJIM,15.483,73.817,22.0,1011.4,88.99
1991-01-07T00:00:00,43192099999,GOA/PANJIM,15.483,73.817,21.4,1011.9,92.88
1991-01-07T03:00:00,43192099999,GOA/PANJIM,15.483,73.817,22.4,1014.3,89.57
1991-01-07T06:00:00,43192099999,GOA/PANJIM,15.483,73.817,29.8,1013.5,58.53
1991-01-07T09:00:00,43192099999,GOA/PANJIM,15.483,73.817,30.4,1010.6,56.55
1991-01-07T12:00:00,43192099999,GOA/PANJIM,15.483,73.817,27.6,1010.6,67.33
1991-01-07T15:00:00,43192099999,GOA/PANJIM,15.483,73.817,25.0,1013.0,80.45
1991-01-07T18:00:00,43192099999,GOA/PANJIM,15.483,73.817,23.6,1013.3,74.96
1991-01-07T21:00:00,43192099999,GOA/PANJIM,15.483,73.817,22.0,1012.3,73.75
1991-01-08T00:00:00,43192099999,GOA/PANJIM,15.483,73.817,21.0,1012.4,76.45
1991-01-08T03:00:00,43192099999,GOA/PANJIM,15.483,73.817,22.6,1014.3,81.13
1991-01-08T06:00:00,43192099999,GOA/PANJIM,15.483,73.817,29.0,1013.7,57.99
1991-01-08T09:00:00,43192099999,GOA/PANJIM,15.483,73.817,31.8,1010.9,44.42
1991-01-08T12:00:00,43192099999,GOA/PANJIM,15.483,73.817,28.0,1010.3,53.23
1991-01-08T15:00:00,43192099999,GOA/PANJIM,15.483,73.817,25.0,1011.9,74.26
1991-01-08T18:00:00,43192099999,GOA/PANJIM,15.483,73.817,23.0,1012.2,69.85
1991-01-08T21:00:00,43192099999,GOA/PANJIM,15.483,73.817,21.4,1011.2,75.07
1991-01-09T00:00:00,43192099999,GOA/PANJIM,15.483,73.817,20.6,1011.1,79.86
1991-01-09T03:00:00,43192099999,GOA/PANJIM,15.483,73.817,22.2,1013.0,84.17
1991-01-09T06:00:00,43192099999,GOA/PANJIM,15.483,73.817,29.4,1012.6,50.96
1991-01-09T09:00:00,43192099999,GOA/PANJIM,15.483,73.817,31.0,1010.0,42.56
1991-01-09T12:00:00,43192099999,GOA/PANJIM,15.483,73.817,27.2,1009.9,52.35
1991-01-09T15:00:00,43192099999,GOA/PANJIM,15.483,73.817,25.0,1011.7,63.93
1991-01-09T18:00:00,43192099999,GOA/PANJIM,15.483,73.817,23.0,1012.3,61.88
1991-01-09T21:00:00,43192099999,GOA/PANJIM,15.483,73.817,20.2,1011.1,74.39
1991-01-10T00:00:00,43192099999,GOA/PANJIM,15.483,73.817,19.2,1011.6,68.22
1991-01-10T03:00:00,43192099999,GOA/PANJIM,15.483,73.817,20.4,1014.5,71.16
1991-01-10T06:00:00,43192099999,GOA/PANJIM,15.483,73.817,27.8,1014.7,49.28
1991-01-10T09:00:00,43192099999,GOA/PANJIM,15.483,73.817,29.2,1011.1,50.59
1991-01-10T12:00:00,43192099999,GOA/PANJIM,15.483,73.817,25.6,1011.1,64.46
1991-01-10T15:00:00,43192099999,GOA/PANJIM,15.483,73.817,23.4,1012.7,73.07
1991-01-10T18:00:00,43192099999,GOA/PANJIM,15.483,73.817,21.8,1013.5,73.72
1991-01-10T21:00:00,43192099999,GOA/PANJIM,15.483,73.817,20.4,1012.3,73.01
1991-01-11T00:00:00,43192099999,GOA/PANJIM,15.483,73.817,18.8,1012.5,84.33
1991-01-11T03:00:00,43192099999,GOA/PANJIM,15.483,73.817,19.8,1014.1,86.6
1991-01-11T06:00:00,43192099999,GOA/PANJIM,15.483,73.817,27.0,1014.1,52.3
1991-01-11T09:00:00,43192099999,GOA/PANJIM,15.483,73.817,28.6,1011.7,51.4
1991-01-11T12:00:00,43192099999,GOA/PANJIM,15.483,73.817,25.6,1011.6,65.68
1991-01-11T15:00:00,43192099999,GOA/PANJIM,15.483,73.817,23.6,1013.3,
1991-01-11T18:00:00,43192099999,GOA/PANJIM,15.483,73.817,22.0,1014.2,68.77
1991-01-11T21:00:00,43192099999,GOA/PANJIM,15.483,73.817,29.8,1013.0,47.35
1991-01-12T00:00:00,43192099999,GOA/PANJIM,15.483,73.817,19.6,1013.6,84.95
1991-01-12T03:00:00,43192099999,GOA/PANJIM,15.483,73.817,20.2,1015.4,92.82
1991-01-12T06:00:00,43192099999,GOA/PANJIM,15.483,73.817,27.6,1015.3,52.79
1991-01-12T09:00:00,43192099999,GOA/PANJIM,15.483,73.817,29.0,1011.9,48.05
1991-01-12T12:00:00,43192099999,GOA/PANJIM,15.483,73.817,26.4,1012.0,52.82
1991-01-12T15:00:00,43192099999,GOA/PANJIM,15.483,73.817,23.6,1014.1,66.94
1991-01-12T18:00:00,43192099999,GOA/PANJIM,15.483,73.817,21.0,1014.4,76.45
1991-01-12T21:00:00,43192099999,GOA/PANJIM,15.483,73.817,19.6,1012.7,84.95
1991-01-13T00:00:00,43192099999,GOA/PANJIM,15.483,73.817,18.4,1012.2,84.28
1991-01-13T03:00:00,43192099999,GOA/PANJIM,15.483,73.817,20.0,1014.3,85.0
1991-01-13T06:00:00,43192099999,GOA/PANJIM,15.483,73.817,27.4,1013.7,53.75
1991-01-13T09:00:00,43192099999,GOA/PANJIM,15.483,73.817,31.0,1010.2,45.62
1991-01-13T12:00:00,43192099999,GOA/PANJIM,15.483,73.817,27.4,1010.2,60.18
1991-01-13T15:00:00,43192099999,GOA/PANJIM,15.483,73.817,24.4,1012.1,69.24
1991-01-13T18:00:00,43192099999,GOA/PANJIM,15.483,73.817,22.0,1012.7,68.77
1991-01-13T21:00:00,43192099999,GOA/PANJIM,15.483,73.817,20.0,1011.4,83.4
1991-01-14T00:00:00,43192099999,GOA/PANJIM,15.483,73.817,20.0,,90.51
1991-01-14T03:00:00,43192099999,GOA/PANJIM,15.483,73.817,20.6,1013.8,91.12
1991-01-14T06:00:00,43192099999,GOA/PANJIM,15.483,73.817,28.6,1013.2,50.12
1991-01-14T09:00:00,43192099999,GOA/PANJIM,15.483,73.817,30.4,1009.9,45.18
1991-01-14T12:00:00,43192099999,GOA/PANJIM,15.483,73.817,27.6,1010.2,61.75
1991-01-14T15:00:00,43192099999,GOA/PANJIM,15.483,73.817,24.0,1012.2,79.82
1991-01-14T18:00:00,43192099999,GOA/PANJIM,15.483,73.817,22.2,1012.5,91.22
1991-01-14T21:00:00,43192099999,GOA/PANJIM,15.483,73.817,20.8,1010.9,92.28
1991-01-15T00:00:00,43192099999,GOA/PANJIM,15.483,73.817,19.8,1010.7,92.22
1991-01-15T03:00:00,43192099999,GOA/PANJIM,15.483,73.817,20.6,1012.7,88.87
1991-01-15T06:00:00,43192099999,GOA/PANJIM,15.483,73.817,29.0,1012.5,57.99
1991-01-15T12:00:00,43192099999,GOA/PANJIM,15.483,73.817,27.6,1010.5,61.75
1991-01-15T15:00:00,43192099999,GOA/PANJIM,15.483,73.817,24.2,1012.5,83.36
1991-01-15T18:00:00,43192099999,GOA/PANJIM,15.483,73.817,23.0,1013.2,91.27
1991-01-15T21:00:00,43192099999,GOA/PANJIM,15.483,73.817,21.2,1011.7,90.6
1991-01-16T00:00:00,43192099999,GOA/PANJIM,15.483,73.817,20.4,1011.8,88.86
1991-01-16T03:00:00,43192099999,GOA/PANJIM,15.483,73.817,21.0,1014.3,88.91
1991-01-16T06:00:00,43192099999,GOA/PANJIM,15.483,73.817,28.8,1014.0,59.03
1991-01-16T09:00:00,43192099999,GOA/PANJIM,15.483,73.817,,1011.5,
1991-01-16T12:00:00,43192099999,GOA/PANJIM,15.483,73.817,28.2,1011.2,63.82
1991-01-16T15:00:00,43192099999,GOA/PANJIM,15.483,73.817,25.0,1013.3,81.94
1991-01-16T18:00:00,43192099999,GOA/PANJIM,15.483,73.817,24.4,1013.7,83.38
1991-01-16T21:00:00,43192099999,GOA/PANJIM,15.483,73.817,22.4,1012.2,87.38
1991-01-17T00:00:00,43192099999,GOA/PANJIM,15.483,73.817,21.2,1012.3,92.87
1991-01-17T03:00:00,43192099999,GOA/PANJIM,15.483,73.817,22.4,1014.7,87.38
1991-01-17T06:00:00,43192099999,GOA/PANJIM,15.483,73.817,31.2,1014.8,41.55
1991-01-17T09:00:00,43192099999,GOA/PANJIM,15.483,73.817,32.2,1011.9,39.76
1991-01-17T12:00:00,43192099999,GOA/PANJIM,15.483,73.817,29.4,1011.7,58.08
1991-01-17T15:00:00,43192099999,GOA/PANJIM,15.483,73.817,26.4,1013.7,74.95
1991-01-17T18:00:00,43192099999,GOA/PANJIM,15.483,73.817,25.2,1014.5,74.29
1991-01-18T00:00:00,43192099999,GOA/PANJIM,15.483,73.817,22.2,1012.6,87.37
1991-01-18T03:00:00,43192099999,GOA/PANJIM,15.483,73.817,23.0,1014.9,77.72
1991-01-18T06:00:00,43192099999,GOA/PANJIM,15.483,73.817,23.0,1014.9,77.72
1991-01-18T09:00:00,43192099999,GOA/PANJIM,15.483,73.817,31.4,1011.6,48.38
1991-01-18T12:00:00,43192099999,GOA/PANJIM,15.483,73.817,27.8,1011.2,74.27
1991-01-18T15:00:00,43192099999,GOA/PANJIM,15.483,73.817,25.4,1012.5,77.6
1991-01-18T18:00:00,43192099999,GOA/PANJIM,15.483,73.817,23.6,1012.2,78.3
1991-01-18T21:00:00,43192099999,GOA/PANJIM,15.483,73.817,22.0,1010.9,85.74
1991-01-19T00:00:00,43192099999,GOA/PANJIM,15.483,73.817,21.4,1010.3,92.88
1991-01-19T03:00:00,43192099999,GOA/PANJIM,15.483,73.817,22.4,1012.2,85.78
1991-01-19T04:00:00,43192099999,GOA/PANJIM,15.483,73.817,31.4,1012.4,42.94
1991-01-19T06:00:00,43192099999,GOA/PANJIM,15.483,73.817,31.4,1012.4,42.94
1991-01-19T09:00:00,43192099999,GOA/PANJIM,15.483,73.817,22.4,,85.78
1991-01-19T12:00:00,43192099999,GOA/PANJIM,15.483,73.817,29.6,1009.2,66.1
1991-01-19T15:00:00,43192099999,GOA/PANJIM,15.483,73.817,26.4,1011.9,85.65
1991-01-19T18:00:00,43192099999,GOA/PANJIM,15.483,73.817,24.8,1012.4,91.39
1991-01-19T21:00:00,43192099999,GOA/PANJIM,15.483,73.817,23.4,1011.7,92.98
1991-01-20T00:00:00,43192099999,GOA/PANJIM,15.483,73.817,22.6,1011.5,92.94
1991-01-20T03:00:00,43192099999,GOA/PANJIM,15.483,73.817,23.2,1013.6,86.39
1991-01-20T06:00:00,43192099999,GOA/PANJIM,15.483,73.817,31.0,1013.1,57.04
1991-01-20T09:00:00,43192099999,GOA/PANJIM,15.483,73.817,31.0,1010.3,59.54
1991-01-20T12:00:00,43192099999,GOA/PANJIM,15.483,73.817,28.8,1010.2,72.22
1991-01-20T15:00:00,43192099999,GOA/PANJIM,15.483,73.817,26.4,1012.6,82.61
1991-01-20T18:00:00,43192099999,GOA/PANJIM,15.483,73.817,25.4,1012.8,88.18
1991-01-20T21:00:00,43192099999,GOA/PANJIM,15.483,73.817,23.8,1011.6,93.0
1991-01-21T00:00:00,43192099999,GOA/PANJIM,15.483,73.817,23.2,1011.5,96.43
1991-01-21T03:00:00,43192099999,GOA/PANJIM,15.483,73.817,24.0,1013.9,91.34
1991-01-21T06:00:00,43192099999,GOA/PANJIM,15.483,73.817,29.8,1014.3,63.38
1991-01-21T09:00:00,43192099999,GOA/PANJIM,15.483,73.817,31.8,1011.4,50.94
1991-01-21T12:00:00,43192099999,GOA/PANJIM,15.483,73.817,29.0,1010.7,70.96
1991-01-21T15:00:00,43192099999,GOA/PANJIM,15.483,73.817,26.4,1012.9,85.65
1991-01-21T18:00:00,43192099999,GOA/PANJIM,15.483,73.817,25.2,1013.2,85.01
1991-01-21T21:00:00,43192099999,GOA/PANJIM,15.483,73.817,23.8,1012.0,88.04
1991-01-22T00:00:00,43192099999,GOA/PANJIM,15.483,73.817,23.4,1011.7,94.7
1991-01-22T03:00:00,43192099999,GOA/PANJIM,15.483,73.817,24.2,1013.5,91.35
1991-01-22T06:00:00,43192099999,GOA/PANJIM,15.483,73.817,31.0,1013.5,65.59
1991-01-22T09:00:00,43192099999,GOA/PANJIM,15.483,73.817,31.6,1010.4,56.49
1991-01-22T12:00:00,43192099999,GOA/PANJIM,15.483,73.817,29.4,1009.9,64.47
1991-01-22T15:00:00,43192099999,GOA/PANJIM,15.483,73.817,26.4,1011.9,87.21
1991-01-22T18:00:00,43192099999,GOA/PANJIM,15.483,73.817,25.4,1012.0,86.59
1991-01-22T21:00:00,43192099999,GOA/PANJIM,15.483,73.817,24.6,1011.4,89.73
1991-01-23T00:00:00,43192099999,GOA/PANJIM,15.483,73.817,23.2,1011.3,92.97
1991-01-23T03:00:00,43192099999,GOA/PANJIM,15.483,73.817,24.0,1013.7,86.46
1991-01-23T06:00:00,43192099999,GOA/PANJIM,15.483,73.817,31.4,1013.7,48.38
1991-01-23T09:00:00,43192099999,GOA/PANJIM,15.483,73.817,31.0,1010.7,65.59
1991-01-23T12:00:00,43192099999,GOA/PANJIM,15.483,73.817,28.8,1009.7,73.54
1991-01-23T15:00:00,43192099999,GOA/PANJIM,15.483,73.817,26.4,1012.2,84.12
1991-01-23T18:00:00,43192099999,GOA/PANJIM,15.483,73.817,25.4,1012.7,91.42
1991-01-23T21:00:00,43192099999,GOA/PANJIM,15.483,73.817,24.4,1011.2,96.46
1991-01-24T00:00:00,43192099999,GOA/PANJIM,15.483,73.817,23.4,1011.0,96.44
1991-01-24T03:00:00,43192099999,GOA/PANJIM,15.483,73.817,24.2,1012.9,89.7
1991-01-24T06:00:00,43192099999,GOA/PANJIM,15.483,73.817,31.0,1012.9,47.97
1991-01-24T09:00:00,43192099999,GOA/PANJIM,15.483,73.817,31.8,1009.8,56.54
1991-01-24T12:00:00,43192099999,GOA/PANJIM,15.483,73.817,29.6,1009.3,57.06
1991-01-24T18:00:00,43192099999,GOA/PANJIM,15.483,73.817,25.2,1012.3,86.57
1991-01-24T21:00:00,43192099999,GOA/PANJIM,15.483,73.817,23.8,1011.0,82.8
1991-01-25T00:00:00,43192099999,GOA/PANJIM,15.483,73.817,23.0,1011.2,87.98
1991-01-25T03:00:00,43192099999,GOA/PANJIM,15.483,73.817,24.2,1014.3,76.94
1991-01-25T12:00:00,43192099999,GOA/PANJIM,15.483,73.817,29.8,1010.7,59.62
1991-01-25T15:00:00,43192099999,GOA/PANJIM,15.483,73.817,27.2,1013.5,71.07
1991-01-25T18:00:00,43192099999,GOA/PANJIM,15.483,73.817,26.2,1014.7,74.92
1991-01-25T21:00:00,43192099999,GOA/PANJIM,15.483,73.817,24.6,1013.1,81.89
1991-01-26T00:00:00,43192099999,GOA/PANJIM,15.483,73.817,23.0,1012.9,91.27
1991-01-26T03:00:00,43192099999,GOA/PANJIM,15.483,73.817,24.4,1015.3,72.34
1991-01-26T06:00:00,43192099999,GOA/PANJIM,15.483,73.817,32.2,1014.8,32.79
1991-01-26T09:00:00,43192099999,GOA/PANJIM,15.483,73.817,32.4,1011.2,45.15
1991-01-26T12:00:00,43192099999,GOA/PANJIM,15.483,73.817,29.2,1011.3,59.12
1991-01-26T15:00:00,43192099999,GOA/PANJIM,15.483,73.817,26.4,1015.3,74.95
1991-01-26T18:00:00,43192099999,GOA/PANJIM,15.483,73.817,25.2,1015.7,81.96
1991-01-26T21:00:00,43192099999,GOA/PANJIM,15.483,73.817,23.0,1014.4,91.27
1991-01-27T00:00:00,43192099999,GOA/PANJIM,15.483,73.817,21.6,1014.4,91.19
1991-01-27T03:00:00,43192099999,GOA/PANJIM,15.483,73.817,23.0,1016.0,71.18
1991-01-27T06:00:00,43192099999,GOA/PANJIM,15.483,73.817,32.4,1015.6,42.41
1991-01-27T15:00:00,43192099999,GOA/PANJIM,15.483,73.817,26.4,1014.7,73.59
1991-01-27T18:00:00,43192099999,GOA/PANJIM,15.483,73.817,24.8,1014.8,81.91
1991-01-27T21:00:00,43192099999,GOA/PANJIM,15.483,73.817,22.8,1013.1,87.96
1991-01-28T00:00:00,43192099999,GOA/PANJIM,15.483,73.817,21.0,1013.2,88.91
1991-01-28T03:00:00,43192099999,GOA/PANJIM,15.483,73.817,23.4,1015.1,74.92
1991-01-28T06:00:00,43192099999,GOA/PANJIM,15.483,73.817,32.4,1015.0,30.18
1991-01-28T12:00:00,43192099999,GOA/PANJIM,15.483,73.817,30.6,1018.5,55.57
1991-01-28T15:00:00,43192099999,GOA/PANJIM,15.483,73.817,26.6,1012.3,78.25
1991-01-28T18:00:00,43192099999,GOA/PANJIM,15.483,73.817,24.6,1012.5,69.28
1991-01-28T21:00:00,43192099999,GOA/PANJIM,15.483,73.817,22.2,1010.9,87.37
1991-01-29T00:00:00,43192099999,GOA/PANJIM,15.483,73.817,20.4,1010.9,88.86
1991-01-29T03:00:00,43192099999,GOA/PANJIM,15.483,73.817,22.8,1012.3,72.97
1991-01-29T06:00:00,43192099999,GOA/PANJIM,15.483,73.817,32.4,1011.7,18.45
1991-01-29T09:00:00,43192099999,GOA/PANJIM,15.483,73.817,35.4,1008.4,26.89
1991-01-29T12:00:00,43192099999,GOA/PANJIM,15.483,73.817,31.4,1007.8,40.82
1991-01-29T15:00:00,43192099999,GOA/PANJIM,15.483,73.817,27.0,1009.8,69.74
1991-01-29T18:00:00,43192099999,GOA/PANJIM,15.483,73.817,24.4,1009.7,73.7
1991-01-29T21:00:00,43192099999,GOA/PANJIM,15.483,73.817,21.8,1008.9,79.02
1991-01-30T00:00:00,43192099999,GOA/PANJIM,15.483,73.817,20.4,1009.5,69.35
1991-01-30T03:00:00,43192099999,GOA/PANJIM,15.483,73.817,23.8,1012.0,44.24
1991-01-30T06:00:00,43192099999,GOA/PANJIM,15.483,73.817,32.4,1012.0,21.03
1991-01-30T09:00:00,43192099999,GOA/PANJIM,15.483,73.817,35.8,,24.97
1991-01-30T12:00:00,43192099999,GOA/PANJIM,15.483,73.817,30.0,1009.0,56.11
1991-01-30T15:00:00,43192099999,GOA/PANJIM,15.483,73.817,26.6,1011.4,69.23
1991-01-30T18:00:00,43192099999,GOA/PANJIM,15.483,73.817,23.8,1011.9,81.29
1991-01-30T21:00:00,43192099999,GOA/PANJIM,15.483,73.817,22.0,1010.9,82.08
1991-01-31T00:00:00,43192099999,GOA/PANJIM,15.483,73.817,,1018.9,
1991-01-31T03:00:00,43192099999,GOA/PANJIM,15.483,73.817,23.0,1013.1,66.81
1991-01-31T06:00:00,43192099999,GOA/PANJIM,15.483,73.817,32.0,1013.3,33.38
1991-01-31T09:00:00,43192099999,GOA/PANJIM,15.483,73.817,32.8,1010.2,47.55
1991-01-31T12:00:00,43192099999,GOA/PANJIM,15.483,73.817,29.2,1009.9,61.72
1991-01-31T15:00:00,43192099999,GOA/PANJIM,15.483,73.817,26.2,1012.4,73.55
1991-01-31T18:00:00,43192099999,GOA/PANJIM,15.483,73.817,24.6,1012.4,81.89
1991-01-31T21:00:00,43192099999,GOA/PANJIM,15.483,73.817,22.2,1011.6,91.22
1991-02-01T00:00:00,43192099999,GOA/PANJIM,15.483,73.817,20.4,1011.9,90.54
1991-02-01T03:00:00,43192099999,GOA/PANJIM,15.483,73.817,21.4,1013.7,85.68
1991-02-01T09:00:00,43192099999,GOA/PANJIM,15.483,73.817,32.0,1010.2,42.56
1991-02-01T12:00:00,43192099999,GOA/PANJIM,15.483,73.817,29.0,1009.8,59.07
1991-02-01T15:00:00,43192099999,GOA/PANJIM,15.483,73.817,26.0,1011.5,61.78
1991-02-01T18:00:00,43192099999,GOA/PANJIM,15.483,73.817,23.8,1011.7,61.28
1991-02-01T21:00:00,43192099999,GOA/PANJIM,15.483,73.817,21.2,1010.6,69.95
1991-02-02T00:00:00,43192099999,GOA/PANJIM,15.483,73.817,20.4,1010.7,67.58
1991-02-02T03:00:00,43192099999,GOA/PANJIM,15.483,73.817,21.6,1012.9,80.5
1991-02-02T06:00:00,43192099999,GOA/PANJIM,15.483,73.817,29.0,1013.2,51.83
1991-02-02T09:00:00,43192099999,GOA/PANJIM,15.483,73.817,20.4,1010.7,77.83
1991-02-02T12:00:00,43192099999,GOA/PANJIM,15.483,73.817,27.6,1011.1,43.0
1991-02-02T15:00:00,43192099999,GOA/PANJIM,15.483,73.817,24.8,1012.7,58.08
1991-02-02T18:00:00,43192099999,GOA/PANJIM,15.483,73.817,23.0,1012.6,59.16
1991-02-02T21:00:00,43192099999,GOA/PANJIM,15.483,73.817,20.0,1011.3,75.8
1991-02-03T00:00:00,43192099999,GOA/PANJIM,15.483,73.817,18.6,1011.5,65.46
1991-02-03T03:00:00,43192099999,GOA/PANJIM,15.483,73.817,20.4,1013.7,74.43
1991-02-03T06:00:00,43192099999,GOA/PANJIM,15.483,73.817,28.4,1013.9,36.01
1991-02-03T09:00:00,43192099999,GOA/PANJIM,15.483,73.817,30.8,1010.9,37.4
1991-02-03T12:00:00,43192099999,GOA/PANJIM,15.483,73.817,27.4,1011.0,48.86
1991-02-03T15:00:00,43192099999,GOA/PANJIM,15.483,73.817,24.4,1012.5,60.25
1991-02-03T18:00:00,43192099999,GOA/PANJIM,15.483,73.817,22.6,1012.8,64.63
1991-02-03T21:00:00,43192099999,GOA/PANJIM,15.483,73.817,20.2,1011.7,76.32
1991-02-04T00:00:00,43192099999,GOA/PANJIM,15.483,73.817,18.8,1011.5,93.92
1991-02-04T03:00:00,43192099999,GOA/PANJIM,15.483,73.817,20.2,1013.4,79.8
1991-02-04T06:00:00,43192099999,GOA/PANJIM,15.483,73.817,28.6,1013.0,46.44
1991-02-04T09:00:00,43192099999,GOA/PANJIM,15.483,73.817,30.0,1010.5,44.5
1991-02-04T12:00:00,43192099999,GOA/PANJIM,15.483,73.817,28.4,1010.3,44.07
1991-02-04T15:00:00,43192099999,GOA/PANJIM,15.483,73.817,24.6,1012.2,63.44
1991-02-04T18:00:00,43192099999,GOA/PANJIM,15.483,73.817,23.6,1013.2,76.37
1991-02-05T00:00:00,43192099999,GOA/PANJIM,15.483,73.817,19.4,1011.4,88.22
1991-02-05T03:00:00,43192099999,GOA/PANJIM,15.483,73.817,21.0,1013.3,73.11
1991-02-05T06:00:00,43192099999,GOA/PANJIM,15.483,73.817,29.6,1013.6,45.25
1991-02-05T09:00:00,43192099999,GOA/PANJIM,15.483,73.817,30.0,1010.9,50.48
1991-02-05T12:00:00,43192099999,GOA/PANJIM,15.483,73.817,28.4,1010.9,63.86
1991-02-05T15:00:00,43192099999,GOA/PANJIM,15.483,73.817,25.6,1013.1,77.63
1991-02-05T18:00:00,43192099999,GOA/PANJIM,15.483,73.817,23.6,1013.3,82.78
1991-02-05T21:00:00,43192099999,GOA/PANJIM,15.483,73.817,22.4,1011.8,89.57
1991-02-06T00:00:00,43192099999,GOA/PANJIM,15.483,73.817,21.2,1012.2,92.87
1991-02-06T03:00:00,43192099999,GOA/PANJIM,15.483,73.817,22.4,1014.3,82.64
1991-02-06T06:00:00,43192099999,GOA/PANJIM,15.483,73.817,29.6,1014.6,51.01
1991-02-06T09:00:00,43192099999,GOA/PANJIM,15.483,73.817,31.0,1011.9,57.04
1991-02-06T12:00:00,43192099999,GOA/PANJIM,15.483,73.817,29.4,1011.4,60.64
1991-02-06T15:00:00,43192099999,GOA/PANJIM,15.483,73.817,26.4,1013.5,79.66
1991-02-06T18:00:00,43192099999,GOA/PANJIM,15.483,73.817,29.4,1011.4,60.64
1991-02-06T21:00:00,43192099999,GOA/PANJIM,15.483,73.817,23.4,1012.2,91.3
1991-02-07T00:00:00,43192099999,GOA/PANJIM,15.483,73.817,22.4,1012.0,91.24
1991-02-07T03:00:00,43192099999,GOA/PANJIM,15.483,73.817,24.4,1014.3,83.38
1991-02-07T06:00:00,43192099999,GOA/PANJIM,15.483,73.817,31.4,1014.4,52.76
1991-02-07T09:00:00,43192099999,GOA/PANJIM,15.483,73.817,32.2,1011.0,52.32
1991-02-07T12:00:00,43192099999,GOA/PANJIM,15.483,73.817,29.6,1010.5,62.96
1991-02-07T15:00:00,43192099999,GOA/PANJIM,15.483,73.817,26.2,1011.7,81.1
1991-02-07T18:00:00,43192099999,GOA/PANJIM,15.483,73.817,24.6,1012.3,86.52
1991-02-07T21:00:00,43192099999,GOA/PANJIM,15.483,73.817,23.0,1011.0,91.27
1991-02-08T00:00:00,43192099999,GOA/PANJIM,15.483,73.817,22.0,1010.6,88.99
1991-02-08T01:00:00,43192099999,GOA/PANJIM,15.483,73.817,22.0,1010.6,88.99
1991-02-08T03:00:00,43192099999,GOA/PANJIM,15.483,73.817,23.4,1013.2,77.78
1991-02-08T06:00:00,43192099999,GOA/PANJIM,15.483,73.817,32.6,1013.7,33.33
1991-02-08T09:00:00,43192099999,GOA/PANJIM,15.483,73.817,32.6,1010.1,37.18
1991-02-08T12:00:00,43192099999,GOA/PANJIM,15.483,73.817,30.2,1009.7,55.13
1991-02-08T15:00:00,43192099999,GOA/PANJIM,15.483,73.817,27.0,1013.1,68.04
1991-02-08T18:00:00,43192099999,GOA/PANJIM,15.483,73.817,25.0,1013.5,78.98
1991-02-08T21:00:00,43192099999,GOA/PANJIM,15.483,73.817,22.8,1012.2,79.16
1991-02-09T03:00:00,43192099999,GOA/PANJIM,15.483,73.817,23.0,1014.7,76.28
1991-02-09T06:00:00,43192099999,GOA/PANJIM,15.483,73.817,33.2,1015.1,28.48
1991-02-09T09:00:00,43192099999,GOA/PANJIM,15.483,73.817,32.8,1011.7,33.39
1991-02-09T12:00:00,43192099999,GOA/PANJIM,15.483,73.817,31.0,1011.6,43.65
1991-02-09T15:00:00,43192099999,GOA/PANJIM,15.483,73.817,27.2,1014.3,72.38
1991-02-09T18:00:00,43192099999,GOA/PANJIM,15.483,73.817,24.4,1014.4,79.88
1991-02-09T21:00:00,43192099999,GOA/PANJIM,15.483,73.817,22.4,1013.1,82.64
1991-02-10T00:00:00,43192099999,GOA/PANJIM,15.483,73.817,21.2,1013.0,85.66
1991-02-10T03:00:00,43192099999,GOA/PANJIM,15.483,73.817,23.4,1015.0,69.92
1991-02-10T06:00:00,43192099999,GOA/PANJIM,15.483,73.817,32.8,1014.4,31.5
1991-02-10T09:00:00,43192099999,GOA/PANJIM,15.483,73.817,33.4,1010.4,35.09
1991-02-10T12:00:00,43192099999,GOA/PANJIM,15.483,73.817,30.6,1010.1,47.57
1991-02-10T18:00:00,43192099999,GOA/PANJIM,15.483,73.817,24.6,1012.7,69.28
1991-02-10T21:00:00,43192099999,GOA/PANJIM,15.483,73.817,22.8,1011.3,76.25
1991-02-11T00:00:00,43192099999,GOA/PANJIM,15.483,73.817,,1011.3,
1991-02-11T06:00:00,43192099999,GOA/PANJIM,15.483,73.817,30.2,1013.0,61.19
1991-02-11T09:00:00,43192099999,GOA/PANJIM,15.483,73.817,30.6,1010.4,67.92
1991-02-11T12:00:00,43192099999,GOA/PANJIM,15.483,73.817,29.2,1010.2,69.72
1991-02-11T15:00:00,43192099999,GOA/PANJIM,15.483,73.817,25.8,1011.9,65.72
1991-02-11T18:00:00,43192099999,GOA/PANJIM,15.483,73.817,24.4,1011.7,69.24
1991-02-11T21:00:00,43192099999,GOA/PANJIM,15.483,73.817,22.6,1010.4,79.13
1991-02-12T00:00:00,43192099999,GOA/PANJIM,15.483,73.817,21.4,1010.8,88.94
1991-02-12T03:00:00,43192099999,GOA/PANJIM,15.483,73.817,23.0,1013.4,85.84
1991-02-12T06:00:00,43192099999,GOA/PANJIM,15.483,73.817,29.4,1013.5,58.08
1991-02-12T09:00:00,43192099999,GOA/PANJIM,15.483,73.817,30.6,1010.0,48.77
1991-02-12T12:00:00,43192099999,GOA/PANJIM,15.483,73.817,28.4,1009.5,61.17
1991-02-12T15:00:00,43192099999,GOA/PANJIM,15.483,73.817,26.0,1011.5,76.27
1991-02-12T18:00:00,43192099999,GOA/PANJIM,15.483,73.817,24.2,1011.9,81.34
1991-02-12T21:00:00,43192099999,GOA/PANJIM,15.483,73.817,22.4,1010.5,84.19
1991-02-13T00:00:00,43192099999,GOA/PANJIM,15.483,73.817,21.4,1010.4,92.88
1991-02-13T03:00:00,43192099999,GOA/PANJIM,15.483,73.817,22.8,1013.2,81.16
1991-02-13T06:00:00,43192099999,GOA/PANJIM,15.483,73.817,29.6,1013.9,87.49
1991-02-13T09:00:00,43192099999,GOA/PANJIM,15.483,73.817,30.4,1011.6,55.52
1991-02-13T12:00:00,43192099999,GOA/PANJIM,15.483,73.817,27.6,1011.4,59.11
1991-02-13T18:00:00,43192099999,GOA/PANJIM,15.483,73.817,23.8,1012.3,65.72
1991-02-13T21:00:00,43192099999,GOA/PANJIM,15.483,73.817,22.2,1011.9,71.04
1991-02-14T00:00:00,43192099999,GOA/PANJIM,15.483,73.817,20.2,1011.9,79.8
1991-02-14T03:00:00,43192099999,GOA/PANJIM,15.483,73.817,22.2,1014.0,75.67
1991-02-14T06:00:00,43192099999,GOA/PANJIM,15.483,73.817,30.2,1014.2,47.16
1991-02-14T09:00:00,43192099999,GOA/PANJIM,15.483,73.817,31.2,1011.4,50.48
1991-02-14T12:00:00,43192099999,GOA/PANJIM,15.483,73.817,29.6,1010.3,54.64
1991-02-14T15:00:00,43192099999,GOA/PANJIM,15.483,73.817,26.4,1011.4,73.59
1991-02-14T18:00:00,43192099999,GOA/PANJIM,15.483,73.817,24.2,1011.9,81.34
1991-02-14T21:00:00,43192099999,GOA/PANJIM,15.483,73.817,22.4,1010.7,87.38
1991-02-15T00:00:00,43192099999,GOA/PANJIM,15.483,73.817,21.4,1011.1,87.29
1991-02-15T03:00:00,43192099999,GOA/PANJIM,15.483,73.817,24.0,1013.6,73.63
1991-02-15T09:00:00,43192099999,GOA/PANJIM,15.483,73.817,31.0,,65.59
1991-02-15T12:00:00,43192099999,GOA/PANJIM,15.483,73.817,29.4,1010.8,68.51
1991-02-15T15:00:00,43192099999,GOA/PANJIM,15.483,73.817,25.8,1011.5,77.66
1991-02-15T18:00:00,43192099999,GOA/PANJIM,15.483,73.817,23.6,1012.4,79.77
1991-02-15T21:00:00,43192099999,GOA/PANJIM,15.483,73.817,22.6,1011.2,85.8
1991-02-16T03:00:00,43192099999,GOA/PANJIM,15.483,73.817,22.4,1013.9,91.24
1991-02-16T06:00:00,43192099999,GOA/PANJIM,15.483,73.817,29.4,1014.3,67.27
1991-02-16T09:00:00,43192099999,GOA/PANJIM,15.483,73.817,30.2,1011.5,69.07
1991-02-16T12:00:00,43192099999,GOA/PANJIM,15.483,73.817,28.4,1011.2,65.05
1991-02-16T15:00:00,43192099999,GOA/PANJIM,15.483,73.817,25.4,1013.0,72.96
1991-02-16T18:00:00,43192099999,GOA/PANJIM,15.483,73.817,23.6,1013.5,70.4
1991-02-16T21:00:00,43192099999,GOA/PANJIM,15.483,73.817,22.2,1011.8,65.8
1991-02-17T00:00:00,43192099999,GOA/PANJIM,15.483,73.817,20.0,1012.1,72.47
1991-02-17T03:00:00,43192099999,GOA/PANJIM,15.483,73.817,21.6,1014.5,85.7
1991-02-17T06:00:00,43192099999,GOA/PANJIM,15.483,73.817,28.0,1014.9,
1991-02-17T09:00:00,43192099999,GOA/PANJIM,15.483,73.817,30.8,1012.3,46.73
1991-02-17T12:00:00,43192099999,GOA/PANJIM,15.483,73.817,27.4,1011.7,97.11
1991-02-17T15:00:00,43192099999,GOA/PANJIM,15.483,73.817,24.4,1013.3,61.81
1991-02-17T18:00:00,43192099999,GOA/PANJIM,15.483,73.817,22.4,1013.7,66.27
1991-02-17T21:00:00,43192099999,GOA/PANJIM,15.483,73.817,20.4,1012.1,69.35
1991-02-18T00:00:00,43192099999,GOA/PANJIM,15.483,73.817,19.4,1011.7,
1991-02-18T03:00:00,43192099999,GOA/PANJIM,15.483,73.817,21.0,1007.6,69.91
1991-02-18T12:00:00,43192099999,GOA/PANJIM,15.483,73.817,27.4,,56.53
1991-02-18T15:00:00,43192099999,GOA/PANJIM,15.483,73.817,25.0,1012.3,71.11
1991-02-18T18:00:00,43192099999,GOA/PANJIM,15.483,73.817,23.0,1013.2,61.88
1991-02-19T00:00:00,43192099999,GOA/PANJIM,15.483,73.817,29.8,,38.84
1991-02-19T03:00:00,43192099999,GOA/PANJIM,15.483,73.817,21.6,1013.7,66.95
1991-02-19T12:00:00,43192099999,GOA/PANJIM,15.483,73.817,28.4,1009.7,61.17
1991-02-19T15:00:00,43192099999,GOA/PANJIM,15.483,73.817,25.4,1012.0,72.96
1991-02-19T18:00:00,43192099999,GOA/PANJIM,15.483,73.817,24.0,1012.8,67.44
1991-02-19T21:00:00,43192099999,GOA/PANJIM,15.483,73.817,21.4,1011.8,71.8
1991-02-20T00:00:00,43192099999,GOA/PANJIM,15.483,73.817,20.0,1017.8,79.77
1991-02-20T03:00:00,43192099999,GOA/PANJIM,15.483,73.817,22.0,1013.6,82.08
1991-02-20T06:00:00,43192099999,GOA/PANJIM,15.483,73.817,31.0,1013.0,42.56
1991-02-20T09:00:00,43192099999,GOA/PANJIM,15.483,73.817,31.2,1010.4,45.97
1991-02-20T12:00:00,43192099999,GOA/PANJIM,15.483,73.817,28.6,1009.6,60.09
1991-02-20T15:00:00,43192099999,GOA/PANJIM,15.483,73.817,26.2,1011.6,67.46
1991-02-20T18:00:00,43192099999,GOA/PANJIM,15.483,73.817,24.4,1012.4,67.95
1991-02-20T21:00:00,43192099999,GOA/PANJIM,15.483,73.817,22.8,1011.4,74.36
1991-02-21T00:00:00,43192099999,GOA/PANJIM,15.483,73.817,21.8,1011.8,80.52
1991-02-21T03:00:00,43192099999,GOA/PANJIM,15.483,73.817,23.4,1014.3,76.34
1991-02-21T06:00:00,43192099999,GOA/PANJIM,15.483,73.817,33.6,1014.7,27.12
1991-02-21T18:00:00,43192099999,GOA/PANJIM,15.483,73.817,25.8,1014.9,76.24
1991-02-21T21:00:00,43192099999,GOA/PANJIM,15.483,73.817,23.6,1013.6,79.77
1991-02-22T00:00:00,43192099999,GOA/PANJIM,15.483,73.817,22.4,1013.9,84.19
1991-02-22T03:00:00,43192099999,GOA/PANJIM,15.483,73.817,24.2,1016.1,70.52
1991-02-22T06:00:00,43192099999,GOA/PANJIM,15.483,73.817,32.0,1015.7,46.76
1991-02-22T09:00:00,43192099999,GOA/PANJIM,15.483,73.817,31.4,1012.5,57.49
1991-02-22T12:00:00,43192099999,GOA/PANJIM,15.483,73.817,30.0,1011.5,62.28
1991-02-22T15:00:00,43192099999,GOA/PANJIM,15.483,73.817,27.0,1014.4,72.35
1991-02-22T18:00:00,43192099999,GOA/PANJIM,15.483,73.817,25.4,1015.4,79.04
1991-02-22T21:00:00,43192099999,GOA/PANJIM,15.483,73.817,23.2,1013.9,81.21
1991-02-23T00:00:00,43192099999,GOA/PANJIM,15.483,73.817,21.6,1013.7,91.19
1991-02-23T03:00:00,43192099999,GOA/PANJIM,15.483,73.817,24.2,1015.8,62.95
1991-02-23T06:00:00,43192099999,GOA/PANJIM,15.483,73.817,32.0,1015.3,32.53
1991-02-23T09:00:00,43192099999,GOA/PANJIM,15.483,73.817,33.2,1011.8,
1991-02-23T12:00:00,43192099999,GOA/PANJIM,15.483,73.817,30.2,1010.9,55.13
1991-02-23T15:00:00,43192099999,GOA/PANJIM,15.483,73.817,27.0,1013.4,72.35
1991-02-23T18:00:00,43192099999,GOA/PANJIM,15.483,73.817,25.2,1013.8,72.93
1991-02-23T21:00:00,43192099999,GOA/PANJIM,15.483,73.817,23.0,1012.0,77.72
1991-02-24T00:00:00,43192099999,GOA/PANJIM,15.483,73.817,21.6,1011.9,87.31
1991-02-24T03:00:00,43192099999,GOA/PANJIM,15.483,73.817,24.2,1014.5,72.3
1991-02-24T06:00:00,43192099999,GOA/PANJIM,15.483,73.817,31.4,1014.6,57.49
1991-02-24T09:00:00,43192099999,GOA/PANJIM,15.483,73.817,31.6,1011.4,62.25
1991-02-24T15:00:00,43192099999,GOA/PANJIM,15.483,73.817,26.4,1013.3,77.74
1991-02-24T18:00:00,43192099999,GOA/PANJIM,15.483,73.817,25.2,1013.8,81.96
1991-02-24T21:00:00,43192099999,GOA/PANJIM,15.483,73.817,24.0,1012.6,86.46
1991-02-25T00:00:00,43192099999,GOA/PANJIM,15.483,73.817,24.0,1012.9,91.34
1991-02-25T03:00:00,43192099999,GOA/PANJIM,15.483,73.817,24.2,1015.2,89.7
1991-02-25T09:00:00,43192099999,GOA/PANJIM,15.483,73.817,31.0,1012.5,65.59
1991-02-25T12:00:00,43192099999,GOA/PANJIM,15.483,73.817,29.2,1011.5,71.0
1991-02-25T15:00:00,43192099999,GOA/PANJIM,15.483,73.817,26.6,1013.2,81.15
1991-02-25T18:00:00,43192099999,GOA/PANJIM,15.483,73.817,25.2,1013.2,72.93
1991-02-25T21:00:00,43192099999,GOA/PANJIM,15.483,73.817,23.4,1012.0,74.92
1991-02-26T00:00:00,43192099999,GOA/PANJIM,15.483,73.817,22.2,1012.4,80.58
1991-02-26T03:00:00,43192099999,GOA/PANJIM,15.483,73.817,25.4,1014.9,81.99
1991-02-26T06:00:00,43192099999,GOA/PANJIM,15.483,73.817,29.2,1014.6,52.21
1991-02-26T12:00:00,43192099999,GOA/PANJIM,15.483,73.817,29.4,1010.4,48.46
1991-02-26T15:00:00,43192099999,GOA/PANJIM,15.483,73.817,27.2,1012.6,62.82
1991-02-26T18:00:00,43192099999,GOA/PANJIM,15.483,73.817,25.6,1013.3,58.64
1991-02-26T21:00:00,43192099999,GOA/PANJIM,15.483,73.817,25.4,1011.9,58.23
1991-02-27T00:00:00,43192099999,GOA/PANJIM,15.483,73.817,22.0,1011.6,85.74
1991-02-27T03:00:00,43192099999,GOA/PANJIM,15.483,73.817,24.0,1014.2,58.64
1991-02-27T06:00:00,43192099999,GOA/PANJIM,15.483,73.817,31.4,1014.4,37.8
1991-02-27T09:00:00,43192099999,GOA/PANJIM,15.483,73.817,32.0,1011.3,47.94
1991-02-27T15:00:00,43192099999,GOA/PANJIM,15.483,73.817,26.0,1012.4,76.27
1991-02-27T18:00:00,43192099999,GOA/PANJIM,15.483,73.817,24.8,1012.7,69.75
1991-02-28T00:00:00,43192099999,GOA/PANJIM,15.483,73.817,21.2,1010.9,85.66
1991-02-28T03:00:00,43192099999,GOA/PANJIM,15.483,73.817,24.2,1013.0,62.95
1991-02-28T06:00:00,43192099999,GOA/PANJIM,15.483,73.817,32.0,1013.4,35.38
1991-02-28T09:00:00,43192099999,GOA/PANJIM,15.483,73.817,32.4,1011.0,41.88
1991-02-28T12:00:00,43192099999,GOA/PANJIM,15.483,73.817,28.8,1010.9,54.1
1991-02-28T15:00:00,43192099999,GOA/PANJIM,15.483,73.817,25.6,1012.3,65.68
1991-02-28T18:00:00,43192099999,GOA/PANJIM,15.483,73.817,23.8,1013.3,71.78
1991-02-28T21:00:00,43192099999,GOA/PANJIM,15.483,73.817,21.8,1011.8,77.06
1991-03-01T00:00:00,43192099999,GOA/PANJIM,15.483,73.817,20.4,1011.0,81.36
1991-03-01T03:00:00,43192099999,GOA/PANJIM,15.483,73.817,22.6,1013.3,68.02
1991-03-01T06:00:00,43192099999,GOA/PANJIM,15.483,73.817,29.0,1013.8,52.81
1991-03-01T09:00:00,43192099999,GOA/PANJIM,15.483,73.817,30.2,1010.9,51.81
1991-03-01T12:00:00,43192099999,GOA/PANJIM,15.483,73.817,28.8,1010.3,55.47
1991-03-01T15:00:00,43192099999,GOA/PANJIM,15.483,73.817,24.8,1012.1,72.41
1991-03-01T18:00:00,43192099999,GOA/PANJIM,15.483,73.817,23.0,1012.8,79.19
1991-03-01T21:00:00,43192099999,GOA/PANJIM,15.483,73.817,21.4,1011.8,83.56
1991-03-02T00:00:00,43192099999,GOA/PANJIM,15.483,73.817,20.2,1011.0,86.64
1991-03-02T06:00:00,43192099999,GOA/PANJIM,15.483,73.817,29.8,,52.36
1991-03-02T12:00:00,43192099999,GOA/PANJIM,15.483,73.817,29.0,1010.8,60.55
1991-03-02T15:00:00,43192099999,GOA/PANJIM,15.483,73.817,25.4,1013.0,74.79
1991-03-02T18:00:00,43192099999,GOA/PANJIM,15.483,73.817,24.0,1013.5,83.34
1991-03-02T21:00:00,43192099999,GOA/PANJIM,15.483,73.817,22.8,1012.1,81.16
1991-03-03T00:00:00,43192099999,GOA/PANJIM,15.483,73.817,22.2,1011.7,91.22
1991-03-03T03:00:00,43192099999,GOA/PANJIM,15.483,73.817,24.6,1014.2,81.89
1991-03-03T06:00:00,43192099999,GOA/PANJIM,15.483,73.817,31.0,1016.0,53.65
1991-03-03T09:00:00,43192099999,GOA/PANJIM,15.483,73.817,31.4,1011.2,54.08
1991-03-03T12:00:00,43192099999,GOA/PANJIM,15.483,73.817,29.4,1010.4,62.15
1991-03-03T15:00:00,43192099999,GOA/PANJIM,15.483,73.817,26.4,1012.0,77.74
1991-03-03T18:00:00,43192099999,GOA/PANJIM,15.483,73.817,25.0,1012.3,75.65
1991-03-03T21:00:00,43192099999,GOA/PANJIM,15.483,73.817,23.4,1011.4,82.76
1991-03-04T00:00:00,43192099999,GOA/PANJIM,15.483,73.817,22.6,1011.6,84.22
1991-03-04T03:00:00,43192099999,GOA/PANJIM,15.483,73.817,24.4,1014.3,75.55
1991-03-04T06:00:00,43192099999,GOA/PANJIM,15.483,73.817,30.0,1014.4,51.44
1991-03-04T15:00:00,43192099999,GOA/PANJIM,15.483,73.817,26.4,1011.4,73.59
1991-03-05T00:00:00,43192099999,GOA/PANJIM,15.483,73.817,22.0,1010.5,82.08
1991-03-05T03:00:00,43192099999,GOA/PANJIM,15.483,73.817,24.0,1013.2,79.82
1991-03-05T12:00:00,43192099999,GOA/PANJIM,15.483,73.817,,1010.0,
1991-03-06T00:00:00,43192099999,GOA/PANJIM,15.483,73.817,,1010.3,
1991-03-06T03:00:00,43192099999,GOA/PANJIM,15.483,73.817,22.8,1012.2,82.69
1991-03-06T06:00:00,43192099999,GOA/PANJIM,15.483,73.817,30.0,1012.0,52.74
1991-03-06T09:00:00,43192099999,GOA/PANJIM,15.483,73.817,30.6,1009.6,61.66
1991-03-06T12:00:00,43192099999,GOA/PANJIM,15.483,73.817,29.0,1009.3,69.69
1991-03-06T15:00:00,43192099999,GOA/PANJIM,15.483,73.817,26.4,1011.4,81.12
1991-03-06T18:00:00,43192099999,GOA/PANJIM,15.483,73.817,25.0,1012.0,80.45
1991-03-06T21:00:00,43192099999,GOA/PANJIM,15.483,73.817,23.6,1010.6,88.03
1991-03-07T00:00:00,43192099999,GOA/PANJIM,15.483,73.817,22.4,1010.6,91.24
1991-03-07T03:00:00,43192099999,GOA/PANJIM,15.483,73.817,24.4,1012.2,83.38
1991-03-07T06:00:00,43192099999,GOA/PANJIM,15.483,73.817,30.0,1012.2,57.51
1991-03-07T12:00:00,43192099999,GOA/PANJIM,15.483,73.817,28.6,1008.9,56.12
1991-03-07T15:00:00,43192099999,GOA/PANJIM,15.483,73.817,26.0,1011.1,69.12
1991-03-07T18:00:00,43192099999,GOA/PANJIM,15.483,73.817,24.6,1012.0,71.03
1991-03-07T21:00:00,43192099999,GOA/PANJIM,15.483,73.817,23.2,1011.2,76.31
1991-03-08T00:00:00,43192099999,GOA/PANJIM,15.483,73.817,21.8,1010.9,88.97
1991-03-08T03:00:00,43192099999,GOA/PANJIM,15.483,73.817,23.0,1013.0,79.19
1991-03-08T06:00:00,43192099999,GOA/PANJIM,15.483,73.817,30.0,1011.9,56.11
1991-03-08T18:00:00,43192099999,GOA/PANJIM,15.483,73.817,25.4,1011.2,76.65
1991-03-08T21:00:00,43192099999,GOA/PANJIM,15.483,73.817,23.6,1009.2,81.26
1991-03-09T00:00:00,43192099999,GOA/PANJIM,15.483,73.817,22.6,1008.9,85.8
1991-03-09T03:00:00,43192099999,GOA/PANJIM,15.483,73.817,24.6,1011.2,80.4
1991-03-09T06:00:00,43192099999,GOA/PANJIM,15.483,73.817,29.4,1011.4,67.27
1991-03-09T09:00:00,43192099999,GOA/PANJIM,15.483,73.817,30.4,1008.8,65.07
1991-03-09T12:00:00,43192099999,GOA/PANJIM,15.483,73.817,28.6,1008.5,73.51
1991-03-09T15:00:00,43192099999,GOA/PANJIM,15.483,73.817,26.6,1010.6,81.15
1991-03-09T21:00:00,43192099999,GOA/PANJIM,15.483,73.817,24.4,1009.7,83.38
1991-03-10T00:00:00,43192099999,GOA/PANJIM,15.483,73.817,23.4,1010.2,91.3
1991-03-10T03:00:00,43192099999,GOA/PANJIM,15.483,73.817,26.0,1012.0,79.12
1991-03-10T06:00:00,43192099999,GOA/PANJIM,15.483,73.817,29.4,1012.2,68.51
1991-03-10T12:00:00,43192099999,GOA/PANJIM,15.483,73.817,29.0,1008.9,69.69
1991-03-10T15:00:00,43192099999,GOA/PANJIM,15.483,73.817,26.6,1010.9,76.37
1991-03-10T21:00:00,43192099999,GOA/PANJIM,15.483,73.817,24.4,1009.0,88.09
1991-03-11T00:00:00,43192099999,GOA/PANJIM,15.483,73.817,23.8,1009.1,91.32
1991-03-11T03:00:00,43192099999,GOA/PANJIM,15.483,73.817,25.0,1011.6,84.99
1991-03-11T06:00:00,43192099999,GOA/PANJIM,15.483,73.817,31.2,1011.7,61.05
1991-03-11T12:00:00,43192099999,GOA/PANJIM,15.483,73.817,29.4,1007.7,63.3
1991-03-11T15:00:00,43192099999,GOA/PANJIM,15.483,73.817,27.4,1010.2,71.1
1991-03-11T18:00:00,43192099999,GOA/PANJIM,15.483,73.817,25.6,1010.4,68.61
1991-03-11T21:00:00,43192099999,GOA/PANJIM,15.483,73.817,24.4,1009.4,56.16
1991-03-12T00:00:00,43192099999,GOA/PANJIM,15.483,73.817,23.0,1008.7,79.19
1991-03-12T03:00:00,43192099999,GOA/PANJIM,15.483,73.817,25.6,1011.5,77.63
1991-03-12T06:00:00,43192099999,GOA/PANJIM,15.483,73.817,30.6,1011.0,46.39
1991-03-12T09:00:00,43192099999,GOA/PANJIM,15.483,73.817,31.4,1007.9,51.79
1991-03-12T12:00:00,43192099999,GOA/PANJIM,15.483,73.817,30.4,1007.1,56.55
1991-03-12T15:00:00,43192099999,GOA/PANJIM,15.483,73.817,27.4,1008.8,74.2
1991-03-12T18:00:00,43192099999,GOA/PANJIM,15.483,73.817,26.0,1009.2,77.69
1991-03-12T21:00:00,43192099999,GOA/PANJIM,15.483,73.817,23.8,1008.3,79.79
1991-03-13T00:00:00,43192099999,GOA/PANJIM,15.483,73.817,23.0,1008.6,91.27
1991-03-13T03:00:00,43192099999,GOA/PANJIM,15.483,73.817,25.0,1011.0,78.98
1991-03-13T06:00:00,43192099999,GOA/PANJIM,15.483,73.817,31.2,1010.9,58.5
1991-03-13T09:00:00,43192099999,GOA/PANJIM,15.483,73.817,31.8,1007.9,54.17
1991-03-13T12:00:00,43192099999,GOA/PANJIM,15.483,73.817,30.0,1006.7,53.73
1991-03-13T15:00:00,43192099999,GOA/PANJIM,15.483,73.817,27.0,1008.6,73.69
1991-03-13T18:00:00,43192099999,GOA/PANJIM,15.483,73.817,25.4,1008.9,65.64
1991-03-13T21:00:00,43192099999,GOA/PANJIM,15.483,73.817,23.4,1007.6,77.78
1991-03-14T00:00:00,43192099999,GOA/PANJIM,15.483,73.817,22.6,1008.4,92.94
1991-03-14T03:00:00,43192099999,GOA/PANJIM,15.483,73.817,25.6,1011.6,79.07
1991-03-14T09:00:00,43192099999,GOA/PANJIM,15.483,73.817,31.6,1009.7,43.27
1991-03-14T12:00:00,43192099999,GOA/PANJIM,15.483,73.817,29.4,1008.8,59.53
1991-03-14T15:00:00,43192099999,GOA/PANJIM,15.483,73.817,27.0,1010.9,75.5
1991-03-14T18:00:00,43192099999,GOA/PANJIM,15.483,73.817,26.0,1011.5,72.62
1991-03-15T00:00:00,43192099999,GOA/PANJIM,15.483,73.817,22.6,1008.9,89.58
1991-03-15T03:00:00,43192099999,GOA/PANJIM,15.483,73.817,25.2,1012.0,77.57
1991-03-15T06:00:00,43192099999,GOA/PANJIM,15.483,73.817,28.8,1012.0,69.23
1991-03-15T09:00:00,43192099999,GOA/PANJIM,15.483,73.817,30.0,1009.2,58.58
1991-03-15T12:00:00,43192099999,GOA/PANJIM,15.483,73.817,29.2,1008.7,88.49
1991-03-15T15:00:00,43192099999,GOA/PANJIM,15.483,73.817,29.2,,88.49
1991-03-15T18:00:00,43192099999,GOA/PANJIM,15.483,73.817,25.2,1011.0,80.47
1991-03-15T21:00:00,43192099999,GOA/PANJIM,15.483,73.817,24.4,1009.6,84.93
1991-03-16T09:00:00,43192099999,GOA/PANJIM,15.483,73.817,30.8,1009.9,64.37
1991-03-16T12:00:00,43192099999,GOA/PANJIM,15.483,73.817,29.4,1009.5,64.47
1991-03-16T15:00:00,43192099999,GOA/PANJIM,15.483,73.817,27.4,1011.6,75.57
1991-03-16T18:00:00,43192099999,GOA/PANJIM,15.483,73.817,25.8,1011.9,80.55
1991-03-16T21:00:00,43192099999,GOA/PANJIM,15.483,73.817,25.0,1010.5,81.94
1991-03-17T00:00:00,43192099999,GOA/PANJIM,15.483,73.817,24.0,1011.3,88.06
1991-03-17T06:00:00,43192099999,GOA/PANJIM,15.483,73.817,30.4,1013.6,60.13
1991-03-17T09:00:00,43192099999,GOA/PANJIM,15.483,73.817,31.0,1010.8,62.12
1991-03-17T15:00:00,43192099999,GOA/PANJIM,15.483,73.817,27.4,1011.6,69.81
1991-03-17T18:00:00,43192099999,GOA/PANJIM,15.483,73.817,,1012.1,
1991-03-17T21:00:00,43192099999,GOA/PANJIM,15.483,73.817,25.0,1010.9,72.89
1991-03-18T00:00:00,43192099999,GOA/PANJIM,15.483,73.817,24.4,1011.7,83.38
1991-03-18T03:00:00,43192099999,GOA/PANJIM,15.483,73.817,26.0,1013.9,76.27
1991-03-18T06:00:00,43192099999,GOA/PANJIM,15.483,73.817,31.0,1013.6,44.77
1991-03-18T09:00:00,43192099999,GOA/PANJIM,15.483,73.817,32.4,1010.8,54.99
1991-03-18T12:00:00,43192099999,GOA/PANJIM,15.483,73.817,29.6,1010.4,64.51
1991-03-18T15:00:00,43192099999,GOA/PANJIM,15.483,73.817,27.4,1012.1,75.57
1991-03-18T18:00:00,43192099999,GOA/PANJIM,15.483,73.817,26.4,1012.3,81.12
1991-03-18T21:00:00,43192099999,GOA/PANJIM,15.483,73.817,25.4,1011.0,83.5
1991-03-19T03:00:00,43192099999,GOA/PANJIM,15.483,73.817,,1013.8,
1991-03-19T06:00:00,43192099999,GOA/PANJIM,15.483,73.817,31.2,1013.3,61.05
1991-03-19T09:00:00,43192099999,GOA/PANJIM,15.483,73.817,31.0,1010.1,65.59
1991-03-19T12:00:00,43192099999,GOA/PANJIM,15.483,73.817,29.8,1009.1,66.14
1991-03-19T18:00:00,43192099999,GOA/PANJIM,15.483,73.817,26.4,1010.6,84.12
1991-03-19T21:00:00,43192099999,GOA/PANJIM,15.483,73.817,25.0,1008.8,89.76
1991-03-20T00:00:00,43192099999,GOA/PANJIM,15.483,73.817,24.6,1008.6,91.37
1991-03-20T03:00:00,43192099999,GOA/PANJIM,15.483,73.817,26.2,1010.9,84.09
1991-03-20T06:00:00,43192099999,GOA/PANJIM,15.483,73.817,30.0,1010.6,67.39
1991-03-20T09:00:00,43192099999,GOA/PANJIM,15.483,73.817,31.8,1007.6,67.34
1991-03-20T12:00:00,43192099999,GOA/PANJIM,15.483,73.817,30.0,1006.8,61.15
1991-03-20T15:00:00,43192099999,GOA/PANJIM,15.483,73.817,27.8,1008.8,75.63
1991-03-20T18:00:00,43192099999,GOA/PANJIM,15.483,73.817,27.0,1009.7,79.74
1991-03-20T21:00:00,43192099999,GOA/PANJIM,15.483,73.817,25.4,1008.6,83.5
1991-03-21T00:00:00,43192099999,GOA/PANJIM,15.483,73.817,24.6,1008.5,84.95
1991-03-21T03:00:00,43192099999,GOA/PANJIM,15.483,73.817,26.8,1011.3,73.65
1991-03-21T09:00:00,43192099999,GOA/PANJIM,15.483,73.817,32.2,1008.5,52.32
1991-03-21T12:00:00,43192099999,GOA/PANJIM,15.483,73.817,29.4,1008.3,64.47
1991-03-21T15:00:00,43192099999,GOA/PANJIM,15.483,73.817,27.0,1009.5,73.69
1991-03-21T18:00:00,43192099999,GOA/PANJIM,15.483,73.817,26.0,1009.4,71.73
1991-03-21T21:00:00,43192099999,GOA/PANJIM,15.483,73.817,24.0,1007.8,84.89
1991-03-22T00:00:00,43192099999,GOA/PANJIM,15.483,73.817,23.2,1008.9,89.63
1991-03-22T03:00:00,43192099999,GOA/PANJIM,15.483,73.817,25.2,1011.3,75.68
1991-03-22T06:00:00,43192099999,GOA/PANJIM,15.483,73.817,30.8,1011.2,54.6
1991-03-22T09:00:00,43192099999,GOA/PANJIM,15.483,73.817,30.6,1008.2,58.01
1991-03-22T12:00:00,43192099999,GOA/PANJIM,15.483,73.817,28.6,1007.4,61.21
1991-03-22T15:00:00,43192099999,GOA/PANJIM,15.483,73.817,27.0,1008.5,75.5
1991-03-22T18:00:00,43192099999,GOA/PANJIM,15.483,73.817,25.2,1008.3,66.84
1991-03-22T21:00:00,43192099999,GOA/PANJIM,15.483,73.817,24.2,1007.0,67.48
1991-03-23T00:00:00,43192099999,GOA/PANJIM,15.483,73.817,22.6,1007.0,71.11
1991-03-23T03:00:00,43192099999,GOA/PANJIM,15.483,73.817,24.6,1010.0,63.44
1991-03-23T06:00:00,43192099999,GOA/PANJIM,15.483,73.817,31.6,1009.3,45.21
1991-03-23T09:00:00,43192099999,GOA/PANJIM,15.483,73.817,32.4,1006.5,47.16
1991-03-23T12:00:00,43192099999,GOA/PANJIM,15.483,73.817,29.4,1006.2,55.62
1991-03-23T15:00:00,43192099999,GOA/PANJIM,15.483,73.817,26.2,1007.6,71.76
1991-03-23T18:00:00,43192099999,GOA/PANJIM,15.483,73.817,24.6,1008.2,78.44
1991-03-23T21:00:00,43192099999,GOA/PANJIM,15.483,73.817,23.8,1006.4,81.29
1991-03-24T00:00:00,43192099999,GOA/PANJIM,15.483,73.817,22.4,1006.4,87.38
1991-03-24T06:00:00,43192099999,GOA/PANJIM,15.483,73.817,29.0,1009.4,60.55
1991-03-24T09:00:00,43192099999,GOA/PANJIM,15.483,73.817,30.2,1007.3,60.08
1991-03-24T12:00:00,43192099999,GOA/PANJIM,15.483,73.817,28.8,1005.9,65.53
1991-03-24T15:00:00,43192099999,GOA/PANJIM,15.483,73.817,27.0,1007.7,79.74
1991-03-24T18:00:00,43192099999,GOA/PANJIM,15.483,73.817,25.4,1007.7,80.5
1991-03-24T21:00:00,43192099999,GOA/PANJIM,15.483,73.817,24.4,1006.0,86.5
1991-03-25T00:00:00,43192099999,GOA/PANJIM,15.483,73.817,23.4,1006.4,91.3
1991-03-25T03:00:00,43192099999,GOA/PANJIM,15.483,73.817,25.2,1008.1,77.57
1991-03-25T06:00:00,43192099999,GOA/PANJIM,15.483,73.817,29.0,1008.2,66.79
1991-03-25T09:00:00,43192099999,GOA/PANJIM,15.483,73.817,30.6,1005.2,66.7
1991-03-25T12:00:00,43192099999,GOA/PANJIM,15.483,73.817,29.0,1004.4,74.91
1991-03-25T15:00:00,43192099999,GOA/PANJIM,15.483,73.817,27.0,1006.6,84.18
1991-03-25T18:00:00,43192099999,GOA/PANJIM,15.483,73.817,26.0,1006.4,88.76
1991-03-25T21:00:00,43192099999,GOA/PANJIM,15.483,73.817,25.0,1004.6,94.76
1991-03-26T00:00:00,43192099999,GOA/PANJIM,15.483,73.817,24.6,1004.9,94.74
1991-03-26T03:00:00,43192099999,GOA/PANJIM,15.483,73.817,25.8,1007.6,90.36
1991-03-26T06:00:00,43192099999,GOA/PANJIM,15.483,73.817,31.0,1007.3,63.26
1991-03-26T09:00:00,43192099999,GOA/PANJIM,15.483,73.817,31.4,1004.5,63.34
1991-03-26T12:00:00,43192099999,GOA/PANJIM,15.483,73.817,29.6,1003.9,72.36
1991-03-26T15:00:00,43192099999,GOA/PANJIM,15.483,73.817,27.8,1006.1,78.42
1991-03-26T18:00:00,43192099999,GOA/PANJIM,15.483,73.817,27.2,1007.3,82.7
1991-03-26T21:00:00,43192099999,GOA/PANJIM,15.483,73.817,26.4,1006.3,88.79
1991-03-27T00:00:00,43192099999,GOA/PANJIM,15.483,73.817,25.4,1006.3,93.09
1991-03-27T03:00:00,43192099999,GOA/PANJIM,15.483,73.817,27.2,1009.1,82.7
1991-03-27T06:00:00,43192099999,GOA/PANJIM,15.483,73.817,32.2,1009.0,60.53
1991-03-27T09:00:00,43192099999,GOA/PANJIM,15.483,73.817,32.0,1005.8,63.85
1991-03-27T12:00:00,43192099999,GOA/PANJIM,15.483,73.817,30.0,1004.7,74.18
1991-03-27T15:00:00,43192099999,GOA/PANJIM,15.483,73.817,28.2,1007.4,81.83
1991-03-27T18:00:00,43192099999,GOA/PANJIM,15.483,73.817,27.4,1009.2,85.75
1991-03-27T21:00:00,43192099999,GOA/PANJIM,15.483,73.817,26.4,1007.9,88.79
1991-03-28T00:00:00,43192099999,GOA/PANJIM,15.483,73.817,24.6,1008.7,100.0
1991-03-28T03:00:00,43192099999,GOA/PANJIM,15.483,73.817,27.4,1011.5,84.22
1991-03-28T06:00:00,43192099999,GOA/PANJIM,15.483,73.817,33.0,1010.5,63.31
1991-03-28T09:00:00,43192099999,GOA/PANJIM,15.483,73.817,31.4,1007.1,70.97
1991-03-28T12:00:00,43192099999,GOA/PANJIM,15.483,73.817,30.4,1006.5,73.81
1991-03-28T15:00:00,43192099999,GOA/PANJIM,15.483,73.817,28.4,1010.0,84.83
1991-03-28T18:00:00,43192099999,GOA/PANJIM,15.483,73.817,28.0,1011.3,84.79
1991-03-28T21:00:00,43192099999,GOA/PANJIM,15.483,73.817,27.0,1009.9,92.07
1991-03-29T00:00:00,43192099999,GOA/PANJIM,15.483,73.817,,1010.1,
1991-03-29T03:00:00,43192099999,GOA/PANJIM,15.483,73.817,27.8,1011.7,85.79
1991-03-29T06:00:00,43192099999,GOA/PANJIM,15.483,73.817,32.6,1011.4,61.73
1991-03-29T09:00:00,43192099999,GOA/PANJIM,15.483,73.817,33.0,1008.6,65.6
1991-03-29T12:00:00,43192099999,GOA/PANJIM,15.483,73.817,31.0,1007.3,72.17
1991-03-29T15:00:00,43192099999,GOA/PANJIM,15.483,73.817,28.6,1009.6,83.36
1991-03-29T18:00:00,43192099999,GOA/PANJIM,15.483,73.817,27.8,1010.7,85.79
1991-03-29T21:00:00,43192099999,GOA/PANJIM,15.483,73.817,27.4,1009.7,88.87
1991-03-30T00:00:00,43192099999,GOA/PANJIM,15.483,73.817,27.0,1009.6,92.07
1991-03-30T03:00:00,43192099999,GOA/PANJIM,15.483,73.817,28.4,1011.1,83.33
1991-03-30T09:00:00,43192099999,GOA/PANJIM,15.483,73.817,31.6,1007.7,66.11
1991-03-30T12:00:00,43192099999,GOA/PANJIM,15.483,73.817,30.2,1006.3,72.9
1991-03-30T15:00:00,43192099999,GOA/PANJIM,15.483,73.817,28.8,1008.7,81.91
1991-03-30T18:00:00,43192099999,GOA/PANJIM,15.483,73.817,28.2,1009.7,84.81
1991-03-30T21:00:00,43192099999,GOA/PANJIM,15.483,73.817,27.6,1008.7,87.31
1991-03-31T00:00:00,43192099999,GOA/PANJIM,15.483,73.817,27.0,1008.9,92.07
1991-03-31T03:00:00,43192099999,GOA/PANJIM,15.483,73.817,28.4,1010.3,84.83
1991-03-31T06:00:00,43192099999,GOA/PANJIM,15.483,73.817,31.6,1011.2,35.5
1991-03-31T09:00:00,43192099999,GOA/PANJIM,15.483,73.817,32.8,1007.8,62.14
1991-03-31T12:00:00,43192099999,GOA/PANJIM,15.483,73.817,30.4,1007.1,72.94
1991-03-31T15:00:00,43192099999,GOA/PANJIM,15.483,73.817,28.6,1009.2,81.88
1991-03-31T17:00:00,43192099999,GOA/PANJIM,15.483,73.817,26.6,1008.6,87.23
1991-03-31T18:00:00,43192099999,GOA/PANJIM,15.483,73.817,27.4,1009.5,87.3
1991-03-31T21:00:00,43192099999,GOA/PANJIM,15.483,73.817,26.6,1008.6,87.23
1991-04-01T00:00:00,43192099999,GOA/PANJIM,15.483,73.817,26.4,1009.1,92.03
1991-04-01T03:00:00,43192099999,GOA/PANJIM,15.483,73.817,28.4,1011.0,81.86
1991-04-01T06:00:00,43192099999,GOA/PANJIM,15.483,73.817,32.0,1011.0,56.93
1991-04-01T09:00:00,43192099999,GOA/PANJIM,15.483,73.817,32.8,1007.8,62.51
1991-04-01T12:00:00,43192099999,GOA/PANJIM,15.483,73.817,30.6,1007.3,70.4
1991-04-01T15:00:00,43192099999,GOA/PANJIM,15.483,73.817,29.2,1009.7,77.68
1991-04-01T18:00:00,43192099999,GOA/PANJIM,15.483,73.817,28.4,1011.2,81.86
1991-04-01T21:00:00,43192099999,GOA/PANJIM,15.483,73.817,28.4,1009.8,80.41
1991-04-02T00:00:00,43192099999,GOA/PANJIM,15.483,73.817,28.4,1010.2,78.98
1991-04-02T03:00:00,43192099999,GOA/PANJIM,15.483,73.817,28.8,1011.7,80.46
1991-04-02T06:00:00,43192099999,GOA/PANJIM,15.483,73.817,31.8,1011.6,62.67
1991-04-02T09:00:00,43192099999,GOA/PANJIM,15.483,73.817,32.4,1009.1,60.58
1991-04-02T12:00:00,43192099999,GOA/PANJIM,15.483,73.817,30.4,1008.9,69.11
1991-04-02T15:00:00,43192099999,GOA/PANJIM,15.483,73.817,28.8,1011.2,77.63
1991-04-02T18:00:00,43192099999,GOA/PANJIM,15.483,73.817,28.2,1012.2,81.83
1991-04-02T21:00:00,43192099999,GOA/PANJIM,15.483,73.817,27.6,1011.5,45.29
1991-04-03T00:00:00,43192099999,GOA/PANJIM,15.483,73.817,27.0,1011.6,85.71
1991-04-03T03:00:00,43192099999,GOA/PANJIM,15.483,73.817,29.2,1012.7,72.73
1991-04-03T06:00:00,43192099999,GOA/PANJIM,15.483,73.817,33.2,1011.6,55.52
1991-04-03T09:00:00,43192099999,GOA/PANJIM,15.483,73.817,33.0,1009.5,64.45
1991-04-03T12:00:00,43192099999,GOA/PANJIM,15.483,73.817,30.6,1009.0,77.43
1991-04-03T15:00:00,43192099999,GOA/PANJIM,15.483,73.817,28.8,1010.2,77.16
1991-04-03T18:00:00,43192099999,GOA/PANJIM,15.483,73.817,28.4,1011.0,81.86
1991-04-03T21:00:00,43192099999,GOA/PANJIM,15.483,73.817,27.4,1009.3,84.22
1991-04-04T00:00:00,43192099999,GOA/PANJIM,15.483,73.817,27.0,1010.1,84.18
1991-04-04T03:00:00,43192099999,GOA/PANJIM,15.483,73.817,30.0,1013.0,74.18
1991-04-04T06:00:00,43192099999,GOA/PANJIM,15.483,73.817,33.8,1012.2,62.73
1991-04-04T09:00:00,43192099999,GOA/PANJIM,15.483,73.817,32.6,1009.3,64.36
1991-04-04T12:00:00,43192099999,GOA/PANJIM,15.483,73.817,31.2,1009.3,69.68
1991-04-04T15:00:00,43192099999,GOA/PANJIM,15.483,73.817,23.0,1012.6,96.43
1991-04-04T18:00:00,43192099999,GOA/PANJIM,15.483,73.817,23.6,1011.2,91.31
1991-04-04T21:00:00,43192099999,GOA/PANJIM,15.483,73.817,24.0,1010.7,94.72
1991-04-05T00:00:00,43192099999,GOA/PANJIM,15.483,73.817,24.4,1009.7,84.41
1991-04-05T03:00:00,43192099999,GOA/PANJIM,15.483,73.817,26.8,1011.9,78.28
1991-04-05T06:00:00,43192099999,GOA/PANJIM,15.483,73.817,32.4,1011.7,53.66
1991-04-05T09:00:00,43192099999,GOA/PANJIM,15.483,73.817,32.0,1009.5,59.04
1991-04-05T12:00:00,43192099999,GOA/PANJIM,15.483,73.817,31.0,1008.4,69.23
1991-04-05T15:00:00,43192099999,GOA/PANJIM,15.483,73.817,29.2,1011.1,79.09
1991-04-05T18:00:00,43192099999,GOA/PANJIM,15.483,73.817,28.0,1011.6,80.35
1991-04-05T21:00:00,43192099999,GOA/PANJIM,15.483,73.817,26.4,1010.6,72.24
1991-04-06T00:00:00,43192099999,GOA/PANJIM,15.483,73.817,25.6,1010.8,76.21
1991-04-06T03:00:00,43192099999,GOA/PANJIM,15.483,73.817,27.6,1011.8,68.58
1991-04-06T06:00:00,43192099999,GOA/PANJIM,15.483,73.817,32.0,1011.7,60.13
1991-04-06T09:00:00,43192099999,GOA/PANJIM,15.483,73.817,33.0,1009.0,57.52
1991-04-06T15:00:00,43192099999,GOA/PANJIM,15.483,73.817,29.2,1009.8,63.26
1991-04-06T18:00:00,43192099999,GOA/PANJIM,15.483,73.817,27.4,1011.4,69.81
1991-04-06T21:00:00,43192099999,GOA/PANJIM,15.483,73.817,26.0,1010.1,79.12
1991-04-07T00:00:00,43192099999,GOA/PANJIM,15.483,73.817,25.0,1010.7,78.98
1991-04-07T03:00:00,43192099999,GOA/PANJIM,15.483,73.817,27.8,1012.4,62.18
1991-04-07T06:00:00,43192099999,GOA/PANJIM,15.483,73.817,33.8,1011.9,52.72
1991-04-07T09:00:00,43192099999,GOA/PANJIM,15.483,73.817,34.6,1008.9,50.42
1991-04-07T12:00:00,43192099999,GOA/PANJIM,15.483,73.817,31.4,1007.9,67.26
1991-04-07T18:00:00,43192099999,GOA/PANJIM,15.483,73.817,27.6,1010.0,82.75
1991-04-08T00:00:00,43192099999,GOA/PANJIM,15.483,73.817,25.4,1009.2,88.18
1991-04-08T03:00:00,43192099999,GOA/PANJIM,15.483,73.817,27.0,1011.2,79.74
1991-04-08T09:00:00,43192099999,GOA/PANJIM,15.483,73.817,32.4,1008.3,63.94
1991-04-08T12:00:00,43192099999,GOA/PANJIM,15.483,73.817,30.2,1008.0,65.03
1991-04-08T15:00:00,43192099999,GOA/PANJIM,15.483,73.817,28.6,1009.0,70.89
1991-04-08T18:00:00,43192099999,GOA/PANJIM,15.483,73.817,27.4,1009.5,75.57
1991-04-08T21:00:00,43192099999,GOA/PANJIM,15.483,73.817,26.2,1008.4,79.15
1991-04-09T00:00:00,43192099999,GOA/PANJIM,15.483,73.817,25.6,1008.6,82.01
1991-04-09T03:00:00,43192099999,GOA/PANJIM,15.483,73.817,27.2,1010.8,76.92
1991-04-09T06:00:00,43192099999,GOA/PANJIM,15.483,73.817,32.2,1011.1,58.03
1991-04-09T09:00:00,43192099999,GOA/PANJIM,15.483,73.817,32.0,1007.9,62.71
1991-04-09T12:00:00,43192099999,GOA/PANJIM,15.483,73.817,30.2,1007.0,67.84
1991-04-09T18:00:00,43192099999,GOA/PANJIM,15.483,73.817,27.4,1009.7,82.72
1991-04-09T21:00:00,43192099999,GOA/PANJIM,15.483,73.817,26.8,1008.2,84.16
1991-04-10T03:00:00,43192099999,GOA/PANJIM,15.483,73.817,27.4,1009.8,78.36
1991-04-10T06:00:00,43192099999,GOA/PANJIM,15.483,73.817,32.4,1008.9,61.68
1991-04-10T09:00:00,43192099999,GOA/PANJIM,15.483,73.817,32.4,1006.0,62.8
1991-04-10T12:00:00,43192099999,GOA/PANJIM,15.483,73.817,30.0,1005.9,69.04
1991-04-10T15:00:00,43192099999,GOA/PANJIM,15.483,73.817,28.2,1008.0,76.15
1991-04-10T18:00:00,43192099999,GOA/PANJIM,15.483,73.817,27.4,1008.7,78.36
1991-04-10T21:00:00,43192099999,GOA/PANJIM,15.483,73.817,26.2,1006.8,84.09
1991-04-11T00:00:00,43192099999,GOA/PANJIM,15.483,73.817,25.4,1007.4,86.59
1991-04-11T03:00:00,43192099999,GOA/PANJIM,15.483,73.817,27.2,1009.8,78.33
1991-04-11T06:00:00,43192099999,GOA/PANJIM,15.483,73.817,32.8,1008.9,51.83
1991-04-11T09:00:00,43192099999,GOA/PANJIM,15.483,73.817,32.8,1005.5,61.03
1991-04-11T12:00:00,43192099999,GOA/PANJIM,15.483,73.817,30.0,1005.3,71.57
1991-04-11T15:00:00,43192099999,GOA/PANJIM,15.483,73.817,28.2,1007.5,74.34
1991-04-11T21:00:00,43192099999,GOA/PANJIM,15.483,73.817,26.0,1006.5,84.07
1991-04-12T00:00:00,43192099999,GOA/PANJIM,15.483,73.817,25.4,1006.0,86.59
1991-04-12T01:00:00,43192099999,GOA/PANJIM,15.483,73.817,32.4,1007.4,51.41
1991-04-12T03:00:00,43192099999,GOA/PANJIM,15.483,73.817,27.6,1008.0,69.85
1991-04-12T06:00:00,43192099999,GOA/PANJIM,15.483,73.817,32.4,1007.4,51.41
1991-04-12T09:00:00,43192099999,GOA/PANJIM,15.483,73.817,33.0,1004.4,57.52
1991-04-12T12:00:00,43192099999,GOA/PANJIM,15.483,73.817,29.8,1003.9,68.58
1991-04-12T15:00:00,43192099999,GOA/PANJIM,15.483,73.817,28.0,1005.8,78.45
1991-04-12T18:00:00,43192099999,GOA/PANJIM,15.483,73.817,27.2,1007.2,79.77
1991-04-12T21:00:00,43192099999,GOA/PANJIM,15.483,73.817,25.4,1006.8,91.42
1991-04-13T00:00:00,43192099999,GOA/PANJIM,15.483,73.817,25.6,1007.4,88.73
1991-04-13T06:00:00,43192099999,GOA/PANJIM,15.483,73.817,31.6,1009.5,57.54
1991-04-13T09:00:00,43192099999,GOA/PANJIM,15.483,73.817,33.0,1006.5,59.99
1991-04-13T12:00:00,43192099999,GOA/PANJIM,15.483,73.817,30.6,1005.6,67.92
1991-04-13T15:00:00,43192099999,GOA/PANJIM,15.483,73.817,28.6,1008.1,77.6
1991-04-13T18:00:00,43192099999,GOA/PANJIM,15.483,73.817,,1009.1,
1991-04-13T21:00:00,43192099999,GOA/PANJIM,15.483,73.817,27.6,1008.3,76.98
1991-04-14T00:00:00,43192099999,GOA/PANJIM,15.483,73.817,27.4,1009.0,81.25
1991-04-14T03:00:00,43192099999,GOA/PANJIM,15.483,73.817,28.8,1010.7,74.88
1991-04-14T06:00:00,43192099999,GOA/PANJIM,15.483,73.817,32.8,1010.5,61.03
1991-04-14T09:00:00,43192099999,GOA/PANJIM,15.483,73.817,32.4,1007.4,65.48
1991-04-14T11:00:00,43192099999,GOA/PANJIM,15.483,73.817,28.8,,84.87
1991-04-14T12:00:00,43192099999,GOA/PANJIM,15.483,73.817,30.6,1006.2,72.97
1991-04-14T15:00:00,43192099999,GOA/PANJIM,15.483,73.817,29.0,1008.6,80.48
1991-04-14T18:00:00,43192099999,GOA/PANJIM,15.483,73.817,28.8,1009.3,84.87
1991-04-14T21:00:00,43192099999,GOA/PANJIM,15.483,73.817,28.6,1008.2,84.85
1991-04-15T00:00:00,43192099999,GOA/PANJIM,15.483,73.817,28.4,1008.6,83.33
1991-04-15T03:00:00,43192099999,GOA/PANJIM,15.483,73.817,28.8,1010.4,73.54
1991-04-15T06:00:00,43192099999,GOA/PANJIM,15.483,73.817,32.0,1010.2,67.38
1991-04-15T09:00:00,43192099999,GOA/PANJIM,15.483,73.817,31.8,1007.4,66.15
1991-04-15T12:00:00,43192099999,GOA/PANJIM,15.483,73.817,30.4,1006.9,72.94
1991-04-15T15:00:00,43192099999,GOA/PANJIM,15.483,73.817,29.0,1009.0,79.06
1991-04-15T18:00:00,43192099999,GOA/PANJIM,15.483,73.817,28.4,1009.3,83.33
1991-04-15T21:00:00,43192099999,GOA/PANJIM,15.483,73.817,27.8,1007.8,85.79
1991-04-16T00:00:00,43192099999,GOA/PANJIM,15.483,73.817,27.6,1008.0,84.25
1991-04-16T03:00:00,43192099999,GOA/PANJIM,15.483,73.817,29.8,1009.5,75.49
1991-04-16T06:00:00,43192099999,GOA/PANJIM,15.483,73.817,32.6,1009.8,61.73
1991-04-16T09:00:00,43192099999,GOA/PANJIM,15.483,73.817,32.6,1006.8,61.73
1991-04-16T12:00:00,43192099999,GOA/PANJIM,15.483,73.817,31.0,1005.6,69.23
1991-04-16T15:00:00,43192099999,GOA/PANJIM,15.483,73.817,28.8,1007.4,80.46
1991-04-16T18:00:00,43192099999,GOA/PANJIM,15.483,73.817,28.6,,79.0
1991-04-17T00:00:00,43192099999,GOA/PANJIM,15.483,73.817,26.6,1006.7,88.81
1991-04-17T03:00:00,43192099999,GOA/PANJIM,15.483,73.817,29.6,1009.3,78.21
1991-04-17T06:00:00,43192099999,GOA/PANJIM,15.483,73.817,32.2,1008.5,63.9
1991-04-17T09:00:00,43192099999,GOA/PANJIM,15.483,73.817,32.0,1006.3,66.19
1991-04-17T12:00:00,43192099999,GOA/PANJIM,15.483,73.817,30.6,1005.4,71.68
1991-04-17T15:00:00,43192099999,GOA/PANJIM,15.483,73.817,29.4,1007.8,79.11
1991-04-17T18:00:00,43192099999,GOA/PANJIM,15.483,73.817,29.0,1008.4,81.93
1991-04-17T21:00:00,43192099999,GOA/PANJIM,15.483,73.817,28.2,1007.1,87.37
1991-04-18T00:00:00,43192099999,GOA/PANJIM,15.483,73.817,28.0,1007.0,92.12
1991-04-18T03:00:00,43192099999,GOA/PANJIM,15.483,73.817,30.4,1009.0,78.32
1991-04-18T06:00:00,43192099999,GOA/PANJIM,15.483,73.817,33.6,1009.2,62.68
1991-04-18T09:00:00,43192099999,GOA/PANJIM,15.483,73.817,34.0,1006.5,60.57
1991-04-18T12:00:00,43192099999,GOA/PANJIM,15.483,73.817,31.4,1006.1,68.89
1991-04-18T15:00:00,43192099999,GOA/PANJIM,15.483,73.817,29.8,1007.7,78.23
1991-04-18T18:00:00,43192099999,GOA/PANJIM,15.483,73.817,29.2,1008.1,81.96
1991-04-18T21:00:00,43192099999,GOA/PANJIM,15.483,73.817,28.8,1006.8,83.38
1991-04-19T00:00:00,43192099999,GOA/PANJIM,15.483,73.817,28.4,1007.7,81.86
1991-04-19T03:00:00,43192099999,GOA/PANJIM,15.483,73.817,30.6,1010.0,72.97
1991-04-19T06:00:00,43192099999,GOA/PANJIM,15.483,73.817,33.4,1009.2,59.01
1991-04-19T09:00:00,43192099999,GOA/PANJIM,15.483,73.817,33.0,1006.9,63.31
1991-04-19T12:00:00,43192099999,GOA/PANJIM,15.483,73.817,31.2,1006.5,69.26
1991-04-19T15:00:00,43192099999,GOA/PANJIM,15.483,73.817,29.6,1009.2,75.46
1991-04-19T18:00:00,43192099999,GOA/PANJIM,15.483,73.817,29.0,1009.7,74.91
1991-04-19T21:00:00,43192099999,GOA/PANJIM,15.483,73.817,28.0,1008.0,80.35
1991-04-20T00:00:00,43192099999,GOA/PANJIM,15.483,73.817,27.6,1008.7,87.31
1991-04-20T03:00:00,43192099999,GOA/PANJIM,15.483,73.817,29.8,1011.1,74.15
1991-04-20T06:00:00,43192099999,GOA/PANJIM,15.483,73.817,33.8,1010.3,54.99
1991-04-20T09:00:00,43192099999,GOA/PANJIM,15.483,73.817,33.0,1007.9,61.08
1991-04-20T12:00:00,43192099999,GOA/PANJIM,15.483,73.817,31.6,1007.2,67.3
1991-04-20T15:00:00,43192099999,GOA/PANJIM,15.483,73.817,29.6,1008.7,74.12
1991-04-20T18:00:00,43192099999,GOA/PANJIM,15.483,73.817,29.0,1009.6,80.48
1991-04-20T21:00:00,43192099999,GOA/PANJIM,15.483,73.817,28.4,1008.1,81.86
1991-04-21T00:00:00,43192099999,GOA/PANJIM,15.483,73.817,27.4,1008.5,90.47
1991-04-21T03:00:00,43192099999,GOA/PANJIM,15.483,73.817,29.2,1010.7,76.3
1991-04-21T06:00:00,43192099999,GOA/PANJIM,15.483,73.817,32.4,1010.4,62.8
1991-04-21T09:00:00,43192099999,GOA/PANJIM,15.483,73.817,33.0,1007.7,61.08
1991-04-21T12:00:00,43192099999,GOA/PANJIM,15.483,73.817,31.4,1006.8,66.07
1991-04-21T18:00:00,43192099999,GOA/PANJIM,15.483,73.817,29.2,1010.3,73.61
1991-04-21T21:00:00,43192099999,GOA/PANJIM,15.483,73.817,28.6,1009.1,77.6
1991-04-22T00:00:00,43192099999,GOA/PANJIM,15.483,73.817,28.2,1009.8,80.38
1991-04-22T03:00:00,43192099999,GOA/PANJIM,15.483,73.817,30.8,1011.1,71.71
1991-04-22T06:00:00,43192099999,GOA/PANJIM,15.483,73.817,32.4,1010.4,60.58
1991-04-22T09:00:00,43192099999,GOA/PANJIM,15.483,73.817,33.4,1008.1,56.92
1991-04-22T12:00:00,43192099999,GOA/PANJIM,15.483,73.817,31.4,1007.4,64.5
1991-04-22T15:00:00,43192099999,GOA/PANJIM,15.483,73.817,,1009.2,
1991-04-22T18:00:00,43192099999,GOA/PANJIM,15.483,73.817,28.0,1009.6,75.66
1991-04-22T21:00:00,43192099999,GOA/PANJIM,15.483,73.817,26.6,1008.8,74.98
1991-04-23T00:00:00,43192099999,GOA/PANJIM,15.483,73.817,25.4,1009.3,81.99
1991-04-23T03:00:00,43192099999,GOA/PANJIM,15.483,73.817,28.0,1011.2,70.35
1991-04-23T06:00:00,43192099999,GOA/PANJIM,15.483,73.817,32.0,1010.4,59.04
1991-04-23T09:00:00,43192099999,GOA/PANJIM,15.483,73.817,32.6,1007.9,59.54
1991-04-23T12:00:00,43192099999,GOA/PANJIM,15.483,73.817,30.2,1007.1,67.84
1991-04-23T15:00:00,43192099999,GOA/PANJIM,15.483,73.817,28.6,1009.3,73.51
1991-04-23T18:00:00,43192099999,GOA/PANJIM,15.483,73.817,28.0,1010.6,77.51
1991-04-23T21:00:00,43192099999,GOA/PANJIM,15.483,73.817,27.4,1009.7,76.95
1991-04-24T00:00:00,43192099999,GOA/PANJIM,15.483,73.817,26.6,1010.5,82.63
1991-04-24T03:00:00,43192099999,GOA/PANJIM,15.483,73.817,28.6,1011.2,72.19
1991-04-24T06:00:00,43192099999,GOA/PANJIM,15.483,73.817,33.4,1010.0,55.57
1991-04-24T09:00:00,43192099999,GOA/PANJIM,15.483,73.817,33.4,1010.0,55.57
1991-04-24T12:00:00,43192099999,GOA/PANJIM,15.483,73.817,31.0,1007.0,65.59
1991-04-24T15:00:00,43192099999,GOA/PANJIM,15.483,73.817,29.2,1008.7,76.3
1991-04-24T18:00:00,43192099999,GOA/PANJIM,15.483,73.817,28.8,1009.4,76.24
1991-04-24T21:00:00,43192099999,GOA/PANJIM,15.483,73.817,28.6,1008.1,76.21
1991-04-25T00:00:00,43192099999,GOA/PANJIM,15.483,73.817,28.2,1008.3,78.95
1991-04-25T03:00:00,43192099999,GOA/PANJIM,15.483,73.817,30.4,1009.9,71.64
1991-04-25T06:00:00,43192099999,GOA/PANJIM,15.483,73.817,32.0,1009.5,65.01
1991-04-25T09:00:00,43192099999,GOA/PANJIM,15.483,73.817,32.8,1006.0,61.03
1991-04-25T12:00:00,43192099999,GOA/PANJIM,15.483,73.817,30.4,1006.2,71.64
1991-04-25T15:00:00,43192099999,GOA/PANJIM,15.483,73.817,29.8,1008.8,75.49
1991-04-25T18:00:00,43192099999,GOA/PANJIM,15.483,73.817,29.0,1008.9,77.66
1991-04-25T21:00:00,43192099999,GOA/PANJIM,15.483,73.817,28.6,1007.3,80.43
1991-04-26T00:00:00,43192099999,GOA/PANJIM,15.483,73.817,28.0,1007.0,84.79
1991-04-26T03:00:00,43192099999,GOA/PANJIM,15.483,73.817,30.2,1008.6,71.61
1991-04-26T06:00:00,43192099999,GOA/PANJIM,15.483,73.817,32.4,1008.3,60.22
1991-04-26T09:00:00,43192099999,GOA/PANJIM,15.483,73.817,33.0,1004.9,61.08
1991-04-26T12:00:00,43192099999,GOA/PANJIM,15.483,73.817,30.8,1004.0,69.19
1991-04-26T15:00:00,43192099999,GOA/PANJIM,15.483,73.817,29.0,1006.9,77.66
1991-04-26T18:00:00,43192099999,GOA/PANJIM,15.483,73.817,28.4,1006.6,81.86
1991-04-26T21:00:00,43192099999,GOA/PANJIM,15.483,73.817,27.4,1006.7,84.22
1991-04-27T00:00:00,43192099999,GOA/PANJIM,15.483,73.817,27.0,1005.5,87.26
1991-04-27T03:00:00,43192099999,GOA/PANJIM,15.483,73.817,29.4,1007.2,74.98
1991-04-27T06:00:00,43192099999,GOA/PANJIM,15.483,73.817,33.0,1006.8,64.45
1991-04-27T09:00:00,43192099999,GOA/PANJIM,15.483,73.817,33.4,1004.9,60.08
1991-04-27T12:00:00,43192099999,GOA/PANJIM,15.483,73.817,31.0,1004.4,67.99
1991-04-27T15:00:00,43192099999,GOA/PANJIM,15.483,73.817,29.4,1006.4,72.33
1991-04-27T18:00:00,43192099999,GOA/PANJIM,15.483,73.817,28.8,1008.3,76.24
1991-04-28T00:00:00,43192099999,GOA/PANJIM,15.483,73.817,27.0,1006.0,84.18
1991-04-28T03:00:00,43192099999,GOA/PANJIM,15.483,73.817,39.4,1007.2,42.97
1991-04-28T06:00:00,43192099999,GOA/PANJIM,15.483,73.817,33.0,1007.2,57.52
1991-04-28T09:00:00,43192099999,GOA/PANJIM,15.483,73.817,33.0,1005.6,61.08
1991-04-28T12:00:00,43192099999,GOA/PANJIM,15.483,73.817,31.2,1004.7,66.82
1991-04-28T15:00:00,43192099999,GOA/PANJIM,15.483,73.817,29.4,1006.9,69.76
1991-04-28T18:00:00,43192099999,GOA/PANJIM,15.483,73.817,28.6,1007.7,73.51
1991-04-28T21:00:00,43192099999,GOA/PANJIM,15.483,73.817,28.0,1006.7,75.66
1991-04-29T00:00:00,43192099999,GOA/PANJIM,15.483,73.817,27.2,1007.0,86.76
1991-04-29T03:00:00,43192099999,GOA/PANJIM,15.483,73.817,29.6,1008.8,74.12
1991-04-29T09:00:00,43192099999,GOA/PANJIM,15.483,73.817,32.8,1006.8,62.14
1991-04-29T15:00:00,43192099999,GOA/PANJIM,15.483,73.817,29.4,1008.4,73.64
1991-04-29T18:00:00,43192099999,GOA/PANJIM,15.483,73.817,29.0,1009.5,74.91
1991-04-29T21:00:00,43192099999,GOA/PANJIM,15.483,73.817,,1008.2,
1991-04-30T00:00:00,43192099999,GOA/PANJIM,15.483,73.817,27.6,1008.4,82.75
1991-04-30T03:00:00,43192099999,GOA/PANJIM,15.483,73.817,30.0,1010.5,69.04
1991-04-30T06:00:00,43192099999,GOA/PANJIM,15.483,73.817,32.2,1010.0,58.03
1991-04-30T09:00:00,43192099999,GOA/PANJIM,15.483,73.817,32.6,1007.1,57.42
1991-04-30T12:00:00,43192099999,GOA/PANJIM,15.483,73.817,30.8,1006.4,66.74
1991-04-30T15:00:00,43192099999,GOA/PANJIM,15.483,73.817,29.0,1008.5,73.58
1991-04-30T18:00:00,43192099999,GOA/PANJIM,15.483,73.817,28.4,1009.5,78.98
1991-04-30T21:00:00,43192099999,GOA/PANJIM,15.483,73.817,28.0,1008.2,78.45
1991-05-01T00:00:00,43192099999,GOA/PANJIM,15.483,73.817,27.0,1008.5,84.18
1991-05-01T03:00:00,43192099999,GOA/PANJIM,15.483,73.817,30.0,1010.0,71.57
1991-05-01T06:00:00,43192099999,GOA/PANJIM,15.483,73.817,32.4,1009.8,58.43
1991-05-01T09:00:00,43192099999,GOA/PANJIM,15.483,73.817,32.6,1007.7,59.54
1991-05-01T12:00:00,43192099999,GOA/PANJIM,15.483,73.817,30.8,1006.9,65.55
1991-05-01T15:00:00,43192099999,GOA/PANJIM,15.483,73.817,29.0,1008.3,73.58
1991-05-01T18:00:00,43192099999,GOA/PANJIM,15.483,73.817,27.8,1009.2,81.3
1991-05-01T21:00:00,43192099999,GOA/PANJIM,15.483,73.817,27.2,1007.3,79.77
1991-05-02T00:00:00,43192099999,GOA/PANJIM,15.483,73.817,26.6,1007.4,82.63
1991-05-02T01:00:00,43192099999,GOA/PANJIM,15.483,73.817,33.2,1008.8,56.19
1991-05-02T03:00:00,43192099999,GOA/PANJIM,15.483,73.817,29.8,1009.2,68.58
1991-05-02T06:00:00,43192099999,GOA/PANJIM,15.483,73.817,33.2,1008.8,56.19
1991-05-02T09:00:00,43192099999,GOA/PANJIM,15.483,73.817,32.8,1006.7,61.03
1991-05-02T12:00:00,43192099999,GOA/PANJIM,15.483,73.817,30.8,1006.6,65.55
1991-05-02T15:00:00,43192099999,GOA/PANJIM,15.483,73.817,29.0,1008.1,74.91
1991-05-02T18:00:00,43192099999,GOA/PANJIM,15.483,73.817,28.2,1009.3,77.54
1991-05-02T21:00:00,43192099999,GOA/PANJIM,15.483,73.817,27.0,1008.3,79.74
1991-05-03T00:00:00,43192099999,GOA/PANJIM,15.483,73.817,26.0,1008.4,82.56
1991-05-03T03:00:00,43192099999,GOA/PANJIM,15.483,73.817,29.4,1009.9,67.27
1991-05-03T06:00:00,43192099999,GOA/PANJIM,15.483,73.817,33.0,1010.0,55.47
1991-05-03T12:00:00,43192099999,GOA/PANJIM,15.483,73.817,30.8,1008.8,64.37
1991-05-03T15:00:00,43192099999,GOA/PANJIM,15.483,73.817,29.0,1009.8,73.58
1991-05-03T18:00:00,43192099999,GOA/PANJIM,15.483,73.817,28.4,1011.0,77.57
1991-05-03T21:00:00,43192099999,GOA/PANJIM,15.483,73.817,27.6,1009.0,79.82
1991-05-04T00:00:00,43192099999,GOA/PANJIM,15.483,73.817,26.8,1009.2,84.16
1991-05-04T03:00:00,43192099999,GOA/PANJIM,15.483,73.817,30.0,1011.0,70.29
1991-05-04T06:00:00,43192099999,GOA/PANJIM,15.483,73.817,32.8,1010.4,58.52
1991-05-04T09:00:00,43192099999,GOA/PANJIM,15.483,73.817,32.6,1008.3,61.73
1991-05-04T12:00:00,43192099999,GOA/PANJIM,15.483,73.817,30.8,1007.8,67.95
1991-05-04T15:00:00,43192099999,GOA/PANJIM,15.483,73.817,28.8,1009.5,74.88
1991-05-04T18:00:00,43192099999,GOA/PANJIM,15.483,73.817,28.4,1010.4,78.98
1991-05-04T21:00:00,43192099999,GOA/PANJIM,15.483,73.817,28.0,1008.6,80.35
1991-05-05T00:00:00,43192099999,GOA/PANJIM,15.483,73.817,28.2,1008.9,78.95
1991-05-05T03:00:00,43192099999,GOA/PANJIM,15.483,73.817,30.4,1011.2,65.07
1991-05-05T06:00:00,43192099999,GOA/PANJIM,15.483,73.817,33.4,1010.4,54.57
1991-05-05T09:00:00,43192099999,GOA/PANJIM,15.483,73.817,33.0,1007.9,57.52
1991-05-05T12:00:00,43192099999,GOA/PANJIM,15.483,73.817,31.2,1008.2,69.26
1991-05-05T15:00:00,43192099999,GOA/PANJIM,15.483,73.817,29.0,1009.5,81.93
1991-05-05T18:00:00,43192099999,GOA/PANJIM,15.483,73.817,28.4,1010.1,77.57
1991-05-05T21:00:00,43192099999,GOA/PANJIM,15.483,73.817,27.8,1007.8,79.85
1991-05-06T00:00:00,43192099999,GOA/PANJIM,15.483,73.817,27.4,1009.0,81.25
1991-05-06T03:00:00,43192099999,GOA/PANJIM,15.483,73.817,28.4,1011.0,77.57
1991-05-06T09:00:00,43192099999,GOA/PANJIM,15.483,73.817,32.8,1008.2,61.03
1991-05-06T12:00:00,43192099999,GOA/PANJIM,15.483,73.817,30.6,1007.3,67.92
1991-05-06T15:00:00,43192099999,GOA/PANJIM,15.483,73.817,28.8,1008.5,77.63
1991-05-06T18:00:00,43192099999,GOA/PANJIM,15.483,73.817,28.4,1009.5,78.98
1991-05-06T21:00:00,43192099999,GOA/PANJIM,15.483,73.817,27.8,1008.0,81.3
1991-05-07T03:00:00,43192099999,GOA/PANJIM,15.483,73.817,28.4,1011.2,77.57
1991-05-07T06:00:00,43192099999,GOA/PANJIM,15.483,73.817,33.2,1010.6,57.91
1991-05-07T09:00:00,43192099999,GOA/PANJIM,15.483,73.817,32.8,1008.7,61.03
1991-05-07T12:00:00,43192099999,GOA/PANJIM,15.483,73.817,30.6,1007.8,67.92
1991-05-07T15:00:00,43192099999,GOA/PANJIM,15.483,73.817,28.8,1009.9,76.24
1991-05-07T18:00:00,43192099999,GOA/PANJIM,15.483,73.817,28.4,1010.5,77.57
1991-05-07T21:00:00,43192099999,GOA/PANJIM,15.483,73.817,27.4,1008.9,84.22
1991-05-08T00:00:00,43192099999,GOA/PANJIM,15.483,73.817,26.8,1009.4,84.16
1991-05-08T03:00:00,43192099999,GOA/PANJIM,15.483,73.817,29.4,1011.3,72.33
1991-05-08T06:00:00,43192099999,GOA/PANJIM,15.483,73.817,32.6,1010.5,59.54
1991-05-08T09:00:00,43192099999,GOA/PANJIM,15.483,73.817,33.2,1008.8,59.32
1991-05-08T12:00:00,43192099999,GOA/PANJIM,15.483,73.817,30.6,1008.5,69.15
1991-05-08T15:00:00,43192099999,GOA/PANJIM,15.483,73.817,29.0,1009.9,76.27
1991-05-08T18:00:00,43192099999,GOA/PANJIM,15.483,73.817,28.4,1010.9,81.86
1991-05-08T21:00:00,43192099999,GOA/PANJIM,15.483,73.817,27.6,1008.3,82.75
1991-05-09T00:00:00,43192099999,GOA/PANJIM,15.483,73.817,27.0,1008.4,85.71
1991-05-09T03:00:00,43192099999,GOA/PANJIM,15.483,73.817,29.0,1010.9,74.91
1991-05-09T06:00:00,43192099999,GOA/PANJIM,15.483,73.817,32.0,1010.5,65.01
1991-05-09T12:00:00,43192099999,GOA/PANJIM,15.483,73.817,30.8,1007.9,66.74
1991-05-09T15:00:00,43192099999,GOA/PANJIM,15.483,73.817,29.2,1009.7,74.95
1991-05-09T18:00:00,43192099999,GOA/PANJIM,15.483,73.817,28.4,1010.1,80.41
1991-05-10T00:00:00,43192099999,GOA/PANJIM,15.483,73.817,27.2,1009.3,84.2
1991-05-10T03:00:00,43192099999,GOA/PANJIM,15.483,73.817,29.6,1010.8,71.07
1991-05-10T06:00:00,43192099999,GOA/PANJIM,15.483,73.817,32.4,1010.4,60.58
1991-05-10T09:00:00,43192099999,GOA/PANJIM,15.483,73.817,33.4,1008.2,57.96
1991-05-10T12:00:00,43192099999,GOA/PANJIM,15.483,73.817,31.2,1007.4,65.63
1991-05-10T15:00:00,43192099999,GOA/PANJIM,15.483,73.817,29.4,1008.9,72.33
1991-05-10T18:00:00,43192099999,GOA/PANJIM,15.483,73.817,28.4,1009.1,81.86
1991-05-10T21:00:00,43192099999,GOA/PANJIM,15.483,73.817,28.0,1007.7,81.81
1991-05-11T00:00:00,43192099999,GOA/PANJIM,15.483,73.817,27.0,1008.1,87.26
1991-05-11T03:00:00,43192099999,GOA/PANJIM,15.483,73.817,29.4,1010.0,76.34
1991-05-11T06:00:00,43192099999,GOA/PANJIM,15.483,73.817,32.6,1010.0,66.7
1991-05-11T15:00:00,43192099999,GOA/PANJIM,15.483,73.817,28.0,1010.6,70.35
1991-05-11T18:00:00,43192099999,GOA/PANJIM,15.483,73.817,28.4,1012.1,70.42
1991-05-11T21:00:00,43192099999,GOA/PANJIM,15.483,73.817,27.0,1009.9,79.74
1991-05-12T00:00:00,43192099999,GOA/PANJIM,15.483,73.817,26.0,1007.4,85.61
1991-05-12T03:00:00,43192099999,GOA/PANJIM,15.483,73.817,29.0,1009.7,74.91
1991-05-12T12:00:00,43192099999,GOA/PANJIM,15.483,73.817,31.6,1006.6,68.52
1991-05-12T15:00:00,43192099999,GOA/PANJIM,15.483,73.817,29.4,1008.9,79.11
1991-05-12T18:00:00,43192099999,GOA/PANJIM,15.483,73.817,28.4,1006.7,77.57
1991-05-13T00:00:00,43192099999,GOA/PANJIM,15.483,73.817,27.0,1006.7,85.71
1991-05-13T03:00:00,43192099999,GOA/PANJIM,15.483,73.817,30.0,1009.4,75.52
1991-05-13T06:00:00,43192099999,GOA/PANJIM,15.483,73.817,33.4,1009.8,59.01
1991-05-13T09:00:00,43192099999,GOA/PANJIM,15.483,73.817,34.0,1007.7,62.77
1991-05-13T12:00:00,43192099999,GOA/PANJIM,15.483,73.817,32.0,1008.2,69.83
1991-05-13T15:00:00,43192099999,GOA/PANJIM,15.483,73.817,30.0,1008.7,81.09
1991-05-13T18:00:00,43192099999,GOA/PANJIM,15.483,73.817,29.0,1010.2,73.58
1991-05-13T21:00:00,43192099999,GOA/PANJIM,15.483,73.817,28.2,1007.7,80.38
1991-05-14T00:00:00,43192099999,GOA/PANJIM,15.483,73.817,27.0,1008.6,79.74
1991-05-14T03:00:00,43192099999,GOA/PANJIM,15.483,73.817,28.8,1009.9,77.63
1991-05-14T06:00:00,43192099999,GOA/PANJIM,15.483,73.817,33.2,1009.9,62.23
1991-05-14T09:00:00,43192099999,GOA/PANJIM,15.483,73.817,32.6,1008.0,69.11
1991-05-14T12:00:00,43192099999,GOA/PANJIM,15.483,73.817,31.6,1007.1,71.0
1991-05-14T18:00:00,43192099999,GOA/PANJIM,15.483,73.817,27.0,1008.9,71.03
1991-05-14T21:00:00,43192099999,GOA/PANJIM,15.483,73.817,28.0,1008.6,71.65
1991-05-15T00:00:00,43192099999,GOA/PANJIM,15.483,73.817,27.4,1008.0,76.95
1991-05-16T00:00:00,43192099999,GOA/PANJIM,15.483,73.817,28.4,1008.2,87.9
1991-05-16T06:00:00,43192099999,GOA/PANJIM,15.483,73.817,34.4,1008.8,56.48
1991-05-16T09:00:00,43192099999,GOA/PANJIM,15.483,73.817,33.8,1006.5,62.73
1991-05-16T12:00:00,43192099999,GOA/PANJIM,15.483,73.817,31.8,1005.7,71.04
1991-05-16T15:00:00,43192099999,GOA/PANJIM,15.483,73.817,30.4,1008.2,78.32
1991-05-16T18:00:00,43192099999,GOA/PANJIM,15.483,73.817,29.4,1008.8,68.51
1991-05-16T21:00:00,43192099999,GOA/PANJIM,15.483,73.817,28.8,1007.7,77.63
1991-05-17T00:00:00,43192099999,GOA/PANJIM,15.483,73.817,28.4,1008.8,78.98
1991-05-17T03:00:00,43192099999,GOA/PANJIM,15.483,73.817,30.4,1010.8,74.25
1991-05-17T06:00:00,43192099999,GOA/PANJIM,15.483,73.817,33.4,1010.7,64.91
1991-05-17T09:00:00,43192099999,GOA/PANJIM,15.483,73.817,34.4,1008.5,61.02
1991-05-17T12:00:00,43192099999,GOA/PANJIM,15.483,73.817,32.2,1006.7,67.82
1991-05-17T15:00:00,43192099999,GOA/PANJIM,15.483,73.817,30.0,1010.1,46.81
1991-05-17T18:00:00,43192099999,GOA/PANJIM,15.483,73.817,28.0,1009.9,72.96
1991-05-17T21:00:00,43192099999,GOA/PANJIM,15.483,73.817,27.8,1008.3,74.27
1991-05-18T00:00:00,43192099999,GOA/PANJIM,15.483,73.817,27.2,1008.6,66.83
1991-05-18T03:00:00,43192099999,GOA/PANJIM,15.483,73.817,29.4,1009.9,63.3
1991-05-18T06:00:00,43192099999,GOA/PANJIM,15.483,73.817,32.8,1009.5,65.56
1991-05-18T09:00:00,43192099999,GOA/PANJIM,15.483,73.817,34.0,1005.9,61.66
1991-05-18T12:00:00,43192099999,GOA/PANJIM,15.483,73.817,32.0,1004.9,72.35
1991-05-18T15:00:00,43192099999,GOA/PANJIM,15.483,73.817,30.0,1006.2,82.54
1991-05-18T18:00:00,43192099999,GOA/PANJIM,15.483,73.817,29.6,1006.6,79.61
1991-05-18T21:00:00,43192099999,GOA/PANJIM,15.483,73.817,29.0,1005.6,77.66
1991-05-19T00:00:00,43192099999,GOA/PANJIM,15.483,73.817,27.8,1005.9,79.85
1991-05-19T03:00:00,43192099999,GOA/PANJIM,15.483,73.817,30.0,1007.8,74.18
1991-05-19T06:00:00,43192099999,GOA/PANJIM,15.483,73.817,32.6,1008.5,67.9
1991-05-19T09:00:00,43192099999,GOA/PANJIM,15.483,73.817,32.8,1005.9,67.94
1991-05-19T12:00:00,43192099999,GOA/PANJIM,15.483,73.817,31.6,1006.9,68.52
1991-05-19T15:00:00,43192099999,GOA/PANJIM,15.483,73.817,,1007.5,
1991-05-19T18:00:00,43192099999,GOA/PANJIM,15.483,73.817,25.4,1008.5,71.62
1991-05-19T21:00:00,43192099999,GOA/PANJIM,15.483,73.817,26.0,1009.1,77.69
1991-05-20T00:00:00,43192099999,GOA/PANJIM,15.483,73.817,26.0,1007.9,80.58
1991-05-20T03:00:00,43192099999,GOA/PANJIM,15.483,73.817,28.4,1010.2,76.18
1991-05-20T06:00:00,43192099999,GOA/PANJIM,15.483,73.817,33.4,1010.3,62.27
1991-05-20T09:00:00,43192099999,GOA/PANJIM,15.483,73.817,34.4,1008.3,57.5
1991-05-20T12:00:00,43192099999,GOA/PANJIM,15.483,73.817,31.4,1007.4,74.85
1991-05-20T15:00:00,43192099999,GOA/PANJIM,15.483,73.817,29.6,1008.7,83.47
1991-05-20T18:00:00,43192099999,GOA/PANJIM,15.483,73.817,29.4,1008.3,84.94
1991-05-21T00:00:00,43192099999,GOA/PANJIM,15.483,73.817,28.6,1009.2,84.85
1991-05-21T03:00:00,43192099999,GOA/PANJIM,15.483,73.817,30.4,1011.2,78.32
1991-05-21T06:00:00,43192099999,GOA/PANJIM,15.483,73.817,34.0,1009.8,62.77
1991-05-21T12:00:00,43192099999,GOA/PANJIM,15.483,73.817,31.6,1007.4,72.28
1991-05-21T15:00:00,43192099999,GOA/PANJIM,15.483,73.817,30.0,1008.8,79.67
1991-05-21T18:00:00,43192099999,GOA/PANJIM,15.483,73.817,25.4,1008.6,90.33
1991-05-21T21:00:00,43192099999,GOA/PANJIM,15.483,73.817,26.4,1009.5,82.61
1991-05-22T00:00:00,43192099999,GOA/PANJIM,15.483,73.817,27.2,1007.9,76.92
1991-05-22T03:00:00,43192099999,GOA/PANJIM,15.483,73.817,27.8,1010.1,78.42
1991-05-22T06:00:00,43192099999,GOA/PANJIM,15.483,73.817,33.2,1008.9,61.12
1991-05-22T09:00:00,43192099999,GOA/PANJIM,15.483,73.817,33.4,1006.7,64.91
1991-05-22T12:00:00,43192099999,GOA/PANJIM,15.483,73.817,31.6,1006.0,71.0
1991-05-22T15:00:00,43192099999,GOA/PANJIM,15.483,73.817,30.0,1008.3,79.67
1991-05-22T18:00:00,43192099999,GOA/PANJIM,15.483,73.817,28.0,1009.9,69.07
1991-05-22T21:00:00,43192099999,GOA/PANJIM,15.483,73.817,27.8,1007.4,68.62
1991-05-23T00:00:00,43192099999,GOA/PANJIM,15.483,73.817,27.8,1006.0,78.42
1991-05-23T03:00:00,43192099999,GOA/PANJIM,15.483,73.817,28.0,1008.2,74.3
1991-05-23T06:00:00,43192099999,GOA/PANJIM,15.483,73.817,34.4,1006.6,52.23
1991-05-23T09:00:00,43192099999,GOA/PANJIM,15.483,73.817,34.4,1004.5,54.15
1991-05-23T12:00:00,43192099999,GOA/PANJIM,15.483,73.817,31.8,1004.2,72.31
1991-05-23T15:00:00,43192099999,GOA/PANJIM,15.483,73.817,30.0,1005.7,82.54
1991-05-23T18:00:00,43192099999,GOA/PANJIM,15.483,73.817,29.6,1006.7,83.47
1991-05-23T21:00:00,43192099999,GOA/PANJIM,15.483,73.817,29.0,1004.7,84.9
1991-05-24T00:00:00,43192099999,GOA/PANJIM,15.483,73.817,28.4,1005.3,87.9
1991-05-24T03:00:00,43192099999,GOA/PANJIM,15.483,73.817,30.8,1007.0,75.65
1991-05-24T06:00:00,43192099999,GOA/PANJIM,15.483,73.817,32.6,1007.2,66.7
1991-05-24T09:00:00,43192099999,GOA/PANJIM,15.483,73.817,33.6,1005.3,63.81
1991-05-24T12:00:00,43192099999,GOA/PANJIM,15.483,73.817,32.0,1004.4,69.83
1991-05-24T15:00:00,43192099999,GOA/PANJIM,15.483,73.817,30.0,1006.4,78.26
1991-05-24T18:00:00,43192099999,GOA/PANJIM,15.483,73.817,29.8,1007.4,76.85
1991-05-24T21:00:00,43192099999,GOA/PANJIM,15.483,73.817,29.4,1006.4,80.54
1991-05-25T00:00:00,43192099999,GOA/PANJIM,15.483,73.817,29.0,1007.3,80.48
1991-05-25T03:00:00,43192099999,GOA/PANJIM,15.483,73.817,29.0,1009.5,77.66
1991-05-25T06:00:00,43192099999,GOA/PANJIM,15.483,73.817,32.6,1009.1,57.42
1991-05-25T09:00:00,43192099999,GOA/PANJIM,15.483,73.817,32.8,1006.7,64.4
1991-05-25T12:00:00,43192099999,GOA/PANJIM,15.483,73.817,31.0,1006.2,72.17
1991-05-25T15:00:00,43192099999,GOA/PANJIM,15.483,73.817,29.6,1007.3,78.21
1991-05-25T21:00:00,43192099999,GOA/PANJIM,15.483,73.817,,1007.3,
1991-05-26T00:00:00,43192099999,GOA/PANJIM,15.483,73.817,27.8,1005.0,85.79
1991-05-26T03:00:00,43192099999,GOA/PANJIM,15.483,73.817,29.2,1006.5,80.51
1991-05-26T06:00:00,43192099999,GOA/PANJIM,15.483,73.817,33.6,1005.5,60.48
1991-05-26T09:00:00,43192099999,GOA/PANJIM,15.483,73.817,33.4,1003.5,62.27
1991-05-26T12:00:00,43192099999,GOA/PANJIM,15.483,73.817,31.4,1002.8,69.71
1991-05-26T15:00:00,43192099999,GOA/PANJIM,15.483,73.817,30.4,1004.2,75.59
1991-05-26T18:00:00,43192099999,GOA/PANJIM,15.483,73.817,30.0,1007.4,76.88
1991-05-26T21:00:00,43192099999,GOA/PANJIM,15.483,73.817,28.0,1004.9,66.18
1991-05-27T00:00:00,43192099999,GOA/PANJIM,15.483,73.817,27.6,1004.5,79.82
1991-05-27T03:00:00,43192099999,GOA/PANJIM,15.483,73.817,27.8,1009.0,74.27
1991-05-27T06:00:00,43192099999,GOA/PANJIM,15.483,73.817,31.0,1006.3,65.59
1991-05-27T09:00:00,43192099999,GOA/PANJIM,15.483,73.817,33.4,1003.1,59.01
1991-05-27T12:00:00,43192099999,GOA/PANJIM,15.483,73.817,31.0,1006.3,65.59
1991-05-27T15:00:00,43192099999,GOA/PANJIM,15.483,73.817,29.4,1004.0,73.64
1991-05-27T18:00:00,43192099999,GOA/PANJIM,15.483,73.817,29.0,1004.7,80.48
1991-05-27T21:00:00,43192099999,GOA/PANJIM,15.483,73.817,28.2,1003.2,84.81
1991-05-28T00:00:00,43192099999,GOA/PANJIM,15.483,73.817,27.2,1003.1,85.73
1991-05-28T06:00:00,43192099999,GOA/PANJIM,15.483,73.817,33.4,1004.6,67.26
1991-05-28T09:00:00,43192099999,GOA/PANJIM,15.483,73.817,33.6,1002.7,63.81
1991-05-28T12:00:00,43192099999,GOA/PANJIM,15.483,73.817,32.4,,66.66
1991-05-28T15:00:00,43192099999,GOA/PANJIM,15.483,73.817,30.4,1002.6,75.59
1991-05-28T18:00:00,43192099999,GOA/PANJIM,15.483,73.817,29.6,1003.7,60.69
1991-05-28T21:00:00,43192099999,GOA/PANJIM,15.483,73.817,27.6,1004.4,76.98
1991-05-29T00:00:00,43192099999,GOA/PANJIM,15.483,73.817,26.8,1002.9,90.43
1991-05-29T03:00:00,43192099999,GOA/PANJIM,15.483,73.817,28.4,1005.6,83.33
1991-05-29T06:00:00,43192099999,GOA/PANJIM,15.483,73.817,33.2,1004.7,68.42
1991-05-29T09:00:00,43192099999,GOA/PANJIM,15.483,73.817,33.8,1002.7,61.62
1991-05-29T12:00:00,43192099999,GOA/PANJIM,15.483,73.817,33.0,1002.1,63.31
1991-05-29T15:00:00,43192099999,GOA/PANJIM,15.483,73.817,30.6,1003.4,84.07
1991-05-29T18:00:00,43192099999,GOA/PANJIM,15.483,73.817,30.0,1004.8,83.51
1991-05-29T21:00:00,43192099999,GOA/PANJIM,15.483,73.817,29.6,1004.0,84.96
1991-05-30T00:00:00,43192099999,GOA/PANJIM,15.483,73.817,27.8,1004.0,59.53
1991-05-30T03:00:00,43192099999,GOA/PANJIM,15.483,73.817,27.4,1005.6,67.29
1991-05-30T06:00:00,43192099999,GOA/PANJIM,15.483,73.817,29.8,1006.5,61.1
1991-05-30T09:00:00,43192099999,GOA/PANJIM,15.483,73.817,31.6,1005.3,64.93
1991-05-30T12:00:00,43192099999,GOA/PANJIM,15.483,73.817,31.2,1004.0,72.21
1991-05-30T15:00:00,43192099999,GOA/PANJIM,15.483,73.817,29.6,1004.3,81.04
1991-05-30T18:00:00,43192099999,GOA/PANJIM,15.483,73.817,29.2,1004.5,80.51
1991-05-31T00:00:00,43192099999,GOA/PANJIM,15.483,73.817,23.6,1003.9,94.7
1991-05-31T03:00:00,43192099999,GOA/PANJIM,15.483,73.817,25.4,1004.4,88.18
1991-05-31T06:00:00,43192099999,GOA/PANJIM,15.483,73.817,32.0,1004.3,73.64
1991-05-31T09:00:00,43192099999,GOA/PANJIM,15.483,73.817,31.8,1002.1,77.6
1991-05-31T12:00:00,43192099999,GOA/PANJIM,15.483,73.817,30.4,1001.3,82.58
1991-05-31T15:00:00,43192099999,GOA/PANJIM,15.483,73.817,30.0,1002.3,83.51
1991-05-31T18:00:00,43192099999,GOA/PANJIM,15.483,73.817,29.4,1003.4,91.13
1991-05-31T21:00:00,43192099999,GOA/PANJIM,15.483,73.817,29.0,1002.6,89.52
1991-06-01T00:00:00,43192099999,GOA/PANJIM,15.483,73.817,28.4,1001.8,92.14
1991-06-01T03:00:00,43192099999,GOA/PANJIM,15.483,73.817,30.8,1002.9,82.63
1991-06-01T04:00:00,43192099999,GOA/PANJIM,15.483,73.817,33.2,1002.8,69.63
1991-06-01T06:00:00,43192099999,GOA/PANJIM,15.483,73.817,33.2,1002.8,69.63
1991-06-01T09:00:00,43192099999,GOA/PANJIM,15.483,73.817,33.4,1000.8,67.26
1991-06-01T12:00:00,43192099999,GOA/PANJIM,15.483,73.817,31.6,998.7,76.22
1991-06-01T15:00:00,43192099999,GOA/PANJIM,15.483,73.817,25.0,1001.5,86.56
1991-06-01T21:00:00,43192099999,GOA/PANJIM,15.483,73.817,27.4,1000.7,84.22
1991-06-02T00:00:00,43192099999,GOA/PANJIM,15.483,73.817,26.6,1000.9,86.7
1991-06-02T03:00:00,43192099999,GOA/PANJIM,15.483,73.817,28.2,1001.5,76.15
1991-06-02T09:00:00,43192099999,GOA/PANJIM,15.483,73.817,33.4,1001.0,67.26
1991-06-02T12:00:00,43192099999,GOA/PANJIM,15.483,73.817,31.0,1000.1,76.13
1991-06-02T15:00:00,43192099999,GOA/PANJIM,15.483,73.817,25.4,1002.8,91.42
1991-06-02T18:00:00,43192099999,GOA/PANJIM,15.483,73.817,24.8,1002.2,91.39
1991-06-02T21:00:00,43192099999,GOA/PANJIM,15.483,73.817,26.2,1000.4,85.63
1991-06-03T00:00:00,43192099999,GOA/PANJIM,15.483,73.817,26.8,1001.0,87.24
1991-06-03T03:00:00,43192099999,GOA/PANJIM,15.483,73.817,28.6,1002.6,84.85
1991-06-03T06:00:00,43192099999,GOA/PANJIM,15.483,73.817,32.0,1002.4,74.95
1991-06-03T09:00:00,43192099999,GOA/PANJIM,15.483,73.817,32.0,1000.9,77.63
1991-06-03T12:00:00,43192099999,GOA/PANJIM,15.483,73.817,30.2,1000.6,81.11
1991-06-03T15:00:00,43192099999,GOA/PANJIM,15.483,73.817,29.8,1002.8,83.49
1991-06-03T18:00:00,43192099999,GOA/PANJIM,15.483,73.817,28.8,1003.0,89.5
1991-06-03T21:00:00,43192099999,GOA/PANJIM,15.483,73.817,26.6,1000.1,79.69
1991-06-04T00:00:00,43192099999,GOA/PANJIM,15.483,73.817,26.0,1001.5,84.07
1991-06-04T03:00:00,43192099999,GOA/PANJIM,15.483,73.817,29.4,1003.4,76.34
1991-06-04T06:00:00,43192099999,GOA/PANJIM,15.483,73.817,32.0,1002.4,67.38
1991-06-04T09:00:00,43192099999,GOA/PANJIM,15.483,73.817,33.0,1000.5,65.6
1991-06-04T12:00:00,43192099999,GOA/PANJIM,15.483,73.817,31.2,999.3,73.5
1991-06-04T15:00:00,43192099999,GOA/PANJIM,15.483,73.817,30.0,1001.4,88.04
1991-06-04T18:00:00,43192099999,GOA/PANJIM,15.483,73.817,28.0,1002.0,72.96
1991-06-04T21:00:00,43192099999,GOA/PANJIM,15.483,73.817,25.6,1002.0,94.78
1991-06-05T00:00:00,43192099999,GOA/PANJIM,15.483,73.817,26.0,1002.6,94.8
1991-06-05T03:00:00,43192099999,GOA/PANJIM,15.483,73.817,26.2,1004.1,96.51
1991-06-05T06:00:00,43192099999,GOA/PANJIM,15.483,73.817,28.8,1003.2,83.38
1991-06-05T09:00:00,43192099999,GOA/PANJIM,15.483,73.817,31.4,1001.2,72.24
1991-06-05T12:00:00,43192099999,GOA/PANJIM,15.483,73.817,30.4,999.6,79.72
1991-06-05T15:00:00,43192099999,GOA/PANJIM,15.483,73.817,29.6,1001.4,82.0
1991-06-05T18:00:00,43192099999,GOA/PANJIM,15.483,73.817,28.6,1002.0,87.92
1991-06-05T21:00:00,43192099999,GOA/PANJIM,15.483,73.817,25.4,1001.0,91.42
1991-06-06T00:00:00,43192099999,GOA/PANJIM,15.483,73.817,25.0,999.7,94.76
1991-06-06T03:00:00,43192099999,GOA/PANJIM,15.483,73.817,25.6,1002.9,93.1
1991-06-06T06:00:00,43192099999,GOA/PANJIM,15.483,73.817,25.8,1001.8,96.5
1991-06-06T09:00:00,43192099999,GOA/PANJIM,15.483,73.817,26.2,1000.0,96.51
1991-06-06T12:00:00,43192099999,GOA/PANJIM,15.483,73.817,26.6,998.9,93.7
1991-06-06T15:00:00,43192099999,GOA/PANJIM,15.483,73.817,26.0,1000.2,94.8
1991-06-06T18:00:00,43192099999,GOA/PANJIM,15.483,73.817,25.0,1001.3,96.48
1991-06-06T21:00:00,43192099999,GOA/PANJIM,15.483,73.817,25.2,998.9,94.77
1991-06-07T00:00:00,43192099999,GOA/PANJIM,15.483,73.817,25.0,997.8,96.48
1991-06-07T03:00:00,43192099999,GOA/PANJIM,15.483,73.817,26.0,999.5,98.24
1991-06-07T06:00:00,43192099999,GOA/PANJIM,15.483,73.817,26.0,1000.4,98.24
1991-06-07T09:00:00,43192099999,GOA/PANJIM,15.483,73.817,26.2,998.6,98.24
1991-06-07T15:00:00,43192099999,GOA/PANJIM,15.483,73.817,27.2,1000.0,90.45
1991-06-07T18:00:00,43192099999,GOA/PANJIM,15.483,73.817,25.8,1001.9,87.15
1991-06-07T21:00:00,43192099999,GOA/PANJIM,15.483,73.817,27.2,999.5,92.08
1991-06-08T00:00:00,43192099999,GOA/PANJIM,15.483,73.817,27.4,999.1,95.41
1991-06-08T03:00:00,43192099999,GOA/PANJIM,15.483,73.817,29.0,1000.7,87.95
1991-06-08T06:00:00,43192099999,GOA/PANJIM,15.483,73.817,24.4,1002.7,93.04
1991-06-08T09:00:00,43192099999,GOA/PANJIM,15.483,73.817,27.4,999.1,95.41
1991-06-08T12:00:00,43192099999,GOA/PANJIM,15.483,73.817,27.8,1000.2,85.79
1991-06-08T15:00:00,43192099999,GOA/PANJIM,15.483,73.817,28.0,1000.2,90.51
1991-06-08T18:00:00,43192099999,GOA/PANJIM,15.483,73.817,28.4,1000.9,88.95
1991-06-08T21:00:00,43192099999,GOA/PANJIM,15.483,73.817,28.2,999.2,90.52
1991-06-09T00:00:00,43192099999,GOA/PANJIM,15.483,73.817,28.4,999.9,88.95
1991-06-09T03:00:00,43192099999,GOA/PANJIM,15.483,73.817,28.8,1001.7,89.5
1991-06-09T06:00:00,43192099999,GOA/PANJIM,15.483,73.817,29.0,1002.8,86.41
1991-06-09T09:00:00,43192099999,GOA/PANJIM,15.483,73.817,29.0,1001.5,81.93
1991-06-09T12:00:00,43192099999,GOA/PANJIM,15.483,73.817,29.0,1000.3,86.41
1991-06-09T15:00:00,43192099999,GOA/PANJIM,15.483,73.817,29.0,1001.3,86.41
1991-06-09T18:00:00,43192099999,GOA/PANJIM,15.483,73.817,26.0,1001.9,94.8
1991-06-09T21:00:00,43192099999,GOA/PANJIM,15.483,73.817,25.2,1001.4,94.77
1991-06-10T00:00:00,43192099999,GOA/PANJIM,15.483,73.817,24.0,1001.9,94.72
1991-06-10T03:00:00,43192099999,GOA/PANJIM,15.483,73.817,25.0,1004.0,94.76
1991-06-10T06:00:00,43192099999,GOA/PANJIM,15.483,73.817,26.2,1003.8,90.38
1991-06-10T09:00:00,43192099999,GOA/PANJIM,15.483,73.817,26.2,1002.7,93.68
1991-06-10T12:00:00,43192099999,GOA/PANJIM,15.483,73.817,28.8,1001.8,92.17
1991-06-10T15:00:00,43192099999,GOA/PANJIM,15.483,73.817,28.4,1002.7,90.53
1991-06-10T18:00:00,43192099999,GOA/PANJIM,15.483,73.817,28.4,1003.4,90.53
1991-06-10T21:00:00,43192099999,GOA/PANJIM,15.483,73.817,28.4,1002.3,88.95
1991-06-11T00:00:00,43192099999,GOA/PANJIM,15.483,73.817,28.2,1002.8,90.52
1991-06-11T03:00:00,43192099999,GOA/PANJIM,15.483,73.817,28.6,1004.4,90.55
1991-06-11T06:00:00,43192099999,GOA/PANJIM,15.483,73.817,29.8,1004.5,83.49
1991-06-11T09:00:00,43192099999,GOA/PANJIM,15.483,73.817,30.4,1003.3,82.58
1991-06-11T12:00:00,43192099999,GOA/PANJIM,15.483,73.817,29.8,1002.5,83.49
1991-06-11T15:00:00,43192099999,GOA/PANJIM,15.483,73.817,28.8,1003.6,89.5
1991-06-11T18:00:00,43192099999,GOA/PANJIM,15.483,73.817,28.6,1004.6,90.55
1991-06-11T21:00:00,43192099999,GOA/PANJIM,15.483,73.817,28.2,1003.1,90.52
1991-06-12T00:00:00,43192099999,GOA/PANJIM,15.483,73.817,28.0,1003.8,92.12
1991-06-12T03:00:00,43192099999,GOA/PANJIM,15.483,73.817,29.4,1005.1,86.45
1991-06-12T09:00:00,43192099999,GOA/PANJIM,15.483,73.817,31.4,1003.6,78.92
1991-06-12T12:00:00,43192099999,GOA/PANJIM,15.483,73.817,29.2,1003.3,79.09
1991-06-12T15:00:00,43192099999,GOA/PANJIM,15.483,73.817,29.0,1004.7,84.9
1991-06-12T18:00:00,43192099999,GOA/PANJIM,15.483,73.817,28.6,1005.7,90.55
1991-06-12T21:00:00,43192099999,GOA/PANJIM,15.483,73.817,28.4,1004.1,90.53
1991-06-13T00:00:00,43192099999,GOA/PANJIM,15.483,73.817,28.0,1004.2,92.12
1991-06-13T03:00:00,43192099999,GOA/PANJIM,15.483,73.817,28.8,1005.7,89.5
1991-06-13T06:00:00,43192099999,GOA/PANJIM,15.483,73.817,31.2,1006.1,76.16
1991-06-13T09:00:00,43192099999,GOA/PANJIM,15.483,73.817,31.4,1005.0,74.85
1991-06-13T12:00:00,43192099999,GOA/PANJIM,15.483,73.817,30.4,1004.3,78.32
1991-06-13T15:00:00,43192099999,GOA/PANJIM,15.483,73.817,29.0,1005.3,86.41
1991-06-13T18:00:00,43192099999,GOA/PANJIM,15.483,73.817,28.6,1007.2,90.55
1991-06-13T21:00:00,43192099999,GOA/PANJIM,15.483,73.817,28.0,1004.6,92.12
1991-06-14T00:00:00,43192099999,GOA/PANJIM,15.483,73.817,27.8,1004.5,92.11
1991-06-14T03:00:00,43192099999,GOA/PANJIM,15.483,73.817,29.2,1005.9,84.92
1991-06-14T06:00:00,43192099999,GOA/PANJIM,15.483,73.817,31.4,1006.1,72.24
1991-06-14T09:00:00,43192099999,GOA/PANJIM,15.483,73.817,31.8,1005.0,72.31
1991-06-14T12:00:00,43192099999,GOA/PANJIM,15.483,73.817,30.2,1004.6,78.29
1991-06-14T15:00:00,43192099999,GOA/PANJIM,15.483,73.817,29.2,1006.1,84.92
1991-06-14T18:00:00,43192099999,GOA/PANJIM,15.483,73.817,28.8,1007.5,86.39
1991-06-14T21:00:00,43192099999,GOA/PANJIM,15.483,73.817,28.0,1006.7,92.12
1991-06-15T00:00:00,43192099999,GOA/PANJIM,15.483,73.817,27.8,1006.8,92.11
1991-06-15T03:00:00,43192099999,GOA/PANJIM,15.483,73.817,29.6,1007.9,82.0
1991-06-15T06:00:00,43192099999,GOA/PANJIM,15.483,73.817,32.0,1007.6,72.35
1991-06-15T09:00:00,43192099999,GOA/PANJIM,15.483,73.817,32.0,1006.5,72.35
1991-06-15T12:00:00,43192099999,GOA/PANJIM,15.483,73.817,31.2,1006.4,77.52
1991-06-15T21:00:00,43192099999,GOA/PANJIM,15.483,73.817,28.2,1007.5,86.34
1991-06-16T00:00:00,43192099999,GOA/PANJIM,15.483,73.817,28.0,1007.7,88.92
1991-06-16T03:00:00,43192099999,GOA/PANJIM,15.483,73.817,29.4,1009.3,80.54
1991-06-16T06:00:00,43192099999,GOA/PANJIM,15.483,73.817,31.6,1009.4,74.88
1991-06-16T09:00:00,43192099999,GOA/PANJIM,15.483,73.817,32.4,1007.9,69.08
1991-06-16T12:00:00,43192099999,GOA/PANJIM,15.483,73.817,30.8,1007.4,74.31
1991-06-16T15:00:00,43192099999,GOA/PANJIM,15.483,73.817,29.4,1008.8,79.11
1991-06-16T18:00:00,43192099999,GOA/PANJIM,15.483,73.817,28.8,1009.1,83.38
1991-06-16T21:00:00,43192099999,GOA/PANJIM,15.483,73.817,28.4,1008.2,84.83
1991-06-17T00:00:00,43192099999,GOA/PANJIM,15.483,73.817,28.2,1008.4,86.34
1991-06-17T03:00:00,43192099999,GOA/PANJIM,15.483,73.817,29.4,1009.7,83.45
1991-06-17T06:00:00,43192099999,GOA/PANJIM,15.483,73.817,31.4,1009.9,74.85
1991-06-17T09:00:00,43192099999,GOA/PANJIM,15.483,73.817,31.4,1008.4,74.85
1991-06-17T15:00:00,43192099999,GOA/PANJIM,15.483,73.817,28.4,1009.0,87.9
1991-06-17T18:00:00,43192099999,GOA/PANJIM,15.483,73.817,28.4,1009.5,84.83
1991-06-17T21:00:00,43192099999,GOA/PANJIM,15.483,73.817,28.4,1007.8,87.9
1991-06-18T00:00:00,43192099999,GOA/PANJIM,15.483,73.817,28.0,1007.4,84.79
1991-06-18T03:00:00,43192099999,GOA/PANJIM,15.483,73.817,30.2,1008.3,78.29
1991-06-18T06:00:00,43192099999,GOA/PANJIM,15.483,73.817,31.6,1008.6,71.0
1991-06-18T09:00:00,43192099999,GOA/PANJIM,15.483,73.817,32.4,1007.4,66.66
1991-06-18T12:00:00,43192099999,GOA/PANJIM,15.483,73.817,29.0,1006.5,80.48
1991-06-18T15:00:00,43192099999,GOA/PANJIM,15.483,73.817,26.4,1008.0,92.03
1991-06-18T18:00:00,43192099999,GOA/PANJIM,15.483,73.817,28.2,1008.1,86.34
1991-06-18T21:00:00,43192099999,GOA/PANJIM,15.483,73.817,28.4,1005.8,81.86
1991-06-19T00:00:00,43192099999,GOA/PANJIM,15.483,73.817,28.4,1005.3,78.98
1991-06-19T03:00:00,43192099999,GOA/PANJIM,15.483,73.817,29.4,1007.0,76.34
1991-06-19T06:00:00,43192099999,GOA/PANJIM,15.483,73.817,32.0,1007.5,70.66
1991-06-19T09:00:00,43192099999,GOA/PANJIM,15.483,73.817,30.8,1006.4,
1991-06-19T12:00:00,43192099999,GOA/PANJIM,15.483,73.817,25.0,1006.1,93.07
1991-06-19T15:00:00,43192099999,GOA/PANJIM,15.483,73.817,28.0,1006.7,84.79
1991-06-19T18:00:00,43192099999,GOA/PANJIM,15.483,73.817,28.4,1007.5,81.86
1991-06-19T21:00:00,43192099999,GOA/PANJIM,15.483,73.817,27.6,1005.6,87.31
1991-06-20T00:00:00,43192099999,GOA/PANJIM,15.483,73.817,27.6,1005.9,84.25
1991-06-20T03:00:00,43192099999,GOA/PANJIM,15.483,73.817,28.6,1007.2,84.85
1991-06-20T06:00:00,43192099999,GOA/PANJIM,15.483,73.817,30.8,1007.3,79.77
1991-06-20T09:00:00,43192099999,GOA/PANJIM,15.483,73.817,31.0,1005.9,76.13
1991-06-20T12:00:00,43192099999,GOA/PANJIM,15.483,73.817,29.8,1006.0,78.23
1991-06-20T18:00:00,43192099999,GOA/PANJIM,15.483,73.817,28.8,1007.6,83.38
1991-06-21T00:00:00,43192099999,GOA/PANJIM,15.483,73.817,28.0,1006.5,87.35
1991-06-21T03:00:00,43192099999,GOA/PANJIM,15.483,73.817,28.4,1008.7,87.9
1991-06-21T06:00:00,43192099999,GOA/PANJIM,15.483,73.817,29.4,1008.6,77.71
1991-06-21T09:00:00,43192099999,GOA/PANJIM,15.483,73.817,29.0,1008.0,77.66
1991-06-21T12:00:00,43192099999,GOA/PANJIM,15.483,73.817,26.4,1007.5,84.12
1991-06-21T15:00:00,43192099999,GOA/PANJIM,15.483,73.817,26.8,1009.4,90.43
1991-06-21T18:00:00,43192099999,GOA/PANJIM,15.483,73.817,26.0,1009.5,90.37
1991-06-21T21:00:00,43192099999,GOA/PANJIM,15.483,73.817,26.0,1007.8,92.01
1991-06-22T00:00:00,43192099999,GOA/PANJIM,15.483,73.817,25.4,1008.0,93.09
1991-06-22T03:00:00,43192099999,GOA/PANJIM,15.483,73.817,27.4,1009.7,85.75
1991-06-22T06:00:00,43192099999,GOA/PANJIM,15.483,73.817,,1009.5,
1991-06-22T09:00:00,43192099999,GOA/PANJIM,15.483,73.817,31.2,1007.4,73.5
1991-06-22T12:00:00,43192099999,GOA/PANJIM,15.483,73.817,30.0,1006.0,76.88
1991-06-22T15:00:00,43192099999,GOA/PANJIM,15.483,73.817,28.4,1008.1,84.83
1991-06-22T18:00:00,43192099999,GOA/PANJIM,15.483,73.817,28.0,1008.7,87.35
1991-06-22T21:00:00,43192099999,GOA/PANJIM,15.483,73.817,27.6,1006.9,90.48
1991-06-23T00:00:00,43192099999,GOA/PANJIM,15.483,73.817,27.2,1007.1,93.73
1991-06-23T03:00:00,43192099999,GOA/PANJIM,15.483,73.817,28.2,1007.7,88.93
1991-06-23T06:00:00,43192099999,GOA/PANJIM,15.483,73.817,28.4,1008.1,87.9
1991-06-23T09:00:00,43192099999,GOA/PANJIM,15.483,73.817,29.4,1006.5,77.71
1991-06-23T12:00:00,43192099999,GOA/PANJIM,15.483,73.817,29.2,1008.7,84.92
1991-06-23T15:00:00,43192099999,GOA/PANJIM,15.483,73.817,24.6,1007.4,93.05
1991-06-23T18:00:00,43192099999,GOA/PANJIM,15.483,73.817,25.8,1007.7,94.79
1991-06-23T21:00:00,43192099999,GOA/PANJIM,15.483,73.817,25.2,1006.4,94.77
1991-06-24T00:00:00,43192099999,GOA/PANJIM,15.483,73.817,24.8,1005.6,94.75
1991-06-24T03:00:00,43192099999,GOA/PANJIM,15.483,73.817,27.0,1007.4,85.71
1991-06-24T06:00:00,43192099999,GOA/PANJIM,15.483,73.817,29.8,1007.3,81.06
1991-06-24T09:00:00,43192099999,GOA/PANJIM,15.483,73.817,30.4,1005.7,70.37
1991-06-24T15:00:00,43192099999,GOA/PANJIM,15.483,73.817,26.6,1006.8,92.04
1991-06-24T18:00:00,43192099999,GOA/PANJIM,15.483,73.817,26.4,1007.3,92.03
1991-06-24T21:00:00,43192099999,GOA/PANJIM,15.483,73.817,25.0,1005.7,94.76
1991-06-25T00:00:00,43192099999,GOA/PANJIM,15.483,73.817,25.0,1005.6,96.48
1991-06-25T03:00:00,43192099999,GOA/PANJIM,15.483,73.817,26.0,1007.2,94.8
1991-06-25T06:00:00,43192099999,GOA/PANJIM,15.483,73.817,26.6,1007.2,88.81
1991-06-25T09:00:00,43192099999,GOA/PANJIM,15.483,73.817,27.8,1006.1,90.49
1991-06-25T12:00:00,43192099999,GOA/PANJIM,15.483,73.817,27.6,1005.0,87.31
1991-06-25T15:00:00,43192099999,GOA/PANJIM,15.483,73.817,25.4,1006.9,93.09
1991-06-25T18:00:00,43192099999,GOA/PANJIM,15.483,73.817,25.4,1007.5,96.49
1991-06-26T03:00:00,43192099999,GOA/PANJIM,15.483,73.817,25.0,1007.4,96.48
1991-06-26T06:00:00,43192099999,GOA/PANJIM,15.483,73.817,26.2,1007.3,94.8
1991-06-26T12:00:00,43192099999,GOA/PANJIM,15.483,73.817,26.6,1003.7,94.82
1991-06-26T15:00:00,43192099999,GOA/PANJIM,15.483,73.817,26.0,1005.7,94.8
1991-06-26T18:00:00,43192099999,GOA/PANJIM,15.483,73.817,25.2,1005.8,94.77
1991-06-26T21:00:00,43192099999,GOA/PANJIM,15.483,73.817,25.0,1004.3,94.76
1991-06-27T00:00:00,43192099999,GOA/PANJIM,15.483,73.817,25.0,1003.8,96.48
1991-06-27T03:00:00,43192099999,GOA/PANJIM,15.483,73.817,26.2,1005.3,88.77
1991-06-27T06:00:00,43192099999,GOA/PANJIM,15.483,73.817,28.4,1004.8,81.86
1991-06-27T09:00:00,43192099999,GOA/PANJIM,15.483,73.817,26.6,1003.4,85.67
1991-06-27T12:00:00,43192099999,GOA/PANJIM,15.483,73.817,24.2,1002.9,94.73
1991-06-27T15:00:00,43192099999,GOA/PANJIM,15.483,73.817,24.8,1004.4,93.06
1991-06-27T18:00:00,43192099999,GOA/PANJIM,15.483,73.817,25.0,1005.0,96.48
1991-06-27T21:00:00,43192099999,GOA/PANJIM,15.483,73.817,24.8,1003.5,93.06
1991-06-28T00:00:00,43192099999,GOA/PANJIM,15.483,73.817,24.6,1003.6,98.22
1991-06-28T03:00:00,43192099999,GOA/PANJIM,15.483,73.817,24.8,1005.4,93.06
1991-06-28T06:00:00,43192099999,GOA/PANJIM,15.483,73.817,28.0,1005.0,84.79
1991-06-28T09:00:00,43192099999,GOA/PANJIM,15.483,73.817,27.6,1003.4,84.25
1991-06-28T12:00:00,43192099999,GOA/PANJIM,15.483,73.817,27.4,1002.8,82.72
1991-06-28T15:00:00,43192099999,GOA/PANJIM,15.483,73.817,26.0,1004.6,93.67
1991-06-28T18:00:00,43192099999,GOA/PANJIM,15.483,73.817,25.2,1005.4,96.48
1991-06-29T00:00:00,43192099999,GOA/PANJIM,15.483,73.817,24.0,1004.2,96.45
1991-06-29T06:00:00,43192099999,GOA/PANJIM,15.483,73.817,29.0,1006.0,78.12
1991-06-29T09:00:00,43192099999,GOA/PANJIM,15.483,73.817,29.6,1004.9,79.61
1991-06-29T12:00:00,43192099999,GOA/PANJIM,15.483,73.817,29.0,1004.3,77.66
1991-06-29T15:00:00,43192099999,GOA/PANJIM,15.483,73.817,27.8,1006.4,85.79
1991-06-29T18:00:00,43192099999,GOA/PANJIM,15.483,73.817,26.2,1007.6,88.77
1991-06-29T21:00:00,43192099999,GOA/PANJIM,15.483,73.817,26.0,1006.0,90.37
1991-06-30T00:00:00,43192099999,GOA/PANJIM,15.483,73.817,25.4,1005.8,93.09
1991-06-30T03:00:00,43192099999,GOA/PANJIM,15.483,73.817,27.2,1007.3,85.73
1991-06-30T06:00:00,43192099999,GOA/PANJIM,15.483,73.817,29.0,1007.2,80.48
1991-06-30T09:00:00,43192099999,GOA/PANJIM,15.483,73.817,27.6,1006.6,85.77
1991-06-30T12:00:00,43192099999,GOA/PANJIM,15.483,73.817,26.4,1005.8,90.4
1991-06-30T15:00:00,43192099999,GOA/PANJIM,15.483,73.817,24.4,1008.0,94.74
1991-06-30T18:00:00,43192099999,GOA/PANJIM,15.483,73.817,24.2,1008.1,94.73
1991-06-30T21:00:00,43192099999,GOA/PANJIM,15.483,73.817,24.0,1007.1,94.72
1991-07-01T00:00:00,43192099999,GOA/PANJIM,15.483,73.817,24.4,1007.5,96.46
1991-07-01T03:00:00,43192099999,GOA/PANJIM,15.483,73.817,25.8,1009.0,92.0
1991-07-01T06:00:00,43192099999,GOA/PANJIM,15.483,73.817,24.6,1009.6,96.47
1991-07-01T09:00:00,43192099999,GOA/PANJIM,15.483,73.817,25.8,1008.1,88.74
1991-07-01T12:00:00,43192099999,GOA/PANJIM,15.483,73.817,26.4,1007.1,85.65
1991-07-01T15:00:00,43192099999,GOA/PANJIM,15.483,73.817,26.4,1008.0,84.12
1991-07-01T18:00:00,43192099999,GOA/PANJIM,15.483,73.817,25.6,1008.3,93.1
1991-07-01T21:00:00,43192099999,GOA/PANJIM,15.483,73.817,25.0,1007.6,94.76
1991-07-02T00:00:00,43192099999,GOA/PANJIM,15.483,73.817,24.6,1006.9,94.74
1991-07-02T03:00:00,43192099999,GOA/PANJIM,15.483,73.817,27.4,1008.1,81.25
1991-07-02T06:00:00,43192099999,GOA/PANJIM,15.483,73.817,30.0,1008.1,79.67
1991-07-02T09:00:00,43192099999,GOA/PANJIM,15.483,73.817,28.6,1007.2,81.88
1991-07-02T12:00:00,43192099999,GOA/PANJIM,15.483,73.817,28.8,1006.3,83.38
1991-07-02T15:00:00,43192099999,GOA/PANJIM,15.483,73.817,26.0,1008.4,88.76
1991-07-02T18:00:00,43192099999,GOA/PANJIM,15.483,73.817,25.4,1008.7,91.42
1991-07-02T21:00:00,43192099999,GOA/PANJIM,15.483,73.817,24.6,1006.9,98.22
1991-07-03T00:00:00,43192099999,GOA/PANJIM,15.483,73.817,24.8,1007.1,96.47
1991-07-03T03:00:00,43192099999,GOA/PANJIM,15.483,73.817,25.4,1008.7,96.49
1991-07-03T06:00:00,43192099999,GOA/PANJIM,15.483,73.817,26.0,1009.0,94.8
1991-07-03T09:00:00,43192099999,GOA/PANJIM,15.483,73.817,,1008.0,
1991-07-03T12:00:00,43192099999,GOA/PANJIM,15.483,73.817,25.6,1007.0,94.78
1991-07-03T15:00:00,43192099999,GOA/PANJIM,15.483,73.817,24.4,1008.6,94.74
1991-07-03T18:00:00,43192099999,GOA/PANJIM,15.483,73.817,24.2,1009.1,93.03
1991-07-04T00:00:00,43192099999,GOA/PANJIM,15.483,73.817,24.4,1008.1,96.46
1991-07-04T03:00:00,43192099999,GOA/PANJIM,15.483,73.817,25.0,1009.1,94.76
1991-07-04T09:00:00,43192099999,GOA/PANJIM,15.483,73.817,27.6,1008.4,90.48
1991-07-04T12:00:00,43192099999,GOA/PANJIM,15.483,73.817,24.4,1008.4,91.36
1991-07-04T15:00:00,43192099999,GOA/PANJIM,15.483,73.817,24.2,1010.1,94.73
1991-07-04T18:00:00,43192099999,GOA/PANJIM,15.483,73.817,24.2,1010.2,94.73
1991-07-05T00:00:00,43192099999,GOA/PANJIM,15.483,73.817,23.6,1008.7,94.7
1991-07-05T03:00:00,43192099999,GOA/PANJIM,15.483,73.817,23.6,1010.1,94.7
1991-07-05T06:00:00,43192099999,GOA/PANJIM,15.483,73.817,24.6,1010.5,96.47
1991-07-05T09:00:00,43192099999,GOA/PANJIM,15.483,73.817,24.8,1009.5,96.47
1991-07-05T12:00:00,43192099999,GOA/PANJIM,15.483,73.817,25.0,1008.3,94.76
1991-07-05T15:00:00,43192099999,GOA/PANJIM,15.483,73.817,24.8,1009.5,96.47
1991-07-05T18:00:00,43192099999,GOA/PANJIM,15.483,73.817,24.4,1009.0,96.46
1991-07-05T21:00:00,43192099999,GOA/PANJIM,15.483,73.817,25.0,1007.3,96.48
1991-07-06T00:00:00,43192099999,GOA/PANJIM,15.483,73.817,26.4,1006.8,96.51
1991-07-06T03:00:00,43192099999,GOA/PANJIM,15.483,73.817,26.8,1008.3,95.39
1991-07-06T06:00:00,43192099999,GOA/PANJIM,15.483,73.817,26.0,1009.0,88.76
1991-07-06T09:00:00,43192099999,GOA/PANJIM,15.483,73.817,25.4,1007.9,91.42
1991-07-06T12:00:00,43192099999,GOA/PANJIM,15.483,73.817,26.6,1006.9,92.04
1991-07-06T15:00:00,43192099999,GOA/PANJIM,15.483,73.817,26.4,1008.7,92.03
1991-07-06T18:00:00,43192099999,GOA/PANJIM,15.483,73.817,26.0,1008.5,93.67
1991-07-06T21:00:00,43192099999,GOA/PANJIM,15.483,73.817,26.4,1006.3,96.51
1991-07-07T00:00:00,43192099999,GOA/PANJIM,15.483,73.817,27.0,1006.0,81.69
1991-07-07T03:00:00,43192099999,GOA/PANJIM,15.483,73.817,25.0,1007.2,89.76
1991-07-07T06:00:00,43192099999,GOA/PANJIM,15.483,73.817,25.4,1007.9,93.09
1991-07-07T09:00:00,43192099999,GOA/PANJIM,15.483,73.817,26.8,1005.7,90.43
1991-07-07T12:00:00,43192099999,GOA/PANJIM,15.483,73.817,28.0,1004.6,87.35
1991-07-07T18:00:00,43192099999,GOA/PANJIM,15.483,73.817,25.0,1006.4,91.4
1991-07-07T21:00:00,43192099999,GOA/PANJIM,15.483,73.817,23.6,1005.7,94.7
1991-07-08T00:00:00,43192099999,GOA/PANJIM,15.483,73.817,23.8,1003.4,96.45
1991-07-08T03:00:00,43192099999,GOA/PANJIM,15.483,73.817,23.6,1005.7,94.7
1991-07-08T06:00:00,43192099999,GOA/PANJIM,15.483,73.817,27.4,1005.0,96.54
1991-07-08T09:00:00,43192099999,GOA/PANJIM,15.483,73.817,26.4,1003.6,85.65
1991-07-08T15:00:00,43192099999,GOA/PANJIM,15.483,73.817,26.4,1003.6,88.79
1991-07-08T18:00:00,43192099999,GOA/PANJIM,15.483,73.817,24.2,1004.0,96.46
1991-07-09T00:00:00,43192099999,GOA/PANJIM,15.483,73.817,24.0,1002.5,93.02
1991-07-09T03:00:00,43192099999,GOA/PANJIM,15.483,73.817,24.2,1004.8,96.46
1991-07-09T06:00:00,43192099999,GOA/PANJIM,15.483,73.817,25.0,1005.5,93.07
1991-07-09T09:00:00,43192099999,GOA/PANJIM,15.483,73.817,24.4,1004.1,96.46
1991-07-09T12:00:00,43192099999,GOA/PANJIM,15.483,73.817,24.0,1003.9,96.45
1991-07-09T15:00:00,43192099999,GOA/PANJIM,15.483,73.817,24.0,1005.9,96.45
1991-07-09T18:00:00,43192099999,GOA/PANJIM,15.483,73.817,22.8,1005.8,94.67
1991-07-09T21:00:00,43192099999,GOA/PANJIM,15.483,73.817,23.0,1004.4,96.43
1991-07-10T00:00:00,43192099999,GOA/PANJIM,15.483,73.817,,1004.3,
1991-07-10T03:00:00,43192099999,GOA/PANJIM,15.483,73.817,24.2,1005.4,96.46
1991-07-10T06:00:00,43192099999,GOA/PANJIM,15.483,73.817,25.4,1006.0,96.49
1991-07-10T09:00:00,43192099999,GOA/PANJIM,15.483,73.817,25.0,1004.2,96.48
1991-07-10T15:00:00,43192099999,GOA/PANJIM,15.483,73.817,25.0,1004.9,96.48
1991-07-10T18:00:00,43192099999,GOA/PANJIM,15.483,73.817,24.8,1005.6,96.47
1991-07-10T21:00:00,43192099999,GOA/PANJIM,15.483,73.817,24.4,1004.2,96.46
1991-07-11T00:00:00,43192099999,GOA/PANJIM,15.483,73.817,24.6,1004.3,98.22
1991-07-11T03:00:00,43192099999,GOA/PANJIM,15.483,73.817,25.8,1005.6,96.5
1991-07-11T06:00:00,43192099999,GOA/PANJIM,15.483,73.817,26.6,1005.7,88.81
1991-07-11T09:00:00,43192099999,GOA/PANJIM,15.483,73.817,28.2,1004.7,84.81
1991-07-11T12:00:00,43192099999,GOA/PANJIM,15.483,73.817,25.4,1003.9,96.49
1991-07-11T15:00:00,43192099999,GOA/PANJIM,15.483,73.817,25.2,1005.4,93.08
1991-07-11T18:00:00,43192099999,GOA/PANJIM,15.483,73.817,25.6,1006.1,94.78
1991-07-11T21:00:00,43192099999,GOA/PANJIM,15.483,73.817,25.4,1004.1,94.77
1991-07-12T00:00:00,43192099999,GOA/PANJIM,15.483,73.817,25.4,1003.1,96.49
1991-07-12T03:00:00,43192099999,GOA/PANJIM,15.483,73.817,24.2,1004.9,96.46
1991-07-12T06:00:00,43192099999,GOA/PANJIM,15.483,73.817,24.0,1006.3,94.72
1991-07-12T09:00:00,43192099999,GOA/PANJIM,15.483,73.817,25.2,1005.4,91.41
1991-07-12T21:00:00,43192099999,GOA/PANJIM,15.483,73.817,25.4,1003.9,96.49
1991-07-13T00:00:00,43192099999,GOA/PANJIM,15.483,73.817,26.0,1003.2,92.01
1991-07-13T03:00:00,43192099999,GOA/PANJIM,15.483,73.817,26.6,1003.7,94.82
1991-07-13T06:00:00,43192099999,GOA/PANJIM,15.483,73.817,28.2,1005.5,87.37
1991-07-13T09:00:00,43192099999,GOA/PANJIM,15.483,73.817,28.8,1003.9,83.38
1991-07-13T12:00:00,43192099999,GOA/PANJIM,15.483,73.817,28.6,1003.6,84.85
1991-07-13T15:00:00,43192099999,GOA/PANJIM,15.483,73.817,27.4,1005.0,87.3
1991-07-13T18:00:00,43192099999,GOA/PANJIM,15.483,73.817,27.0,1005.5,90.44
1991-07-13T21:00:00,43192099999,GOA/PANJIM,15.483,73.817,27.0,1003.8,90.44
1991-07-14T00:00:00,43192099999,GOA/PANJIM,15.483,73.817,26.6,1003.1,92.04
1991-07-14T03:00:00,43192099999,GOA/PANJIM,15.483,73.817,28.0,1005.0,87.35
1991-07-14T06:00:00,43192099999,GOA/PANJIM,15.483,73.817,29.0,1005.1,83.4
1991-07-14T09:00:00,43192099999,GOA/PANJIM,15.483,73.817,26.6,1003.1,92.04
1991-07-14T12:00:00,43192099999,GOA/PANJIM,15.483,73.817,27.8,1003.2,87.33
1991-07-14T15:00:00,43192099999,GOA/PANJIM,15.483,73.817,26.4,1004.7,94.81
1991-07-14T18:00:00,43192099999,GOA/PANJIM,15.483,73.817,26.2,1005.0,94.8
1991-07-14T21:00:00,43192099999,GOA/PANJIM,15.483,73.817,27.2,1004.3,85.73
1991-07-15T00:00:00,43192099999,GOA/PANJIM,15.483,73.817,26.6,1004.1,90.41
1991-07-15T03:00:00,43192099999,GOA/PANJIM,15.483,73.817,26.2,1005.0,90.38
1991-07-15T06:00:00,43192099999,GOA/PANJIM,15.483,73.817,27.4,1005.5,84.22
1991-07-15T09:00:00,43192099999,GOA/PANJIM,15.483,73.817,25.6,1004.0,93.1
1991-07-15T12:00:00,43192099999,GOA/PANJIM,15.483,73.817,25.6,1003.6,100.0
1991-07-15T15:00:00,43192099999,GOA/PANJIM,15.483,73.817,26.2,1004.8,93.68
1991-07-15T18:00:00,43192099999,GOA/PANJIM,15.483,73.817,24.0,1005.8,94.72
1991-07-15T21:00:00,43192099999,GOA/PANJIM,15.483,73.817,25.8,1004.2,96.5
1991-07-16T00:00:00,43192099999,GOA/PANJIM,15.483,73.817,25.6,1004.1,94.78
1991-07-16T03:00:00,43192099999,GOA/PANJIM,15.483,73.817,25.0,1006.0,94.76
1991-07-16T06:00:00,43192099999,GOA/PANJIM,15.483,73.817,24.8,1007.5,98.22
1991-07-16T09:00:00,43192099999,GOA/PANJIM,15.483,73.817,25.4,1006.1,96.49
1991-07-16T12:00:00,43192099999,GOA/PANJIM,15.483,73.817,24.4,1005.0,96.46
1991-07-16T18:00:00,43192099999,GOA/PANJIM,15.483,73.817,25.6,1006.6,96.49
1991-07-16T21:00:00,43192099999,GOA/PANJIM,15.483,73.817,25.6,1005.1,96.49
1991-07-17T00:00:00,43192099999,GOA/PANJIM,15.483,73.817,25.2,1005.1,93.08
1991-07-17T03:00:00,43192099999,GOA/PANJIM,15.483,73.817,26.0,1006.2,87.17
1991-07-17T06:00:00,43192099999,GOA/PANJIM,15.483,73.817,27.0,1007.0,90.44
1991-07-17T09:00:00,43192099999,GOA/PANJIM,15.483,73.817,26.4,1005.3,92.03
1991-07-17T12:00:00,43192099999,GOA/PANJIM,15.483,73.817,27.2,1004.4,88.85
1991-07-17T15:00:00,43192099999,GOA/PANJIM,15.483,73.817,25.2,1004.8,94.77
1991-07-17T18:00:00,43192099999,GOA/PANJIM,15.483,73.817,25.2,1006.4,93.08
1991-07-17T21:00:00,43192099999,GOA/PANJIM,15.483,73.817,24.6,1005.1,93.05
1991-07-18T00:00:00,43192099999,GOA/PANJIM,15.483,73.817,25.0,1005.1,96.48
1991-07-18T03:00:00,43192099999,GOA/PANJIM,15.483,73.817,26.0,1007.1,94.8
1991-07-18T06:00:00,43192099999,GOA/PANJIM,15.483,73.817,28.2,1008.1,86.34
1991-07-18T09:00:00,43192099999,GOA/PANJIM,15.483,73.817,28.6,1006.8,86.37
1991-07-18T12:00:00,43192099999,GOA/PANJIM,15.483,73.817,28.4,1006.3,83.33
1991-07-18T15:00:00,43192099999,GOA/PANJIM,15.483,73.817,27.0,1007.7,87.26
1991-07-18T18:00:00,43192099999,GOA/PANJIM,15.483,73.817,26.6,1008.4,90.41
1991-07-19T00:00:00,43192099999,GOA/PANJIM,15.483,73.817,26.4,1007.0,88.79
1991-07-19T06:00:00,43192099999,GOA/PANJIM,15.483,73.817,28.8,1008.9,83.38
1991-07-19T09:00:00,43192099999,GOA/PANJIM,15.483,73.817,28.2,1007.7,87.37
1991-07-19T15:00:00,43192099999,GOA/PANJIM,15.483,73.817,26.4,1007.6,94.81
1991-07-19T18:00:00,43192099999,GOA/PANJIM,15.483,73.817,26.6,1008.4,92.04
1991-07-19T21:00:00,43192099999,GOA/PANJIM,15.483,73.817,25.4,,94.77
1991-07-20T00:00:00,43192099999,GOA/PANJIM,15.483,73.817,24.6,1006.3,96.47
1991-07-20T03:00:00,43192099999,GOA/PANJIM,15.483,73.817,25.8,1008.2,96.5
1991-07-20T06:00:00,43192099999,GOA/PANJIM,15.483,73.817,26.8,1008.4,88.82
1991-07-20T09:00:00,43192099999,GOA/PANJIM,15.483,73.817,27.6,1006.8,92.1
1991-07-20T12:00:00,43192099999,GOA/PANJIM,15.483,73.817,27.8,1005.6,85.79
1991-07-20T15:00:00,43192099999,GOA/PANJIM,15.483,73.817,27.2,1007.0,84.2
1991-07-20T18:00:00,43192099999,GOA/PANJIM,15.483,73.817,26.2,1007.3,91.47
1991-07-21T00:00:00,43192099999,GOA/PANJIM,15.483,73.817,25.4,1005.1,96.49
1991-07-21T01:00:00,43192099999,GOA/PANJIM,15.483,73.817,27.2,1007.1,95.4
1991-07-21T03:00:00,43192099999,GOA/PANJIM,15.483,73.817,26.4,1007.6,92.03
1991-07-21T06:00:00,43192099999,GOA/PANJIM,15.483,73.817,27.2,1007.1,95.4
1991-07-21T09:00:00,43192099999,GOA/PANJIM,15.483,73.817,28.6,1005.6,84.85
1991-07-21T12:00:00,43192099999,GOA/PANJIM,15.483,73.817,28.4,1005.4,84.83
1991-07-21T15:00:00,43192099999,GOA/PANJIM,15.483,73.817,26.8,1007.2,87.24
1991-07-21T18:00:00,43192099999,GOA/PANJIM,15.483,73.817,24.6,1008.3,94.74
1991-07-21T21:00:00,43192099999,GOA/PANJIM,15.483,73.817,25.4,1006.1,90.33
1991-07-22T00:00:00,43192099999,GOA/PANJIM,15.483,73.817,25.0,1005.7,91.4
1991-07-22T03:00:00,43192099999,GOA/PANJIM,15.483,73.817,26.4,1007.7,88.79
1991-07-22T06:00:00,43192099999,GOA/PANJIM,15.483,73.817,28.6,1008.3,87.92
1991-07-22T09:00:00,43192099999,GOA/PANJIM,15.483,73.817,26.8,1007.1,88.82
1991-07-22T12:00:00,43192099999,GOA/PANJIM,15.483,73.817,26.8,1006.4,90.43
1991-07-22T15:00:00,43192099999,GOA/PANJIM,15.483,73.817,25.6,1008.1,94.78
1991-07-22T18:00:00,43192099999,GOA/PANJIM,15.483,73.817,25.0,1008.8,96.48
1991-07-22T21:00:00,43192099999,GOA/PANJIM,15.483,73.817,26.4,1006.4,90.4
1991-07-23T00:00:00,43192099999,GOA/PANJIM,15.483,73.817,25.8,1006.4,93.11
1991-07-23T03:00:00,43192099999,GOA/PANJIM,15.483,73.817,26.8,1008.8,88.82
1991-07-23T06:00:00,43192099999,GOA/PANJIM,15.483,73.817,26.0,1009.1,87.17
1991-07-23T09:00:00,43192099999,GOA/PANJIM,15.483,73.817,28.8,1007.1,83.38
1991-07-23T12:00:00,43192099999,GOA/PANJIM,15.483,73.817,26.8,1006.5,81.17
1991-07-23T15:00:00,43192099999,GOA/PANJIM,15.483,73.817,26.8,1007.6,88.82
1991-07-23T18:00:00,43192099999,GOA/PANJIM,15.483,73.817,27.0,1008.0,87.26
1991-07-23T21:00:00,43192099999,GOA/PANJIM,15.483,73.817,26.6,1006.8,90.41
1991-07-24T00:00:00,43192099999,GOA/PANJIM,15.483,73.817,26.8,1006.9,87.24
1991-07-24T03:00:00,43192099999,GOA/PANJIM,15.483,73.817,27.6,1008.2,85.77
1991-07-24T06:00:00,43192099999,GOA/PANJIM,15.483,73.817,29.0,1008.1,80.48
1991-07-24T09:00:00,43192099999,GOA/PANJIM,15.483,73.817,28.6,1007.4,83.36
1991-07-24T12:00:00,43192099999,GOA/PANJIM,15.483,73.817,28.0,1006.0,81.81
1991-07-24T14:00:00,43192099999,GOA/PANJIM,15.483,73.817,27.0,1006.5,87.26
1991-07-24T15:00:00,43192099999,GOA/PANJIM,15.483,73.817,27.4,1007.9,87.3
1991-07-24T21:00:00,43192099999,GOA/PANJIM,15.483,73.817,27.0,1006.5,87.26
1991-07-25T00:00:00,43192099999,GOA/PANJIM,15.483,73.817,27.0,1006.3,84.18
1991-07-25T03:00:00,43192099999,GOA/PANJIM,15.483,73.817,27.6,1008.1,81.27
1991-07-25T06:00:00,43192099999,GOA/PANJIM,15.483,73.817,29.4,,77.71
1991-07-25T09:00:00,43192099999,GOA/PANJIM,15.483,73.817,28.6,1006.4,83.36
1991-07-25T12:00:00,43192099999,GOA/PANJIM,15.483,73.817,28.4,1005.6,78.98
1991-07-25T15:00:00,43192099999,GOA/PANJIM,15.483,73.817,27.2,1007.1,87.28
1991-07-25T18:00:00,43192099999,GOA/PANJIM,15.483,73.817,27.2,1007.7,87.28
1991-07-25T21:00:00,43192099999,GOA/PANJIM,15.483,73.817,25.6,1005.1,93.1
1991-07-26T00:00:00,43192099999,GOA/PANJIM,15.483,73.817,25.2,1005.3,93.08
1991-07-26T03:00:00,43192099999,GOA/PANJIM,15.483,73.817,26.4,1005.8,90.4
1991-07-26T06:00:00,43192099999,GOA/PANJIM,15.483,73.817,27.2,1006.7,88.85
1991-07-26T09:00:00,43192099999,GOA/PANJIM,15.483,73.817,24.6,1006.4,96.47
1991-07-26T12:00:00,43192099999,GOA/PANJIM,15.483,73.817,26.8,1005.0,90.43
1991-07-26T15:00:00,43192099999,GOA/PANJIM,15.483,73.817,27.0,1006.3,92.07
1991-07-26T18:00:00,43192099999,GOA/PANJIM,15.483,73.817,27.0,1007.2,90.44
1991-07-26T21:00:00,43192099999,GOA/PANJIM,15.483,73.817,27.0,1005.1,87.26
1991-07-27T00:00:00,43192099999,GOA/PANJIM,15.483,73.817,26.0,1005.1,94.8
1991-07-27T03:00:00,43192099999,GOA/PANJIM,15.483,73.817,27.0,1006.1,85.71
1991-07-27T06:00:00,43192099999,GOA/PANJIM,15.483,73.817,27.6,1006.4,85.77
1991-07-27T09:00:00,43192099999,GOA/PANJIM,15.483,73.817,27.4,1005.6,88.87
1991-07-27T12:00:00,43192099999,GOA/PANJIM,15.483,73.817,27.6,1004.6,85.77
1991-07-27T15:00:00,43192099999,GOA/PANJIM,15.483,73.817,27.2,1006.2,85.73
1991-07-28T00:00:00,43192099999,GOA/PANJIM,15.483,73.817,26.2,1003.2,92.02
1991-07-28T03:00:00,43192099999,GOA/PANJIM,15.483,73.817,26.0,1005.2,94.8
1991-07-28T06:00:00,43192099999,GOA/PANJIM,15.483,73.817,28.6,1005.3,84.85
1991-07-28T09:00:00,43192099999,GOA/PANJIM,15.483,73.817,26.4,1004.1,84.12
1991-07-28T12:00:00,43192099999,GOA/PANJIM,15.483,73.817,27.6,1003.5,84.25
1991-07-28T15:00:00,43192099999,GOA/PANJIM,15.483,73.817,27.2,1004.0,84.2
1991-07-28T18:00:00,43192099999,GOA/PANJIM,15.483,73.817,26.8,1004.7,90.43
1991-07-28T21:00:00,43192099999,GOA/PANJIM,15.483,73.817,26.4,1002.9,90.4
1991-07-29T00:00:00,43192099999,GOA/PANJIM,15.483,73.817,26.8,1002.7,87.24
1991-07-29T03:00:00,43192099999,GOA/PANJIM,15.483,73.817,26.8,1004.5,90.43
1991-07-29T06:00:00,43192099999,GOA/PANJIM,15.483,73.817,27.4,1005.2,88.87
1991-07-29T09:00:00,43192099999,GOA/PANJIM,15.483,73.817,27.0,1004.0,93.72
1991-07-29T12:00:00,43192099999,GOA/PANJIM,15.483,73.817,26.6,1003.5,92.04
1991-07-29T15:00:00,43192099999,GOA/PANJIM,15.483,73.817,26.6,1004.9,90.41
1991-07-29T18:00:00,43192099999,GOA/PANJIM,15.483,73.817,26.6,1005.1,90.41
1991-07-29T21:00:00,43192099999,GOA/PANJIM,15.483,73.817,25.0,1004.1,98.23
1991-07-30T00:00:00,43192099999,GOA/PANJIM,15.483,73.817,26.2,1003.7,92.02
1991-07-30T03:00:00,43192099999,GOA/PANJIM,15.483,73.817,26.4,1005.1,92.03
1991-07-30T06:00:00,43192099999,GOA/PANJIM,15.483,73.817,28.6,1005.5,83.36
1991-07-30T09:00:00,43192099999,GOA/PANJIM,15.483,73.817,28.0,1004.0,84.79
1991-07-30T12:00:00,43192099999,GOA/PANJIM,15.483,73.817,26.4,1003.5,88.79
1991-07-30T15:00:00,43192099999,GOA/PANJIM,15.483,73.817,26.6,1004.6,92.04
1991-07-30T18:00:00,43192099999,GOA/PANJIM,15.483,73.817,25.2,1005.4,96.48
1991-07-30T21:00:00,43192099999,GOA/PANJIM,15.483,73.817,25.8,,93.11
1991-07-31T00:00:00,43192099999,GOA/PANJIM,15.483,73.817,25.4,1003.4,94.77
1991-07-31T03:00:00,43192099999,GOA/PANJIM,15.483,73.817,24.4,1005.5,96.46
1991-07-31T06:00:00,43192099999,GOA/PANJIM,15.483,73.817,27.2,1006.2,95.4
1991-07-31T12:00:00,43192099999,GOA/PANJIM,15.483,73.817,27.4,1004.1,87.3
1991-07-31T15:00:00,43192099999,GOA/PANJIM,15.483,73.817,25.6,1004.8,94.78
1991-07-31T18:00:00,43192099999,GOA/PANJIM,15.483,73.817,24.8,1006.2,96.47
1991-07-31T21:00:00,43192099999,GOA/PANJIM,15.483,73.817,24.8,1004.6,96.47
1991-08-01T00:00:00,43192099999,GOA/PANJIM,15.483,73.817,24.6,1005.0,98.22
1991-08-01T03:00:00,43192099999,GOA/PANJIM,15.483,73.817,26.2,1006.6,96.51
1991-08-01T06:00:00,43192099999,GOA/PANJIM,15.483,73.817,28.0,1006.8,84.79
1991-08-01T09:00:00,43192099999,GOA/PANJIM,15.483,73.817,29.2,1005.1,81.96
1991-08-01T12:00:00,43192099999,GOA/PANJIM,15.483,73.817,27.4,1005.2,88.87
1991-08-01T15:00:00,43192099999,GOA/PANJIM,15.483,73.817,25.6,1006.5,88.73
1991-08-01T18:00:00,43192099999,GOA/PANJIM,15.483,73.817,26.0,1008.0,93.67
1991-08-01T21:00:00,43192099999,GOA/PANJIM,15.483,73.817,24.6,1006.4,94.74
1991-08-02T00:00:00,43192099999,GOA/PANJIM,15.483,73.817,24.4,1005.7,96.46
1991-08-02T03:00:00,43192099999,GOA/PANJIM,15.483,73.817,24.8,1006.6,94.75
1991-08-02T12:00:00,43192099999,GOA/PANJIM,15.483,73.817,26.4,1006.2,90.4
1991-08-02T15:00:00,43192099999,GOA/PANJIM,15.483,73.817,25.4,1007.9,93.09
1991-08-02T18:00:00,43192099999,GOA/PANJIM,15.483,73.817,24.8,1008.8,96.47
1991-08-02T21:00:00,43192099999,GOA/PANJIM,15.483,73.817,24.6,1007.8,98.22
1991-08-03T00:00:00,43192099999,GOA/PANJIM,15.483,73.817,24.2,1006.9,96.46
1991-08-03T03:00:00,43192099999,GOA/PANJIM,15.483,73.817,25.6,1009.0,94.78
1991-08-03T06:00:00,43192099999,GOA/PANJIM,15.483,73.817,28.4,1008.9,84.83
1991-08-03T09:00:00,43192099999,GOA/PANJIM,15.483,73.817,29.4,1007.1,77.71
1991-08-03T12:00:00,43192099999,GOA/PANJIM,15.483,73.817,28.2,1006.4,81.83
1991-08-03T18:00:00,43192099999,GOA/PANJIM,15.483,73.817,25.2,1010.0,93.08
1991-08-03T21:00:00,43192099999,GOA/PANJIM,15.483,73.817,24.2,1008.1,93.03
1991-08-04T00:00:00,43192099999,GOA/PANJIM,15.483,73.817,24.4,1008.7,94.74
1991-08-04T03:00:00,43192099999,GOA/PANJIM,15.483,73.817,25.0,1010.7,94.76
1991-08-04T06:00:00,43192099999,GOA/PANJIM,15.483,73.817,26.0,1010.2,92.01
1991-08-04T09:00:00,43192099999,GOA/PANJIM,15.483,73.817,27.6,1008.4,85.77
1991-08-04T12:00:00,43192099999,GOA/PANJIM,15.483,73.817,27.0,1007.9,88.84
1991-08-04T15:00:00,43192099999,GOA/PANJIM,15.483,73.817,25.2,1009.0,94.77
1991-08-04T18:00:00,43192099999,GOA/PANJIM,15.483,73.817,24.8,1010.0,96.47
1991-08-04T21:00:00,43192099999,GOA/PANJIM,15.483,73.817,24.2,1008.7,93.03
1991-08-05T00:00:00,43192099999,GOA/PANJIM,15.483,73.817,24.4,1008.0,96.46
1991-08-05T03:00:00,43192099999,GOA/PANJIM,15.483,73.817,25.0,1010.0,96.48
1991-08-05T06:00:00,43192099999,GOA/PANJIM,15.483,73.817,26.2,1010.1,92.02
1991-08-05T09:00:00,43192099999,GOA/PANJIM,15.483,73.817,24.8,1009.1,96.47
1991-08-05T12:00:00,43192099999,GOA/PANJIM,15.483,73.817,24.6,1008.5,96.47
1991-08-05T15:00:00,43192099999,GOA/PANJIM,15.483,73.817,24.2,1010.1,96.46
1991-08-05T18:00:00,43192099999,GOA/PANJIM,15.483,73.817,24.2,1010.3,96.46
1991-08-05T21:00:00,43192099999,GOA/PANJIM,15.483,73.817,24.4,1008.8,96.46
1991-08-06T00:00:00,43192099999,GOA/PANJIM,15.483,73.817,24.4,1008.1,97.04
1991-08-06T03:00:00,43192099999,GOA/PANJIM,15.483,73.817,25.4,1009.9,96.49
1991-08-06T06:00:00,43192099999,GOA/PANJIM,15.483,73.817,25.2,1009.2,96.48
1991-08-06T09:00:00,43192099999,GOA/PANJIM,15.483,73.817,26.0,1008.5,93.67
1991-08-06T15:00:00,43192099999,GOA/PANJIM,15.483,73.817,24.2,1009.2,93.03
1991-08-06T18:00:00,43192099999,GOA/PANJIM,15.483,73.817,24.6,1010.6,93.05
1991-08-06T21:00:00,43192099999,GOA/PANJIM,15.483,73.817,24.2,1008.1,94.73
1991-08-07T00:00:00,43192099999,GOA/PANJIM,15.483,73.817,23.6,1007.7,94.7
1991-08-07T09:00:00,43192099999,GOA/PANJIM,15.483,73.817,25.0,1007.9,94.76
1991-08-07T12:00:00,43192099999,GOA/PANJIM,15.483,73.817,25.0,1006.9,94.76
1991-08-07T15:00:00,43192099999,GOA/PANJIM,15.483,73.817,24.4,1008.4,96.46
1991-08-07T18:00:00,43192099999,GOA/PANJIM,15.483,73.817,24.4,1008.6,96.46
1991-08-07T21:00:00,43192099999,GOA/PANJIM,15.483,73.817,23.2,1007.3,96.43
1991-08-08T00:00:00,43192099999,GOA/PANJIM,15.483,73.817,23.2,1007.1,98.2
1991-08-08T03:00:00,43192099999,GOA/PANJIM,15.483,73.817,24.4,1008.0,96.46
1991-08-08T06:00:00,43192099999,GOA/PANJIM,15.483,73.817,27.4,1008.3,90.47
1991-08-08T09:00:00,43192099999,GOA/PANJIM,15.483,73.817,27.4,1006.6,85.75
1991-08-08T12:00:00,43192099999,GOA/PANJIM,15.483,73.817,26.4,1006.2,87.21
1991-08-08T15:00:00,43192099999,GOA/PANJIM,15.483,73.817,24.8,1008.0,94.75
1991-08-08T18:00:00,43192099999,GOA/PANJIM,15.483,73.817,25.6,1008.7,90.34
1991-08-08T21:00:00,43192099999,GOA/PANJIM,15.483,73.817,25.2,1007.2,88.16
1991-08-09T00:00:00,43192099999,GOA/PANJIM,15.483,73.817,25.6,1006.7,90.34
1991-08-09T03:00:00,43192099999,GOA/PANJIM,15.483,73.817,27.2,1008.2,82.7
1991-08-09T06:00:00,43192099999,GOA/PANJIM,15.483,73.817,28.2,1008.6,80.38
1991-08-09T09:00:00,43192099999,GOA/PANJIM,15.483,73.817,29.4,1007.2,77.71
1991-08-09T12:00:00,43192099999,GOA/PANJIM,15.483,73.817,28.2,1006.3,80.38
1991-08-09T15:00:00,43192099999,GOA/PANJIM,15.483,73.817,28.2,1008.6,80.38
1991-08-09T18:00:00,43192099999,GOA/PANJIM,15.483,73.817,26.6,1009.0,87.23
1991-08-09T21:00:00,43192099999,GOA/PANJIM,15.483,73.817,26.2,1007.2,87.19
1991-08-10T00:00:00,43192099999,GOA/PANJIM,15.483,73.817,26.4,1006.9,87.21
1991-08-10T03:00:00,43192099999,GOA/PANJIM,15.483,73.817,26.8,1008.6,85.69
1991-08-10T06:00:00,43192099999,GOA/PANJIM,15.483,73.817,29.0,1008.8,83.4
1991-08-10T09:00:00,43192099999,GOA/PANJIM,15.483,73.817,29.4,1007.5,77.71
1991-08-10T12:00:00,43192099999,GOA/PANJIM,15.483,73.817,25.8,1007.3,94.79
1991-08-10T15:00:00,43192099999,GOA/PANJIM,15.483,73.817,26.0,1008.5,92.01
1991-08-10T18:00:00,43192099999,GOA/PANJIM,15.483,73.817,26.6,1009.2,87.23
1991-08-10T21:00:00,43192099999,GOA/PANJIM,15.483,73.817,26.2,1007.4,90.38
1991-08-11T00:00:00,43192099999,GOA/PANJIM,15.483,73.817,26.0,1006.8,88.76
1991-08-11T06:00:00,43192099999,GOA/PANJIM,15.483,73.817,28.6,1009.3,80.43
1991-08-11T09:00:00,43192099999,GOA/PANJIM,15.483,73.817,29.6,1007.4,81.04
1991-08-11T12:00:00,43192099999,GOA/PANJIM,15.483,73.817,26.2,1006.4,88.77
1991-08-11T15:00:00,43192099999,GOA/PANJIM,15.483,73.817,25.4,1008.6,91.42
1991-08-11T18:00:00,43192099999,GOA/PANJIM,15.483,73.817,25.4,1008.8,91.42
1991-08-11T21:00:00,43192099999,GOA/PANJIM,15.483,73.817,26.2,1007.0,90.38
1991-08-12T00:00:00,43192099999,GOA/PANJIM,15.483,73.817,24.6,1007.0,94.74
1991-08-12T03:00:00,43192099999,GOA/PANJIM,15.483,73.817,25.6,1008.8,93.1
1991-08-12T06:00:00,43192099999,GOA/PANJIM,15.483,73.817,28.6,1008.8,83.36
1991-08-12T12:00:00,43192099999,GOA/PANJIM,15.483,73.817,27.4,1007.2,84.22
1991-08-12T15:00:00,43192099999,GOA/PANJIM,15.483,73.817,25.8,1008.3,92.0
1991-08-12T18:00:00,43192099999,GOA/PANJIM,15.483,73.817,25.2,1008.5,93.08
1991-08-12T21:00:00,43192099999,GOA/PANJIM,15.483,73.817,26.0,1007.0,92.01
1991-08-13T00:00:00,43192099999,GOA/PANJIM,15.483,73.817,26.2,1006.8,85.63
1991-08-13T03:00:00,43192099999,GOA/PANJIM,15.483,73.817,26.6,1008.5,85.67
1991-08-13T06:00:00,43192099999,GOA/PANJIM,15.483,73.817,26.0,1006.8,88.76
1991-08-13T12:00:00,43192099999,GOA/PANJIM,15.483,73.817,25.4,1006.5,93.09
1991-08-13T15:00:00,43192099999,GOA/PANJIM,15.483,73.817,26.2,1008.0,88.77
1991-08-13T18:00:00,43192099999,GOA/PANJIM,15.483,73.817,26.4,1008.3,90.4
1991-08-13T20:00:00,43192099999,GOA/PANJIM,15.483,73.817,26.4,1006.7,92.03
1991-08-13T21:00:00,43192099999,GOA/PANJIM,15.483,73.817,26.4,1006.7,92.03
1991-08-14T00:00:00,43192099999,GOA/PANJIM,15.483,73.817,26.4,1007.1,88.79
1991-08-14T03:00:00,43192099999,GOA/PANJIM,15.483,73.817,24.6,1008.4,96.47
1991-08-14T09:00:00,43192099999,GOA/PANJIM,15.483,73.817,27.0,1007.1,85.71
1991-08-14T12:00:00,43192099999,GOA/PANJIM,15.483,73.817,26.0,1006.7,92.01
1991-08-14T15:00:00,43192099999,GOA/PANJIM,15.483,73.817,26.0,1008.0,92.01
1991-08-14T18:00:00,43192099999,GOA/PANJIM,15.483,73.817,25.6,1008.2,91.44
1991-08-14T21:00:00,43192099999,GOA/PANJIM,15.483,73.817,26.2,1007.0,88.77
1991-08-15T00:00:00,43192099999,GOA/PANJIM,15.483,73.817,26.4,1007.0,84.12
1991-08-15T03:00:00,43192099999,GOA/PANJIM,15.483,73.817,26.8,1009.1,85.69
1991-08-15T06:00:00,43192099999,GOA/PANJIM,15.483,73.817,28.0,1009.7,84.79
1991-08-15T09:00:00,43192099999,GOA/PANJIM,15.483,73.817,27.2,1007.9,88.85
1991-08-15T12:00:00,43192099999,GOA/PANJIM,15.483,73.817,27.4,1007.4,81.25
1991-08-15T15:00:00,43192099999,GOA/PANJIM,15.483,73.817,26.4,1008.4,84.12
1991-08-15T18:00:00,43192099999,GOA/PANJIM,15.483,73.817,26.2,1009.1,90.38
1991-08-15T21:00:00,43192099999,GOA/PANJIM,15.483,73.817,24.2,1007.2,89.7
1991-08-16T00:00:00,43192099999,GOA/PANJIM,15.483,73.817,25.0,,94.76
1991-08-16T03:00:00,43192099999,GOA/PANJIM,15.483,73.817,26.2,1008.5,90.38
1991-08-16T06:00:00,43192099999,GOA/PANJIM,15.483,73.817,26.2,1009.1,90.38
1991-08-16T09:00:00,43192099999,GOA/PANJIM,15.483,73.817,28.0,1006.7,84.79
1991-08-16T12:00:00,43192099999,GOA/PANJIM,15.483,73.817,25.4,1006.1,88.18
1991-08-16T15:00:00,43192099999,GOA/PANJIM,15.483,73.817,25.4,1007.6,93.09
1991-08-16T18:00:00,43192099999,GOA/PANJIM,15.483,73.817,25.6,1008.5,93.1
1991-08-17T00:00:00,43192099999,GOA/PANJIM,15.483,73.817,25.8,1006.8,90.36
1991-08-17T03:00:00,43192099999,GOA/PANJIM,15.483,73.817,26.8,1008.6,85.69
1991-08-17T06:00:00,43192099999,GOA/PANJIM,15.483,73.817,28.8,1008.9,80.46
1991-08-17T09:00:00,43192099999,GOA/PANJIM,15.483,73.817,26.2,1007.2,90.38
1991-08-17T12:00:00,43192099999,GOA/PANJIM,15.483,73.817,26.8,1007.0,85.69
1991-08-17T15:00:00,43192099999,GOA/PANJIM,15.483,73.817,24.4,1008.1,91.36
1991-08-17T18:00:00,43192099999,GOA/PANJIM,15.483,73.817,24.8,1009.0,93.06
1991-08-17T21:00:00,43192099999,GOA/PANJIM,15.483,73.817,25.4,1007.3,91.42
1991-08-18T00:00:00,43192099999,GOA/PANJIM,15.483,73.817,25.0,1007.6,91.4
1991-08-18T03:00:00,43192099999,GOA/PANJIM,15.483,73.817,26.8,1009.2,88.82
1991-08-18T06:00:00,43192099999,GOA/PANJIM,15.483,73.817,28.4,1009.4,83.33
1991-08-18T09:00:00,43192099999,GOA/PANJIM,15.483,73.817,28.0,1007.9,83.29
1991-08-18T10:00:00,43192099999,GOA/PANJIM,15.483,73.817,25.6,,90.34
1991-08-18T12:00:00,43192099999,GOA/PANJIM,15.483,73.817,27.0,1007.8,87.26
1991-08-18T15:00:00,43192099999,GOA/PANJIM,15.483,73.817,26.0,1009.6,88.76
1991-08-18T18:00:00,43192099999,GOA/PANJIM,15.483,73.817,25.6,1010.0,90.34
1991-08-18T21:00:00,43192099999,GOA/PANJIM,15.483,73.817,25.6,1008.2,91.44
1991-08-19T00:00:00,43192099999,GOA/PANJIM,15.483,73.817,25.4,1008.5,91.42
1991-08-19T03:00:00,43192099999,GOA/PANJIM,15.483,73.817,27.0,1010.2,84.18
1991-08-19T06:00:00,43192099999,GOA/PANJIM,15.483,73.817,28.4,1010.5,80.41
1991-08-19T09:00:00,43192099999,GOA/PANJIM,15.483,73.817,29.2,1008.7,76.3
1991-08-19T12:00:00,43192099999,GOA/PANJIM,15.483,73.817,26.0,1007.8,90.37
1991-08-19T15:00:00,43192099999,GOA/PANJIM,15.483,73.817,26.0,1009.4,88.76
1991-08-19T21:00:00,43192099999,GOA/PANJIM,15.483,73.817,26.0,1008.1,92.01
1991-08-20T00:00:00,43192099999,GOA/PANJIM,15.483,73.817,25.4,1007.2,93.09
1991-08-20T03:00:00,43192099999,GOA/PANJIM,15.483,73.817,26.2,1008.2,92.02
1991-08-20T06:00:00,43192099999,GOA/PANJIM,15.483,73.817,28.6,1008.0,79.0
1991-08-20T09:00:00,43192099999,GOA/PANJIM,15.483,73.817,28.4,1006.6,78.98
1991-08-20T12:00:00,43192099999,GOA/PANJIM,15.483,73.817,26.6,1006.0,81.15
1991-08-20T15:00:00,43192099999,GOA/PANJIM,15.483,73.817,26.0,1007.2,87.17
1991-08-20T18:00:00,43192099999,GOA/PANJIM,15.483,73.817,25.0,1007.7,86.56
1991-08-20T21:00:00,43192099999,GOA/PANJIM,15.483,73.817,25.4,1006.2,90.33
1991-08-21T00:00:00,43192099999,GOA/PANJIM,15.483,73.817,25.0,1006.1,86.56
1991-08-21T03:00:00,43192099999,GOA/PANJIM,15.483,73.817,26.2,1007.9,90.38
1991-08-21T06:00:00,43192099999,GOA/PANJIM,15.483,73.817,28.0,1008.4,81.81
1991-08-21T09:00:00,43192099999,GOA/PANJIM,15.483,73.817,27.2,1006.6,81.22
1991-08-21T12:00:00,43192099999,GOA/PANJIM,15.483,73.817,25.4,1006.1,91.42
1991-08-21T15:00:00,43192099999,GOA/PANJIM,15.483,73.817,23.8,1007.8,96.45
1991-08-21T17:00:00,43192099999,GOA/PANJIM,15.483,73.817,23.8,1007.8,
1991-08-21T18:00:00,43192099999,GOA/PANJIM,15.483,73.817,24.4,1008.3,96.46
1991-08-21T21:00:00,43192099999,GOA/PANJIM,15.483,73.817,24.0,1007.0,96.45
1991-08-22T00:00:00,43192099999,GOA/PANJIM,15.483,73.817,24.6,1006.6,94.74
1991-08-22T03:00:00,43192099999,GOA/PANJIM,15.483,73.817,24.8,1008.9,91.39
1991-08-22T12:00:00,43192099999,GOA/PANJIM,15.483,73.817,26.8,1006.5,87.24
1991-08-22T15:00:00,43192099999,GOA/PANJIM,15.483,73.817,25.2,1008.6,94.77
1991-08-22T18:00:00,43192099999,GOA/PANJIM,15.483,73.817,25.4,1009.7,93.09
1991-08-22T21:00:00,43192099999,GOA/PANJIM,15.483,73.817,25.6,1008.7,90.34
1991-08-23T00:00:00,43192099999,GOA/PANJIM,15.483,73.817,25.0,1007.8,93.07
1991-08-23T03:00:00,43192099999,GOA/PANJIM,15.483,73.817,26.0,1009.3,93.67
1991-08-23T06:00:00,43192099999,GOA/PANJIM,15.483,73.817,27.4,1009.7,82.72
1991-08-23T09:00:00,43192099999,GOA/PANJIM,15.483,73.817,28.4,1007.5,80.41
1991-08-23T12:00:00,43192099999,GOA/PANJIM,15.483,73.817,26.4,1007.2,88.79
1991-08-23T14:00:00,43192099999,GOA/PANJIM,15.483,73.817,24.8,1009.6,93.06
1991-08-23T15:00:00,43192099999,GOA/PANJIM,15.483,73.817,25.2,1009.0,89.77
1991-08-23T18:00:00,43192099999,GOA/PANJIM,15.483,73.817,24.8,1009.6,93.06
1991-08-23T21:00:00,43192099999,GOA/PANJIM,15.483,73.817,25.6,1007.7,91.44
1991-08-24T00:00:00,43192099999,GOA/PANJIM,15.483,73.817,25.6,1007.5,88.73
1991-08-24T03:00:00,43192099999,GOA/PANJIM,15.483,73.817,26.4,1009.0,88.79
1991-08-24T06:00:00,43192099999,GOA/PANJIM,15.483,73.817,28.0,1009.2,81.81
1991-08-24T09:00:00,43192099999,GOA/PANJIM,15.483,73.817,28.6,1007.6,77.6
1991-08-24T12:00:00,43192099999,GOA/PANJIM,15.483,73.817,26.6,1006.7,90.41
1991-08-24T15:00:00,43192099999,GOA/PANJIM,15.483,73.817,26.0,1007.8,90.37
1991-08-24T18:00:00,43192099999,GOA/PANJIM,15.483,73.817,25.4,1008.6,93.09
1991-08-24T21:00:00,43192099999,GOA/PANJIM,15.483,73.817,25.0,1006.8,94.76
1991-08-25T00:00:00,43192099999,GOA/PANJIM,15.483,73.817,25.4,1006.7,91.42
1991-08-25T03:00:00,43192099999,GOA/PANJIM,15.483,73.817,26.8,1008.6,85.69
1991-08-25T06:00:00,43192099999,GOA/PANJIM,15.483,73.817,28.8,1008.7,81.91
1991-08-25T12:00:00,43192099999,GOA/PANJIM,15.483,73.817,28.0,1007.0,83.29
1991-08-25T18:00:00,43192099999,GOA/PANJIM,15.483,73.817,25.2,1009.2,91.41
1991-08-25T21:00:00,43192099999,GOA/PANJIM,15.483,73.817,25.4,1007.5,93.09
1991-08-26T00:00:00,43192099999,GOA/PANJIM,15.483,73.817,25.2,1007.6,91.41
1991-08-26T03:00:00,43192099999,GOA/PANJIM,15.483,73.817,26.4,1009.7,90.4
1991-08-26T09:00:00,43192099999,GOA/PANJIM,15.483,73.817,29.6,1008.3,76.82
1991-08-26T12:00:00,43192099999,GOA/PANJIM,15.483,73.817,28.2,1008.0,78.95
1991-08-26T15:00:00,43192099999,GOA/PANJIM,15.483,73.817,26.4,1010.2,88.79
1991-08-26T18:00:00,43192099999,GOA/PANJIM,15.483,73.817,25.4,1011.1,91.42
1991-08-26T21:00:00,43192099999,GOA/PANJIM,15.483,73.817,25.4,1009.6,93.09
1991-08-27T00:00:00,43192099999,GOA/PANJIM,15.483,73.817,24.6,1009.4,93.05
1991-08-27T03:00:00,43192099999,GOA/PANJIM,15.483,73.817,26.6,1011.3,90.41
1991-08-27T06:00:00,43192099999,GOA/PANJIM,15.483,73.817,28.8,1011.5,77.63
1991-08-27T09:00:00,43192099999,GOA/PANJIM,15.483,73.817,29.2,1009.3,73.61
1991-08-27T12:00:00,43192099999,GOA/PANJIM,15.483,73.817,27.8,1009.1,81.3
1991-08-27T15:00:00,43192099999,GOA/PANJIM,15.483,73.817,26.0,1010.5,85.61
1991-08-27T18:00:00,43192099999,GOA/PANJIM,15.483,73.817,25.8,1010.9,90.36
1991-08-27T21:00:00,43192099999,GOA/PANJIM,15.483,73.817,25.4,1008.9,91.42
1991-08-28T00:00:00,43192099999,GOA/PANJIM,15.483,73.817,24.4,1008.6,96.46
1991-08-28T03:00:00,43192099999,GOA/PANJIM,15.483,73.817,25.8,1010.0,92.0
1991-08-28T06:00:00,43192099999,GOA/PANJIM,15.483,73.817,28.2,1010.1,81.83
1991-08-28T12:00:00,43192099999,GOA/PANJIM,15.483,73.817,27.2,1007.4,82.7
1991-08-28T15:00:00,43192099999,GOA/PANJIM,15.483,73.817,26.2,1008.5,85.63
1991-08-28T18:00:00,43192099999,GOA/PANJIM,15.483,73.817,24.8,1009.5,89.74
1991-08-28T21:00:00,43192099999,GOA/PANJIM,15.483,73.817,24.4,1008.7,86.5
1991-08-29T03:00:00,43192099999,GOA/PANJIM,15.483,73.817,25.0,1010.1,84.99
1991-08-29T06:00:00,43192099999,GOA/PANJIM,15.483,73.817,28.2,1010.0,83.31
1991-08-29T09:00:00,43192099999,GOA/PANJIM,15.483,73.817,29.0,1008.1,77.66
1991-08-29T12:00:00,43192099999,GOA/PANJIM,15.483,73.817,28.4,1007.4,74.82
1991-08-29T15:00:00,43192099999,GOA/PANJIM,15.483,73.817,26.0,1008.9,90.37
1991-08-29T18:00:00,43192099999,GOA/PANJIM,15.483,73.817,25.4,1010.0,94.77
1991-08-29T21:00:00,43192099999,GOA/PANJIM,15.483,73.817,25.2,1008.6,93.08
1991-08-30T00:00:00,43192099999,GOA/PANJIM,15.483,73.817,25.4,1008.6,90.33
1991-08-30T03:00:00,43192099999,GOA/PANJIM,15.483,73.817,27.2,1009.9,82.7
1991-08-30T06:00:00,43192099999,GOA/PANJIM,15.483,73.817,28.8,1010.3,77.63
1991-08-30T09:00:00,43192099999,GOA/PANJIM,15.483,73.817,29.2,1008.5,76.3
1991-08-30T12:00:00,43192099999,GOA/PANJIM,15.483,73.817,27.4,1008.0,84.22
1991-08-30T15:00:00,43192099999,GOA/PANJIM,15.483,73.817,26.0,1009.6,88.76
1991-08-30T18:00:00,43192099999,GOA/PANJIM,15.483,73.817,25.4,1009.9,90.33
1991-08-30T21:00:00,43192099999,GOA/PANJIM,15.483,73.817,24.8,1008.8,89.74
1991-08-31T00:00:00,43192099999,GOA/PANJIM,15.483,73.817,23.8,1008.7,93.0
1991-08-31T03:00:00,43192099999,GOA/PANJIM,15.483,73.817,26.0,1010.1,88.76
1991-08-31T09:00:00,43192099999,GOA/PANJIM,15.483,73.817,28.6,1008.6,81.88
1991-08-31T12:00:00,43192099999,GOA/PANJIM,15.483,73.817,27.6,1008.7,79.82
1991-08-31T15:00:00,43192099999,GOA/PANJIM,15.483,73.817,26.2,1010.5,88.77
1991-08-31T18:00:00,43192099999,GOA/PANJIM,15.483,73.817,25.0,1011.0,88.14
1991-08-31T21:00:00,43192099999,GOA/PANJIM,15.483,73.817,25.2,1010.0,91.41
1991-09-01T00:00:00,43192099999,GOA/PANJIM,15.483,73.817,24.4,1010.5,94.74
1991-09-01T03:00:00,43192099999,GOA/PANJIM,15.483,73.817,25.4,1012.5,91.42
1991-09-01T06:00:00,43192099999,GOA/PANJIM,15.483,73.817,29.4,1012.2,77.71
1991-09-01T09:00:00,43192099999,GOA/PANJIM,15.483,73.817,28.8,1010.4,79.03
1991-09-01T12:00:00,43192099999,GOA/PANJIM,15.483,73.817,28.0,1010.3,77.51
1991-09-01T15:00:00,43192099999,GOA/PANJIM,15.483,73.817,26.4,1011.8,87.21
1991-09-01T18:00:00,43192099999,GOA/PANJIM,15.483,73.817,26.0,1012.4,90.37
1991-09-01T21:00:00,43192099999,GOA/PANJIM,15.483,73.817,25.2,1011.3,94.77
1991-09-02T00:00:00,43192099999,GOA/PANJIM,15.483,73.817,25.0,1011.0,96.48
1991-09-02T03:00:00,43192099999,GOA/PANJIM,15.483,73.817,26.0,1012.5,90.37
1991-09-02T06:00:00,43192099999,GOA/PANJIM,15.483,73.817,29.0,1012.0,79.06
1991-09-02T09:00:00,43192099999,GOA/PANJIM,15.483,73.817,29.4,1010.1,73.64
1991-09-02T12:00:00,43192099999,GOA/PANJIM,15.483,73.817,27.8,1009.9,78.42
1991-09-02T15:00:00,43192099999,GOA/PANJIM,15.483,73.817,26.0,1011.0,88.76
1991-09-02T18:00:00,43192099999,GOA/PANJIM,15.483,73.817,25.8,1011.4,90.36
1991-09-02T21:00:00,43192099999,GOA/PANJIM,15.483,73.817,25.0,1009.2,94.76
1991-09-03T00:00:00,43192099999,GOA/PANJIM,15.483,73.817,24.8,1009.0,96.47
1991-09-03T03:00:00,43192099999,GOA/PANJIM,15.483,73.817,26.2,1010.7,90.38
1991-09-03T09:00:00,43192099999,GOA/PANJIM,15.483,73.817,29.6,1008.2,74.12
1991-09-03T12:00:00,43192099999,GOA/PANJIM,15.483,73.817,28.0,1008.2,77.51
1991-09-03T15:00:00,43192099999,GOA/PANJIM,15.483,73.817,26.4,1010.1,84.12
1991-09-03T18:00:00,43192099999,GOA/PANJIM,15.483,73.817,25.4,1011.0,91.42
1991-09-03T21:00:00,43192099999,GOA/PANJIM,15.483,73.817,24.8,1009.1,93.06
1991-09-04T00:00:00,43192099999,GOA/PANJIM,15.483,73.817,24.4,1009.2,96.46
1991-09-04T03:00:00,43192099999,GOA/PANJIM,15.483,73.817,26.2,1011.1,87.19
1991-09-04T06:00:00,43192099999,GOA/PANJIM,15.483,73.817,29.6,1011.4,72.36
1991-09-04T09:00:00,43192099999,GOA/PANJIM,15.483,73.817,29.6,,72.36
1991-09-04T12:00:00,43192099999,GOA/PANJIM,15.483,73.817,28.2,1008.5,77.54
1991-09-04T15:00:00,43192099999,GOA/PANJIM,15.483,73.817,26.2,1010.8,85.63
1991-09-04T18:00:00,43192099999,GOA/PANJIM,15.483,73.817,26.0,1011.2,87.17
1991-09-05T00:00:00,43192099999,GOA/PANJIM,15.483,73.817,24.6,1010.1,94.74
1991-09-05T03:00:00,43192099999,GOA/PANJIM,15.483,73.817,25.8,1012.9,92.0
1991-09-05T06:00:00,43192099999,GOA/PANJIM,15.483,73.817,28.8,1012.9,77.63
1991-09-05T09:00:00,43192099999,GOA/PANJIM,15.483,73.817,29.8,1010.3,69.83
1991-09-05T12:00:00,43192099999,GOA/PANJIM,15.483,73.817,28.0,1010.6,77.51
1991-09-05T15:00:00,43192099999,GOA/PANJIM,15.483,73.817,26.6,1012.5,85.67
1991-09-05T18:00:00,43192099999,GOA/PANJIM,15.483,73.817,25.8,1012.9,90.36
1991-09-05T21:00:00,43192099999,GOA/PANJIM,15.483,73.817,25.4,1011.0,91.42
1991-09-06T00:00:00,43192099999,GOA/PANJIM,15.483,73.817,25.0,1010.8,93.07
1991-09-06T03:00:00,43192099999,GOA/PANJIM,15.483,73.817,26.6,1013.0,90.41
1991-09-06T06:00:00,43192099999,GOA/PANJIM,15.483,73.817,28.8,1013.2,73.54
1991-09-06T09:00:00,43192099999,GOA/PANJIM,15.483,73.817,28.6,1011.3,74.85
1991-09-06T12:00:00,43192099999,GOA/PANJIM,15.483,73.817,26.8,1010.9,82.65
1991-09-06T15:00:00,43192099999,GOA/PANJIM,15.483,73.817,26.0,1012.3,87.17
1991-09-06T18:00:00,43192099999,GOA/PANJIM,15.483,73.817,26.0,1012.8,90.37
1991-09-06T21:00:00,43192099999,GOA/PANJIM,15.483,73.817,24.6,1011.0,91.37
1991-09-07T03:00:00,43192099999,GOA/PANJIM,15.483,73.817,27.0,1012.1,84.18
1991-09-07T06:00:00,43192099999,GOA/PANJIM,15.483,73.817,29.6,1011.8,72.36
1991-09-07T09:00:00,43192099999,GOA/PANJIM,15.483,73.817,30.0,1009.2,71.57
1991-09-07T12:00:00,43192099999,GOA/PANJIM,15.483,73.817,28.2,1008.3,74.34
1991-09-07T15:00:00,43192099999,GOA/PANJIM,15.483,73.817,26.0,1009.9,80.58
1991-09-07T18:00:00,43192099999,GOA/PANJIM,15.483,73.817,26.0,1010.5,90.37
1991-09-07T21:00:00,43192099999,GOA/PANJIM,15.483,73.817,25.2,1008.9,93.08
1991-09-08T03:00:00,43192099999,GOA/PANJIM,15.483,73.817,26.2,1011.0,90.38
1991-09-08T06:00:00,43192099999,GOA/PANJIM,15.483,73.817,28.6,1011.3,80.43
1991-09-08T09:00:00,43192099999,GOA/PANJIM,15.483,73.817,29.4,1008.9,74.98
1991-09-08T12:00:00,43192099999,GOA/PANJIM,15.483,73.817,28.2,1008.8,77.54
1991-09-08T15:00:00,43192099999,GOA/PANJIM,15.483,73.817,26.2,1011.0,87.19
1991-09-08T18:00:00,43192099999,GOA/PANJIM,15.483,73.817,26.0,1011.6,84.07
1991-09-08T21:00:00,43192099999,GOA/PANJIM,15.483,73.817,25.2,1010.0,88.16
1991-09-09T00:00:00,43192099999,GOA/PANJIM,15.483,73.817,24.4,1010.5,89.71
1991-09-09T03:00:00,43192099999,GOA/PANJIM,15.483,73.817,26.4,1012.4,82.61
1991-09-09T06:00:00,43192099999,GOA/PANJIM,15.483,73.817,30.0,1012.4,62.28
1991-09-09T12:00:00,43192099999,GOA/PANJIM,15.483,73.817,28.2,1009.4,76.15
1991-09-09T15:00:00,43192099999,GOA/PANJIM,15.483,73.817,26.4,1011.0,85.65
1991-09-09T18:00:00,43192099999,GOA/PANJIM,15.483,73.817,25.8,1011.4,88.74
1991-09-09T21:00:00,43192099999,GOA/PANJIM,15.483,73.817,25.2,,93.08
1991-09-10T00:00:00,43192099999,GOA/PANJIM,15.483,73.817,24.4,1010.1,94.74
1991-09-10T03:00:00,43192099999,GOA/PANJIM,15.483,73.817,26.2,1011.8,85.63
1991-09-10T06:00:00,43192099999,GOA/PANJIM,15.483,73.817,29.8,1011.6,74.15
1991-09-10T09:00:00,43192099999,GOA/PANJIM,15.483,73.817,30.0,1009.6,70.29
1991-09-10T15:00:00,43192099999,GOA/PANJIM,15.483,73.817,26.4,1011.7,87.21
1991-09-10T18:00:00,43192099999,GOA/PANJIM,15.483,73.817,25.6,1011.9,90.34
1991-09-10T21:00:00,43192099999,GOA/PANJIM,15.483,73.817,24.8,1010.6,91.39
1991-09-11T00:00:00,43192099999,GOA/PANJIM,15.483,73.817,24.0,1011.2,94.72
1991-09-11T03:00:00,43192099999,GOA/PANJIM,15.483,73.817,24.8,1012.8,91.39
1991-09-11T06:00:00,43192099999,GOA/PANJIM,15.483,73.817,29.4,1012.8,73.64
1991-09-11T09:00:00,43192099999,GOA/PANJIM,15.483,73.817,31.6,1010.5,57.54
1991-09-11T12:00:00,43192099999,GOA/PANJIM,15.483,73.817,28.2,1009.7,77.54
1991-09-11T15:00:00,43192099999,GOA/PANJIM,15.483,73.817,26.4,1011.2,84.12
1991-09-11T18:00:00,43192099999,GOA/PANJIM,15.483,73.817,25.4,1012.0,86.59
1991-09-11T21:00:00,43192099999,GOA/PANJIM,15.483,73.817,24.4,1010.8,88.09
1991-09-12T00:00:00,43192099999,GOA/PANJIM,15.483,73.817,23.6,1011.5,94.7
1991-09-12T03:00:00,43192099999,GOA/PANJIM,15.483,73.817,26.4,1013.1,81.12
1991-09-12T06:00:00,43192099999,GOA/PANJIM,15.483,73.817,30.4,1012.2,70.37
1991-09-12T09:00:00,43192099999,GOA/PANJIM,15.483,73.817,29.4,1010.4,64.47
1991-09-12T12:00:00,43192099999,GOA/PANJIM,15.483,73.817,27.8,1009.5,75.63
1991-09-12T15:00:00,43192099999,GOA/PANJIM,15.483,73.817,26.4,1010.4,85.65
1991-09-12T18:00:00,43192099999,GOA/PANJIM,15.483,73.817,26.0,1011.0,85.61
1991-09-12T21:00:00,43192099999,GOA/PANJIM,15.483,73.817,25.8,1009.0,87.15
1991-09-13T00:00:00,43192099999,GOA/PANJIM,15.483,73.817,25.4,1009.5,90.33
1991-09-13T03:00:00,43192099999,GOA/PANJIM,15.483,73.817,26.4,1011.6,85.65
1991-09-13T06:00:00,43192099999,GOA/PANJIM,15.483,73.817,30.4,1011.3,72.94
1991-09-13T09:00:00,43192099999,GOA/PANJIM,15.483,73.817,30.0,1008.8,70.29
1991-09-13T12:00:00,43192099999,GOA/PANJIM,15.483,73.817,27.8,1008.0,81.3
1991-09-13T15:00:00,43192099999,GOA/PANJIM,15.483,73.817,26.6,1009.4,87.23
1991-09-13T18:00:00,43192099999,GOA/PANJIM,15.483,73.817,26.0,1010.5,88.76
1991-09-13T21:00:00,43192099999,GOA/PANJIM,15.483,73.817,25.8,1009.3,88.74
1991-09-14T03:00:00,43192099999,GOA/PANJIM,15.483,73.817,26.8,1010.6,88.82
1991-09-14T06:00:00,43192099999,GOA/PANJIM,15.483,73.817,30.8,1010.3,70.44
1991-09-14T09:00:00,43192099999,GOA/PANJIM,15.483,73.817,30.0,1007.8,71.57
1991-09-14T12:00:00,43192099999,GOA/PANJIM,15.483,73.817,26.8,1010.6,88.82
1991-09-14T15:00:00,43192099999,GOA/PANJIM,15.483,73.817,27.0,1010.4,85.71
1991-09-14T18:00:00,43192099999,GOA/PANJIM,15.483,73.817,26.4,1010.4,90.4
1991-09-14T21:00:00,43192099999,GOA/PANJIM,15.483,73.817,25.2,1009.2,93.08
1991-09-15T00:00:00,43192099999,GOA/PANJIM,15.483,73.817,25.4,1009.0,91.42
1991-09-15T03:00:00,43192099999,GOA/PANJIM,15.483,73.817,26.6,1010.6,87.23
1991-09-15T06:00:00,43192099999,GOA/PANJIM,15.483,73.817,30.0,1010.2,74.18
1991-09-15T09:00:00,43192099999,GOA/PANJIM,15.483,73.817,30.2,1007.4,67.84
1991-09-15T12:00:00,43192099999,GOA/PANJIM,15.483,73.817,27.2,1007.5,84.71
1991-09-15T15:00:00,43192099999,GOA/PANJIM,15.483,73.817,26.6,1009.4,84.14
1991-09-15T18:00:00,43192099999,GOA/PANJIM,15.483,73.817,26.4,1010.4,85.65
1991-09-15T21:00:00,43192099999,GOA/PANJIM,15.483,73.817,26.0,1009.3,90.37
1991-09-16T00:00:00,43192099999,GOA/PANJIM,15.483,73.817,25.6,1009.3,91.44
1991-09-16T03:00:00,43192099999,GOA/PANJIM,15.483,73.817,27.2,1011.3,84.2
1991-09-16T06:00:00,43192099999,GOA/PANJIM,15.483,73.817,29.8,1011.4,72.83
1991-09-16T09:00:00,43192099999,GOA/PANJIM,15.483,73.817,31.2,1008.3,59.58
1991-09-16T12:00:00,43192099999,GOA/PANJIM,15.483,73.817,28.8,1008.4,77.63
1991-09-16T15:00:00,43192099999,GOA/PANJIM,15.483,73.817,27.0,1010.8,84.18
1991-09-16T16:00:00,43192099999,GOA/PANJIM,15.483,73.817,28.8,1008.4,77.63
1991-09-16T18:00:00,43192099999,GOA/PANJIM,15.483,73.817,26.2,1011.6,90.38
1991-09-16T21:00:00,43192099999,GOA/PANJIM,15.483,73.817,25.4,1009.9,91.42
1991-09-17T00:00:00,43192099999,GOA/PANJIM,15.483,73.817,25.0,1010.2,94.76
1991-09-17T03:00:00,43192099999,GOA/PANJIM,15.483,73.817,25.6,,91.44
1991-09-17T06:00:00,43192099999,GOA/PANJIM,15.483,73.817,30.4,1013.1,70.37
1991-09-17T09:00:00,43192099999,GOA/PANJIM,15.483,73.817,30.6,1009.8,67.92
1991-09-17T12:00:00,43192099999,GOA/PANJIM,15.483,73.817,28.0,1009.4,77.51
1991-09-17T15:00:00,43192099999,GOA/PANJIM,15.483,73.817,27.4,1011.8,82.72
1991-09-17T18:00:00,43192099999,GOA/PANJIM,15.483,73.817,26.4,1012.3,88.79
1991-09-18T00:00:00,43192099999,GOA/PANJIM,15.483,73.817,25.4,1009.6,91.42
1991-09-18T03:00:00,43192099999,GOA/PANJIM,15.483,73.817,27.4,1011.2,81.25
1991-09-18T09:00:00,43192099999,GOA/PANJIM,15.483,73.817,30.8,1009.4,64.37
1991-09-18T12:00:00,43192099999,GOA/PANJIM,15.483,73.817,28.2,1007.8,73.0
1991-09-18T15:00:00,43192099999,GOA/PANJIM,15.483,73.817,26.4,1010.0,81.12
1991-09-18T18:00:00,43192099999,GOA/PANJIM,15.483,73.817,25.6,1010.6,91.44
1991-09-18T21:00:00,43192099999,GOA/PANJIM,15.483,73.817,25.0,1008.8,93.07
1991-09-19T00:00:00,43192099999,GOA/PANJIM,15.483,73.817,24.0,1009.1,94.72
1991-09-19T03:00:00,43192099999,GOA/PANJIM,15.483,73.817,26.0,1011.4,87.17
1991-09-19T06:00:00,43192099999,GOA/PANJIM,15.483,73.817,30.6,1010.8,62.79
1991-09-19T12:00:00,43192099999,GOA/PANJIM,15.483,73.817,28.4,1007.3,70.42
1991-09-19T15:00:00,43192099999,GOA/PANJIM,15.483,73.817,26.8,1009.3,79.71
1991-09-19T18:00:00,43192099999,GOA/PANJIM,15.483,73.817,25.6,,90.34
1991-09-20T00:00:00,43192099999,GOA/PANJIM,15.483,73.817,24.0,1008.7,94.72
1991-09-20T03:00:00,43192099999,GOA/PANJIM,15.483,73.817,25.6,1010.5,87.66
1991-09-20T06:00:00,43192099999,GOA/PANJIM,15.483,73.817,30.4,1010.3,66.66
1991-09-20T09:00:00,43192099999,GOA/PANJIM,15.483,73.817,30.6,1008.4,61.66
1991-09-20T12:00:00,43192099999,GOA/PANJIM,15.483,73.817,28.6,1007.3,73.51
1991-09-20T15:00:00,43192099999,GOA/PANJIM,15.483,73.817,26.6,1009.3,84.14
1991-09-20T18:00:00,43192099999,GOA/PANJIM,15.483,73.817,26.4,1009.8,88.79
1991-09-20T21:00:00,43192099999,GOA/PANJIM,15.483,73.817,25.8,1007.5,90.36
1991-09-21T00:00:00,43192099999,GOA/PANJIM,15.483,73.817,25.4,1007.2,91.42
1991-09-21T03:00:00,43192099999,GOA/PANJIM,15.483,73.817,26.4,1010.4,88.79
1991-09-21T06:00:00,43192099999,GOA/PANJIM,15.483,73.817,29.4,1010.4,76.34
1991-09-21T09:00:00,43192099999,GOA/PANJIM,15.483,73.817,31.0,1006.8,69.23
1991-09-21T12:00:00,43192099999,GOA/PANJIM,15.483,73.817,28.2,1006.9,81.83
1991-09-21T15:00:00,43192099999,GOA/PANJIM,15.483,73.817,25.0,1009.0,93.07
1991-09-21T18:00:00,43192099999,GOA/PANJIM,15.483,73.817,24.0,1009.5,93.02
1991-09-21T21:00:00,43192099999,GOA/PANJIM,15.483,73.817,24.0,1007.1,94.72
1991-09-22T00:00:00,43192099999,GOA/PANJIM,15.483,73.817,24.0,1007.0,94.72
1991-09-22T03:00:00,43192099999,GOA/PANJIM,15.483,73.817,25.2,1009.3,93.08
1991-09-22T04:00:00,43192099999,GOA/PANJIM,15.483,73.817,25.2,1009.3,93.08
1991-09-22T12:00:00,43192099999,GOA/PANJIM,15.483,73.817,27.8,1006.4,85.79
1991-09-22T15:00:00,43192099999,GOA/PANJIM,15.483,73.817,27.0,1008.1,90.44
1991-09-22T18:00:00,43192099999,GOA/PANJIM,15.483,73.817,27.0,1008.2,92.07
1991-09-22T21:00:00,43192099999,GOA/PANJIM,15.483,73.817,25.8,1006.5,94.79
1991-09-23T00:00:00,43192099999,GOA/PANJIM,15.483,73.817,25.8,1007.0,94.79
1991-09-23T03:00:00,43192099999,GOA/PANJIM,15.483,73.817,26.0,1008.9,94.8
1991-09-23T06:00:00,43192099999,GOA/PANJIM,15.483,73.817,27.4,1009.0,92.09
1991-09-23T09:00:00,43192099999,GOA/PANJIM,15.483,73.817,29.0,1005.8,81.93
1991-09-23T12:00:00,43192099999,GOA/PANJIM,15.483,73.817,27.6,1005.7,88.88
1991-09-23T15:00:00,43192099999,GOA/PANJIM,15.483,73.817,25.8,1007.4,90.36
1991-09-23T18:00:00,43192099999,GOA/PANJIM,15.483,73.817,25.4,1008.0,93.09
1991-09-23T21:00:00,43192099999,GOA/PANJIM,15.483,73.817,25.0,1006.5,96.48
1991-09-24T00:00:00,43192099999,GOA/PANJIM,15.483,73.817,25.0,1006.7,96.48
1991-09-24T03:00:00,43192099999,GOA/PANJIM,15.483,73.817,24.8,1009.4,93.06
1991-09-24T06:00:00,43192099999,GOA/PANJIM,15.483,73.817,26.4,1010.0,88.79
1991-09-24T09:00:00,43192099999,GOA/PANJIM,15.483,73.817,26.8,1007.6,81.17
1991-09-24T12:00:00,43192099999,GOA/PANJIM,15.483,73.817,26.6,1007.0,84.14
1991-09-24T15:00:00,43192099999,GOA/PANJIM,15.483,73.817,24.8,1009.2,94.75
1991-09-24T18:00:00,43192099999,GOA/PANJIM,15.483,73.817,24.6,1009.8,93.05
1991-09-25T00:00:00,43192099999,GOA/PANJIM,15.483,73.817,24.4,1007.7,93.04
1991-09-25T03:00:00,43192099999,GOA/PANJIM,15.483,73.817,25.4,1010.0,
1991-09-25T06:00:00,43192099999,GOA/PANJIM,15.483,73.817,27.6,1010.4,79.82
1991-09-25T09:00:00,43192099999,GOA/PANJIM,15.483,73.817,29.0,1007.6,76.27
1991-09-25T12:00:00,43192099999,GOA/PANJIM,15.483,73.817,27.8,1007.9,81.3
1991-09-25T15:00:00,43192099999,GOA/PANJIM,15.483,73.817,26.4,1009.0,88.79
1991-09-25T18:00:00,43192099999,GOA/PANJIM,15.483,73.817,26.0,1009.9,88.76
1991-09-25T21:00:00,43192099999,GOA/PANJIM,15.483,73.817,25.2,1008.7,94.77
1991-09-26T00:00:00,43192099999,GOA/PANJIM,15.483,73.817,25.4,1009.0,94.77
1991-09-26T03:00:00,43192099999,GOA/PANJIM,15.483,73.817,27.4,1011.0,85.75
1991-09-26T06:00:00,43192099999,GOA/PANJIM,15.483,73.817,30.6,1010.7,72.97
1991-09-26T09:00:00,43192099999,GOA/PANJIM,15.483,73.817,31.2,1008.1,72.21
1991-09-26T12:00:00,43192099999,GOA/PANJIM,15.483,73.817,28.2,1007.6,78.95
1991-09-26T15:00:00,43192099999,GOA/PANJIM,15.483,73.817,27.4,1009.6,88.87
1991-09-26T18:00:00,43192099999,GOA/PANJIM,15.483,73.817,26.8,1010.9,88.82
1991-09-26T21:00:00,43192099999,GOA/PANJIM,15.483,73.817,26.2,1009.4,92.02
1991-09-27T03:00:00,43192099999,GOA/PANJIM,15.483,73.817,27.6,1011.1,85.77
1991-09-27T06:00:00,43192099999,GOA/PANJIM,15.483,73.817,31.0,1011.2,76.13
1991-09-27T09:00:00,43192099999,GOA/PANJIM,15.483,73.817,31.2,1008.8,72.21
1991-09-27T12:00:00,43192099999,GOA/PANJIM,15.483,73.817,29.0,1008.6,80.48
1991-09-27T15:00:00,43192099999,GOA/PANJIM,15.483,73.817,27.4,1010.2,85.75
1991-09-27T17:00:00,43192099999,GOA/PANJIM,15.483,73.817,27.0,1010.8,87.26
1991-09-27T18:00:00,43192099999,GOA/PANJIM,15.483,73.817,27.0,1010.8,87.26
1991-09-27T21:00:00,43192099999,GOA/PANJIM,15.483,73.817,26.4,1009.4,90.4
1991-09-28T00:00:00,43192099999,GOA/PANJIM,15.483,73.817,26.0,1009.9,92.01
1991-09-28T03:00:00,43192099999,GOA/PANJIM,15.483,73.817,26.8,1012.4,90.43
1991-09-28T06:00:00,43192099999,GOA/PANJIM,15.483,73.817,29.6,1012.3,76.82
1991-09-28T09:00:00,43192099999,GOA/PANJIM,15.483,73.817,30.2,1008.7,69.07
1991-09-28T12:00:00,43192099999,GOA/PANJIM,15.483,73.817,29.6,1012.3,76.82
1991-09-28T18:00:00,43192099999,GOA/PANJIM,15.483,73.817,26.4,1012.9,90.4
1991-09-29T00:00:00,43192099999,GOA/PANJIM,15.483,73.817,25.6,1009.8,94.78
1991-09-29T03:00:00,43192099999,GOA/PANJIM,15.483,73.817,26.2,1010.9,90.38
1991-09-29T06:00:00,43192099999,GOA/PANJIM,15.483,73.817,29.4,1010.7,74.98
1991-09-29T09:00:00,43192099999,GOA/PANJIM,15.483,73.817,31.4,1008.3,68.48
1991-09-29T12:00:00,43192099999,GOA/PANJIM,15.483,73.817,28.4,1007.9,77.57
1991-09-29T15:00:00,43192099999,GOA/PANJIM,15.483,73.817,27.2,1010.3,87.28
1991-09-29T18:00:00,43192099999,GOA/PANJIM,15.483,73.817,25.6,1011.4,90.34
1991-09-29T21:00:00,43192099999,GOA/PANJIM,15.483,73.817,25.0,1009.1,91.4
1991-09-30T00:00:00,43192099999,GOA/PANJIM,15.483,73.817,25.0,1008.9,91.4
1991-09-30T03:00:00,43192099999,GOA/PANJIM,15.483,73.817,25.6,1010.9,88.73
1991-09-30T06:00:00,43192099999,GOA/PANJIM,15.483,73.817,29.0,1010.4,80.48
1991-09-30T09:00:00,43192099999,GOA/PANJIM,15.483,73.817,30.6,1007.1,74.28
1991-09-30T12:00:00,43192099999,GOA/PANJIM,15.483,73.817,27.4,1008.1,69.81
1991-09-30T15:00:00,43192099999,GOA/PANJIM,15.483,73.817,27.2,1009.7,90.99
1991-09-30T18:00:00,43192099999,GOA/PANJIM,15.483,73.817,26.0,1010.8,84.07
1991-09-30T21:00:00,43192099999,GOA/PANJIM,15.483,73.817,25.8,1009.4,87.15
1991-10-01T00:00:00,43192099999,GOA/PANJIM,15.483,73.817,25.2,1008.9,86.57
1991-10-01T03:00:00,43192099999,GOA/PANJIM,15.483,73.817,27.6,1010.3,76.98
1991-10-01T06:00:00,43192099999,GOA/PANJIM,15.483,73.817,30.6,1009.8,70.4
1991-10-01T09:00:00,43192099999,GOA/PANJIM,15.483,73.817,31.4,1006.8,63.34
1991-10-01T12:00:00,43192099999,GOA/PANJIM,15.483,73.817,27.6,1006.4,75.6
1991-10-01T15:00:00,43192099999,GOA/PANJIM,15.483,73.817,26.4,1008.8,88.79
1991-10-01T18:00:00,43192099999,GOA/PANJIM,15.483,73.817,25.2,1008.4,81.96
1991-10-01T21:00:00,43192099999,GOA/PANJIM,15.483,73.817,25.0,1007.3,86.56
1991-10-02T00:00:00,43192099999,GOA/PANJIM,15.483,73.817,24.2,1008.0,
1991-10-02T03:00:00,43192099999,GOA/PANJIM,15.483,73.817,25.4,1010.3,91.42
1991-10-02T06:00:00,43192099999,GOA/PANJIM,15.483,73.817,29.4,1009.7,74.98
1991-10-02T15:00:00,43192099999,GOA/PANJIM,15.483,73.817,27.2,1008.2,90.45
1991-10-02T18:00:00,43192099999,GOA/PANJIM,15.483,73.817,26.6,1008.5,90.41
1991-10-02T21:00:00,43192099999,GOA/PANJIM,15.483,73.817,27.2,,90.45
1991-10-03T03:00:00,43192099999,GOA/PANJIM,15.483,73.817,25.8,1008.4,94.79
1991-10-03T06:00:00,43192099999,GOA/PANJIM,15.483,73.817,27.4,,87.3
1991-10-03T12:00:00,43192099999,GOA/PANJIM,15.483,73.817,28.8,1005.0,81.91
1991-10-03T15:00:00,43192099999,GOA/PANJIM,15.483,73.817,27.2,1007.4,88.85
1991-10-03T18:00:00,43192099999,GOA/PANJIM,15.483,73.817,27.0,1007.5,90.44
1991-10-03T21:00:00,43192099999,GOA/PANJIM,15.483,73.817,26.4,1005.9,94.81
1991-10-04T00:00:00,43192099999,GOA/PANJIM,15.483,73.817,26.4,1005.9,94.81
1991-10-04T03:00:00,43192099999,GOA/PANJIM,15.483,73.817,27.2,1008.4,92.08
1991-10-04T06:00:00,43192099999,GOA/PANJIM,15.483,73.817,31.2,1007.9,69.68
1991-10-04T09:00:00,43192099999,GOA/PANJIM,15.483,73.817,30.0,1005.2,71.57
1991-10-04T12:00:00,43192099999,GOA/PANJIM,15.483,73.817,27.2,1005.5,82.7
1991-10-04T15:00:00,43192099999,GOA/PANJIM,15.483,73.817,27.0,1007.8,87.26
1991-10-04T18:00:00,43192099999,GOA/PANJIM,15.483,73.817,26.0,1007.9,92.01
1991-10-05T00:00:00,43192099999,GOA/PANJIM,15.483,73.817,25.4,1006.2,94.77
1991-10-05T12:00:00,43192099999,GOA/PANJIM,15.483,73.817,28.2,1006.7,86.34
1991-10-05T15:00:00,43192099999,GOA/PANJIM,15.483,73.817,26.4,1008.8,88.79
1991-10-05T18:00:00,43192099999,GOA/PANJIM,15.483,73.817,28.2,1006.7,86.34
1991-10-05T21:00:00,43192099999,GOA/PANJIM,15.483,73.817,,1007.0,
1991-10-06T00:00:00,43192099999,GOA/PANJIM,15.483,73.817,25.0,1007.3,94.76
1991-10-06T03:00:00,43192099999,GOA/PANJIM,15.483,73.817,27.8,1009.5,84.27
1991-10-06T06:00:00,43192099999,GOA/PANJIM,15.483,73.817,31.0,1008.9,72.17
1991-10-06T12:00:00,43192099999,GOA/PANJIM,15.483,73.817,28.6,1005.8,79.0
1991-10-06T15:00:00,43192099999,GOA/PANJIM,15.483,73.817,27.0,1008.8,84.18
1991-10-06T18:00:00,43192099999,GOA/PANJIM,15.483,73.817,26.0,1008.5,88.76
1991-10-06T21:00:00,43192099999,GOA/PANJIM,15.483,73.817,25.4,1006.8,90.33
1991-10-07T00:00:00,43192099999,GOA/PANJIM,15.483,73.817,25.0,1006.8,91.4
1991-10-07T03:00:00,43192099999,GOA/PANJIM,15.483,73.817,27.2,1009.0,81.22
1991-10-07T06:00:00,43192099999,GOA/PANJIM,15.483,73.817,31.4,1008.2,66.07
1991-10-07T09:00:00,43192099999,GOA/PANJIM,15.483,73.817,31.0,1005.5,69.23
1991-10-07T12:00:00,43192099999,GOA/PANJIM,15.483,73.817,28.6,1005.3,79.0
1991-10-07T15:00:00,43192099999,GOA/PANJIM,15.483,73.817,27.4,1007.3,82.72
1991-10-07T18:00:00,43192099999,GOA/PANJIM,15.483,73.817,26.4,1007.3,88.79
1991-10-08T00:00:00,43192099999,GOA/PANJIM,15.483,73.817,25.8,1006.8,93.11
1991-10-08T03:00:00,43192099999,GOA/PANJIM,15.483,73.817,27.2,1009.2,90.45
1991-10-08T06:00:00,43192099999,GOA/PANJIM,15.483,73.817,30.6,1009.2,71.68
1991-10-08T09:00:00,43192099999,GOA/PANJIM,15.483,73.817,31.0,1006.2,67.99
1991-10-08T12:00:00,43192099999,GOA/PANJIM,15.483,73.817,28.6,1006.0,74.85
1991-10-08T15:00:00,43192099999,GOA/PANJIM,15.483,73.817,27.4,1007.8,84.22
1991-10-08T18:00:00,43192099999,GOA/PANJIM,15.483,73.817,26.2,1008.4,85.63
1991-10-08T21:00:00,43192099999,GOA/PANJIM,15.483,73.817,25.2,1006.8,88.16
1991-10-09T00:00:00,43192099999,GOA/PANJIM,15.483,73.817,25.0,1007.1,91.4
1991-10-09T03:00:00,43192099999,GOA/PANJIM,15.483,73.817,26.4,1009.5,88.79
1991-10-09T06:00:00,43192099999,GOA/PANJIM,15.483,73.817,30.2,1009.4,66.22
1991-10-09T12:00:00,43192099999,GOA/PANJIM,15.483,73.817,28.6,1006.6,67.94
1991-10-09T15:00:00,43192099999,GOA/PANJIM,15.483,73.817,26.6,1008.3,82.63
1991-10-09T18:00:00,43192099999,GOA/PANJIM,15.483,73.817,26.0,1008.7,84.07
1991-10-09T21:00:00,43192099999,GOA/PANJIM,15.483,73.817,25.4,1007.7,88.18
1991-10-10T00:00:00,43192099999,GOA/PANJIM,15.483,73.817,25.0,1007.8,91.4
1991-10-10T03:00:00,43192099999,GOA/PANJIM,15.483,73.817,26.0,1010.0,87.17
1991-10-10T06:00:00,43192099999,GOA/PANJIM,15.483,73.817,28.6,1010.4,73.51
1991-10-10T09:00:00,43192099999,GOA/PANJIM,15.483,73.817,30.4,1009.1,69.95
1991-10-10T12:00:00,43192099999,GOA/PANJIM,15.483,73.817,28.4,1007.8,74.82
1991-10-10T18:00:00,43192099999,GOA/PANJIM,15.483,73.817,26.8,1010.3,85.69
1991-10-10T21:00:00,43192099999,GOA/PANJIM,15.483,73.817,26.2,1008.7,85.63
1991-10-11T00:00:00,43192099999,GOA/PANJIM,15.483,73.817,26.0,1009.3,87.17
1991-10-11T03:00:00,43192099999,GOA/PANJIM,15.483,73.817,27.8,1010.7,78.42
1991-10-11T06:00:00,43192099999,GOA/PANJIM,15.483,73.817,30.8,1010.4,62.83
1991-10-11T12:00:00,43192099999,GOA/PANJIM,15.483,73.817,28.4,1007.8,81.86
1991-10-11T15:00:00,43192099999,GOA/PANJIM,15.483,73.817,26.6,1009.3,88.81
1991-10-11T18:00:00,43192099999,GOA/PANJIM,15.483,73.817,26.0,1009.1,92.01
1991-10-11T21:00:00,43192099999,GOA/PANJIM,15.483,73.817,25.6,1007.8,90.34
1991-10-12T00:00:00,43192099999,GOA/PANJIM,15.483,73.817,25.6,1007.9,91.44
1991-10-12T01:00:00,43192099999,GOA/PANJIM,15.483,73.817,31.0,1009.1,67.99
1991-10-12T06:00:00,43192099999,GOA/PANJIM,15.483,73.817,31.0,1009.1,67.99
1991-10-12T09:00:00,43192099999,GOA/PANJIM,15.483,73.817,31.0,1007.1,66.78
1991-10-12T12:00:00,43192099999,GOA/PANJIM,15.483,73.817,28.4,1006.4,81.86
1991-10-12T15:00:00,43192099999,GOA/PANJIM,15.483,73.817,27.0,1009.0,87.26
1991-10-12T18:00:00,43192099999,GOA/PANJIM,15.483,73.817,27.0,1008.9,88.84
1991-10-12T21:00:00,43192099999,GOA/PANJIM,15.483,73.817,26.4,1007.7,90.4
1991-10-13T00:00:00,43192099999,GOA/PANJIM,15.483,73.817,25.4,1007.8,91.42
1991-10-13T03:00:00,43192099999,GOA/PANJIM,15.483,73.817,28.0,1009.0,84.79
1991-10-13T06:00:00,43192099999,GOA/PANJIM,15.483,73.817,30.8,1007.7,70.44
1991-10-13T09:00:00,43192099999,GOA/PANJIM,15.483,73.817,30.8,1005.7,70.44
1991-10-13T12:00:00,43192099999,GOA/PANJIM,15.483,73.817,28.6,1005.7,76.21
1991-10-13T15:00:00,43192099999,GOA/PANJIM,15.483,73.817,27.4,1008.5,84.22
1991-10-13T18:00:00,43192099999,GOA/PANJIM,15.483,73.817,26.6,1009.0,90.41
1991-10-13T21:00:00,43192099999,GOA/PANJIM,15.483,73.817,26.4,1007.8,92.03
1991-10-14T00:00:00,43192099999,GOA/PANJIM,15.483,73.817,26.0,1007.9,93.67
1991-10-14T03:00:00,43192099999,GOA/PANJIM,15.483,73.817,27.6,1009.9,85.77
1991-10-14T06:00:00,43192099999,GOA/PANJIM,15.483,73.817,30.4,1009.7,65.07
1991-10-14T09:00:00,43192099999,GOA/PANJIM,15.483,73.817,30.4,1007.6,70.37
1991-10-14T12:00:00,43192099999,GOA/PANJIM,15.483,73.817,28.4,1007.2,73.03
1991-10-14T15:00:00,43192099999,GOA/PANJIM,15.483,73.817,27.2,1009.5,84.2
1991-10-14T18:00:00,43192099999,GOA/PANJIM,15.483,73.817,26.4,1010.2,88.79
1991-10-14T21:00:00,43192099999,GOA/PANJIM,15.483,73.817,26.0,1008.7,88.76
1991-10-15T00:00:00,43192099999,GOA/PANJIM,15.483,73.817,24.6,1009.0,94.74
1991-10-15T03:00:00,43192099999,GOA/PANJIM,15.483,73.817,26.2,1011.2,88.77
1991-10-15T06:00:00,43192099999,GOA/PANJIM,15.483,73.817,30.0,1011.5,62.28
1991-10-15T09:00:00,43192099999,GOA/PANJIM,15.483,73.817,30.8,1009.1,62.83
1991-10-15T12:00:00,43192099999,GOA/PANJIM,15.483,73.817,28.0,1009.5,75.66
1991-10-15T15:00:00,43192099999,GOA/PANJIM,15.483,73.817,27.0,1011.6,81.2
1991-10-15T18:00:00,43192099999,GOA/PANJIM,15.483,73.817,26.8,1011.9,85.69
1991-10-16T00:00:00,43192099999,GOA/PANJIM,15.483,73.817,25.2,1010.7,91.41
1991-10-16T03:00:00,43192099999,GOA/PANJIM,15.483,73.817,27.4,1012.6,76.95
1991-10-16T06:00:00,43192099999,GOA/PANJIM,15.483,73.817,30.6,1011.6,66.7
1991-10-16T09:00:00,43192099999,GOA/PANJIM,15.483,73.817,31.6,1009.3,64.93
1991-10-16T12:00:00,43192099999,GOA/PANJIM,15.483,73.817,28.6,1009.1,66.7
1991-10-16T15:00:00,43192099999,GOA/PANJIM,15.483,73.817,26.4,1011.5,81.12
1991-10-16T18:00:00,43192099999,GOA/PANJIM,15.483,73.817,25.8,1011.9,84.05
1991-10-16T21:00:00,43192099999,GOA/PANJIM,15.483,73.817,25.0,1010.3,86.56
1991-10-17T03:00:00,43192099999,GOA/PANJIM,15.483,73.817,26.6,1012.3,84.14
1991-10-17T06:00:00,43192099999,GOA/PANJIM,15.483,73.817,32.0,1011.4,60.13
1991-10-17T09:00:00,43192099999,GOA/PANJIM,15.483,73.817,31.0,1008.2,64.41
1991-10-17T12:00:00,43192099999,GOA/PANJIM,15.483,73.817,29.0,1008.0,74.91
1991-10-17T15:00:00,43192099999,GOA/PANJIM,15.483,73.817,27.6,1011.0,84.25
1991-10-17T18:00:00,43192099999,GOA/PANJIM,15.483,73.817,27.0,1011.1,84.18
1991-10-17T21:00:00,43192099999,GOA/PANJIM,15.483,73.817,25.6,1010.3,88.73
1991-10-18T00:00:00,43192099999,GOA/PANJIM,15.483,73.817,25.0,1010.3,88.14
1991-10-18T03:00:00,43192099999,GOA/PANJIM,15.483,73.817,27.8,1012.6,74.27
1991-10-18T06:00:00,43192099999,GOA/PANJIM,15.483,73.817,32.4,1011.4,54.99
1991-10-18T09:00:00,43192099999,GOA/PANJIM,15.483,73.817,32.0,1008.5,67.38
1991-10-18T12:00:00,43192099999,GOA/PANJIM,15.483,73.817,29.8,1008.5,72.83
1991-10-18T15:00:00,43192099999,GOA/PANJIM,15.483,73.817,22.4,1012.8,96.41
1991-10-19T00:00:00,43192099999,GOA/PANJIM,15.483,73.817,24.0,1010.9,93.02
1991-10-19T03:00:00,43192099999,GOA/PANJIM,15.483,73.817,26.2,1012.8,85.63
1991-10-19T06:00:00,43192099999,GOA/PANJIM,15.483,73.817,32.6,1012.3,57.42
1991-10-19T09:00:00,43192099999,GOA/PANJIM,15.483,73.817,31.4,1008.6,68.48
1991-10-19T12:00:00,43192099999,GOA/PANJIM,15.483,73.817,28.8,1009.7,70.93
1991-10-19T15:00:00,43192099999,GOA/PANJIM,15.483,73.817,25.6,1011.5,90.34
1991-10-19T21:00:00,43192099999,GOA/PANJIM,15.483,73.817,25.0,1009.3,91.4
1991-10-20T00:00:00,43192099999,GOA/PANJIM,15.483,73.817,25.6,1009.6,88.19
1991-10-20T03:00:00,43192099999,GOA/PANJIM,15.483,73.817,26.6,1011.8,85.67
1991-10-20T06:00:00,43192099999,GOA/PANJIM,15.483,73.817,32.8,1010.6,55.09
1991-10-20T09:00:00,43192099999,GOA/PANJIM,15.483,73.817,33.2,1006.8,62.23
1991-10-20T12:00:00,43192099999,GOA/PANJIM,15.483,73.817,30.4,1006.6,60.13
1991-10-20T15:00:00,43192099999,GOA/PANJIM,15.483,73.817,27.6,1010.5,82.75
1991-10-20T18:00:00,43192099999,GOA/PANJIM,15.483,73.817,27.4,1010.1,76.95
1991-10-20T21:00:00,43192099999,GOA/PANJIM,15.483,73.817,26.4,1008.6,87.21
1991-10-21T00:00:00,43192099999,GOA/PANJIM,15.483,73.817,25.6,1008.8,90.34
1991-10-21T03:00:00,43192099999,GOA/PANJIM,15.483,73.817,28.0,1011.3,78.45
1991-10-21T12:00:00,43192099999,GOA/PANJIM,15.483,73.817,30.6,1007.8,66.7
1991-10-21T15:00:00,43192099999,GOA/PANJIM,15.483,73.817,28.2,1010.0,86.34
1991-10-21T18:00:00,43192099999,GOA/PANJIM,15.483,73.817,27.0,1010.2,88.84
1991-10-21T21:00:00,43192099999,GOA/PANJIM,15.483,73.817,25.6,1008.7,93.1
1991-10-22T00:00:00,43192099999,GOA/PANJIM,15.483,73.817,25.0,1009.3,91.4
1991-10-22T03:00:00,43192099999,GOA/PANJIM,15.483,73.817,28.4,1011.6,67.9
1991-10-22T06:00:00,43192099999,GOA/PANJIM,15.483,73.817,33.8,1010.8,51.77
1991-10-22T09:00:00,43192099999,GOA/PANJIM,15.483,73.817,33.4,1008.2,56.92
1991-10-22T12:00:00,43192099999,GOA/PANJIM,15.483,73.817,30.0,1008.1,70.29
1991-10-22T15:00:00,43192099999,GOA/PANJIM,15.483,73.817,27.8,1010.3,79.85
1991-10-22T18:00:00,43192099999,GOA/PANJIM,15.483,73.817,27.2,1010.6,82.7
1991-10-23T00:00:00,43192099999,GOA/PANJIM,15.483,73.817,25.2,1009.6,93.08
1991-10-23T03:00:00,43192099999,GOA/PANJIM,15.483,73.817,28.0,1010.8,72.96
1991-10-23T06:00:00,43192099999,GOA/PANJIM,15.483,73.817,33.0,1010.3,50.01
1991-10-23T09:00:00,43192099999,GOA/PANJIM,15.483,73.817,32.6,1007.9,63.22
1991-10-23T12:00:00,43192099999,GOA/PANJIM,15.483,73.817,30.0,1007.2,67.39
1991-10-23T15:00:00,43192099999,GOA/PANJIM,15.483,73.817,27.6,1009.6,79.82
1991-10-23T18:00:00,43192099999,GOA/PANJIM,15.483,73.817,27.0,1010.1,81.2
1991-10-24T00:00:00,43192099999,GOA/PANJIM,15.483,73.817,24.6,1008.8,91.37
1991-10-24T03:00:00,43192099999,GOA/PANJIM,15.483,73.817,26.8,1010.6,78.28
1991-10-24T06:00:00,43192099999,GOA/PANJIM,15.483,73.817,32.6,1009.9,47.5
1991-10-24T18:00:00,43192099999,GOA/PANJIM,15.483,73.817,26.4,1010.2,88.79
1991-10-25T03:00:00,43192099999,GOA/PANJIM,15.483,73.817,25.8,,80.55
1991-10-25T06:00:00,43192099999,GOA/PANJIM,15.483,73.817,31.6,1010.3,43.27
1991-10-25T09:00:00,43192099999,GOA/PANJIM,15.483,73.817,31.4,1007.5,54.08
1991-10-25T12:00:00,43192099999,GOA/PANJIM,15.483,73.817,29.2,1007.5,66.83
1991-10-25T15:00:00,43192099999,GOA/PANJIM,15.483,73.817,27.0,1010.1,81.2
1991-10-25T21:00:00,43192099999,GOA/PANJIM,15.483,73.817,24.2,1008.8,91.35
1991-10-26T00:00:00,43192099999,GOA/PANJIM,15.483,73.817,23.2,1009.2,91.29
1991-10-26T03:00:00,43192099999,GOA/PANJIM,15.483,73.817,24.8,1011.6,81.91
1991-10-26T06:00:00,43192099999,GOA/PANJIM,15.483,73.817,30.4,1011.0,47.22
1991-10-26T18:00:00,43192099999,GOA/PANJIM,15.483,73.817,25.2,1010.7,83.48
1991-10-26T21:00:00,43192099999,GOA/PANJIM,15.483,73.817,23.4,1009.4,91.3
1991-10-27T00:00:00,43192099999,GOA/PANJIM,15.483,73.817,22.8,1009.5,92.95
1991-10-27T03:00:00,43192099999,GOA/PANJIM,15.483,73.817,24.6,1011.2,81.89
1991-10-27T06:00:00,43192099999,GOA/PANJIM,15.483,73.817,30.8,1010.7,55.61
1991-10-27T09:00:00,43192099999,GOA/PANJIM,15.483,73.817,31.4,1007.3,61.09
1991-10-27T12:00:00,43192099999,GOA/PANJIM,15.483,73.817,29.2,1007.7,66.83
1991-10-27T15:00:00,43192099999,GOA/PANJIM,15.483,73.817,27.0,1009.8,79.74
1991-10-27T18:00:00,43192099999,GOA/PANJIM,15.483,73.817,25.6,1009.7,91.44
1991-10-27T21:00:00,43192099999,GOA/PANJIM,15.483,73.817,24.2,1007.8,94.73
1991-10-28T00:00:00,43192099999,GOA/PANJIM,15.483,73.817,,1007.4,
1991-10-28T03:00:00,43192099999,GOA/PANJIM,15.483,73.817,25.4,1008.8,74.33
1991-10-28T06:00:00,43192099999,GOA/PANJIM,15.483,73.817,32.0,1007.2,30.47
1991-10-28T09:00:00,43192099999,GOA/PANJIM,15.483,73.817,33.8,1004.1,29.2
1991-10-28T12:00:00,43192099999,GOA/PANJIM,15.483,73.817,30.8,1003.9,58.05
1991-10-28T15:00:00,43192099999,GOA/PANJIM,15.483,73.817,27.4,1006.1,74.2
1991-10-28T18:00:00,43192099999,GOA/PANJIM,15.483,73.817,26.0,1005.8,80.58
1991-10-28T21:00:00,43192099999,GOA/PANJIM,15.483,73.817,24.0,1003.8,83.34
1991-10-29T00:00:00,43192099999,GOA/PANJIM,15.483,73.817,23.4,1004.6,84.3
1991-10-29T03:00:00,43192099999,GOA/PANJIM,15.483,73.817,25.4,1006.2,72.96
1991-10-29T06:00:00,43192099999,GOA/PANJIM,15.483,73.817,31.4,1005.7,45.16
1991-10-29T09:00:00,43192099999,GOA/PANJIM,15.483,73.817,32.6,1002.9,51.78
1991-10-29T12:00:00,43192099999,GOA/PANJIM,15.483,73.817,29.8,1003.3,61.1
1991-10-29T15:00:00,43192099999,GOA/PANJIM,15.483,73.817,28.4,1005.8,71.72
1991-10-29T18:00:00,43192099999,GOA/PANJIM,15.483,73.817,27.0,1005.7,73.69
1991-10-29T21:00:00,43192099999,GOA/PANJIM,15.483,73.817,26.2,1004.2,77.72
1991-10-30T00:00:00,43192099999,GOA/PANJIM,15.483,73.817,25.0,1004.4,91.4
1991-10-30T03:00:00,43192099999,GOA/PANJIM,15.483,73.817,27.4,1006.3,60.18
1991-10-30T06:00:00,43192099999,GOA/PANJIM,15.483,73.817,32.8,1005.8,50.89
1991-10-30T09:00:00,43192099999,GOA/PANJIM,15.483,73.817,31.4,1003.6,55.08
1991-10-30T12:00:00,43192099999,GOA/PANJIM,15.483,73.817,29.6,1004.1,64.51
1991-10-30T15:00:00,43192099999,GOA/PANJIM,15.483,73.817,27.8,1006.4,72.93
1991-10-30T18:00:00,43192099999,GOA/PANJIM,15.483,73.817,26.4,1006.7,82.61
1991-10-30T21:00:00,43192099999,GOA/PANJIM,15.483,73.817,25.0,1005.6,91.4
1991-10-31T00:00:00,43192099999,GOA/PANJIM,15.483,73.817,23.6,1006.4,89.66
1991-10-31T03:00:00,43192099999,GOA/PANJIM,15.483,73.817,25.2,1008.6,54.23
1991-10-31T06:00:00,43192099999,GOA/PANJIM,15.483,73.817,31.2,1008.0,32.31
1991-10-31T09:00:00,43192099999,GOA/PANJIM,15.483,73.817,34.4,1005.5,48.27
1991-10-31T12:00:00,43192099999,GOA/PANJIM,15.483,73.817,29.2,1006.1,59.12
1991-10-31T18:00:00,43192099999,GOA/PANJIM,15.483,73.817,25.4,1008.1,79.04
1991-10-31T21:00:00,43192099999,GOA/PANJIM,15.483,73.817,23.0,1006.9,87.98
1991-11-01T00:00:00,43192099999,GOA/PANJIM,15.483,73.817,22.4,1007.3,85.78
1991-11-01T03:00:00,43192099999,GOA/PANJIM,15.483,73.817,25.8,1009.8,73.03
1991-11-01T09:00:00,43192099999,GOA/PANJIM,15.483,73.817,32.8,1007.1,42.25
1991-11-01T12:00:00,43192099999,GOA/PANJIM,15.483,73.817,29.0,1007.1,54.15
1991-11-01T18:00:00,43192099999,GOA/PANJIM,15.483,73.817,27.0,1009.4,68.04
1991-11-02T00:00:00,43192099999,GOA/PANJIM,15.483,73.817,26.4,1009.2,66.26
1991-11-02T03:00:00,43192099999,GOA/PANJIM,15.483,73.817,28.0,1011.5,71.65
1991-11-02T06:00:00,43192099999,GOA/PANJIM,15.483,73.817,32.4,1010.8,53.66
1991-11-02T09:00:00,43192099999,GOA/PANJIM,15.483,73.817,31.2,1007.9,61.05
1991-11-02T12:00:00,43192099999,GOA/PANJIM,15.483,73.817,29.2,1008.2,71.0
1991-11-02T15:00:00,43192099999,GOA/PANJIM,15.483,73.817,27.6,1010.7,76.98
1991-11-02T18:00:00,43192099999,GOA/PANJIM,15.483,73.817,26.6,1010.7,85.67
1991-11-02T21:00:00,43192099999,GOA/PANJIM,15.483,73.817,25.6,1009.1,91.44
1991-11-03T00:00:00,43192099999,GOA/PANJIM,15.483,73.817,24.8,1009.2,94.75
1991-11-03T03:00:00,43192099999,GOA/PANJIM,15.483,73.817,26.6,1011.5,84.14
1991-11-03T06:00:00,43192099999,GOA/PANJIM,15.483,73.817,32.8,1011.0,58.52
1991-11-03T09:00:00,43192099999,GOA/PANJIM,15.483,73.817,31.4,1008.6,69.3
1991-11-03T12:00:00,43192099999,GOA/PANJIM,15.483,73.817,29.0,1008.9,74.91
1991-11-04T00:00:00,43192099999,GOA/PANJIM,15.483,73.817,26.0,1010.1,92.01
1991-11-04T03:00:00,43192099999,GOA/PANJIM,15.483,73.817,27.2,1012.6,84.2
1991-11-04T09:00:00,43192099999,GOA/PANJIM,15.483,73.817,31.0,1009.4,66.78
1991-11-04T12:00:00,43192099999,GOA/PANJIM,15.483,73.817,,1010.0,
1991-11-04T15:00:00,43192099999,GOA/PANJIM,15.483,73.817,27.4,1012.1,76.95
1991-11-04T18:00:00,43192099999,GOA/PANJIM,15.483,73.817,26.4,1012.5,85.65
1991-11-04T21:00:00,43192099999,GOA/PANJIM,15.483,73.817,25.6,1011.0,91.44
1991-11-05T00:00:00,43192099999,GOA/PANJIM,15.483,73.817,25.6,1011.2,91.44
1991-11-05T03:00:00,43192099999,GOA/PANJIM,15.483,73.817,27.6,1012.9,79.82
1991-11-05T06:00:00,43192099999,GOA/PANJIM,15.483,73.817,31.0,1012.0,66.78
1991-11-05T09:00:00,43192099999,GOA/PANJIM,15.483,73.817,31.6,1009.0,66.11
1991-11-05T12:00:00,43192099999,GOA/PANJIM,15.483,73.817,,1008.8,
1991-11-05T15:00:00,43192099999,GOA/PANJIM,15.483,73.817,27.6,1011.7,87.31
1991-11-05T18:00:00,43192099999,GOA/PANJIM,15.483,73.817,27.0,1012.2,87.26
1991-11-05T21:00:00,43192099999,GOA/PANJIM,15.483,73.817,26.2,1010.8,92.02
1991-11-06T00:00:00,43192099999,GOA/PANJIM,15.483,73.817,24.6,1011.1,94.74
1991-11-06T03:00:00,43192099999,GOA/PANJIM,15.483,73.817,25.6,1013.7,87.14
1991-11-06T06:00:00,43192099999,GOA/PANJIM,15.483,73.817,31.6,1013.3,48.43
1991-11-06T09:00:00,43192099999,GOA/PANJIM,15.483,73.817,32.6,1010.7,55.04
1991-11-06T12:00:00,43192099999,GOA/PANJIM,15.483,73.817,29.0,1010.9,74.91
1991-11-06T15:00:00,43192099999,GOA/PANJIM,15.483,73.817,27.4,1013.8,85.75
1991-11-06T18:00:00,43192099999,GOA/PANJIM,15.483,73.817,25.8,1014.0,93.11
1991-11-07T00:00:00,43192099999,GOA/PANJIM,15.483,73.817,23.2,1012.6,86.39
1991-11-07T03:00:00,43192099999,GOA/PANJIM,15.483,73.817,24.8,1014.8,69.75
1991-11-07T06:00:00,43192099999,GOA/PANJIM,15.483,73.817,31.2,1014.0,47.13
1991-11-07T09:00:00,43192099999,GOA/PANJIM,15.483,73.817,32.4,1010.9,48.34
1991-11-07T12:00:00,43192099999,GOA/PANJIM,15.483,73.817,29.4,1010.7,57.01
1991-11-07T18:00:00,43192099999,GOA/PANJIM,15.483,73.817,25.0,1013.1,83.45
1991-11-07T21:00:00,43192099999,GOA/PANJIM,15.483,73.817,23.0,1011.4,91.27
1991-11-08T00:00:00,43192099999,GOA/PANJIM,15.483,73.817,22.0,1011.4,92.91
1991-11-08T03:00:00,43192099999,GOA/PANJIM,15.483,73.817,24.0,1012.9,79.82
1991-11-08T06:00:00,43192099999,GOA/PANJIM,15.483,73.817,31.8,1011.8,50.94
1991-11-08T12:00:00,43192099999,GOA/PANJIM,15.483,73.817,28.6,1009.6,65.09
1991-11-08T15:00:00,43192099999,GOA/PANJIM,15.483,73.817,26.4,1011.7,74.95
1991-11-08T21:00:00,43192099999,GOA/PANJIM,15.483,73.817,23.4,1010.9,92.98
1991-11-09T00:00:00,43192099999,GOA/PANJIM,15.483,73.817,22.6,1011.0,92.94
1991-11-09T03:00:00,43192099999,GOA/PANJIM,15.483,73.817,24.4,1013.2,79.88
1991-11-09T06:00:00,43192099999,GOA/PANJIM,15.483,73.817,31.4,1012.6,52.76
1991-11-09T09:00:00,43192099999,GOA/PANJIM,15.483,73.817,32.0,1009.9,53.24
1991-11-09T12:00:00,43192099999,GOA/PANJIM,15.483,73.817,29.6,1009.6,69.8
1991-11-09T15:00:00,43192099999,GOA/PANJIM,15.483,73.817,27.0,1011.8,87.26
1991-11-09T18:00:00,43192099999,GOA/PANJIM,15.483,73.817,25.4,1011.7,91.42
1991-11-09T21:00:00,43192099999,GOA/PANJIM,15.483,73.817,24.0,1011.0,93.02
1991-11-10T00:00:00,43192099999,GOA/PANJIM,15.483,73.817,23.4,1011.3,82.76
1991-11-10T03:00:00,43192099999,GOA/PANJIM,15.483,73.817,25.8,1013.5,77.66
1991-11-10T06:00:00,43192099999,GOA/PANJIM,15.483,73.817,32.6,1012.5,48.39
1991-11-10T09:00:00,43192099999,GOA/PANJIM,15.483,73.817,34.2,1010.0,47.92
1991-11-10T12:00:00,43192099999,GOA/PANJIM,15.483,73.817,30.2,1010.5,62.7
1991-11-10T15:00:00,43192099999,GOA/PANJIM,15.483,73.817,27.4,1012.6,76.95
1991-11-10T18:00:00,43192099999,GOA/PANJIM,15.483,73.817,26.2,1013.0,77.72
1991-11-10T21:00:00,43192099999,GOA/PANJIM,15.483,73.817,25.0,1011.8,91.4
1991-11-11T00:00:00,43192099999,GOA/PANJIM,15.483,73.817,24.4,1011.9,93.04
1991-11-11T03:00:00,43192099999,GOA/PANJIM,15.483,73.817,26.0,1014.5,79.12
1991-11-11T06:00:00,43192099999,GOA/PANJIM,15.483,73.817,31.8,1013.6,55.52
1991-11-11T09:00:00,43192099999,GOA/PANJIM,15.483,73.817,32.8,1011.2,56.44
1991-11-11T12:00:00,43192099999,GOA/PANJIM,15.483,73.817,29.8,1010.9,66.14
1991-11-11T15:00:00,43192099999,GOA/PANJIM,15.483,73.817,27.6,1012.7,78.39
1991-11-11T18:00:00,43192099999,GOA/PANJIM,15.483,73.817,26.6,1012.6,78.25
1991-11-11T21:00:00,43192099999,GOA/PANJIM,15.483,73.817,25.2,1011.4,88.16
1991-11-12T00:00:00,43192099999,GOA/PANJIM,15.483,73.817,24.6,1011.5,94.74
1991-11-12T03:00:00,43192099999,GOA/PANJIM,15.483,73.817,26.6,1013.7,81.15
1991-11-12T09:00:00,43192099999,GOA/PANJIM,15.483,73.817,33.4,1009.8,53.58
1991-11-12T12:00:00,43192099999,GOA/PANJIM,15.483,73.817,29.8,1010.3,67.35
1991-11-12T15:00:00,43192099999,GOA/PANJIM,15.483,73.817,27.8,1012.6,78.42
1991-11-12T18:00:00,43192099999,GOA/PANJIM,15.483,73.817,26.4,1013.3,84.12
1991-11-12T21:00:00,43192099999,GOA/PANJIM,15.483,73.817,24.8,1011.4,91.39
1991-11-13T06:00:00,43192099999,GOA/PANJIM,15.483,73.817,31.6,1014.0,48.43
1991-11-13T09:00:00,43192099999,GOA/PANJIM,15.483,73.817,34.4,1010.6,32.76
1991-11-13T12:00:00,43192099999,GOA/PANJIM,15.483,73.817,30.4,1010.6,62.75
1991-11-13T15:00:00,43192099999,GOA/PANJIM,15.483,73.817,27.6,1013.1,78.39
1991-11-13T18:00:00,43192099999,GOA/PANJIM,15.483,73.817,26.0,1013.6,77.69
1991-11-13T21:00:00,43192099999,GOA/PANJIM,15.483,73.817,23.6,1012.6,89.66
1991-11-14T00:00:00,43192099999,GOA/PANJIM,15.483,73.817,23.6,1012.2,89.66
1991-11-14T03:00:00,43192099999,GOA/PANJIM,15.483,73.817,26.4,1014.2,65.03
1991-11-14T06:00:00,43192099999,GOA/PANJIM,15.483,73.817,32.6,1012.9,36.24
1991-11-14T09:00:00,43192099999,GOA/PANJIM,15.483,73.817,33.6,1009.6,45.19
1991-11-14T12:00:00,43192099999,GOA/PANJIM,15.483,73.817,29.8,1009.6,62.24
1991-11-14T15:00:00,43192099999,GOA/PANJIM,15.483,73.817,27.6,1011.2,67.33
1991-11-14T18:00:00,43192099999,GOA/PANJIM,15.483,73.817,25.6,1012.5,74.36
1991-11-14T21:00:00,43192099999,GOA/PANJIM,15.483,73.817,24.0,1010.1,79.82
1991-11-15T00:00:00,43192099999,GOA/PANJIM,15.483,73.817,23.6,1010.4,73.11
1991-11-15T03:00:00,43192099999,GOA/PANJIM,15.483,73.817,25.4,1012.0,66.88
1991-11-15T06:00:00,43192099999,GOA/PANJIM,15.483,73.817,31.6,1010.9,43.27
1991-11-15T09:00:00,43192099999,GOA/PANJIM,15.483,73.817,31.4,1007.7,54.08
1991-11-15T12:00:00,43192099999,GOA/PANJIM,15.483,73.817,29.2,1007.6,61.72
1991-11-15T15:00:00,43192099999,GOA/PANJIM,15.483,73.817,27.6,1009.9,64.48
1991-11-15T18:00:00,43192099999,GOA/PANJIM,15.483,73.817,27.0,1010.2,73.69
1991-11-15T21:00:00,43192099999,GOA/PANJIM,15.483,73.817,25.0,1009.2,83.45
1991-11-16T00:00:00,43192099999,GOA/PANJIM,15.483,73.817,24.6,1009.8,81.89
1991-11-16T03:00:00,43192099999,GOA/PANJIM,15.483,73.817,26.8,1011.3,68.0
1991-11-16T06:00:00,43192099999,GOA/PANJIM,15.483,73.817,31.2,1010.5,50.48
1991-11-16T09:00:00,43192099999,GOA/PANJIM,15.483,73.817,32.4,1008.4,49.24
1991-11-16T12:00:00,43192099999,GOA/PANJIM,15.483,73.817,29.8,1008.6,71.53
1991-11-16T15:00:00,43192099999,GOA/PANJIM,15.483,73.817,28.4,1010.5,63.86
1991-11-16T18:00:00,43192099999,GOA/PANJIM,15.483,73.817,27.2,1010.2,68.5
1991-11-16T21:00:00,43192099999,GOA/PANJIM,15.483,73.817,25.4,1008.8,69.87
1991-11-17T00:00:00,43192099999,GOA/PANJIM,15.483,73.817,25.0,1009.6,72.89
1991-11-17T03:00:00,43192099999,GOA/PANJIM,15.483,73.817,28.0,1011.6,62.22
1991-11-17T09:00:00,43192099999,GOA/PANJIM,15.483,73.817,30.6,1008.7,59.08
1991-11-17T12:00:00,43192099999,GOA/PANJIM,15.483,73.817,29.6,1008.6,64.51
1991-11-17T15:00:00,43192099999,GOA/PANJIM,15.483,73.817,25.4,,
1991-11-17T21:00:00,43192099999,GOA/PANJIM,15.483,73.817,25.2,1010.6,85.01
1991-11-18T00:00:00,43192099999,GOA/PANJIM,15.483,73.817,25.8,1010.7,79.09
1991-11-18T03:00:00,43192099999,GOA/PANJIM,15.483,73.817,27.2,1013.5,65.2
1991-11-18T06:00:00,43192099999,GOA/PANJIM,15.483,73.817,30.2,1013.4,57.56
1991-11-18T09:00:00,43192099999,GOA/PANJIM,15.483,73.817,31.2,1011.1,58.5
1991-11-18T12:00:00,43192099999,GOA/PANJIM,15.483,73.817,28.8,1011.3,74.88
1991-11-18T15:00:00,43192099999,GOA/PANJIM,15.483,73.817,27.6,1013.5,76.98
1991-11-18T18:00:00,43192099999,GOA/PANJIM,15.483,73.817,25.4,1013.6,86.59
1991-11-18T21:00:00,43192099999,GOA/PANJIM,15.483,73.817,25.4,1012.1,86.59
1991-11-19T00:00:00,43192099999,GOA/PANJIM,15.483,73.817,24.8,1011.9,81.91
1991-11-19T03:00:00,43192099999,GOA/PANJIM,15.483,73.817,27.0,1014.3,66.79
1991-11-19T06:00:00,43192099999,GOA/PANJIM,15.483,73.817,30.6,1013.9,58.01
1991-11-19T09:00:00,43192099999,GOA/PANJIM,15.483,73.817,31.0,1011.3,58.46
1991-11-19T15:00:00,43192099999,GOA/PANJIM,15.483,73.817,27.0,1013.4,79.74
1991-11-19T18:00:00,43192099999,GOA/PANJIM,15.483,73.817,26.0,1013.2,82.56
1991-11-19T21:00:00,43192099999,GOA/PANJIM,15.483,73.817,24.8,1011.4,91.39
1991-11-20T00:00:00,43192099999,GOA/PANJIM,15.483,73.817,23.8,1011.8,93.0
1991-11-20T03:00:00,43192099999,GOA/PANJIM,15.483,73.817,26.4,1014.8,76.34
1991-11-20T06:00:00,43192099999,GOA/PANJIM,15.483,73.817,31.8,1013.7,49.7
1991-11-20T09:00:00,43192099999,GOA/PANJIM,15.483,73.817,33.0,1010.4,53.16
1991-11-20T12:00:00,43192099999,GOA/PANJIM,15.483,73.817,29.4,1010.3,65.66
1991-11-20T15:00:00,43192099999,GOA/PANJIM,15.483,73.817,27.2,1012.6,76.92
1991-11-20T18:00:00,43192099999,GOA/PANJIM,15.483,73.817,26.0,1012.8,77.69
1991-11-20T21:00:00,43192099999,GOA/PANJIM,15.483,73.817,24.6,1010.8,89.73
1991-11-21T00:00:00,43192099999,GOA/PANJIM,15.483,73.817,23.6,1010.8,92.99
1991-11-21T03:00:00,43192099999,GOA/PANJIM,15.483,73.817,25.8,1013.3,76.24
1991-11-21T06:00:00,43192099999,GOA/PANJIM,15.483,73.817,31.2,1012.6,42.62
1991-11-21T09:00:00,43192099999,GOA/PANJIM,15.483,73.817,32.2,1009.4,51.36
1991-11-21T12:00:00,43192099999,GOA/PANJIM,15.483,73.817,29.8,1009.4,63.38
1991-11-21T15:00:00,43192099999,GOA/PANJIM,15.483,73.817,27.4,1012.3,75.57
1991-11-21T18:00:00,43192099999,GOA/PANJIM,15.483,73.817,26.6,1013.5,84.14
1991-11-21T21:00:00,43192099999,GOA/PANJIM,15.483,73.817,25.2,1011.5,86.57
1991-11-22T00:00:00,43192099999,GOA/PANJIM,15.483,73.817,24.2,1011.5,88.08
1991-11-22T03:00:00,43192099999,GOA/PANJIM,15.483,73.817,26.8,1013.6,68.0
1991-11-22T06:00:00,43192099999,GOA/PANJIM,15.483,73.817,30.4,1013.0,53.16
1991-11-22T09:00:00,43192099999,GOA/PANJIM,15.483,73.817,32.6,1010.0,50.52
1991-11-22T12:00:00,43192099999,GOA/PANJIM,15.483,73.817,30.0,1010.0,58.58
1991-11-22T15:00:00,43192099999,GOA/PANJIM,15.483,73.817,27.8,1013.6,71.61
1991-11-22T18:00:00,43192099999,GOA/PANJIM,15.483,73.817,27.4,1014.1,75.57
1991-11-23T00:00:00,43192099999,GOA/PANJIM,15.483,73.817,24.2,1012.1,89.7
1991-11-23T03:00:00,43192099999,GOA/PANJIM,15.483,73.817,26.2,1014.0,71.76
1991-11-23T06:00:00,43192099999,GOA/PANJIM,15.483,73.817,31.2,1014.2,47.13
1991-11-23T09:00:00,43192099999,GOA/PANJIM,15.483,73.817,33.0,1011.0,39.47
1991-11-23T12:00:00,43192099999,GOA/PANJIM,15.483,73.817,29.8,1010.6,63.38
1991-11-23T15:00:00,43192099999,GOA/PANJIM,15.483,73.817,27.0,1013.6,76.89
1991-11-23T18:00:00,43192099999,GOA/PANJIM,15.483,73.817,26.0,1014.2,82.56
1991-11-23T21:00:00,43192099999,GOA/PANJIM,15.483,73.817,24.4,1012.7,84.93
1991-11-24T00:00:00,43192099999,GOA/PANJIM,15.483,73.817,23.8,1012.9,50.48
1991-11-24T03:00:00,43192099999,GOA/PANJIM,15.483,73.817,25.6,1014.6,67.34
1991-11-24T06:00:00,43192099999,GOA/PANJIM,15.483,73.817,30.6,1013.7,38.81
1991-11-24T09:00:00,43192099999,GOA/PANJIM,15.483,73.817,32.8,1010.4,31.5
1991-11-24T12:00:00,43192099999,GOA/PANJIM,15.483,73.817,31.2,1010.6,
1991-11-24T15:00:00,43192099999,GOA/PANJIM,15.483,73.817,26.6,1012.8,50.56
1991-11-24T18:00:00,43192099999,GOA/PANJIM,15.483,73.817,25.4,1012.9,52.9
1991-11-24T21:00:00,43192099999,GOA/PANJIM,15.483,73.817,23.8,1011.7,65.72
1991-11-25T00:00:00,43192099999,GOA/PANJIM,15.483,73.817,24.4,1011.6,61.81
1991-11-25T03:00:00,43192099999,GOA/PANJIM,15.483,73.817,25.8,1014.1,62.91
1991-11-25T06:00:00,43192099999,GOA/PANJIM,15.483,73.817,30.4,1013.9,49.65
1991-11-25T09:00:00,43192099999,GOA/PANJIM,15.483,73.817,32.8,1010.6,42.25
1991-11-25T12:00:00,43192099999,GOA/PANJIM,15.483,73.817,30.0,1011.1,61.15
1991-11-25T15:00:00,43192099999,GOA/PANJIM,15.483,73.817,27.6,1013.9,78.39
1991-11-25T18:00:00,43192099999,GOA/PANJIM,15.483,73.817,25.8,1014.3,76.24
1991-11-25T21:00:00,43192099999,GOA/PANJIM,15.483,73.817,24.4,1013.7,86.5
1991-11-26T00:00:00,43192099999,GOA/PANJIM,15.483,73.817,23.4,1013.7,82.76
1991-11-26T03:00:00,43192099999,GOA/PANJIM,15.483,73.817,25.4,1015.9,72.96
1991-11-26T06:00:00,43192099999,GOA/PANJIM,15.483,73.817,32.0,1015.3,42.56
1991-11-26T09:00:00,43192099999,GOA/PANJIM,15.483,73.817,33.2,1011.4,49.15
1991-11-26T12:00:00,43192099999,GOA/PANJIM,15.483,73.817,29.0,1011.6,68.02
1991-11-26T15:00:00,43192099999,GOA/PANJIM,15.483,73.817,27.0,1014.7,75.5
1991-11-26T18:00:00,43192099999,GOA/PANJIM,15.483,73.817,25.6,1015.4,77.63
1991-11-26T21:00:00,43192099999,GOA/PANJIM,15.483,73.817,24.0,1014.4,88.06
1991-11-27T00:00:00,43192099999,GOA/PANJIM,15.483,73.817,22.6,1014.3,87.4
1991-11-27T03:00:00,43192099999,GOA/PANJIM,15.483,73.817,,1016.2,
1991-11-27T09:00:00,43192099999,GOA/PANJIM,15.483,73.817,32.4,1011.2,42.94
1991-11-27T12:00:00,43192099999,GOA/PANJIM,15.483,73.817,29.2,1011.4,50.59
1991-11-27T15:00:00,43192099999,GOA/PANJIM,15.483,73.817,26.0,1013.6,73.07
1991-11-28T00:00:00,43192099999,GOA/PANJIM,15.483,73.817,20.0,1013.4,81.31
1991-11-28T03:00:00,43192099999,GOA/PANJIM,15.483,73.817,22.8,1014.8,58.73
1991-11-28T06:00:00,43192099999,GOA/PANJIM,15.483,73.817,31.2,1014.1,30.45
1991-11-28T09:00:00,43192099999,GOA/PANJIM,15.483,73.817,33.0,1010.6,29.95
1991-11-28T12:00:00,43192099999,GOA/PANJIM,15.483,73.817,28.8,1010.7,49.23
1991-11-28T15:00:00,43192099999,GOA/PANJIM,15.483,73.817,25.0,1013.2,63.93
1991-11-28T21:00:00,43192099999,GOA/PANJIM,15.483,73.817,21.4,1012.2,87.29
1991-11-29T00:00:00,43192099999,GOA/PANJIM,15.483,73.817,20.4,1012.4,79.83
1991-11-29T03:00:00,43192099999,GOA/PANJIM,15.483,73.817,22.0,1014.6,73.75
1991-11-29T06:00:00,43192099999,GOA/PANJIM,15.483,73.817,,1013.8,
1991-11-29T09:00:00,43192099999,GOA/PANJIM,15.483,73.817,30.0,1010.9,58.58
1991-11-29T12:00:00,43192099999,GOA/PANJIM,15.483,73.817,28.0,1010.6,71.65
1991-11-29T15:00:00,43192099999,GOA/PANJIM,15.483,73.817,26.0,1012.6,84.07
1991-11-29T21:00:00,43192099999,GOA/PANJIM,15.483,73.817,23.0,1011.5,91.27
1991-11-30T00:00:00,43192099999,GOA/PANJIM,15.483,73.817,22.4,1011.9,91.24
1991-11-30T03:00:00,43192099999,GOA/PANJIM,15.483,73.817,24.2,1014.0,84.91
1991-11-30T06:00:00,43192099999,GOA/PANJIM,15.483,73.817,,1013.1,
1991-11-30T09:00:00,43192099999,GOA/PANJIM,15.483,73.817,30.4,1010.0,60.13
1991-11-30T12:00:00,43192099999,GOA/PANJIM,15.483,73.817,28.4,1009.7,71.72
1991-11-30T15:00:00,43192099999,GOA/PANJIM,15.483,73.817,28.4,1009.7,71.72
1991-11-30T18:00:00,43192099999,GOA/PANJIM,15.483,73.817,25.0,1011.4,72.89
1991-11-30T21:00:00,43192099999,GOA/PANJIM,15.483,73.817,23.8,1010.4,89.67
1991-12-01T00:00:00,43192099999,GOA/PANJIM,15.483,73.817,23.2,1010.2,92.97
1991-12-01T03:00:00,43192099999,GOA/PANJIM,15.483,73.817,24.6,1012.5,89.73
1991-12-01T06:00:00,43192099999,GOA/PANJIM,15.483,73.817,29.4,1012.3,57.01
1991-12-01T09:00:00,43192099999,GOA/PANJIM,15.483,73.817,30.8,1009.8,54.6
1991-12-01T12:00:00,43192099999,GOA/PANJIM,15.483,73.817,28.4,1010.1,63.86
1991-12-01T15:00:00,43192099999,GOA/PANJIM,15.483,73.817,26.0,1012.3,71.73
1991-12-01T18:00:00,43192099999,GOA/PANJIM,15.483,73.817,24.4,1012.4,88.09
1991-12-01T21:00:00,43192099999,GOA/PANJIM,15.483,73.817,23.2,1011.5,92.97
1991-12-02T00:00:00,43192099999,GOA/PANJIM,15.483,73.817,22.4,1012.4,94.66
1991-12-02T03:00:00,43192099999,GOA/PANJIM,15.483,73.817,24.0,1014.8,83.34
1991-12-02T06:00:00,43192099999,GOA/PANJIM,15.483,73.817,30.0,1014.7,55.08
1991-12-02T09:00:00,43192099999,GOA/PANJIM,15.483,73.817,30.6,1012.1,61.66
1991-12-02T12:00:00,43192099999,GOA/PANJIM,15.483,73.817,28.0,1012.5,69.07
1991-12-02T15:00:00,43192099999,GOA/PANJIM,15.483,73.817,26.0,1014.7,82.56
1991-12-02T18:00:00,43192099999,GOA/PANJIM,15.483,73.817,24.8,1014.8,81.91
1991-12-02T21:00:00,43192099999,GOA/PANJIM,15.483,73.817,24.4,1013.5,83.38
1991-12-03T00:00:00,43192099999,GOA/PANJIM,15.483,73.817,23.4,1013.4,92.98
1991-12-03T03:00:00,43192099999,GOA/PANJIM,15.483,73.817,24.8,1015.7,84.97
1991-12-03T06:00:00,43192099999,GOA/PANJIM,15.483,73.817,31.4,1015.6,41.87
1991-12-03T09:00:00,43192099999,GOA/PANJIM,15.483,73.817,31.0,1012.4,53.65
1991-12-03T12:00:00,43192099999,GOA/PANJIM,15.483,73.817,29.0,1012.6,60.55
1991-12-03T15:00:00,43192099999,GOA/PANJIM,15.483,73.817,26.6,1015.3,73.62
1991-12-03T18:00:00,43192099999,GOA/PANJIM,15.483,73.817,25.2,1015.8,80.47
1991-12-03T21:00:00,43192099999,GOA/PANJIM,15.483,73.817,23.2,1014.4,89.63
1991-12-04T00:00:00,43192099999,GOA/PANJIM,15.483,73.817,22.4,1014.8,80.6
1991-12-04T03:00:00,43192099999,GOA/PANJIM,15.483,73.817,24.2,1017.4,61.76
1991-12-04T06:00:00,43192099999,GOA/PANJIM,15.483,73.817,29.4,1016.3,46.36
1991-12-04T09:00:00,43192099999,GOA/PANJIM,15.483,73.817,32.8,1011.7,24.35
1991-12-04T12:00:00,43192099999,GOA/PANJIM,15.483,73.817,28.4,1011.7,57.49
1991-12-04T15:00:00,43192099999,GOA/PANJIM,15.483,73.817,25.2,1015.2,74.29
1991-12-04T18:00:00,43192099999,GOA/PANJIM,15.483,73.817,23.4,,60.79
1991-12-04T21:00:00,43192099999,GOA/PANJIM,15.483,73.817,21.6,1014.3,84.11
1991-12-05T00:00:00,43192099999,GOA/PANJIM,15.483,73.817,20.0,1014.4,79.77
1991-12-05T03:00:00,43192099999,GOA/PANJIM,15.483,73.817,22.4,1017.5,69.29
1991-12-05T06:00:00,43192099999,GOA/PANJIM,15.483,73.817,29.6,1016.5,39.8
1991-12-05T09:00:00,43192099999,GOA/PANJIM,15.483,73.817,32.2,1012.6,27.11
1991-12-05T12:00:00,43192099999,GOA/PANJIM,15.483,73.817,27.2,1013.3,57.56
1991-12-05T15:00:00,43192099999,GOA/PANJIM,15.483,73.817,24.8,1015.6,69.75
1991-12-05T18:00:00,43192099999,GOA/PANJIM,15.483,73.817,23.0,1016.0,76.28
1991-12-05T21:00:00,43192099999,GOA/PANJIM,15.483,73.817,21.2,1015.1,90.6
1991-12-06T00:00:00,43192099999,GOA/PANJIM,15.483,73.817,19.8,1015.6,88.81
1991-12-06T03:00:00,43192099999,GOA/PANJIM,15.483,73.817,21.6,1018.3,68.69
1991-12-06T06:00:00,43192099999,GOA/PANJIM,15.483,73.817,29.0,1017.7,41.21
1991-12-06T09:00:00,43192099999,GOA/PANJIM,15.483,73.817,30.2,1014.1,41.54
1991-12-06T12:00:00,43192099999,GOA/PANJIM,15.483,73.817,27.6,1014.2,52.79
1991-12-06T18:00:00,43192099999,GOA/PANJIM,15.483,73.817,22.0,1016.6,80.55
1991-12-06T21:00:00,43192099999,GOA/PANJIM,15.483,73.817,20.8,1015.4,66.36
1991-12-07T00:00:00,43192099999,GOA/PANJIM,15.483,73.817,19.8,1015.7,79.24
1991-12-07T03:00:00,43192099999,GOA/PANJIM,15.483,73.817,21.8,1018.8,59.26
1991-12-07T06:00:00,43192099999,GOA/PANJIM,15.483,73.817,28.4,1017.0,42.67
1991-12-07T09:00:00,43192099999,GOA/PANJIM,15.483,73.817,33.2,1012.9,24.78
1991-12-07T12:00:00,43192099999,GOA/PANJIM,15.483,73.817,28.0,1014.0,51.9
1991-12-07T15:00:00,43192099999,GOA/PANJIM,15.483,73.817,24.6,1015.8,66.3
1991-12-07T18:00:00,43192099999,GOA/PANJIM,15.483,73.817,22.8,1016.2,81.16
1991-12-08T00:00:00,43192099999,GOA/PANJIM,15.483,73.817,19.4,1015.2,84.93
1991-12-08T03:00:00,43192099999,GOA/PANJIM,15.483,73.817,21.6,1017.0,68.69
1991-12-08T06:00:00,43192099999,GOA/PANJIM,15.483,73.817,28.8,1016.6,40.89
1991-12-08T09:00:00,43192099999,GOA/PANJIM,15.483,73.817,33.2,1012.6,30.2
1991-12-08T15:00:00,43192099999,GOA/PANJIM,15.483,73.817,25.4,1014.4,64.01
1991-12-08T21:00:00,43192099999,GOA/PANJIM,15.483,73.817,20.8,1013.9,90.57
1991-12-09T00:00:00,43192099999,GOA/PANJIM,15.483,73.817,19.8,1013.8,79.24
1991-12-09T03:00:00,43192099999,GOA/PANJIM,15.483,73.817,21.6,1016.6,65.25
1991-12-09T06:00:00,43192099999,GOA/PANJIM,15.483,73.817,30.0,1015.8,35.98
1991-12-09T09:00:00,43192099999,GOA/PANJIM,15.483,73.817,31.4,1012.5,38.79
1991-12-09T15:00:00,43192099999,GOA/PANJIM,15.483,73.817,25.0,1014.1,65.15
1991-12-09T18:00:00,43192099999,GOA/PANJIM,15.483,73.817,22.6,1014.3,79.13
1991-12-09T21:00:00,43192099999,GOA/PANJIM,15.483,73.817,20.8,1013.0,87.24
1991-12-10T00:00:00,43192099999,GOA/PANJIM,15.483,73.817,19.8,1014.1,77.74
1991-12-10T03:00:00,43192099999,GOA/PANJIM,15.483,73.817,21.4,1016.8,66.91
1991-12-10T06:00:00,43192099999,GOA/PANJIM,15.483,73.817,29.6,1015.9,37.55
1991-12-10T09:00:00,43192099999,GOA/PANJIM,15.483,73.817,30.4,1012.8,45.18
1991-12-10T12:00:00,43192099999,GOA/PANJIM,15.483,73.817,,1013.2,
1991-12-10T15:00:00,43192099999,GOA/PANJIM,15.483,73.817,25.0,1015.4,63.93
1991-12-10T18:00:00,43192099999,GOA/PANJIM,15.483,73.817,23.0,1015.7,77.72
1991-12-10T21:00:00,43192099999,GOA/PANJIM,15.483,73.817,21.4,1014.1,87.29
1991-12-11T00:00:00,43192099999,GOA/PANJIM,15.483,73.817,20.6,1014.4,72.11
1991-12-11T03:00:00,43192099999,GOA/PANJIM,15.483,73.817,22.8,1016.7,63.45
1991-12-11T06:00:00,43192099999,GOA/PANJIM,15.483,73.817,29.4,1015.7,41.59
1991-12-11T12:00:00,43192099999,GOA/PANJIM,15.483,73.817,27.4,1012.9,56.53
1991-12-11T15:00:00,43192099999,GOA/PANJIM,15.483,73.817,25.4,1014.8,65.64
1991-12-11T18:00:00,43192099999,GOA/PANJIM,15.483,73.817,23.2,1015.2,73.04
1991-12-11T21:00:00,43192099999,GOA/PANJIM,15.483,73.817,22.0,1014.4,65.76
1991-12-12T00:00:00,43192099999,GOA/PANJIM,15.483,73.817,22.0,1014.5,65.76
1991-12-12T03:00:00,43192099999,GOA/PANJIM,15.483,73.817,23.4,1015.9,69.92
1991-12-12T06:00:00,43192099999,GOA/PANJIM,15.483,73.817,30.0,1015.4,48.01
1991-12-12T09:00:00,43192099999,GOA/PANJIM,15.483,73.817,32.2,1011.5,33.66
1991-12-12T12:00:00,43192099999,GOA/PANJIM,15.483,73.817,31.0,1011.8,38.68
1991-12-12T15:00:00,43192099999,GOA/PANJIM,15.483,73.817,26.6,1014.6,74.98
1991-12-12T18:00:00,43192099999,GOA/PANJIM,15.483,73.817,24.6,1014.8,83.41
1991-12-12T21:00:00,43192099999,GOA/PANJIM,15.483,73.817,23.4,1014.0,79.74
1991-12-13T00:00:00,43192099999,GOA/PANJIM,15.483,73.817,23.0,1013.6,71.18
1991-12-13T03:00:00,43192099999,GOA/PANJIM,15.483,73.817,24.4,1015.7,67.95
1991-12-13T06:00:00,43192099999,GOA/PANJIM,15.483,73.817,29.4,1014.8,46.36
1991-12-13T12:00:00,43192099999,GOA/PANJIM,15.483,73.817,29.4,1011.3,62.15
1991-12-13T18:00:00,43192099999,GOA/PANJIM,15.483,73.817,24.4,1013.7,76.97
1991-12-14T00:00:00,43192099999,GOA/PANJIM,15.483,73.817,22.8,1012.4,68.06
1991-12-14T03:00:00,43192099999,GOA/PANJIM,15.483,73.817,24.8,1014.4,59.2
1991-12-14T06:00:00,43192099999,GOA/PANJIM,15.483,73.817,29.6,1013.8,43.0
1991-12-14T09:00:00,43192099999,GOA/PANJIM,15.483,73.817,31.8,1010.8,37.19
1991-12-14T12:00:00,43192099999,GOA/PANJIM,15.483,73.817,30.2,1010.9,45.99
1991-12-14T15:00:00,43192099999,GOA/PANJIM,15.483,73.817,27.0,1013.4,56.08
1991-12-14T18:00:00,43192099999,GOA/PANJIM,15.483,73.817,25.2,1014.1,57.08
1991-12-14T21:00:00,43192099999,GOA/PANJIM,15.483,73.817,29.8,1013.1,43.05
1991-12-15T00:00:00,43192099999,GOA/PANJIM,15.483,73.817,23.0,1012.8,69.85
1991-12-15T03:00:00,43192099999,GOA/PANJIM,15.483,73.817,23.6,1014.6,68.65
1991-12-15T06:00:00,43192099999,GOA/PANJIM,15.483,73.817,28.4,1013.6,48.81
1991-12-15T09:00:00,43192099999,GOA/PANJIM,15.483,73.817,31.6,1010.2,37.86
1991-12-15T12:00:00,43192099999,GOA/PANJIM,15.483,73.817,30.0,,42.29
1991-12-15T15:00:00,43192099999,GOA/PANJIM,15.483,73.817,26.2,1013.8,51.43
1991-12-15T18:00:00,43192099999,GOA/PANJIM,15.483,73.817,24.8,1013.9,55.18
1991-12-15T21:00:00,43192099999,GOA/PANJIM,15.483,73.817,23.2,1012.4,
1991-12-16T00:00:00,43192099999,GOA/PANJIM,15.483,73.817,22.4,1012.1,58.25
1991-12-16T06:00:00,43192099999,GOA/PANJIM,15.483,73.817,29.4,1012.6,37.25
1991-12-16T09:00:00,43192099999,GOA/PANJIM,15.483,73.817,31.2,,38.48
1991-12-16T12:00:00,43192099999,GOA/PANJIM,15.483,73.817,30.6,1009.9,43.0
1991-12-16T15:00:00,43192099999,GOA/PANJIM,15.483,73.817,25.4,1011.9,72.96
1991-12-16T18:00:00,43192099999,GOA/PANJIM,15.483,73.817,23.2,1012.2,76.31
1991-12-16T21:00:00,43192099999,GOA/PANJIM,15.483,73.817,,1011.1,
1991-12-17T00:00:00,43192099999,GOA/PANJIM,15.483,73.817,22.2,,57.45
1991-12-17T03:00:00,43192099999,GOA/PANJIM,15.483,73.817,23.8,1012.7,57.1
1991-12-17T06:00:00,43192099999,GOA/PANJIM,15.483,73.817,29.6,1011.9,36.35
1991-12-17T09:00:00,43192099999,GOA/PANJIM,15.483,73.817,30.8,1009.3,46.73
1991-12-17T12:00:00,43192099999,GOA/PANJIM,15.483,73.817,28.2,1008.9,58.52
1991-12-17T15:00:00,43192099999,GOA/PANJIM,15.483,73.817,25.4,1011.0,69.87
1991-12-17T18:00:00,43192099999,GOA/PANJIM,15.483,73.817,24.0,1011.0,64.52
1991-12-17T21:00:00,43192099999,GOA/PANJIM,15.483,73.817,22.8,1009.3,66.35
1991-12-18T00:00:00,43192099999,GOA/PANJIM,15.483,73.817,22.0,1009.4,58.16
1991-12-18T03:00:00,43192099999,GOA/PANJIM,15.483,73.817,23.8,1011.4,51.14
1991-12-18T09:00:00,43192099999,GOA/PANJIM,15.483,73.817,32.4,1007.6,34.82
1991-12-18T12:00:00,43192099999,GOA/PANJIM,15.483,73.817,29.4,1007.3,55.62
1991-12-18T15:00:00,43192099999,GOA/PANJIM,15.483,73.817,26.6,1009.8,76.37
1991-12-18T18:00:00,43192099999,GOA/PANJIM,15.483,73.817,24.4,1010.3,84.93
1991-12-18T21:00:00,43192099999,GOA/PANJIM,15.483,73.817,22.6,,84.22
1991-12-19T00:00:00,43192099999,GOA/PANJIM,15.483,73.817,21.6,1008.5,53.31
1991-12-19T03:00:00,43192099999,GOA/PANJIM,15.483,73.817,23.2,1011.6,68.57
1991-12-19T06:00:00,43192099999,GOA/PANJIM,15.483,73.817,29.6,1010.9,41.91
1991-12-19T09:00:00,43192099999,GOA/PANJIM,15.483,73.817,32.8,1007.8,40.43
1991-12-19T12:00:00,43192099999,GOA/PANJIM,15.483,73.817,27.8,1007.9,62.18
1991-12-19T15:00:00,43192099999,GOA/PANJIM,15.483,73.817,26.0,1010.3,73.07
1991-12-19T18:00:00,43192099999,GOA/PANJIM,15.483,73.817,24.4,1010.6,83.38
1991-12-19T21:00:00,43192099999,GOA/PANJIM,15.483,73.817,22.6,1009.1,84.22
1991-12-20T00:00:00,43192099999,GOA/PANJIM,15.483,73.817,22.4,1009.9,89.57
1991-12-20T03:00:00,43192099999,GOA/PANJIM,15.483,73.817,23.2,1011.4,76.31
1991-12-20T06:00:00,43192099999,GOA/PANJIM,15.483,73.817,30.2,1010.8,49.28
1991-12-20T09:00:00,43192099999,GOA/PANJIM,15.483,73.817,30.8,1008.2,55.61
1991-12-20T12:00:00,43192099999,GOA/PANJIM,15.483,73.817,28.0,,67.41
1991-12-20T15:00:00,43192099999,GOA/PANJIM,15.483,73.817,27.0,1009.9,76.89
1991-12-20T18:00:00,43192099999,GOA/PANJIM,15.483,73.817,26.4,1010.0,73.59
1991-12-21T00:00:00,43192099999,GOA/PANJIM,15.483,73.817,24.2,1009.0,79.85
1991-12-21T03:00:00,43192099999,GOA/PANJIM,15.483,73.817,24.8,1011.0,77.03
1991-12-21T06:00:00,43192099999,GOA/PANJIM,15.483,73.817,30.8,1010.5,47.62
1991-12-21T12:00:00,43192099999,GOA/PANJIM,15.483,73.817,28.4,1007.7,73.03
1991-12-21T15:00:00,43192099999,GOA/PANJIM,15.483,73.817,26.2,1009.9,79.15
1991-12-22T00:00:00,43192099999,GOA/PANJIM,15.483,73.817,22.0,1010.0,82.08
1991-12-22T03:00:00,43192099999,GOA/PANJIM,15.483,73.817,23.6,1012.4,66.94
1991-12-22T06:00:00,43192099999,GOA/PANJIM,15.483,73.817,29.8,1012.0,42.23
1991-12-22T12:00:00,43192099999,GOA/PANJIM,15.483,73.817,27.4,1008.7,61.7
1991-12-22T18:00:00,43192099999,GOA/PANJIM,15.483,73.817,23.4,1011.7,69.92
1991-12-22T21:00:00,43192099999,GOA/PANJIM,15.483,73.817,21.8,1011.0,76.09
1991-12-23T00:00:00,43192099999,GOA/PANJIM,15.483,73.817,21.0,1011.0,79.91
1991-12-23T03:00:00,43192099999,GOA/PANJIM,15.483,73.817,21.0,1012.3,83.51
1991-12-23T09:00:00,43192099999,GOA/PANJIM,15.483,73.817,30.0,1009.2,56.11
1991-12-23T12:00:00,43192099999,GOA/PANJIM,15.483,73.817,27.4,1008.9,67.29
1991-12-23T18:00:00,43192099999,GOA/PANJIM,15.483,73.817,23.6,1010.9,78.3
1991-12-23T21:00:00,43192099999,GOA/PANJIM,15.483,73.817,21.8,1009.7,85.72
1991-12-24T00:00:00,43192099999,GOA/PANJIM,15.483,73.817,20.6,1009.3,94.59
1991-12-24T03:00:00,43192099999,GOA/PANJIM,15.483,73.817,22.0,1012.0,88.99
1991-12-24T06:00:00,43192099999,GOA/PANJIM,15.483,73.817,27.6,1011.8,64.09
1991-12-24T09:00:00,43192099999,GOA/PANJIM,15.483,73.817,22.0,1012.0,88.99
1991-12-24T12:00:00,43192099999,GOA/PANJIM,15.483,73.817,26.6,1009.4,69.23
1991-12-24T15:00:00,43192099999,GOA/PANJIM,15.483,73.817,24.8,1011.3,75.62
1991-12-24T18:00:00,43192099999,GOA/PANJIM,15.483,73.817,23.4,1011.4,81.24
1991-12-24T21:00:00,43192099999,GOA/PANJIM,15.483,73.817,21.6,1009.8,92.89
1991-12-25T00:00:00,43192099999,GOA/PANJIM,15.483,73.817,20.6,1009.4,94.59
1991-12-25T03:00:00,43192099999,GOA/PANJIM,15.483,73.817,21.6,1011.4,85.7
1991-12-25T06:00:00,43192099999,GOA/PANJIM,15.483,73.817,29.0,1010.8,56.57
1991-12-25T09:00:00,43192099999,GOA/PANJIM,15.483,73.817,29.4,1007.9,54.59
1991-12-25T12:00:00,43192099999,GOA/PANJIM,15.483,73.817,26.4,1007.9,70.49
1991-12-25T15:00:00,43192099999,GOA/PANJIM,15.483,73.817,24.4,1010.1,79.88
1991-12-25T18:00:00,43192099999,GOA/PANJIM,15.483,73.817,23.8,1010.5,74.99
1991-12-25T21:00:00,43192099999,GOA/PANJIM,15.483,73.817,23.0,1009.9,82.71
1991-12-26T03:00:00,43192099999,GOA/PANJIM,15.483,73.817,21.8,1012.2,88.97
1991-12-26T06:00:00,43192099999,GOA/PANJIM,15.483,73.817,28.0,1012.0,54.58
1991-12-26T09:00:00,43192099999,GOA/PANJIM,15.483,73.817,27.6,1009.6,56.58
1991-12-26T12:00:00,43192099999,GOA/PANJIM,15.483,73.817,26.0,1009.5,61.78
1991-12-26T15:00:00,43192099999,GOA/PANJIM,15.483,73.817,24.0,1011.3,71.37
1991-12-26T18:00:00,43192099999,GOA/PANJIM,15.483,73.817,22.2,1011.1,69.25
1991-12-26T21:00:00,43192099999,GOA/PANJIM,15.483,73.817,20.6,1009.4,73.04
1991-12-27T03:00:00,43192099999,GOA/PANJIM,15.483,73.817,21.0,1012.1,87.26
1991-12-27T06:00:00,43192099999,GOA/PANJIM,15.483,73.817,27.2,1011.9,51.04
1991-12-27T09:00:00,43192099999,GOA/PANJIM,15.483,73.817,28.2,1009.7,52.28
1991-12-27T12:00:00,43192099999,GOA/PANJIM,15.483,73.817,25.2,1008.5,61.21
1991-12-27T15:00:00,43192099999,GOA/PANJIM,15.483,73.817,23.4,1010.9,71.71
1991-12-27T18:00:00,43192099999,GOA/PANJIM,15.483,73.817,21.8,1011.4,73.72
1991-12-27T21:00:00,43192099999,GOA/PANJIM,15.483,73.817,20.4,1010.5,88.3
1991-12-28T00:00:00,43192099999,GOA/PANJIM,15.483,73.817,19.4,1010.3,92.2
1991-12-28T03:00:00,43192099999,GOA/PANJIM,15.483,73.817,21.0,1012.4,83.51
1991-12-28T06:00:00,43192099999,GOA/PANJIM,15.483,73.817,27.8,1012.4,58.06
1991-12-28T09:00:00,43192099999,GOA/PANJIM,15.483,73.817,28.6,1009.9,55.08
1991-12-28T12:00:00,43192099999,GOA/PANJIM,15.483,73.817,27.0,1010.4,58.61
1991-12-28T15:00:00,43192099999,GOA/PANJIM,15.483,73.817,24.2,1012.7,73.67
1991-12-28T18:00:00,43192099999,GOA/PANJIM,15.483,73.817,23.0,1013.5,76.28
1991-12-28T21:00:00,43192099999,GOA/PANJIM,15.483,73.817,21.2,1012.4,88.92
1991-12-29T00:00:00,43192099999,GOA/PANJIM,15.483,73.817,20.4,1013.9,90.54
1991-12-29T03:00:00,43192099999,GOA/PANJIM,15.483,73.817,21.4,1015.1,82.0
1991-12-29T06:00:00,43192099999,GOA/PANJIM,15.483,73.817,28.8,1015.2,51.45
1991-12-29T09:00:00,43192099999,GOA/PANJIM,15.483,73.817,30.0,1012.1,46.81
1991-12-29T12:00:00,43192099999,GOA/PANJIM,15.483,73.817,27.4,1012.4,57.61
1991-12-29T15:00:00,43192099999,GOA/PANJIM,15.483,73.817,24.8,1014.7,72.41
1991-12-29T18:00:00,43192099999,GOA/PANJIM,15.483,73.817,23.4,1015.2,77.78
1991-12-29T21:00:00,43192099999,GOA/PANJIM,15.483,73.817,21.4,1013.2,87.29
1991-12-30T03:00:00,43192099999,GOA/PANJIM,15.483,73.817,21.0,1015.3,83.51
1991-12-30T06:00:00,43192099999,GOA/PANJIM,15.483,73.817,27.6,1014.8,54.14
1991-12-30T09:00:00,43192099999,GOA/PANJIM,15.483,73.817,29.4,1011.4,50.96
1991-12-30T12:00:00,43192099999,GOA/PANJIM,15.483,73.817,26.0,1011.2,61.78
1991-12-30T15:00:00,43192099999,GOA/PANJIM,15.483,73.817,24.0,1013.1,65.76
1991-12-30T18:00:00,43192099999,GOA/PANJIM,15.483,73.817,22.0,1013.7,68.77
1991-12-30T21:00:00,43192099999,GOA/PANJIM,15.483,73.817,20.6,1012.2,79.86
1991-12-31T03:00:00,43192099999,GOA/PANJIM,15.483,73.817,20.8,1014.7,81.93
1991-12-31T06:00:00,43192099999,GOA/PANJIM,15.483,73.817,28.0,1014.7,48.09
1991-12-31T09:00:00,43192099999,GOA/PANJIM,15.483,73.817,27.6,1012.1,50.18
1991-12-31T12:00:00,43192099999,GOA/PANJIM,15.483,73.817,25.4,1012.0,54.28
1991-12-31T15:00:00,43192099999,GOA/PANJIM,15.483,73.817,23.0,1014.1,59.16
1991-12-31T18:00:00,43192099999,GOA/PANJIM,15.483,73.817,21.0,1014.0,69.91
1991-12-31T21:00:00,43192099999,GOA/PANJIM,15.483,73.817,19.4,1013.3,77.18
