timestamp,station_id,station_name,latitude,longitude,temperature,pressure,humidity
2010-01-01T00:00:00,43201099999,GADAG,15.417,75.633,19.4,1011.8,92.2
2010-01-01T03:00:00,43201099999,GADAG,15.417,75.633,21.2,1012.3,87.82
2010-01-01T06:00:00,43201099999,GADAG,15.417,75.633,25.6,1012.0,53.64
2010-01-01T09:00:00,43201099999,GADAG,15.417,75.633,28.2,1007.9,39.93
2010-01-01T12:00:00,43201099999,GADAG,15.417,75.633,27.6,1008.1,40.29
2010-01-01T15:00:00,43201099999,GADAG,15.417,75.633,24.2,1012.0,60.21
2010-01-01T18:00:00,43201099999,GADAG,15.417,75.633,22.8,1012.6,67.63
2010-01-01T21:00:00,43201099999,GADAG,15.417,75.633,20.8,1011.9,78.88
2010-01-02T00:00:00,43201099999,GADAG,15.417,75.633,19.8,1012.5,85.51
2010-01-02T03:00:00,43201099999,GADAG,15.417,75.633,20.0,1012.7,83.93
2010-01-02T06:00:00,43201099999,GADAG,15.417,75.633,25.0,1014.2,45.16
2010-01-02T09:00:00,43201099999,GADAG,15.417,75.633,28.4,1010.5,44.35
2010-01-02T12:00:00,43201099999,GADAG,15.417,75.633,26.6,,34.34
2010-01-02T15:00:00,43201099999,GADAG,15.417,75.633,22.6,1014.5,52.87
2010-01-02T18:00:00,43201099999,GADAG,15.417,75.633,21.0,1015.1,64.71
2010-01-02T21:00:00,43201099999,GADAG,15.417,75.633,18.6,1014.7,81.13
2010-01-03T00:00:00,43201099999,GADAG,15.417,75.633,17.0,1014.8,90.3
2010-01-03T03:00:00,43201099999,GADAG,15.417,75.633,20.0,1015.7,72.01
2010-01-03T06:00:00,43201099999,GADAG,15.417,75.633,25.2,1014.2,41.78
2010-01-03T09:00:00,43201099999,GADAG,15.417,75.633,27.6,1010.7,31.52
2010-01-03T12:00:00,43201099999,GADAG,15.417,75.633,27.0,1010.5,31.78
2010-01-03T15:00:00,43201099999,GADAG,15.417,75.633,24.0,1013.4,50.53
2010-01-03T18:00:00,43201099999,GADAG,15.417,75.633,19.6,1014.4,71.47
2010-01-03T21:00:00,43201099999,GADAG,15.417,75.633,17.6,1013.6,81.0
2010-01-04T00:00:00,43201099999,GADAG,15.417,75.633,16.6,1013.6,86.29
2010-01-04T03:00:00,43201099999,GADAG,15.417,75.633,20.0,1014.7,70.17
2010-01-04T06:00:00,43201099999,GADAG,15.417,75.633,25.8,1012.8,36.73
2010-01-04T09:00:00,43201099999,GADAG,15.417,75.633,29.0,1008.5,27.53
2010-01-04T12:00:00,43201099999,GADAG,15.417,75.633,28.6,1007.8,25.96
2010-01-04T15:00:00,43201099999,GADAG,15.417,75.633,24.0,1010.9,51.86
2010-01-04T18:00:00,43201099999,GADAG,15.417,75.633,19.6,1012.0,71.47
2010-01-04T21:00:00,43201099999,GADAG,15.417,75.633,17.6,1011.0,84.74
2010-01-05T00:00:00,43201099999,GADAG,15.417,75.633,16.6,1011.1,87.98
2010-01-05T03:00:00,43201099999,GADAG,15.417,75.633,19.8,1012.2,70.13
2010-01-05T06:00:00,43201099999,GADAG,15.417,75.633,27.0,1010.2,33.99
2010-01-05T09:00:00,43201099999,GADAG,15.417,75.633,23.2,1006.3,34.07
2010-01-05T12:00:00,43201099999,GADAG,15.417,75.633,28.2,1006.4,22.36
2010-01-05T15:00:00,43201099999,GADAG,15.417,75.633,24.0,1009.8,51.86
2010-01-05T18:00:00,43201099999,GADAG,15.417,75.633,21.4,1010.6,55.77
2010-01-05T21:00:00,43201099999,GADAG,15.417,75.633,18.4,1009.7,81.1
2010-01-06T00:00:00,43201099999,GADAG,15.417,75.633,17.0,1010.6,86.33
2010-01-06T03:00:00,43201099999,GADAG,15.417,75.633,20.0,1011.7,72.01
2010-01-06T06:00:00,43201099999,GADAG,15.417,75.633,26.0,1010.5,41.73
2010-01-06T09:00:00,43201099999,GADAG,15.417,75.633,28.0,1007.2,39.62
2010-01-06T12:00:00,43201099999,GADAG,15.417,75.633,26.8,1007.2,30.46
2010-01-06T15:00:00,43201099999,GADAG,15.417,75.633,21.6,1010.5,46.05
2010-01-06T18:00:00,43201099999,GADAG,15.417,75.633,20.6,1010.8,58.2
2010-01-06T21:00:00,43201099999,GADAG,15.417,75.633,18.6,1010.3,67.21
2010-01-07T00:00:00,43201099999,GADAG,15.417,75.633,16.6,1011.7,86.29
2010-01-07T03:00:00,43201099999,GADAG,15.417,75.633,19.0,1013.7,70.9
2010-01-07T06:00:00,43201099999,GADAG,15.417,75.633,23.6,1013.4,44.78
2010-01-07T09:00:00,43201099999,GADAG,15.417,75.633,26.2,1008.7,34.92
2010-01-07T12:00:00,43201099999,GADAG,15.417,75.633,25.6,1008.9,29.71
2010-01-07T15:00:00,43201099999,GADAG,15.417,75.633,23.6,1011.5,45.98
2010-01-07T18:00:00,43201099999,GADAG,15.417,75.633,17.8,1013.7,70.21
2010-01-07T21:00:00,43201099999,GADAG,15.417,75.633,15.8,1013.1,79.7
2010-01-08T00:00:00,43201099999,GADAG,15.417,75.633,14.8,1013.3,84.99
2010-01-08T03:00:00,43201099999,GADAG,15.417,75.633,17.4,1014.4,90.33
2010-01-08T06:00:00,43201099999,GADAG,15.417,75.633,24.4,1013.2,51.3
2010-01-08T09:00:00,43201099999,GADAG,15.417,75.633,26.6,1009.2,32.32
2010-01-08T12:00:00,43201099999,GADAG,15.417,75.633,26.2,1008.4,33.77
2010-01-08T15:00:00,43201099999,GADAG,15.417,75.633,23.6,1011.2,45.98
2010-01-08T18:00:00,43201099999,GADAG,15.417,75.633,21.0,1012.5,64.71
2010-01-08T21:00:00,43201099999,GADAG,15.417,75.633,19.0,1011.7,79.64
2010-01-09T00:00:00,43201099999,GADAG,15.417,75.633,17.0,1012.1,86.33
2010-01-09T03:00:00,43201099999,GADAG,15.417,75.633,19.6,1013.0,81.78
2010-01-09T06:00:00,43201099999,GADAG,15.417,75.633,25.6,1012.0,49.65
2010-01-09T09:00:00,43201099999,GADAG,15.417,75.633,28.0,1008.1,39.62
2010-01-09T12:00:00,43201099999,GADAG,15.417,75.633,27.6,1007.9,42.45
2010-01-09T15:00:00,43201099999,GADAG,15.417,75.633,24.2,1010.8,61.37
2010-01-09T18:00:00,43201099999,GADAG,15.417,75.633,23.0,1012.0,69.41
2010-01-09T21:00:00,43201099999,GADAG,15.417,75.633,21.2,1010.9,80.95
2010-01-10T00:00:00,43201099999,GADAG,15.417,75.633,20.6,1010.9,89.43
2010-01-10T03:00:00,43201099999,GADAG,15.417,75.633,21.0,1013.2,85.64
2010-01-10T06:00:00,43201099999,GADAG,15.417,75.633,26.6,1011.8,49.59
2010-01-10T09:00:00,43201099999,GADAG,15.417,75.633,29.0,1008.6,41.74
2010-01-10T12:00:00,43201099999,GADAG,15.417,75.633,28.0,1008.3,39.62
2010-01-10T15:00:00,43201099999,GADAG,15.417,75.633,24.6,1012.1,76.06
2010-01-10T18:00:00,43201099999,GADAG,15.417,75.633,23.2,1013.4,70.77
2010-01-10T21:00:00,43201099999,GADAG,15.417,75.633,22.8,,75.3
2010-01-11T00:00:00,43201099999,GADAG,15.417,75.633,22.6,1011.7,83.7
2010-01-11T03:00:00,43201099999,GADAG,15.417,75.633,23.4,1013.4,81.74
2010-01-11T06:00:00,43201099999,GADAG,15.417,75.633,28.8,1012.6,51.78
2010-01-11T09:00:00,43201099999,GADAG,15.417,75.633,29.6,1008.8,44.68
2010-01-11T12:00:00,43201099999,GADAG,15.417,75.633,29.0,1008.4,41.74
2010-01-11T15:00:00,43201099999,GADAG,15.417,75.633,25.6,1011.9,65.27
2010-01-11T18:00:00,43201099999,GADAG,15.417,75.633,23.6,1013.5,88.03
2010-01-11T21:00:00,43201099999,GADAG,15.417,75.633,22.6,1012.4,89.58
2010-01-12T00:00:00,43201099999,GADAG,15.417,75.633,22.4,1012.0,91.24
2010-01-12T03:00:00,43201099999,GADAG,15.417,75.633,23.6,1014.1,88.03
2010-01-12T06:00:00,43201099999,GADAG,15.417,75.633,25.0,1014.8,65.15
2010-01-12T09:00:00,43201099999,GADAG,15.417,75.633,27.2,1011.0,56.13
2010-01-12T12:00:00,43201099999,GADAG,15.417,75.633,27.2,1010.1,53.7
2010-01-12T15:00:00,43201099999,GADAG,15.417,75.633,24.2,1013.7,61.37
2010-01-12T18:00:00,43201099999,GADAG,15.417,75.633,22.8,1014.7,89.6
2010-01-12T21:00:00,43201099999,GADAG,15.417,75.633,22.4,1013.8,91.24
2010-01-13T00:00:00,43201099999,GADAG,15.417,75.633,21.6,1013.6,91.19
2010-01-13T03:00:00,43201099999,GADAG,15.417,75.633,22.0,1015.2,86.27
2010-01-13T06:00:00,43201099999,GADAG,15.417,75.633,24.6,1015.3,52.36
2010-01-13T09:00:00,43201099999,GADAG,15.417,75.633,27.4,1011.3,50.44
2010-01-13T12:00:00,43201099999,GADAG,15.417,75.633,27.0,1011.4,47.52
2010-01-13T15:00:00,43201099999,GADAG,15.417,75.633,24.8,1013.5,59.2
2010-01-13T18:00:00,43201099999,GADAG,15.417,75.633,23.6,1014.9,71.29
2010-01-13T21:00:00,43201099999,GADAG,15.417,75.633,22.8,1013.6,75.3
2010-01-14T00:00:00,43201099999,GADAG,15.417,75.633,22.0,1014.2,87.89
2010-01-14T03:00:00,43201099999,GADAG,15.417,75.633,23.0,1016.2,83.22
2010-01-14T06:00:00,43201099999,GADAG,15.417,75.633,26.6,1015.5,62.69
2010-01-14T09:00:00,43201099999,GADAG,15.417,75.633,28.8,1011.9,49.54
2010-01-14T12:00:00,43201099999,GADAG,15.417,75.633,28.0,1011.3,49.65
2010-01-14T15:00:00,43201099999,GADAG,15.417,75.633,24.6,1013.9,71.92
2010-01-14T18:00:00,43201099999,GADAG,15.417,75.633,24.0,1014.8,80.32
2010-01-14T21:00:00,43201099999,GADAG,15.417,75.633,23.0,1014.3,86.37
2010-01-15T00:00:00,43201099999,GADAG,15.417,75.633,22.0,1014.6,89.54
2010-01-15T03:00:00,43201099999,GADAG,15.417,75.633,22.2,1017.3,84.7
2010-01-15T06:00:00,43201099999,GADAG,15.417,75.633,26.6,1016.7,53.21
2010-01-15T09:00:00,43201099999,GADAG,15.417,75.633,25.6,1014.4,58.64
2010-01-15T12:00:00,43201099999,GADAG,15.417,75.633,26.6,1013.7,53.21
2010-01-15T15:00:00,43201099999,GADAG,15.417,75.633,23.4,1016.3,73.99
2010-01-15T18:00:00,43201099999,GADAG,15.417,75.633,22.0,1017.8,86.27
2010-01-15T21:00:00,43201099999,GADAG,15.417,75.633,21.6,1017.0,87.86
2010-01-16T00:00:00,43201099999,GADAG,15.417,75.633,20.2,1018.0,88.84
2010-01-16T03:00:00,43201099999,GADAG,15.417,75.633,20.8,1018.8,84.02
2010-01-16T06:00:00,43201099999,GADAG,15.417,75.633,25.4,1018.3,61.25
2010-01-16T09:00:00,43201099999,GADAG,15.417,75.633,26.6,1015.3,53.21
2010-01-16T12:00:00,43201099999,GADAG,15.417,75.633,26.6,1015.1,54.58
2010-01-16T15:00:00,43201099999,GADAG,15.417,75.633,22.6,1017.6,76.7
2010-01-16T18:00:00,43201099999,GADAG,15.417,75.633,21.0,1018.4,87.8
2010-01-16T21:00:00,43201099999,GADAG,15.417,75.633,20.0,1017.7,90.51
2010-01-17T00:00:00,43201099999,GADAG,15.417,75.633,19.4,1017.1,92.2
2010-01-17T03:00:00,43201099999,GADAG,15.417,75.633,20.6,1018.6,92.84
2010-01-17T06:00:00,43201099999,GADAG,15.417,75.633,26.4,1017.6,55.58
2010-01-17T09:00:00,43201099999,GADAG,15.417,75.633,28.0,1014.2,47.48
2010-01-17T12:00:00,43201099999,GADAG,15.417,75.633,27.6,1013.4,42.45
2010-01-17T15:00:00,43201099999,GADAG,15.417,75.633,23.2,1016.5,65.18
2010-01-17T18:00:00,43201099999,GADAG,15.417,75.633,20.6,1017.6,87.22
2010-01-17T21:00:00,43201099999,GADAG,15.417,75.633,18.6,1016.7,94.51
2010-01-18T00:00:00,43201099999,GADAG,15.417,75.633,19.0,1017.1,94.52
2010-01-18T03:00:00,43201099999,GADAG,15.417,75.633,20.6,1017.7,89.43
2010-01-18T06:00:00,43201099999,GADAG,15.417,75.633,27.0,1016.5,55.03
2010-01-18T09:00:00,43201099999,GADAG,15.417,75.633,27.0,1013.1,51.31
2010-01-18T12:00:00,43201099999,GADAG,15.417,75.633,27.0,1012.3,45.12
2010-01-18T15:00:00,43201099999,GADAG,15.417,75.633,21.4,1014.6,71.34
2010-01-18T18:00:00,43201099999,GADAG,15.417,75.633,20.4,1015.5,78.82
2010-01-18T21:00:00,43201099999,GADAG,15.417,75.633,19.6,1015.0,83.35
2010-01-19T00:00:00,43201099999,GADAG,15.417,75.633,18.0,1015.1,90.38
2010-01-19T03:00:00,43201099999,GADAG,15.417,75.633,20.2,1015.5,88.84
2010-01-19T06:00:00,43201099999,GADAG,15.417,75.633,26.6,1013.9,70.09
2010-01-19T09:00:00,43201099999,GADAG,15.417,75.633,29.0,1010.3,41.74
2010-01-19T12:00:00,43201099999,GADAG,15.417,75.633,27.4,1009.9,51.42
2010-01-19T15:00:00,43201099999,GADAG,15.417,75.633,23.0,1012.8,64.72
2010-01-19T18:00:00,43201099999,GADAG,15.417,75.633,21.2,1013.9,72.68
2010-01-19T21:00:00,43201099999,GADAG,15.417,75.633,19.8,1013.5,80.26
2010-01-20T00:00:00,43201099999,GADAG,15.417,75.633,18.0,1014.6,86.43
2010-01-20T03:00:00,43201099999,GADAG,15.417,75.633,19.0,1016.4,87.07
2010-01-20T06:00:00,43201099999,GADAG,15.417,75.633,25.6,1015.6,42.17
2010-01-20T09:00:00,43201099999,GADAG,15.417,75.633,28.0,1012.2,29.97
2010-01-20T12:00:00,43201099999,GADAG,15.417,75.633,27.2,1011.8,32.05
2010-01-20T15:00:00,43201099999,GADAG,15.417,75.633,23.0,1014.9,46.43
2010-01-20T18:00:00,43201099999,GADAG,15.417,75.633,20.0,1015.7,60.4
2010-01-20T21:00:00,43201099999,GADAG,15.417,75.633,17.6,1014.7,66.56
2010-01-21T00:00:00,43201099999,GADAG,15.417,75.633,17.6,1014.7,63.11
2010-01-21T03:00:00,43201099999,GADAG,15.417,75.633,18.2,1016.8,72.15
2010-01-21T06:00:00,43201099999,GADAG,15.417,75.633,25.6,1015.5,29.71
2010-01-21T09:00:00,43201099999,GADAG,15.417,75.633,27.8,1011.3,19.74
2010-01-21T12:00:00,43201099999,GADAG,15.417,75.633,27.6,1010.2,22.36
2010-01-21T15:00:00,43201099999,GADAG,15.417,75.633,19.8,1014.2,46.48
2010-01-21T18:00:00,43201099999,GADAG,15.417,75.633,16.4,1014.8,61.58
2010-01-21T21:00:00,43201099999,GADAG,15.417,75.633,15.0,1013.9,69.66
2010-01-22T00:00:00,43201099999,GADAG,15.417,75.633,14.2,1014.2,72.86
2010-01-22T03:00:00,43201099999,GADAG,15.417,75.633,18.0,1016.0,66.64
2010-01-22T06:00:00,43201099999,GADAG,15.417,75.633,25.6,1014.3,40.0
2010-01-22T09:00:00,43201099999,GADAG,15.417,75.633,28.0,1010.3,28.01
2010-01-22T12:00:00,43201099999,GADAG,15.417,75.633,26.6,1010.5,28.01
2010-01-22T15:00:00,43201099999,GADAG,15.417,75.633,20.6,1014.4,39.11
2010-01-22T18:00:00,43201099999,GADAG,15.417,75.633,17.8,1015.4,56.36
2010-01-22T21:00:00,43201099999,GADAG,15.417,75.633,15.6,1014.6,64.38
2010-01-23T00:00:00,43201099999,GADAG,15.417,75.633,15.0,1014.4,65.56
2010-01-23T03:00:00,43201099999,GADAG,15.417,75.633,19.6,1015.2,66.54
2010-01-23T09:00:00,43201099999,GADAG,15.417,75.633,27.0,1010.5,27.54
2010-01-23T12:00:00,43201099999,GADAG,15.417,75.633,26.8,1010.3,27.11
2010-01-23T15:00:00,43201099999,GADAG,15.417,75.633,20.0,1014.0,43.77
2010-01-23T18:00:00,43201099999,GADAG,15.417,75.633,16.8,1015.2,65.51
2010-01-23T21:00:00,43201099999,GADAG,15.417,75.633,14.4,1014.6,72.9
2010-01-24T00:00:00,43201099999,GADAG,15.417,75.633,15.0,1013.1,73.49
2010-01-24T03:00:00,43201099999,GADAG,15.417,75.633,18.6,1014.1,74.12
2010-01-24T06:00:00,43201099999,GADAG,15.417,75.633,25.0,1013.2,43.99
2010-01-24T09:00:00,43201099999,GADAG,15.417,75.633,27.2,1009.1,29.95
2010-01-24T12:00:00,43201099999,GADAG,15.417,75.633,27.2,1008.6,29.95
2010-01-24T15:00:00,43201099999,GADAG,15.417,75.633,21.4,1011.9,42.99
2010-01-24T18:00:00,43201099999,GADAG,15.417,75.633,17.8,1013.8,56.36
2010-01-24T21:00:00,43201099999,GADAG,15.417,75.633,16.8,1012.3,55.35
2010-01-25T00:00:00,43201099999,GADAG,15.417,75.633,16.0,1012.4,66.66
2010-01-25T03:00:00,43201099999,GADAG,15.417,75.633,19.4,1014.2,87.11
2010-01-25T06:00:00,43201099999,GADAG,15.417,75.633,25.6,1013.6,56.09
2010-01-25T09:00:00,43201099999,GADAG,15.417,75.633,28.0,1010.2,37.35
2010-01-25T12:00:00,43201099999,GADAG,15.417,75.633,26.8,1009.2,35.8
2010-01-25T15:00:00,43201099999,GADAG,15.417,75.633,22.2,1012.4,48.42
2010-01-25T18:00:00,43201099999,GADAG,15.417,75.633,20.0,1013.4,51.15
2010-01-25T21:00:00,43201099999,GADAG,15.417,75.633,17.6,1012.8,56.31
2010-01-26T00:00:00,43201099999,GADAG,15.417,75.633,17.6,1013.1,59.43
2010-01-26T03:00:00,43201099999,GADAG,15.417,75.633,18.2,1016.0,68.91
2010-01-26T06:00:00,43201099999,GADAG,15.417,75.633,25.2,1015.1,44.34
2010-01-26T09:00:00,43201099999,GADAG,15.417,75.633,27.2,1011.4,37.37
2010-01-26T12:00:00,43201099999,GADAG,15.417,75.633,26.6,1010.5,33.42
2010-01-26T15:00:00,43201099999,GADAG,15.417,75.633,21.6,1014.1,50.22
2010-01-26T18:00:00,43201099999,GADAG,15.417,75.633,19.6,1014.7,56.81
2010-01-26T21:00:00,43201099999,GADAG,15.417,75.633,19.6,1012.8,53.86
2010-01-27T00:00:00,43201099999,GADAG,15.417,75.633,18.2,1013.5,58.78
2010-01-27T03:00:00,43201099999,GADAG,15.417,75.633,18.0,1016.8,74.02
2010-01-27T06:00:00,43201099999,GADAG,15.417,75.633,25.8,1014.6,52.33
2010-01-27T09:00:00,43201099999,GADAG,15.417,75.633,28.0,1010.7,41.74
2010-01-27T12:00:00,43201099999,GADAG,15.417,75.633,26.6,1009.5,44.72
2010-01-27T15:00:00,43201099999,GADAG,15.417,75.633,22.4,1013.2,58.25
2010-01-27T18:00:00,43201099999,GADAG,15.417,75.633,20.0,1014.3,67.06
2010-01-27T21:00:00,43201099999,GADAG,15.417,75.633,19.2,1013.2,72.8
2010-01-28T00:00:00,43201099999,GADAG,15.417,75.633,19.0,1013.4,76.13
2010-01-28T03:00:00,43201099999,GADAG,15.417,75.633,20.4,1014.7,83.97
2010-01-28T06:00:00,43201099999,GADAG,15.417,75.633,26.4,1013.9,57.01
2010-01-28T09:00:00,43201099999,GADAG,15.417,75.633,28.6,1010.9,41.36
2010-01-28T12:00:00,43201099999,GADAG,15.417,75.633,27.2,1010.5,42.06
2010-01-28T15:00:00,43201099999,GADAG,15.417,75.633,23.6,1012.4,50.09
2010-01-28T18:00:00,43201099999,GADAG,15.417,75.633,20.8,1013.8,65.93
2010-01-28T21:00:00,43201099999,GADAG,15.417,75.633,19.8,1013.4,71.51
2010-01-29T00:00:00,43201099999,GADAG,15.417,75.633,18.8,1013.3,79.61
2010-01-29T03:00:00,43201099999,GADAG,15.417,75.633,21.0,1015.4,78.91
2010-01-29T06:00:00,43201099999,GADAG,15.417,75.633,26.2,1014.0,55.53
2010-01-29T09:00:00,43201099999,GADAG,15.417,75.633,28.8,1010.6,40.62
2010-01-29T12:00:00,43201099999,GADAG,15.417,75.633,27.6,1010.2,40.29
2010-01-29T15:00:00,43201099999,GADAG,15.417,75.633,23.2,1013.2,49.66
2010-01-29T18:00:00,43201099999,GADAG,15.417,75.633,20.6,1014.3,67.62
2010-01-29T21:00:00,43201099999,GADAG,15.417,75.633,18.4,1013.6,72.18
2010-01-30T00:00:00,43201099999,GADAG,15.417,75.633,17.8,1014.3,77.43
2010-01-30T03:00:00,43201099999,GADAG,15.417,75.633,19.0,1015.8,88.75
2010-01-30T06:00:00,43201099999,GADAG,15.417,75.633,26.8,1013.9,50.93
2010-01-30T09:00:00,43201099999,GADAG,15.417,75.633,28.2,1010.5,38.65
2010-01-30T12:00:00,43201099999,GADAG,15.417,75.633,27.2,1010.8,38.62
2010-01-30T15:00:00,43201099999,GADAG,15.417,75.633,23.0,1014.1,53.32
2010-01-30T18:00:00,43201099999,GADAG,15.417,75.633,23.0,1014.6,54.73
2010-01-30T21:00:00,43201099999,GADAG,15.417,75.633,20.2,1013.9,63.7
2010-01-31T00:00:00,43201099999,GADAG,15.417,75.633,18.6,1014.5,68.99
2010-01-31T03:00:00,43201099999,GADAG,15.417,75.633,20.0,1015.9,73.41
2010-01-31T06:00:00,43201099999,GADAG,15.417,75.633,26.4,1014.0,39.69
2010-01-31T09:00:00,43201099999,GADAG,15.417,75.633,27.8,1011.0,40.35
2010-01-31T12:00:00,43201099999,GADAG,15.417,75.633,27.8,1010.8,31.79
2010-01-31T18:00:00,43201099999,GADAG,15.417,75.633,20.0,1015.2,57.29
2010-01-31T21:00:00,43201099999,GADAG,15.417,75.633,18.6,1013.8,64.18
2010-02-01T00:00:00,43201099999,GADAG,15.417,75.633,17.0,1013.6,71.45
2010-02-01T03:00:00,43201099999,GADAG,15.417,75.633,21.0,1014.2,61.43
2010-02-01T06:00:00,43201099999,GADAG,15.417,75.633,27.2,1013.2,44.31
2010-02-01T09:00:00,43201099999,GADAG,15.417,75.633,29.6,1009.7,34.26
2010-02-01T12:00:00,43201099999,GADAG,15.417,75.633,29.2,1009.5,31.75
2010-02-01T15:00:00,43201099999,GADAG,15.417,75.633,24.4,1011.8,41.83
2010-02-01T18:00:00,43201099999,GADAG,15.417,75.633,21.2,1012.8,48.47
2010-02-01T21:00:00,43201099999,GADAG,15.417,75.633,19.0,1012.7,57.81
2010-02-02T00:00:00,43201099999,GADAG,15.417,75.633,17.0,1013.3,71.45
2010-02-02T03:00:00,43201099999,GADAG,15.417,75.633,20.4,1014.1,77.33
2010-02-02T06:00:00,43201099999,GADAG,15.417,75.633,26.0,1013.1,45.14
2010-02-02T09:00:00,43201099999,GADAG,15.417,75.633,30.0,1008.8,31.76
2010-02-02T12:00:00,43201099999,GADAG,15.417,75.633,29.2,1008.6,30.71
2010-02-02T15:00:00,43201099999,GADAG,15.417,75.633,24.6,1012.3,42.17
2010-02-02T18:00:00,43201099999,GADAG,15.417,75.633,20.2,1012.5,51.55
2010-02-02T21:00:00,43201099999,GADAG,15.417,75.633,18.0,1012.5,63.2
2010-02-03T00:00:00,43201099999,GADAG,15.417,75.633,16.6,1013.2,70.91
2010-02-03T03:00:00,43201099999,GADAG,15.417,75.633,21.0,1014.0,70.81
2010-02-03T06:00:00,43201099999,GADAG,15.417,75.633,27.0,1013.1,36.1
2010-02-03T09:00:00,43201099999,GADAG,15.417,75.633,29.0,1009.3,25.54
2010-02-03T12:00:00,43201099999,GADAG,15.417,75.633,29.6,1008.7,25.53
2010-02-03T15:00:00,43201099999,GADAG,15.417,75.633,21.6,1011.7,37.81
2010-02-03T18:00:00,43201099999,GADAG,15.417,75.633,20.0,1012.6,49.79
2010-02-03T21:00:00,43201099999,GADAG,15.417,75.633,19.6,1012.1,50.7
2010-02-04T00:00:00,43201099999,GADAG,15.417,75.633,18.6,1012.6,64.18
2010-02-04T03:00:00,43201099999,GADAG,15.417,75.633,20.2,1014.3,62.46
2010-02-04T06:00:00,43201099999,GADAG,15.417,75.633,26.4,1013.0,34.05
2010-02-04T09:00:00,43201099999,GADAG,15.417,75.633,29.4,1009.6,25.13
2010-02-04T12:00:00,43201099999,GADAG,15.417,75.633,29.4,1008.9,18.77
2010-02-04T15:00:00,43201099999,GADAG,15.417,75.633,23.2,1013.1,35.26
2010-02-04T21:00:00,43201099999,GADAG,15.417,75.633,19.8,1013.0,49.41
2010-02-05T00:00:00,43201099999,GADAG,15.417,75.633,19.0,1013.3,59.37
2010-02-05T03:00:00,43201099999,GADAG,15.417,75.633,21.0,1015.1,57.16
2010-02-05T06:00:00,43201099999,GADAG,15.417,75.633,27.4,1013.7,32.32
2010-02-05T09:00:00,43201099999,GADAG,15.417,75.633,30.0,1009.7,23.3
2010-02-05T12:00:00,43201099999,GADAG,15.417,75.633,29.0,1009.3,21.79
2010-02-05T15:00:00,43201099999,GADAG,15.417,75.633,24.0,1012.9,30.51
2010-02-05T18:00:00,43201099999,GADAG,15.417,75.633,20.4,1014.5,46.02
2010-02-05T21:00:00,43201099999,GADAG,15.417,75.633,19.4,1013.8,58.29
2010-02-06T00:00:00,43201099999,GADAG,15.417,75.633,19.0,1014.9,64.27
2010-02-06T03:00:00,43201099999,GADAG,15.417,75.633,19.6,1016.4,68.3
2010-02-06T06:00:00,43201099999,GADAG,15.417,75.633,27.0,1015.3,34.91
2010-02-06T09:00:00,43201099999,GADAG,15.417,75.633,30.0,1010.6,27.98
2010-02-06T12:00:00,43201099999,GADAG,15.417,75.633,28.8,1010.1,30.19
2010-02-06T15:00:00,43201099999,GADAG,15.417,75.633,24.0,1013.2,30.51
2010-02-06T18:00:00,43201099999,GADAG,15.417,75.633,20.0,1015.2,55.79
2010-02-06T21:00:00,43201099999,GADAG,15.417,75.633,19.0,1014.4,65.98
2010-02-07T00:00:00,43201099999,GADAG,15.417,75.633,18.6,1014.3,68.99
2010-02-07T03:00:00,43201099999,GADAG,15.417,75.633,20.6,1016.0,72.11
2010-02-07T06:00:00,43201099999,GADAG,15.417,75.633,27.0,1015.0,40.39
2010-02-07T09:00:00,43201099999,GADAG,15.417,75.633,29.0,1011.3,30.45
2010-02-07T12:00:00,43201099999,GADAG,15.417,75.633,28.0,1010.4,29.97
2010-02-07T15:00:00,43201099999,GADAG,15.417,75.633,23.4,1012.6,48.42
2010-02-07T18:00:00,43201099999,GADAG,15.417,75.633,19.6,1014.9,63.15
2010-02-07T21:00:00,43201099999,GADAG,15.417,75.633,17.4,1013.2,69.67
2010-02-08T00:00:00,43201099999,GADAG,15.417,75.633,17.6,1012.9,75.41
2010-02-08T03:00:00,43201099999,GADAG,15.417,75.633,19.6,1014.3,74.77
2010-02-08T06:00:00,43201099999,GADAG,15.417,75.633,27.6,1012.4,45.87
2010-02-08T09:00:00,43201099999,GADAG,15.417,75.633,29.0,1008.9,30.45
2010-02-08T12:00:00,43201099999,GADAG,15.417,75.633,29.0,1007.4,31.49
2010-02-08T15:00:00,43201099999,GADAG,15.417,75.633,24.2,1009.9,41.78
2010-02-08T18:00:00,43201099999,GADAG,15.417,75.633,21.2,1011.6,57.21
2010-02-08T21:00:00,43201099999,GADAG,15.417,75.633,20.0,1011.2,65.34
2010-02-09T00:00:00,43201099999,GADAG,15.417,75.633,19.4,1011.5,73.3
2010-02-09T03:00:00,43201099999,GADAG,15.417,75.633,20.6,1012.5,68.94
2010-02-09T06:00:00,43201099999,GADAG,15.417,75.633,27.4,1010.7,42.12
2010-02-09T09:00:00,43201099999,GADAG,15.417,75.633,30.6,1006.3,28.91
2010-02-09T12:00:00,43201099999,GADAG,15.417,75.633,30.8,1005.3,26.37
2010-02-09T15:00:00,43201099999,GADAG,15.417,75.633,27.0,1008.2,51.31
2010-02-09T18:00:00,43201099999,GADAG,15.417,75.633,23.2,1010.1,75.36
2010-02-09T21:00:00,43201099999,GADAG,15.417,75.633,21.4,1009.6,66.48
2010-02-10T00:00:00,43201099999,GADAG,15.417,75.633,17.8,1009.7,98.13
2010-02-10T03:00:00,43201099999,GADAG,15.417,75.633,22.0,1011.9,79.55
2010-02-10T06:00:00,43201099999,GADAG,15.417,75.633,29.6,1010.0,31.24
2010-02-10T09:00:00,43201099999,GADAG,15.417,75.633,31.2,1006.0,25.95
2010-02-10T12:00:00,43201099999,GADAG,15.417,75.633,31.8,1006.4,27.73
2010-02-10T15:00:00,43201099999,GADAG,15.417,75.633,27.4,1009.5,37.67
2010-02-10T18:00:00,43201099999,GADAG,15.417,75.633,24.2,1011.5,70.08
2010-02-10T21:00:00,43201099999,GADAG,15.417,75.633,22.0,1010.7,76.6
2010-02-11T00:00:00,43201099999,GADAG,15.417,75.633,19.6,1010.9,83.35
2010-02-11T03:00:00,43201099999,GADAG,15.417,75.633,21.6,1012.7,87.86
2010-02-11T06:00:00,43201099999,GADAG,15.417,75.633,26.6,1012.0,53.21
2010-02-11T09:00:00,43201099999,GADAG,15.417,75.633,29.0,1009.1,48.35
2010-02-11T12:00:00,43201099999,GADAG,15.417,75.633,29.6,1008.0,57.06
2010-02-11T15:00:00,43201099999,GADAG,15.417,75.633,27.0,1011.6,52.3
2010-02-11T18:00:00,43201099999,GADAG,15.417,75.633,23.0,1013.9,75.33
2010-02-11T21:00:00,43201099999,GADAG,15.417,75.633,20.4,1011.4,80.34
2010-02-12T00:00:00,43201099999,GADAG,15.417,75.633,20.0,1013.1,90.51
2010-02-12T03:00:00,43201099999,GADAG,15.417,75.633,21.6,1015.1,86.23
2010-02-12T06:00:00,43201099999,GADAG,15.417,75.633,28.0,1012.6,52.23
2010-02-12T09:00:00,43201099999,GADAG,15.417,75.633,32.6,1007.8,37.89
2010-02-12T12:00:00,43201099999,GADAG,15.417,75.633,32.6,1006.5,29.65
2010-02-12T15:00:00,43201099999,GADAG,15.417,75.633,28.6,1010.2,42.45
2010-02-12T18:00:00,43201099999,GADAG,15.417,75.633,25.0,1013.0,58.13
2010-02-12T21:00:00,43201099999,GADAG,15.417,75.633,23.6,1010.8,66.94
2010-02-13T00:00:00,43201099999,GADAG,15.417,75.633,21.0,1011.2,87.8
2010-02-13T03:00:00,43201099999,GADAG,15.417,75.633,23.0,1013.0,75.33
2010-02-13T06:00:00,43201099999,GADAG,15.417,75.633,30.0,1011.0,48.31
2010-02-13T09:00:00,43201099999,GADAG,15.417,75.633,32.2,1007.3,40.26
2010-02-13T12:00:00,43201099999,GADAG,15.417,75.633,32.0,1006.2,37.25
2010-02-13T15:00:00,43201099999,GADAG,15.417,75.633,28.2,1008.5,47.53
2010-02-13T18:00:00,43201099999,GADAG,15.417,75.633,27.0,1010.5,50.02
2010-02-13T21:00:00,43201099999,GADAG,15.417,75.633,24.8,1009.5,63.48
2010-02-14T00:00:00,43201099999,GADAG,15.417,75.633,21.6,1010.1,91.19
2010-02-14T03:00:00,43201099999,GADAG,15.417,75.633,23.6,1011.4,83.29
2010-02-14T06:00:00,43201099999,GADAG,15.417,75.633,31.0,1009.7,37.94
2010-02-14T09:00:00,43201099999,GADAG,15.417,75.633,29.4,1006.5,29.96
2010-02-14T12:00:00,43201099999,GADAG,15.417,75.633,32.8,1005.0,28.93
2010-02-14T15:00:00,43201099999,GADAG,15.417,75.633,29.2,1007.8,41.0
2010-02-14T18:00:00,43201099999,GADAG,15.417,75.633,26.6,1009.2,51.87
2010-02-14T21:00:00,43201099999,GADAG,15.417,75.633,24.0,1008.5,65.76
2010-02-15T00:00:00,43201099999,GADAG,15.417,75.633,22.6,1008.9,75.26
2010-02-15T03:00:00,43201099999,GADAG,15.417,75.633,24.6,1010.2,76.06
2010-02-15T06:00:00,43201099999,GADAG,15.417,75.633,30.8,1009.1,40.65
2010-02-15T09:00:00,43201099999,GADAG,15.417,75.633,33.6,1005.1,29.92
2010-02-15T12:00:00,43201099999,GADAG,15.417,75.633,34.2,1003.7,28.19
2010-02-15T15:00:00,43201099999,GADAG,15.417,75.633,30.0,1007.8,29.92
2010-02-15T18:00:00,43201099999,GADAG,15.417,75.633,27.0,1009.8,46.31
2010-02-15T21:00:00,43201099999,GADAG,15.417,75.633,25.6,1009.2,53.64
2010-02-16T00:00:00,43201099999,GADAG,15.417,75.633,23.6,1009.6,58.17
2010-02-16T03:00:00,43201099999,GADAG,15.417,75.633,25.6,1011.7,62.86
2010-02-16T06:00:00,43201099999,GADAG,15.417,75.633,31.6,1010.1,44.65
2010-02-16T09:00:00,43201099999,GADAG,15.417,75.633,35.4,1005.9,27.96
2010-02-16T12:00:00,43201099999,GADAG,15.417,75.633,34.2,1004.8,24.88
2010-02-16T15:00:00,43201099999,GADAG,15.417,75.633,29.0,1008.9,41.74
2010-02-16T18:00:00,43201099999,GADAG,15.417,75.633,25.8,1010.8,43.64
2010-02-16T21:00:00,43201099999,GADAG,15.417,75.633,25.0,1009.9,52.8
2010-02-17T00:00:00,43201099999,GADAG,15.417,75.633,20.6,1011.4,59.75
2010-02-17T03:00:00,43201099999,GADAG,15.417,75.633,21.6,1012.8,67.82
2010-02-17T06:00:00,43201099999,GADAG,15.417,75.633,30.6,1010.9,46.68
2010-02-17T09:00:00,43201099999,GADAG,15.417,75.633,34.2,1007.0,24.07
2010-02-17T12:00:00,43201099999,GADAG,15.417,75.633,34.8,1006.1,34.37
2010-02-17T15:00:00,43201099999,GADAG,15.417,75.633,28.0,1010.0,29.97
2010-02-17T18:00:00,43201099999,GADAG,15.417,75.633,26.0,1011.6,60.24
2010-02-17T21:00:00,43201099999,GADAG,15.417,75.633,24.0,1010.6,60.16
2010-02-18T00:00:00,43201099999,GADAG,15.417,75.633,22.4,1010.5,91.24
2010-02-18T03:00:00,43201099999,GADAG,15.417,75.633,24.6,1011.7,71.92
2010-02-18T06:00:00,43201099999,GADAG,15.417,75.633,32.6,1010.2,23.65
2010-02-18T09:00:00,43201099999,GADAG,15.417,75.633,35.2,1006.2,14.92
2010-02-18T12:00:00,43201099999,GADAG,15.417,75.633,34.6,1006.0,14.79
2010-02-18T15:00:00,43201099999,GADAG,15.417,75.633,29.4,1009.9,17.86
2010-02-18T18:00:00,43201099999,GADAG,15.417,75.633,26.6,1011.7,
2010-02-18T21:00:00,43201099999,GADAG,15.417,75.633,24.2,1010.9,88.62
2010-02-19T00:00:00,43201099999,GADAG,15.417,75.633,22.6,1011.3,89.58
2010-02-19T03:00:00,43201099999,GADAG,15.417,75.633,23.0,1013.3,83.22
2010-02-19T06:00:00,43201099999,GADAG,15.417,75.633,30.4,1011.3,40.28
2010-02-19T09:00:00,43201099999,GADAG,15.417,75.633,34.0,1007.2,24.66
2010-02-19T12:00:00,43201099999,GADAG,15.417,75.633,33.0,1006.6,24.08
2010-02-19T15:00:00,43201099999,GADAG,15.417,75.633,30.0,1009.9,29.92
2010-02-19T18:00:00,43201099999,GADAG,15.417,75.633,27.0,1011.3,71.91
2010-02-19T21:00:00,43201099999,GADAG,15.417,75.633,24.6,1010.7,87.05
2010-02-20T00:00:00,43201099999,GADAG,15.417,75.633,23.6,1010.9,80.26
2010-02-20T03:00:00,43201099999,GADAG,15.417,75.633,25.2,1013.4,88.7
2010-02-20T06:00:00,43201099999,GADAG,15.417,75.633,31.6,1011.3,41.66
2010-02-20T09:00:00,43201099999,GADAG,15.417,75.633,35.0,1008.3,40.52
2010-02-20T12:00:00,43201099999,GADAG,15.417,75.633,34.2,1005.9,20.21
2010-02-20T15:00:00,43201099999,GADAG,15.417,75.633,30.6,1009.4,38.81
2010-02-20T18:00:00,43201099999,GADAG,15.417,75.633,26.8,1010.8,80.2
2010-02-20T21:00:00,43201099999,GADAG,15.417,75.633,24.6,1010.1,87.05
2010-02-21T00:00:00,43201099999,GADAG,15.417,75.633,23.0,1011.1,91.27
2010-02-21T03:00:00,43201099999,GADAG,15.417,75.633,23.0,1013.6,92.96
2010-02-21T06:00:00,43201099999,GADAG,15.417,75.633,29.2,1011.8,46.6
2010-02-21T09:00:00,43201099999,GADAG,15.417,75.633,34.0,1007.2,23.86
2010-02-21T12:00:00,43201099999,GADAG,15.417,75.633,33.0,1007.0,24.08
2010-02-21T15:00:00,43201099999,GADAG,15.417,75.633,28.0,1009.8,35.19
2010-02-21T18:00:00,43201099999,GADAG,15.417,75.633,26.2,1011.7,63.39
2010-02-21T21:00:00,43201099999,GADAG,15.417,75.633,24.2,1011.1,74.59
2010-02-22T00:00:00,43201099999,GADAG,15.417,75.633,22.0,1011.6,83.63
2010-02-22T03:00:00,43201099999,GADAG,15.417,75.633,24.6,1012.8,71.92
2010-02-22T06:00:00,43201099999,GADAG,15.417,75.633,31.6,1010.8,39.59
2010-02-22T09:00:00,43201099999,GADAG,15.417,75.633,34.2,1006.4,24.88
2010-02-22T12:00:00,43201099999,GADAG,15.417,75.633,34.2,1005.1,24.88
2010-02-22T15:00:00,43201099999,GADAG,15.417,75.633,29.8,1007.7,31.5
2010-02-22T18:00:00,43201099999,GADAG,15.417,75.633,27.4,1009.1,55.13
2010-02-22T21:00:00,43201099999,GADAG,15.417,75.633,25.2,1008.3,68.11
2010-02-23T00:00:00,43201099999,GADAG,15.417,75.633,24.0,1009.4,68.3
2010-02-23T03:00:00,43201099999,GADAG,15.417,75.633,23.4,1011.1,72.61
2010-02-23T06:00:00,43201099999,GADAG,15.417,75.633,32.0,1009.5,39.2
2010-02-23T09:00:00,43201099999,GADAG,15.417,75.633,33.8,1005.7,27.72
2010-02-23T12:00:00,43201099999,GADAG,15.417,75.633,32.8,1005.0,30.69
2010-02-23T15:00:00,43201099999,GADAG,15.417,75.633,27.0,1009.0,52.3
2010-02-23T18:00:00,43201099999,GADAG,15.417,75.633,24.6,1010.3,79.41
2010-02-23T21:00:00,43201099999,GADAG,15.417,75.633,22.0,1009.9,89.54
2010-02-24T00:00:00,43201099999,GADAG,15.417,75.633,21.2,1009.3,84.06
2010-02-24T03:00:00,43201099999,GADAG,15.417,75.633,22.4,1011.4,59.78
2010-02-24T06:00:00,43201099999,GADAG,15.417,75.633,29.0,1010.1,25.54
2010-02-24T09:00:00,43201099999,GADAG,15.417,75.633,32.2,1005.8,20.55
2010-02-24T12:00:00,43201099999,GADAG,15.417,75.633,32.6,1004.8,17.87
2010-02-24T15:00:00,43201099999,GADAG,15.417,75.633,22.2,1007.0,34.73
2010-02-24T18:00:00,43201099999,GADAG,15.417,75.633,24.6,1009.5,31.54
2010-02-24T21:00:00,43201099999,GADAG,15.417,75.633,21.2,1008.8,63.09
2010-02-25T00:00:00,43201099999,GADAG,15.417,75.633,21.0,1008.6,61.43
2010-02-25T03:00:00,43201099999,GADAG,15.417,75.633,23.2,1000.4,45.57
2010-02-25T06:00:00,43201099999,GADAG,15.417,75.633,30.8,,14.18
2010-02-25T09:00:00,43201099999,GADAG,15.417,75.633,34.0,1005.7,12.45
2010-02-25T12:00:00,43201099999,GADAG,15.417,75.633,33.8,1004.7,12.86
2010-02-25T15:00:00,43201099999,GADAG,15.417,75.633,28.0,1008.4,24.93
2010-02-25T18:00:00,43201099999,GADAG,15.417,75.633,24.6,1010.4,31.54
2010-02-25T21:00:00,43201099999,GADAG,15.417,75.633,23.8,1009.3,34.95
2010-02-26T00:00:00,43201099999,GADAG,15.417,75.633,22.0,1009.8,35.9
2010-02-26T03:00:00,43201099999,GADAG,15.417,75.633,23.6,1012.5,39.7
2010-02-26T06:00:00,43201099999,GADAG,15.417,75.633,30.2,1011.3,20.06
2010-02-26T09:00:00,43201099999,GADAG,15.417,75.633,34.2,1006.6,15.66
2010-02-26T12:00:00,43201099999,GADAG,15.417,75.633,34.0,1005.9,16.06
2010-02-26T15:00:00,43201099999,GADAG,15.417,75.633,29.0,1008.8,21.79
2010-02-26T18:00:00,43201099999,GADAG,15.417,75.633,26.0,1011.3,40.37
2010-02-26T21:00:00,43201099999,GADAG,15.417,75.633,23.6,1010.0,45.98
2010-02-27T00:00:00,43201099999,GADAG,15.417,75.633,20.6,1010.6,52.0
2010-02-27T03:00:00,43201099999,GADAG,15.417,75.633,26.0,1011.5,46.33
2010-02-27T06:00:00,43201099999,GADAG,15.417,75.633,33.0,1009.7,23.28
2010-02-27T09:00:00,43201099999,GADAG,15.417,75.633,35.0,1005.9,19.73
2010-02-27T12:00:00,43201099999,GADAG,15.417,75.633,35.0,1005.0,19.73
2010-02-27T15:00:00,43201099999,GADAG,15.417,75.633,29.0,1008.8,27.53
2010-02-27T18:00:00,43201099999,GADAG,15.417,75.633,25.0,1011.0,40.36
2010-02-27T21:00:00,43201099999,GADAG,15.417,75.633,22.8,1007.6,50.54
2010-02-28T00:00:00,43201099999,GADAG,15.417,75.633,23.2,1009.7,52.34
2010-02-28T03:00:00,43201099999,GADAG,15.417,75.633,26.0,1011.8,50.08
2010-02-28T06:00:00,43201099999,GADAG,15.417,75.633,32.0,1010.8,34.26
2010-02-28T09:00:00,43201099999,GADAG,15.417,75.633,35.0,1007.0,14.67
2010-02-28T12:00:00,43201099999,GADAG,15.417,75.633,34.4,1006.4,21.97
2010-02-28T15:00:00,43201099999,GADAG,15.417,75.633,29.0,1009.6,31.49
2010-02-28T18:00:00,43201099999,GADAG,15.417,75.633,27.0,1011.0,40.39
2010-02-28T21:00:00,43201099999,GADAG,15.417,75.633,24.0,1010.2,47.95
2010-03-01T00:00:00,43201099999,GADAG,15.417,75.633,22.0,1011.0,52.37
2010-03-01T03:00:00,43201099999,GADAG,15.417,75.633,24.4,1013.4,80.86
2010-03-01T06:00:00,43201099999,GADAG,15.417,75.633,30.2,1012.3,28.23
2010-03-01T09:00:00,43201099999,GADAG,15.417,75.633,33.6,1008.2,15.42
2010-03-01T12:00:00,43201099999,GADAG,15.417,75.633,34.0,1007.1,13.09
2010-03-01T15:00:00,43201099999,GADAG,15.417,75.633,29.0,1010.0,31.49
2010-03-01T18:00:00,43201099999,GADAG,15.417,75.633,25.0,1012.0,38.01
2010-03-01T21:00:00,43201099999,GADAG,15.417,75.633,23.8,1010.5,44.83
2010-03-02T00:00:00,43201099999,GADAG,15.417,75.633,22.8,1011.1,60.27
2010-03-02T03:00:00,43201099999,GADAG,15.417,75.633,21.4,1013.5,91.17
2010-03-02T06:00:00,43201099999,GADAG,15.417,75.633,29.8,1011.7,25.75
2010-03-02T09:00:00,43201099999,GADAG,15.417,75.633,33.6,1007.0,13.97
2010-03-02T12:00:00,43201099999,GADAG,15.417,75.633,34.0,1005.9,11.67
2010-03-02T15:00:00,43201099999,GADAG,15.417,75.633,29.6,1008.7,20.05
2010-03-02T18:00:00,43201099999,GADAG,15.417,75.633,26.0,1011.4,65.76
2010-03-02T21:00:00,43201099999,GADAG,15.417,75.633,22.0,1011.1,79.55
2010-03-03T00:00:00,43201099999,GADAG,15.417,75.633,22.6,1010.6,89.58
2010-03-03T03:00:00,43201099999,GADAG,15.417,75.633,23.0,1012.4,89.61
2010-03-03T06:00:00,43201099999,GADAG,15.417,75.633,30.0,1010.7,29.92
2010-03-03T09:00:00,43201099999,GADAG,15.417,75.633,33.8,1005.6,13.52
2010-03-03T12:00:00,43201099999,GADAG,15.417,75.633,33.8,1004.1,15.8
2010-03-03T15:00:00,43201099999,GADAG,15.417,75.633,30.0,1007.3,19.73
2010-03-03T18:00:00,43201099999,GADAG,15.417,75.633,26.6,1009.4,
2010-03-03T21:00:00,43201099999,GADAG,15.417,75.633,24.6,1009.0,87.05
2010-03-04T00:00:00,43201099999,GADAG,15.417,75.633,23.2,1009.2,89.63
2010-03-04T03:00:00,43201099999,GADAG,15.417,75.633,25.0,1011.2,70.66
2010-03-04T06:00:00,43201099999,GADAG,15.417,75.633,30.0,1009.9,26.16
2010-03-04T09:00:00,43201099999,GADAG,15.417,75.633,33.6,1005.5,19.39
2010-03-04T12:00:00,43201099999,GADAG,15.417,75.633,34.6,1004.2,17.0
2010-03-04T15:00:00,43201099999,GADAG,15.417,75.633,29.2,1007.0,23.9
2010-03-04T18:00:00,43201099999,GADAG,15.417,75.633,26.0,1009.8,60.24
2010-03-04T21:00:00,43201099999,GADAG,15.417,75.633,24.0,1009.2,84.37
2010-03-05T00:00:00,43201099999,GADAG,15.417,75.633,22.4,1009.3,79.6
2010-03-05T03:00:00,43201099999,GADAG,15.417,75.633,24.0,1011.4,64.12
2010-03-05T06:00:00,43201099999,GADAG,15.417,75.633,30.6,1009.8,27.96
2010-03-05T09:00:00,43201099999,GADAG,15.417,75.633,34.8,1005.7,19.42
2010-03-05T12:00:00,43201099999,GADAG,15.417,75.633,35.0,1004.5,18.31
2010-03-05T15:00:00,43201099999,GADAG,15.417,75.633,29.6,1008.1,34.26
2010-03-05T18:00:00,43201099999,GADAG,15.417,75.633,25.4,1010.6,64.01
2010-03-05T21:00:00,43201099999,GADAG,15.417,75.633,24.0,1009.5,84.37
2010-03-06T00:00:00,43201099999,GADAG,15.417,75.633,22.4,1009.5,79.6
2010-03-06T03:00:00,43201099999,GADAG,15.417,75.633,24.0,1012.1,54.63
2010-03-06T06:00:00,43201099999,GADAG,15.417,75.633,31.6,1010.6,23.87
2010-03-06T09:00:00,43201099999,GADAG,15.417,75.633,34.6,1007.1,19.24
2010-03-06T12:00:00,43201099999,GADAG,15.417,75.633,35.0,1005.8,17.57
2010-03-06T15:00:00,43201099999,GADAG,15.417,75.633,30.0,1009.9,40.95
2010-03-06T18:00:00,43201099999,GADAG,15.417,75.633,25.2,1012.2,80.97
2010-03-06T21:00:00,43201099999,GADAG,15.417,75.633,22.0,1012.0,86.27
2010-03-07T00:00:00,43201099999,GADAG,15.417,75.633,20.4,1012.0,91.11
2010-03-07T03:00:00,43201099999,GADAG,15.417,75.633,23.4,1014.0,60.79
2010-03-07T06:00:00,43201099999,GADAG,15.417,75.633,30.2,1012.2,23.67
2010-03-07T09:00:00,43201099999,GADAG,15.417,75.633,35.0,1006.8,16.06
2010-03-07T12:00:00,43201099999,GADAG,15.417,75.633,33.4,1006.8,15.16
2010-03-07T15:00:00,43201099999,GADAG,15.417,75.633,30.4,1009.7,19.55
2010-03-07T18:00:00,43201099999,GADAG,15.417,75.633,26.6,1011.6,32.32
2010-03-07T21:00:00,43201099999,GADAG,15.417,75.633,24.6,1010.6,39.71
2010-03-08T00:00:00,43201099999,GADAG,15.417,75.633,23.0,1011.1,56.17
2010-03-08T03:00:00,43201099999,GADAG,15.417,75.633,24.0,1013.6,50.53
2010-03-08T06:00:00,43201099999,GADAG,15.417,75.633,33.0,1011.1,31.96
2010-03-08T09:00:00,43201099999,GADAG,15.417,75.633,35.4,1006.3,24.06
2010-03-08T12:00:00,43201099999,GADAG,15.417,75.633,35.4,1005.0,24.06
2010-03-08T15:00:00,43201099999,GADAG,15.417,75.633,30.0,1008.8,29.92
2010-03-08T18:00:00,43201099999,GADAG,15.417,75.633,27.8,1010.4,38.29
2010-03-08T21:00:00,43201099999,GADAG,15.417,75.633,27.0,1009.1,38.31
2010-03-09T00:00:00,43201099999,GADAG,15.417,75.633,25.0,1010.0,47.59
2010-03-09T03:00:00,43201099999,GADAG,15.417,75.633,28.0,1012.1,45.1
2010-03-09T06:00:00,43201099999,GADAG,15.417,75.633,34.2,1010.1,25.71
2010-03-09T09:00:00,43201099999,GADAG,15.417,75.633,36.6,1006.3,41.97
2010-03-09T12:00:00,43201099999,GADAG,15.417,75.633,36.0,1005.5,42.32
2010-03-09T15:00:00,43201099999,GADAG,15.417,75.633,30.8,1008.8,35.74
2010-03-09T18:00:00,43201099999,GADAG,15.417,75.633,27.4,1010.5,32.32
2010-03-09T21:00:00,43201099999,GADAG,15.417,75.633,26.6,1009.9,35.51
2010-03-10T00:00:00,43201099999,GADAG,15.417,75.633,25.0,1010.9,40.36
2010-03-10T03:00:00,43201099999,GADAG,15.417,75.633,26.4,1012.9,59.95
2010-03-10T06:00:00,43201099999,GADAG,15.417,75.633,32.4,1011.5,21.61
2010-03-10T09:00:00,43201099999,GADAG,15.417,75.633,36.0,1008.0,15.31
2010-03-10T12:00:00,43201099999,GADAG,15.417,75.633,35.8,1006.7,14.34
2010-03-10T15:00:00,43201099999,GADAG,15.417,75.633,31.2,1009.7,21.6
2010-03-10T18:00:00,43201099999,GADAG,15.417,75.633,27.8,1012.2,48.34
2010-03-10T21:00:00,43201099999,GADAG,15.417,75.633,26.4,1011.3,67.5
2010-03-11T00:00:00,43201099999,GADAG,15.417,75.633,25.0,1013.0,76.59
2010-03-11T03:00:00,43201099999,GADAG,15.417,75.633,25.6,1014.1,72.55
2010-03-11T06:00:00,43201099999,GADAG,15.417,75.633,32.6,1012.5,22.71
2010-03-11T09:00:00,43201099999,GADAG,15.417,75.633,36.0,1009.1,13.98
2010-03-11T12:00:00,43201099999,GADAG,15.417,75.633,35.0,1008.8,16.06
2010-03-11T15:00:00,43201099999,GADAG,15.417,75.633,31.4,1011.6,17.71
2010-03-11T18:00:00,43201099999,GADAG,15.417,75.633,28.0,1014.4,32.06
2010-03-11T21:00:00,43201099999,GADAG,15.417,75.633,25.8,1013.6,69.94
2010-03-12T00:00:00,43201099999,GADAG,15.417,75.633,24.0,1012.8,80.32
2010-03-12T03:00:00,43201099999,GADAG,15.417,75.633,27.4,1015.1,47.93
2010-03-12T06:00:00,43201099999,GADAG,15.417,75.633,34.4,1013.2,19.72
2010-03-12T09:00:00,43201099999,GADAG,15.417,75.633,36.8,1009.3,14.45
2010-03-12T12:00:00,43201099999,GADAG,15.417,75.633,35.6,1008.3,13.42
2010-03-12T15:00:00,43201099999,GADAG,15.417,75.633,28.0,1012.2,24.93
2010-03-12T18:00:00,43201099999,GADAG,15.417,75.633,25.0,1013.9,33.2
2010-03-12T21:00:00,43201099999,GADAG,15.417,75.633,23.6,1013.1,43.31
2010-03-13T00:00:00,43201099999,GADAG,15.417,75.633,21.6,1013.1,46.05
2010-03-13T03:00:00,43201099999,GADAG,15.417,75.633,25.6,1015.2,57.54
2010-03-13T06:00:00,43201099999,GADAG,15.417,75.633,30.2,1014.0,41.01
2010-03-13T09:00:00,43201099999,GADAG,15.417,75.633,35.0,1009.0,29.15
2010-03-13T12:00:00,43201099999,GADAG,15.417,75.633,33.4,1008.8,27.97
2010-03-13T15:00:00,43201099999,GADAG,15.417,75.633,29.0,1012.1,31.49
2010-03-13T18:00:00,43201099999,GADAG,15.417,75.633,26.0,1011.9,40.37
2010-03-13T21:00:00,43201099999,GADAG,15.417,75.633,24.0,1011.1,46.4
2010-03-14T00:00:00,43201099999,GADAG,15.417,75.633,23.0,1011.2,50.6
2010-03-14T03:00:00,43201099999,GADAG,15.417,75.633,25.2,1012.7,63.57
2010-03-14T06:00:00,43201099999,GADAG,15.417,75.633,30.6,1011.6,37.58
2010-03-14T09:00:00,43201099999,GADAG,15.417,75.633,33.4,1008.4,28.91
2010-03-14T12:00:00,43201099999,GADAG,15.417,75.633,33.0,1007.1,24.08
2010-03-14T15:00:00,43201099999,GADAG,15.417,75.633,27.6,1009.6,31.52
2010-03-14T18:00:00,43201099999,GADAG,15.417,75.633,26.8,1011.1,67.58
2010-03-14T21:00:00,43201099999,GADAG,15.417,75.633,24.8,1010.2,71.96
2010-03-15T00:00:00,43201099999,GADAG,15.417,75.633,23.0,1010.3,78.7
2010-03-15T03:00:00,43201099999,GADAG,15.417,75.633,24.6,1011.8,74.66
2010-03-15T06:00:00,43201099999,GADAG,15.417,75.633,32.0,1010.8,19.4
2010-03-15T09:00:00,43201099999,GADAG,15.417,75.633,35.4,1006.1,15.93
2010-03-15T12:00:00,43201099999,GADAG,15.417,75.633,34.4,1005.2,12.98
2010-03-15T15:00:00,43201099999,GADAG,15.417,75.633,29.2,1008.7,23.09
2010-03-15T18:00:00,43201099999,GADAG,15.417,75.633,26.0,1010.5,18.61
2010-03-15T21:00:00,43201099999,GADAG,15.417,75.633,24.6,1009.2,20.22
2010-03-16T00:00:00,43201099999,GADAG,15.417,75.633,20.0,1010.5,28.35
2010-03-16T03:00:00,43201099999,GADAG,15.417,75.633,26.4,1011.1,28.73
2010-03-16T06:00:00,43201099999,GADAG,15.417,75.633,32.6,1010.0,30.43
2010-03-16T09:00:00,43201099999,GADAG,15.417,75.633,35.6,1005.9,28.2
2010-03-16T12:00:00,43201099999,GADAG,15.417,75.633,34.0,1005.2,50.88
2010-03-16T15:00:00,43201099999,GADAG,15.417,75.633,30.2,1009.2,58.99
2010-03-16T18:00:00,43201099999,GADAG,15.417,75.633,27.2,1010.5,65.2
2010-03-16T21:00:00,43201099999,GADAG,15.417,75.633,24.8,1010.6,68.89
2010-03-17T00:00:00,43201099999,GADAG,15.417,75.633,23.0,1011.1,84.78
2010-03-17T03:00:00,43201099999,GADAG,15.417,75.633,26.0,1013.1,69.98
2010-03-17T06:00:00,43201099999,GADAG,15.417,75.633,33.2,1011.4,37.58
2010-03-17T09:00:00,43201099999,GADAG,15.417,75.633,35.0,1007.4,28.4
2010-03-17T12:00:00,43201099999,GADAG,15.417,75.633,34.2,1006.6,21.77
2010-03-17T15:00:00,43201099999,GADAG,15.417,75.633,30.6,1010.0,25.97
2010-03-17T18:00:00,43201099999,GADAG,15.417,75.633,27.6,1011.6,36.99
2010-03-17T21:00:00,43201099999,GADAG,15.417,75.633,26.0,1011.6,43.98
2010-03-18T00:00:00,43201099999,GADAG,15.417,75.633,23.2,1012.3,53.72
2010-03-18T03:00:00,43201099999,GADAG,15.417,75.633,27.0,1013.7,53.65
2010-03-18T06:00:00,43201099999,GADAG,15.417,75.633,32.6,1012.6,36.01
2010-03-18T09:00:00,43201099999,GADAG,15.417,75.633,36.0,1008.5,24.05
2010-03-18T12:00:00,43201099999,GADAG,15.417,75.633,34.0,1008.8,24.66
2010-03-18T15:00:00,43201099999,GADAG,15.417,75.633,28.8,1011.9,32.28
2010-03-18T18:00:00,43201099999,GADAG,15.417,75.633,25.2,1013.3,40.69
2010-03-18T21:00:00,43201099999,GADAG,15.417,75.633,23.0,1012.8,49.28
2010-03-19T00:00:00,43201099999,GADAG,15.417,75.633,23.6,1012.2,54.17
2010-03-19T03:00:00,43201099999,GADAG,15.417,75.633,26.0,1013.5,62.95
2010-03-19T06:00:00,43201099999,GADAG,15.417,75.633,31.8,1012.0,30.41
2010-03-19T09:00:00,43201099999,GADAG,15.417,75.633,36.0,1007.6,25.51
2010-03-19T12:00:00,43201099999,GADAG,15.417,75.633,35.0,1007.1,21.97
2010-03-19T15:00:00,43201099999,GADAG,15.417,75.633,26.6,1010.6,29.99
2010-03-19T18:00:00,43201099999,GADAG,15.417,75.633,23.2,1011.8,37.75
2010-03-19T21:00:00,43201099999,GADAG,15.417,75.633,24.2,1009.9,40.41
2010-03-20T00:00:00,43201099999,GADAG,15.417,75.633,21.8,1011.1,
2010-03-20T03:00:00,43201099999,GADAG,15.417,75.633,24.8,1012.4,79.44
2010-03-20T06:00:00,43201099999,GADAG,15.417,75.633,32.6,1010.8,36.01
2010-03-20T09:00:00,43201099999,GADAG,15.417,75.633,36.6,1006.3,24.05
2010-03-20T12:00:00,43201099999,GADAG,15.417,75.633,35.4,1005.4,24.06
2010-03-20T15:00:00,43201099999,GADAG,15.417,75.633,29.2,1008.6,29.7
2010-03-20T18:00:00,43201099999,GADAG,15.417,75.633,25.8,1009.8,37.72
2010-03-20T21:00:00,43201099999,GADAG,15.417,75.633,25.0,1009.1,71.99
2010-03-21T00:00:00,43201099999,GADAG,15.417,75.633,22.0,1009.6,89.54
2010-03-21T03:00:00,43201099999,GADAG,15.417,75.633,23.8,1010.9,86.97
2010-03-21T06:00:00,43201099999,GADAG,15.417,75.633,34.6,1008.2,37.25
2010-03-21T09:00:00,43201099999,GADAG,15.417,75.633,36.0,1004.8,27.94
2010-03-21T12:00:00,43201099999,GADAG,15.417,75.633,36.0,1003.4,27.05
2010-03-21T15:00:00,43201099999,GADAG,15.417,75.633,27.0,1007.2,29.7
2010-03-21T18:00:00,43201099999,GADAG,15.417,75.633,25.6,1008.2,34.05
2010-03-21T21:00:00,43201099999,GADAG,15.417,75.633,25.0,1006.5,90.3
2010-03-22T00:00:00,43201099999,GADAG,15.417,75.633,23.0,1007.0,92.96
2010-03-22T03:00:00,43201099999,GADAG,15.417,75.633,26.6,1008.7,74.53
2010-03-22T06:00:00,43201099999,GADAG,15.417,75.633,33.6,1006.3,35.37
2010-03-22T09:00:00,43201099999,GADAG,15.417,75.633,36.6,1002.1,19.72
2010-03-22T12:00:00,43201099999,GADAG,15.417,75.633,36.0,1001.0,16.06
2010-03-22T15:00:00,43201099999,GADAG,15.417,75.633,29.8,1003.9,20.24
2010-03-22T18:00:00,43201099999,GADAG,15.417,75.633,27.0,1005.8,
2010-03-22T21:00:00,43201099999,GADAG,15.417,75.633,23.8,1005.4,93.0
2010-03-23T00:00:00,43201099999,GADAG,15.417,75.633,22.6,1004.9,94.67
2010-03-23T03:00:00,43201099999,GADAG,15.417,75.633,23.8,1007.0,90.22
2010-03-23T06:00:00,43201099999,GADAG,15.417,75.633,32.0,1005.1,38.21
2010-03-23T09:00:00,43201099999,GADAG,15.417,75.633,36.8,1000.6,17.87
2010-03-23T12:00:00,43201099999,GADAG,15.417,75.633,37.0,999.8,10.78
2010-03-23T15:00:00,43201099999,GADAG,15.417,75.633,30.6,1003.0,17.27
2010-03-23T18:00:00,43201099999,GADAG,15.417,75.633,28.2,,
2010-03-23T21:00:00,43201099999,GADAG,15.417,75.633,24.6,1004.9,94.74
2010-03-24T00:00:00,43201099999,GADAG,15.417,75.633,23.0,1005.9,94.68
2010-03-24T03:00:00,43201099999,GADAG,15.417,75.633,23.6,1008.5,91.31
2010-03-24T06:00:00,43201099999,GADAG,15.417,75.633,31.6,1006.3,33.93
2010-03-24T09:00:00,43201099999,GADAG,15.417,75.633,36.4,1001.9,20.07
2010-03-24T12:00:00,43201099999,GADAG,15.417,75.633,36.4,1000.6,18.64
2010-03-24T15:00:00,43201099999,GADAG,15.417,75.633,30.6,1004.5,42.72
2010-03-24T18:00:00,43201099999,GADAG,15.417,75.633,27.8,1006.7,71.18
2010-03-25T00:00:00,43201099999,GADAG,15.417,75.633,22.8,1007.2,94.67
2010-03-25T03:00:00,43201099999,GADAG,15.417,75.633,24.0,1009.4,88.6
2010-03-25T06:00:00,43201099999,GADAG,15.417,75.633,32.6,1006.7,27.94
2010-03-25T09:00:00,43201099999,GADAG,15.417,75.633,36.2,1002.1,14.93
2010-03-25T12:00:00,43201099999,GADAG,15.417,75.633,36.8,1000.8,13.1
2010-03-25T15:00:00,43201099999,GADAG,15.417,75.633,30.2,1004.5,19.23
2010-03-25T18:00:00,43201099999,GADAG,15.417,75.633,28.4,1006.7,59.67
2010-03-25T21:00:00,43201099999,GADAG,15.417,75.633,24.8,1005.8,79.44
2010-03-26T00:00:00,43201099999,GADAG,15.417,75.633,24.4,1006.1,87.03
2010-03-26T03:00:00,43201099999,GADAG,15.417,75.633,25.6,1008.7,79.55
2010-03-26T06:00:00,43201099999,GADAG,15.417,75.633,32.8,1006.9,32.53
2010-03-26T09:00:00,43201099999,GADAG,15.417,75.633,37.8,1001.9,17.74
2010-03-26T12:00:00,43201099999,GADAG,15.417,75.633,36.6,1001.3,18.31
2010-03-26T15:00:00,43201099999,GADAG,15.417,75.633,31.0,1004.8,
2010-03-26T18:00:00,43201099999,GADAG,15.417,75.633,27.2,1006.9,77.39
2010-03-26T21:00:00,43201099999,GADAG,15.417,75.633,24.4,1006.9,93.6
2010-03-27T00:00:00,43201099999,GADAG,15.417,75.633,23.2,1007.0,94.69
2010-03-27T03:00:00,43201099999,GADAG,15.417,75.633,24.2,1009.4,87.01
2010-03-27T06:00:00,43201099999,GADAG,15.417,75.633,31.6,1008.0,39.59
2010-03-27T09:00:00,43201099999,GADAG,15.417,75.633,36.2,1003.6,25.73
2010-03-27T12:00:00,43201099999,GADAG,15.417,75.633,35.6,1002.5,23.48
2010-03-27T15:00:00,43201099999,GADAG,15.417,75.633,28.4,1007.1,67.48
2010-03-27T18:00:00,43201099999,GADAG,15.417,75.633,25.6,1009.3,85.57
2010-03-27T21:00:00,43201099999,GADAG,15.417,75.633,23.6,1008.2,91.31
2010-03-28T00:00:00,43201099999,GADAG,15.417,75.633,22.6,1008.5,94.67
2010-03-28T03:00:00,43201099999,GADAG,15.417,75.633,24.4,1010.1,87.03
2010-03-28T06:00:00,43201099999,GADAG,15.417,75.633,31.6,1008.0,43.54
2010-03-28T09:00:00,43201099999,GADAG,15.417,75.633,36.2,1003.7,28.17
2010-03-28T12:00:00,43201099999,GADAG,15.417,75.633,36.4,1002.5,20.89
2010-03-28T15:00:00,43201099999,GADAG,15.417,75.633,31.0,1006.2,25.73
2010-03-28T18:00:00,43201099999,GADAG,15.417,75.633,28.0,1008.6,75.21
2010-03-28T21:00:00,43201099999,GADAG,15.417,75.633,24.6,1008.7,94.74
2010-03-29T00:00:00,43201099999,GADAG,15.417,75.633,23.6,1009.6,94.7
2010-03-29T03:00:00,43201099999,GADAG,15.417,75.633,25.6,1010.8,87.14
2010-03-29T06:00:00,43201099999,GADAG,15.417,75.633,32.8,1007.9,41.98
2010-03-29T09:00:00,43201099999,GADAG,15.417,75.633,36.6,1004.5,28.65
2010-03-29T12:00:00,43201099999,GADAG,15.417,75.633,36.4,1002.8,26.12
2010-03-29T15:00:00,43201099999,GADAG,15.417,75.633,29.0,1007.3,70.53
2010-03-29T18:00:00,43201099999,GADAG,15.417,75.633,25.2,1009.9,90.32
2010-03-29T21:00:00,43201099999,GADAG,15.417,75.633,23.6,1009.5,91.31
2010-03-30T00:00:00,43201099999,GADAG,15.417,75.633,22.6,1009.7,92.94
2010-03-30T03:00:00,43201099999,GADAG,15.417,75.633,24.2,1011.9,91.91
2010-03-30T06:00:00,43201099999,GADAG,15.417,75.633,30.6,1009.8,47.87
2010-03-30T09:00:00,43201099999,GADAG,15.417,75.633,35.2,1004.7,27.73
2010-03-30T12:00:00,43201099999,GADAG,15.417,75.633,35.2,1003.3,24.65
2010-03-30T15:00:00,43201099999,GADAG,15.417,75.633,29.4,1006.0,69.34
2010-03-30T18:00:00,43201099999,GADAG,15.417,75.633,26.0,1009.4,84.58
2010-03-30T21:00:00,43201099999,GADAG,15.417,75.633,23.6,1008.3,94.7
2010-03-31T00:00:00,43201099999,GADAG,15.417,75.633,22.2,1008.6,96.4
2010-03-31T03:00:00,43201099999,GADAG,15.417,75.633,23.2,1011.0,91.29
2010-03-31T06:00:00,43201099999,GADAG,15.417,75.633,31.6,1010.1,28.23
2010-03-31T09:00:00,43201099999,GADAG,15.417,75.633,35.6,1005.8,45.16
2010-03-31T12:00:00,43201099999,GADAG,15.417,75.633,35.8,1003.8,
2010-03-31T15:00:00,43201099999,GADAG,15.417,75.633,29.6,1008.1,32.29
2010-03-31T18:00:00,43201099999,GADAG,15.417,75.633,24.8,1010.6,79.44
2010-03-31T21:00:00,43201099999,GADAG,15.417,75.633,22.4,1009.3,91.24
2010-04-01T00:00:00,43201099999,GADAG,15.417,75.633,20.6,1009.7,96.36
2010-04-01T03:00:00,43201099999,GADAG,15.417,75.633,23.8,1011.0,70.0
2010-04-01T06:00:00,43201099999,GADAG,15.417,75.633,32.6,1009.0,17.87
2010-04-01T09:00:00,43201099999,GADAG,15.417,75.633,35.6,1004.7,20.55
2010-04-01T12:00:00,43201099999,GADAG,15.417,75.633,35.6,1003.7,27.48
2010-04-01T15:00:00,43201099999,GADAG,15.417,75.633,29.6,1007.3,31.24
2010-04-01T18:00:00,43201099999,GADAG,15.417,75.633,27.0,1008.7,70.6
2010-04-01T21:00:00,43201099999,GADAG,15.417,75.633,24.0,1007.9,77.39
2010-04-02T00:00:00,43201099999,GADAG,15.417,75.633,21.6,1008.4,76.06
2010-04-02T03:00:00,43201099999,GADAG,15.417,75.633,25.2,1010.1,57.08
2010-04-02T06:00:00,43201099999,GADAG,15.417,75.633,33.6,1008.2,27.48
2010-04-02T09:00:00,43201099999,GADAG,15.417,75.633,36.8,1003.7,17.87
2010-04-02T12:00:00,43201099999,GADAG,15.417,75.633,37.2,1002.2,11.05
2010-04-02T15:00:00,43201099999,GADAG,15.417,75.633,31.6,1006.1,23.08
2010-04-02T18:00:00,43201099999,GADAG,15.417,75.633,28.6,1008.2,54.05
2010-04-02T21:00:00,43201099999,GADAG,15.417,75.633,25.0,1007.5,63.53
2010-04-03T00:00:00,43201099999,GADAG,15.417,75.633,24.0,1008.5,68.3
2010-04-03T03:00:00,43201099999,GADAG,15.417,75.633,26.2,1010.2,61.82
2010-04-03T06:00:00,43201099999,GADAG,15.417,75.633,35.0,1008.2,23.48
2010-04-03T09:00:00,43201099999,GADAG,15.417,75.633,37.8,1004.0,19.1
2010-04-03T12:00:00,43201099999,GADAG,15.417,75.633,37.2,1003.2,19.08
2010-04-03T15:00:00,43201099999,GADAG,15.417,75.633,30.6,1006.7,19.74
2010-04-03T18:00:00,43201099999,GADAG,15.417,75.633,27.4,1007.5,30.21
2010-04-03T21:00:00,43201099999,GADAG,15.417,75.633,24.2,1007.6,48.0
2010-04-04T00:00:00,43201099999,GADAG,15.417,75.633,24.4,1008.6,49.65
2010-04-04T03:00:00,43201099999,GADAG,15.417,75.633,28.0,1010.3,39.62
2010-04-04T06:00:00,43201099999,GADAG,15.417,75.633,36.2,1007.9,29.66
2010-04-04T09:00:00,43201099999,GADAG,15.417,75.633,37.6,1005.8,19.56
2010-04-04T12:00:00,43201099999,GADAG,15.417,75.633,37.0,1005.1,25.61
2010-04-04T15:00:00,43201099999,GADAG,15.417,75.633,32.6,1006.9,23.65
2010-04-04T18:00:00,43201099999,GADAG,15.417,75.633,28.4,1009.6,
2010-04-04T21:00:00,43201099999,GADAG,15.417,75.633,26.0,1009.1,92.01
2010-04-05T00:00:00,43201099999,GADAG,15.417,75.633,24.6,1009.1,94.74
2010-04-05T03:00:00,43201099999,GADAG,15.417,75.633,26.6,1010.5,81.64
2010-04-05T06:00:00,43201099999,GADAG,15.417,75.633,34.0,1008.0,34.81
2010-04-05T09:00:00,43201099999,GADAG,15.417,75.633,37.6,1003.5,25.27
2010-04-05T12:00:00,43201099999,GADAG,15.417,75.633,37.6,1002.2,23.07
2010-04-05T15:00:00,43201099999,GADAG,15.417,75.633,33.0,1004.9,29.18
2010-04-05T18:00:00,43201099999,GADAG,15.417,75.633,29.6,1007.9,70.64
2010-04-05T21:00:00,43201099999,GADAG,15.417,75.633,26.4,1007.4,75.87
2010-04-06T00:00:00,43201099999,GADAG,15.417,75.633,24.2,1008.6,80.84
2010-04-06T03:00:00,43201099999,GADAG,15.417,75.633,27.6,1009.4,80.3
2010-04-06T06:00:00,43201099999,GADAG,15.417,75.633,34.6,1007.2,40.92
2010-04-06T09:00:00,43201099999,GADAG,15.417,75.633,37.4,1003.4,27.25
2010-04-06T12:00:00,43201099999,GADAG,15.417,75.633,37.6,1002.5,16.2
2010-04-06T15:00:00,43201099999,GADAG,15.417,75.633,33.2,1005.3,26.84
2010-04-06T18:00:00,43201099999,GADAG,15.417,75.633,31.0,1007.7,36.03
2010-04-06T21:00:00,43201099999,GADAG,15.417,75.633,27.0,1007.5,51.31
2010-04-07T00:00:00,43201099999,GADAG,15.417,75.633,25.2,1007.7,83.98
2010-04-07T03:00:00,43201099999,GADAG,15.417,75.633,27.0,1009.8,77.36
2010-04-07T06:00:00,43201099999,GADAG,15.417,75.633,35.6,1007.5,33.94
2010-04-07T09:00:00,43201099999,GADAG,15.417,75.633,38.6,1004.5,18.04
2010-04-07T12:00:00,43201099999,GADAG,15.417,75.633,37.2,1004.6,20.4
2010-04-07T15:00:00,43201099999,GADAG,15.417,75.633,33.6,1006.0,19.39
2010-04-07T18:00:00,43201099999,GADAG,15.417,75.633,30.0,1010.0,30.93
2010-04-07T21:00:00,43201099999,GADAG,15.417,75.633,26.6,1009.3,49.59
2010-04-08T00:00:00,43201099999,GADAG,15.417,75.633,27.0,1008.6,51.31
2010-04-08T03:00:00,43201099999,GADAG,15.417,75.633,28.6,1010.2,55.08
2010-04-08T06:00:00,43201099999,GADAG,15.417,75.633,35.0,1009.2,29.15
2010-04-08T09:00:00,43201099999,GADAG,15.417,75.633,36.6,1006.2,25.5
2010-04-08T12:00:00,43201099999,GADAG,15.417,75.633,37.0,1005.7,16.07
2010-04-08T15:00:00,43201099999,GADAG,15.417,75.633,33.2,1008.5,21.96
2010-04-08T18:00:00,43201099999,GADAG,15.417,75.633,28.2,1011.3,69.96
2010-04-08T21:00:00,43201099999,GADAG,15.417,75.633,26.0,1011.1,80.09
2010-04-09T00:00:00,43201099999,GADAG,15.417,75.633,24.8,1010.7,90.29
2010-04-09T03:00:00,43201099999,GADAG,15.417,75.633,26.6,1012.2,87.75
2010-04-09T06:00:00,43201099999,GADAG,15.417,75.633,33.6,1009.3,38.9
2010-04-09T09:00:00,43201099999,GADAG,15.417,75.633,36.2,1004.9,25.73
2010-04-09T12:00:00,43201099999,GADAG,15.417,75.633,36.6,1004.6,25.5
2010-04-09T15:00:00,43201099999,GADAG,15.417,75.633,32.8,1007.4,37.23
2010-04-09T18:00:00,43201099999,GADAG,15.417,75.633,28.0,1009.0,75.21
2010-04-09T21:00:00,43201099999,GADAG,15.417,75.633,26.2,1006.9,80.12
2010-04-10T00:00:00,43201099999,GADAG,15.417,75.633,24.6,1007.2,83.92
2010-04-10T03:00:00,43201099999,GADAG,15.417,75.633,26.6,1009.1,80.17
2010-04-10T06:00:00,43201099999,GADAG,15.417,75.633,33.0,1007.2,42.04
2010-04-10T09:00:00,43201099999,GADAG,15.417,75.633,37.6,1002.2,23.84
2010-04-10T12:00:00,43201099999,GADAG,15.417,75.633,37.2,1000.8,21.09
2010-04-10T15:00:00,43201099999,GADAG,15.417,75.633,31.8,1004.0,59.0
2010-04-10T18:00:00,43201099999,GADAG,15.417,75.633,28.0,1006.7,84.79
2010-04-10T21:00:00,43201099999,GADAG,15.417,75.633,26.0,1005.1,88.76
2010-04-11T00:00:00,43201099999,GADAG,15.417,75.633,24.0,1006.3,91.89
2010-04-11T03:00:00,43201099999,GADAG,15.417,75.633,27.0,1007.7,80.22
2010-04-11T06:00:00,43201099999,GADAG,15.417,75.633,34.2,1005.2,37.85
2010-04-11T09:00:00,43201099999,GADAG,15.417,75.633,39.6,1001.2,18.64
2010-04-11T12:00:00,43201099999,GADAG,15.417,75.633,38.0,1000.2,19.4
2010-04-11T15:00:00,43201099999,GADAG,15.417,75.633,33.0,1003.2,27.5
2010-04-11T18:00:00,43201099999,GADAG,15.417,75.633,27.0,1004.2,80.22
2010-04-11T21:00:00,43201099999,GADAG,15.417,75.633,27.6,1004.7,83.24
2010-04-12T00:00:00,43201099999,GADAG,15.417,75.633,25.6,1005.5,91.99
2010-04-12T03:00:00,43201099999,GADAG,15.417,75.633,26.6,1007.4,87.75
2010-04-12T06:00:00,43201099999,GADAG,15.417,75.633,34.0,1005.8,39.25
2010-04-12T09:00:00,43201099999,GADAG,15.417,75.633,39.0,1001.3,16.62
2010-04-12T12:00:00,43201099999,GADAG,15.417,75.633,38.6,1000.4,14.23
2010-04-12T15:00:00,43201099999,GADAG,15.417,75.633,31.0,1005.4,
2010-04-12T18:00:00,43201099999,GADAG,15.417,75.633,27.6,1009.5,81.76
2010-04-12T21:00:00,43201099999,GADAG,15.417,75.633,26.6,1007.9,83.13
2010-04-13T00:00:00,43201099999,GADAG,15.417,75.633,26.0,1007.4,93.12
2010-04-13T03:00:00,43201099999,GADAG,15.417,75.633,26.2,1008.3,74.0
2010-04-13T06:00:00,43201099999,GADAG,15.417,75.633,35.0,1006.1,31.69
2010-04-13T09:00:00,43201099999,GADAG,15.417,75.633,39.4,1001.7,14.6
2010-04-13T12:00:00,43201099999,GADAG,15.417,75.633,37.6,1000.5,20.91
2010-04-13T15:00:00,43201099999,GADAG,15.417,75.633,30.0,1004.6,49.54
2010-04-13T18:00:00,43201099999,GADAG,15.417,75.633,28.0,1007.5,80.84
2010-04-13T21:00:00,43201099999,GADAG,15.417,75.633,26.4,1006.4,83.11
2010-04-14T00:00:00,43201099999,GADAG,15.417,75.633,25.6,1007.1,87.14
2010-04-14T03:00:00,43201099999,GADAG,15.417,75.633,26.0,1008.6,87.17
2010-04-14T06:00:00,43201099999,GADAG,15.417,75.633,33.6,1006.2,41.68
2010-04-14T09:00:00,43201099999,GADAG,15.417,75.633,38.6,1002.1,23.48
2010-04-14T12:00:00,43201099999,GADAG,15.417,75.633,35.6,1002.3,29.12
2010-04-14T15:00:00,43201099999,GADAG,15.417,75.633,30.4,1005.1,62.37
2010-04-14T18:00:00,43201099999,GADAG,15.417,75.633,24.8,,91.94
2010-04-14T21:00:00,43201099999,GADAG,15.417,75.633,24.0,1009.6,94.72
2010-04-15T00:00:00,43201099999,GADAG,15.417,75.633,23.0,1009.2,92.96
2010-04-15T03:00:00,43201099999,GADAG,15.417,75.633,25.6,1009.0,72.55
2010-04-15T06:00:00,43201099999,GADAG,15.417,75.633,34.6,1007.1,33.67
2010-04-15T09:00:00,43201099999,GADAG,15.417,75.633,37.2,1003.5,25.5
2010-04-15T12:00:00,43201099999,GADAG,15.417,75.633,37.2,1002.3,21.79
2010-04-15T15:00:00,43201099999,GADAG,15.417,75.633,32.0,1006.9,34.26
2010-04-15T18:00:00,43201099999,GADAG,15.417,75.633,29.4,1007.5,36.05
2010-04-15T21:00:00,43201099999,GADAG,15.417,75.633,26.0,1007.8,60.24
2010-04-16T00:00:00,43201099999,GADAG,15.417,75.633,25.0,1007.7,75.18
2010-04-16T03:00:00,43201099999,GADAG,15.417,75.633,28.4,1008.5,79.45
2010-04-16T06:00:00,43201099999,GADAG,15.417,75.633,34.6,1007.5,40.92
2010-04-16T09:00:00,43201099999,GADAG,15.417,75.633,38.0,1004.0,28.65
2010-04-16T12:00:00,43201099999,GADAG,15.417,75.633,29.0,1004.8,60.18
2010-04-16T15:00:00,43201099999,GADAG,15.417,75.633,25.2,1007.7,87.1
2010-04-16T18:00:00,43201099999,GADAG,15.417,75.633,25.6,1010.9,73.9
2010-04-16T21:00:00,43201099999,GADAG,15.417,75.633,23.6,1010.4,89.66
2010-04-17T00:00:00,43201099999,GADAG,15.417,75.633,25.0,1008.1,73.35
2010-04-17T03:00:00,43201099999,GADAG,15.417,75.633,28.4,1008.3,59.67
2010-04-17T06:00:00,43201099999,GADAG,15.417,75.633,34.6,1007.1,34.53
2010-04-17T09:00:00,43201099999,GADAG,15.417,75.633,38.0,1004.5,39.85
2010-04-17T12:00:00,43201099999,GADAG,15.417,75.633,36.0,1003.6,28.67
2010-04-17T15:00:00,43201099999,GADAG,15.417,75.633,29.6,1007.5,50.38
2010-04-17T18:00:00,43201099999,GADAG,15.417,75.633,27.4,1009.2,77.42
2010-04-17T21:00:00,43201099999,GADAG,15.417,75.633,25.6,1008.6,93.65
2010-04-18T00:00:00,43201099999,GADAG,15.417,75.633,24.6,1010.1,94.74
2010-04-18T03:00:00,43201099999,GADAG,15.417,75.633,26.4,1010.8,78.7
2010-04-18T06:00:00,43201099999,GADAG,15.417,75.633,32.4,1008.6,49.55
2010-04-18T09:00:00,43201099999,GADAG,15.417,75.633,36.6,1004.4,32.53
2010-04-18T12:00:00,43201099999,GADAG,15.417,75.633,36.2,1002.6,27.64
2010-04-18T15:00:00,43201099999,GADAG,15.417,75.633,29.2,1006.1,49.96
2010-04-18T18:00:00,43201099999,GADAG,15.417,75.633,26.2,1008.7,68.73
2010-04-18T21:00:00,43201099999,GADAG,15.417,75.633,24.6,1008.0,87.05
2010-04-19T00:00:00,43201099999,GADAG,15.417,75.633,24.0,1008.9,93.02
2010-04-19T03:00:00,43201099999,GADAG,15.417,75.633,25.2,1010.3,87.1
2010-04-19T06:00:00,43201099999,GADAG,15.417,75.633,32.6,1008.2,43.81
2010-04-19T09:00:00,43201099999,GADAG,15.417,75.633,36.2,1004.3,25.07
2010-04-19T12:00:00,43201099999,GADAG,15.417,75.633,37.0,1002.6,23.84
2010-04-19T15:00:00,43201099999,GADAG,15.417,75.633,30.4,1005.5,61.24
2010-04-19T18:00:00,43201099999,GADAG,15.417,75.633,27.2,1007.5,64.0
2010-04-19T21:00:00,43201099999,GADAG,15.417,75.633,24.6,1006.1,87.05
2010-04-20T00:00:00,43201099999,GADAG,15.417,75.633,23.6,1006.8,91.31
2010-04-20T03:00:00,43201099999,GADAG,15.417,75.633,26.2,,71.32
2010-04-20T06:00:00,43201099999,GADAG,15.417,75.633,33.6,,31.72
2010-04-20T09:00:00,43201099999,GADAG,15.417,75.633,38.2,1001.6,17.59
2010-04-20T12:00:00,43201099999,GADAG,15.417,75.633,38.0,1000.4,16.62
2010-04-20T15:00:00,43201099999,GADAG,15.417,75.633,32.2,1003.2,42.35
2010-04-20T18:00:00,43201099999,GADAG,15.417,75.633,27.6,1006.3,81.76
2010-04-20T21:00:00,43201099999,GADAG,15.417,75.633,25.2,1005.6,93.64
2010-04-21T00:00:00,43201099999,GADAG,15.417,75.633,24.2,1006.6,94.73
2010-04-21T03:00:00,43201099999,GADAG,15.417,75.633,26.6,1007.6,81.64
2010-04-21T06:00:00,43201099999,GADAG,15.417,75.633,34.0,1005.7,35.71
2010-04-21T09:00:00,43201099999,GADAG,15.417,75.633,38.4,1002.1,21.24
2010-04-21T12:00:00,43201099999,GADAG,15.417,75.633,38.2,1000.0,17.59
2010-04-21T15:00:00,43201099999,GADAG,15.417,75.633,31.6,1003.8,60.03
2010-04-21T18:00:00,43201099999,GADAG,15.417,75.633,26.8,1007.4,87.77
2010-04-21T21:00:00,43201099999,GADAG,15.417,75.633,25.6,1006.6,90.34
2010-04-22T00:00:00,43201099999,GADAG,15.417,75.633,25.0,1007.3,91.95
2010-04-22T03:00:00,43201099999,GADAG,15.417,75.633,27.2,1008.5,81.71
2010-04-22T06:00:00,43201099999,GADAG,15.417,75.633,33.6,1005.9,43.81
2010-04-22T09:00:00,43201099999,GADAG,15.417,75.633,36.2,1002.4,29.66
2010-04-22T12:00:00,43201099999,GADAG,15.417,75.633,31.6,1002.8,39.59
2010-04-22T15:00:00,43201099999,GADAG,15.417,75.633,24.6,1007.7,83.92
2010-04-22T18:00:00,43201099999,GADAG,15.417,75.633,26.4,1007.3,77.27
2010-04-22T21:00:00,43201099999,GADAG,15.417,75.633,24.8,1006.4,82.42
2010-04-23T00:00:00,43201099999,GADAG,15.417,75.633,24.8,1007.4,80.92
2010-04-23T03:00:00,43201099999,GADAG,15.417,75.633,27.6,1009.4,64.09
2010-04-23T06:00:00,43201099999,GADAG,15.417,75.633,33.0,1007.7,48.2
2010-04-23T09:00:00,43201099999,GADAG,15.417,75.633,36.6,1003.4,25.5
2010-04-23T12:00:00,43201099999,GADAG,15.417,75.633,38.0,1001.7,21.42
2010-04-23T15:00:00,43201099999,GADAG,15.417,75.633,32.0,1005.1,29.68
2010-04-23T18:00:00,43201099999,GADAG,15.417,75.633,28.6,1008.2,92.16
2010-04-23T21:00:00,43201099999,GADAG,15.417,75.633,25.6,1007.1,95.35
2010-04-24T00:00:00,43201099999,GADAG,15.417,75.633,24.8,1008.6,94.75
2010-04-24T03:00:00,43201099999,GADAG,15.417,75.633,26.6,1005.1,80.17
2010-04-24T06:00:00,43201099999,GADAG,15.417,75.633,33.2,1007.4,50.37
2010-04-24T09:00:00,43201099999,GADAG,15.417,75.633,37.4,1002.5,31.14
2010-04-24T12:00:00,43201099999,GADAG,15.417,75.633,32.6,1002.6,41.67
2010-04-24T15:00:00,43201099999,GADAG,15.417,75.633,27.8,1007.0,55.57
2010-04-24T18:00:00,43201099999,GADAG,15.417,75.633,27.6,1006.1,51.8
2010-04-24T21:00:00,43201099999,GADAG,15.417,75.633,25.8,1007.7,66.96
2010-04-25T00:00:00,43201099999,GADAG,15.417,75.633,23.6,1007.1,81.77
2010-04-25T03:00:00,43201099999,GADAG,15.417,75.633,26.0,1008.6,75.35
2010-04-25T06:00:00,43201099999,GADAG,15.417,75.633,33.8,1006.1,40.96
2010-04-25T09:00:00,43201099999,GADAG,15.417,75.633,37.6,1002.2,23.07
2010-04-25T12:00:00,43201099999,GADAG,15.417,75.633,36.8,1001.4,19.9
2010-04-25T15:00:00,43201099999,GADAG,15.417,75.633,33.4,1004.2,28.91
2010-04-25T18:00:00,43201099999,GADAG,15.417,75.633,28.0,1007.2,92.12
2010-04-25T21:00:00,43201099999,GADAG,15.417,75.633,26.2,1007.2,95.37
2010-04-26T00:00:00,43201099999,GADAG,15.417,75.633,24.8,1008.3,94.75
2010-04-26T03:00:00,43201099999,GADAG,15.417,75.633,27.6,1009.7,83.24
2010-04-26T06:00:00,43201099999,GADAG,15.417,75.633,36.0,1007.8,21.78
2010-04-26T09:00:00,43201099999,GADAG,15.417,75.633,38.6,1004.2,14.23
2010-04-26T12:00:00,43201099999,GADAG,15.417,75.633,33.6,1004.5,28.21
2010-04-26T15:00:00,43201099999,GADAG,15.417,75.633,31.4,1008.1,32.57
2010-04-26T18:00:00,43201099999,GADAG,15.417,75.633,28.6,1010.4,50.44
2010-04-26T21:00:00,43201099999,GADAG,15.417,75.633,26.6,1009.7,65.89
2010-04-27T00:00:00,43201099999,GADAG,15.417,75.633,25.4,1007.9,91.97
2010-04-27T03:00:00,43201099999,GADAG,15.417,75.633,26.6,1011.3,88.81
2010-04-27T06:00:00,43201099999,GADAG,15.417,75.633,33.4,1010.0,47.42
2010-04-27T09:00:00,43201099999,GADAG,15.417,75.633,38.0,1004.8,25.7
2010-04-27T12:00:00,43201099999,GADAG,15.417,75.633,32.2,1005.2,41.3
2010-04-27T15:00:00,43201099999,GADAG,15.417,75.633,29.6,1008.3,45.83
2010-04-27T18:00:00,43201099999,GADAG,15.417,75.633,27.6,1010.3,56.58
2010-04-27T21:00:00,43201099999,GADAG,15.417,75.633,26.0,1009.4,83.06
2010-04-28T00:00:00,43201099999,GADAG,15.417,75.633,25.0,1009.6,94.76
2010-04-28T03:00:00,43201099999,GADAG,15.417,75.633,26.6,1011.0,92.04
2010-04-28T06:00:00,43201099999,GADAG,15.417,75.633,33.2,1008.3,48.25
2010-04-28T09:00:00,43201099999,GADAG,15.417,75.633,36.6,1004.2,33.36
2010-04-28T12:00:00,43201099999,GADAG,15.417,75.633,30.8,1004.1,39.88
2010-04-28T15:00:00,43201099999,GADAG,15.417,75.633,24.6,1008.7,83.92
2010-04-28T18:00:00,43201099999,GADAG,15.417,75.633,24.0,1009.6,88.6
2010-04-28T21:00:00,43201099999,GADAG,15.417,75.633,24.6,1007.4,82.39
2010-04-29T00:00:00,43201099999,GADAG,15.417,75.633,24.0,1007.6,77.39
2010-04-29T03:00:00,43201099999,GADAG,15.417,75.633,26.2,1008.2,74.0
2010-04-29T06:00:00,43201099999,GADAG,15.417,75.633,33.6,1006.7,43.81
2010-04-29T09:00:00,43201099999,GADAG,15.417,75.633,38.0,1002.8,27.06
2010-04-29T12:00:00,43201099999,GADAG,15.417,75.633,34.0,1002.7,33.08
2010-04-29T15:00:00,43201099999,GADAG,15.417,75.633,28.0,1006.7,53.23
2010-04-29T18:00:00,43201099999,GADAG,15.417,75.633,27.2,1007.3,61.28
2010-04-29T21:00:00,43201099999,GADAG,15.417,75.633,25.0,1008.6,67.64
2010-04-30T00:00:00,43201099999,GADAG,15.417,75.633,24.6,1009.2,73.28
2010-04-30T03:00:00,43201099999,GADAG,15.417,75.633,25.2,1010.8,82.46
2010-04-30T06:00:00,43201099999,GADAG,15.417,75.633,29.2,1010.6,54.54
2010-04-30T09:00:00,43201099999,GADAG,15.417,75.633,31.6,1006.9,42.72
2010-04-30T12:00:00,43201099999,GADAG,15.417,75.633,32.0,1005.5,38.21
2010-04-30T15:00:00,43201099999,GADAG,15.417,75.633,28.6,1007.7,55.08
2010-04-30T18:00:00,43201099999,GADAG,15.417,75.633,27.0,1009.9,60.09
2010-04-30T21:00:00,43201099999,GADAG,15.417,75.633,25.8,1010.5,65.72
2010-05-01T00:00:00,43201099999,GADAG,15.417,75.633,24.6,1009.8,70.59
2010-05-01T03:00:00,43201099999,GADAG,15.417,75.633,26.6,1010.8,70.09
2010-05-01T06:00:00,43201099999,GADAG,15.417,75.633,33.0,1009.0,46.16
2010-05-01T09:00:00,43201099999,GADAG,15.417,75.633,22.6,1009.3,91.81
2010-05-01T12:00:00,43201099999,GADAG,15.417,75.633,31.6,1004.7,42.72
2010-05-01T15:00:00,43201099999,GADAG,15.417,75.633,29.0,1007.9,63.99
2010-05-01T18:00:00,43201099999,GADAG,15.417,75.633,24.6,1010.4,83.92
2010-05-01T21:00:00,43201099999,GADAG,15.417,75.633,24.0,1008.5,83.85
2010-05-02T00:00:00,43201099999,GADAG,15.417,75.633,23.0,1008.7,87.98
2010-05-02T03:00:00,43201099999,GADAG,15.417,75.633,26.0,1009.9,73.97
2010-05-02T06:00:00,43201099999,GADAG,15.417,75.633,32.0,1007.9,52.27
2010-05-02T09:00:00,43201099999,GADAG,15.417,75.633,35.4,1003.1,45.38
2010-05-02T12:00:00,43201099999,GADAG,15.417,75.633,34.0,1002.5,36.62
2010-05-02T15:00:00,43201099999,GADAG,15.417,75.633,29.8,1005.4,50.43
2010-05-02T18:00:00,43201099999,GADAG,15.417,75.633,22.2,,81.08
2010-05-02T21:00:00,43201099999,GADAG,15.417,75.633,21.0,1008.0,96.37
2010-05-03T00:00:00,43201099999,GADAG,15.417,75.633,21.0,1008.8,96.37
2010-05-03T03:00:00,43201099999,GADAG,15.417,75.633,24.0,1009.5,83.85
2010-05-03T06:00:00,43201099999,GADAG,15.417,75.633,30.6,1006.3,43.54
2010-05-03T09:00:00,43201099999,GADAG,15.417,75.633,33.0,1003.3,36.35
2010-05-03T12:00:00,43201099999,GADAG,15.417,75.633,33.6,1001.8,30.91
2010-05-03T15:00:00,43201099999,GADAG,15.417,75.633,28.6,1003.3,43.56
2010-05-03T18:00:00,43201099999,GADAG,15.417,75.633,28.0,1005.1,46.28
2010-05-03T21:00:00,43201099999,GADAG,15.417,75.633,26.0,1005.5,56.55
2010-05-04T00:00:00,43201099999,GADAG,15.417,75.633,23.0,1005.4,91.27
2010-05-04T03:00:00,43201099999,GADAG,15.417,75.633,25.8,1007.2,60.19
2010-05-04T06:00:00,43201099999,GADAG,15.417,75.633,32.0,1005.4,40.98
2010-05-04T09:00:00,43201099999,GADAG,15.417,75.633,35.6,1001.0,25.91
2010-05-04T12:00:00,43201099999,GADAG,15.417,75.633,35.2,999.6,23.85
2010-05-04T15:00:00,43201099999,GADAG,15.417,75.633,31.8,1001.9,31.22
2010-05-04T18:00:00,43201099999,GADAG,15.417,75.633,27.6,1004.6,90.48
2010-05-04T21:00:00,43201099999,GADAG,15.417,75.633,25.8,1005.0,90.36
2010-05-05T00:00:00,43201099999,GADAG,15.417,75.633,24.0,1004.9,91.89
2010-05-05T03:00:00,43201099999,GADAG,15.417,75.633,26.6,1006.3,83.13
2010-05-05T06:00:00,43201099999,GADAG,15.417,75.633,32.8,1004.6,44.97
2010-05-05T09:00:00,43201099999,GADAG,15.417,75.633,36.0,1000.7,27.05
2010-05-05T12:00:00,43201099999,GADAG,15.417,75.633,37.0,999.1,23.07
2010-05-05T15:00:00,43201099999,GADAG,15.417,75.633,29.6,1002.6,66.91
2010-05-05T18:00:00,43201099999,GADAG,15.417,75.633,27.2,1004.4,86.24
2010-05-05T21:00:00,43201099999,GADAG,15.417,75.633,25.4,1005.3,88.71
2010-05-06T00:00:00,43201099999,GADAG,15.417,75.633,24.0,1005.1,89.69
2010-05-06T03:00:00,43201099999,GADAG,15.417,75.633,27.0,1006.0,77.36
2010-05-06T06:00:00,43201099999,GADAG,15.417,75.633,34.0,1003.5,34.81
2010-05-06T09:00:00,43201099999,GADAG,15.417,75.633,37.0,1000.3,23.07
2010-05-06T12:00:00,43201099999,GADAG,15.417,75.633,38.4,998.1,18.49
2010-05-06T15:00:00,43201099999,GADAG,15.417,75.633,33.2,1000.5,27.74
2010-05-06T18:00:00,43201099999,GADAG,15.417,75.633,28.6,1003.0,82.37
2010-05-06T21:00:00,43201099999,GADAG,15.417,75.633,26.0,1003.2,93.67
2010-05-07T00:00:00,43201099999,GADAG,15.417,75.633,25.0,1004.2,93.63
2010-05-07T03:00:00,43201099999,GADAG,15.417,75.633,28.0,1004.8,79.4
2010-05-07T06:00:00,43201099999,GADAG,15.417,75.633,33.6,1003.4,46.6
2010-05-07T09:00:00,43201099999,GADAG,15.417,75.633,37.6,999.4,27.47
2010-05-07T12:00:00,43201099999,GADAG,15.417,75.633,29.0,1000.4,53.14
2010-05-07T15:00:00,43201099999,GADAG,15.417,75.633,28.8,1003.0,62.78
2010-05-07T18:00:00,43201099999,GADAG,15.417,75.633,26.0,1004.6,80.09
2010-05-07T21:00:00,43201099999,GADAG,15.417,75.633,26.0,1003.5,73.97
2010-05-08T00:00:00,43201099999,GADAG,15.417,75.633,26.0,1005.0,78.64
2010-05-08T03:00:00,43201099999,GADAG,15.417,75.633,23.6,1008.2,96.44
2010-05-08T06:00:00,43201099999,GADAG,15.417,75.633,29.6,1006.8,59.58
2010-05-08T09:00:00,43201099999,GADAG,15.417,75.633,30.6,1003.9,63.94
2010-05-08T12:00:00,43201099999,GADAG,15.417,75.633,32.0,1002.5,50.37
2010-05-08T15:00:00,43201099999,GADAG,15.417,75.633,28.6,1004.7,70.03
2010-05-08T18:00:00,43201099999,GADAG,15.417,75.633,27.2,1004.7,80.25
2010-05-08T21:00:00,43201099999,GADAG,15.417,75.633,25.6,1003.9,95.35
2010-05-09T00:00:00,43201099999,GADAG,15.417,75.633,25.0,1003.8,94.76
2010-05-09T03:00:00,43201099999,GADAG,15.417,75.633,27.6,1005.6,84.75
2010-05-09T06:00:00,43201099999,GADAG,15.417,75.633,33.0,1004.1,50.01
2010-05-09T09:00:00,43201099999,GADAG,15.417,75.633,34.2,1000.7,39.55
2010-05-09T12:00:00,43201099999,GADAG,15.417,75.633,33.0,1000.2,40.23
2010-05-09T15:00:00,43201099999,GADAG,15.417,75.633,28.0,1004.7,61.84
2010-05-09T18:00:00,43201099999,GADAG,15.417,75.633,27.4,1004.9,71.98
2010-05-09T21:00:00,43201099999,GADAG,15.417,75.633,25.0,1004.2,88.68
2010-05-10T00:00:00,43201099999,GADAG,15.417,75.633,24.8,1005.0,93.62
2010-05-10T03:00:00,43201099999,GADAG,15.417,75.633,26.4,1006.5,84.12
2010-05-10T06:00:00,43201099999,GADAG,15.417,75.633,34.0,1004.3,35.71
2010-05-10T09:00:00,43201099999,GADAG,15.417,75.633,38.2,999.8,18.32
2010-05-10T12:00:00,43201099999,GADAG,15.417,75.633,38.0,998.7,18.03
2010-05-10T15:00:00,43201099999,GADAG,15.417,75.633,30.6,1001.5,
2010-05-10T18:00:00,43201099999,GADAG,15.417,75.633,27.6,1004.2,93.74
2010-05-10T21:00:00,43201099999,GADAG,15.417,75.633,26.4,1004.5,93.69
2010-05-11T00:00:00,43201099999,GADAG,15.417,75.633,26.0,1004.6,95.36
2010-05-11T03:00:00,43201099999,GADAG,15.417,75.633,28.0,1005.7,83.29
2010-05-11T06:00:00,43201099999,GADAG,15.417,75.633,34.4,1004.3,34.48
2010-05-11T09:00:00,43201099999,GADAG,15.417,75.633,39.2,999.8,18.18
2010-05-11T12:00:00,43201099999,GADAG,15.417,75.633,39.2,998.0,14.36
2010-05-11T15:00:00,43201099999,GADAG,15.417,75.633,31.0,1003.1,43.1
2010-05-11T18:00:00,43201099999,GADAG,15.417,75.633,28.6,1004.6,92.16
2010-05-11T21:00:00,43201099999,GADAG,15.417,75.633,26.0,1004.2,95.36
2010-05-12T00:00:00,43201099999,GADAG,15.417,75.633,25.4,1003.9,93.65
2010-05-12T03:00:00,43201099999,GADAG,15.417,75.633,27.6,1006.5,70.71
2010-05-12T06:00:00,43201099999,GADAG,15.417,75.633,33.4,1004.5,37.87
2010-05-12T09:00:00,43201099999,GADAG,15.417,75.633,39.0,1000.4,15.96
2010-05-12T12:00:00,43201099999,GADAG,15.417,75.633,39.0,999.0,13.55
2010-05-12T15:00:00,43201099999,GADAG,15.417,75.633,32.0,1002.7,55.56
2010-05-12T18:00:00,43201099999,GADAG,15.417,75.633,28.6,1004.6,92.16
2010-05-12T21:00:00,43201099999,GADAG,15.417,75.633,27.4,1004.0,93.74
2010-05-13T00:00:00,43201099999,GADAG,15.417,75.633,26.0,1004.5,95.36
2010-05-13T03:00:00,43201099999,GADAG,15.417,75.633,26.6,1006.2,78.72
2010-05-13T06:00:00,43201099999,GADAG,15.417,75.633,32.6,1005.2,40.63
2010-05-13T09:00:00,43201099999,GADAG,15.417,75.633,37.6,1001.4,23.84
2010-05-13T12:00:00,43201099999,GADAG,15.417,75.633,36.6,999.9,27.04
2010-05-13T15:00:00,43201099999,GADAG,15.417,75.633,30.4,1003.0,57.96
2010-05-13T18:00:00,43201099999,GADAG,15.417,75.633,27.4,1004.9,86.26
2010-05-13T21:00:00,43201099999,GADAG,15.417,75.633,26.4,1004.3,90.4
2010-05-14T00:00:00,43201099999,GADAG,15.417,75.633,25.6,1004.9,95.35
2010-05-14T03:00:00,43201099999,GADAG,15.417,75.633,25.6,1006.6,79.55
2010-05-14T06:00:00,43201099999,GADAG,15.417,75.633,33.0,1004.6,42.04
2010-05-14T09:00:00,43201099999,GADAG,15.417,75.633,38.2,1000.9,23.68
2010-05-14T12:00:00,43201099999,GADAG,15.417,75.633,37.2,999.1,24.05
2010-05-14T15:00:00,43201099999,GADAG,15.417,75.633,30.2,1002.8,68.66
2010-05-14T18:00:00,43201099999,GADAG,15.417,75.633,26.6,1005.0,87.75
2010-05-14T21:00:00,43201099999,GADAG,15.417,75.633,25.0,1004.5,93.63
2010-05-15T00:00:00,43201099999,GADAG,15.417,75.633,24.4,1005.3,93.6
2010-05-15T03:00:00,43201099999,GADAG,15.417,75.633,26.6,1006.1,73.17
2010-05-15T06:00:00,43201099999,GADAG,15.417,75.633,32.0,1005.6,46.18
2010-05-15T09:00:00,43201099999,GADAG,15.417,75.633,36.6,1001.2,27.74
2010-05-15T12:00:00,43201099999,GADAG,15.417,75.633,38.0,999.0,22.14
2010-05-15T15:00:00,43201099999,GADAG,15.417,75.633,30.8,1001.9,70.02
2010-05-15T18:00:00,43201099999,GADAG,15.417,75.633,29.8,1002.9,73.27
2010-05-15T21:00:00,43201099999,GADAG,15.417,75.633,25.0,1002.8,90.3
2010-05-16T00:00:00,43201099999,GADAG,15.417,75.633,25.0,1005.0,90.3
2010-05-16T03:00:00,43201099999,GADAG,15.417,75.633,27.0,1005.3,70.6
2010-05-16T06:00:00,43201099999,GADAG,15.417,75.633,32.2,1003.8,49.5
2010-05-16T09:00:00,43201099999,GADAG,15.417,75.633,38.0,1000.4,31.7
2010-05-16T12:00:00,43201099999,GADAG,15.417,75.633,36.4,999.3,29.9
2010-05-16T15:00:00,43201099999,GADAG,15.417,75.633,31.0,1003.1,50.42
2010-05-16T18:00:00,43201099999,GADAG,15.417,75.633,27.6,1005.7,81.76
2010-05-16T21:00:00,43201099999,GADAG,15.417,75.633,25.6,,91.99
2010-05-17T00:00:00,43201099999,GADAG,15.417,75.633,25.0,1005.8,94.76
2010-05-17T03:00:00,43201099999,GADAG,15.417,75.633,25.4,1007.3,88.71
2010-05-17T06:00:00,43201099999,GADAG,15.417,75.633,31.4,1004.8,45.45
2010-05-17T09:00:00,43201099999,GADAG,15.417,75.633,36.8,1001.3,29.63
2010-05-17T12:00:00,43201099999,GADAG,15.417,75.633,37.6,998.9,23.84
2010-05-17T15:00:00,43201099999,GADAG,15.417,75.633,32.6,1001.4,56.05
2010-05-17T21:00:00,43201099999,GADAG,15.417,75.633,27.4,1002.9,89.4
2010-05-18T00:00:00,43201099999,GADAG,15.417,75.633,26.2,1003.6,92.02
2010-05-18T03:00:00,43201099999,GADAG,15.417,75.633,27.6,1004.8,87.83
2010-05-18T06:00:00,43201099999,GADAG,15.417,75.633,32.2,1003.2,53.61
2010-05-18T09:00:00,43201099999,GADAG,15.417,75.633,37.4,999.0,35.96
2010-05-18T12:00:00,43201099999,GADAG,15.417,75.633,38.6,996.5,20.74
2010-05-18T15:00:00,43201099999,GADAG,15.417,75.633,31.0,1000.9,75.23
2010-05-18T18:00:00,43201099999,GADAG,15.417,75.633,24.8,1006.7,88.66
2010-05-18T21:00:00,43201099999,GADAG,15.417,75.633,26.2,1002.3,83.08
2010-05-19T00:00:00,43201099999,GADAG,15.417,75.633,26.0,1003.1,92.01
2010-05-19T03:00:00,43201099999,GADAG,15.417,75.633,25.6,1004.6,93.65
2010-05-19T06:00:00,43201099999,GADAG,15.417,75.633,29.8,1002.2,60.73
2010-05-19T09:00:00,43201099999,GADAG,15.417,75.633,34.6,999.1,33.67
2010-05-19T12:00:00,43201099999,GADAG,15.417,75.633,32.0,997.7,57.98
2010-05-19T15:00:00,43201099999,GADAG,15.417,75.633,27.4,1001.3,84.73
2010-05-19T18:00:00,43201099999,GADAG,15.417,75.633,26.0,1003.9,95.36
2010-05-19T21:00:00,43201099999,GADAG,15.417,75.633,24.8,1002.3,94.75
2010-05-20T00:00:00,43201099999,GADAG,15.417,75.633,24.6,1001.6,94.74
2010-05-20T03:00:00,43201099999,GADAG,15.417,75.633,25.8,1003.7,95.36
2010-05-20T06:00:00,43201099999,GADAG,15.417,75.633,27.0,1002.8,90.44
2010-05-20T09:00:00,43201099999,GADAG,15.417,75.633,34.0,998.6,33.93
2010-05-20T12:00:00,43201099999,GADAG,15.417,75.633,31.6,998.2,55.47
2010-05-20T15:00:00,43201099999,GADAG,15.417,75.633,27.4,1002.2,81.74
2010-05-20T18:00:00,43201099999,GADAG,15.417,75.633,26.0,1002.8,87.17
2010-05-20T21:00:00,43201099999,GADAG,15.417,75.633,25.0,1002.1,93.63
2010-05-21T00:00:00,43201099999,GADAG,15.417,75.633,24.2,1002.2,94.73
2010-05-21T03:00:00,43201099999,GADAG,15.417,75.633,25.8,1005.0,88.74
2010-05-21T06:00:00,43201099999,GADAG,15.417,75.633,31.4,1003.2,54.08
2010-05-21T09:00:00,43201099999,GADAG,15.417,75.633,34.6,1000.2,39.91
2010-05-21T12:00:00,43201099999,GADAG,15.417,75.633,32.8,999.6,47.85
2010-05-21T15:00:00,43201099999,GADAG,15.417,75.633,28.2,1004.6,62.27
2010-05-21T18:00:00,43201099999,GADAG,15.417,75.633,25.2,1005.2,88.7
2010-05-21T21:00:00,43201099999,GADAG,15.417,75.633,24.4,1004.4,91.92
2010-05-22T00:00:00,43201099999,GADAG,15.417,75.633,24.0,1005.2,93.02
2010-05-22T03:00:00,43201099999,GADAG,15.417,75.633,25.6,1005.1,90.34
2010-05-22T06:00:00,43201099999,GADAG,15.417,75.633,30.6,1004.1,65.11
2010-05-22T09:00:00,43201099999,GADAG,15.417,75.633,34.0,1002.0,49.05
2010-05-22T12:00:00,43201099999,GADAG,15.417,75.633,33.6,1000.3,49.55
2010-05-22T15:00:00,43201099999,GADAG,15.417,75.633,27.8,1004.5,81.79
2010-05-22T18:00:00,43201099999,GADAG,15.417,75.633,22.2,1008.2,98.19
2010-05-22T21:00:00,43201099999,GADAG,15.417,75.633,23.2,1006.1,92.97
2010-05-23T00:00:00,43201099999,GADAG,15.417,75.633,23.8,1005.1,86.97
2010-05-23T03:00:00,43201099999,GADAG,15.417,75.633,24.8,1006.5,91.94
2010-05-23T06:00:00,43201099999,GADAG,15.417,75.633,29.8,1005.3,68.17
2010-05-23T09:00:00,43201099999,GADAG,15.417,75.633,33.2,1002.4,52.25
2010-05-23T12:00:00,43201099999,GADAG,15.417,75.633,36.6,999.1,34.21
2010-05-23T15:00:00,43201099999,GADAG,15.417,75.633,28.2,1002.1,82.32
2010-05-23T18:00:00,43201099999,GADAG,15.417,75.633,22.0,1006.3,96.4
2010-05-23T21:00:00,43201099999,GADAG,15.417,75.633,22.8,1004.7,91.26
2010-05-24T00:00:00,43201099999,GADAG,15.417,75.633,24.2,1004.4,96.46
2010-05-24T03:00:00,43201099999,GADAG,15.417,75.633,25.8,1006.2,88.74
2010-05-24T06:00:00,43201099999,GADAG,15.417,75.633,30.0,1005.1,69.45
2010-05-24T09:00:00,43201099999,GADAG,15.417,75.633,33.6,1001.8,52.67
2010-05-24T12:00:00,43201099999,GADAG,15.417,75.633,33.2,1000.5,54.52
2010-05-24T15:00:00,43201099999,GADAG,15.417,75.633,27.6,1004.4,83.24
2010-05-24T18:00:00,43201099999,GADAG,15.417,75.633,25.6,1006.4,91.99
2010-05-24T21:00:00,43201099999,GADAG,15.417,75.633,24.4,1005.1,91.92
2010-05-25T00:00:00,43201099999,GADAG,15.417,75.633,23.6,1005.2,92.99
2010-05-25T03:00:00,43201099999,GADAG,15.417,75.633,25.0,1007.1,90.3
2010-05-25T06:00:00,43201099999,GADAG,15.417,75.633,30.6,1005.6,55.57
2010-05-25T09:00:00,43201099999,GADAG,15.417,75.633,33.6,1003.0,40.9
2010-05-25T12:00:00,43201099999,GADAG,15.417,75.633,32.8,1001.3,41.98
2010-05-25T15:00:00,43201099999,GADAG,15.417,75.633,28.2,1004.5,64.61
2010-05-25T18:00:00,43201099999,GADAG,15.417,75.633,25.6,1006.8,85.57
2010-05-25T21:00:00,43201099999,GADAG,15.417,75.633,24.4,1005.6,94.74
2010-05-26T00:00:00,43201099999,GADAG,15.417,75.633,24.0,1005.9,94.72
2010-05-26T03:00:00,43201099999,GADAG,15.417,75.633,26.0,1007.3,81.56
2010-05-26T06:00:00,43201099999,GADAG,15.417,75.633,31.4,1005.5,50.84
2010-05-26T09:00:00,43201099999,GADAG,15.417,75.633,34.8,1002.1,31.43
2010-05-26T12:00:00,43201099999,GADAG,15.417,75.633,33.6,1001.6,37.93
2010-05-26T15:00:00,43201099999,GADAG,15.417,75.633,29.0,1005.1,60.18
2010-05-26T18:00:00,43201099999,GADAG,15.417,75.633,26.4,1006.8,81.61
2010-05-26T21:00:00,43201099999,GADAG,15.417,75.633,24.0,1006.5,94.72
2010-05-27T00:00:00,43201099999,GADAG,15.417,75.633,24.2,1006.6,94.73
2010-05-27T03:00:00,43201099999,GADAG,15.417,75.633,26.6,1007.2,86.19
2010-05-27T06:00:00,43201099999,GADAG,15.417,75.633,31.8,1005.4,43.87
2010-05-27T09:00:00,43201099999,GADAG,15.417,75.633,36.6,1001.4,25.5
2010-05-27T12:00:00,43201099999,GADAG,15.417,75.633,37.4,999.1,26.38
2010-05-27T15:00:00,43201099999,GADAG,15.417,75.633,29.8,1003.7,59.62
2010-05-27T18:00:00,43201099999,GADAG,15.417,75.633,26.4,1006.0,87.21
2010-05-27T21:00:00,43201099999,GADAG,15.417,75.633,24.6,1005.8,91.93
2010-05-28T00:00:00,43201099999,GADAG,15.417,75.633,24.2,1006.4,93.03
2010-05-28T03:00:00,43201099999,GADAG,15.417,75.633,26.0,1007.7,88.76
2010-05-28T06:00:00,43201099999,GADAG,15.417,75.633,32.0,1006.3,33.38
2010-05-28T09:00:00,43201099999,GADAG,15.417,75.633,36.0,1002.6,33.62
2010-05-28T12:00:00,43201099999,GADAG,15.417,75.633,36.8,1000.7,28.88
2010-05-28T15:00:00,43201099999,GADAG,15.417,75.633,31.0,1004.2,54.98
2010-05-28T18:00:00,43201099999,GADAG,15.417,75.633,27.0,1007.1,86.22
2010-05-28T21:00:00,43201099999,GADAG,15.417,75.633,25.0,1006.8,93.63
2010-05-29T00:00:00,43201099999,GADAG,15.417,75.633,24.0,1007.3,94.72
2010-05-29T03:00:00,43201099999,GADAG,15.417,75.633,26.2,1008.7,78.67
2010-05-29T06:00:00,43201099999,GADAG,15.417,75.633,32.0,1006.8,44.2
2010-05-29T09:00:00,43201099999,GADAG,15.417,75.633,35.4,1002.9,34.53
2010-05-29T12:00:00,43201099999,GADAG,15.417,75.633,35.0,1001.7,34.21
2010-05-29T15:00:00,43201099999,GADAG,15.417,75.633,29.6,1004.7,64.51
2010-05-29T18:00:00,43201099999,GADAG,15.417,75.633,26.6,1007.0,87.75
2010-05-29T21:00:00,43201099999,GADAG,15.417,75.633,25.8,1008.6,90.36
2010-05-30T00:00:00,43201099999,GADAG,15.417,75.633,23.6,1006.8,92.99
2010-05-30T03:00:00,43201099999,GADAG,15.417,75.633,25.8,1008.3,76.71
2010-05-30T06:00:00,43201099999,GADAG,15.417,75.633,30.8,1006.0,48.22
2010-05-30T09:00:00,43201099999,GADAG,15.417,75.633,34.6,1003.1,27.93
2010-05-30T12:00:00,43201099999,GADAG,15.417,75.633,36.2,1000.8,25.73
2010-05-30T15:00:00,43201099999,GADAG,15.417,75.633,29.0,1005.4,67.6
2010-05-30T18:00:00,43201099999,GADAG,15.417,75.633,26.6,1007.7,80.17
2010-05-30T21:00:00,43201099999,GADAG,15.417,75.633,25.4,1006.2,90.33
2010-05-31T00:00:00,43201099999,GADAG,15.417,75.633,23.8,1007.7,91.32
2010-05-31T03:00:00,43201099999,GADAG,15.417,75.633,26.2,1008.5,88.77
2010-05-31T06:00:00,43201099999,GADAG,15.417,75.633,30.0,1007.1,58.58
2010-05-31T09:00:00,43201099999,GADAG,15.417,75.633,32.2,1004.4,48.29
2010-05-31T12:00:00,43201099999,GADAG,15.417,75.633,26.8,1005.8,88.82
2010-05-31T15:00:00,43201099999,GADAG,15.417,75.633,26.8,1007.2,75.93
2010-05-31T18:00:00,43201099999,GADAG,15.417,75.633,24.6,1008.3,88.65
2010-05-31T21:00:00,43201099999,GADAG,15.417,75.633,23.6,1007.9,89.66
2010-06-01T00:00:00,43201099999,GADAG,15.417,75.633,23.0,1008.1,91.27
2010-06-01T03:00:00,43201099999,GADAG,15.417,75.633,25.0,1009.1,85.51
2010-06-01T06:00:00,43201099999,GADAG,15.417,75.633,31.0,1007.2,49.49
2010-06-01T09:00:00,43201099999,GADAG,15.417,75.633,34.8,1003.2,35.7
2010-06-01T12:00:00,43201099999,GADAG,15.417,75.633,28.6,1003.9,56.47
2010-06-01T15:00:00,43201099999,GADAG,15.417,75.633,25.8,1007.1,68.23
2010-06-01T18:00:00,43201099999,GADAG,15.417,75.633,25.2,1008.7,90.32
2010-06-01T21:00:00,43201099999,GADAG,15.417,75.633,24.2,1008.9,94.73
2010-06-02T00:00:00,43201099999,GADAG,15.417,75.633,24.2,1009.2,96.46
2010-06-02T03:00:00,43201099999,GADAG,15.417,75.633,25.8,1009.7,87.15
2010-06-02T06:00:00,43201099999,GADAG,15.417,75.633,30.6,1008.4,60.17
2010-06-02T09:00:00,43201099999,GADAG,15.417,75.633,33.6,1005.3,44.63
2010-06-02T12:00:00,43201099999,GADAG,15.417,75.633,32.6,1004.0,41.67
2010-06-02T15:00:00,43201099999,GADAG,15.417,75.633,26.4,1009.1,72.69
2010-06-02T18:00:00,43201099999,GADAG,15.417,75.633,26.6,1010.1,86.19
2010-06-02T21:00:00,43201099999,GADAG,15.417,75.633,25.6,1008.7,91.99
2010-06-03T00:00:00,43201099999,GADAG,15.417,75.633,24.6,1009.2,94.74
2010-06-03T03:00:00,43201099999,GADAG,15.417,75.633,27.4,1009.9,78.84
2010-06-03T06:00:00,43201099999,GADAG,15.417,75.633,32.4,1008.7,49.55
2010-06-03T09:00:00,43201099999,GADAG,15.417,75.633,34.6,1005.6,38.2
2010-06-03T12:00:00,43201099999,GADAG,15.417,75.633,25.6,1008.0,58.64
2010-06-03T15:00:00,43201099999,GADAG,15.417,75.633,26.0,1009.2,72.62
2010-06-03T18:00:00,43201099999,GADAG,15.417,75.633,26.2,1009.3,88.77
2010-06-03T21:00:00,43201099999,GADAG,15.417,75.633,25.4,1009.1,93.65
2010-06-04T00:00:00,43201099999,GADAG,15.417,75.633,24.4,1010.8,94.74
2010-06-04T03:00:00,43201099999,GADAG,15.417,75.633,25.6,1011.3,85.57
2010-06-04T06:00:00,43201099999,GADAG,15.417,75.633,30.0,1010.3,49.54
2010-06-04T09:00:00,43201099999,GADAG,15.417,75.633,34.8,1006.9,37.07
2010-06-04T12:00:00,43201099999,GADAG,15.417,75.633,35.2,1003.5,23.85
2010-06-04T15:00:00,43201099999,GADAG,15.417,75.633,29.0,1008.2,49.59
2010-06-04T18:00:00,43201099999,GADAG,15.417,75.633,27.0,1009.2,89.37
2010-06-04T21:00:00,43201099999,GADAG,15.417,75.633,25.4,1008.5,90.33
2010-06-05T00:00:00,43201099999,GADAG,15.417,75.633,24.8,1009.3,90.29
2010-06-05T03:00:00,43201099999,GADAG,15.417,75.633,26.0,1010.8,73.97
2010-06-05T06:00:00,43201099999,GADAG,15.417,75.633,30.8,1008.4,39.88
2010-06-05T09:00:00,43201099999,GADAG,15.417,75.633,34.4,1005.4,31.73
2010-06-05T12:00:00,43201099999,GADAG,15.417,75.633,35.4,1002.1,21.78
2010-06-05T15:00:00,43201099999,GADAG,15.417,75.633,30.0,1006.4,58.58
2010-06-05T18:00:00,43201099999,GADAG,15.417,75.633,25.4,1007.5,85.55
2010-06-05T21:00:00,43201099999,GADAG,15.417,75.633,24.4,1006.9,90.26
2010-06-06T00:00:00,43201099999,GADAG,15.417,75.633,25.0,1007.4,87.61
2010-06-06T03:00:00,43201099999,GADAG,15.417,75.633,26.0,1008.7,75.35
2010-06-06T06:00:00,43201099999,GADAG,15.417,75.633,30.4,1006.3,44.61
2010-06-06T09:00:00,43201099999,GADAG,15.417,75.633,35.0,1003.5,29.91
2010-06-06T12:00:00,43201099999,GADAG,15.417,75.633,32.8,1002.7,36.29
2010-06-06T15:00:00,43201099999,GADAG,15.417,75.633,28.4,1006.0,51.35
2010-06-06T18:00:00,43201099999,GADAG,15.417,75.633,25.2,1007.4,78.05
2010-06-06T21:00:00,43201099999,GADAG,15.417,75.633,24.0,1006.9,94.72
2010-06-07T00:00:00,43201099999,GADAG,15.417,75.633,23.2,1006.9,94.69
2010-06-07T03:00:00,43201099999,GADAG,15.417,75.633,26.2,1007.4,78.67
2010-06-07T06:00:00,43201099999,GADAG,15.417,75.633,31.4,1006.2,44.6
2010-06-07T09:00:00,43201099999,GADAG,15.417,75.633,34.6,1006.7,34.53
2010-06-07T12:00:00,43201099999,GADAG,15.417,75.633,34.0,1002.0,35.71
2010-06-07T15:00:00,43201099999,GADAG,15.417,75.633,27.6,1006.8,64.09
2010-06-07T18:00:00,43201099999,GADAG,15.417,75.633,24.0,1009.4,82.32
2010-06-07T21:00:00,43201099999,GADAG,15.417,75.633,25.0,1007.0,78.02
2010-06-08T00:00:00,43201099999,GADAG,15.417,75.633,21.8,1007.5,91.2
2010-06-08T03:00:00,43201099999,GADAG,15.417,75.633,24.4,1008.1,85.45
2010-06-08T06:00:00,43201099999,GADAG,15.417,75.633,30.6,1005.8,45.8
2010-06-08T09:00:00,43201099999,GADAG,15.417,75.633,34.6,1002.8,35.42
2010-06-08T12:00:00,43201099999,GADAG,15.417,75.633,30.4,1001.8,45.46
2010-06-08T15:00:00,43201099999,GADAG,15.417,75.633,38.2,1005.5,32.56
2010-06-08T18:00:00,43201099999,GADAG,15.417,75.633,24.8,1006.3,91.94
2010-06-08T21:00:00,43201099999,GADAG,15.417,75.633,23.8,1005.2,93.0
2010-06-09T00:00:00,43201099999,GADAG,15.417,75.633,23.0,1005.8,94.68
2010-06-09T03:00:00,43201099999,GADAG,15.417,75.633,25.6,1006.2,78.1
2010-06-09T06:00:00,43201099999,GADAG,15.417,75.633,31.0,1004.2,48.27
2010-06-09T09:00:00,43201099999,GADAG,15.417,75.633,35.2,1000.9,36.03
2010-06-09T12:00:00,43201099999,GADAG,15.417,75.633,24.4,1001.3,71.89
2010-06-09T15:00:00,43201099999,GADAG,15.417,75.633,23.0,1004.6,100.0
2010-06-09T18:00:00,43201099999,GADAG,15.417,75.633,22.4,1005.8,96.41
2010-06-09T21:00:00,43201099999,GADAG,15.417,75.633,22.2,1004.0,96.4
2010-06-10T00:00:00,43201099999,GADAG,15.417,75.633,23.0,1004.4,90.72
2010-06-10T03:00:00,43201099999,GADAG,15.417,75.633,25.2,1004.5,94.77
2010-06-10T06:00:00,43201099999,GADAG,15.417,75.633,29.4,1003.6,65.66
2010-06-10T09:00:00,43201099999,GADAG,15.417,75.633,31.6,1000.7,50.89
2010-06-10T12:00:00,43201099999,GADAG,15.417,75.633,26.2,1000.6,80.12
2010-06-10T15:00:00,43201099999,GADAG,15.417,75.633,24.0,1004.6,94.72
2010-06-10T18:00:00,43201099999,GADAG,15.417,75.633,24.2,1006.8,
2010-06-10T21:00:00,43201099999,GADAG,15.417,75.633,23.6,1002.6,94.7
2010-06-11T00:00:00,43201099999,GADAG,15.417,75.633,23.2,1003.3,96.43
2010-06-11T03:00:00,43201099999,GADAG,15.417,75.633,24.2,1004.3,94.73
2010-06-11T06:00:00,43201099999,GADAG,15.417,75.633,29.0,1002.5,67.6
2010-06-11T09:00:00,43201099999,GADAG,15.417,75.633,30.0,1000.6,59.67
2010-06-11T12:00:00,43201099999,GADAG,15.417,75.633,30.4,998.8,54.5
2010-06-11T15:00:00,43201099999,GADAG,15.417,75.633,26.4,1002.5,78.7
2010-06-11T18:00:00,43201099999,GADAG,15.417,75.633,24.8,1003.7,94.75
2010-06-11T21:00:00,43201099999,GADAG,15.417,75.633,24.0,1001.9,94.72
2010-06-12T00:00:00,43201099999,GADAG,15.417,75.633,23.4,1001.9,94.7
2010-06-12T03:00:00,43201099999,GADAG,15.417,75.633,23.6,1004.4,94.7
2010-06-12T06:00:00,43201099999,GADAG,15.417,75.633,25.0,1003.5,82.44
2010-06-12T09:00:00,43201099999,GADAG,15.417,75.633,29.6,999.7,63.34
2010-06-12T12:00:00,43201099999,GADAG,15.417,75.633,29.4,998.9,60.64
2010-06-12T15:00:00,43201099999,GADAG,15.417,75.633,26.6,1001.1,77.3
2010-06-12T18:00:00,43201099999,GADAG,15.417,75.633,24.6,1002.9,82.39
2010-06-12T21:00:00,43201099999,GADAG,15.417,75.633,23.8,1002.0,88.58
2010-06-13T00:00:00,43201099999,GADAG,15.417,75.633,22.6,1002.1,91.25
2010-06-13T03:00:00,43201099999,GADAG,15.417,75.633,24.6,1002.7,83.92
2010-06-13T06:00:00,43201099999,GADAG,15.417,75.633,27.6,1002.4,72.01
2010-06-13T09:00:00,43201099999,GADAG,15.417,75.633,27.2,1001.3,73.27
2010-06-13T12:00:00,43201099999,GADAG,15.417,75.633,27.6,1000.2,70.71
2010-06-13T15:00:00,43201099999,GADAG,15.417,75.633,24.6,1003.2,80.89
2010-06-13T18:00:00,43201099999,GADAG,15.417,75.633,23.2,1004.8,91.29
2010-06-13T21:00:00,43201099999,GADAG,15.417,75.633,23.0,1003.7,91.27
2010-06-14T00:00:00,43201099999,GADAG,15.417,75.633,22.8,1003.3,92.95
2010-06-14T03:00:00,43201099999,GADAG,15.417,75.633,24.0,1004.9,91.89
2010-06-14T06:00:00,43201099999,GADAG,15.417,75.633,27.6,1004.0,72.01
2010-06-14T09:00:00,43201099999,GADAG,15.417,75.633,25.0,1004.5,85.51
2010-06-14T12:00:00,43201099999,GADAG,15.417,75.633,23.8,1004.4,90.22
2010-06-14T15:00:00,43201099999,GADAG,15.417,75.633,23.0,1005.9,84.78
2010-06-14T18:00:00,43201099999,GADAG,15.417,75.633,23.2,1006.2,91.29
2010-06-14T21:00:00,43201099999,GADAG,15.417,75.633,22.8,1005.0,91.26
2010-06-15T00:00:00,43201099999,GADAG,15.417,75.633,23.0,1004.8,91.27
2010-06-15T03:00:00,43201099999,GADAG,15.417,75.633,24.0,1006.1,88.6
2010-06-15T06:00:00,43201099999,GADAG,15.417,75.633,26.6,1005.1,73.17
2010-06-15T09:00:00,43201099999,GADAG,15.417,75.633,28.0,1004.0,64.57
2010-06-15T12:00:00,43201099999,GADAG,15.417,75.633,23.0,1005.4,92.96
2010-06-15T15:00:00,43201099999,GADAG,15.417,75.633,22.2,1006.5,94.65
2010-06-15T18:00:00,43201099999,GADAG,15.417,75.633,22.6,1007.2,96.42
2010-06-15T21:00:00,43201099999,GADAG,15.417,75.633,23.0,1005.9,96.43
2010-06-16T00:00:00,43201099999,GADAG,15.417,75.633,23.0,1005.4,96.43
2010-06-16T03:00:00,43201099999,GADAG,15.417,75.633,24.2,1006.9,91.91
2010-06-16T06:00:00,43201099999,GADAG,15.417,75.633,26.6,1006.4,80.66
2010-06-16T09:00:00,43201099999,GADAG,15.417,75.633,25.0,1004.9,91.95
2010-06-16T12:00:00,43201099999,GADAG,15.417,75.633,23.4,1004.7,92.98
2010-06-16T15:00:00,43201099999,GADAG,15.417,75.633,23.0,1006.5,91.27
2010-06-16T18:00:00,43201099999,GADAG,15.417,75.633,22.8,1007.2,92.95
2010-06-16T21:00:00,43201099999,GADAG,15.417,75.633,22.8,1005.6,91.82
2010-06-17T00:00:00,43201099999,GADAG,15.417,75.633,23.0,1005.7,91.27
2010-06-17T03:00:00,43201099999,GADAG,15.417,75.633,24.6,1006.1,87.05
2010-06-17T06:00:00,43201099999,GADAG,15.417,75.633,26.8,1006.3,80.2
2010-06-17T09:00:00,43201099999,GADAG,15.417,75.633,22.8,1005.9,92.95
2010-06-17T12:00:00,43201099999,GADAG,15.417,75.633,27.0,1003.9,83.18
2010-06-17T15:00:00,43201099999,GADAG,15.417,75.633,23.6,1006.0,88.03
2010-06-17T18:00:00,43201099999,GADAG,15.417,75.633,23.0,1007.5,91.27
2010-06-17T21:00:00,43201099999,GADAG,15.417,75.633,22.6,1005.9,91.25
2010-06-18T00:00:00,43201099999,GADAG,15.417,75.633,22.6,1005.2,92.94
2010-06-18T03:00:00,43201099999,GADAG,15.417,75.633,24.6,1006.6,87.05
2010-06-18T06:00:00,43201099999,GADAG,15.417,75.633,26.6,1005.8,77.3
2010-06-18T09:00:00,43201099999,GADAG,15.417,75.633,26.6,1004.4,77.3
2010-06-18T12:00:00,43201099999,GADAG,15.417,75.633,26.0,1003.7,76.74
2010-06-18T15:00:00,43201099999,GADAG,15.417,75.633,23.6,1005.7,86.42
2010-06-18T18:00:00,43201099999,GADAG,15.417,75.633,23.0,1007.1,91.27
2010-06-18T21:00:00,43201099999,GADAG,15.417,75.633,22.8,1006.4,89.6
2010-06-19T00:00:00,43201099999,GADAG,15.417,75.633,22.8,1005.9,92.95
2010-06-19T03:00:00,43201099999,GADAG,15.417,75.633,24.0,1005.8,91.89
2010-06-19T06:00:00,43201099999,GADAG,15.417,75.633,26.6,1004.9,80.17
2010-06-19T09:00:00,43201099999,GADAG,15.417,75.633,28.6,1003.2,65.09
2010-06-19T12:00:00,43201099999,GADAG,15.417,75.633,27.0,1003.6,74.59
2010-06-19T15:00:00,43201099999,GADAG,15.417,75.633,24.8,1005.7,91.94
2010-06-19T18:00:00,43201099999,GADAG,15.417,75.633,23.2,1007.8,89.63
2010-06-19T21:00:00,43201099999,GADAG,15.417,75.633,22.6,1007.2,91.25
2010-06-20T00:00:00,43201099999,GADAG,15.417,75.633,22.4,1006.3,92.93
2010-06-20T03:00:00,43201099999,GADAG,15.417,75.633,23.4,1007.3,88.01
2010-06-20T06:00:00,43201099999,GADAG,15.417,75.633,27.2,1006.8,71.94
2010-06-20T09:00:00,43201099999,GADAG,15.417,75.633,29.6,1004.6,53.63
2010-06-20T12:00:00,43201099999,GADAG,15.417,75.633,28.8,1004.0,55.47
2010-06-20T15:00:00,43201099999,GADAG,15.417,75.633,25.4,1007.4,77.6
2010-06-20T18:00:00,43201099999,GADAG,15.417,75.633,24.0,1008.9,88.6
2010-06-20T21:00:00,43201099999,GADAG,15.417,75.633,22.8,1006.9,91.26
2010-06-21T00:00:00,43201099999,GADAG,15.417,75.633,22.8,1007.0,91.26
2010-06-21T03:00:00,43201099999,GADAG,15.417,75.633,24.2,1008.1,93.03
2010-06-21T06:00:00,43201099999,GADAG,15.417,75.633,28.4,1006.5,59.67
2010-06-21T09:00:00,43201099999,GADAG,15.417,75.633,30.6,1004.2,51.27
2010-06-21T12:00:00,43201099999,GADAG,15.417,75.633,28.6,1004.2,60.09
2010-06-21T15:00:00,43201099999,GADAG,15.417,75.633,25.8,1006.8,78.13
2010-06-21T18:00:00,43201099999,GADAG,15.417,75.633,23.6,1007.8,91.31
2010-06-21T21:00:00,43201099999,GADAG,15.417,75.633,23.0,1006.4,91.27
2010-06-22T00:00:00,43201099999,GADAG,15.417,75.633,22.8,1006.2,91.26
2010-06-22T03:00:00,43201099999,GADAG,15.417,75.633,24.4,1007.6,87.03
2010-06-22T06:00:00,43201099999,GADAG,15.417,75.633,29.2,1005.5,58.39
2010-06-22T09:00:00,43201099999,GADAG,15.417,75.633,24.8,1004.7,94.18
2010-06-22T12:00:00,43201099999,GADAG,15.417,75.633,24.0,1004.8,93.02
2010-06-22T15:00:00,43201099999,GADAG,15.417,75.633,25.0,1005.6,83.96
2010-06-22T18:00:00,43201099999,GADAG,15.417,75.633,24.2,1005.1,83.87
2010-06-22T21:00:00,43201099999,GADAG,15.417,75.633,23.4,1006.3,91.3
2010-06-23T00:00:00,43201099999,GADAG,15.417,75.633,22.2,1005.8,92.92
2010-06-23T03:00:00,43201099999,GADAG,15.417,75.633,25.0,1006.4,83.96
2010-06-23T06:00:00,43201099999,GADAG,15.417,75.633,29.0,1004.8,60.18
2010-06-23T12:00:00,43201099999,GADAG,15.417,75.633,23.6,1004.4,91.31
2010-06-23T18:00:00,43201099999,GADAG,15.417,75.633,22.4,1006.1,91.24
2010-06-23T21:00:00,43201099999,GADAG,15.417,75.633,21.4,1004.7,91.17
2010-06-24T00:00:00,43201099999,GADAG,15.417,75.633,21.6,1005.2,91.19
2010-06-24T03:00:00,43201099999,GADAG,15.417,75.633,23.4,1005.5,92.98
2010-06-24T06:00:00,43201099999,GADAG,15.417,75.633,25.6,1005.4,76.68
2010-06-24T09:00:00,43201099999,GADAG,15.417,75.633,25.8,1004.0,71.25
2010-06-24T12:00:00,43201099999,GADAG,15.417,75.633,26.2,1002.6,71.32
2010-06-24T18:00:00,43201099999,GADAG,15.417,75.633,22.0,1005.2,91.21
2010-06-25T00:00:00,43201099999,GADAG,15.417,75.633,22.0,1003.7,92.91
2010-06-25T03:00:00,43201099999,GADAG,15.417,75.633,23.0,1004.6,91.27
2010-06-25T06:00:00,43201099999,GADAG,15.417,75.633,25.0,1004.2,76.59
2010-06-25T09:00:00,43201099999,GADAG,15.417,75.633,28.6,1001.2,61.21
2010-06-25T12:00:00,43201099999,GADAG,15.417,75.633,28.0,1000.6,61.84
2010-06-25T15:00:00,43201099999,GADAG,15.417,75.633,23.0,1003.4,89.61
2010-06-25T18:00:00,43201099999,GADAG,15.417,75.633,22.6,1003.9,91.25
2010-06-25T21:00:00,43201099999,GADAG,15.417,75.633,22.4,1002.7,91.24
2010-06-26T00:00:00,43201099999,GADAG,15.417,75.633,22.0,1002.3,92.91
2010-06-26T03:00:00,43201099999,GADAG,15.417,75.633,23.8,1003.4,85.39
2010-06-26T06:00:00,43201099999,GADAG,15.417,75.633,26.6,1003.0,76.83
2010-06-26T09:00:00,43201099999,GADAG,15.417,75.633,28.0,1001.6,64.57
2010-06-26T12:00:00,43201099999,GADAG,15.417,75.633,27.0,1001.1,71.91
2010-06-26T15:00:00,43201099999,GADAG,15.417,75.633,24.6,1003.4,83.92
2010-06-26T18:00:00,43201099999,GADAG,15.417,75.633,24.0,1004.8,88.6
2010-06-26T21:00:00,43201099999,GADAG,15.417,75.633,23.0,1003.3,92.96
2010-06-27T00:00:00,43201099999,GADAG,15.417,75.633,23.6,1003.5,91.31
2010-06-27T03:00:00,43201099999,GADAG,15.417,75.633,24.6,1004.3,87.05
2010-06-27T06:00:00,43201099999,GADAG,15.417,75.633,28.4,1003.7,64.65
2010-06-27T09:00:00,43201099999,GADAG,15.417,75.633,30.0,1004.2,59.67
2010-06-27T12:00:00,43201099999,GADAG,15.417,75.633,29.0,1001.5,59.07
2010-06-27T15:00:00,43201099999,GADAG,15.417,75.633,25.8,1004.4,81.04
2010-06-27T18:00:00,43201099999,GADAG,15.417,75.633,24.2,1005.9,90.25
2010-06-27T21:00:00,43201099999,GADAG,15.417,75.633,23.2,1004.8,92.97
2010-06-28T00:00:00,43201099999,GADAG,15.417,75.633,22.6,1005.2,94.67
2010-06-28T03:00:00,43201099999,GADAG,15.417,75.633,24.6,1005.0,87.05
2010-06-28T06:00:00,43201099999,GADAG,15.417,75.633,28.4,1003.9,59.67
2010-06-28T09:00:00,43201099999,GADAG,15.417,75.633,30.2,1002.3,57.56
2010-06-28T12:00:00,43201099999,GADAG,15.417,75.633,29.6,1001.7,56.01
2010-06-28T15:00:00,43201099999,GADAG,15.417,75.633,26.0,1004.4,80.09
2010-06-28T18:00:00,43201099999,GADAG,15.417,75.633,24.0,1006.2,94.72
2010-06-28T21:00:00,43201099999,GADAG,15.417,75.633,23.0,1005.2,94.68
2010-06-29T00:00:00,43201099999,GADAG,15.417,75.633,22.6,1004.7,94.67
2010-06-29T03:00:00,43201099999,GADAG,15.417,75.633,24.6,1005.6,90.27
2010-06-29T06:00:00,43201099999,GADAG,15.417,75.633,28.2,1004.4,62.27
2010-06-29T09:00:00,43201099999,GADAG,15.417,75.633,30.4,1002.5,60.13
2010-06-29T12:00:00,43201099999,GADAG,15.417,75.633,30.4,1000.0,47.81
2010-06-29T15:00:00,43201099999,GADAG,15.417,75.633,26.0,1003.1,60.24
2010-06-29T18:00:00,43201099999,GADAG,15.417,75.633,25.0,1005.6,83.96
2010-06-29T21:00:00,43201099999,GADAG,15.417,75.633,24.0,1004.5,90.23
2010-06-30T00:00:00,43201099999,GADAG,15.417,75.633,23.0,1004.7,94.68
2010-06-30T03:00:00,43201099999,GADAG,15.417,75.633,24.4,1005.2,90.26
2010-06-30T06:00:00,43201099999,GADAG,15.417,75.633,27.8,1004.2,64.53
2010-06-30T09:00:00,43201099999,GADAG,15.417,75.633,29.6,1001.6,54.98
2010-06-30T12:00:00,43201099999,GADAG,15.417,75.633,25.0,1002.7,90.3
2010-06-30T15:00:00,43201099999,GADAG,15.417,75.633,23.8,1004.4,91.32
2010-06-30T18:00:00,43201099999,GADAG,15.417,75.633,23.0,1005.4,94.68
2010-06-30T21:00:00,43201099999,GADAG,15.417,75.633,22.2,1004.0,96.4
2010-07-01T00:00:00,43201099999,GADAG,15.417,75.633,21.8,1004.0,96.39
2010-07-01T03:00:00,43201099999,GADAG,15.417,75.633,24.0,1004.3,94.72
2010-07-01T06:00:00,43201099999,GADAG,15.417,75.633,27.2,1003.1,69.35
2010-07-01T09:00:00,43201099999,GADAG,15.417,75.633,26.2,1002.3,72.65
2010-07-01T12:00:00,43201099999,GADAG,15.417,75.633,26.2,1001.1,74.0
2010-07-01T15:00:00,43201099999,GADAG,15.417,75.633,22.8,1004.1,91.26
2010-07-01T18:00:00,43201099999,GADAG,15.417,75.633,22.8,1004.7,91.26
2010-07-01T21:00:00,43201099999,GADAG,15.417,75.633,20.6,1004.4,92.84
2010-07-02T00:00:00,43201099999,GADAG,15.417,75.633,20.6,1004.0,92.84
2010-07-02T03:00:00,43201099999,GADAG,15.417,75.633,22.2,1004.2,92.92
2010-07-02T06:00:00,43201099999,GADAG,15.417,75.633,26.4,1003.2,74.49
2010-07-02T09:00:00,43201099999,GADAG,15.417,75.633,23.0,1003.4,92.96
2010-07-02T12:00:00,43201099999,GADAG,15.417,75.633,24.2,1002.1,82.34
2010-07-02T15:00:00,43201099999,GADAG,15.417,75.633,23.0,1003.6,91.27
2010-07-02T18:00:00,43201099999,GADAG,15.417,75.633,22.2,1004.6,92.92
2010-07-02T21:00:00,43201099999,GADAG,15.417,75.633,21.8,1003.4,96.39
2010-07-03T06:00:00,43201099999,GADAG,15.417,75.633,27.0,1002.8,67.62
2010-07-03T09:00:00,43201099999,GADAG,15.417,75.633,28.0,1001.4,61.46
2010-07-03T12:00:00,43201099999,GADAG,15.417,75.633,25.6,1001.3,75.28
2010-07-03T15:00:00,43201099999,GADAG,15.417,75.633,23.8,1003.3,86.97
2010-07-03T18:00:00,43201099999,GADAG,15.417,75.633,22.6,1004.6,94.67
2010-07-03T21:00:00,43201099999,GADAG,15.417,75.633,22.4,1003.4,96.41
2010-07-04T00:00:00,43201099999,GADAG,15.417,75.633,22.2,1003.2,98.19
2010-07-04T03:00:00,43201099999,GADAG,15.417,75.633,23.4,1004.5,92.98
2010-07-04T06:00:00,43201099999,GADAG,15.417,75.633,28.2,1002.9,62.27
2010-07-04T09:00:00,43201099999,GADAG,15.417,75.633,29.2,1001.5,53.19
2010-07-04T12:00:00,43201099999,GADAG,15.417,75.633,28.2,1000.6,57.08
2010-07-04T15:00:00,43201099999,GADAG,15.417,75.633,25.8,,72.58
2010-07-04T18:00:00,43201099999,GADAG,15.417,75.633,23.6,1005.7,91.31
2010-07-04T21:00:00,43201099999,GADAG,15.417,75.633,23.2,1005.0,94.69
2010-07-05T00:00:00,43201099999,GADAG,15.417,75.633,22.6,1004.9,94.67
2010-07-05T03:00:00,43201099999,GADAG,15.417,75.633,24.2,1005.3,88.62
2010-07-05T06:00:00,43201099999,GADAG,15.417,75.633,27.8,1005.0,61.79
2010-07-05T09:00:00,43201099999,GADAG,15.417,75.633,25.8,,72.58
2010-07-05T12:00:00,43201099999,GADAG,15.417,75.633,26.0,1004.0,65.76
2010-07-05T15:00:00,43201099999,GADAG,15.417,75.633,24.0,1006.3,78.84
2010-07-05T18:00:00,43201099999,GADAG,15.417,75.633,22.6,1007.3,87.94
2010-07-05T21:00:00,43201099999,GADAG,15.417,75.633,22.6,1007.0,91.25
2010-07-06T00:00:00,43201099999,GADAG,15.417,75.633,21.8,1006.6,92.9
2010-07-06T03:00:00,43201099999,GADAG,15.417,75.633,23.0,1007.0,89.61
2010-07-06T06:00:00,43201099999,GADAG,15.417,75.633,26.8,1005.6,70.56
2010-07-06T12:00:00,43201099999,GADAG,15.417,75.633,28.0,1002.9,58.11
2010-07-06T15:00:00,43201099999,GADAG,15.417,75.633,23.4,1006.2,91.3
2010-07-06T18:00:00,43201099999,GADAG,15.417,75.633,22.8,1007.7,94.67
2010-07-06T21:00:00,43201099999,GADAG,15.417,75.633,22.6,1005.6,96.42
2010-07-07T00:00:00,43201099999,GADAG,15.417,75.633,22.2,1005.7,94.65
2010-07-07T03:00:00,43201099999,GADAG,15.417,75.633,23.4,1007.1,94.7
2010-07-07T06:00:00,43201099999,GADAG,15.417,75.633,26.0,1007.5,80.09
2010-07-07T09:00:00,43201099999,GADAG,15.417,75.633,29.2,1004.3,55.57
2010-07-07T12:00:00,43201099999,GADAG,15.417,75.633,28.6,1003.6,56.47
2010-07-07T15:00:00,43201099999,GADAG,15.417,75.633,24.6,1007.2,79.41
2010-07-07T18:00:00,43201099999,GADAG,15.417,75.633,23.4,1008.1,89.64
2010-07-07T21:00:00,43201099999,GADAG,15.417,75.633,22.6,1007.4,92.94
2010-07-08T00:00:00,43201099999,GADAG,15.417,75.633,22.2,1007.3,91.22
2010-07-08T03:00:00,43201099999,GADAG,15.417,75.633,23.8,1009.0,90.22
2010-07-08T06:00:00,43201099999,GADAG,15.417,75.633,27.4,1008.2,66.87
2010-07-08T09:00:00,43201099999,GADAG,15.417,75.633,25.6,1006.9,82.51
2010-07-08T12:00:00,43201099999,GADAG,15.417,75.633,26.8,1006.1,68.84
2010-07-08T15:00:00,43201099999,GADAG,15.417,75.633,24.6,1008.1,79.41
2010-07-08T18:00:00,43201099999,GADAG,15.417,75.633,23.6,1009.9,89.66
2010-07-08T21:00:00,43201099999,GADAG,15.417,75.633,22.6,1008.5,94.67
2010-07-09T00:00:00,43201099999,GADAG,15.417,75.633,22.6,1007.8,96.42
2010-07-09T03:00:00,43201099999,GADAG,15.417,75.633,23.2,1009.6,92.97
2010-07-09T06:00:00,43201099999,GADAG,15.417,75.633,26.8,1008.4,68.84
2010-07-09T09:00:00,43201099999,GADAG,15.417,75.633,29.0,1005.8,54.15
2010-07-09T12:00:00,43201099999,GADAG,15.417,75.633,27.8,1004.8,59.16
2010-07-09T15:00:00,43201099999,GADAG,15.417,75.633,25.2,1007.3,75.22
2010-07-09T18:00:00,43201099999,GADAG,15.417,75.633,22.8,1008.9,89.6
2010-07-09T21:00:00,43201099999,GADAG,15.417,75.633,22.0,1007.1,94.64
2010-07-10T00:00:00,43201099999,GADAG,15.417,75.633,21.8,1008.3,96.39
2010-07-10T03:00:00,43201099999,GADAG,15.417,75.633,24.0,1009.2,86.99
2010-07-10T06:00:00,43201099999,GADAG,15.417,75.633,29.2,1007.3,53.19
2010-07-10T09:00:00,43201099999,GADAG,15.417,75.633,32.2,1004.4,52.64
2010-07-10T12:00:00,43201099999,GADAG,15.417,75.633,32.6,1002.6,35.1
2010-07-10T18:00:00,43201099999,GADAG,15.417,75.633,24.2,1008.7,83.87
2010-07-11T03:00:00,43201099999,GADAG,15.417,75.633,23.6,1009.4,89.66
2010-07-11T06:00:00,43201099999,GADAG,15.417,75.633,27.2,1008.2,64.0
2010-07-11T09:00:00,43201099999,GADAG,15.417,75.633,30.0,1005.7,48.31
2010-07-11T12:00:00,43201099999,GADAG,15.417,75.633,30.0,1004.2,46.23
2010-07-11T15:00:00,43201099999,GADAG,15.417,75.633,26.6,1006.7,71.84
2010-07-11T18:00:00,43201099999,GADAG,15.417,75.633,24.6,1008.7,90.27
2010-07-11T21:00:00,43201099999,GADAG,15.417,75.633,22.4,1007.5,92.93
2010-07-12T00:00:00,43201099999,GADAG,15.417,75.633,22.0,1007.5,91.21
2010-07-12T03:00:00,43201099999,GADAG,15.417,75.633,22.8,1008.3,91.26
2010-07-12T06:00:00,43201099999,GADAG,15.417,75.633,26.4,1007.6,60.71
2010-07-12T09:00:00,43201099999,GADAG,15.417,75.633,29.0,1005.1,48.35
2010-07-12T12:00:00,43201099999,GADAG,15.417,75.633,27.6,1004.9,50.5
2010-07-12T15:00:00,43201099999,GADAG,15.417,75.633,25.4,1007.2,68.15
2010-07-12T18:00:00,43201099999,GADAG,15.417,75.633,24.4,1008.8,85.45
2010-07-12T21:00:00,43201099999,GADAG,15.417,75.633,23.0,1007.9,89.61
2010-07-13T00:00:00,43201099999,GADAG,15.417,75.633,22.6,1007.9,89.58
2010-07-13T03:00:00,43201099999,GADAG,15.417,75.633,24.0,1009.0,88.6
2010-07-13T06:00:00,43201099999,GADAG,15.417,75.633,27.6,1007.3,53.13
2010-07-13T09:00:00,43201099999,GADAG,15.417,75.633,29.4,1005.2,44.62
2010-07-13T12:00:00,43201099999,GADAG,15.417,75.633,27.6,1004.8,58.02
2010-07-13T15:00:00,43201099999,GADAG,15.417,75.633,25.2,1006.8,70.7
2010-07-13T18:00:00,43201099999,GADAG,15.417,75.633,24.0,1008.2,82.32
2010-07-13T21:00:00,43201099999,GADAG,15.417,75.633,22.6,1008.0,91.25
2010-07-14T00:00:00,43201099999,GADAG,15.417,75.633,22.2,1007.6,89.55
2010-07-14T03:00:00,43201099999,GADAG,15.417,75.633,24.0,1008.3,86.99
2010-07-14T06:00:00,43201099999,GADAG,15.417,75.633,29.4,1006.9,47.85
2010-07-14T09:00:00,43201099999,GADAG,15.417,75.633,33.0,1003.2,32.8
2010-07-14T12:00:00,43201099999,GADAG,15.417,75.633,28.6,1002.8,51.4
2010-07-15T03:00:00,43201099999,GADAG,15.417,75.633,24.0,1006.9,90.23
2010-07-15T06:00:00,43201099999,GADAG,15.417,75.633,28.6,1004.9,57.53
2010-07-15T09:00:00,43201099999,GADAG,15.417,75.633,26.4,1004.9,71.36
2010-07-15T12:00:00,43201099999,GADAG,15.417,75.633,27.4,1001.8,66.87
2010-07-15T15:00:00,43201099999,GADAG,15.417,75.633,22.4,1004.9,92.93
2010-07-15T18:00:00,43201099999,GADAG,15.417,75.633,22.8,1005.3,96.42
2010-07-15T21:00:00,43201099999,GADAG,15.417,75.633,22.6,1003.8,96.42
2010-07-16T00:00:00,43201099999,GADAG,15.417,75.633,22.4,1003.7,96.41
2010-07-16T03:00:00,43201099999,GADAG,15.417,75.633,24.0,1004.0,91.89
2010-07-16T06:00:00,43201099999,GADAG,15.417,75.633,26.6,1003.1,75.9
2010-07-16T09:00:00,43201099999,GADAG,15.417,75.633,27.4,1000.9,70.67
2010-07-16T12:00:00,43201099999,GADAG,15.417,75.633,24.0,1001.4,93.02
2010-07-16T15:00:00,43201099999,GADAG,15.417,75.633,23.2,1002.5,94.69
2010-07-16T18:00:00,43201099999,GADAG,15.417,75.633,21.8,1004.4,94.63
2010-07-16T21:00:00,43201099999,GADAG,15.417,75.633,21.2,1003.3,94.61
2010-07-17T00:00:00,43201099999,GADAG,15.417,75.633,21.0,1003.7,94.6
2010-07-17T03:00:00,43201099999,GADAG,15.417,75.633,22.4,1004.0,92.93
2010-07-17T06:00:00,43201099999,GADAG,15.417,75.633,25.8,1003.2,75.31
2010-07-17T09:00:00,43201099999,GADAG,15.417,75.633,26.8,1002.0,65.12
2010-07-17T12:00:00,43201099999,GADAG,15.417,75.633,25.8,1002.0,68.23
2010-07-17T15:00:00,43201099999,GADAG,15.417,75.633,23.0,1004.6,83.22
2010-07-17T18:00:00,43201099999,GADAG,15.417,75.633,22.0,1006.6,87.89
2010-07-17T21:00:00,43201099999,GADAG,15.417,75.633,21.8,1005.1,91.2
2010-07-18T00:00:00,43201099999,GADAG,15.417,75.633,21.6,1005.0,92.89
2010-07-18T03:00:00,43201099999,GADAG,15.417,75.633,23.0,1005.4,89.61
2010-07-18T06:00:00,43201099999,GADAG,15.417,75.633,26.6,1004.2,66.3
2010-07-18T09:00:00,43201099999,GADAG,15.417,75.633,27.8,1002.3,69.46
2010-07-18T12:00:00,43201099999,GADAG,15.417,75.633,25.6,1002.9,78.1
2010-07-18T15:00:00,43201099999,GADAG,15.417,75.633,22.4,1005.3,91.24
2010-07-18T18:00:00,43201099999,GADAG,15.417,75.633,22.2,1006.3,92.92
2010-07-18T21:00:00,43201099999,GADAG,15.417,75.633,22.2,1004.2,92.92
2010-07-19T00:00:00,43201099999,GADAG,15.417,75.633,22.0,1004.1,94.64
2010-07-19T03:00:00,43201099999,GADAG,15.417,75.633,23.6,1004.0,91.31
2010-07-19T06:00:00,43201099999,GADAG,15.417,75.633,29.0,1002.7,65.18
2010-07-19T09:00:00,43201099999,GADAG,15.417,75.633,28.6,1000.8,57.53
2010-07-19T12:00:00,43201099999,GADAG,15.417,75.633,27.4,1000.0,76.03
2010-07-19T15:00:00,43201099999,GADAG,15.417,75.633,22.6,1003.8,91.25
2010-07-19T18:00:00,43201099999,GADAG,15.417,75.633,22.2,1004.6,94.65
2010-07-19T21:00:00,43201099999,GADAG,15.417,75.633,22.0,1003.5,94.64
2010-07-20T00:00:00,43201099999,GADAG,15.417,75.633,21.8,1003.4,92.9
2010-07-20T03:00:00,43201099999,GADAG,15.417,75.633,22.6,1003.7,91.25
2010-07-20T06:00:00,43201099999,GADAG,15.417,75.633,26.2,1003.0,75.84
2010-07-20T09:00:00,43201099999,GADAG,15.417,75.633,23.6,1003.0,94.7
2010-07-20T12:00:00,43201099999,GADAG,15.417,75.633,24.4,1002.3,90.26
2010-07-20T15:00:00,43201099999,GADAG,15.417,75.633,22.0,1004.4,91.21
2010-07-20T18:00:00,43201099999,GADAG,15.417,75.633,21.8,1005.4,92.9
2010-07-20T21:00:00,43201099999,GADAG,15.417,75.633,21.8,1004.2,92.9
2010-07-21T00:00:00,43201099999,GADAG,15.417,75.633,21.6,1004.1,98.18
2010-07-21T03:00:00,43201099999,GADAG,15.417,75.633,22.6,1004.7,92.94
2010-07-21T06:00:00,43201099999,GADAG,15.417,75.633,25.2,1004.0,82.46
2010-07-21T09:00:00,43201099999,GADAG,15.417,75.633,26.6,1002.6,67.54
2010-07-21T12:00:00,43201099999,GADAG,15.417,75.633,24.6,1002.8,83.92
2010-07-21T15:00:00,43201099999,GADAG,15.417,75.633,23.0,1005.3,91.27
2010-07-21T18:00:00,43201099999,GADAG,15.417,75.633,22.2,1006.2,91.22
2010-07-21T21:00:00,43201099999,GADAG,15.417,75.633,21.8,1005.1,91.2
2010-07-22T00:00:00,43201099999,GADAG,15.417,75.633,21.8,1005.1,92.9
2010-07-22T03:00:00,43201099999,GADAG,15.417,75.633,22.0,1006.1,96.4
2010-07-22T06:00:00,43201099999,GADAG,15.417,75.633,22.8,1006.3,94.67
2010-07-22T09:00:00,43201099999,GADAG,15.417,75.633,22.6,1005.4,94.67
2010-07-22T12:00:00,43201099999,GADAG,15.417,75.633,22.6,1004.3,96.42
2010-07-22T15:00:00,43201099999,GADAG,15.417,75.633,22.4,1006.4,96.41
2010-07-22T18:00:00,43201099999,GADAG,15.417,75.633,22.0,1007.0,96.4
2010-07-22T21:00:00,43201099999,GADAG,15.417,75.633,22.0,1005.7,96.4
2010-07-23T00:00:00,43201099999,GADAG,15.417,75.633,21.8,1005.8,98.18
2010-07-23T03:00:00,43201099999,GADAG,15.417,75.633,23.0,1006.2,91.27
2010-07-23T06:00:00,43201099999,GADAG,15.417,75.633,26.0,1005.6,80.09
2010-07-23T09:00:00,43201099999,GADAG,15.417,75.633,27.4,1003.6,77.42
2010-07-23T12:00:00,43201099999,GADAG,15.417,75.633,25.0,1003.3,83.96
2010-07-23T15:00:00,43201099999,GADAG,15.417,75.633,23.0,1005.0,89.61
2010-07-23T18:00:00,43201099999,GADAG,15.417,75.633,22.4,1006.4,92.93
2010-07-23T21:00:00,43201099999,GADAG,15.417,75.633,22.0,1005.5,96.4
2010-07-24T00:00:00,43201099999,GADAG,15.417,75.633,21.6,1003.2,96.39
2010-07-24T03:00:00,43201099999,GADAG,15.417,75.633,23.2,1004.9,92.97
2010-07-24T06:00:00,43201099999,GADAG,15.417,75.633,25.4,1004.5,79.52
2010-07-24T09:00:00,43201099999,GADAG,15.417,75.633,26.6,1003.2,71.84
2010-07-24T12:00:00,43201099999,GADAG,15.417,75.633,23.6,1003.0,92.99
2010-07-24T15:00:00,43201099999,GADAG,15.417,75.633,22.8,1004.2,94.67
2010-07-24T18:00:00,43201099999,GADAG,15.417,75.633,22.6,1004.9,92.94
2010-07-24T21:00:00,43201099999,GADAG,15.417,75.633,21.2,1003.9,95.79
2010-07-25T00:00:00,43201099999,GADAG,15.417,75.633,21.6,1003.5,96.39
2010-07-25T03:00:00,43201099999,GADAG,15.417,75.633,21.8,1004.9,98.18
2010-07-25T06:00:00,43201099999,GADAG,15.417,75.633,24.0,1003.7,90.23
2010-07-25T09:00:00,43201099999,GADAG,15.417,75.633,24.6,1002.4,80.89
2010-07-25T12:00:00,43201099999,GADAG,15.417,75.633,23.2,1002.1,89.63
2010-07-25T15:00:00,43201099999,GADAG,15.417,75.633,21.8,1004.7,91.2
2010-07-25T18:00:00,43201099999,GADAG,15.417,75.633,21.6,1005.3,89.51
2010-07-25T21:00:00,43201099999,GADAG,15.417,75.633,22.0,1003.5,90.09
2010-07-26T00:00:00,43201099999,GADAG,15.417,75.633,21.0,1003.8,92.86
2010-07-26T03:00:00,43201099999,GADAG,15.417,75.633,22.0,1004.5,96.4
2010-07-26T06:00:00,43201099999,GADAG,15.417,75.633,25.4,1004.0,80.99
2010-07-26T09:00:00,43201099999,GADAG,15.417,75.633,27.0,1002.5,71.91
2010-07-26T12:00:00,43201099999,GADAG,15.417,75.633,26.0,1002.3,78.64
2010-07-26T15:00:00,43201099999,GADAG,15.417,75.633,23.0,1004.9,80.18
2010-07-26T18:00:00,43201099999,GADAG,15.417,75.633,23.0,1004.9,80.18
2010-07-26T21:00:00,43201099999,GADAG,15.417,75.633,22.8,1004.2,91.26
2010-07-27T00:00:00,43201099999,GADAG,15.417,75.633,22.0,1003.8,91.21
2010-07-27T03:00:00,43201099999,GADAG,15.417,75.633,24.0,1005.0,95.87
2010-07-27T06:00:00,43201099999,GADAG,15.417,75.633,25.8,1004.8,72.58
2010-07-27T09:00:00,43201099999,GADAG,15.417,75.633,29.2,1002.4,61.72
2010-07-27T12:00:00,43201099999,GADAG,15.417,75.633,27.4,1002.5,61.7
2010-07-27T15:00:00,43201099999,GADAG,15.417,75.633,24.0,1005.0,90.23
2010-07-27T18:00:00,43201099999,GADAG,15.417,75.633,23.6,1005.9,94.7
2010-07-27T21:00:00,43201099999,GADAG,15.417,75.633,22.8,1003.7,91.26
2010-07-28T00:00:00,43201099999,GADAG,15.417,75.633,22.0,1004.8,91.21
2010-07-28T03:00:00,43201099999,GADAG,15.417,75.633,23.6,1005.4,92.99
2010-07-28T06:00:00,43201099999,GADAG,15.417,75.633,25.4,1004.7,84.01
2010-07-28T09:00:00,43201099999,GADAG,15.417,75.633,26.2,1002.9,87.72
2010-07-28T12:00:00,43201099999,GADAG,15.417,75.633,24.0,1003.5,93.02
2010-07-28T15:00:00,43201099999,GADAG,15.417,75.633,22.4,1005.5,92.93
2010-07-28T18:00:00,43201099999,GADAG,15.417,75.633,22.8,1006.3,94.67
2010-07-28T21:00:00,43201099999,GADAG,15.417,75.633,22.0,1004.3,94.64
2010-07-29T00:00:00,43201099999,GADAG,15.417,75.633,21.6,1003.5,96.39
2010-07-29T03:00:00,43201099999,GADAG,15.417,75.633,22.6,1004.5,94.67
2010-07-29T06:00:00,43201099999,GADAG,15.417,75.633,24.0,1004.6,88.6
2010-07-29T09:00:00,43201099999,GADAG,15.417,75.633,25.0,1003.9,87.08
2010-07-29T12:00:00,43201099999,GADAG,15.417,75.633,25.8,1001.8,68.23
2010-07-29T15:00:00,43201099999,GADAG,15.417,75.633,23.8,1004.6,83.32
2010-07-29T18:00:00,43201099999,GADAG,15.417,75.633,22.4,1005.9,94.66
2010-07-29T21:00:00,43201099999,GADAG,15.417,75.633,22.0,1004.3,94.64
2010-07-30T00:00:00,43201099999,GADAG,15.417,75.633,22.0,1004.0,96.4
2010-07-30T03:00:00,43201099999,GADAG,15.417,75.633,23.2,1004.7,94.69
2010-07-30T06:00:00,43201099999,GADAG,15.417,75.633,25.0,1004.7,78.02
2010-07-30T09:00:00,43201099999,GADAG,15.417,75.633,25.4,1003.5,72.51
2010-07-30T15:00:00,43201099999,GADAG,15.417,75.633,23.6,1005.1,91.31
2010-07-30T18:00:00,43201099999,GADAG,15.417,75.633,23.0,1006.5,92.96
2010-07-30T21:00:00,43201099999,GADAG,15.417,75.633,22.2,1005.1,92.92
2010-07-31T00:00:00,43201099999,GADAG,15.417,75.633,21.8,1005.1,96.39
2010-07-31T03:00:00,43201099999,GADAG,15.417,75.633,23.0,1006.5,90.72
2010-07-31T06:00:00,43201099999,GADAG,15.417,75.633,25.6,1006.0,79.55
2010-07-31T09:00:00,43201099999,GADAG,15.417,75.633,26.6,1004.6,67.54
2010-07-31T12:00:00,43201099999,GADAG,15.417,75.633,25.4,1004.6,76.65
2010-07-31T15:00:00,43201099999,GADAG,15.417,75.633,23.8,1007.0,88.58
2010-07-31T18:00:00,43201099999,GADAG,15.417,75.633,22.6,1007.9,92.94
2010-07-31T21:00:00,43201099999,GADAG,15.417,75.633,22.2,1006.7,92.92
2010-08-01T00:00:00,43201099999,GADAG,15.417,75.633,21.8,1006.5,96.39
2010-08-01T03:00:00,43201099999,GADAG,15.417,75.633,23.0,1008.1,91.27
2010-08-01T06:00:00,43201099999,GADAG,15.417,75.633,26.0,1007.2,67.0
2010-08-01T09:00:00,43201099999,GADAG,15.417,75.633,27.0,1005.1,60.09
2010-08-01T12:00:00,43201099999,GADAG,15.417,75.633,26.4,1004.7,67.5
2010-08-01T15:00:00,43201099999,GADAG,15.417,75.633,23.2,1007.7,94.69
2010-08-01T18:00:00,43201099999,GADAG,15.417,75.633,22.6,1008.8,94.67
2010-08-01T21:00:00,43201099999,GADAG,15.417,75.633,22.0,1007.4,94.64
2010-08-02T00:00:00,43201099999,GADAG,15.417,75.633,21.8,1006.8,96.39
2010-08-02T03:00:00,43201099999,GADAG,15.417,75.633,23.2,1007.3,92.97
2010-08-02T06:00:00,43201099999,GADAG,15.417,75.633,26.0,1006.2,68.69
2010-08-02T12:00:00,43201099999,GADAG,15.417,75.633,26.6,1003.0,64.67
2010-08-02T15:00:00,43201099999,GADAG,15.417,75.633,24.2,1005.3,83.87
2010-08-02T18:00:00,43201099999,GADAG,15.417,75.633,23.0,1006.3,94.68
2010-08-02T21:00:00,43201099999,GADAG,15.417,75.633,22.4,1004.6,94.66
2010-08-03T00:00:00,43201099999,GADAG,15.417,75.633,22.6,1004.1,94.67
2010-08-03T03:00:00,43201099999,GADAG,15.417,75.633,23.8,1005.0,88.58
2010-08-03T06:00:00,43201099999,GADAG,15.417,75.633,26.6,1004.0,71.84
2010-08-03T09:00:00,43201099999,GADAG,15.417,75.633,25.0,1002.9,76.59
2010-08-03T12:00:00,43201099999,GADAG,15.417,75.633,23.8,1002.3,85.39
2010-08-03T15:00:00,43201099999,GADAG,15.417,75.633,23.0,1004.1,89.61
2010-08-03T18:00:00,43201099999,GADAG,15.417,75.633,22.8,1005.2,81.67
2010-08-03T21:00:00,43201099999,GADAG,15.417,75.633,22.0,1004.1,91.21
2010-08-04T00:00:00,43201099999,GADAG,15.417,75.633,22.2,1003.6,91.22
2010-08-04T03:00:00,43201099999,GADAG,15.417,75.633,23.0,1004.3,91.27
2010-08-04T06:00:00,43201099999,GADAG,15.417,75.633,26.0,1003.5,72.62
2010-08-04T09:00:00,43201099999,GADAG,15.417,75.633,29.0,1001.7,67.6
2010-08-04T12:00:00,43201099999,GADAG,15.417,75.633,27.2,1002.0,57.56
2010-08-04T15:00:00,43201099999,GADAG,15.417,75.633,24.0,1005.3,82.32
2010-08-04T18:00:00,43201099999,GADAG,15.417,75.633,22.6,1006.3,89.58
2010-08-04T21:00:00,43201099999,GADAG,15.417,75.633,22.2,1005.0,91.22
2010-08-05T00:00:00,43201099999,GADAG,15.417,75.633,22.0,1005.6,91.21
2010-08-05T03:00:00,43201099999,GADAG,15.417,75.633,23.6,1006.0,86.42
2010-08-05T06:00:00,43201099999,GADAG,15.417,75.633,28.6,1004.9,61.21
2010-08-05T09:00:00,43201099999,GADAG,15.417,75.633,30.2,1003.2,47.46
2010-08-05T12:00:00,43201099999,GADAG,15.417,75.633,29.4,1003.0,46.65
2010-08-05T15:00:00,43201099999,GADAG,15.417,75.633,25.4,1005.6,77.6
2010-08-05T18:00:00,43201099999,GADAG,15.417,75.633,22.6,1006.2,89.58
2010-08-05T21:00:00,43201099999,GADAG,15.417,75.633,22.4,1006.1,91.24
2010-08-06T00:00:00,43201099999,GADAG,15.417,75.633,22.0,1006.1,91.21
2010-08-06T03:00:00,43201099999,GADAG,15.417,75.633,23.0,1007.9,89.61
2010-08-06T06:00:00,43201099999,GADAG,15.417,75.633,27.6,1006.3,62.91
2010-08-06T09:00:00,43201099999,GADAG,15.417,75.633,29.0,1004.1,56.57
2010-08-06T12:00:00,43201099999,GADAG,15.417,75.633,28.0,1003.6,54.58
2010-08-06T15:00:00,43201099999,GADAG,15.417,75.633,25.0,1005.4,71.99
2010-08-06T18:00:00,43201099999,GADAG,15.417,75.633,23.6,1006.7,80.26
2010-08-06T21:00:00,43201099999,GADAG,15.417,75.633,22.6,1005.6,84.74
2010-08-07T00:00:00,43201099999,GADAG,15.417,75.633,22.2,1005.5,92.92
2010-08-07T03:00:00,43201099999,GADAG,15.417,75.633,21.6,1007.4,87.86
2010-08-07T06:00:00,43201099999,GADAG,15.417,75.633,26.4,1006.0,70.05
2010-08-07T09:00:00,43201099999,GADAG,15.417,75.633,27.0,1004.0,70.6
2010-08-07T12:00:00,43201099999,GADAG,15.417,75.633,28.0,1003.0,54.58
2010-08-07T15:00:00,43201099999,GADAG,15.417,75.633,24.0,1006.3,75.96
2010-08-07T18:00:00,43201099999,GADAG,15.417,75.633,23.0,1006.6,89.61
2010-08-07T21:00:00,43201099999,GADAG,15.417,75.633,22.4,1005.2,91.24
2010-08-08T00:00:00,43201099999,GADAG,15.417,75.633,22.0,1005.9,91.21
2010-08-08T03:00:00,43201099999,GADAG,15.417,75.633,24.0,1006.6,88.6
2010-08-08T06:00:00,43201099999,GADAG,15.417,75.633,28.0,1005.2,69.92
2010-08-08T09:00:00,43201099999,GADAG,15.417,75.633,29.2,1003.4,61.72
2010-08-08T12:00:00,43201099999,GADAG,15.417,75.633,29.0,1002.5,60.18
2010-08-08T15:00:00,43201099999,GADAG,15.417,75.633,24.4,1005.7,82.37
2010-08-08T18:00:00,43201099999,GADAG,15.417,75.633,23.0,1007.4,91.27
2010-08-08T21:00:00,43201099999,GADAG,15.417,75.633,22.6,1005.7,91.25
2010-08-09T00:00:00,43201099999,GADAG,15.417,75.633,21.8,1006.2,92.9
2010-08-09T03:00:00,43201099999,GADAG,15.417,75.633,23.8,1007.6,86.97
2010-08-09T06:00:00,43201099999,GADAG,15.417,75.633,28.4,1005.7,55.03
2010-08-09T09:00:00,43201099999,GADAG,15.417,75.633,31.2,1002.9,45.39
2010-08-09T12:00:00,43201099999,GADAG,15.417,75.633,28.6,1003.8,54.05
2010-08-09T15:00:00,43201099999,GADAG,15.417,75.633,25.4,1005.5,73.87
2010-08-09T18:00:00,43201099999,GADAG,15.417,75.633,22.8,1007.3,87.96
2010-08-09T21:00:00,43201099999,GADAG,15.417,75.633,22.0,1007.2,87.89
2010-08-10T00:00:00,43201099999,GADAG,15.417,75.633,21.4,1007.0,91.17
2010-08-10T03:00:00,43201099999,GADAG,15.417,75.633,24.0,1008.0,83.85
2010-08-10T06:00:00,43201099999,GADAG,15.417,75.633,28.0,1006.6,58.11
2010-08-10T09:00:00,43201099999,GADAG,15.417,75.633,29.4,1003.7,46.65
2010-08-10T12:00:00,43201099999,GADAG,15.417,75.633,28.6,1003.2,51.4
2010-08-10T15:00:00,43201099999,GADAG,15.417,75.633,24.0,1006.2,86.99
2010-08-10T18:00:00,43201099999,GADAG,15.417,75.633,23.0,1007.6,87.98
2010-08-10T21:00:00,43201099999,GADAG,15.417,75.633,22.4,1007.0,90.68
2010-08-11T00:00:00,43201099999,GADAG,15.417,75.633,22.0,1006.7,87.89
2010-08-11T03:00:00,43201099999,GADAG,15.417,75.633,23.8,1007.8,85.39
2010-08-11T06:00:00,43201099999,GADAG,15.417,75.633,27.0,1007.3,70.6
2010-08-11T09:00:00,43201099999,GADAG,15.417,75.633,29.2,1003.8,58.03
2010-08-11T12:00:00,43201099999,GADAG,15.417,75.633,29.2,1002.5,54.54
2010-08-11T15:00:00,43201099999,GADAG,15.417,75.633,24.8,,64.69
2010-08-11T18:00:00,43201099999,GADAG,15.417,75.633,23.2,1006.8,89.63
2010-08-11T21:00:00,43201099999,GADAG,15.417,75.633,22.4,1006.4,91.24
2010-08-12T00:00:00,43201099999,GADAG,15.417,75.633,23.0,1005.5,86.37
2010-08-12T03:00:00,43201099999,GADAG,15.417,75.633,25.0,1006.1,80.94
2010-08-12T06:00:00,43201099999,GADAG,15.417,75.633,27.4,1005.5,73.31
2010-08-12T09:00:00,43201099999,GADAG,15.417,75.633,24.0,1003.0,94.72
2010-08-12T12:00:00,43201099999,GADAG,15.417,75.633,24.6,1002.4,94.74
2010-08-12T15:00:00,43201099999,GADAG,15.417,75.633,23.8,1004.6,93.0
2010-08-12T18:00:00,43201099999,GADAG,15.417,75.633,23.0,1006.3,92.96
2010-08-12T21:00:00,43201099999,GADAG,15.417,75.633,22.6,1005.1,94.67
2010-08-13T00:00:00,43201099999,GADAG,15.417,75.633,22.0,1005.5,96.4
2010-08-13T03:00:00,43201099999,GADAG,15.417,75.633,23.0,1005.7,91.27
2010-08-13T06:00:00,43201099999,GADAG,15.417,75.633,25.4,1004.8,72.51
2010-08-13T09:00:00,43201099999,GADAG,15.417,75.633,28.6,1002.7,65.09
2010-08-13T12:00:00,43201099999,GADAG,15.417,75.633,25.6,1002.4,79.55
2010-08-13T15:00:00,43201099999,GADAG,15.417,75.633,23.2,1005.5,91.29
2010-08-13T18:00:00,43201099999,GADAG,15.417,75.633,22.8,1006.6,87.96
2010-08-13T21:00:00,43201099999,GADAG,15.417,75.633,22.6,1005.6,89.58
2010-08-14T00:00:00,43201099999,GADAG,15.417,75.633,22.0,1005.6,92.91
2010-08-14T03:00:00,43201099999,GADAG,15.417,75.633,23.4,1006.1,89.64
2010-08-14T06:00:00,43201099999,GADAG,15.417,75.633,26.6,1005.8,75.9
2010-08-14T09:00:00,43201099999,GADAG,15.417,75.633,28.8,1003.1,70.93
2010-08-14T12:00:00,43201099999,GADAG,15.417,75.633,23.2,1003.7,91.29
2010-08-14T15:00:00,43201099999,GADAG,15.417,75.633,23.4,1005.1,91.3
2010-08-14T18:00:00,43201099999,GADAG,15.417,75.633,22.6,1006.9,91.25
2010-08-14T21:00:00,43201099999,GADAG,15.417,75.633,22.2,1005.3,92.92
2010-08-15T00:00:00,43201099999,GADAG,15.417,75.633,21.6,1005.6,92.89
2010-08-15T03:00:00,43201099999,GADAG,15.417,75.633,23.2,1006.5,89.63
2010-08-15T06:00:00,43201099999,GADAG,15.417,75.633,,1005.9,
2010-08-15T09:00:00,43201099999,GADAG,15.417,75.633,30.0,1002.4,54.06
2010-08-15T12:00:00,43201099999,GADAG,15.417,75.633,28.0,1001.5,66.99
2010-08-15T15:00:00,43201099999,GADAG,15.417,75.633,25.8,1004.3,82.54
2010-08-15T18:00:00,43201099999,GADAG,15.417,75.633,23.6,1006.9,91.31
2010-08-15T21:00:00,43201099999,GADAG,15.417,75.633,23.0,1005.7,92.96
2010-08-16T00:00:00,43201099999,GADAG,15.417,75.633,22.6,1005.5,94.67
2010-08-16T03:00:00,43201099999,GADAG,15.417,75.633,23.6,1006.5,91.31
2010-08-16T06:00:00,43201099999,GADAG,15.417,75.633,26.4,1006.1,72.69
2010-08-16T09:00:00,43201099999,GADAG,15.417,75.633,28.4,1003.6,63.47
2010-08-16T12:00:00,43201099999,GADAG,15.417,75.633,29.2,1001.7,60.6
2010-08-16T15:00:00,43201099999,GADAG,15.417,75.633,24.0,1005.3,91.89
2010-08-16T18:00:00,43201099999,GADAG,15.417,75.633,23.4,1006.3,92.98
2010-08-16T21:00:00,43201099999,GADAG,15.417,75.633,22.6,1005.2,96.42
2010-08-17T00:00:00,43201099999,GADAG,15.417,75.633,22.4,1005.0,94.66
2010-08-17T03:00:00,43201099999,GADAG,15.417,75.633,23.2,1005.9,91.29
2010-08-17T06:00:00,43201099999,GADAG,15.417,75.633,26.8,1005.1,71.87
2010-08-17T09:00:00,43201099999,GADAG,15.417,75.633,27.6,1002.6,64.09
2010-08-17T12:00:00,43201099999,GADAG,15.417,75.633,27.0,1001.6,74.59
2010-08-17T15:00:00,43201099999,GADAG,15.417,75.633,23.6,1005.1,92.99
2010-08-17T18:00:00,43201099999,GADAG,15.417,75.633,22.8,1006.1,96.42
2010-08-17T21:00:00,43201099999,GADAG,15.417,75.633,21.6,1005.1,100.0
2010-08-18T00:00:00,43201099999,GADAG,15.417,75.633,21.2,1004.9,94.61
2010-08-18T03:00:00,43201099999,GADAG,15.417,75.633,21.8,1006.5,92.9
2010-08-18T06:00:00,43201099999,GADAG,15.417,75.633,25.2,1006.0,73.84
2010-08-18T09:00:00,43201099999,GADAG,15.417,75.633,27.2,1003.7,66.42
2010-08-18T12:00:00,43201099999,GADAG,15.417,75.633,27.0,1003.0,60.09
2010-08-18T15:00:00,43201099999,GADAG,15.417,75.633,24.0,1005.9,78.84
2010-08-18T18:00:00,43201099999,GADAG,15.417,75.633,22.0,1007.8,91.21
2010-08-18T21:00:00,43201099999,GADAG,15.417,75.633,21.6,1006.3,92.89
2010-08-19T00:00:00,43201099999,GADAG,15.417,75.633,21.8,1007.5,92.9
2010-08-19T03:00:00,43201099999,GADAG,15.417,75.633,22.6,1008.6,92.94
2010-08-19T06:00:00,43201099999,GADAG,15.417,75.633,28.0,1006.6,58.11
2010-08-19T09:00:00,43201099999,GADAG,15.417,75.633,29.2,1003.5,53.19
2010-08-19T12:00:00,43201099999,GADAG,15.417,75.633,24.6,1004.3,88.65
2010-08-19T15:00:00,43201099999,GADAG,15.417,75.633,23.8,1006.8,94.71
2010-08-19T18:00:00,43201099999,GADAG,15.417,75.633,22.6,1008.9,96.42
2010-08-19T21:00:00,43201099999,GADAG,15.417,75.633,22.4,1007.6,98.19
2010-08-20T00:00:00,43201099999,GADAG,15.417,75.633,22.2,1007.4,98.19
2010-08-20T03:00:00,43201099999,GADAG,15.417,75.633,22.6,1008.4,98.19
2010-08-20T06:00:00,43201099999,GADAG,15.417,75.633,25.0,1008.9,83.96
2010-08-20T09:00:00,43201099999,GADAG,15.417,75.633,26.2,1006.1,75.84
2010-08-20T12:00:00,43201099999,GADAG,15.417,75.633,26.0,1005.6,78.64
2010-08-20T15:00:00,43201099999,GADAG,15.417,75.633,24.0,1007.3,90.23
2010-08-20T18:00:00,43201099999,GADAG,15.417,75.633,23.6,1008.2,92.99
2010-08-20T21:00:00,43201099999,GADAG,15.417,75.633,23.0,1007.2,94.68
2010-08-21T00:00:00,43201099999,GADAG,15.417,75.633,22.6,1006.8,96.42
2010-08-21T03:00:00,43201099999,GADAG,15.417,75.633,23.4,1008.2,94.7
2010-08-21T06:00:00,43201099999,GADAG,15.417,75.633,26.8,1006.5,75.93
2010-08-21T09:00:00,43201099999,GADAG,15.417,75.633,29.6,1003.3,56.01
2010-08-21T12:00:00,43201099999,GADAG,15.417,75.633,27.6,1002.5,68.16
2010-08-21T15:00:00,43201099999,GADAG,15.417,75.633,24.6,1004.9,90.27
2010-08-21T18:00:00,43201099999,GADAG,15.417,75.633,22.6,1007.6,100.0
2010-08-21T21:00:00,43201099999,GADAG,15.417,75.633,21.8,1007.0,98.18
2010-08-22T00:00:00,43201099999,GADAG,15.417,75.633,21.6,1006.4,98.18
2010-08-22T03:00:00,43201099999,GADAG,15.417,75.633,23.2,1007.9,91.29
2010-08-22T06:00:00,43201099999,GADAG,15.417,75.633,26.0,1006.3,76.74
2010-08-22T09:00:00,43201099999,GADAG,15.417,75.633,27.8,1004.1,71.18
2010-08-22T12:00:00,43201099999,GADAG,15.417,75.633,26.4,1002.9,74.49
2010-08-22T15:00:00,43201099999,GADAG,15.417,75.633,25.6,1006.3,85.57
2010-08-22T18:00:00,43201099999,GADAG,15.417,75.633,23.2,1007.5,89.63
2010-08-22T21:00:00,43201099999,GADAG,15.417,75.633,22.2,1005.7,91.22
2010-08-23T00:00:00,43201099999,GADAG,15.417,75.633,21.8,1006.8,92.9
2010-08-23T03:00:00,43201099999,GADAG,15.417,75.633,23.4,1007.4,89.64
2010-08-23T06:00:00,43201099999,GADAG,15.417,75.633,26.6,1006.2,74.53
2010-08-23T09:00:00,43201099999,GADAG,15.417,75.633,29.4,1002.4,59.53
2010-08-23T12:00:00,43201099999,GADAG,15.417,75.633,29.2,1001.0,55.57
2010-08-23T15:00:00,43201099999,GADAG,15.417,75.633,24.0,1004.7,90.23
2010-08-23T18:00:00,43201099999,GADAG,15.417,75.633,22.6,1005.7,96.42
2010-08-23T21:00:00,43201099999,GADAG,15.417,75.633,22.2,1004.9,98.19
2010-08-24T00:00:00,43201099999,GADAG,15.417,75.633,22.2,1004.9,98.19
2010-08-24T03:00:00,43201099999,GADAG,15.417,75.633,22.6,1005.6,96.42
2010-08-24T06:00:00,43201099999,GADAG,15.417,75.633,26.2,1003.7,78.67
2010-08-24T09:00:00,43201099999,GADAG,15.417,75.633,26.6,1002.3,74.53
2010-08-24T12:00:00,43201099999,GADAG,15.417,75.633,24.4,1002.0,90.26
2010-08-24T15:00:00,43201099999,GADAG,15.417,75.633,23.0,1004.1,98.2
2010-08-24T18:00:00,43201099999,GADAG,15.417,75.633,22.4,1005.1,98.19
2010-08-24T21:00:00,43201099999,GADAG,15.417,75.633,21.8,1004.3,98.18
2010-08-25T00:00:00,43201099999,GADAG,15.417,75.633,21.6,1003.8,98.18
2010-08-25T03:00:00,43201099999,GADAG,15.417,75.633,22.4,1005.1,94.66
2010-08-25T06:00:00,43201099999,GADAG,15.417,75.633,25.2,1004.0,87.1
2010-08-25T09:00:00,43201099999,GADAG,15.417,75.633,25.6,1002.3,87.14
2010-08-25T12:00:00,43201099999,GADAG,15.417,75.633,24.0,1001.5,94.72
2010-08-25T15:00:00,43201099999,GADAG,15.417,75.633,21.6,1004.5,100.0
2010-08-25T18:00:00,43201099999,GADAG,15.417,75.633,21.0,1005.9,100.0
2010-08-25T21:00:00,43201099999,GADAG,15.417,75.633,21.0,1005.0,98.17
2010-08-26T00:00:00,43201099999,GADAG,15.417,75.633,21.0,1004.3,98.17
2010-08-26T03:00:00,43201099999,GADAG,15.417,75.633,21.8,1005.2,98.18
2010-08-26T06:00:00,43201099999,GADAG,15.417,75.633,25.0,1004.6,88.68
2010-08-26T09:00:00,43201099999,GADAG,15.417,75.633,25.2,1002.5,87.1
2010-08-26T12:00:00,43201099999,GADAG,15.417,75.633,24.8,1002.0,88.66
2010-08-26T15:00:00,43201099999,GADAG,15.417,75.633,23.6,1003.7,94.7
2010-08-26T18:00:00,43201099999,GADAG,15.417,75.633,22.4,1005.5,94.66
2010-08-26T21:00:00,43201099999,GADAG,15.417,75.633,21.4,1004.3,96.38
2010-08-27T00:00:00,43201099999,GADAG,15.417,75.633,21.4,1004.0,96.38
2010-08-27T03:00:00,43201099999,GADAG,15.417,75.633,22.2,1004.9,96.4
2010-08-27T06:00:00,43201099999,GADAG,15.417,75.633,25.4,1004.1,80.99
2010-08-27T09:00:00,43201099999,GADAG,15.417,75.633,26.6,1002.3,77.3
2010-08-27T12:00:00,43201099999,GADAG,15.417,75.633,26.0,1001.7,78.64
2010-08-27T15:00:00,43201099999,GADAG,15.417,75.633,24.0,1003.9,94.72
2010-08-27T18:00:00,43201099999,GADAG,15.417,75.633,22.8,1005.2,94.67
2010-08-27T21:00:00,43201099999,GADAG,15.417,75.633,22.6,1004.2,94.67
2010-08-28T00:00:00,43201099999,GADAG,15.417,75.633,21.8,1003.9,96.39
2010-08-28T03:00:00,43201099999,GADAG,15.417,75.633,23.0,1005.2,94.68
2010-08-28T06:00:00,43201099999,GADAG,15.417,75.633,25.4,1004.7,84.01
2010-08-28T09:00:00,43201099999,GADAG,15.417,75.633,26.4,1002.9,74.49
2010-08-28T12:00:00,43201099999,GADAG,15.417,75.633,27.0,1002.1,67.62
2010-08-28T15:00:00,43201099999,GADAG,15.417,75.633,26.0,1004.7,83.06
2010-08-28T18:00:00,43201099999,GADAG,15.417,75.633,24.0,1007.0,96.45
2010-08-28T21:00:00,43201099999,GADAG,15.417,75.633,23.0,1005.5,96.43
2010-08-29T03:00:00,43201099999,GADAG,15.417,75.633,23.0,1006.7,96.43
2010-08-29T06:00:00,43201099999,GADAG,15.417,75.633,26.6,1005.5,67.54
2010-08-29T09:00:00,43201099999,GADAG,15.417,75.633,29.8,1003.0,55.03
2010-08-29T12:00:00,43201099999,GADAG,15.417,75.633,27.2,1002.4,55.08
2010-08-29T15:00:00,43201099999,GADAG,15.417,75.633,25.0,1004.9,85.51
2010-08-29T18:00:00,43201099999,GADAG,15.417,75.633,22.8,1006.8,100.0
2010-08-29T21:00:00,43201099999,GADAG,15.417,75.633,21.8,1005.2,100.0
2010-08-30T00:00:00,43201099999,GADAG,15.417,75.633,21.2,1004.5,98.17
2010-08-30T03:00:00,43201099999,GADAG,15.417,75.633,22.6,1005.7,100.0
2010-08-30T06:00:00,43201099999,GADAG,15.417,75.633,24.6,1005.6,82.39
2010-08-30T09:00:00,43201099999,GADAG,15.417,75.633,26.2,1003.3,74.0
2010-08-30T12:00:00,43201099999,GADAG,15.417,75.633,24.6,1003.1,83.92
2010-08-30T15:00:00,43201099999,GADAG,15.417,75.633,23.0,1005.4,94.68
2010-08-30T18:00:00,43201099999,GADAG,15.417,75.633,22.6,1006.7,98.19
2010-08-30T21:00:00,43201099999,GADAG,15.417,75.633,22.0,1006.0,100.0
2010-08-31T00:00:00,43201099999,GADAG,15.417,75.633,21.4,1006.0,100.0
2010-08-31T03:00:00,43201099999,GADAG,15.417,75.633,21.8,1008.0,100.0
2010-08-31T06:00:00,43201099999,GADAG,15.417,75.633,24.4,1006.0,90.26
2010-08-31T09:00:00,43201099999,GADAG,15.417,75.633,24.8,1004.6,80.92
2010-08-31T12:00:00,43201099999,GADAG,15.417,75.633,24.6,1004.6,82.39
2010-08-31T15:00:00,43201099999,GADAG,15.417,75.633,22.0,1006.8,96.4
2010-08-31T18:00:00,43201099999,GADAG,15.417,75.633,21.6,1007.9,98.18
2010-08-31T21:00:00,43201099999,GADAG,15.417,75.633,21.0,1007.1,100.0
2010-09-01T00:00:00,43201099999,GADAG,15.417,75.633,20.6,1007.0,100.0
2010-09-01T03:00:00,43201099999,GADAG,15.417,75.633,22.6,1008.6,94.67
2010-09-01T06:00:00,43201099999,GADAG,15.417,75.633,25.2,1008.4,70.7
2010-09-01T09:00:00,43201099999,GADAG,15.417,75.633,25.6,1006.5,76.68
2010-09-01T12:00:00,43201099999,GADAG,15.417,75.633,25.8,1006.0,73.94
2010-09-01T15:00:00,43201099999,GADAG,15.417,75.633,23.4,1008.3,91.3
2010-09-01T18:00:00,43201099999,GADAG,15.417,75.633,22.0,1009.9,91.21
2010-09-01T21:00:00,43201099999,GADAG,15.417,75.633,21.6,1008.4,92.89
2010-09-02T00:00:00,43201099999,GADAG,15.417,75.633,21.2,1008.8,96.38
2010-09-02T03:00:00,43201099999,GADAG,15.417,75.633,23.0,1010.1,94.68
2010-09-02T06:00:00,43201099999,GADAG,15.417,75.633,25.8,1009.4,73.94
2010-09-02T09:00:00,43201099999,GADAG,15.417,75.633,28.6,1005.6,56.47
2010-09-02T12:00:00,43201099999,GADAG,15.417,75.633,26.2,1004.7,72.65
2010-09-02T15:00:00,43201099999,GADAG,15.417,75.633,23.6,1009.0,86.42
2010-09-02T18:00:00,43201099999,GADAG,15.417,75.633,22.6,1009.5,91.25
2010-09-02T21:00:00,43201099999,GADAG,15.417,75.633,22.2,1008.2,91.22
2010-09-03T00:00:00,43201099999,GADAG,15.417,75.633,21.6,1007.7,91.19
2010-09-03T03:00:00,43201099999,GADAG,15.417,75.633,23.2,1008.1,91.29
2010-09-03T06:00:00,43201099999,GADAG,15.417,75.633,26.6,1007.0,74.53
2010-09-03T09:00:00,43201099999,GADAG,15.417,75.633,27.0,1005.9,70.6
2010-09-03T12:00:00,43201099999,GADAG,15.417,75.633,24.4,1005.1,88.63
2010-09-03T15:00:00,43201099999,GADAG,15.417,75.633,23.4,1006.2,89.64
2010-09-03T18:00:00,43201099999,GADAG,15.417,75.633,22.4,1006.6,89.57
2010-09-03T21:00:00,43201099999,GADAG,15.417,75.633,21.6,1006.1,92.89
2010-09-04T00:00:00,43201099999,GADAG,15.417,75.633,21.6,1005.9,92.89
2010-09-04T03:00:00,43201099999,GADAG,15.417,75.633,23.0,1007.2,92.96
2010-09-04T06:00:00,43201099999,GADAG,15.417,75.633,25.8,1006.5,79.58
2010-09-04T09:00:00,43201099999,GADAG,15.417,75.633,26.8,1005.4,70.56
2010-09-04T12:00:00,43201099999,GADAG,15.417,75.633,24.8,1004.5,83.94
2010-09-04T15:00:00,43201099999,GADAG,15.417,75.633,23.0,1006.0,91.27
2010-09-04T18:00:00,43201099999,GADAG,15.417,75.633,22.6,1007.4,91.25
2010-09-04T21:00:00,43201099999,GADAG,15.417,75.633,22.0,1006.5,92.91
2010-09-05T00:00:00,43201099999,GADAG,15.417,75.633,22.0,1007.0,91.21
2010-09-05T03:00:00,43201099999,GADAG,15.417,75.633,22.8,1008.9,92.95
2010-09-05T06:00:00,43201099999,GADAG,15.417,75.633,26.2,1008.0,71.32
2010-09-05T09:00:00,43201099999,GADAG,15.417,75.633,27.4,1006.4,61.7
2010-09-05T12:00:00,43201099999,GADAG,15.417,75.633,25.6,1005.4,79.55
2010-09-05T15:00:00,43201099999,GADAG,15.417,75.633,23.6,1006.9,77.33
2010-09-05T18:00:00,43201099999,GADAG,15.417,75.633,22.0,1009.6,91.21
2010-09-05T21:00:00,43201099999,GADAG,15.417,75.633,21.6,1008.1,91.19
2010-09-06T00:00:00,43201099999,GADAG,15.417,75.633,22.0,1007.9,92.91
2010-09-06T03:00:00,43201099999,GADAG,15.417,75.633,22.8,1008.9,92.95
2010-09-06T06:00:00,43201099999,GADAG,15.417,75.633,25.6,1007.5,79.55
2010-09-06T09:00:00,43201099999,GADAG,15.417,75.633,27.0,1005.4,71.91
2010-09-06T12:00:00,43201099999,GADAG,15.417,75.633,25.2,1005.4,80.97
2010-09-06T15:00:00,43201099999,GADAG,15.417,75.633,23.0,1007.1,91.27
2010-09-06T18:00:00,43201099999,GADAG,15.417,75.633,22.8,1008.0,91.26
2010-09-06T21:00:00,43201099999,GADAG,15.417,75.633,22.2,1007.0,92.92
2010-09-07T00:00:00,43201099999,GADAG,15.417,75.633,22.0,1006.1,91.21
2010-09-07T03:00:00,43201099999,GADAG,15.417,75.633,23.6,1006.9,91.31
2010-09-07T06:00:00,43201099999,GADAG,15.417,75.633,25.6,1006.0,75.28
2010-09-07T09:00:00,43201099999,GADAG,15.417,75.633,27.2,1004.2,69.35
2010-09-07T12:00:00,43201099999,GADAG,15.417,75.633,25.6,1002.7,81.02
2010-09-07T15:00:00,43201099999,GADAG,15.417,75.633,23.2,1004.7,83.25
2010-09-07T18:00:00,43201099999,GADAG,15.417,75.633,22.0,1006.6,91.21
2010-09-07T21:00:00,43201099999,GADAG,15.417,75.633,21.6,1006.3,91.19
2010-09-08T00:00:00,43201099999,GADAG,15.417,75.633,22.0,1005.0,92.91
2010-09-08T03:00:00,43201099999,GADAG,15.417,75.633,23.4,1005.9,91.3
2010-09-08T06:00:00,43201099999,GADAG,15.417,75.633,23.8,1006.0,91.32
2010-09-08T09:00:00,43201099999,GADAG,15.417,75.633,26.8,1004.2,68.84
2010-09-08T12:00:00,43201099999,GADAG,15.417,75.633,24.0,1003.5,91.89
2010-09-08T15:00:00,43201099999,GADAG,15.417,75.633,22.6,1005.2,92.94
2010-09-08T18:00:00,43201099999,GADAG,15.417,75.633,22.0,1007.0,92.91
2010-09-08T21:00:00,43201099999,GADAG,15.417,75.633,21.6,1006.8,92.89
2010-09-09T00:00:00,43201099999,GADAG,15.417,75.633,22.0,1005.8,92.91
2010-09-09T03:00:00,43201099999,GADAG,15.417,75.633,22.6,1006.6,91.25
2010-09-09T06:00:00,43201099999,GADAG,15.417,75.633,25.0,1005.9,83.96
2010-09-09T09:00:00,43201099999,GADAG,15.417,75.633,27.0,1003.2,66.38
2010-09-09T12:00:00,43201099999,GADAG,15.417,75.633,25.8,1004.3,81.04
2010-09-09T15:00:00,43201099999,GADAG,15.417,75.633,23.2,1006.6,89.63
2010-09-09T18:00:00,43201099999,GADAG,15.417,75.633,22.0,1008.0,91.21
2010-09-09T21:00:00,43201099999,GADAG,15.417,75.633,21.6,1009.1,92.89
2010-09-10T00:00:00,43201099999,GADAG,15.417,75.633,22.0,1006.6,95.22
2010-09-10T03:00:00,43201099999,GADAG,15.417,75.633,22.4,1007.7,94.66
2010-09-10T06:00:00,43201099999,GADAG,15.417,75.633,26.8,1006.5,68.84
2010-09-10T09:00:00,43201099999,GADAG,15.417,75.633,30.0,1002.9,52.74
2010-09-10T12:00:00,43201099999,GADAG,15.417,75.633,27.6,1003.2,69.42
2010-09-10T15:00:00,43201099999,GADAG,15.417,75.633,24.2,1005.5,75.99
2010-09-10T18:00:00,43201099999,GADAG,15.417,75.633,22.2,1007.9,91.22
2010-09-10T21:00:00,43201099999,GADAG,15.417,75.633,21.8,1007.4,92.9
2010-09-11T00:00:00,43201099999,GADAG,15.417,75.633,22.0,1007.0,91.21
2010-09-11T03:00:00,43201099999,GADAG,15.417,75.633,22.6,1008.9,91.25
2010-09-11T06:00:00,43201099999,GADAG,15.417,75.633,26.0,1007.6,69.98
2010-09-11T09:00:00,43201099999,GADAG,15.417,75.633,28.0,1004.9,65.77
2010-09-11T12:00:00,43201099999,GADAG,15.417,75.633,28.6,1004.0,56.47
2010-09-11T15:00:00,43201099999,GADAG,15.417,75.633,24.8,1006.6,70.63
2010-09-11T18:00:00,43201099999,GADAG,15.417,75.633,23.0,1009.2,91.27
2010-09-11T21:00:00,43201099999,GADAG,15.417,75.633,22.0,1007.9,91.21
2010-09-12T00:00:00,43201099999,GADAG,15.417,75.633,21.8,1008.0,92.9
2010-09-12T03:00:00,43201099999,GADAG,15.417,75.633,23.0,1009.0,89.61
2010-09-12T06:00:00,43201099999,GADAG,15.417,75.633,27.0,1008.4,65.16
2010-09-12T09:00:00,43201099999,GADAG,15.417,75.633,27.2,1005.6,60.14
2010-09-12T12:00:00,43201099999,GADAG,15.417,75.633,28.6,1003.7,52.71
2010-09-12T15:00:00,43201099999,GADAG,15.417,75.633,24.4,1007.1,87.03
2010-09-12T18:00:00,43201099999,GADAG,15.417,75.633,22.8,1008.8,92.95
2010-09-12T21:00:00,43201099999,GADAG,15.417,75.633,22.0,1007.6,92.91
2010-09-13T00:00:00,43201099999,GADAG,15.417,75.633,21.8,1007.6,92.9
2010-09-13T03:00:00,43201099999,GADAG,15.417,75.633,22.4,1008.9,94.66
2010-09-13T06:00:00,43201099999,GADAG,15.417,75.633,26.4,1007.3,68.77
2010-09-13T09:00:00,43201099999,GADAG,15.417,75.633,25.6,1004.8,69.47
2010-09-13T12:00:00,43201099999,GADAG,15.417,75.633,26.0,1003.5,64.54
2010-09-13T15:00:00,43201099999,GADAG,15.417,75.633,24.0,1005.9,86.99
2010-09-13T18:00:00,43201099999,GADAG,15.417,75.633,23.0,1007.7,84.78
2010-09-13T21:00:00,43201099999,GADAG,15.417,75.633,21.8,1006.5,87.87
2010-09-14T00:00:00,43201099999,GADAG,15.417,75.633,21.6,1007.0,91.19
2010-09-14T03:00:00,43201099999,GADAG,15.417,75.633,22.6,1007.3,91.25
2010-09-14T06:00:00,43201099999,GADAG,15.417,75.633,26.0,1006.3,73.97
2010-09-14T09:00:00,43201099999,GADAG,15.417,75.633,28.2,1003.7,58.52
2010-09-14T12:00:00,43201099999,GADAG,15.417,75.633,27.0,1002.2,63.96
2010-09-14T15:00:00,43201099999,GADAG,15.417,75.633,24.0,1005.8,85.41
2010-09-14T18:00:00,43201099999,GADAG,15.417,75.633,23.0,1007.0,91.27
2010-09-14T21:00:00,43201099999,GADAG,15.417,75.633,22.4,1005.7,91.24
2010-09-15T00:00:00,43201099999,GADAG,15.417,75.633,21.2,1005.9,91.16
2010-09-15T03:00:00,43201099999,GADAG,15.417,75.633,22.6,1007.0,91.25
2010-09-15T06:00:00,43201099999,GADAG,15.417,75.633,25.6,1005.6,69.47
2010-09-15T09:00:00,43201099999,GADAG,15.417,75.633,29.6,1002.4,50.38
2010-09-15T12:00:00,43201099999,GADAG,15.417,75.633,25.2,1002.5,62.38
2010-09-15T15:00:00,43201099999,GADAG,15.417,75.633,23.4,1005.7,86.4
2010-09-15T18:00:00,43201099999,GADAG,15.417,75.633,22.8,1007.1,92.95
2010-09-15T21:00:00,43201099999,GADAG,15.417,75.633,22.0,1005.5,96.4
2010-09-16T00:00:00,43201099999,GADAG,15.417,75.633,21.6,1005.9,96.39
2010-09-16T03:00:00,43201099999,GADAG,15.417,75.633,23.0,1007.4,92.96
2010-09-16T06:00:00,43201099999,GADAG,15.417,75.633,25.6,1006.4,78.1
2010-09-16T09:00:00,43201099999,GADAG,15.417,75.633,27.2,1003.5,66.42
2010-09-16T12:00:00,43201099999,GADAG,15.417,75.633,25.2,1003.4,78.05
2010-09-16T15:00:00,43201099999,GADAG,15.417,75.633,23.4,1005.3,89.64
2010-09-16T18:00:00,43201099999,GADAG,15.417,75.633,22.2,1006.8,96.4
2010-09-16T21:00:00,43201099999,GADAG,15.417,75.633,22.0,1005.5,94.64
2010-09-17T00:00:00,43201099999,GADAG,15.417,75.633,22.0,1005.9,96.4
2010-09-17T03:00:00,43201099999,GADAG,15.417,75.633,23.4,1007.2,92.98
2010-09-17T06:00:00,43201099999,GADAG,15.417,75.633,26.0,1006.1,75.35
2010-09-17T09:00:00,43201099999,GADAG,15.417,75.633,28.4,1001.8,59.67
2010-09-17T12:00:00,43201099999,GADAG,15.417,75.633,24.2,1003.0,93.03
2010-09-17T15:00:00,43201099999,GADAG,15.417,75.633,22.8,1005.6,94.67
2010-09-17T18:00:00,43201099999,GADAG,15.417,75.633,21.6,1005.5,96.39
2010-09-18T03:00:00,43201099999,GADAG,15.417,75.633,22.2,1005.7,94.65
2010-09-18T06:00:00,43201099999,GADAG,15.417,75.633,25.8,1004.9,83.54
2010-09-18T09:00:00,43201099999,GADAG,15.417,75.633,26.4,1002.3,67.5
2010-09-18T12:00:00,43201099999,GADAG,15.417,75.633,23.4,1003.0,81.74
2010-09-18T15:00:00,43201099999,GADAG,15.417,75.633,22.2,1004.7,94.65
2010-09-18T18:00:00,43201099999,GADAG,15.417,75.633,21.8,1005.7,96.39
2010-09-18T21:00:00,43201099999,GADAG,15.417,75.633,21.6,1004.4,96.39
2010-09-19T00:00:00,43201099999,GADAG,15.417,75.633,21.8,1004.3,96.39
2010-09-19T03:00:00,43201099999,GADAG,15.417,75.633,23.0,1005.8,94.68
2010-09-19T06:00:00,43201099999,GADAG,15.417,75.633,25.8,1005.1,75.31
2010-09-19T09:00:00,43201099999,GADAG,15.417,75.633,27.6,1001.8,61.75
2010-09-19T12:00:00,43201099999,GADAG,15.417,75.633,25.4,1002.4,68.15
2010-09-19T15:00:00,43201099999,GADAG,15.417,75.633,22.8,1006.1,87.96
2010-09-19T18:00:00,43201099999,GADAG,15.417,75.633,21.6,1007.1,94.63
2010-09-19T21:00:00,43201099999,GADAG,15.417,75.633,20.8,1006.1,98.17
2010-09-20T00:00:00,43201099999,GADAG,15.417,75.633,20.0,1006.9,98.16
2010-09-20T03:00:00,43201099999,GADAG,15.417,75.633,22.2,1008.0,89.55
2010-09-20T06:00:00,43201099999,GADAG,15.417,75.633,26.6,1006.6,54.58
2010-09-20T09:00:00,43201099999,GADAG,15.417,75.633,29.6,1004.3,41.37
2010-09-20T12:00:00,43201099999,GADAG,15.417,75.633,28.6,1003.5,43.56
2010-09-20T15:00:00,43201099999,GADAG,15.417,75.633,26.2,1006.6,55.53
2010-09-20T18:00:00,43201099999,GADAG,15.417,75.633,22.6,1007.8,92.94
2010-09-20T21:00:00,43201099999,GADAG,15.417,75.633,21.6,1006.9,98.18
2010-09-21T00:00:00,43201099999,GADAG,15.417,75.633,21.0,1007.6,98.17
2010-09-21T03:00:00,43201099999,GADAG,15.417,75.633,23.0,1008.9,91.27
2010-09-21T06:00:00,43201099999,GADAG,15.417,75.633,28.4,1007.5,56.07
2010-09-21T09:00:00,43201099999,GADAG,15.417,75.633,31.0,1004.1,44.21
2010-09-21T12:00:00,43201099999,GADAG,15.417,75.633,31.2,1003.1,37.27
2010-09-21T15:00:00,43201099999,GADAG,15.417,75.633,26.4,1006.6,70.05
2010-09-21T18:00:00,43201099999,GADAG,15.417,75.633,25.6,1007.7,75.28
2010-09-21T21:00:00,43201099999,GADAG,15.417,75.633,23.6,1007.4,94.7
2010-09-22T00:00:00,43201099999,GADAG,15.417,75.633,21.4,1008.5,
2010-09-22T03:00:00,43201099999,GADAG,15.417,75.633,23.0,1010.2,92.96
2010-09-22T06:00:00,43201099999,GADAG,15.417,75.633,27.0,1008.8,75.97
2010-09-22T09:00:00,43201099999,GADAG,15.417,75.633,30.0,1004.9,57.51
2010-09-22T12:00:00,43201099999,GADAG,15.417,75.633,22.4,1006.4,96.41
2010-09-22T15:00:00,43201099999,GADAG,15.417,75.633,24.0,1007.4,94.72
2010-09-22T18:00:00,43201099999,GADAG,15.417,75.633,23.6,1008.3,94.7
2010-09-22T21:00:00,43201099999,GADAG,15.417,75.633,23.2,1007.2,96.43
2010-09-23T00:00:00,43201099999,GADAG,15.417,75.633,22.0,1008.2,96.4
2010-09-23T03:00:00,43201099999,GADAG,15.417,75.633,24.0,1009.5,88.6
2010-09-23T06:00:00,43201099999,GADAG,15.417,75.633,28.6,1007.9,68.77
2010-09-23T09:00:00,43201099999,GADAG,15.417,75.633,29.8,1004.2,56.06
2010-09-23T12:00:00,43201099999,GADAG,15.417,75.633,30.8,1002.9,51.32
2010-09-23T15:00:00,43201099999,GADAG,15.417,75.633,25.2,1007.0,90.32
2010-09-23T18:00:00,43201099999,GADAG,15.417,75.633,25.2,1007.2,90.32
2010-09-23T21:00:00,43201099999,GADAG,15.417,75.633,21.2,1007.8,97.57
2010-09-24T00:00:00,43201099999,GADAG,15.417,75.633,21.4,1007.7,96.38
2010-09-24T03:00:00,43201099999,GADAG,15.417,75.633,21.8,1009.7,96.39
2010-09-24T06:00:00,43201099999,GADAG,15.417,75.633,24.8,1008.8,87.06
2010-09-24T09:00:00,43201099999,GADAG,15.417,75.633,27.6,1005.2,68.16
2010-09-24T12:00:00,43201099999,GADAG,15.417,75.633,27.6,1004.7,64.09
2010-09-24T15:00:00,43201099999,GADAG,15.417,75.633,25.2,1007.2,83.98
2010-09-24T18:00:00,43201099999,GADAG,15.417,75.633,24.0,1008.2,91.89
2010-09-24T21:00:00,43201099999,GADAG,15.417,75.633,23.0,1007.4,94.68
2010-09-25T00:00:00,43201099999,GADAG,15.417,75.633,22.4,1007.7,96.41
2010-09-25T03:00:00,43201099999,GADAG,15.417,75.633,24.0,1009.0,88.6
2010-09-25T06:00:00,43201099999,GADAG,15.417,75.633,26.6,1008.3,75.9
2010-09-25T09:00:00,43201099999,GADAG,15.417,75.633,30.0,1004.6,49.54
2010-09-25T12:00:00,43201099999,GADAG,15.417,75.633,26.0,1005.4,78.64
2010-09-25T15:00:00,43201099999,GADAG,15.417,75.633,22.8,1008.6,96.42
2010-09-25T18:00:00,43201099999,GADAG,15.417,75.633,22.8,1009.1,94.67
2010-09-25T21:00:00,43201099999,GADAG,15.417,75.633,22.4,1007.3,96.41
2010-09-26T00:00:00,43201099999,GADAG,15.417,75.633,21.8,1007.8,96.39
2010-09-26T03:00:00,43201099999,GADAG,15.417,75.633,24.0,1009.0,91.89
2010-09-26T06:00:00,43201099999,GADAG,15.417,75.633,28.2,1007.6,68.69
2010-09-26T09:00:00,43201099999,GADAG,15.417,75.633,26.6,1005.3,71.84
2010-09-26T12:00:00,43201099999,GADAG,15.417,75.633,25.2,1005.5,78.05
2010-09-26T15:00:00,43201099999,GADAG,15.417,75.633,24.0,1008.7,91.89
2010-09-26T18:00:00,43201099999,GADAG,15.417,75.633,23.6,1008.9,94.7
2010-09-26T21:00:00,43201099999,GADAG,15.417,75.633,22.6,1007.9,96.42
2010-09-27T00:00:00,43201099999,GADAG,15.417,75.633,22.6,1008.0,96.42
2010-09-27T03:00:00,43201099999,GADAG,15.417,75.633,26.0,1008.8,92.01
2010-09-27T06:00:00,43201099999,GADAG,15.417,75.633,28.4,1007.9,62.31
2010-09-27T09:00:00,43201099999,GADAG,15.417,75.633,30.6,1004.7,50.01
2010-09-27T12:00:00,43201099999,GADAG,15.417,75.633,27.0,1004.7,83.18
2010-09-27T15:00:00,43201099999,GADAG,15.417,75.633,25.2,1007.7,90.32
2010-09-27T18:00:00,43201099999,GADAG,15.417,75.633,24.6,1008.7,93.61
2010-09-27T21:00:00,43201099999,GADAG,15.417,75.633,23.2,1007.3,92.97
2010-09-28T00:00:00,43201099999,GADAG,15.417,75.633,23.4,1007.6,96.44
2010-09-28T03:00:00,43201099999,GADAG,15.417,75.633,24.6,1009.6,94.74
2010-09-28T06:00:00,43201099999,GADAG,15.417,75.633,29.2,1007.5,61.72
2010-09-28T09:00:00,43201099999,GADAG,15.417,75.633,29.8,1005.2,53.68
2010-09-28T12:00:00,43201099999,GADAG,15.417,75.633,30.0,1004.2,51.76
2010-09-28T15:00:00,43201099999,GADAG,15.417,75.633,26.6,1007.7,75.9
2010-09-28T18:00:00,43201099999,GADAG,15.417,75.633,25.2,1009.0,85.53
2010-09-28T21:00:00,43201099999,GADAG,15.417,75.633,23.8,1007.3,93.0
2010-09-29T00:00:00,43201099999,GADAG,15.417,75.633,22.6,1008.6,94.67
2010-09-29T03:00:00,43201099999,GADAG,15.417,75.633,25.6,1009.6,90.34
2010-09-29T06:00:00,43201099999,GADAG,15.417,75.633,30.2,1008.6,60.08
2010-09-29T09:00:00,43201099999,GADAG,15.417,75.633,31.6,1005.9,45.78
2010-09-29T12:00:00,43201099999,GADAG,15.417,75.633,31.0,1004.3,46.2
2010-09-29T15:00:00,43201099999,GADAG,15.417,75.633,26.8,1008.2,67.58
2010-09-29T18:00:00,43201099999,GADAG,15.417,75.633,25.2,1008.6,87.1
2010-09-29T21:00:00,43201099999,GADAG,15.417,75.633,24.6,1007.2,90.27
2010-09-30T00:00:00,43201099999,GADAG,15.417,75.633,23.6,1008.1,91.31
2010-09-30T03:00:00,43201099999,GADAG,15.417,75.633,23.4,1009.8,96.44
2010-09-30T06:00:00,43201099999,GADAG,15.417,75.633,28.4,1008.5,75.27
2010-09-30T09:00:00,43201099999,GADAG,15.417,75.633,30.6,1003.9,54.55
2010-09-30T12:00:00,43201099999,GADAG,15.417,75.633,27.6,1003.4,86.28
2010-09-30T15:00:00,43201099999,GADAG,15.417,75.633,26.0,1006.7,90.37
2010-09-30T18:00:00,43201099999,GADAG,15.417,75.633,25.0,1007.6,91.95
2010-09-30T21:00:00,43201099999,GADAG,15.417,75.633,22.8,1006.2,87.96
2010-10-01T00:00:00,43201099999,GADAG,15.417,75.633,22.0,1006.9,89.54
2010-10-01T03:00:00,43201099999,GADAG,15.417,75.633,25.8,1007.6,69.94
2010-10-01T06:00:00,43201099999,GADAG,15.417,75.633,30.0,1005.8,46.23
2010-10-01T09:00:00,43201099999,GADAG,15.417,75.633,30.6,1002.8,37.58
2010-10-01T12:00:00,43201099999,GADAG,15.417,75.633,30.0,1002.1,39.92
2010-10-01T15:00:00,43201099999,GADAG,15.417,75.633,25.8,1005.3,69.94
2010-10-01T18:00:00,43201099999,GADAG,15.417,75.633,23.8,1006.7,81.79
2010-10-01T21:00:00,43201099999,GADAG,15.417,75.633,23.4,1005.0,88.01
2010-10-02T00:00:00,43201099999,GADAG,15.417,75.633,23.4,1005.3,89.64
2010-10-02T03:00:00,43201099999,GADAG,15.417,75.633,25.2,1007.2,90.32
2010-10-02T06:00:00,43201099999,GADAG,15.417,75.633,28.0,1005.9,65.77
2010-10-02T09:00:00,43201099999,GADAG,15.417,75.633,27.6,1003.5,68.16
2010-10-02T12:00:00,43201099999,GADAG,15.417,75.633,22.4,1004.8,100.0
2010-10-02T15:00:00,43201099999,GADAG,15.417,75.633,22.6,1007.0,96.42
2010-10-02T18:00:00,43201099999,GADAG,15.417,75.633,22.8,1008.1,98.2
2010-10-02T21:00:00,43201099999,GADAG,15.417,75.633,23.4,1005.0,88.01
2010-10-03T00:00:00,43201099999,GADAG,15.417,75.633,22.6,1006.4,98.19
2010-10-03T03:00:00,43201099999,GADAG,15.417,75.633,24.0,1008.5,93.02
2010-10-03T06:00:00,43201099999,GADAG,15.417,75.633,29.6,1006.7,58.49
2010-10-03T09:00:00,43201099999,GADAG,15.417,75.633,30.0,1002.9,48.31
2010-10-03T12:00:00,43201099999,GADAG,15.417,75.633,30.2,1001.9,44.27
2010-10-03T15:00:00,43201099999,GADAG,15.417,75.633,26.6,1005.4,70.09
2010-10-03T18:00:00,43201099999,GADAG,15.417,75.633,25.8,1006.4,82.54
2010-10-03T21:00:00,43201099999,GADAG,15.417,75.633,22.2,1006.3,98.19
2010-10-04T00:00:00,43201099999,GADAG,15.417,75.633,21.4,1006.2,98.18
2010-10-04T03:00:00,43201099999,GADAG,15.417,75.633,22.8,1008.1,89.6
2010-10-04T06:00:00,43201099999,GADAG,15.417,75.633,28.2,1007.1,69.96
2010-10-04T09:00:00,43201099999,GADAG,15.417,75.633,29.4,1003.1,53.58
2010-10-04T12:00:00,43201099999,GADAG,15.417,75.633,24.8,1003.8,90.29
2010-10-04T15:00:00,43201099999,GADAG,15.417,75.633,24.4,1006.1,90.26
2010-10-04T18:00:00,43201099999,GADAG,15.417,75.633,23.2,1006.3,91.29
2010-10-04T21:00:00,43201099999,GADAG,15.417,75.633,22.4,1005.1,96.41
2010-10-05T00:00:00,43201099999,GADAG,15.417,75.633,22.0,1005.1,92.91
2010-10-05T03:00:00,43201099999,GADAG,15.417,75.633,23.6,1006.7,91.31
2010-10-05T06:00:00,43201099999,GADAG,15.417,75.633,28.6,1004.7,66.3
2010-10-05T09:00:00,43201099999,GADAG,15.417,75.633,30.4,1000.9,54.5
2010-10-05T12:00:00,43201099999,GADAG,15.417,75.633,22.8,1003.7,92.95
2010-10-05T15:00:00,43201099999,GADAG,15.417,75.633,22.4,1006.4,96.41
2010-10-05T18:00:00,43201099999,GADAG,15.417,75.633,22.6,1005.9,96.42
2010-10-05T21:00:00,43201099999,GADAG,15.417,75.633,22.4,1004.8,96.41
2010-10-06T00:00:00,43201099999,GADAG,15.417,75.633,22.2,1004.5,98.19
2010-10-06T03:00:00,43201099999,GADAG,15.417,75.633,23.2,1006.0,89.63
2010-10-06T06:00:00,43201099999,GADAG,15.417,75.633,26.8,1004.8,70.56
2010-10-06T09:00:00,43201099999,GADAG,15.417,75.633,28.4,1001.4,58.57
2010-10-06T12:00:00,43201099999,GADAG,15.417,75.633,22.4,1003.0,91.24
2010-10-06T15:00:00,43201099999,GADAG,15.417,75.633,23.2,1004.6,89.63
2010-10-06T18:00:00,43201099999,GADAG,15.417,75.633,22.6,1006.0,94.67
2010-10-06T21:00:00,43201099999,GADAG,15.417,75.633,22.4,1003.9,96.41
2010-10-07T00:00:00,43201099999,GADAG,15.417,75.633,22.6,1003.8,96.42
2010-10-07T03:00:00,43201099999,GADAG,15.417,75.633,23.8,1005.1,93.0
2010-10-07T06:00:00,43201099999,GADAG,15.417,75.633,28.0,1004.1,75.21
2010-10-07T09:00:00,43201099999,GADAG,15.417,75.633,30.0,1000.3,49.54
2010-10-07T12:00:00,43201099999,GADAG,15.417,75.633,29.8,1000.6,36.64
2010-10-07T15:00:00,43201099999,GADAG,15.417,75.633,24.4,1003.7,87.03
2010-10-07T18:00:00,43201099999,GADAG,15.417,75.633,22.8,1005.3,94.67
2010-10-07T21:00:00,43201099999,GADAG,15.417,75.633,22.6,1004.1,94.67
2010-10-08T00:00:00,43201099999,GADAG,15.417,75.633,22.4,1004.2,98.19
2010-10-08T03:00:00,43201099999,GADAG,15.417,75.633,23.8,1005.9,94.71
2010-10-08T06:00:00,43201099999,GADAG,15.417,75.633,28.6,1005.3,56.47
2010-10-08T09:00:00,43201099999,GADAG,15.417,75.633,31.4,1001.7,27.99
2010-10-08T12:00:00,43201099999,GADAG,15.417,75.633,30.0,1002.0,35.75
2010-10-08T15:00:00,43201099999,GADAG,15.417,75.633,25.6,1005.6,72.55
2010-10-08T18:00:00,43201099999,GADAG,15.417,75.633,24.2,1005.9,94.73
2010-10-08T21:00:00,43201099999,GADAG,15.417,75.633,22.6,1005.2,96.42
2010-10-09T00:00:00,43201099999,GADAG,15.417,75.633,22.2,1005.1,98.19
2010-10-09T03:00:00,43201099999,GADAG,15.417,75.633,24.0,1006.8,91.89
2010-10-09T06:00:00,43201099999,GADAG,15.417,75.633,26.4,1006.2,77.27
2010-10-09T09:00:00,43201099999,GADAG,15.417,75.633,30.4,1001.9,34.26
2010-10-09T12:00:00,43201099999,GADAG,15.417,75.633,27.0,1002.8,60.09
2010-10-09T18:00:00,43201099999,GADAG,15.417,75.633,23.2,1006.1,72.58
2010-10-09T21:00:00,43201099999,GADAG,15.417,75.633,22.8,1005.0,89.6
2010-10-10T00:00:00,43201099999,GADAG,15.417,75.633,22.4,1005.0,87.92
2010-10-10T03:00:00,43201099999,GADAG,15.417,75.633,23.0,1007.5,89.61
2010-10-10T06:00:00,43201099999,GADAG,15.417,75.633,27.2,1006.1,51.36
2010-10-10T09:00:00,43201099999,GADAG,15.417,75.633,30.0,1003.4,35.75
2010-10-10T12:00:00,43201099999,GADAG,15.417,75.633,29.0,1003.4,31.49
2010-10-10T15:00:00,43201099999,GADAG,15.417,75.633,24.6,1006.6,73.28
2010-10-10T18:00:00,43201099999,GADAG,15.417,75.633,22.6,1007.7,91.25
2010-10-10T21:00:00,43201099999,GADAG,15.417,75.633,21.8,1007.4,94.63
2010-10-11T00:00:00,43201099999,GADAG,15.417,75.633,21.4,1007.8,96.38
2010-10-11T03:00:00,43201099999,GADAG,15.417,75.633,23.4,1009.6,81.74
2010-10-11T06:00:00,43201099999,GADAG,15.417,75.633,27.2,1008.5,49.75
2010-10-11T09:00:00,43201099999,GADAG,15.417,75.633,29.4,1005.5,37.01
2010-10-11T12:00:00,43201099999,GADAG,15.417,75.633,29.4,1005.5,64.86
2010-10-11T15:00:00,43201099999,GADAG,15.417,75.633,24.0,1008.7,74.56
2010-10-11T18:00:00,43201099999,GADAG,15.417,75.633,22.2,1010.3,89.55
2010-10-11T21:00:00,43201099999,GADAG,15.417,75.633,20.8,1009.6,92.85
2010-10-12T00:00:00,43201099999,GADAG,15.417,75.633,20.4,1010.6,92.83
2010-10-12T03:00:00,43201099999,GADAG,15.417,75.633,22.6,1012.4,78.15
2010-10-12T06:00:00,43201099999,GADAG,15.417,75.633,27.6,1010.2,48.29
2010-10-12T09:00:00,43201099999,GADAG,15.417,75.633,33.4,1005.8,35.09
2010-10-12T12:00:00,43201099999,GADAG,15.417,75.633,31.0,1006.1,45.62
2010-10-12T15:00:00,43201099999,GADAG,15.417,75.633,25.2,1009.6,62.38
2010-10-12T18:00:00,43201099999,GADAG,15.417,75.633,22.8,1010.9,89.6
2010-10-12T21:00:00,43201099999,GADAG,15.417,75.633,22.4,1009.6,89.57
2010-10-13T00:00:00,43201099999,GADAG,15.417,75.633,21.8,1010.2,91.2
2010-10-13T03:00:00,43201099999,GADAG,15.417,75.633,23.4,1011.3,86.4
2010-10-13T06:00:00,43201099999,GADAG,15.417,75.633,26.0,1011.2,62.95
2010-10-13T09:00:00,43201099999,GADAG,15.417,75.633,30.6,1005.6,39.57
2010-10-13T12:00:00,43201099999,GADAG,15.417,75.633,29.8,1005.4,42.78
2010-10-13T15:00:00,43201099999,GADAG,15.417,75.633,22.2,1010.5,89.55
2010-10-13T18:00:00,43201099999,GADAG,15.417,75.633,22.6,1010.2,89.58
2010-10-13T21:00:00,43201099999,GADAG,15.417,75.633,22.2,1008.4,87.91
2010-10-14T00:00:00,43201099999,GADAG,15.417,75.633,21.4,1008.7,91.17
2010-10-14T03:00:00,43201099999,GADAG,15.417,75.633,23.2,1009.9,89.63
2010-10-14T06:00:00,43201099999,GADAG,15.417,75.633,28.4,1007.9,53.33
2010-10-14T09:00:00,43201099999,GADAG,15.417,75.633,29.6,1004.6,42.45
2010-10-14T12:00:00,43201099999,GADAG,15.417,75.633,28.2,1004.5,47.53
2010-10-14T15:00:00,43201099999,GADAG,15.417,75.633,24.0,1008.8,85.41
2010-10-14T18:00:00,43201099999,GADAG,15.417,75.633,23.0,1009.1,92.96
2010-10-14T21:00:00,43201099999,GADAG,15.417,75.633,22.4,1007.4,79.6
2010-10-15T00:00:00,43201099999,GADAG,15.417,75.633,22.0,1007.8,89.54
2010-10-15T03:00:00,43201099999,GADAG,15.417,75.633,23.0,1009.6,81.69
2010-10-15T06:00:00,43201099999,GADAG,15.417,75.633,27.6,1008.0,54.14
2010-10-15T09:00:00,43201099999,GADAG,15.417,75.633,30.2,1003.9,42.07
2010-10-15T12:00:00,43201099999,GADAG,15.417,75.633,23.0,1006.1,78.7
2010-10-15T15:00:00,43201099999,GADAG,15.417,75.633,22.2,1008.0,86.29
2010-10-15T18:00:00,43201099999,GADAG,15.417,75.633,22.2,1007.6,87.91
2010-10-15T21:00:00,43201099999,GADAG,15.417,75.633,21.6,1006.3,89.51
2010-10-16T00:00:00,43201099999,GADAG,15.417,75.633,20.6,1007.1,89.43
2010-10-16T03:00:00,43201099999,GADAG,15.417,75.633,22.0,1008.2,89.54
2010-10-16T06:00:00,43201099999,GADAG,15.417,75.633,27.0,1006.0,69.31
2010-10-16T09:00:00,43201099999,GADAG,15.417,75.633,29.0,1002.2,53.14
2010-10-16T12:00:00,43201099999,GADAG,15.417,75.633,26.0,1002.8,62.95
2010-10-16T15:00:00,43201099999,GADAG,15.417,75.633,22.0,1007.0,91.21
2010-10-16T18:00:00,43201099999,GADAG,15.417,75.633,22.0,1006.7,91.21
2010-10-16T21:00:00,43201099999,GADAG,15.417,75.633,21.8,1005.5,92.9
2010-10-17T00:00:00,43201099999,GADAG,15.417,75.633,21.6,1004.3,91.19
2010-10-17T03:00:00,43201099999,GADAG,15.417,75.633,22.2,1006.4,91.22
2010-10-17T06:00:00,43201099999,GADAG,15.417,75.633,25.6,1004.9,66.92
2010-10-17T12:00:00,43201099999,GADAG,15.417,75.633,25.6,1002.7,71.21
2010-10-17T18:00:00,43201099999,GADAG,15.417,75.633,22.0,1007.3,89.54
2010-10-18T00:00:00,43201099999,GADAG,15.417,75.633,21.6,1005.4,91.19
2010-10-18T03:00:00,43201099999,GADAG,15.417,75.633,22.0,1007.4,92.91
2010-10-18T06:00:00,43201099999,GADAG,15.417,75.633,24.0,1006.9,83.85
2010-10-18T09:00:00,43201099999,GADAG,15.417,75.633,26.6,1004.0,74.53
2010-10-18T12:00:00,43201099999,GADAG,15.417,75.633,24.6,1004.9,79.41
2010-10-18T15:00:00,43201099999,GADAG,15.417,75.633,22.8,1007.7,84.76
2010-10-18T18:00:00,43201099999,GADAG,15.417,75.633,22.0,1008.3,91.21
2010-10-18T21:00:00,43201099999,GADAG,15.417,75.633,21.6,1006.5,91.19
2010-10-19T00:00:00,43201099999,GADAG,15.417,75.633,21.8,1006.6,91.2
2010-10-19T03:00:00,43201099999,GADAG,15.417,75.633,23.2,1009.0,87.99
2010-10-19T06:00:00,43201099999,GADAG,15.417,75.633,26.4,1007.7,70.05
2010-10-19T09:00:00,43201099999,GADAG,15.417,75.633,26.2,1005.4,70.02
2010-10-19T12:00:00,43201099999,GADAG,15.417,75.633,25.0,1006.1,78.02
2010-10-19T15:00:00,43201099999,GADAG,15.417,75.633,24.0,1008.9,88.6
2010-10-19T18:00:00,43201099999,GADAG,15.417,75.633,22.6,1009.8,91.25
2010-10-19T21:00:00,43201099999,GADAG,15.417,75.633,21.8,1007.5,92.9
2010-10-20T00:00:00,43201099999,GADAG,15.417,75.633,21.6,1007.8,91.19
2010-10-20T03:00:00,43201099999,GADAG,15.417,75.633,23.0,1010.5,89.61
2010-10-20T06:00:00,43201099999,GADAG,15.417,75.633,28.0,1009.0,65.77
2010-10-20T09:00:00,43201099999,GADAG,15.417,75.633,28.8,1006.5,60.13
2010-10-20T12:00:00,43201099999,GADAG,15.417,75.633,28.0,1005.3,58.11
2010-10-20T15:00:00,43201099999,GADAG,15.417,75.633,24.8,1008.2,82.42
2010-10-20T18:00:00,43201099999,GADAG,15.417,75.633,22.8,1009.0,91.26
2010-10-20T21:00:00,43201099999,GADAG,15.417,75.633,22.0,1006.8,91.21
2010-10-21T00:00:00,43201099999,GADAG,15.417,75.633,21.4,1007.1,91.17
2010-10-21T03:00:00,43201099999,GADAG,15.417,75.633,22.6,1008.7,91.25
2010-10-21T06:00:00,43201099999,GADAG,15.417,75.633,27.0,1007.4,69.31
2010-10-21T09:00:00,43201099999,GADAG,15.417,75.633,28.2,1004.0,63.43
2010-10-21T12:00:00,43201099999,GADAG,15.417,75.633,29.6,1001.8,51.33
2010-10-21T15:00:00,43201099999,GADAG,15.417,75.633,24.4,1005.7,87.03
2010-10-21T18:00:00,43201099999,GADAG,15.417,75.633,22.8,1006.0,87.96
2010-10-21T21:00:00,43201099999,GADAG,15.417,75.633,23.0,1004.8,89.61
2010-10-22T00:00:00,43201099999,GADAG,15.417,75.633,22.6,1004.5,92.94
2010-10-22T03:00:00,43201099999,GADAG,15.417,75.633,24.4,1006.1,82.37
2010-10-22T06:00:00,43201099999,GADAG,15.417,75.633,27.4,1004.3,66.87
2010-10-22T09:00:00,43201099999,GADAG,15.417,75.633,29.8,1001.2,49.18
2010-10-22T12:00:00,43201099999,GADAG,15.417,75.633,23.6,1003.5,91.31
2010-10-22T15:00:00,43201099999,GADAG,15.417,75.633,23.0,1005.8,91.27
2010-10-22T18:00:00,43201099999,GADAG,15.417,75.633,22.2,1006.1,89.55
2010-10-22T21:00:00,43201099999,GADAG,15.417,75.633,22.0,1004.7,88.99
2010-10-23T00:00:00,43201099999,GADAG,15.417,75.633,21.6,1005.5,91.19
2010-10-23T03:00:00,43201099999,GADAG,15.417,75.633,23.4,1007.5,89.64
2010-10-23T06:00:00,43201099999,GADAG,15.417,75.633,26.0,1007.0,76.74
2010-10-23T09:00:00,43201099999,GADAG,15.417,75.633,27.4,1003.5,70.67
2010-10-23T12:00:00,43201099999,GADAG,15.417,75.633,24.6,1004.7,85.47
2010-10-23T15:00:00,43201099999,GADAG,15.417,75.633,23.0,1007.3,87.98
2010-10-23T18:00:00,43201099999,GADAG,15.417,75.633,22.2,1006.9,91.22
2010-10-23T21:00:00,43201099999,GADAG,15.417,75.633,22.0,1007.1,92.91
2010-10-24T00:00:00,43201099999,GADAG,15.417,75.633,21.4,1006.4,96.38
2010-10-24T03:00:00,43201099999,GADAG,15.417,75.633,23.0,1009.1,91.27
2010-10-24T06:00:00,43201099999,GADAG,15.417,75.633,27.6,1007.2,66.91
2010-10-24T09:00:00,43201099999,GADAG,15.417,75.633,30.0,1003.9,58.58
2010-10-24T12:00:00,43201099999,GADAG,15.417,75.633,27.2,1004.6,76.0
2010-10-24T15:00:00,43201099999,GADAG,15.417,75.633,23.6,1007.9,83.29
2010-10-24T18:00:00,43201099999,GADAG,15.417,75.633,23.0,1008.7,89.61
2010-10-24T21:00:00,43201099999,GADAG,15.417,75.633,22.6,1007.5,91.25
2010-10-25T00:00:00,43201099999,GADAG,15.417,75.633,21.6,1007.7,92.89
2010-10-25T03:00:00,43201099999,GADAG,15.417,75.633,23.0,1009.9,91.27
2010-10-25T06:00:00,43201099999,GADAG,15.417,75.633,27.6,1008.6,66.91
2010-10-25T09:00:00,43201099999,GADAG,15.417,75.633,29.0,1005.1,53.14
2010-10-25T12:00:00,43201099999,GADAG,15.417,75.633,28.2,1004.2,45.45
2010-10-25T15:00:00,43201099999,GADAG,15.417,75.633,24.6,1008.6,71.92
2010-10-25T18:00:00,43201099999,GADAG,15.417,75.633,23.0,1009.5,89.61
2010-10-25T21:00:00,43201099999,GADAG,15.417,75.633,22.4,1008.7,91.24
2010-10-26T00:00:00,43201099999,GADAG,15.417,75.633,21.0,1009.4,94.6
2010-10-26T03:00:00,43201099999,GADAG,15.417,75.633,23.6,1011.2,86.42
2010-10-26T06:00:00,43201099999,GADAG,15.417,75.633,28.8,1009.1,45.03
2010-10-26T09:00:00,43201099999,GADAG,15.417,75.633,30.0,1006.4,38.9
2010-10-26T12:00:00,43201099999,GADAG,15.417,75.633,29.6,1006.5,34.26
2010-10-26T15:00:00,43201099999,GADAG,15.417,75.633,24.6,1009.9,57.66
2010-10-26T18:00:00,43201099999,GADAG,15.417,75.633,22.0,1011.6,74.69
2010-10-26T21:00:00,43201099999,GADAG,15.417,75.633,21.4,1010.4,80.98
2010-10-27T00:00:00,43201099999,GADAG,15.417,75.633,20.4,1010.7,88.86
2010-10-27T03:00:00,43201099999,GADAG,15.417,75.633,23.6,1012.2,83.29
2010-10-27T06:00:00,43201099999,GADAG,15.417,75.633,27.6,1011.1,43.56
2010-10-27T09:00:00,43201099999,GADAG,15.417,75.633,29.6,1007.8,39.29
2010-10-27T12:00:00,43201099999,GADAG,15.417,75.633,28.0,1007.3,36.38
2010-10-27T15:00:00,43201099999,GADAG,15.417,75.633,24.0,1011.3,71.37
2010-10-27T18:00:00,43201099999,GADAG,15.417,75.633,21.0,1012.5,77.92
2010-10-27T21:00:00,43201099999,GADAG,15.417,75.633,20.8,1011.6,77.39
2010-10-28T00:00:00,43201099999,GADAG,15.417,75.633,17.0,,74.82
2010-10-28T03:00:00,43201099999,GADAG,15.417,75.633,22.6,1012.3,55.71
2010-10-28T06:00:00,43201099999,GADAG,15.417,75.633,29.0,1010.2,23.68
2010-10-28T09:00:00,43201099999,GADAG,15.417,75.633,31.2,1006.8,24.26
2010-10-28T12:00:00,43201099999,GADAG,15.417,75.633,29.6,1007.5,20.05
2010-10-28T15:00:00,43201099999,GADAG,15.417,75.633,22.0,1012.3,60.86
2010-10-28T18:00:00,43201099999,GADAG,15.417,75.633,23.0,1012.1,48.0
2010-10-28T21:00:00,43201099999,GADAG,15.417,75.633,20.6,1011.7,61.34
2010-10-29T00:00:00,43201099999,GADAG,15.417,75.633,16.6,1012.1,59.99
2010-10-29T03:00:00,43201099999,GADAG,15.417,75.633,23.0,1012.3,60.31
2010-10-29T06:00:00,43201099999,GADAG,15.417,75.633,28.4,1010.1,35.77
2010-10-29T09:00:00,43201099999,GADAG,15.417,75.633,28.6,1008.1,35.13
2010-10-29T12:00:00,43201099999,GADAG,15.417,75.633,28.0,1007.0,34.27
2010-10-29T15:00:00,43201099999,GADAG,15.417,75.633,23.0,1010.7,61.88
2010-10-29T18:00:00,43201099999,GADAG,15.417,75.633,21.8,1011.5,68.3
2010-10-29T21:00:00,43201099999,GADAG,15.417,75.633,19.6,1010.1,87.13
2010-10-30T00:00:00,43201099999,GADAG,15.417,75.633,21.0,1010.9,91.15
2010-10-30T03:00:00,43201099999,GADAG,15.417,75.633,23.0,1012.4,87.98
2010-10-30T06:00:00,43201099999,GADAG,15.417,75.633,28.0,1010.1,59.58
2010-10-30T09:00:00,43201099999,GADAG,15.417,75.633,28.2,1006.9,56.02
2010-10-30T12:00:00,43201099999,GADAG,15.417,75.633,22.6,1009.2,91.25
2010-10-30T15:00:00,43201099999,GADAG,15.417,75.633,22.0,1012.0,87.89
2010-10-30T18:00:00,43201099999,GADAG,15.417,75.633,21.4,1011.9,92.88
2010-10-30T21:00:00,43201099999,GADAG,15.417,75.633,20.0,1010.7,92.81
2010-10-31T00:00:00,43201099999,GADAG,15.417,75.633,21.0,1010.6,91.15
2010-10-31T03:00:00,43201099999,GADAG,15.417,75.633,21.8,1012.2,92.9
2010-10-31T06:00:00,43201099999,GADAG,15.417,75.633,24.6,1010.6,74.66
2010-10-31T09:00:00,43201099999,GADAG,15.417,75.633,27.2,1006.4,58.65
2010-10-31T12:00:00,43201099999,GADAG,15.417,75.633,26.0,1006.4,64.54
2010-10-31T15:00:00,43201099999,GADAG,15.417,75.633,23.0,1009.6,87.98
2010-10-31T18:00:00,43201099999,GADAG,15.417,75.633,22.8,1009.5,87.96
2010-10-31T21:00:00,43201099999,GADAG,15.417,75.633,21.8,1007.7,91.2
2010-11-01T00:00:00,43201099999,GADAG,15.417,75.633,21.0,1007.7,87.8
2010-11-01T03:00:00,43201099999,GADAG,15.417,75.633,21.0,1009.9,87.8
2010-11-01T06:00:00,43201099999,GADAG,15.417,75.633,24.4,1007.9,71.89
2010-11-01T09:00:00,43201099999,GADAG,15.417,75.633,25.0,1005.0,70.66
2010-11-01T12:00:00,43201099999,GADAG,15.417,75.633,24.0,1005.4,72.72
2010-11-01T15:00:00,43201099999,GADAG,15.417,75.633,23.6,1007.4,81.77
2010-11-01T18:00:00,43201099999,GADAG,15.417,75.633,22.4,1008.1,84.72
2010-11-01T21:00:00,43201099999,GADAG,15.417,75.633,21.6,1006.9,89.51
2010-11-02T00:00:00,43201099999,GADAG,15.417,75.633,21.6,1007.1,91.19
2010-11-02T03:00:00,43201099999,GADAG,15.417,75.633,22.4,1009.0,91.24
2010-11-02T06:00:00,43201099999,GADAG,15.417,75.633,26.0,1007.8,68.69
2010-11-02T09:00:00,43201099999,GADAG,15.417,75.633,25.0,1005.6,71.99
2010-11-02T12:00:00,43201099999,GADAG,15.417,75.633,24.6,1005.7,85.47
2010-11-02T15:00:00,43201099999,GADAG,15.417,75.633,22.4,1009.4,89.57
2010-11-02T18:00:00,43201099999,GADAG,15.417,75.633,22.0,1009.7,91.21
2010-11-02T21:00:00,43201099999,GADAG,15.417,75.633,22.0,1008.4,92.91
2010-11-03T00:00:00,43201099999,GADAG,15.417,75.633,21.8,1008.8,92.9
2010-11-03T03:00:00,43201099999,GADAG,15.417,75.633,22.2,1011.6,92.92
2010-11-03T06:00:00,43201099999,GADAG,15.417,75.633,23.0,1011.3,92.96
2010-11-03T09:00:00,43201099999,GADAG,15.417,75.633,22.6,1008.6,91.25
2010-11-03T12:00:00,43201099999,GADAG,15.417,75.633,23.4,1008.7,91.3
2010-11-03T15:00:00,43201099999,GADAG,15.417,75.633,22.6,1011.8,91.25
2010-11-03T18:00:00,43201099999,GADAG,15.417,75.633,22.4,1011.7,91.24
2010-11-03T21:00:00,43201099999,GADAG,15.417,75.633,22.2,1009.8,92.92
2010-11-04T00:00:00,43201099999,GADAG,15.417,75.633,21.6,1010.1,91.19
2010-11-04T03:00:00,43201099999,GADAG,15.417,75.633,22.6,1012.2,96.42
2010-11-04T06:00:00,43201099999,GADAG,15.417,75.633,25.6,1011.5,90.34
2010-11-04T09:00:00,43201099999,GADAG,15.417,75.633,28.2,1007.6,67.44
2010-11-04T12:00:00,43201099999,GADAG,15.417,75.633,27.0,1008.1,70.6
2010-11-04T15:00:00,43201099999,GADAG,15.417,75.633,24.0,1010.1,91.89
2010-11-04T18:00:00,43201099999,GADAG,15.417,75.633,22.8,1011.8,92.95
2010-11-04T21:00:00,43201099999,GADAG,15.417,75.633,21.6,1009.8,92.89
2010-11-05T00:00:00,43201099999,GADAG,15.417,75.633,21.0,1010.4,94.6
2010-11-05T03:00:00,43201099999,GADAG,15.417,75.633,22.4,1012.3,92.93
2010-11-05T06:00:00,43201099999,GADAG,15.417,75.633,26.8,1011.4,65.12
2010-11-05T09:00:00,43201099999,GADAG,15.417,75.633,28.6,1007.1,56.47
2010-11-05T12:00:00,43201099999,GADAG,15.417,75.633,27.6,1006.7,56.58
2010-11-05T15:00:00,43201099999,GADAG,15.417,75.633,24.2,1010.2,87.01
2010-11-05T18:00:00,43201099999,GADAG,15.417,75.633,23.0,1011.1,91.27
2010-11-05T21:00:00,43201099999,GADAG,15.417,75.633,22.6,1009.1,94.67
2010-11-06T00:00:00,43201099999,GADAG,15.417,75.633,22.4,1008.6,92.93
2010-11-06T03:00:00,43201099999,GADAG,15.417,75.633,22.6,1010.9,94.67
2010-11-06T06:00:00,43201099999,GADAG,15.417,75.633,24.8,1010.0,90.29
2010-11-06T09:00:00,43201099999,GADAG,15.417,75.633,27.6,1005.5,62.91
2010-11-06T12:00:00,43201099999,GADAG,15.417,75.633,26.0,1006.2,71.29
2010-11-06T15:00:00,43201099999,GADAG,15.417,75.633,23.4,1009.2,87.47
2010-11-06T18:00:00,43201099999,GADAG,15.417,75.633,21.6,1009.8,91.19
2010-11-06T21:00:00,43201099999,GADAG,15.417,75.633,19.6,1008.4,88.79
2010-11-07T00:00:00,43201099999,GADAG,15.417,75.633,19.0,1008.5,81.7
2010-11-07T03:00:00,43201099999,GADAG,15.417,75.633,20.8,1009.5,67.66
2010-11-07T06:00:00,43201099999,GADAG,15.417,75.633,25.6,1007.7,40.0
2010-11-07T09:00:00,43201099999,GADAG,15.417,75.633,26.8,1004.2,38.01
2010-11-07T12:00:00,43201099999,GADAG,15.417,75.633,26.0,1004.1,47.55
2010-11-07T15:00:00,43201099999,GADAG,15.417,75.633,23.6,1005.6,56.69
2010-11-07T18:00:00,43201099999,GADAG,15.417,75.633,23.4,1005.8,71.26
2010-11-07T21:00:00,43201099999,GADAG,15.417,75.633,20.4,1005.3,92.83
2010-11-08T00:00:00,43201099999,GADAG,15.417,75.633,20.0,1004.8,96.35
2010-11-08T03:00:00,43201099999,GADAG,15.417,75.633,20.6,1006.0,98.17
2010-11-08T06:00:00,43201099999,GADAG,15.417,75.633,22.8,1005.5,92.95
2010-11-08T09:00:00,43201099999,GADAG,15.417,75.633,23.6,1002.8,89.66
2010-11-08T12:00:00,43201099999,GADAG,15.417,75.633,21.6,1003.3,100.0
2010-11-08T15:00:00,43201099999,GADAG,15.417,75.633,20.6,1006.6,98.17
2010-11-08T18:00:00,43201099999,GADAG,15.417,75.633,21.6,1008.2,92.89
2010-11-08T21:00:00,43201099999,GADAG,15.417,75.633,21.2,1007.8,94.61
2010-11-09T00:00:00,43201099999,GADAG,15.417,75.633,21.2,1008.8,94.61
2010-11-09T03:00:00,43201099999,GADAG,15.417,75.633,22.6,1011.2,91.25
2010-11-09T06:00:00,43201099999,GADAG,15.417,75.633,26.6,1010.7,67.54
2010-11-09T09:00:00,43201099999,GADAG,15.417,75.633,28.2,1008.0,58.52
2010-11-09T12:00:00,43201099999,GADAG,15.417,75.633,26.0,1009.5,72.62
2010-11-09T15:00:00,43201099999,GADAG,15.417,75.633,23.2,1012.4,91.85
2010-11-09T18:00:00,43201099999,GADAG,15.417,75.633,23.2,1013.2,73.96
2010-11-09T21:00:00,43201099999,GADAG,15.417,75.633,22.8,1012.3,73.89
2010-11-10T00:00:00,43201099999,GADAG,15.417,75.633,22.4,,75.23
2010-11-10T03:00:00,43201099999,GADAG,15.417,75.633,22.8,1014.5,92.95
2010-11-10T06:00:00,43201099999,GADAG,15.417,75.633,27.0,1013.4,71.91
2010-11-10T09:00:00,43201099999,GADAG,15.417,75.633,28.6,1009.5,57.53
2010-11-10T12:00:00,43201099999,GADAG,15.417,75.633,28.0,1009.3,61.84
2010-11-10T15:00:00,43201099999,GADAG,15.417,75.633,25.0,1012.1,83.96
2010-11-10T18:00:00,43201099999,GADAG,15.417,75.633,23.2,1012.3,89.63
2010-11-10T21:00:00,43201099999,GADAG,15.417,75.633,22.8,1010.5,94.67
2010-11-11T00:00:00,43201099999,GADAG,15.417,75.633,22.0,1011.7,100.0
2010-11-11T03:00:00,43201099999,GADAG,15.417,75.633,23.0,1013.0,94.68
2010-11-11T06:00:00,43201099999,GADAG,15.417,75.633,27.6,1010.9,68.16
2010-11-11T09:00:00,43201099999,GADAG,15.417,75.633,29.2,1007.1,53.19
2010-11-11T12:00:00,43201099999,GADAG,15.417,75.633,27.4,1007.2,73.31
2010-11-11T15:00:00,43201099999,GADAG,15.417,75.633,24.8,1011.3,83.94
2010-11-11T18:00:00,43201099999,GADAG,15.417,75.633,23.0,1011.2,92.96
2010-11-11T21:00:00,43201099999,GADAG,15.417,75.633,22.0,1010.9,91.21
2010-11-12T00:00:00,43201099999,GADAG,15.417,75.633,21.0,1010.3,100.0
2010-11-12T03:00:00,43201099999,GADAG,15.417,75.633,21.4,1010.7,100.0
2010-11-12T06:00:00,43201099999,GADAG,15.417,75.633,25.2,1009.6,88.7
2010-11-12T09:00:00,43201099999,GADAG,15.417,75.633,26.2,1005.7,75.84
2010-11-12T12:00:00,43201099999,GADAG,15.417,75.633,28.0,1005.6,59.58
2010-11-12T15:00:00,43201099999,GADAG,15.417,75.633,25.0,1007.8,91.95
2010-11-12T18:00:00,43201099999,GADAG,15.417,75.633,23.6,1008.1,91.31
2010-11-12T21:00:00,43201099999,GADAG,15.417,75.633,22.6,1007.3,91.25
2010-11-13T00:00:00,43201099999,GADAG,15.417,75.633,22.2,1007.5,89.55
2010-11-13T03:00:00,43201099999,GADAG,15.417,75.633,23.2,1009.6,92.97
2010-11-13T06:00:00,43201099999,GADAG,15.417,75.633,28.6,1007.8,66.3
2010-11-13T09:00:00,43201099999,GADAG,15.417,75.633,30.2,1004.7,49.59
2010-11-13T12:00:00,43201099999,GADAG,15.417,75.633,28.4,1004.6,59.67
2010-11-13T15:00:00,43201099999,GADAG,15.417,75.633,27.2,1007.8,73.72
2010-11-13T18:00:00,43201099999,GADAG,15.417,75.633,24.4,1009.4,93.6
2010-11-13T21:00:00,43201099999,GADAG,15.417,75.633,22.6,1009.5,100.0
2010-11-14T00:00:00,43201099999,GADAG,15.417,75.633,22.0,1009.8,100.0
2010-11-14T03:00:00,43201099999,GADAG,15.417,75.633,23.0,1012.1,92.96
2010-11-14T06:00:00,43201099999,GADAG,15.417,75.633,28.0,1010.7,72.52
2010-11-14T09:00:00,43201099999,GADAG,15.417,75.633,30.0,1007.5,49.54
2010-11-14T12:00:00,43201099999,GADAG,15.417,75.633,29.0,1007.9,53.14
2010-11-14T15:00:00,43201099999,GADAG,15.417,75.633,24.6,1011.9,90.27
2010-11-14T18:00:00,43201099999,GADAG,15.417,75.633,23.6,1012.3,92.99
2010-11-14T21:00:00,43201099999,GADAG,15.417,75.633,23.2,1011.5,94.69
2010-11-15T00:00:00,43201099999,GADAG,15.417,75.633,21.6,1011.7,94.63
2010-11-15T03:00:00,43201099999,GADAG,15.417,75.633,23.4,1012.7,92.98
2010-11-15T06:00:00,43201099999,GADAG,15.417,75.633,27.2,1012.5,68.08
2010-11-15T09:00:00,43201099999,GADAG,15.417,75.633,29.2,1008.5,53.19
2010-11-15T12:00:00,43201099999,GADAG,15.417,75.633,27.6,1008.5,58.02
2010-11-15T15:00:00,43201099999,GADAG,15.417,75.633,25.0,1011.8,82.44
2010-11-15T18:00:00,43201099999,GADAG,15.417,75.633,23.4,1011.6,92.98
2010-11-15T21:00:00,43201099999,GADAG,15.417,75.633,22.6,1010.2,94.67
2010-11-16T00:00:00,43201099999,GADAG,15.417,75.633,22.0,1010.3,96.4
2010-11-16T03:00:00,43201099999,GADAG,15.417,75.633,22.6,1012.3,94.67
2010-11-16T06:00:00,43201099999,GADAG,15.417,75.633,27.0,1011.1,56.08
2010-11-16T09:00:00,43201099999,GADAG,15.417,75.633,28.8,1007.0,42.78
2010-11-16T12:00:00,43201099999,GADAG,15.417,75.633,26.6,1006.6,48.33
2010-11-16T15:00:00,43201099999,GADAG,15.417,75.633,23.0,1010.1,75.33
2010-11-16T18:00:00,43201099999,GADAG,15.417,75.633,22.6,1010.1,83.18
2010-11-16T21:00:00,43201099999,GADAG,15.417,75.633,22.6,1008.6,84.74
2010-11-17T00:00:00,43201099999,GADAG,15.417,75.633,22.4,1008.5,91.24
2010-11-17T03:00:00,43201099999,GADAG,15.417,75.633,23.6,1010.6,89.66
2010-11-17T06:00:00,43201099999,GADAG,15.417,75.633,24.4,1010.1,82.37
2010-11-17T09:00:00,43201099999,GADAG,15.417,75.633,26.0,1006.7,65.76
2010-11-17T12:00:00,43201099999,GADAG,15.417,75.633,26.0,1006.5,69.98
2010-11-17T15:00:00,43201099999,GADAG,15.417,75.633,24.2,1009.9,80.84
2010-11-17T18:00:00,43201099999,GADAG,15.417,75.633,23.4,1011.1,87.47
2010-11-17T21:00:00,43201099999,GADAG,15.417,75.633,21.8,1010.1,96.39
2010-11-18T00:00:00,43201099999,GADAG,15.417,75.633,21.0,1010.8,98.17
2010-11-18T03:00:00,43201099999,GADAG,15.417,75.633,22.6,1012.2,92.94
2010-11-18T06:00:00,43201099999,GADAG,15.417,75.633,25.4,1011.7,70.74
2010-11-18T09:00:00,43201099999,GADAG,15.417,75.633,26.6,1008.6,63.48
2010-11-18T12:00:00,43201099999,GADAG,15.417,75.633,26.6,1007.9,63.48
2010-11-18T15:00:00,43201099999,GADAG,15.417,75.633,23.6,1011.0,88.03
2010-11-18T18:00:00,43201099999,GADAG,15.417,75.633,22.4,1011.8,91.24
2010-11-18T21:00:00,43201099999,GADAG,15.417,75.633,22.0,1010.7,91.21
2010-11-19T00:00:00,43201099999,GADAG,15.417,75.633,21.6,1010.8,92.89
2010-11-19T03:00:00,43201099999,GADAG,15.417,75.633,23.0,1012.5,89.61
2010-11-19T06:00:00,43201099999,GADAG,15.417,75.633,27.6,1010.7,58.02
2010-11-19T09:00:00,43201099999,GADAG,15.417,75.633,29.2,1007.2,42.07
2010-11-19T12:00:00,43201099999,GADAG,15.417,75.633,28.0,1007.4,41.74
2010-11-19T15:00:00,43201099999,GADAG,15.417,75.633,23.6,1011.1,78.78
2010-11-19T18:00:00,43201099999,GADAG,15.417,75.633,22.0,1011.3,91.21
2010-11-19T21:00:00,43201099999,GADAG,15.417,75.633,20.0,1011.4,92.81
2010-11-20T00:00:00,43201099999,GADAG,15.417,75.633,19.8,1009.1,90.5
2010-11-20T03:00:00,43201099999,GADAG,15.417,75.633,23.6,1009.8,84.85
2010-11-20T06:00:00,43201099999,GADAG,15.417,75.633,28.6,1008.0,52.71
2010-11-20T09:00:00,43201099999,GADAG,15.417,75.633,29.6,1004.7,43.55
2010-11-20T12:00:00,43201099999,GADAG,15.417,75.633,28.6,1004.5,43.56
2010-11-20T15:00:00,43201099999,GADAG,15.417,75.633,24.4,1008.5,71.89
2010-11-20T18:00:00,43201099999,GADAG,15.417,75.633,22.6,1009.0,89.58
2010-11-20T21:00:00,43201099999,GADAG,15.417,75.633,21.2,1007.8,94.03
2010-11-21T00:00:00,43201099999,GADAG,15.417,75.633,20.6,1007.8,91.12
2010-11-21T03:00:00,43201099999,GADAG,15.417,75.633,24.2,1009.2,71.4
2010-11-21T06:00:00,43201099999,GADAG,15.417,75.633,28.2,1007.9,47.53
2010-11-21T09:00:00,43201099999,GADAG,15.417,75.633,30.0,1004.1,37.91
2010-11-21T12:00:00,43201099999,GADAG,15.417,75.633,28.6,1003.9,32.88
2010-11-21T15:00:00,43201099999,GADAG,15.417,75.633,22.6,1007.7,60.22
2010-11-21T18:00:00,43201099999,GADAG,15.417,75.633,21.6,1008.6,72.76
2010-11-21T21:00:00,43201099999,GADAG,15.417,75.633,20.2,1008.0,80.31
2010-11-22T00:00:00,43201099999,GADAG,15.417,75.633,20.6,1006.9,73.99
2010-11-22T03:00:00,43201099999,GADAG,15.417,75.633,23.0,1008.6,67.67
2010-11-22T06:00:00,43201099999,GADAG,15.417,75.633,28.6,1006.8,55.08
2010-11-22T09:00:00,43201099999,GADAG,15.417,75.633,30.0,1004.7,45.07
2010-11-22T12:00:00,43201099999,GADAG,15.417,75.633,27.4,1003.5,51.42
2010-11-22T15:00:00,43201099999,GADAG,15.417,75.633,22.6,1007.7,95.25
2010-11-22T18:00:00,43201099999,GADAG,15.417,75.633,23.0,1007.9,92.96
2010-11-22T21:00:00,43201099999,GADAG,15.417,75.633,21.4,1007.3,92.88
2010-11-23T00:00:00,43201099999,GADAG,15.417,75.633,21.4,1006.9,92.88
2010-11-23T03:00:00,43201099999,GADAG,15.417,75.633,22.0,1009.5,92.91
2010-11-23T06:00:00,43201099999,GADAG,15.417,75.633,26.0,1009.0,81.56
2010-11-23T09:00:00,43201099999,GADAG,15.417,75.633,29.0,1004.9,62.83
2010-11-23T12:00:00,43201099999,GADAG,15.417,75.633,26.4,1005.9,65.85
2010-11-23T15:00:00,43201099999,GADAG,15.417,75.633,22.6,1009.6,91.25
2010-11-23T18:00:00,43201099999,GADAG,15.417,75.633,22.6,1010.1,94.67
2010-11-23T21:00:00,43201099999,GADAG,15.417,75.633,21.0,1009.4,91.15
2010-11-24T00:00:00,43201099999,GADAG,15.417,75.633,21.6,1009.2,94.63
2010-11-24T03:00:00,43201099999,GADAG,15.417,75.633,22.6,1011.5,92.94
2010-11-24T06:00:00,43201099999,GADAG,15.417,75.633,26.4,1010.8,67.5
2010-11-24T09:00:00,43201099999,GADAG,15.417,75.633,29.2,1007.1,41.0
2010-11-24T12:00:00,43201099999,GADAG,15.417,75.633,26.6,1007.3,48.33
2010-11-24T15:00:00,43201099999,GADAG,15.417,75.633,22.0,1010.7,89.54
2010-11-24T18:00:00,43201099999,GADAG,15.417,75.633,21.2,1010.9,91.16
2010-11-24T21:00:00,43201099999,GADAG,15.417,75.633,19.6,1010.7,90.49
2010-11-25T00:00:00,43201099999,GADAG,15.417,75.633,19.6,1011.0,90.49
2010-11-25T03:00:00,43201099999,GADAG,15.417,75.633,22.6,1012.2,91.25
2010-11-25T06:00:00,43201099999,GADAG,15.417,75.633,27.2,1010.7,56.13
2010-11-25T09:00:00,43201099999,GADAG,15.417,75.633,28.4,1007.7,52.66
2010-11-25T12:00:00,43201099999,GADAG,15.417,75.633,26.6,1008.2,59.63
2010-11-25T15:00:00,43201099999,GADAG,15.417,75.633,23.4,1010.0,72.61
2010-11-25T18:00:00,43201099999,GADAG,15.417,75.633,21.6,1010.8,89.51
2010-11-25T21:00:00,43201099999,GADAG,15.417,75.633,20.4,1010.5,91.11
2010-11-26T00:00:00,43201099999,GADAG,15.417,75.633,19.0,1010.4,90.45
2010-11-26T03:00:00,43201099999,GADAG,15.417,75.633,22.0,1011.9,89.54
2010-11-26T06:00:00,43201099999,GADAG,15.417,75.633,27.0,1009.9,55.03
2010-11-26T09:00:00,43201099999,GADAG,15.417,75.633,27.4,1006.9,49.17
2010-11-26T12:00:00,43201099999,GADAG,15.417,75.633,26.2,1007.0,50.45
2010-11-26T15:00:00,43201099999,GADAG,15.417,75.633,23.6,1009.5,71.29
2010-11-26T18:00:00,43201099999,GADAG,15.417,75.633,22.0,1009.9,91.21
2010-11-26T21:00:00,43201099999,GADAG,15.417,75.633,21.0,1009.5,91.15
2010-11-27T00:00:00,43201099999,GADAG,15.417,75.633,20.0,1008.4,90.51
2010-11-27T03:00:00,43201099999,GADAG,15.417,75.633,19.2,1011.4,88.76
2010-11-27T06:00:00,43201099999,GADAG,15.417,75.633,26.6,1009.3,34.34
2010-11-27T09:00:00,43201099999,GADAG,15.417,75.633,28.2,1006.1,30.43
2010-11-27T12:00:00,43201099999,GADAG,15.417,75.633,26.0,1007.4,29.22
2010-11-27T15:00:00,43201099999,GADAG,15.417,75.633,22.6,1009.7,43.32
2010-11-27T18:00:00,43201099999,GADAG,15.417,75.633,20.2,1011.1,75.35
2010-11-27T21:00:00,43201099999,GADAG,15.417,75.633,19.0,1010.6,81.7
2010-11-28T00:00:00,43201099999,GADAG,15.417,75.633,20.6,1009.4,75.42
2010-11-28T03:00:00,43201099999,GADAG,15.417,75.633,21.8,1011.3,82.57
2010-11-28T06:00:00,43201099999,GADAG,15.417,75.633,25.8,1010.8,61.73
2010-11-28T09:00:00,43201099999,GADAG,15.417,75.633,27.2,1007.0,51.36
2010-11-28T12:00:00,43201099999,GADAG,15.417,75.633,26.6,1007.3,48.33
2010-11-28T15:00:00,43201099999,GADAG,15.417,75.633,23.6,1010.3,69.52
2010-11-28T18:00:00,43201099999,GADAG,15.417,75.633,20.6,1011.7,92.84
2010-11-28T21:00:00,43201099999,GADAG,15.417,75.633,20.4,1009.7,94.58
2010-11-29T00:00:00,43201099999,GADAG,15.417,75.633,19.6,1010.9,94.55
2010-11-29T03:00:00,43201099999,GADAG,15.417,75.633,20.6,1012.7,94.59
2010-11-29T06:00:00,43201099999,GADAG,15.417,75.633,26.0,1011.4,56.55
2010-11-29T09:00:00,43201099999,GADAG,15.417,75.633,28.2,1007.7,46.63
2010-11-29T12:00:00,43201099999,GADAG,15.417,75.633,27.0,1007.7,46.31
2010-11-29T15:00:00,43201099999,GADAG,15.417,75.633,22.8,1010.4,72.05
2010-11-29T18:00:00,43201099999,GADAG,15.417,75.633,22.0,1011.3,87.89
2010-11-29T21:00:00,43201099999,GADAG,15.417,75.633,20.8,1010.4,89.45
2010-11-30T00:00:00,43201099999,GADAG,15.417,75.633,20.2,1009.8,91.1
2010-11-30T03:00:00,43201099999,GADAG,15.417,75.633,21.0,1011.8,92.86
2010-11-30T06:00:00,43201099999,GADAG,15.417,75.633,26.2,1009.8,51.43
2010-11-30T09:00:00,43201099999,GADAG,15.417,75.633,28.6,1006.0,29.94
2010-11-30T12:00:00,43201099999,GADAG,15.417,75.633,27.2,1006.1,32.05
2010-11-30T15:00:00,43201099999,GADAG,15.417,75.633,21.6,1010.0,60.77
2010-11-30T18:00:00,43201099999,GADAG,15.417,75.633,20.2,1010.5,83.95
2010-11-30T21:00:00,43201099999,GADAG,15.417,75.633,19.8,1009.2,88.81
2010-12-01T00:00:00,43201099999,GADAG,15.417,75.633,19.0,1009.6,92.17
2010-12-01T03:00:00,43201099999,GADAG,15.417,75.633,20.6,1011.1,91.12
2010-12-01T06:00:00,43201099999,GADAG,15.417,75.633,26.6,1009.5,43.57
2010-12-01T09:00:00,43201099999,GADAG,15.417,75.633,28.0,1006.4,35.19
2010-12-01T12:00:00,43201099999,GADAG,15.417,75.633,26.0,1007.0,35.81
2010-12-01T15:00:00,43201099999,GADAG,15.417,75.633,22.6,1010.1,63.0
2010-12-01T18:00:00,43201099999,GADAG,15.417,75.633,19.6,1011.7,80.23
2010-12-01T21:00:00,43201099999,GADAG,15.417,75.633,18.6,1010.2,88.71
2010-12-02T00:00:00,43201099999,GADAG,15.417,75.633,18.0,1009.9,96.29
2010-12-02T03:00:00,43201099999,GADAG,15.417,75.633,21.6,1011.1,89.51
2010-12-02T06:00:00,43201099999,GADAG,15.417,75.633,27.0,1009.6,51.31
2010-12-02T09:00:00,43201099999,GADAG,15.417,75.633,28.0,1006.0,49.65
2010-12-02T12:00:00,43201099999,GADAG,15.417,75.633,27.0,1006.7,57.51
2010-12-02T15:00:00,43201099999,GADAG,15.417,75.633,25.0,1009.6,70.66
2010-12-02T18:00:00,43201099999,GADAG,15.417,75.633,23.6,1010.0,82.78
2010-12-02T21:00:00,43201099999,GADAG,15.417,75.633,22.6,1009.0,87.94
2010-12-03T00:00:00,43201099999,GADAG,15.417,75.633,21.2,1009.4,88.37
2010-12-03T03:00:00,43201099999,GADAG,15.417,75.633,21.6,1011.5,91.19
2010-12-03T06:00:00,43201099999,GADAG,15.417,75.633,26.4,1010.2,68.77
2010-12-03T09:00:00,43201099999,GADAG,15.417,75.633,28.6,1007.0,57.53
2010-12-03T12:00:00,43201099999,GADAG,15.417,75.633,26.6,1007.2,55.63
2010-12-03T15:00:00,43201099999,GADAG,15.417,75.633,22.6,1010.0,78.15
2010-12-03T18:00:00,43201099999,GADAG,15.417,75.633,21.0,1010.2,91.15
2010-12-03T21:00:00,43201099999,GADAG,15.417,75.633,19.6,1009.2,96.33
2010-12-04T00:00:00,43201099999,GADAG,15.417,75.633,18.2,1009.0,96.3
2010-12-04T03:00:00,43201099999,GADAG,15.417,75.633,19.6,1010.9,96.33
2010-12-04T06:00:00,43201099999,GADAG,15.417,75.633,25.8,1009.0,46.28
2010-12-04T09:00:00,43201099999,GADAG,15.417,75.633,27.6,1005.3,30.47
2010-12-04T12:00:00,43201099999,GADAG,15.417,75.633,26.0,1005.8,38.03
2010-12-04T15:00:00,43201099999,GADAG,15.417,75.633,21.4,1008.7,60.33
2010-12-04T18:00:00,43201099999,GADAG,15.417,75.633,20.2,1008.6,70.21
2010-12-04T21:00:00,43201099999,GADAG,15.417,75.633,17.6,1008.3,90.35
2010-12-05T00:00:00,43201099999,GADAG,15.417,75.633,17.6,1008.2,92.09
2010-12-05T03:00:00,43201099999,GADAG,15.417,75.633,19.2,1009.1,90.46
2010-12-05T06:00:00,43201099999,GADAG,15.417,75.633,25.0,1007.9,58.13
2010-12-05T09:00:00,43201099999,GADAG,15.417,75.633,26.8,1004.0,52.25
2010-12-05T12:00:00,43201099999,GADAG,15.417,75.633,26.0,1004.1,37.03
2010-12-05T15:00:00,43201099999,GADAG,15.417,75.633,22.0,1007.5,59.69
2010-12-05T18:00:00,43201099999,GADAG,15.417,75.633,19.0,1008.5,83.28
2010-12-05T21:00:00,43201099999,GADAG,15.417,75.633,17.4,1008.0,92.08
2010-12-06T00:00:00,43201099999,GADAG,15.417,75.633,16.6,1008.1,93.82
2010-12-06T03:00:00,43201099999,GADAG,15.417,75.633,18.6,1010.0,76.07
2010-12-06T06:00:00,43201099999,GADAG,15.417,75.633,24.6,1008.4,38.66
2010-12-06T09:00:00,43201099999,GADAG,15.417,75.633,27.2,1004.8,38.62
2010-12-06T12:00:00,43201099999,GADAG,15.417,75.633,24.6,1004.8,33.77
2010-12-06T15:00:00,43201099999,GADAG,15.417,75.633,23.2,1006.2,36.49
2010-12-06T18:00:00,43201099999,GADAG,15.417,75.633,21.0,1007.4,49.73
2010-12-06T21:00:00,43201099999,GADAG,15.417,75.633,18.6,1007.5,58.88
2010-12-07T00:00:00,43201099999,GADAG,15.417,75.633,17.6,1007.3,61.45
2010-12-07T03:00:00,43201099999,GADAG,15.417,75.633,19.0,1008.4,56.29
2010-12-07T06:00:00,43201099999,GADAG,15.417,75.633,20.0,1008.5,72.01
2010-12-07T09:00:00,43201099999,GADAG,15.417,75.633,28.0,1004.1,69.92
2010-12-07T12:00:00,43201099999,GADAG,15.417,75.633,23.4,1004.8,72.61
2010-12-07T15:00:00,43201099999,GADAG,15.417,75.633,22.6,1007.2,73.39
2010-12-07T18:00:00,43201099999,GADAG,15.417,75.633,20.0,1007.7,90.51
2010-12-07T21:00:00,43201099999,GADAG,15.417,75.633,20.0,1006.3,90.51
2010-12-08T00:00:00,43201099999,GADAG,15.417,75.633,19.0,1006.4,90.45
2010-12-08T03:00:00,43201099999,GADAG,15.417,75.633,20.6,1007.5,91.12
2010-12-08T06:00:00,43201099999,GADAG,15.417,75.633,25.6,1006.9,64.06
2010-12-08T09:00:00,43201099999,GADAG,15.417,75.633,28.6,1003.5,48.25
2010-12-08T12:00:00,43201099999,GADAG,15.417,75.633,27.6,1003.6,48.29
2010-12-08T15:00:00,43201099999,GADAG,15.417,75.633,22.8,1006.6,72.05
2010-12-08T18:00:00,43201099999,GADAG,15.417,75.633,21.6,1006.9,86.23
2010-12-08T21:00:00,43201099999,GADAG,15.417,75.633,21.6,1006.3,91.19
2010-12-09T00:00:00,43201099999,GADAG,15.417,75.633,20.8,1006.7,91.13
2010-12-09T03:00:00,43201099999,GADAG,15.417,75.633,22.0,1008.7,91.21
2010-12-09T06:00:00,43201099999,GADAG,15.417,75.633,26.6,1007.3,63.48
2010-12-09T09:00:00,43201099999,GADAG,15.417,75.633,28.4,1004.0,51.35
2010-12-09T12:00:00,43201099999,GADAG,15.417,75.633,27.2,1004.3,52.69
2010-12-09T15:00:00,43201099999,GADAG,15.417,75.633,24.0,1007.4,61.32
2010-12-09T18:00:00,43201099999,GADAG,15.417,75.633,21.6,1008.3,91.19
2010-12-09T21:00:00,43201099999,GADAG,15.417,75.633,21.0,1007.9,92.86
2010-12-10T00:00:00,43201099999,GADAG,15.417,75.633,20.6,1008.2,92.84
2010-12-10T03:00:00,43201099999,GADAG,15.417,75.633,21.4,1009.6,89.49
2010-12-10T06:00:00,43201099999,GADAG,15.417,75.633,25.2,1008.4,65.19
2010-12-10T09:00:00,43201099999,GADAG,15.417,75.633,23.4,1006.0,86.4
2010-12-10T12:00:00,43201099999,GADAG,15.417,75.633,21.6,1006.5,87.86
2010-12-10T15:00:00,43201099999,GADAG,15.417,75.633,21.6,1008.5,87.86
2010-12-10T18:00:00,43201099999,GADAG,15.417,75.633,20.6,1009.1,91.12
2010-12-10T21:00:00,43201099999,GADAG,15.417,75.633,19.6,1008.3,90.49
2010-12-11T00:00:00,43201099999,GADAG,15.417,75.633,18.2,1008.3,90.39
2010-12-11T03:00:00,43201099999,GADAG,15.417,75.633,19.6,1010.1,90.49
2010-12-11T06:00:00,43201099999,GADAG,15.417,75.633,25.6,1008.5,60.53
2010-12-11T09:00:00,43201099999,GADAG,15.417,75.633,27.0,1005.2,40.39
2010-12-11T12:00:00,43201099999,GADAG,15.417,75.633,26.0,1005.0,43.98
2010-12-11T15:00:00,43201099999,GADAG,15.417,75.633,21.6,1008.1,78.0
2010-12-11T18:00:00,43201099999,GADAG,15.417,75.633,19.6,1008.9,90.49
2010-12-11T21:00:00,43201099999,GADAG,15.417,75.633,17.6,1008.1,93.87
2010-12-12T00:00:00,43201099999,GADAG,15.417,75.633,17.0,1007.8,93.84
2010-12-12T03:00:00,43201099999,GADAG,15.417,75.633,17.6,1010.3,93.87
2010-12-12T06:00:00,43201099999,GADAG,15.417,75.633,23.0,1008.6,48.0
2010-12-12T09:00:00,43201099999,GADAG,15.417,75.633,26.2,1004.7,31.55
2010-12-12T12:00:00,43201099999,GADAG,15.417,75.633,24.6,1004.9,36.14
2010-12-12T15:00:00,43201099999,GADAG,15.417,75.633,20.2,1008.0,62.46
2010-12-12T18:00:00,43201099999,GADAG,15.417,75.633,18.2,1008.9,86.45
2010-12-12T21:00:00,43201099999,GADAG,15.417,75.633,16.2,1008.9,92.01
2010-12-13T00:00:00,43201099999,GADAG,15.417,75.633,16.0,1009.3,92.0
2010-12-13T03:00:00,43201099999,GADAG,15.417,75.633,18.6,1011.3,84.85
2010-12-13T06:00:00,43201099999,GADAG,15.417,75.633,22.6,1010.4,54.27
2010-12-13T09:00:00,43201099999,GADAG,15.417,75.633,24.6,1007.2,39.71
2010-12-13T12:00:00,43201099999,GADAG,15.417,75.633,24.8,1006.8,41.39
2010-12-13T15:00:00,43201099999,GADAG,15.417,75.633,19.4,1009.8,69.6
2010-12-13T18:00:00,43201099999,GADAG,15.417,75.633,19.8,1010.8,74.8
2010-12-13T21:00:00,43201099999,GADAG,15.417,75.633,18.8,1010.0,78.09
2010-12-14T00:00:00,43201099999,GADAG,15.417,75.633,15.2,1011.1,77.54
2010-12-14T03:00:00,43201099999,GADAG,15.417,75.633,18.6,1012.5,76.07
2010-12-14T06:00:00,43201099999,GADAG,15.417,75.633,25.2,1010.3,47.96
2010-12-14T09:00:00,43201099999,GADAG,15.417,75.633,27.6,1006.4,33.71
2010-12-14T12:00:00,43201099999,GADAG,15.417,75.633,26.6,1006.9,34.34
2010-12-14T15:00:00,43201099999,GADAG,15.417,75.633,21.6,1010.3,61.97
2010-12-14T18:00:00,43201099999,GADAG,15.417,75.633,20.0,1011.1,73.41
2010-12-14T21:00:00,43201099999,GADAG,15.417,75.633,18.2,1009.6,86.45
2010-12-15T00:00:00,43201099999,GADAG,15.417,75.633,17.4,1010.3,90.33
2010-12-15T03:00:00,43201099999,GADAG,15.417,75.633,18.6,1012.9,90.42
2010-12-15T06:00:00,43201099999,GADAG,15.417,75.633,24.0,1011.3,68.3
2010-12-15T09:00:00,43201099999,GADAG,15.417,75.633,27.0,1006.9,52.3
2010-12-15T12:00:00,43201099999,GADAG,15.417,75.633,26.6,1007.3,48.33
2010-12-15T15:00:00,43201099999,GADAG,15.417,75.633,22.0,1011.0,68.34
2010-12-15T18:00:00,43201099999,GADAG,15.417,75.633,21.0,1010.8,70.81
2010-12-15T21:00:00,43201099999,GADAG,15.417,75.633,,1010.4,
2010-12-16T00:00:00,43201099999,GADAG,15.417,75.633,17.6,1011.2,86.39
2010-12-16T03:00:00,43201099999,GADAG,15.417,75.633,20.0,1013.0,75.32
2010-12-16T06:00:00,43201099999,GADAG,15.417,75.633,25.0,1011.5,51.45
2010-12-16T09:00:00,43201099999,GADAG,15.417,75.633,27.0,1007.2,40.39
2010-12-16T12:00:00,43201099999,GADAG,15.417,75.633,26.4,1008.1,37.39
2010-12-16T15:00:00,43201099999,GADAG,15.417,75.633,23.2,1010.4,45.57
2010-12-16T18:00:00,43201099999,GADAG,15.417,75.633,21.2,1010.9,48.47
2010-12-16T21:00:00,43201099999,GADAG,15.417,75.633,18.6,1010.7,60.87
2010-12-17T00:00:00,43201099999,GADAG,15.417,75.633,16.0,1011.6,72.22
2010-12-17T03:00:00,43201099999,GADAG,15.417,75.633,19.6,1013.2,73.34
2010-12-17T06:00:00,43201099999,GADAG,15.417,75.633,25.0,1011.9,52.8
2010-12-17T09:00:00,43201099999,GADAG,15.417,75.633,27.0,1008.4,47.52
2010-12-17T12:00:00,43201099999,GADAG,15.417,75.633,26.0,1008.7,41.73
2010-12-17T15:00:00,43201099999,GADAG,15.417,75.633,22.8,1010.6,48.9
2010-12-17T18:00:00,43201099999,GADAG,15.417,75.633,18.0,1012.7,68.42
2010-12-17T21:00:00,43201099999,GADAG,15.417,75.633,17.0,1011.8,71.45
2010-12-18T00:00:00,43201099999,GADAG,15.417,75.633,15.4,1011.9,75.54
2010-12-18T03:00:00,43201099999,GADAG,15.417,75.633,19.4,1013.4,73.3
2010-12-18T06:00:00,43201099999,GADAG,15.417,75.633,25.6,1011.5,54.68
2010-12-18T09:00:00,43201099999,GADAG,15.417,75.633,26.2,1008.7,37.34
2010-12-18T12:00:00,43201099999,GADAG,15.417,75.633,26.0,1008.6,32.37
2010-12-18T15:00:00,43201099999,GADAG,15.417,75.633,21.4,1011.7,39.07
2010-12-18T18:00:00,43201099999,GADAG,15.417,75.633,17.2,1012.9,52.51
2010-12-18T21:00:00,43201099999,GADAG,15.417,75.633,15.6,1012.3,51.73
2010-12-19T00:00:00,43201099999,GADAG,15.417,75.633,14.6,1013.2,57.89
2010-12-19T03:00:00,43201099999,GADAG,15.417,75.633,16.6,1015.9,63.74
2010-12-19T06:00:00,43201099999,GADAG,15.417,75.633,23.2,1013.3,27.84
2010-12-19T09:00:00,43201099999,GADAG,15.417,75.633,27.0,1009.4,18.45
2010-12-19T12:00:00,43201099999,GADAG,15.417,75.633,25.4,1009.4,19.56
2010-12-19T15:00:00,43201099999,GADAG,15.417,75.633,18.6,1013.3,34.18
2010-12-19T18:00:00,43201099999,GADAG,15.417,75.633,15.6,1015.0,53.55
2010-12-19T21:00:00,43201099999,GADAG,15.417,75.633,16.6,1014.2,58.39
2010-12-20T00:00:00,43201099999,GADAG,15.417,75.633,15.0,1015.0,75.48
2010-12-20T03:00:00,43201099999,GADAG,15.417,75.633,17.6,1016.2,63.11
2010-12-20T06:00:00,43201099999,GADAG,15.417,75.633,25.6,1014.0,42.17
2010-12-20T09:00:00,43201099999,GADAG,15.417,75.633,27.0,1010.7,36.1
2010-12-20T12:00:00,43201099999,GADAG,15.417,75.633,26.2,1010.6,33.77
2010-12-20T15:00:00,43201099999,GADAG,15.417,75.633,20.8,1014.4,52.4
2010-12-20T18:00:00,43201099999,GADAG,15.417,75.633,17.6,1015.2,73.47
2010-12-20T21:00:00,43201099999,GADAG,15.417,75.633,16.8,1013.8,72.84
2010-12-21T00:00:00,43201099999,GADAG,15.417,75.633,14.6,1014.3,84.97
2010-12-21T03:00:00,43201099999,GADAG,15.417,75.633,18.8,1015.1,78.09
2010-12-21T06:00:00,43201099999,GADAG,15.417,75.633,26.0,1012.9,32.37
2010-12-21T09:00:00,43201099999,GADAG,15.417,75.633,28.0,1009.2,19.24
2010-12-21T12:00:00,43201099999,GADAG,15.417,75.633,27.2,1008.5,20.74
2010-12-21T15:00:00,43201099999,GADAG,15.417,75.633,20.2,1011.8,34.16
2010-12-21T18:00:00,43201099999,GADAG,15.417,75.633,17.2,1013.1,52.51
2010-12-21T21:00:00,43201099999,GADAG,15.417,75.633,16.0,1012.1,61.08
2010-12-22T00:00:00,43201099999,GADAG,15.417,75.633,12.0,1012.2,72.95
2010-12-22T03:00:00,43201099999,GADAG,15.417,75.633,18.0,1011.9,59.92
2010-12-22T06:00:00,43201099999,GADAG,15.417,75.633,26.8,1009.9,29.24
2010-12-22T09:00:00,43201099999,GADAG,15.417,75.633,28.0,1006.6,24.93
2010-12-22T12:00:00,43201099999,GADAG,15.417,75.633,27.8,1005.9,22.73
2010-12-22T15:00:00,43201099999,GADAG,15.417,75.633,18.6,1009.7,44.59
2010-12-22T18:00:00,43201099999,GADAG,15.417,75.633,17.0,1011.2,46.99
2010-12-22T21:00:00,43201099999,GADAG,15.417,75.633,14.6,1010.3,61.58
2010-12-23T00:00:00,43201099999,GADAG,15.417,75.633,14.0,1010.5,62.72
2010-12-23T03:00:00,43201099999,GADAG,15.417,75.633,19.6,1010.9,52.44
2010-12-23T06:00:00,43201099999,GADAG,15.417,75.633,27.0,1009.6,29.7
2010-12-23T09:00:00,43201099999,GADAG,15.417,75.633,30.2,1005.8,19.5
2010-12-23T12:00:00,43201099999,GADAG,15.417,75.633,27.8,1006.1,20.74
2010-12-23T15:00:00,43201099999,GADAG,15.417,75.633,20.2,1009.9,35.63
2010-12-23T18:00:00,43201099999,GADAG,15.417,75.633,19.0,1011.3,49.86
2010-12-23T21:00:00,43201099999,GADAG,15.417,75.633,16.2,1010.6,52.61
2010-12-24T00:00:00,43201099999,GADAG,15.417,75.633,11.8,1012.4,79.13
2010-12-24T03:00:00,43201099999,GADAG,15.417,75.633,18.2,1012.5,75.51
2010-12-24T06:00:00,43201099999,GADAG,15.417,75.633,25.4,1010.9,36.13
2010-12-24T09:00:00,43201099999,GADAG,15.417,75.633,28.2,1007.1,22.36
2010-12-24T12:00:00,43201099999,GADAG,15.417,75.633,27.6,1007.0,17.56
2010-12-24T15:00:00,43201099999,GADAG,15.417,75.633,18.0,1011.7,54.91
2010-12-24T18:00:00,43201099999,GADAG,15.417,75.633,16.0,1012.3,74.16
2010-12-24T21:00:00,43201099999,GADAG,15.417,75.633,13.8,1011.7,76.3
2010-12-25T00:00:00,43201099999,GADAG,15.417,75.633,11.6,1012.2,88.12
2010-12-25T03:00:00,43201099999,GADAG,15.417,75.633,17.0,1013.2,80.39
2010-12-25T06:00:00,43201099999,GADAG,15.417,75.633,24.2,1011.1,44.35
2010-12-25T09:00:00,43201099999,GADAG,15.417,75.633,28.2,1006.5,35.48
2010-12-25T12:00:00,43201099999,GADAG,15.417,75.633,27.0,1006.9,25.35
2010-12-25T15:00:00,43201099999,GADAG,15.417,75.633,19.0,1010.8,56.29
2010-12-25T18:00:00,43201099999,GADAG,15.417,75.633,17.6,1011.8,70.17
2010-12-25T21:00:00,43201099999,GADAG,15.417,75.633,14.8,1011.3,73.46
2010-12-26T00:00:00,43201099999,GADAG,15.417,75.633,16.0,1011.0,89.65
2010-12-26T03:00:00,43201099999,GADAG,15.417,75.633,18.6,1013.0,87.04
2010-12-26T06:00:00,43201099999,GADAG,15.417,75.633,25.6,1010.9,53.64
2010-12-26T09:00:00,43201099999,GADAG,15.417,75.633,28.2,1006.7,34.56
2010-12-26T12:00:00,43201099999,GADAG,15.417,75.633,27.6,1006.8,34.85
2010-12-26T15:00:00,43201099999,GADAG,15.417,75.633,21.2,1010.6,57.21
2010-12-26T18:00:00,43201099999,GADAG,15.417,75.633,19.2,1011.3,69.56
2010-12-26T21:00:00,43201099999,GADAG,15.417,75.633,17.6,1010.7,78.93
2010-12-27T00:00:00,43201099999,GADAG,15.417,75.633,18.0,1010.6,92.12
2010-12-27T03:00:00,43201099999,GADAG,15.417,75.633,18.8,1012.6,92.16
2010-12-27T06:00:00,43201099999,GADAG,15.417,75.633,24.6,1011.1,63.44
2010-12-27T09:00:00,43201099999,GADAG,15.417,75.633,28.0,1007.1,46.28
2010-12-27T12:00:00,43201099999,GADAG,15.417,75.633,26.4,1006.9,42.11
2010-12-27T15:00:00,43201099999,GADAG,15.417,75.633,22.0,1010.4,55.2
2010-12-27T18:00:00,43201099999,GADAG,15.417,75.633,20.0,1011.1,65.34
2010-12-27T21:00:00,43201099999,GADAG,15.417,75.633,17.0,1011.2,71.45
2010-12-28T00:00:00,43201099999,GADAG,15.417,75.633,16.8,1011.0,89.71
2010-12-28T03:00:00,43201099999,GADAG,15.417,75.633,18.6,1012.8,84.85
2010-12-28T06:00:00,43201099999,GADAG,15.417,75.633,24.0,1011.8,65.76
2010-12-28T09:00:00,43201099999,GADAG,15.417,75.633,26.6,1007.7,53.21
2010-12-28T12:00:00,43201099999,GADAG,15.417,75.633,25.6,1008.0,47.14
2010-12-28T15:00:00,43201099999,GADAG,15.417,75.633,21.6,1011.7,65.25
2010-12-28T18:00:00,43201099999,GADAG,15.417,75.633,19.6,1012.1,81.78
2010-12-28T21:00:00,43201099999,GADAG,15.417,75.633,16.4,1012.0,85.71
2010-12-29T00:00:00,43201099999,GADAG,15.417,75.633,16.2,1011.6,87.94
2010-12-29T03:00:00,43201099999,GADAG,15.417,75.633,17.0,1013.6,92.06
2010-12-29T06:00:00,43201099999,GADAG,15.417,75.633,24.6,1011.5,64.65
2010-12-29T09:00:00,43201099999,GADAG,15.417,75.633,27.2,1007.7,50.07
2010-12-29T12:00:00,43201099999,GADAG,15.417,75.633,27.0,1007.3,42.56
2010-12-29T15:00:00,43201099999,GADAG,15.417,75.633,23.0,1011.1,64.72
2010-12-29T18:00:00,43201099999,GADAG,15.417,75.633,21.0,1011.8,85.64
2010-12-29T21:00:00,43201099999,GADAG,15.417,75.633,17.0,1011.5,86.33
2010-12-30T00:00:00,43201099999,GADAG,15.417,75.633,17.6,1011.0,88.07
2010-12-30T03:00:00,43201099999,GADAG,15.417,75.633,19.6,1012.6,90.49
2010-12-30T06:00:00,43201099999,GADAG,15.417,75.633,26.2,1010.7,59.16
2010-12-30T09:00:00,43201099999,GADAG,15.417,75.633,28.6,1006.5,56.47
2010-12-30T12:00:00,43201099999,GADAG,15.417,75.633,28.0,1006.3,48.71
2010-12-30T15:00:00,43201099999,GADAG,15.417,75.633,22.6,1009.4,70.66
2010-12-30T18:00:00,43201099999,GADAG,15.417,75.633,21.6,1010.1,78.0
2010-12-30T21:00:00,43201099999,GADAG,15.417,75.633,21.0,1009.6,91.15
2010-12-31T00:00:00,43201099999,GADAG,15.417,75.633,18.6,1009.6,92.15
2010-12-31T03:00:00,43201099999,GADAG,15.417,75.633,20.6,1010.8,87.22
2010-12-31T06:00:00,43201099999,GADAG,15.417,75.633,28.0,1008.8,46.28
2010-12-31T09:00:00,43201099999,GADAG,15.417,75.633,28.8,1006.1,38.31
2010-12-31T12:00:00,43201099999,GADAG,15.417,75.633,28.6,1004.4,36.07
2010-12-31T15:00:00,43201099999,GADAG,15.417,75.633,24.6,1007.9,70.59
2010-12-31T18:00:00,43201099999,GADAG,15.417,75.633,21.2,1009.5,74.09
2010-12-31T21:00:00,43201099999,GADAG,15.417,75.633,20.0,1008.4,76.78
