timestamp,station_id,station_name,latitude,longitude,temperature,pressure,humidity
2004-01-01T00:00:00,43344099999,TIRUCHIRAPPALLI,10.767,78.717,22.6,1014.2,91.25
2004-01-01T03:00:00,43344099999,TIRUCHIRAPPALLI,10.767,78.717,24.2,1017.2,88.08
2004-01-01T04:40:00,43344099999,TIRUCHIRAPPALLI,10.767,78.717,25.0,,78.5
2004-01-01T05:40:00,43344099999,TIRUCHIRAPPALLI,10.767,78.717,24.0,,83.34
2004-01-01T06:00:00,43344099999,TIRUCHIRAPPALLI,10.767,78.717,23.2,1016.5,96.43
2004-01-01T06:40:00,43344099999,TIRUCHIRAPPALLI,10.767,78.717,23.0,,94.11
2004-01-01T07:40:00,43344099999,TIRUCHIRAPPALLI,10.767,78.717,25.0,,83.45
2004-01-01T09:00:00,43344099999,TIRUCHIRAPPALLI,10.767,78.717,26.2,1012.6,71.76
2004-01-01T12:00:00,43344099999,TIRUCHIRAPPALLI,10.767,78.717,25.2,1012.9,81.96
2004-01-01T15:00:00,43344099999,TIRUCHIRAPPALLI,10.767,78.717,24.2,1015.3,93.03
2004-01-01T18:00:00,43344099999,TIRUCHIRAPPALLI,10.767,78.717,23.0,1015.6,94.68
2004-01-01T21:00:00,43344099999,TIRUCHIRAPPALLI,10.767,78.717,22.6,1013.8,94.67
2004-01-02T00:00:00,43344099999,TIRUCHIRAPPALLI,10.767,78.717,21.4,1013.7,92.88
2004-01-02T03:00:00,43344099999,TIRUCHIRAPPALLI,10.767,78.717,24.0,1016.0,83.34
2004-01-02T06:00:00,43344099999,TIRUCHIRAPPALLI,10.767,78.717,27.4,1015.4,60.18
2004-01-02T06:40:00,43344099999,TIRUCHIRAPPALLI,10.767,78.717,28.0,,65.77
2004-01-02T08:40:00,43344099999,TIRUCHIRAPPALLI,10.767,78.717,30.0,,55.08
2004-01-02T09:00:00,43344099999,TIRUCHIRAPPALLI,10.767,78.717,29.6,1012.2,56.01
2004-01-02T10:40:00,43344099999,TIRUCHIRAPPALLI,10.767,78.717,29.0,,62.06
2004-01-02T11:40:00,43344099999,TIRUCHIRAPPALLI,10.767,78.717,28.0,,65.77
2004-01-02T12:00:00,43344099999,TIRUCHIRAPPALLI,10.767,78.717,28.4,1012.1,53.66
2004-01-02T12:40:00,43344099999,TIRUCHIRAPPALLI,10.767,78.717,28.0,,65.77
2004-01-02T13:40:00,43344099999,TIRUCHIRAPPALLI,10.767,78.717,27.0,,69.74
2004-01-02T15:00:00,43344099999,TIRUCHIRAPPALLI,10.767,78.717,25.0,1019.3,80.94
2004-01-02T18:00:00,43344099999,TIRUCHIRAPPALLI,10.767,78.717,23.4,1015.5,89.64
2004-01-02T21:00:00,43344099999,TIRUCHIRAPPALLI,10.767,78.717,22.0,1014.1,91.21
2004-01-03T00:00:00,43344099999,TIRUCHIRAPPALLI,10.767,78.717,21.0,1014.3,90.58
2004-01-03T01:40:00,43344099999,TIRUCHIRAPPALLI,10.767,78.717,22.0,,83.11
2004-01-03T02:40:00,43344099999,TIRUCHIRAPPALLI,10.767,78.717,23.0,,73.46
2004-01-03T03:00:00,43344099999,TIRUCHIRAPPALLI,10.767,78.717,23.4,1016.6,71.71
2004-01-03T03:40:00,43344099999,TIRUCHIRAPPALLI,10.767,78.717,24.0,,83.34
2004-01-03T04:40:00,43344099999,TIRUCHIRAPPALLI,10.767,78.717,26.0,,65.36
2004-01-03T05:40:00,43344099999,TIRUCHIRAPPALLI,10.767,78.717,27.0,,65.56
2004-01-03T06:00:00,43344099999,TIRUCHIRAPPALLI,10.767,78.717,26.6,1016.1,51.87
2004-01-03T06:40:00,43344099999,TIRUCHIRAPPALLI,10.767,78.717,28.0,,61.84
2004-01-03T08:40:00,43344099999,TIRUCHIRAPPALLI,10.767,78.717,30.0,,48.62
2004-01-03T09:00:00,43344099999,TIRUCHIRAPPALLI,10.767,78.717,29.0,1013.0,46.84
2004-01-03T12:00:00,43344099999,TIRUCHIRAPPALLI,10.767,78.717,28.0,1012.5,44.53
2004-01-03T12:40:00,43344099999,TIRUCHIRAPPALLI,10.767,78.717,28.0,,51.25
2004-01-03T15:00:00,43344099999,TIRUCHIRAPPALLI,10.767,78.717,24.4,1015.5,73.7
2004-01-03T18:00:00,43344099999,TIRUCHIRAPPALLI,10.767,78.717,22.6,1015.6,91.25
2004-01-03T19:40:00,43344099999,TIRUCHIRAPPALLI,10.767,78.717,22.0,,94.06
2004-01-03T20:40:00,43344099999,TIRUCHIRAPPALLI,10.767,78.717,22.0,,94.06
2004-01-03T21:00:00,43344099999,TIRUCHIRAPPALLI,10.767,78.717,21.4,1014.6,94.62
2004-01-03T21:40:00,43344099999,TIRUCHIRAPPALLI,10.767,78.717,21.0,,94.02
2004-01-04T00:00:00,43344099999,TIRUCHIRAPPALLI,10.767,78.717,20.6,1014.2,93.42
2004-01-04T01:40:00,43344099999,TIRUCHIRAPPALLI,10.767,78.717,20.0,,88.27
2004-01-04T03:00:00,43344099999,TIRUCHIRAPPALLI,10.767,78.717,21.8,1016.9,85.72
2004-01-04T03:40:00,43344099999,TIRUCHIRAPPALLI,10.767,78.717,23.0,,73.46
2004-01-04T04:40:00,43344099999,TIRUCHIRAPPALLI,10.767,78.717,26.0,,65.36
2004-01-04T05:40:00,43344099999,TIRUCHIRAPPALLI,10.767,78.717,27.0,,61.61
2004-01-04T06:00:00,43344099999,TIRUCHIRAPPALLI,10.767,78.717,28.0,1015.9,57.03
2004-01-04T08:40:00,43344099999,TIRUCHIRAPPALLI,10.767,78.717,29.0,,54.83
2004-01-04T09:00:00,43344099999,TIRUCHIRAPPALLI,10.767,78.717,29.6,1012.6,52.31
2004-01-04T09:40:00,43344099999,TIRUCHIRAPPALLI,10.767,78.717,30.0,,55.08
2004-01-04T10:40:00,43344099999,TIRUCHIRAPPALLI,10.767,78.717,29.0,,58.35
2004-01-04T11:40:00,43344099999,TIRUCHIRAPPALLI,10.767,78.717,28.0,,61.84
2004-01-04T12:00:00,43344099999,TIRUCHIRAPPALLI,10.767,78.717,28.4,1012.3,56.07
2004-01-04T12:40:00,43344099999,TIRUCHIRAPPALLI,10.767,78.717,27.0,,69.74
2004-01-04T13:40:00,43344099999,TIRUCHIRAPPALLI,10.767,78.717,26.0,,69.55
2004-01-04T14:40:00,43344099999,TIRUCHIRAPPALLI,10.767,78.717,25.0,,78.5
2004-01-04T15:00:00,43344099999,TIRUCHIRAPPALLI,10.767,78.717,25.0,1014.7,75.65
2004-01-04T15:40:00,43344099999,TIRUCHIRAPPALLI,10.767,78.717,24.0,,83.34
2004-01-04T16:40:00,43344099999,TIRUCHIRAPPALLI,10.767,78.717,24.0,,83.34
2004-01-04T18:00:00,43344099999,TIRUCHIRAPPALLI,10.767,78.717,23.6,1015.6,92.99
2004-01-04T21:00:00,43344099999,TIRUCHIRAPPALLI,10.767,78.717,22.0,1014.3,92.91
2004-01-05T00:00:00,43344099999,TIRUCHIRAPPALLI,10.767,78.717,21.6,1014.6,91.19
2004-01-05T00:40:00,43344099999,TIRUCHIRAPPALLI,10.767,78.717,22.0,,83.11
2004-01-05T02:40:00,43344099999,TIRUCHIRAPPALLI,10.767,78.717,24.0,,78.35
2004-01-05T03:00:00,43344099999,TIRUCHIRAPPALLI,10.767,78.717,24.0,1016.9,79.82
2004-01-05T04:40:00,43344099999,TIRUCHIRAPPALLI,10.767,78.717,26.0,,73.97
2004-01-05T06:00:00,43344099999,TIRUCHIRAPPALLI,10.767,78.717,28.8,1016.0,61.63
2004-01-05T06:40:00,43344099999,TIRUCHIRAPPALLI,10.767,78.717,29.0,,62.06
2004-01-05T07:40:00,43344099999,TIRUCHIRAPPALLI,10.767,78.717,30.0,,58.58
2004-01-05T08:40:00,43344099999,TIRUCHIRAPPALLI,10.767,78.717,30.0,,58.58
2004-01-05T09:00:00,43344099999,TIRUCHIRAPPALLI,10.767,78.717,29.2,1012.3,51.88
2004-01-05T09:40:00,43344099999,TIRUCHIRAPPALLI,10.767,78.717,30.0,,55.08
2004-01-05T12:00:00,43344099999,TIRUCHIRAPPALLI,10.767,78.717,28.6,1012.1,60.09
2004-01-05T15:00:00,43344099999,TIRUCHIRAPPALLI,10.767,78.717,25.2,1014.6,80.47
2004-01-05T16:40:00,43344099999,TIRUCHIRAPPALLI,10.767,78.717,24.0,,94.15
2004-01-05T18:00:00,43344099999,TIRUCHIRAPPALLI,10.767,78.717,23.6,1016.2,91.31
2004-01-05T18:40:00,43344099999,TIRUCHIRAPPALLI,10.767,78.717,23.0,,94.11
2004-01-05T21:00:00,43344099999,TIRUCHIRAPPALLI,10.767,78.717,22.0,1014.6,95.22
2004-01-05T22:40:00,43344099999,TIRUCHIRAPPALLI,10.767,78.717,22.0,,94.06
2004-01-05T23:40:00,43344099999,TIRUCHIRAPPALLI,10.767,78.717,22.0,,94.06
2004-01-06T00:00:00,43344099999,TIRUCHIRAPPALLI,10.767,78.717,22.4,1014.3,94.66
2004-01-06T00:40:00,43344099999,TIRUCHIRAPPALLI,10.767,78.717,22.0,,94.06
2004-01-06T02:40:00,43344099999,TIRUCHIRAPPALLI,10.767,78.717,24.0,,83.34
2004-01-06T03:00:00,43344099999,TIRUCHIRAPPALLI,10.767,78.717,24.6,1016.0,80.4
2004-01-06T03:40:00,43344099999,TIRUCHIRAPPALLI,10.767,78.717,26.0,,73.97
2004-01-06T04:40:00,43344099999,TIRUCHIRAPPALLI,10.767,78.717,27.0,,65.56
2004-01-06T05:40:00,43344099999,TIRUCHIRAPPALLI,10.767,78.717,28.0,,61.84
2004-01-06T06:00:00,43344099999,TIRUCHIRAPPALLI,10.767,78.717,27.6,1015.4,63.3
2004-01-06T08:40:00,43344099999,TIRUCHIRAPPALLI,10.767,78.717,29.0,,62.06
2004-01-06T09:00:00,43344099999,TIRUCHIRAPPALLI,10.767,78.717,29.0,1012.3,57.99
2004-01-06T09:40:00,43344099999,TIRUCHIRAPPALLI,10.767,78.717,29.0,,62.06
2004-01-06T10:40:00,43344099999,TIRUCHIRAPPALLI,10.767,78.717,29.0,,62.06
2004-01-06T13:40:00,43344099999,TIRUCHIRAPPALLI,10.767,78.717,27.0,,69.74
2004-01-06T15:00:00,43344099999,TIRUCHIRAPPALLI,10.767,78.717,25.0,1014.5,80.45
2004-01-06T15:40:00,43344099999,TIRUCHIRAPPALLI,10.767,78.717,25.0,,78.5
2004-01-06T18:00:00,43344099999,TIRUCHIRAPPALLI,10.767,78.717,24.2,1015.2,91.35
2004-01-06T18:40:00,43344099999,TIRUCHIRAPPALLI,10.767,78.717,24.0,,88.6
2004-01-06T20:40:00,43344099999,TIRUCHIRAPPALLI,10.767,78.717,23.0,,88.52
2004-01-06T21:00:00,43344099999,TIRUCHIRAPPALLI,10.767,78.717,22.4,1013.8,94.66
2004-01-06T21:40:00,43344099999,TIRUCHIRAPPALLI,10.767,78.717,22.0,,94.06
2004-01-06T22:40:00,43344099999,TIRUCHIRAPPALLI,10.767,78.717,22.0,,94.06
2004-01-06T23:40:00,43344099999,TIRUCHIRAPPALLI,10.767,78.717,22.0,,94.06
2004-01-07T00:00:00,43344099999,TIRUCHIRAPPALLI,10.767,78.717,22.0,1014.3,94.64
2004-01-07T00:40:00,43344099999,TIRUCHIRAPPALLI,10.767,78.717,22.0,,94.06
2004-01-07T01:40:00,43344099999,TIRUCHIRAPPALLI,10.767,78.717,23.0,,88.52
2004-01-07T02:40:00,43344099999,TIRUCHIRAPPALLI,10.767,78.717,24.0,,83.34
2004-01-07T03:00:00,43344099999,TIRUCHIRAPPALLI,10.767,78.717,23.6,1016.4,82.78
2004-01-07T04:40:00,43344099999,TIRUCHIRAPPALLI,10.767,78.717,27.0,,69.74
2004-01-07T06:00:00,43344099999,TIRUCHIRAPPALLI,10.767,78.717,28.0,1015.4,59.58
2004-01-07T06:40:00,43344099999,TIRUCHIRAPPALLI,10.767,78.717,28.0,,61.84
2004-01-07T07:40:00,43344099999,TIRUCHIRAPPALLI,10.767,78.717,29.0,,58.35
2004-01-07T08:40:00,43344099999,TIRUCHIRAPPALLI,10.767,78.717,29.0,,58.35
2004-01-07T09:00:00,43344099999,TIRUCHIRAPPALLI,10.767,78.717,29.0,1013.2,60.55
2004-01-07T12:00:00,43344099999,TIRUCHIRAPPALLI,10.767,78.717,28.0,1012.7,59.58
2004-01-07T12:40:00,43344099999,TIRUCHIRAPPALLI,10.767,78.717,27.0,,69.74
2004-01-07T15:00:00,43344099999,TIRUCHIRAPPALLI,10.767,78.717,25.0,1014.8,74.26
2004-01-07T16:40:00,43344099999,TIRUCHIRAPPALLI,10.767,78.717,24.0,,78.35
2004-01-07T18:00:00,43344099999,TIRUCHIRAPPALLI,10.767,78.717,23.4,1015.7,86.4
2004-01-07T18:40:00,43344099999,TIRUCHIRAPPALLI,10.767,78.717,23.0,,88.52
2004-01-07T19:40:00,43344099999,TIRUCHIRAPPALLI,10.767,78.717,23.0,,83.22
2004-01-07T20:40:00,43344099999,TIRUCHIRAPPALLI,10.767,78.717,23.0,,83.22
2004-01-07T21:00:00,43344099999,TIRUCHIRAPPALLI,10.767,78.717,22.2,1014.9,84.17
2004-01-07T21:40:00,43344099999,TIRUCHIRAPPALLI,10.767,78.717,22.0,,88.44
2004-01-07T22:40:00,43344099999,TIRUCHIRAPPALLI,10.767,78.717,22.0,,88.44
2004-01-08T00:00:00,43344099999,TIRUCHIRAPPALLI,10.767,78.717,21.4,1014.9,88.94
2004-01-08T00:40:00,43344099999,TIRUCHIRAPPALLI,10.767,78.717,21.0,,94.02
2004-01-08T03:00:00,43344099999,TIRUCHIRAPPALLI,10.767,78.717,24.0,1017.3,72.27
2004-01-08T03:40:00,43344099999,TIRUCHIRAPPALLI,10.767,78.717,25.0,,61.16
2004-01-08T04:40:00,43344099999,TIRUCHIRAPPALLI,10.767,78.717,27.0,,57.87
2004-01-08T05:40:00,43344099999,TIRUCHIRAPPALLI,10.767,78.717,28.0,,58.11
2004-01-08T06:00:00,43344099999,TIRUCHIRAPPALLI,10.767,78.717,27.6,1016.7,56.58
2004-01-08T08:40:00,43344099999,TIRUCHIRAPPALLI,10.767,78.717,29.0,,54.83
2004-01-08T09:00:00,43344099999,TIRUCHIRAPPALLI,10.767,78.717,28.6,1014.0,51.4
2004-01-08T09:40:00,43344099999,TIRUCHIRAPPALLI,10.767,78.717,29.0,,51.5
2004-01-08T12:00:00,43344099999,TIRUCHIRAPPALLI,10.767,78.717,28.0,1013.9,51.9
2004-01-08T14:40:00,43344099999,TIRUCHIRAPPALLI,10.767,78.717,25.0,,78.5
2004-01-08T15:00:00,43344099999,TIRUCHIRAPPALLI,10.767,78.717,24.0,1016.2,75.02
2004-01-08T16:40:00,43344099999,TIRUCHIRAPPALLI,10.767,78.717,23.0,,83.22
2004-01-08T18:00:00,43344099999,TIRUCHIRAPPALLI,10.767,78.717,22.4,1016.5,85.78
2004-01-08T21:00:00,43344099999,TIRUCHIRAPPALLI,10.767,78.717,22.0,1015.7,91.21
2004-01-09T00:00:00,43344099999,TIRUCHIRAPPALLI,10.767,78.717,21.6,1015.4,82.03
2004-01-09T03:00:00,43344099999,TIRUCHIRAPPALLI,10.767,78.717,23.6,1017.8,78.3
2004-01-09T06:00:00,43344099999,TIRUCHIRAPPALLI,10.767,78.717,28.0,1016.8,58.11
2004-01-09T06:40:00,43344099999,TIRUCHIRAPPALLI,10.767,78.717,28.0,,58.11
2004-01-09T08:40:00,43344099999,TIRUCHIRAPPALLI,10.767,78.717,30.0,,48.62
2004-01-09T09:00:00,43344099999,TIRUCHIRAPPALLI,10.767,78.717,30.0,1013.8,44.5
2004-01-09T12:00:00,43344099999,TIRUCHIRAPPALLI,10.767,78.717,28.4,1013.9,45.21
2004-01-09T12:40:00,43344099999,TIRUCHIRAPPALLI,10.767,78.717,28.0,,58.11
2004-01-09T13:40:00,43344099999,TIRUCHIRAPPALLI,10.767,78.717,27.0,,65.56
2004-01-09T15:00:00,43344099999,TIRUCHIRAPPALLI,10.767,78.717,24.6,1015.9,67.99
2004-01-09T15:40:00,43344099999,TIRUCHIRAPPALLI,10.767,78.717,24.0,,69.16
2004-01-09T18:00:00,43344099999,TIRUCHIRAPPALLI,10.767,78.717,22.6,1016.6,77.66
2004-01-09T20:40:00,43344099999,TIRUCHIRAPPALLI,10.767,78.717,22.0,,83.11
2004-01-09T21:00:00,43344099999,TIRUCHIRAPPALLI,10.767,78.717,22.0,1015.4,82.08
2004-01-09T21:40:00,43344099999,TIRUCHIRAPPALLI,10.767,78.717,22.0,,83.11
2004-01-09T22:40:00,43344099999,TIRUCHIRAPPALLI,10.767,78.717,21.0,,88.35
2004-01-09T23:40:00,43344099999,TIRUCHIRAPPALLI,10.767,78.717,21.0,,88.35
2004-01-10T00:00:00,43344099999,TIRUCHIRAPPALLI,10.767,78.717,21.0,1015.5,85.64
2004-01-10T03:00:00,43344099999,TIRUCHIRAPPALLI,10.767,78.717,23.6,1017.5,74.96
2004-01-10T04:40:00,43344099999,TIRUCHIRAPPALLI,10.767,78.717,26.0,,69.55
2004-01-10T05:40:00,43344099999,TIRUCHIRAPPALLI,10.767,78.717,27.0,,65.56
2004-01-10T06:00:00,43344099999,TIRUCHIRAPPALLI,10.767,78.717,26.8,1016.6,59.67
2004-01-10T06:40:00,43344099999,TIRUCHIRAPPALLI,10.767,78.717,28.0,,61.84
2004-01-10T07:40:00,43344099999,TIRUCHIRAPPALLI,10.767,78.717,28.0,,61.84
2004-01-10T08:40:00,43344099999,TIRUCHIRAPPALLI,10.767,78.717,29.0,,58.35
2004-01-10T09:00:00,43344099999,TIRUCHIRAPPALLI,10.767,78.717,30.0,1013.3,52.74
2004-01-10T09:40:00,43344099999,TIRUCHIRAPPALLI,10.767,78.717,30.0,,55.08
2004-01-10T10:40:00,43344099999,TIRUCHIRAPPALLI,10.767,78.717,29.0,,62.06
2004-01-10T11:40:00,43344099999,TIRUCHIRAPPALLI,10.767,78.717,29.0,,62.06
2004-01-10T12:00:00,43344099999,TIRUCHIRAPPALLI,10.767,78.717,28.4,1013.1,52.33
2004-01-10T12:40:00,43344099999,TIRUCHIRAPPALLI,10.767,78.717,28.0,,58.11
2004-01-10T13:40:00,43344099999,TIRUCHIRAPPALLI,10.767,78.717,27.0,,65.56
2004-01-10T15:00:00,43344099999,TIRUCHIRAPPALLI,10.767,78.717,24.4,1015.5,78.41
2004-01-10T15:40:00,43344099999,TIRUCHIRAPPALLI,10.767,78.717,24.0,,83.34
2004-01-10T16:40:00,43344099999,TIRUCHIRAPPALLI,10.767,78.717,24.0,,83.34
2004-01-10T18:00:00,43344099999,TIRUCHIRAPPALLI,10.767,78.717,22.6,1016.5,91.25
2004-01-10T18:40:00,43344099999,TIRUCHIRAPPALLI,10.767,78.717,23.0,,88.52
2004-01-10T20:40:00,43344099999,TIRUCHIRAPPALLI,10.767,78.717,22.0,,94.06
2004-01-10T21:00:00,43344099999,TIRUCHIRAPPALLI,10.767,78.717,21.0,1015.7,88.91
2004-01-10T21:40:00,43344099999,TIRUCHIRAPPALLI,10.767,78.717,21.0,,88.35
2004-01-10T22:40:00,43344099999,TIRUCHIRAPPALLI,10.767,78.717,21.0,,88.35
2004-01-10T23:40:00,43344099999,TIRUCHIRAPPALLI,10.767,78.717,20.0,,88.27
2004-01-11T00:00:00,43344099999,TIRUCHIRAPPALLI,10.767,78.717,20.0,1015.7,88.83
2004-01-11T01:40:00,43344099999,TIRUCHIRAPPALLI,10.767,78.717,21.0,,82.99
2004-01-11T02:40:00,43344099999,TIRUCHIRAPPALLI,10.767,78.717,23.0,,68.97
2004-01-11T03:00:00,43344099999,TIRUCHIRAPPALLI,10.767,78.717,24.0,1017.2,67.44
2004-01-11T05:40:00,43344099999,TIRUCHIRAPPALLI,10.767,78.717,27.0,,54.33
2004-01-11T06:00:00,43344099999,TIRUCHIRAPPALLI,10.767,78.717,27.8,1015.8,41.95
2004-01-11T06:40:00,43344099999,TIRUCHIRAPPALLI,10.767,78.717,29.0,,42.56
2004-01-11T07:40:00,43344099999,TIRUCHIRAPPALLI,10.767,78.717,30.0,,42.83
2004-01-11T09:00:00,43344099999,TIRUCHIRAPPALLI,10.767,78.717,29.8,1012.7,39.86
2004-01-11T09:40:00,43344099999,TIRUCHIRAPPALLI,10.767,78.717,30.0,,45.64
2004-01-11T10:40:00,43344099999,TIRUCHIRAPPALLI,10.767,78.717,30.0,,45.64
2004-01-11T12:00:00,43344099999,TIRUCHIRAPPALLI,10.767,78.717,28.8,1012.3,42.23
2004-01-11T15:00:00,43344099999,TIRUCHIRAPPALLI,10.767,78.717,23.6,1015.4,70.4
2004-01-11T18:00:00,43344099999,TIRUCHIRAPPALLI,10.767,78.717,21.6,1015.9,82.03
2004-01-11T21:00:00,43344099999,TIRUCHIRAPPALLI,10.767,78.717,21.0,1014.8,88.91
2004-01-12T00:00:00,43344099999,TIRUCHIRAPPALLI,10.767,78.717,19.0,1015.2,92.17
2004-01-12T03:00:00,43344099999,TIRUCHIRAPPALLI,10.767,78.717,22.6,1017.3,72.93
2004-01-12T04:40:00,43344099999,TIRUCHIRAPPALLI,10.767,78.717,26.0,,57.63
2004-01-12T05:40:00,43344099999,TIRUCHIRAPPALLI,10.767,78.717,28.0,,51.25
2004-01-12T06:00:00,43344099999,TIRUCHIRAPPALLI,10.767,78.717,27.6,1016.4,47.68
2004-01-12T06:40:00,43344099999,TIRUCHIRAPPALLI,10.767,78.717,28.0,,51.25
2004-01-12T08:40:00,43344099999,TIRUCHIRAPPALLI,10.767,78.717,29.0,,39.9
2004-01-12T09:00:00,43344099999,TIRUCHIRAPPALLI,10.767,78.717,29.6,1012.4,45.25
2004-01-12T10:40:00,43344099999,TIRUCHIRAPPALLI,10.767,78.717,29.0,,54.83
2004-01-12T12:00:00,43344099999,TIRUCHIRAPPALLI,10.767,78.717,30.2,1011.9,41.54
2004-01-12T15:00:00,43344099999,TIRUCHIRAPPALLI,10.767,78.717,25.4,1013.4,72.96
2004-01-12T18:00:00,43344099999,TIRUCHIRAPPALLI,10.767,78.717,22.4,1014.3,90.68
2004-01-12T21:00:00,43344099999,TIRUCHIRAPPALLI,10.767,78.717,21.0,1013.6,90.58
2004-01-13T00:00:00,43344099999,TIRUCHIRAPPALLI,10.767,78.717,20.0,1013.5,93.97
2004-01-13T01:40:00,43344099999,TIRUCHIRAPPALLI,10.767,78.717,21.0,,82.99
2004-01-13T04:40:00,43344099999,TIRUCHIRAPPALLI,10.767,78.717,27.0,,65.56
2004-01-13T05:40:00,43344099999,TIRUCHIRAPPALLI,10.767,78.717,29.0,,58.35
2004-01-13T06:00:00,43344099999,TIRUCHIRAPPALLI,10.767,78.717,28.0,1014.1,53.23
2004-01-13T06:40:00,43344099999,TIRUCHIRAPPALLI,10.767,78.717,29.0,,54.83
2004-01-13T07:40:00,43344099999,TIRUCHIRAPPALLI,10.767,78.717,30.0,,55.08
2004-01-13T08:40:00,43344099999,TIRUCHIRAPPALLI,10.767,78.717,31.0,,52.01
2004-01-13T09:00:00,43344099999,TIRUCHIRAPPALLI,10.767,78.717,30.4,1010.7,39.51
2004-01-13T09:40:00,43344099999,TIRUCHIRAPPALLI,10.767,78.717,31.0,,45.91
2004-01-13T11:40:00,43344099999,TIRUCHIRAPPALLI,10.767,78.717,29.0,,62.06
2004-01-13T12:00:00,43344099999,TIRUCHIRAPPALLI,10.767,78.717,29.4,1010.5,44.06
2004-01-13T12:40:00,43344099999,TIRUCHIRAPPALLI,10.767,78.717,28.0,,54.58
2004-01-13T15:00:00,43344099999,TIRUCHIRAPPALLI,10.767,78.717,25.4,1012.9,75.71
2004-01-13T18:00:00,43344099999,TIRUCHIRAPPALLI,10.767,78.717,22.8,1013.7,92.95
2004-01-13T21:00:00,43344099999,TIRUCHIRAPPALLI,10.767,78.717,21.8,1012.0,96.39
2004-01-14T00:00:00,43344099999,TIRUCHIRAPPALLI,10.767,78.717,20.6,1012.0,94.59
2004-01-14T03:00:00,43344099999,TIRUCHIRAPPALLI,10.767,78.717,23.2,1014.2,79.71
2004-01-14T04:40:00,43344099999,TIRUCHIRAPPALLI,10.767,78.717,26.0,,65.36
2004-01-14T06:00:00,43344099999,TIRUCHIRAPPALLI,10.767,78.717,28.0,1013.6,48.09
2004-01-14T06:40:00,43344099999,TIRUCHIRAPPALLI,10.767,78.717,29.0,,51.5
2004-01-14T07:40:00,43344099999,TIRUCHIRAPPALLI,10.767,78.717,29.0,,51.5
2004-01-14T08:40:00,43344099999,TIRUCHIRAPPALLI,10.767,78.717,30.0,,48.62
2004-01-14T09:00:00,43344099999,TIRUCHIRAPPALLI,10.767,78.717,30.0,1010.3,41.22
2004-01-14T12:00:00,43344099999,TIRUCHIRAPPALLI,10.767,78.717,29.6,1010.1,45.25
2004-01-14T13:40:00,43344099999,TIRUCHIRAPPALLI,10.767,78.717,28.0,,54.58
2004-01-14T14:40:00,43344099999,TIRUCHIRAPPALLI,10.767,78.717,26.0,,65.36
2004-01-14T15:00:00,43344099999,TIRUCHIRAPPALLI,10.767,78.717,24.8,1012.2,69.75
2004-01-14T18:00:00,43344099999,TIRUCHIRAPPALLI,10.767,78.717,22.6,1013.7,92.94
2004-01-14T21:00:00,43344099999,TIRUCHIRAPPALLI,10.767,78.717,20.0,1012.5,93.97
2004-01-15T00:00:00,43344099999,TIRUCHIRAPPALLI,10.767,78.717,19.0,1012.6,96.32
2004-01-15T03:00:00,43344099999,TIRUCHIRAPPALLI,10.767,78.717,23.0,1015.1,82.71
2004-01-15T04:40:00,43344099999,TIRUCHIRAPPALLI,10.767,78.717,26.0,,69.55
2004-01-15T05:40:00,43344099999,TIRUCHIRAPPALLI,10.767,78.717,27.0,,65.56
2004-01-15T06:00:00,43344099999,TIRUCHIRAPPALLI,10.767,78.717,28.2,1014.3,52.28
2004-01-15T09:00:00,43344099999,TIRUCHIRAPPALLI,10.767,78.717,30.0,1010.9,44.5
2004-01-15T12:00:00,43344099999,TIRUCHIRAPPALLI,10.767,78.717,29.6,1010.8,41.91
2004-01-15T15:00:00,43344099999,TIRUCHIRAPPALLI,10.767,78.717,25.6,1013.6,67.34
2004-01-15T18:00:00,43344099999,TIRUCHIRAPPALLI,10.767,78.717,22.6,1014.6,89.58
2004-01-15T21:00:00,43344099999,TIRUCHIRAPPALLI,10.767,78.717,21.0,1013.6,90.58
2004-01-16T00:00:00,43344099999,TIRUCHIRAPPALLI,10.767,78.717,20.6,1013.8,92.26
2004-01-16T03:00:00,43344099999,TIRUCHIRAPPALLI,10.767,78.717,27.4,1016.2,60.18
2004-01-16T06:00:00,43344099999,TIRUCHIRAPPALLI,10.767,78.717,28.4,1015.6,49.75
2004-01-16T07:40:00,43344099999,TIRUCHIRAPPALLI,10.767,78.717,30.0,,51.76
2004-01-16T08:40:00,43344099999,TIRUCHIRAPPALLI,10.767,78.717,31.0,,48.88
2004-01-16T09:00:00,43344099999,TIRUCHIRAPPALLI,10.767,78.717,30.6,1012.1,32.57
2004-01-16T12:00:00,43344099999,TIRUCHIRAPPALLI,10.767,78.717,30.4,1011.5,37.53
2004-01-16T15:00:00,43344099999,TIRUCHIRAPPALLI,10.767,78.717,25.0,1013.9,68.07
2004-01-16T18:00:00,43344099999,TIRUCHIRAPPALLI,10.767,78.717,,1014.4,
2004-01-16T18:40:00,43344099999,TIRUCHIRAPPALLI,10.767,78.717,22.0,,83.11
2004-01-16T20:40:00,43344099999,TIRUCHIRAPPALLI,10.767,78.717,22.0,,83.11
2004-01-16T21:00:00,43344099999,TIRUCHIRAPPALLI,10.767,78.717,22.0,1013.2,82.08
2004-01-16T21:40:00,43344099999,TIRUCHIRAPPALLI,10.767,78.717,22.0,,83.11
2004-01-17T00:00:00,43344099999,TIRUCHIRAPPALLI,10.767,78.717,,1012.9,
2004-01-17T03:00:00,43344099999,TIRUCHIRAPPALLI,10.767,78.717,22.8,1015.3,76.25
2004-01-17T04:40:00,43344099999,TIRUCHIRAPPALLI,10.767,78.717,26.0,,65.36
2004-01-17T05:40:00,43344099999,TIRUCHIRAPPALLI,10.767,78.717,28.0,,58.11
2004-01-17T06:00:00,43344099999,TIRUCHIRAPPALLI,10.767,78.717,27.2,1013.9,51.04
2004-01-17T08:40:00,43344099999,TIRUCHIRAPPALLI,10.767,78.717,30.0,,51.76
2004-01-17T09:00:00,43344099999,TIRUCHIRAPPALLI,10.767,78.717,30.0,1010.5,39.15
2004-01-17T09:40:00,43344099999,TIRUCHIRAPPALLI,10.767,78.717,30.0,,42.83
2004-01-17T10:40:00,43344099999,TIRUCHIRAPPALLI,10.767,78.717,30.0,,42.83
2004-01-17T12:00:00,43344099999,TIRUCHIRAPPALLI,10.767,78.717,30.0,1010.4,41.22
2004-01-17T15:00:00,43344099999,TIRUCHIRAPPALLI,10.767,78.717,25.0,1012.8,68.07
2004-01-17T18:00:00,43344099999,TIRUCHIRAPPALLI,10.767,78.717,22.0,1013.4,85.74
2004-01-17T21:00:00,43344099999,TIRUCHIRAPPALLI,10.767,78.717,20.4,1012.5,90.54
2004-01-18T00:00:00,43344099999,TIRUCHIRAPPALLI,10.767,78.717,19.4,1012.7,90.47
2004-01-18T02:40:00,43344099999,TIRUCHIRAPPALLI,10.767,78.717,23.0,,78.21
2004-01-18T03:00:00,43344099999,TIRUCHIRAPPALLI,10.767,78.717,23.4,1014.8,76.34
2004-01-18T03:40:00,43344099999,TIRUCHIRAPPALLI,10.767,78.717,24.0,,73.63
2004-01-18T04:40:00,43344099999,TIRUCHIRAPPALLI,10.767,78.717,26.0,,65.36
2004-01-18T05:40:00,43344099999,TIRUCHIRAPPALLI,10.767,78.717,27.0,,57.87
2004-01-18T06:00:00,43344099999,TIRUCHIRAPPALLI,10.767,78.717,27.4,1014.4,53.75
2004-01-18T06:40:00,43344099999,TIRUCHIRAPPALLI,10.767,78.717,28.0,,54.58
2004-01-18T09:00:00,43344099999,TIRUCHIRAPPALLI,10.767,78.717,30.2,1010.4,48.36
2004-01-18T12:00:00,43344099999,TIRUCHIRAPPALLI,10.767,78.717,29.2,1009.8,44.85
2004-01-18T15:00:00,43344099999,TIRUCHIRAPPALLI,10.767,78.717,25.2,1012.7,69.83
2004-01-18T18:00:00,43344099999,TIRUCHIRAPPALLI,10.767,78.717,22.8,1013.4,85.82
2004-01-18T21:00:00,43344099999,TIRUCHIRAPPALLI,10.767,78.717,21.4,1011.9,87.29
2004-01-19T00:00:00,43344099999,TIRUCHIRAPPALLI,10.767,78.717,20.2,1012.0,90.53
2004-01-19T01:40:00,43344099999,TIRUCHIRAPPALLI,10.767,78.717,22.0,,78.06
2004-01-19T02:40:00,43344099999,TIRUCHIRAPPALLI,10.767,78.717,23.0,,78.21
2004-01-19T03:00:00,43344099999,TIRUCHIRAPPALLI,10.767,78.717,24.0,1013.5,72.27
2004-01-19T04:40:00,43344099999,TIRUCHIRAPPALLI,10.767,78.717,26.0,,65.36
2004-01-19T05:40:00,43344099999,TIRUCHIRAPPALLI,10.767,78.717,27.0,,57.87
2004-01-19T06:00:00,43344099999,TIRUCHIRAPPALLI,10.767,78.717,27.4,1012.6,50.12
2004-01-19T06:40:00,43344099999,TIRUCHIRAPPALLI,10.767,78.717,28.0,,54.58
2004-01-19T09:00:00,43344099999,TIRUCHIRAPPALLI,10.767,78.717,30.0,1009.9,45.64
2004-01-19T10:40:00,43344099999,TIRUCHIRAPPALLI,10.767,78.717,30.0,,48.62
2004-01-19T11:40:00,43344099999,TIRUCHIRAPPALLI,10.767,78.717,29.0,,54.83
2004-01-19T12:00:00,43344099999,TIRUCHIRAPPALLI,10.767,78.717,29.6,1009.3,40.84
2004-01-19T13:40:00,43344099999,TIRUCHIRAPPALLI,10.767,78.717,28.0,,58.11
2004-01-19T14:40:00,43344099999,TIRUCHIRAPPALLI,10.767,78.717,26.0,,65.36
2004-01-19T15:00:00,43344099999,TIRUCHIRAPPALLI,10.767,78.717,25.4,1011.3,62.82
2004-01-19T15:40:00,43344099999,TIRUCHIRAPPALLI,10.767,78.717,25.0,,69.36
2004-01-19T16:40:00,43344099999,TIRUCHIRAPPALLI,10.767,78.717,24.0,,73.63
2004-01-19T18:00:00,43344099999,TIRUCHIRAPPALLI,10.767,78.717,22.6,1012.8,81.13
2004-01-19T18:40:00,43344099999,TIRUCHIRAPPALLI,10.767,78.717,22.0,,83.11
2004-01-19T19:40:00,43344099999,TIRUCHIRAPPALLI,10.767,78.717,22.0,,83.11
2004-01-19T20:40:00,43344099999,TIRUCHIRAPPALLI,10.767,78.717,22.0,,83.11
2004-01-19T21:00:00,43344099999,TIRUCHIRAPPALLI,10.767,78.717,21.0,1012.1,92.86
2004-01-19T21:40:00,43344099999,TIRUCHIRAPPALLI,10.767,78.717,21.0,,88.35
2004-01-19T22:40:00,43344099999,TIRUCHIRAPPALLI,10.767,78.717,21.0,,88.35
2004-01-19T23:40:00,43344099999,TIRUCHIRAPPALLI,10.767,78.717,21.0,,94.02
2004-01-20T00:00:00,43344099999,TIRUCHIRAPPALLI,10.767,78.717,20.4,1011.8,94.58
2004-01-20T00:40:00,43344099999,TIRUCHIRAPPALLI,10.767,78.717,20.0,,93.97
2004-01-20T01:40:00,43344099999,TIRUCHIRAPPALLI,10.767,78.717,22.0,,83.11
2004-01-20T03:00:00,43344099999,TIRUCHIRAPPALLI,10.767,78.717,22.0,1013.6,80.55
2004-01-20T03:40:00,43344099999,TIRUCHIRAPPALLI,10.767,78.717,24.0,,69.16
2004-01-20T05:40:00,43344099999,TIRUCHIRAPPALLI,10.767,78.717,28.0,,58.11
2004-01-20T06:00:00,43344099999,TIRUCHIRAPPALLI,10.767,78.717,28.0,1013.1,49.33
2004-01-20T06:40:00,43344099999,TIRUCHIRAPPALLI,10.767,78.717,29.0,,51.5
2004-01-20T08:40:00,43344099999,TIRUCHIRAPPALLI,10.767,78.717,30.0,,45.64
2004-01-20T09:00:00,43344099999,TIRUCHIRAPPALLI,10.767,78.717,29.6,1009.5,41.91
2004-01-20T09:40:00,43344099999,TIRUCHIRAPPALLI,10.767,78.717,30.0,,45.64
2004-01-20T10:40:00,43344099999,TIRUCHIRAPPALLI,10.767,78.717,30.0,,45.64
2004-01-20T12:00:00,43344099999,TIRUCHIRAPPALLI,10.767,78.717,29.4,1009.0,40.53
2004-01-20T12:40:00,43344099999,TIRUCHIRAPPALLI,10.767,78.717,28.0,,54.58
2004-01-20T13:40:00,43344099999,TIRUCHIRAPPALLI,10.767,78.717,27.0,,57.87
2004-01-20T14:40:00,43344099999,TIRUCHIRAPPALLI,10.767,78.717,26.0,,65.36
2004-01-20T15:00:00,43344099999,TIRUCHIRAPPALLI,10.767,78.717,25.0,1011.7,68.07
2004-01-20T15:40:00,43344099999,TIRUCHIRAPPALLI,10.767,78.717,25.0,,73.8
2004-01-20T16:40:00,43344099999,TIRUCHIRAPPALLI,10.767,78.717,24.0,,78.35
2004-01-20T18:00:00,43344099999,TIRUCHIRAPPALLI,10.767,78.717,22.4,1012.7,87.38
2004-01-20T18:40:00,43344099999,TIRUCHIRAPPALLI,10.767,78.717,22.0,,94.06
2004-01-20T19:40:00,43344099999,TIRUCHIRAPPALLI,10.767,78.717,22.0,,94.06
2004-01-20T21:00:00,43344099999,TIRUCHIRAPPALLI,10.767,78.717,21.0,1011.3,90.58
2004-01-20T21:40:00,43344099999,TIRUCHIRAPPALLI,10.767,78.717,21.0,,88.35
2004-01-20T22:40:00,43344099999,TIRUCHIRAPPALLI,10.767,78.717,21.0,,88.35
2004-01-20T23:40:00,43344099999,TIRUCHIRAPPALLI,10.767,78.717,20.0,,93.97
2004-01-21T00:00:00,43344099999,TIRUCHIRAPPALLI,10.767,78.717,20.0,1010.9,96.35
2004-01-21T02:40:00,43344099999,TIRUCHIRAPPALLI,10.767,78.717,23.0,,78.21
2004-01-21T03:00:00,43344099999,TIRUCHIRAPPALLI,10.767,78.717,22.8,1013.2,84.24
2004-01-21T04:40:00,43344099999,TIRUCHIRAPPALLI,10.767,78.717,27.0,,65.56
2004-01-21T05:40:00,43344099999,TIRUCHIRAPPALLI,10.767,78.717,28.0,,58.11
2004-01-21T06:00:00,43344099999,TIRUCHIRAPPALLI,10.767,78.717,29.0,1012.0,51.83
2004-01-21T09:00:00,43344099999,TIRUCHIRAPPALLI,10.767,78.717,30.4,1008.5,75.59
2004-01-21T09:40:00,43344099999,TIRUCHIRAPPALLI,10.767,78.717,31.0,,45.91
2004-01-21T10:40:00,43344099999,TIRUCHIRAPPALLI,10.767,78.717,31.0,,45.91
2004-01-21T11:40:00,43344099999,TIRUCHIRAPPALLI,10.767,78.717,29.0,,51.5
2004-01-21T12:00:00,43344099999,TIRUCHIRAPPALLI,10.767,78.717,30.0,1007.0,41.22
2004-01-21T12:40:00,43344099999,TIRUCHIRAPPALLI,10.767,78.717,29.0,,51.5
2004-01-21T13:40:00,43344099999,TIRUCHIRAPPALLI,10.767,78.717,27.0,,57.87
2004-01-21T14:40:00,43344099999,TIRUCHIRAPPALLI,10.767,78.717,26.0,,69.55
2004-01-21T15:00:00,43344099999,TIRUCHIRAPPALLI,10.767,78.717,25.2,1010.4,68.53
2004-01-21T15:40:00,43344099999,TIRUCHIRAPPALLI,10.767,78.717,25.0,,69.36
2004-01-21T16:40:00,43344099999,TIRUCHIRAPPALLI,10.767,78.717,24.0,,78.35
2004-01-21T18:00:00,43344099999,TIRUCHIRAPPALLI,10.767,78.717,22.8,1011.5,82.69
2004-01-21T18:40:00,43344099999,TIRUCHIRAPPALLI,10.767,78.717,22.0,,88.44
2004-01-21T19:40:00,43344099999,TIRUCHIRAPPALLI,10.767,78.717,22.0,,94.06
2004-01-21T20:40:00,43344099999,TIRUCHIRAPPALLI,10.767,78.717,22.0,,88.44
2004-01-21T21:00:00,43344099999,TIRUCHIRAPPALLI,10.767,78.717,21.0,1010.8,90.58
2004-01-21T21:40:00,43344099999,TIRUCHIRAPPALLI,10.767,78.717,21.0,,94.02
2004-01-21T22:40:00,43344099999,TIRUCHIRAPPALLI,10.767,78.717,21.0,,88.35
2004-01-21T23:40:00,43344099999,TIRUCHIRAPPALLI,10.767,78.717,20.0,,93.97
2004-01-22T00:00:00,43344099999,TIRUCHIRAPPALLI,10.767,78.717,20.6,1010.6,91.12
2004-01-22T00:40:00,43344099999,TIRUCHIRAPPALLI,10.767,78.717,20.0,,93.97
2004-01-22T01:40:00,43344099999,TIRUCHIRAPPALLI,10.767,78.717,22.0,,83.11
2004-01-22T03:00:00,43344099999,TIRUCHIRAPPALLI,10.767,78.717,23.6,1013.1,79.77
2004-01-22T03:40:00,43344099999,TIRUCHIRAPPALLI,10.767,78.717,25.0,,69.36
2004-01-22T04:40:00,43344099999,TIRUCHIRAPPALLI,10.767,78.717,28.0,,65.77
2004-01-22T06:00:00,43344099999,TIRUCHIRAPPALLI,10.767,78.717,29.2,1012.6,51.88
2004-01-22T08:40:00,43344099999,TIRUCHIRAPPALLI,10.767,78.717,31.0,,48.88
2004-01-22T09:00:00,43344099999,TIRUCHIRAPPALLI,10.767,78.717,31.0,1008.5,44.77
2004-01-22T09:40:00,43344099999,TIRUCHIRAPPALLI,10.767,78.717,31.0,,48.88
2004-01-22T12:00:00,43344099999,TIRUCHIRAPPALLI,10.767,78.717,30.8,1008.4,42.24
2004-01-22T21:00:00,43344099999,TIRUCHIRAPPALLI,10.767,78.717,22.6,1010.9,94.67
2004-01-23T00:00:00,43344099999,TIRUCHIRAPPALLI,10.767,78.717,23.0,1010.6,91.27
2004-01-23T03:00:00,43344099999,TIRUCHIRAPPALLI,10.767,78.717,24.4,1012.3,84.93
2004-01-23T04:40:00,43344099999,TIRUCHIRAPPALLI,10.767,78.717,26.0,,73.97
2004-01-23T06:00:00,43344099999,TIRUCHIRAPPALLI,10.767,78.717,28.4,1011.9,61.17
2004-01-23T06:40:00,43344099999,TIRUCHIRAPPALLI,10.767,78.717,29.0,,62.06
2004-01-23T07:40:00,43344099999,TIRUCHIRAPPALLI,10.767,78.717,30.0,,58.58
2004-01-23T08:40:00,43344099999,TIRUCHIRAPPALLI,10.767,78.717,30.0,,55.08
2004-01-23T09:00:00,43344099999,TIRUCHIRAPPALLI,10.767,78.717,30.6,1009.0,52.23
2004-01-23T09:40:00,43344099999,TIRUCHIRAPPALLI,10.767,78.717,31.0,,55.32
2004-01-23T10:40:00,43344099999,TIRUCHIRAPPALLI,10.767,78.717,30.0,,58.58
2004-01-23T12:00:00,43344099999,TIRUCHIRAPPALLI,10.767,78.717,30.6,1008.8,50.95
2004-01-23T13:40:00,43344099999,TIRUCHIRAPPALLI,10.767,78.717,28.0,,65.77
2004-01-23T14:40:00,43344099999,TIRUCHIRAPPALLI,10.767,78.717,26.0,,73.97
2004-01-23T15:00:00,43344099999,TIRUCHIRAPPALLI,10.767,78.717,26.4,1011.0,74.95
2004-01-23T16:40:00,43344099999,TIRUCHIRAPPALLI,10.767,78.717,24.0,,83.34
2004-01-23T18:00:00,43344099999,TIRUCHIRAPPALLI,10.767,78.717,24.8,1011.6,88.13
2004-01-23T18:40:00,43344099999,TIRUCHIRAPPALLI,10.767,78.717,25.0,,83.45
2004-01-23T20:40:00,43344099999,TIRUCHIRAPPALLI,10.767,78.717,24.0,,94.15
2004-01-23T21:00:00,43344099999,TIRUCHIRAPPALLI,10.767,78.717,24.4,1010.5,89.71
2004-01-23T21:40:00,43344099999,TIRUCHIRAPPALLI,10.767,78.717,24.0,,94.15
2004-01-23T22:40:00,43344099999,TIRUCHIRAPPALLI,10.767,78.717,24.0,,94.15
2004-01-23T23:40:00,43344099999,TIRUCHIRAPPALLI,10.767,78.717,24.0,,94.15
2004-01-24T00:00:00,43344099999,TIRUCHIRAPPALLI,10.767,78.717,24.4,1010.5,93.04
2004-01-24T00:40:00,43344099999,TIRUCHIRAPPALLI,10.767,78.717,24.0,,94.15
2004-01-24T03:00:00,43344099999,TIRUCHIRAPPALLI,10.767,78.717,25.6,1012.2,83.52
2004-01-24T03:40:00,43344099999,TIRUCHIRAPPALLI,10.767,78.717,27.0,,78.78
2004-01-24T04:40:00,43344099999,TIRUCHIRAPPALLI,10.767,78.717,28.0,,65.77
2004-01-24T06:00:00,43344099999,TIRUCHIRAPPALLI,10.767,78.717,29.2,1011.9,63.26
2004-01-24T06:40:00,43344099999,TIRUCHIRAPPALLI,10.767,78.717,30.0,,58.58
2004-01-24T07:40:00,43344099999,TIRUCHIRAPPALLI,10.767,78.717,30.0,,58.58
2004-01-24T08:40:00,43344099999,TIRUCHIRAPPALLI,10.767,78.717,31.0,,52.01
2004-01-24T09:00:00,43344099999,TIRUCHIRAPPALLI,10.767,78.717,32.2,1008.0,47.99
2004-01-24T09:40:00,43344099999,TIRUCHIRAPPALLI,10.767,78.717,32.0,,52.27
2004-01-24T10:40:00,43344099999,TIRUCHIRAPPALLI,10.767,78.717,33.0,,49.4
2004-01-24T11:40:00,43344099999,TIRUCHIRAPPALLI,10.767,78.717,32.0,,52.27
2004-01-24T12:00:00,43344099999,TIRUCHIRAPPALLI,10.767,78.717,31.6,1007.4,47.53
2004-01-24T12:40:00,43344099999,TIRUCHIRAPPALLI,10.767,78.717,31.0,,55.32
2004-01-24T13:40:00,43344099999,TIRUCHIRAPPALLI,10.767,78.717,30.0,,62.28
2004-01-24T14:40:00,43344099999,TIRUCHIRAPPALLI,10.767,78.717,29.0,,70.11
2004-01-24T15:00:00,43344099999,TIRUCHIRAPPALLI,10.767,78.717,27.0,1010.2,72.35
2004-01-24T15:40:00,43344099999,TIRUCHIRAPPALLI,10.767,78.717,27.0,,78.78
2004-01-24T16:40:00,43344099999,TIRUCHIRAPPALLI,10.767,78.717,26.0,,83.57
2004-01-24T18:00:00,43344099999,TIRUCHIRAPPALLI,10.767,78.717,25.0,1011.4,93.07
2004-01-24T20:40:00,43344099999,TIRUCHIRAPPALLI,10.767,78.717,24.0,,88.6
2004-01-24T22:40:00,43344099999,TIRUCHIRAPPALLI,10.767,78.717,23.0,,
2004-01-25T00:00:00,43344099999,TIRUCHIRAPPALLI,10.767,78.717,23.0,1010.7,94.68
2004-01-25T01:40:00,43344099999,TIRUCHIRAPPALLI,10.767,78.717,24.0,,88.6
2004-01-25T02:40:00,43344099999,TIRUCHIRAPPALLI,10.767,78.717,25.0,,83.45
2004-01-25T03:00:00,43344099999,TIRUCHIRAPPALLI,10.767,78.717,25.6,1012.6,83.52
2004-01-25T03:40:00,43344099999,TIRUCHIRAPPALLI,10.767,78.717,27.0,,78.78
2004-01-25T06:00:00,43344099999,TIRUCHIRAPPALLI,10.767,78.717,29.2,1012.3,60.6
2004-01-25T06:40:00,43344099999,TIRUCHIRAPPALLI,10.767,78.717,30.0,,62.28
2004-01-25T07:40:00,43344099999,TIRUCHIRAPPALLI,10.767,78.717,31.0,,55.32
2004-01-25T08:40:00,43344099999,TIRUCHIRAPPALLI,10.767,78.717,31.0,,52.01
2004-01-25T09:00:00,43344099999,TIRUCHIRAPPALLI,10.767,78.717,31.6,1008.9,48.43
2004-01-25T09:40:00,43344099999,TIRUCHIRAPPALLI,10.767,78.717,32.0,,49.14
2004-01-25T10:40:00,43344099999,TIRUCHIRAPPALLI,10.767,78.717,32.0,,49.14
2004-01-25T11:40:00,43344099999,TIRUCHIRAPPALLI,10.767,78.717,31.0,,52.01
2004-01-25T12:00:00,43344099999,TIRUCHIRAPPALLI,10.767,78.717,31.4,1008.4,48.38
2004-01-25T12:40:00,43344099999,TIRUCHIRAPPALLI,10.767,78.717,29.0,,58.35
2004-01-25T13:40:00,43344099999,TIRUCHIRAPPALLI,10.767,78.717,28.0,,65.77
2004-01-25T14:40:00,43344099999,TIRUCHIRAPPALLI,10.767,78.717,28.0,,69.92
2004-01-25T15:00:00,43344099999,TIRUCHIRAPPALLI,10.767,78.717,27.8,1011.7,68.62
2004-01-25T15:40:00,43344099999,TIRUCHIRAPPALLI,10.767,78.717,27.0,,74.14
2004-01-25T16:40:00,43344099999,TIRUCHIRAPPALLI,10.767,78.717,26.0,,78.64
2004-01-25T18:00:00,43344099999,TIRUCHIRAPPALLI,10.767,78.717,25.0,1012.2,88.14
2004-01-25T18:40:00,43344099999,TIRUCHIRAPPALLI,10.767,78.717,25.0,,94.19
2004-01-25T19:40:00,43344099999,TIRUCHIRAPPALLI,10.767,78.717,24.0,,
2004-01-25T20:40:00,43344099999,TIRUCHIRAPPALLI,10.767,78.717,24.0,,88.6
2004-01-25T21:00:00,43344099999,TIRUCHIRAPPALLI,10.767,78.717,23.4,1011.4,92.98
2004-01-25T21:40:00,43344099999,TIRUCHIRAPPALLI,10.767,78.717,23.0,,94.11
2004-01-25T22:40:00,43344099999,TIRUCHIRAPPALLI,10.767,78.717,23.0,,94.11
2004-01-26T00:00:00,43344099999,TIRUCHIRAPPALLI,10.767,78.717,23.8,1011.5,93.0
2004-01-26T03:00:00,43344099999,TIRUCHIRAPPALLI,10.767,78.717,25.6,1012.4,87.14
2004-01-26T03:40:00,43344099999,TIRUCHIRAPPALLI,10.767,78.717,26.0,,78.64
2004-01-26T04:40:00,43344099999,TIRUCHIRAPPALLI,10.767,78.717,28.0,,69.92
2004-01-26T05:40:00,43344099999,TIRUCHIRAPPALLI,10.767,78.717,29.0,,65.98
2004-01-26T06:00:00,43344099999,TIRUCHIRAPPALLI,10.767,78.717,31.0,1011.6,53.65
2004-01-26T06:40:00,43344099999,TIRUCHIRAPPALLI,10.767,78.717,31.0,,52.01
2004-01-26T07:40:00,43344099999,TIRUCHIRAPPALLI,10.767,78.717,32.0,,52.27
2004-01-26T08:40:00,43344099999,TIRUCHIRAPPALLI,10.767,78.717,32.0,,52.27
2004-01-26T09:00:00,43344099999,TIRUCHIRAPPALLI,10.767,78.717,33.2,1008.2,45.92
2004-01-26T09:40:00,43344099999,TIRUCHIRAPPALLI,10.767,78.717,33.0,,49.4
2004-01-26T10:40:00,43344099999,TIRUCHIRAPPALLI,10.767,78.717,33.0,,
2004-01-26T11:40:00,43344099999,TIRUCHIRAPPALLI,10.767,78.717,33.0,,46.44
2004-01-26T12:00:00,43344099999,TIRUCHIRAPPALLI,10.767,78.717,33.0,1007.7,41.51
2004-01-26T12:40:00,43344099999,TIRUCHIRAPPALLI,10.767,78.717,32.0,,52.27
2004-01-26T13:40:00,43344099999,TIRUCHIRAPPALLI,10.767,78.717,30.0,,58.58
2004-01-26T14:40:00,43344099999,TIRUCHIRAPPALLI,10.767,78.717,28.0,,74.3
2004-01-26T15:00:00,43344099999,TIRUCHIRAPPALLI,10.767,78.717,28.4,1010.6,71.72
2004-01-26T15:40:00,43344099999,TIRUCHIRAPPALLI,10.767,78.717,28.0,,74.3
2004-01-26T18:00:00,43344099999,TIRUCHIRAPPALLI,10.767,78.717,26.4,1011.6,88.79
2004-01-26T18:40:00,43344099999,TIRUCHIRAPPALLI,10.767,78.717,26.0,,83.57
2004-01-26T19:40:00,43344099999,TIRUCHIRAPPALLI,10.767,78.717,26.0,,83.57
2004-01-26T21:00:00,43344099999,TIRUCHIRAPPALLI,10.767,78.717,25.6,1010.6,94.78
2004-01-26T21:40:00,43344099999,TIRUCHIRAPPALLI,10.767,78.717,26.0,,94.23
2004-01-27T00:00:00,43344099999,TIRUCHIRAPPALLI,10.767,78.717,25.0,1010.2,96.48
2004-01-27T00:40:00,43344099999,TIRUCHIRAPPALLI,10.767,78.717,25.0,,94.19
2004-01-27T01:40:00,43344099999,TIRUCHIRAPPALLI,10.767,78.717,26.0,,83.57
2004-01-27T02:40:00,43344099999,TIRUCHIRAPPALLI,10.767,78.717,26.0,,83.57
2004-01-27T03:00:00,43344099999,TIRUCHIRAPPALLI,10.767,78.717,26.0,1011.9,87.17
2004-01-27T03:40:00,43344099999,TIRUCHIRAPPALLI,10.767,78.717,27.0,,78.78
2004-01-27T04:40:00,43344099999,TIRUCHIRAPPALLI,10.767,78.717,28.0,,69.92
2004-01-27T05:40:00,43344099999,TIRUCHIRAPPALLI,10.767,78.717,29.0,,70.11
2004-01-27T06:00:00,43344099999,TIRUCHIRAPPALLI,10.767,78.717,29.4,1011.2,63.3
2004-01-27T06:40:00,43344099999,TIRUCHIRAPPALLI,10.767,78.717,29.0,,70.11
2004-01-27T07:40:00,43344099999,TIRUCHIRAPPALLI,10.767,78.717,31.0,,62.5
2004-01-27T09:00:00,43344099999,TIRUCHIRAPPALLI,10.767,78.717,32.4,1007.7,51.41
2004-01-27T09:40:00,43344099999,TIRUCHIRAPPALLI,10.767,78.717,33.0,,52.52
2004-01-27T12:00:00,43344099999,TIRUCHIRAPPALLI,10.767,78.717,32.0,1007.4,43.65
2004-01-27T12:40:00,43344099999,TIRUCHIRAPPALLI,10.767,78.717,31.0,,52.01
2004-01-27T13:40:00,43344099999,TIRUCHIRAPPALLI,10.767,78.717,29.0,,100.0
2004-01-27T14:40:00,43344099999,TIRUCHIRAPPALLI,10.767,78.717,27.0,,74.14
2004-01-27T15:00:00,43344099999,TIRUCHIRAPPALLI,10.767,78.717,27.4,1010.4,72.86
2004-01-27T15:40:00,43344099999,TIRUCHIRAPPALLI,10.767,78.717,27.0,,74.14
2004-01-27T18:40:00,43344099999,TIRUCHIRAPPALLI,10.767,78.717,25.0,,88.68
2004-01-27T19:40:00,43344099999,TIRUCHIRAPPALLI,10.767,78.717,25.0,,88.68
2004-01-27T20:40:00,43344099999,TIRUCHIRAPPALLI,10.767,78.717,24.0,,94.15
2004-01-27T21:00:00,43344099999,TIRUCHIRAPPALLI,10.767,78.717,24.6,1010.0,88.11
2004-01-27T21:40:00,43344099999,TIRUCHIRAPPALLI,10.767,78.717,24.0,,94.15
2004-01-27T22:40:00,43344099999,TIRUCHIRAPPALLI,10.767,78.717,24.0,,94.15
2004-01-27T23:40:00,43344099999,TIRUCHIRAPPALLI,10.767,78.717,24.0,,94.15
2004-01-28T00:00:00,43344099999,TIRUCHIRAPPALLI,10.767,78.717,23.6,1010.0,89.66
2004-01-28T01:40:00,43344099999,TIRUCHIRAPPALLI,10.767,78.717,25.0,,83.45
2004-01-28T03:00:00,43344099999,TIRUCHIRAPPALLI,10.767,78.717,25.6,1012.5,85.05
2004-01-28T04:40:00,43344099999,TIRUCHIRAPPALLI,10.767,78.717,28.0,,74.3
2004-01-28T05:40:00,43344099999,TIRUCHIRAPPALLI,10.767,78.717,29.0,,65.98
2004-01-28T06:00:00,43344099999,TIRUCHIRAPPALLI,10.767,78.717,29.4,1012.0,64.47
2004-01-28T06:40:00,43344099999,TIRUCHIRAPPALLI,10.767,78.717,30.0,,62.28
2004-01-28T07:40:00,43344099999,TIRUCHIRAPPALLI,10.767,78.717,31.0,,58.81
2004-01-28T08:40:00,43344099999,TIRUCHIRAPPALLI,10.767,78.717,31.0,,58.81
2004-01-28T09:00:00,43344099999,TIRUCHIRAPPALLI,10.767,78.717,32.4,1007.5,50.47
2004-01-28T12:00:00,43344099999,TIRUCHIRAPPALLI,10.767,78.717,30.2,1007.3,52.79
2004-01-28T15:00:00,43344099999,TIRUCHIRAPPALLI,10.767,78.717,27.0,1009.8,76.89
2004-01-28T18:00:00,43344099999,TIRUCHIRAPPALLI,10.767,78.717,24.3,1011.0,85.44
2004-01-28T21:00:00,43344099999,TIRUCHIRAPPALLI,10.767,78.717,23.4,1009.9,91.3
2004-01-29T00:00:00,43344099999,TIRUCHIRAPPALLI,10.767,78.717,23.0,1010.1,92.96
2004-01-29T03:00:00,43344099999,TIRUCHIRAPPALLI,10.767,78.717,25.4,1012.7,83.5
2004-01-29T04:40:00,43344099999,TIRUCHIRAPPALLI,10.767,78.717,27.0,,74.14
2004-01-29T05:40:00,43344099999,TIRUCHIRAPPALLI,10.767,78.717,29.0,,62.06
2004-01-29T06:00:00,43344099999,TIRUCHIRAPPALLI,10.767,78.717,29.8,1012.5,52.36
2004-01-29T06:40:00,43344099999,TIRUCHIRAPPALLI,10.767,78.717,30.0,,58.58
2004-01-29T08:40:00,43344099999,TIRUCHIRAPPALLI,10.767,78.717,32.0,,49.14
2004-01-29T09:00:00,43344099999,TIRUCHIRAPPALLI,10.767,78.717,31.6,1008.8,45.21
2004-01-29T10:40:00,43344099999,TIRUCHIRAPPALLI,10.767,78.717,32.0,,46.18
2004-01-29T11:40:00,43344099999,TIRUCHIRAPPALLI,10.767,78.717,31.0,,52.01
2004-01-29T12:00:00,43344099999,TIRUCHIRAPPALLI,10.767,78.717,31.0,1008.1,45.62
2004-01-29T12:40:00,43344099999,TIRUCHIRAPPALLI,10.767,78.717,30.0,,55.08
2004-01-29T13:40:00,43344099999,TIRUCHIRAPPALLI,10.767,78.717,28.0,,61.84
2004-01-29T14:40:00,43344099999,TIRUCHIRAPPALLI,10.767,78.717,27.0,,65.56
2004-01-29T15:00:00,43344099999,TIRUCHIRAPPALLI,10.767,78.717,26.8,1010.3,70.99
2004-01-29T15:40:00,43344099999,TIRUCHIRAPPALLI,10.767,78.717,26.0,,73.97
2004-01-29T16:40:00,43344099999,TIRUCHIRAPPALLI,10.767,78.717,26.0,,78.64
2004-01-29T18:00:00,43344099999,TIRUCHIRAPPALLI,10.767,78.717,24.0,1011.5,91.34
2004-01-29T20:40:00,43344099999,TIRUCHIRAPPALLI,10.767,78.717,23.0,,94.11
2004-01-29T21:00:00,43344099999,TIRUCHIRAPPALLI,10.767,78.717,23.4,1011.2,86.4
2004-01-29T21:40:00,43344099999,TIRUCHIRAPPALLI,10.767,78.717,23.0,,
2004-01-29T22:40:00,43344099999,TIRUCHIRAPPALLI,10.767,78.717,23.0,,94.11
2004-01-30T00:00:00,43344099999,TIRUCHIRAPPALLI,10.767,78.717,23.0,1011.1,94.68
2004-01-30T00:40:00,43344099999,TIRUCHIRAPPALLI,10.767,78.717,23.0,,94.11
2004-01-30T03:00:00,43344099999,TIRUCHIRAPPALLI,10.767,78.717,25.4,1013.3,85.03
2004-01-30T03:40:00,43344099999,TIRUCHIRAPPALLI,10.767,78.717,26.0,,78.64
2004-01-30T04:40:00,43344099999,TIRUCHIRAPPALLI,10.767,78.717,28.0,,69.92
2004-01-30T05:40:00,43344099999,TIRUCHIRAPPALLI,10.767,78.717,29.0,,62.06
2004-01-30T06:00:00,43344099999,TIRUCHIRAPPALLI,10.767,78.717,30.4,1012.9,50.9
2004-01-30T06:40:00,43344099999,TIRUCHIRAPPALLI,10.767,78.717,31.0,,52.01
2004-01-30T07:40:00,43344099999,TIRUCHIRAPPALLI,10.767,78.717,32.0,,46.18
2004-01-30T08:40:00,43344099999,TIRUCHIRAPPALLI,10.767,78.717,33.0,,43.65
2004-01-30T09:00:00,43344099999,TIRUCHIRAPPALLI,10.767,78.717,32.6,1009.4,46.34
2004-01-30T09:40:00,43344099999,TIRUCHIRAPPALLI,10.767,78.717,33.0,,49.4
2004-01-30T10:40:00,43344099999,TIRUCHIRAPPALLI,10.767,78.717,32.0,,52.27
2004-01-30T11:40:00,43344099999,TIRUCHIRAPPALLI,10.767,78.717,31.0,,55.32
2004-01-30T12:00:00,43344099999,TIRUCHIRAPPALLI,10.767,78.717,32.0,1008.6,41.5
2004-01-30T12:40:00,43344099999,TIRUCHIRAPPALLI,10.767,78.717,30.0,,51.76
2004-01-30T13:40:00,43344099999,TIRUCHIRAPPALLI,10.767,78.717,29.0,,58.35
2004-01-30T14:40:00,43344099999,TIRUCHIRAPPALLI,10.767,78.717,28.0,,65.77
2004-01-30T15:00:00,43344099999,TIRUCHIRAPPALLI,10.767,78.717,27.2,1010.5,72.38
2004-01-30T15:40:00,43344099999,TIRUCHIRAPPALLI,10.767,78.717,27.0,,78.78
2004-01-30T16:40:00,43344099999,TIRUCHIRAPPALLI,10.767,78.717,26.0,,78.64
2004-01-30T18:00:00,43344099999,TIRUCHIRAPPALLI,10.767,78.717,24.8,1011.9,89.74
2004-01-30T18:40:00,43344099999,TIRUCHIRAPPALLI,10.767,78.717,25.0,,88.68
2004-01-30T20:40:00,43344099999,TIRUCHIRAPPALLI,10.767,78.717,24.0,,88.6
2004-01-30T21:00:00,43344099999,TIRUCHIRAPPALLI,10.767,78.717,24.0,1011.4,91.34
2004-01-30T21:40:00,43344099999,TIRUCHIRAPPALLI,10.767,78.717,24.0,,94.15
2004-01-30T22:40:00,43344099999,TIRUCHIRAPPALLI,10.767,78.717,23.0,,94.11
2004-01-30T23:40:00,43344099999,TIRUCHIRAPPALLI,10.767,78.717,23.0,,94.11
2004-01-31T00:00:00,43344099999,TIRUCHIRAPPALLI,10.767,78.717,23.0,1011.5,94.68
2004-01-31T01:40:00,43344099999,TIRUCHIRAPPALLI,10.767,78.717,24.0,,
2004-01-31T03:00:00,43344099999,TIRUCHIRAPPALLI,10.767,78.717,25.4,1012.9,85.03
2004-01-31T04:40:00,43344099999,TIRUCHIRAPPALLI,10.767,78.717,28.0,,69.92
2004-01-31T05:40:00,43344099999,TIRUCHIRAPPALLI,10.767,78.717,29.0,,62.06
2004-01-31T06:00:00,43344099999,TIRUCHIRAPPALLI,10.767,78.717,30.4,1012.6,50.9
2004-01-31T06:40:00,43344099999,TIRUCHIRAPPALLI,10.767,78.717,31.0,,55.32
2004-01-31T07:40:00,43344099999,TIRUCHIRAPPALLI,10.767,78.717,32.0,,52.27
2004-01-31T08:40:00,43344099999,TIRUCHIRAPPALLI,10.767,78.717,32.0,,
2004-01-31T09:00:00,43344099999,TIRUCHIRAPPALLI,10.767,78.717,32.0,1009.6,43.65
2004-01-31T09:40:00,43344099999,TIRUCHIRAPPALLI,10.767,78.717,32.0,,49.14
2004-01-31T11:40:00,43344099999,TIRUCHIRAPPALLI,10.767,78.717,32.0,,46.18
2004-01-31T12:00:00,43344099999,TIRUCHIRAPPALLI,10.767,78.717,32.2,1008.2,39.76
2004-01-31T15:00:00,43344099999,TIRUCHIRAPPALLI,10.767,78.717,27.4,1010.5,60.18
2004-01-31T15:40:00,43344099999,TIRUCHIRAPPALLI,10.767,78.717,27.0,,69.74
2004-01-31T16:40:00,43344099999,TIRUCHIRAPPALLI,10.767,78.717,26.0,,73.97
2004-01-31T18:00:00,43344099999,TIRUCHIRAPPALLI,10.767,78.717,25.2,1011.9,79.01
2004-01-31T18:40:00,43344099999,TIRUCHIRAPPALLI,10.767,78.717,25.0,,78.5
2004-01-31T19:40:00,43344099999,TIRUCHIRAPPALLI,10.767,78.717,25.0,,78.5
2004-01-31T20:40:00,43344099999,TIRUCHIRAPPALLI,10.767,78.717,24.0,,83.34
2004-01-31T21:00:00,43344099999,TIRUCHIRAPPALLI,10.767,78.717,23.6,1010.8,89.66
2004-01-31T21:40:00,43344099999,TIRUCHIRAPPALLI,10.767,78.717,24.0,,83.34
2004-01-31T22:40:00,43344099999,TIRUCHIRAPPALLI,10.767,78.717,23.0,,94.11
2004-01-31T23:40:00,43344099999,TIRUCHIRAPPALLI,10.767,78.717,23.0,,94.11
2004-02-01T00:00:00,43344099999,TIRUCHIRAPPALLI,10.767,78.717,23.2,1010.3,91.29
2004-02-01T01:40:00,43344099999,TIRUCHIRAPPALLI,10.767,78.717,24.0,,94.15
2004-02-01T02:40:00,43344099999,TIRUCHIRAPPALLI,10.767,78.717,25.0,,83.45
2004-02-01T03:00:00,43344099999,TIRUCHIRAPPALLI,10.767,78.717,24.2,1012.3,89.7
2004-02-01T04:40:00,43344099999,TIRUCHIRAPPALLI,10.767,78.717,26.0,,83.57
2004-02-01T05:40:00,43344099999,TIRUCHIRAPPALLI,10.767,78.717,27.0,,74.14
2004-02-01T06:00:00,43344099999,TIRUCHIRAPPALLI,10.767,78.717,28.0,1011.9,63.39
2004-02-01T06:40:00,43344099999,TIRUCHIRAPPALLI,10.767,78.717,28.0,,61.84
2004-02-01T09:00:00,43344099999,TIRUCHIRAPPALLI,10.767,78.717,29.6,1008.2,54.64
2004-02-01T12:00:00,43344099999,TIRUCHIRAPPALLI,10.767,78.717,29.0,1007.6,45.66
2004-02-01T15:00:00,43344099999,TIRUCHIRAPPALLI,10.767,78.717,26.2,1009.5,74.92
2004-02-01T18:00:00,43344099999,TIRUCHIRAPPALLI,10.767,78.717,23.6,1010.3,88.03
2004-02-01T18:40:00,43344099999,TIRUCHIRAPPALLI,10.767,78.717,24.0,,88.6
2004-02-01T20:40:00,43344099999,TIRUCHIRAPPALLI,10.767,78.717,23.0,,94.11
2004-02-01T21:00:00,43344099999,TIRUCHIRAPPALLI,10.767,78.717,21.6,1008.8,96.39
2004-02-01T21:40:00,43344099999,TIRUCHIRAPPALLI,10.767,78.717,22.0,,94.06
2004-02-01T22:40:00,43344099999,TIRUCHIRAPPALLI,10.767,78.717,21.0,,94.02
2004-02-01T23:40:00,43344099999,TIRUCHIRAPPALLI,10.767,78.717,21.0,,94.02
2004-02-02T00:00:00,43344099999,TIRUCHIRAPPALLI,10.767,78.717,21.0,1009.0,96.37
2004-02-02T01:40:00,43344099999,TIRUCHIRAPPALLI,10.767,78.717,22.0,,88.44
2004-02-02T02:40:00,43344099999,TIRUCHIRAPPALLI,10.767,78.717,23.0,,83.22
2004-02-02T03:00:00,43344099999,TIRUCHIRAPPALLI,10.767,78.717,24.6,1012.4,81.89
2004-02-02T04:40:00,43344099999,TIRUCHIRAPPALLI,10.767,78.717,6.0,,
2004-02-02T05:40:00,43344099999,TIRUCHIRAPPALLI,10.767,78.717,2.0,,
2004-02-02T06:00:00,43344099999,TIRUCHIRAPPALLI,10.767,78.717,28.6,1011.9,63.91
2004-02-02T06:40:00,43344099999,TIRUCHIRAPPALLI,10.767,78.717,29.0,,62.06
2004-02-02T07:40:00,43344099999,TIRUCHIRAPPALLI,10.767,78.717,31.0,,55.32
2004-02-02T08:40:00,43344099999,TIRUCHIRAPPALLI,10.767,78.717,32.0,,49.14
2004-02-02T09:00:00,43344099999,TIRUCHIRAPPALLI,10.767,78.717,31.8,1008.6,44.42
2004-02-02T09:40:00,43344099999,TIRUCHIRAPPALLI,10.767,78.717,31.0,,52.01
2004-02-02T11:40:00,43344099999,TIRUCHIRAPPALLI,10.767,78.717,31.0,,45.91
2004-02-02T12:00:00,43344099999,TIRUCHIRAPPALLI,10.767,78.717,31.6,1008.4,44.09
2004-02-02T12:40:00,43344099999,TIRUCHIRAPPALLI,10.767,78.717,31.0,,45.91
2004-02-02T14:40:00,43344099999,TIRUCHIRAPPALLI,10.767,78.717,27.0,,65.56
2004-02-02T15:00:00,43344099999,TIRUCHIRAPPALLI,10.767,78.717,26.4,1011.6,72.24
2004-02-02T15:40:00,43344099999,TIRUCHIRAPPALLI,10.767,78.717,26.0,,78.64
2004-02-02T16:40:00,43344099999,TIRUCHIRAPPALLI,10.767,78.717,25.0,,78.5
2004-02-02T18:00:00,43344099999,TIRUCHIRAPPALLI,10.767,78.717,23.4,1012.7,88.01
2004-02-02T19:40:00,43344099999,TIRUCHIRAPPALLI,10.767,78.717,23.0,,88.52
2004-02-02T20:40:00,43344099999,TIRUCHIRAPPALLI,10.767,78.717,23.0,,88.52
2004-02-02T21:00:00,43344099999,TIRUCHIRAPPALLI,10.767,78.717,21.6,1010.7,96.39
2004-02-03T00:00:00,43344099999,TIRUCHIRAPPALLI,10.767,78.717,21.6,1010.9,96.39
2004-02-03T00:40:00,43344099999,TIRUCHIRAPPALLI,10.767,78.717,21.0,,94.02
2004-02-03T01:40:00,43344099999,TIRUCHIRAPPALLI,10.767,78.717,23.0,,83.22
2004-02-03T02:40:00,43344099999,TIRUCHIRAPPALLI,10.767,78.717,25.0,,78.5
2004-02-03T03:00:00,43344099999,TIRUCHIRAPPALLI,10.767,78.717,25.0,1012.9,77.06
2004-02-03T03:40:00,43344099999,TIRUCHIRAPPALLI,10.767,78.717,27.0,,65.56
2004-02-03T04:40:00,43344099999,TIRUCHIRAPPALLI,10.767,78.717,29.0,,62.06
2004-02-03T05:40:00,43344099999,TIRUCHIRAPPALLI,10.767,78.717,29.0,,62.06
2004-02-03T06:00:00,43344099999,TIRUCHIRAPPALLI,10.767,78.717,29.8,1013.0,53.68
2004-02-03T06:40:00,43344099999,TIRUCHIRAPPALLI,10.767,78.717,30.0,,55.08
2004-02-03T07:40:00,43344099999,TIRUCHIRAPPALLI,10.767,78.717,31.0,,52.01
2004-02-03T09:00:00,43344099999,TIRUCHIRAPPALLI,10.767,78.717,33.0,1009.0,44.75
2004-02-03T09:40:00,43344099999,TIRUCHIRAPPALLI,10.767,78.717,33.0,,46.44
2004-02-03T10:40:00,43344099999,TIRUCHIRAPPALLI,10.767,78.717,32.0,,52.27
2004-02-03T11:40:00,43344099999,TIRUCHIRAPPALLI,10.767,78.717,31.0,,55.32
2004-02-03T12:00:00,43344099999,TIRUCHIRAPPALLI,10.767,78.717,31.0,1009.1,43.65
2004-02-03T12:40:00,43344099999,TIRUCHIRAPPALLI,10.767,78.717,30.0,,62.28
2004-02-03T13:40:00,43344099999,TIRUCHIRAPPALLI,10.767,78.717,29.0,,65.98
2004-02-03T14:40:00,43344099999,TIRUCHIRAPPALLI,10.767,78.717,27.0,,69.74
2004-02-03T15:00:00,43344099999,TIRUCHIRAPPALLI,10.767,78.717,26.2,1012.5,71.76
2004-02-03T15:40:00,43344099999,TIRUCHIRAPPALLI,10.767,78.717,26.0,,73.97
2004-02-03T18:00:00,43344099999,TIRUCHIRAPPALLI,10.767,78.717,24.4,1013.2,84.93
2004-02-03T18:40:00,43344099999,TIRUCHIRAPPALLI,10.767,78.717,24.0,,88.6
2004-02-03T19:40:00,43344099999,TIRUCHIRAPPALLI,10.767,78.717,24.0,,88.6
2004-02-03T20:40:00,43344099999,TIRUCHIRAPPALLI,10.767,78.717,23.0,,88.52
2004-02-03T21:00:00,43344099999,TIRUCHIRAPPALLI,10.767,78.717,23.0,1011.4,90.16
2004-02-03T21:40:00,43344099999,TIRUCHIRAPPALLI,10.767,78.717,23.0,,88.52
2004-02-03T22:40:00,43344099999,TIRUCHIRAPPALLI,10.767,78.717,22.0,,94.06
2004-02-03T23:40:00,43344099999,TIRUCHIRAPPALLI,10.767,78.717,22.0,,94.06
2004-02-04T00:00:00,43344099999,TIRUCHIRAPPALLI,10.767,78.717,21.6,1011.3,94.63
2004-02-04T01:40:00,43344099999,TIRUCHIRAPPALLI,10.767,78.717,23.0,,83.22
2004-02-04T02:40:00,43344099999,TIRUCHIRAPPALLI,10.767,78.717,24.0,,73.63
2004-02-04T03:00:00,43344099999,TIRUCHIRAPPALLI,10.767,78.717,25.0,1013.8,78.98
2004-02-04T04:40:00,43344099999,TIRUCHIRAPPALLI,10.767,78.717,27.0,,69.74
2004-02-04T05:40:00,43344099999,TIRUCHIRAPPALLI,10.767,78.717,29.0,,62.06
2004-02-04T06:00:00,43344099999,TIRUCHIRAPPALLI,10.767,78.717,29.4,1013.5,57.01
2004-02-04T06:40:00,43344099999,TIRUCHIRAPPALLI,10.767,78.717,30.0,,55.08
2004-02-04T07:40:00,43344099999,TIRUCHIRAPPALLI,10.767,78.717,31.0,,52.01
2004-02-04T08:40:00,43344099999,TIRUCHIRAPPALLI,10.767,78.717,32.0,,46.18
2004-02-04T09:00:00,43344099999,TIRUCHIRAPPALLI,10.767,78.717,33.0,1009.7,41.51
2004-02-04T10:40:00,43344099999,TIRUCHIRAPPALLI,10.767,78.717,33.0,,43.65
2004-02-04T11:40:00,43344099999,TIRUCHIRAPPALLI,10.767,78.717,31.0,,48.88
2004-02-04T12:00:00,43344099999,TIRUCHIRAPPALLI,10.767,78.717,32.2,1008.7,42.62
2004-02-04T12:40:00,43344099999,TIRUCHIRAPPALLI,10.767,78.717,30.0,,58.58
2004-02-04T13:40:00,43344099999,TIRUCHIRAPPALLI,10.767,78.717,28.0,,61.84
2004-02-04T14:40:00,43344099999,TIRUCHIRAPPALLI,10.767,78.717,27.0,,65.56
2004-02-04T15:00:00,43344099999,TIRUCHIRAPPALLI,10.767,78.717,26.6,1011.4,69.23
2004-02-04T16:40:00,43344099999,TIRUCHIRAPPALLI,10.767,78.717,25.0,,94.19
2004-02-04T18:00:00,43344099999,TIRUCHIRAPPALLI,10.767,78.717,24.0,1012.8,84.89
2004-02-04T18:40:00,43344099999,TIRUCHIRAPPALLI,10.767,78.717,24.0,,83.34
2004-02-04T19:40:00,43344099999,TIRUCHIRAPPALLI,10.767,78.717,23.0,,94.11
2004-02-04T20:40:00,43344099999,TIRUCHIRAPPALLI,10.767,78.717,23.0,,94.11
2004-02-04T21:00:00,43344099999,TIRUCHIRAPPALLI,10.767,78.717,23.0,1011.3,91.27
2004-02-05T00:00:00,43344099999,TIRUCHIRAPPALLI,10.767,78.717,22.4,1011.6,94.66
2004-02-05T01:40:00,43344099999,TIRUCHIRAPPALLI,10.767,78.717,23.0,,88.52
2004-02-05T02:40:00,43344099999,TIRUCHIRAPPALLI,10.767,78.717,25.0,,78.5
2004-02-05T03:00:00,43344099999,TIRUCHIRAPPALLI,10.767,78.717,25.2,1014.0,81.96
2004-02-05T03:40:00,43344099999,TIRUCHIRAPPALLI,10.767,78.717,26.0,,73.97
2004-02-05T05:40:00,43344099999,TIRUCHIRAPPALLI,10.767,78.717,30.0,,55.08
2004-02-05T06:00:00,43344099999,TIRUCHIRAPPALLI,10.767,78.717,30.4,1013.8,55.52
2004-02-05T06:40:00,43344099999,TIRUCHIRAPPALLI,10.767,78.717,31.0,,55.32
2004-02-05T07:40:00,43344099999,TIRUCHIRAPPALLI,10.767,78.717,32.0,,52.27
2004-02-05T08:40:00,43344099999,TIRUCHIRAPPALLI,10.767,78.717,33.0,,46.44
2004-02-05T09:00:00,43344099999,TIRUCHIRAPPALLI,10.767,78.717,32.6,1009.6,44.09
2004-02-05T10:40:00,43344099999,TIRUCHIRAPPALLI,10.767,78.717,33.0,,46.44
2004-02-05T11:40:00,43344099999,TIRUCHIRAPPALLI,10.767,78.717,32.0,,52.27
2004-02-05T12:00:00,43344099999,TIRUCHIRAPPALLI,10.767,78.717,32.6,1009.2,41.15
2004-02-05T12:40:00,43344099999,TIRUCHIRAPPALLI,10.767,78.717,31.0,,52.01
2004-02-05T13:40:00,43344099999,TIRUCHIRAPPALLI,10.767,78.717,29.0,,58.35
2004-02-05T14:40:00,43344099999,TIRUCHIRAPPALLI,10.767,78.717,29.0,,62.06
2004-02-05T15:00:00,43344099999,TIRUCHIRAPPALLI,10.767,78.717,27.4,1012.0,62.86
2004-02-05T15:40:00,43344099999,TIRUCHIRAPPALLI,10.767,78.717,27.0,,69.74
2004-02-05T16:40:00,43344099999,TIRUCHIRAPPALLI,10.767,78.717,26.0,,78.64
2004-02-05T18:00:00,43344099999,TIRUCHIRAPPALLI,10.767,78.717,24.4,1013.0,83.38
2004-02-05T19:40:00,43344099999,TIRUCHIRAPPALLI,10.767,78.717,24.0,,88.6
2004-02-05T20:40:00,43344099999,TIRUCHIRAPPALLI,10.767,78.717,23.0,,94.11
2004-02-05T21:00:00,43344099999,TIRUCHIRAPPALLI,10.767,78.717,23.0,1011.8,91.27
2004-02-05T21:40:00,43344099999,TIRUCHIRAPPALLI,10.767,78.717,23.0,,94.11
2004-02-05T22:40:00,43344099999,TIRUCHIRAPPALLI,10.767,78.717,22.0,,94.06
2004-02-05T23:40:00,43344099999,TIRUCHIRAPPALLI,10.767,78.717,22.0,,94.06
2004-02-06T00:00:00,43344099999,TIRUCHIRAPPALLI,10.767,78.717,22.4,1011.6,94.66
2004-02-06T02:40:00,43344099999,TIRUCHIRAPPALLI,10.767,78.717,24.0,,83.34
2004-02-06T03:00:00,43344099999,TIRUCHIRAPPALLI,10.767,78.717,24.6,1014.2,86.52
2004-02-06T06:00:00,43344099999,TIRUCHIRAPPALLI,10.767,78.717,30.6,1013.5,53.22
2004-02-06T06:40:00,43344099999,TIRUCHIRAPPALLI,10.767,78.717,31.0,,
2004-02-06T08:40:00,43344099999,TIRUCHIRAPPALLI,10.767,78.717,33.0,,46.44
2004-02-06T09:00:00,43344099999,TIRUCHIRAPPALLI,10.767,78.717,33.6,1009.8,36.28
2004-02-06T12:00:00,43344099999,TIRUCHIRAPPALLI,10.767,78.717,32.6,1009.4,37.18
2004-02-06T14:40:00,43344099999,TIRUCHIRAPPALLI,10.767,78.717,29.0,,58.35
2004-02-06T15:00:00,43344099999,TIRUCHIRAPPALLI,10.767,78.717,27.6,1012.8,56.58
2004-02-06T15:40:00,43344099999,TIRUCHIRAPPALLI,10.767,78.717,27.0,,65.56
2004-02-06T16:40:00,43344099999,TIRUCHIRAPPALLI,10.767,78.717,26.0,,69.55
2004-02-06T18:00:00,43344099999,TIRUCHIRAPPALLI,10.767,78.717,25.0,1014.1,86.56
2004-02-06T18:40:00,43344099999,TIRUCHIRAPPALLI,10.767,78.717,25.0,,88.68
2004-02-06T19:40:00,43344099999,TIRUCHIRAPPALLI,10.767,78.717,25.0,,83.45
2004-02-06T20:40:00,43344099999,TIRUCHIRAPPALLI,10.767,78.717,24.0,,88.6
2004-02-06T21:00:00,43344099999,TIRUCHIRAPPALLI,10.767,78.717,24.0,1012.7,91.34
2004-02-06T21:40:00,43344099999,TIRUCHIRAPPALLI,10.767,78.717,24.0,,88.6
2004-02-06T22:40:00,43344099999,TIRUCHIRAPPALLI,10.767,78.717,23.0,,94.11
2004-02-06T23:40:00,43344099999,TIRUCHIRAPPALLI,10.767,78.717,24.0,,88.6
2004-02-07T00:00:00,43344099999,TIRUCHIRAPPALLI,10.767,78.717,23.6,1013.3,92.99
2004-02-07T01:40:00,43344099999,TIRUCHIRAPPALLI,10.767,78.717,24.0,,88.6
2004-02-07T03:00:00,43344099999,TIRUCHIRAPPALLI,10.767,78.717,26.8,1015.3,79.71
2004-02-07T04:40:00,43344099999,TIRUCHIRAPPALLI,10.767,78.717,28.0,,65.77
2004-02-07T05:40:00,43344099999,TIRUCHIRAPPALLI,10.767,78.717,29.0,,62.06
2004-02-07T06:00:00,43344099999,TIRUCHIRAPPALLI,10.767,78.717,30.6,1015.3,49.7
2004-02-07T06:40:00,43344099999,TIRUCHIRAPPALLI,10.767,78.717,32.0,,52.27
2004-02-07T07:40:00,43344099999,TIRUCHIRAPPALLI,10.767,78.717,33.0,,49.4
2004-02-07T08:40:00,43344099999,TIRUCHIRAPPALLI,10.767,78.717,33.0,,46.44
2004-02-07T09:00:00,43344099999,TIRUCHIRAPPALLI,10.767,78.717,32.4,1011.7,47.16
2004-02-07T09:40:00,43344099999,TIRUCHIRAPPALLI,10.767,78.717,33.0,,46.44
2004-02-07T12:00:00,43344099999,TIRUCHIRAPPALLI,10.767,78.717,33.0,1011.6,41.51
2004-02-07T13:40:00,43344099999,TIRUCHIRAPPALLI,10.767,78.717,30.0,,62.28
2004-02-07T15:00:00,43344099999,TIRUCHIRAPPALLI,10.767,78.717,28.0,1014.3,70.35
2004-02-07T18:00:00,43344099999,TIRUCHIRAPPALLI,10.767,78.717,25.6,1015.9,87.14
2004-02-07T20:40:00,43344099999,TIRUCHIRAPPALLI,10.767,78.717,25.0,,83.45
2004-02-07T21:00:00,43344099999,TIRUCHIRAPPALLI,10.767,78.717,24.6,1014.2,86.52
2004-02-07T21:40:00,43344099999,TIRUCHIRAPPALLI,10.767,78.717,24.0,,94.15
2004-02-07T22:40:00,43344099999,TIRUCHIRAPPALLI,10.767,78.717,24.0,,94.15
2004-02-07T23:40:00,43344099999,TIRUCHIRAPPALLI,10.767,78.717,24.0,,88.6
2004-02-08T00:00:00,43344099999,TIRUCHIRAPPALLI,10.767,78.717,24.4,1014.6,86.5
2004-02-08T03:00:00,43344099999,TIRUCHIRAPPALLI,10.767,78.717,26.0,1016.5,84.07
2004-02-08T03:40:00,43344099999,TIRUCHIRAPPALLI,10.767,78.717,26.0,,83.57
2004-02-08T04:40:00,43344099999,TIRUCHIRAPPALLI,10.767,78.717,27.0,,78.78
2004-02-08T06:00:00,43344099999,TIRUCHIRAPPALLI,10.767,78.717,30.0,1016.4,55.08
2004-02-08T06:40:00,43344099999,TIRUCHIRAPPALLI,10.767,78.717,30.0,,58.58
2004-02-08T09:00:00,43344099999,TIRUCHIRAPPALLI,10.767,78.717,31.8,1012.8,50.94
2004-02-08T12:00:00,43344099999,TIRUCHIRAPPALLI,10.767,78.717,30.8,1012.4,53.6
2004-02-08T15:00:00,43344099999,TIRUCHIRAPPALLI,10.767,78.717,26.6,1015.0,74.98
2004-02-08T15:40:00,43344099999,TIRUCHIRAPPALLI,10.767,78.717,26.0,,78.64
2004-02-08T16:40:00,43344099999,TIRUCHIRAPPALLI,10.767,78.717,26.0,,78.64
2004-02-08T18:00:00,43344099999,TIRUCHIRAPPALLI,10.767,78.717,25.6,1015.7,82.01
2004-02-08T18:40:00,43344099999,TIRUCHIRAPPALLI,10.767,78.717,25.0,,83.45
2004-02-08T19:40:00,43344099999,TIRUCHIRAPPALLI,10.767,78.717,25.0,,83.45
2004-02-08T20:40:00,43344099999,TIRUCHIRAPPALLI,10.767,78.717,24.0,,88.6
2004-02-08T21:00:00,43344099999,TIRUCHIRAPPALLI,10.767,78.717,24.0,1014.0,88.06
2004-02-08T21:40:00,43344099999,TIRUCHIRAPPALLI,10.767,78.717,24.0,,88.6
2004-02-08T22:40:00,43344099999,TIRUCHIRAPPALLI,10.767,78.717,23.0,,94.11
2004-02-08T23:40:00,43344099999,TIRUCHIRAPPALLI,10.767,78.717,23.0,,94.11
2004-02-09T00:00:00,43344099999,TIRUCHIRAPPALLI,10.767,78.717,22.6,1013.8,92.94
2004-02-09T01:40:00,43344099999,TIRUCHIRAPPALLI,10.767,78.717,24.0,,83.34
2004-02-09T02:40:00,43344099999,TIRUCHIRAPPALLI,10.767,78.717,27.0,,74.14
2004-02-09T03:00:00,43344099999,TIRUCHIRAPPALLI,10.767,78.717,25.6,1016.4,77.63
2004-02-09T05:40:00,43344099999,TIRUCHIRAPPALLI,10.767,78.717,28.0,,65.77
2004-02-09T06:00:00,43344099999,TIRUCHIRAPPALLI,10.767,78.717,29.2,1015.6,59.12
2004-02-09T06:40:00,43344099999,TIRUCHIRAPPALLI,10.767,78.717,30.0,,58.58
2004-02-09T07:40:00,43344099999,TIRUCHIRAPPALLI,10.767,78.717,32.0,,46.18
2004-02-09T08:40:00,43344099999,TIRUCHIRAPPALLI,10.767,78.717,32.0,,46.18
2004-02-09T09:00:00,43344099999,TIRUCHIRAPPALLI,10.767,78.717,31.6,1012.0,48.43
2004-02-09T09:40:00,43344099999,TIRUCHIRAPPALLI,10.767,78.717,32.0,,49.14
2004-02-09T10:40:00,43344099999,TIRUCHIRAPPALLI,10.767,78.717,32.0,,49.14
2004-02-09T11:40:00,43344099999,TIRUCHIRAPPALLI,10.767,78.717,31.0,,48.88
2004-02-09T12:00:00,43344099999,TIRUCHIRAPPALLI,10.767,78.717,31.0,1011.5,42.56
2004-02-09T12:40:00,43344099999,TIRUCHIRAPPALLI,10.767,78.717,29.0,,58.35
2004-02-09T13:40:00,43344099999,TIRUCHIRAPPALLI,10.767,78.717,28.0,,61.84
2004-02-09T15:00:00,43344099999,TIRUCHIRAPPALLI,10.767,78.717,26.0,1013.8,71.73
2004-02-09T15:40:00,43344099999,TIRUCHIRAPPALLI,10.767,78.717,26.0,,69.55
2004-02-09T16:40:00,43344099999,TIRUCHIRAPPALLI,10.767,78.717,25.0,,83.45
2004-02-09T18:00:00,43344099999,TIRUCHIRAPPALLI,10.767,78.717,24.2,1014.9,73.67
2004-02-09T18:40:00,43344099999,TIRUCHIRAPPALLI,10.767,78.717,24.0,,78.35
2004-02-09T19:40:00,43344099999,TIRUCHIRAPPALLI,10.767,78.717,23.0,,88.52
2004-02-09T20:40:00,43344099999,TIRUCHIRAPPALLI,10.767,78.717,23.0,,88.52
2004-02-09T21:00:00,43344099999,TIRUCHIRAPPALLI,10.767,78.717,23.0,1014.1,82.71
2004-02-09T21:40:00,43344099999,TIRUCHIRAPPALLI,10.767,78.717,23.0,,88.52
2004-02-09T22:40:00,43344099999,TIRUCHIRAPPALLI,10.767,78.717,22.0,,88.44
2004-02-09T23:40:00,43344099999,TIRUCHIRAPPALLI,10.767,78.717,22.0,,94.06
2004-02-10T00:00:00,43344099999,TIRUCHIRAPPALLI,10.767,78.717,22.0,1013.8,85.74
2004-02-10T00:40:00,43344099999,TIRUCHIRAPPALLI,10.767,78.717,22.0,,88.44
2004-02-10T02:40:00,43344099999,TIRUCHIRAPPALLI,10.767,78.717,25.0,,69.36
2004-02-10T03:00:00,43344099999,TIRUCHIRAPPALLI,10.767,78.717,24.6,1016.5,69.28
2004-02-10T04:40:00,43344099999,TIRUCHIRAPPALLI,10.767,78.717,27.0,,65.56
2004-02-10T05:40:00,43344099999,TIRUCHIRAPPALLI,10.767,78.717,28.0,,61.84
2004-02-10T06:00:00,43344099999,TIRUCHIRAPPALLI,10.767,78.717,29.4,1016.3,48.46
2004-02-10T07:40:00,43344099999,TIRUCHIRAPPALLI,10.767,78.717,31.0,,48.88
2004-02-10T08:40:00,43344099999,TIRUCHIRAPPALLI,10.767,78.717,31.0,,45.91
2004-02-10T09:00:00,43344099999,TIRUCHIRAPPALLI,10.767,78.717,31.0,1012.8,42.56
2004-02-10T09:40:00,43344099999,TIRUCHIRAPPALLI,10.767,78.717,31.0,,48.88
2004-02-10T10:40:00,43344099999,TIRUCHIRAPPALLI,10.767,78.717,31.0,,48.88
2004-02-10T11:40:00,43344099999,TIRUCHIRAPPALLI,10.767,78.717,30.0,,48.62
2004-02-10T12:00:00,43344099999,TIRUCHIRAPPALLI,10.767,78.717,31.0,1011.8,36.26
2004-02-10T12:40:00,43344099999,TIRUCHIRAPPALLI,10.767,78.717,30.0,,51.76
2004-02-10T13:40:00,43344099999,TIRUCHIRAPPALLI,10.767,78.717,28.0,,58.11
2004-02-10T14:40:00,43344099999,TIRUCHIRAPPALLI,10.767,78.717,27.0,,65.56
2004-02-10T15:00:00,43344099999,TIRUCHIRAPPALLI,10.767,78.717,25.6,1014.7,60.15
2004-02-10T16:40:00,43344099999,TIRUCHIRAPPALLI,10.767,78.717,24.0,,83.34
2004-02-10T18:00:00,43344099999,TIRUCHIRAPPALLI,10.767,78.717,23.2,1015.8,74.89
2004-02-10T18:40:00,43344099999,TIRUCHIRAPPALLI,10.767,78.717,23.0,,83.22
2004-02-10T20:40:00,43344099999,TIRUCHIRAPPALLI,10.767,78.717,23.0,,83.22
2004-02-10T21:00:00,43344099999,TIRUCHIRAPPALLI,10.767,78.717,23.0,1014.7,82.71
2004-02-10T21:40:00,43344099999,TIRUCHIRAPPALLI,10.767,78.717,23.0,,83.22
2004-02-10T23:40:00,43344099999,TIRUCHIRAPPALLI,10.767,78.717,22.0,,83.11
2004-02-11T00:00:00,43344099999,TIRUCHIRAPPALLI,10.767,78.717,21.4,1014.9,82.0
2004-02-11T00:40:00,43344099999,TIRUCHIRAPPALLI,10.767,78.717,21.0,,82.99
2004-02-11T01:40:00,43344099999,TIRUCHIRAPPALLI,10.767,78.717,22.0,,73.29
2004-02-11T02:40:00,43344099999,TIRUCHIRAPPALLI,10.767,78.717,23.0,,78.21
2004-02-11T03:00:00,43344099999,TIRUCHIRAPPALLI,10.767,78.717,24.4,1016.9,66.26
2004-02-11T03:40:00,43344099999,TIRUCHIRAPPALLI,10.767,78.717,25.0,,65.15
2004-02-11T04:40:00,43344099999,TIRUCHIRAPPALLI,10.767,78.717,27.0,,57.87
2004-02-11T05:40:00,43344099999,TIRUCHIRAPPALLI,10.767,78.717,28.0,,51.25
2004-02-11T06:00:00,43344099999,TIRUCHIRAPPALLI,10.767,78.717,29.4,1016.3,48.46
2004-02-11T06:40:00,43344099999,TIRUCHIRAPPALLI,10.767,78.717,30.0,,48.62
2004-02-11T07:40:00,43344099999,TIRUCHIRAPPALLI,10.767,78.717,31.0,,45.91
2004-02-11T09:00:00,43344099999,TIRUCHIRAPPALLI,10.767,78.717,31.8,1012.3,39.15
2004-02-11T09:40:00,43344099999,TIRUCHIRAPPALLI,10.767,78.717,32.0,,40.72
2004-02-11T10:40:00,43344099999,TIRUCHIRAPPALLI,10.767,78.717,33.0,,41.0
2004-02-11T11:40:00,43344099999,TIRUCHIRAPPALLI,10.767,78.717,31.0,,45.91
2004-02-11T12:00:00,43344099999,TIRUCHIRAPPALLI,10.767,78.717,32.4,1012.1,32.01
2004-02-11T12:40:00,43344099999,TIRUCHIRAPPALLI,10.767,78.717,29.0,,54.83
2004-02-11T15:00:00,43344099999,TIRUCHIRAPPALLI,10.767,78.717,26.6,1014.4,62.3
2004-02-11T16:40:00,43344099999,TIRUCHIRAPPALLI,10.767,78.717,25.0,,73.8
2004-02-11T18:00:00,43344099999,TIRUCHIRAPPALLI,10.767,78.717,24.0,1015.7,81.31
2004-02-11T18:40:00,43344099999,TIRUCHIRAPPALLI,10.767,78.717,24.0,,83.34
2004-02-11T19:40:00,43344099999,TIRUCHIRAPPALLI,10.767,78.717,23.0,,88.52
2004-02-11T20:40:00,43344099999,TIRUCHIRAPPALLI,10.767,78.717,23.0,,88.52
2004-02-11T21:00:00,43344099999,TIRUCHIRAPPALLI,10.767,78.717,23.0,1014.2,87.98
2004-02-11T21:40:00,43344099999,TIRUCHIRAPPALLI,10.767,78.717,23.0,,88.52
2004-02-11T22:40:00,43344099999,TIRUCHIRAPPALLI,10.767,78.717,23.0,,88.52
2004-02-12T00:00:00,43344099999,TIRUCHIRAPPALLI,10.767,78.717,22.4,1014.2,85.78
2004-02-12T00:40:00,43344099999,TIRUCHIRAPPALLI,10.767,78.717,22.0,,88.44
2004-02-12T01:40:00,43344099999,TIRUCHIRAPPALLI,10.767,78.717,23.0,,83.22
2004-02-12T02:40:00,43344099999,TIRUCHIRAPPALLI,10.767,78.717,24.0,,78.35
2004-02-12T03:00:00,43344099999,TIRUCHIRAPPALLI,10.767,78.717,25.0,1016.4,71.11
2004-02-12T03:40:00,43344099999,TIRUCHIRAPPALLI,10.767,78.717,26.0,,69.55
2004-02-12T04:40:00,43344099999,TIRUCHIRAPPALLI,10.767,78.717,28.0,,58.11
2004-02-12T05:40:00,43344099999,TIRUCHIRAPPALLI,10.767,78.717,29.0,,58.35
2004-02-12T06:00:00,43344099999,TIRUCHIRAPPALLI,10.767,78.717,29.4,1015.5,49.7
2004-02-12T06:40:00,43344099999,TIRUCHIRAPPALLI,10.767,78.717,30.0,,48.62
2004-02-12T07:40:00,43344099999,TIRUCHIRAPPALLI,10.767,78.717,31.0,,45.91
2004-02-12T08:40:00,43344099999,TIRUCHIRAPPALLI,10.767,78.717,32.0,,40.72
2004-02-12T09:00:00,43344099999,TIRUCHIRAPPALLI,10.767,78.717,32.0,1012.5,35.38
2004-02-12T09:40:00,43344099999,TIRUCHIRAPPALLI,10.767,78.717,32.0,,40.72
2004-02-12T10:40:00,43344099999,TIRUCHIRAPPALLI,10.767,78.717,32.0,,40.72
2004-02-12T11:40:00,43344099999,TIRUCHIRAPPALLI,10.767,78.717,31.0,,45.91
2004-02-12T12:00:00,43344099999,TIRUCHIRAPPALLI,10.767,78.717,32.0,1011.9,36.31
2004-02-12T12:40:00,43344099999,TIRUCHIRAPPALLI,10.767,78.717,30.0,,48.62
2004-02-12T13:40:00,43344099999,TIRUCHIRAPPALLI,10.767,78.717,29.0,,51.5
2004-02-12T15:00:00,43344099999,TIRUCHIRAPPALLI,10.767,78.717,28.0,1014.3,60.7
2004-02-12T16:40:00,43344099999,TIRUCHIRAPPALLI,10.767,78.717,27.0,,65.56
2004-02-12T18:00:00,43344099999,TIRUCHIRAPPALLI,10.767,78.717,26.2,1014.9,76.3
2004-02-12T18:40:00,43344099999,TIRUCHIRAPPALLI,10.767,78.717,25.0,,78.5
2004-02-12T19:40:00,43344099999,TIRUCHIRAPPALLI,10.767,78.717,24.0,,83.34
2004-02-12T20:40:00,43344099999,TIRUCHIRAPPALLI,10.767,78.717,24.0,,88.6
2004-02-12T21:00:00,43344099999,TIRUCHIRAPPALLI,10.767,78.717,25.2,1013.8,81.96
2004-02-12T21:40:00,43344099999,TIRUCHIRAPPALLI,10.767,78.717,25.0,,83.45
2004-02-12T23:40:00,43344099999,TIRUCHIRAPPALLI,10.767,78.717,24.0,,83.34
2004-02-13T00:00:00,43344099999,TIRUCHIRAPPALLI,10.767,78.717,24.6,1013.4,75.59
2004-02-13T00:40:00,43344099999,TIRUCHIRAPPALLI,10.767,78.717,25.0,,78.5
2004-02-13T01:40:00,43344099999,TIRUCHIRAPPALLI,10.767,78.717,25.0,,78.5
2004-02-13T02:40:00,43344099999,TIRUCHIRAPPALLI,10.767,78.717,25.0,,78.5
2004-02-13T03:00:00,43344099999,TIRUCHIRAPPALLI,10.767,78.717,25.4,1015.7,68.57
2004-02-13T03:40:00,43344099999,TIRUCHIRAPPALLI,10.767,78.717,26.0,,73.97
2004-02-13T04:40:00,43344099999,TIRUCHIRAPPALLI,10.767,78.717,27.0,,65.56
2004-02-13T05:40:00,43344099999,TIRUCHIRAPPALLI,10.767,78.717,28.0,,58.11
2004-02-13T06:00:00,43344099999,TIRUCHIRAPPALLI,10.767,78.717,29.4,1015.1,52.26
2004-02-13T06:40:00,43344099999,TIRUCHIRAPPALLI,10.767,78.717,30.0,,51.76
2004-02-13T07:40:00,43344099999,TIRUCHIRAPPALLI,10.767,78.717,32.0,,46.18
2004-02-13T08:40:00,43344099999,TIRUCHIRAPPALLI,10.767,78.717,33.0,,38.49
2004-02-13T09:00:00,43344099999,TIRUCHIRAPPALLI,10.767,78.717,32.8,1011.3,37.47
2004-02-13T09:40:00,43344099999,TIRUCHIRAPPALLI,10.767,78.717,33.0,,41.0
2004-02-13T10:40:00,43344099999,TIRUCHIRAPPALLI,10.767,78.717,32.0,,40.72
2004-02-13T11:40:00,43344099999,TIRUCHIRAPPALLI,10.767,78.717,31.0,,45.91
2004-02-13T12:00:00,43344099999,TIRUCHIRAPPALLI,10.767,78.717,31.8,1010.9,31.22
2004-02-13T12:40:00,43344099999,TIRUCHIRAPPALLI,10.767,78.717,30.0,,45.64
2004-02-13T13:40:00,43344099999,TIRUCHIRAPPALLI,10.767,78.717,29.0,,51.5
2004-02-13T14:40:00,43344099999,TIRUCHIRAPPALLI,10.767,78.717,28.0,,58.11
2004-02-13T15:00:00,43344099999,TIRUCHIRAPPALLI,10.767,78.717,26.0,1013.7,61.78
2004-02-13T15:40:00,43344099999,TIRUCHIRAPPALLI,10.767,78.717,26.0,,65.36
2004-02-13T16:40:00,43344099999,TIRUCHIRAPPALLI,10.767,78.717,25.0,,73.8
2004-02-13T18:00:00,43344099999,TIRUCHIRAPPALLI,10.767,78.717,23.8,1014.6,74.99
2004-02-13T18:40:00,43344099999,TIRUCHIRAPPALLI,10.767,78.717,23.0,,83.22
2004-02-13T20:40:00,43344099999,TIRUCHIRAPPALLI,10.767,78.717,23.0,,83.22
2004-02-13T21:00:00,43344099999,TIRUCHIRAPPALLI,10.767,78.717,22.4,1013.6,84.19
2004-02-13T21:40:00,43344099999,TIRUCHIRAPPALLI,10.767,78.717,22.0,,83.11
2004-02-13T22:40:00,43344099999,TIRUCHIRAPPALLI,10.767,78.717,22.0,,83.11
2004-02-13T23:40:00,43344099999,TIRUCHIRAPPALLI,10.767,78.717,22.0,,88.44
2004-02-14T00:00:00,43344099999,TIRUCHIRAPPALLI,10.767,78.717,21.8,1013.2,79.02
2004-02-14T00:40:00,43344099999,TIRUCHIRAPPALLI,10.767,78.717,22.0,,83.11
2004-02-14T01:40:00,43344099999,TIRUCHIRAPPALLI,10.767,78.717,23.0,,78.21
2004-02-14T03:00:00,43344099999,TIRUCHIRAPPALLI,10.767,78.717,25.0,1015.3,63.93
2004-02-14T03:40:00,43344099999,TIRUCHIRAPPALLI,10.767,78.717,26.0,,65.36
2004-02-14T04:40:00,43344099999,TIRUCHIRAPPALLI,10.767,78.717,28.0,,58.11
2004-02-14T05:40:00,43344099999,TIRUCHIRAPPALLI,10.767,78.717,29.0,,54.83
2004-02-14T06:00:00,43344099999,TIRUCHIRAPPALLI,10.767,78.717,30.4,1015.0,44.05
2004-02-14T06:40:00,43344099999,TIRUCHIRAPPALLI,10.767,78.717,31.0,,45.91
2004-02-14T07:40:00,43344099999,TIRUCHIRAPPALLI,10.767,78.717,31.0,,45.91
2004-02-14T08:40:00,43344099999,TIRUCHIRAPPALLI,10.767,78.717,32.0,,35.84
2004-02-14T09:00:00,43344099999,TIRUCHIRAPPALLI,10.767,78.717,32.6,1011.0,34.2
2004-02-14T10:40:00,43344099999,TIRUCHIRAPPALLI,10.767,78.717,32.0,,35.84
2004-02-14T11:40:00,43344099999,TIRUCHIRAPPALLI,10.767,78.717,31.0,,40.45
2004-02-14T12:00:00,43344099999,TIRUCHIRAPPALLI,10.767,78.717,31.0,1010.1,30.2
2004-02-14T14:40:00,43344099999,TIRUCHIRAPPALLI,10.767,78.717,26.0,,47.55
2004-02-14T15:00:00,43344099999,TIRUCHIRAPPALLI,10.767,78.717,25.4,1013.1,57.13
2004-02-14T15:40:00,43344099999,TIRUCHIRAPPALLI,10.767,78.717,25.0,,61.16
2004-02-14T16:40:00,43344099999,TIRUCHIRAPPALLI,10.767,78.717,24.0,,69.16
2004-02-14T17:40:00,43344099999,TIRUCHIRAPPALLI,10.767,78.717,24.0,,73.63
2004-02-14T18:00:00,43344099999,TIRUCHIRAPPALLI,10.767,78.717,23.0,1013.9,65.13
2004-02-14T18:40:00,43344099999,TIRUCHIRAPPALLI,10.767,78.717,23.0,,78.21
2004-02-14T20:40:00,43344099999,TIRUCHIRAPPALLI,10.767,78.717,22.0,,83.11
2004-02-14T21:00:00,43344099999,TIRUCHIRAPPALLI,10.767,78.717,22.0,1013.1,82.08
2004-02-14T21:40:00,43344099999,TIRUCHIRAPPALLI,10.767,78.717,22.0,,83.11
2004-02-15T00:00:00,43344099999,TIRUCHIRAPPALLI,10.767,78.717,21.4,1013.2,82.0
2004-02-15T01:40:00,43344099999,TIRUCHIRAPPALLI,10.767,78.717,22.0,,78.06
2004-02-15T02:40:00,43344099999,TIRUCHIRAPPALLI,10.767,78.717,25.0,,65.15
2004-02-15T03:00:00,43344099999,TIRUCHIRAPPALLI,10.767,78.717,25.0,1014.7,63.93
2004-02-15T03:40:00,43344099999,TIRUCHIRAPPALLI,10.767,78.717,26.0,,61.39
2004-02-15T04:40:00,43344099999,TIRUCHIRAPPALLI,10.767,78.717,27.0,,54.33
2004-02-15T05:40:00,43344099999,TIRUCHIRAPPALLI,10.767,78.717,29.0,,51.5
2004-02-15T06:00:00,43344099999,TIRUCHIRAPPALLI,10.767,78.717,29.8,1014.4,45.59
2004-02-15T06:40:00,43344099999,TIRUCHIRAPPALLI,10.767,78.717,31.0,,43.1
2004-02-15T07:40:00,43344099999,TIRUCHIRAPPALLI,10.767,78.717,32.0,,40.72
2004-02-15T08:40:00,43344099999,TIRUCHIRAPPALLI,10.767,78.717,33.0,,38.49
2004-02-15T09:00:00,43344099999,TIRUCHIRAPPALLI,10.767,78.717,33.0,1010.6,29.95
2004-02-15T09:40:00,43344099999,TIRUCHIRAPPALLI,10.767,78.717,33.0,,33.88
2004-02-15T10:40:00,43344099999,TIRUCHIRAPPALLI,10.767,78.717,33.0,,33.88
2004-02-15T11:40:00,43344099999,TIRUCHIRAPPALLI,10.767,78.717,33.0,,33.88
2004-02-15T12:00:00,43344099999,TIRUCHIRAPPALLI,10.767,78.717,32.6,1009.7,31.85
2004-02-15T12:40:00,43344099999,TIRUCHIRAPPALLI,10.767,78.717,32.0,,35.84
2004-02-15T14:40:00,43344099999,TIRUCHIRAPPALLI,10.767,78.717,27.0,,54.33
2004-02-15T15:00:00,43344099999,TIRUCHIRAPPALLI,10.767,78.717,26.0,1012.7,48.49
2004-02-15T15:40:00,43344099999,TIRUCHIRAPPALLI,10.767,78.717,25.0,,53.83
2004-02-15T16:40:00,43344099999,TIRUCHIRAPPALLI,10.767,78.717,25.0,,53.83
2004-02-15T18:00:00,43344099999,TIRUCHIRAPPALLI,10.767,78.717,23.0,1014.3,77.72
2004-02-15T18:40:00,43344099999,TIRUCHIRAPPALLI,10.767,78.717,23.0,,78.21
2004-02-15T19:40:00,43344099999,TIRUCHIRAPPALLI,10.767,78.717,22.0,,83.11
2004-02-15T20:40:00,43344099999,TIRUCHIRAPPALLI,10.767,78.717,22.0,,83.11
2004-02-15T21:00:00,43344099999,TIRUCHIRAPPALLI,10.767,78.717,21.6,1013.0,80.5
2004-02-15T21:40:00,43344099999,TIRUCHIRAPPALLI,10.767,78.717,21.0,,82.99
2004-02-15T22:40:00,43344099999,TIRUCHIRAPPALLI,10.767,78.717,21.0,,82.99
2004-02-15T23:40:00,43344099999,TIRUCHIRAPPALLI,10.767,78.717,21.0,,82.99
2004-02-16T00:00:00,43344099999,TIRUCHIRAPPALLI,10.767,78.717,20.6,1013.1,85.06
2004-02-16T01:40:00,43344099999,TIRUCHIRAPPALLI,10.767,78.717,22.0,,73.29
2004-02-16T03:00:00,43344099999,TIRUCHIRAPPALLI,10.767,78.717,23.6,1015.4,73.11
2004-02-16T03:40:00,43344099999,TIRUCHIRAPPALLI,10.767,78.717,25.0,,65.15
2004-02-16T04:40:00,43344099999,TIRUCHIRAPPALLI,10.767,78.717,27.0,,57.87
2004-02-16T05:40:00,43344099999,TIRUCHIRAPPALLI,10.767,78.717,29.0,,48.35
2004-02-16T06:00:00,43344099999,TIRUCHIRAPPALLI,10.767,78.717,29.4,1014.6,46.36
2004-02-16T06:40:00,43344099999,TIRUCHIRAPPALLI,10.767,78.717,30.0,,45.64
2004-02-16T07:40:00,43344099999,TIRUCHIRAPPALLI,10.767,78.717,31.0,,40.45
2004-02-16T08:40:00,43344099999,TIRUCHIRAPPALLI,10.767,78.717,32.0,,35.84
2004-02-16T09:00:00,43344099999,TIRUCHIRAPPALLI,10.767,78.717,32.6,1010.9,26.68
2004-02-16T09:40:00,43344099999,TIRUCHIRAPPALLI,10.767,78.717,33.0,,33.88
2004-02-16T10:40:00,43344099999,TIRUCHIRAPPALLI,10.767,78.717,33.0,,33.88
2004-02-16T12:00:00,43344099999,TIRUCHIRAPPALLI,10.767,78.717,32.2,1009.8,25.19
2004-02-16T12:40:00,43344099999,TIRUCHIRAPPALLI,10.767,78.717,31.0,,37.94
2004-02-16T13:40:00,43344099999,TIRUCHIRAPPALLI,10.767,78.717,28.0,,48.09
2004-02-16T14:40:00,43344099999,TIRUCHIRAPPALLI,10.767,78.717,27.0,,50.99
2004-02-16T15:00:00,43344099999,TIRUCHIRAPPALLI,10.767,78.717,26.6,1012.8,39.23
2004-02-16T15:40:00,43344099999,TIRUCHIRAPPALLI,10.767,78.717,26.0,,54.08
2004-02-16T16:40:00,43344099999,TIRUCHIRAPPALLI,10.767,78.717,24.0,,60.93
2004-02-16T18:00:00,43344099999,TIRUCHIRAPPALLI,10.767,78.717,23.0,1014.6,68.1
2004-02-16T18:40:00,43344099999,TIRUCHIRAPPALLI,10.767,78.717,23.0,,68.97
2004-02-16T19:40:00,43344099999,TIRUCHIRAPPALLI,10.767,78.717,22.0,,78.06
2004-02-16T20:40:00,43344099999,TIRUCHIRAPPALLI,10.767,78.717,22.0,,78.06
2004-02-16T21:00:00,43344099999,TIRUCHIRAPPALLI,10.767,78.717,21.6,1013.1,82.03
2004-02-16T21:40:00,43344099999,TIRUCHIRAPPALLI,10.767,78.717,22.0,,78.06
2004-02-16T22:40:00,43344099999,TIRUCHIRAPPALLI,10.767,78.717,22.0,,78.06
2004-02-16T23:40:00,43344099999,TIRUCHIRAPPALLI,10.767,78.717,22.0,,78.06
2004-02-17T00:00:00,43344099999,TIRUCHIRAPPALLI,10.767,78.717,21.0,1012.2,83.51
2004-02-17T00:40:00,43344099999,TIRUCHIRAPPALLI,10.767,78.717,21.0,,82.99
2004-02-17T01:40:00,43344099999,TIRUCHIRAPPALLI,10.767,78.717,23.0,,73.46
2004-02-17T03:00:00,43344099999,TIRUCHIRAPPALLI,10.767,78.717,23.4,1013.8,71.71
2004-02-17T03:40:00,43344099999,TIRUCHIRAPPALLI,10.767,78.717,23.0,,68.97
2004-02-17T04:40:00,43344099999,TIRUCHIRAPPALLI,10.767,78.717,27.0,,54.33
2004-02-17T05:40:00,43344099999,TIRUCHIRAPPALLI,10.767,78.717,29.0,,48.35
2004-02-17T06:00:00,43344099999,TIRUCHIRAPPALLI,10.767,78.717,29.4,1013.2,46.36
2004-02-17T06:40:00,43344099999,TIRUCHIRAPPALLI,10.767,78.717,30.0,,48.62
2004-02-17T07:40:00,43344099999,TIRUCHIRAPPALLI,10.767,78.717,32.0,,40.72
2004-02-17T09:00:00,43344099999,TIRUCHIRAPPALLI,10.767,78.717,32.0,1009.9,38.46
2004-02-17T09:40:00,43344099999,TIRUCHIRAPPALLI,10.767,78.717,32.0,,40.72
2004-02-17T11:40:00,43344099999,TIRUCHIRAPPALLI,10.767,78.717,31.0,,40.45
2004-02-17T12:00:00,43344099999,TIRUCHIRAPPALLI,10.767,78.717,30.6,1009.0,34.54
2004-02-17T12:40:00,43344099999,TIRUCHIRAPPALLI,10.767,78.717,30.0,,45.64
2004-02-17T13:40:00,43344099999,TIRUCHIRAPPALLI,10.767,78.717,29.0,,45.37
2004-02-17T14:40:00,43344099999,TIRUCHIRAPPALLI,10.767,78.717,28.0,,54.58
2004-02-17T15:00:00,43344099999,TIRUCHIRAPPALLI,10.767,78.717,26.0,1012.1,55.13
2004-02-17T18:00:00,43344099999,TIRUCHIRAPPALLI,10.767,78.717,23.0,1013.1,73.0
2004-02-17T18:40:00,43344099999,TIRUCHIRAPPALLI,10.767,78.717,23.0,,73.46
2004-02-17T19:40:00,43344099999,TIRUCHIRAPPALLI,10.767,78.717,22.0,,83.11
2004-02-17T20:40:00,43344099999,TIRUCHIRAPPALLI,10.767,78.717,22.0,,83.11
2004-02-17T21:40:00,43344099999,TIRUCHIRAPPALLI,10.767,78.717,22.0,,83.11
2004-02-17T22:40:00,43344099999,TIRUCHIRAPPALLI,10.767,78.717,22.0,,83.11
2004-02-17T23:40:00,43344099999,TIRUCHIRAPPALLI,10.767,78.717,22.0,,83.11
2004-02-18T00:00:00,43344099999,TIRUCHIRAPPALLI,10.767,78.717,21.0,1011.1,87.26
2004-02-18T01:40:00,43344099999,TIRUCHIRAPPALLI,10.767,78.717,22.0,,83.11
2004-02-18T03:00:00,43344099999,TIRUCHIRAPPALLI,10.767,78.717,25.0,1012.5,68.07
2004-02-18T03:40:00,43344099999,TIRUCHIRAPPALLI,10.767,78.717,26.0,,65.36
2004-02-18T05:40:00,43344099999,TIRUCHIRAPPALLI,10.767,78.717,29.0,,48.35
2004-02-18T06:00:00,43344099999,TIRUCHIRAPPALLI,10.767,78.717,30.4,1011.9,41.86
2004-02-18T06:40:00,43344099999,TIRUCHIRAPPALLI,10.767,78.717,31.0,,43.1
2004-02-18T07:40:00,43344099999,TIRUCHIRAPPALLI,10.767,78.717,32.0,,38.21
2004-02-18T08:40:00,43344099999,TIRUCHIRAPPALLI,10.767,78.717,32.0,,40.72
2004-02-18T09:00:00,43344099999,TIRUCHIRAPPALLI,10.767,78.717,32.6,1008.2,30.43
2004-02-18T09:40:00,43344099999,TIRUCHIRAPPALLI,10.767,78.717,33.0,,33.88
2004-02-18T10:40:00,43344099999,TIRUCHIRAPPALLI,10.767,78.717,33.0,,33.88
2004-02-18T12:00:00,43344099999,TIRUCHIRAPPALLI,10.767,78.717,32.0,1008.0,32.53
2004-02-18T12:40:00,43344099999,TIRUCHIRAPPALLI,10.767,78.717,29.0,,48.35
2004-02-18T13:40:00,43344099999,TIRUCHIRAPPALLI,10.767,78.717,28.0,,48.09
2004-02-18T15:00:00,43344099999,TIRUCHIRAPPALLI,10.767,78.717,26.8,1010.9,53.26
2004-02-18T16:40:00,43344099999,TIRUCHIRAPPALLI,10.767,78.717,25.0,,61.16
2004-02-18T18:00:00,43344099999,TIRUCHIRAPPALLI,10.767,78.717,23.4,1012.1,79.74
2004-02-18T18:40:00,43344099999,TIRUCHIRAPPALLI,10.767,78.717,23.0,,83.22
2004-02-18T19:40:00,43344099999,TIRUCHIRAPPALLI,10.767,78.717,23.0,,83.22
2004-02-18T20:40:00,43344099999,TIRUCHIRAPPALLI,10.767,78.717,22.0,,83.11
2004-02-18T21:00:00,43344099999,TIRUCHIRAPPALLI,10.767,78.717,22.0,1011.0,82.08
2004-02-18T21:40:00,43344099999,TIRUCHIRAPPALLI,10.767,78.717,22.0,,83.11
2004-02-19T00:00:00,43344099999,TIRUCHIRAPPALLI,10.767,78.717,21.0,1010.7,85.64
2004-02-19T01:40:00,43344099999,TIRUCHIRAPPALLI,10.767,78.717,22.0,,83.11
2004-02-19T03:00:00,43344099999,TIRUCHIRAPPALLI,10.767,78.717,24.6,1013.0,67.99
2004-02-19T03:40:00,43344099999,TIRUCHIRAPPALLI,10.767,78.717,26.0,,61.39
2004-02-19T04:40:00,43344099999,TIRUCHIRAPPALLI,10.767,78.717,29.0,,54.83
2004-02-19T09:00:00,43344099999,TIRUCHIRAPPALLI,10.767,78.717,32.4,1008.3,38.81
2004-02-19T11:40:00,43344099999,TIRUCHIRAPPALLI,10.767,78.717,32.0,,40.72
2004-02-19T12:00:00,43344099999,TIRUCHIRAPPALLI,10.767,78.717,32.4,1007.7,39.81
2004-02-19T15:00:00,43344099999,TIRUCHIRAPPALLI,10.767,78.717,27.0,1010.7,61.23
2004-02-19T15:40:00,43344099999,TIRUCHIRAPPALLI,10.767,78.717,27.0,,65.56
2004-02-19T16:40:00,43344099999,TIRUCHIRAPPALLI,10.767,78.717,26.0,,65.36
2004-02-19T18:00:00,43344099999,TIRUCHIRAPPALLI,10.767,78.717,24.2,1012.5,78.38
2004-02-19T18:40:00,43344099999,TIRUCHIRAPPALLI,10.767,78.717,24.0,,78.35
2004-02-19T19:40:00,43344099999,TIRUCHIRAPPALLI,10.767,78.717,24.0,,78.35
2004-02-19T20:40:00,43344099999,TIRUCHIRAPPALLI,10.767,78.717,24.0,,78.35
2004-02-19T21:40:00,43344099999,TIRUCHIRAPPALLI,10.767,78.717,23.0,,83.22
2004-02-19T22:40:00,43344099999,TIRUCHIRAPPALLI,10.767,78.717,22.0,,88.44
2004-02-19T23:40:00,43344099999,TIRUCHIRAPPALLI,10.767,78.717,22.0,,88.44
2004-02-20T00:00:00,43344099999,TIRUCHIRAPPALLI,10.767,78.717,21.6,1012.0,88.95
2004-02-20T02:40:00,43344099999,TIRUCHIRAPPALLI,10.767,78.717,24.0,,69.16
2004-02-20T03:00:00,43344099999,TIRUCHIRAPPALLI,10.767,78.717,24.6,1013.5,73.73
2004-02-20T03:40:00,43344099999,TIRUCHIRAPPALLI,10.767,78.717,25.0,,73.8
2004-02-20T06:00:00,43344099999,TIRUCHIRAPPALLI,10.767,78.717,29.8,1013.2,50.11
2004-02-20T06:40:00,43344099999,TIRUCHIRAPPALLI,10.767,78.717,31.0,,48.88
2004-02-20T07:40:00,43344099999,TIRUCHIRAPPALLI,10.767,78.717,32.0,,40.72
2004-02-20T08:40:00,43344099999,TIRUCHIRAPPALLI,10.767,78.717,33.0,,38.49
2004-02-20T09:00:00,43344099999,TIRUCHIRAPPALLI,10.767,78.717,33.6,1009.9,34.48
2004-02-20T09:40:00,43344099999,TIRUCHIRAPPALLI,10.767,78.717,34.0,,
2004-02-20T10:40:00,43344099999,TIRUCHIRAPPALLI,10.767,78.717,33.0,,38.49
2004-02-20T11:40:00,43344099999,TIRUCHIRAPPALLI,10.767,78.717,33.0,,36.12
2004-02-20T12:00:00,43344099999,TIRUCHIRAPPALLI,10.767,78.717,33.4,1009.1,33.34
2004-02-20T13:40:00,43344099999,TIRUCHIRAPPALLI,10.767,78.717,29.0,,42.56
2004-02-20T14:40:00,43344099999,TIRUCHIRAPPALLI,10.767,78.717,28.0,,48.09
2004-02-20T15:00:00,43344099999,TIRUCHIRAPPALLI,10.767,78.717,27.2,1011.8,46.06
2004-02-20T16:40:00,43344099999,TIRUCHIRAPPALLI,10.767,78.717,25.0,,57.39
2004-02-20T18:00:00,43344099999,TIRUCHIRAPPALLI,10.767,78.717,23.8,1013.7,71.78
2004-02-20T18:40:00,43344099999,TIRUCHIRAPPALLI,10.767,78.717,23.0,,78.21
2004-02-20T19:40:00,43344099999,TIRUCHIRAPPALLI,10.767,78.717,23.0,,83.22
2004-02-20T20:40:00,43344099999,TIRUCHIRAPPALLI,10.767,78.717,22.0,,83.11
2004-02-20T21:00:00,43344099999,TIRUCHIRAPPALLI,10.767,78.717,21.6,1012.7,84.11
2004-02-20T21:40:00,43344099999,TIRUCHIRAPPALLI,10.767,78.717,22.0,,83.11
2004-02-20T22:40:00,43344099999,TIRUCHIRAPPALLI,10.767,78.717,21.0,,88.35
2004-02-20T23:40:00,43344099999,TIRUCHIRAPPALLI,10.767,78.717,21.0,,88.35
2004-02-21T00:00:00,43344099999,TIRUCHIRAPPALLI,10.767,78.717,21.0,1012.8,94.6
2004-02-21T00:40:00,43344099999,TIRUCHIRAPPALLI,10.767,78.717,21.0,,94.02
2004-02-21T01:40:00,43344099999,TIRUCHIRAPPALLI,10.767,78.717,22.0,,83.11
2004-02-21T03:00:00,43344099999,TIRUCHIRAPPALLI,10.767,78.717,24.6,1015.0,72.37
2004-02-21T03:40:00,43344099999,TIRUCHIRAPPALLI,10.767,78.717,26.0,,65.36
2004-02-21T05:40:00,43344099999,TIRUCHIRAPPALLI,10.767,78.717,29.0,,54.83
2004-02-21T06:00:00,43344099999,TIRUCHIRAPPALLI,10.767,78.717,30.4,1014.3,50.9
2004-02-21T06:40:00,43344099999,TIRUCHIRAPPALLI,10.767,78.717,31.0,,52.01
2004-02-21T07:40:00,43344099999,TIRUCHIRAPPALLI,10.767,78.717,32.0,,43.38
2004-02-21T08:40:00,43344099999,TIRUCHIRAPPALLI,10.767,78.717,33.0,,38.49
2004-02-21T09:00:00,43344099999,TIRUCHIRAPPALLI,10.767,78.717,34.2,1010.7,34.2
2004-02-21T09:40:00,43344099999,TIRUCHIRAPPALLI,10.767,78.717,35.0,,34.42
2004-02-21T10:40:00,43344099999,TIRUCHIRAPPALLI,10.767,78.717,35.0,,28.4
2004-02-21T11:40:00,43344099999,TIRUCHIRAPPALLI,10.767,78.717,33.0,,33.88
2004-02-21T12:00:00,43344099999,TIRUCHIRAPPALLI,10.767,78.717,33.2,1009.5,29.23
2004-02-21T12:40:00,43344099999,TIRUCHIRAPPALLI,10.767,78.717,31.0,,40.45
2004-02-21T13:40:00,43344099999,TIRUCHIRAPPALLI,10.767,78.717,29.0,,42.56
2004-02-21T14:40:00,43344099999,TIRUCHIRAPPALLI,10.767,78.717,28.0,,48.09
2004-02-21T15:00:00,43344099999,TIRUCHIRAPPALLI,10.767,78.717,27.0,1012.3,47.21
2004-02-21T15:40:00,43344099999,TIRUCHIRAPPALLI,10.767,78.717,27.0,,50.99
2004-02-21T16:40:00,43344099999,TIRUCHIRAPPALLI,10.767,78.717,26.0,,61.39
2004-02-21T18:00:00,43344099999,TIRUCHIRAPPALLI,10.767,78.717,23.4,1013.9,79.74
2004-02-21T18:40:00,43344099999,TIRUCHIRAPPALLI,10.767,78.717,23.0,,83.22
2004-02-21T19:40:00,43344099999,TIRUCHIRAPPALLI,10.767,78.717,23.0,,83.22
2004-02-21T21:00:00,43344099999,TIRUCHIRAPPALLI,10.767,78.717,22.0,1012.9,85.74
2004-02-21T21:40:00,43344099999,TIRUCHIRAPPALLI,10.767,78.717,22.0,,94.06
2004-02-21T22:40:00,43344099999,TIRUCHIRAPPALLI,10.767,78.717,22.0,,94.06
2004-02-21T23:40:00,43344099999,TIRUCHIRAPPALLI,10.767,78.717,21.0,,94.02
2004-02-22T00:00:00,43344099999,TIRUCHIRAPPALLI,10.767,78.717,21.6,1012.4,88.95
2004-02-22T00:40:00,43344099999,TIRUCHIRAPPALLI,10.767,78.717,22.0,,83.11
2004-02-22T01:40:00,43344099999,TIRUCHIRAPPALLI,10.767,78.717,23.0,,78.21
2004-02-22T02:40:00,43344099999,TIRUCHIRAPPALLI,10.767,78.717,24.0,,78.35
2004-02-22T03:00:00,43344099999,TIRUCHIRAPPALLI,10.767,78.717,25.4,1014.6,71.62
2004-02-22T03:40:00,43344099999,TIRUCHIRAPPALLI,10.767,78.717,26.0,,61.39
2004-02-22T04:40:00,43344099999,TIRUCHIRAPPALLI,10.767,78.717,28.0,,58.11
2004-02-22T05:40:00,43344099999,TIRUCHIRAPPALLI,10.767,78.717,30.0,,51.76
2004-02-22T06:00:00,43344099999,TIRUCHIRAPPALLI,10.767,78.717,30.0,1014.2,45.64
2004-02-22T06:40:00,43344099999,TIRUCHIRAPPALLI,10.767,78.717,31.0,,45.91
2004-02-22T07:40:00,43344099999,TIRUCHIRAPPALLI,10.767,78.717,32.0,,43.38
2004-02-22T08:40:00,43344099999,TIRUCHIRAPPALLI,10.767,78.717,33.0,,38.49
2004-02-22T09:00:00,43344099999,TIRUCHIRAPPALLI,10.767,78.717,32.4,1010.1,34.82
2004-02-22T09:40:00,43344099999,TIRUCHIRAPPALLI,10.767,78.717,33.0,,38.49
2004-02-22T10:40:00,43344099999,TIRUCHIRAPPALLI,10.767,78.717,33.0,,38.49
2004-02-22T11:40:00,43344099999,TIRUCHIRAPPALLI,10.767,78.717,32.0,,40.72
2004-02-22T12:00:00,43344099999,TIRUCHIRAPPALLI,10.767,78.717,32.6,1009.0,36.24
2004-02-22T12:40:00,43344099999,TIRUCHIRAPPALLI,10.767,78.717,31.0,,45.91
2004-02-22T13:40:00,43344099999,TIRUCHIRAPPALLI,10.767,78.717,29.0,,48.35
2004-02-22T15:00:00,43344099999,TIRUCHIRAPPALLI,10.767,78.717,27.0,1011.8,49.7
2004-02-22T16:40:00,43344099999,TIRUCHIRAPPALLI,10.767,78.717,26.0,,65.36
2004-02-22T18:00:00,43344099999,TIRUCHIRAPPALLI,10.767,78.717,24.0,1013.0,86.46
2004-02-22T18:40:00,43344099999,TIRUCHIRAPPALLI,10.767,78.717,24.0,,94.15
2004-02-22T19:40:00,43344099999,TIRUCHIRAPPALLI,10.767,78.717,23.0,,83.22
2004-02-22T20:40:00,43344099999,TIRUCHIRAPPALLI,10.767,78.717,23.0,,83.22
2004-02-22T21:00:00,43344099999,TIRUCHIRAPPALLI,10.767,78.717,22.2,1011.5,80.58
2004-02-22T21:40:00,43344099999,TIRUCHIRAPPALLI,10.767,78.717,22.0,,83.11
2004-02-22T22:40:00,43344099999,TIRUCHIRAPPALLI,10.767,78.717,22.0,,83.11
2004-02-22T23:40:00,43344099999,TIRUCHIRAPPALLI,10.767,78.717,22.0,,
2004-02-23T00:00:00,43344099999,TIRUCHIRAPPALLI,10.767,78.717,22.4,1011.5,91.24
2004-02-23T01:40:00,43344099999,TIRUCHIRAPPALLI,10.767,78.717,24.0,,83.34
2004-02-23T02:40:00,43344099999,TIRUCHIRAPPALLI,10.767,78.717,25.0,,78.5
2004-02-23T03:00:00,43344099999,TIRUCHIRAPPALLI,10.767,78.717,25.2,1013.4,79.01
2004-02-23T03:40:00,43344099999,TIRUCHIRAPPALLI,10.767,78.717,26.0,,73.97
2004-02-23T04:40:00,43344099999,TIRUCHIRAPPALLI,10.767,78.717,28.0,,61.84
2004-02-23T05:40:00,43344099999,TIRUCHIRAPPALLI,10.767,78.717,30.0,,48.62
2004-02-23T06:00:00,43344099999,TIRUCHIRAPPALLI,10.767,78.717,30.6,1013.6,45.23
2004-02-23T06:40:00,43344099999,TIRUCHIRAPPALLI,10.767,78.717,32.0,,46.18
2004-02-23T07:40:00,43344099999,TIRUCHIRAPPALLI,10.767,78.717,33.0,,41.0
2004-02-23T08:40:00,43344099999,TIRUCHIRAPPALLI,10.767,78.717,33.0,,41.0
2004-02-23T09:00:00,43344099999,TIRUCHIRAPPALLI,10.767,78.717,34.0,1010.2,33.93
2004-02-23T09:40:00,43344099999,TIRUCHIRAPPALLI,10.767,78.717,34.0,,38.76
2004-02-23T11:40:00,43344099999,TIRUCHIRAPPALLI,10.767,78.717,33.0,,41.0
2004-02-23T12:00:00,43344099999,TIRUCHIRAPPALLI,10.767,78.717,33.8,1009.8,29.2
2004-02-23T13:40:00,43344099999,TIRUCHIRAPPALLI,10.767,78.717,30.0,,48.62
2004-02-23T14:40:00,43344099999,TIRUCHIRAPPALLI,10.767,78.717,29.0,,54.83
2004-02-23T16:40:00,43344099999,TIRUCHIRAPPALLI,10.767,78.717,26.0,,57.63
2004-02-23T18:00:00,43344099999,TIRUCHIRAPPALLI,10.767,78.717,23.0,1014.1,84.26
2004-02-23T18:40:00,43344099999,TIRUCHIRAPPALLI,10.767,78.717,23.0,,83.22
2004-02-23T19:40:00,43344099999,TIRUCHIRAPPALLI,10.767,78.717,23.0,,83.22
2004-02-23T20:40:00,43344099999,TIRUCHIRAPPALLI,10.767,78.717,22.0,,94.06
2004-02-23T21:00:00,43344099999,TIRUCHIRAPPALLI,10.767,78.717,22.0,1012.9,88.99
2004-02-23T21:40:00,43344099999,TIRUCHIRAPPALLI,10.767,78.717,22.0,,88.44
2004-02-23T22:40:00,43344099999,TIRUCHIRAPPALLI,10.767,78.717,21.0,,94.02
2004-02-23T23:40:00,43344099999,TIRUCHIRAPPALLI,10.767,78.717,21.0,,94.02
2004-02-24T00:00:00,43344099999,TIRUCHIRAPPALLI,10.767,78.717,21.0,1013.2,94.6
2004-02-24T03:00:00,43344099999,TIRUCHIRAPPALLI,10.767,78.717,25.4,1015.6,75.71
2004-02-24T04:40:00,43344099999,TIRUCHIRAPPALLI,10.767,78.717,28.0,,61.84
2004-02-24T05:40:00,43344099999,TIRUCHIRAPPALLI,10.767,78.717,29.0,,54.83
2004-02-24T06:00:00,43344099999,TIRUCHIRAPPALLI,10.767,78.717,30.0,1014.9,48.01
2004-02-24T06:40:00,43344099999,TIRUCHIRAPPALLI,10.767,78.717,31.0,,48.88
2004-02-24T07:40:00,43344099999,TIRUCHIRAPPALLI,10.767,78.717,32.0,,40.72
2004-02-24T08:40:00,43344099999,TIRUCHIRAPPALLI,10.767,78.717,33.0,,38.49
2004-02-24T09:00:00,43344099999,TIRUCHIRAPPALLI,10.767,78.717,33.4,1011.4,35.09
2004-02-24T09:40:00,43344099999,TIRUCHIRAPPALLI,10.767,78.717,33.0,,38.49
2004-02-24T10:40:00,43344099999,TIRUCHIRAPPALLI,10.767,78.717,33.0,,38.49
2004-02-24T11:40:00,43344099999,TIRUCHIRAPPALLI,10.767,78.717,33.0,,33.88
2004-02-24T12:00:00,43344099999,TIRUCHIRAPPALLI,10.767,78.717,33.0,1010.5,26.26
2004-02-24T12:40:00,43344099999,TIRUCHIRAPPALLI,10.767,78.717,32.0,,
2004-02-24T13:40:00,43344099999,TIRUCHIRAPPALLI,10.767,78.717,29.0,,37.38
2004-02-24T14:40:00,43344099999,TIRUCHIRAPPALLI,10.767,78.717,27.0,,42.01
2004-02-24T15:00:00,43344099999,TIRUCHIRAPPALLI,10.767,78.717,27.2,1013.2,42.34
2004-02-24T15:40:00,43344099999,TIRUCHIRAPPALLI,10.767,78.717,27.0,,44.83
2004-02-24T16:40:00,43344099999,TIRUCHIRAPPALLI,10.767,78.717,25.0,,61.16
2004-02-24T18:00:00,43344099999,TIRUCHIRAPPALLI,10.767,78.717,23.4,1014.3,69.92
2004-02-24T18:40:00,43344099999,TIRUCHIRAPPALLI,10.767,78.717,23.0,,73.46
2004-02-24T19:40:00,43344099999,TIRUCHIRAPPALLI,10.767,78.717,23.0,,73.46
2004-02-24T20:40:00,43344099999,TIRUCHIRAPPALLI,10.767,78.717,22.0,,83.11
2004-02-24T21:00:00,43344099999,TIRUCHIRAPPALLI,10.767,78.717,21.6,1013.1,78.5
2004-02-24T21:40:00,43344099999,TIRUCHIRAPPALLI,10.767,78.717,22.0,,83.11
2004-02-24T22:40:00,43344099999,TIRUCHIRAPPALLI,10.767,78.717,22.0,,83.11
2004-02-24T23:40:00,43344099999,TIRUCHIRAPPALLI,10.767,78.717,21.0,,94.02
2004-02-25T00:00:00,43344099999,TIRUCHIRAPPALLI,10.767,78.717,20.6,1013.8,88.87
2004-02-25T03:00:00,43344099999,TIRUCHIRAPPALLI,10.767,78.717,23.2,1015.7,79.71
2004-02-25T04:40:00,43344099999,TIRUCHIRAPPALLI,10.767,78.717,28.0,,54.58
2004-02-25T05:40:00,43344099999,TIRUCHIRAPPALLI,10.767,78.717,30.0,,45.64
2004-02-25T06:00:00,43344099999,TIRUCHIRAPPALLI,10.767,78.717,29.6,1015.4,48.82
2004-02-25T06:40:00,43344099999,TIRUCHIRAPPALLI,10.767,78.717,31.0,,45.91
2004-02-25T07:40:00,43344099999,TIRUCHIRAPPALLI,10.767,78.717,32.0,,38.21
2004-02-25T08:40:00,43344099999,TIRUCHIRAPPALLI,10.767,78.717,33.0,,36.12
2004-02-25T09:00:00,43344099999,TIRUCHIRAPPALLI,10.767,78.717,34.4,1011.3,36.27
2004-02-25T09:40:00,43344099999,TIRUCHIRAPPALLI,10.767,78.717,34.0,,41.27
2004-02-25T10:40:00,43344099999,TIRUCHIRAPPALLI,10.767,78.717,33.0,,43.65
2004-02-25T12:00:00,43344099999,TIRUCHIRAPPALLI,10.767,78.717,33.4,1010.3,29.67
2004-02-25T13:40:00,43344099999,TIRUCHIRAPPALLI,10.767,78.717,30.0,,45.64
2004-02-25T14:40:00,43344099999,TIRUCHIRAPPALLI,10.767,78.717,29.0,,51.5
2004-02-25T15:00:00,43344099999,TIRUCHIRAPPALLI,10.767,78.717,27.4,1012.0,56.53
2004-02-25T15:40:00,43344099999,TIRUCHIRAPPALLI,10.767,78.717,27.0,,61.61
2004-02-25T16:40:00,43344099999,TIRUCHIRAPPALLI,10.767,78.717,26.0,,69.55
2004-02-25T18:00:00,43344099999,TIRUCHIRAPPALLI,10.767,78.717,24.0,1013.7,67.44
2004-02-25T18:40:00,43344099999,TIRUCHIRAPPALLI,10.767,78.717,24.0,,78.35
2004-02-25T20:40:00,43344099999,TIRUCHIRAPPALLI,10.767,78.717,23.0,,83.22
2004-02-25T21:00:00,43344099999,TIRUCHIRAPPALLI,10.767,78.717,22.4,1012.3,80.6
2004-02-25T21:40:00,43344099999,TIRUCHIRAPPALLI,10.767,78.717,22.0,,83.11
2004-02-25T22:40:00,43344099999,TIRUCHIRAPPALLI,10.767,78.717,22.0,,83.11
2004-02-26T00:00:00,43344099999,TIRUCHIRAPPALLI,10.767,78.717,20.4,1012.5,90.54
2004-02-26T00:40:00,43344099999,TIRUCHIRAPPALLI,10.767,78.717,20.0,,93.97
2004-02-26T01:40:00,43344099999,TIRUCHIRAPPALLI,10.767,78.717,22.0,,83.11
2004-02-26T03:00:00,43344099999,TIRUCHIRAPPALLI,10.767,78.717,24.0,1014.6,75.02
2004-02-26T03:40:00,43344099999,TIRUCHIRAPPALLI,10.767,78.717,25.0,,78.5
2004-02-26T04:40:00,43344099999,TIRUCHIRAPPALLI,10.767,78.717,28.0,,58.11
2004-02-26T05:40:00,43344099999,TIRUCHIRAPPALLI,10.767,78.717,29.0,,54.83
2004-02-26T06:00:00,43344099999,TIRUCHIRAPPALLI,10.767,78.717,30.0,1013.5,50.48
2004-02-26T06:40:00,43344099999,TIRUCHIRAPPALLI,10.767,78.717,31.0,,48.88
2004-02-26T09:00:00,43344099999,TIRUCHIRAPPALLI,10.767,78.717,33.6,1009.7,32.54
2004-02-26T09:40:00,43344099999,TIRUCHIRAPPALLI,10.767,78.717,34.0,,34.15
2004-02-26T10:40:00,43344099999,TIRUCHIRAPPALLI,10.767,78.717,34.0,,34.15
2004-02-26T11:40:00,43344099999,TIRUCHIRAPPALLI,10.767,78.717,33.0,,38.49
2004-02-26T12:00:00,43344099999,TIRUCHIRAPPALLI,10.767,78.717,32.0,1008.7,33.38
2004-02-26T12:40:00,43344099999,TIRUCHIRAPPALLI,10.767,78.717,31.0,,40.45
2004-02-26T13:40:00,43344099999,TIRUCHIRAPPALLI,10.767,78.717,29.0,,42.56
2004-02-26T15:00:00,43344099999,TIRUCHIRAPPALLI,10.767,78.717,27.4,1011.5,50.12
2004-02-26T15:40:00,43344099999,TIRUCHIRAPPALLI,10.767,78.717,27.0,,50.99
2004-02-26T16:40:00,43344099999,TIRUCHIRAPPALLI,10.767,78.717,26.0,,57.63
2004-02-26T18:00:00,43344099999,TIRUCHIRAPPALLI,10.767,78.717,23.4,1012.7,74.92
2004-02-26T18:40:00,43344099999,TIRUCHIRAPPALLI,10.767,78.717,23.0,,78.21
2004-02-26T19:40:00,43344099999,TIRUCHIRAPPALLI,10.767,78.717,23.0,,83.22
2004-02-26T20:40:00,43344099999,TIRUCHIRAPPALLI,10.767,78.717,23.0,,78.21
2004-02-26T21:00:00,43344099999,TIRUCHIRAPPALLI,10.767,78.717,22.6,1010.6,79.13
2004-02-26T22:40:00,43344099999,TIRUCHIRAPPALLI,10.767,78.717,22.0,,83.11
2004-02-26T23:40:00,43344099999,TIRUCHIRAPPALLI,10.767,78.717,21.0,,88.35
2004-02-27T00:00:00,43344099999,TIRUCHIRAPPALLI,10.767,78.717,20.4,1011.0,88.86
2004-02-27T00:40:00,43344099999,TIRUCHIRAPPALLI,10.767,78.717,20.0,,93.97
2004-02-27T02:40:00,43344099999,TIRUCHIRAPPALLI,10.767,78.717,24.0,,69.16
2004-02-27T03:00:00,43344099999,TIRUCHIRAPPALLI,10.767,78.717,23.4,1013.5,79.74
2004-02-27T03:40:00,43344099999,TIRUCHIRAPPALLI,10.767,78.717,26.0,,65.36
2004-02-27T04:40:00,43344099999,TIRUCHIRAPPALLI,10.767,78.717,27.0,,61.61
2004-02-27T05:40:00,43344099999,TIRUCHIRAPPALLI,10.767,78.717,29.0,,54.83
2004-02-27T06:00:00,43344099999,TIRUCHIRAPPALLI,10.767,78.717,27.8,1013.2,56.27
2004-02-27T06:40:00,43344099999,TIRUCHIRAPPALLI,10.767,78.717,31.0,,45.91
2004-02-27T07:40:00,43344099999,TIRUCHIRAPPALLI,10.767,78.717,33.0,,38.49
2004-02-27T08:40:00,43344099999,TIRUCHIRAPPALLI,10.767,78.717,35.0,,34.42
2004-02-27T09:00:00,43344099999,TIRUCHIRAPPALLI,10.767,78.717,33.4,1009.3,45.13
2004-02-27T09:40:00,43344099999,TIRUCHIRAPPALLI,10.767,78.717,34.0,,43.91
2004-02-27T10:40:00,43344099999,TIRUCHIRAPPALLI,10.767,78.717,33.0,,46.44
2004-02-27T11:40:00,43344099999,TIRUCHIRAPPALLI,10.767,78.717,32.0,,52.27
2004-02-27T12:00:00,43344099999,TIRUCHIRAPPALLI,10.767,78.717,34.4,1008.3,33.61
2004-02-27T12:40:00,43344099999,TIRUCHIRAPPALLI,10.767,78.717,32.0,,46.18
2004-02-27T13:40:00,43344099999,TIRUCHIRAPPALLI,10.767,78.717,31.0,,52.01
2004-02-27T14:40:00,43344099999,TIRUCHIRAPPALLI,10.767,78.717,28.0,,61.84
2004-02-27T15:00:00,43344099999,TIRUCHIRAPPALLI,10.767,78.717,27.6,1010.9,63.3
2004-02-27T15:40:00,43344099999,TIRUCHIRAPPALLI,10.767,78.717,27.0,,69.74
2004-02-27T16:40:00,43344099999,TIRUCHIRAPPALLI,10.767,78.717,26.0,,69.55
2004-02-27T18:00:00,43344099999,TIRUCHIRAPPALLI,10.767,78.717,24.2,1012.7,75.05
2004-02-27T18:40:00,43344099999,TIRUCHIRAPPALLI,10.767,78.717,24.0,,78.35
2004-02-27T19:40:00,43344099999,TIRUCHIRAPPALLI,10.767,78.717,24.0,,78.35
2004-02-27T20:40:00,43344099999,TIRUCHIRAPPALLI,10.767,78.717,24.0,,78.35
2004-02-27T21:00:00,43344099999,TIRUCHIRAPPALLI,10.767,78.717,22.6,1011.7,87.4
2004-02-27T21:40:00,43344099999,TIRUCHIRAPPALLI,10.767,78.717,22.0,,88.44
2004-02-27T22:40:00,43344099999,TIRUCHIRAPPALLI,10.767,78.717,22.0,,94.06
2004-02-28T00:00:00,43344099999,TIRUCHIRAPPALLI,10.767,78.717,21.4,1012.3,90.61
2004-02-28T01:40:00,43344099999,TIRUCHIRAPPALLI,10.767,78.717,22.0,,83.11
2004-02-28T03:00:00,43344099999,TIRUCHIRAPPALLI,10.767,78.717,25.0,1013.2,72.89
2004-02-28T03:40:00,43344099999,TIRUCHIRAPPALLI,10.767,78.717,25.0,,73.8
2004-02-28T04:40:00,43344099999,TIRUCHIRAPPALLI,10.767,78.717,28.0,,58.11
2004-02-28T05:40:00,43344099999,TIRUCHIRAPPALLI,10.767,78.717,29.0,,54.83
2004-02-28T06:00:00,43344099999,TIRUCHIRAPPALLI,10.767,78.717,30.4,1012.0,55.52
2004-02-28T06:40:00,43344099999,TIRUCHIRAPPALLI,10.767,78.717,31.0,,55.32
2004-02-28T07:40:00,43344099999,TIRUCHIRAPPALLI,10.767,78.717,32.0,,52.27
2004-02-28T08:40:00,43344099999,TIRUCHIRAPPALLI,10.767,78.717,34.0,,43.91
2004-02-28T09:00:00,43344099999,TIRUCHIRAPPALLI,10.767,78.717,34.4,1008.7,45.96
2004-02-28T09:40:00,43344099999,TIRUCHIRAPPALLI,10.767,78.717,34.0,,43.91
2004-02-28T10:40:00,43344099999,TIRUCHIRAPPALLI,10.767,78.717,34.0,,43.91
2004-02-28T11:40:00,43344099999,TIRUCHIRAPPALLI,10.767,78.717,33.0,,38.49
2004-02-28T12:00:00,43344099999,TIRUCHIRAPPALLI,10.767,78.717,33.8,1007.9,32.81
2004-02-28T13:40:00,43344099999,TIRUCHIRAPPALLI,10.767,78.717,30.0,,45.64
2004-02-28T14:40:00,43344099999,TIRUCHIRAPPALLI,10.767,78.717,27.0,,57.87
2004-02-28T15:00:00,43344099999,TIRUCHIRAPPALLI,10.767,78.717,28.2,1010.8,54.63
2004-02-28T15:40:00,43344099999,TIRUCHIRAPPALLI,10.767,78.717,27.0,,57.87
2004-02-28T16:40:00,43344099999,TIRUCHIRAPPALLI,10.767,78.717,26.0,,69.55
2004-02-28T18:00:00,43344099999,TIRUCHIRAPPALLI,10.767,78.717,23.4,1012.3,76.34
2004-02-28T18:40:00,43344099999,TIRUCHIRAPPALLI,10.767,78.717,23.0,,78.21
2004-02-28T19:40:00,43344099999,TIRUCHIRAPPALLI,10.767,78.717,22.0,,83.11
2004-02-28T20:40:00,43344099999,TIRUCHIRAPPALLI,10.767,78.717,22.0,,83.11
2004-02-28T21:00:00,43344099999,TIRUCHIRAPPALLI,10.767,78.717,22.0,1012.0,84.15
2004-02-28T21:40:00,43344099999,TIRUCHIRAPPALLI,10.767,78.717,22.0,,83.11
2004-02-28T22:40:00,43344099999,TIRUCHIRAPPALLI,10.767,78.717,21.0,,94.02
2004-02-28T23:40:00,43344099999,TIRUCHIRAPPALLI,10.767,78.717,21.0,,94.02
2004-02-29T00:00:00,43344099999,TIRUCHIRAPPALLI,10.767,78.717,21.2,1012.1,90.6
2004-02-29T01:40:00,43344099999,TIRUCHIRAPPALLI,10.767,78.717,22.0,,88.44
2004-02-29T03:00:00,43344099999,TIRUCHIRAPPALLI,10.767,78.717,23.6,1013.3,73.11
2004-02-29T03:40:00,43344099999,TIRUCHIRAPPALLI,10.767,78.717,25.0,,65.15
2004-02-29T04:40:00,43344099999,TIRUCHIRAPPALLI,10.767,78.717,27.0,,57.87
2004-02-29T05:40:00,43344099999,TIRUCHIRAPPALLI,10.767,78.717,29.0,,48.35
2004-02-29T06:00:00,43344099999,TIRUCHIRAPPALLI,10.767,78.717,29.4,1013.0,53.25
2004-02-29T06:40:00,43344099999,TIRUCHIRAPPALLI,10.767,78.717,31.0,,45.91
2004-02-29T07:40:00,43344099999,TIRUCHIRAPPALLI,10.767,78.717,32.0,,40.72
2004-02-29T08:40:00,43344099999,TIRUCHIRAPPALLI,10.767,78.717,33.0,,38.49
2004-02-29T09:00:00,43344099999,TIRUCHIRAPPALLI,10.767,78.717,33.2,1009.1,33.93
2004-02-29T09:40:00,43344099999,TIRUCHIRAPPALLI,10.767,78.717,34.0,,34.15
2004-02-29T12:00:00,43344099999,TIRUCHIRAPPALLI,10.767,78.717,33.4,1008.3,29.67
2004-02-29T12:40:00,43344099999,TIRUCHIRAPPALLI,10.767,78.717,32.0,,35.84
2004-02-29T13:40:00,43344099999,TIRUCHIRAPPALLI,10.767,78.717,30.0,,42.83
2004-02-29T14:40:00,43344099999,TIRUCHIRAPPALLI,10.767,78.717,28.0,,58.11
2004-02-29T15:00:00,43344099999,TIRUCHIRAPPALLI,10.767,78.717,27.6,1011.1,56.58
2004-02-29T15:40:00,43344099999,TIRUCHIRAPPALLI,10.767,78.717,27.0,,65.56
2004-02-29T16:40:00,43344099999,TIRUCHIRAPPALLI,10.767,78.717,26.0,,73.97
2004-02-29T18:00:00,43344099999,TIRUCHIRAPPALLI,10.767,78.717,24.0,1013.0,75.02
2004-02-29T18:40:00,43344099999,TIRUCHIRAPPALLI,10.767,78.717,24.0,,78.35
2004-02-29T19:40:00,43344099999,TIRUCHIRAPPALLI,10.767,78.717,23.0,,83.22
2004-02-29T20:40:00,43344099999,TIRUCHIRAPPALLI,10.767,78.717,23.0,,83.22
2004-02-29T21:00:00,43344099999,TIRUCHIRAPPALLI,10.767,78.717,22.4,1011.5,82.64
2004-02-29T22:40:00,43344099999,TIRUCHIRAPPALLI,10.767,78.717,22.0,,83.11
2004-02-29T23:40:00,43344099999,TIRUCHIRAPPALLI,10.767,78.717,21.0,,88.35
2004-03-01T00:00:00,43344099999,TIRUCHIRAPPALLI,10.767,78.717,19.6,1011.6,92.21
2004-03-01T00:40:00,43344099999,TIRUCHIRAPPALLI,10.767,78.717,21.0,,88.35
2004-03-01T02:40:00,43344099999,TIRUCHIRAPPALLI,10.767,78.717,23.0,,78.21
2004-03-01T03:00:00,43344099999,TIRUCHIRAPPALLI,10.767,78.717,24.0,1013.6,75.02
2004-03-01T05:40:00,43344099999,TIRUCHIRAPPALLI,10.767,78.717,28.0,,58.11
2004-03-01T06:00:00,43344099999,TIRUCHIRAPPALLI,10.767,78.717,29.8,1013.3,48.87
2004-03-01T06:40:00,43344099999,TIRUCHIRAPPALLI,10.767,78.717,31.0,,52.01
2004-03-01T07:40:00,43344099999,TIRUCHIRAPPALLI,10.767,78.717,32.0,,49.14
2004-03-01T08:40:00,43344099999,TIRUCHIRAPPALLI,10.767,78.717,33.0,,46.44
2004-03-01T09:00:00,43344099999,TIRUCHIRAPPALLI,10.767,78.717,33.4,1008.9,33.34
2004-03-01T09:40:00,43344099999,TIRUCHIRAPPALLI,10.767,78.717,33.0,,41.0
2004-03-01T11:40:00,43344099999,TIRUCHIRAPPALLI,10.767,78.717,33.0,,38.49
2004-03-01T12:00:00,43344099999,TIRUCHIRAPPALLI,10.767,78.717,34.2,1008.0,25.38
2004-03-01T14:40:00,43344099999,TIRUCHIRAPPALLI,10.767,78.717,28.0,,58.11
2004-03-01T15:00:00,43344099999,TIRUCHIRAPPALLI,10.767,78.717,27.4,1010.8,52.74
2004-03-01T16:40:00,43344099999,TIRUCHIRAPPALLI,10.767,78.717,26.0,,65.36
2004-03-01T17:40:00,43344099999,TIRUCHIRAPPALLI,10.767,78.717,24.0,,83.34
2004-03-01T18:00:00,43344099999,TIRUCHIRAPPALLI,10.767,78.717,24.2,1012.0,79.85
2004-03-01T19:40:00,43344099999,TIRUCHIRAPPALLI,10.767,78.717,24.0,,83.34
2004-03-01T21:00:00,43344099999,TIRUCHIRAPPALLI,10.767,78.717,22.4,1010.8,82.64
2004-03-01T23:40:00,43344099999,TIRUCHIRAPPALLI,10.767,78.717,21.0,,82.99
2004-03-02T00:00:00,43344099999,TIRUCHIRAPPALLI,10.767,78.717,21.4,1010.4,90.61
2004-03-02T03:00:00,43344099999,TIRUCHIRAPPALLI,10.767,78.717,24.6,1012.3,78.44
2004-03-02T03:40:00,43344099999,TIRUCHIRAPPALLI,10.767,78.717,26.0,,69.55
2004-03-02T04:40:00,43344099999,TIRUCHIRAPPALLI,10.767,78.717,28.0,,58.11
2004-03-02T06:00:00,43344099999,TIRUCHIRAPPALLI,10.767,78.717,31.4,1012.0,40.82
2004-03-02T06:40:00,43344099999,TIRUCHIRAPPALLI,10.767,78.717,33.0,,41.0
2004-03-02T07:40:00,43344099999,TIRUCHIRAPPALLI,10.767,78.717,33.0,,38.49
2004-03-02T08:40:00,43344099999,TIRUCHIRAPPALLI,10.767,78.717,34.0,,38.76
2004-03-02T09:00:00,43344099999,TIRUCHIRAPPALLI,10.767,78.717,34.6,1008.0,38.44
2004-03-02T09:40:00,43344099999,TIRUCHIRAPPALLI,10.767,78.717,35.0,,41.54
2004-03-02T12:00:00,43344099999,TIRUCHIRAPPALLI,10.767,78.717,34.4,1007.0,29.94
2004-03-02T13:40:00,43344099999,TIRUCHIRAPPALLI,10.767,78.717,32.0,,40.72
2004-03-02T14:40:00,43344099999,TIRUCHIRAPPALLI,10.767,78.717,29.0,,48.35
2004-03-02T15:00:00,43344099999,TIRUCHIRAPPALLI,10.767,78.717,28.6,1010.0,47.64
2004-03-02T15:40:00,43344099999,TIRUCHIRAPPALLI,10.767,78.717,28.0,,54.58
2004-03-02T18:00:00,43344099999,TIRUCHIRAPPALLI,10.767,78.717,24.8,1011.9,65.1
2004-03-02T18:40:00,43344099999,TIRUCHIRAPPALLI,10.767,78.717,24.0,,78.35
2004-03-02T20:40:00,43344099999,TIRUCHIRAPPALLI,10.767,78.717,24.0,,73.63
2004-03-02T21:00:00,43344099999,TIRUCHIRAPPALLI,10.767,78.717,22.2,1010.3,85.76
2004-03-02T21:40:00,43344099999,TIRUCHIRAPPALLI,10.767,78.717,22.0,,88.44
2004-03-02T23:40:00,43344099999,TIRUCHIRAPPALLI,10.767,78.717,21.0,,94.02
2004-03-03T00:00:00,43344099999,TIRUCHIRAPPALLI,10.767,78.717,21.0,1010.0,90.58
2004-03-03T00:40:00,43344099999,TIRUCHIRAPPALLI,10.767,78.717,21.0,,88.35
2004-03-03T03:00:00,43344099999,TIRUCHIRAPPALLI,10.767,78.717,25.6,1012.1,76.21
2004-03-03T03:40:00,43344099999,TIRUCHIRAPPALLI,10.767,78.717,26.0,,69.55
2004-03-03T04:40:00,43344099999,TIRUCHIRAPPALLI,10.767,78.717,28.0,,65.77
2004-03-03T05:40:00,43344099999,TIRUCHIRAPPALLI,10.767,78.717,30.0,,58.58
2004-03-03T06:00:00,43344099999,TIRUCHIRAPPALLI,10.767,78.717,31.4,1011.5,46.02
2004-03-03T06:40:00,43344099999,TIRUCHIRAPPALLI,10.767,78.717,32.0,,49.14
2004-03-03T07:40:00,43344099999,TIRUCHIRAPPALLI,10.767,78.717,34.0,,38.76
2004-03-03T08:40:00,43344099999,TIRUCHIRAPPALLI,10.767,78.717,35.0,,39.04
2004-03-03T09:00:00,43344099999,TIRUCHIRAPPALLI,10.767,78.717,35.0,1008.3,45.56
2004-03-03T11:40:00,43344099999,TIRUCHIRAPPALLI,10.767,78.717,34.0,,46.71
2004-03-03T12:00:00,43344099999,TIRUCHIRAPPALLI,10.767,78.717,34.8,1007.6,28.72
2004-03-03T12:40:00,43344099999,TIRUCHIRAPPALLI,10.767,78.717,32.0,,52.27
2004-03-03T14:40:00,43344099999,TIRUCHIRAPPALLI,10.767,78.717,29.0,,62.06
2004-03-03T15:00:00,43344099999,TIRUCHIRAPPALLI,10.767,78.717,28.8,1010.6,54.1
2004-03-03T15:40:00,43344099999,TIRUCHIRAPPALLI,10.767,78.717,28.0,,58.11
2004-03-03T16:40:00,43344099999,TIRUCHIRAPPALLI,10.767,78.717,27.0,,65.56
2004-03-03T18:00:00,43344099999,TIRUCHIRAPPALLI,10.767,78.717,25.4,1012.2,65.64
2004-03-03T18:40:00,43344099999,TIRUCHIRAPPALLI,10.767,78.717,25.0,,69.36
2004-03-03T20:40:00,43344099999,TIRUCHIRAPPALLI,10.767,78.717,24.0,,78.35
2004-03-03T21:00:00,43344099999,TIRUCHIRAPPALLI,10.767,78.717,23.0,1011.0,82.71
2004-03-03T21:40:00,43344099999,TIRUCHIRAPPALLI,10.767,78.717,23.0,,83.22
2004-03-03T22:40:00,43344099999,TIRUCHIRAPPALLI,10.767,78.717,23.0,,83.22
2004-03-03T23:40:00,43344099999,TIRUCHIRAPPALLI,10.767,78.717,22.0,,88.44
2004-03-04T00:00:00,43344099999,TIRUCHIRAPPALLI,10.767,78.717,22.4,1011.1,87.38
2004-03-04T00:40:00,43344099999,TIRUCHIRAPPALLI,10.767,78.717,22.0,,88.44
2004-03-04T01:40:00,43344099999,TIRUCHIRAPPALLI,10.767,78.717,23.0,,88.52
2004-03-04T02:40:00,43344099999,TIRUCHIRAPPALLI,10.767,78.717,24.0,,78.35
2004-03-04T03:00:00,43344099999,TIRUCHIRAPPALLI,10.767,78.717,25.8,1013.5,84.05
2004-03-04T03:40:00,43344099999,TIRUCHIRAPPALLI,10.767,78.717,27.0,,78.78
2004-03-04T04:40:00,43344099999,TIRUCHIRAPPALLI,10.767,78.717,30.0,,62.28
2004-03-04T06:00:00,43344099999,TIRUCHIRAPPALLI,10.767,78.717,30.6,1013.1,55.57
2004-03-04T06:40:00,43344099999,TIRUCHIRAPPALLI,10.767,78.717,31.0,,55.32
2004-03-04T07:40:00,43344099999,TIRUCHIRAPPALLI,10.767,78.717,33.0,,46.44
2004-03-04T09:00:00,43344099999,TIRUCHIRAPPALLI,10.767,78.717,34.4,1008.8,31.73
2004-03-04T10:40:00,43344099999,TIRUCHIRAPPALLI,10.767,78.717,34.0,,34.15
2004-03-04T11:40:00,43344099999,TIRUCHIRAPPALLI,10.767,78.717,33.0,,38.49
2004-03-04T12:00:00,43344099999,TIRUCHIRAPPALLI,10.767,78.717,33.4,1007.5,33.34
2004-03-04T14:40:00,43344099999,TIRUCHIRAPPALLI,10.767,78.717,29.0,,48.35
2004-03-04T15:00:00,43344099999,TIRUCHIRAPPALLI,10.767,78.717,28.4,1010.8,48.81
2004-03-04T15:40:00,43344099999,TIRUCHIRAPPALLI,10.767,78.717,28.0,,54.58
2004-03-04T16:40:00,43344099999,TIRUCHIRAPPALLI,10.767,78.717,27.0,,57.87
2004-03-04T18:00:00,43344099999,TIRUCHIRAPPALLI,10.767,78.717,24.6,1012.6,75.59
2004-03-04T18:40:00,43344099999,TIRUCHIRAPPALLI,10.767,78.717,24.0,,83.34
2004-03-04T19:40:00,43344099999,TIRUCHIRAPPALLI,10.767,78.717,24.0,,83.34
2004-03-04T20:40:00,43344099999,TIRUCHIRAPPALLI,10.767,78.717,23.0,,88.52
2004-03-04T21:00:00,43344099999,TIRUCHIRAPPALLI,10.767,78.717,22.4,1011.2,87.38
2004-03-04T23:40:00,43344099999,TIRUCHIRAPPALLI,10.767,78.717,21.0,,94.02
2004-03-05T00:00:00,43344099999,TIRUCHIRAPPALLI,10.767,78.717,20.6,1011.2,91.12
2004-03-05T01:40:00,43344099999,TIRUCHIRAPPALLI,10.767,78.717,22.0,,83.11
2004-03-05T03:00:00,43344099999,TIRUCHIRAPPALLI,10.767,78.717,25.0,1013.4,74.26
2004-03-05T03:40:00,43344099999,TIRUCHIRAPPALLI,10.767,78.717,26.0,,69.55
2004-03-05T06:00:00,43344099999,TIRUCHIRAPPALLI,10.767,78.717,30.4,1012.3,34.26
2004-03-05T06:40:00,43344099999,TIRUCHIRAPPALLI,10.767,78.717,31.0,,37.94
2004-03-05T08:40:00,43344099999,TIRUCHIRAPPALLI,10.767,78.717,34.0,,32.03
2004-03-05T09:00:00,43344099999,TIRUCHIRAPPALLI,10.767,78.717,34.2,1008.5,30.67
2004-03-05T11:40:00,43344099999,TIRUCHIRAPPALLI,10.767,78.717,34.0,,34.15
2004-03-05T12:00:00,43344099999,TIRUCHIRAPPALLI,10.767,78.717,34.4,1007.4,28.24
2004-03-05T12:40:00,43344099999,TIRUCHIRAPPALLI,10.767,78.717,33.0,,38.49
2004-03-05T14:40:00,43344099999,TIRUCHIRAPPALLI,10.767,78.717,29.0,,54.83
2004-03-05T15:00:00,43344099999,TIRUCHIRAPPALLI,10.767,78.717,28.8,1010.1,70.93
2004-03-05T16:40:00,43344099999,TIRUCHIRAPPALLI,10.767,78.717,27.0,,69.74
2004-03-05T18:00:00,43344099999,TIRUCHIRAPPALLI,10.767,78.717,24.6,1011.8,83.41
2004-03-05T18:40:00,43344099999,TIRUCHIRAPPALLI,10.767,78.717,24.0,,88.6
2004-03-05T19:40:00,43344099999,TIRUCHIRAPPALLI,10.767,78.717,24.0,,83.34
2004-03-05T20:40:00,43344099999,TIRUCHIRAPPALLI,10.767,78.717,23.0,,83.22
2004-03-05T21:00:00,43344099999,TIRUCHIRAPPALLI,10.767,78.717,22.4,1010.5,87.38
2004-03-05T23:40:00,43344099999,TIRUCHIRAPPALLI,10.767,78.717,21.0,,94.02
2004-03-06T00:00:00,43344099999,TIRUCHIRAPPALLI,10.767,78.717,20.6,1009.6,94.59
2004-03-06T01:40:00,43344099999,TIRUCHIRAPPALLI,10.767,78.717,22.0,,83.11
2004-03-06T03:00:00,43344099999,TIRUCHIRAPPALLI,10.767,78.717,24.0,1013.1,81.31
2004-03-06T04:40:00,43344099999,TIRUCHIRAPPALLI,10.767,78.717,27.0,,65.56
2004-03-06T05:40:00,43344099999,TIRUCHIRAPPALLI,10.767,78.717,29.0,,54.83
2004-03-06T06:00:00,43344099999,TIRUCHIRAPPALLI,10.767,78.717,30.2,1013.1,47.16
2004-03-06T06:40:00,43344099999,TIRUCHIRAPPALLI,10.767,78.717,31.0,,55.32
2004-03-06T07:40:00,43344099999,TIRUCHIRAPPALLI,10.767,78.717,32.0,,49.14
2004-03-06T08:40:00,43344099999,TIRUCHIRAPPALLI,10.767,78.717,34.0,,43.91
2004-03-06T09:00:00,43344099999,TIRUCHIRAPPALLI,10.767,78.717,34.0,1009.4,31.01
2004-03-06T09:40:00,43344099999,TIRUCHIRAPPALLI,10.767,78.717,35.0,,44.18
2004-03-06T11:40:00,43344099999,TIRUCHIRAPPALLI,10.767,78.717,35.0,,44.18
2004-03-06T12:00:00,43344099999,TIRUCHIRAPPALLI,10.767,78.717,34.8,1008.5,28.72
2004-03-06T12:40:00,43344099999,TIRUCHIRAPPALLI,10.767,78.717,33.0,,43.65
2004-03-06T14:40:00,43344099999,TIRUCHIRAPPALLI,10.767,78.717,29.0,,54.83
2004-03-06T15:00:00,43344099999,TIRUCHIRAPPALLI,10.767,78.717,28.6,1011.1,60.09
2004-03-06T18:00:00,43344099999,TIRUCHIRAPPALLI,10.767,78.717,24.2,1012.4,75.05
2004-03-06T18:40:00,43344099999,TIRUCHIRAPPALLI,10.767,78.717,24.0,,78.35
2004-03-06T20:40:00,43344099999,TIRUCHIRAPPALLI,10.767,78.717,23.0,,78.21
2004-03-06T21:00:00,43344099999,TIRUCHIRAPPALLI,10.767,78.717,22.0,1011.3,87.35
2004-03-07T00:00:00,43344099999,TIRUCHIRAPPALLI,10.767,78.717,21.0,1011.5,92.86
2004-03-07T01:40:00,43344099999,TIRUCHIRAPPALLI,10.767,78.717,23.0,,88.52
2004-03-07T02:40:00,43344099999,TIRUCHIRAPPALLI,10.767,78.717,25.0,,73.8
2004-03-07T03:00:00,43344099999,TIRUCHIRAPPALLI,10.767,78.717,25.4,1013.7,72.96
2004-03-07T03:40:00,43344099999,TIRUCHIRAPPALLI,10.767,78.717,27.0,,65.56
2004-03-07T04:40:00,43344099999,TIRUCHIRAPPALLI,10.767,78.717,29.0,,58.35
2004-03-07T05:40:00,43344099999,TIRUCHIRAPPALLI,10.767,78.717,31.0,,48.88
2004-03-07T06:00:00,43344099999,TIRUCHIRAPPALLI,10.767,78.717,30.6,1012.8,41.91
2004-03-07T06:40:00,43344099999,TIRUCHIRAPPALLI,10.767,78.717,32.0,,46.18
2004-03-07T09:00:00,43344099999,TIRUCHIRAPPALLI,10.767,78.717,35.0,1009.4,28.04
2004-03-07T09:40:00,43344099999,TIRUCHIRAPPALLI,10.767,78.717,35.0,,32.3
2004-03-07T10:40:00,43344099999,TIRUCHIRAPPALLI,10.767,78.717,34.0,,34.15
2004-03-07T12:00:00,43344099999,TIRUCHIRAPPALLI,10.767,78.717,34.6,1008.5,30.19
2004-03-07T12:40:00,43344099999,TIRUCHIRAPPALLI,10.767,78.717,32.0,,40.72
2004-03-07T13:40:00,43344099999,TIRUCHIRAPPALLI,10.767,78.717,30.0,,48.62
2004-03-07T14:40:00,43344099999,TIRUCHIRAPPALLI,10.767,78.717,28.0,,58.11
2004-03-07T15:00:00,43344099999,TIRUCHIRAPPALLI,10.767,78.717,28.0,1011.0,56.68
2004-03-07T15:40:00,43344099999,TIRUCHIRAPPALLI,10.767,78.717,28.0,,58.11
2004-03-07T16:40:00,43344099999,TIRUCHIRAPPALLI,10.767,78.717,26.0,,69.55
2004-03-07T17:40:00,43344099999,TIRUCHIRAPPALLI,10.767,78.717,25.0,,73.8
2004-03-07T18:00:00,43344099999,TIRUCHIRAPPALLI,10.767,78.717,25.0,1012.4,72.89
2004-03-07T18:40:00,43344099999,TIRUCHIRAPPALLI,10.767,78.717,24.0,,78.35
2004-03-07T21:00:00,43344099999,TIRUCHIRAPPALLI,10.767,78.717,22.0,1012.3,88.99
2004-03-07T21:40:00,43344099999,TIRUCHIRAPPALLI,10.767,78.717,22.0,,88.44
2004-03-07T23:40:00,43344099999,TIRUCHIRAPPALLI,10.767,78.717,21.0,,94.02
2004-03-08T00:00:00,43344099999,TIRUCHIRAPPALLI,10.767,78.717,21.2,1012.8,90.6
2004-03-08T01:40:00,43344099999,TIRUCHIRAPPALLI,10.767,78.717,23.0,,83.22
2004-03-08T03:00:00,43344099999,TIRUCHIRAPPALLI,10.767,78.717,24.8,1015.3,80.42
2004-03-08T03:40:00,43344099999,TIRUCHIRAPPALLI,10.767,78.717,27.0,,65.56
2004-03-08T04:40:00,43344099999,TIRUCHIRAPPALLI,10.767,78.717,28.0,,58.11
2004-03-08T05:40:00,43344099999,TIRUCHIRAPPALLI,10.767,78.717,29.0,,58.35
2004-03-08T06:00:00,43344099999,TIRUCHIRAPPALLI,10.767,78.717,30.4,1015.2,56.55
2004-03-08T06:40:00,43344099999,TIRUCHIRAPPALLI,10.767,78.717,32.0,,52.27
2004-03-08T07:40:00,43344099999,TIRUCHIRAPPALLI,10.767,78.717,34.0,,43.91
2004-03-08T09:00:00,43344099999,TIRUCHIRAPPALLI,10.767,78.717,33.8,1011.9,46.37
2004-03-08T12:00:00,43344099999,TIRUCHIRAPPALLI,10.767,78.717,34.2,1011.0,38.09
2004-03-08T12:40:00,43344099999,TIRUCHIRAPPALLI,10.767,78.717,33.0,,46.44
2004-03-08T13:40:00,43344099999,TIRUCHIRAPPALLI,10.767,78.717,31.0,,55.32
2004-03-08T14:40:00,43344099999,TIRUCHIRAPPALLI,10.767,78.717,29.0,,62.06
2004-03-08T15:00:00,43344099999,TIRUCHIRAPPALLI,10.767,78.717,28.6,1013.5,66.7
2004-03-08T15:40:00,43344099999,TIRUCHIRAPPALLI,10.767,78.717,28.0,,69.92
2004-03-08T16:40:00,43344099999,TIRUCHIRAPPALLI,10.767,78.717,27.0,,74.14
2004-03-08T18:00:00,43344099999,TIRUCHIRAPPALLI,10.767,78.717,25.6,1014.9,87.14
2004-03-08T18:40:00,43344099999,TIRUCHIRAPPALLI,10.767,78.717,25.0,,88.68
2004-03-08T19:40:00,43344099999,TIRUCHIRAPPALLI,10.767,78.717,25.0,,88.68
2004-03-08T20:40:00,43344099999,TIRUCHIRAPPALLI,10.767,78.717,25.0,,88.68
2004-03-08T21:00:00,43344099999,TIRUCHIRAPPALLI,10.767,78.717,25.4,1013.6,86.59
2004-03-08T21:40:00,43344099999,TIRUCHIRAPPALLI,10.767,78.717,25.0,,88.68
2004-03-08T22:40:00,43344099999,TIRUCHIRAPPALLI,10.767,78.717,25.0,,88.68
2004-03-08T23:40:00,43344099999,TIRUCHIRAPPALLI,10.767,78.717,24.0,,94.15
2004-03-09T00:00:00,43344099999,TIRUCHIRAPPALLI,10.767,78.717,24.4,1013.5,94.74
2004-03-09T01:40:00,43344099999,TIRUCHIRAPPALLI,10.767,78.717,25.0,,83.45
2004-03-09T02:40:00,43344099999,TIRUCHIRAPPALLI,10.767,78.717,26.0,,73.97
2004-03-09T03:00:00,43344099999,TIRUCHIRAPPALLI,10.767,78.717,27.0,1015.4,78.31
2004-03-09T04:40:00,43344099999,TIRUCHIRAPPALLI,10.767,78.717,29.0,,65.98
2004-03-09T05:40:00,43344099999,TIRUCHIRAPPALLI,10.767,78.717,31.0,,55.32
2004-03-09T06:00:00,43344099999,TIRUCHIRAPPALLI,10.767,78.717,32.0,1014.0,48.84
2004-03-09T06:40:00,43344099999,TIRUCHIRAPPALLI,10.767,78.717,33.0,,49.4
2004-03-09T08:40:00,43344099999,TIRUCHIRAPPALLI,10.767,78.717,34.0,,46.71
2004-03-09T09:00:00,43344099999,TIRUCHIRAPPALLI,10.767,78.717,34.2,1010.1,39.06
2004-03-09T09:40:00,43344099999,TIRUCHIRAPPALLI,10.767,78.717,35.0,,41.54
2004-03-09T12:00:00,43344099999,TIRUCHIRAPPALLI,10.767,78.717,33.0,1009.5,41.51
2004-03-09T15:00:00,43344099999,TIRUCHIRAPPALLI,10.767,78.717,27.6,1012.8,72.9
2004-03-09T18:00:00,43344099999,TIRUCHIRAPPALLI,10.767,78.717,26.0,1013.8,79.12
2004-03-09T20:40:00,43344099999,TIRUCHIRAPPALLI,10.767,78.717,25.0,,83.45
2004-03-09T21:00:00,43344099999,TIRUCHIRAPPALLI,10.767,78.717,24.6,1012.2,86.52
2004-03-09T21:40:00,43344099999,TIRUCHIRAPPALLI,10.767,78.717,24.0,,
2004-03-09T22:40:00,43344099999,TIRUCHIRAPPALLI,10.767,78.717,24.0,,88.6
2004-03-09T23:40:00,43344099999,TIRUCHIRAPPALLI,10.767,78.717,24.0,,88.6
2004-03-10T00:00:00,43344099999,TIRUCHIRAPPALLI,10.767,78.717,24.6,1012.1,83.41
2004-03-10T03:00:00,43344099999,TIRUCHIRAPPALLI,10.767,78.717,27.4,1013.7,74.2
2004-03-10T04:40:00,43344099999,TIRUCHIRAPPALLI,10.767,78.717,29.0,,62.06
2004-03-10T05:40:00,43344099999,TIRUCHIRAPPALLI,10.767,78.717,31.0,,55.32
2004-03-10T06:00:00,43344099999,TIRUCHIRAPPALLI,10.767,78.717,31.6,1012.6,54.13
2004-03-10T06:40:00,43344099999,TIRUCHIRAPPALLI,10.767,78.717,32.0,,52.27
2004-03-10T07:40:00,43344099999,TIRUCHIRAPPALLI,10.767,78.717,33.0,,49.4
2004-03-10T08:40:00,43344099999,TIRUCHIRAPPALLI,10.767,78.717,34.0,,46.71
2004-03-10T09:00:00,43344099999,TIRUCHIRAPPALLI,10.767,78.717,34.6,1008.9,40.41
2004-03-10T12:00:00,43344099999,TIRUCHIRAPPALLI,10.767,78.717,33.6,1007.8,38.17
2004-03-10T15:00:00,43344099999,TIRUCHIRAPPALLI,10.767,78.717,29.0,1010.6,64.38
2004-03-10T15:40:00,43344099999,TIRUCHIRAPPALLI,10.767,78.717,28.0,,74.3
2004-03-10T16:40:00,43344099999,TIRUCHIRAPPALLI,10.767,78.717,,,
2004-03-10T18:00:00,43344099999,TIRUCHIRAPPALLI,10.767,78.717,25.0,1012.1,89.76
2004-03-10T18:40:00,43344099999,TIRUCHIRAPPALLI,10.767,78.717,28.0,,74.3
2004-03-10T21:00:00,43344099999,TIRUCHIRAPPALLI,10.767,78.717,24.8,1010.5,91.39
2004-03-10T23:40:00,43344099999,TIRUCHIRAPPALLI,10.767,78.717,24.0,,94.15
2004-03-11T00:00:00,43344099999,TIRUCHIRAPPALLI,10.767,78.717,24.2,1010.7,94.73
2004-03-11T03:00:00,43344099999,TIRUCHIRAPPALLI,10.767,78.717,27.0,1012.8,78.31
2004-03-11T04:40:00,43344099999,TIRUCHIRAPPALLI,10.767,78.717,29.0,,65.98
2004-03-11T05:40:00,43344099999,TIRUCHIRAPPALLI,10.767,78.717,30.0,,62.28
2004-03-11T06:00:00,43344099999,TIRUCHIRAPPALLI,10.767,78.717,32.8,1012.4,43.32
2004-03-11T06:40:00,43344099999,TIRUCHIRAPPALLI,10.767,78.717,33.0,,46.44
2004-03-11T07:40:00,43344099999,TIRUCHIRAPPALLI,10.767,78.717,34.0,,46.71
2004-03-11T08:40:00,43344099999,TIRUCHIRAPPALLI,10.767,78.717,35.0,,41.54
2004-03-11T09:00:00,43344099999,TIRUCHIRAPPALLI,10.767,78.717,34.6,1009.1,38.44
2004-03-11T09:40:00,43344099999,TIRUCHIRAPPALLI,10.767,78.717,35.0,,39.04
2004-03-11T12:00:00,43344099999,TIRUCHIRAPPALLI,10.767,78.717,35.0,1008.1,25.59
2004-03-11T12:40:00,43344099999,TIRUCHIRAPPALLI,10.767,78.717,33.0,,38.49
2004-03-11T14:40:00,43344099999,TIRUCHIRAPPALLI,10.767,78.717,29.0,,54.83
2004-03-11T15:00:00,43344099999,TIRUCHIRAPPALLI,10.767,78.717,29.4,1011.4,49.7
2004-03-11T15:40:00,43344099999,TIRUCHIRAPPALLI,10.767,78.717,29.0,,54.83
2004-03-11T16:40:00,43344099999,TIRUCHIRAPPALLI,10.767,78.717,27.0,,65.56
2004-03-11T18:00:00,43344099999,TIRUCHIRAPPALLI,10.767,78.717,26.0,1013.0,80.58
2004-03-11T18:40:00,43344099999,TIRUCHIRAPPALLI,10.767,78.717,26.0,,78.64
2004-03-11T21:00:00,43344099999,TIRUCHIRAPPALLI,10.767,78.717,25.4,1011.2,85.03
2004-03-11T22:40:00,43344099999,TIRUCHIRAPPALLI,10.767,78.717,25.0,,83.45
2004-03-11T23:40:00,43344099999,TIRUCHIRAPPALLI,10.767,78.717,24.0,,88.6
2004-03-12T00:00:00,43344099999,TIRUCHIRAPPALLI,10.767,78.717,24.6,1011.9,84.95
2004-03-12T02:40:00,43344099999,TIRUCHIRAPPALLI,10.767,78.717,26.0,,78.64
2004-03-12T03:40:00,43344099999,TIRUCHIRAPPALLI,10.767,78.717,28.0,,74.3
2004-03-12T04:40:00,43344099999,TIRUCHIRAPPALLI,10.767,78.717,29.0,,65.98
2004-03-12T05:40:00,43344099999,TIRUCHIRAPPALLI,10.767,78.717,30.0,,62.28
2004-03-12T06:00:00,43344099999,TIRUCHIRAPPALLI,10.767,78.717,31.4,1013.5,54.08
2004-03-12T07:40:00,43344099999,TIRUCHIRAPPALLI,10.767,78.717,34.0,,46.71
2004-03-12T08:40:00,43344099999,TIRUCHIRAPPALLI,10.767,78.717,35.0,,41.54
2004-03-12T09:00:00,43344099999,TIRUCHIRAPPALLI,10.767,78.717,35.2,1009.4,
2004-03-12T09:40:00,43344099999,TIRUCHIRAPPALLI,10.767,78.717,35.0,,41.54
2004-03-12T12:00:00,43344099999,TIRUCHIRAPPALLI,10.767,78.717,34.2,1008.5,37.14
2004-03-12T14:40:00,43344099999,TIRUCHIRAPPALLI,10.767,78.717,30.0,,62.28
2004-03-12T15:00:00,43344099999,TIRUCHIRAPPALLI,10.767,78.717,29.0,1011.8,70.96
2004-03-12T15:40:00,43344099999,TIRUCHIRAPPALLI,10.767,78.717,29.0,,74.47
2004-03-12T16:40:00,43344099999,TIRUCHIRAPPALLI,10.767,78.717,27.0,,83.68
2004-03-12T18:00:00,43344099999,TIRUCHIRAPPALLI,10.767,78.717,26.0,1013.9,85.61
2004-03-12T19:40:00,43344099999,TIRUCHIRAPPALLI,10.767,78.717,26.0,,88.76
2004-03-12T21:00:00,43344099999,TIRUCHIRAPPALLI,10.767,78.717,26.0,1012.3,88.76
2004-03-12T22:40:00,43344099999,TIRUCHIRAPPALLI,10.767,78.717,26.0,,88.76
2004-03-12T23:40:00,43344099999,TIRUCHIRAPPALLI,10.767,78.717,25.0,,94.19
2004-03-13T00:00:00,43344099999,TIRUCHIRAPPALLI,10.767,78.717,25.0,1012.9,93.07
2004-03-13T01:40:00,43344099999,TIRUCHIRAPPALLI,10.767,78.717,26.0,,83.57
2004-03-13T03:00:00,43344099999,TIRUCHIRAPPALLI,10.767,78.717,27.4,1014.7,76.95
2004-03-13T04:40:00,43344099999,TIRUCHIRAPPALLI,10.767,78.717,30.0,,62.28
2004-03-13T05:40:00,43344099999,TIRUCHIRAPPALLI,10.767,78.717,32.0,,52.27
2004-03-13T06:00:00,43344099999,TIRUCHIRAPPALLI,10.767,78.717,32.6,1013.7,48.39
2004-03-13T06:40:00,43344099999,TIRUCHIRAPPALLI,10.767,78.717,33.0,,52.52
2004-03-13T07:40:00,43344099999,TIRUCHIRAPPALLI,10.767,78.717,34.0,,46.71
2004-03-13T08:40:00,43344099999,TIRUCHIRAPPALLI,10.767,78.717,34.0,,46.71
2004-03-13T09:00:00,43344099999,TIRUCHIRAPPALLI,10.767,78.717,34.8,1010.4,37.78
2004-03-13T10:40:00,43344099999,TIRUCHIRAPPALLI,10.767,78.717,35.0,,39.04
2004-03-13T12:00:00,43344099999,TIRUCHIRAPPALLI,10.767,78.717,35.0,1009.4,37.83
2004-03-13T13:40:00,43344099999,TIRUCHIRAPPALLI,10.767,78.717,31.0,,48.88
2004-03-13T15:00:00,43344099999,TIRUCHIRAPPALLI,10.767,78.717,29.6,1012.7,59.58
2004-03-13T15:40:00,43344099999,TIRUCHIRAPPALLI,10.767,78.717,29.0,,65.98
2004-03-13T18:00:00,43344099999,TIRUCHIRAPPALLI,10.767,78.717,26.0,1014.1,79.12
2004-03-13T18:40:00,43344099999,TIRUCHIRAPPALLI,10.767,78.717,26.0,,83.57
2004-03-13T20:40:00,43344099999,TIRUCHIRAPPALLI,10.767,78.717,25.0,,88.68
2004-03-13T21:00:00,43344099999,TIRUCHIRAPPALLI,10.767,78.717,25.4,1011.5,85.03
2004-03-13T21:40:00,43344099999,TIRUCHIRAPPALLI,10.767,78.717,25.0,,83.45
2004-03-13T23:40:00,43344099999,TIRUCHIRAPPALLI,10.767,78.717,25.0,,83.45
2004-03-14T00:00:00,43344099999,TIRUCHIRAPPALLI,10.767,78.717,23.6,1012.0,89.66
2004-03-14T03:00:00,43344099999,TIRUCHIRAPPALLI,10.767,78.717,27.0,1014.2,76.89
2004-03-14T04:40:00,43344099999,TIRUCHIRAPPALLI,10.767,78.717,30.0,,62.28
2004-03-14T05:40:00,43344099999,TIRUCHIRAPPALLI,10.767,78.717,31.0,,58.81
2004-03-14T06:00:00,43344099999,TIRUCHIRAPPALLI,10.767,78.717,31.4,1013.4,48.38
2004-03-14T06:40:00,43344099999,TIRUCHIRAPPALLI,10.767,78.717,32.0,,52.27
2004-03-14T08:40:00,43344099999,TIRUCHIRAPPALLI,10.767,78.717,34.0,,43.91
2004-03-14T09:00:00,43344099999,TIRUCHIRAPPALLI,10.767,78.717,34.4,1010.1,44.02
2004-03-14T12:00:00,43344099999,TIRUCHIRAPPALLI,10.767,78.717,33.4,1009.6,36.23
2004-03-14T15:00:00,43344099999,TIRUCHIRAPPALLI,10.767,78.717,29.4,1012.0,62.15
2004-03-14T16:40:00,43344099999,TIRUCHIRAPPALLI,10.767,78.717,28.0,,74.3
2004-03-14T18:00:00,43344099999,TIRUCHIRAPPALLI,10.767,78.717,26.4,1012.9,81.12
2004-03-14T18:40:00,43344099999,TIRUCHIRAPPALLI,10.767,78.717,26.0,,83.57
2004-03-14T20:40:00,43344099999,TIRUCHIRAPPALLI,10.767,78.717,25.0,,88.68
2004-03-14T21:00:00,43344099999,TIRUCHIRAPPALLI,10.767,78.717,24.4,1011.3,91.36
2004-03-14T21:40:00,43344099999,TIRUCHIRAPPALLI,10.767,78.717,24.0,,94.15
2004-03-14T22:40:00,43344099999,TIRUCHIRAPPALLI,10.767,78.717,24.0,,88.6
2004-03-14T23:40:00,43344099999,TIRUCHIRAPPALLI,10.767,78.717,23.0,,94.11
2004-03-15T00:00:00,43344099999,TIRUCHIRAPPALLI,10.767,78.717,23.4,1011.2,96.44
2004-03-15T01:40:00,43344099999,TIRUCHIRAPPALLI,10.767,78.717,25.0,,83.45
2004-03-15T03:00:00,43344099999,TIRUCHIRAPPALLI,10.767,78.717,27.4,1014.0,76.95
2004-03-15T03:40:00,43344099999,TIRUCHIRAPPALLI,10.767,78.717,28.0,,69.92
2004-03-15T06:00:00,43344099999,TIRUCHIRAPPALLI,10.767,78.717,33.0,1012.6,43.65
2004-03-15T06:40:00,43344099999,TIRUCHIRAPPALLI,10.767,78.717,34.0,,43.91
2004-03-15T08:40:00,43344099999,TIRUCHIRAPPALLI,10.767,78.717,35.0,,39.04
2004-03-15T09:00:00,43344099999,TIRUCHIRAPPALLI,10.767,78.717,37.0,1008.7,28.94
2004-03-15T09:40:00,43344099999,TIRUCHIRAPPALLI,10.767,78.717,37.0,,32.85
2004-03-15T10:40:00,43344099999,TIRUCHIRAPPALLI,10.767,78.717,38.0,,31.11
2004-03-15T12:00:00,43344099999,TIRUCHIRAPPALLI,10.767,78.717,36.0,1008.2,30.18
2004-03-15T13:40:00,43344099999,TIRUCHIRAPPALLI,10.767,78.717,32.0,,49.14
2004-03-15T15:00:00,43344099999,TIRUCHIRAPPALLI,10.767,78.717,30.0,1011.5,50.48
2004-03-15T15:40:00,43344099999,TIRUCHIRAPPALLI,10.767,78.717,30.0,,51.76
2004-03-15T16:40:00,43344099999,TIRUCHIRAPPALLI,10.767,78.717,27.0,,69.74
2004-03-15T18:00:00,43344099999,TIRUCHIRAPPALLI,10.767,78.717,26.2,1012.5,81.1
2004-03-15T18:40:00,43344099999,TIRUCHIRAPPALLI,10.767,78.717,26.0,,83.57
2004-03-15T21:00:00,43344099999,TIRUCHIRAPPALLI,10.767,78.717,24.4,1010.5,88.09
2004-03-15T23:40:00,43344099999,TIRUCHIRAPPALLI,10.767,78.717,24.0,,88.6
2004-03-16T00:00:00,43344099999,TIRUCHIRAPPALLI,10.767,78.717,24.2,1010.1,88.08
2004-03-16T02:40:00,43344099999,TIRUCHIRAPPALLI,10.767,78.717,26.0,,73.97
2004-03-16T03:00:00,43344099999,TIRUCHIRAPPALLI,10.767,78.717,26.0,1012.8,80.58
2004-03-16T03:40:00,43344099999,TIRUCHIRAPPALLI,10.767,78.717,28.0,,69.92
2004-03-16T06:00:00,43344099999,TIRUCHIRAPPALLI,10.767,78.717,32.0,1011.8,41.5
2004-03-16T06:40:00,43344099999,TIRUCHIRAPPALLI,10.767,78.717,33.0,,38.49
2004-03-16T07:40:00,43344099999,TIRUCHIRAPPALLI,10.767,78.717,34.0,,36.39
2004-03-16T08:40:00,43344099999,TIRUCHIRAPPALLI,10.767,78.717,36.0,,28.67
2004-03-16T09:00:00,43344099999,TIRUCHIRAPPALLI,10.767,78.717,36.0,1007.7,30.96
2004-03-16T09:40:00,43344099999,TIRUCHIRAPPALLI,10.767,78.717,36.0,,34.7
2004-03-16T10:40:00,43344099999,TIRUCHIRAPPALLI,10.767,78.717,36.0,,36.94
2004-03-16T11:40:00,43344099999,TIRUCHIRAPPALLI,10.767,78.717,36.0,,34.7
2004-03-16T12:00:00,43344099999,TIRUCHIRAPPALLI,10.767,78.717,36.0,1006.6,26.02
2004-03-16T12:40:00,43344099999,TIRUCHIRAPPALLI,10.767,78.717,35.0,,32.3
2004-03-16T14:40:00,43344099999,TIRUCHIRAPPALLI,10.767,78.717,30.0,,74.63
2004-03-16T15:00:00,43344099999,TIRUCHIRAPPALLI,10.767,78.717,29.6,1010.0,54.64
2004-03-16T18:00:00,43344099999,TIRUCHIRAPPALLI,10.767,78.717,25.6,1011.7,73.0
2004-03-16T18:40:00,43344099999,TIRUCHIRAPPALLI,10.767,78.717,26.0,,78.64
2004-03-16T19:40:00,43344099999,TIRUCHIRAPPALLI,10.767,78.717,25.0,,83.45
2004-03-16T20:40:00,43344099999,TIRUCHIRAPPALLI,10.767,78.717,24.0,,88.6
2004-03-16T21:00:00,43344099999,TIRUCHIRAPPALLI,10.767,78.717,23.6,1010.3,86.42
2004-03-16T22:40:00,43344099999,TIRUCHIRAPPALLI,10.767,78.717,23.0,,94.11
2004-03-16T23:40:00,43344099999,TIRUCHIRAPPALLI,10.767,78.717,23.0,,94.11
2004-03-17T00:00:00,43344099999,TIRUCHIRAPPALLI,10.767,78.717,22.6,1010.4,91.25
2004-03-17T01:40:00,43344099999,TIRUCHIRAPPALLI,10.767,78.717,23.0,,88.52
2004-03-17T03:00:00,43344099999,TIRUCHIRAPPALLI,10.767,78.717,25.6,1012.9,87.14
2004-03-17T04:40:00,43344099999,TIRUCHIRAPPALLI,10.767,78.717,30.0,,62.28
2004-03-17T05:40:00,43344099999,TIRUCHIRAPPALLI,10.767,78.717,32.0,,55.56
2004-03-17T06:00:00,43344099999,TIRUCHIRAPPALLI,10.767,78.717,33.0,1011.4,35.66
2004-03-17T06:40:00,43344099999,TIRUCHIRAPPALLI,10.767,78.717,34.0,,34.15
2004-03-17T07:40:00,43344099999,TIRUCHIRAPPALLI,10.767,78.717,35.0,,32.3
2004-03-17T08:40:00,43344099999,TIRUCHIRAPPALLI,10.767,78.717,36.0,,28.67
2004-03-17T09:00:00,43344099999,TIRUCHIRAPPALLI,10.767,78.717,36.4,1007.4,25.79
2004-03-17T12:00:00,43344099999,TIRUCHIRAPPALLI,10.767,78.717,36.0,1006.8,27.76
2004-03-17T15:00:00,43344099999,TIRUCHIRAPPALLI,10.767,78.717,31.0,1009.3,53.65
2004-03-17T15:40:00,43344099999,TIRUCHIRAPPALLI,10.767,78.717,30.0,,62.28
2004-03-17T16:40:00,43344099999,TIRUCHIRAPPALLI,10.767,78.717,29.0,,65.98
2004-03-17T18:00:00,43344099999,TIRUCHIRAPPALLI,10.767,78.717,26.4,1010.9,63.43
2004-03-17T18:40:00,43344099999,TIRUCHIRAPPALLI,10.767,78.717,26.0,,69.55
2004-03-17T20:40:00,43344099999,TIRUCHIRAPPALLI,10.767,78.717,25.0,,78.5
2004-03-17T21:00:00,43344099999,TIRUCHIRAPPALLI,10.767,78.717,25.4,1009.5,85.03
2004-03-17T23:40:00,43344099999,TIRUCHIRAPPALLI,10.767,78.717,25.0,,78.5
2004-03-18T00:00:00,43344099999,TIRUCHIRAPPALLI,10.767,78.717,24.2,1009.7,83.36
2004-03-18T01:40:00,43344099999,TIRUCHIRAPPALLI,10.767,78.717,25.0,,78.5
2004-03-18T03:00:00,43344099999,TIRUCHIRAPPALLI,10.767,78.717,27.0,1012.1,69.74
2004-03-18T03:40:00,43344099999,TIRUCHIRAPPALLI,10.767,78.717,28.0,,65.77
2004-03-18T04:40:00,43344099999,TIRUCHIRAPPALLI,10.767,78.717,30.0,,58.58
2004-03-18T05:40:00,43344099999,TIRUCHIRAPPALLI,10.767,78.717,33.0,,46.44
2004-03-18T06:00:00,43344099999,TIRUCHIRAPPALLI,10.767,78.717,34.4,1011.5,49.16
2004-03-18T06:40:00,43344099999,TIRUCHIRAPPALLI,10.767,78.717,35.0,,49.91
2004-03-18T07:40:00,43344099999,TIRUCHIRAPPALLI,10.767,78.717,36.0,,44.45
2004-03-18T08:40:00,43344099999,TIRUCHIRAPPALLI,10.767,78.717,37.0,,34.97
2004-03-18T09:00:00,43344099999,TIRUCHIRAPPALLI,10.767,78.717,38.8,1007.0,25.58
2004-03-18T09:40:00,43344099999,TIRUCHIRAPPALLI,10.767,78.717,39.0,,29.47
2004-03-18T12:00:00,43344099999,TIRUCHIRAPPALLI,10.767,78.717,37.4,1006.2,26.22
2004-03-18T14:40:00,43344099999,TIRUCHIRAPPALLI,10.767,78.717,31.0,,52.01
2004-03-18T15:00:00,43344099999,TIRUCHIRAPPALLI,10.767,78.717,31.0,1009.1,58.46
2004-03-18T15:40:00,43344099999,TIRUCHIRAPPALLI,10.767,78.717,30.0,,58.58
2004-03-18T16:40:00,43344099999,TIRUCHIRAPPALLI,10.767,78.717,30.0,,62.28
2004-03-18T18:00:00,43344099999,TIRUCHIRAPPALLI,10.767,78.717,27.4,1010.6,84.22
2004-03-18T18:40:00,43344099999,TIRUCHIRAPPALLI,10.767,78.717,27.0,,83.68
2004-03-18T20:40:00,43344099999,TIRUCHIRAPPALLI,10.767,78.717,26.0,,83.57
2004-03-18T21:00:00,43344099999,TIRUCHIRAPPALLI,10.767,78.717,26.0,1008.8,90.37
2004-03-18T22:40:00,43344099999,TIRUCHIRAPPALLI,10.767,78.717,25.0,,94.19
2004-03-18T23:40:00,43344099999,TIRUCHIRAPPALLI,10.767,78.717,25.0,,94.19
2004-03-19T00:00:00,43344099999,TIRUCHIRAPPALLI,10.767,78.717,25.4,1009.1,90.33
2004-03-19T01:40:00,43344099999,TIRUCHIRAPPALLI,10.767,78.717,26.0,,83.57
2004-03-19T03:00:00,43344099999,TIRUCHIRAPPALLI,10.767,78.717,28.0,1010.8,74.3
2004-03-19T03:40:00,43344099999,TIRUCHIRAPPALLI,10.767,78.717,29.0,,65.98
2004-03-19T06:00:00,43344099999,TIRUCHIRAPPALLI,10.767,78.717,34.4,1009.3,42.95
2004-03-19T06:40:00,43344099999,TIRUCHIRAPPALLI,10.767,78.717,35.0,,44.18
2004-03-19T07:40:00,43344099999,TIRUCHIRAPPALLI,10.767,78.717,37.0,,37.21
2004-03-19T08:40:00,43344099999,TIRUCHIRAPPALLI,10.767,78.717,37.0,,37.21
2004-03-19T09:00:00,43344099999,TIRUCHIRAPPALLI,10.767,78.717,38.8,1005.7,21.91
2004-03-19T09:40:00,43344099999,TIRUCHIRAPPALLI,10.767,78.717,39.0,,27.67
2004-03-19T12:00:00,43344099999,TIRUCHIRAPPALLI,10.767,78.717,38.6,1004.0,26.02
2004-03-19T15:00:00,43344099999,TIRUCHIRAPPALLI,10.767,78.717,32.0,1006.9,54.56
2004-03-19T15:40:00,43344099999,TIRUCHIRAPPALLI,10.767,78.717,31.0,,58.81
2004-03-19T16:40:00,43344099999,TIRUCHIRAPPALLI,10.767,78.717,30.0,,58.58
2004-03-19T18:00:00,43344099999,TIRUCHIRAPPALLI,10.767,78.717,28.2,1008.8,70.39
2004-03-19T18:40:00,43344099999,TIRUCHIRAPPALLI,10.767,78.717,27.0,,74.14
2004-03-19T21:00:00,43344099999,TIRUCHIRAPPALLI,10.767,78.717,26.0,1007.2,85.61
2004-03-19T23:40:00,43344099999,TIRUCHIRAPPALLI,10.767,78.717,25.0,,88.68
2004-03-20T00:00:00,43344099999,TIRUCHIRAPPALLI,10.767,78.717,24.6,1007.2,96.47
2004-03-20T00:40:00,43344099999,TIRUCHIRAPPALLI,10.767,78.717,24.0,,94.15
2004-03-20T01:40:00,43344099999,TIRUCHIRAPPALLI,10.767,78.717,25.0,,88.68
2004-03-20T02:40:00,43344099999,TIRUCHIRAPPALLI,10.767,78.717,28.0,,69.92
2004-03-20T03:00:00,43344099999,TIRUCHIRAPPALLI,10.767,78.717,28.0,1009.0,77.51
2004-03-20T03:40:00,43344099999,TIRUCHIRAPPALLI,10.767,78.717,30.0,,66.18
2004-03-20T04:40:00,43344099999,TIRUCHIRAPPALLI,10.767,78.717,32.0,,52.27
2004-03-20T05:40:00,43344099999,TIRUCHIRAPPALLI,10.767,78.717,34.0,,46.71
2004-03-20T06:00:00,43344099999,TIRUCHIRAPPALLI,10.767,78.717,34.4,1008.2,44.02
2004-03-20T07:40:00,43344099999,TIRUCHIRAPPALLI,10.767,78.717,37.0,,32.85
2004-03-20T09:00:00,43344099999,TIRUCHIRAPPALLI,10.767,78.717,38.4,1004.2,26.65
2004-03-20T09:40:00,43344099999,TIRUCHIRAPPALLI,10.767,78.717,39.0,,29.47
2004-03-20T12:00:00,43344099999,TIRUCHIRAPPALLI,10.767,78.717,38.0,1003.1,26.88
2004-03-20T12:40:00,43344099999,TIRUCHIRAPPALLI,10.767,78.717,37.0,,30.84
2004-03-20T13:40:00,43344099999,TIRUCHIRAPPALLI,10.767,78.717,34.0,,38.76
2004-03-20T14:40:00,43344099999,TIRUCHIRAPPALLI,10.767,78.717,32.0,,46.18
2004-03-20T15:00:00,43344099999,TIRUCHIRAPPALLI,10.767,78.717,32.0,1006.0,43.65
2004-03-20T15:40:00,43344099999,TIRUCHIRAPPALLI,10.767,78.717,31.0,,52.01
2004-03-20T16:40:00,43344099999,TIRUCHIRAPPALLI,10.767,78.717,30.0,,55.08
2004-03-20T18:00:00,43344099999,TIRUCHIRAPPALLI,10.767,78.717,28.0,1007.1,63.39
2004-03-20T18:40:00,43344099999,TIRUCHIRAPPALLI,10.767,78.717,27.0,,69.74
2004-03-20T20:40:00,43344099999,TIRUCHIRAPPALLI,10.767,78.717,26.0,,69.55
2004-03-20T21:00:00,43344099999,TIRUCHIRAPPALLI,10.767,78.717,26.0,1006.8,69.12
2004-03-20T22:40:00,43344099999,TIRUCHIRAPPALLI,10.767,78.717,25.0,,78.5
2004-03-20T23:40:00,43344099999,TIRUCHIRAPPALLI,10.767,78.717,25.0,,78.5
2004-03-21T00:00:00,43344099999,TIRUCHIRAPPALLI,10.767,78.717,26.0,1006.9,78.64
2004-03-21T00:40:00,43344099999,TIRUCHIRAPPALLI,10.767,78.717,26.0,,78.64
2004-03-21T01:40:00,43344099999,TIRUCHIRAPPALLI,10.767,78.717,27.0,,69.74
2004-03-21T02:40:00,43344099999,TIRUCHIRAPPALLI,10.767,78.717,28.0,,69.92
2004-03-21T03:00:00,43344099999,TIRUCHIRAPPALLI,10.767,78.717,28.4,1009.4,73.03
2004-03-21T04:40:00,43344099999,TIRUCHIRAPPALLI,10.767,78.717,32.0,,52.27
2004-03-21T05:40:00,43344099999,TIRUCHIRAPPALLI,10.767,78.717,34.0,,43.91
2004-03-21T06:00:00,43344099999,TIRUCHIRAPPALLI,10.767,78.717,35.0,1008.9,37.83
2004-03-21T06:40:00,43344099999,TIRUCHIRAPPALLI,10.767,78.717,36.0,,36.94
2004-03-21T08:40:00,43344099999,TIRUCHIRAPPALLI,10.767,78.717,38.0,,27.4
2004-03-21T09:00:00,43344099999,TIRUCHIRAPPALLI,10.767,78.717,38.4,1005.2,22.09
2004-03-21T09:40:00,43344099999,TIRUCHIRAPPALLI,10.767,78.717,39.0,,25.96
2004-03-21T10:40:00,43344099999,TIRUCHIRAPPALLI,10.767,78.717,39.0,,25.96
2004-03-21T11:40:00,43344099999,TIRUCHIRAPPALLI,10.767,78.717,39.0,,25.96
2004-03-21T12:00:00,43344099999,TIRUCHIRAPPALLI,10.767,78.717,37.8,1004.5,26.66
2004-03-21T12:40:00,43344099999,TIRUCHIRAPPALLI,10.767,78.717,37.0,,30.84
2004-03-21T15:00:00,43344099999,TIRUCHIRAPPALLI,10.767,78.717,32.0,1007.3,42.56
2004-03-21T15:40:00,43344099999,TIRUCHIRAPPALLI,10.767,78.717,31.0,,52.01
2004-03-21T16:40:00,43344099999,TIRUCHIRAPPALLI,10.767,78.717,30.0,,55.08
2004-03-21T18:00:00,43344099999,TIRUCHIRAPPALLI,10.767,78.717,28.0,1008.7,63.39
2004-03-21T18:40:00,43344099999,TIRUCHIRAPPALLI,10.767,78.717,28.0,,65.77
2004-03-21T20:40:00,43344099999,TIRUCHIRAPPALLI,10.767,78.717,27.0,,69.74
2004-03-21T21:00:00,43344099999,TIRUCHIRAPPALLI,10.767,78.717,26.6,1007.8,80.66
2004-03-21T22:40:00,43344099999,TIRUCHIRAPPALLI,10.767,78.717,26.0,,78.64
2004-03-21T23:40:00,43344099999,TIRUCHIRAPPALLI,10.767,78.717,26.0,,78.64
2004-03-22T00:00:00,43344099999,TIRUCHIRAPPALLI,10.767,78.717,25.8,1007.9,84.05
2004-03-22T02:40:00,43344099999,TIRUCHIRAPPALLI,10.767,78.717,28.0,,74.3
2004-03-22T03:00:00,43344099999,TIRUCHIRAPPALLI,10.767,78.717,29.2,1010.3,79.09
2004-03-22T03:40:00,43344099999,TIRUCHIRAPPALLI,10.767,78.717,30.0,,70.29
2004-03-22T04:40:00,43344099999,TIRUCHIRAPPALLI,10.767,78.717,31.0,,66.38
2004-03-22T06:00:00,43344099999,TIRUCHIRAPPALLI,10.767,78.717,34.0,1009.9,45.57
2004-03-22T06:40:00,43344099999,TIRUCHIRAPPALLI,10.767,78.717,36.0,,44.45
2004-03-22T07:00:00,43344099999,TIRUCHIRAPPALLI,10.767,78.717,37.0,,42.08
2004-03-22T08:40:00,43344099999,TIRUCHIRAPPALLI,10.767,78.717,38.0,,37.48
2004-03-22T09:00:00,43344099999,TIRUCHIRAPPALLI,10.767,78.717,38.0,1006.0,35.9
2004-03-22T09:40:00,43344099999,TIRUCHIRAPPALLI,10.767,78.717,38.0,,37.48
2004-03-22T10:40:00,43344099999,TIRUCHIRAPPALLI,10.767,78.717,38.0,,37.48
2004-03-22T12:00:00,43344099999,TIRUCHIRAPPALLI,10.767,78.717,37.6,1005.4,32.8
2004-03-22T13:40:00,43344099999,TIRUCHIRAPPALLI,10.767,78.717,33.0,,52.52
2004-03-22T15:00:00,43344099999,TIRUCHIRAPPALLI,10.767,78.717,31.4,1008.3,61.09
2004-03-22T15:40:00,43344099999,TIRUCHIRAPPALLI,10.767,78.717,31.0,,62.5
2004-03-22T18:00:00,43344099999,TIRUCHIRAPPALLI,10.767,78.717,28.6,1009.6,76.21
2004-03-22T18:40:00,43344099999,TIRUCHIRAPPALLI,10.767,78.717,28.0,,78.92
2004-03-22T19:40:00,43344099999,TIRUCHIRAPPALLI,10.767,78.717,28.0,,78.92
2004-03-22T21:00:00,43344099999,TIRUCHIRAPPALLI,10.767,78.717,26.6,1008.2,90.41
2004-03-22T23:40:00,43344099999,TIRUCHIRAPPALLI,10.767,78.717,25.0,,94.19
2004-03-23T00:00:00,43344099999,TIRUCHIRAPPALLI,10.767,78.717,24.8,1008.3,94.75
2004-03-23T03:00:00,43344099999,TIRUCHIRAPPALLI,10.767,78.717,28.2,1010.5,83.31
2004-03-23T03:40:00,43344099999,TIRUCHIRAPPALLI,10.767,78.717,30.0,,66.18
2004-03-23T04:40:00,43344099999,TIRUCHIRAPPALLI,10.767,78.717,32.0,,59.04
2004-03-23T05:40:00,43344099999,TIRUCHIRAPPALLI,10.767,78.717,34.0,,49.66
2004-03-23T06:00:00,43344099999,TIRUCHIRAPPALLI,10.767,78.717,34.0,1009.7,49.66
2004-03-23T06:40:00,43344099999,TIRUCHIRAPPALLI,10.767,78.717,35.0,,46.97
2004-03-23T08:40:00,43344099999,TIRUCHIRAPPALLI,10.767,78.717,38.0,,35.24
2004-03-23T09:00:00,43344099999,TIRUCHIRAPPALLI,10.767,78.717,38.0,1006.1,31.7
2004-03-23T12:00:00,43344099999,TIRUCHIRAPPALLI,10.767,78.717,38.6,1005.1,23.78
2004-03-23T14:40:00,43344099999,TIRUCHIRAPPALLI,10.767,78.717,32.0,,52.27
2004-03-23T15:00:00,43344099999,TIRUCHIRAPPALLI,10.767,78.717,32.0,1007.6,53.24
2004-03-23T15:40:00,43344099999,TIRUCHIRAPPALLI,10.767,78.717,31.0,,58.81
2004-03-23T18:00:00,43344099999,TIRUCHIRAPPALLI,10.767,78.717,29.4,1009.7,58.08
2004-03-23T21:00:00,43344099999,TIRUCHIRAPPALLI,10.767,78.717,27.4,1008.0,75.57
2004-03-23T21:40:00,43344099999,TIRUCHIRAPPALLI,10.767,78.717,27.0,,78.78
2004-03-24T00:00:00,43344099999,TIRUCHIRAPPALLI,10.767,78.717,26.4,1008.0,84.12
2004-03-24T02:40:00,43344099999,TIRUCHIRAPPALLI,10.767,78.717,29.0,,74.47
2004-03-24T03:00:00,43344099999,TIRUCHIRAPPALLI,10.767,78.717,29.0,1009.9,79.06
2004-03-24T04:40:00,43344099999,TIRUCHIRAPPALLI,10.767,78.717,32.0,,55.56
2004-03-24T05:40:00,43344099999,TIRUCHIRAPPALLI,10.767,78.717,34.0,,46.71
2004-03-24T06:00:00,43344099999,TIRUCHIRAPPALLI,10.767,78.717,35.0,1009.2,41.8
2004-03-24T07:40:00,43344099999,TIRUCHIRAPPALLI,10.767,78.717,37.0,,37.21
2004-03-24T09:00:00,43344099999,TIRUCHIRAPPALLI,10.767,78.717,38.8,1004.7,32.51
2004-03-24T10:40:00,43344099999,TIRUCHIRAPPALLI,10.767,78.717,39.0,,35.51
2004-03-24T11:40:00,43344099999,TIRUCHIRAPPALLI,10.767,78.717,38.0,,37.48
2004-03-24T12:40:00,43344099999,TIRUCHIRAPPALLI,10.767,78.717,37.0,,42.08
2004-03-24T14:40:00,43344099999,TIRUCHIRAPPALLI,10.767,78.717,32.0,,55.56
2004-03-24T15:00:00,43344099999,TIRUCHIRAPPALLI,10.767,78.717,31.6,1006.5,63.77
2004-03-24T15:40:00,43344099999,TIRUCHIRAPPALLI,10.767,78.717,31.0,,66.38
2004-03-24T16:40:00,43344099999,TIRUCHIRAPPALLI,10.767,78.717,30.0,,66.18
2004-03-24T18:00:00,43344099999,TIRUCHIRAPPALLI,10.767,78.717,29.6,1008.2,79.61
2004-03-24T18:40:00,43344099999,TIRUCHIRAPPALLI,10.767,78.717,29.0,,79.06
2004-03-24T21:00:00,43344099999,TIRUCHIRAPPALLI,10.767,78.717,28.2,1006.4,88.93
2004-03-25T00:00:00,43344099999,TIRUCHIRAPPALLI,10.767,78.717,26.2,1006.9,93.68
2004-03-25T00:40:00,43344099999,TIRUCHIRAPPALLI,10.767,78.717,26.0,,94.23
2004-03-25T03:00:00,43344099999,TIRUCHIRAPPALLI,10.767,78.717,29.4,1008.6,72.33
2004-03-25T04:40:00,43344099999,TIRUCHIRAPPALLI,10.767,78.717,33.0,,55.81
2004-03-25T06:00:00,43344099999,TIRUCHIRAPPALLI,10.767,78.717,35.8,1007.9,44.39
2004-03-25T06:40:00,43344099999,TIRUCHIRAPPALLI,10.767,78.717,35.0,,46.97
2004-03-25T08:40:00,43344099999,TIRUCHIRAPPALLI,10.767,78.717,39.0,,35.51
2004-03-25T09:00:00,43344099999,TIRUCHIRAPPALLI,10.767,78.717,39.4,1003.9,24.77
2004-03-25T09:40:00,43344099999,TIRUCHIRAPPALLI,10.767,78.717,39.0,,27.67
2004-03-25T10:40:00,43344099999,TIRUCHIRAPPALLI,10.767,78.717,39.0,,27.67
2004-03-25T11:40:00,43344099999,TIRUCHIRAPPALLI,10.767,78.717,39.0,,27.67
2004-03-25T12:00:00,43344099999,TIRUCHIRAPPALLI,10.767,78.717,38.4,1003.3,24.35
2004-03-25T12:40:00,43344099999,TIRUCHIRAPPALLI,10.767,78.717,38.0,,31.11
2004-03-25T13:40:00,43344099999,TIRUCHIRAPPALLI,10.767,78.717,35.0,,39.04
2004-03-25T15:00:00,43344099999,TIRUCHIRAPPALLI,10.767,78.717,32.4,1006.0,62.8
2004-03-25T15:40:00,43344099999,TIRUCHIRAPPALLI,10.767,78.717,31.0,,70.48
2004-03-25T16:40:00,43344099999,TIRUCHIRAPPALLI,10.767,78.717,30.0,,74.63
2004-03-25T18:00:00,43344099999,TIRUCHIRAPPALLI,10.767,78.717,30.0,1008.1,76.88
2004-03-25T18:40:00,43344099999,TIRUCHIRAPPALLI,10.767,78.717,29.0,,79.06
2004-03-25T20:40:00,43344099999,TIRUCHIRAPPALLI,10.767,78.717,28.0,,88.92
2004-03-25T21:00:00,43344099999,TIRUCHIRAPPALLI,10.767,78.717,28.4,1006.1,84.83
2004-03-25T22:40:00,43344099999,TIRUCHIRAPPALLI,10.767,78.717,27.0,,94.27
2004-03-26T00:00:00,43344099999,TIRUCHIRAPPALLI,10.767,78.717,27.0,1006.7,88.84
2004-03-26T03:00:00,43344099999,TIRUCHIRAPPALLI,10.767,78.717,29.0,1008.5,80.48
2004-03-26T04:40:00,43344099999,TIRUCHIRAPPALLI,10.767,78.717,32.0,,66.58
2004-03-26T05:40:00,43344099999,TIRUCHIRAPPALLI,10.767,78.717,33.0,,62.93
2004-03-26T06:00:00,43344099999,TIRUCHIRAPPALLI,10.767,78.717,34.0,1008.4,46.71
2004-03-26T06:40:00,43344099999,TIRUCHIRAPPALLI,10.767,78.717,34.0,,52.77
2004-03-26T08:40:00,43344099999,TIRUCHIRAPPALLI,10.767,78.717,38.0,,37.48
2004-03-26T09:00:00,43344099999,TIRUCHIRAPPALLI,10.767,78.717,38.0,1004.4,26.2
2004-03-26T09:40:00,43344099999,TIRUCHIRAPPALLI,10.767,78.717,39.0,,27.67
2004-03-26T10:40:00,43344099999,TIRUCHIRAPPALLI,10.767,78.717,38.0,,29.2
2004-03-26T11:40:00,43344099999,TIRUCHIRAPPALLI,10.767,78.717,37.0,,32.85
2004-03-26T12:00:00,43344099999,TIRUCHIRAPPALLI,10.767,78.717,37.6,1004.0,24.95
2004-03-26T15:00:00,43344099999,TIRUCHIRAPPALLI,10.767,78.717,31.0,1007.4,59.54
2004-03-26T15:40:00,43344099999,TIRUCHIRAPPALLI,10.767,78.717,30.0,,62.28
2004-03-26T16:40:00,43344099999,TIRUCHIRAPPALLI,10.767,78.717,30.0,,62.28
2004-03-26T18:00:00,43344099999,TIRUCHIRAPPALLI,10.767,78.717,28.2,1009.4,77.54
2004-03-26T21:00:00,43344099999,TIRUCHIRAPPALLI,10.767,78.717,27.6,1008.2,79.82
2004-03-26T23:40:00,43344099999,TIRUCHIRAPPALLI,10.767,78.717,27.0,,78.78
2004-03-27T00:00:00,43344099999,TIRUCHIRAPPALLI,10.767,78.717,26.8,1009.0,85.69
2004-03-27T00:40:00,43344099999,TIRUCHIRAPPALLI,10.767,78.717,27.0,,78.78
2004-03-27T01:40:00,43344099999,TIRUCHIRAPPALLI,10.767,78.717,28.0,,74.3
2004-03-27T02:40:00,43344099999,TIRUCHIRAPPALLI,10.767,78.717,28.0,,74.3
2004-03-27T03:00:00,43344099999,TIRUCHIRAPPALLI,10.767,78.717,29.4,1011.6,72.33
2004-03-27T03:40:00,43344099999,TIRUCHIRAPPALLI,10.767,78.717,31.0,,66.38
2004-03-27T06:00:00,43344099999,TIRUCHIRAPPALLI,10.767,78.717,33.8,1011.1,42.52
2004-03-27T09:00:00,43344099999,TIRUCHIRAPPALLI,10.767,78.717,37.0,1007.3,34.75
2004-03-27T10:40:00,43344099999,TIRUCHIRAPPALLI,10.767,78.717,37.0,,37.21
2004-03-27T12:00:00,43344099999,TIRUCHIRAPPALLI,10.767,78.717,36.2,1006.4,31.21
2004-03-27T12:40:00,43344099999,TIRUCHIRAPPALLI,10.767,78.717,35.0,,44.18
2004-03-27T13:40:00,43344099999,TIRUCHIRAPPALLI,10.767,78.717,32.0,,55.56
2004-03-27T14:40:00,43344099999,TIRUCHIRAPPALLI,10.767,78.717,31.0,,62.5
2004-03-27T15:00:00,43344099999,TIRUCHIRAPPALLI,10.767,78.717,30.4,1010.2,65.07
2004-03-27T15:40:00,43344099999,TIRUCHIRAPPALLI,10.767,78.717,30.0,,66.18
2004-03-27T16:40:00,43344099999,TIRUCHIRAPPALLI,10.767,78.717,29.0,,70.11
2004-03-27T18:00:00,43344099999,TIRUCHIRAPPALLI,10.767,78.717,28.2,1012.1,76.15
2004-03-27T21:00:00,43344099999,TIRUCHIRAPPALLI,10.767,78.717,27.6,1011.0,79.82
2004-03-27T21:40:00,43344099999,TIRUCHIRAPPALLI,10.767,78.717,27.0,,78.78
2004-03-27T22:40:00,43344099999,TIRUCHIRAPPALLI,10.767,78.717,27.0,,83.68
2004-03-27T23:40:00,43344099999,TIRUCHIRAPPALLI,10.767,78.717,26.0,,88.76
2004-03-28T00:00:00,43344099999,TIRUCHIRAPPALLI,10.767,78.717,26.6,1010.7,87.23
2004-03-28T01:40:00,43344099999,TIRUCHIRAPPALLI,10.767,78.717,28.0,,78.92
2004-03-28T03:00:00,43344099999,TIRUCHIRAPPALLI,10.767,78.717,29.4,1013.0,73.64
2004-03-28T03:40:00,43344099999,TIRUCHIRAPPALLI,10.767,78.717,30.0,,70.29
2004-03-28T04:40:00,43344099999,TIRUCHIRAPPALLI,10.767,78.717,32.0,,62.71
2004-03-28T05:40:00,43344099999,TIRUCHIRAPPALLI,10.767,78.717,33.0,,55.81
2004-03-28T06:00:00,43344099999,TIRUCHIRAPPALLI,10.767,78.717,34.4,1011.8,47.97
2004-03-28T06:40:00,43344099999,TIRUCHIRAPPALLI,10.767,78.717,35.0,,49.91
2004-03-28T07:40:00,43344099999,TIRUCHIRAPPALLI,10.767,78.717,36.0,,44.45
2004-03-28T08:40:00,43344099999,TIRUCHIRAPPALLI,10.767,78.717,37.0,,42.08
2004-03-28T09:00:00,43344099999,TIRUCHIRAPPALLI,10.767,78.717,37.0,,39.09
2004-03-28T09:40:00,43344099999,TIRUCHIRAPPALLI,10.767,78.717,37.0,,42.08
2004-03-28T10:40:00,43344099999,TIRUCHIRAPPALLI,10.767,78.717,37.0,,42.08
2004-03-28T12:00:00,43344099999,TIRUCHIRAPPALLI,10.767,78.717,32.0,1008.2,59.04
2004-03-28T15:00:00,43344099999,TIRUCHIRAPPALLI,10.767,78.717,30.0,1010.5,69.04
2004-03-28T15:40:00,43344099999,TIRUCHIRAPPALLI,10.767,78.717,29.0,,74.47
2004-03-28T16:40:00,43344099999,TIRUCHIRAPPALLI,10.767,78.717,28.0,,78.92
2004-03-28T18:00:00,43344099999,TIRUCHIRAPPALLI,10.767,78.717,29.0,1011.5,77.66
2004-03-28T18:40:00,43344099999,TIRUCHIRAPPALLI,10.767,78.717,28.0,,78.92
2004-03-28T21:00:00,43344099999,TIRUCHIRAPPALLI,10.767,78.717,28.0,1009.9,77.51
2004-03-28T21:40:00,43344099999,TIRUCHIRAPPALLI,10.767,78.717,28.0,,78.92
2004-03-28T22:40:00,43344099999,TIRUCHIRAPPALLI,10.767,78.717,28.0,,74.3
2004-03-28T23:40:00,43344099999,TIRUCHIRAPPALLI,10.767,78.717,27.0,,
2004-03-29T00:00:00,43344099999,TIRUCHIRAPPALLI,10.767,78.717,26.6,1010.4,87.23
2004-03-29T00:40:00,43344099999,TIRUCHIRAPPALLI,10.767,78.717,27.0,,83.68
2004-03-29T01:40:00,43344099999,TIRUCHIRAPPALLI,10.767,78.717,27.0,,83.68
2004-03-29T03:00:00,43344099999,TIRUCHIRAPPALLI,10.767,78.717,29.0,1012.7,81.93
2004-03-29T03:40:00,43344099999,TIRUCHIRAPPALLI,10.767,78.717,30.0,,66.18
2004-03-29T04:40:00,43344099999,TIRUCHIRAPPALLI,10.767,78.717,31.0,,70.48
2004-03-29T06:00:00,43344099999,TIRUCHIRAPPALLI,10.767,78.717,34.4,1011.7,49.16
2004-03-29T06:40:00,43344099999,TIRUCHIRAPPALLI,10.767,78.717,36.0,,47.23
2004-03-29T07:40:00,43344099999,TIRUCHIRAPPALLI,10.767,78.717,36.0,,47.23
2004-03-29T08:40:00,43344099999,TIRUCHIRAPPALLI,10.767,78.717,37.0,,44.71
2004-03-29T09:00:00,43344099999,TIRUCHIRAPPALLI,10.767,78.717,37.2,1007.9,35.02
2004-03-29T09:40:00,43344099999,TIRUCHIRAPPALLI,10.767,78.717,37.0,,39.58
2004-03-29T10:40:00,43344099999,TIRUCHIRAPPALLI,10.767,78.717,38.0,,35.24
2004-03-29T11:40:00,43344099999,TIRUCHIRAPPALLI,10.767,78.717,37.0,,39.58
2004-03-29T12:00:00,43344099999,TIRUCHIRAPPALLI,10.767,78.717,36.2,1006.3,41.1
2004-03-29T12:40:00,43344099999,TIRUCHIRAPPALLI,10.767,78.717,35.0,,49.91
2004-03-29T13:40:00,43344099999,TIRUCHIRAPPALLI,10.767,78.717,29.0,,70.11
2004-03-29T15:00:00,43344099999,TIRUCHIRAPPALLI,10.767,78.717,31.6,1010.3,62.25
2004-03-29T15:40:00,43344099999,TIRUCHIRAPPALLI,10.767,78.717,31.0,,66.38
2004-03-29T18:00:00,43344099999,TIRUCHIRAPPALLI,10.767,78.717,29.8,1011.5,72.83
2004-03-29T18:40:00,43344099999,TIRUCHIRAPPALLI,10.767,78.717,29.0,,79.06
2004-03-29T21:00:00,43344099999,TIRUCHIRAPPALLI,10.767,78.717,28.4,1009.7,81.86
2004-03-29T23:40:00,43344099999,TIRUCHIRAPPALLI,10.767,78.717,28.0,,83.79
2004-03-30T00:00:00,43344099999,TIRUCHIRAPPALLI,10.767,78.717,27.4,1010.4,85.75
2004-03-30T03:00:00,43344099999,TIRUCHIRAPPALLI,10.767,78.717,30.0,1012.8,76.88
2004-03-30T05:40:00,43344099999,TIRUCHIRAPPALLI,10.767,78.717,35.0,,49.91
2004-03-30T06:00:00,43344099999,TIRUCHIRAPPALLI,10.767,78.717,35.6,1011.8,46.27
2004-03-30T06:40:00,43344099999,TIRUCHIRAPPALLI,10.767,78.717,36.0,,44.45
2004-03-30T07:40:00,43344099999,TIRUCHIRAPPALLI,10.767,78.717,36.0,,44.45
2004-03-30T08:40:00,43344099999,TIRUCHIRAPPALLI,10.767,78.717,37.0,,42.08
2004-03-30T09:00:00,43344099999,TIRUCHIRAPPALLI,10.767,78.717,37.6,1007.9,41.47
2004-03-30T09:40:00,43344099999,TIRUCHIRAPPALLI,10.767,78.717,38.0,,42.34
2004-03-30T10:40:00,43344099999,TIRUCHIRAPPALLI,10.767,78.717,37.0,,47.49
2004-03-30T12:00:00,43344099999,TIRUCHIRAPPALLI,10.767,78.717,36.8,1006.1,39.77
2004-03-30T12:40:00,43344099999,TIRUCHIRAPPALLI,10.767,78.717,36.0,,47.23
2004-03-30T13:40:00,43344099999,TIRUCHIRAPPALLI,10.767,78.717,33.0,,55.81
2004-03-30T15:00:00,43344099999,TIRUCHIRAPPALLI,10.767,78.717,31.4,1010.0,63.34
2004-03-30T15:40:00,43344099999,TIRUCHIRAPPALLI,10.767,78.717,31.0,,66.38
2004-03-30T18:00:00,43344099999,TIRUCHIRAPPALLI,10.767,78.717,30.2,1011.2,63.86
2004-03-30T18:40:00,43344099999,TIRUCHIRAPPALLI,10.767,78.717,30.0,,74.63
2004-03-30T21:00:00,43344099999,TIRUCHIRAPPALLI,10.767,78.717,28.6,1010.0,73.51
2004-03-30T21:40:00,43344099999,TIRUCHIRAPPALLI,10.767,78.717,28.0,,83.79
2004-03-30T22:40:00,43344099999,TIRUCHIRAPPALLI,10.767,78.717,28.0,,83.79
2004-03-30T23:40:00,43344099999,TIRUCHIRAPPALLI,10.767,78.717,27.0,,88.84
2004-03-31T00:00:00,43344099999,TIRUCHIRAPPALLI,10.767,78.717,27.4,1010.6,88.87
2004-03-31T00:40:00,43344099999,TIRUCHIRAPPALLI,10.767,78.717,27.0,,94.27
2004-03-31T01:40:00,43344099999,TIRUCHIRAPPALLI,10.767,78.717,27.0,,94.27
2004-03-31T03:00:00,43344099999,TIRUCHIRAPPALLI,10.767,78.717,30.2,1012.1,71.61
2004-03-31T03:40:00,43344099999,TIRUCHIRAPPALLI,10.767,78.717,31.0,,70.48
2004-03-31T04:40:00,43344099999,TIRUCHIRAPPALLI,10.767,78.717,33.0,,59.27
2004-03-31T05:40:00,43344099999,TIRUCHIRAPPALLI,10.767,78.717,35.0,,49.91
2004-03-31T06:00:00,43344099999,TIRUCHIRAPPALLI,10.767,78.717,35.6,1011.4,46.27
2004-03-31T06:40:00,43344099999,TIRUCHIRAPPALLI,10.767,78.717,37.0,,44.71
2004-03-31T07:40:00,43344099999,TIRUCHIRAPPALLI,10.767,78.717,38.0,,42.34
2004-03-31T08:40:00,43344099999,TIRUCHIRAPPALLI,10.767,78.717,38.0,,42.34
2004-03-31T09:00:00,43344099999,TIRUCHIRAPPALLI,10.767,78.717,38.4,1007.4,37.82
2004-03-31T09:40:00,43344099999,TIRUCHIRAPPALLI,10.767,78.717,39.0,,37.75
2004-03-31T10:40:00,43344099999,TIRUCHIRAPPALLI,10.767,78.717,38.0,,37.48
2004-03-31T11:40:00,43344099999,TIRUCHIRAPPALLI,10.767,78.717,35.0,,46.97
2004-03-31T12:00:00,43344099999,TIRUCHIRAPPALLI,10.767,78.717,35.4,1006.5,42.16
2004-03-31T14:40:00,43344099999,TIRUCHIRAPPALLI,10.767,78.717,33.0,,59.27
2004-03-31T15:00:00,43344099999,TIRUCHIRAPPALLI,10.767,78.717,31.6,1010.9,62.25
2004-03-31T15:40:00,43344099999,TIRUCHIRAPPALLI,10.767,78.717,31.0,,66.38
2004-03-31T16:40:00,43344099999,TIRUCHIRAPPALLI,10.767,78.717,31.0,,66.38
2004-03-31T18:00:00,43344099999,TIRUCHIRAPPALLI,10.767,78.717,30.0,1012.2,79.67
2004-03-31T18:40:00,43344099999,TIRUCHIRAPPALLI,10.767,78.717,29.0,,88.99
2004-03-31T21:00:00,43344099999,TIRUCHIRAPPALLI,10.767,78.717,28.6,1010.8,73.51
2004-03-31T23:40:00,43344099999,TIRUCHIRAPPALLI,10.767,78.717,28.0,,88.92
2004-04-01T00:00:00,43344099999,TIRUCHIRAPPALLI,10.767,78.717,28.0,1011.2,83.29
2004-04-01T01:40:00,43344099999,TIRUCHIRAPPALLI,10.767,78.717,29.0,,74.47
2004-04-01T03:00:00,43344099999,TIRUCHIRAPPALLI,10.767,78.717,30.0,1013.7,78.26
2004-04-01T03:40:00,43344099999,TIRUCHIRAPPALLI,10.767,78.717,31.0,,70.48
2004-04-01T04:40:00,43344099999,TIRUCHIRAPPALLI,10.767,78.717,33.0,,55.81
2004-04-01T05:40:00,43344099999,TIRUCHIRAPPALLI,10.767,78.717,35.0,,49.91
2004-04-01T06:00:00,43344099999,TIRUCHIRAPPALLI,10.767,78.717,33.6,1013.0,55.95
2004-04-01T06:40:00,43344099999,TIRUCHIRAPPALLI,10.767,78.717,35.0,,49.91
2004-04-01T07:40:00,43344099999,TIRUCHIRAPPALLI,10.767,78.717,35.0,,49.91
2004-04-01T08:40:00,43344099999,TIRUCHIRAPPALLI,10.767,78.717,36.0,,44.45
2004-04-01T09:00:00,43344099999,TIRUCHIRAPPALLI,10.767,78.717,36.0,1008.8,40.79
2004-04-01T11:40:00,43344099999,TIRUCHIRAPPALLI,10.767,78.717,36.0,,41.81
2004-04-01T12:00:00,43344099999,TIRUCHIRAPPALLI,10.767,78.717,36.6,1007.4,36.87
2004-04-01T12:40:00,43344099999,TIRUCHIRAPPALLI,10.767,78.717,36.0,,41.81
2004-04-01T13:40:00,43344099999,TIRUCHIRAPPALLI,10.767,78.717,34.0,,49.66
2004-04-01T14:40:00,43344099999,TIRUCHIRAPPALLI,10.767,78.717,32.0,,55.56
2004-04-01T15:00:00,43344099999,TIRUCHIRAPPALLI,10.767,78.717,31.6,1011.2,58.95
2004-04-01T18:00:00,43344099999,TIRUCHIRAPPALLI,10.767,78.717,29.2,1012.9,68.47
2004-04-01T18:40:00,43344099999,TIRUCHIRAPPALLI,10.767,78.717,29.0,,74.47
2004-04-01T20:40:00,43344099999,TIRUCHIRAPPALLI,10.767,78.717,29.0,,74.47
2004-04-01T21:00:00,43344099999,TIRUCHIRAPPALLI,10.767,78.717,29.0,1010.6,70.96
2004-04-01T21:40:00,43344099999,TIRUCHIRAPPALLI,10.767,78.717,29.0,,74.47
2004-04-01T22:40:00,43344099999,TIRUCHIRAPPALLI,10.767,78.717,28.0,,78.92
2004-04-01T23:40:00,43344099999,TIRUCHIRAPPALLI,10.767,78.717,28.0,,65.77
2004-04-02T00:00:00,43344099999,TIRUCHIRAPPALLI,10.767,78.717,28.0,1011.5,77.51
2004-04-02T01:40:00,43344099999,TIRUCHIRAPPALLI,10.767,78.717,29.0,,74.47
2004-04-02T02:40:00,43344099999,TIRUCHIRAPPALLI,10.767,78.717,30.0,,70.29
2004-04-02T03:00:00,43344099999,TIRUCHIRAPPALLI,10.767,78.717,31.4,1013.2,63.34
2004-04-02T05:40:00,43344099999,TIRUCHIRAPPALLI,10.767,78.717,36.0,,44.45
2004-04-02T06:00:00,43344099999,TIRUCHIRAPPALLI,10.767,78.717,36.0,1012.4,46.38
2004-04-02T06:40:00,43344099999,TIRUCHIRAPPALLI,10.767,78.717,36.0,,47.23
2004-04-02T07:40:00,43344099999,TIRUCHIRAPPALLI,10.767,78.717,38.0,,42.34
2004-04-02T08:40:00,43344099999,TIRUCHIRAPPALLI,10.767,78.717,38.0,,39.85
2004-04-02T09:00:00,43344099999,TIRUCHIRAPPALLI,10.767,78.717,37.6,1008.3,37.84
2004-04-02T09:40:00,43344099999,TIRUCHIRAPPALLI,10.767,78.717,38.0,,37.48
2004-04-02T10:40:00,43344099999,TIRUCHIRAPPALLI,10.767,78.717,38.0,,39.85
2004-04-02T11:40:00,43344099999,TIRUCHIRAPPALLI,10.767,78.717,38.0,,39.85
2004-04-02T12:00:00,43344099999,TIRUCHIRAPPALLI,10.767,78.717,37.4,1007.0,35.96
2004-04-02T14:40:00,43344099999,TIRUCHIRAPPALLI,10.767,78.717,32.0,,59.04
2004-04-02T15:00:00,43344099999,TIRUCHIRAPPALLI,10.767,78.717,32.0,1010.9,60.13
2004-04-02T15:40:00,43344099999,TIRUCHIRAPPALLI,10.767,78.717,31.0,,66.38
2004-04-02T16:40:00,43344099999,TIRUCHIRAPPALLI,10.767,78.717,30.0,,70.29
2004-04-02T18:00:00,43344099999,TIRUCHIRAPPALLI,10.767,78.717,30.0,1012.4,75.52
2004-04-02T21:00:00,43344099999,TIRUCHIRAPPALLI,10.767,78.717,28.6,1011.3,73.51
2004-04-02T23:40:00,43344099999,TIRUCHIRAPPALLI,10.767,78.717,28.0,,78.92
2004-04-03T00:00:00,43344099999,TIRUCHIRAPPALLI,10.767,78.717,28.0,1010.9,81.81
2004-04-03T01:40:00,43344099999,TIRUCHIRAPPALLI,10.767,78.717,29.0,,79.06
2004-04-03T02:40:00,43344099999,TIRUCHIRAPPALLI,10.767,78.717,30.0,,70.29
2004-04-03T03:00:00,43344099999,TIRUCHIRAPPALLI,10.767,78.717,31.0,1012.8,66.78
2004-04-03T03:40:00,43344099999,TIRUCHIRAPPALLI,10.767,78.717,32.0,,62.71
2004-04-03T04:40:00,43344099999,TIRUCHIRAPPALLI,10.767,78.717,34.0,,52.77
2004-04-03T05:40:00,43344099999,TIRUCHIRAPPALLI,10.767,78.717,35.0,,49.91
2004-04-03T06:00:00,43344099999,TIRUCHIRAPPALLI,10.767,78.717,35.2,1012.2,51.8
2004-04-03T06:40:00,43344099999,TIRUCHIRAPPALLI,10.767,78.717,36.0,,47.23
2004-04-03T07:40:00,43344099999,TIRUCHIRAPPALLI,10.767,78.717,36.0,,47.23
2004-04-03T08:40:00,43344099999,TIRUCHIRAPPALLI,10.767,78.717,37.0,,44.71
2004-04-03T09:00:00,43344099999,TIRUCHIRAPPALLI,10.767,78.717,38.0,1008.4,34.16
2004-04-03T11:40:00,43344099999,TIRUCHIRAPPALLI,10.767,78.717,37.0,,39.58
2004-04-03T12:00:00,43344099999,TIRUCHIRAPPALLI,10.767,78.717,34.6,1007.8,55.52
2004-04-03T14:40:00,43344099999,TIRUCHIRAPPALLI,10.767,78.717,31.0,,62.5
2004-04-03T15:00:00,43344099999,TIRUCHIRAPPALLI,10.767,78.717,31.0,1011.0,72.17
2004-04-03T18:00:00,43344099999,TIRUCHIRAPPALLI,10.767,78.717,29.0,1013.1,90.57
2004-04-03T18:40:00,43344099999,TIRUCHIRAPPALLI,10.767,78.717,29.0,,88.99
2004-04-03T19:40:00,43344099999,TIRUCHIRAPPALLI,10.767,78.717,29.0,,88.99
2004-04-03T21:00:00,43344099999,TIRUCHIRAPPALLI,10.767,78.717,28.4,1012.0,88.95
2004-04-03T22:40:00,43344099999,TIRUCHIRAPPALLI,10.767,78.717,28.0,,88.92
2004-04-03T23:40:00,43344099999,TIRUCHIRAPPALLI,10.767,78.717,28.0,,88.92
2004-04-04T00:00:00,43344099999,TIRUCHIRAPPALLI,10.767,78.717,28.0,1011.9,88.92
2004-04-04T00:40:00,43344099999,TIRUCHIRAPPALLI,10.767,78.717,28.0,,88.92
2004-04-04T02:40:00,43344099999,TIRUCHIRAPPALLI,10.767,78.717,29.0,,83.9
2004-04-04T03:00:00,43344099999,TIRUCHIRAPPALLI,10.767,78.717,30.0,1013.8,75.52
2004-04-04T06:00:00,43344099999,TIRUCHIRAPPALLI,10.767,78.717,34.0,1013.1,59.5
2004-04-04T09:00:00,43344099999,TIRUCHIRAPPALLI,10.767,78.717,35.2,1009.8,49.66
2004-04-04T11:40:00,43344099999,TIRUCHIRAPPALLI,10.767,78.717,35.0,,44.18
2004-04-04T12:00:00,43344099999,TIRUCHIRAPPALLI,10.767,78.717,34.4,1008.3,57.5
2004-04-04T12:40:00,43344099999,TIRUCHIRAPPALLI,10.767,78.717,33.0,,59.27
2004-04-04T14:40:00,43344099999,TIRUCHIRAPPALLI,10.767,78.717,31.0,,62.5
2004-04-04T15:00:00,43344099999,TIRUCHIRAPPALLI,10.767,78.717,31.0,1011.3,62.12
2004-04-04T15:40:00,43344099999,TIRUCHIRAPPALLI,10.767,78.717,31.0,,62.5
2004-04-04T16:40:00,43344099999,TIRUCHIRAPPALLI,10.767,78.717,30.0,,66.18
2004-04-04T18:00:00,43344099999,TIRUCHIRAPPALLI,10.767,78.717,28.4,1012.4,84.83
2004-04-04T18:40:00,43344099999,TIRUCHIRAPPALLI,10.767,78.717,28.0,,83.79
2004-04-04T21:00:00,43344099999,TIRUCHIRAPPALLI,10.767,78.717,27.4,1011.1,92.09
2004-04-04T22:40:00,43344099999,TIRUCHIRAPPALLI,10.767,78.717,27.0,,83.68
2004-04-05T00:00:00,43344099999,TIRUCHIRAPPALLI,10.767,78.717,26.2,1010.9,88.77
2004-04-05T02:40:00,43344099999,TIRUCHIRAPPALLI,10.767,78.717,30.0,,70.29
2004-04-05T03:00:00,43344099999,TIRUCHIRAPPALLI,10.767,78.717,29.6,1013.2,81.04
2004-04-05T03:40:00,43344099999,TIRUCHIRAPPALLI,10.767,78.717,31.0,,74.79
2004-04-05T04:40:00,43344099999,TIRUCHIRAPPALLI,10.767,78.717,32.0,,66.58
2004-04-05T05:40:00,43344099999,TIRUCHIRAPPALLI,10.767,78.717,33.0,,59.27
2004-04-05T06:00:00,43344099999,TIRUCHIRAPPALLI,10.767,78.717,34.0,1011.9,52.77
2004-04-05T06:40:00,43344099999,TIRUCHIRAPPALLI,10.767,78.717,35.0,,49.91
2004-04-05T07:40:00,43344099999,TIRUCHIRAPPALLI,10.767,78.717,36.0,,44.45
2004-04-05T08:40:00,43344099999,TIRUCHIRAPPALLI,10.767,78.717,37.0,,39.58
2004-04-05T09:00:00,43344099999,TIRUCHIRAPPALLI,10.767,78.717,37.4,1007.5,38.96
2004-04-05T10:40:00,43344099999,TIRUCHIRAPPALLI,10.767,78.717,38.0,,37.48
2004-04-05T12:00:00,43344099999,TIRUCHIRAPPALLI,10.767,78.717,37.4,1005.7,33.58
2004-04-05T14:40:00,43344099999,TIRUCHIRAPPALLI,10.767,78.717,31.0,,62.5
2004-04-05T15:00:00,43344099999,TIRUCHIRAPPALLI,10.767,78.717,31.0,1010.3,62.12
2004-04-05T16:40:00,43344099999,TIRUCHIRAPPALLI,10.767,78.717,30.0,,70.29
2004-04-05T18:00:00,43344099999,TIRUCHIRAPPALLI,10.767,78.717,29.2,1011.3,79.09
2004-04-05T18:40:00,43344099999,TIRUCHIRAPPALLI,10.767,78.717,29.0,,79.06
2004-04-05T19:40:00,43344099999,TIRUCHIRAPPALLI,10.767,78.717,29.0,,79.06
2004-04-05T20:40:00,43344099999,TIRUCHIRAPPALLI,10.767,78.717,29.0,,79.06
2004-04-05T21:00:00,43344099999,TIRUCHIRAPPALLI,10.767,78.717,29.0,1010.1,77.66
2004-04-05T22:40:00,43344099999,TIRUCHIRAPPALLI,10.767,78.717,28.0,,83.79
2004-04-05T23:40:00,43344099999,TIRUCHIRAPPALLI,10.767,78.717,28.0,,83.79
2004-04-06T00:00:00,43344099999,TIRUCHIRAPPALLI,10.767,78.717,28.0,1009.6,81.81
2004-04-06T00:40:00,43344099999,TIRUCHIRAPPALLI,10.767,78.717,28.0,,83.79
2004-04-06T01:40:00,43344099999,TIRUCHIRAPPALLI,10.767,78.717,29.0,,74.47
2004-04-06T03:00:00,43344099999,TIRUCHIRAPPALLI,10.767,78.717,31.0,1011.8,66.78
2004-04-06T03:40:00,43344099999,TIRUCHIRAPPALLI,10.767,78.717,32.0,,59.04
2004-04-06T05:40:00,43344099999,TIRUCHIRAPPALLI,10.767,78.717,34.0,,49.66
2004-04-06T06:00:00,43344099999,TIRUCHIRAPPALLI,10.767,78.717,34.8,1011.8,49.56
2004-04-06T06:40:00,43344099999,TIRUCHIRAPPALLI,10.767,78.717,36.0,,44.45
2004-04-06T07:40:00,43344099999,TIRUCHIRAPPALLI,10.767,78.717,37.0,,42.08
2004-04-06T09:00:00,43344099999,TIRUCHIRAPPALLI,10.767,78.717,35.8,1008.1,39.74
2004-04-06T12:00:00,43344099999,TIRUCHIRAPPALLI,10.767,78.717,31.0,1007.9,56.01
2004-04-06T14:40:00,43344099999,TIRUCHIRAPPALLI,10.767,78.717,29.0,,62.06
2004-04-06T15:00:00,43344099999,TIRUCHIRAPPALLI,10.767,78.717,29.0,1010.4,60.55
2004-04-06T16:40:00,43344099999,TIRUCHIRAPPALLI,10.767,78.717,28.0,,65.77
2004-04-06T18:00:00,43344099999,TIRUCHIRAPPALLI,10.767,78.717,28.6,1011.8,65.09
2004-04-06T18:40:00,43344099999,TIRUCHIRAPPALLI,10.767,78.717,29.0,,65.98
2004-04-06T21:00:00,43344099999,TIRUCHIRAPPALLI,10.767,78.717,27.6,1010.6,69.85
2004-04-06T21:40:00,43344099999,TIRUCHIRAPPALLI,10.767,78.717,27.0,,74.14
2004-04-06T22:40:00,43344099999,TIRUCHIRAPPALLI,10.767,78.717,27.0,,74.14
2004-04-06T23:40:00,43344099999,TIRUCHIRAPPALLI,10.767,78.717,27.0,,69.74
2004-04-07T00:00:00,43344099999,TIRUCHIRAPPALLI,10.767,78.717,26.2,1009.1,76.3
2004-04-07T01:40:00,43344099999,TIRUCHIRAPPALLI,10.767,78.717,27.0,,74.14
2004-04-07T03:00:00,43344099999,TIRUCHIRAPPALLI,10.767,78.717,28.8,1011.7,65.53
2004-04-07T03:40:00,43344099999,TIRUCHIRAPPALLI,10.767,78.717,29.0,,62.06
2004-04-07T04:40:00,43344099999,TIRUCHIRAPPALLI,10.767,78.717,31.0,,55.32
2004-04-07T05:40:00,43344099999,TIRUCHIRAPPALLI,10.767,78.717,34.0,,46.71
2004-04-07T06:00:00,43344099999,TIRUCHIRAPPALLI,10.767,78.717,34.4,1011.1,44.02
2004-04-07T06:40:00,43344099999,TIRUCHIRAPPALLI,10.767,78.717,36.0,,41.81
2004-04-07T07:40:00,43344099999,TIRUCHIRAPPALLI,10.767,78.717,37.0,,42.08
2004-04-07T08:40:00,43344099999,TIRUCHIRAPPALLI,10.767,78.717,37.0,,42.08
2004-04-07T09:00:00,43344099999,TIRUCHIRAPPALLI,10.767,78.717,38.0,1007.8,38.41
2004-04-07T12:00:00,43344099999,TIRUCHIRAPPALLI,10.767,78.717,37.0,1006.5,34.75
2004-04-07T15:00:00,43344099999,TIRUCHIRAPPALLI,10.767,78.717,31.0,1010.2,59.54
2004-04-07T18:00:00,43344099999,TIRUCHIRAPPALLI,10.767,78.717,29.8,1012.0,72.83
2004-04-07T21:00:00,43344099999,TIRUCHIRAPPALLI,10.767,78.717,25.8,1009.7,96.5
2004-04-08T00:00:00,43344099999,TIRUCHIRAPPALLI,10.767,78.717,24.8,1010.1,93.06
2004-04-08T03:00:00,43344099999,TIRUCHIRAPPALLI,10.767,78.717,28.0,1011.7,77.51
2004-04-08T04:40:00,43344099999,TIRUCHIRAPPALLI,10.767,78.717,31.0,,70.48
2004-04-08T05:40:00,43344099999,TIRUCHIRAPPALLI,10.767,78.717,33.0,,55.81
2004-04-08T06:00:00,43344099999,TIRUCHIRAPPALLI,10.767,78.717,35.0,1010.5,47.55
2004-04-08T06:40:00,43344099999,TIRUCHIRAPPALLI,10.767,78.717,36.0,,44.45
2004-04-08T07:40:00,43344099999,TIRUCHIRAPPALLI,10.767,78.717,37.0,,37.21
2004-04-08T08:40:00,43344099999,TIRUCHIRAPPALLI,10.767,78.717,38.0,,35.24
2004-04-08T09:00:00,43344099999,TIRUCHIRAPPALLI,10.767,78.717,38.4,1007.1,34.48
2004-04-08T09:40:00,43344099999,TIRUCHIRAPPALLI,10.767,78.717,38.0,,35.24
2004-04-08T12:00:00,43344099999,TIRUCHIRAPPALLI,10.767,78.717,38.2,1005.3,31.16
2004-04-08T15:00:00,43344099999,TIRUCHIRAPPALLI,10.767,78.717,32.6,1008.8,61.73
2004-04-08T15:40:00,43344099999,TIRUCHIRAPPALLI,10.767,78.717,32.0,,62.71
2004-04-08T16:40:00,43344099999,TIRUCHIRAPPALLI,10.767,78.717,31.0,,66.38
2004-04-08T18:00:00,43344099999,TIRUCHIRAPPALLI,10.767,78.717,30.8,1009.3,64.37
2004-04-08T18:40:00,43344099999,TIRUCHIRAPPALLI,10.767,78.717,30.0,,66.18
2004-04-08T21:00:00,43344099999,TIRUCHIRAPPALLI,10.767,78.717,25.6,1008.3,98.23
2004-04-08T21:40:00,43344099999,TIRUCHIRAPPALLI,10.767,78.717,26.0,,94.23
2004-04-09T00:00:00,43344099999,TIRUCHIRAPPALLI,10.767,78.717,26.2,1008.1,94.8
2004-04-09T00:40:00,43344099999,TIRUCHIRAPPALLI,10.767,78.717,27.0,,83.68
2004-04-09T02:40:00,43344099999,TIRUCHIRAPPALLI,10.767,78.717,28.0,,78.92
2004-04-09T03:00:00,43344099999,TIRUCHIRAPPALLI,10.767,78.717,29.4,1009.8,71.03
2004-04-09T04:40:00,43344099999,TIRUCHIRAPPALLI,10.767,78.717,31.0,,62.5
2004-04-09T06:00:00,43344099999,TIRUCHIRAPPALLI,10.767,78.717,35.0,1008.5,47.55
2004-04-09T06:40:00,43344099999,TIRUCHIRAPPALLI,10.767,78.717,36.0,,47.23
2004-04-09T07:40:00,43344099999,TIRUCHIRAPPALLI,10.767,78.717,37.0,,44.71
2004-04-09T08:40:00,43344099999,TIRUCHIRAPPALLI,10.767,78.717,38.0,,39.85
2004-04-09T09:00:00,43344099999,TIRUCHIRAPPALLI,10.767,78.717,38.4,1004.8,35.35
2004-04-09T09:40:00,43344099999,TIRUCHIRAPPALLI,10.767,78.717,38.0,,39.85
2004-04-09T12:00:00,43344099999,TIRUCHIRAPPALLI,10.767,78.717,37.0,1003.8,43.64
2004-04-09T13:40:00,43344099999,TIRUCHIRAPPALLI,10.767,78.717,33.0,,59.27
2004-04-09T15:00:00,43344099999,TIRUCHIRAPPALLI,10.767,78.717,32.0,1008.3,54.56
2004-04-09T16:40:00,43344099999,TIRUCHIRAPPALLI,10.767,78.717,30.0,,66.18
2004-04-09T18:00:00,43344099999,TIRUCHIRAPPALLI,10.767,78.717,30.0,1009.5,70.29
2004-04-09T18:40:00,43344099999,TIRUCHIRAPPALLI,10.767,78.717,30.0,,66.18
2004-04-09T21:00:00,43344099999,TIRUCHIRAPPALLI,10.767,78.717,28.6,1008.0,73.51
2004-04-09T22:40:00,43344099999,TIRUCHIRAPPALLI,10.767,78.717,28.0,,78.92
2004-04-09T23:40:00,43344099999,TIRUCHIRAPPALLI,10.767,78.717,27.0,,83.68
2004-04-10T00:00:00,43344099999,TIRUCHIRAPPALLI,10.767,78.717,28.0,1008.1,84.79
2004-04-10T00:40:00,43344099999,TIRUCHIRAPPALLI,10.767,78.717,28.0,,83.79
2004-04-10T01:40:00,43344099999,TIRUCHIRAPPALLI,10.767,78.717,29.0,,79.06
2004-04-10T02:40:00,43344099999,TIRUCHIRAPPALLI,10.767,78.717,30.0,,70.29
2004-04-10T03:00:00,43344099999,TIRUCHIRAPPALLI,10.767,78.717,30.4,1010.7,79.72
2004-04-10T04:40:00,43344099999,TIRUCHIRAPPALLI,10.767,78.717,33.0,,62.93
2004-04-10T05:40:00,43344099999,TIRUCHIRAPPALLI,10.767,78.717,35.0,,56.28
2004-04-10T06:00:00,43344099999,TIRUCHIRAPPALLI,10.767,78.717,35.8,1009.6,49.22
2004-04-10T06:40:00,43344099999,TIRUCHIRAPPALLI,10.767,78.717,36.0,,50.17
2004-04-10T07:40:00,43344099999,TIRUCHIRAPPALLI,10.767,78.717,37.0,,47.49
2004-04-10T08:40:00,43344099999,TIRUCHIRAPPALLI,10.767,78.717,,,
2004-04-10T09:00:00,43344099999,TIRUCHIRAPPALLI,10.767,78.717,38.4,1005.9,36.23
2004-04-10T10:40:00,43344099999,TIRUCHIRAPPALLI,10.767,78.717,39.0,,40.12
2004-04-10T11:40:00,43344099999,TIRUCHIRAPPALLI,10.767,78.717,39.0,,40.12
2004-04-10T12:00:00,43344099999,TIRUCHIRAPPALLI,10.767,78.717,37.8,1005.4,39.79
2004-04-10T12:40:00,43344099999,TIRUCHIRAPPALLI,10.767,78.717,37.0,,47.49
2004-04-10T13:40:00,43344099999,TIRUCHIRAPPALLI,10.767,78.717,35.0,,46.97
2004-04-10T15:00:00,43344099999,TIRUCHIRAPPALLI,10.767,78.717,32.0,1008.4,62.71
2004-04-10T16:40:00,43344099999,TIRUCHIRAPPALLI,10.767,78.717,31.0,,66.38
2004-04-10T18:00:00,43344099999,TIRUCHIRAPPALLI,10.767,78.717,29.4,1010.4,83.45
2004-04-10T18:40:00,43344099999,TIRUCHIRAPPALLI,10.767,78.717,29.0,,83.9
2004-04-10T21:00:00,43344099999,TIRUCHIRAPPALLI,10.767,78.717,28.4,1009.3,87.9
2004-04-10T22:40:00,43344099999,TIRUCHIRAPPALLI,10.767,78.717,28.0,,88.92
2004-04-10T23:40:00,43344099999,TIRUCHIRAPPALLI,10.767,78.717,28.0,,88.92
2004-04-11T00:00:00,43344099999,TIRUCHIRAPPALLI,10.767,78.717,27.4,1009.7,88.87
2004-04-11T02:40:00,43344099999,TIRUCHIRAPPALLI,10.767,78.717,30.0,,74.63
2004-04-11T03:00:00,43344099999,TIRUCHIRAPPALLI,10.767,78.717,30.6,1011.5,74.28
2004-04-11T03:40:00,43344099999,TIRUCHIRAPPALLI,10.767,78.717,31.0,,74.79
2004-04-11T04:40:00,43344099999,TIRUCHIRAPPALLI,10.767,78.717,33.0,,62.93
2004-04-11T05:40:00,43344099999,TIRUCHIRAPPALLI,10.767,78.717,35.0,,53.01
2004-04-11T06:00:00,43344099999,TIRUCHIRAPPALLI,10.767,78.717,35.2,1010.8,43.96
2004-04-11T06:40:00,43344099999,TIRUCHIRAPPALLI,10.767,78.717,36.0,,41.81
2004-04-11T07:40:00,43344099999,TIRUCHIRAPPALLI,10.767,78.717,37.0,,39.58
2004-04-11T09:00:00,43344099999,TIRUCHIRAPPALLI,10.767,78.717,38.0,1007.0,40.09
2004-04-11T09:40:00,43344099999,TIRUCHIRAPPALLI,10.767,78.717,38.0,,33.12
2004-04-11T11:40:00,43344099999,TIRUCHIRAPPALLI,10.767,78.717,38.0,,35.24
2004-04-11T12:00:00,43344099999,TIRUCHIRAPPALLI,10.767,78.717,36.2,1006.7,48.73
2004-04-11T14:40:00,43344099999,TIRUCHIRAPPALLI,10.767,78.717,32.0,,55.56
2004-04-11T15:00:00,43344099999,TIRUCHIRAPPALLI,10.767,78.717,32.0,1009.6,54.56
2004-04-11T15:40:00,43344099999,TIRUCHIRAPPALLI,10.767,78.717,31.0,,62.5
2004-04-11T16:40:00,43344099999,TIRUCHIRAPPALLI,10.767,78.717,31.0,,62.5
2004-04-11T18:00:00,43344099999,TIRUCHIRAPPALLI,10.767,78.717,29.4,1011.3,74.98
2004-04-11T18:40:00,43344099999,TIRUCHIRAPPALLI,10.767,78.717,29.0,,79.06
2004-04-11T21:00:00,43344099999,TIRUCHIRAPPALLI,10.767,78.717,28.0,1009.1,84.79
2004-04-12T00:00:00,43344099999,TIRUCHIRAPPALLI,10.767,78.717,27.0,1009.4,88.84
2004-04-12T00:40:00,43344099999,TIRUCHIRAPPALLI,10.767,78.717,28.0,,74.3
2004-04-12T02:40:00,43344099999,TIRUCHIRAPPALLI,10.767,78.717,30.0,,70.29
2004-04-12T03:00:00,43344099999,TIRUCHIRAPPALLI,10.767,78.717,29.4,1010.9,74.98
2004-04-12T06:00:00,43344099999,TIRUCHIRAPPALLI,10.767,78.717,35.4,1010.3,47.94
2004-04-12T06:40:00,43344099999,TIRUCHIRAPPALLI,10.767,78.717,36.0,,47.23
2004-04-12T07:40:00,43344099999,TIRUCHIRAPPALLI,10.767,78.717,38.0,,42.34
2004-04-12T08:40:00,43344099999,TIRUCHIRAPPALLI,10.767,78.717,38.0,,42.34
2004-04-12T09:00:00,43344099999,TIRUCHIRAPPALLI,10.767,78.717,38.0,1006.0,35.9
2004-04-12T09:40:00,43344099999,TIRUCHIRAPPALLI,10.767,78.717,38.0,,39.85
2004-04-12T12:00:00,43344099999,TIRUCHIRAPPALLI,10.767,78.717,37.2,1005.6,31.68
2004-04-12T12:40:00,43344099999,TIRUCHIRAPPALLI,10.767,78.717,36.0,,44.45
2004-04-12T15:00:00,43344099999,TIRUCHIRAPPALLI,10.767,78.717,32.0,1008.6,60.13
2004-04-12T16:40:00,43344099999,TIRUCHIRAPPALLI,10.767,78.717,30.0,,74.63
2004-04-12T18:00:00,43344099999,TIRUCHIRAPPALLI,10.767,78.717,30.0,1009.7,60.04
2004-04-12T18:40:00,43344099999,TIRUCHIRAPPALLI,10.767,78.717,29.0,,70.11
2004-04-12T21:00:00,43344099999,TIRUCHIRAPPALLI,10.767,78.717,28.6,1007.7,70.46
2004-04-13T00:00:00,43344099999,TIRUCHIRAPPALLI,10.767,78.717,28.0,1007.7,84.79
2004-04-13T02:40:00,43344099999,TIRUCHIRAPPALLI,10.767,78.717,30.0,,70.29
2004-04-13T03:00:00,43344099999,TIRUCHIRAPPALLI,10.767,78.717,31.0,1009.9,72.17
2004-04-13T03:40:00,43344099999,TIRUCHIRAPPALLI,10.767,78.717,32.0,,66.58
2004-04-13T05:40:00,43344099999,TIRUCHIRAPPALLI,10.767,78.717,35.0,,53.01
2004-04-13T06:00:00,43344099999,TIRUCHIRAPPALLI,10.767,78.717,36.0,1008.7,49.57
2004-04-13T06:40:00,43344099999,TIRUCHIRAPPALLI,10.767,78.717,37.0,,47.49
2004-04-13T07:40:00,43344099999,TIRUCHIRAPPALLI,10.767,78.717,37.0,,44.71
2004-04-13T08:40:00,43344099999,TIRUCHIRAPPALLI,10.767,78.717,38.0,,44.97
2004-04-13T09:00:00,43344099999,TIRUCHIRAPPALLI,10.767,78.717,38.6,1005.0,38.11
2004-04-13T09:40:00,43344099999,TIRUCHIRAPPALLI,10.767,78.717,39.0,,40.12
2004-04-13T10:40:00,43344099999,TIRUCHIRAPPALLI,10.767,78.717,33.0,,55.81
2004-04-13T11:40:00,43344099999,TIRUCHIRAPPALLI,10.767,78.717,38.0,,39.85
2004-04-13T12:00:00,43344099999,TIRUCHIRAPPALLI,10.767,78.717,38.0,1003.7,35.9
2004-04-13T12:40:00,43344099999,TIRUCHIRAPPALLI,10.767,78.717,37.0,,42.08
2004-04-13T14:40:00,43344099999,TIRUCHIRAPPALLI,10.767,78.717,34.0,,52.77
2004-04-13T15:00:00,43344099999,TIRUCHIRAPPALLI,10.767,78.717,33.4,1007.6,57.96
2004-04-13T15:40:00,43344099999,TIRUCHIRAPPALLI,10.767,78.717,33.0,,59.27
2004-04-13T18:00:00,43344099999,TIRUCHIRAPPALLI,10.767,78.717,30.0,1008.6,72.87
2004-04-13T18:40:00,43344099999,TIRUCHIRAPPALLI,10.767,78.717,30.0,,74.63
2004-04-13T20:40:00,43344099999,TIRUCHIRAPPALLI,10.767,78.717,29.0,,79.06
2004-04-13T21:00:00,43344099999,TIRUCHIRAPPALLI,10.767,78.717,29.0,1006.9,83.4
2004-04-13T21:40:00,43344099999,TIRUCHIRAPPALLI,10.767,78.717,29.0,,83.9
2004-04-13T22:40:00,43344099999,TIRUCHIRAPPALLI,10.767,78.717,29.0,,83.9
2004-04-14T00:00:00,43344099999,TIRUCHIRAPPALLI,10.767,78.717,28.0,1007.7,90.51
2004-04-14T01:40:00,43344099999,TIRUCHIRAPPALLI,10.767,78.717,30.0,,74.63
2004-04-14T02:40:00,43344099999,TIRUCHIRAPPALLI,10.767,78.717,31.0,,66.38
2004-04-14T03:00:00,43344099999,TIRUCHIRAPPALLI,10.767,78.717,30.4,1009.9,79.72
2004-04-14T03:40:00,43344099999,TIRUCHIRAPPALLI,10.767,78.717,32.0,,62.71
2004-04-14T04:40:00,43344099999,TIRUCHIRAPPALLI,10.767,78.717,34.0,,56.05
2004-04-14T05:40:00,43344099999,TIRUCHIRAPPALLI,10.767,78.717,36.0,,47.23
2004-04-14T06:00:00,43344099999,TIRUCHIRAPPALLI,10.767,78.717,35.2,1009.0,54.03
2004-04-14T06:40:00,43344099999,TIRUCHIRAPPALLI,10.767,78.717,36.0,,53.26
2004-04-14T07:40:00,43344099999,TIRUCHIRAPPALLI,10.767,78.717,37.0,,47.49
2004-04-14T08:40:00,43344099999,TIRUCHIRAPPALLI,10.767,78.717,39.0,,45.24
2004-04-14T09:00:00,43344099999,TIRUCHIRAPPALLI,10.767,78.717,38.6,1004.7,35.62
2004-04-14T12:00:00,43344099999,TIRUCHIRAPPALLI,10.767,78.717,38.6,1003.4,29.92
2004-04-14T14:40:00,43344099999,TIRUCHIRAPPALLI,10.767,78.717,33.0,,55.81
2004-04-14T15:00:00,43344099999,TIRUCHIRAPPALLI,10.767,78.717,32.6,1006.8,69.11
2004-04-14T15:40:00,43344099999,TIRUCHIRAPPALLI,10.767,78.717,32.0,,62.71
2004-04-14T16:40:00,43344099999,TIRUCHIRAPPALLI,10.767,78.717,31.0,,66.38
2004-04-14T18:00:00,43344099999,TIRUCHIRAPPALLI,10.767,78.717,30.2,1008.1,78.29
2004-04-14T21:00:00,43344099999,TIRUCHIRAPPALLI,10.767,78.717,29.0,1006.8,83.4
2004-04-14T23:40:00,43344099999,TIRUCHIRAPPALLI,10.767,78.717,28.0,,83.79
2004-04-15T00:00:00,43344099999,TIRUCHIRAPPALLI,10.767,78.717,29.0,1007.6,83.4
2004-04-15T01:40:00,43344099999,TIRUCHIRAPPALLI,10.767,78.717,29.0,,83.9
2004-04-15T03:00:00,43344099999,TIRUCHIRAPPALLI,10.767,78.717,30.8,1009.5,74.31
2004-04-15T03:40:00,43344099999,TIRUCHIRAPPALLI,10.767,78.717,32.0,,62.71
2004-04-15T04:40:00,43344099999,TIRUCHIRAPPALLI,10.767,78.717,34.0,,56.05
2004-04-15T06:00:00,43344099999,TIRUCHIRAPPALLI,10.767,78.717,36.2,1008.7,49.62
2004-04-15T06:40:00,43344099999,TIRUCHIRAPPALLI,10.767,78.717,37.0,,47.49
2004-04-15T07:40:00,43344099999,TIRUCHIRAPPALLI,10.767,78.717,38.0,,42.34
2004-04-15T08:40:00,43344099999,TIRUCHIRAPPALLI,10.767,78.717,39.0,,37.75
2004-04-15T09:00:00,43344099999,TIRUCHIRAPPALLI,10.767,78.717,39.2,1005.0,36.22
2004-04-15T11:40:00,43344099999,TIRUCHIRAPPALLI,10.767,78.717,39.0,,40.12
2004-04-15T12:00:00,43344099999,TIRUCHIRAPPALLI,10.767,78.717,39.0,1003.6,32.77
2004-04-15T12:40:00,43344099999,TIRUCHIRAPPALLI,10.767,78.717,38.0,,39.85
2004-04-15T15:00:00,43344099999,TIRUCHIRAPPALLI,10.767,78.717,33.6,1007.2,55.95
2004-04-15T15:40:00,43344099999,TIRUCHIRAPPALLI,10.767,78.717,33.0,,59.27
2004-04-15T16:40:00,43344099999,TIRUCHIRAPPALLI,10.767,78.717,32.0,,62.71
2004-04-15T18:00:00,43344099999,TIRUCHIRAPPALLI,10.767,78.717,30.6,1008.7,70.4
2004-04-15T18:40:00,43344099999,TIRUCHIRAPPALLI,10.767,78.717,30.0,,74.63
2004-04-15T21:00:00,43344099999,TIRUCHIRAPPALLI,10.767,78.717,29.4,1007.1,81.98
2004-04-15T23:40:00,43344099999,TIRUCHIRAPPALLI,10.767,78.717,29.0,,79.06
2004-04-16T00:00:00,43344099999,TIRUCHIRAPPALLI,10.767,78.717,28.6,1007.9,87.92
2004-04-16T02:40:00,43344099999,TIRUCHIRAPPALLI,10.767,78.717,31.0,,66.38
2004-04-16T03:00:00,43344099999,TIRUCHIRAPPALLI,10.767,78.717,31.4,1009.8,69.71
2004-04-16T06:00:00,43344099999,TIRUCHIRAPPALLI,10.767,78.717,37.4,1008.4,45.91
2004-04-16T06:40:00,43344099999,TIRUCHIRAPPALLI,10.767,78.717,38.0,,44.97
2004-04-16T07:40:00,43344099999,TIRUCHIRAPPALLI,10.767,78.717,39.0,,42.61
2004-04-16T08:40:00,43344099999,TIRUCHIRAPPALLI,10.767,78.717,40.0,,40.38
2004-04-16T09:00:00,43344099999,TIRUCHIRAPPALLI,10.767,78.717,40.6,1005.3,33.61
2004-04-16T09:40:00,43344099999,TIRUCHIRAPPALLI,10.767,78.717,41.0,,38.29
2004-04-16T12:00:00,43344099999,TIRUCHIRAPPALLI,10.767,78.717,38.8,1004.1,33.33
2004-04-16T15:00:00,43344099999,TIRUCHIRAPPALLI,10.767,78.717,32.4,1006.3,60.58
2004-04-16T18:00:00,43344099999,TIRUCHIRAPPALLI,10.767,78.717,31.0,1008.0,69.23
2004-04-16T18:40:00,43344099999,TIRUCHIRAPPALLI,10.767,78.717,31.0,,66.38
2004-04-16T21:00:00,43344099999,TIRUCHIRAPPALLI,10.767,78.717,30.4,1005.9,78.32
2004-04-16T23:40:00,43344099999,TIRUCHIRAPPALLI,10.767,78.717,29.0,,74.47
2004-04-17T00:00:00,43344099999,TIRUCHIRAPPALLI,10.767,78.717,29.6,1006.5,82.0
2004-04-17T01:40:00,43344099999,TIRUCHIRAPPALLI,10.767,78.717,30.0,,74.63
2004-04-17T03:00:00,43344099999,TIRUCHIRAPPALLI,10.767,78.717,31.6,1008.6,60.03
2004-04-17T04:40:00,43344099999,TIRUCHIRAPPALLI,10.767,78.717,35.0,,49.91
2004-04-17T05:40:00,43344099999,TIRUCHIRAPPALLI,10.767,78.717,36.0,,47.23
2004-04-17T06:00:00,43344099999,TIRUCHIRAPPALLI,10.767,78.717,37.6,1007.4,43.27
2004-04-17T06:40:00,43344099999,TIRUCHIRAPPALLI,10.767,78.717,38.0,,42.34
2004-04-17T07:40:00,43344099999,TIRUCHIRAPPALLI,10.767,78.717,39.0,,40.12
2004-04-17T08:40:00,43344099999,TIRUCHIRAPPALLI,10.767,78.717,40.0,,38.02
2004-04-17T09:00:00,43344099999,TIRUCHIRAPPALLI,10.767,78.717,41.2,1003.6,34.18
2004-04-17T09:40:00,43344099999,TIRUCHIRAPPALLI,10.767,78.717,41.0,,36.05
2004-04-17T10:40:00,43344099999,TIRUCHIRAPPALLI,10.767,78.717,41.0,,36.05
2004-04-17T12:40:00,43344099999,TIRUCHIRAPPALLI,10.767,78.717,40.0,,40.38
2004-04-17T14:40:00,43344099999,TIRUCHIRAPPALLI,10.767,78.717,38.0,,47.75
2004-04-17T15:00:00,43344099999,TIRUCHIRAPPALLI,10.767,78.717,33.0,1005.7,63.31
2004-04-17T16:40:00,43344099999,TIRUCHIRAPPALLI,10.767,78.717,32.0,,66.58
2004-04-17T18:00:00,43344099999,TIRUCHIRAPPALLI,10.767,78.717,31.0,1006.9,69.23
2004-04-17T18:40:00,43344099999,TIRUCHIRAPPALLI,10.767,78.717,31.0,,74.79
2004-04-17T19:40:00,43344099999,TIRUCHIRAPPALLI,10.767,78.717,30.0,,79.2
2004-04-17T20:40:00,43344099999,TIRUCHIRAPPALLI,10.767,78.717,30.0,,79.2
2004-04-17T21:00:00,43344099999,TIRUCHIRAPPALLI,10.767,78.717,29.6,1005.0,79.61
2004-04-17T21:40:00,43344099999,TIRUCHIRAPPALLI,10.767,78.717,29.0,,83.9
2004-04-17T23:40:00,43344099999,TIRUCHIRAPPALLI,10.767,78.717,29.0,,83.9
2004-04-18T00:00:00,43344099999,TIRUCHIRAPPALLI,10.767,78.717,29.0,1005.6,79.06
2004-04-18T00:40:00,43344099999,TIRUCHIRAPPALLI,10.767,78.717,29.0,,74.47
2004-04-18T01:40:00,43344099999,TIRUCHIRAPPALLI,10.767,78.717,29.0,,74.47
2004-04-18T02:40:00,43344099999,TIRUCHIRAPPALLI,10.767,78.717,30.0,,70.29
2004-04-18T03:00:00,43344099999,TIRUCHIRAPPALLI,10.767,78.717,31.6,1007.7,67.3
2004-04-18T04:40:00,43344099999,TIRUCHIRAPPALLI,10.767,78.717,35.0,,53.01
2004-04-18T05:40:00,43344099999,TIRUCHIRAPPALLI,10.767,78.717,37.0,,47.49
2004-04-18T06:00:00,43344099999,TIRUCHIRAPPALLI,10.767,78.717,38.0,1006.5,48.32
2004-04-18T09:00:00,43344099999,TIRUCHIRAPPALLI,10.767,78.717,40.8,1002.7,33.87
2004-04-18T12:00:00,43344099999,TIRUCHIRAPPALLI,10.767,78.717,38.0,1002.3,42.86
2004-04-18T13:40:00,43344099999,TIRUCHIRAPPALLI,10.767,78.717,35.0,,49.91
2004-04-18T14:40:00,43344099999,TIRUCHIRAPPALLI,10.767,78.717,34.0,,49.66
2004-04-18T15:00:00,43344099999,TIRUCHIRAPPALLI,10.767,78.717,34.0,1005.1,58.45
2004-04-18T16:40:00,43344099999,TIRUCHIRAPPALLI,10.767,78.717,32.0,,70.66
2004-04-18T18:00:00,43344099999,TIRUCHIRAPPALLI,10.767,78.717,31.8,1006.2,66.15
2004-04-18T20:40:00,43344099999,TIRUCHIRAPPALLI,10.767,78.717,30.0,,74.63
2004-04-18T21:00:00,43344099999,TIRUCHIRAPPALLI,10.767,78.717,30.0,1005.1,71.57
2004-04-18T21:40:00,43344099999,TIRUCHIRAPPALLI,10.767,78.717,30.0,,74.63
2004-04-18T22:40:00,43344099999,TIRUCHIRAPPALLI,10.767,78.717,29.0,,79.06
2004-04-19T00:00:00,43344099999,TIRUCHIRAPPALLI,10.767,78.717,28.8,1006.0,74.88
2004-04-19T00:40:00,43344099999,TIRUCHIRAPPALLI,10.767,78.717,30.0,,58.58
2004-04-19T01:40:00,43344099999,TIRUCHIRAPPALLI,10.767,78.717,30.0,,62.28
2004-04-19T03:00:00,43344099999,TIRUCHIRAPPALLI,10.767,78.717,31.2,1007.6,66.82
2004-04-19T03:40:00,43344099999,TIRUCHIRAPPALLI,10.767,78.717,32.0,,62.71
2004-04-19T05:40:00,43344099999,TIRUCHIRAPPALLI,10.767,78.717,37.0,,44.71
2004-04-19T06:00:00,43344099999,TIRUCHIRAPPALLI,10.767,78.717,37.0,1006.7,44.44
2004-04-19T06:40:00,43344099999,TIRUCHIRAPPALLI,10.767,78.717,38.0,,44.97
2004-04-19T07:40:00,43344099999,TIRUCHIRAPPALLI,10.767,78.717,39.0,,42.61
2004-04-19T08:40:00,43344099999,TIRUCHIRAPPALLI,10.767,78.717,41.0,,36.05
2004-04-19T09:00:00,43344099999,TIRUCHIRAPPALLI,10.767,78.717,40.6,1003.7,32.0
2004-04-19T12:00:00,43344099999,TIRUCHIRAPPALLI,10.767,78.717,38.0,1003.9,39.36
2004-04-19T15:00:00,43344099999,TIRUCHIRAPPALLI,10.767,78.717,33.0,1007.5,55.47
2004-04-19T15:40:00,43344099999,TIRUCHIRAPPALLI,10.767,78.717,33.0,,59.27
2004-04-19T16:40:00,43344099999,TIRUCHIRAPPALLI,10.767,78.717,32.0,,62.71
2004-04-19T18:00:00,43344099999,TIRUCHIRAPPALLI,10.767,78.717,29.8,1009.2,74.15
2004-04-19T18:40:00,43344099999,TIRUCHIRAPPALLI,10.767,78.717,30.0,,74.63
2004-04-19T21:00:00,43344099999,TIRUCHIRAPPALLI,10.767,78.717,29.0,1008.2,84.9
2004-04-19T23:40:00,43344099999,TIRUCHIRAPPALLI,10.767,78.717,28.0,,83.79
2004-04-20T00:00:00,43344099999,TIRUCHIRAPPALLI,10.767,78.717,28.0,1009.4,90.51
2004-04-20T00:40:00,43344099999,TIRUCHIRAPPALLI,10.767,78.717,28.0,,83.79
2004-04-20T03:00:00,43344099999,TIRUCHIRAPPALLI,10.767,78.717,31.0,1011.1,70.9
2004-04-20T04:40:00,43344099999,TIRUCHIRAPPALLI,10.767,78.717,34.0,,59.5
2004-04-20T05:40:00,43344099999,TIRUCHIRAPPALLI,10.767,78.717,37.0,,44.71
2004-04-20T06:00:00,43344099999,TIRUCHIRAPPALLI,10.767,78.717,36.4,1010.3,46.77
2004-04-20T06:40:00,43344099999,TIRUCHIRAPPALLI,10.767,78.717,37.0,,39.58
2004-04-20T07:40:00,43344099999,TIRUCHIRAPPALLI,10.767,78.717,38.0,,39.85
2004-04-20T08:40:00,43344099999,TIRUCHIRAPPALLI,10.767,78.717,39.0,,37.75
2004-04-20T09:00:00,43344099999,TIRUCHIRAPPALLI,10.767,78.717,38.4,1007.3,44.81
2004-04-20T09:40:00,43344099999,TIRUCHIRAPPALLI,10.767,78.717,39.0,,42.61
2004-04-20T11:40:00,43344099999,TIRUCHIRAPPALLI,10.767,78.717,38.0,,47.75
2004-04-20T12:00:00,43344099999,TIRUCHIRAPPALLI,10.767,78.717,38.0,1006.4,31.7
2004-04-20T12:40:00,43344099999,TIRUCHIRAPPALLI,10.767,78.717,36.0,,39.31
2004-04-20T13:40:00,43344099999,TIRUCHIRAPPALLI,10.767,78.717,34.0,,43.91
2004-04-20T14:40:00,43344099999,TIRUCHIRAPPALLI,10.767,78.717,33.0,,46.44
2004-04-20T15:00:00,43344099999,TIRUCHIRAPPALLI,10.767,78.717,33.0,1008.5,50.94
2004-04-20T17:40:00,43344099999,TIRUCHIRAPPALLI,10.767,78.717,31.0,,62.5
2004-04-20T18:00:00,43344099999,TIRUCHIRAPPALLI,10.767,78.717,30.6,1010.0,65.51
2004-04-20T18:40:00,43344099999,TIRUCHIRAPPALLI,10.767,78.717,30.0,,66.18
2004-04-20T20:40:00,43344099999,TIRUCHIRAPPALLI,10.767,78.717,29.0,,74.47
2004-04-20T21:00:00,43344099999,TIRUCHIRAPPALLI,10.767,78.717,28.4,1009.0,78.5
2004-04-20T21:40:00,43344099999,TIRUCHIRAPPALLI,10.767,78.717,29.0,,74.47
2004-04-20T22:40:00,43344099999,TIRUCHIRAPPALLI,10.767,78.717,28.0,,78.92
2004-04-20T23:40:00,43344099999,TIRUCHIRAPPALLI,10.767,78.717,27.0,,83.68
2004-04-21T00:00:00,43344099999,TIRUCHIRAPPALLI,10.767,78.717,27.8,1009.4,90.49
2004-04-21T00:40:00,43344099999,TIRUCHIRAPPALLI,10.767,78.717,29.0,,74.47
2004-04-21T01:40:00,43344099999,TIRUCHIRAPPALLI,10.767,78.717,30.0,,70.29
2004-04-21T03:00:00,43344099999,TIRUCHIRAPPALLI,10.767,78.717,30.6,1011.3,78.35
2004-04-21T03:40:00,43344099999,TIRUCHIRAPPALLI,10.767,78.717,33.0,,59.27
2004-04-21T04:40:00,43344099999,TIRUCHIRAPPALLI,10.767,78.717,34.0,,59.5
2004-04-21T06:00:00,43344099999,TIRUCHIRAPPALLI,10.767,78.717,35.6,1010.3,55.1
2004-04-21T06:40:00,43344099999,TIRUCHIRAPPALLI,10.767,78.717,36.0,,56.52
2004-04-21T07:40:00,43344099999,TIRUCHIRAPPALLI,10.767,78.717,37.0,,50.42
2004-04-21T09:00:00,43344099999,TIRUCHIRAPPALLI,10.767,78.717,38.2,1006.5,37.77
2004-04-21T09:40:00,43344099999,TIRUCHIRAPPALLI,10.767,78.717,39.0,,35.51
2004-04-21T11:40:00,43344099999,TIRUCHIRAPPALLI,10.767,78.717,38.0,,37.48
2004-04-21T12:00:00,43344099999,TIRUCHIRAPPALLI,10.767,78.717,38.4,1004.7,38.76
2004-04-21T12:40:00,43344099999,TIRUCHIRAPPALLI,10.767,78.717,37.0,,42.08
2004-04-21T14:40:00,43344099999,TIRUCHIRAPPALLI,10.767,78.717,33.0,,52.52
2004-04-21T15:00:00,43344099999,TIRUCHIRAPPALLI,10.767,78.717,32.0,1007.7,56.93
2004-04-21T15:40:00,43344099999,TIRUCHIRAPPALLI,10.767,78.717,32.0,,59.04
2004-04-21T16:40:00,43344099999,TIRUCHIRAPPALLI,10.767,78.717,31.0,,62.5
2004-04-21T18:00:00,43344099999,TIRUCHIRAPPALLI,10.767,78.717,30.0,1008.9,74.18
2004-04-21T18:40:00,43344099999,TIRUCHIRAPPALLI,10.767,78.717,29.0,,79.06
2004-04-21T20:40:00,43344099999,TIRUCHIRAPPALLI,10.767,78.717,29.0,,83.9
2004-04-21T21:00:00,43344099999,TIRUCHIRAPPALLI,10.767,78.717,28.6,1007.4,81.88
2004-04-21T23:40:00,43344099999,TIRUCHIRAPPALLI,10.767,78.717,28.0,,83.79
2004-04-22T00:00:00,43344099999,TIRUCHIRAPPALLI,10.767,78.717,28.0,1007.0,84.79
2004-04-22T03:00:00,43344099999,TIRUCHIRAPPALLI,10.767,78.717,30.4,1009.3,70.37
2004-04-22T04:40:00,43344099999,TIRUCHIRAPPALLI,10.767,78.717,33.0,,59.27
2004-04-22T05:40:00,43344099999,TIRUCHIRAPPALLI,10.767,78.717,35.0,,49.91
2004-04-22T06:00:00,43344099999,TIRUCHIRAPPALLI,10.767,78.717,34.8,1008.8,48.37
2004-04-22T08:40:00,43344099999,TIRUCHIRAPPALLI,10.767,78.717,38.0,,42.34
2004-04-22T09:00:00,43344099999,TIRUCHIRAPPALLI,10.767,78.717,37.0,1005.3,35.63
2004-04-22T11:40:00,43344099999,TIRUCHIRAPPALLI,10.767,78.717,37.0,,37.21
2004-04-22T12:00:00,43344099999,TIRUCHIRAPPALLI,10.767,78.717,36.6,1004.1,38.75
2004-04-22T12:40:00,43344099999,TIRUCHIRAPPALLI,10.767,78.717,36.0,,41.81
2004-04-22T14:40:00,43344099999,TIRUCHIRAPPALLI,10.767,78.717,33.0,,52.52
2004-04-22T15:00:00,43344099999,TIRUCHIRAPPALLI,10.767,78.717,32.0,1006.4,60.13
2004-04-22T16:40:00,43344099999,TIRUCHIRAPPALLI,10.767,78.717,31.0,,66.38
2004-04-22T18:00:00,43344099999,TIRUCHIRAPPALLI,10.767,78.717,30.2,1008.3,75.55
2004-04-22T19:40:00,43344099999,TIRUCHIRAPPALLI,10.767,78.717,29.0,,79.06
2004-04-22T21:00:00,43344099999,TIRUCHIRAPPALLI,10.767,78.717,28.4,1007.3,83.33
2004-04-22T21:40:00,43344099999,TIRUCHIRAPPALLI,10.767,78.717,28.0,,88.92
2004-04-23T00:00:00,43344099999,TIRUCHIRAPPALLI,10.767,78.717,28.0,1007.6,85.81
2004-04-23T00:40:00,43344099999,TIRUCHIRAPPALLI,10.767,78.717,29.0,,74.47
2004-04-23T01:40:00,43344099999,TIRUCHIRAPPALLI,10.767,78.717,29.0,,74.47
2004-04-23T02:40:00,43344099999,TIRUCHIRAPPALLI,10.767,78.717,30.0,,74.63
2004-04-23T03:00:00,43344099999,TIRUCHIRAPPALLI,10.767,78.717,30.4,1008.7,69.11
2004-04-23T03:40:00,43344099999,TIRUCHIRAPPALLI,10.767,78.717,32.0,,62.71
2004-04-23T04:40:00,43344099999,TIRUCHIRAPPALLI,10.767,78.717,33.0,,55.81
2004-04-23T05:40:00,43344099999,TIRUCHIRAPPALLI,10.767,78.717,34.0,,52.77
2004-04-23T06:00:00,43344099999,TIRUCHIRAPPALLI,10.767,78.717,35.0,1007.4,43.64
2004-04-23T06:40:00,43344099999,TIRUCHIRAPPALLI,10.767,78.717,36.0,,44.45
2004-04-23T07:40:00,43344099999,TIRUCHIRAPPALLI,10.767,78.717,37.0,,42.08
2004-04-23T08:40:00,43344099999,TIRUCHIRAPPALLI,10.767,78.717,38.0,,37.48
2004-04-23T09:00:00,43344099999,TIRUCHIRAPPALLI,10.767,78.717,38.0,1004.1,33.32
2004-04-23T12:00:00,43344099999,TIRUCHIRAPPALLI,10.767,78.717,37.4,1003.2,38.25
2004-04-23T14:40:00,43344099999,TIRUCHIRAPPALLI,10.767,78.717,33.0,,52.52
2004-04-23T15:00:00,43344099999,TIRUCHIRAPPALLI,10.767,78.717,32.6,1006.5,54.04
2004-04-23T15:40:00,43344099999,TIRUCHIRAPPALLI,10.767,78.717,32.0,,55.56
2004-04-23T16:40:00,43344099999,TIRUCHIRAPPALLI,10.767,78.717,31.0,,58.81
2004-04-23T18:00:00,43344099999,TIRUCHIRAPPALLI,10.767,78.717,30.4,1008.2,65.07
2004-04-23T18:40:00,43344099999,TIRUCHIRAPPALLI,10.767,78.717,30.0,,66.18
2004-04-23T20:40:00,43344099999,TIRUCHIRAPPALLI,10.767,78.717,29.0,,70.11
2004-04-23T21:00:00,43344099999,TIRUCHIRAPPALLI,10.767,78.717,29.0,1006.7,77.66
2004-04-23T23:40:00,43344099999,TIRUCHIRAPPALLI,10.767,78.717,28.0,,78.92
2004-04-24T00:00:00,43344099999,TIRUCHIRAPPALLI,10.767,78.717,28.6,1006.4,80.43
2004-04-24T00:40:00,43344099999,TIRUCHIRAPPALLI,10.767,78.717,29.0,,74.47
2004-04-24T03:00:00,43344099999,TIRUCHIRAPPALLI,10.767,78.717,31.4,1008.3,66.07
2004-04-24T03:40:00,43344099999,TIRUCHIRAPPALLI,10.767,78.717,32.0,,66.58
2004-04-24T04:40:00,43344099999,TIRUCHIRAPPALLI,10.767,78.717,33.0,,55.81
2004-04-24T05:40:00,43344099999,TIRUCHIRAPPALLI,10.767,78.717,35.0,,49.91
2004-04-24T06:00:00,43344099999,TIRUCHIRAPPALLI,10.767,78.717,35.0,1007.6,48.72
2004-04-24T06:40:00,43344099999,TIRUCHIRAPPALLI,10.767,78.717,36.0,,44.45
2004-04-24T07:40:00,43344099999,TIRUCHIRAPPALLI,10.767,78.717,36.0,,44.45
2004-04-24T08:40:00,43344099999,TIRUCHIRAPPALLI,10.767,78.717,37.0,,44.71
2004-04-24T09:00:00,43344099999,TIRUCHIRAPPALLI,10.767,78.717,37.6,1004.9,41.47
2004-04-24T11:40:00,43344099999,TIRUCHIRAPPALLI,10.767,78.717,37.0,,42.08
2004-04-24T12:00:00,43344099999,TIRUCHIRAPPALLI,10.767,78.717,36.0,1004.1,41.81
2004-04-24T12:40:00,43344099999,TIRUCHIRAPPALLI,10.767,78.717,35.0,,44.18
2004-04-24T14:40:00,43344099999,TIRUCHIRAPPALLI,10.767,78.717,32.0,,55.56
2004-04-24T15:00:00,43344099999,TIRUCHIRAPPALLI,10.767,78.717,31.4,1008.0,62.21
2004-04-24T17:40:00,43344099999,TIRUCHIRAPPALLI,10.767,78.717,30.0,,79.2
2004-04-24T18:00:00,43344099999,TIRUCHIRAPPALLI,10.767,78.717,29.6,1009.1,83.47
2004-04-24T18:40:00,43344099999,TIRUCHIRAPPALLI,10.767,78.717,29.0,,83.9
2004-04-24T21:00:00,43344099999,TIRUCHIRAPPALLI,10.767,78.717,29.0,1007.3,79.06
2004-04-24T22:40:00,43344099999,TIRUCHIRAPPALLI,10.767,78.717,28.0,,78.92
2004-04-24T23:40:00,43344099999,TIRUCHIRAPPALLI,10.767,78.717,28.0,,83.79
2004-04-25T00:00:00,43344099999,TIRUCHIRAPPALLI,10.767,78.717,28.4,1007.5,77.57
2004-04-25T00:40:00,43344099999,TIRUCHIRAPPALLI,10.767,78.717,28.0,,78.92
2004-04-25T01:40:00,43344099999,TIRUCHIRAPPALLI,10.767,78.717,30.0,,70.29
2004-04-25T02:40:00,43344099999,TIRUCHIRAPPALLI,10.767,78.717,31.0,,62.5
2004-04-25T03:00:00,43344099999,TIRUCHIRAPPALLI,10.767,78.717,30.0,1009.0,74.18
2004-04-25T03:40:00,43344099999,TIRUCHIRAPPALLI,10.767,78.717,32.0,,62.71
2004-04-25T04:40:00,43344099999,TIRUCHIRAPPALLI,10.767,78.717,33.0,,52.52
2004-04-25T05:40:00,43344099999,TIRUCHIRAPPALLI,10.767,78.717,35.0,,46.97
2004-04-25T06:00:00,43344099999,TIRUCHIRAPPALLI,10.767,78.717,35.0,1008.3,56.96
2004-04-25T06:40:00,43344099999,TIRUCHIRAPPALLI,10.767,78.717,36.0,,53.26
2004-04-25T07:40:00,43344099999,TIRUCHIRAPPALLI,10.767,78.717,36.0,,50.17
2004-04-25T08:40:00,43344099999,TIRUCHIRAPPALLI,10.767,78.717,37.0,,50.42
2004-04-25T09:00:00,43344099999,TIRUCHIRAPPALLI,10.767,78.717,37.6,1004.9,48.8
2004-04-25T09:40:00,43344099999,TIRUCHIRAPPALLI,10.767,78.717,38.0,,47.75
2004-04-25T10:40:00,43344099999,TIRUCHIRAPPALLI,10.767,78.717,38.0,,47.75
2004-04-25T11:40:00,43344099999,TIRUCHIRAPPALLI,10.767,78.717,37.0,,50.42
2004-04-25T12:00:00,43344099999,TIRUCHIRAPPALLI,10.767,78.717,35.6,1003.6,44.34
2004-04-25T12:40:00,43344099999,TIRUCHIRAPPALLI,10.767,78.717,35.0,,46.97
2004-04-25T13:40:00,43344099999,TIRUCHIRAPPALLI,10.767,78.717,33.0,,52.52
2004-04-25T15:00:00,43344099999,TIRUCHIRAPPALLI,10.767,78.717,31.6,1007.7,64.93
2004-04-25T15:40:00,43344099999,TIRUCHIRAPPALLI,10.767,78.717,31.0,,66.38
2004-04-25T18:00:00,43344099999,TIRUCHIRAPPALLI,10.767,78.717,29.0,1009.5,80.48
2004-04-25T20:40:00,43344099999,TIRUCHIRAPPALLI,10.767,78.717,28.0,,83.79
2004-04-25T21:00:00,43344099999,TIRUCHIRAPPALLI,10.767,78.717,28.8,1008.6,81.91
2004-04-25T21:40:00,43344099999,TIRUCHIRAPPALLI,10.767,78.717,28.0,,88.92
2004-04-25T22:40:00,43344099999,TIRUCHIRAPPALLI,10.767,78.717,28.0,,83.79
2004-04-25T23:40:00,43344099999,TIRUCHIRAPPALLI,10.767,78.717,28.0,,83.79
2004-04-26T00:00:00,43344099999,TIRUCHIRAPPALLI,10.767,78.717,27.4,1008.5,84.22
2004-04-26T01:40:00,43344099999,TIRUCHIRAPPALLI,10.767,78.717,29.0,,79.06
2004-04-26T02:40:00,43344099999,TIRUCHIRAPPALLI,10.767,78.717,30.0,,70.29
2004-04-26T03:00:00,43344099999,TIRUCHIRAPPALLI,10.767,78.717,30.6,1010.2,70.4
2004-04-26T03:40:00,43344099999,TIRUCHIRAPPALLI,10.767,78.717,32.0,,62.71
2004-04-26T05:40:00,43344099999,TIRUCHIRAPPALLI,10.767,78.717,35.0,,53.01
2004-04-26T06:00:00,43344099999,TIRUCHIRAPPALLI,10.767,78.717,34.6,1009.4,48.32
2004-04-26T07:40:00,43344099999,TIRUCHIRAPPALLI,10.767,78.717,38.0,,42.34
2004-04-26T08:40:00,43344099999,TIRUCHIRAPPALLI,10.767,78.717,39.0,,37.75
2004-04-26T09:00:00,43344099999,TIRUCHIRAPPALLI,10.767,78.717,37.8,1005.7,37.2
2004-04-26T10:40:00,43344099999,TIRUCHIRAPPALLI,10.767,78.717,39.0,,37.75
2004-04-26T11:40:00,43344099999,TIRUCHIRAPPALLI,10.767,78.717,37.0,,44.71
2004-04-26T12:00:00,43344099999,TIRUCHIRAPPALLI,10.767,78.717,37.0,1004.7,38.14
2004-04-26T12:40:00,43344099999,TIRUCHIRAPPALLI,10.767,78.717,36.0,,44.45
2004-04-26T13:40:00,43344099999,TIRUCHIRAPPALLI,10.767,78.717,34.0,,52.77
2004-04-26T14:40:00,43344099999,TIRUCHIRAPPALLI,10.767,78.717,32.0,,62.71
2004-04-26T15:00:00,43344099999,TIRUCHIRAPPALLI,10.767,78.717,32.0,1008.0,61.59
2004-04-26T15:40:00,43344099999,TIRUCHIRAPPALLI,10.767,78.717,31.0,,66.38
2004-04-26T18:00:00,43344099999,TIRUCHIRAPPALLI,10.767,78.717,30.0,1009.7,72.87
2004-04-26T18:40:00,43344099999,TIRUCHIRAPPALLI,10.767,78.717,30.0,,74.63
2004-04-26T21:00:00,43344099999,TIRUCHIRAPPALLI,10.767,78.717,29.6,1008.1,78.21
2004-04-27T00:00:00,43344099999,TIRUCHIRAPPALLI,10.767,78.717,28.6,1008.8,83.36
2004-04-27T00:40:00,43344099999,TIRUCHIRAPPALLI,10.767,78.717,28.0,,83.79
2004-04-27T01:40:00,43344099999,TIRUCHIRAPPALLI,10.767,78.717,29.0,,83.9
2004-04-27T03:00:00,43344099999,TIRUCHIRAPPALLI,10.767,78.717,30.6,1011.0,69.15
2004-04-27T06:00:00,43344099999,TIRUCHIRAPPALLI,10.767,78.717,33.6,1009.9,53.63
2004-04-27T06:40:00,43344099999,TIRUCHIRAPPALLI,10.767,78.717,36.0,,44.45
2004-04-27T07:40:00,43344099999,TIRUCHIRAPPALLI,10.767,78.717,36.0,,44.45
2004-04-27T08:40:00,43344099999,TIRUCHIRAPPALLI,10.767,78.717,37.0,,42.08
2004-04-27T09:00:00,43344099999,TIRUCHIRAPPALLI,10.767,78.717,36.6,1005.7,40.45
2004-04-27T09:40:00,43344099999,TIRUCHIRAPPALLI,10.767,78.717,37.0,,42.08
2004-04-27T11:40:00,43344099999,TIRUCHIRAPPALLI,10.767,78.717,36.0,,41.81
2004-04-27T12:00:00,43344099999,TIRUCHIRAPPALLI,10.767,78.717,36.0,1004.5,35.36
2004-04-27T12:40:00,43344099999,TIRUCHIRAPPALLI,10.767,78.717,35.0,,44.18
2004-04-27T13:40:00,43344099999,TIRUCHIRAPPALLI,10.767,78.717,33.0,,52.52
2004-04-27T14:40:00,43344099999,TIRUCHIRAPPALLI,10.767,78.717,33.0,,55.81
2004-04-27T15:00:00,43344099999,TIRUCHIRAPPALLI,10.767,78.717,33.0,1006.8,55.47
2004-04-27T18:00:00,43344099999,TIRUCHIRAPPALLI,10.767,78.717,30.0,1008.4,72.87
2004-04-27T20:40:00,43344099999,TIRUCHIRAPPALLI,10.767,78.717,30.0,,74.63
2004-04-27T22:40:00,43344099999,TIRUCHIRAPPALLI,10.767,78.717,29.0,,79.06
2004-04-27T23:40:00,43344099999,TIRUCHIRAPPALLI,10.767,78.717,29.0,,79.06
2004-04-28T03:00:00,43344099999,TIRUCHIRAPPALLI,10.767,78.717,31.0,1008.6,72.17
2004-04-28T04:40:00,43344099999,TIRUCHIRAPPALLI,10.767,78.717,34.0,,56.05
2004-04-28T05:40:00,43344099999,TIRUCHIRAPPALLI,10.767,78.717,35.0,,46.97
2004-04-28T06:00:00,43344099999,TIRUCHIRAPPALLI,10.767,78.717,36.0,1007.3,50.47
2004-04-28T06:40:00,43344099999,TIRUCHIRAPPALLI,10.767,78.717,37.0,,50.42
2004-04-28T09:00:00,43344099999,TIRUCHIRAPPALLI,10.767,78.717,39.2,1003.5,42.15
2004-04-28T09:40:00,43344099999,TIRUCHIRAPPALLI,10.767,78.717,39.0,,40.12
2004-04-28T12:00:00,43344099999,TIRUCHIRAPPALLI,10.767,78.717,39.0,1002.3,34.43
2004-04-28T12:40:00,43344099999,TIRUCHIRAPPALLI,10.767,78.717,37.0,,44.71
2004-04-28T15:00:00,43344099999,TIRUCHIRAPPALLI,10.767,78.717,32.4,1005.6,66.66
2004-04-28T18:00:00,43344099999,TIRUCHIRAPPALLI,10.767,78.717,31.2,1006.8,73.5
2004-04-28T21:00:00,43344099999,TIRUCHIRAPPALLI,10.767,78.717,30.6,1005.7,78.35
2004-04-28T23:40:00,43344099999,TIRUCHIRAPPALLI,10.767,78.717,29.0,,79.06
2004-04-29T00:00:00,43344099999,TIRUCHIRAPPALLI,10.767,78.717,29.4,1006.1,77.71
2004-04-29T00:40:00,43344099999,TIRUCHIRAPPALLI,10.767,78.717,29.0,,79.06
2004-04-29T01:40:00,43344099999,TIRUCHIRAPPALLI,10.767,78.717,30.0,,74.63
2004-04-29T02:40:00,43344099999,TIRUCHIRAPPALLI,10.767,78.717,31.0,,66.38
2004-04-29T03:00:00,43344099999,TIRUCHIRAPPALLI,10.767,78.717,31.2,1007.6,74.82
2004-04-29T04:40:00,43344099999,TIRUCHIRAPPALLI,10.767,78.717,34.0,,59.5
2004-04-29T05:40:00,43344099999,TIRUCHIRAPPALLI,10.767,78.717,36.0,,47.23
2004-04-29T06:00:00,43344099999,TIRUCHIRAPPALLI,10.767,78.717,35.8,1006.9,55.48
2004-04-29T06:40:00,43344099999,TIRUCHIRAPPALLI,10.767,78.717,37.0,,50.42
2004-04-29T07:40:00,43344099999,TIRUCHIRAPPALLI,10.767,78.717,38.0,,47.75
2004-04-29T08:40:00,43344099999,TIRUCHIRAPPALLI,10.767,78.717,38.0,,47.75
2004-04-29T09:00:00,43344099999,TIRUCHIRAPPALLI,10.767,78.717,38.2,1002.8,43.69
2004-04-29T10:40:00,43344099999,TIRUCHIRAPPALLI,10.767,78.717,39.0,,45.24
2004-04-29T11:40:00,43344099999,TIRUCHIRAPPALLI,10.767,78.717,38.0,,47.75
2004-04-29T12:00:00,43344099999,TIRUCHIRAPPALLI,10.767,78.717,37.2,1001.4,38.43
2004-04-29T15:00:00,43344099999,TIRUCHIRAPPALLI,10.767,78.717,32.4,,66.66
2004-04-29T15:40:00,43344099999,TIRUCHIRAPPALLI,10.767,78.717,32.0,,62.71
2004-04-29T18:00:00,43344099999,TIRUCHIRAPPALLI,10.767,78.717,29.4,1006.5,74.98
2004-04-29T18:40:00,43344099999,TIRUCHIRAPPALLI,10.767,78.717,29.0,,79.06
2004-04-29T20:40:00,43344099999,TIRUCHIRAPPALLI,10.767,78.717,29.0,,79.06
2004-04-29T21:00:00,43344099999,TIRUCHIRAPPALLI,10.767,78.717,28.4,1004.9,81.86
2004-04-29T21:40:00,43344099999,TIRUCHIRAPPALLI,10.767,78.717,28.0,,83.79
2004-04-29T22:40:00,43344099999,TIRUCHIRAPPALLI,10.767,78.717,28.0,,83.79
2004-04-29T23:40:00,43344099999,TIRUCHIRAPPALLI,10.767,78.717,27.0,,88.84
2004-04-30T00:00:00,43344099999,TIRUCHIRAPPALLI,10.767,78.717,27.6,1005.6,87.31
2004-04-30T00:40:00,43344099999,TIRUCHIRAPPALLI,10.767,78.717,28.0,,83.79
2004-04-30T01:40:00,43344099999,TIRUCHIRAPPALLI,10.767,78.717,29.0,,79.06
2004-04-30T02:40:00,43344099999,TIRUCHIRAPPALLI,10.767,78.717,30.0,,74.63
2004-04-30T03:00:00,43344099999,TIRUCHIRAPPALLI,10.767,78.717,31.0,1007.6,72.17
2004-04-30T03:40:00,43344099999,TIRUCHIRAPPALLI,10.767,78.717,31.0,,66.38
2004-04-30T05:40:00,43344099999,TIRUCHIRAPPALLI,10.767,78.717,34.0,,56.05
2004-04-30T06:00:00,43344099999,TIRUCHIRAPPALLI,10.767,78.717,34.0,1006.5,54.06
2004-04-30T06:40:00,43344099999,TIRUCHIRAPPALLI,10.767,78.717,35.0,,53.01
2004-04-30T07:40:00,43344099999,TIRUCHIRAPPALLI,10.767,78.717,37.0,,47.49
2004-04-30T08:40:00,43344099999,TIRUCHIRAPPALLI,10.767,78.717,38.0,,44.97
2004-04-30T09:00:00,43344099999,TIRUCHIRAPPALLI,10.767,78.717,37.8,1002.6,38.12
2004-04-30T09:40:00,43344099999,TIRUCHIRAPPALLI,10.767,78.717,38.0,,39.85
2004-04-30T10:40:00,43344099999,TIRUCHIRAPPALLI,10.767,78.717,37.0,,42.08
2004-04-30T11:40:00,43344099999,TIRUCHIRAPPALLI,10.767,78.717,36.0,,44.45
2004-04-30T12:00:00,43344099999,TIRUCHIRAPPALLI,10.767,78.717,36.8,1002.0,39.77
2004-04-30T12:40:00,43344099999,TIRUCHIRAPPALLI,10.767,78.717,35.0,,49.91
2004-04-30T14:40:00,43344099999,TIRUCHIRAPPALLI,10.767,78.717,32.0,,62.71
2004-04-30T15:00:00,43344099999,TIRUCHIRAPPALLI,10.767,78.717,31.6,1005.7,73.57
2004-04-30T15:40:00,43344099999,TIRUCHIRAPPALLI,10.767,78.717,31.0,,79.33
2004-04-30T17:40:00,43344099999,TIRUCHIRAPPALLI,10.767,78.717,30.0,,79.2
2004-04-30T18:00:00,43344099999,TIRUCHIRAPPALLI,10.767,78.717,29.4,1007.6,81.98
2004-04-30T21:00:00,43344099999,TIRUCHIRAPPALLI,10.767,78.717,28.0,1005.3,84.79
2004-04-30T23:40:00,43344099999,TIRUCHIRAPPALLI,10.767,78.717,28.0,,83.79
2004-05-01T00:00:00,43344099999,TIRUCHIRAPPALLI,10.767,78.717,28.0,1005.3,85.81
2004-05-01T01:40:00,43344099999,TIRUCHIRAPPALLI,10.767,78.717,29.0,,79.06
2004-05-01T02:40:00,43344099999,TIRUCHIRAPPALLI,10.767,78.717,30.0,,74.63
2004-05-01T03:00:00,43344099999,TIRUCHIRAPPALLI,10.767,78.717,30.6,1006.5,74.28
2004-05-01T03:40:00,43344099999,TIRUCHIRAPPALLI,10.767,78.717,31.0,,70.48
2004-05-01T04:40:00,43344099999,TIRUCHIRAPPALLI,10.767,78.717,33.0,,62.93
2004-05-01T05:40:00,43344099999,TIRUCHIRAPPALLI,10.767,78.717,35.0,,53.01
2004-05-01T06:00:00,43344099999,TIRUCHIRAPPALLI,10.767,78.717,35.6,1006.3,50.98
2004-05-01T06:40:00,43344099999,TIRUCHIRAPPALLI,10.767,78.717,36.0,,47.23
2004-05-01T07:40:00,43344099999,TIRUCHIRAPPALLI,10.767,78.717,37.0,,42.08
2004-05-01T08:40:00,43344099999,TIRUCHIRAPPALLI,10.767,78.717,37.0,,42.08
2004-05-01T09:00:00,43344099999,TIRUCHIRAPPALLI,10.767,78.717,35.6,1003.4,52.22
2004-05-01T10:40:00,43344099999,TIRUCHIRAPPALLI,10.767,78.717,35.0,,53.01
2004-05-01T11:40:00,43344099999,TIRUCHIRAPPALLI,10.767,78.717,34.0,,59.5
2004-05-01T12:00:00,43344099999,TIRUCHIRAPPALLI,10.767,78.717,34.2,1003.2,63.94
2004-05-01T12:40:00,43344099999,TIRUCHIRAPPALLI,10.767,78.717,33.0,,62.93
2004-05-01T13:40:00,43344099999,TIRUCHIRAPPALLI,10.767,78.717,32.0,,66.58
2004-05-01T15:00:00,43344099999,TIRUCHIRAPPALLI,10.767,78.717,31.0,1006.1,65.59
2004-05-01T16:40:00,43344099999,TIRUCHIRAPPALLI,10.767,78.717,30.0,,79.2
2004-05-01T17:40:00,43344099999,TIRUCHIRAPPALLI,10.767,78.717,30.0,,66.18
2004-05-01T18:00:00,43344099999,TIRUCHIRAPPALLI,10.767,78.717,28.6,1006.7,80.43
2004-05-01T18:40:00,43344099999,TIRUCHIRAPPALLI,10.767,78.717,29.0,,83.9
2004-05-01T21:00:00,43344099999,TIRUCHIRAPPALLI,10.767,78.717,28.0,1004.7,87.35
2004-05-01T21:40:00,43344099999,TIRUCHIRAPPALLI,10.767,78.717,28.0,,83.79
2004-05-01T22:40:00,43344099999,TIRUCHIRAPPALLI,10.767,78.717,28.0,,88.92
2004-05-02T00:00:00,43344099999,TIRUCHIRAPPALLI,10.767,78.717,27.4,1005.1,88.87
2004-05-02T00:40:00,43344099999,TIRUCHIRAPPALLI,10.767,78.717,28.0,,88.92
2004-05-02T01:40:00,43344099999,TIRUCHIRAPPALLI,10.767,78.717,29.0,,79.06
2004-05-02T03:00:00,43344099999,TIRUCHIRAPPALLI,10.767,78.717,29.4,1006.6,79.11
2004-05-02T06:00:00,43344099999,TIRUCHIRAPPALLI,10.767,78.717,33.6,1005.6,54.62
2004-05-02T06:40:00,43344099999,TIRUCHIRAPPALLI,10.767,78.717,34.0,,52.77
2004-05-02T07:40:00,43344099999,TIRUCHIRAPPALLI,10.767,78.717,35.0,,49.91
2004-05-02T08:40:00,43344099999,TIRUCHIRAPPALLI,10.767,78.717,35.0,,49.91
2004-05-02T09:00:00,43344099999,TIRUCHIRAPPALLI,10.767,78.717,31.4,1003.1,76.19
2004-05-02T10:40:00,43344099999,TIRUCHIRAPPALLI,10.767,78.717,31.0,,66.38
2004-05-02T11:40:00,43344099999,TIRUCHIRAPPALLI,10.767,78.717,29.0,,79.06
2004-05-02T12:00:00,43344099999,TIRUCHIRAPPALLI,10.767,78.717,27.8,1003.1,98.26
2004-05-02T12:40:00,43344099999,TIRUCHIRAPPALLI,10.767,78.717,27.0,,83.68
2004-05-02T14:40:00,43344099999,TIRUCHIRAPPALLI,10.767,78.717,25.0,,88.68
2004-05-02T15:00:00,43344099999,TIRUCHIRAPPALLI,10.767,78.717,24.2,1006.8,98.21
2004-05-02T18:00:00,43344099999,TIRUCHIRAPPALLI,10.767,78.717,25.0,1005.8,96.48
2004-05-02T21:00:00,43344099999,TIRUCHIRAPPALLI,10.767,78.717,24.4,1003.7,96.46
2004-05-03T00:00:00,43344099999,TIRUCHIRAPPALLI,10.767,78.717,25.4,1004.0,96.49
2004-05-03T00:40:00,43344099999,TIRUCHIRAPPALLI,10.767,78.717,25.0,,94.19
2004-05-03T01:40:00,43344099999,TIRUCHIRAPPALLI,10.767,78.717,26.0,,83.57
2004-05-03T02:40:00,43344099999,TIRUCHIRAPPALLI,10.767,78.717,26.0,,83.57
2004-05-03T03:00:00,43344099999,TIRUCHIRAPPALLI,10.767,78.717,25.0,1006.1,98.23
2004-05-03T03:40:00,43344099999,TIRUCHIRAPPALLI,10.767,78.717,25.0,,88.68
2004-05-03T04:40:00,43344099999,TIRUCHIRAPPALLI,10.767,78.717,25.0,,94.19
2004-05-03T06:00:00,43344099999,TIRUCHIRAPPALLI,10.767,78.717,24.8,1006.2,99.4
2004-05-03T06:40:00,43344099999,TIRUCHIRAPPALLI,10.767,78.717,25.0,,100.0
2004-05-03T07:40:00,43344099999,TIRUCHIRAPPALLI,10.767,78.717,25.0,,100.0
2004-05-03T08:40:00,43344099999,TIRUCHIRAPPALLI,10.767,78.717,26.0,,88.76
2004-05-03T09:00:00,43344099999,TIRUCHIRAPPALLI,10.767,78.717,24.6,1003.0,100.0
2004-05-03T09:40:00,43344099999,TIRUCHIRAPPALLI,10.767,78.717,25.0,,100.0
2004-05-03T12:00:00,43344099999,TIRUCHIRAPPALLI,10.767,78.717,24.0,1001.7,100.0
2004-05-03T15:00:00,43344099999,TIRUCHIRAPPALLI,10.767,78.717,23.4,1002.5,98.2
2004-05-03T18:00:00,43344099999,TIRUCHIRAPPALLI,10.767,78.717,23.4,1002.8,98.2
2004-05-03T21:40:00,43344099999,TIRUCHIRAPPALLI,10.767,78.717,24.0,,94.15
2004-05-03T22:40:00,43344099999,TIRUCHIRAPPALLI,10.767,78.717,24.0,,94.15
2004-05-04T00:00:00,43344099999,TIRUCHIRAPPALLI,10.767,78.717,24.2,1003.1,94.73
2004-05-04T00:40:00,43344099999,TIRUCHIRAPPALLI,10.767,78.717,24.0,,94.15
2004-05-04T03:00:00,43344099999,TIRUCHIRAPPALLI,10.767,78.717,25.4,1005.7,98.23
2004-05-04T04:40:00,43344099999,TIRUCHIRAPPALLI,10.767,78.717,28.0,,83.79
2004-05-04T05:40:00,43344099999,TIRUCHIRAPPALLI,10.767,78.717,28.0,,83.79
2004-05-04T06:00:00,43344099999,TIRUCHIRAPPALLI,10.767,78.717,28.4,1006.0,84.83
2004-05-04T06:40:00,43344099999,TIRUCHIRAPPALLI,10.767,78.717,29.0,,79.06
2004-05-04T07:40:00,43344099999,TIRUCHIRAPPALLI,10.767,78.717,30.0,,74.63
2004-05-04T08:40:00,43344099999,TIRUCHIRAPPALLI,10.767,78.717,30.0,,74.63
2004-05-04T09:00:00,43344099999,TIRUCHIRAPPALLI,10.767,78.717,30.8,1002.5,65.55
2004-05-04T09:40:00,43344099999,TIRUCHIRAPPALLI,10.767,78.717,31.0,,66.38
2004-05-04T10:40:00,43344099999,TIRUCHIRAPPALLI,10.767,78.717,30.0,,74.63
2004-05-04T12:00:00,43344099999,TIRUCHIRAPPALLI,10.767,78.717,24.4,1002.9,96.46
2004-05-04T13:40:00,43344099999,TIRUCHIRAPPALLI,10.767,78.717,25.0,,94.19
2004-05-04T14:40:00,43344099999,TIRUCHIRAPPALLI,10.767,78.717,26.0,,88.76
2004-05-04T15:00:00,43344099999,TIRUCHIRAPPALLI,10.767,78.717,25.8,1005.8,94.79
2004-05-04T17:40:00,43344099999,TIRUCHIRAPPALLI,10.767,78.717,25.0,,94.19
2004-05-04T19:40:00,43344099999,TIRUCHIRAPPALLI,10.767,78.717,25.0,,94.19
2004-05-04T20:40:00,43344099999,TIRUCHIRAPPALLI,10.767,78.717,24.0,,94.15
2004-05-04T21:00:00,43344099999,TIRUCHIRAPPALLI,10.767,78.717,25.0,1003.0,93.07
2004-05-04T21:40:00,43344099999,TIRUCHIRAPPALLI,10.767,78.717,25.0,,94.19
2004-05-04T22:40:00,43344099999,TIRUCHIRAPPALLI,10.767,78.717,24.0,,94.15
2004-05-05T00:00:00,43344099999,TIRUCHIRAPPALLI,10.767,78.717,25.0,1003.2,93.07
2004-05-05T00:40:00,43344099999,TIRUCHIRAPPALLI,10.767,78.717,25.0,,94.19
2004-05-05T02:40:00,43344099999,TIRUCHIRAPPALLI,10.767,78.717,24.0,,94.15
2004-05-05T03:00:00,43344099999,TIRUCHIRAPPALLI,10.767,78.717,25.0,1005.1,98.23
2004-05-05T05:40:00,43344099999,TIRUCHIRAPPALLI,10.767,78.717,25.0,,100.0
2004-05-05T06:00:00,43344099999,TIRUCHIRAPPALLI,10.767,78.717,25.4,1005.5,96.49
2004-05-05T06:40:00,43344099999,TIRUCHIRAPPALLI,10.767,78.717,25.0,,100.0
2004-05-05T07:40:00,43344099999,TIRUCHIRAPPALLI,10.767,78.717,25.0,,100.0
2004-05-05T08:40:00,43344099999,TIRUCHIRAPPALLI,10.767,78.717,26.0,,94.23
2004-05-05T09:00:00,43344099999,TIRUCHIRAPPALLI,10.767,78.717,25.8,1003.0,96.5
2004-05-05T09:40:00,43344099999,TIRUCHIRAPPALLI,10.767,78.717,27.0,,88.84
2004-05-05T11:40:00,43344099999,TIRUCHIRAPPALLI,10.767,78.717,28.0,,78.92
2004-05-05T12:00:00,43344099999,TIRUCHIRAPPALLI,10.767,78.717,28.4,1002.2,90.53
2004-05-05T14:40:00,43344099999,TIRUCHIRAPPALLI,10.767,78.717,26.0,,94.23
2004-05-05T15:00:00,43344099999,TIRUCHIRAPPALLI,10.767,78.717,26.2,1003.9,98.24
2004-05-05T15:40:00,43344099999,TIRUCHIRAPPALLI,10.767,78.717,26.0,,94.23
2004-05-05T16:40:00,43344099999,TIRUCHIRAPPALLI,10.767,78.717,26.0,,94.23
2004-05-05T18:00:00,43344099999,TIRUCHIRAPPALLI,10.767,78.717,26.4,1004.5,98.24
2004-05-05T20:40:00,43344099999,TIRUCHIRAPPALLI,10.767,78.717,26.0,,94.23
2004-05-05T21:00:00,43344099999,TIRUCHIRAPPALLI,10.767,78.717,26.0,1002.8,96.5
2004-05-05T23:40:00,43344099999,TIRUCHIRAPPALLI,10.767,78.717,26.0,,94.23
2004-05-06T00:00:00,43344099999,TIRUCHIRAPPALLI,10.767,78.717,26.0,1003.0,96.5
2004-05-06T03:00:00,43344099999,TIRUCHIRAPPALLI,10.767,78.717,28.4,1004.1,77.57
2004-05-06T04:40:00,43344099999,TIRUCHIRAPPALLI,10.767,78.717,31.0,,62.5
2004-05-06T05:40:00,43344099999,TIRUCHIRAPPALLI,10.767,78.717,32.0,,59.04
2004-05-06T06:00:00,43344099999,TIRUCHIRAPPALLI,10.767,78.717,32.6,1004.1,57.42
2004-05-06T06:40:00,43344099999,TIRUCHIRAPPALLI,10.767,78.717,33.0,,55.81
2004-05-06T07:40:00,43344099999,TIRUCHIRAPPALLI,10.767,78.717,34.0,,52.77
2004-05-06T09:00:00,43344099999,TIRUCHIRAPPALLI,10.767,78.717,34.0,1001.3,45.57
2004-05-06T10:40:00,43344099999,TIRUCHIRAPPALLI,10.767,78.717,32.0,,55.56
2004-05-06T12:00:00,43344099999,TIRUCHIRAPPALLI,10.767,78.717,32.0,1001.0,69.83
2004-05-06T12:40:00,43344099999,TIRUCHIRAPPALLI,10.767,78.717,31.0,,62.5
2004-05-06T13:40:00,43344099999,TIRUCHIRAPPALLI,10.767,78.717,30.0,,66.18
2004-05-06T14:40:00,43344099999,TIRUCHIRAPPALLI,10.767,78.717,28.0,,78.92
2004-05-06T15:00:00,43344099999,TIRUCHIRAPPALLI,10.767,78.717,27.6,1003.7,79.82
2004-05-06T15:40:00,43344099999,TIRUCHIRAPPALLI,10.767,78.717,28.0,,78.92
2004-05-06T17:40:00,43344099999,TIRUCHIRAPPALLI,10.767,78.717,27.0,,83.68
2004-05-06T18:00:00,43344099999,TIRUCHIRAPPALLI,10.767,78.717,27.0,1005.1,85.71
2004-05-06T18:40:00,43344099999,TIRUCHIRAPPALLI,10.767,78.717,27.0,,83.68
2004-05-06T21:00:00,43344099999,TIRUCHIRAPPALLI,10.767,78.717,26.0,1003.7,88.76
2004-05-06T23:40:00,43344099999,TIRUCHIRAPPALLI,10.767,78.717,26.0,,83.57
2004-05-07T00:00:00,43344099999,TIRUCHIRAPPALLI,10.767,78.717,26.0,1003.7,88.76
2004-05-07T00:40:00,43344099999,TIRUCHIRAPPALLI,10.767,78.717,26.0,,88.76
2004-05-07T02:40:00,43344099999,TIRUCHIRAPPALLI,10.767,78.717,28.0,,78.92
2004-05-07T03:00:00,43344099999,TIRUCHIRAPPALLI,10.767,78.717,28.6,1005.6,70.46
2004-05-07T03:40:00,43344099999,TIRUCHIRAPPALLI,10.767,78.717,30.0,,66.18
2004-05-07T04:40:00,43344099999,TIRUCHIRAPPALLI,10.767,78.717,31.0,,62.5
2004-05-07T05:40:00,43344099999,TIRUCHIRAPPALLI,10.767,78.717,32.0,,59.04
2004-05-07T06:00:00,43344099999,TIRUCHIRAPPALLI,10.767,78.717,33.4,1004.6,50.11
2004-05-07T06:40:00,43344099999,TIRUCHIRAPPALLI,10.767,78.717,33.0,,52.52
2004-05-07T07:40:00,43344099999,TIRUCHIRAPPALLI,10.767,78.717,35.0,,46.97
2004-05-07T08:40:00,43344099999,TIRUCHIRAPPALLI,10.767,78.717,32.0,,55.56
2004-05-07T09:00:00,43344099999,TIRUCHIRAPPALLI,10.767,78.717,33.2,1002.4,56.53
2004-05-07T09:40:00,43344099999,TIRUCHIRAPPALLI,10.767,78.717,33.0,,52.52
2004-05-07T10:40:00,43344099999,TIRUCHIRAPPALLI,10.767,78.717,33.0,,52.52
2004-05-07T12:00:00,43344099999,TIRUCHIRAPPALLI,10.767,78.717,32.2,1001.8,53.61
2004-05-07T12:40:00,43344099999,TIRUCHIRAPPALLI,10.767,78.717,31.0,,62.5
2004-05-07T15:00:00,43344099999,TIRUCHIRAPPALLI,10.767,78.717,29.4,1005.1,77.71
2004-05-07T17:40:00,43344099999,TIRUCHIRAPPALLI,10.767,78.717,28.0,,78.92
2004-05-07T18:00:00,43344099999,TIRUCHIRAPPALLI,10.767,78.717,28.4,1005.9,74.82
2004-05-07T18:40:00,43344099999,TIRUCHIRAPPALLI,10.767,78.717,28.0,,83.79
2004-05-07T20:40:00,43344099999,TIRUCHIRAPPALLI,10.767,78.717,28.0,,83.79
2004-05-07T21:00:00,43344099999,TIRUCHIRAPPALLI,10.767,78.717,27.4,1004.2,81.25
2004-05-07T23:40:00,43344099999,TIRUCHIRAPPALLI,10.767,78.717,27.0,,83.68
2004-05-08T00:00:00,43344099999,TIRUCHIRAPPALLI,10.767,78.717,26.6,1004.0,85.67
2004-05-08T00:40:00,43344099999,TIRUCHIRAPPALLI,10.767,78.717,27.0,,83.68
2004-05-08T01:40:00,43344099999,TIRUCHIRAPPALLI,10.767,78.717,28.0,,78.92
2004-05-08T03:00:00,43344099999,TIRUCHIRAPPALLI,10.767,78.717,30.4,1006.4,62.75
2004-05-08T03:40:00,43344099999,TIRUCHIRAPPALLI,10.767,78.717,31.0,,62.5
2004-05-08T04:40:00,43344099999,TIRUCHIRAPPALLI,10.767,78.717,33.0,,59.27
2004-05-08T05:40:00,43344099999,TIRUCHIRAPPALLI,10.767,78.717,34.0,,49.66
2004-05-08T06:00:00,43344099999,TIRUCHIRAPPALLI,10.767,78.717,33.6,1005.4,47.18
2004-05-08T06:40:00,43344099999,TIRUCHIRAPPALLI,10.767,78.717,35.0,,46.97
2004-05-08T07:40:00,43344099999,TIRUCHIRAPPALLI,10.767,78.717,35.0,,46.97
2004-05-08T08:40:00,43344099999,TIRUCHIRAPPALLI,10.767,78.717,36.0,,41.81
2004-05-08T09:00:00,43344099999,TIRUCHIRAPPALLI,10.767,78.717,36.0,1002.8,37.17
2004-05-08T09:40:00,43344099999,TIRUCHIRAPPALLI,10.767,78.717,36.0,,39.31
2004-05-08T10:40:00,43344099999,TIRUCHIRAPPALLI,10.767,78.717,36.0,,39.31
2004-05-08T11:40:00,43344099999,TIRUCHIRAPPALLI,10.767,78.717,35.0,,46.97
2004-05-08T12:00:00,43344099999,TIRUCHIRAPPALLI,10.767,78.717,35.0,1002.2,38.79
2004-05-08T12:40:00,43344099999,TIRUCHIRAPPALLI,10.767,78.717,34.0,,49.66
2004-05-08T13:40:00,43344099999,TIRUCHIRAPPALLI,10.767,78.717,32.0,,62.71
2004-05-08T14:40:00,43344099999,TIRUCHIRAPPALLI,10.767,78.717,31.0,,66.38
2004-05-08T15:00:00,43344099999,TIRUCHIRAPPALLI,10.767,78.717,31.2,1004.4,72.21
2004-05-08T15:40:00,43344099999,TIRUCHIRAPPALLI,10.767,78.717,31.0,,66.38
2004-05-08T16:40:00,43344099999,TIRUCHIRAPPALLI,10.767,78.717,29.0,,74.47
2004-05-08T17:40:00,43344099999,TIRUCHIRAPPALLI,10.767,78.717,27.0,,83.68
2004-05-08T18:00:00,43344099999,TIRUCHIRAPPALLI,10.767,78.717,27.0,1006.3,81.2
2004-05-08T18:40:00,43344099999,TIRUCHIRAPPALLI,10.767,78.717,27.0,,78.78
2004-05-08T21:00:00,43344099999,TIRUCHIRAPPALLI,10.767,78.717,26.6,1004.7,74.98
2004-05-08T23:40:00,43344099999,TIRUCHIRAPPALLI,10.767,78.717,25.0,,83.45
2004-05-09T00:00:00,43344099999,TIRUCHIRAPPALLI,10.767,78.717,26.2,1004.1,79.15
2004-05-09T00:40:00,43344099999,TIRUCHIRAPPALLI,10.767,78.717,27.0,,78.78
2004-05-09T01:40:00,43344099999,TIRUCHIRAPPALLI,10.767,78.717,28.0,,65.77
2004-05-09T02:40:00,43344099999,TIRUCHIRAPPALLI,10.767,78.717,30.0,,62.28
2004-05-09T03:00:00,43344099999,TIRUCHIRAPPALLI,10.767,78.717,29.6,1006.6,60.69
2004-05-09T03:40:00,43344099999,TIRUCHIRAPPALLI,10.767,78.717,31.0,,55.32
2004-05-09T04:40:00,43344099999,TIRUCHIRAPPALLI,10.767,78.717,32.0,,52.27
2004-05-09T05:40:00,43344099999,TIRUCHIRAPPALLI,10.767,78.717,33.0,,46.44
2004-05-09T06:00:00,43344099999,TIRUCHIRAPPALLI,10.767,78.717,33.4,1005.6,48.01
2004-05-09T07:40:00,43344099999,TIRUCHIRAPPALLI,10.767,78.717,35.0,,44.18
2004-05-09T08:40:00,43344099999,TIRUCHIRAPPALLI,10.767,78.717,35.0,,44.18
2004-05-09T09:00:00,43344099999,TIRUCHIRAPPALLI,10.767,78.717,35.6,1003.3,42.22
2004-05-09T09:40:00,43344099999,TIRUCHIRAPPALLI,10.767,78.717,36.0,,44.45
2004-05-09T10:40:00,43344099999,TIRUCHIRAPPALLI,10.767,78.717,35.0,,44.18
2004-05-09T12:00:00,43344099999,TIRUCHIRAPPALLI,10.767,78.717,27.2,1004.3,78.33
2004-05-09T14:40:00,43344099999,TIRUCHIRAPPALLI,10.767,78.717,25.0,,94.19
2004-05-09T15:00:00,43344099999,TIRUCHIRAPPALLI,10.767,78.717,25.0,1008.1,94.76
2004-05-09T18:00:00,43344099999,TIRUCHIRAPPALLI,10.767,78.717,24.8,1008.4,93.06
2004-05-09T18:40:00,43344099999,TIRUCHIRAPPALLI,10.767,78.717,25.0,,94.19
2004-05-09T20:40:00,43344099999,TIRUCHIRAPPALLI,10.767,78.717,25.0,,94.19
2004-05-09T21:00:00,43344099999,TIRUCHIRAPPALLI,10.767,78.717,24.8,1006.0,91.39
2004-05-09T21:40:00,43344099999,TIRUCHIRAPPALLI,10.767,78.717,25.0,,94.19
2004-05-09T22:40:00,43344099999,TIRUCHIRAPPALLI,10.767,78.717,25.0,,94.19
2004-05-09T23:40:00,43344099999,TIRUCHIRAPPALLI,10.767,78.717,25.0,,94.19
2004-05-10T00:00:00,43344099999,TIRUCHIRAPPALLI,10.767,78.717,25.0,1006.3,88.14
2004-05-10T00:40:00,43344099999,TIRUCHIRAPPALLI,10.767,78.717,25.0,,83.45
2004-05-10T02:40:00,43344099999,TIRUCHIRAPPALLI,10.767,78.717,26.0,,78.64
2004-05-10T03:00:00,43344099999,TIRUCHIRAPPALLI,10.767,78.717,27.0,1007.8,76.89
2004-05-10T04:40:00,43344099999,TIRUCHIRAPPALLI,10.767,78.717,29.0,,65.98
2004-05-10T06:00:00,43344099999,TIRUCHIRAPPALLI,10.767,78.717,31.4,1007.1,54.08
2004-05-10T06:40:00,43344099999,TIRUCHIRAPPALLI,10.767,78.717,32.0,,52.27
2004-05-10T07:40:00,43344099999,TIRUCHIRAPPALLI,10.767,78.717,33.0,,46.44
2004-05-10T08:40:00,43344099999,TIRUCHIRAPPALLI,10.767,78.717,34.0,,43.91
2004-05-10T09:00:00,43344099999,TIRUCHIRAPPALLI,10.767,78.717,34.0,1004.2,50.88
2004-05-10T09:40:00,43344099999,TIRUCHIRAPPALLI,10.767,78.717,34.0,,49.66
2004-05-10T10:40:00,43344099999,TIRUCHIRAPPALLI,10.767,78.717,34.0,,49.66
2004-05-10T11:40:00,43344099999,TIRUCHIRAPPALLI,10.767,78.717,33.0,,52.52
2004-05-10T12:00:00,43344099999,TIRUCHIRAPPALLI,10.767,78.717,33.4,1003.7,48.01
2004-05-10T12:40:00,43344099999,TIRUCHIRAPPALLI,10.767,78.717,31.0,,62.5
2004-05-10T13:40:00,43344099999,TIRUCHIRAPPALLI,10.767,78.717,31.0,,58.81
2004-05-10T14:40:00,43344099999,TIRUCHIRAPPALLI,10.767,78.717,31.0,,62.5
2004-05-10T15:00:00,43344099999,TIRUCHIRAPPALLI,10.767,78.717,31.4,1005.8,54.08
2004-05-10T16:40:00,43344099999,TIRUCHIRAPPALLI,10.767,78.717,30.0,,66.18
2004-05-10T17:40:00,43344099999,TIRUCHIRAPPALLI,10.767,78.717,29.0,,62.06
2004-05-10T18:00:00,43344099999,TIRUCHIRAPPALLI,10.767,78.717,29.4,1006.9,55.62
2004-05-10T18:40:00,43344099999,TIRUCHIRAPPALLI,10.767,78.717,29.0,,65.98
2004-05-10T21:00:00,43344099999,TIRUCHIRAPPALLI,10.767,78.717,28.2,1006.3,66.22
2004-05-10T23:40:00,43344099999,TIRUCHIRAPPALLI,10.767,78.717,27.0,,78.78
2004-05-11T00:00:00,43344099999,TIRUCHIRAPPALLI,10.767,78.717,27.4,1006.7,76.95
2004-05-11T00:40:00,43344099999,TIRUCHIRAPPALLI,10.767,78.717,27.0,,78.78
2004-05-11T01:40:00,43344099999,TIRUCHIRAPPALLI,10.767,78.717,28.0,,74.3
2004-05-11T02:40:00,43344099999,TIRUCHIRAPPALLI,10.767,78.717,29.0,,70.11
2004-05-11T03:00:00,43344099999,TIRUCHIRAPPALLI,10.767,78.717,29.0,1008.5,74.91
2004-05-11T03:40:00,43344099999,TIRUCHIRAPPALLI,10.767,78.717,31.0,,58.81
2004-05-11T04:40:00,43344099999,TIRUCHIRAPPALLI,10.767,78.717,32.0,,52.27
2004-05-11T05:40:00,43344099999,TIRUCHIRAPPALLI,10.767,78.717,33.0,,49.4
2004-05-11T06:00:00,43344099999,TIRUCHIRAPPALLI,10.767,78.717,31.8,1006.7,55.52
2004-05-11T07:40:00,43344099999,TIRUCHIRAPPALLI,10.767,78.717,34.0,,49.66
2004-05-11T08:40:00,43344099999,TIRUCHIRAPPALLI,10.767,78.717,34.0,,49.66
2004-05-11T09:00:00,43344099999,TIRUCHIRAPPALLI,10.767,78.717,36.0,1003.7,42.58
2004-05-11T09:40:00,43344099999,TIRUCHIRAPPALLI,10.767,78.717,36.0,,44.45
2004-05-11T12:00:00,43344099999,TIRUCHIRAPPALLI,10.767,78.717,35.4,1003.0,44.02
2004-05-11T12:40:00,43344099999,TIRUCHIRAPPALLI,10.767,78.717,34.0,,46.71
2004-05-11T14:40:00,43344099999,TIRUCHIRAPPALLI,10.767,78.717,32.0,,55.56
2004-05-11T15:00:00,43344099999,TIRUCHIRAPPALLI,10.767,78.717,32.8,1005.7,47.55
2004-05-11T16:40:00,43344099999,TIRUCHIRAPPALLI,10.767,78.717,31.0,,62.5
2004-05-11T17:40:00,43344099999,TIRUCHIRAPPALLI,10.767,78.717,30.0,,66.18
2004-05-11T18:00:00,43344099999,TIRUCHIRAPPALLI,10.767,78.717,30.0,1006.6,60.04
2004-05-11T18:40:00,43344099999,TIRUCHIRAPPALLI,10.767,78.717,30.0,,62.28
2004-05-11T20:40:00,43344099999,TIRUCHIRAPPALLI,10.767,78.717,29.0,,70.11
2004-05-11T21:00:00,43344099999,TIRUCHIRAPPALLI,10.767,78.717,29.0,1005.4,65.58
2004-05-11T23:40:00,43344099999,TIRUCHIRAPPALLI,10.767,78.717,27.0,,78.78
2004-05-12T00:00:00,43344099999,TIRUCHIRAPPALLI,10.767,78.717,27.2,1005.4,72.38
2004-05-12T00:40:00,43344099999,TIRUCHIRAPPALLI,10.767,78.717,27.0,,69.74
2004-05-12T01:40:00,43344099999,TIRUCHIRAPPALLI,10.767,78.717,28.0,,65.77
2004-05-12T02:40:00,43344099999,TIRUCHIRAPPALLI,10.767,78.717,28.0,,65.77
2004-05-12T03:00:00,43344099999,TIRUCHIRAPPALLI,10.767,78.717,27.6,1006.3,71.58
2004-05-12T03:40:00,43344099999,TIRUCHIRAPPALLI,10.767,78.717,29.0,,65.98
2004-05-12T05:40:00,43344099999,TIRUCHIRAPPALLI,10.767,78.717,32.0,,52.27
2004-05-12T06:00:00,43344099999,TIRUCHIRAPPALLI,10.767,78.717,32.0,1005.1,53.24
2004-05-12T06:40:00,43344099999,TIRUCHIRAPPALLI,10.767,78.717,33.0,,52.52
2004-05-12T07:40:00,43344099999,TIRUCHIRAPPALLI,10.767,78.717,35.0,,46.97
2004-05-12T08:40:00,43344099999,TIRUCHIRAPPALLI,10.767,78.717,36.0,,44.45
2004-05-12T09:00:00,43344099999,TIRUCHIRAPPALLI,10.767,78.717,36.4,1001.9,38.45
2004-05-12T09:40:00,43344099999,TIRUCHIRAPPALLI,10.767,78.717,37.0,,39.58
2004-05-12T12:00:00,43344099999,TIRUCHIRAPPALLI,10.767,78.717,37.0,1001.4,35.63
2004-05-12T14:40:00,43344099999,TIRUCHIRAPPALLI,10.767,78.717,32.0,,55.56
2004-05-12T15:00:00,43344099999,TIRUCHIRAPPALLI,10.767,78.717,31.4,1004.3,61.09
2004-05-12T15:40:00,43344099999,TIRUCHIRAPPALLI,10.767,78.717,31.0,,66.38
2004-05-12T16:40:00,43344099999,TIRUCHIRAPPALLI,10.767,78.717,31.0,,66.38
2004-05-12T21:00:00,43344099999,TIRUCHIRAPPALLI,10.767,78.717,28.2,1003.1,61.12
2004-05-12T23:40:00,43344099999,TIRUCHIRAPPALLI,10.767,78.717,27.0,,74.14
2004-05-13T00:00:00,43344099999,TIRUCHIRAPPALLI,10.767,78.717,27.0,1003.4,72.35
2004-05-13T00:40:00,43344099999,TIRUCHIRAPPALLI,10.767,78.717,27.0,,69.74
2004-05-13T01:40:00,43344099999,TIRUCHIRAPPALLI,10.767,78.717,28.0,,65.77
2004-05-13T03:00:00,43344099999,TIRUCHIRAPPALLI,10.767,78.717,30.2,1005.1,63.86
2004-05-13T03:40:00,43344099999,TIRUCHIRAPPALLI,10.767,78.717,31.0,,62.5
2004-05-13T04:40:00,43344099999,TIRUCHIRAPPALLI,10.767,78.717,33.0,,55.81
2004-05-13T05:40:00,43344099999,TIRUCHIRAPPALLI,10.767,78.717,34.0,,52.77
2004-05-13T06:00:00,43344099999,TIRUCHIRAPPALLI,10.767,78.717,34.6,1004.0,53.56
2004-05-13T06:40:00,43344099999,TIRUCHIRAPPALLI,10.767,78.717,35.0,,53.01
2004-05-13T07:40:00,43344099999,TIRUCHIRAPPALLI,10.767,78.717,36.0,,50.17
2004-05-13T08:40:00,43344099999,TIRUCHIRAPPALLI,10.767,78.717,37.0,,44.71
2004-05-13T09:00:00,43344099999,TIRUCHIRAPPALLI,10.767,78.717,37.5,1001.2,43.77
2004-05-13T12:00:00,43344099999,TIRUCHIRAPPALLI,10.767,78.717,37.4,1000.7,39.44
2004-05-13T14:40:00,43344099999,TIRUCHIRAPPALLI,10.767,78.717,32.0,,62.71
2004-05-13T15:00:00,43344099999,TIRUCHIRAPPALLI,10.767,78.717,32.0,1003.5,66.19
2004-05-13T16:40:00,43344099999,TIRUCHIRAPPALLI,10.767,78.717,31.0,,70.48
2004-05-13T18:00:00,43344099999,TIRUCHIRAPPALLI,10.767,78.717,30.0,1005.1,66.18
2004-05-13T18:40:00,43344099999,TIRUCHIRAPPALLI,10.767,78.717,30.0,,74.63
2004-05-13T21:00:00,43344099999,TIRUCHIRAPPALLI,10.767,78.717,29.2,1003.2,66.83
2004-05-13T21:40:00,43344099999,TIRUCHIRAPPALLI,10.767,78.717,29.0,,74.47
2004-05-13T22:40:00,43344099999,TIRUCHIRAPPALLI,10.767,78.717,29.0,,74.47
2004-05-13T23:40:00,43344099999,TIRUCHIRAPPALLI,10.767,78.717,28.0,,78.92
2004-05-14T00:00:00,43344099999,TIRUCHIRAPPALLI,10.767,78.717,28.0,1003.8,70.35
2004-05-14T00:40:00,43344099999,TIRUCHIRAPPALLI,10.767,78.717,28.0,,69.92
2004-05-14T03:00:00,43344099999,TIRUCHIRAPPALLI,10.767,78.717,30.4,1005.9,65.07
2004-05-14T04:40:00,43344099999,TIRUCHIRAPPALLI,10.767,78.717,32.0,,59.04
2004-05-14T05:40:00,43344099999,TIRUCHIRAPPALLI,10.767,78.717,34.0,,52.77
2004-05-14T06:00:00,43344099999,TIRUCHIRAPPALLI,10.767,78.717,34.0,1005.5,58.45
2004-05-14T06:40:00,43344099999,TIRUCHIRAPPALLI,10.767,78.717,35.0,,53.01
2004-05-14T07:40:00,43344099999,TIRUCHIRAPPALLI,10.767,78.717,37.0,,47.49
2004-05-14T08:40:00,43344099999,TIRUCHIRAPPALLI,10.767,78.717,37.0,,47.49
2004-05-14T09:00:00,43344099999,TIRUCHIRAPPALLI,10.767,78.717,36.2,1002.3,51.74
2004-05-14T09:40:00,43344099999,TIRUCHIRAPPALLI,10.767,78.717,34.0,,63.14
2004-05-14T12:00:00,43344099999,TIRUCHIRAPPALLI,10.767,78.717,27.8,1004.6,70.31
2004-05-14T15:00:00,43344099999,TIRUCHIRAPPALLI,10.767,78.717,27.0,1006.9,76.89
2004-05-14T18:00:00,43344099999,TIRUCHIRAPPALLI,10.767,78.717,26.4,1005.9,81.12
2004-05-14T21:00:00,43344099999,TIRUCHIRAPPALLI,10.767,78.717,26.0,1004.7,87.17
2004-05-15T00:00:00,43344099999,TIRUCHIRAPPALLI,10.767,78.717,26.0,1005.2,87.17
2004-05-15T00:40:00,43344099999,TIRUCHIRAPPALLI,10.767,78.717,26.0,,83.57
2004-05-15T01:40:00,43344099999,TIRUCHIRAPPALLI,10.767,78.717,28.0,,74.3
2004-05-15T02:40:00,43344099999,TIRUCHIRAPPALLI,10.767,78.717,29.0,,65.98
2004-05-15T03:00:00,43344099999,TIRUCHIRAPPALLI,10.767,78.717,28.4,1007.0,76.18
2004-05-15T03:40:00,43344099999,TIRUCHIRAPPALLI,10.767,78.717,29.0,,70.11
2004-05-15T05:40:00,43344099999,TIRUCHIRAPPALLI,10.767,78.717,34.0,,52.77
2004-05-15T06:00:00,43344099999,TIRUCHIRAPPALLI,10.767,78.717,34.0,1006.4,56.05
2004-05-15T06:40:00,43344099999,TIRUCHIRAPPALLI,10.767,78.717,35.0,,53.01
2004-05-15T09:00:00,43344099999,TIRUCHIRAPPALLI,10.767,78.717,37.0,1003.6,43.64
2004-05-15T12:00:00,43344099999,TIRUCHIRAPPALLI,10.767,78.717,31.0,1003.2,45.62
2004-05-15T14:40:00,43344099999,TIRUCHIRAPPALLI,10.767,78.717,27.0,,83.68
2004-05-15T15:00:00,43344099999,TIRUCHIRAPPALLI,10.767,78.717,26.0,1007.5,88.76
2004-05-15T16:40:00,43344099999,TIRUCHIRAPPALLI,10.767,78.717,26.0,,94.23
2004-05-15T17:40:00,43344099999,TIRUCHIRAPPALLI,10.767,78.717,26.0,,94.23
2004-05-15T18:00:00,43344099999,TIRUCHIRAPPALLI,10.767,78.717,26.4,1006.9,92.03
2004-05-15T20:40:00,43344099999,TIRUCHIRAPPALLI,10.767,78.717,26.0,,94.23
2004-05-15T21:00:00,43344099999,TIRUCHIRAPPALLI,10.767,78.717,26.4,1004.8,92.03
2004-05-15T21:40:00,43344099999,TIRUCHIRAPPALLI,10.767,78.717,26.0,,94.23
2004-05-15T23:40:00,43344099999,TIRUCHIRAPPALLI,10.767,78.717,26.0,,94.23
2004-05-16T00:00:00,43344099999,TIRUCHIRAPPALLI,10.767,78.717,26.0,1005.7,92.01
2004-05-16T00:40:00,43344099999,TIRUCHIRAPPALLI,10.767,78.717,27.0,,78.78
2004-05-16T03:00:00,43344099999,TIRUCHIRAPPALLI,10.767,78.717,30.0,1007.1,69.04
2004-05-16T03:40:00,43344099999,TIRUCHIRAPPALLI,10.767,78.717,31.0,,62.5
2004-05-16T04:40:00,43344099999,TIRUCHIRAPPALLI,10.767,78.717,32.0,,59.04
2004-05-16T05:40:00,43344099999,TIRUCHIRAPPALLI,10.767,78.717,34.0,,52.77
2004-05-16T06:00:00,43344099999,TIRUCHIRAPPALLI,10.767,78.717,34.0,1006.4,47.58
2004-05-16T06:40:00,43344099999,TIRUCHIRAPPALLI,10.767,78.717,35.0,,46.97
2004-05-16T07:40:00,43344099999,TIRUCHIRAPPALLI,10.767,78.717,36.0,,44.45
2004-05-16T08:40:00,43344099999,TIRUCHIRAPPALLI,10.767,78.717,36.0,,44.45
2004-05-16T09:00:00,43344099999,TIRUCHIRAPPALLI,10.767,78.717,33.2,1003.8,51.3
2004-05-16T09:40:00,43344099999,TIRUCHIRAPPALLI,10.767,78.717,33.0,,59.27
2004-05-16T10:40:00,43344099999,TIRUCHIRAPPALLI,10.767,78.717,32.0,,62.71
2004-05-16T12:00:00,43344099999,TIRUCHIRAPPALLI,10.767,78.717,30.0,1004.0,62.28
2004-05-16T12:40:00,43344099999,TIRUCHIRAPPALLI,10.767,78.717,30.0,,66.18
2004-05-16T15:00:00,43344099999,TIRUCHIRAPPALLI,10.767,78.717,29.8,1006.7,62.24
2004-05-16T15:40:00,43344099999,TIRUCHIRAPPALLI,10.767,78.717,29.0,,74.47
2004-05-16T16:40:00,43344099999,TIRUCHIRAPPALLI,10.767,78.717,28.0,,83.79
2004-05-16T17:40:00,43344099999,TIRUCHIRAPPALLI,10.767,78.717,26.0,,88.76
2004-05-16T18:00:00,43344099999,TIRUCHIRAPPALLI,10.767,78.717,28.0,1007.4,70.35
2004-05-16T20:40:00,43344099999,TIRUCHIRAPPALLI,10.767,78.717,28.0,,74.3
2004-05-16T21:00:00,43344099999,TIRUCHIRAPPALLI,10.767,78.717,27.8,1006.4,71.61
2004-05-16T21:40:00,43344099999,TIRUCHIRAPPALLI,10.767,78.717,28.0,,74.3
2004-05-17T00:00:00,43344099999,TIRUCHIRAPPALLI,10.767,78.717,27.4,1006.8,74.2
2004-05-17T00:40:00,43344099999,TIRUCHIRAPPALLI,10.767,78.717,28.0,,74.3
2004-05-17T01:40:00,43344099999,TIRUCHIRAPPALLI,10.767,78.717,28.0,,74.3
2004-05-17T02:40:00,43344099999,TIRUCHIRAPPALLI,10.767,78.717,29.0,,65.98
2004-05-17T03:00:00,43344099999,TIRUCHIRAPPALLI,10.767,78.717,29.6,1008.4,64.51
2004-05-17T03:40:00,43344099999,TIRUCHIRAPPALLI,10.767,78.717,30.0,,66.18
2004-05-17T04:40:00,43344099999,TIRUCHIRAPPALLI,10.767,78.717,31.0,,62.5
2004-05-17T05:40:00,43344099999,TIRUCHIRAPPALLI,10.767,78.717,31.0,,62.5
2004-05-17T06:00:00,43344099999,TIRUCHIRAPPALLI,10.767,78.717,32.2,1007.9,58.03
2004-05-17T06:40:00,43344099999,TIRUCHIRAPPALLI,10.767,78.717,33.0,,55.81
2004-05-17T07:40:00,43344099999,TIRUCHIRAPPALLI,10.767,78.717,33.0,,55.81
2004-05-17T08:40:00,43344099999,TIRUCHIRAPPALLI,10.767,78.717,33.0,,55.81
2004-05-17T09:00:00,43344099999,TIRUCHIRAPPALLI,10.767,78.717,33.4,1005.4,53.58
2004-05-17T12:00:00,43344099999,TIRUCHIRAPPALLI,10.767,78.717,33.0,1004.8,53.16
2004-05-17T12:40:00,43344099999,TIRUCHIRAPPALLI,10.767,78.717,32.0,,62.71
2004-05-17T13:40:00,43344099999,TIRUCHIRAPPALLI,10.767,78.717,32.0,,62.71
2004-05-17T15:00:00,43344099999,TIRUCHIRAPPALLI,10.767,78.717,30.6,1007.0,59.08
2004-05-17T15:40:00,43344099999,TIRUCHIRAPPALLI,10.767,78.717,30.0,,66.18
2004-05-17T18:00:00,43344099999,TIRUCHIRAPPALLI,10.767,78.717,28.8,1007.8,62.78
2004-05-17T18:40:00,43344099999,TIRUCHIRAPPALLI,10.767,78.717,29.0,,65.98
2004-05-17T21:00:00,43344099999,TIRUCHIRAPPALLI,10.767,78.717,28.0,1006.8,67.41
2004-05-18T00:00:00,43344099999,TIRUCHIRAPPALLI,10.767,78.717,27.6,1006.6,70.71
2004-05-18T00:40:00,43344099999,TIRUCHIRAPPALLI,10.767,78.717,28.0,,74.3
2004-05-18T03:00:00,43344099999,TIRUCHIRAPPALLI,10.767,78.717,29.4,1009.1,68.51
2004-05-18T03:40:00,43344099999,TIRUCHIRAPPALLI,10.767,78.717,30.0,,66.18
2004-05-18T04:40:00,43344099999,TIRUCHIRAPPALLI,10.767,78.717,32.0,,55.56
2004-05-18T05:40:00,43344099999,TIRUCHIRAPPALLI,10.767,78.717,32.0,,59.04
2004-05-18T06:00:00,43344099999,TIRUCHIRAPPALLI,10.767,78.717,32.4,1007.4,54.99
2004-05-18T06:40:00,43344099999,TIRUCHIRAPPALLI,10.767,78.717,33.0,,55.81
2004-05-18T09:00:00,43344099999,TIRUCHIRAPPALLI,10.767,78.717,33.0,1004.9,50.01
2004-05-18T09:40:00,43344099999,TIRUCHIRAPPALLI,10.767,78.717,33.0,,52.52
2004-05-18T10:40:00,43344099999,TIRUCHIRAPPALLI,10.767,78.717,33.0,,52.52
2004-05-18T11:40:00,43344099999,TIRUCHIRAPPALLI,10.767,78.717,31.0,,58.81
2004-05-18T12:00:00,43344099999,TIRUCHIRAPPALLI,10.767,78.717,32.4,1004.4,48.34
2004-05-18T13:40:00,43344099999,TIRUCHIRAPPALLI,10.767,78.717,30.0,,62.28
2004-05-18T15:00:00,43344099999,TIRUCHIRAPPALLI,10.767,78.717,29.6,1007.4,53.63
2004-05-18T17:40:00,43344099999,TIRUCHIRAPPALLI,10.767,78.717,28.0,,65.77
2004-05-18T18:00:00,43344099999,TIRUCHIRAPPALLI,10.767,78.717,28.2,1007.6,58.52
2004-05-18T20:40:00,43344099999,TIRUCHIRAPPALLI,10.767,78.717,28.0,,65.77
2004-05-18T21:00:00,43344099999,TIRUCHIRAPPALLI,10.767,78.717,28.4,1005.6,60.04
2004-05-18T22:40:00,43344099999,TIRUCHIRAPPALLI,10.767,78.717,28.0,,65.77
2004-05-18T23:40:00,43344099999,TIRUCHIRAPPALLI,10.767,78.717,28.0,,65.77
2004-05-19T00:00:00,43344099999,TIRUCHIRAPPALLI,10.767,78.717,28.4,1005.2,61.17
2004-05-19T00:40:00,43344099999,TIRUCHIRAPPALLI,10.767,78.717,28.0,,61.84
2004-05-19T01:40:00,43344099999,TIRUCHIRAPPALLI,10.767,78.717,29.0,,58.35
2004-05-19T02:40:00,43344099999,TIRUCHIRAPPALLI,10.767,78.717,30.0,,58.58
2004-05-19T03:00:00,43344099999,TIRUCHIRAPPALLI,10.767,78.717,30.2,1006.9,60.08
2004-05-19T03:40:00,43344099999,TIRUCHIRAPPALLI,10.767,78.717,31.0,,62.5
2004-05-19T04:40:00,43344099999,TIRUCHIRAPPALLI,10.767,78.717,32.0,,59.04
2004-05-19T05:40:00,43344099999,TIRUCHIRAPPALLI,10.767,78.717,33.0,,55.81
2004-05-19T06:00:00,43344099999,TIRUCHIRAPPALLI,10.767,78.717,33.6,1006.0,49.25
2004-05-19T06:40:00,43344099999,TIRUCHIRAPPALLI,10.767,78.717,34.0,,52.77
2004-05-19T08:40:00,43344099999,TIRUCHIRAPPALLI,10.767,78.717,36.0,,39.31
2004-05-19T09:00:00,43344099999,TIRUCHIRAPPALLI,10.767,78.717,35.6,1003.5,41.44
2004-05-19T10:40:00,43344099999,TIRUCHIRAPPALLI,10.767,78.717,35.0,,44.18
2004-05-19T12:00:00,43344099999,TIRUCHIRAPPALLI,10.767,78.717,31.8,1003.8,47.59
2004-05-19T12:40:00,43344099999,TIRUCHIRAPPALLI,10.767,78.717,31.0,,55.32
2004-05-19T14:40:00,43344099999,TIRUCHIRAPPALLI,10.767,78.717,30.0,,58.58
2004-05-19T15:00:00,43344099999,TIRUCHIRAPPALLI,10.767,78.717,29.8,1006.4,56.06
2004-05-19T15:40:00,43344099999,TIRUCHIRAPPALLI,10.767,78.717,29.0,,62.06
2004-05-19T17:40:00,43344099999,TIRUCHIRAPPALLI,10.767,78.717,28.0,,65.77
2004-05-19T18:00:00,43344099999,TIRUCHIRAPPALLI,10.767,78.717,28.6,1006.9,60.09
2004-05-19T18:40:00,43344099999,TIRUCHIRAPPALLI,10.767,78.717,28.0,,65.77
2004-05-19T19:40:00,43344099999,TIRUCHIRAPPALLI,10.767,78.717,28.0,,65.77
2004-05-19T21:00:00,43344099999,TIRUCHIRAPPALLI,10.767,78.717,28.4,1005.6,60.04
2004-05-19T23:40:00,43344099999,TIRUCHIRAPPALLI,10.767,78.717,28.0,,65.77
2004-05-20T00:00:00,43344099999,TIRUCHIRAPPALLI,10.767,78.717,28.0,1005.9,70.35
2004-05-20T00:40:00,43344099999,TIRUCHIRAPPALLI,10.767,78.717,28.0,,69.92
2004-05-20T03:00:00,43344099999,TIRUCHIRAPPALLI,10.767,78.717,29.6,1007.4,64.51
2004-05-20T04:40:00,43344099999,TIRUCHIRAPPALLI,10.767,78.717,32.0,,55.56
2004-05-20T05:40:00,43344099999,TIRUCHIRAPPALLI,10.767,78.717,34.0,,49.66
2004-05-20T06:00:00,43344099999,TIRUCHIRAPPALLI,10.767,78.717,33.4,1007.0,54.57
2004-05-20T06:40:00,43344099999,TIRUCHIRAPPALLI,10.767,78.717,34.0,,49.66
2004-05-20T07:40:00,43344099999,TIRUCHIRAPPALLI,10.767,78.717,34.0,,49.66
2004-05-20T08:40:00,43344099999,TIRUCHIRAPPALLI,10.767,78.717,35.0,,46.97
2004-05-20T09:00:00,43344099999,TIRUCHIRAPPALLI,10.767,78.717,35.2,1004.8,47.89
2004-05-20T10:40:00,43344099999,TIRUCHIRAPPALLI,10.767,78.717,35.0,,46.97
2004-05-20T11:40:00,43344099999,TIRUCHIRAPPALLI,10.767,78.717,35.0,,46.97
2004-05-20T12:00:00,43344099999,TIRUCHIRAPPALLI,10.767,78.717,35.0,1004.1,46.68
2004-05-20T12:40:00,43344099999,TIRUCHIRAPPALLI,10.767,78.717,34.0,,49.66
2004-05-20T14:40:00,43344099999,TIRUCHIRAPPALLI,10.767,78.717,31.0,,58.81
2004-05-20T15:00:00,43344099999,TIRUCHIRAPPALLI,10.767,78.717,31.4,1007.5,54.08
2004-05-20T15:40:00,43344099999,TIRUCHIRAPPALLI,10.767,78.717,31.0,,55.32
2004-05-20T16:40:00,43344099999,TIRUCHIRAPPALLI,10.767,78.717,30.0,,62.28
2004-05-20T17:40:00,43344099999,TIRUCHIRAPPALLI,10.767,78.717,30.0,,62.28
2004-05-20T18:00:00,43344099999,TIRUCHIRAPPALLI,10.767,78.717,29.6,1007.9,60.69
2004-05-20T18:40:00,43344099999,TIRUCHIRAPPALLI,10.767,78.717,29.0,,65.98
2004-05-20T20:40:00,43344099999,TIRUCHIRAPPALLI,10.767,78.717,29.0,,65.98
2004-05-20T21:00:00,43344099999,TIRUCHIRAPPALLI,10.767,78.717,28.6,1006.1,66.7
2004-05-20T21:40:00,43344099999,TIRUCHIRAPPALLI,10.767,78.717,29.0,,65.98
2004-05-20T23:40:00,43344099999,TIRUCHIRAPPALLI,10.767,78.717,28.0,,74.3
2004-05-21T00:00:00,43344099999,TIRUCHIRAPPALLI,10.767,78.717,27.6,1006.6,72.9
2004-05-21T01:40:00,43344099999,TIRUCHIRAPPALLI,10.767,78.717,29.0,,65.98
2004-05-21T02:40:00,43344099999,TIRUCHIRAPPALLI,10.767,78.717,29.0,,65.98
2004-05-21T03:00:00,43344099999,TIRUCHIRAPPALLI,10.767,78.717,30.0,1008.3,64.99
2004-05-21T03:40:00,43344099999,TIRUCHIRAPPALLI,10.767,78.717,31.0,,62.5
2004-05-21T06:00:00,43344099999,TIRUCHIRAPPALLI,10.767,78.717,34.2,1007.0,50.01
2004-05-21T07:40:00,43344099999,TIRUCHIRAPPALLI,10.767,78.717,36.0,,44.45
2004-05-21T08:40:00,43344099999,TIRUCHIRAPPALLI,10.767,78.717,37.0,,42.08
2004-05-21T09:00:00,43344099999,TIRUCHIRAPPALLI,10.767,78.717,36.6,1004.2,42.23
2004-05-21T12:00:00,43344099999,TIRUCHIRAPPALLI,10.767,78.717,36.0,1003.4,42.58
2004-05-21T15:00:00,43344099999,TIRUCHIRAPPALLI,10.767,78.717,32.2,1005.7,45.94
2004-05-21T17:40:00,43344099999,TIRUCHIRAPPALLI,10.767,78.717,30.0,,55.08
2004-05-21T18:00:00,43344099999,TIRUCHIRAPPALLI,10.767,78.717,29.8,1001.8,53.68
2004-05-21T18:40:00,43344099999,TIRUCHIRAPPALLI,10.767,78.717,29.0,,58.35
2004-05-21T20:40:00,43344099999,TIRUCHIRAPPALLI,10.767,78.717,28.0,,65.77
2004-05-21T21:00:00,43344099999,TIRUCHIRAPPALLI,10.767,78.717,28.4,1005.4,63.86
2004-05-21T22:40:00,43344099999,TIRUCHIRAPPALLI,10.767,78.717,29.0,,62.06
2004-05-21T23:40:00,43344099999,TIRUCHIRAPPALLI,10.767,78.717,27.0,,74.14
2004-05-22T00:00:00,43344099999,TIRUCHIRAPPALLI,10.767,78.717,27.2,1006.1,74.17
2004-05-22T00:40:00,43344099999,TIRUCHIRAPPALLI,10.767,78.717,27.0,,69.74
2004-05-22T01:40:00,43344099999,TIRUCHIRAPPALLI,10.767,78.717,29.0,,62.06
2004-05-22T02:40:00,43344099999,TIRUCHIRAPPALLI,10.767,78.717,30.0,,58.58
2004-05-22T03:00:00,43344099999,TIRUCHIRAPPALLI,10.767,78.717,30.4,1007.4,60.13
2004-05-22T03:40:00,43344099999,TIRUCHIRAPPALLI,10.767,78.717,32.0,,52.27
2004-05-22T04:40:00,43344099999,TIRUCHIRAPPALLI,10.767,78.717,33.0,,46.44
2004-05-22T05:40:00,43344099999,TIRUCHIRAPPALLI,10.767,78.717,34.0,,43.91
2004-05-22T06:00:00,43344099999,TIRUCHIRAPPALLI,10.767,78.717,35.0,1006.3,49.61
2004-05-22T06:40:00,43344099999,TIRUCHIRAPPALLI,10.767,78.717,36.0,,47.23
2004-05-22T07:40:00,43344099999,TIRUCHIRAPPALLI,10.767,78.717,37.0,,44.71
2004-05-22T08:40:00,43344099999,TIRUCHIRAPPALLI,10.767,78.717,37.0,,42.08
2004-05-22T09:00:00,43344099999,TIRUCHIRAPPALLI,10.767,78.717,37.0,1003.3,39.09
2004-05-22T09:40:00,43344099999,TIRUCHIRAPPALLI,10.767,78.717,37.0,,42.08
2004-05-22T10:40:00,43344099999,TIRUCHIRAPPALLI,10.767,78.717,37.0,,42.08
2004-05-22T11:40:00,43344099999,TIRUCHIRAPPALLI,10.767,78.717,36.0,,44.45
2004-05-22T12:00:00,43344099999,TIRUCHIRAPPALLI,10.767,78.717,36.0,1003.1,42.58
2004-05-22T12:40:00,43344099999,TIRUCHIRAPPALLI,10.767,78.717,35.0,,49.91
2004-05-22T14:40:00,43344099999,TIRUCHIRAPPALLI,10.767,78.717,32.0,,55.56
2004-05-22T15:00:00,43344099999,TIRUCHIRAPPALLI,10.767,78.717,31.6,1006.2,50.89
2004-05-22T17:40:00,43344099999,TIRUCHIRAPPALLI,10.767,78.717,30.0,,58.58
2004-05-22T18:00:00,43344099999,TIRUCHIRAPPALLI,10.767,78.717,30.2,1006.8,57.56
2004-05-22T20:40:00,43344099999,TIRUCHIRAPPALLI,10.767,78.717,29.0,,62.06
2004-05-22T21:00:00,43344099999,TIRUCHIRAPPALLI,10.767,78.717,28.6,1005.4,63.91
2004-05-22T22:40:00,43344099999,TIRUCHIRAPPALLI,10.767,78.717,28.0,,69.92
2004-05-22T23:40:00,43344099999,TIRUCHIRAPPALLI,10.767,78.717,28.0,,69.92
2004-05-23T00:00:00,43344099999,TIRUCHIRAPPALLI,10.767,78.717,28.0,1005.7,71.65
2004-05-23T01:40:00,43344099999,TIRUCHIRAPPALLI,10.767,78.717,29.0,,65.98
2004-05-23T02:40:00,43344099999,TIRUCHIRAPPALLI,10.767,78.717,30.0,,66.18
2004-05-23T03:00:00,43344099999,TIRUCHIRAPPALLI,10.767,78.717,30.2,1006.9,61.19
2004-05-23T04:40:00,43344099999,TIRUCHIRAPPALLI,10.767,78.717,34.0,,43.91
2004-05-23T05:40:00,43344099999,TIRUCHIRAPPALLI,10.767,78.717,35.0,,44.18
2004-05-23T06:00:00,43344099999,TIRUCHIRAPPALLI,10.767,78.717,34.0,1006.9,47.58
2004-05-23T06:40:00,43344099999,TIRUCHIRAPPALLI,10.767,78.717,35.0,,44.18
2004-05-23T09:00:00,43344099999,TIRUCHIRAPPALLI,10.767,78.717,36.6,1003.9,39.71
2004-05-23T11:40:00,43344099999,TIRUCHIRAPPALLI,10.767,78.717,34.0,,43.91
2004-05-23T12:00:00,43344099999,TIRUCHIRAPPALLI,10.767,78.717,34.0,1004.5,41.53
2004-05-23T15:00:00,43344099999,TIRUCHIRAPPALLI,10.767,78.717,30.0,1007.4,56.11
2004-05-23T15:40:00,43344099999,TIRUCHIRAPPALLI,10.767,78.717,30.0,,58.58
2004-05-23T18:00:00,43344099999,TIRUCHIRAPPALLI,10.767,78.717,28.6,1008.8,57.53
2004-05-23T20:40:00,43344099999,TIRUCHIRAPPALLI,10.767,78.717,28.0,,65.77
2004-05-23T21:00:00,43344099999,TIRUCHIRAPPALLI,10.767,78.717,27.6,1007.5,69.85
2004-05-23T22:40:00,43344099999,TIRUCHIRAPPALLI,10.767,78.717,27.0,,69.74
2004-05-24T00:00:00,43344099999,TIRUCHIRAPPALLI,10.767,78.717,27.0,1007.1,72.35
2004-05-24T00:40:00,43344099999,TIRUCHIRAPPALLI,10.767,78.717,27.0,,74.14
2004-05-24T01:40:00,43344099999,TIRUCHIRAPPALLI,10.767,78.717,28.0,,69.92
2004-05-24T03:00:00,43344099999,TIRUCHIRAPPALLI,10.767,78.717,29.8,1008.6,59.62
2004-05-24T04:40:00,43344099999,TIRUCHIRAPPALLI,10.767,78.717,32.0,,52.27
2004-05-24T06:00:00,43344099999,TIRUCHIRAPPALLI,10.767,78.717,34.6,1007.8,42.21
2004-05-24T06:40:00,43344099999,TIRUCHIRAPPALLI,10.767,78.717,36.0,,41.81
2004-05-24T07:40:00,43344099999,TIRUCHIRAPPALLI,10.767,78.717,36.0,,41.81
2004-05-24T09:00:00,43344099999,TIRUCHIRAPPALLI,10.767,78.717,37.0,1005.4,38.14
2004-05-24T10:40:00,43344099999,TIRUCHIRAPPALLI,10.767,78.717,36.0,,41.81
2004-05-24T11:40:00,43344099999,TIRUCHIRAPPALLI,10.767,78.717,35.0,,41.54
2004-05-24T12:00:00,43344099999,TIRUCHIRAPPALLI,10.767,78.717,35.6,1004.1,40.43
2004-05-24T12:40:00,43344099999,TIRUCHIRAPPALLI,10.767,78.717,33.0,,46.44
2004-05-24T15:00:00,43344099999,TIRUCHIRAPPALLI,10.767,78.717,31.6,1007.6,53.14
2004-05-24T17:40:00,43344099999,TIRUCHIRAPPALLI,10.767,78.717,29.0,,65.98
2004-05-24T18:00:00,43344099999,TIRUCHIRAPPALLI,10.767,78.717,29.4,1009.7,62.15
2004-05-24T18:40:00,43344099999,TIRUCHIRAPPALLI,10.767,78.717,29.0,,65.98
2004-05-24T19:40:00,43344099999,TIRUCHIRAPPALLI,10.767,78.717,29.0,,65.98
2004-05-24T20:40:00,43344099999,TIRUCHIRAPPALLI,10.767,78.717,29.0,,65.98
2004-05-24T21:00:00,43344099999,TIRUCHIRAPPALLI,10.767,78.717,28.6,1006.8,66.7
2004-05-24T22:40:00,43344099999,TIRUCHIRAPPALLI,10.767,78.717,28.0,,69.92
2004-05-24T23:40:00,43344099999,TIRUCHIRAPPALLI,10.767,78.717,28.0,,65.77
2004-05-25T00:00:00,43344099999,TIRUCHIRAPPALLI,10.767,78.717,27.4,1007.4,65.65
2004-05-25T00:40:00,43344099999,TIRUCHIRAPPALLI,10.767,78.717,27.0,,65.56
2004-05-25T01:40:00,43344099999,TIRUCHIRAPPALLI,10.767,78.717,28.0,,65.77
2004-05-25T03:00:00,43344099999,TIRUCHIRAPPALLI,10.767,78.717,29.2,1008.8,63.26
2004-05-25T04:40:00,43344099999,TIRUCHIRAPPALLI,10.767,78.717,32.0,,52.27
2004-05-25T06:00:00,43344099999,TIRUCHIRAPPALLI,10.767,78.717,35.6,1007.7,47.13
2004-05-25T06:40:00,43344099999,TIRUCHIRAPPALLI,10.767,78.717,36.0,,44.45
2004-05-25T07:40:00,43344099999,TIRUCHIRAPPALLI,10.767,78.717,36.0,,47.23
2004-05-25T08:40:00,43344099999,TIRUCHIRAPPALLI,10.767,78.717,36.0,,47.23
2004-05-25T09:00:00,43344099999,TIRUCHIRAPPALLI,10.767,78.717,37.0,1005.1,38.14
2004-05-25T10:40:00,43344099999,TIRUCHIRAPPALLI,10.767,78.717,37.0,,42.08
2004-05-25T12:00:00,43344099999,TIRUCHIRAPPALLI,10.767,78.717,32.6,1004.8,52.74
2004-05-25T15:00:00,43344099999,TIRUCHIRAPPALLI,10.767,78.717,26.0,1009.1,92.01
2004-05-25T18:00:00,43344099999,TIRUCHIRAPPALLI,10.767,78.717,25.0,1009.2,96.48
2004-05-25T20:40:00,43344099999,TIRUCHIRAPPALLI,10.767,78.717,26.0,,88.76
2004-05-25T21:00:00,43344099999,TIRUCHIRAPPALLI,10.767,78.717,25.6,1007.5,91.44
2004-05-25T21:40:00,43344099999,TIRUCHIRAPPALLI,10.767,78.717,26.0,,88.76
2004-05-25T22:40:00,43344099999,TIRUCHIRAPPALLI,10.767,78.717,26.0,,88.76
2004-05-26T00:00:00,43344099999,TIRUCHIRAPPALLI,10.767,78.717,25.4,1006.9,93.09
2004-05-26T00:40:00,43344099999,TIRUCHIRAPPALLI,10.767,78.717,26.0,,88.76
2004-05-26T01:40:00,43344099999,TIRUCHIRAPPALLI,10.767,78.717,26.0,,88.76
2004-05-26T02:40:00,43344099999,TIRUCHIRAPPALLI,10.767,78.717,27.0,,78.78
2004-05-26T03:00:00,43344099999,TIRUCHIRAPPALLI,10.767,78.717,28.0,1008.6,80.35
2004-05-26T04:40:00,43344099999,TIRUCHIRAPPALLI,10.767,78.717,29.0,,65.98
2004-05-26T05:40:00,43344099999,TIRUCHIRAPPALLI,10.767,78.717,32.0,,59.04
2004-05-26T06:00:00,43344099999,TIRUCHIRAPPALLI,10.767,78.717,31.4,1008.4,64.5
2004-05-26T06:40:00,43344099999,TIRUCHIRAPPALLI,10.767,78.717,32.0,,62.71
2004-05-26T07:40:00,43344099999,TIRUCHIRAPPALLI,10.767,78.717,32.0,,62.71
2004-05-26T09:00:00,43344099999,TIRUCHIRAPPALLI,10.767,78.717,31.6,1005.7,64.93
2004-05-26T12:00:00,43344099999,TIRUCHIRAPPALLI,10.767,78.717,31.6,1004.6,64.93
2004-05-26T15:00:00,43344099999,TIRUCHIRAPPALLI,10.767,78.717,29.0,1007.7,79.06
2004-05-26T18:00:00,43344099999,TIRUCHIRAPPALLI,10.767,78.717,23.0,1010.3,98.2
2004-05-26T18:40:00,43344099999,TIRUCHIRAPPALLI,10.767,78.717,23.0,,100.0
2004-05-26T21:00:00,43344099999,TIRUCHIRAPPALLI,10.767,78.717,23.0,1007.1,98.2
2004-05-27T00:00:00,43344099999,TIRUCHIRAPPALLI,10.767,78.717,23.4,1007.2,96.44
2004-05-27T01:40:00,43344099999,TIRUCHIRAPPALLI,10.767,78.717,25.0,,83.45
2004-05-27T02:40:00,43344099999,TIRUCHIRAPPALLI,10.767,78.717,25.0,,78.5
2004-05-27T03:00:00,43344099999,TIRUCHIRAPPALLI,10.767,78.717,25.2,1009.1,85.01
2004-05-27T04:40:00,43344099999,TIRUCHIRAPPALLI,10.767,78.717,29.0,,62.06
2004-05-27T06:00:00,43344099999,TIRUCHIRAPPALLI,10.767,78.717,30.0,1008.5,69.04
2004-05-27T06:40:00,43344099999,TIRUCHIRAPPALLI,10.767,78.717,30.0,,70.29
2004-05-27T07:40:00,43344099999,TIRUCHIRAPPALLI,10.767,78.717,31.0,,66.38
2004-05-27T08:40:00,43344099999,TIRUCHIRAPPALLI,10.767,78.717,31.0,,66.38
2004-05-27T09:00:00,43344099999,TIRUCHIRAPPALLI,10.767,78.717,31.6,1006.6,60.03
2004-05-27T09:40:00,43344099999,TIRUCHIRAPPALLI,10.767,78.717,32.0,,62.71
2004-05-27T10:40:00,43344099999,TIRUCHIRAPPALLI,10.767,78.717,32.0,,62.71
2004-05-27T12:00:00,43344099999,TIRUCHIRAPPALLI,10.767,78.717,33.0,1004.8,52.2
2004-05-27T15:00:00,43344099999,TIRUCHIRAPPALLI,10.767,78.717,26.4,1008.4,82.61
2004-05-27T17:40:00,43344099999,TIRUCHIRAPPALLI,10.767,78.717,26.0,,83.57
2004-05-27T18:00:00,43344099999,TIRUCHIRAPPALLI,10.767,78.717,25.6,1009.2,88.73
2004-05-27T18:40:00,43344099999,TIRUCHIRAPPALLI,10.767,78.717,25.0,,88.68
2004-05-27T21:00:00,43344099999,TIRUCHIRAPPALLI,10.767,78.717,26.0,1007.1,77.69
2004-05-27T21:40:00,43344099999,TIRUCHIRAPPALLI,10.767,78.717,26.0,,78.64
2004-05-27T22:40:00,43344099999,TIRUCHIRAPPALLI,10.767,78.717,26.0,,78.64
2004-05-28T00:00:00,43344099999,TIRUCHIRAPPALLI,10.767,78.717,25.6,1007.2,88.73
2004-05-28T00:40:00,43344099999,TIRUCHIRAPPALLI,10.767,78.717,26.0,,83.57
2004-05-28T03:00:00,43344099999,TIRUCHIRAPPALLI,10.767,78.717,27.0,1009.0,81.2
2004-05-28T03:40:00,43344099999,TIRUCHIRAPPALLI,10.767,78.717,28.0,,78.92
2004-05-28T04:40:00,43344099999,TIRUCHIRAPPALLI,10.767,78.717,29.0,,70.11
2004-05-28T06:00:00,43344099999,TIRUCHIRAPPALLI,10.767,78.717,31.4,1008.8,62.21
2004-05-28T06:40:00,43344099999,TIRUCHIRAPPALLI,10.767,78.717,32.0,,62.71
2004-05-28T07:40:00,43344099999,TIRUCHIRAPPALLI,10.767,78.717,32.0,,62.71
2004-05-28T09:00:00,43344099999,TIRUCHIRAPPALLI,10.767,78.717,33.0,1006.3,52.2
2004-05-28T09:40:00,43344099999,TIRUCHIRAPPALLI,10.767,78.717,34.0,,49.66
2004-05-28T10:40:00,43344099999,TIRUCHIRAPPALLI,10.767,78.717,32.0,,55.56
2004-05-28T11:40:00,43344099999,TIRUCHIRAPPALLI,10.767,78.717,32.0,,59.04
2004-05-28T12:00:00,43344099999,TIRUCHIRAPPALLI,10.767,78.717,32.0,1006.0,53.24
2004-05-28T13:40:00,43344099999,TIRUCHIRAPPALLI,10.767,78.717,30.0,,62.28
2004-05-28T14:40:00,43344099999,TIRUCHIRAPPALLI,10.767,78.717,30.0,,66.18
2004-05-28T15:00:00,43344099999,TIRUCHIRAPPALLI,10.767,78.717,29.6,1007.8,75.46
2004-05-28T15:40:00,43344099999,TIRUCHIRAPPALLI,10.767,78.717,29.0,,79.06
2004-05-28T16:40:00,43344099999,TIRUCHIRAPPALLI,10.767,78.717,29.0,,79.06
2004-05-28T18:00:00,43344099999,TIRUCHIRAPPALLI,10.767,78.717,28.4,1008.6,77.57
2004-05-28T18:40:00,43344099999,TIRUCHIRAPPALLI,10.767,78.717,28.0,,78.92
2004-05-28T20:40:00,43344099999,TIRUCHIRAPPALLI,10.767,78.717,28.0,,83.79
2004-05-28T21:00:00,43344099999,TIRUCHIRAPPALLI,10.767,78.717,27.8,1006.7,81.3
2004-05-28T22:40:00,43344099999,TIRUCHIRAPPALLI,10.767,78.717,27.0,,83.68
2004-05-28T23:40:00,43344099999,TIRUCHIRAPPALLI,10.767,78.717,27.0,,83.68
2004-05-29T00:00:00,43344099999,TIRUCHIRAPPALLI,10.767,78.717,25.6,1006.8,90.34
2004-05-29T00:40:00,43344099999,TIRUCHIRAPPALLI,10.767,78.717,26.0,,88.76
2004-05-29T01:40:00,43344099999,TIRUCHIRAPPALLI,10.767,78.717,27.0,,78.78
2004-05-29T02:40:00,43344099999,TIRUCHIRAPPALLI,10.767,78.717,28.0,,74.3
2004-05-29T03:00:00,43344099999,TIRUCHIRAPPALLI,10.767,78.717,28.4,1007.9,77.57
2004-05-29T03:40:00,43344099999,TIRUCHIRAPPALLI,10.767,78.717,30.0,,66.18
2004-05-29T04:40:00,43344099999,TIRUCHIRAPPALLI,10.767,78.717,31.0,,62.5
2004-05-29T05:40:00,43344099999,TIRUCHIRAPPALLI,10.767,78.717,32.0,,59.04
2004-05-29T06:00:00,43344099999,TIRUCHIRAPPALLI,10.767,78.717,32.2,1007.5,61.64
2004-05-29T06:40:00,43344099999,TIRUCHIRAPPALLI,10.767,78.717,32.0,,62.71
2004-05-29T07:40:00,43344099999,TIRUCHIRAPPALLI,10.767,78.717,33.0,,59.27
2004-05-29T08:40:00,43344099999,TIRUCHIRAPPALLI,10.767,78.717,34.0,,52.77
2004-05-29T09:00:00,43344099999,TIRUCHIRAPPALLI,10.767,78.717,35.0,1004.4,51.75
2004-05-29T10:40:00,43344099999,TIRUCHIRAPPALLI,10.767,78.717,35.0,,53.01
2004-05-29T12:00:00,43344099999,TIRUCHIRAPPALLI,10.767,78.717,30.4,1004.9,65.07
2004-05-29T12:40:00,43344099999,TIRUCHIRAPPALLI,10.767,78.717,30.0,,74.63
2004-05-29T15:00:00,43344099999,TIRUCHIRAPPALLI,10.767,78.717,24.0,1008.7,94.72
2004-05-29T18:00:00,43344099999,TIRUCHIRAPPALLI,10.767,78.717,24.2,1008.4,94.73
2004-05-29T21:00:00,43344099999,TIRUCHIRAPPALLI,10.767,78.717,24.2,1005.3,94.73
2004-05-30T00:00:00,43344099999,TIRUCHIRAPPALLI,10.767,78.717,24.6,1005.5,91.37
2004-05-30T01:40:00,43344099999,TIRUCHIRAPPALLI,10.767,78.717,28.0,,78.92
2004-05-30T03:00:00,43344099999,TIRUCHIRAPPALLI,10.767,78.717,26.4,1007.7,84.12
2004-05-30T04:40:00,43344099999,TIRUCHIRAPPALLI,10.767,78.717,29.0,,79.06
2004-05-30T05:40:00,43344099999,TIRUCHIRAPPALLI,10.767,78.717,29.0,,79.06
2004-05-30T06:00:00,43344099999,TIRUCHIRAPPALLI,10.767,78.717,29.4,1008.2,74.98
2004-05-30T06:40:00,43344099999,TIRUCHIRAPPALLI,10.767,78.717,30.0,,74.63
2004-05-30T07:40:00,43344099999,TIRUCHIRAPPALLI,10.767,78.717,31.0,,66.38
2004-05-30T08:40:00,43344099999,TIRUCHIRAPPALLI,10.767,78.717,32.0,,62.71
2004-05-30T09:00:00,43344099999,TIRUCHIRAPPALLI,10.767,78.717,32.4,1005.8,60.58
2004-05-30T09:40:00,43344099999,TIRUCHIRAPPALLI,10.767,78.717,33.0,,59.27
2004-05-30T10:40:00,43344099999,TIRUCHIRAPPALLI,10.767,78.717,31.0,,58.81
2004-05-30T11:40:00,43344099999,TIRUCHIRAPPALLI,10.767,78.717,31.0,,62.5
2004-05-30T12:00:00,43344099999,TIRUCHIRAPPALLI,10.767,78.717,31.0,1005.6,62.12
2004-05-30T12:40:00,43344099999,TIRUCHIRAPPALLI,10.767,78.717,30.0,,66.18
2004-05-30T15:00:00,43344099999,TIRUCHIRAPPALLI,10.767,78.717,29.2,1007.5,77.68
2004-05-30T16:40:00,43344099999,TIRUCHIRAPPALLI,10.767,78.717,29.0,,74.47
2004-05-30T18:00:00,43344099999,TIRUCHIRAPPALLI,10.767,78.717,28.4,1008.8,81.86
2004-05-30T20:40:00,43344099999,TIRUCHIRAPPALLI,10.767,78.717,28.0,,78.92
2004-05-30T21:00:00,43344099999,TIRUCHIRAPPALLI,10.767,78.717,27.0,1007.1,84.18
2004-05-30T21:40:00,43344099999,TIRUCHIRAPPALLI,10.767,78.717,27.0,,83.68
2004-05-30T22:40:00,43344099999,TIRUCHIRAPPALLI,10.767,78.717,27.0,,83.68
2004-05-30T23:40:00,43344099999,TIRUCHIRAPPALLI,10.767,78.717,26.0,,88.76
2004-05-31T00:00:00,43344099999,TIRUCHIRAPPALLI,10.767,78.717,26.4,1007.4,90.4
2004-05-31T03:00:00,43344099999,TIRUCHIRAPPALLI,10.767,78.717,28.0,1009.0,72.96
2004-05-31T03:40:00,43344099999,TIRUCHIRAPPALLI,10.767,78.717,29.0,,70.11
2004-05-31T04:40:00,43344099999,TIRUCHIRAPPALLI,10.767,78.717,30.0,,62.28
2004-05-31T06:00:00,43344099999,TIRUCHIRAPPALLI,10.767,78.717,32.6,1007.8,57.42
2004-05-31T06:40:00,43344099999,TIRUCHIRAPPALLI,10.767,78.717,33.0,,55.81
2004-05-31T09:00:00,43344099999,TIRUCHIRAPPALLI,10.767,78.717,35.6,1005.1,44.34
2004-05-31T12:00:00,43344099999,TIRUCHIRAPPALLI,10.767,78.717,33.0,1004.4,52.2
2004-05-31T15:00:00,43344099999,TIRUCHIRAPPALLI,10.767,78.717,28.4,1008.4,84.83
2004-05-31T18:00:00,43344099999,TIRUCHIRAPPALLI,10.767,78.717,24.4,1009.5,91.36
2004-05-31T18:40:00,43344099999,TIRUCHIRAPPALLI,10.767,78.717,24.0,,94.15
2004-05-31T21:00:00,43344099999,TIRUCHIRAPPALLI,10.767,78.717,24.6,,91.37
2004-06-01T00:00:00,43344099999,TIRUCHIRAPPALLI,10.767,78.717,25.4,1007.5,88.18
2004-06-01T00:40:00,43344099999,TIRUCHIRAPPALLI,10.767,78.717,25.0,,94.19
2004-06-01T01:40:00,43344099999,TIRUCHIRAPPALLI,10.767,78.717,26.0,,88.76
2004-06-01T03:00:00,43344099999,TIRUCHIRAPPALLI,10.767,78.717,28.0,1009.0,77.51
2004-06-01T04:40:00,43344099999,TIRUCHIRAPPALLI,10.767,78.717,31.0,,62.5
2004-06-01T05:40:00,43344099999,TIRUCHIRAPPALLI,10.767,78.717,32.0,,59.04
2004-06-01T06:00:00,43344099999,TIRUCHIRAPPALLI,10.767,78.717,31.8,1009.1,61.18
2004-06-01T09:00:00,43344099999,TIRUCHIRAPPALLI,10.767,78.717,34.6,1006.3,50.42
2004-06-01T09:40:00,43344099999,TIRUCHIRAPPALLI,10.767,78.717,34.0,,56.05
2004-06-01T10:40:00,43344099999,TIRUCHIRAPPALLI,10.767,78.717,33.0,,52.52
2004-06-01T11:40:00,43344099999,TIRUCHIRAPPALLI,10.767,78.717,32.0,,55.56
2004-06-01T12:00:00,43344099999,TIRUCHIRAPPALLI,10.767,78.717,30.0,1005.7,70.29
2004-06-01T12:40:00,43344099999,TIRUCHIRAPPALLI,10.767,78.717,29.0,,79.06
2004-06-01T13:40:00,43344099999,TIRUCHIRAPPALLI,10.767,78.717,28.0,,78.92
2004-06-01T15:00:00,43344099999,TIRUCHIRAPPALLI,10.767,78.717,29.6,1008.7,82.98
2004-06-01T18:00:00,43344099999,TIRUCHIRAPPALLI,10.767,78.717,25.2,1009.1,91.41
2004-06-01T20:40:00,43344099999,TIRUCHIRAPPALLI,10.767,78.717,26.0,,88.76
2004-06-01T21:00:00,43344099999,TIRUCHIRAPPALLI,10.767,78.717,26.0,1007.6,88.76
2004-06-01T21:40:00,43344099999,TIRUCHIRAPPALLI,10.767,78.717,26.0,,88.76
2004-06-01T22:40:00,43344099999,TIRUCHIRAPPALLI,10.767,78.717,25.0,,94.19
2004-06-02T00:00:00,43344099999,TIRUCHIRAPPALLI,10.767,78.717,26.0,1008.2,93.67
2004-06-02T01:40:00,43344099999,TIRUCHIRAPPALLI,10.767,78.717,27.0,,78.78
2004-06-02T03:00:00,43344099999,TIRUCHIRAPPALLI,10.767,78.717,29.0,1010.0,70.96
2004-06-02T03:40:00,43344099999,TIRUCHIRAPPALLI,10.767,78.717,30.0,,66.18
2004-06-02T04:40:00,43344099999,TIRUCHIRAPPALLI,10.767,78.717,31.0,,62.5
2004-06-02T05:40:00,43344099999,TIRUCHIRAPPALLI,10.767,78.717,33.0,,55.81
2004-06-02T06:00:00,43344099999,TIRUCHIRAPPALLI,10.767,78.717,32.6,1009.3,58.47
2004-06-02T06:40:00,43344099999,TIRUCHIRAPPALLI,10.767,78.717,34.0,,52.77
2004-06-02T07:40:00,43344099999,TIRUCHIRAPPALLI,10.767,78.717,34.0,,56.05
2004-06-02T09:00:00,43344099999,TIRUCHIRAPPALLI,10.767,78.717,35.8,1005.9,47.18
2004-06-02T10:40:00,43344099999,TIRUCHIRAPPALLI,10.767,78.717,36.0,,44.45
2004-06-02T12:00:00,43344099999,TIRUCHIRAPPALLI,10.767,78.717,35.4,1005.0,81.29
2004-06-02T15:00:00,43344099999,TIRUCHIRAPPALLI,10.767,78.717,30.0,1008.3,58.58
2004-06-02T16:40:00,43344099999,TIRUCHIRAPPALLI,10.767,78.717,29.0,,65.98
2004-06-02T18:00:00,43344099999,TIRUCHIRAPPALLI,10.767,78.717,28.0,1008.7,59.58
2004-06-02T21:00:00,43344099999,TIRUCHIRAPPALLI,10.767,78.717,26.2,1006.8,79.15
2004-06-03T00:00:00,43344099999,TIRUCHIRAPPALLI,10.767,78.717,25.8,1007.0,79.09
2004-06-03T00:40:00,43344099999,TIRUCHIRAPPALLI,10.767,78.717,26.0,,78.64
2004-06-03T01:40:00,43344099999,TIRUCHIRAPPALLI,10.767,78.717,27.0,,69.74
2004-06-03T02:40:00,43344099999,TIRUCHIRAPPALLI,10.767,78.717,28.0,,65.77
2004-06-03T03:00:00,43344099999,TIRUCHIRAPPALLI,10.767,78.717,29.4,1007.7,64.47
2004-06-03T04:40:00,43344099999,TIRUCHIRAPPALLI,10.767,78.717,32.0,,55.56
2004-06-03T05:40:00,43344099999,TIRUCHIRAPPALLI,10.767,78.717,33.0,,52.52
2004-06-03T06:00:00,43344099999,TIRUCHIRAPPALLI,10.767,78.717,33.8,1007.6,49.6
2004-06-03T06:40:00,43344099999,TIRUCHIRAPPALLI,10.767,78.717,34.0,,49.66
2004-06-03T07:40:00,43344099999,TIRUCHIRAPPALLI,10.767,78.717,35.0,,46.97
2004-06-03T08:40:00,43344099999,TIRUCHIRAPPALLI,10.767,78.717,35.0,,49.91
2004-06-03T09:00:00,43344099999,TIRUCHIRAPPALLI,10.767,78.717,36.6,1005.4,40.45
2004-06-03T12:00:00,43344099999,TIRUCHIRAPPALLI,10.767,78.717,36.6,1003.9,37.8
2004-06-03T13:40:00,43344099999,TIRUCHIRAPPALLI,10.767,78.717,33.0,,52.52
2004-06-03T15:00:00,43344099999,TIRUCHIRAPPALLI,10.767,78.717,25.8,1009.7,93.11
2004-06-03T17:40:00,43344099999,TIRUCHIRAPPALLI,10.767,78.717,26.0,,94.23
2004-06-03T18:00:00,43344099999,TIRUCHIRAPPALLI,10.767,78.717,25.4,1008.1,93.09
2004-06-03T18:40:00,43344099999,TIRUCHIRAPPALLI,10.767,78.717,25.0,,94.19
2004-06-03T20:40:00,43344099999,TIRUCHIRAPPALLI,10.767,78.717,25.0,,94.19
2004-06-03T21:00:00,43344099999,TIRUCHIRAPPALLI,10.767,78.717,25.6,1005.6,87.14
2004-06-03T21:40:00,43344099999,TIRUCHIRAPPALLI,10.767,78.717,25.0,,94.19
2004-06-03T22:40:00,43344099999,TIRUCHIRAPPALLI,10.767,78.717,25.0,,94.19
2004-06-03T23:40:00,43344099999,TIRUCHIRAPPALLI,10.767,78.717,25.0,,94.19
2004-06-04T00:00:00,43344099999,TIRUCHIRAPPALLI,10.767,78.717,26.0,1006.7,73.07
2004-06-04T00:40:00,43344099999,TIRUCHIRAPPALLI,10.767,78.717,26.0,,78.64
2004-06-04T02:40:00,43344099999,TIRUCHIRAPPALLI,10.767,78.717,28.0,,65.77
2004-06-04T03:00:00,43344099999,TIRUCHIRAPPALLI,10.767,78.717,27.6,1007.2,64.48
2004-06-04T06:00:00,43344099999,TIRUCHIRAPPALLI,10.767,78.717,33.2,1006.4,49.15
2004-06-04T06:40:00,43344099999,TIRUCHIRAPPALLI,10.767,78.717,34.0,,49.66
2004-06-04T07:40:00,43344099999,TIRUCHIRAPPALLI,10.767,78.717,35.0,,44.18
2004-06-04T09:00:00,43344099999,TIRUCHIRAPPALLI,10.767,78.717,35.6,1004.9,44.34
2004-06-04T10:40:00,43344099999,TIRUCHIRAPPALLI,10.767,78.717,36.0,,41.81
2004-06-04T12:00:00,43344099999,TIRUCHIRAPPALLI,10.767,78.717,34.2,1003.7,47.92
2004-06-04T12:40:00,43344099999,TIRUCHIRAPPALLI,10.767,78.717,33.0,,52.52
2004-06-04T14:40:00,43344099999,TIRUCHIRAPPALLI,10.767,78.717,31.0,,62.5
2004-06-04T15:00:00,43344099999,TIRUCHIRAPPALLI,10.767,78.717,31.0,1006.4,56.01
2004-06-04T18:00:00,43344099999,TIRUCHIRAPPALLI,10.767,78.717,28.0,1007.9,67.41
2004-06-04T21:00:00,43344099999,TIRUCHIRAPPALLI,10.767,78.717,27.4,1006.6,74.2
2004-06-04T23:40:00,43344099999,TIRUCHIRAPPALLI,10.767,78.717,26.0,,83.57
2004-06-05T00:00:00,43344099999,TIRUCHIRAPPALLI,10.767,78.717,26.0,1006.6,82.56
2004-06-05T00:40:00,43344099999,TIRUCHIRAPPALLI,10.767,78.717,26.0,,83.57
2004-06-05T01:40:00,43344099999,TIRUCHIRAPPALLI,10.767,78.717,28.0,,74.3
2004-06-05T02:40:00,43344099999,TIRUCHIRAPPALLI,10.767,78.717,28.0,,74.3
2004-06-05T03:00:00,43344099999,TIRUCHIRAPPALLI,10.767,78.717,28.0,1007.9,70.35
2004-06-05T03:40:00,43344099999,TIRUCHIRAPPALLI,10.767,78.717,29.0,,70.11
2004-06-05T04:40:00,43344099999,TIRUCHIRAPPALLI,10.767,78.717,31.0,,58.81
2004-06-05T06:00:00,43344099999,TIRUCHIRAPPALLI,10.767,78.717,32.6,1007.1,56.05
2004-06-05T06:40:00,43344099999,TIRUCHIRAPPALLI,10.767,78.717,34.0,,52.77
2004-06-05T07:40:00,43344099999,TIRUCHIRAPPALLI,10.767,78.717,35.0,,49.91
2004-06-05T08:40:00,43344099999,TIRUCHIRAPPALLI,10.767,78.717,35.0,,49.91
2004-06-05T09:00:00,43344099999,TIRUCHIRAPPALLI,10.767,78.717,35.8,1004.8,46.33
2004-06-05T09:40:00,43344099999,TIRUCHIRAPPALLI,10.767,78.717,26.0,,83.57
2004-06-05T11:40:00,43344099999,TIRUCHIRAPPALLI,10.767,78.717,34.0,,52.77
2004-06-05T12:00:00,43344099999,TIRUCHIRAPPALLI,10.767,78.717,33.6,1003.8,48.35
2004-06-05T15:00:00,43344099999,TIRUCHIRAPPALLI,10.767,78.717,29.8,1006.7,61.1
2004-06-05T15:40:00,43344099999,TIRUCHIRAPPALLI,10.767,78.717,29.0,,65.98
2004-06-05T16:40:00,43344099999,TIRUCHIRAPPALLI,10.767,78.717,29.0,,65.98
2004-06-05T17:40:00,43344099999,TIRUCHIRAPPALLI,10.767,78.717,28.0,,74.3
2004-06-05T18:00:00,43344099999,TIRUCHIRAPPALLI,10.767,78.717,27.6,1007.4,65.69
2004-06-05T20:40:00,43344099999,TIRUCHIRAPPALLI,10.767,78.717,27.0,,65.56
2004-06-05T21:00:00,43344099999,TIRUCHIRAPPALLI,10.767,78.717,27.0,1006.9,62.78
2004-06-05T22:40:00,43344099999,TIRUCHIRAPPALLI,10.767,78.717,27.0,,65.56
2004-06-05T23:40:00,43344099999,TIRUCHIRAPPALLI,10.767,78.717,26.0,,69.55
2004-06-06T00:00:00,43344099999,TIRUCHIRAPPALLI,10.767,78.717,26.2,1006.8,66.63
2004-06-06T00:40:00,43344099999,TIRUCHIRAPPALLI,10.767,78.717,26.0,,69.55
2004-06-06T01:40:00,43344099999,TIRUCHIRAPPALLI,10.767,78.717,27.0,,65.56
2004-06-06T03:00:00,43344099999,TIRUCHIRAPPALLI,10.767,78.717,28.8,1007.4,59.03
2004-06-06T03:40:00,43344099999,TIRUCHIRAPPALLI,10.767,78.717,29.0,,58.35
2004-06-06T04:40:00,43344099999,TIRUCHIRAPPALLI,10.767,78.717,31.0,,52.01
2004-06-06T05:40:00,43344099999,TIRUCHIRAPPALLI,10.767,78.717,33.0,,46.44
2004-06-06T06:00:00,43344099999,TIRUCHIRAPPALLI,10.767,78.717,33.6,1006.6,44.08
2004-06-06T06:40:00,43344099999,TIRUCHIRAPPALLI,10.767,78.717,35.0,,41.54
2004-06-06T07:40:00,43344099999,TIRUCHIRAPPALLI,10.767,78.717,36.0,,39.31
2004-06-06T08:40:00,43344099999,TIRUCHIRAPPALLI,10.767,78.717,36.0,,41.81
2004-06-06T09:00:00,43344099999,TIRUCHIRAPPALLI,10.767,78.717,36.0,1004.4,38.11
2004-06-06T09:40:00,43344099999,TIRUCHIRAPPALLI,10.767,78.717,36.0,,41.81
2004-06-06T11:40:00,43344099999,TIRUCHIRAPPALLI,10.767,78.717,35.0,,44.18
2004-06-06T12:00:00,43344099999,TIRUCHIRAPPALLI,10.767,78.717,34.6,1004.5,42.21
2004-06-06T15:00:00,43344099999,TIRUCHIRAPPALLI,10.767,78.717,30.4,1006.7,50.9
2004-06-06T18:00:00,43344099999,TIRUCHIRAPPALLI,10.767,78.717,28.0,1007.6,59.58
2004-06-06T21:00:00,43344099999,TIRUCHIRAPPALLI,10.767,78.717,27.4,1006.6,67.29
2004-06-06T21:40:00,43344099999,TIRUCHIRAPPALLI,10.767,78.717,27.0,,69.74
2004-06-07T00:00:00,43344099999,TIRUCHIRAPPALLI,10.767,78.717,27.0,1006.4,66.79
2004-06-07T02:40:00,43344099999,TIRUCHIRAPPALLI,10.767,78.717,28.0,,69.92
2004-06-07T03:00:00,43344099999,TIRUCHIRAPPALLI,10.767,78.717,28.6,1007.7,66.7
2004-06-07T06:00:00,43344099999,TIRUCHIRAPPALLI,10.767,78.717,33.0,1006.7,48.79
2004-06-07T06:40:00,43344099999,TIRUCHIRAPPALLI,10.767,78.717,34.0,,52.77
2004-06-07T07:40:00,43344099999,TIRUCHIRAPPALLI,10.767,78.717,35.0,,46.97
2004-06-07T08:40:00,43344099999,TIRUCHIRAPPALLI,10.767,78.717,36.0,,41.81
2004-06-07T09:00:00,43344099999,TIRUCHIRAPPALLI,10.767,78.717,36.0,1004.9,39.06
2004-06-07T11:40:00,43344099999,TIRUCHIRAPPALLI,10.767,78.717,35.0,,46.97
2004-06-07T12:00:00,43344099999,TIRUCHIRAPPALLI,10.767,78.717,34.6,1004.8,41.17
2004-06-07T12:40:00,43344099999,TIRUCHIRAPPALLI,10.767,78.717,33.0,,55.81
2004-06-07T13:40:00,43344099999,TIRUCHIRAPPALLI,10.767,78.717,32.0,,55.56
2004-06-07T14:40:00,43344099999,TIRUCHIRAPPALLI,10.767,78.717,31.0,,62.5
2004-06-07T15:00:00,43344099999,TIRUCHIRAPPALLI,10.767,78.717,30.6,1007.7,55.57
2004-06-07T15:40:00,43344099999,TIRUCHIRAPPALLI,10.767,78.717,30.0,,62.28
2004-06-07T16:40:00,43344099999,TIRUCHIRAPPALLI,10.767,78.717,29.0,,65.98
2004-06-07T17:40:00,43344099999,TIRUCHIRAPPALLI,10.767,78.717,29.0,,65.98
2004-06-07T18:00:00,43344099999,TIRUCHIRAPPALLI,10.767,78.717,28.4,1008.1,63.86
2004-06-07T20:40:00,43344099999,TIRUCHIRAPPALLI,10.767,78.717,28.0,,65.77
2004-06-07T21:00:00,43344099999,TIRUCHIRAPPALLI,10.767,78.717,27.8,1006.8,67.37
2004-06-07T22:40:00,43344099999,TIRUCHIRAPPALLI,10.767,78.717,28.0,,65.77
2004-06-07T23:40:00,43344099999,TIRUCHIRAPPALLI,10.767,78.717,27.0,,69.74
2004-06-08T00:00:00,43344099999,TIRUCHIRAPPALLI,10.767,78.717,26.4,1006.4,72.24
2004-06-08T00:40:00,43344099999,TIRUCHIRAPPALLI,10.767,78.717,26.0,,73.97
2004-06-08T01:40:00,43344099999,TIRUCHIRAPPALLI,10.767,78.717,27.0,,69.74
2004-06-08T03:00:00,43344099999,TIRUCHIRAPPALLI,10.767,78.717,27.4,1007.6,64.44
2004-06-08T03:40:00,43344099999,TIRUCHIRAPPALLI,10.767,78.717,29.0,,58.35
2004-06-08T05:40:00,43344099999,TIRUCHIRAPPALLI,10.767,78.717,32.0,,52.27
2004-06-08T06:00:00,43344099999,TIRUCHIRAPPALLI,10.767,78.717,32.6,1007.1,47.5
2004-06-08T06:40:00,43344099999,TIRUCHIRAPPALLI,10.767,78.717,33.0,,46.44
2004-06-08T07:40:00,43344099999,TIRUCHIRAPPALLI,10.767,78.717,34.0,,46.71
2004-06-08T08:40:00,43344099999,TIRUCHIRAPPALLI,10.767,78.717,35.0,,44.18
2004-06-08T09:00:00,43344099999,TIRUCHIRAPPALLI,10.767,78.717,34.0,1004.8,41.53
2004-06-08T09:40:00,43344099999,TIRUCHIRAPPALLI,10.767,78.717,34.0,,43.91
2004-06-08T12:00:00,43344099999,TIRUCHIRAPPALLI,10.767,78.717,31.9,1005.2,47.32
2004-06-08T14:40:00,43344099999,TIRUCHIRAPPALLI,10.767,78.717,30.0,,55.08
2004-06-08T15:00:00,43344099999,TIRUCHIRAPPALLI,10.767,78.717,30.4,1007.0,54.16
2004-06-08T15:40:00,43344099999,TIRUCHIRAPPALLI,10.767,78.717,30.0,,55.08
2004-06-08T16:40:00,43344099999,TIRUCHIRAPPALLI,10.767,78.717,29.0,,62.06
2004-06-08T18:00:00,43344099999,TIRUCHIRAPPALLI,10.767,78.717,28.0,1008.7,63.39
2004-06-08T18:40:00,43344099999,TIRUCHIRAPPALLI,10.767,78.717,28.0,,65.77
2004-06-08T21:00:00,43344099999,TIRUCHIRAPPALLI,10.767,78.717,27.4,1007.9,69.81
2004-06-09T00:00:00,43344099999,TIRUCHIRAPPALLI,10.767,78.717,26.6,1007.1,76.37
2004-06-09T00:40:00,43344099999,TIRUCHIRAPPALLI,10.767,78.717,27.0,,69.74
2004-06-09T01:40:00,43344099999,TIRUCHIRAPPALLI,10.767,78.717,28.0,,65.77
2004-06-09T02:40:00,43344099999,TIRUCHIRAPPALLI,10.767,78.717,29.0,,62.06
2004-06-09T03:00:00,43344099999,TIRUCHIRAPPALLI,10.767,78.717,28.6,1008.7,66.7
2004-06-09T04:40:00,43344099999,TIRUCHIRAPPALLI,10.767,78.717,31.0,,55.32
2004-06-09T05:40:00,43344099999,TIRUCHIRAPPALLI,10.767,78.717,32.0,,55.56
2004-06-09T06:00:00,43344099999,TIRUCHIRAPPALLI,10.767,78.717,32.0,1007.9,54.56
2004-06-09T06:40:00,43344099999,TIRUCHIRAPPALLI,10.767,78.717,33.0,,55.81
2004-06-09T09:00:00,43344099999,TIRUCHIRAPPALLI,10.767,78.717,34.2,1005.9,44.79
2004-06-09T09:40:00,43344099999,TIRUCHIRAPPALLI,10.767,78.717,34.0,,49.66
2004-06-09T11:40:00,43344099999,TIRUCHIRAPPALLI,10.767,78.717,32.0,,55.56
2004-06-09T12:00:00,43344099999,TIRUCHIRAPPALLI,10.767,78.717,31.4,1006.1,51.79
2004-06-09T14:40:00,43344099999,TIRUCHIRAPPALLI,10.767,78.717,30.0,,62.28
2004-06-09T15:00:00,43344099999,TIRUCHIRAPPALLI,10.767,78.717,29.6,1009.6,58.49
2004-06-09T18:00:00,43344099999,TIRUCHIRAPPALLI,10.767,78.717,27.4,1010.1,64.44
2004-06-09T18:40:00,43344099999,TIRUCHIRAPPALLI,10.767,78.717,27.0,,69.74
2004-06-09T19:40:00,43344099999,TIRUCHIRAPPALLI,10.767,78.717,27.0,,69.74
2004-06-09T20:40:00,43344099999,TIRUCHIRAPPALLI,10.767,78.717,25.0,,83.45
2004-06-09T21:00:00,43344099999,TIRUCHIRAPPALLI,10.767,78.717,25.2,1008.1,80.47
2004-06-10T00:00:00,43344099999,TIRUCHIRAPPALLI,10.767,78.717,25.4,1007.0,77.6
2004-06-10T01:40:00,43344099999,TIRUCHIRAPPALLI,10.767,78.717,26.0,,78.64
2004-06-10T02:40:00,43344099999,TIRUCHIRAPPALLI,10.767,78.717,27.0,,74.14
2004-06-10T03:00:00,43344099999,TIRUCHIRAPPALLI,10.767,78.717,26.4,1007.9,77.74
2004-06-10T06:00:00,43344099999,TIRUCHIRAPPALLI,10.767,78.717,33.4,1006.3,47.13
2004-06-10T06:40:00,43344099999,TIRUCHIRAPPALLI,10.767,78.717,34.0,,49.66
2004-06-10T07:40:00,43344099999,TIRUCHIRAPPALLI,10.767,78.717,34.0,,49.66
2004-06-10T08:40:00,43344099999,TIRUCHIRAPPALLI,10.767,78.717,34.0,,49.66
2004-06-10T09:00:00,43344099999,TIRUCHIRAPPALLI,10.767,78.717,33.0,1004.4,46.73
2004-06-10T11:40:00,43344099999,TIRUCHIRAPPALLI,10.767,78.717,32.0,,52.27
2004-06-10T12:00:00,43344099999,TIRUCHIRAPPALLI,10.767,78.717,31.4,1003.8,46.02
2004-06-10T12:40:00,43344099999,TIRUCHIRAPPALLI,10.767,78.717,31.0,,52.01
2004-06-10T13:40:00,43344099999,TIRUCHIRAPPALLI,10.767,78.717,30.0,,58.58
2004-06-10T15:00:00,43344099999,TIRUCHIRAPPALLI,10.767,78.717,30.0,1006.4,52.74
2004-06-10T16:40:00,43344099999,TIRUCHIRAPPALLI,10.767,78.717,29.0,,62.06
2004-06-10T18:00:00,43344099999,TIRUCHIRAPPALLI,10.767,78.717,29.4,1006.9,55.62
2004-06-10T18:40:00,43344099999,TIRUCHIRAPPALLI,10.767,78.717,29.0,,62.06
2004-06-10T20:40:00,43344099999,TIRUCHIRAPPALLI,10.767,78.717,29.0,,62.06
2004-06-10T21:00:00,43344099999,TIRUCHIRAPPALLI,10.767,78.717,28.6,1005.0,60.09
2004-06-10T21:40:00,43344099999,TIRUCHIRAPPALLI,10.767,78.717,28.0,,65.77
2004-06-10T22:40:00,43344099999,TIRUCHIRAPPALLI,10.767,78.717,28.0,,65.77
2004-06-10T23:40:00,43344099999,TIRUCHIRAPPALLI,10.767,78.717,28.0,,65.77
2004-06-11T00:00:00,43344099999,TIRUCHIRAPPALLI,10.767,78.717,27.6,1005.3,67.33
2004-06-11T01:40:00,43344099999,TIRUCHIRAPPALLI,10.767,78.717,28.0,,69.92
2004-06-11T02:40:00,43344099999,TIRUCHIRAPPALLI,10.767,78.717,29.0,,65.98
2004-06-11T03:00:00,43344099999,TIRUCHIRAPPALLI,10.767,78.717,28.4,1005.9,69.15
2004-06-11T05:40:00,43344099999,TIRUCHIRAPPALLI,10.767,78.717,31.0,,55.32
2004-06-11T06:00:00,43344099999,TIRUCHIRAPPALLI,10.767,78.717,31.6,1005.4,56.49
2004-06-11T06:40:00,43344099999,TIRUCHIRAPPALLI,10.767,78.717,32.0,,55.56
2004-06-11T07:40:00,43344099999,TIRUCHIRAPPALLI,10.767,78.717,32.0,,55.56
2004-06-11T08:40:00,43344099999,TIRUCHIRAPPALLI,10.767,78.717,33.0,,52.52
2004-06-11T09:00:00,43344099999,TIRUCHIRAPPALLI,10.767,78.717,32.2,1003.4,52.32
2004-06-11T12:00:00,43344099999,TIRUCHIRAPPALLI,10.767,78.717,31.4,1003.1,51.79
2004-06-11T12:40:00,43344099999,TIRUCHIRAPPALLI,10.767,78.717,30.0,,62.28
2004-06-11T15:00:00,43344099999,TIRUCHIRAPPALLI,10.767,78.717,30.2,1005.7,54.11
2004-06-11T16:40:00,43344099999,TIRUCHIRAPPALLI,10.767,78.717,29.0,,62.06
2004-06-11T18:00:00,43344099999,TIRUCHIRAPPALLI,10.767,78.717,29.2,1005.8,56.97
2004-06-11T20:40:00,43344099999,TIRUCHIRAPPALLI,10.767,78.717,28.0,,65.77
2004-06-11T21:00:00,43344099999,TIRUCHIRAPPALLI,10.767,78.717,27.6,1004.6,68.58
2004-06-12T00:00:00,43344099999,TIRUCHIRAPPALLI,10.767,78.717,27.0,1004.8,73.69
2004-06-12T02:40:00,43344099999,TIRUCHIRAPPALLI,10.767,78.717,29.0,,65.98
2004-06-12T03:00:00,43344099999,TIRUCHIRAPPALLI,10.767,78.717,29.0,1006.6,64.38
2004-06-12T03:40:00,43344099999,TIRUCHIRAPPALLI,10.767,78.717,29.0,,70.11
2004-06-12T05:40:00,43344099999,TIRUCHIRAPPALLI,10.767,78.717,31.0,,58.81
2004-06-12T06:00:00,43344099999,TIRUCHIRAPPALLI,10.767,78.717,31.4,1006.1,57.49
2004-06-12T06:40:00,43344099999,TIRUCHIRAPPALLI,10.767,78.717,32.0,,55.56
2004-06-12T07:40:00,43344099999,TIRUCHIRAPPALLI,10.767,78.717,34.0,,49.66
2004-06-12T08:40:00,43344099999,TIRUCHIRAPPALLI,10.767,78.717,34.0,,49.66
2004-06-12T09:00:00,43344099999,TIRUCHIRAPPALLI,10.767,78.717,33.6,1004.1,47.18
2004-06-12T09:40:00,43344099999,TIRUCHIRAPPALLI,10.767,78.717,34.0,,56.05
2004-06-12T12:00:00,43344099999,TIRUCHIRAPPALLI,10.767,78.717,32.2,1003.1,54.94
2004-06-12T12:40:00,43344099999,TIRUCHIRAPPALLI,10.767,78.717,32.0,,52.27
2004-06-12T13:40:00,43344099999,TIRUCHIRAPPALLI,10.767,78.717,31.0,,55.32
2004-06-12T15:00:00,43344099999,TIRUCHIRAPPALLI,10.767,78.717,29.4,1005.3,58.08
2004-06-12T15:40:00,43344099999,TIRUCHIRAPPALLI,10.767,78.717,29.0,,62.06
2004-06-12T16:40:00,43344099999,TIRUCHIRAPPALLI,10.767,78.717,29.0,,62.06
2004-06-12T18:00:00,43344099999,TIRUCHIRAPPALLI,10.767,78.717,28.4,1005.9,61.17
2004-06-12T20:40:00,43344099999,TIRUCHIRAPPALLI,10.767,78.717,28.0,,65.77
2004-06-12T21:00:00,43344099999,TIRUCHIRAPPALLI,10.767,78.717,28.0,1004.6,70.35
2004-06-12T22:40:00,43344099999,TIRUCHIRAPPALLI,10.767,78.717,27.0,,74.14
2004-06-12T23:40:00,43344099999,TIRUCHIRAPPALLI,10.767,78.717,27.0,,74.14
2004-06-13T00:00:00,43344099999,TIRUCHIRAPPALLI,10.767,78.717,28.0,1004.6,70.35
2004-06-13T01:40:00,43344099999,TIRUCHIRAPPALLI,10.767,78.717,28.0,,65.77
2004-06-13T03:00:00,43344099999,TIRUCHIRAPPALLI,10.767,78.717,30.4,1006.0,56.55
2004-06-13T04:40:00,43344099999,TIRUCHIRAPPALLI,10.767,78.717,33.0,,49.4
2004-06-13T05:40:00,43344099999,TIRUCHIRAPPALLI,10.767,78.717,33.0,,46.44
2004-06-13T06:00:00,43344099999,TIRUCHIRAPPALLI,10.767,78.717,34.0,1005.4,46.71
2004-06-13T06:40:00,43344099999,TIRUCHIRAPPALLI,10.767,78.717,34.0,,49.66
2004-06-13T08:40:00,43344099999,TIRUCHIRAPPALLI,10.767,78.717,33.0,,55.81
2004-06-13T09:00:00,43344099999,TIRUCHIRAPPALLI,10.767,78.717,33.4,1003.3,49.2
2004-06-13T09:40:00,43344099999,TIRUCHIRAPPALLI,10.767,78.717,33.0,,55.81
2004-06-13T10:40:00,43344099999,TIRUCHIRAPPALLI,10.767,78.717,32.0,,55.56
2004-06-13T11:40:00,43344099999,TIRUCHIRAPPALLI,10.767,78.717,32.0,,55.56
2004-06-13T12:00:00,43344099999,TIRUCHIRAPPALLI,10.767,78.717,31.6,1003.0,54.13
2004-06-13T13:40:00,43344099999,TIRUCHIRAPPALLI,10.767,78.717,31.0,,52.01
2004-06-13T15:00:00,43344099999,TIRUCHIRAPPALLI,10.767,78.717,29.6,1005.5,58.49
2004-06-13T17:40:00,43344099999,TIRUCHIRAPPALLI,10.767,78.717,29.0,,62.06
2004-06-13T18:00:00,43344099999,TIRUCHIRAPPALLI,10.767,78.717,29.0,1006.3,59.07
2004-06-13T20:40:00,43344099999,TIRUCHIRAPPALLI,10.767,78.717,28.0,,65.77
2004-06-13T21:00:00,43344099999,TIRUCHIRAPPALLI,10.767,78.717,28.6,1004.8,62.74
2004-06-13T21:40:00,43344099999,TIRUCHIRAPPALLI,10.767,78.717,28.0,,65.77
2004-06-13T22:40:00,43344099999,TIRUCHIRAPPALLI,10.767,78.717,28.0,,65.77
2004-06-13T23:40:00,43344099999,TIRUCHIRAPPALLI,10.767,78.717,27.0,,69.74
2004-06-14T00:00:00,43344099999,TIRUCHIRAPPALLI,10.767,78.717,28.2,1004.6,67.44
2004-06-14T00:40:00,43344099999,TIRUCHIRAPPALLI,10.767,78.717,28.0,,65.77
2004-06-14T01:40:00,43344099999,TIRUCHIRAPPALLI,10.767,78.717,29.0,,62.06
2004-06-14T02:40:00,43344099999,TIRUCHIRAPPALLI,10.767,78.717,29.0,,62.06
2004-06-14T03:00:00,43344099999,TIRUCHIRAPPALLI,10.767,78.717,28.8,1006.4,67.98
2004-06-14T03:40:00,43344099999,TIRUCHIRAPPALLI,10.767,78.717,30.0,,58.58
2004-06-14T04:40:00,43344099999,TIRUCHIRAPPALLI,10.767,78.717,31.0,,55.32
2004-06-14T06:00:00,43344099999,TIRUCHIRAPPALLI,10.767,78.717,32.0,1005.6,52.27
2004-06-14T06:40:00,43344099999,TIRUCHIRAPPALLI,10.767,78.717,33.0,,49.4
2004-06-14T08:40:00,43344099999,TIRUCHIRAPPALLI,10.767,78.717,34.0,,49.66
2004-06-14T09:00:00,43344099999,TIRUCHIRAPPALLI,10.767,78.717,34.4,1002.9,42.95
2004-06-14T11:40:00,43344099999,TIRUCHIRAPPALLI,10.767,78.717,33.0,,52.52
2004-06-14T12:00:00,43344099999,TIRUCHIRAPPALLI,10.767,78.717,32.8,1002.6,44.42
2004-06-14T13:40:00,43344099999,TIRUCHIRAPPALLI,10.767,78.717,31.0,,58.81
2004-06-14T15:00:00,43344099999,TIRUCHIRAPPALLI,10.767,78.717,30.6,1005.2,50.95
2004-06-14T15:40:00,43344099999,TIRUCHIRAPPALLI,10.767,78.717,30.0,,58.58
2004-06-14T16:40:00,43344099999,TIRUCHIRAPPALLI,10.767,78.717,30.0,,55.08
2004-06-14T18:00:00,43344099999,TIRUCHIRAPPALLI,10.767,78.717,29.4,1006.9,54.59
2004-06-14T18:40:00,43344099999,TIRUCHIRAPPALLI,10.767,78.717,29.0,,58.35
2004-06-14T21:00:00,43344099999,TIRUCHIRAPPALLI,10.767,78.717,27.0,1005.7,65.56
2004-06-15T00:00:00,43344099999,TIRUCHIRAPPALLI,10.767,78.717,26.0,1006.6,73.07
2004-06-15T01:40:00,43344099999,TIRUCHIRAPPALLI,10.767,78.717,27.0,,69.74
2004-06-15T02:40:00,43344099999,TIRUCHIRAPPALLI,10.767,78.717,29.0,,62.06
2004-06-15T03:00:00,43344099999,TIRUCHIRAPPALLI,10.767,78.717,29.4,1007.5,62.15
2004-06-15T03:40:00,43344099999,TIRUCHIRAPPALLI,10.767,78.717,30.0,,58.58
2004-06-15T04:40:00,43344099999,TIRUCHIRAPPALLI,10.767,78.717,32.0,,52.27
2004-06-15T05:40:00,43344099999,TIRUCHIRAPPALLI,10.767,78.717,33.0,,46.44
2004-06-15T06:00:00,43344099999,TIRUCHIRAPPALLI,10.767,78.717,33.0,1006.9,50.94
2004-06-15T06:40:00,43344099999,TIRUCHIRAPPALLI,10.767,78.717,34.0,,49.66
2004-06-15T07:40:00,43344099999,TIRUCHIRAPPALLI,10.767,78.717,34.0,,49.66
2004-06-15T08:40:00,43344099999,TIRUCHIRAPPALLI,10.767,78.717,34.0,,49.66
2004-06-15T09:00:00,43344099999,TIRUCHIRAPPALLI,10.767,78.717,35.6,1004.2,42.22
2004-06-15T09:40:00,43344099999,TIRUCHIRAPPALLI,10.767,78.717,36.0,,44.45
2004-06-15T10:40:00,43344099999,TIRUCHIRAPPALLI,10.767,78.717,35.0,,44.18
2004-06-15T11:40:00,43344099999,TIRUCHIRAPPALLI,10.767,78.717,34.0,,49.66
2004-06-15T12:00:00,43344099999,TIRUCHIRAPPALLI,10.767,78.717,33.6,1003.9,46.32
2004-06-15T12:40:00,43344099999,TIRUCHIRAPPALLI,10.767,78.717,33.0,,52.52
2004-06-15T13:40:00,43344099999,TIRUCHIRAPPALLI,10.767,78.717,32.0,,55.56
2004-06-15T15:00:00,43344099999,TIRUCHIRAPPALLI,10.767,78.717,31.0,1006.6,52.34
2004-06-15T16:40:00,43344099999,TIRUCHIRAPPALLI,10.767,78.717,29.0,,62.06
2004-06-15T17:40:00,43344099999,TIRUCHIRAPPALLI,10.767,78.717,29.0,,62.06
2004-06-15T18:00:00,43344099999,TIRUCHIRAPPALLI,10.767,78.717,28.8,1007.6,61.63
2004-06-15T18:40:00,43344099999,TIRUCHIRAPPALLI,10.767,78.717,28.0,,65.77
2004-06-15T20:40:00,43344099999,TIRUCHIRAPPALLI,10.767,78.717,28.0,,65.77
2004-06-15T21:00:00,43344099999,TIRUCHIRAPPALLI,10.767,78.717,27.2,1006.3,72.38
2004-06-15T21:40:00,43344099999,TIRUCHIRAPPALLI,10.767,78.717,27.0,,74.14
2004-06-15T22:40:00,43344099999,TIRUCHIRAPPALLI,10.767,78.717,27.0,,74.14
2004-06-15T23:40:00,43344099999,TIRUCHIRAPPALLI,10.767,78.717,26.0,,78.64
2004-06-16T00:00:00,43344099999,TIRUCHIRAPPALLI,10.767,78.717,26.2,1006.7,79.15
2004-06-16T02:40:00,43344099999,TIRUCHIRAPPALLI,10.767,78.717,29.0,,62.06
2004-06-16T03:00:00,43344099999,TIRUCHIRAPPALLI,10.767,78.717,29.6,1008.6,67.31
2004-06-16T04:40:00,43344099999,TIRUCHIRAPPALLI,10.767,78.717,33.0,,55.81
2004-06-16T05:40:00,43344099999,TIRUCHIRAPPALLI,10.767,78.717,34.0,,52.77
2004-06-16T06:00:00,43344099999,TIRUCHIRAPPALLI,10.767,78.717,34.2,1007.8,50.01
2004-06-16T06:40:00,43344099999,TIRUCHIRAPPALLI,10.767,78.717,35.0,,49.91
2004-06-16T07:40:00,43344099999,TIRUCHIRAPPALLI,10.767,78.717,35.0,,49.91
2004-06-16T08:40:00,43344099999,TIRUCHIRAPPALLI,10.767,78.717,34.0,,49.66
2004-06-16T09:00:00,43344099999,TIRUCHIRAPPALLI,10.767,78.717,35.0,1004.8,47.55
2004-06-16T09:40:00,43344099999,TIRUCHIRAPPALLI,10.767,78.717,35.0,,49.91
2004-06-16T10:40:00,43344099999,TIRUCHIRAPPALLI,10.767,78.717,31.0,,62.5
2004-06-16T11:40:00,43344099999,TIRUCHIRAPPALLI,10.767,78.717,31.0,,62.5
2004-06-16T12:00:00,43344099999,TIRUCHIRAPPALLI,10.767,78.717,32.0,1004.6,56.93
2004-06-16T14:40:00,43344099999,TIRUCHIRAPPALLI,10.767,78.717,29.0,,70.11
2004-06-16T15:00:00,43344099999,TIRUCHIRAPPALLI,10.767,78.717,30.0,1006.4,61.15
2004-06-16T15:40:00,43344099999,TIRUCHIRAPPALLI,10.767,78.717,29.0,,70.11
2004-06-16T16:40:00,43344099999,TIRUCHIRAPPALLI,10.767,78.717,29.0,,70.11
2004-06-16T18:00:00,43344099999,TIRUCHIRAPPALLI,10.767,78.717,29.0,1007.3,64.38
2004-06-16T21:00:00,43344099999,TIRUCHIRAPPALLI,10.767,78.717,27.4,1006.1,74.2
2004-06-17T00:00:00,43344099999,TIRUCHIRAPPALLI,10.767,78.717,27.6,1005.9,75.6
2004-06-17T01:40:00,43344099999,TIRUCHIRAPPALLI,10.767,78.717,28.0,,74.3
2004-06-17T03:00:00,43344099999,TIRUCHIRAPPALLI,10.767,78.717,30.2,1007.4,66.22
2004-06-17T03:40:00,43344099999,TIRUCHIRAPPALLI,10.767,78.717,31.0,,58.81
2004-06-17T04:40:00,43344099999,TIRUCHIRAPPALLI,10.767,78.717,32.0,,52.27
2004-06-17T05:40:00,43344099999,TIRUCHIRAPPALLI,10.767,78.717,34.0,,49.66
2004-06-17T06:00:00,43344099999,TIRUCHIRAPPALLI,10.767,78.717,33.8,1006.3,52.72
2004-06-17T06:40:00,43344099999,TIRUCHIRAPPALLI,10.767,78.717,34.0,,46.71
2004-06-17T07:40:00,43344099999,TIRUCHIRAPPALLI,10.767,78.717,35.0,,46.97
2004-06-17T08:40:00,43344099999,TIRUCHIRAPPALLI,10.767,78.717,35.0,,46.97
2004-06-17T09:00:00,43344099999,TIRUCHIRAPPALLI,10.767,78.717,36.0,1002.8,46.38
2004-06-17T09:40:00,43344099999,TIRUCHIRAPPALLI,10.767,78.717,36.0,,47.23
2004-06-17T10:40:00,43344099999,TIRUCHIRAPPALLI,10.767,78.717,35.0,,44.18
2004-06-17T11:40:00,43344099999,TIRUCHIRAPPALLI,10.767,78.717,34.0,,49.66
2004-06-17T12:00:00,43344099999,TIRUCHIRAPPALLI,10.767,78.717,33.6,1003.3,49.25
2004-06-17T13:40:00,43344099999,TIRUCHIRAPPALLI,10.767,78.717,31.0,,55.32
2004-06-17T14:40:00,43344099999,TIRUCHIRAPPALLI,10.767,78.717,30.0,,55.08
2004-06-17T15:00:00,43344099999,TIRUCHIRAPPALLI,10.767,78.717,30.4,1007.2,62.75
2004-06-17T16:40:00,43344099999,TIRUCHIRAPPALLI,10.767,78.717,29.0,,74.47
2004-06-17T18:00:00,43344099999,TIRUCHIRAPPALLI,10.767,78.717,29.4,1007.9,64.47
2004-06-17T21:00:00,43344099999,TIRUCHIRAPPALLI,10.767,78.717,28.4,1006.3,70.42
2004-06-17T22:40:00,43344099999,TIRUCHIRAPPALLI,10.767,78.717,28.0,,74.3
2004-06-17T23:40:00,43344099999,TIRUCHIRAPPALLI,10.767,78.717,29.0,,65.98
2004-06-18T00:00:00,43344099999,TIRUCHIRAPPALLI,10.767,78.717,28.8,1006.5,66.75
2004-06-18T00:40:00,43344099999,TIRUCHIRAPPALLI,10.767,78.717,28.0,,61.84
2004-06-18T03:00:00,43344099999,TIRUCHIRAPPALLI,10.767,78.717,29.6,1008.0,62.19
2004-06-18T03:40:00,43344099999,TIRUCHIRAPPALLI,10.767,78.717,31.0,,58.81
2004-06-18T06:00:00,43344099999,TIRUCHIRAPPALLI,10.767,78.717,34.6,1006.8,46.29
2004-06-18T06:40:00,43344099999,TIRUCHIRAPPALLI,10.767,78.717,35.0,,46.97
2004-06-18T07:40:00,43344099999,TIRUCHIRAPPALLI,10.767,78.717,36.0,,44.45
2004-06-18T08:40:00,43344099999,TIRUCHIRAPPALLI,10.767,78.717,36.0,,44.45
2004-06-18T09:00:00,43344099999,TIRUCHIRAPPALLI,10.767,78.717,36.4,1004.4,38.45
2004-06-18T09:40:00,43344099999,TIRUCHIRAPPALLI,10.767,78.717,36.0,,41.81
2004-06-18T12:00:00,43344099999,TIRUCHIRAPPALLI,10.767,78.717,33.2,1005.1,54.19
2004-06-18T12:40:00,43344099999,TIRUCHIRAPPALLI,10.767,78.717,33.0,,52.52
2004-06-18T15:00:00,43344099999,TIRUCHIRAPPALLI,10.767,78.717,30.2,1008.3,57.56
2004-06-18T16:40:00,43344099999,TIRUCHIRAPPALLI,10.767,78.717,29.0,,70.11
2004-06-18T18:00:00,43344099999,TIRUCHIRAPPALLI,10.767,78.717,28.6,1008.7,63.91
2004-06-18T18:40:00,43344099999,TIRUCHIRAPPALLI,10.767,78.717,29.0,,70.11
2004-06-18T21:00:00,43344099999,TIRUCHIRAPPALLI,10.767,78.717,27.8,1007.1,70.31
2004-06-19T00:00:00,43344099999,TIRUCHIRAPPALLI,10.767,78.717,26.8,1007.1,75.01
2004-06-19T01:40:00,43344099999,TIRUCHIRAPPALLI,10.767,78.717,29.0,,65.98
2004-06-19T02:40:00,43344099999,TIRUCHIRAPPALLI,10.767,78.717,29.0,,70.11
2004-06-19T03:00:00,43344099999,TIRUCHIRAPPALLI,10.767,78.717,30.0,1008.7,61.15
2004-06-19T03:40:00,43344099999,TIRUCHIRAPPALLI,10.767,78.717,31.0,,58.81
2004-06-19T04:40:00,43344099999,TIRUCHIRAPPALLI,10.767,78.717,32.0,,52.27
2004-06-19T05:40:00,43344099999,TIRUCHIRAPPALLI,10.767,78.717,33.0,,49.4
2004-06-19T06:00:00,43344099999,TIRUCHIRAPPALLI,10.767,78.717,34.4,1008.0,45.96
2004-06-19T07:40:00,43344099999,TIRUCHIRAPPALLI,10.767,78.717,35.0,,44.18
2004-06-19T09:00:00,43344099999,TIRUCHIRAPPALLI,10.767,78.717,36.8,1005.0,39.77
2004-06-19T10:40:00,43344099999,TIRUCHIRAPPALLI,10.767,78.717,37.0,,39.58
2004-06-19T11:40:00,43344099999,TIRUCHIRAPPALLI,10.767,78.717,36.0,,39.31
2004-06-19T12:00:00,43344099999,TIRUCHIRAPPALLI,10.767,78.717,34.4,1004.3,42.15
2004-06-19T12:40:00,43344099999,TIRUCHIRAPPALLI,10.767,78.717,34.0,,43.91
2004-06-19T14:40:00,43344099999,TIRUCHIRAPPALLI,10.767,78.717,31.0,,48.88
2004-06-19T15:00:00,43344099999,TIRUCHIRAPPALLI,10.767,78.717,31.6,1007.3,49.65
2004-06-19T16:40:00,43344099999,TIRUCHIRAPPALLI,10.767,78.717,31.0,,52.01
2004-06-19T18:00:00,43344099999,TIRUCHIRAPPALLI,10.767,78.717,29.2,1008.6,61.72
2004-06-19T18:40:00,43344099999,TIRUCHIRAPPALLI,10.767,78.717,29.0,,62.06
2004-06-19T21:00:00,43344099999,TIRUCHIRAPPALLI,10.767,78.717,28.0,1007.4,70.35
2004-06-19T21:40:00,43344099999,TIRUCHIRAPPALLI,10.767,78.717,28.0,,65.77
2004-06-19T22:40:00,43344099999,TIRUCHIRAPPALLI,10.767,78.717,27.0,,69.74
2004-06-19T23:40:00,43344099999,TIRUCHIRAPPALLI,10.767,78.717,27.0,,69.74
2004-06-20T00:00:00,43344099999,TIRUCHIRAPPALLI,10.767,78.717,27.4,1007.3,75.57
2004-06-20T00:40:00,43344099999,TIRUCHIRAPPALLI,10.767,78.717,27.0,,78.78
2004-06-20T02:40:00,43344099999,TIRUCHIRAPPALLI,10.767,78.717,29.0,,65.98
2004-06-20T03:00:00,43344099999,TIRUCHIRAPPALLI,10.767,78.717,29.0,1009.2,61.68
2004-06-20T03:40:00,43344099999,TIRUCHIRAPPALLI,10.767,78.717,30.0,,62.28
2004-06-20T04:40:00,43344099999,TIRUCHIRAPPALLI,10.767,78.717,32.0,,52.27
2004-06-20T06:00:00,43344099999,TIRUCHIRAPPALLI,10.767,78.717,34.4,1008.8,45.12
2004-06-20T06:40:00,43344099999,TIRUCHIRAPPALLI,10.767,78.717,35.0,,44.18
2004-06-20T07:40:00,43344099999,TIRUCHIRAPPALLI,10.767,78.717,36.0,,44.45
2004-06-20T08:40:00,43344099999,TIRUCHIRAPPALLI,10.767,78.717,36.0,,44.45
2004-06-20T09:00:00,43344099999,TIRUCHIRAPPALLI,10.767,78.717,35.4,,
2004-06-20T10:40:00,43344099999,TIRUCHIRAPPALLI,10.767,78.717,35.0,,41.54
2004-06-20T12:00:00,43344099999,TIRUCHIRAPPALLI,10.767,78.717,35.0,1006.5,37.83
2004-06-20T12:40:00,43344099999,TIRUCHIRAPPALLI,10.767,78.717,34.0,,43.91
2004-06-20T15:00:00,43344099999,TIRUCHIRAPPALLI,10.767,78.717,31.0,1009.0,53.65
2004-06-20T15:40:00,43344099999,TIRUCHIRAPPALLI,10.767,78.717,30.0,,58.58
2004-06-20T18:00:00,43344099999,TIRUCHIRAPPALLI,10.767,78.717,29.0,1010.4,56.57
2004-06-20T20:40:00,43344099999,TIRUCHIRAPPALLI,10.767,78.717,28.0,,65.77
2004-06-20T21:00:00,43344099999,TIRUCHIRAPPALLI,10.767,78.717,28.0,1008.6,66.18
2004-06-20T21:40:00,43344099999,TIRUCHIRAPPALLI,10.767,78.717,28.0,,69.92
2004-06-20T23:40:00,43344099999,TIRUCHIRAPPALLI,10.767,78.717,27.0,,74.14
2004-06-21T00:00:00,43344099999,TIRUCHIRAPPALLI,10.767,78.717,27.0,1009.2,66.79
2004-06-21T01:40:00,43344099999,TIRUCHIRAPPALLI,10.767,78.717,28.0,,58.11
2004-06-21T02:40:00,43344099999,TIRUCHIRAPPALLI,10.767,78.717,28.0,,58.11
2004-06-21T03:00:00,43344099999,TIRUCHIRAPPALLI,10.767,78.717,28.6,1011.1,63.91
2004-06-21T06:00:00,43344099999,TIRUCHIRAPPALLI,10.767,78.717,33.6,1010.1,42.2
2004-06-21T06:40:00,43344099999,TIRUCHIRAPPALLI,10.767,78.717,34.0,,43.91
2004-06-21T07:40:00,43344099999,TIRUCHIRAPPALLI,10.767,78.717,34.0,,43.91
2004-06-21T08:40:00,43344099999,TIRUCHIRAPPALLI,10.767,78.717,35.0,,44.18
2004-06-21T09:00:00,43344099999,TIRUCHIRAPPALLI,10.767,78.717,35.6,1008.1,37.76
2004-06-21T09:40:00,43344099999,TIRUCHIRAPPALLI,10.767,78.717,36.0,,41.81
2004-06-21T10:40:00,43344099999,TIRUCHIRAPPALLI,10.767,78.717,35.0,,39.04
2004-06-21T11:40:00,43344099999,TIRUCHIRAPPALLI,10.767,78.717,34.0,,41.27
2004-06-21T12:00:00,43344099999,TIRUCHIRAPPALLI,10.767,78.717,34.2,1007.8,37.14
2004-06-21T13:40:00,43344099999,TIRUCHIRAPPALLI,10.767,78.717,32.0,,49.14
2004-06-21T14:40:00,43344099999,TIRUCHIRAPPALLI,10.767,78.717,31.0,,52.01
2004-06-21T15:00:00,43344099999,TIRUCHIRAPPALLI,10.767,78.717,31.4,1010.5,40.82
2004-06-21T16:40:00,43344099999,TIRUCHIRAPPALLI,10.767,78.717,30.0,,55.08
2004-06-21T18:00:00,43344099999,TIRUCHIRAPPALLI,10.767,78.717,28.6,1011.8,53.71
2004-06-21T18:40:00,43344099999,TIRUCHIRAPPALLI,10.767,78.717,28.0,,58.11
2004-06-21T19:40:00,43344099999,TIRUCHIRAPPALLI,10.767,78.717,28.0,,58.11
2004-06-21T21:00:00,43344099999,TIRUCHIRAPPALLI,10.767,78.717,28.0,1010.4,58.11
2004-06-21T21:40:00,43344099999,TIRUCHIRAPPALLI,10.767,78.717,28.0,,58.11
2004-06-22T00:00:00,43344099999,TIRUCHIRAPPALLI,10.767,78.717,26.4,1011.0,70.49
2004-06-22T00:40:00,43344099999,TIRUCHIRAPPALLI,10.767,78.717,27.0,,69.74
2004-06-22T01:40:00,43344099999,TIRUCHIRAPPALLI,10.767,78.717,27.0,,69.74
2004-06-22T02:40:00,43344099999,TIRUCHIRAPPALLI,10.767,78.717,28.0,,65.77
2004-06-22T03:00:00,43344099999,TIRUCHIRAPPALLI,10.767,78.717,29.6,1012.2,59.58
2004-06-22T04:40:00,43344099999,TIRUCHIRAPPALLI,10.767,78.717,32.0,,52.27
2004-06-22T06:00:00,43344099999,TIRUCHIRAPPALLI,10.767,78.717,34.2,1011.4,42.89
2004-06-22T06:40:00,43344099999,TIRUCHIRAPPALLI,10.767,78.717,35.0,,41.54
2004-06-22T07:40:00,43344099999,TIRUCHIRAPPALLI,10.767,78.717,36.0,,41.81
2004-06-22T08:40:00,43344099999,TIRUCHIRAPPALLI,10.767,78.717,36.0,,41.81
2004-06-22T09:00:00,43344099999,TIRUCHIRAPPALLI,10.767,78.717,37.2,1008.4,31.68
2004-06-22T09:40:00,43344099999,TIRUCHIRAPPALLI,10.767,78.717,37.0,,34.97
2004-06-22T10:40:00,43344099999,TIRUCHIRAPPALLI,10.767,78.717,36.0,,36.94
2004-06-22T12:00:00,43344099999,TIRUCHIRAPPALLI,10.767,78.717,36.0,1007.7,35.36
2004-06-22T12:40:00,43344099999,TIRUCHIRAPPALLI,10.767,78.717,34.0,,43.91
2004-06-22T15:00:00,43344099999,TIRUCHIRAPPALLI,10.767,78.717,31.4,1009.6,51.79
2004-06-22T15:40:00,43344099999,TIRUCHIRAPPALLI,10.767,78.717,31.0,,55.32
2004-06-22T16:40:00,43344099999,TIRUCHIRAPPALLI,10.767,78.717,30.0,,58.58
2004-06-22T18:00:00,43344099999,TIRUCHIRAPPALLI,10.767,78.717,29.0,1010.9,60.55
2004-06-22T20:40:00,43344099999,TIRUCHIRAPPALLI,10.767,78.717,28.0,,69.92
2004-06-22T21:40:00,43344099999,TIRUCHIRAPPALLI,10.767,78.717,27.0,,74.14
2004-06-22T22:40:00,43344099999,TIRUCHIRAPPALLI,10.767,78.717,26.0,,78.64
2004-06-22T23:40:00,43344099999,TIRUCHIRAPPALLI,10.767,78.717,26.0,,78.64
2004-06-23T00:00:00,43344099999,TIRUCHIRAPPALLI,10.767,78.717,26.4,1009.4,65.03
2004-06-23T00:40:00,43344099999,TIRUCHIRAPPALLI,10.767,78.717,37.0,,67.56
2004-06-23T02:40:00,43344099999,TIRUCHIRAPPALLI,10.767,78.717,29.0,,58.35
2004-06-23T03:00:00,43344099999,TIRUCHIRAPPALLI,10.767,78.717,29.4,1010.6,58.08
2004-06-23T04:40:00,43344099999,TIRUCHIRAPPALLI,10.767,78.717,32.0,,49.14
2004-06-23T05:40:00,43344099999,TIRUCHIRAPPALLI,10.767,78.717,34.0,,43.91
2004-06-23T06:00:00,43344099999,TIRUCHIRAPPALLI,10.767,78.717,34.4,1009.3,41.12
2004-06-23T06:40:00,43344099999,TIRUCHIRAPPALLI,10.767,78.717,35.0,,41.54
2004-06-23T07:40:00,43344099999,TIRUCHIRAPPALLI,10.767,78.717,36.0,,39.31
2004-06-23T08:40:00,43344099999,TIRUCHIRAPPALLI,10.767,78.717,36.0,,41.81
2004-06-23T09:00:00,43344099999,TIRUCHIRAPPALLI,10.767,78.717,36.6,1006.1,35.97
2004-06-23T09:40:00,43344099999,TIRUCHIRAPPALLI,10.767,78.717,37.0,,34.97
2004-06-23T10:40:00,43344099999,TIRUCHIRAPPALLI,10.767,78.717,37.0,,34.97
2004-06-23T12:00:00,43344099999,TIRUCHIRAPPALLI,10.767,78.717,36.4,1004.9,32.27
2004-06-23T12:40:00,43344099999,TIRUCHIRAPPALLI,10.767,78.717,34.0,,43.91
2004-06-23T13:40:00,43344099999,TIRUCHIRAPPALLI,10.767,78.717,33.0,,43.65
2004-06-23T14:40:00,43344099999,TIRUCHIRAPPALLI,10.767,78.717,31.0,,55.32
2004-06-23T15:00:00,43344099999,TIRUCHIRAPPALLI,10.767,78.717,31.2,1007.3,53.69
2004-06-23T16:40:00,43344099999,TIRUCHIRAPPALLI,10.767,78.717,30.0,,58.58
2004-06-23T18:00:00,43344099999,TIRUCHIRAPPALLI,10.767,78.717,29.2,1009.2,65.62
2004-06-23T18:40:00,43344099999,TIRUCHIRAPPALLI,10.767,78.717,29.0,,65.98
2004-06-23T20:40:00,43344099999,TIRUCHIRAPPALLI,10.767,78.717,28.0,,65.77
2004-06-23T21:00:00,43344099999,TIRUCHIRAPPALLI,10.767,78.717,27.6,1007.7,65.69
2004-06-23T21:40:00,43344099999,TIRUCHIRAPPALLI,10.767,78.717,27.0,,69.74
2004-06-24T00:00:00,43344099999,TIRUCHIRAPPALLI,10.767,78.717,27.4,1008.0,60.18
2004-06-24T01:40:00,43344099999,TIRUCHIRAPPALLI,10.767,78.717,28.0,,61.84
2004-06-24T03:00:00,43344099999,TIRUCHIRAPPALLI,10.767,78.717,30.0,1009.4,56.11
2004-06-24T04:40:00,43344099999,TIRUCHIRAPPALLI,10.767,78.717,32.0,,49.14
2004-06-24T05:40:00,43344099999,TIRUCHIRAPPALLI,10.767,78.717,34.0,,43.91
2004-06-24T06:00:00,43344099999,TIRUCHIRAPPALLI,10.767,78.717,34.4,1009.1,40.11
2004-06-24T06:40:00,43344099999,TIRUCHIRAPPALLI,10.767,78.717,35.0,,39.04
2004-06-24T07:40:00,43344099999,TIRUCHIRAPPALLI,10.767,78.717,36.0,,39.31
2004-06-24T09:00:00,43344099999,TIRUCHIRAPPALLI,10.767,78.717,36.4,1006.9,33.31
2004-06-24T10:40:00,43344099999,TIRUCHIRAPPALLI,10.767,78.717,36.0,,36.94
2004-06-24T11:40:00,43344099999,TIRUCHIRAPPALLI,10.767,78.717,36.0,,34.7
2004-06-24T12:00:00,43344099999,TIRUCHIRAPPALLI,10.767,78.717,36.4,1006.4,30.68
2004-06-24T15:00:00,43344099999,TIRUCHIRAPPALLI,10.767,78.717,31.4,1008.8,46.02
2004-06-24T18:00:00,43344099999,TIRUCHIRAPPALLI,10.767,78.717,30.0,1009.9,46.81
2004-06-24T18:40:00,43344099999,TIRUCHIRAPPALLI,10.767,78.717,29.0,,54.83
2004-06-24T21:00:00,43344099999,TIRUCHIRAPPALLI,10.767,78.717,28.2,1008.6,67.86
2004-06-24T21:40:00,43344099999,TIRUCHIRAPPALLI,10.767,78.717,25.0,,78.5
2004-06-24T22:40:00,43344099999,TIRUCHIRAPPALLI,10.767,78.717,28.0,,65.77
2004-06-24T23:40:00,43344099999,TIRUCHIRAPPALLI,10.767,78.717,27.0,,65.56
2004-06-25T00:00:00,43344099999,TIRUCHIRAPPALLI,10.767,78.717,26.6,1009.1,76.37
2004-06-25T00:40:00,43344099999,TIRUCHIRAPPALLI,10.767,78.717,27.0,,74.14
2004-06-25T02:40:00,43344099999,TIRUCHIRAPPALLI,10.767,78.717,29.0,,62.06
2004-06-25T03:00:00,43344099999,TIRUCHIRAPPALLI,10.767,78.717,29.2,1010.3,63.26
2004-06-25T03:40:00,43344099999,TIRUCHIRAPPALLI,10.767,78.717,30.0,,58.58
2004-06-25T06:00:00,43344099999,TIRUCHIRAPPALLI,10.767,78.717,25.0,1008.9,74.26
2004-06-25T06:40:00,43344099999,TIRUCHIRAPPALLI,10.767,78.717,35.0,,44.18
2004-06-25T07:40:00,43344099999,TIRUCHIRAPPALLI,10.767,78.717,36.0,,41.81
2004-06-25T08:40:00,43344099999,TIRUCHIRAPPALLI,10.767,78.717,37.0,,37.21
2004-06-25T09:00:00,43344099999,TIRUCHIRAPPALLI,10.767,78.717,37.4,1006.8,35.08
2004-06-25T12:00:00,43344099999,TIRUCHIRAPPALLI,10.767,78.717,36.6,1006.3,34.21
2004-06-25T12:40:00,43344099999,TIRUCHIRAPPALLI,10.767,78.717,35.0,,44.18
2004-06-25T13:40:00,43344099999,TIRUCHIRAPPALLI,10.767,78.717,34.0,,46.71
2004-06-25T14:40:00,43344099999,TIRUCHIRAPPALLI,10.767,78.717,33.0,,46.44
2004-06-25T15:00:00,43344099999,TIRUCHIRAPPALLI,10.767,78.717,32.4,1008.7,50.47
2004-06-25T15:40:00,43344099999,TIRUCHIRAPPALLI,10.767,78.717,32.0,,55.56
2004-06-25T18:00:00,43344099999,TIRUCHIRAPPALLI,10.767,78.717,30.0,1010.2,62.28
2004-06-25T20:40:00,43344099999,TIRUCHIRAPPALLI,10.767,78.717,29.0,,65.98
2004-06-25T21:00:00,43344099999,TIRUCHIRAPPALLI,10.767,78.717,28.6,1008.5,70.46
2004-06-25T23:40:00,43344099999,TIRUCHIRAPPALLI,10.767,78.717,27.0,,69.74
2004-06-26T00:00:00,43344099999,TIRUCHIRAPPALLI,10.767,78.717,27.2,1008.3,69.77
2004-06-26T00:40:00,43344099999,TIRUCHIRAPPALLI,10.767,78.717,27.0,,74.14
2004-06-26T02:40:00,43344099999,TIRUCHIRAPPALLI,10.767,78.717,29.0,,58.35
2004-06-26T03:00:00,43344099999,TIRUCHIRAPPALLI,10.767,78.717,29.6,1009.8,64.51
2004-06-26T03:40:00,43344099999,TIRUCHIRAPPALLI,10.767,78.717,31.0,,58.81
2004-06-26T04:40:00,43344099999,TIRUCHIRAPPALLI,10.767,78.717,32.0,,55.56
2004-06-26T05:40:00,43344099999,TIRUCHIRAPPALLI,10.767,78.717,34.0,,49.66
2004-06-26T06:00:00,43344099999,TIRUCHIRAPPALLI,10.767,78.717,34.2,1008.2,44.79
2004-06-26T06:40:00,43344099999,TIRUCHIRAPPALLI,10.767,78.717,35.0,,44.18
2004-06-26T07:40:00,43344099999,TIRUCHIRAPPALLI,10.767,78.717,36.0,,39.31
2004-06-26T09:00:00,43344099999,TIRUCHIRAPPALLI,10.767,78.717,37.4,1005.9,33.58
2004-06-26T12:00:00,43344099999,TIRUCHIRAPPALLI,10.767,78.717,36.4,1005.7,32.27
2004-06-26T13:40:00,43344099999,TIRUCHIRAPPALLI,10.767,78.717,33.0,,43.65
2004-06-26T15:00:00,43344099999,TIRUCHIRAPPALLI,10.767,78.717,32.0,1008.6,42.56
2004-06-26T15:40:00,43344099999,TIRUCHIRAPPALLI,10.767,78.717,32.0,,46.18
2004-06-26T16:40:00,43344099999,TIRUCHIRAPPALLI,10.767,78.717,31.0,,48.88
2004-06-26T18:00:00,43344099999,TIRUCHIRAPPALLI,10.767,78.717,30.4,1009.6,48.42
2004-06-26T18:40:00,43344099999,TIRUCHIRAPPALLI,10.767,78.717,30.0,,51.76
2004-06-26T20:40:00,43344099999,TIRUCHIRAPPALLI,10.767,78.717,27.0,,65.56
2004-06-26T21:00:00,43344099999,TIRUCHIRAPPALLI,10.767,78.717,29.0,1008.0,55.52
2004-06-26T21:40:00,43344099999,TIRUCHIRAPPALLI,10.767,78.717,29.0,,58.35
2004-06-26T22:40:00,43344099999,TIRUCHIRAPPALLI,10.767,78.717,28.0,,61.84
2004-06-26T23:40:00,43344099999,TIRUCHIRAPPALLI,10.767,78.717,28.0,,61.84
2004-06-27T00:00:00,43344099999,TIRUCHIRAPPALLI,10.767,78.717,28.0,1008.5,60.7
2004-06-27T01:40:00,43344099999,TIRUCHIRAPPALLI,10.767,78.717,29.0,,62.06
2004-06-27T03:00:00,43344099999,TIRUCHIRAPPALLI,10.767,78.717,30.2,1009.4,57.56
2004-06-27T05:40:00,43344099999,TIRUCHIRAPPALLI,10.767,78.717,33.0,,46.44
2004-06-27T06:00:00,43344099999,TIRUCHIRAPPALLI,10.767,78.717,34.2,1008.4,46.76
2004-06-27T06:40:00,43344099999,TIRUCHIRAPPALLI,10.767,78.717,35.0,,44.18
2004-06-27T07:40:00,43344099999,TIRUCHIRAPPALLI,10.767,78.717,35.0,,44.18
2004-06-27T09:00:00,43344099999,TIRUCHIRAPPALLI,10.767,78.717,37.0,1006.3,43.64
2004-06-27T10:40:00,43344099999,TIRUCHIRAPPALLI,10.767,78.717,37.0,,42.08
2004-06-27T11:40:00,43344099999,TIRUCHIRAPPALLI,10.767,78.717,35.0,,44.18
2004-06-27T12:00:00,43344099999,TIRUCHIRAPPALLI,10.767,78.717,35.0,1005.5,43.64
2004-06-27T12:40:00,43344099999,TIRUCHIRAPPALLI,10.767,78.717,34.0,,46.71
2004-06-27T13:40:00,43344099999,TIRUCHIRAPPALLI,10.767,78.717,33.0,,46.44
2004-06-27T14:40:00,43344099999,TIRUCHIRAPPALLI,10.767,78.717,31.0,,58.81
2004-06-27T15:00:00,43344099999,TIRUCHIRAPPALLI,10.767,78.717,30.4,1008.4,57.96
2004-06-27T15:40:00,43344099999,TIRUCHIRAPPALLI,10.767,78.717,30.0,,62.28
2004-06-27T16:40:00,43344099999,TIRUCHIRAPPALLI,10.767,78.717,29.0,,65.98
2004-06-27T18:00:00,43344099999,TIRUCHIRAPPALLI,10.767,78.717,29.2,1009.1,63.26
2004-06-27T20:40:00,43344099999,TIRUCHIRAPPALLI,10.767,78.717,28.0,,74.3
2004-06-27T21:00:00,43344099999,TIRUCHIRAPPALLI,10.767,78.717,28.0,1007.4,70.35
2004-06-27T21:40:00,43344099999,TIRUCHIRAPPALLI,10.767,78.717,28.0,,74.3
2004-06-27T22:40:00,43344099999,TIRUCHIRAPPALLI,10.767,78.717,28.0,,74.3
2004-06-27T23:40:00,43344099999,TIRUCHIRAPPALLI,10.767,78.717,28.0,,74.3
2004-06-28T00:00:00,43344099999,TIRUCHIRAPPALLI,10.767,78.717,27.6,1008.1,69.85
2004-06-28T00:40:00,43344099999,TIRUCHIRAPPALLI,10.767,78.717,27.0,,69.74
2004-06-28T02:40:00,43344099999,TIRUCHIRAPPALLI,10.767,78.717,29.0,,58.35
2004-06-28T06:00:00,43344099999,TIRUCHIRAPPALLI,10.767,78.717,34.0,1008.4,47.58
2004-06-28T07:40:00,43344099999,TIRUCHIRAPPALLI,10.767,78.717,36.0,,41.81
2004-06-28T08:40:00,43344099999,TIRUCHIRAPPALLI,10.767,78.717,36.0,,41.81
2004-06-28T09:00:00,43344099999,TIRUCHIRAPPALLI,10.767,78.717,36.6,1006.1,35.97
2004-06-28T09:40:00,43344099999,TIRUCHIRAPPALLI,10.767,78.717,36.0,,44.45
2004-06-28T10:40:00,43344099999,TIRUCHIRAPPALLI,10.767,78.717,36.0,,41.81
2004-06-28T11:40:00,43344099999,TIRUCHIRAPPALLI,10.767,78.717,36.0,,41.81
2004-06-28T12:00:00,43344099999,TIRUCHIRAPPALLI,10.767,78.717,35.6,1005.5,39.44
2004-06-28T12:40:00,43344099999,TIRUCHIRAPPALLI,10.767,78.717,35.0,,44.18
2004-06-28T14:40:00,43344099999,TIRUCHIRAPPALLI,10.767,78.717,32.0,,84.22
2004-06-28T15:00:00,43344099999,TIRUCHIRAPPALLI,10.767,78.717,31.4,1007.9,48.38
2004-06-28T15:40:00,43344099999,TIRUCHIRAPPALLI,10.767,78.717,31.0,,55.32
2004-06-28T16:40:00,43344099999,TIRUCHIRAPPALLI,10.767,78.717,30.0,,58.58
2004-06-28T18:00:00,43344099999,TIRUCHIRAPPALLI,10.767,78.717,30.0,1008.9,55.08
2004-06-28T18:40:00,43344099999,TIRUCHIRAPPALLI,10.767,78.717,29.0,,62.06
2004-06-28T21:00:00,43344099999,TIRUCHIRAPPALLI,10.767,78.717,28.4,1007.7,65.05
2004-06-29T00:00:00,43344099999,TIRUCHIRAPPALLI,10.767,78.717,27.4,1008.2,74.2
2004-06-29T01:40:00,43344099999,TIRUCHIRAPPALLI,10.767,78.717,28.0,,69.92
2004-06-29T02:40:00,43344099999,TIRUCHIRAPPALLI,10.767,78.717,29.0,,70.11
2004-06-29T03:00:00,43344099999,TIRUCHIRAPPALLI,10.767,78.717,29.6,1009.8,66.1
2004-06-29T04:40:00,43344099999,TIRUCHIRAPPALLI,10.767,78.717,32.0,,59.04
2004-06-29T05:40:00,43344099999,TIRUCHIRAPPALLI,10.767,78.717,33.0,,55.81
2004-06-29T06:00:00,43344099999,TIRUCHIRAPPALLI,10.767,78.717,33.0,1008.7,53.16
2004-06-29T06:40:00,43344099999,TIRUCHIRAPPALLI,10.767,78.717,33.0,,55.81
2004-06-29T07:40:00,43344099999,TIRUCHIRAPPALLI,10.767,78.717,34.0,,52.77
2004-06-29T08:40:00,43344099999,TIRUCHIRAPPALLI,10.767,78.717,35.0,,46.97
2004-06-29T09:00:00,43344099999,TIRUCHIRAPPALLI,10.767,78.717,36.4,1006.1,42.17
2004-06-29T09:40:00,43344099999,TIRUCHIRAPPALLI,10.767,78.717,37.0,,44.71
2004-06-29T12:00:00,43344099999,TIRUCHIRAPPALLI,10.767,78.717,35.0,1004.8,41.8
2004-06-29T13:40:00,43344099999,TIRUCHIRAPPALLI,10.767,78.717,32.0,,52.27
2004-06-29T14:40:00,43344099999,TIRUCHIRAPPALLI,10.767,78.717,31.0,,55.32
2004-06-29T15:00:00,43344099999,TIRUCHIRAPPALLI,10.767,78.717,31.0,1007.4,51.37
2004-06-29T17:40:00,43344099999,TIRUCHIRAPPALLI,10.767,78.717,29.0,,62.06
2004-06-29T18:00:00,43344099999,TIRUCHIRAPPALLI,10.767,78.717,29.4,1008.5,57.01
2004-06-29T18:40:00,43344099999,TIRUCHIRAPPALLI,10.767,78.717,29.0,,62.06
2004-06-29T21:00:00,43344099999,TIRUCHIRAPPALLI,10.767,78.717,28.4,1006.8,66.26
2004-06-29T22:40:00,43344099999,TIRUCHIRAPPALLI,10.767,78.717,28.0,,69.92
2004-06-29T23:40:00,43344099999,TIRUCHIRAPPALLI,10.767,78.717,27.0,,74.14
2004-06-30T00:00:00,43344099999,TIRUCHIRAPPALLI,10.767,78.717,27.6,1006.9,74.24
2004-06-30T00:40:00,43344099999,TIRUCHIRAPPALLI,10.767,78.717,28.0,,69.92
2004-06-30T01:40:00,43344099999,TIRUCHIRAPPALLI,10.767,78.717,28.0,,69.92
2004-06-30T02:40:00,43344099999,TIRUCHIRAPPALLI,10.767,78.717,30.0,,62.28
2004-06-30T03:00:00,43344099999,TIRUCHIRAPPALLI,10.767,78.717,30.0,1007.8,62.28
2004-06-30T03:40:00,43344099999,TIRUCHIRAPPALLI,10.767,78.717,31.0,,58.81
2004-06-30T04:40:00,43344099999,TIRUCHIRAPPALLI,10.767,78.717,33.0,,52.52
2004-06-30T05:40:00,43344099999,TIRUCHIRAPPALLI,10.767,78.717,34.0,,46.71
2004-06-30T06:00:00,43344099999,TIRUCHIRAPPALLI,10.767,78.717,34.6,1007.5,48.32
2004-06-30T06:40:00,43344099999,TIRUCHIRAPPALLI,10.767,78.717,35.0,,46.97
2004-06-30T07:40:00,43344099999,TIRUCHIRAPPALLI,10.767,78.717,36.0,,44.45
2004-06-30T08:40:00,43344099999,TIRUCHIRAPPALLI,10.767,78.717,36.0,,44.45
2004-06-30T09:00:00,43344099999,TIRUCHIRAPPALLI,10.767,78.717,38.0,1004.4,35.9
2004-06-30T09:40:00,43344099999,TIRUCHIRAPPALLI,10.767,78.717,38.0,,39.85
2004-06-30T10:40:00,43344099999,TIRUCHIRAPPALLI,10.767,78.717,37.0,,42.08
2004-06-30T12:00:00,43344099999,TIRUCHIRAPPALLI,10.767,78.717,36.6,1003.5,40.45
2004-06-30T12:40:00,43344099999,TIRUCHIRAPPALLI,10.767,78.717,36.0,,41.81
2004-06-30T13:40:00,43344099999,TIRUCHIRAPPALLI,10.767,78.717,33.0,,55.81
2004-06-30T15:00:00,43344099999,TIRUCHIRAPPALLI,10.767,78.717,32.0,1006.8,48.84
2004-06-30T15:40:00,43344099999,TIRUCHIRAPPALLI,10.767,78.717,32.0,,52.27
2004-06-30T16:40:00,43344099999,TIRUCHIRAPPALLI,10.767,78.717,31.0,,55.32
2004-06-30T18:00:00,43344099999,TIRUCHIRAPPALLI,10.767,78.717,29.6,1008.1,58.49
2004-06-30T21:00:00,43344099999,TIRUCHIRAPPALLI,10.767,78.717,28.4,1007.0,65.05
2004-07-01T00:00:00,43344099999,TIRUCHIRAPPALLI,10.767,78.717,27.6,1006.9,72.9
2004-07-01T00:40:00,43344099999,TIRUCHIRAPPALLI,10.767,78.717,28.0,,74.3
2004-07-01T01:40:00,43344099999,TIRUCHIRAPPALLI,10.767,78.717,29.0,,70.11
2004-07-01T02:40:00,43344099999,TIRUCHIRAPPALLI,10.767,78.717,29.0,,70.11
2004-07-01T03:00:00,43344099999,TIRUCHIRAPPALLI,10.767,78.717,29.6,1008.0,64.9
2004-07-01T04:40:00,43344099999,TIRUCHIRAPPALLI,10.767,78.717,31.0,,58.81
2004-07-01T05:40:00,43344099999,TIRUCHIRAPPALLI,10.767,78.717,33.0,,52.52
2004-07-01T06:00:00,43344099999,TIRUCHIRAPPALLI,10.767,78.717,33.4,1007.1,52.3
2004-07-01T06:40:00,43344099999,TIRUCHIRAPPALLI,10.767,78.717,34.0,,52.77
2004-07-01T07:40:00,43344099999,TIRUCHIRAPPALLI,10.767,78.717,34.0,,52.77
2004-07-01T08:40:00,43344099999,TIRUCHIRAPPALLI,10.767,78.717,35.0,,49.91
2004-07-01T09:00:00,43344099999,TIRUCHIRAPPALLI,10.767,78.717,35.0,1005.2,46.68
2004-07-01T09:40:00,43344099999,TIRUCHIRAPPALLI,10.767,78.717,35.0,,46.97
2004-07-01T10:40:00,43344099999,TIRUCHIRAPPALLI,10.767,78.717,35.0,,46.97
2004-07-01T11:40:00,43344099999,TIRUCHIRAPPALLI,10.767,78.717,34.0,,49.66
2004-07-01T12:00:00,43344099999,TIRUCHIRAPPALLI,10.767,78.717,34.0,1004.7,45.57
2004-07-01T13:40:00,43344099999,TIRUCHIRAPPALLI,10.767,78.717,32.0,,52.27
2004-07-01T14:40:00,43344099999,TIRUCHIRAPPALLI,10.767,78.717,31.0,,55.32
2004-07-01T15:00:00,43344099999,TIRUCHIRAPPALLI,10.767,78.717,30.6,1006.8,49.7
2004-07-01T15:40:00,43344099999,TIRUCHIRAPPALLI,10.767,78.717,30.0,,55.08
2004-07-01T18:00:00,43344099999,TIRUCHIRAPPALLI,10.767,78.717,29.2,1007.3,59.12
2004-07-01T18:40:00,43344099999,TIRUCHIRAPPALLI,10.767,78.717,29.0,,62.06
2004-07-01T20:40:00,43344099999,TIRUCHIRAPPALLI,10.767,78.717,28.0,,65.77
2004-07-01T21:00:00,43344099999,TIRUCHIRAPPALLI,10.767,78.717,28.2,1005.9,66.22
2004-07-01T21:40:00,43344099999,TIRUCHIRAPPALLI,10.767,78.717,28.0,,69.92
2004-07-01T22:40:00,43344099999,TIRUCHIRAPPALLI,10.767,78.717,28.0,,65.77
2004-07-01T23:40:00,43344099999,TIRUCHIRAPPALLI,10.767,78.717,27.0,,69.74
2004-07-02T00:00:00,43344099999,TIRUCHIRAPPALLI,10.767,78.717,27.6,1005.1,68.58
2004-07-02T00:40:00,43344099999,TIRUCHIRAPPALLI,10.767,78.717,28.0,,65.77
2004-07-02T01:40:00,43344099999,TIRUCHIRAPPALLI,10.767,78.717,28.0,,65.77
2004-07-02T02:40:00,43344099999,TIRUCHIRAPPALLI,10.767,78.717,29.0,,62.06
2004-07-02T03:00:00,43344099999,TIRUCHIRAPPALLI,10.767,78.717,30.0,1006.4,61.15
2004-07-02T15:40:00,43344099999,TIRUCHIRAPPALLI,10.767,78.717,30.0,,55.08
2004-07-02T16:40:00,43344099999,TIRUCHIRAPPALLI,10.767,78.717,30.0,,55.08
2004-07-02T18:00:00,43344099999,TIRUCHIRAPPALLI,10.767,78.717,29.2,1004.8,56.97
2004-07-02T21:00:00,43344099999,TIRUCHIRAPPALLI,10.767,78.717,28.2,1003.4,65.01
2004-07-03T00:00:00,43344099999,TIRUCHIRAPPALLI,10.767,78.717,27.4,1003.3,67.29
2004-07-03T00:40:00,43344099999,TIRUCHIRAPPALLI,10.767,78.717,27.0,,69.74
2004-07-03T01:40:00,43344099999,TIRUCHIRAPPALLI,10.767,78.717,28.0,,74.3
2004-07-03T02:40:00,43344099999,TIRUCHIRAPPALLI,10.767,78.717,29.0,,65.98
2004-07-03T03:00:00,43344099999,TIRUCHIRAPPALLI,10.767,78.717,30.0,1005.1,53.73
2004-07-03T03:40:00,43344099999,TIRUCHIRAPPALLI,10.767,78.717,31.0,,55.32
2004-07-03T04:40:00,43344099999,TIRUCHIRAPPALLI,10.767,78.717,33.0,,46.44
2004-07-03T05:40:00,43344099999,TIRUCHIRAPPALLI,10.767,78.717,34.0,,43.91
2004-07-03T06:00:00,43344099999,TIRUCHIRAPPALLI,10.767,78.717,35.0,1004.3,38.79
2004-07-03T06:40:00,43344099999,TIRUCHIRAPPALLI,10.767,78.717,36.0,,36.94
2004-07-03T07:40:00,43344099999,TIRUCHIRAPPALLI,10.767,78.717,36.0,,36.94
2004-07-03T08:40:00,43344099999,TIRUCHIRAPPALLI,10.767,78.717,36.0,,36.94
2004-07-03T09:00:00,43344099999,TIRUCHIRAPPALLI,10.767,78.717,37.0,1002.1,35.63
2004-07-03T10:40:00,43344099999,TIRUCHIRAPPALLI,10.767,78.717,37.0,,37.21
2004-07-03T11:40:00,43344099999,TIRUCHIRAPPALLI,10.767,78.717,36.0,,36.94
2004-07-03T12:00:00,43344099999,TIRUCHIRAPPALLI,10.767,78.717,33.4,1001.9,41.1
2004-07-03T15:00:00,43344099999,TIRUCHIRAPPALLI,10.767,78.717,31.0,1004.1,47.97
2004-07-03T18:00:00,43344099999,TIRUCHIRAPPALLI,10.767,78.717,29.4,1005.3,58.08
2004-07-03T20:40:00,43344099999,TIRUCHIRAPPALLI,10.767,78.717,28.0,,65.77
2004-07-03T21:00:00,43344099999,TIRUCHIRAPPALLI,10.767,78.717,28.0,1003.9,64.97
2004-07-03T21:40:00,43344099999,TIRUCHIRAPPALLI,10.767,78.717,28.0,,65.77
2004-07-03T22:40:00,43344099999,TIRUCHIRAPPALLI,10.767,78.717,28.0,,65.77
2004-07-03T23:40:00,43344099999,TIRUCHIRAPPALLI,10.767,78.717,27.0,,69.74
2004-07-04T00:00:00,43344099999,TIRUCHIRAPPALLI,10.767,78.717,27.4,1004.1,69.81
2004-07-04T03:00:00,43344099999,TIRUCHIRAPPALLI,10.767,78.717,29.6,1005.8,62.19
2004-07-04T03:40:00,43344099999,TIRUCHIRAPPALLI,10.767,78.717,31.0,,55.32
2004-07-04T04:40:00,43344099999,TIRUCHIRAPPALLI,10.767,78.717,33.0,,49.4
2004-07-04T05:40:00,43344099999,TIRUCHIRAPPALLI,10.767,78.717,33.0,,46.44
2004-07-04T06:00:00,43344099999,TIRUCHIRAPPALLI,10.767,78.717,35.4,1005.4,39.39
2004-07-04T07:40:00,43344099999,TIRUCHIRAPPALLI,10.767,78.717,36.0,,39.31
2004-07-04T08:40:00,43344099999,TIRUCHIRAPPALLI,10.767,78.717,37.0,,37.21
2004-07-04T09:00:00,43344099999,TIRUCHIRAPPALLI,10.767,78.717,37.4,1002.5,33.58
2004-07-04T09:40:00,43344099999,TIRUCHIRAPPALLI,10.767,78.717,37.0,,37.21
2004-07-04T11:40:00,43344099999,TIRUCHIRAPPALLI,10.767,78.717,36.0,,41.81
2004-07-04T12:00:00,43344099999,TIRUCHIRAPPALLI,10.767,78.717,35.4,1002.1,33.88
2004-07-04T12:40:00,43344099999,TIRUCHIRAPPALLI,10.767,78.717,34.0,,41.27
2004-07-04T13:40:00,43344099999,TIRUCHIRAPPALLI,10.767,78.717,32.0,,52.27
2004-07-04T15:00:00,43344099999,TIRUCHIRAPPALLI,10.767,78.717,31.0,1005.6,50.11
2004-07-04T16:40:00,43344099999,TIRUCHIRAPPALLI,10.767,78.717,30.0,,58.58
2004-07-04T18:00:00,43344099999,TIRUCHIRAPPALLI,10.767,78.717,29.6,1006.4,52.31
2004-07-04T20:40:00,43344099999,TIRUCHIRAPPALLI,10.767,78.717,28.0,,65.77
2004-07-04T21:00:00,43344099999,TIRUCHIRAPPALLI,10.767,78.717,28.4,1005.7,57.49
2004-07-04T21:40:00,43344099999,TIRUCHIRAPPALLI,10.767,78.717,28.0,,65.77
2004-07-04T23:40:00,43344099999,TIRUCHIRAPPALLI,10.767,78.717,28.0,,65.77
2004-07-05T00:00:00,43344099999,TIRUCHIRAPPALLI,10.767,78.717,27.6,1005.4,61.75
2004-07-05T00:40:00,43344099999,TIRUCHIRAPPALLI,10.767,78.717,28.0,,65.77
2004-07-05T02:40:00,43344099999,TIRUCHIRAPPALLI,10.767,78.717,30.0,,62.28
2004-07-05T03:00:00,43344099999,TIRUCHIRAPPALLI,10.767,78.717,30.2,1006.6,57.56
2004-07-05T05:40:00,43344099999,TIRUCHIRAPPALLI,10.767,78.717,35.0,,41.54
2004-07-05T06:00:00,43344099999,TIRUCHIRAPPALLI,10.767,78.717,34.4,1005.5,44.02
2004-07-05T06:40:00,43344099999,TIRUCHIRAPPALLI,10.767,78.717,35.0,,44.18
2004-07-05T07:40:00,43344099999,TIRUCHIRAPPALLI,10.767,78.717,36.0,,41.81
2004-07-05T08:40:00,43344099999,TIRUCHIRAPPALLI,10.767,78.717,36.0,,41.81
2004-07-05T09:00:00,43344099999,TIRUCHIRAPPALLI,10.767,78.717,37.6,1003.6,31.19
2004-07-05T09:40:00,43344099999,TIRUCHIRAPPALLI,10.767,78.717,37.0,,32.85
2004-07-05T10:40:00,43344099999,TIRUCHIRAPPALLI,10.767,78.717,38.0,,33.12
2004-07-05T11:40:00,43344099999,TIRUCHIRAPPALLI,10.767,78.717,37.0,,34.97
2004-07-05T12:00:00,43344099999,TIRUCHIRAPPALLI,10.767,78.717,37.0,1002.6,30.45
2004-07-05T12:40:00,43344099999,TIRUCHIRAPPALLI,10.767,78.717,36.0,,36.94
2004-07-05T14:40:00,43344099999,TIRUCHIRAPPALLI,10.767,78.717,33.0,,43.65
2004-07-05T15:00:00,43344099999,TIRUCHIRAPPALLI,10.767,78.717,32.8,1006.1,46.39
2004-07-05T15:40:00,43344099999,TIRUCHIRAPPALLI,10.767,78.717,32.0,,46.18
2004-07-05T18:00:00,43344099999,TIRUCHIRAPPALLI,10.767,78.717,30.0,1007.5,48.62
2004-07-05T21:00:00,43344099999,TIRUCHIRAPPALLI,10.767,78.717,29.0,1006.9,57.99
2004-07-05T23:40:00,43344099999,TIRUCHIRAPPALLI,10.767,78.717,27.0,,69.74
2004-07-06T00:00:00,43344099999,TIRUCHIRAPPALLI,10.767,78.717,27.0,1006.8,69.74
2004-07-06T03:00:00,43344099999,TIRUCHIRAPPALLI,10.767,78.717,29.4,1007.9,62.15
2004-07-06T04:40:00,43344099999,TIRUCHIRAPPALLI,10.767,78.717,33.0,,49.4
2004-07-06T05:40:00,43344099999,TIRUCHIRAPPALLI,10.767,78.717,34.0,,43.91
2004-07-06T06:00:00,43344099999,TIRUCHIRAPPALLI,10.767,78.717,34.8,1007.3,38.74
2004-07-06T06:40:00,43344099999,TIRUCHIRAPPALLI,10.767,78.717,36.0,,36.94
2004-07-06T07:40:00,43344099999,TIRUCHIRAPPALLI,10.767,78.717,36.0,,36.94
2004-07-06T08:40:00,43344099999,TIRUCHIRAPPALLI,10.767,78.717,37.0,,37.21
2004-07-06T09:00:00,43344099999,TIRUCHIRAPPALLI,10.767,78.717,37.8,1004.3,30.66
2004-07-06T09:40:00,43344099999,TIRUCHIRAPPALLI,10.767,78.717,38.0,,35.24
2004-07-06T10:40:00,43344099999,TIRUCHIRAPPALLI,10.767,78.717,37.0,,37.21
2004-07-06T12:00:00,43344099999,TIRUCHIRAPPALLI,10.767,78.717,37.6,1003.1,31.99
2004-07-06T12:40:00,43344099999,TIRUCHIRAPPALLI,10.767,78.717,36.0,,39.31
2004-07-06T13:40:00,43344099999,TIRUCHIRAPPALLI,10.767,78.717,33.0,,52.52
2004-07-06T14:40:00,43344099999,TIRUCHIRAPPALLI,10.767,78.717,32.0,,55.56
2004-07-06T15:00:00,43344099999,TIRUCHIRAPPALLI,10.767,78.717,32.2,1006.3,53.61
2004-07-06T16:40:00,43344099999,TIRUCHIRAPPALLI,10.767,78.717,31.0,,62.5
2004-07-06T18:00:00,43344099999,TIRUCHIRAPPALLI,10.767,78.717,30.4,1007.4,55.52
2004-07-06T20:40:00,43344099999,TIRUCHIRAPPALLI,10.767,78.717,29.0,,65.98
2004-07-06T21:00:00,43344099999,TIRUCHIRAPPALLI,10.767,78.717,28.6,1006.0,66.7
2004-07-06T21:40:00,43344099999,TIRUCHIRAPPALLI,10.767,78.717,28.0,,69.92
2004-07-06T22:40:00,43344099999,TIRUCHIRAPPALLI,10.767,78.717,28.0,,69.92
2004-07-06T23:40:00,43344099999,TIRUCHIRAPPALLI,10.767,78.717,27.0,,78.78
2004-07-07T00:00:00,43344099999,TIRUCHIRAPPALLI,10.767,78.717,27.0,1006.2,69.74
2004-07-07T00:40:00,43344099999,TIRUCHIRAPPALLI,10.767,78.717,27.0,,69.74
2004-07-07T03:00:00,43344099999,TIRUCHIRAPPALLI,10.767,78.717,29.0,1007.6,64.38
2004-07-07T03:40:00,43344099999,TIRUCHIRAPPALLI,10.767,78.717,30.0,,58.58
2004-07-07T05:40:00,43344099999,TIRUCHIRAPPALLI,10.767,78.717,34.0,,46.71
2004-07-07T06:00:00,43344099999,TIRUCHIRAPPALLI,10.767,78.717,34.6,1007.1,44.07
2004-07-07T06:40:00,43344099999,TIRUCHIRAPPALLI,10.767,78.717,36.0,,44.45
2004-07-07T07:40:00,43344099999,TIRUCHIRAPPALLI,10.767,78.717,37.0,,39.58
2004-07-07T08:40:00,43344099999,TIRUCHIRAPPALLI,10.767,78.717,36.0,,44.45
2004-07-07T09:00:00,43344099999,TIRUCHIRAPPALLI,10.767,78.717,37.2,1004.4,35.9
2004-07-07T11:40:00,43344099999,TIRUCHIRAPPALLI,10.767,78.717,36.0,,41.81
2004-07-07T12:00:00,43344099999,TIRUCHIRAPPALLI,10.767,78.717,36.4,1003.4,37.51
2004-07-07T12:40:00,43344099999,TIRUCHIRAPPALLI,10.767,78.717,35.0,,44.18
2004-07-07T15:00:00,43344099999,TIRUCHIRAPPALLI,10.767,78.717,31.0,1006.6,53.65
2004-07-07T18:00:00,43344099999,TIRUCHIRAPPALLI,10.767,78.717,26.6,1008.2,78.25
2004-07-07T20:40:00,43344099999,TIRUCHIRAPPALLI,10.767,78.717,26.0,,83.57
2004-07-07T21:00:00,43344099999,TIRUCHIRAPPALLI,10.767,78.717,26.4,1006.6,79.66
2004-07-07T23:40:00,43344099999,TIRUCHIRAPPALLI,10.767,78.717,26.0,,83.57
2004-07-08T00:00:00,43344099999,TIRUCHIRAPPALLI,10.767,78.717,26.2,1007.0,81.1
2004-07-08T02:40:00,43344099999,TIRUCHIRAPPALLI,10.767,78.717,28.0,,74.3
2004-07-08T03:00:00,43344099999,TIRUCHIRAPPALLI,10.767,78.717,28.0,1008.3,70.35
2004-07-08T03:40:00,43344099999,TIRUCHIRAPPALLI,10.767,78.717,29.0,,65.98
2004-07-08T04:40:00,43344099999,TIRUCHIRAPPALLI,10.767,78.717,30.0,,62.28
2004-07-08T05:40:00,43344099999,TIRUCHIRAPPALLI,10.767,78.717,31.0,,58.81
2004-07-08T06:00:00,43344099999,TIRUCHIRAPPALLI,10.767,78.717,31.8,1007.9,57.93
2004-07-08T06:40:00,43344099999,TIRUCHIRAPPALLI,10.767,78.717,33.0,,55.81
2004-07-08T07:40:00,43344099999,TIRUCHIRAPPALLI,10.767,78.717,34.0,,52.77
2004-07-08T08:40:00,43344099999,TIRUCHIRAPPALLI,10.767,78.717,35.0,,46.97
2004-07-08T09:00:00,43344099999,TIRUCHIRAPPALLI,10.767,78.717,35.6,1004.6,44.34
2004-07-08T12:00:00,43344099999,TIRUCHIRAPPALLI,10.767,78.717,36.4,1003.6,40.4
2004-07-08T15:00:00,43344099999,TIRUCHIRAPPALLI,10.767,78.717,24.8,1008.7,96.47
2004-07-08T20:40:00,43344099999,TIRUCHIRAPPALLI,10.767,78.717,25.0,,88.68
2004-07-08T21:00:00,43344099999,TIRUCHIRAPPALLI,10.767,78.717,25.2,1007.7,91.41
2004-07-08T21:40:00,43344099999,TIRUCHIRAPPALLI,10.767,78.717,25.0,,94.19
2004-07-08T22:40:00,43344099999,TIRUCHIRAPPALLI,10.767,78.717,25.0,,88.68
2004-07-08T23:40:00,43344099999,TIRUCHIRAPPALLI,10.767,78.717,25.0,,88.68
2004-07-09T00:00:00,43344099999,TIRUCHIRAPPALLI,10.767,78.717,25.2,1006.9,86.57
2004-07-09T00:40:00,43344099999,TIRUCHIRAPPALLI,10.767,78.717,26.0,,78.64
2004-07-09T02:40:00,43344099999,TIRUCHIRAPPALLI,10.767,78.717,28.0,,74.3
2004-07-09T03:00:00,43344099999,TIRUCHIRAPPALLI,10.767,78.717,28.0,1008.2,74.3
2004-07-09T04:40:00,43344099999,TIRUCHIRAPPALLI,10.767,78.717,31.0,,62.5
2004-07-09T06:00:00,43344099999,TIRUCHIRAPPALLI,10.767,78.717,31.6,1007.8,62.25
2004-07-09T06:40:00,43344099999,TIRUCHIRAPPALLI,10.767,78.717,34.0,,52.77
2004-07-09T07:40:00,43344099999,TIRUCHIRAPPALLI,10.767,78.717,34.0,,52.77
2004-07-09T09:00:00,43344099999,TIRUCHIRAPPALLI,10.767,78.717,34.4,1005.0,50.06
2004-07-09T12:00:00,43344099999,TIRUCHIRAPPALLI,10.767,78.717,30.0,1004.7,64.99
2004-07-09T15:00:00,43344099999,TIRUCHIRAPPALLI,10.767,78.717,27.0,1007.3,87.26
2004-07-09T15:40:00,43344099999,TIRUCHIRAPPALLI,10.767,78.717,27.0,,83.68
2004-07-09T18:00:00,43344099999,TIRUCHIRAPPALLI,10.767,78.717,26.2,1007.1,96.51
2004-07-09T20:40:00,43344099999,TIRUCHIRAPPALLI,10.767,78.717,26.0,,88.76
2004-07-09T21:00:00,43344099999,TIRUCHIRAPPALLI,10.767,78.717,25.6,1006.0,94.78
2004-07-10T00:00:00,43344099999,TIRUCHIRAPPALLI,10.767,78.717,25.2,1006.5,93.08
2004-07-10T00:40:00,43344099999,TIRUCHIRAPPALLI,10.767,78.717,27.0,,78.78
2004-07-10T01:40:00,43344099999,TIRUCHIRAPPALLI,10.767,78.717,28.0,,74.3
2004-07-10T02:40:00,43344099999,TIRUCHIRAPPALLI,10.767,78.717,30.0,,62.28
2004-07-10T03:00:00,43344099999,TIRUCHIRAPPALLI,10.767,78.717,28.0,1008.0,70.35
2004-07-10T03:40:00,43344099999,TIRUCHIRAPPALLI,10.767,78.717,30.0,,62.28
2004-07-10T04:40:00,43344099999,TIRUCHIRAPPALLI,10.767,78.717,31.0,,58.81
2004-07-10T05:40:00,43344099999,TIRUCHIRAPPALLI,10.767,78.717,32.0,,55.56
2004-07-10T06:00:00,43344099999,TIRUCHIRAPPALLI,10.767,78.717,31.4,1007.2,58.55
2004-07-10T06:40:00,43344099999,TIRUCHIRAPPALLI,10.767,78.717,33.0,,52.52
2004-07-10T09:00:00,43344099999,TIRUCHIRAPPALLI,10.767,78.717,35.0,1004.3,44.73
2004-07-10T09:40:00,43344099999,TIRUCHIRAPPALLI,10.767,78.717,35.0,,46.97
2004-07-10T10:40:00,43344099999,TIRUCHIRAPPALLI,10.767,78.717,35.0,,46.97
2004-07-10T12:00:00,43344099999,TIRUCHIRAPPALLI,10.767,78.717,34.8,1003.4,44.4
2004-07-10T15:00:00,43344099999,TIRUCHIRAPPALLI,10.767,78.717,28.4,1006.5,71.72
2004-07-10T18:00:00,43344099999,TIRUCHIRAPPALLI,10.767,78.717,24.0,1008.4,94.72
2004-07-10T20:40:00,43344099999,TIRUCHIRAPPALLI,10.767,78.717,25.0,,94.19
2004-07-10T21:00:00,43344099999,TIRUCHIRAPPALLI,10.767,78.717,24.8,1006.3,96.47
2004-07-10T21:40:00,43344099999,TIRUCHIRAPPALLI,10.767,78.717,25.0,,94.19
2004-07-10T22:40:00,43344099999,TIRUCHIRAPPALLI,10.767,78.717,25.0,,94.19
2004-07-10T23:40:00,43344099999,TIRUCHIRAPPALLI,10.767,78.717,25.0,,94.19
2004-07-11T00:00:00,43344099999,TIRUCHIRAPPALLI,10.767,78.717,25.0,1006.2,91.4
2004-07-11T00:40:00,43344099999,TIRUCHIRAPPALLI,10.767,78.717,25.0,,94.19
2004-07-11T03:00:00,43344099999,TIRUCHIRAPPALLI,10.767,78.717,26.2,1007.7,84.09
2004-07-11T03:40:00,43344099999,TIRUCHIRAPPALLI,10.767,78.717,27.0,,78.78
2004-07-11T04:40:00,43344099999,TIRUCHIRAPPALLI,10.767,78.717,29.0,,70.11
2004-07-11T05:40:00,43344099999,TIRUCHIRAPPALLI,10.767,78.717,31.0,,62.5
2004-07-11T06:00:00,43344099999,TIRUCHIRAPPALLI,10.767,78.717,31.2,1007.2,63.3
2004-07-11T06:40:00,43344099999,TIRUCHIRAPPALLI,10.767,78.717,32.0,,59.04
2004-07-11T08:40:00,43344099999,TIRUCHIRAPPALLI,10.767,78.717,34.0,,52.77
2004-07-11T09:00:00,43344099999,TIRUCHIRAPPALLI,10.767,78.717,31.6,1005.2,56.49
2004-07-11T09:40:00,43344099999,TIRUCHIRAPPALLI,10.767,78.717,32.0,,55.56
2004-07-11T11:40:00,43344099999,TIRUCHIRAPPALLI,10.767,78.717,31.0,,58.81
2004-07-11T12:00:00,43344099999,TIRUCHIRAPPALLI,10.767,78.717,30.8,1004.5,64.37
2004-07-11T13:40:00,43344099999,TIRUCHIRAPPALLI,10.767,78.717,29.0,,65.98
2004-07-11T14:40:00,43344099999,TIRUCHIRAPPALLI,10.767,78.717,29.0,,65.98
2004-07-11T15:00:00,43344099999,TIRUCHIRAPPALLI,10.767,78.717,28.4,1006.8,70.42
2004-07-11T16:40:00,43344099999,TIRUCHIRAPPALLI,10.767,78.717,27.0,,78.78
2004-07-11T18:00:00,43344099999,TIRUCHIRAPPALLI,10.767,78.717,27.6,1007.8,68.58
2004-07-11T20:40:00,43344099999,TIRUCHIRAPPALLI,10.767,78.717,27.0,,74.14
2004-07-11T21:00:00,43344099999,TIRUCHIRAPPALLI,10.767,78.717,26.4,1006.1,79.66
2004-07-11T21:40:00,43344099999,TIRUCHIRAPPALLI,10.767,78.717,26.0,,83.57
2004-07-11T22:40:00,43344099999,TIRUCHIRAPPALLI,10.767,78.717,26.0,,83.57
2004-07-11T23:40:00,43344099999,TIRUCHIRAPPALLI,10.767,78.717,26.0,,78.64
2004-07-12T00:00:00,43344099999,TIRUCHIRAPPALLI,10.767,78.717,25.4,1006.1,77.6
2004-07-12T01:40:00,43344099999,TIRUCHIRAPPALLI,10.767,78.717,26.0,,69.55
2004-07-12T03:00:00,43344099999,TIRUCHIRAPPALLI,10.767,78.717,27.0,1008.0,72.35
2004-07-12T04:40:00,43344099999,TIRUCHIRAPPALLI,10.767,78.717,29.0,,62.06
2004-07-12T05:40:00,43344099999,TIRUCHIRAPPALLI,10.767,78.717,31.0,,55.32
2004-07-12T06:00:00,43344099999,TIRUCHIRAPPALLI,10.767,78.717,31.0,1007.7,56.01
2004-07-12T06:40:00,43344099999,TIRUCHIRAPPALLI,10.767,78.717,32.0,,52.27
2004-07-12T07:40:00,43344099999,TIRUCHIRAPPALLI,10.767,78.717,33.0,,52.52
2004-07-12T08:40:00,43344099999,TIRUCHIRAPPALLI,10.767,78.717,33.0,,49.4
2004-07-12T09:00:00,43344099999,TIRUCHIRAPPALLI,10.767,78.717,31.2,1005.8,55.03
2004-07-12T10:40:00,43344099999,TIRUCHIRAPPALLI,10.767,78.717,33.0,,52.52
2004-07-12T11:40:00,43344099999,TIRUCHIRAPPALLI,10.767,78.717,33.0,,52.52
2004-07-12T12:00:00,43344099999,TIRUCHIRAPPALLI,10.767,78.717,30.0,1006.0,61.15
2004-07-12T15:00:00,43344099999,TIRUCHIRAPPALLI,10.767,78.717,27.0,1008.1,68.04
2004-07-12T15:40:00,43344099999,TIRUCHIRAPPALLI,10.767,78.717,27.0,,69.74
2004-07-12T18:00:00,43344099999,TIRUCHIRAPPALLI,10.767,78.717,26.0,1009.2,80.58
2004-07-12T21:00:00,43344099999,TIRUCHIRAPPALLI,10.767,78.717,26.2,1007.3,71.76
2004-07-13T00:00:00,43344099999,TIRUCHIRAPPALLI,10.767,78.717,26.2,,
2004-07-13T02:40:00,43344099999,TIRUCHIRAPPALLI,10.767,78.717,27.0,,69.74
2004-07-13T03:00:00,43344099999,TIRUCHIRAPPALLI,10.767,78.717,27.4,1007.9,69.81
2004-07-13T04:40:00,43344099999,TIRUCHIRAPPALLI,10.767,78.717,29.0,,62.06
2004-07-13T06:00:00,43344099999,TIRUCHIRAPPALLI,10.767,78.717,31.4,1007.6,51.79
2004-07-13T06:40:00,43344099999,TIRUCHIRAPPALLI,10.767,78.717,32.0,,52.27
2004-07-13T07:40:00,43344099999,TIRUCHIRAPPALLI,10.767,78.717,33.0,,46.44
2004-07-13T08:40:00,43344099999,TIRUCHIRAPPALLI,10.767,78.717,34.0,,46.71
2004-07-13T09:00:00,43344099999,TIRUCHIRAPPALLI,10.767,78.717,34.2,1005.5,42.89
2004-07-13T09:40:00,43344099999,TIRUCHIRAPPALLI,10.767,78.717,34.0,,46.71
2004-07-13T10:40:00,43344099999,TIRUCHIRAPPALLI,10.767,78.717,34.0,,43.91
2004-07-13T11:40:00,43344099999,TIRUCHIRAPPALLI,10.767,78.717,33.0,,46.44
2004-07-13T12:00:00,43344099999,TIRUCHIRAPPALLI,10.767,78.717,,1004.9,
2004-07-13T15:00:00,43344099999,TIRUCHIRAPPALLI,10.767,78.717,29.6,1006.9,53.63
2004-07-13T16:40:00,43344099999,TIRUCHIRAPPALLI,10.767,78.717,29.0,,62.06
2004-07-13T17:40:00,43344099999,TIRUCHIRAPPALLI,10.767,78.717,28.0,,65.77
2004-07-13T18:00:00,43344099999,TIRUCHIRAPPALLI,10.767,78.717,28.0,1007.2,61.46
2004-07-13T21:00:00,43344099999,TIRUCHIRAPPALLI,10.767,78.717,28.0,1005.6,64.97
2004-07-13T21:40:00,43344099999,TIRUCHIRAPPALLI,10.767,78.717,28.0,,65.77
2004-07-13T22:40:00,43344099999,TIRUCHIRAPPALLI,10.767,78.717,28.0,,65.77
2004-07-13T23:40:00,43344099999,TIRUCHIRAPPALLI,10.767,78.717,27.0,,69.74
2004-07-14T00:00:00,43344099999,TIRUCHIRAPPALLI,10.767,78.717,27.6,1005.2,65.69
2004-07-14T00:40:00,43344099999,TIRUCHIRAPPALLI,10.767,78.717,27.0,,65.56
2004-07-14T01:40:00,43344099999,TIRUCHIRAPPALLI,10.767,78.717,27.0,,69.74
2004-07-14T02:40:00,43344099999,TIRUCHIRAPPALLI,10.767,78.717,28.0,,65.77
2004-07-14T03:00:00,43344099999,TIRUCHIRAPPALLI,10.767,78.717,28.4,1006.3,66.26
2004-07-14T05:40:00,43344099999,TIRUCHIRAPPALLI,10.767,78.717,32.0,,55.56
2004-07-14T06:00:00,43344099999,TIRUCHIRAPPALLI,10.767,78.717,31.2,1005.7,55.03
2004-07-14T06:40:00,43344099999,TIRUCHIRAPPALLI,10.767,78.717,32.0,,52.27
2004-07-14T07:40:00,43344099999,TIRUCHIRAPPALLI,10.767,78.717,31.0,,55.32
2004-07-14T08:40:00,43344099999,TIRUCHIRAPPALLI,10.767,78.717,32.0,,55.56
2004-07-14T09:00:00,43344099999,TIRUCHIRAPPALLI,10.767,78.717,32.6,1004.0,54.04
2004-07-14T09:40:00,43344099999,TIRUCHIRAPPALLI,10.767,78.717,33.0,,52.52
2004-07-14T10:40:00,43344099999,TIRUCHIRAPPALLI,10.767,78.717,32.0,,55.56
2004-07-14T11:40:00,43344099999,TIRUCHIRAPPALLI,10.767,78.717,32.0,,55.56
2004-07-14T12:00:00,43344099999,TIRUCHIRAPPALLI,10.767,78.717,31.6,1003.2,50.89
2004-07-14T14:40:00,43344099999,TIRUCHIRAPPALLI,10.767,78.717,29.0,,65.98
2004-07-14T15:00:00,43344099999,TIRUCHIRAPPALLI,10.767,78.717,29.8,1004.8,51.39
2004-07-14T18:00:00,43344099999,TIRUCHIRAPPALLI,10.767,78.717,29.0,1005.5,55.52
2004-07-14T18:40:00,43344099999,TIRUCHIRAPPALLI,10.767,78.717,29.0,,62.06
2004-07-14T21:00:00,43344099999,TIRUCHIRAPPALLI,10.767,78.717,28.4,1003.9,62.31
2004-07-15T00:00:00,43344099999,TIRUCHIRAPPALLI,10.767,78.717,27.6,1003.5,65.69
2004-07-15T01:40:00,43344099999,TIRUCHIRAPPALLI,10.767,78.717,29.0,,62.06
2004-07-15T02:40:00,43344099999,TIRUCHIRAPPALLI,10.767,78.717,29.0,,62.06
2004-07-15T03:00:00,43344099999,TIRUCHIRAPPALLI,10.767,78.717,28.6,1005.4,64.3
2004-07-15T04:40:00,43344099999,TIRUCHIRAPPALLI,10.767,78.717,31.0,,55.32
2004-07-15T05:40:00,43344099999,TIRUCHIRAPPALLI,10.767,78.717,32.0,,52.27
2004-07-15T06:00:00,43344099999,TIRUCHIRAPPALLI,10.767,78.717,32.0,1004.7,50.99
2004-07-15T06:40:00,43344099999,TIRUCHIRAPPALLI,10.767,78.717,33.0,,49.4
2004-07-15T08:40:00,43344099999,TIRUCHIRAPPALLI,10.767,78.717,35.0,,41.54
2004-07-15T09:00:00,43344099999,TIRUCHIRAPPALLI,10.767,78.717,33.6,1003.0,46.32
2004-07-15T09:40:00,43344099999,TIRUCHIRAPPALLI,10.767,78.717,34.0,,46.71
2004-07-15T10:40:00,43344099999,TIRUCHIRAPPALLI,10.767,78.717,34.0,,46.71
2004-07-15T12:00:00,43344099999,TIRUCHIRAPPALLI,10.767,78.717,30.8,1003.3,53.6
2004-07-15T13:40:00,43344099999,TIRUCHIRAPPALLI,10.767,78.717,28.0,,61.84
2004-07-15T14:40:00,43344099999,TIRUCHIRAPPALLI,10.767,78.717,28.0,,65.77
2004-07-15T15:00:00,43344099999,TIRUCHIRAPPALLI,10.767,78.717,28.0,1005.2,59.58
2004-07-15T16:40:00,43344099999,TIRUCHIRAPPALLI,10.767,78.717,27.0,,69.74
2004-07-15T18:00:00,43344099999,TIRUCHIRAPPALLI,10.767,78.717,27.6,1005.6,64.48
2004-07-15T18:40:00,43344099999,TIRUCHIRAPPALLI,10.767,78.717,27.0,,69.74
2004-07-15T20:40:00,43344099999,TIRUCHIRAPPALLI,10.767,78.717,27.0,,74.14
2004-07-15T21:00:00,43344099999,TIRUCHIRAPPALLI,10.767,78.717,26.8,1004.8,69.27
2004-07-15T21:40:00,43344099999,TIRUCHIRAPPALLI,10.767,78.717,27.0,,69.74
2004-07-15T22:40:00,43344099999,TIRUCHIRAPPALLI,10.767,78.717,27.0,,74.14
2004-07-15T23:40:00,43344099999,TIRUCHIRAPPALLI,10.767,78.717,26.0,,73.97
2004-07-16T00:00:00,43344099999,TIRUCHIRAPPALLI,10.767,78.717,26.2,1000.5,73.55
2004-07-16T00:40:00,43344099999,TIRUCHIRAPPALLI,10.767,78.717,27.0,,74.14
2004-07-16T01:40:00,43344099999,TIRUCHIRAPPALLI,10.767,78.717,27.0,,69.74
2004-07-16T02:40:00,43344099999,TIRUCHIRAPPALLI,10.767,78.717,28.0,,65.77
2004-07-16T03:00:00,43344099999,TIRUCHIRAPPALLI,10.767,78.717,27.2,1006.9,74.17
2004-07-16T03:40:00,43344099999,TIRUCHIRAPPALLI,10.767,78.717,28.0,,69.92
2004-07-16T06:00:00,43344099999,TIRUCHIRAPPALLI,10.767,78.717,32.0,1006.4,50.99
2004-07-16T06:40:00,43344099999,TIRUCHIRAPPALLI,10.767,78.717,33.0,,59.27
2004-07-16T07:40:00,43344099999,TIRUCHIRAPPALLI,10.767,78.717,34.0,,46.71
2004-07-16T08:40:00,43344099999,TIRUCHIRAPPALLI,10.767,78.717,34.0,,46.71
2004-07-16T09:00:00,43344099999,TIRUCHIRAPPALLI,10.767,78.717,35.0,1003.6,41.8
2004-07-16T09:40:00,43344099999,TIRUCHIRAPPALLI,10.767,78.717,35.0,,44.18
2004-07-16T10:40:00,43344099999,TIRUCHIRAPPALLI,10.767,78.717,35.0,,44.18
2004-07-16T12:00:00,43344099999,TIRUCHIRAPPALLI,10.767,78.717,34.6,1002.9,42.21
2004-07-16T15:00:00,43344099999,TIRUCHIRAPPALLI,10.767,78.717,30.0,1006.3,61.15
2004-07-16T18:00:00,43344099999,TIRUCHIRAPPALLI,10.767,78.717,26.0,1007.6,87.17
2004-07-16T18:40:00,43344099999,TIRUCHIRAPPALLI,10.767,78.717,26.0,,88.76
2004-07-16T21:00:00,43344099999,TIRUCHIRAPPALLI,10.767,78.717,26.4,1005.6,72.24
2004-07-17T00:00:00,43344099999,TIRUCHIRAPPALLI,10.767,78.717,26.4,1005.8,70.49
2004-07-17T00:40:00,43344099999,TIRUCHIRAPPALLI,10.767,78.717,27.0,,74.14
2004-07-17T01:40:00,43344099999,TIRUCHIRAPPALLI,10.767,78.717,28.0,,69.92
2004-07-17T02:40:00,43344099999,TIRUCHIRAPPALLI,10.767,78.717,28.0,,69.92
2004-07-17T03:00:00,43344099999,TIRUCHIRAPPALLI,10.767,78.717,29.0,1007.2,66.79
2004-07-17T03:40:00,43344099999,TIRUCHIRAPPALLI,10.767,78.717,30.0,,62.28
2004-07-17T04:40:00,43344099999,TIRUCHIRAPPALLI,10.767,78.717,31.0,,55.32
2004-07-17T05:40:00,43344099999,TIRUCHIRAPPALLI,10.767,78.717,32.0,,52.27
2004-07-17T06:00:00,43344099999,TIRUCHIRAPPALLI,10.767,78.717,33.4,1006.4,50.11
2004-07-17T06:40:00,43344099999,TIRUCHIRAPPALLI,10.767,78.717,33.0,,52.52
2004-07-17T07:40:00,43344099999,TIRUCHIRAPPALLI,10.767,78.717,34.0,,46.71
2004-07-17T08:40:00,43344099999,TIRUCHIRAPPALLI,10.767,78.717,35.0,,44.18
2004-07-17T09:00:00,43344099999,TIRUCHIRAPPALLI,10.767,78.717,34.8,1004.2,48.37
2004-07-17T09:40:00,43344099999,TIRUCHIRAPPALLI,10.767,78.717,35.0,,49.91
2004-07-17T10:40:00,43344099999,TIRUCHIRAPPALLI,10.767,78.717,35.0,,49.91
2004-07-17T11:40:00,43344099999,TIRUCHIRAPPALLI,10.767,78.717,36.0,,41.81
2004-07-17T12:00:00,43344099999,TIRUCHIRAPPALLI,10.767,78.717,35.4,1003.2,44.02
2004-07-17T12:40:00,43344099999,TIRUCHIRAPPALLI,10.767,78.717,33.0,,52.52
2004-07-17T14:40:00,43344099999,TIRUCHIRAPPALLI,10.767,78.717,32.0,,55.56
2004-07-17T15:00:00,43344099999,TIRUCHIRAPPALLI,10.767,78.717,31.6,1005.8,63.77
2004-07-17T18:00:00,43344099999,TIRUCHIRAPPALLI,10.767,78.717,29.6,1007.5,66.1
2004-07-17T18:40:00,43344099999,TIRUCHIRAPPALLI,10.767,78.717,29.0,,70.11
2004-07-17T20:40:00,43344099999,TIRUCHIRAPPALLI,10.767,78.717,28.0,,74.3
2004-07-17T21:00:00,43344099999,TIRUCHIRAPPALLI,10.767,78.717,28.4,1006.4,77.57
2004-07-17T23:40:00,43344099999,TIRUCHIRAPPALLI,10.767,78.717,28.0,,74.3
2004-07-18T00:00:00,43344099999,TIRUCHIRAPPALLI,10.767,78.717,27.0,1006.2,90.44
2004-07-18T01:40:00,43344099999,TIRUCHIRAPPALLI,10.767,78.717,27.0,,83.68
2004-07-18T02:40:00,43344099999,TIRUCHIRAPPALLI,10.767,78.717,29.0,,74.47
2004-07-18T03:00:00,43344099999,TIRUCHIRAPPALLI,10.767,78.717,28.6,1007.3,70.46
2004-07-18T03:40:00,43344099999,TIRUCHIRAPPALLI,10.767,78.717,30.0,,70.29
2004-07-18T04:40:00,43344099999,TIRUCHIRAPPALLI,10.767,78.717,32.0,,59.04
2004-07-18T05:40:00,43344099999,TIRUCHIRAPPALLI,10.767,78.717,32.0,,59.04
2004-07-18T06:00:00,43344099999,TIRUCHIRAPPALLI,10.767,78.717,32.8,1006.5,57.47
2004-07-18T06:40:00,43344099999,TIRUCHIRAPPALLI,10.767,78.717,33.0,,55.81
2004-07-18T07:40:00,43344099999,TIRUCHIRAPPALLI,10.767,78.717,35.0,,49.91
2004-07-18T08:40:00,43344099999,TIRUCHIRAPPALLI,10.767,78.717,35.0,,49.91
2004-07-18T09:00:00,43344099999,TIRUCHIRAPPALLI,10.767,78.717,35.6,1003.9,46.27
2004-07-18T09:40:00,43344099999,TIRUCHIRAPPALLI,10.767,78.717,36.0,,47.23
2004-07-18T11:40:00,43344099999,TIRUCHIRAPPALLI,10.767,78.717,35.0,,49.91
2004-07-18T12:00:00,43344099999,TIRUCHIRAPPALLI,10.767,78.717,34.4,1002.5,44.02
2004-07-18T12:40:00,43344099999,TIRUCHIRAPPALLI,10.767,78.717,28.0,,74.3
2004-07-18T15:00:00,43344099999,TIRUCHIRAPPALLI,10.767,78.717,24.0,1007.3,96.45
2004-07-18T18:00:00,43344099999,TIRUCHIRAPPALLI,10.767,78.717,24.4,1007.5,96.46
2004-07-18T21:00:00,43344099999,TIRUCHIRAPPALLI,10.767,78.717,24.4,1006.8,96.46
2004-07-18T21:40:00,43344099999,TIRUCHIRAPPALLI,10.767,78.717,25.0,,94.19
2004-07-18T22:40:00,43344099999,TIRUCHIRAPPALLI,10.767,78.717,25.0,,88.68
2004-07-18T23:40:00,43344099999,TIRUCHIRAPPALLI,10.767,78.717,25.0,,94.19
2004-07-19T00:00:00,43344099999,TIRUCHIRAPPALLI,10.767,78.717,25.0,1006.5,96.48
2004-07-19T00:40:00,43344099999,TIRUCHIRAPPALLI,10.767,78.717,25.0,,94.19
2004-07-19T01:40:00,43344099999,TIRUCHIRAPPALLI,10.767,78.717,27.0,,83.68
2004-07-19T02:40:00,43344099999,TIRUCHIRAPPALLI,10.767,78.717,28.0,,78.92
2004-07-19T03:00:00,43344099999,TIRUCHIRAPPALLI,10.767,78.717,27.4,1007.5,83.22
2004-07-19T03:40:00,43344099999,TIRUCHIRAPPALLI,10.767,78.717,29.0,,74.47
2004-07-19T04:40:00,43344099999,TIRUCHIRAPPALLI,10.767,78.717,31.0,,66.38
2004-07-19T05:40:00,43344099999,TIRUCHIRAPPALLI,10.767,78.717,32.0,,62.71
2004-07-19T06:00:00,43344099999,TIRUCHIRAPPALLI,10.767,78.717,31.0,1006.5,63.26
2004-07-19T06:40:00,43344099999,TIRUCHIRAPPALLI,10.767,78.717,32.0,,62.71
2004-07-19T07:40:00,43344099999,TIRUCHIRAPPALLI,10.767,78.717,33.0,,59.27
2004-07-19T09:00:00,43344099999,TIRUCHIRAPPALLI,10.767,78.717,33.6,1004.2,51.4
2004-07-19T09:40:00,43344099999,TIRUCHIRAPPALLI,10.767,78.717,34.0,,52.77
2004-07-19T12:00:00,43344099999,TIRUCHIRAPPALLI,10.767,78.717,33.4,1002.7,53.58
2004-07-19T12:40:00,43344099999,TIRUCHIRAPPALLI,10.767,78.717,34.0,,52.77
2004-07-19T15:00:00,43344099999,TIRUCHIRAPPALLI,10.767,78.717,25.0,1007.0,88.14
2004-07-19T18:00:00,43344099999,TIRUCHIRAPPALLI,10.767,78.717,25.6,1007.2,91.44
2004-07-19T18:40:00,43344099999,TIRUCHIRAPPALLI,10.767,78.717,26.0,,88.76
2004-07-19T21:00:00,43344099999,TIRUCHIRAPPALLI,10.767,78.717,25.8,1006.0,87.15
2004-07-19T22:40:00,43344099999,TIRUCHIRAPPALLI,10.767,78.717,26.0,,88.76
2004-07-19T23:40:00,43344099999,TIRUCHIRAPPALLI,10.767,78.717,26.0,,88.76
2004-07-20T00:00:00,43344099999,TIRUCHIRAPPALLI,10.767,78.717,25.0,1006.2,80.45
2004-07-20T00:40:00,43344099999,TIRUCHIRAPPALLI,10.767,78.717,25.0,,83.45
2004-07-20T02:40:00,43344099999,TIRUCHIRAPPALLI,10.767,78.717,28.0,,65.77
2004-07-20T03:00:00,43344099999,TIRUCHIRAPPALLI,10.767,78.717,28.4,1007.7,63.86
2004-07-20T03:40:00,43344099999,TIRUCHIRAPPALLI,10.767,78.717,29.0,,62.06
2004-07-20T04:40:00,43344099999,TIRUCHIRAPPALLI,10.767,78.717,31.0,,55.32
2004-07-20T05:40:00,43344099999,TIRUCHIRAPPALLI,10.767,78.717,32.0,,52.27
2004-07-20T06:00:00,43344099999,TIRUCHIRAPPALLI,10.767,78.717,31.8,1006.8,57.93
2004-07-20T06:40:00,43344099999,TIRUCHIRAPPALLI,10.767,78.717,32.0,,55.56
2004-07-20T07:40:00,43344099999,TIRUCHIRAPPALLI,10.767,78.717,33.0,,52.52
2004-07-20T08:40:00,43344099999,TIRUCHIRAPPALLI,10.767,78.717,34.0,,52.77
2004-07-20T09:00:00,43344099999,TIRUCHIRAPPALLI,10.767,78.717,35.0,1003.8,43.64
2004-07-20T11:40:00,43344099999,TIRUCHIRAPPALLI,10.767,78.717,35.0,,44.18
2004-07-20T12:00:00,43344099999,TIRUCHIRAPPALLI,10.767,78.717,34.0,1003.3,43.64
2004-07-20T12:40:00,43344099999,TIRUCHIRAPPALLI,10.767,78.717,33.0,,52.52
2004-07-20T15:40:00,43344099999,TIRUCHIRAPPALLI,10.767,78.717,29.0,,65.98
2004-07-20T16:40:00,43344099999,TIRUCHIRAPPALLI,10.767,78.717,29.0,,65.98
2004-07-20T18:00:00,43344099999,TIRUCHIRAPPALLI,10.767,78.717,27.4,1007.6,64.44
2004-07-20T18:40:00,43344099999,TIRUCHIRAPPALLI,10.767,78.717,27.0,,69.74
2004-07-20T20:40:00,43344099999,TIRUCHIRAPPALLI,10.767,78.717,27.0,,69.74
2004-07-20T21:00:00,43344099999,TIRUCHIRAPPALLI,10.767,78.717,26.8,1006.5,69.27
2004-07-20T21:40:00,43344099999,TIRUCHIRAPPALLI,10.767,78.717,27.0,,69.74
2004-07-20T22:40:00,43344099999,TIRUCHIRAPPALLI,10.767,78.717,27.0,,69.74
2004-07-21T00:00:00,43344099999,TIRUCHIRAPPALLI,10.767,78.717,25.8,1006.3,77.66
2004-07-21T00:40:00,43344099999,TIRUCHIRAPPALLI,10.767,78.717,26.0,,69.55
2004-07-21T01:40:00,43344099999,TIRUCHIRAPPALLI,10.767,78.717,27.0,,69.74
2004-07-21T02:40:00,43344099999,TIRUCHIRAPPALLI,10.767,78.717,28.0,,69.92
2004-07-21T03:00:00,43344099999,TIRUCHIRAPPALLI,10.767,78.717,28.0,1007.9,72.96
2004-07-21T04:40:00,43344099999,TIRUCHIRAPPALLI,10.767,78.717,31.0,,62.5
2004-07-21T05:40:00,43344099999,TIRUCHIRAPPALLI,10.767,78.717,32.0,,55.56
2004-07-21T06:00:00,43344099999,TIRUCHIRAPPALLI,10.767,78.717,33.0,1007.2,52.2
2004-07-21T06:40:00,43344099999,TIRUCHIRAPPALLI,10.767,78.717,34.0,,52.77
2004-07-21T07:40:00,43344099999,TIRUCHIRAPPALLI,10.767,78.717,34.0,,49.66
2004-07-21T08:40:00,43344099999,TIRUCHIRAPPALLI,10.767,78.717,35.0,,46.97
2004-07-21T09:00:00,43344099999,TIRUCHIRAPPALLI,10.767,78.717,35.0,1005.0,46.68
2004-07-21T12:00:00,43344099999,TIRUCHIRAPPALLI,10.767,78.717,31.6,1005.7,60.03
2004-07-21T15:00:00,43344099999,TIRUCHIRAPPALLI,10.767,78.717,30.2,1007.2,57.56
2004-07-21T15:40:00,43344099999,TIRUCHIRAPPALLI,10.767,78.717,29.0,,65.98
2004-07-21T18:00:00,43344099999,TIRUCHIRAPPALLI,10.767,78.717,28.8,1008.5,61.63
2004-07-21T21:00:00,43344099999,TIRUCHIRAPPALLI,10.767,78.717,28.0,1006.7,64.97
2004-07-21T22:40:00,43344099999,TIRUCHIRAPPALLI,10.767,78.717,27.0,,69.74
2004-07-22T00:00:00,43344099999,TIRUCHIRAPPALLI,10.767,78.717,27.4,1006.5,71.1
2004-07-22T01:40:00,43344099999,TIRUCHIRAPPALLI,10.767,78.717,28.0,,69.92
2004-07-22T03:00:00,43344099999,TIRUCHIRAPPALLI,10.767,78.717,27.4,1007.7,71.1
2004-07-22T05:40:00,43344099999,TIRUCHIRAPPALLI,10.767,78.717,31.0,,55.32
2004-07-22T06:00:00,43344099999,TIRUCHIRAPPALLI,10.767,78.717,30.2,1007.4,63.86
2004-07-22T06:40:00,43344099999,TIRUCHIRAPPALLI,10.767,78.717,31.0,,62.5
2004-07-22T07:40:00,43344099999,TIRUCHIRAPPALLI,10.767,78.717,33.0,,55.81
2004-07-22T08:40:00,43344099999,TIRUCHIRAPPALLI,10.767,78.717,34.0,,52.77
2004-07-22T09:00:00,43344099999,TIRUCHIRAPPALLI,10.767,78.717,33.0,1005.5,53.16
2004-07-22T09:40:00,43344099999,TIRUCHIRAPPALLI,10.767,78.717,34.0,,52.77
2004-07-22T10:40:00,43344099999,TIRUCHIRAPPALLI,10.767,78.717,33.0,,52.52
2004-07-22T12:00:00,43344099999,TIRUCHIRAPPALLI,10.767,78.717,32.6,1005.2,51.78
2004-07-22T12:40:00,43344099999,TIRUCHIRAPPALLI,10.767,78.717,31.0,,55.32
2004-07-22T15:00:00,43344099999,TIRUCHIRAPPALLI,10.767,78.717,29.0,1007.6,64.38
2004-07-22T16:40:00,43344099999,TIRUCHIRAPPALLI,10.767,78.717,28.0,,74.3
2004-07-22T18:00:00,43344099999,TIRUCHIRAPPALLI,10.767,78.717,27.0,1008.0,72.35
2004-07-22T21:00:00,43344099999,TIRUCHIRAPPALLI,10.767,78.717,26.4,1006.9,75.87
2004-07-22T21:40:00,43344099999,TIRUCHIRAPPALLI,10.767,78.717,26.0,,78.64
2004-07-23T00:00:00,43344099999,TIRUCHIRAPPALLI,10.767,78.717,27.0,1006.6,69.74
2004-07-23T00:40:00,43344099999,TIRUCHIRAPPALLI,10.767,78.717,27.0,,69.74
2004-07-23T01:40:00,43344099999,TIRUCHIRAPPALLI,10.767,78.717,28.0,,65.77
2004-07-23T02:40:00,43344099999,TIRUCHIRAPPALLI,10.767,78.717,28.0,,65.77
2004-07-23T03:00:00,43344099999,TIRUCHIRAPPALLI,10.767,78.717,28.8,1007.8,66.75
2004-07-23T03:40:00,43344099999,TIRUCHIRAPPALLI,10.767,78.717,29.0,,65.98
2004-07-23T04:40:00,43344099999,TIRUCHIRAPPALLI,10.767,78.717,30.0,,62.28
2004-07-23T05:40:00,43344099999,TIRUCHIRAPPALLI,10.767,78.717,31.0,,58.81
2004-07-23T06:00:00,43344099999,TIRUCHIRAPPALLI,10.767,78.717,32.0,1007.2,56.93
2004-07-23T06:40:00,43344099999,TIRUCHIRAPPALLI,10.767,78.717,33.0,,55.81
2004-07-23T07:40:00,43344099999,TIRUCHIRAPPALLI,10.767,78.717,33.0,,52.52
2004-07-23T08:40:00,43344099999,TIRUCHIRAPPALLI,10.767,78.717,34.0,,49.66
2004-07-23T09:00:00,43344099999,TIRUCHIRAPPALLI,10.767,78.717,31.8,1005.4,55.52
2004-07-23T09:40:00,43344099999,TIRUCHIRAPPALLI,10.767,78.717,32.0,,55.56
2004-07-23T10:40:00,43344099999,TIRUCHIRAPPALLI,10.767,78.717,32.0,,55.56
2004-07-23T11:40:00,43344099999,TIRUCHIRAPPALLI,10.767,78.717,30.0,,66.18
2004-07-23T12:00:00,43344099999,TIRUCHIRAPPALLI,10.767,78.717,28.8,1005.3,69.23
2004-07-23T12:40:00,43344099999,TIRUCHIRAPPALLI,10.767,78.717,29.0,,65.98
2004-07-23T13:40:00,43344099999,TIRUCHIRAPPALLI,10.767,78.717,29.0,,65.98
2004-07-23T14:40:00,43344099999,TIRUCHIRAPPALLI,10.767,78.717,28.0,,74.3
2004-07-23T15:00:00,43344099999,TIRUCHIRAPPALLI,10.767,78.717,28.2,1007.1,66.22
2004-07-23T16:40:00,43344099999,TIRUCHIRAPPALLI,10.767,78.717,27.0,,78.78
2004-07-23T17:40:00,43344099999,TIRUCHIRAPPALLI,10.767,78.717,27.0,,78.78
2004-07-23T18:00:00,43344099999,TIRUCHIRAPPALLI,10.767,78.717,27.0,1007.2,76.89
2004-07-23T18:40:00,43344099999,TIRUCHIRAPPALLI,10.767,78.717,27.0,,78.78
2004-07-23T20:40:00,43344099999,TIRUCHIRAPPALLI,10.767,78.717,26.0,,83.57
2004-07-23T21:00:00,43344099999,TIRUCHIRAPPALLI,10.767,78.717,26.4,1005.8,81.12
2004-07-23T23:40:00,43344099999,TIRUCHIRAPPALLI,10.767,78.717,26.0,,78.64
2004-07-24T00:00:00,43344099999,TIRUCHIRAPPALLI,10.767,78.717,25.6,1005.5,77.63
2004-07-24T01:40:00,43344099999,TIRUCHIRAPPALLI,10.767,78.717,27.0,,78.78
2004-07-24T02:40:00,43344099999,TIRUCHIRAPPALLI,10.767,78.717,28.0,,69.92
2004-07-24T03:00:00,43344099999,TIRUCHIRAPPALLI,10.767,78.717,28.4,1006.8,69.15
2004-07-24T03:40:00,43344099999,TIRUCHIRAPPALLI,10.767,78.717,29.0,,70.11
2004-07-24T04:40:00,43344099999,TIRUCHIRAPPALLI,10.767,78.717,31.0,,58.81
2004-07-24T05:40:00,43344099999,TIRUCHIRAPPALLI,10.767,78.717,33.0,,52.52
2004-07-24T06:00:00,43344099999,TIRUCHIRAPPALLI,10.767,78.717,32.8,1005.6,54.09
2004-07-24T06:40:00,43344099999,TIRUCHIRAPPALLI,10.767,78.717,33.0,,55.81
2004-07-24T07:40:00,43344099999,TIRUCHIRAPPALLI,10.767,78.717,34.0,,52.77
2004-07-24T08:40:00,43344099999,TIRUCHIRAPPALLI,10.767,78.717,34.0,,49.66
2004-07-24T09:00:00,43344099999,TIRUCHIRAPPALLI,10.767,78.717,34.4,1003.5,44.02
2004-07-24T10:40:00,43344099999,TIRUCHIRAPPALLI,10.767,78.717,35.0,,44.18
2004-07-24T12:00:00,43344099999,TIRUCHIRAPPALLI,10.767,78.717,33.8,1003.4,45.52
2004-07-24T12:40:00,43344099999,TIRUCHIRAPPALLI,10.767,78.717,33.0,,52.52
2004-07-24T13:40:00,43344099999,TIRUCHIRAPPALLI,10.767,78.717,30.0,,58.58
2004-07-24T14:40:00,43344099999,TIRUCHIRAPPALLI,10.767,78.717,30.0,,55.08
2004-07-24T15:00:00,43344099999,TIRUCHIRAPPALLI,10.767,78.717,30.2,1005.6,52.79
2004-07-24T15:40:00,43344099999,TIRUCHIRAPPALLI,10.767,78.717,30.0,,55.08
2004-07-24T18:00:00,43344099999,TIRUCHIRAPPALLI,10.767,78.717,29.2,1007.0,59.12
2004-07-24T18:40:00,43344099999,TIRUCHIRAPPALLI,10.767,78.717,29.0,,62.06
2004-07-24T20:40:00,43344099999,TIRUCHIRAPPALLI,10.767,78.717,28.0,,61.84
2004-07-24T21:00:00,43344099999,TIRUCHIRAPPALLI,10.767,78.717,28.2,1005.3,63.82
2004-07-24T23:40:00,43344099999,TIRUCHIRAPPALLI,10.767,78.717,27.0,,69.74
2004-07-25T00:00:00,43344099999,TIRUCHIRAPPALLI,10.767,78.717,27.2,1005.1,69.77
2004-07-25T02:40:00,43344099999,TIRUCHIRAPPALLI,10.767,78.717,28.0,,65.77
2004-07-25T03:00:00,43344099999,TIRUCHIRAPPALLI,10.767,78.717,28.0,1006.7,70.78
2004-07-25T03:40:00,43344099999,TIRUCHIRAPPALLI,10.767,78.717,29.0,,65.98
2004-07-25T04:40:00,43344099999,TIRUCHIRAPPALLI,10.767,78.717,30.0,,62.28
2004-07-25T05:40:00,43344099999,TIRUCHIRAPPALLI,10.767,78.717,31.0,,55.32
2004-07-25T06:00:00,43344099999,TIRUCHIRAPPALLI,10.767,78.717,32.4,1006.0,52.69
2004-07-25T06:40:00,43344099999,TIRUCHIRAPPALLI,10.767,78.717,33.0,,52.52
2004-07-25T07:40:00,43344099999,TIRUCHIRAPPALLI,10.767,78.717,34.0,,49.66
2004-07-25T08:40:00,43344099999,TIRUCHIRAPPALLI,10.767,78.717,35.0,,46.97
2004-07-25T09:00:00,43344099999,TIRUCHIRAPPALLI,10.767,78.717,35.0,1002.9,40.77
2004-07-25T11:40:00,43344099999,TIRUCHIRAPPALLI,10.767,78.717,34.0,,43.91
2004-07-25T12:00:00,43344099999,TIRUCHIRAPPALLI,10.767,78.717,34.0,1002.2,41.53
2004-07-25T12:40:00,43344099999,TIRUCHIRAPPALLI,10.767,78.717,33.0,,46.44
2004-07-25T14:40:00,43344099999,TIRUCHIRAPPALLI,10.767,78.717,30.0,,55.08
2004-07-25T15:00:00,43344099999,TIRUCHIRAPPALLI,10.767,78.717,30.6,1005.1,52.23
2004-07-25T15:40:00,43344099999,TIRUCHIRAPPALLI,10.767,78.717,30.0,,55.08
2004-07-25T18:00:00,43344099999,TIRUCHIRAPPALLI,10.767,78.717,29.0,1006.6,60.55
2004-07-25T20:40:00,43344099999,TIRUCHIRAPPALLI,10.767,78.717,28.0,,65.77
2004-07-25T21:00:00,43344099999,TIRUCHIRAPPALLI,10.767,78.717,27.8,1004.9,67.37
2004-07-25T21:40:00,43344099999,TIRUCHIRAPPALLI,10.767,78.717,28.0,,65.77
2004-07-25T22:40:00,43344099999,TIRUCHIRAPPALLI,10.767,78.717,27.0,,69.74
2004-07-25T23:40:00,43344099999,TIRUCHIRAPPALLI,10.767,78.717,27.0,,69.74
2004-07-26T00:00:00,43344099999,TIRUCHIRAPPALLI,10.767,78.717,27.4,1005.0,75.57
2004-07-26T01:40:00,43344099999,TIRUCHIRAPPALLI,10.767,78.717,28.0,,65.77
2004-07-26T02:40:00,43344099999,TIRUCHIRAPPALLI,10.767,78.717,28.0,,65.77
2004-07-26T03:00:00,43344099999,TIRUCHIRAPPALLI,10.767,78.717,28.0,1006.6,69.07
2004-07-26T03:40:00,43344099999,TIRUCHIRAPPALLI,10.767,78.717,29.0,,65.98
2004-07-26T04:40:00,43344099999,TIRUCHIRAPPALLI,10.767,78.717,30.0,,58.58
2004-07-26T06:00:00,43344099999,TIRUCHIRAPPALLI,10.767,78.717,31.4,1006.1,57.49
2004-07-26T06:40:00,43344099999,TIRUCHIRAPPALLI,10.767,78.717,32.0,,55.56
2004-07-26T07:40:00,43344099999,TIRUCHIRAPPALLI,10.767,78.717,32.0,,55.56
2004-07-26T08:40:00,43344099999,TIRUCHIRAPPALLI,10.767,78.717,32.0,,59.04
2004-07-26T09:00:00,43344099999,TIRUCHIRAPPALLI,10.767,78.717,32.4,1003.7,57.03
2004-07-26T10:40:00,43344099999,TIRUCHIRAPPALLI,10.767,78.717,33.0,,55.81
2004-07-26T11:40:00,43344099999,TIRUCHIRAPPALLI,10.767,78.717,32.0,,59.04
2004-07-26T12:00:00,43344099999,TIRUCHIRAPPALLI,10.767,78.717,33.0,1002.8,48.79
2004-07-26T13:40:00,43344099999,TIRUCHIRAPPALLI,10.767,78.717,31.0,,55.32
2004-07-26T15:00:00,43344099999,TIRUCHIRAPPALLI,10.767,78.717,30.4,1005.6,54.16
2004-07-26T16:40:00,43344099999,TIRUCHIRAPPALLI,10.767,78.717,29.0,,65.98
2004-07-26T18:00:00,43344099999,TIRUCHIRAPPALLI,10.767,78.717,29.2,1006.8,56.97
2004-07-26T21:00:00,43344099999,TIRUCHIRAPPALLI,10.767,78.717,28.4,1004.6,63.86
2004-07-27T00:00:00,43344099999,TIRUCHIRAPPALLI,10.767,78.717,27.8,1004.4,70.74
2004-07-27T00:40:00,43344099999,TIRUCHIRAPPALLI,10.767,78.717,28.0,,74.3
2004-07-27T02:40:00,43344099999,TIRUCHIRAPPALLI,10.767,78.717,28.0,,69.92
2004-07-27T03:00:00,43344099999,TIRUCHIRAPPALLI,10.767,78.717,28.4,1006.9,67.9
2004-07-27T03:40:00,43344099999,TIRUCHIRAPPALLI,10.767,78.717,29.0,,62.06
2004-07-27T04:40:00,43344099999,TIRUCHIRAPPALLI,10.767,78.717,30.0,,62.28
2004-07-27T05:40:00,43344099999,TIRUCHIRAPPALLI,10.767,78.717,31.0,,55.32
2004-07-27T06:00:00,43344099999,TIRUCHIRAPPALLI,10.767,78.717,31.4,1006.7,56.45
2004-07-27T06:40:00,43344099999,TIRUCHIRAPPALLI,10.767,78.717,32.0,,55.56
2004-07-27T07:40:00,43344099999,TIRUCHIRAPPALLI,10.767,78.717,33.0,,52.52
2004-07-27T08:40:00,43344099999,TIRUCHIRAPPALLI,10.767,78.717,34.0,,49.66
2004-07-27T09:00:00,43344099999,TIRUCHIRAPPALLI,10.767,78.717,34.0,1004.1,47.58
2004-07-27T10:40:00,43344099999,TIRUCHIRAPPALLI,10.767,78.717,33.0,,52.52
2004-07-27T11:40:00,43344099999,TIRUCHIRAPPALLI,10.767,78.717,33.0,,52.52
2004-07-27T12:00:00,43344099999,TIRUCHIRAPPALLI,10.767,78.717,32.6,1003.3,48.39
2004-07-27T12:40:00,43344099999,TIRUCHIRAPPALLI,10.767,78.717,31.0,,58.81
2004-07-27T14:40:00,43344099999,TIRUCHIRAPPALLI,10.767,78.717,30.0,,55.08
2004-07-27T15:00:00,43344099999,TIRUCHIRAPPALLI,10.767,78.717,30.0,1005.8,56.11
2004-07-27T17:40:00,43344099999,TIRUCHIRAPPALLI,10.767,78.717,29.0,,62.06
2004-07-27T18:00:00,43344099999,TIRUCHIRAPPALLI,10.767,78.717,28.8,1006.8,59.03
2004-07-27T18:40:00,43344099999,TIRUCHIRAPPALLI,10.767,78.717,28.0,,65.77
2004-07-27T20:40:00,43344099999,TIRUCHIRAPPALLI,10.767,78.717,28.0,,69.92
2004-07-27T21:00:00,43344099999,TIRUCHIRAPPALLI,10.767,78.717,27.0,1005.2,72.35
2004-07-27T21:40:00,43344099999,TIRUCHIRAPPALLI,10.767,78.717,27.0,,74.14
2004-07-27T22:40:00,43344099999,TIRUCHIRAPPALLI,10.767,78.717,26.0,,78.64
2004-07-27T23:40:00,43344099999,TIRUCHIRAPPALLI,10.767,78.717,26.0,,78.64
2004-07-28T00:00:00,43344099999,TIRUCHIRAPPALLI,10.767,78.717,26.4,1005.5,74.95
2004-07-28T03:00:00,43344099999,TIRUCHIRAPPALLI,10.767,78.717,28.4,1006.7,70.42
2004-07-28T04:40:00,43344099999,TIRUCHIRAPPALLI,10.767,78.717,30.0,,62.28
2004-07-28T05:40:00,43344099999,TIRUCHIRAPPALLI,10.767,78.717,32.0,,55.56
2004-07-28T06:00:00,43344099999,TIRUCHIRAPPALLI,10.767,78.717,32.2,1005.8,54.61
2004-07-28T06:40:00,43344099999,TIRUCHIRAPPALLI,10.767,78.717,33.0,,55.81
2004-07-28T07:40:00,43344099999,TIRUCHIRAPPALLI,10.767,78.717,34.0,,52.77
2004-07-28T09:00:00,43344099999,TIRUCHIRAPPALLI,10.767,78.717,34.4,1003.5,42.95
2004-07-28T09:40:00,43344099999,TIRUCHIRAPPALLI,10.767,78.717,35.0,,44.18
2004-07-28T11:40:00,43344099999,TIRUCHIRAPPALLI,10.767,78.717,34.0,,49.66
2004-07-28T12:00:00,43344099999,TIRUCHIRAPPALLI,10.767,78.717,33.6,1002.7,42.2
2004-07-28T12:40:00,43344099999,TIRUCHIRAPPALLI,10.767,78.717,32.0,,52.27
2004-07-28T13:40:00,43344099999,TIRUCHIRAPPALLI,10.767,78.717,31.0,,55.32
2004-07-28T15:00:00,43344099999,TIRUCHIRAPPALLI,10.767,78.717,31.4,1005.3,49.6
2004-07-28T15:40:00,43344099999,TIRUCHIRAPPALLI,10.767,78.717,31.0,,55.32
2004-07-28T16:40:00,43344099999,TIRUCHIRAPPALLI,10.767,78.717,30.0,,58.58
2004-07-28T18:00:00,43344099999,TIRUCHIRAPPALLI,10.767,78.717,29.0,1006.6,57.99
2004-07-28T18:40:00,43344099999,TIRUCHIRAPPALLI,10.767,78.717,29.0,,62.06
2004-07-28T21:00:00,43344099999,TIRUCHIRAPPALLI,10.767,78.717,27.6,1004.8,65.69
2004-07-29T00:00:00,43344099999,TIRUCHIRAPPALLI,10.767,78.717,26.4,1005.5,73.59
2004-07-29T01:40:00,43344099999,TIRUCHIRAPPALLI,10.767,78.717,27.0,,69.74
2004-07-29T02:40:00,43344099999,TIRUCHIRAPPALLI,10.767,78.717,27.0,,74.14
2004-07-29T03:00:00,43344099999,TIRUCHIRAPPALLI,10.767,78.717,28.6,1007.4,69.19
2004-07-29T04:40:00,43344099999,TIRUCHIRAPPALLI,10.767,78.717,31.0,,58.81
2004-07-29T05:40:00,43344099999,TIRUCHIRAPPALLI,10.767,78.717,31.0,,58.81
2004-07-29T06:00:00,43344099999,TIRUCHIRAPPALLI,10.767,78.717,31.4,1007.3,61.09
2004-07-29T06:40:00,43344099999,TIRUCHIRAPPALLI,10.767,78.717,32.0,,59.04
2004-07-29T07:40:00,43344099999,TIRUCHIRAPPALLI,10.767,78.717,32.0,,52.27
2004-07-29T08:40:00,43344099999,TIRUCHIRAPPALLI,10.767,78.717,33.0,,52.52
2004-07-29T09:00:00,43344099999,TIRUCHIRAPPALLI,10.767,78.717,33.2,1004.8,52.25
2004-07-29T09:40:00,43344099999,TIRUCHIRAPPALLI,10.767,78.717,33.0,,52.52
2004-07-29T10:40:00,43344099999,TIRUCHIRAPPALLI,10.767,78.717,33.0,,52.52
2004-07-29T11:40:00,43344099999,TIRUCHIRAPPALLI,10.767,78.717,33.0,,52.52
2004-07-29T12:00:00,43344099999,TIRUCHIRAPPALLI,10.767,78.717,32.6,1004.7,49.6
2004-07-29T12:40:00,43344099999,TIRUCHIRAPPALLI,10.767,78.717,32.0,,55.56
2004-07-29T15:00:00,43344099999,TIRUCHIRAPPALLI,10.767,78.717,29.0,1007.5,69.69
2004-07-29T18:00:00,43344099999,TIRUCHIRAPPALLI,10.767,78.717,28.4,1008.6,66.26
2004-07-29T20:40:00,43344099999,TIRUCHIRAPPALLI,10.767,78.717,28.0,,69.92
2004-07-29T21:00:00,43344099999,TIRUCHIRAPPALLI,10.767,78.717,27.6,1007.1,71.58
2004-07-29T21:40:00,43344099999,TIRUCHIRAPPALLI,10.767,78.717,28.0,,69.92
2004-07-30T00:00:00,43344099999,TIRUCHIRAPPALLI,10.767,78.717,26.8,1007.2,79.71
2004-07-30T00:40:00,43344099999,TIRUCHIRAPPALLI,10.767,78.717,27.0,,78.78
2004-07-30T01:40:00,43344099999,TIRUCHIRAPPALLI,10.767,78.717,28.0,,74.3
2004-07-30T03:00:00,43344099999,TIRUCHIRAPPALLI,10.767,78.717,28.6,1009.5,66.7
2004-07-30T03:40:00,43344099999,TIRUCHIRAPPALLI,10.767,78.717,30.0,,62.28
2004-07-30T04:40:00,43344099999,TIRUCHIRAPPALLI,10.767,78.717,31.0,,55.32
2004-07-30T06:00:00,43344099999,TIRUCHIRAPPALLI,10.767,78.717,32.8,1008.8,51.83
2004-07-30T06:40:00,43344099999,TIRUCHIRAPPALLI,10.767,78.717,34.0,,49.66
2004-07-30T07:40:00,43344099999,TIRUCHIRAPPALLI,10.767,78.717,35.0,,46.97
2004-07-30T08:40:00,43344099999,TIRUCHIRAPPALLI,10.767,78.717,35.0,,46.97
2004-07-30T09:00:00,43344099999,TIRUCHIRAPPALLI,10.767,78.717,35.4,1005.9,44.02
2004-07-30T09:40:00,43344099999,TIRUCHIRAPPALLI,10.767,78.717,35.0,,46.97
2004-07-30T10:40:00,43344099999,TIRUCHIRAPPALLI,10.767,78.717,34.0,,49.66
2004-07-30T11:40:00,43344099999,TIRUCHIRAPPALLI,10.767,78.717,34.0,,49.66
2004-07-30T12:00:00,43344099999,TIRUCHIRAPPALLI,10.767,78.717,33.0,1005.4,52.2
2004-07-30T12:40:00,43344099999,TIRUCHIRAPPALLI,10.767,78.717,32.0,,52.27
2004-07-30T15:00:00,43344099999,TIRUCHIRAPPALLI,10.767,78.717,31.4,1008.6,55.08
2004-07-30T18:00:00,43344099999,TIRUCHIRAPPALLI,10.767,78.717,28.0,1009.3,70.35
2004-07-30T21:00:00,43344099999,TIRUCHIRAPPALLI,10.767,78.717,28.0,1007.7,66.18
2004-07-31T00:00:00,43344099999,TIRUCHIRAPPALLI,10.767,78.717,27.2,1007.8,68.5
2004-07-31T00:40:00,43344099999,TIRUCHIRAPPALLI,10.767,78.717,27.0,,69.74
2004-07-31T01:40:00,43344099999,TIRUCHIRAPPALLI,10.767,78.717,29.0,,65.98
2004-07-31T02:40:00,43344099999,TIRUCHIRAPPALLI,10.767,78.717,29.0,,65.98
2004-07-31T03:00:00,43344099999,TIRUCHIRAPPALLI,10.767,78.717,28.6,1010.0,66.7
2004-07-31T03:40:00,43344099999,TIRUCHIRAPPALLI,10.767,78.717,29.0,,65.98
2004-07-31T04:40:00,43344099999,TIRUCHIRAPPALLI,10.767,78.717,30.0,,58.58
2004-07-31T05:40:00,43344099999,TIRUCHIRAPPALLI,10.767,78.717,32.0,,49.14
2004-07-31T06:00:00,43344099999,TIRUCHIRAPPALLI,10.767,78.717,31.6,1009.3,56.49
2004-07-31T06:40:00,43344099999,TIRUCHIRAPPALLI,10.767,78.717,33.0,,52.52
2004-07-31T07:40:00,43344099999,TIRUCHIRAPPALLI,10.767,78.717,34.0,,49.66
2004-07-31T09:00:00,43344099999,TIRUCHIRAPPALLI,10.767,78.717,33.4,1007.2,50.11
2004-07-31T10:40:00,43344099999,TIRUCHIRAPPALLI,10.767,78.717,34.0,,49.66
2004-07-31T12:00:00,43344099999,TIRUCHIRAPPALLI,10.767,78.717,33.8,1005.4,43.32
2004-07-31T12:40:00,43344099999,TIRUCHIRAPPALLI,10.767,78.717,33.0,,43.65
2004-07-31T14:40:00,43344099999,TIRUCHIRAPPALLI,10.767,78.717,31.0,,52.01
2004-07-31T15:00:00,43344099999,TIRUCHIRAPPALLI,10.767,78.717,31.2,1008.7,50.48
2004-07-31T18:00:00,43344099999,TIRUCHIRAPPALLI,10.767,78.717,29.4,1009.7,55.62
2004-07-31T20:40:00,43344099999,TIRUCHIRAPPALLI,10.767,78.717,28.0,,74.3
2004-07-31T21:00:00,43344099999,TIRUCHIRAPPALLI,10.767,78.717,28.0,1008.7,70.35
2004-07-31T21:40:00,43344099999,TIRUCHIRAPPALLI,10.767,78.717,28.0,,74.3
2004-07-31T22:40:00,43344099999,TIRUCHIRAPPALLI,10.767,78.717,27.0,,78.78
2004-07-31T23:40:00,43344099999,TIRUCHIRAPPALLI,10.767,78.717,27.0,,78.78
2004-08-01T00:00:00,43344099999,TIRUCHIRAPPALLI,10.767,78.717,27.4,1008.6,60.18
2004-08-01T00:40:00,43344099999,TIRUCHIRAPPALLI,10.767,78.717,27.0,,65.56
2004-08-01T01:40:00,43344099999,TIRUCHIRAPPALLI,10.767,78.717,28.0,,58.11
2004-08-01T03:00:00,43344099999,TIRUCHIRAPPALLI,10.767,78.717,28.4,1009.1,57.49
2004-08-01T03:40:00,43344099999,TIRUCHIRAPPALLI,10.767,78.717,29.0,,58.35
2004-08-01T05:40:00,43344099999,TIRUCHIRAPPALLI,10.767,78.717,32.0,,49.14
2004-08-01T06:00:00,43344099999,TIRUCHIRAPPALLI,10.767,78.717,33.4,1007.4,48.01
2004-08-01T06:40:00,43344099999,TIRUCHIRAPPALLI,10.767,78.717,34.0,,46.71
2004-08-01T07:40:00,43344099999,TIRUCHIRAPPALLI,10.767,78.717,34.0,,46.71
2004-08-01T08:40:00,43344099999,TIRUCHIRAPPALLI,10.767,78.717,35.0,,44.18
2004-08-01T09:00:00,43344099999,TIRUCHIRAPPALLI,10.767,78.717,34.4,1005.2,45.96
2004-08-01T10:40:00,43344099999,TIRUCHIRAPPALLI,10.767,78.717,33.0,,43.65
2004-08-01T12:00:00,43344099999,TIRUCHIRAPPALLI,10.767,78.717,32.0,1004.9,44.76
2004-08-01T12:40:00,43344099999,TIRUCHIRAPPALLI,10.767,78.717,31.0,,52.01
2004-08-01T13:40:00,43344099999,TIRUCHIRAPPALLI,10.767,78.717,30.0,,58.58
2004-08-01T15:00:00,43344099999,TIRUCHIRAPPALLI,10.767,78.717,30.4,1006.5,47.22
2004-08-01T15:40:00,43344099999,TIRUCHIRAPPALLI,10.767,78.717,30.0,,55.08
2004-08-01T16:40:00,43344099999,TIRUCHIRAPPALLI,10.767,78.717,30.0,,55.08
2004-08-01T18:00:00,43344099999,TIRUCHIRAPPALLI,10.767,78.717,28.8,1007.2,52.76
2004-08-01T18:40:00,43344099999,TIRUCHIRAPPALLI,10.767,78.717,29.0,,58.35
2004-08-01T20:40:00,43344099999,TIRUCHIRAPPALLI,10.767,78.717,28.0,,61.84
2004-08-01T21:00:00,43344099999,TIRUCHIRAPPALLI,10.767,78.717,27.6,1005.5,59.11
2004-08-01T22:40:00,43344099999,TIRUCHIRAPPALLI,10.767,78.717,27.0,,65.56
2004-08-01T23:40:00,43344099999,TIRUCHIRAPPALLI,10.767,78.717,27.0,,65.56
2004-08-02T00:00:00,43344099999,TIRUCHIRAPPALLI,10.767,78.717,27.0,1005.6,62.78
2004-08-02T00:40:00,43344099999,TIRUCHIRAPPALLI,10.767,78.717,27.0,,65.56
2004-08-02T01:40:00,43344099999,TIRUCHIRAPPALLI,10.767,78.717,27.0,,65.56
2004-08-02T02:40:00,43344099999,TIRUCHIRAPPALLI,10.767,78.717,28.0,,65.77
2004-08-02T03:00:00,43344099999,TIRUCHIRAPPALLI,10.767,78.717,29.4,1006.5,60.64
2004-08-02T03:40:00,43344099999,TIRUCHIRAPPALLI,10.767,78.717,30.0,,58.58
2004-08-02T06:00:00,43344099999,TIRUCHIRAPPALLI,10.767,78.717,32.0,1005.8,50.06
2004-08-02T06:40:00,43344099999,TIRUCHIRAPPALLI,10.767,78.717,33.0,,49.4
2004-08-02T07:40:00,43344099999,TIRUCHIRAPPALLI,10.767,78.717,33.0,,46.44
2004-08-02T08:40:00,43344099999,TIRUCHIRAPPALLI,10.767,78.717,33.0,,46.44
2004-08-02T09:00:00,43344099999,TIRUCHIRAPPALLI,10.767,78.717,33.6,1003.8,45.19
2004-08-02T09:40:00,43344099999,TIRUCHIRAPPALLI,10.767,78.717,34.0,,43.91
2004-08-02T10:40:00,43344099999,TIRUCHIRAPPALLI,10.767,78.717,33.0,,46.44
2004-08-02T11:40:00,43344099999,TIRUCHIRAPPALLI,10.767,78.717,32.0,,49.14
2004-08-02T12:00:00,43344099999,TIRUCHIRAPPALLI,10.767,78.717,32.6,1002.9,46.34
2004-08-02T15:00:00,43344099999,TIRUCHIRAPPALLI,10.767,78.717,30.4,1004.5,50.9
2004-08-02T16:40:00,43344099999,TIRUCHIRAPPALLI,10.767,78.717,29.0,,58.35
2004-08-02T18:00:00,43344099999,TIRUCHIRAPPALLI,10.767,78.717,28.6,1005.6,57.53
2004-08-02T21:00:00,43344099999,TIRUCHIRAPPALLI,10.767,78.717,27.4,1004.2,67.29
2004-08-03T00:00:00,43344099999,TIRUCHIRAPPALLI,10.767,78.717,27.0,1003.4,66.79
2004-08-03T01:40:00,43344099999,TIRUCHIRAPPALLI,10.767,78.717,28.0,,65.77
2004-08-03T02:40:00,43344099999,TIRUCHIRAPPALLI,10.767,78.717,30.0,,58.58
2004-08-03T03:00:00,43344099999,TIRUCHIRAPPALLI,10.767,78.717,29.8,1004.6,61.1
2004-08-03T03:40:00,43344099999,TIRUCHIRAPPALLI,10.767,78.717,31.0,,55.32
2004-08-03T04:40:00,43344099999,TIRUCHIRAPPALLI,10.767,78.717,32.0,,52.27
2004-08-03T05:40:00,43344099999,TIRUCHIRAPPALLI,10.767,78.717,33.0,,49.4
2004-08-03T06:00:00,43344099999,TIRUCHIRAPPALLI,10.767,78.717,33.0,1003.8,47.61
2004-08-03T06:40:00,43344099999,TIRUCHIRAPPALLI,10.767,78.717,33.0,,49.4
2004-08-03T07:40:00,43344099999,TIRUCHIRAPPALLI,10.767,78.717,33.0,,46.44
2004-08-03T08:40:00,43344099999,TIRUCHIRAPPALLI,10.767,78.717,33.0,,46.44
2004-08-03T09:00:00,43344099999,TIRUCHIRAPPALLI,10.767,78.717,30.0,1002.4,64.99
2004-08-03T09:40:00,43344099999,TIRUCHIRAPPALLI,10.767,78.717,30.0,,66.18
2004-08-03T10:40:00,43344099999,TIRUCHIRAPPALLI,10.767,78.717,30.0,,66.18
2004-08-03T11:40:00,43344099999,TIRUCHIRAPPALLI,10.767,78.717,30.0,,62.28
2004-08-03T12:00:00,43344099999,TIRUCHIRAPPALLI,10.767,78.717,29.6,1002.6,59.58
2004-08-03T12:40:00,43344099999,TIRUCHIRAPPALLI,10.767,78.717,29.0,,62.06
2004-08-03T15:00:00,43344099999,TIRUCHIRAPPALLI,10.767,78.717,27.4,1004.8,62.86
2004-08-03T15:40:00,43344099999,TIRUCHIRAPPALLI,10.767,78.717,27.0,,65.56
2004-08-03T16:40:00,43344099999,TIRUCHIRAPPALLI,10.767,78.717,27.0,,69.74
2004-08-03T18:00:00,43344099999,TIRUCHIRAPPALLI,10.767,78.717,26.6,1005.2,72.28
2004-08-03T20:40:00,43344099999,TIRUCHIRAPPALLI,10.767,78.717,26.0,,73.97
2004-08-03T21:00:00,43344099999,TIRUCHIRAPPALLI,10.767,78.717,26.4,1003.1,73.59
2004-08-03T21:40:00,43344099999,TIRUCHIRAPPALLI,10.767,78.717,26.0,,78.64
2004-08-03T22:40:00,43344099999,TIRUCHIRAPPALLI,10.767,78.717,26.0,,78.64
2004-08-04T00:00:00,43344099999,TIRUCHIRAPPALLI,10.767,78.717,26.4,1003.8,73.59
2004-08-04T00:40:00,43344099999,TIRUCHIRAPPALLI,10.767,78.717,26.0,,73.97
2004-08-04T01:40:00,43344099999,TIRUCHIRAPPALLI,10.767,78.717,27.0,,65.56
2004-08-04T02:40:00,43344099999,TIRUCHIRAPPALLI,10.767,78.717,27.0,,65.56
2004-08-04T03:00:00,43344099999,TIRUCHIRAPPALLI,10.767,78.717,26.6,1005.0,72.28
2004-08-04T04:40:00,43344099999,TIRUCHIRAPPALLI,10.767,78.717,29.0,,65.98
2004-08-04T05:40:00,43344099999,TIRUCHIRAPPALLI,10.767,78.717,31.0,,58.81
2004-08-04T06:00:00,43344099999,TIRUCHIRAPPALLI,10.767,78.717,31.0,1004.3,54.65
2004-08-04T06:40:00,43344099999,TIRUCHIRAPPALLI,10.767,78.717,32.0,,55.56
2004-08-04T09:00:00,43344099999,TIRUCHIRAPPALLI,10.767,78.717,33.0,1002.2,48.79
2004-08-04T10:40:00,43344099999,TIRUCHIRAPPALLI,10.767,78.717,33.0,,49.4
2004-08-04T11:40:00,43344099999,TIRUCHIRAPPALLI,10.767,78.717,31.0,,52.01
2004-08-04T12:00:00,43344099999,TIRUCHIRAPPALLI,10.767,78.717,30.6,1002.0,54.55
2004-08-04T12:40:00,43344099999,TIRUCHIRAPPALLI,10.767,78.717,30.0,,58.58
2004-08-04T13:40:00,43344099999,TIRUCHIRAPPALLI,10.767,78.717,29.0,,62.06
2004-08-04T14:40:00,43344099999,TIRUCHIRAPPALLI,10.767,78.717,29.0,,62.06
2004-08-04T15:00:00,43344099999,TIRUCHIRAPPALLI,10.767,78.717,28.4,1004.1,61.17
2004-08-04T15:40:00,43344099999,TIRUCHIRAPPALLI,10.767,78.717,28.0,,65.77
2004-08-04T16:40:00,43344099999,TIRUCHIRAPPALLI,10.767,78.717,28.0,,65.77
2004-08-04T17:40:00,43344099999,TIRUCHIRAPPALLI,10.767,78.717,28.0,,65.77
2004-08-04T18:00:00,43344099999,TIRUCHIRAPPALLI,10.767,78.717,28.4,1005.0,56.07
2004-08-04T18:40:00,43344099999,TIRUCHIRAPPALLI,10.767,78.717,28.0,,58.11
2004-08-04T20:40:00,43344099999,TIRUCHIRAPPALLI,10.767,78.717,27.0,,65.56
2004-08-04T21:00:00,43344099999,TIRUCHIRAPPALLI,10.767,78.717,27.4,1003.3,62.86
2004-08-04T23:40:00,43344099999,TIRUCHIRAPPALLI,10.767,78.717,28.0,,65.77
2004-08-05T00:00:00,43344099999,TIRUCHIRAPPALLI,10.767,78.717,28.4,1004.1,58.57
2004-08-05T02:40:00,43344099999,TIRUCHIRAPPALLI,10.767,78.717,29.0,,62.06
2004-08-05T03:00:00,43344099999,TIRUCHIRAPPALLI,10.767,78.717,29.0,1005.7,62.83
2004-08-05T04:40:00,43344099999,TIRUCHIRAPPALLI,10.767,78.717,32.0,,52.27
2004-08-05T05:40:00,43344099999,TIRUCHIRAPPALLI,10.767,78.717,33.0,,46.44
2004-08-05T06:00:00,43344099999,TIRUCHIRAPPALLI,10.767,78.717,34.0,1005.0,49.66
2004-08-05T06:40:00,43344099999,TIRUCHIRAPPALLI,10.767,78.717,34.0,,46.71
2004-08-05T07:40:00,43344099999,TIRUCHIRAPPALLI,10.767,78.717,34.0,,49.66
2004-08-05T08:40:00,43344099999,TIRUCHIRAPPALLI,10.767,78.717,34.0,,49.66
2004-08-05T09:00:00,43344099999,TIRUCHIRAPPALLI,10.767,78.717,35.4,1002.6,42.16
2004-08-05T09:40:00,43344099999,TIRUCHIRAPPALLI,10.767,78.717,35.0,,46.97
2004-08-05T11:40:00,43344099999,TIRUCHIRAPPALLI,10.767,78.717,34.0,,46.71
2004-08-05T12:00:00,43344099999,TIRUCHIRAPPALLI,10.767,78.717,32.6,1003.0,48.39
2004-08-05T13:40:00,43344099999,TIRUCHIRAPPALLI,10.767,78.717,31.0,,55.32
2004-08-05T18:00:00,43344099999,TIRUCHIRAPPALLI,10.767,78.717,28.4,1006.9,66.26
2004-08-05T19:40:00,43344099999,TIRUCHIRAPPALLI,10.767,78.717,28.0,,69.92
2004-08-05T20:40:00,43344099999,TIRUCHIRAPPALLI,10.767,78.717,28.0,,69.92
2004-08-05T21:00:00,43344099999,TIRUCHIRAPPALLI,10.767,78.717,28.0,1005.6,67.41
2004-08-05T21:40:00,43344099999,TIRUCHIRAPPALLI,10.767,78.717,28.0,,69.92
2004-08-05T22:40:00,43344099999,TIRUCHIRAPPALLI,10.767,78.717,28.0,,69.92
2004-08-05T23:40:00,43344099999,TIRUCHIRAPPALLI,10.767,78.717,27.0,,74.14
2004-08-06T00:00:00,43344099999,TIRUCHIRAPPALLI,10.767,78.717,27.0,1006.6,72.35
2004-08-06T00:40:00,43344099999,TIRUCHIRAPPALLI,10.767,78.717,27.0,,74.14
2004-08-06T01:40:00,43344099999,TIRUCHIRAPPALLI,10.767,78.717,27.0,,74.14
2004-08-06T02:40:00,43344099999,TIRUCHIRAPPALLI,10.767,78.717,28.0,,65.77
2004-08-06T03:00:00,43344099999,TIRUCHIRAPPALLI,10.767,78.717,29.4,1007.7,64.47
2004-08-06T03:40:00,43344099999,TIRUCHIRAPPALLI,10.767,78.717,29.0,,70.11
2004-08-06T06:00:00,43344099999,TIRUCHIRAPPALLI,10.767,78.717,31.4,1006.9,57.49
2004-08-06T07:40:00,43344099999,TIRUCHIRAPPALLI,10.767,78.717,33.0,,52.52
2004-08-06T08:40:00,43344099999,TIRUCHIRAPPALLI,10.767,78.717,34.0,,46.71
2004-08-06T09:00:00,43344099999,TIRUCHIRAPPALLI,10.767,78.717,36.4,1003.7,41.15
2004-08-06T09:40:00,43344099999,TIRUCHIRAPPALLI,10.767,78.717,36.0,,44.45
2004-08-06T10:40:00,43344099999,TIRUCHIRAPPALLI,10.767,78.717,36.0,,44.45
2004-08-06T12:00:00,43344099999,TIRUCHIRAPPALLI,10.767,78.717,27.6,1004.3,88.88
2004-08-06T14:40:00,43344099999,TIRUCHIRAPPALLI,10.767,78.717,28.0,,65.77
2004-08-06T15:00:00,43344099999,TIRUCHIRAPPALLI,10.767,78.717,28.2,1006.8,73.0
2004-08-06T15:40:00,43344099999,TIRUCHIRAPPALLI,10.767,78.717,28.0,,74.3
2004-08-06T16:40:00,43344099999,TIRUCHIRAPPALLI,10.767,78.717,28.0,,74.3
2004-08-06T18:00:00,43344099999,TIRUCHIRAPPALLI,10.767,78.717,27.2,1008.1,75.54
2004-08-06T18:40:00,43344099999,TIRUCHIRAPPALLI,10.767,78.717,27.0,,78.78
2004-08-06T20:40:00,43344099999,TIRUCHIRAPPALLI,10.767,78.717,26.0,,83.57
2004-08-06T21:00:00,43344099999,TIRUCHIRAPPALLI,10.767,78.717,26.4,1007.4,81.12
2004-08-06T23:40:00,43344099999,TIRUCHIRAPPALLI,10.767,78.717,26.0,,83.57
2004-08-07T00:00:00,43344099999,TIRUCHIRAPPALLI,10.767,78.717,25.5,1007.4,84.53
2004-08-07T00:40:00,43344099999,TIRUCHIRAPPALLI,10.767,78.717,25.0,,88.68
2004-08-07T01:40:00,43344099999,TIRUCHIRAPPALLI,10.767,78.717,27.0,,74.14
2004-08-07T02:40:00,43344099999,TIRUCHIRAPPALLI,10.767,78.717,28.0,,69.92
2004-08-07T03:00:00,43344099999,TIRUCHIRAPPALLI,10.767,78.717,27.4,1009.4,74.2
2004-08-07T03:40:00,43344099999,TIRUCHIRAPPALLI,10.767,78.717,29.0,,65.98
2004-08-07T04:40:00,43344099999,TIRUCHIRAPPALLI,10.767,78.717,29.0,,65.98
2004-08-07T05:40:00,43344099999,TIRUCHIRAPPALLI,10.767,78.717,30.0,,62.28
2004-08-07T06:00:00,43344099999,TIRUCHIRAPPALLI,10.767,78.717,31.0,1008.8,65.59
2004-08-07T06:40:00,43344099999,TIRUCHIRAPPALLI,10.767,78.717,31.0,,62.5
2004-08-07T07:40:00,43344099999,TIRUCHIRAPPALLI,10.767,78.717,32.0,,59.04
2004-08-07T08:40:00,43344099999,TIRUCHIRAPPALLI,10.767,78.717,33.0,,52.52
2004-08-07T09:00:00,43344099999,TIRUCHIRAPPALLI,10.767,78.717,34.4,1005.6,45.96
2004-08-07T10:40:00,43344099999,TIRUCHIRAPPALLI,10.767,78.717,33.0,,52.52
2004-08-07T11:40:00,43344099999,TIRUCHIRAPPALLI,10.767,78.717,31.0,,55.32
2004-08-07T12:00:00,43344099999,TIRUCHIRAPPALLI,10.767,78.717,30.2,1005.4,63.86
2004-08-07T12:40:00,43344099999,TIRUCHIRAPPALLI,10.767,78.717,30.0,,66.18
2004-08-07T13:40:00,43344099999,TIRUCHIRAPPALLI,10.767,78.717,30.0,,66.18
2004-08-07T14:40:00,43344099999,TIRUCHIRAPPALLI,10.767,78.717,29.0,,70.11
2004-08-07T15:00:00,43344099999,TIRUCHIRAPPALLI,10.767,78.717,30.0,1007.9,58.58
2004-08-07T15:40:00,43344099999,TIRUCHIRAPPALLI,10.767,78.717,29.0,,70.11
2004-08-07T16:40:00,43344099999,TIRUCHIRAPPALLI,10.767,78.717,29.0,,65.98
2004-08-07T18:00:00,43344099999,TIRUCHIRAPPALLI,10.767,78.717,28.4,1009.4,61.17
2004-08-07T18:40:00,43344099999,TIRUCHIRAPPALLI,10.767,78.717,28.0,,65.77
2004-08-07T20:40:00,43344099999,TIRUCHIRAPPALLI,10.767,78.717,28.0,,65.77
2004-08-07T21:00:00,43344099999,TIRUCHIRAPPALLI,10.767,78.717,27.4,1007.1,69.81
2004-08-07T22:40:00,43344099999,TIRUCHIRAPPALLI,10.767,78.717,27.0,,74.14
2004-08-07T23:40:00,43344099999,TIRUCHIRAPPALLI,10.767,78.717,27.0,,74.14
2004-08-08T00:00:00,43344099999,TIRUCHIRAPPALLI,10.767,78.717,27.0,1007.7,75.5
2004-08-08T00:40:00,43344099999,TIRUCHIRAPPALLI,10.767,78.717,27.0,,74.14
2004-08-08T01:40:00,43344099999,TIRUCHIRAPPALLI,10.767,78.717,27.0,,74.14
2004-08-08T02:40:00,43344099999,TIRUCHIRAPPALLI,10.767,78.717,28.0,,69.92
2004-08-08T03:00:00,43344099999,TIRUCHIRAPPALLI,10.767,78.717,27.6,1009.8,69.85
2004-08-08T03:40:00,43344099999,TIRUCHIRAPPALLI,10.767,78.717,29.0,,62.06
2004-08-08T04:40:00,43344099999,TIRUCHIRAPPALLI,10.767,78.717,31.0,,55.32
2004-08-08T05:40:00,43344099999,TIRUCHIRAPPALLI,10.767,78.717,33.0,,49.4
2004-08-08T06:00:00,43344099999,TIRUCHIRAPPALLI,10.767,78.717,33.6,1008.7,51.4
2004-08-08T06:40:00,43344099999,TIRUCHIRAPPALLI,10.767,78.717,34.0,,49.66
2004-08-08T08:40:00,43344099999,TIRUCHIRAPPALLI,10.767,78.717,35.0,,46.97
2004-08-08T09:00:00,43344099999,TIRUCHIRAPPALLI,10.767,78.717,35.2,1006.6,45.89
2004-08-08T10:40:00,43344099999,TIRUCHIRAPPALLI,10.767,78.717,35.0,,49.91
2004-08-08T12:00:00,43344099999,TIRUCHIRAPPALLI,10.767,78.717,34.0,1006.1,41.53
2004-08-08T14:40:00,43344099999,TIRUCHIRAPPALLI,10.767,78.717,31.0,,55.32
2004-08-08T15:00:00,43344099999,TIRUCHIRAPPALLI,10.767,78.717,30.6,1008.8,55.57
2004-08-08T15:40:00,43344099999,TIRUCHIRAPPALLI,10.767,78.717,30.0,,62.28
2004-08-08T16:40:00,43344099999,TIRUCHIRAPPALLI,10.767,78.717,29.0,,65.98
2004-08-08T17:40:00,43344099999,TIRUCHIRAPPALLI,10.767,78.717,29.0,,62.06
2004-08-08T18:00:00,43344099999,TIRUCHIRAPPALLI,10.767,78.717,28.8,1010.2,60.13
2004-08-08T18:40:00,43344099999,TIRUCHIRAPPALLI,10.767,78.717,29.0,,62.06
2004-08-08T20:40:00,43344099999,TIRUCHIRAPPALLI,10.767,78.717,28.0,,65.77
2004-08-08T21:00:00,43344099999,TIRUCHIRAPPALLI,10.767,78.717,27.6,1008.2,67.33
2004-08-08T21:40:00,43344099999,TIRUCHIRAPPALLI,10.767,78.717,27.0,,69.74
2004-08-08T22:40:00,43344099999,TIRUCHIRAPPALLI,10.767,78.717,27.0,,69.74
2004-08-08T23:40:00,43344099999,TIRUCHIRAPPALLI,10.767,78.717,27.0,,69.74
2004-08-09T00:00:00,43344099999,TIRUCHIRAPPALLI,10.767,78.717,26.6,1008.5,69.23
2004-08-09T00:40:00,43344099999,TIRUCHIRAPPALLI,10.767,78.717,27.0,,69.74
2004-08-09T02:40:00,43344099999,TIRUCHIRAPPALLI,10.767,78.717,28.0,,65.77
2004-08-09T03:00:00,43344099999,TIRUCHIRAPPALLI,10.767,78.717,29.0,1010.6,64.38
2004-08-09T05:40:00,43344099999,TIRUCHIRAPPALLI,10.767,78.717,34.0,,46.71
2004-08-09T06:00:00,43344099999,TIRUCHIRAPPALLI,10.767,78.717,34.0,1008.7,46.71
2004-08-09T06:40:00,43344099999,TIRUCHIRAPPALLI,10.767,78.717,35.0,,46.97
2004-08-09T07:40:00,43344099999,TIRUCHIRAPPALLI,10.767,78.717,35.0,,49.91
2004-08-09T08:40:00,43344099999,TIRUCHIRAPPALLI,10.767,78.717,36.0,,44.45
2004-08-09T09:00:00,43344099999,TIRUCHIRAPPALLI,10.767,78.717,36.4,1005.8,40.4
2004-08-09T11:40:00,43344099999,TIRUCHIRAPPALLI,10.767,78.717,36.0,,41.81
2004-08-09T12:00:00,43344099999,TIRUCHIRAPPALLI,10.77,78.72,36.4,1005.1,36.82
2004-08-09T13:40:00,43344099999,TIRUCHIRAPPALLI,10.77,78.72,33.0,,49.4
2004-08-09T15:00:00,43344099999,TIRUCHIRAPPALLI,10.77,78.72,32.6,1007.6,47.5
2004-08-09T15:40:00,43344099999,TIRUCHIRAPPALLI,10.77,78.72,32.0,,52.27
2004-08-09T18:00:00,43344099999,TIRUCHIRAPPALLI,10.77,78.72,30.8,1009.7,53.6
2004-08-09T18:40:00,43344099999,TIRUCHIRAPPALLI,10.77,78.72,30.0,,58.58
2004-08-09T20:40:00,43344099999,TIRUCHIRAPPALLI,10.77,78.72,28.0,,65.77
2004-08-09T21:00:00,43344099999,TIRUCHIRAPPALLI,10.77,78.72,28.0,1008.3,66.18
2004-08-10T00:00:00,43344099999,TIRUCHIRAPPALLI,10.77,78.72,27.7,1008.3,70.29
2004-08-10T01:40:00,43344099999,TIRUCHIRAPPALLI,10.77,78.72,28.0,,69.92
2004-08-10T02:40:00,43344099999,TIRUCHIRAPPALLI,10.77,78.72,28.0,,69.92
2004-08-10T03:00:00,43344099999,TIRUCHIRAPPALLI,10.77,78.72,28.6,1009.8,69.19
2004-08-10T03:40:00,43344099999,TIRUCHIRAPPALLI,10.77,78.72,30.0,,62.28
2004-08-10T04:40:00,43344099999,TIRUCHIRAPPALLI,10.77,78.72,32.0,,52.27
2004-08-10T05:40:00,43344099999,TIRUCHIRAPPALLI,10.77,78.72,33.0,,46.44
2004-08-10T06:00:00,43344099999,TIRUCHIRAPPALLI,10.77,78.72,34.4,1008.9,44.02
2004-08-10T06:40:00,43344099999,TIRUCHIRAPPALLI,10.77,78.72,35.0,,44.18
2004-08-10T07:40:00,43344099999,TIRUCHIRAPPALLI,10.77,78.72,36.0,,41.81
2004-08-10T08:40:00,43344099999,TIRUCHIRAPPALLI,10.77,78.72,37.0,,42.08
2004-08-10T09:00:00,43344099999,TIRUCHIRAPPALLI,10.77,78.72,36.6,1006.2,40.45
2004-08-10T09:40:00,43344099999,TIRUCHIRAPPALLI,10.77,78.72,37.0,,42.08
2004-08-10T10:40:00,43344099999,TIRUCHIRAPPALLI,10.77,78.72,36.0,,44.45
2004-08-10T11:40:00,43344099999,TIRUCHIRAPPALLI,10.77,78.72,36.0,,44.45
2004-08-10T12:00:00,43344099999,TIRUCHIRAPPALLI,10.77,78.72,36.8,1005.2,37.16
2004-08-10T14:40:00,43344099999,TIRUCHIRAPPALLI,10.77,78.72,33.0,,46.44
2004-08-10T15:00:00,43344099999,TIRUCHIRAPPALLI,10.77,78.72,33.0,1007.2,44.75
2004-08-10T15:40:00,43344099999,TIRUCHIRAPPALLI,10.77,78.72,32.0,,52.27
2004-08-10T16:40:00,43344099999,TIRUCHIRAPPALLI,10.77,78.72,32.0,,52.27
2004-08-10T18:00:00,43344099999,TIRUCHIRAPPALLI,10.77,78.72,30.0,1009.6,52.74
2004-08-10T18:40:00,43344099999,TIRUCHIRAPPALLI,10.77,78.72,30.0,,55.08
2004-08-10T20:40:00,43344099999,TIRUCHIRAPPALLI,10.77,78.72,28.0,,61.84
2004-08-10T21:00:00,43344099999,TIRUCHIRAPPALLI,10.77,78.72,28.0,1008.0,60.7
2004-08-10T21:40:00,43344099999,TIRUCHIRAPPALLI,10.77,78.72,28.0,,65.77
2004-08-10T22:40:00,43344099999,TIRUCHIRAPPALLI,10.77,78.72,27.0,,69.74
2004-08-10T23:40:00,43344099999,TIRUCHIRAPPALLI,10.77,78.72,27.0,,69.74
2004-08-11T00:00:00,43344099999,TIRUCHIRAPPALLI,10.77,78.72,27.4,1008.3,67.29
2004-08-11T00:40:00,43344099999,TIRUCHIRAPPALLI,10.77,78.72,27.0,,69.74
2004-08-11T01:40:00,43344099999,TIRUCHIRAPPALLI,10.77,78.72,27.0,,69.74
2004-08-11T03:00:00,43344099999,TIRUCHIRAPPALLI,10.77,78.72,29.0,1009.8,62.83
2004-08-11T03:40:00,43344099999,TIRUCHIRAPPALLI,10.77,78.72,30.0,,58.58
2004-08-11T04:40:00,43344099999,TIRUCHIRAPPALLI,10.77,78.72,32.0,,52.27
2004-08-11T05:40:00,43344099999,TIRUCHIRAPPALLI,10.767,78.717,33.0,,46.44
2004-08-11T06:00:00,43344099999,TIRUCHIRAPPALLI,10.767,78.717,33.2,1008.5,46.78
2004-08-11T07:40:00,43344099999,TIRUCHIRAPPALLI,10.767,78.717,35.0,,39.04
2004-08-11T08:40:00,43344099999,TIRUCHIRAPPALLI,10.767,78.717,36.0,,36.94
2004-08-11T09:00:00,43344099999,TIRUCHIRAPPALLI,10.767,78.717,35.6,1006.0,39.44
2004-08-11T09:40:00,43344099999,TIRUCHIRAPPALLI,10.767,78.717,36.0,,41.81
2004-08-11T11:40:00,43344099999,TIRUCHIRAPPALLI,10.767,78.717,36.0,,39.31
2004-08-11T12:00:00,43344099999,TIRUCHIRAPPALLI,10.767,78.717,35.2,1005.6,40.83
2004-08-11T12:40:00,43344099999,TIRUCHIRAPPALLI,10.767,78.717,34.0,,46.71
2004-08-11T15:00:00,43344099999,TIRUCHIRAPPALLI,10.767,78.717,31.4,1008.0,50.53
2004-08-11T18:00:00,43344099999,TIRUCHIRAPPALLI,10.767,78.717,29.4,1009.3,55.62
2004-08-11T18:40:00,43344099999,TIRUCHIRAPPALLI,10.767,78.717,29.0,,65.98
2004-08-11T21:00:00,43344099999,TIRUCHIRAPPALLI,10.767,78.717,28.4,1008.3,77.57
2004-08-12T00:00:00,43344099999,TIRUCHIRAPPALLI,10.77,78.72,27.4,1008.3,67.29
2004-08-12T01:40:00,43344099999,TIRUCHIRAPPALLI,10.77,78.72,28.0,,65.77
2004-08-12T02:40:00,43344099999,TIRUCHIRAPPALLI,10.77,78.72,29.0,,65.98
2004-08-12T03:00:00,43344099999,TIRUCHIRAPPALLI,10.77,78.72,29.4,1009.6,62.15
2004-08-12T03:40:00,43344099999,TIRUCHIRAPPALLI,10.77,78.72,31.0,,55.32
2004-08-12T04:40:00,43344099999,TIRUCHIRAPPALLI,10.77,78.72,32.0,,52.27
2004-08-12T05:40:00,43344099999,TIRUCHIRAPPALLI,10.77,78.72,34.0,,46.71
2004-08-12T06:00:00,43344099999,TIRUCHIRAPPALLI,10.77,78.72,34.0,1008.8,46.71
2004-08-12T06:40:00,43344099999,TIRUCHIRAPPALLI,10.77,78.72,34.0,,46.71
2004-08-12T07:40:00,43344099999,TIRUCHIRAPPALLI,10.77,78.72,35.0,,39.04
2004-08-12T08:40:00,43344099999,TIRUCHIRAPPALLI,10.77,78.72,36.0,,36.94
2004-08-12T09:00:00,43344099999,TIRUCHIRAPPALLI,10.77,78.72,36.0,1005.5,36.25
2004-08-12T09:40:00,43344099999,TIRUCHIRAPPALLI,10.77,78.72,36.0,,39.31
2004-08-12T12:00:00,43344099999,TIRUCHIRAPPALLI,10.77,78.72,35.0,1005.2,38.79
2004-08-12T12:40:00,43344099999,TIRUCHIRAPPALLI,10.77,78.72,34.0,,43.91
2004-08-12T13:40:00,43344099999,TIRUCHIRAPPALLI,10.77,78.72,32.0,,52.27
2004-08-12T14:40:00,43344099999,TIRUCHIRAPPALLI,10.77,78.72,32.0,,49.14
2004-08-12T15:00:00,43344099999,TIRUCHIRAPPALLI,10.77,78.72,31.6,1007.8,58.95
2004-08-12T15:40:00,43344099999,TIRUCHIRAPPALLI,10.77,78.72,31.0,,55.32
2004-08-12T17:40:00,43344099999,TIRUCHIRAPPALLI,10.77,78.72,29.0,,62.06
2004-08-12T18:00:00,43344099999,TIRUCHIRAPPALLI,10.77,78.72,29.4,1010.1,59.53
2004-08-12T18:40:00,43344099999,TIRUCHIRAPPALLI,10.77,78.72,29.0,,62.06
2004-08-12T20:40:00,43344099999,TIRUCHIRAPPALLI,10.77,78.72,27.0,,74.14
2004-08-12T21:00:00,43344099999,TIRUCHIRAPPALLI,10.77,78.72,28.6,1008.6,63.91
2004-08-12T21:40:00,43344099999,TIRUCHIRAPPALLI,10.77,78.72,28.0,,65.77
2004-08-12T22:40:00,43344099999,TIRUCHIRAPPALLI,10.77,78.72,28.0,,69.92
2004-08-12T23:40:00,43344099999,TIRUCHIRAPPALLI,10.77,78.72,28.0,,74.3
2004-08-13T00:00:00,43344099999,TIRUCHIRAPPALLI,10.77,78.72,28.0,1008.8,64.97
2004-08-13T00:40:00,43344099999,TIRUCHIRAPPALLI,10.77,78.72,28.0,,74.3
2004-08-13T01:40:00,43344099999,TIRUCHIRAPPALLI,10.77,78.72,28.0,,74.3
2004-08-13T02:40:00,43344099999,TIRUCHIRAPPALLI,10.77,78.72,28.0,,61.84
2004-08-13T03:00:00,43344099999,TIRUCHIRAPPALLI,10.77,78.72,28.0,1010.4,70.35
2004-08-13T03:40:00,43344099999,TIRUCHIRAPPALLI,10.77,78.72,29.0,,70.11
2004-08-13T04:40:00,43344099999,TIRUCHIRAPPALLI,10.77,78.72,30.0,,70.29
2004-08-13T05:40:00,43344099999,TIRUCHIRAPPALLI,10.77,78.72,30.0,,70.29
2004-08-13T06:00:00,43344099999,TIRUCHIRAPPALLI,10.77,78.72,30.6,1009.1,65.51
2004-08-13T06:40:00,43344099999,TIRUCHIRAPPALLI,10.77,78.72,32.0,,59.04
2004-08-13T08:40:00,43344099999,TIRUCHIRAPPALLI,10.77,78.72,34.0,,52.77
2004-08-13T09:00:00,43344099999,TIRUCHIRAPPALLI,10.77,78.72,34.6,1006.1,45.17
2004-08-13T11:40:00,43344099999,TIRUCHIRAPPALLI,10.77,78.72,33.0,,52.52
2004-08-13T12:00:00,43344099999,TIRUCHIRAPPALLI,10.77,78.72,33.2,1006.2,46.78
2004-08-13T13:40:00,43344099999,TIRUCHIRAPPALLI,10.77,78.72,30.0,,66.18
2004-08-13T15:00:00,43344099999,TIRUCHIRAPPALLI,10.77,78.72,30.4,1008.6,51.86
2004-08-13T16:40:00,43344099999,TIRUCHIRAPPALLI,10.77,78.72,29.0,,58.35
2004-08-13T18:00:00,43344099999,TIRUCHIRAPPALLI,10.77,78.72,29.2,1010.0,58.03
2004-08-13T18:40:00,43344099999,TIRUCHIRAPPALLI,10.77,78.72,29.0,,62.06
2004-08-13T21:00:00,43344099999,TIRUCHIRAPPALLI,10.77,78.72,28.2,1008.7,63.82
2004-08-14T00:00:00,43344099999,TIRUCHIRAPPALLI,10.77,78.72,27.8,1008.5,64.53
2004-08-14T01:40:00,43344099999,TIRUCHIRAPPALLI,10.77,78.72,28.0,,65.77
2004-08-14T02:40:00,43344099999,TIRUCHIRAPPALLI,10.77,78.72,29.0,,62.06
2004-08-14T03:00:00,43344099999,TIRUCHIRAPPALLI,10.77,78.72,29.4,1009.4,60.64
2004-08-14T03:40:00,43344099999,TIRUCHIRAPPALLI,10.77,78.72,30.0,,58.58
2004-08-14T04:40:00,43344099999,TIRUCHIRAPPALLI,10.77,78.72,32.0,,52.27
2004-08-14T05:40:00,43344099999,TIRUCHIRAPPALLI,10.77,78.72,33.0,,49.4
2004-08-14T06:00:00,43344099999,TIRUCHIRAPPALLI,10.77,78.72,33.6,1009.3,46.32
2004-08-14T07:40:00,43344099999,TIRUCHIRAPPALLI,10.77,78.72,35.0,,44.18
2004-08-14T08:40:00,43344099999,TIRUCHIRAPPALLI,10.77,78.72,35.0,,39.04
2004-08-14T09:00:00,43344099999,TIRUCHIRAPPALLI,10.77,78.72,35.0,1007.1,34.64
2004-08-14T09:40:00,43344099999,TIRUCHIRAPPALLI,10.77,78.72,35.0,,39.04
2004-08-14T10:40:00,43344099999,TIRUCHIRAPPALLI,10.77,78.72,35.0,,41.54
2004-08-14T12:00:00,43344099999,TIRUCHIRAPPALLI,10.77,78.72,34.0,1006.0,39.75
2004-08-14T13:40:00,43344099999,TIRUCHIRAPPALLI,10.77,78.72,32.0,,49.14
2004-08-14T14:40:00,43344099999,TIRUCHIRAPPALLI,10.77,78.72,31.0,,48.88
2004-08-14T15:00:00,43344099999,TIRUCHIRAPPALLI,10.77,78.72,31.0,1008.4,47.97
2004-08-14T15:40:00,43344099999,TIRUCHIRAPPALLI,10.77,78.72,31.0,,48.88
2004-08-14T18:00:00,43344099999,TIRUCHIRAPPALLI,10.77,78.72,29.4,1009.7,53.25
2004-08-14T18:40:00,43344099999,TIRUCHIRAPPALLI,10.77,78.72,29.0,,58.35
2004-08-14T21:00:00,43344099999,TIRUCHIRAPPALLI,10.77,78.72,28.0,1008.2,57.03
2004-08-14T21:40:00,43344099999,TIRUCHIRAPPALLI,10.77,78.72,29.0,,58.35
2004-08-14T22:40:00,43344099999,TIRUCHIRAPPALLI,10.77,78.72,27.0,,65.56
2004-08-15T00:00:00,43344099999,TIRUCHIRAPPALLI,10.77,78.72,26.6,1007.9,72.28
2004-08-15T00:40:00,43344099999,TIRUCHIRAPPALLI,10.77,78.72,27.0,,69.74
2004-08-15T01:40:00,43344099999,TIRUCHIRAPPALLI,10.77,78.72,27.0,,69.74
2004-08-15T02:40:00,43344099999,TIRUCHIRAPPALLI,10.77,78.72,29.0,,65.98
2004-08-15T03:00:00,43344099999,TIRUCHIRAPPALLI,10.77,78.72,29.0,1009.9,61.68
2004-08-15T04:40:00,43344099999,TIRUCHIRAPPALLI,10.77,78.72,32.0,,49.14
2004-08-15T05:40:00,43344099999,TIRUCHIRAPPALLI,10.77,78.72,34.0,,49.66
2004-08-15T06:00:00,43344099999,TIRUCHIRAPPALLI,10.77,78.72,34.6,1008.4,40.41
2004-08-15T06:40:00,43344099999,TIRUCHIRAPPALLI,10.77,78.72,35.0,,44.18
2004-08-15T07:40:00,43344099999,TIRUCHIRAPPALLI,10.77,78.72,35.0,,44.18
2004-08-15T08:40:00,43344099999,TIRUCHIRAPPALLI,10.77,78.72,36.0,,39.31
2004-08-15T09:00:00,43344099999,TIRUCHIRAPPALLI,10.77,78.72,36.8,1005.1,34.48
2004-08-15T10:40:00,43344099999,TIRUCHIRAPPALLI,10.77,78.72,37.0,,37.21
2004-08-15T12:00:00,43344099999,TIRUCHIRAPPALLI,10.77,78.72,35.2,1004.1,36.26
2004-08-15T12:40:00,43344099999,TIRUCHIRAPPALLI,10.77,78.72,34.0,,43.91
2004-08-15T15:00:00,43344099999,TIRUCHIRAPPALLI,10.77,78.72,31.6,1006.7,48.43
2004-08-15T15:40:00,43344099999,TIRUCHIRAPPALLI,10.77,78.72,31.0,,55.32
2004-08-15T16:40:00,43344099999,TIRUCHIRAPPALLI,10.77,78.72,30.0,,58.58
2004-08-15T18:00:00,43344099999,TIRUCHIRAPPALLI,10.77,78.72,29.2,1008.2,59.12
2004-08-15T20:40:00,43344099999,TIRUCHIRAPPALLI,10.77,78.72,28.0,,65.77
2004-08-15T21:00:00,43344099999,TIRUCHIRAPPALLI,10.77,78.72,27.6,1006.6,68.58
2004-08-15T22:40:00,43344099999,TIRUCHIRAPPALLI,10.77,78.72,27.0,,69.74
2004-08-15T23:40:00,43344099999,TIRUCHIRAPPALLI,10.77,78.72,27.0,,69.74
2004-08-16T00:00:00,43344099999,TIRUCHIRAPPALLI,10.77,78.72,27.0,1006.8,69.74
2004-08-16T00:40:00,43344099999,TIRUCHIRAPPALLI,10.77,78.72,27.0,,69.74
2004-08-16T01:40:00,43344099999,TIRUCHIRAPPALLI,10.77,78.72,28.0,,65.77
2004-08-16T02:40:00,43344099999,TIRUCHIRAPPALLI,10.77,78.72,29.0,,65.98
2004-08-16T03:00:00,43344099999,TIRUCHIRAPPALLI,10.77,78.72,29.6,1008.7,58.49
2004-08-16T03:40:00,43344099999,TIRUCHIRAPPALLI,10.77,78.72,30.0,,58.58
2004-08-16T04:40:00,43344099999,TIRUCHIRAPPALLI,10.77,78.72,31.0,,55.32
2004-08-16T05:40:00,43344099999,TIRUCHIRAPPALLI,10.77,78.72,33.0,,46.44
2004-08-16T06:00:00,43344099999,TIRUCHIRAPPALLI,10.77,78.72,33.4,1008.0,48.01
2004-08-16T06:40:00,43344099999,TIRUCHIRAPPALLI,10.77,78.72,34.0,,49.66
2004-08-16T09:00:00,43344099999,TIRUCHIRAPPALLI,10.77,78.72,35.2,1005.0,41.85
2004-08-16T12:00:00,43344099999,TIRUCHIRAPPALLI,10.77,78.72,33.2,1004.9,43.7
2004-08-16T13:40:00,43344099999,TIRUCHIRAPPALLI,10.77,78.72,32.0,,55.56
2004-08-16T14:40:00,43344099999,TIRUCHIRAPPALLI,10.77,78.72,31.0,,55.32
2004-08-16T15:00:00,43344099999,TIRUCHIRAPPALLI,10.77,78.72,31.0,1007.6,49.18
2004-08-16T16:40:00,43344099999,TIRUCHIRAPPALLI,10.77,78.72,30.0,,62.28
2004-08-16T17:40:00,43344099999,TIRUCHIRAPPALLI,10.77,78.72,29.0,,58.35
2004-08-16T18:00:00,43344099999,TIRUCHIRAPPALLI,10.77,78.72,29.2,1009.3,56.97
2004-08-16T18:40:00,43344099999,TIRUCHIRAPPALLI,10.77,78.72,29.0,,62.06
2004-08-16T20:40:00,43344099999,TIRUCHIRAPPALLI,10.77,78.72,28.0,,65.77
2004-08-16T21:00:00,43344099999,TIRUCHIRAPPALLI,10.77,78.72,28.0,1007.5,63.39
2004-08-16T23:40:00,43344099999,TIRUCHIRAPPALLI,10.77,78.72,27.0,,78.78
2004-08-17T00:00:00,43344099999,TIRUCHIRAPPALLI,10.77,78.72,27.3,1007.3,68.1
2004-08-17T01:40:00,43344099999,TIRUCHIRAPPALLI,10.77,78.72,28.0,,69.92
2004-08-17T03:00:00,43344099999,TIRUCHIRAPPALLI,10.77,78.72,28.0,1009.2,67.41
2004-08-17T03:40:00,43344099999,TIRUCHIRAPPALLI,10.77,78.72,29.0,,65.98
2004-08-17T05:40:00,43344099999,TIRUCHIRAPPALLI,10.77,78.72,32.0,,52.27
2004-08-17T06:00:00,43344099999,TIRUCHIRAPPALLI,10.77,78.72,33.0,1008.2,52.2
2004-08-17T07:40:00,43344099999,TIRUCHIRAPPALLI,10.77,78.72,34.0,,49.66
2004-08-17T08:40:00,43344099999,TIRUCHIRAPPALLI,10.77,78.72,35.0,,46.97
2004-08-17T09:00:00,43344099999,TIRUCHIRAPPALLI,10.77,78.72,34.6,1005.8,42.21
2004-08-17T09:40:00,43344099999,TIRUCHIRAPPALLI,10.77,78.72,35.0,,44.18
2004-08-17T11:40:00,43344099999,TIRUCHIRAPPALLI,10.77,78.72,34.0,,43.91
2004-08-17T12:00:00,43344099999,TIRUCHIRAPPALLI,10.77,78.72,35.2,1005.3,41.85
2004-08-17T15:00:00,43344099999,TIRUCHIRAPPALLI,10.77,78.72,31.2,1008.8,48.02
2004-08-17T16:40:00,43344099999,TIRUCHIRAPPALLI,10.77,78.72,30.0,,55.08
2004-08-17T18:00:00,43344099999,TIRUCHIRAPPALLI,10.77,78.72,29.2,1010.5,55.57
2004-08-17T18:40:00,43344099999,TIRUCHIRAPPALLI,10.77,78.72,29.0,,58.35
2004-08-17T20:40:00,43344099999,TIRUCHIRAPPALLI,10.77,78.72,28.0,,61.84
2004-08-17T21:00:00,43344099999,TIRUCHIRAPPALLI,10.77,78.72,28.0,1009.5,60.7
2004-08-17T23:40:00,43344099999,TIRUCHIRAPPALLI,10.77,78.72,27.0,,69.74
2004-08-18T00:00:00,43344099999,TIRUCHIRAPPALLI,10.77,78.72,26.8,1009.6,68.0
2004-08-18T00:40:00,43344099999,TIRUCHIRAPPALLI,10.77,78.72,27.0,,69.74
2004-08-18T01:40:00,43344099999,TIRUCHIRAPPALLI,10.77,78.72,28.0,,65.77
2004-08-18T02:40:00,43344099999,TIRUCHIRAPPALLI,10.77,78.72,29.0,,62.06
2004-08-18T03:00:00,43344099999,TIRUCHIRAPPALLI,10.77,78.72,29.4,1010.9,59.17
2004-08-18T03:40:00,43344099999,TIRUCHIRAPPALLI,10.77,78.72,30.0,,66.18
2004-08-18T04:40:00,43344099999,TIRUCHIRAPPALLI,10.77,78.72,32.0,,52.27
2004-08-18T05:40:00,43344099999,TIRUCHIRAPPALLI,10.77,78.72,34.0,,46.71
2004-08-18T06:00:00,43344099999,TIRUCHIRAPPALLI,10.77,78.72,34.6,1010.3,48.32
2004-08-18T06:40:00,43344099999,TIRUCHIRAPPALLI,10.77,78.72,36.0,,44.45
2004-08-18T07:40:00,43344099999,TIRUCHIRAPPALLI,10.77,78.72,36.0,,44.45
2004-08-18T08:40:00,43344099999,TIRUCHIRAPPALLI,10.77,78.72,37.0,,42.08
2004-08-18T09:00:00,43344099999,TIRUCHIRAPPALLI,10.77,78.72,37.6,1006.2,31.99
2004-08-18T12:00:00,43344099999,TIRUCHIRAPPALLI,10.77,78.72,36.6,1005.7,35.08
2004-08-18T13:40:00,43344099999,TIRUCHIRAPPALLI,10.77,78.72,33.0,,49.4
2004-08-18T15:00:00,43344099999,TIRUCHIRAPPALLI,10.77,78.72,31.6,1009.8,45.21
2004-08-18T16:40:00,43344099999,TIRUCHIRAPPALLI,10.77,78.72,30.0,,55.08
2004-08-18T18:00:00,43344099999,TIRUCHIRAPPALLI,10.77,78.72,29.0,1010.2,57.99
2004-08-18T21:00:00,43344099999,TIRUCHIRAPPALLI,10.77,78.72,27.8,1008.5,63.34
2004-08-19T00:00:00,43344099999,TIRUCHIRAPPALLI,10.77,78.72,27.4,1008.7,65.65
2004-08-19T02:40:00,43344099999,TIRUCHIRAPPALLI,10.77,78.72,28.0,,69.92
2004-08-19T03:00:00,43344099999,TIRUCHIRAPPALLI,10.77,78.72,27.6,1010.4,69.85
2004-08-19T03:40:00,43344099999,TIRUCHIRAPPALLI,10.77,78.72,29.0,,65.98
2004-08-19T04:40:00,43344099999,TIRUCHIRAPPALLI,10.77,78.72,30.0,,62.28
2004-08-19T05:40:00,43344099999,TIRUCHIRAPPALLI,10.77,78.72,31.0,,58.81
2004-08-19T06:00:00,43344099999,TIRUCHIRAPPALLI,10.77,78.72,31.6,1009.2,54.13
2004-08-19T06:40:00,43344099999,TIRUCHIRAPPALLI,10.77,78.72,32.0,,55.56
2004-08-19T08:40:00,43344099999,TIRUCHIRAPPALLI,10.77,78.72,35.0,,44.18
2004-08-19T09:00:00,43344099999,TIRUCHIRAPPALLI,10.77,78.72,35.0,1005.7,41.8
2004-08-19T09:40:00,43344099999,TIRUCHIRAPPALLI,10.77,78.72,35.0,,44.18
2004-08-19T11:40:00,43344099999,TIRUCHIRAPPALLI,10.77,78.72,32.0,,52.27
2004-08-19T12:00:00,43344099999,TIRUCHIRAPPALLI,10.77,78.72,31.0,1005.7,50.11
2004-08-19T12:40:00,43344099999,TIRUCHIRAPPALLI,10.77,78.72,30.0,,58.58
2004-08-19T13:40:00,43344099999,TIRUCHIRAPPALLI,10.77,78.72,29.0,,62.06
2004-08-19T14:40:00,43344099999,TIRUCHIRAPPALLI,10.77,78.72,28.0,,65.77
2004-08-19T15:00:00,43344099999,TIRUCHIRAPPALLI,10.77,78.72,28.6,1008.1,56.12
2004-08-19T16:40:00,43344099999,TIRUCHIRAPPALLI,10.77,78.72,28.0,,65.77
2004-08-19T18:00:00,43344099999,TIRUCHIRAPPALLI,10.77,78.72,28.4,1008.4,56.07
2004-08-19T20:40:00,43344099999,TIRUCHIRAPPALLI,10.77,78.72,28.0,,65.77
2004-08-19T21:00:00,43344099999,TIRUCHIRAPPALLI,10.77,78.72,27.4,1007.1,62.86
2004-08-19T21:40:00,43344099999,TIRUCHIRAPPALLI,10.77,78.72,27.0,,65.56
2004-08-19T22:40:00,43344099999,TIRUCHIRAPPALLI,10.77,78.72,27.0,,69.74
2004-08-20T00:00:00,43344099999,TIRUCHIRAPPALLI,10.77,78.72,26.4,1006.8,73.59
2004-08-20T00:40:00,43344099999,TIRUCHIRAPPALLI,10.77,78.72,27.0,,69.74
2004-08-20T02:40:00,43344099999,TIRUCHIRAPPALLI,10.77,78.72,28.0,,65.77
2004-08-20T03:00:00,43344099999,TIRUCHIRAPPALLI,10.77,78.72,28.0,1007.8,67.41
2004-08-20T03:40:00,43344099999,TIRUCHIRAPPALLI,10.77,78.72,29.0,,62.06
2004-08-20T04:40:00,43344099999,TIRUCHIRAPPALLI,10.77,78.72,30.0,,58.58
2004-08-20T05:40:00,43344099999,TIRUCHIRAPPALLI,10.77,78.72,32.0,,52.27
2004-08-20T06:00:00,43344099999,TIRUCHIRAPPALLI,10.77,78.72,32.8,1006.2,47.55
2004-08-20T06:40:00,43344099999,TIRUCHIRAPPALLI,10.77,78.72,34.0,,46.71
2004-08-20T07:40:00,43344099999,TIRUCHIRAPPALLI,10.77,78.72,34.0,,49.66
2004-08-20T08:40:00,43344099999,TIRUCHIRAPPALLI,10.77,78.72,34.0,,46.71
2004-08-20T09:00:00,43344099999,TIRUCHIRAPPALLI,10.77,78.72,34.4,1004.3,41.12
2004-08-20T11:40:00,43344099999,TIRUCHIRAPPALLI,10.77,78.72,34.0,,49.66
2004-08-20T12:00:00,43344099999,TIRUCHIRAPPALLI,10.77,78.72,34.0,1003.9,40.76
2004-08-20T14:40:00,43344099999,TIRUCHIRAPPALLI,10.77,78.72,31.0,,52.01
2004-08-20T15:00:00,43344099999,TIRUCHIRAPPALLI,10.77,78.72,31.4,1006.2,46.02
2004-08-20T16:40:00,43344099999,TIRUCHIRAPPALLI,10.77,78.72,30.0,,55.08
2004-08-20T18:00:00,43344099999,TIRUCHIRAPPALLI,10.77,78.72,29.6,1007.8,52.31
2004-08-20T18:40:00,43344099999,TIRUCHIRAPPALLI,10.77,78.72,29.0,,58.35
2004-08-20T20:40:00,43344099999,TIRUCHIRAPPALLI,10.77,78.72,28.0,,65.77
2004-08-20T21:00:00,43344099999,TIRUCHIRAPPALLI,10.77,78.72,28.0,1006.7,66.18
2004-08-20T23:40:00,43344099999,TIRUCHIRAPPALLI,10.77,78.72,27.0,,69.74
2004-08-21T00:00:00,43344099999,TIRUCHIRAPPALLI,10.77,78.72,27.6,1006.7,63.3
2004-08-21T00:40:00,43344099999,TIRUCHIRAPPALLI,10.77,78.72,28.0,,65.77
2004-08-21T01:40:00,43344099999,TIRUCHIRAPPALLI,10.77,78.72,29.0,,62.06
2004-08-21T02:40:00,43344099999,TIRUCHIRAPPALLI,10.77,78.72,29.0,,62.06
2004-08-21T03:00:00,43344099999,TIRUCHIRAPPALLI,10.77,78.72,29.6,1007.6,57.06
2004-08-21T03:40:00,43344099999,TIRUCHIRAPPALLI,10.77,78.72,31.0,,55.32
2004-08-21T04:40:00,43344099999,TIRUCHIRAPPALLI,10.77,78.72,32.0,,52.27
2004-08-21T05:40:00,43344099999,TIRUCHIRAPPALLI,10.77,78.72,33.0,,46.44
2004-08-21T06:00:00,43344099999,TIRUCHIRAPPALLI,10.77,78.72,34.0,1006.6,43.64
2004-08-21T06:40:00,43344099999,TIRUCHIRAPPALLI,10.77,78.72,35.0,,44.18
2004-08-21T07:40:00,43344099999,TIRUCHIRAPPALLI,10.77,78.72,35.0,,41.54
2004-08-21T08:40:00,43344099999,TIRUCHIRAPPALLI,10.77,78.72,35.0,,41.54
2004-08-21T09:00:00,43344099999,TIRUCHIRAPPALLI,10.77,78.72,35.8,1003.1,35.97
2004-08-21T12:00:00,43344099999,TIRUCHIRAPPALLI,10.77,78.72,34.6,1003.7,36.56
2004-08-21T13:40:00,43344099999,TIRUCHIRAPPALLI,10.77,78.72,32.0,,43.38
2004-08-21T15:00:00,43344099999,TIRUCHIRAPPALLI,10.77,78.72,31.2,1006.2,41.55
2004-08-21T15:40:00,43344099999,TIRUCHIRAPPALLI,10.77,78.72,31.0,,45.91
2004-08-21T16:40:00,43344099999,TIRUCHIRAPPALLI,10.77,78.72,30.0,,48.62
2004-08-21T18:00:00,43344099999,TIRUCHIRAPPALLI,10.77,78.72,29.0,1008.4,49.28
2004-08-21T20:40:00,43344099999,TIRUCHIRAPPALLI,10.77,78.72,28.0,,58.11
2004-08-21T21:00:00,43344099999,TIRUCHIRAPPALLI,10.77,78.72,27.8,1007.2,58.06
2004-08-21T21:40:00,43344099999,TIRUCHIRAPPALLI,10.77,78.72,28.0,,61.84
2004-08-21T22:40:00,43344099999,TIRUCHIRAPPALLI,10.77,78.72,27.0,,65.56
2004-08-21T23:40:00,43344099999,TIRUCHIRAPPALLI,10.77,78.72,27.0,,65.56
2004-08-22T00:00:00,43344099999,TIRUCHIRAPPALLI,10.77,78.72,27.4,1006.9,60.18
2004-08-22T03:00:00,43344099999,TIRUCHIRAPPALLI,10.77,78.72,29.8,1008.3,53.68
2004-08-22T04:40:00,43344099999,TIRUCHIRAPPALLI,10.77,78.72,31.0,,52.01
2004-08-22T05:40:00,43344099999,TIRUCHIRAPPALLI,10.77,78.72,33.0,,52.52
2004-08-22T06:00:00,43344099999,TIRUCHIRAPPALLI,10.77,78.72,34.4,1007.6,39.12
2004-08-22T06:40:00,43344099999,TIRUCHIRAPPALLI,10.77,78.72,35.0,,39.04
2004-08-22T07:40:00,43344099999,TIRUCHIRAPPALLI,10.77,78.72,36.0,,34.7
2004-08-22T08:40:00,43344099999,TIRUCHIRAPPALLI,10.77,78.72,36.0,,36.94
2004-08-22T09:00:00,43344099999,TIRUCHIRAPPALLI,10.77,78.72,37.0,1005.0,32.23
2004-08-22T10:40:00,43344099999,TIRUCHIRAPPALLI,10.77,78.72,36.0,,36.94
2004-08-22T12:00:00,43344099999,TIRUCHIRAPPALLI,10.77,78.72,35.6,1004.4,35.92
2004-08-22T12:40:00,43344099999,TIRUCHIRAPPALLI,10.77,78.72,35.0,,39.04
2004-08-22T13:40:00,43344099999,TIRUCHIRAPPALLI,10.77,78.72,33.0,,43.65
2004-08-22T15:00:00,43344099999,TIRUCHIRAPPALLI,10.77,78.72,32.2,1007.3,37.54
2004-08-22T16:40:00,43344099999,TIRUCHIRAPPALLI,10.77,78.72,30.0,,55.08
2004-08-22T17:40:00,43344099999,TIRUCHIRAPPALLI,10.77,78.72,30.0,,55.08
2004-08-22T18:00:00,43344099999,TIRUCHIRAPPALLI,10.77,78.72,29.6,1008.9,52.31
2004-08-22T21:00:00,43344099999,TIRUCHIRAPPALLI,10.77,78.72,28.0,1007.9,
2004-08-23T00:00:00,43344099999,TIRUCHIRAPPALLI,10.77,78.72,27.4,1007.8,65.65
2004-08-23T00:40:00,43344099999,TIRUCHIRAPPALLI,10.77,78.72,27.0,,65.56
2004-08-23T02:40:00,43344099999,TIRUCHIRAPPALLI,10.77,78.72,28.0,,61.84
2004-08-23T03:00:00,43344099999,TIRUCHIRAPPALLI,10.77,78.72,29.0,1009.8,57.99
2004-08-23T03:40:00,43344099999,TIRUCHIRAPPALLI,10.77,78.72,30.0,,55.08
2004-08-23T05:40:00,43344099999,TIRUCHIRAPPALLI,10.77,78.72,34.0,,43.91
2004-08-23T06:00:00,43344099999,TIRUCHIRAPPALLI,10.77,78.72,35.0,1008.7,39.77
2004-08-23T06:40:00,43344099999,TIRUCHIRAPPALLI,10.77,78.72,35.0,,41.54
2004-08-23T07:40:00,43344099999,TIRUCHIRAPPALLI,10.77,78.72,36.0,,39.31
2004-08-23T09:00:00,43344099999,TIRUCHIRAPPALLI,10.77,78.72,37.6,1006.0,32.8
2004-08-23T09:40:00,43344099999,TIRUCHIRAPPALLI,10.77,78.72,38.0,,35.24
2004-08-23T12:00:00,43344099999,TIRUCHIRAPPALLI,10.77,78.72,37.6,1005.3,32.8
2004-08-23T13:40:00,43344099999,TIRUCHIRAPPALLI,10.77,78.72,35.0,,39.04
2004-08-23T14:40:00,43344099999,TIRUCHIRAPPALLI,10.77,78.72,33.0,,49.4
2004-08-23T15:00:00,43344099999,TIRUCHIRAPPALLI,10.77,78.72,33.4,1008.1,38.11
2004-08-23T16:40:00,43344099999,TIRUCHIRAPPALLI,10.77,78.72,32.0,,49.14
2004-08-23T18:00:00,43344099999,TIRUCHIRAPPALLI,10.77,78.72,30.6,1010.2,46.39
2004-08-23T21:00:00,43344099999,TIRUCHIRAPPALLI,10.77,78.72,29.6,1009.3,57.06
2004-08-24T00:00:00,43344099999,TIRUCHIRAPPALLI,10.77,78.72,27.4,1008.8,67.29
2004-08-24T01:40:00,43344099999,TIRUCHIRAPPALLI,10.77,78.72,28.0,,65.77
2004-08-24T02:40:00,43344099999,TIRUCHIRAPPALLI,10.77,78.72,29.0,,65.98
2004-08-24T03:00:00,43344099999,TIRUCHIRAPPALLI,10.77,78.72,29.0,1010.8,61.68
2004-08-24T04:40:00,43344099999,TIRUCHIRAPPALLI,10.77,78.72,32.0,,52.27
2004-08-24T05:40:00,43344099999,TIRUCHIRAPPALLI,10.77,78.72,34.0,,43.91
2004-08-24T06:00:00,43344099999,TIRUCHIRAPPALLI,10.77,78.72,35.2,1009.7,40.07
2004-08-24T06:40:00,43344099999,TIRUCHIRAPPALLI,10.77,78.72,36.0,,41.81
2004-08-24T07:40:00,43344099999,TIRUCHIRAPPALLI,10.77,78.72,36.0,,39.31
2004-08-24T08:40:00,43344099999,TIRUCHIRAPPALLI,10.77,78.72,37.0,,39.58
2004-08-24T09:00:00,43344099999,TIRUCHIRAPPALLI,10.77,78.72,36.4,1006.5,35.91
2004-08-24T09:40:00,43344099999,TIRUCHIRAPPALLI,10.77,78.72,37.0,,37.21
2004-08-24T10:40:00,43344099999,TIRUCHIRAPPALLI,10.77,78.72,35.0,,39.04
2004-08-24T11:40:00,43344099999,TIRUCHIRAPPALLI,10.77,78.72,35.0,,41.54
2004-08-24T12:00:00,43344099999,TIRUCHIRAPPALLI,10.77,78.72,35.4,1005.8,38.42
2004-08-24T12:40:00,43344099999,TIRUCHIRAPPALLI,10.77,78.72,34.0,,43.91
2004-08-24T14:40:00,43344099999,TIRUCHIRAPPALLI,10.77,78.72,32.0,,46.18
2004-08-24T15:00:00,43344099999,TIRUCHIRAPPALLI,10.77,78.72,31.6,1009.0,44.09
2004-08-24T15:40:00,43344099999,TIRUCHIRAPPALLI,10.77,78.72,31.0,,52.01
2004-08-24T17:40:00,43344099999,TIRUCHIRAPPALLI,10.77,78.72,30.0,,100.0
2004-08-24T18:00:00,43344099999,TIRUCHIRAPPALLI,10.77,78.72,29.6,1010.4,52.31
2004-08-24T20:40:00,43344099999,TIRUCHIRAPPALLI,10.77,78.72,28.0,,65.77
2004-08-24T21:00:00,43344099999,TIRUCHIRAPPALLI,10.77,78.72,28.0,1008.7,63.39
2004-08-24T22:40:00,43344099999,TIRUCHIRAPPALLI,10.77,78.72,28.0,,69.92
2004-08-24T23:40:00,43344099999,TIRUCHIRAPPALLI,10.77,78.72,27.0,,74.14
2004-08-25T00:00:00,43344099999,TIRUCHIRAPPALLI,10.77,78.72,27.2,1008.8,68.5
2004-08-25T01:40:00,43344099999,TIRUCHIRAPPALLI,10.77,78.72,28.0,,65.77
2004-08-25T02:40:00,43344099999,TIRUCHIRAPPALLI,10.77,78.72,29.0,,62.06
2004-08-25T03:00:00,43344099999,TIRUCHIRAPPALLI,10.77,78.72,30.0,1010.5,53.73
2004-08-25T03:40:00,43344099999,TIRUCHIRAPPALLI,10.77,78.72,31.0,,52.01
2004-08-25T04:40:00,43344099999,TIRUCHIRAPPALLI,10.77,78.72,32.0,,49.14
2004-08-25T06:00:00,43344099999,TIRUCHIRAPPALLI,10.77,78.72,35.0,1009.1,39.77
2004-08-25T06:40:00,43344099999,TIRUCHIRAPPALLI,10.77,78.72,36.0,,41.81
2004-08-25T07:40:00,43344099999,TIRUCHIRAPPALLI,10.77,78.72,37.0,,39.58
2004-08-25T08:40:00,43344099999,TIRUCHIRAPPALLI,10.77,78.72,37.0,,39.58
2004-08-25T09:00:00,43344099999,TIRUCHIRAPPALLI,10.77,78.72,37.4,1005.6,32.75
2004-08-25T10:40:00,43344099999,TIRUCHIRAPPALLI,10.77,78.72,37.0,,37.21
2004-08-25T12:00:00,43344099999,TIRUCHIRAPPALLI,10.77,78.72,36.8,1004.7,30.39
2004-08-25T13:40:00,43344099999,TIRUCHIRAPPALLI,10.77,78.72,34.0,,43.91
2004-08-25T15:00:00,43344099999,TIRUCHIRAPPALLI,10.77,78.72,33.6,1007.9,42.2
2004-08-25T15:40:00,43344099999,TIRUCHIRAPPALLI,10.77,78.72,33.0,,46.44
2004-08-25T16:40:00,43344099999,TIRUCHIRAPPALLI,10.767,78.717,31.0,,52.01
2004-08-25T18:00:00,43344099999,TIRUCHIRAPPALLI,10.767,78.717,30.2,1009.3,51.81
2004-08-25T18:40:00,43344099999,TIRUCHIRAPPALLI,10.767,78.717,29.0,,58.35
2004-08-25T21:00:00,43344099999,TIRUCHIRAPPALLI,10.767,78.717,28.2,1007.9,59.62
2004-08-26T00:00:00,43344099999,TIRUCHIRAPPALLI,10.767,78.717,26.8,1007.6,68.0
2004-08-26T00:40:00,43344099999,TIRUCHIRAPPALLI,10.767,78.717,27.0,,69.74
2004-08-26T03:00:00,43344099999,TIRUCHIRAPPALLI,10.767,78.717,29.4,1009.4,62.15
2004-08-26T03:40:00,43344099999,TIRUCHIRAPPALLI,10.767,78.717,30.0,,58.58
2004-08-26T04:40:00,43344099999,TIRUCHIRAPPALLI,10.767,78.717,32.0,,52.27
2004-08-26T05:40:00,43344099999,TIRUCHIRAPPALLI,10.767,78.717,33.0,,46.44
2004-08-26T06:00:00,43344099999,TIRUCHIRAPPALLI,10.767,78.717,35.0,1007.6,41.8
2004-08-26T06:40:00,43344099999,TIRUCHIRAPPALLI,10.767,78.717,34.0,,43.91
2004-08-26T07:40:00,43344099999,TIRUCHIRAPPALLI,10.767,78.717,36.0,,36.94
2004-08-26T08:40:00,43344099999,TIRUCHIRAPPALLI,10.767,78.717,37.0,,34.97
2004-08-26T09:00:00,43344099999,TIRUCHIRAPPALLI,10.767,78.717,36.0,1004.9,38.11
2004-08-26T09:40:00,43344099999,TIRUCHIRAPPALLI,10.767,78.717,36.0,,41.81
2004-08-26T10:40:00,43344099999,TIRUCHIRAPPALLI,10.767,78.717,36.0,,41.81
2004-08-26T11:40:00,43344099999,TIRUCHIRAPPALLI,10.767,78.717,35.0,,44.18
2004-08-26T12:00:00,43344099999,TIRUCHIRAPPALLI,10.767,78.717,36.0,1004.0,36.25
2004-08-26T14:40:00,43344099999,TIRUCHIRAPPALLI,10.767,78.717,32.0,,49.14
2004-08-26T15:00:00,43344099999,TIRUCHIRAPPALLI,10.767,78.717,31.2,1008.1,53.69
2004-08-26T16:40:00,43344099999,TIRUCHIRAPPALLI,10.767,78.717,30.0,,62.28
2004-08-26T18:00:00,43344099999,TIRUCHIRAPPALLI,10.767,78.717,29.6,1009.3,52.31
2004-08-26T20:40:00,43344099999,TIRUCHIRAPPALLI,10.767,78.717,29.0,,62.06
2004-08-26T21:00:00,43344099999,TIRUCHIRAPPALLI,10.767,78.717,28.4,1007.2,60.04
2004-08-26T21:40:00,43344099999,TIRUCHIRAPPALLI,10.767,78.717,28.0,,61.84
2004-08-26T22:40:00,43344099999,TIRUCHIRAPPALLI,10.767,78.717,28.0,,65.77
2004-08-26T23:40:00,43344099999,TIRUCHIRAPPALLI,10.767,78.717,27.0,,69.74
2004-08-27T00:00:00,43344099999,TIRUCHIRAPPALLI,10.767,78.717,27.4,1007.0,61.7
2004-08-27T00:40:00,43344099999,TIRUCHIRAPPALLI,10.767,78.717,27.0,,65.56
2004-08-27T01:40:00,43344099999,TIRUCHIRAPPALLI,10.767,78.717,28.0,,65.77
2004-08-27T02:40:00,43344099999,TIRUCHIRAPPALLI,10.767,78.717,29.0,,62.06
2004-08-27T03:00:00,43344099999,TIRUCHIRAPPALLI,10.767,78.717,29.4,1008.5,58.08
2004-08-27T06:00:00,43344099999,TIRUCHIRAPPALLI,10.767,78.717,34.6,1007.0,42.21
2004-08-27T06:40:00,43344099999,TIRUCHIRAPPALLI,10.767,78.717,35.0,,44.18
2004-08-27T07:40:00,43344099999,TIRUCHIRAPPALLI,10.767,78.717,36.0,,41.81
2004-08-27T08:40:00,43344099999,TIRUCHIRAPPALLI,10.767,78.717,36.0,,39.31
2004-08-27T09:00:00,43344099999,TIRUCHIRAPPALLI,10.767,78.717,36.2,1004.0,36.53
2004-08-27T09:40:00,43344099999,TIRUCHIRAPPALLI,10.767,78.717,37.0,,37.21
2004-08-27T11:40:00,43344099999,TIRUCHIRAPPALLI,10.767,78.717,36.0,,44.45
2004-08-27T12:00:00,43344099999,TIRUCHIRAPPALLI,10.767,78.717,35.6,1003.5,36.83
2004-08-27T13:40:00,43344099999,TIRUCHIRAPPALLI,10.767,78.717,33.0,,46.44
2004-08-27T15:00:00,43344099999,TIRUCHIRAPPALLI,10.767,78.717,32.2,1005.9,45.94
2004-08-27T16:40:00,43344099999,TIRUCHIRAPPALLI,10.767,78.717,31.0,,58.81
2004-08-27T18:00:00,43344099999,TIRUCHIRAPPALLI,10.767,78.717,30.0,1007.7,53.73
2004-08-27T21:00:00,43344099999,TIRUCHIRAPPALLI,10.767,78.717,29.4,1006.2,62.15
2004-08-28T00:00:00,43344099999,TIRUCHIRAPPALLI,10.767,78.717,27.0,1006.0,72.35
2004-08-28T00:40:00,43344099999,TIRUCHIRAPPALLI,10.767,78.717,27.0,,74.14
2004-08-28T01:40:00,43344099999,TIRUCHIRAPPALLI,10.767,78.717,28.0,,69.92
2004-08-28T02:40:00,43344099999,TIRUCHIRAPPALLI,10.767,78.717,29.0,,70.11
2004-08-28T03:00:00,43344099999,TIRUCHIRAPPALLI,10.767,78.717,29.0,1007.8,61.68
2004-08-28T03:40:00,43344099999,TIRUCHIRAPPALLI,10.767,78.717,30.0,,62.28
2004-08-28T04:40:00,43344099999,TIRUCHIRAPPALLI,10.767,78.717,31.0,,58.81
2004-08-28T05:40:00,43344099999,TIRUCHIRAPPALLI,10.767,78.717,33.0,,49.4
2004-08-28T06:00:00,43344099999,TIRUCHIRAPPALLI,10.767,78.717,34.6,1007.3,42.21
2004-08-28T06:40:00,43344099999,TIRUCHIRAPPALLI,10.767,78.717,35.0,,41.54
2004-08-28T07:40:00,43344099999,TIRUCHIRAPPALLI,10.767,78.717,36.0,,39.31
2004-08-28T08:40:00,43344099999,TIRUCHIRAPPALLI,10.767,78.717,36.0,,39.31
2004-08-28T09:00:00,43344099999,TIRUCHIRAPPALLI,10.767,78.717,37.0,1004.0,35.63
2004-08-28T09:40:00,43344099999,TIRUCHIRAPPALLI,10.767,78.717,37.0,,37.21
2004-08-28T10:40:00,43344099999,TIRUCHIRAPPALLI,10.767,78.717,37.0,,37.21
2004-08-28T12:40:00,43344099999,TIRUCHIRAPPALLI,10.767,78.717,36.0,,39.31
2004-08-28T13:40:00,43344099999,TIRUCHIRAPPALLI,10.767,78.717,35.0,,39.04
2004-08-28T15:00:00,43344099999,TIRUCHIRAPPALLI,10.767,78.717,33.2,1006.5,50.06
2004-08-28T17:40:00,43344099999,TIRUCHIRAPPALLI,10.77,78.72,30.0,,58.58
2004-08-28T18:00:00,43344099999,TIRUCHIRAPPALLI,10.77,78.72,30.2,1007.9,57.56
2004-08-28T20:40:00,43344099999,TIRUCHIRAPPALLI,10.77,78.72,29.0,,62.06
2004-08-28T21:00:00,43344099999,TIRUCHIRAPPALLI,10.77,78.72,28.4,1006.9,60.04
2004-08-28T21:40:00,43344099999,TIRUCHIRAPPALLI,10.77,78.72,28.0,,65.77
2004-08-28T22:40:00,43344099999,TIRUCHIRAPPALLI,10.77,78.72,27.0,,69.74
2004-08-28T23:40:00,43344099999,TIRUCHIRAPPALLI,10.77,78.72,27.0,,69.74
2004-08-29T00:00:00,43344099999,TIRUCHIRAPPALLI,10.77,78.72,27.2,1007.1,66.83
2004-08-29T01:40:00,43344099999,TIRUCHIRAPPALLI,10.77,78.72,28.0,,65.77
2004-08-29T02:40:00,43344099999,TIRUCHIRAPPALLI,10.77,78.72,28.0,,65.77
2004-08-29T03:00:00,43344099999,TIRUCHIRAPPALLI,10.77,78.72,29.6,1008.6,60.69
2004-08-29T04:40:00,43344099999,TIRUCHIRAPPALLI,10.77,78.72,32.0,,52.27
2004-08-29T05:40:00,43344099999,TIRUCHIRAPPALLI,10.77,78.72,34.0,,46.71
2004-08-29T06:00:00,43344099999,TIRUCHIRAPPALLI,10.77,78.72,34.2,1007.2,47.92
2004-08-29T06:40:00,43344099999,TIRUCHIRAPPALLI,10.77,78.72,35.0,,46.97
2004-08-29T07:40:00,43344099999,TIRUCHIRAPPALLI,10.77,78.72,35.0,,46.97
2004-08-29T08:40:00,43344099999,TIRUCHIRAPPALLI,10.77,78.72,36.0,,44.45
2004-08-29T09:00:00,43344099999,TIRUCHIRAPPALLI,10.77,78.72,37.0,1004.0,32.23
2004-08-29T10:40:00,43344099999,TIRUCHIRAPPALLI,10.77,78.72,36.0,,36.94
2004-08-29T11:40:00,43344099999,TIRUCHIRAPPALLI,10.77,78.72,34.0,,43.91
2004-08-29T12:00:00,43344099999,TIRUCHIRAPPALLI,10.77,78.72,35.8,1003.2,35.97
2004-08-29T13:40:00,43344099999,TIRUCHIRAPPALLI,10.77,78.72,33.0,,46.44
2004-08-29T15:00:00,43344099999,TIRUCHIRAPPALLI,10.77,78.72,31.4,1007.2,54.08
2004-08-29T15:40:00,43344099999,TIRUCHIRAPPALLI,10.77,78.72,28.0,,74.3
2004-08-29T16:40:00,43344099999,TIRUCHIRAPPALLI,10.77,78.72,28.0,,74.3
2004-08-29T18:00:00,43344099999,TIRUCHIRAPPALLI,10.77,78.72,25.0,1009.2,98.23
2004-08-29T18:40:00,43344099999,TIRUCHIRAPPALLI,10.77,78.72,25.0,,94.19
2004-08-29T20:40:00,43344099999,TIRUCHIRAPPALLI,10.77,78.72,27.0,,83.68
2004-08-29T21:00:00,43344099999,TIRUCHIRAPPALLI,10.77,78.72,26.0,1007.8,93.67
2004-08-29T21:40:00,43344099999,TIRUCHIRAPPALLI,10.77,78.72,26.0,,94.23
2004-08-29T22:40:00,43344099999,TIRUCHIRAPPALLI,10.77,78.72,26.0,,94.23
2004-08-29T23:40:00,43344099999,TIRUCHIRAPPALLI,10.77,78.72,26.0,,94.23
2004-08-30T00:00:00,43344099999,TIRUCHIRAPPALLI,10.77,78.72,26.4,1006.6,84.12
2004-08-30T01:40:00,43344099999,TIRUCHIRAPPALLI,10.77,78.72,27.0,,69.74
2004-08-30T03:00:00,43344099999,TIRUCHIRAPPALLI,10.767,78.717,28.4,1007.8,70.42
2004-08-30T06:00:00,43344099999,TIRUCHIRAPPALLI,10.767,78.717,34.4,1007.0,44.02
2004-08-30T06:40:00,43344099999,TIRUCHIRAPPALLI,10.767,78.717,35.0,,41.54
2004-08-30T07:40:00,43344099999,TIRUCHIRAPPALLI,10.767,78.717,36.0,,36.94
2004-08-30T08:40:00,43344099999,TIRUCHIRAPPALLI,10.767,78.717,36.0,,36.94
2004-08-30T09:00:00,43344099999,TIRUCHIRAPPALLI,10.767,78.717,37.4,1004.4,33.58
2004-08-30T12:00:00,43344099999,TIRUCHIRAPPALLI,10.767,78.717,37.0,1003.6,33.89
2004-08-30T14:40:00,43344099999,TIRUCHIRAPPALLI,10.767,78.717,32.0,,59.04
2004-08-30T15:00:00,43344099999,TIRUCHIRAPPALLI,10.767,78.717,32.2,1007.0,69.04
2004-08-30T18:00:00,43344099999,TIRUCHIRAPPALLI,10.767,78.717,28.8,1008.3,67.98
2004-08-30T18:40:00,43344099999,TIRUCHIRAPPALLI,10.767,78.717,29.0,,65.98
2004-08-30T21:00:00,43344099999,TIRUCHIRAPPALLI,10.767,78.717,28.8,1007.8,60.13
2004-08-31T00:00:00,43344099999,TIRUCHIRAPPALLI,10.767,78.717,27.0,1007.7,69.74
2004-08-31T00:40:00,43344099999,TIRUCHIRAPPALLI,10.767,78.717,27.0,,69.74
2004-08-31T02:40:00,43344099999,TIRUCHIRAPPALLI,10.767,78.717,28.0,,69.92
2004-08-31T03:00:00,43344099999,TIRUCHIRAPPALLI,10.767,78.717,28.4,1008.8,61.17
2004-08-31T05:40:00,43344099999,TIRUCHIRAPPALLI,10.767,78.717,33.0,,49.4
2004-08-31T06:00:00,43344099999,TIRUCHIRAPPALLI,10.767,78.717,34.0,1007.6,44.74
2004-08-31T06:40:00,43344099999,TIRUCHIRAPPALLI,10.767,78.717,35.0,,44.18
2004-08-31T07:40:00,43344099999,TIRUCHIRAPPALLI,10.767,78.717,36.0,,41.81
2004-08-31T09:00:00,43344099999,TIRUCHIRAPPALLI,10.767,78.717,36.2,1004.3,38.4
2004-08-31T11:40:00,43344099999,TIRUCHIRAPPALLI,10.767,78.717,31.0,,55.32
2004-08-31T12:00:00,43344099999,TIRUCHIRAPPALLI,10.767,78.717,31.4,1004.0,54.08
2004-08-31T15:00:00,43344099999,TIRUCHIRAPPALLI,10.767,78.717,31.0,1007.2,62.12
2004-08-31T18:00:00,43344099999,TIRUCHIRAPPALLI,10.767,78.717,29.4,1008.0,55.62
2004-08-31T20:40:00,43344099999,TIRUCHIRAPPALLI,10.767,78.717,29.0,,65.98
2004-08-31T21:00:00,43344099999,TIRUCHIRAPPALLI,10.767,78.717,29.0,1006.4,64.38
2004-08-31T21:40:00,43344099999,TIRUCHIRAPPALLI,10.767,78.717,29.0,,65.98
2004-08-31T23:40:00,43344099999,TIRUCHIRAPPALLI,10.767,78.717,27.0,,78.78
2004-09-01T00:00:00,43344099999,TIRUCHIRAPPALLI,10.767,78.717,27.4,1006.4,67.29
2004-09-01T00:40:00,43344099999,TIRUCHIRAPPALLI,10.767,78.717,27.0,,65.56
2004-09-01T01:40:00,43344099999,TIRUCHIRAPPALLI,10.767,78.717,28.0,,61.84
2004-09-01T02:40:00,43344099999,TIRUCHIRAPPALLI,10.767,78.717,29.0,,62.06
2004-09-01T03:00:00,43344099999,TIRUCHIRAPPALLI,10.767,78.717,29.0,1007.7,61.68
2004-09-01T03:40:00,43344099999,TIRUCHIRAPPALLI,10.767,78.717,30.0,,58.58
2004-09-01T04:40:00,43344099999,TIRUCHIRAPPALLI,10.767,78.717,33.0,,46.44
2004-09-01T05:40:00,43344099999,TIRUCHIRAPPALLI,10.767,78.717,34.0,,43.91
2004-09-01T06:00:00,43344099999,TIRUCHIRAPPALLI,10.767,78.717,35.0,1006.6,40.77
2004-09-01T06:40:00,43344099999,TIRUCHIRAPPALLI,10.767,78.717,36.0,,41.81
2004-09-01T07:40:00,43344099999,TIRUCHIRAPPALLI,10.767,78.717,36.0,,41.81
2004-09-01T09:00:00,43344099999,TIRUCHIRAPPALLI,10.767,78.717,37.4,1003.5,31.73
2004-09-01T09:40:00,43344099999,TIRUCHIRAPPALLI,10.767,78.717,38.0,,37.48
2004-09-01T12:00:00,43344099999,TIRUCHIRAPPALLI,10.767,78.717,37.6,1003.0,28.73
2004-09-01T12:40:00,43344099999,TIRUCHIRAPPALLI,10.767,78.717,36.0,,36.94
2004-09-01T15:00:00,43344099999,TIRUCHIRAPPALLI,10.767,78.717,32.4,1006.2,55.32
2004-09-01T15:40:00,43344099999,TIRUCHIRAPPALLI,10.767,78.717,31.0,,62.5
2004-09-01T18:00:00,43344099999,TIRUCHIRAPPALLI,10.767,78.717,28.6,1007.5,58.62
2004-09-01T21:00:00,43344099999,TIRUCHIRAPPALLI,10.767,78.717,27.4,1006.7,62.86
2004-09-01T23:40:00,43344099999,TIRUCHIRAPPALLI,10.767,78.717,28.0,,74.3
2004-09-02T00:00:00,43344099999,TIRUCHIRAPPALLI,10.767,78.717,27.0,1006.6,78.31
2004-09-02T00:40:00,43344099999,TIRUCHIRAPPALLI,10.767,78.717,27.0,,78.78
2004-09-02T02:40:00,43344099999,TIRUCHIRAPPALLI,10.767,78.717,29.0,,65.98
2004-09-02T03:00:00,43344099999,TIRUCHIRAPPALLI,10.767,78.717,29.4,1008.5,62.15
2004-09-02T03:40:00,43344099999,TIRUCHIRAPPALLI,10.767,78.717,30.0,,58.58
2004-09-02T04:40:00,43344099999,TIRUCHIRAPPALLI,10.767,78.717,33.0,,49.4
2004-09-02T05:40:00,43344099999,TIRUCHIRAPPALLI,10.767,78.717,34.0,,46.71
2004-09-02T06:00:00,43344099999,TIRUCHIRAPPALLI,10.767,78.717,34.8,1007.3,48.37
2004-09-02T06:40:00,43344099999,TIRUCHIRAPPALLI,10.767,78.717,36.0,,44.45
2004-09-02T09:00:00,43344099999,TIRUCHIRAPPALLI,10.767,78.717,37.6,1004.3,32.8
2004-09-02T09:40:00,43344099999,TIRUCHIRAPPALLI,10.767,78.717,38.0,,35.24
2004-09-02T13:40:00,43344099999,TIRUCHIRAPPALLI,10.767,78.717,33.0,,49.4
2004-09-02T15:00:00,43344099999,TIRUCHIRAPPALLI,10.767,78.717,30.6,1007.7,58.01
2004-09-02T18:00:00,43344099999,TIRUCHIRAPPALLI,10.767,78.717,27.6,1009.2,71.58
2004-09-02T21:00:00,43344099999,TIRUCHIRAPPALLI,10.767,78.717,26.6,1008.6,79.69
2004-09-02T22:40:00,43344099999,TIRUCHIRAPPALLI,10.767,78.717,26.0,,83.57
2004-09-03T00:00:00,43344099999,TIRUCHIRAPPALLI,10.767,78.717,26.4,1009.2,77.74
2004-09-03T00:40:00,43344099999,TIRUCHIRAPPALLI,10.767,78.717,27.0,,69.74
2004-09-03T03:00:00,43344099999,TIRUCHIRAPPALLI,10.767,78.717,29.4,1010.1,63.3
2004-09-03T03:40:00,43344099999,TIRUCHIRAPPALLI,10.767,78.717,30.0,,58.58
2004-09-03T06:00:00,43344099999,TIRUCHIRAPPALLI,10.767,78.717,34.8,1008.6,44.4
2004-09-03T06:40:00,43344099999,TIRUCHIRAPPALLI,10.767,78.717,36.0,,44.45
2004-09-03T07:40:00,43344099999,TIRUCHIRAPPALLI,10.767,78.717,37.0,,39.58
2004-09-03T08:40:00,43344099999,TIRUCHIRAPPALLI,10.767,78.717,38.0,,37.48
2004-09-03T09:00:00,43344099999,TIRUCHIRAPPALLI,10.767,78.717,35.6,1006.0,36.83
2004-09-03T09:40:00,43344099999,TIRUCHIRAPPALLI,10.767,78.717,37.0,,37.21
2004-09-03T10:40:00,43344099999,TIRUCHIRAPPALLI,10.767,78.717,37.0,,37.21
2004-09-03T11:40:00,43344099999,TIRUCHIRAPPALLI,10.767,78.717,36.0,,39.31
2004-09-03T12:00:00,43344099999,TIRUCHIRAPPALLI,10.767,78.717,34.6,1004.8,40.41
2004-09-03T15:00:00,43344099999,TIRUCHIRAPPALLI,10.767,78.717,30.6,1008.2,52.23
2004-09-03T17:40:00,43344099999,TIRUCHIRAPPALLI,10.767,78.717,28.0,,61.84
2004-09-03T18:00:00,43344099999,TIRUCHIRAPPALLI,10.767,78.717,27.8,1008.7,63.34
2004-09-03T21:00:00,43344099999,TIRUCHIRAPPALLI,10.767,78.717,27.6,1007.3,65.69
2004-09-03T23:40:00,43344099999,TIRUCHIRAPPALLI,10.767,78.717,28.0,,65.77
2004-09-04T00:00:00,43344099999,TIRUCHIRAPPALLI,10.767,78.717,27.6,1007.4,65.69
2004-09-04T00:40:00,43344099999,TIRUCHIRAPPALLI,10.767,78.717,27.0,,69.74
2004-09-04T01:40:00,43344099999,TIRUCHIRAPPALLI,10.767,78.717,28.0,,69.92
2004-09-04T02:40:00,43344099999,TIRUCHIRAPPALLI,10.767,78.717,29.0,,65.98
2004-09-04T03:00:00,43344099999,TIRUCHIRAPPALLI,10.767,78.717,29.0,1008.4,68.02
2004-09-04T03:40:00,43344099999,TIRUCHIRAPPALLI,10.767,78.717,30.0,,62.28
2004-09-04T04:40:00,43344099999,TIRUCHIRAPPALLI,10.767,78.717,32.0,,55.56
2004-09-04T05:40:00,43344099999,TIRUCHIRAPPALLI,10.767,78.717,33.0,,52.52
2004-09-04T06:00:00,43344099999,TIRUCHIRAPPALLI,10.767,78.717,33.6,1008.1,51.4
2004-09-04T06:40:00,43344099999,TIRUCHIRAPPALLI,10.767,78.717,35.0,,46.97
2004-09-04T07:40:00,43344099999,TIRUCHIRAPPALLI,10.767,78.717,35.0,,44.18
2004-09-04T09:00:00,43344099999,TIRUCHIRAPPALLI,10.767,78.717,35.6,1004.0,40.43
2004-09-04T09:40:00,43344099999,TIRUCHIRAPPALLI,10.767,78.717,36.0,,41.81
2004-09-04T11:40:00,43344099999,TIRUCHIRAPPALLI,10.767,78.717,33.0,,52.52
2004-09-04T12:00:00,43344099999,TIRUCHIRAPPALLI,10.767,78.717,32.2,1003.5,51.36
2004-09-04T13:40:00,43344099999,TIRUCHIRAPPALLI,10.767,78.717,29.0,,65.98
2004-09-04T15:00:00,43344099999,TIRUCHIRAPPALLI,10.767,78.717,28.0,1007.7,72.96
2004-09-04T18:00:00,43344099999,TIRUCHIRAPPALLI,10.767,78.717,24.4,1008.0,98.22
2004-09-04T18:40:00,43344099999,TIRUCHIRAPPALLI,10.767,78.717,25.0,,94.19
2004-09-04T19:40:00,43344099999,TIRUCHIRAPPALLI,10.767,78.717,25.0,,94.19
2004-09-04T20:40:00,43344099999,TIRUCHIRAPPALLI,10.767,78.717,25.0,,
2004-09-04T21:00:00,43344099999,TIRUCHIRAPPALLI,10.767,78.717,24.6,1006.0,94.74
2004-09-04T22:40:00,43344099999,TIRUCHIRAPPALLI,10.767,78.717,25.0,,94.19
2004-09-04T23:40:00,43344099999,TIRUCHIRAPPALLI,10.767,78.717,25.0,,94.19
2004-09-05T00:00:00,43344099999,TIRUCHIRAPPALLI,10.767,78.717,25.4,1005.6,88.18
2004-09-05T01:40:00,43344099999,TIRUCHIRAPPALLI,10.767,78.717,26.0,,88.76
2004-09-05T02:40:00,43344099999,TIRUCHIRAPPALLI,10.767,78.717,27.0,,78.78
2004-09-05T03:00:00,43344099999,TIRUCHIRAPPALLI,10.767,78.717,27.2,1007.1,74.17
2004-09-05T03:40:00,43344099999,TIRUCHIRAPPALLI,10.767,78.717,28.0,,69.92
2004-09-05T04:40:00,43344099999,TIRUCHIRAPPALLI,10.767,78.717,30.0,,62.28
2004-09-05T05:40:00,43344099999,TIRUCHIRAPPALLI,10.767,78.717,32.0,,55.56
2004-09-05T06:00:00,43344099999,TIRUCHIRAPPALLI,10.767,78.717,31.8,1007.0,55.52
2004-09-05T06:40:00,43344099999,TIRUCHIRAPPALLI,10.767,78.717,32.0,,55.56
2004-09-05T07:40:00,43344099999,TIRUCHIRAPPALLI,10.767,78.717,34.0,,49.66
2004-09-05T08:40:00,43344099999,TIRUCHIRAPPALLI,10.767,78.717,34.0,,46.71
2004-09-05T09:00:00,43344099999,TIRUCHIRAPPALLI,10.767,78.717,35.4,1003.3,37.47
2004-09-05T09:40:00,43344099999,TIRUCHIRAPPALLI,10.767,78.717,35.0,,41.54
2004-09-05T10:40:00,43344099999,TIRUCHIRAPPALLI,10.767,78.717,34.0,,46.71
2004-09-05T11:40:00,43344099999,TIRUCHIRAPPALLI,10.767,78.717,33.0,,49.4
2004-09-05T12:00:00,43344099999,TIRUCHIRAPPALLI,10.767,78.717,32.6,1003.0,49.6
2004-09-05T13:40:00,43344099999,TIRUCHIRAPPALLI,10.767,78.717,31.0,,58.81
2004-09-05T14:40:00,43344099999,TIRUCHIRAPPALLI,10.767,78.717,29.0,,74.47
2004-09-05T15:00:00,43344099999,TIRUCHIRAPPALLI,10.767,78.717,28.6,1006.1,67.94
2004-09-05T15:40:00,43344099999,TIRUCHIRAPPALLI,10.767,78.717,28.0,,74.3
2004-09-05T16:40:00,43344099999,TIRUCHIRAPPALLI,10.767,78.717,28.0,,74.3
2004-09-05T17:40:00,43344099999,TIRUCHIRAPPALLI,10.767,78.717,27.0,,78.78
2004-09-05T18:00:00,43344099999,TIRUCHIRAPPALLI,10.767,78.717,28.4,1006.9,80.41
2004-09-05T18:40:00,43344099999,TIRUCHIRAPPALLI,10.767,78.717,28.0,,78.92
2004-09-05T19:40:00,43344099999,TIRUCHIRAPPALLI,10.767,78.717,27.0,,83.68
2004-09-05T20:40:00,43344099999,TIRUCHIRAPPALLI,10.767,78.717,27.0,,83.68
2004-09-05T21:00:00,43344099999,TIRUCHIRAPPALLI,10.767,78.717,27.4,1005.5,60.18
2004-09-05T22:40:00,43344099999,TIRUCHIRAPPALLI,10.767,78.717,27.0,,65.56
2004-09-05T23:40:00,43344099999,TIRUCHIRAPPALLI,10.767,78.717,27.0,,69.74
2004-09-06T00:00:00,43344099999,TIRUCHIRAPPALLI,10.767,78.717,26.4,1005.8,76.34
2004-09-06T00:40:00,43344099999,TIRUCHIRAPPALLI,10.767,78.717,27.0,,69.74
2004-09-06T03:00:00,43344099999,TIRUCHIRAPPALLI,10.767,78.717,26.6,1008.3,82.63
2004-09-06T04:40:00,43344099999,TIRUCHIRAPPALLI,10.767,78.717,28.0,,74.3
2004-09-06T05:40:00,43344099999,TIRUCHIRAPPALLI,10.767,78.717,29.0,,70.11
2004-09-06T06:00:00,43344099999,TIRUCHIRAPPALLI,10.767,78.717,29.6,1008.7,62.19
2004-09-06T06:40:00,43344099999,TIRUCHIRAPPALLI,10.767,78.717,30.0,,62.28
2004-09-06T07:40:00,43344099999,TIRUCHIRAPPALLI,10.767,78.717,31.0,,58.81
2004-09-06T08:40:00,43344099999,TIRUCHIRAPPALLI,10.767,78.717,32.0,,55.56
2004-09-06T09:00:00,43344099999,TIRUCHIRAPPALLI,10.767,78.717,32.0,1005.7,48.84
2004-09-06T12:00:00,43344099999,TIRUCHIRAPPALLI,10.767,78.717,31.0,1005.5,52.34
2004-09-06T12:40:00,43344099999,TIRUCHIRAPPALLI,10.767,78.717,31.0,,55.32
2004-09-06T13:40:00,43344099999,TIRUCHIRAPPALLI,10.767,78.717,30.0,,58.58
2004-09-06T15:00:00,43344099999,TIRUCHIRAPPALLI,10.767,78.717,28.8,1007.8,74.88
2004-09-06T15:40:00,43344099999,TIRUCHIRAPPALLI,10.767,78.717,29.0,,74.47
2004-09-06T16:40:00,43344099999,TIRUCHIRAPPALLI,10.767,78.717,28.0,,78.92
2004-09-06T18:00:00,43344099999,TIRUCHIRAPPALLI,10.767,78.717,27.8,1008.3,78.42
2004-09-06T18:40:00,43344099999,TIRUCHIRAPPALLI,10.767,78.717,28.0,,74.3
2004-09-06T21:00:00,43344099999,TIRUCHIRAPPALLI,10.767,78.717,27.4,1007.0,74.2
2004-09-07T00:00:00,43344099999,TIRUCHIRAPPALLI,10.767,78.717,26.8,1007.6,70.99
2004-09-07T01:40:00,43344099999,TIRUCHIRAPPALLI,10.767,78.717,27.0,,69.74
2004-09-07T02:40:00,43344099999,TIRUCHIRAPPALLI,10.767,78.717,27.0,,69.74
2004-09-07T03:00:00,43344099999,TIRUCHIRAPPALLI,10.767,78.717,27.6,1009.8,69.85
2004-09-07T03:40:00,43344099999,TIRUCHIRAPPALLI,10.767,78.717,29.0,,62.06
2004-09-07T04:40:00,43344099999,TIRUCHIRAPPALLI,10.767,78.717,31.0,,52.01
2004-09-07T05:40:00,43344099999,TIRUCHIRAPPALLI,10.767,78.717,32.0,,52.27
2004-09-07T06:00:00,43344099999,TIRUCHIRAPPALLI,10.767,78.717,32.8,1009.2,51.83
2004-09-07T07:40:00,43344099999,TIRUCHIRAPPALLI,10.767,78.717,33.0,,52.52
2004-09-07T08:40:00,43344099999,TIRUCHIRAPPALLI,10.767,78.717,34.0,,49.66
2004-09-07T09:00:00,43344099999,TIRUCHIRAPPALLI,10.767,78.717,34.0,1006.2,44.74
2004-09-07T09:40:00,43344099999,TIRUCHIRAPPALLI,10.767,78.717,34.0,,49.66
2004-09-07T10:40:00,43344099999,TIRUCHIRAPPALLI,10.767,78.717,34.0,,49.66
2004-09-07T11:40:00,43344099999,TIRUCHIRAPPALLI,10.767,78.717,33.0,,52.52
2004-09-07T12:00:00,43344099999,TIRUCHIRAPPALLI,10.767,78.717,32.0,1005.6,60.13
2004-09-07T12:40:00,43344099999,TIRUCHIRAPPALLI,10.767,78.717,30.0,,66.18
2004-09-07T14:40:00,43344099999,TIRUCHIRAPPALLI,10.767,78.717,29.0,,74.47
2004-09-07T15:00:00,43344099999,TIRUCHIRAPPALLI,10.767,78.717,29.0,1008.7,66.79
2004-09-07T15:40:00,43344099999,TIRUCHIRAPPALLI,10.767,78.717,29.0,,70.11
2004-09-07T16:40:00,43344099999,TIRUCHIRAPPALLI,10.767,78.717,29.0,,70.11
2004-09-07T18:00:00,43344099999,TIRUCHIRAPPALLI,10.767,78.717,28.0,1009.6,78.45
2004-09-07T18:40:00,43344099999,TIRUCHIRAPPALLI,10.767,78.717,28.0,,74.3
2004-09-07T20:40:00,43344099999,TIRUCHIRAPPALLI,10.767,78.717,28.0,,74.3
2004-09-07T21:00:00,43344099999,TIRUCHIRAPPALLI,10.767,78.717,27.6,1008.6,76.98
2004-09-07T21:40:00,43344099999,TIRUCHIRAPPALLI,10.767,78.717,28.0,,78.92
2004-09-07T22:40:00,43344099999,TIRUCHIRAPPALLI,10.767,78.717,27.0,,83.68
2004-09-07T23:40:00,43344099999,TIRUCHIRAPPALLI,10.767,78.717,27.0,,83.68
2004-09-08T00:00:00,43344099999,TIRUCHIRAPPALLI,10.767,78.717,26.0,1009.0,87.17
2004-09-08T00:40:00,43344099999,TIRUCHIRAPPALLI,10.767,78.717,26.0,,88.76
2004-09-08T01:40:00,43344099999,TIRUCHIRAPPALLI,10.767,78.717,27.0,,78.78
2004-09-08T02:40:00,43344099999,TIRUCHIRAPPALLI,10.767,78.717,28.0,,74.3
2004-09-08T03:00:00,43344099999,TIRUCHIRAPPALLI,10.767,78.717,28.6,1010.6,69.19
2004-09-08T04:40:00,43344099999,TIRUCHIRAPPALLI,10.767,78.717,32.0,,52.27
2004-09-08T05:40:00,43344099999,TIRUCHIRAPPALLI,10.767,78.717,33.0,,49.4
2004-09-08T06:00:00,43344099999,TIRUCHIRAPPALLI,10.767,78.717,32.8,1009.5,50.89
2004-09-08T06:40:00,43344099999,TIRUCHIRAPPALLI,10.767,78.717,34.0,,49.66
2004-09-08T07:40:00,43344099999,TIRUCHIRAPPALLI,10.767,78.717,35.0,,44.18
2004-09-08T08:40:00,43344099999,TIRUCHIRAPPALLI,10.767,78.717,33.0,,52.52
2004-09-08T09:00:00,43344099999,TIRUCHIRAPPALLI,10.767,78.717,34.0,1006.4,48.75
2004-09-08T12:00:00,43344099999,TIRUCHIRAPPALLI,10.767,78.717,34.4,1005.7,42.95
2004-09-08T15:00:00,43344099999,TIRUCHIRAPPALLI,10.767,78.717,24.0,1010.4,94.72
2004-09-08T16:40:00,43344099999,TIRUCHIRAPPALLI,10.767,78.717,24.0,,94.15
2004-09-08T18:00:00,43344099999,TIRUCHIRAPPALLI,10.767,78.717,24.4,1010.8,96.46
2004-09-08T20:40:00,43344099999,TIRUCHIRAPPALLI,10.767,78.717,25.0,,94.19
2004-09-08T21:00:00,43344099999,TIRUCHIRAPPALLI,10.767,78.717,25.0,1008.6,94.76
2004-09-08T23:40:00,43344099999,TIRUCHIRAPPALLI,10.767,78.717,25.0,,94.19
2004-09-09T00:00:00,43344099999,TIRUCHIRAPPALLI,10.767,78.717,25.4,1008.6,91.42
2004-09-09T00:40:00,43344099999,TIRUCHIRAPPALLI,10.767,78.717,25.0,,94.19
2004-09-09T02:40:00,43344099999,TIRUCHIRAPPALLI,10.767,78.717,27.0,,78.78
2004-09-09T03:00:00,43344099999,TIRUCHIRAPPALLI,10.767,78.717,27.0,1010.3,82.68
2004-09-09T03:40:00,43344099999,TIRUCHIRAPPALLI,10.767,78.717,29.0,,70.11
2004-09-09T04:40:00,43344099999,TIRUCHIRAPPALLI,10.767,78.717,30.0,,66.18
2004-09-09T05:40:00,43344099999,TIRUCHIRAPPALLI,10.767,78.717,31.0,,62.5
2004-09-09T06:00:00,43344099999,TIRUCHIRAPPALLI,10.767,78.717,30.6,1009.7,60.54
2004-09-09T06:40:00,43344099999,TIRUCHIRAPPALLI,10.767,78.717,32.0,,59.04
2004-09-09T07:40:00,43344099999,TIRUCHIRAPPALLI,10.767,78.717,33.0,,52.52
2004-09-09T08:40:00,43344099999,TIRUCHIRAPPALLI,10.767,78.717,34.0,,49.66
2004-09-09T09:00:00,43344099999,TIRUCHIRAPPALLI,10.767,78.717,33.4,1005.7,50.11
2004-09-09T10:40:00,43344099999,TIRUCHIRAPPALLI,10.767,78.717,34.0,,49.66
2004-09-09T12:00:00,43344099999,TIRUCHIRAPPALLI,10.767,78.717,29.6,1005.4,50.06
2004-09-09T15:00:00,43344099999,TIRUCHIRAPPALLI,10.767,78.717,25.0,1009.3,91.4
2004-09-09T16:40:00,43344099999,TIRUCHIRAPPALLI,10.767,78.717,25.0,,94.19
2004-09-09T18:00:00,43344099999,TIRUCHIRAPPALLI,10.767,78.717,25.4,1010.0,93.09
2004-09-09T18:40:00,43344099999,TIRUCHIRAPPALLI,10.767,78.717,25.0,,94.19
2004-09-09T20:40:00,43344099999,TIRUCHIRAPPALLI,10.767,78.717,26.0,,88.76
2004-09-09T21:00:00,43344099999,TIRUCHIRAPPALLI,10.767,78.717,26.0,1008.3,87.17
2004-09-09T21:40:00,43344099999,TIRUCHIRAPPALLI,10.767,78.717,26.0,,88.76
2004-09-09T22:40:00,43344099999,TIRUCHIRAPPALLI,10.767,78.717,26.0,,88.76
2004-09-09T23:40:00,43344099999,TIRUCHIRAPPALLI,10.767,78.717,26.0,,88.76
2004-09-10T00:00:00,43344099999,TIRUCHIRAPPALLI,10.767,78.717,26.0,1008.1,71.73
2004-09-10T01:40:00,43344099999,TIRUCHIRAPPALLI,10.767,78.717,27.0,,69.74
2004-09-10T03:00:00,43344099999,TIRUCHIRAPPALLI,10.767,78.717,27.0,1010.5,71.91
2004-09-10T03:40:00,43344099999,TIRUCHIRAPPALLI,10.767,78.717,28.0,,69.92
2004-09-10T05:40:00,43344099999,TIRUCHIRAPPALLI,10.767,78.717,30.0,,58.58
2004-09-10T06:00:00,43344099999,TIRUCHIRAPPALLI,10.767,78.717,30.6,1010.1,59.08
2004-09-10T06:40:00,43344099999,TIRUCHIRAPPALLI,10.767,78.717,31.0,,58.81
2004-09-10T07:40:00,43344099999,TIRUCHIRAPPALLI,10.767,78.717,32.0,,55.56
2004-09-10T08:40:00,43344099999,TIRUCHIRAPPALLI,10.767,78.717,33.0,,52.52
2004-09-10T09:00:00,43344099999,TIRUCHIRAPPALLI,10.767,78.717,33.4,1007.0,48.01
2004-09-10T09:40:00,43344099999,TIRUCHIRAPPALLI,10.767,78.717,33.0,,52.52
2004-09-10T12:00:00,43344099999,TIRUCHIRAPPALLI,10.767,78.717,32.4,1006.4,56.0
2004-09-10T12:40:00,43344099999,TIRUCHIRAPPALLI,10.767,78.717,29.0,,70.11
2004-09-10T13:40:00,43344099999,TIRUCHIRAPPALLI,10.767,78.717,29.0,,70.11
2004-09-10T15:00:00,43344099999,TIRUCHIRAPPALLI,10.767,78.717,30.0,1009.5,56.11
2004-09-10T15:40:00,43344099999,TIRUCHIRAPPALLI,10.767,78.717,29.0,,65.98
2004-09-10T18:00:00,43344099999,TIRUCHIRAPPALLI,10.767,78.717,28.6,1010.5,62.74
2004-09-10T21:00:00,43344099999,TIRUCHIRAPPALLI,10.767,78.717,27.0,1007.9,69.74
2004-09-11T00:00:00,43344099999,TIRUCHIRAPPALLI,10.767,78.717,26.6,1008.4,72.28
2004-09-11T00:40:00,43344099999,TIRUCHIRAPPALLI,10.767,78.717,27.0,,74.14
2004-09-11T01:40:00,43344099999,TIRUCHIRAPPALLI,10.767,78.717,28.0,,69.92
2004-09-11T02:40:00,43344099999,TIRUCHIRAPPALLI,10.767,78.717,28.0,,69.92
2004-09-11T03:00:00,43344099999,TIRUCHIRAPPALLI,10.767,78.717,28.4,1010.4,63.86
2004-09-11T03:40:00,43344099999,TIRUCHIRAPPALLI,10.767,78.717,29.0,,62.06
2004-09-11T04:40:00,43344099999,TIRUCHIRAPPALLI,10.767,78.717,31.0,,52.01
2004-09-11T06:00:00,43344099999,TIRUCHIRAPPALLI,10.767,78.717,32.6,1009.2,49.6
2004-09-11T06:40:00,43344099999,TIRUCHIRAPPALLI,10.767,78.717,33.0,,49.4
2004-09-11T07:40:00,43344099999,TIRUCHIRAPPALLI,10.767,78.717,34.0,,46.71
2004-09-11T08:40:00,43344099999,TIRUCHIRAPPALLI,10.767,78.717,34.0,,
2004-09-11T09:00:00,43344099999,TIRUCHIRAPPALLI,10.767,78.717,33.6,1006.4,47.18
2004-09-11T09:40:00,43344099999,TIRUCHIRAPPALLI,10.767,78.717,34.0,,49.66
2004-09-11T10:40:00,43344099999,TIRUCHIRAPPALLI,10.767,78.717,33.0,,52.52
2004-09-11T12:00:00,43344099999,TIRUCHIRAPPALLI,10.767,78.717,32.6,1005.3,46.34
2004-09-11T12:40:00,43344099999,TIRUCHIRAPPALLI,10.767,78.717,32.0,,52.27
2004-09-11T13:40:00,43344099999,TIRUCHIRAPPALLI,10.767,78.717,30.0,,62.28
2004-09-11T15:00:00,43344099999,TIRUCHIRAPPALLI,10.767,78.717,25.6,1009.0,96.49
2004-09-11T16:40:00,43344099999,TIRUCHIRAPPALLI,10.767,78.717,27.0,,83.68
2004-09-11T18:00:00,43344099999,TIRUCHIRAPPALLI,10.767,78.717,26.6,1009.3,90.95
2004-09-11T21:00:00,43344099999,TIRUCHIRAPPALLI,10.767,78.717,26.0,1007.6,84.07
2004-09-11T21:40:00,43344099999,TIRUCHIRAPPALLI,10.767,78.717,26.0,,83.57
2004-09-11T22:40:00,43344099999,TIRUCHIRAPPALLI,10.767,78.717,25.0,,88.68
2004-09-11T23:40:00,43344099999,TIRUCHIRAPPALLI,10.767,78.717,25.0,,83.45
2004-09-12T00:00:00,43344099999,TIRUCHIRAPPALLI,10.767,78.717,25.6,1007.8,87.14
2004-09-12T00:40:00,43344099999,TIRUCHIRAPPALLI,10.767,78.717,26.0,,73.97
2004-09-12T01:40:00,43344099999,TIRUCHIRAPPALLI,10.767,78.717,26.0,,73.97
2004-09-12T02:40:00,43344099999,TIRUCHIRAPPALLI,10.77,78.72,27.0,,74.14
2004-09-12T03:00:00,43344099999,TIRUCHIRAPPALLI,10.77,78.72,26.4,1010.3,77.74
2004-09-12T04:40:00,43344099999,TIRUCHIRAPPALLI,10.77,78.72,29.0,,65.98
2004-09-12T05:40:00,43344099999,TIRUCHIRAPPALLI,10.77,78.72,31.0,,58.81
2004-09-12T06:00:00,43344099999,TIRUCHIRAPPALLI,10.77,78.72,29.8,1009.9,61.1
2004-09-12T06:40:00,43344099999,TIRUCHIRAPPALLI,10.77,78.72,31.0,,58.81
2004-09-12T07:40:00,43344099999,TIRUCHIRAPPALLI,10.77,78.72,32.0,,55.56
2004-09-12T08:40:00,43344099999,TIRUCHIRAPPALLI,10.77,78.72,33.0,,52.52
2004-09-12T09:00:00,43344099999,TIRUCHIRAPPALLI,10.77,78.72,32.8,1006.5,45.53
2004-09-12T12:00:00,43344099999,TIRUCHIRAPPALLI,10.77,78.72,32.6,1006.1,45.2
2004-09-12T12:40:00,43344099999,TIRUCHIRAPPALLI,10.77,78.72,31.0,,55.32
2004-09-12T14:40:00,43344099999,TIRUCHIRAPPALLI,10.77,78.72,29.0,,65.98
2004-09-12T15:00:00,43344099999,TIRUCHIRAPPALLI,10.77,78.72,29.4,1008.9,68.51
2004-09-12T18:00:00,43344099999,TIRUCHIRAPPALLI,10.767,78.717,28.4,1009.9,74.82
2004-09-12T20:40:00,43344099999,TIRUCHIRAPPALLI,10.767,78.717,28.0,,78.92
2004-09-12T21:00:00,43344099999,TIRUCHIRAPPALLI,10.767,78.717,27.4,1009.1,78.36
2004-09-12T23:40:00,43344099999,TIRUCHIRAPPALLI,10.767,78.717,27.0,,78.78
2004-09-13T00:00:00,43344099999,TIRUCHIRAPPALLI,10.767,78.717,26.0,1009.0,87.17
2004-09-13T01:40:00,43344099999,TIRUCHIRAPPALLI,10.767,78.717,27.0,,65.56
2004-09-13T02:40:00,43344099999,TIRUCHIRAPPALLI,10.767,78.717,28.0,,65.77
2004-09-13T03:00:00,43344099999,TIRUCHIRAPPALLI,10.767,78.717,28.6,1010.6,69.19
2004-09-13T03:40:00,43344099999,TIRUCHIRAPPALLI,10.767,78.717,29.0,,70.11
2004-09-13T06:00:00,43344099999,TIRUCHIRAPPALLI,10.767,78.717,32.8,1009.5,50.89
2004-09-13T07:40:00,43344099999,TIRUCHIRAPPALLI,10.767,78.717,35.0,,46.97
2004-09-13T08:40:00,43344099999,TIRUCHIRAPPALLI,10.767,78.717,35.0,,46.97
2004-09-13T09:00:00,43344099999,TIRUCHIRAPPALLI,10.767,78.717,34.0,1006.4,48.75
2004-09-13T09:40:00,43344099999,TIRUCHIRAPPALLI,10.767,78.717,36.0,,41.81
2004-09-13T11:40:00,43344099999,TIRUCHIRAPPALLI,10.767,78.717,35.0,,44.18
2004-09-13T12:00:00,43344099999,TIRUCHIRAPPALLI,10.767,78.717,35.4,1006.9,39.39
2004-09-13T12:40:00,43344099999,TIRUCHIRAPPALLI,10.767,78.717,34.0,,46.71
2004-09-13T13:40:00,43344099999,TIRUCHIRAPPALLI,10.767,78.717,32.0,,55.56
2004-09-13T15:00:00,43344099999,TIRUCHIRAPPALLI,10.767,78.717,29.4,1010.1,68.51
2004-09-13T18:00:00,43344099999,TIRUCHIRAPPALLI,10.767,78.717,24.2,1012.9,98.21
2004-09-13T21:00:00,43344099999,TIRUCHIRAPPALLI,10.767,78.717,24.4,1010.6,96.46
2004-09-13T23:40:00,43344099999,TIRUCHIRAPPALLI,10.767,78.717,24.0,,100.0
2004-09-14T00:00:00,43344099999,TIRUCHIRAPPALLI,10.767,78.717,24.6,1011.3,98.22
2004-09-14T00:40:00,43344099999,TIRUCHIRAPPALLI,10.767,78.717,25.0,,83.45
2004-09-14T01:40:00,43344099999,TIRUCHIRAPPALLI,10.767,78.717,26.0,,83.57
2004-09-14T02:40:00,43344099999,TIRUCHIRAPPALLI,10.767,78.717,27.0,,78.78
2004-09-14T03:00:00,43344099999,TIRUCHIRAPPALLI,10.767,78.717,26.4,1011.7,87.21
2004-09-14T03:40:00,43344099999,TIRUCHIRAPPALLI,10.767,78.717,28.0,,78.92
2004-09-14T04:40:00,43344099999,TIRUCHIRAPPALLI,10.767,78.717,30.0,,66.18
2004-09-14T05:40:00,43344099999,TIRUCHIRAPPALLI,10.767,78.717,31.0,,62.5
2004-09-14T06:00:00,43344099999,TIRUCHIRAPPALLI,10.767,78.717,31.0,1010.3,64.41
2004-09-14T06:40:00,43344099999,TIRUCHIRAPPALLI,10.767,78.717,32.0,,62.71
2004-09-14T08:40:00,43344099999,TIRUCHIRAPPALLI,10.767,78.717,33.0,,59.27
2004-09-14T09:00:00,43344099999,TIRUCHIRAPPALLI,10.767,78.717,33.4,1006.9,55.57
2004-09-14T09:40:00,43344099999,TIRUCHIRAPPALLI,10.767,78.717,33.0,,59.27
2004-09-14T10:40:00,43344099999,TIRUCHIRAPPALLI,10.767,78.717,33.0,,55.81
2004-09-14T12:00:00,43344099999,TIRUCHIRAPPALLI,10.767,78.717,32.6,1005.9,51.78
2004-09-14T15:00:00,43344099999,TIRUCHIRAPPALLI,10.767,78.717,24.0,1010.6,96.45
2004-09-14T18:00:00,43344099999,TIRUCHIRAPPALLI,10.767,78.717,23.6,1010.7,98.21
2004-09-14T20:40:00,43344099999,TIRUCHIRAPPALLI,10.767,78.717,24.0,,94.15
2004-09-14T21:00:00,43344099999,TIRUCHIRAPPALLI,10.767,78.717,24.4,1008.9,96.46
2004-09-14T21:40:00,43344099999,TIRUCHIRAPPALLI,10.767,78.717,24.0,,100.0
2004-09-14T22:40:00,43344099999,TIRUCHIRAPPALLI,10.767,78.717,24.0,,100.0
2004-09-15T00:00:00,43344099999,TIRUCHIRAPPALLI,10.767,78.717,24.4,1009.0,96.46
2004-09-15T01:40:00,43344099999,TIRUCHIRAPPALLI,10.767,78.717,26.0,,83.57
2004-09-15T02:40:00,43344099999,TIRUCHIRAPPALLI,10.767,78.717,27.0,,78.78
2004-09-15T03:00:00,43344099999,TIRUCHIRAPPALLI,10.767,78.717,27.4,1009.7,79.79
2004-09-15T03:40:00,43344099999,TIRUCHIRAPPALLI,10.767,78.717,28.0,,74.3
2004-09-15T04:40:00,43344099999,TIRUCHIRAPPALLI,10.767,78.717,31.0,,58.81
2004-09-15T05:40:00,43344099999,TIRUCHIRAPPALLI,10.767,78.717,32.0,,55.56
2004-09-15T06:00:00,43344099999,TIRUCHIRAPPALLI,10.767,78.717,32.0,,60.13
2004-09-15T06:40:00,43344099999,TIRUCHIRAPPALLI,10.767,78.717,33.0,,59.27
2004-09-15T09:00:00,43344099999,TIRUCHIRAPPALLI,10.767,78.717,34.2,1005.4,54.11
2004-09-15T12:00:00,43344099999,TIRUCHIRAPPALLI,10.767,78.717,29.0,1004.6,86.41
2004-09-15T15:00:00,43344099999,TIRUCHIRAPPALLI,10.767,78.717,24.2,1009.6,100.0
2004-09-15T18:00:00,43344099999,TIRUCHIRAPPALLI,10.767,78.717,24.6,1009.7,98.22
2004-09-15T20:40:00,43344099999,TIRUCHIRAPPALLI,10.767,78.717,25.0,,94.19
2004-09-15T21:00:00,43344099999,TIRUCHIRAPPALLI,10.767,78.717,24.8,1008.4,98.22
2004-09-16T00:00:00,43344099999,TIRUCHIRAPPALLI,10.767,78.717,25.0,1008.4,96.48
2004-09-16T00:40:00,43344099999,TIRUCHIRAPPALLI,10.767,78.717,25.0,,88.68
2004-09-16T01:40:00,43344099999,TIRUCHIRAPPALLI,10.767,78.717,26.0,,83.57
2004-09-16T03:00:00,43344099999,TIRUCHIRAPPALLI,10.767,78.717,27.2,1010.6,82.7
2004-09-16T03:40:00,43344099999,TIRUCHIRAPPALLI,10.767,78.717,28.0,,74.3
2004-09-16T04:40:00,43344099999,TIRUCHIRAPPALLI,10.767,78.717,29.0,,70.11
2004-09-16T05:40:00,43344099999,TIRUCHIRAPPALLI,10.767,78.717,31.0,,62.5
2004-09-16T06:00:00,43344099999,TIRUCHIRAPPALLI,10.767,78.717,31.4,1009.7,64.5
2004-09-16T06:40:00,43344099999,TIRUCHIRAPPALLI,10.767,78.717,32.0,,62.71
2004-09-16T07:40:00,43344099999,TIRUCHIRAPPALLI,10.767,78.717,33.0,,59.27
2004-09-16T08:40:00,43344099999,TIRUCHIRAPPALLI,10.767,78.717,34.0,,56.05
2004-09-16T09:00:00,43344099999,TIRUCHIRAPPALLI,10.767,78.717,34.0,1006.3,54.06
2004-09-16T12:00:00,43344099999,TIRUCHIRAPPALLI,10.767,78.717,30.6,1006.0,63.94
2004-09-16T15:00:00,43344099999,TIRUCHIRAPPALLI,10.767,78.717,26.8,1009.0,81.17
2004-09-16T16:40:00,43344099999,TIRUCHIRAPPALLI,10.767,78.717,26.0,,88.76
2004-09-16T18:00:00,43344099999,TIRUCHIRAPPALLI,10.767,78.717,25.6,1010.9,91.44
2004-09-16T20:40:00,43344099999,TIRUCHIRAPPALLI,10.767,78.717,25.0,,94.19
2004-09-16T21:00:00,43344099999,TIRUCHIRAPPALLI,10.767,78.717,25.2,1008.6,89.77
2004-09-16T23:40:00,43344099999,TIRUCHIRAPPALLI,10.767,78.717,24.0,,94.15
2004-09-17T00:00:00,43344099999,TIRUCHIRAPPALLI,10.767,78.717,25.4,1008.3,88.18
2004-09-17T00:40:00,43344099999,TIRUCHIRAPPALLI,10.767,78.717,26.0,,83.57
2004-09-17T02:40:00,43344099999,TIRUCHIRAPPALLI,10.767,78.717,27.0,,74.14
2004-09-17T04:40:00,43344099999,TIRUCHIRAPPALLI,10.767,78.717,31.0,,62.5
2004-09-17T06:00:00,43344099999,TIRUCHIRAPPALLI,10.767,78.717,32.6,1009.1,58.47
2004-09-17T06:40:00,43344099999,TIRUCHIRAPPALLI,10.767,78.717,34.0,,56.05
2004-09-17T07:40:00,43344099999,TIRUCHIRAPPALLI,10.767,78.717,35.0,,53.01
2004-09-17T09:00:00,43344099999,TIRUCHIRAPPALLI,10.767,78.717,34.6,1005.9,46.29
2004-09-17T09:40:00,43344099999,TIRUCHIRAPPALLI,10.767,78.717,35.0,,49.91
2004-09-17T12:00:00,43344099999,TIRUCHIRAPPALLI,10.767,78.717,30.0,1005.9,76.88
2004-09-17T12:40:00,43344099999,TIRUCHIRAPPALLI,10.767,78.717,28.0,,83.79
2004-09-17T15:00:00,43344099999,TIRUCHIRAPPALLI,10.767,78.717,25.4,1011.5,91.42
2004-09-17T18:00:00,43344099999,TIRUCHIRAPPALLI,10.767,78.717,24.0,1011.4,96.45
2004-09-17T21:00:00,43344099999,TIRUCHIRAPPALLI,10.767,78.717,24.2,1008.6,96.46
2004-09-18T00:00:00,43344099999,TIRUCHIRAPPALLI,10.767,78.717,24.2,1008.4,96.46
2004-09-18T00:40:00,43344099999,TIRUCHIRAPPALLI,10.767,78.717,25.0,,83.45
2004-09-18T01:40:00,43344099999,TIRUCHIRAPPALLI,10.767,78.717,26.0,,78.64
2004-09-18T02:40:00,43344099999,TIRUCHIRAPPALLI,10.767,78.717,27.0,,78.78
2004-09-18T03:40:00,43344099999,TIRUCHIRAPPALLI,10.767,78.717,28.0,,74.3
2004-09-18T05:40:00,43344099999,TIRUCHIRAPPALLI,10.767,78.717,31.0,,62.5
2004-09-18T06:40:00,43344099999,TIRUCHIRAPPALLI,10.767,78.717,32.0,,62.71
2004-09-18T07:40:00,43344099999,TIRUCHIRAPPALLI,10.767,78.717,33.0,,59.27
2004-09-18T09:00:00,43344099999,TIRUCHIRAPPALLI,10.767,78.717,34.0,1005.1,56.05
2004-09-18T09:40:00,43344099999,TIRUCHIRAPPALLI,10.767,78.717,34.0,,56.05
2004-09-18T12:00:00,43344099999,TIRUCHIRAPPALLI,10.767,78.717,33.8,1004.8,48.41
2004-09-18T15:00:00,43344099999,TIRUCHIRAPPALLI,10.767,78.717,29.6,1007.6,78.21
2004-09-18T18:00:00,43344099999,TIRUCHIRAPPALLI,10.767,78.717,25.4,1009.0,88.18
2004-09-18T21:00:00,43344099999,TIRUCHIRAPPALLI,10.767,78.717,25.0,1007.1,88.14
2004-09-18T21:40:00,43344099999,TIRUCHIRAPPALLI,10.767,78.717,25.0,,88.68
2004-09-18T22:40:00,43344099999,TIRUCHIRAPPALLI,10.77,78.72,25.0,,88.68
2004-09-18T23:40:00,43344099999,TIRUCHIRAPPALLI,10.77,78.72,25.0,,88.68
2004-09-19T00:00:00,43344099999,TIRUCHIRAPPALLI,10.77,78.72,25.0,1007.0,88.14
2004-09-19T00:40:00,43344099999,TIRUCHIRAPPALLI,10.77,78.72,25.0,,83.45
2004-09-19T02:40:00,43344099999,TIRUCHIRAPPALLI,10.77,78.72,27.0,,74.14
2004-09-19T03:00:00,43344099999,TIRUCHIRAPPALLI,10.77,78.72,28.4,1008.7,67.9
2004-09-19T04:40:00,43344099999,TIRUCHIRAPPALLI,10.77,78.72,30.0,,62.28
2004-09-19T05:40:00,43344099999,TIRUCHIRAPPALLI,10.77,78.72,32.0,,59.04
2004-09-19T06:00:00,43344099999,TIRUCHIRAPPALLI,10.77,78.72,32.4,1008.0,54.99
2004-09-19T09:00:00,43344099999,TIRUCHIRAPPALLI,10.77,78.72,34.6,1004.4,45.17
2004-09-19T12:00:00,43344099999,TIRUCHIRAPPALLI,10.77,78.72,34.0,1003.8,45.57
2004-09-19T18:00:00,43344099999,TIRUCHIRAPPALLI,10.77,78.72,24.8,1008.4,98.22
2004-09-19T20:40:00,43344099999,TIRUCHIRAPPALLI,10.77,78.72,26.0,,83.57
2004-09-19T21:00:00,43344099999,TIRUCHIRAPPALLI,10.77,78.72,25.6,1007.4,96.49
2004-09-19T23:40:00,43344099999,TIRUCHIRAPPALLI,10.77,78.72,25.0,,94.19
2004-09-20T00:00:00,43344099999,TIRUCHIRAPPALLI,10.77,78.72,25.4,1007.4,90.33
2004-09-20T00:40:00,43344099999,TIRUCHIRAPPALLI,10.77,78.72,25.0,,88.68
2004-09-20T02:40:00,43344099999,TIRUCHIRAPPALLI,10.767,78.717,27.0,,78.78
2004-09-20T03:00:00,43344099999,TIRUCHIRAPPALLI,10.767,78.717,26.6,1009.7,85.67
2004-09-20T06:00:00,43344099999,TIRUCHIRAPPALLI,10.767,78.717,30.0,1008.8,70.29
2004-09-20T06:40:00,43344099999,TIRUCHIRAPPALLI,10.767,78.717,31.0,,66.38
2004-09-20T07:40:00,43344099999,TIRUCHIRAPPALLI,10.767,78.717,32.0,,62.71
2004-09-20T09:00:00,43344099999,TIRUCHIRAPPALLI,10.767,78.717,33.0,1005.6,55.47
2004-09-20T12:00:00,43344099999,TIRUCHIRAPPALLI,10.767,78.717,33.0,1004.9,52.2
2004-09-20T15:00:00,43344099999,TIRUCHIRAPPALLI,10.767,78.717,23.6,1008.7,94.7
2004-09-20T15:40:00,43344099999,TIRUCHIRAPPALLI,10.767,78.717,23.0,,94.11
2004-09-20T18:00:00,43344099999,TIRUCHIRAPPALLI,10.767,78.717,24.6,1009.1,96.47
2004-09-20T18:40:00,43344099999,TIRUCHIRAPPALLI,10.767,78.717,25.0,,94.19
2004-09-20T21:00:00,43344099999,TIRUCHIRAPPALLI,10.767,78.717,25.4,1007.1,96.49
2004-09-21T00:00:00,43344099999,TIRUCHIRAPPALLI,10.767,78.717,25.0,1007.7,93.07
2004-09-21T00:40:00,43344099999,TIRUCHIRAPPALLI,10.767,78.717,25.0,,94.19
2004-09-21T01:40:00,43344099999,TIRUCHIRAPPALLI,10.767,78.717,26.0,,88.76
2004-09-21T02:40:00,43344099999,TIRUCHIRAPPALLI,10.767,78.717,26.0,,83.57
2004-09-21T03:00:00,43344099999,TIRUCHIRAPPALLI,10.767,78.717,26.4,1009.5,81.12
2004-09-21T03:40:00,43344099999,TIRUCHIRAPPALLI,10.767,78.717,27.0,,78.78
2004-09-21T04:40:00,43344099999,TIRUCHIRAPPALLI,10.767,78.717,29.0,,70.11
2004-09-21T06:00:00,43344099999,TIRUCHIRAPPALLI,10.767,78.717,31.0,1008.8,63.26
2004-09-21T06:40:00,43344099999,TIRUCHIRAPPALLI,10.767,78.717,32.0,,59.04
2004-09-21T07:40:00,43344099999,TIRUCHIRAPPALLI,10.767,78.717,32.0,,59.04
2004-09-21T09:00:00,43344099999,TIRUCHIRAPPALLI,10.767,78.717,32.8,1005.7,57.47
2004-09-21T12:00:00,43344099999,TIRUCHIRAPPALLI,10.767,78.717,29.0,1005.8,73.58
2004-09-21T14:40:00,43344099999,TIRUCHIRAPPALLI,10.767,78.717,28.0,,78.92
2004-09-21T15:00:00,43344099999,TIRUCHIRAPPALLI,10.767,78.717,28.0,1007.7,87.87
2004-09-21T18:00:00,43344099999,TIRUCHIRAPPALLI,10.767,78.717,27.4,1008.8,88.87
2004-09-21T18:40:00,43344099999,TIRUCHIRAPPALLI,10.767,78.717,27.0,,88.84
2004-09-21T20:40:00,43344099999,TIRUCHIRAPPALLI,10.767,78.717,27.0,,88.84
2004-09-21T21:00:00,43344099999,TIRUCHIRAPPALLI,10.767,78.717,26.6,1007.3,92.04
2004-09-21T22:40:00,43344099999,TIRUCHIRAPPALLI,10.767,78.717,26.0,,88.76
2004-09-21T23:40:00,43344099999,TIRUCHIRAPPALLI,10.767,78.717,26.0,,88.76
2004-09-22T00:00:00,43344099999,TIRUCHIRAPPALLI,10.767,78.717,25.0,1007.8,83.45
2004-09-22T00:40:00,43344099999,TIRUCHIRAPPALLI,10.767,78.717,25.0,,83.45
2004-09-22T01:40:00,43344099999,TIRUCHIRAPPALLI,10.767,78.717,26.0,,78.64
2004-09-22T03:00:00,43344099999,TIRUCHIRAPPALLI,10.767,78.717,27.6,1009.3,71.58
2004-09-22T03:40:00,43344099999,TIRUCHIRAPPALLI,10.767,78.717,29.0,,70.11
2004-09-22T04:40:00,43344099999,TIRUCHIRAPPALLI,10.767,78.717,31.0,,66.38
2004-09-22T05:40:00,43344099999,TIRUCHIRAPPALLI,10.767,78.717,32.0,,55.56
2004-09-22T06:00:00,43344099999,TIRUCHIRAPPALLI,10.767,78.717,31.6,1008.3,54.13
2004-09-22T06:40:00,43344099999,TIRUCHIRAPPALLI,10.767,78.717,33.0,,52.52
2004-09-22T07:40:00,43344099999,TIRUCHIRAPPALLI,10.767,78.717,34.0,,49.66
2004-09-22T08:40:00,43344099999,TIRUCHIRAPPALLI,10.767,78.717,34.0,,49.66
2004-09-22T09:00:00,43344099999,TIRUCHIRAPPALLI,10.767,78.717,34.0,1004.9,50.88
2004-09-22T12:00:00,43344099999,TIRUCHIRAPPALLI,10.767,78.717,33.4,1004.8,45.98
2004-09-22T13:40:00,43344099999,TIRUCHIRAPPALLI,10.767,78.717,30.0,,66.18
2004-09-22T15:00:00,43344099999,TIRUCHIRAPPALLI,10.767,78.717,28.6,1008.6,70.46
2004-09-22T18:00:00,43344099999,TIRUCHIRAPPALLI,10.767,78.717,25.6,1010.0,93.1
2004-09-22T21:00:00,43344099999,TIRUCHIRAPPALLI,10.767,78.717,25.2,1008.0,94.77
2004-09-22T23:40:00,43344099999,TIRUCHIRAPPALLI,10.767,78.717,25.0,,94.19
2004-09-23T00:00:00,43344099999,TIRUCHIRAPPALLI,10.767,78.717,24.8,1007.2,94.75
2004-09-23T01:40:00,43344099999,TIRUCHIRAPPALLI,10.767,78.717,26.0,,88.76
2004-09-23T03:00:00,43344099999,TIRUCHIRAPPALLI,10.767,78.717,26.4,1009.9,88.79
2004-09-23T04:40:00,43344099999,TIRUCHIRAPPALLI,10.767,78.717,28.0,,74.3
2004-09-23T05:40:00,43344099999,TIRUCHIRAPPALLI,10.767,78.717,29.0,,70.11
2004-09-23T06:00:00,43344099999,TIRUCHIRAPPALLI,10.767,78.717,28.0,1009.9,72.96
2004-09-23T06:40:00,43344099999,TIRUCHIRAPPALLI,10.767,78.717,29.0,,70.11
2004-09-23T07:40:00,43344099999,TIRUCHIRAPPALLI,10.767,78.717,29.0,,70.11
2004-09-23T09:00:00,43344099999,TIRUCHIRAPPALLI,10.767,78.717,29.4,1006.7,72.33
2004-09-23T09:40:00,43344099999,TIRUCHIRAPPALLI,10.767,78.717,30.0,,66.18
2004-09-23T11:40:00,43344099999,TIRUCHIRAPPALLI,10.767,78.717,28.0,,78.92
2004-09-23T12:00:00,43344099999,TIRUCHIRAPPALLI,10.767,78.717,27.4,1006.4,79.79
2004-09-23T12:40:00,43344099999,TIRUCHIRAPPALLI,10.767,78.717,27.0,,78.78
2004-09-23T14:40:00,43344099999,TIRUCHIRAPPALLI,10.767,78.717,27.0,,78.78
2004-09-23T15:00:00,43344099999,TIRUCHIRAPPALLI,10.767,78.717,27.2,1008.7,85.73
2004-09-23T16:40:00,43344099999,TIRUCHIRAPPALLI,10.767,78.717,27.0,,78.78
2004-09-23T17:40:00,43344099999,TIRUCHIRAPPALLI,10.767,78.717,27.0,,83.68
2004-09-23T18:00:00,43344099999,TIRUCHIRAPPALLI,10.767,78.717,26.6,1008.7,90.41
2004-09-23T18:40:00,43344099999,TIRUCHIRAPPALLI,10.767,78.717,26.0,,88.76
2004-09-23T20:40:00,43344099999,TIRUCHIRAPPALLI,10.767,78.717,26.0,,94.23
2004-09-23T21:00:00,43344099999,TIRUCHIRAPPALLI,10.767,78.717,26.4,1007.1,94.81
2004-09-23T22:40:00,43344099999,TIRUCHIRAPPALLI,10.767,78.717,26.0,,94.23
2004-09-23T23:40:00,43344099999,TIRUCHIRAPPALLI,10.767,78.717,26.0,,94.23
2004-09-24T00:00:00,43344099999,TIRUCHIRAPPALLI,10.767,78.717,26.0,1007.4,96.5
2004-09-24T03:00:00,43344099999,TIRUCHIRAPPALLI,10.767,78.717,28.2,1010.2,84.81
2004-09-24T03:40:00,43344099999,TIRUCHIRAPPALLI,10.767,78.717,29.0,,74.47
2004-09-24T05:40:00,43344099999,TIRUCHIRAPPALLI,10.767,78.717,30.0,,70.29
2004-09-24T06:00:00,43344099999,TIRUCHIRAPPALLI,10.767,78.717,30.4,1009.0,70.37
2004-09-24T06:40:00,43344099999,TIRUCHIRAPPALLI,10.767,78.717,31.0,,70.48
2004-09-24T07:40:00,43344099999,TIRUCHIRAPPALLI,10.767,78.717,32.0,,66.58
2004-09-24T08:40:00,43344099999,TIRUCHIRAPPALLI,10.767,78.717,32.0,,62.71
2004-09-24T09:00:00,43344099999,TIRUCHIRAPPALLI,10.767,78.717,31.6,1005.5,63.77
2004-09-24T09:40:00,43344099999,TIRUCHIRAPPALLI,10.767,78.717,32.0,,66.58
2004-09-24T12:00:00,43344099999,TIRUCHIRAPPALLI,10.767,78.717,29.0,1005.1,65.58
2004-09-24T15:00:00,43344099999,TIRUCHIRAPPALLI,10.767,78.717,27.6,1008.6,84.25
2004-09-24T15:40:00,43344099999,TIRUCHIRAPPALLI,10.767,78.717,27.0,,88.84
2004-09-24T18:00:00,43344099999,TIRUCHIRAPPALLI,10.767,78.717,26.8,1009.3,92.05
2004-09-24T21:00:00,43344099999,TIRUCHIRAPPALLI,10.767,78.717,24.4,1007.6,96.46
2004-09-25T00:00:00,43344099999,TIRUCHIRAPPALLI,10.767,78.717,24.8,1007.7,96.47
2004-09-25T00:40:00,43344099999,TIRUCHIRAPPALLI,10.767,78.717,25.0,,94.19
2004-09-25T01:40:00,43344099999,TIRUCHIRAPPALLI,10.767,78.717,26.0,,88.76
2004-09-25T02:40:00,43344099999,TIRUCHIRAPPALLI,10.767,78.717,27.0,,78.78
2004-09-25T03:00:00,43344099999,TIRUCHIRAPPALLI,10.767,78.717,26.2,1010.1,88.77
2004-09-25T03:40:00,43344099999,TIRUCHIRAPPALLI,10.767,78.717,27.0,,83.68
2004-09-25T04:40:00,43344099999,TIRUCHIRAPPALLI,10.767,78.717,27.0,,88.84
2004-09-25T06:00:00,43344099999,TIRUCHIRAPPALLI,10.767,78.717,27.4,1010.1,87.3
2004-09-25T06:40:00,43344099999,TIRUCHIRAPPALLI,10.767,78.717,28.0,,78.92
2004-09-25T07:40:00,43344099999,TIRUCHIRAPPALLI,10.767,78.717,30.0,,74.63
2004-09-25T09:00:00,43344099999,TIRUCHIRAPPALLI,10.767,78.717,31.4,1006.5,56.45
2004-09-25T12:00:00,43344099999,TIRUCHIRAPPALLI,10.767,78.717,26.6,1007.0,81.15
2004-09-25T15:00:00,43344099999,TIRUCHIRAPPALLI,10.767,78.717,27.0,1009.9,92.07
2004-09-25T18:00:00,43344099999,TIRUCHIRAPPALLI,10.767,78.717,26.6,1009.4,93.7
2004-09-25T21:00:00,43344099999,TIRUCHIRAPPALLI,10.767,78.717,26.4,1008.6,93.69
2004-09-26T00:00:00,43344099999,TIRUCHIRAPPALLI,10.767,78.717,25.4,1008.8,96.49
2004-09-26T03:00:00,43344099999,TIRUCHIRAPPALLI,10.77,78.72,26.4,1011.4,93.69
2004-09-26T04:40:00,43344099999,TIRUCHIRAPPALLI,10.77,78.72,27.0,,88.84
2004-09-26T06:00:00,43344099999,TIRUCHIRAPPALLI,10.77,78.72,27.6,1010.8,82.75
2004-09-26T09:00:00,43344099999,TIRUCHIRAPPALLI,10.77,78.72,27.0,1007.7,84.18
2004-09-26T12:00:00,43344099999,TIRUCHIRAPPALLI,10.77,78.72,27.0,1007.5,66.79
2004-09-26T13:40:00,43344099999,TIRUCHIRAPPALLI,10.77,78.72,26.0,,78.64
2004-09-26T14:40:00,43344099999,TIRUCHIRAPPALLI,10.77,78.72,26.0,,78.64
2004-09-26T15:00:00,43344099999,TIRUCHIRAPPALLI,10.77,78.72,26.4,1010.1,85.65
2004-09-26T16:40:00,43344099999,TIRUCHIRAPPALLI,10.77,78.72,26.0,,83.57
2004-09-26T18:00:00,43344099999,TIRUCHIRAPPALLI,10.77,78.72,26.2,1010.4,88.77
2004-09-26T21:00:00,43344099999,TIRUCHIRAPPALLI,10.77,78.72,24.0,1009.3,96.45
2004-09-27T00:00:00,43344099999,TIRUCHIRAPPALLI,10.77,78.72,24.0,1009.6,96.45
2004-09-27T00:40:00,43344099999,TIRUCHIRAPPALLI,10.77,78.72,24.0,,94.15
2004-09-27T02:40:00,43344099999,TIRUCHIRAPPALLI,10.77,78.72,25.0,,88.68
2004-09-27T03:00:00,43344099999,TIRUCHIRAPPALLI,10.77,78.72,25.0,1010.9,91.4
2004-09-27T05:40:00,43344099999,TIRUCHIRAPPALLI,10.77,78.72,28.0,,74.3
2004-09-27T06:00:00,43344099999,TIRUCHIRAPPALLI,10.77,78.72,26.4,1010.3,73.59
2004-09-27T06:40:00,43344099999,TIRUCHIRAPPALLI,10.77,78.72,28.0,,74.3
2004-09-27T07:40:00,43344099999,TIRUCHIRAPPALLI,10.77,78.72,28.0,,74.3
2004-09-27T08:40:00,43344099999,TIRUCHIRAPPALLI,10.77,78.72,28.0,,74.3
2004-09-27T09:00:00,43344099999,TIRUCHIRAPPALLI,10.77,78.72,27.4,1008.2,78.36
2004-09-27T11:40:00,43344099999,TIRUCHIRAPPALLI,10.77,78.72,28.0,,74.3
2004-09-27T12:00:00,43344099999,TIRUCHIRAPPALLI,10.77,78.72,26.6,1007.6,73.62
2004-09-27T12:40:00,43344099999,TIRUCHIRAPPALLI,10.77,78.72,26.0,,83.57
2004-09-27T15:00:00,43344099999,TIRUCHIRAPPALLI,10.767,78.717,26.4,1009.6,85.65
2004-09-27T16:40:00,43344099999,TIRUCHIRAPPALLI,10.767,78.717,26.0,,88.76
2004-09-27T17:40:00,43344099999,TIRUCHIRAPPALLI,10.767,78.717,26.0,,88.76
2004-09-27T18:00:00,43344099999,TIRUCHIRAPPALLI,10.767,78.717,26.0,1009.7,88.76
2004-09-27T21:00:00,43344099999,TIRUCHIRAPPALLI,10.767,78.717,25.2,1007.7,91.41
2004-09-28T00:00:00,43344099999,TIRUCHIRAPPALLI,10.767,78.717,25.2,1007.7,91.41
2004-09-28T01:40:00,43344099999,TIRUCHIRAPPALLI,10.767,78.717,25.0,,94.19
2004-09-28T03:00:00,43344099999,TIRUCHIRAPPALLI,10.767,78.717,24.4,1010.0,90.26
2004-09-28T03:40:00,43344099999,TIRUCHIRAPPALLI,10.767,78.717,25.0,,94.19
2004-09-28T04:40:00,43344099999,TIRUCHIRAPPALLI,10.767,78.717,25.0,,94.19
2004-09-28T05:40:00,43344099999,TIRUCHIRAPPALLI,10.767,78.717,25.0,,94.19
2004-09-28T06:00:00,43344099999,TIRUCHIRAPPALLI,10.767,78.717,24.6,1010.4,91.37
2004-09-28T07:40:00,43344099999,TIRUCHIRAPPALLI,10.767,78.717,25.0,,94.19
2004-09-28T08:40:00,43344099999,TIRUCHIRAPPALLI,10.767,78.717,25.0,,94.19
2004-09-28T10:40:00,43344099999,TIRUCHIRAPPALLI,10.767,78.717,25.0,,94.19
2004-09-28T11:40:00,43344099999,TIRUCHIRAPPALLI,10.767,78.717,25.0,,94.19
2004-09-28T12:00:00,43344099999,TIRUCHIRAPPALLI,10.767,78.717,25.4,1007.7,91.42
2004-09-28T12:40:00,43344099999,TIRUCHIRAPPALLI,10.767,78.717,25.0,,94.19
2004-09-28T15:00:00,43344099999,TIRUCHIRAPPALLI,10.767,78.717,24.6,1008.5,93.05
2004-09-28T18:00:00,43344099999,TIRUCHIRAPPALLI,10.767,78.717,24.4,1009.2,93.04
2004-09-28T21:00:00,43344099999,TIRUCHIRAPPALLI,10.767,78.717,24.4,1008.4,93.04
2004-09-28T22:40:00,43344099999,TIRUCHIRAPPALLI,10.767,78.717,24.0,,94.15
2004-09-29T00:00:00,43344099999,TIRUCHIRAPPALLI,10.767,78.717,24.2,1008.8,96.46
2004-09-29T02:40:00,43344099999,TIRUCHIRAPPALLI,10.767,78.717,26.0,,78.64
2004-09-29T03:00:00,43344099999,TIRUCHIRAPPALLI,10.767,78.717,26.4,1010.6,85.65
2004-09-29T03:40:00,43344099999,TIRUCHIRAPPALLI,10.767,78.717,27.0,,74.14
2004-09-29T04:40:00,43344099999,TIRUCHIRAPPALLI,10.767,78.717,28.0,,78.92
2004-09-29T05:40:00,43344099999,TIRUCHIRAPPALLI,10.767,78.717,30.0,,62.28
2004-09-29T06:00:00,43344099999,TIRUCHIRAPPALLI,10.767,78.717,30.0,1009.7,60.04
2004-09-29T06:40:00,43344099999,TIRUCHIRAPPALLI,10.767,78.717,30.0,,62.28
2004-09-29T08:40:00,43344099999,TIRUCHIRAPPALLI,10.767,78.717,32.0,,55.56
2004-09-29T09:00:00,43344099999,TIRUCHIRAPPALLI,10.767,78.717,31.4,1007.4,51.79
2004-09-29T09:40:00,43344099999,TIRUCHIRAPPALLI,10.767,78.717,32.0,,55.56
2004-09-29T11:40:00,43344099999,TIRUCHIRAPPALLI,10.767,78.717,32.0,,55.56
2004-09-29T12:00:00,43344099999,TIRUCHIRAPPALLI,10.767,78.717,31.6,1007.4,46.36
2004-09-29T12:40:00,43344099999,TIRUCHIRAPPALLI,10.767,78.717,30.0,,62.28
2004-09-29T14:40:00,43344099999,TIRUCHIRAPPALLI,10.767,78.717,29.0,,70.11
2004-09-29T15:00:00,43344099999,TIRUCHIRAPPALLI,10.767,78.717,29.2,1010.4,77.68
2004-09-29T15:40:00,43344099999,TIRUCHIRAPPALLI,10.767,78.717,29.0,,70.11
2004-09-29T16:40:00,43344099999,TIRUCHIRAPPALLI,10.767,78.717,28.0,,83.79
2004-09-29T17:40:00,43344099999,TIRUCHIRAPPALLI,10.767,78.717,28.0,,88.92
2004-09-29T18:00:00,43344099999,TIRUCHIRAPPALLI,10.767,78.717,27.6,1011.9,88.88
2004-09-29T18:40:00,43344099999,TIRUCHIRAPPALLI,10.767,78.717,27.0,,94.27
2004-09-29T20:40:00,43344099999,TIRUCHIRAPPALLI,10.767,78.717,27.0,,88.84
2004-09-29T21:00:00,43344099999,TIRUCHIRAPPALLI,10.767,78.717,26.8,1010.4,90.43
2004-09-30T00:00:00,43344099999,TIRUCHIRAPPALLI,10.767,78.717,25.8,1010.6,94.79
2004-09-30T00:40:00,43344099999,TIRUCHIRAPPALLI,10.767,78.717,26.0,,83.57
2004-09-30T01:40:00,43344099999,TIRUCHIRAPPALLI,10.767,78.717,26.0,,83.57
2004-09-30T02:40:00,43344099999,TIRUCHIRAPPALLI,10.767,78.717,26.0,,83.57
2004-09-30T03:00:00,43344099999,TIRUCHIRAPPALLI,10.767,78.717,26.0,1013.1,87.17
2004-09-30T04:40:00,43344099999,TIRUCHIRAPPALLI,10.767,78.717,27.0,,78.78
2004-09-30T05:40:00,43344099999,TIRUCHIRAPPALLI,10.767,78.717,28.0,,74.3
2004-09-30T06:00:00,43344099999,TIRUCHIRAPPALLI,10.767,78.717,28.0,1012.4,74.3
2004-09-30T06:40:00,43344099999,TIRUCHIRAPPALLI,10.767,78.717,28.0,,74.3
2004-09-30T07:40:00,43344099999,TIRUCHIRAPPALLI,10.767,78.717,29.0,,74.47
2004-09-30T08:40:00,43344099999,TIRUCHIRAPPALLI,10.767,78.717,29.0,,74.47
2004-09-30T09:00:00,43344099999,TIRUCHIRAPPALLI,10.767,78.717,30.0,1009.0,67.39
2004-09-30T12:00:00,43344099999,TIRUCHIRAPPALLI,10.767,78.717,31.0,1008.6,56.01
2004-09-30T15:00:00,43344099999,TIRUCHIRAPPALLI,10.767,78.717,28.4,1011.3,80.41
2004-09-30T16:40:00,43344099999,TIRUCHIRAPPALLI,10.767,78.717,27.0,,83.68
2004-09-30T17:40:00,43344099999,TIRUCHIRAPPALLI,10.767,78.717,27.0,,83.68
2004-09-30T18:00:00,43344099999,TIRUCHIRAPPALLI,10.767,78.717,26.6,1012.4,88.81
2004-09-30T18:40:00,43344099999,TIRUCHIRAPPALLI,10.767,78.717,26.0,,88.76
2004-09-30T20:40:00,43344099999,TIRUCHIRAPPALLI,10.767,78.717,26.0,,88.76
2004-09-30T21:00:00,43344099999,TIRUCHIRAPPALLI,10.767,78.717,26.0,1010.7,90.37
2004-09-30T21:40:00,43344099999,TIRUCHIRAPPALLI,10.767,78.717,26.0,,88.76
2004-10-01T00:00:00,43344099999,TIRUCHIRAPPALLI,10.767,78.717,25.6,1010.7,94.78
2004-10-01T02:40:00,43344099999,TIRUCHIRAPPALLI,10.767,78.717,25.0,,94.19
2004-10-01T03:00:00,43344099999,TIRUCHIRAPPALLI,10.767,78.717,23.2,1014.3,96.43
2004-10-01T03:40:00,43344099999,TIRUCHIRAPPALLI,10.767,78.717,23.0,,88.52
2004-10-01T04:40:00,43344099999,TIRUCHIRAPPALLI,10.767,78.717,25.0,,83.45
2004-10-01T05:40:00,43344099999,TIRUCHIRAPPALLI,10.767,78.717,25.0,,83.45
2004-10-01T06:00:00,43344099999,TIRUCHIRAPPALLI,10.767,78.717,23.8,1013.4,98.21
2004-10-01T07:40:00,43344099999,TIRUCHIRAPPALLI,10.767,78.717,25.0,,94.19
2004-10-01T09:00:00,43344099999,TIRUCHIRAPPALLI,10.767,78.717,27.6,1009.3,72.9
2004-10-01T10:40:00,43344099999,TIRUCHIRAPPALLI,10.767,78.717,28.0,,74.3
2004-10-01T11:40:00,43344099999,TIRUCHIRAPPALLI,10.767,78.717,28.0,,74.3
2004-10-01T12:00:00,43344099999,TIRUCHIRAPPALLI,10.767,78.717,28.4,1009.0,73.03
2004-10-01T12:40:00,43344099999,TIRUCHIRAPPALLI,10.767,78.717,27.0,,78.78
2004-10-01T14:40:00,43344099999,TIRUCHIRAPPALLI,10.767,78.717,26.0,,78.64
2004-10-01T15:00:00,43344099999,TIRUCHIRAPPALLI,10.767,78.717,25.6,1010.9,77.63
2004-10-01T16:40:00,43344099999,TIRUCHIRAPPALLI,10.767,78.717,25.0,,83.45
2004-10-01T18:00:00,43344099999,TIRUCHIRAPPALLI,10.767,78.717,25.0,1011.9,84.48
2004-10-01T21:00:00,43344099999,TIRUCHIRAPPALLI,10.767,78.717,24.2,1009.6,88.08
2004-10-01T23:40:00,43344099999,TIRUCHIRAPPALLI,10.767,78.717,25.0,,83.45
2004-10-02T00:00:00,43344099999,TIRUCHIRAPPALLI,10.767,78.717,24.6,1008.8,88.11
2004-10-02T00:40:00,43344099999,TIRUCHIRAPPALLI,10.767,78.717,25.0,,83.45
2004-10-02T01:40:00,43344099999,TIRUCHIRAPPALLI,10.767,78.717,25.0,,83.45
2004-10-02T02:40:00,43344099999,TIRUCHIRAPPALLI,10.767,78.717,26.0,,83.57
2004-10-02T03:00:00,43344099999,TIRUCHIRAPPALLI,10.767,78.717,25.6,1011.5,88.73
2004-10-02T03:40:00,43344099999,TIRUCHIRAPPALLI,10.767,78.717,27.0,,78.78
2004-10-02T04:40:00,43344099999,TIRUCHIRAPPALLI,10.767,78.717,28.0,,74.3
2004-10-02T05:40:00,43344099999,TIRUCHIRAPPALLI,10.767,78.717,28.0,,69.92
2004-10-02T06:00:00,43344099999,TIRUCHIRAPPALLI,10.767,78.717,28.2,1010.7,77.54
2004-10-02T06:40:00,43344099999,TIRUCHIRAPPALLI,10.767,78.717,29.0,,65.98
2004-10-02T07:40:00,43344099999,TIRUCHIRAPPALLI,10.767,78.717,29.0,,70.11
2004-10-02T08:40:00,43344099999,TIRUCHIRAPPALLI,10.767,78.717,30.0,,66.18
2004-10-02T09:00:00,43344099999,TIRUCHIRAPPALLI,10.767,78.717,29.4,1007.6,65.66
2004-10-02T09:40:00,43344099999,TIRUCHIRAPPALLI,10.767,78.717,30.0,,66.18
2004-10-02T12:00:00,43344099999,TIRUCHIRAPPALLI,10.767,78.717,29.0,1006.9,72.26
2004-10-02T15:00:00,43344099999,TIRUCHIRAPPALLI,10.767,78.717,26.4,1009.2,84.12
2004-10-02T16:40:00,43344099999,TIRUCHIRAPPALLI,10.767,78.717,26.0,,83.57
2004-10-02T18:00:00,43344099999,TIRUCHIRAPPALLI,10.767,78.717,25.4,1009.7,77.6
2004-10-02T21:00:00,43344099999,TIRUCHIRAPPALLI,10.767,78.717,25.6,1007.8,76.21
2004-10-02T21:40:00,43344099999,TIRUCHIRAPPALLI,10.767,78.717,26.0,,78.64
2004-10-02T22:40:00,43344099999,TIRUCHIRAPPALLI,10.767,78.717,25.0,,78.5
2004-10-02T23:40:00,43344099999,TIRUCHIRAPPALLI,10.767,78.717,25.0,,78.5
2004-10-03T00:00:00,43344099999,TIRUCHIRAPPALLI,10.767,78.717,25.0,1007.9,81.94
2004-10-03T02:40:00,43344099999,TIRUCHIRAPPALLI,10.767,78.717,26.0,,78.64
2004-10-03T03:00:00,43344099999,TIRUCHIRAPPALLI,10.767,78.717,25.4,1009.6,83.5
2004-10-03T04:40:00,43344099999,TIRUCHIRAPPALLI,10.767,78.717,27.0,,78.78
2004-10-03T05:40:00,43344099999,TIRUCHIRAPPALLI,10.767,78.717,29.0,,70.11
2004-10-03T06:00:00,43344099999,TIRUCHIRAPPALLI,10.767,78.717,30.4,1008.5,60.13
2004-10-03T06:40:00,43344099999,TIRUCHIRAPPALLI,10.767,78.717,31.0,,62.5
2004-10-03T07:40:00,43344099999,TIRUCHIRAPPALLI,10.767,78.717,32.0,,55.56
2004-10-03T08:40:00,43344099999,TIRUCHIRAPPALLI,10.767,78.717,32.0,,59.04
2004-10-03T09:00:00,43344099999,TIRUCHIRAPPALLI,10.767,78.717,32.4,1005.9,51.41
2004-10-03T09:40:00,43344099999,TIRUCHIRAPPALLI,10.767,78.717,,,
2004-10-03T10:40:00,43344099999,TIRUCHIRAPPALLI,10.767,78.717,32.0,,55.56
2004-10-03T12:00:00,43344099999,TIRUCHIRAPPALLI,10.767,78.717,29.0,1006.7,68.02
2004-10-03T13:40:00,43344099999,TIRUCHIRAPPALLI,10.767,78.717,27.0,,78.78
2004-10-03T14:40:00,43344099999,TIRUCHIRAPPALLI,10.767,78.717,27.0,,78.78
2004-10-03T15:00:00,43344099999,TIRUCHIRAPPALLI,10.767,78.717,26.6,1009.7,84.14
2004-10-03T17:40:00,43344099999,TIRUCHIRAPPALLI,10.767,78.717,26.0,,78.64
2004-10-03T18:00:00,43344099999,TIRUCHIRAPPALLI,10.77,78.72,26.4,1010.3,76.34
2004-10-03T20:40:00,43344099999,TIRUCHIRAPPALLI,10.77,78.72,26.0,,78.64
2004-10-03T21:00:00,43344099999,TIRUCHIRAPPALLI,10.77,78.72,25.8,1008.2,77.66
2004-10-03T21:40:00,43344099999,TIRUCHIRAPPALLI,10.77,78.72,26.0,,78.64
2004-10-03T22:40:00,43344099999,TIRUCHIRAPPALLI,10.77,78.72,26.0,,78.64
2004-10-03T23:40:00,43344099999,TIRUCHIRAPPALLI,10.77,78.72,26.0,,78.64
2004-10-04T00:00:00,43344099999,TIRUCHIRAPPALLI,10.77,78.72,25.4,1008.6,80.5
2004-10-04T01:40:00,43344099999,TIRUCHIRAPPALLI,10.77,78.72,26.0,,78.64
2004-10-04T02:40:00,43344099999,TIRUCHIRAPPALLI,10.767,78.717,27.0,,69.74
2004-10-04T03:00:00,43344099999,TIRUCHIRAPPALLI,10.767,78.717,26.8,1009.9,73.65
2004-10-04T03:40:00,43344099999,TIRUCHIRAPPALLI,10.767,78.717,28.0,,69.92
2004-10-04T04:40:00,43344099999,TIRUCHIRAPPALLI,10.767,78.717,28.0,,69.92
2004-10-04T06:00:00,43344099999,TIRUCHIRAPPALLI,10.767,78.717,30.2,1008.6,60.08
2004-10-04T06:40:00,43344099999,TIRUCHIRAPPALLI,10.767,78.717,31.0,,58.81
2004-10-04T07:40:00,43344099999,TIRUCHIRAPPALLI,10.767,78.717,31.0,,58.81
2004-10-04T08:40:00,43344099999,TIRUCHIRAPPALLI,10.767,78.717,31.0,,58.81
2004-10-04T09:00:00,43344099999,TIRUCHIRAPPALLI,10.767,78.717,30.4,1007.0,56.55
2004-10-04T09:40:00,43344099999,TIRUCHIRAPPALLI,10.767,78.717,30.0,,62.28
2004-10-04T10:40:00,43344099999,TIRUCHIRAPPALLI,10.767,78.717,30.0,,62.28
2004-10-04T11:40:00,43344099999,TIRUCHIRAPPALLI,10.767,78.717,30.0,,62.28
2004-10-04T12:00:00,43344099999,TIRUCHIRAPPALLI,10.767,78.717,29.0,1006.7,60.55
2004-10-04T12:40:00,43344099999,TIRUCHIRAPPALLI,10.767,78.717,28.0,,69.92
2004-10-04T13:40:00,43344099999,TIRUCHIRAPPALLI,10.767,78.717,28.0,,69.92
2004-10-04T15:00:00,43344099999,TIRUCHIRAPPALLI,10.767,78.717,27.6,1008.6,67.33
2004-10-04T15:40:00,43344099999,TIRUCHIRAPPALLI,10.767,78.717,27.0,,74.14
2004-10-04T18:00:00,43344099999,TIRUCHIRAPPALLI,10.767,78.717,26.4,1008.7,72.24
2004-10-04T18:40:00,43344099999,TIRUCHIRAPPALLI,10.767,78.717,26.0,,78.64
2004-10-04T20:40:00,43344099999,TIRUCHIRAPPALLI,10.767,78.717,26.0,,78.64
2004-10-04T21:00:00,43344099999,TIRUCHIRAPPALLI,10.767,78.717,26.2,1007.3,73.55
2004-10-05T00:00:00,43344099999,TIRUCHIRAPPALLI,10.767,78.717,25.8,1008.1,74.85
2004-10-05T03:00:00,43344099999,TIRUCHIRAPPALLI,10.767,78.717,28.0,1009.8,69.07
2004-10-05T03:40:00,43344099999,TIRUCHIRAPPALLI,10.767,78.717,29.0,,65.98
2004-10-05T04:40:00,43344099999,TIRUCHIRAPPALLI,10.767,78.717,30.0,,62.28
2004-10-05T05:40:00,43344099999,TIRUCHIRAPPALLI,10.767,78.717,32.0,,55.56
2004-10-05T06:00:00,43344099999,TIRUCHIRAPPALLI,10.767,78.717,31.4,1008.9,56.45
2004-10-05T06:40:00,43344099999,TIRUCHIRAPPALLI,10.767,78.717,32.0,,55.56
2004-10-05T07:40:00,43344099999,TIRUCHIRAPPALLI,10.767,78.717,33.0,,52.52
2004-10-05T08:40:00,43344099999,TIRUCHIRAPPALLI,10.767,78.717,33.0,,52.52
2004-10-05T09:00:00,43344099999,TIRUCHIRAPPALLI,10.767,78.717,33.2,1005.8,51.3
2004-10-05T09:40:00,43344099999,TIRUCHIRAPPALLI,10.767,78.717,33.0,,52.52
2004-10-05T10:40:00,43344099999,TIRUCHIRAPPALLI,10.767,78.717,32.0,,55.56
2004-10-05T11:40:00,43344099999,TIRUCHIRAPPALLI,10.767,78.717,32.0,,52.27
2004-10-05T12:00:00,43344099999,TIRUCHIRAPPALLI,10.767,78.717,32.0,1005.8,45.61
2004-10-05T12:40:00,43344099999,TIRUCHIRAPPALLI,10.767,78.717,31.0,,52.01
2004-10-05T13:40:00,43344099999,TIRUCHIRAPPALLI,10.767,78.717,30.0,,62.28
2004-10-05T14:40:00,43344099999,TIRUCHIRAPPALLI,10.767,78.717,30.0,,55.08
2004-10-05T15:00:00,43344099999,TIRUCHIRAPPALLI,10.767,78.717,30.0,1008.4,53.73
2004-10-05T16:40:00,43344099999,TIRUCHIRAPPALLI,10.767,78.717,28.0,,61.84
2004-10-05T17:40:00,43344099999,TIRUCHIRAPPALLI,10.767,78.717,27.0,,65.56
2004-10-05T18:00:00,43344099999,TIRUCHIRAPPALLI,10.767,78.717,27.4,1009.4,62.86
2004-10-05T20:40:00,43344099999,TIRUCHIRAPPALLI,10.767,78.717,27.0,,69.74
2004-10-05T21:00:00,43344099999,TIRUCHIRAPPALLI,10.767,78.717,27.2,1008.0,65.61
2004-10-05T21:40:00,43344099999,TIRUCHIRAPPALLI,10.767,78.717,27.0,,94.27
2004-10-05T22:40:00,43344099999,TIRUCHIRAPPALLI,10.767,78.717,27.0,,69.74
2004-10-05T23:40:00,43344099999,TIRUCHIRAPPALLI,10.767,78.717,26.0,,73.97
2004-10-06T00:00:00,43344099999,TIRUCHIRAPPALLI,10.767,78.717,26.0,1008.4,74.43
2004-10-06T01:40:00,43344099999,TIRUCHIRAPPALLI,10.767,78.717,27.0,,69.74
2004-10-06T02:40:00,43344099999,TIRUCHIRAPPALLI,10.767,78.717,28.0,,65.77
2004-10-06T03:00:00,43344099999,TIRUCHIRAPPALLI,10.767,78.717,28.0,1010.7,72.96
2004-10-06T03:40:00,43344099999,TIRUCHIRAPPALLI,10.767,78.717,29.0,,70.11
2004-10-06T05:40:00,43344099999,TIRUCHIRAPPALLI,10.767,78.717,32.0,,52.27
2004-10-06T06:00:00,43344099999,TIRUCHIRAPPALLI,10.767,78.717,31.6,1009.8,51.84
2004-10-06T06:40:00,43344099999,TIRUCHIRAPPALLI,10.767,78.717,33.0,,49.4
2004-10-06T07:40:00,43344099999,TIRUCHIRAPPALLI,10.767,78.717,34.0,,43.91
2004-10-06T08:40:00,43344099999,TIRUCHIRAPPALLI,10.767,78.717,34.0,,43.91
2004-10-06T09:00:00,43344099999,TIRUCHIRAPPALLI,10.767,78.717,34.0,1006.4,42.57
2004-10-06T11:40:00,43344099999,TIRUCHIRAPPALLI,10.767,78.717,32.0,,52.27
2004-10-06T12:00:00,43344099999,TIRUCHIRAPPALLI,10.767,78.717,33.0,1006.5,45.59
2004-10-06T12:40:00,43344099999,TIRUCHIRAPPALLI,10.767,78.717,32.0,,52.27
2004-10-06T14:40:00,43344099999,TIRUCHIRAPPALLI,10.767,78.717,28.0,,65.77
2004-10-06T15:00:00,43344099999,TIRUCHIRAPPALLI,10.767,78.717,28.0,1009.3,66.18
2004-10-06T15:40:00,43344099999,TIRUCHIRAPPALLI,10.767,78.717,28.0,,65.77
2004-10-06T18:00:00,43344099999,TIRUCHIRAPPALLI,10.767,78.717,27.0,1010.3,61.23
2004-10-06T21:00:00,43344099999,TIRUCHIRAPPALLI,10.767,78.717,26.2,1008.8,70.45
2004-10-07T00:00:00,43344099999,TIRUCHIRAPPALLI,10.767,78.717,24.4,1009.0,75.55
2004-10-07T00:40:00,43344099999,TIRUCHIRAPPALLI,10.767,78.717,25.0,,73.8
2004-10-07T01:40:00,43344099999,TIRUCHIRAPPALLI,10.767,78.717,26.0,,73.97
2004-10-07T03:00:00,43344099999,TIRUCHIRAPPALLI,10.767,78.717,26.0,1011.2,76.27
2004-10-07T04:40:00,43344099999,TIRUCHIRAPPALLI,10.767,78.717,29.0,,62.06
2004-10-07T05:40:00,43344099999,TIRUCHIRAPPALLI,10.767,78.717,31.0,,52.01
2004-10-07T06:00:00,43344099999,TIRUCHIRAPPALLI,10.767,78.717,30.6,1010.3,56.95
2004-10-07T06:40:00,43344099999,TIRUCHIRAPPALLI,10.767,78.717,32.0,,52.27
2004-10-07T07:40:00,43344099999,TIRUCHIRAPPALLI,10.767,78.717,33.0,,49.4
2004-10-07T09:00:00,43344099999,TIRUCHIRAPPALLI,10.767,78.717,34.0,1006.8,42.57
2004-10-07T09:40:00,43344099999,TIRUCHIRAPPALLI,10.767,78.717,34.0,,49.66
2004-10-07T12:00:00,43344099999,TIRUCHIRAPPALLI,10.767,78.717,33.6,1006.7,37.21
2004-10-07T12:40:00,43344099999,TIRUCHIRAPPALLI,10.767,78.717,32.0,,46.18
2004-10-07T14:40:00,43344099999,TIRUCHIRAPPALLI,10.767,78.717,29.0,,65.98
2004-10-07T15:00:00,43344099999,TIRUCHIRAPPALLI,10.767,78.717,28.8,1010.0,74.88
2004-10-07T16:40:00,43344099999,TIRUCHIRAPPALLI,10.767,78.717,28.0,,83.79
2004-10-07T18:00:00,43344099999,TIRUCHIRAPPALLI,10.767,78.717,27.6,1010.9,87.31
2004-10-07T18:40:00,43344099999,TIRUCHIRAPPALLI,10.767,78.717,27.0,,88.84
2004-10-07T20:40:00,43344099999,TIRUCHIRAPPALLI,10.767,78.717,27.0,,69.74
2004-10-07T21:00:00,43344099999,TIRUCHIRAPPALLI,10.767,78.717,26.6,1009.3,70.96
2004-10-07T22:40:00,43344099999,TIRUCHIRAPPALLI,10.767,78.717,25.0,,78.5
2004-10-07T23:40:00,43344099999,TIRUCHIRAPPALLI,10.767,78.717,25.0,,78.5
2004-10-08T00:00:00,43344099999,TIRUCHIRAPPALLI,10.767,78.717,24.0,1010.0,79.82
2004-10-08T00:40:00,43344099999,TIRUCHIRAPPALLI,10.767,78.717,24.0,,83.34
2004-10-08T01:40:00,43344099999,TIRUCHIRAPPALLI,10.767,78.717,25.0,,78.5
2004-10-08T02:40:00,43344099999,TIRUCHIRAPPALLI,10.767,78.717,26.0,,73.97
2004-10-08T03:00:00,43344099999,TIRUCHIRAPPALLI,10.767,78.717,26.4,1011.0,74.95
2004-10-08T03:40:00,43344099999,TIRUCHIRAPPALLI,10.767,78.717,27.0,,74.14
2004-10-08T05:40:00,43344099999,TIRUCHIRAPPALLI,10.767,78.717,31.0,,55.32
2004-10-08T06:00:00,43344099999,TIRUCHIRAPPALLI,10.767,78.717,31.4,1010.2,56.45
2004-10-08T06:40:00,43344099999,TIRUCHIRAPPALLI,10.767,78.717,32.0,,55.56
2004-10-08T07:40:00,43344099999,TIRUCHIRAPPALLI,10.767,78.717,33.0,,52.52
2004-10-08T08:40:00,43344099999,TIRUCHIRAPPALLI,10.767,78.717,33.0,,46.44
2004-10-08T09:00:00,43344099999,TIRUCHIRAPPALLI,10.767,78.717,34.0,1007.7,42.57
2004-10-08T09:40:00,43344099999,TIRUCHIRAPPALLI,10.767,78.717,34.0,,43.91
2004-10-08T11:40:00,43344099999,TIRUCHIRAPPALLI,10.767,78.717,34.0,,43.91
2004-10-08T12:00:00,43344099999,TIRUCHIRAPPALLI,10.767,78.717,33.2,1007.5,41.83
2004-10-08T12:40:00,43344099999,TIRUCHIRAPPALLI,10.767,78.717,32.0,,49.14
2004-10-08T15:00:00,43344099999,TIRUCHIRAPPALLI,10.767,78.717,29.0,1010.7,80.48
2004-10-08T16:40:00,43344099999,TIRUCHIRAPPALLI,10.767,78.717,28.0,,83.79
2004-10-08T18:00:00,43344099999,TIRUCHIRAPPALLI,10.767,78.717,27.6,1012.3,82.75
2004-10-08T18:40:00,43344099999,TIRUCHIRAPPALLI,10.767,78.717,27.0,,83.68
2004-10-08T21:00:00,43344099999,TIRUCHIRAPPALLI,10.767,78.717,26.2,1010.6,90.38
2004-10-09T00:00:00,43344099999,TIRUCHIRAPPALLI,10.767,78.717,25.4,1010.3,90.33
2004-10-09T00:40:00,43344099999,TIRUCHIRAPPALLI,10.767,78.717,25.0,,88.68
2004-10-09T01:40:00,43344099999,TIRUCHIRAPPALLI,10.767,78.717,27.0,,78.78
2004-10-09T02:40:00,43344099999,TIRUCHIRAPPALLI,10.767,78.717,28.0,,69.92
2004-10-09T03:00:00,43344099999,TIRUCHIRAPPALLI,10.767,78.717,27.4,1012.2,74.2
2004-10-09T03:40:00,43344099999,TIRUCHIRAPPALLI,10.767,78.717,29.0,,65.98
2004-10-09T04:40:00,43344099999,TIRUCHIRAPPALLI,10.767,78.717,31.0,,55.32
2004-10-09T05:40:00,43344099999,TIRUCHIRAPPALLI,10.767,78.717,32.0,,55.56
2004-10-09T06:00:00,43344099999,TIRUCHIRAPPALLI,10.767,78.717,32.0,1011.0,56.93
2004-10-09T06:40:00,43344099999,TIRUCHIRAPPALLI,10.767,78.717,33.0,,55.81
2004-10-09T07:40:00,43344099999,TIRUCHIRAPPALLI,10.767,78.717,33.0,,52.52
2004-10-09T08:40:00,43344099999,TIRUCHIRAPPALLI,10.767,78.717,35.0,,46.97
2004-10-09T09:00:00,43344099999,TIRUCHIRAPPALLI,10.767,78.717,35.0,1008.4,41.8
2004-10-09T09:40:00,43344099999,TIRUCHIRAPPALLI,10.767,78.717,35.0,,44.18
2004-10-09T10:40:00,43344099999,TIRUCHIRAPPALLI,10.767,78.717,35.0,,44.18
2004-10-09T12:00:00,43344099999,TIRUCHIRAPPALLI,10.767,78.717,33.6,1008.5,45.19
2004-10-09T15:00:00,43344099999,TIRUCHIRAPPALLI,10.767,78.717,29.0,1011.6,81.93
2004-10-09T15:40:00,43344099999,TIRUCHIRAPPALLI,10.767,78.717,29.0,,83.9
2004-10-09T16:40:00,43344099999,TIRUCHIRAPPALLI,10.767,78.717,28.0,,83.79
2004-10-09T18:00:00,43344099999,TIRUCHIRAPPALLI,10.767,78.717,28.4,1012.6,81.86
2004-10-09T20:40:00,43344099999,TIRUCHIRAPPALLI,10.767,78.717,28.0,,78.92
2004-10-09T21:00:00,43344099999,TIRUCHIRAPPALLI,10.767,78.717,27.0,1010.6,90.44
2004-10-09T22:40:00,43344099999,TIRUCHIRAPPALLI,10.767,78.717,26.0,,94.23
2004-10-09T23:40:00,43344099999,TIRUCHIRAPPALLI,10.767,78.717,26.0,,94.23
2004-10-10T00:00:00,43344099999,TIRUCHIRAPPALLI,10.767,78.717,26.2,1011.2,92.02
2004-10-10T00:40:00,43344099999,TIRUCHIRAPPALLI,10.767,78.717,27.0,,88.84
2004-10-10T02:40:00,43344099999,TIRUCHIRAPPALLI,10.767,78.717,28.0,,74.3
2004-10-10T03:00:00,43344099999,TIRUCHIRAPPALLI,10.767,78.717,28.0,1013.1,75.66
2004-10-10T03:40:00,43344099999,TIRUCHIRAPPALLI,10.767,78.717,29.0,,70.11
2004-10-10T04:40:00,43344099999,TIRUCHIRAPPALLI,10.767,78.717,31.0,,62.5
2004-10-10T05:40:00,43344099999,TIRUCHIRAPPALLI,10.767,78.717,32.0,,55.56
2004-10-10T06:00:00,43344099999,TIRUCHIRAPPALLI,10.767,78.717,32.0,1011.9,57.98
2004-10-10T06:40:00,43344099999,TIRUCHIRAPPALLI,10.767,78.717,33.0,,55.81
2004-10-10T07:40:00,43344099999,TIRUCHIRAPPALLI,10.767,78.717,33.0,,55.81
2004-10-10T08:40:00,43344099999,TIRUCHIRAPPALLI,10.767,78.717,35.0,,53.01
2004-10-10T09:00:00,43344099999,TIRUCHIRAPPALLI,10.767,78.717,34.8,1008.7,49.56
2004-10-10T10:40:00,43344099999,TIRUCHIRAPPALLI,10.767,78.717,34.0,,52.77
2004-10-10T11:40:00,43344099999,TIRUCHIRAPPALLI,10.767,78.717,34.0,,49.66
2004-10-10T12:00:00,43344099999,TIRUCHIRAPPALLI,10.767,78.717,34.0,1008.3,45.57
2004-10-10T12:40:00,43344099999,TIRUCHIRAPPALLI,10.767,78.717,33.0,,52.52
2004-10-10T14:40:00,43344099999,TIRUCHIRAPPALLI,10.767,78.717,31.0,,66.38
2004-10-10T15:00:00,43344099999,TIRUCHIRAPPALLI,10.767,78.717,29.6,1011.8,81.04
2004-10-10T18:00:00,43344099999,TIRUCHIRAPPALLI,10.767,78.717,28.6,1012.7,87.92
2004-10-10T20:40:00,43344099999,TIRUCHIRAPPALLI,10.767,78.717,28.0,,88.92
2004-10-10T21:00:00,43344099999,TIRUCHIRAPPALLI,10.767,78.717,26.4,1009.9,81.12
2004-10-10T21:40:00,43344099999,TIRUCHIRAPPALLI,10.767,78.717,26.0,,83.57
2004-10-10T22:40:00,43344099999,TIRUCHIRAPPALLI,10.767,78.717,26.0,,83.57
2004-10-10T23:40:00,43344099999,TIRUCHIRAPPALLI,10.767,78.717,26.0,,83.57
2004-10-11T00:00:00,43344099999,TIRUCHIRAPPALLI,10.767,78.717,24.4,1011.0,83.38
2004-10-11T01:40:00,43344099999,TIRUCHIRAPPALLI,10.767,78.717,26.0,,69.55
2004-10-11T03:00:00,43344099999,TIRUCHIRAPPALLI,10.77,78.72,27.6,1013.0,74.24
2004-10-11T05:40:00,43344099999,TIRUCHIRAPPALLI,10.77,78.72,32.0,,59.04
2004-10-11T06:00:00,43344099999,TIRUCHIRAPPALLI,10.77,78.72,31.0,1011.9,65.59
2004-10-11T06:40:00,43344099999,TIRUCHIRAPPALLI,10.77,78.72,32.0,,62.71
2004-10-11T07:40:00,43344099999,TIRUCHIRAPPALLI,10.77,78.72,33.0,,55.81
2004-10-11T09:00:00,43344099999,TIRUCHIRAPPALLI,10.77,78.72,28.6,1008.6,76.21
2004-10-11T12:00:00,43344099999,TIRUCHIRAPPALLI,10.77,78.72,27.0,1008.7,76.89
2004-10-11T15:00:00,43344099999,TIRUCHIRAPPALLI,10.77,78.72,26.6,1012.2,90.41
2004-10-11T18:00:00,43344099999,TIRUCHIRAPPALLI,10.77,78.72,25.4,1012.8,88.18
2004-10-11T21:00:00,43344099999,TIRUCHIRAPPALLI,10.77,78.72,23.6,1010.5,96.44
2004-10-12T00:00:00,43344099999,TIRUCHIRAPPALLI,10.77,78.72,24.4,1010.5,96.46
2004-10-12T03:00:00,43344099999,TIRUCHIRAPPALLI,10.77,78.72,26.4,1012.3,85.65
2004-10-12T03:40:00,43344099999,TIRUCHIRAPPALLI,10.77,78.72,28.0,,78.92
2004-10-12T04:40:00,43344099999,TIRUCHIRAPPALLI,10.77,78.72,29.0,,74.47
2004-10-12T06:00:00,43344099999,TIRUCHIRAPPALLI,10.767,78.717,30.0,1012.2,64.99
2004-10-12T06:40:00,43344099999,TIRUCHIRAPPALLI,10.767,78.717,31.0,,66.38
2004-10-12T07:40:00,43344099999,TIRUCHIRAPPALLI,10.767,78.717,33.0,,59.27
2004-10-12T08:40:00,43344099999,TIRUCHIRAPPALLI,10.767,78.717,34.0,,52.77
2004-10-12T09:00:00,43344099999,TIRUCHIRAPPALLI,10.767,78.717,32.6,1008.2,54.04
2004-10-12T12:00:00,43344099999,TIRUCHIRAPPALLI,10.77,78.72,31.6,1008.3,51.84
2004-10-12T12:40:00,43344099999,TIRUCHIRAPPALLI,10.77,78.72,31.0,,66.38
2004-10-12T15:00:00,43344099999,TIRUCHIRAPPALLI,10.767,78.717,29.0,1011.7,73.58
2004-10-12T18:00:00,43344099999,TIRUCHIRAPPALLI,10.767,78.717,27.8,1012.9,74.27
2004-10-12T21:00:00,43344099999,TIRUCHIRAPPALLI,10.767,78.717,26.4,1010.8,81.12
2004-10-12T22:40:00,43344099999,TIRUCHIRAPPALLI,10.767,78.717,26.0,,83.57
2004-10-12T23:40:00,43344099999,TIRUCHIRAPPALLI,10.767,78.717,25.0,,88.68
2004-10-13T00:00:00,43344099999,TIRUCHIRAPPALLI,10.767,78.717,25.0,1011.3,86.56
2004-10-13T00:40:00,43344099999,TIRUCHIRAPPALLI,10.767,78.717,25.0,,83.45
2004-10-13T01:40:00,43344099999,TIRUCHIRAPPALLI,10.767,78.717,26.0,,78.64
2004-10-13T02:40:00,43344099999,TIRUCHIRAPPALLI,10.767,78.717,27.0,,78.78
2004-10-13T03:00:00,43344099999,TIRUCHIRAPPALLI,10.767,78.717,27.0,1012.9,82.68
2004-10-13T03:40:00,43344099999,TIRUCHIRAPPALLI,10.767,78.717,28.0,,78.92
2004-10-13T04:40:00,43344099999,TIRUCHIRAPPALLI,10.767,78.717,30.0,,66.18
2004-10-13T05:40:00,43344099999,TIRUCHIRAPPALLI,10.767,78.717,32.0,,62.71
2004-10-13T06:00:00,43344099999,TIRUCHIRAPPALLI,10.767,78.717,30.2,1011.9,67.84
2004-10-13T07:40:00,43344099999,TIRUCHIRAPPALLI,10.767,78.717,32.0,,62.71
2004-10-13T09:00:00,43344099999,TIRUCHIRAPPALLI,10.767,78.717,32.6,1008.8,57.42
2004-10-13T09:40:00,43344099999,TIRUCHIRAPPALLI,10.767,78.717,33.0,,55.81
2004-10-13T12:00:00,43344099999,TIRUCHIRAPPALLI,10.767,78.717,30.4,1009.0,61.61
2004-10-13T15:00:00,43344099999,TIRUCHIRAPPALLI,10.767,78.717,28.2,1012.4,76.15
2004-10-13T18:00:00,43344099999,TIRUCHIRAPPALLI,10.767,78.717,27.4,1013.4,87.3
2004-10-13T21:00:00,43344099999,TIRUCHIRAPPALLI,10.767,78.717,26.8,1011.5,85.69
2004-10-13T23:40:00,43344099999,TIRUCHIRAPPALLI,10.767,78.717,26.0,,94.23
2004-10-14T00:00:00,43344099999,TIRUCHIRAPPALLI,10.767,78.717,26.0,1012.0,92.01
2004-10-14T00:40:00,43344099999,TIRUCHIRAPPALLI,10.767,78.717,26.0,,94.23
2004-10-14T01:40:00,43344099999,TIRUCHIRAPPALLI,10.767,78.717,27.0,,78.78
2004-10-14T02:40:00,43344099999,TIRUCHIRAPPALLI,10.767,78.717,28.0,,74.3
2004-10-14T03:00:00,43344099999,TIRUCHIRAPPALLI,10.767,78.717,27.8,1013.6,78.42
2004-10-14T04:40:00,43344099999,TIRUCHIRAPPALLI,10.767,78.717,31.0,,62.5
2004-10-14T05:40:00,43344099999,TIRUCHIRAPPALLI,10.767,78.717,32.0,,59.04
2004-10-14T06:00:00,43344099999,TIRUCHIRAPPALLI,10.767,78.717,31.4,1012.1,64.5
2004-10-14T06:40:00,43344099999,TIRUCHIRAPPALLI,10.767,78.717,32.0,,59.04
2004-10-14T07:40:00,43344099999,TIRUCHIRAPPALLI,10.767,78.717,33.0,,59.27
2004-10-14T08:40:00,43344099999,TIRUCHIRAPPALLI,10.767,78.717,33.0,,55.81
2004-10-14T09:00:00,43344099999,TIRUCHIRAPPALLI,10.767,78.717,,1008.8,
2004-10-14T10:40:00,43344099999,TIRUCHIRAPPALLI,10.767,78.717,32.0,,62.71
2004-10-14T11:40:00,43344099999,TIRUCHIRAPPALLI,10.767,78.717,31.0,,66.38
2004-10-14T12:00:00,43344099999,TIRUCHIRAPPALLI,10.767,78.717,30.6,1009.1,61.66
2004-10-14T15:00:00,43344099999,TIRUCHIRAPPALLI,10.767,78.717,28.0,1013.5,81.81
2004-10-14T20:40:00,43344099999,TIRUCHIRAPPALLI,10.767,78.717,25.0,,88.68
2004-10-14T21:00:00,43344099999,TIRUCHIRAPPALLI,10.767,78.717,24.8,1011.8,86.54
2004-10-14T21:40:00,43344099999,TIRUCHIRAPPALLI,10.767,78.717,25.0,,78.5
2004-10-14T22:40:00,43344099999,TIRUCHIRAPPALLI,10.767,78.717,24.0,,88.6
2004-10-14T23:40:00,43344099999,TIRUCHIRAPPALLI,10.767,78.717,24.0,,88.6
2004-10-15T00:00:00,43344099999,TIRUCHIRAPPALLI,10.767,78.717,24.2,1011.7,89.7
2004-10-15T00:40:00,43344099999,TIRUCHIRAPPALLI,10.767,78.717,25.0,,83.45
2004-10-15T01:40:00,43344099999,TIRUCHIRAPPALLI,10.767,78.717,26.0,,83.57
2004-10-15T02:40:00,43344099999,TIRUCHIRAPPALLI,10.767,78.717,28.0,,74.3
2004-10-15T03:00:00,43344099999,TIRUCHIRAPPALLI,10.767,78.717,26.0,1013.7,87.17
2004-10-15T04:40:00,43344099999,TIRUCHIRAPPALLI,10.767,78.717,29.0,,74.47
2004-10-15T05:40:00,43344099999,TIRUCHIRAPPALLI,10.767,78.717,30.0,,70.29
2004-10-15T06:00:00,43344099999,TIRUCHIRAPPALLI,10.767,78.717,28.2,1012.9,76.15
2004-10-15T06:40:00,43344099999,TIRUCHIRAPPALLI,10.767,78.717,30.0,,70.29
2004-10-15T07:40:00,43344099999,TIRUCHIRAPPALLI,10.767,78.717,30.0,,70.29
2004-10-15T08:40:00,43344099999,TIRUCHIRAPPALLI,10.767,78.717,31.0,,84.11
2004-10-15T09:00:00,43344099999,TIRUCHIRAPPALLI,10.767,78.717,30.6,1009.5,65.51
2004-10-15T09:40:00,43344099999,TIRUCHIRAPPALLI,10.767,78.717,31.0,,62.5
2004-10-15T10:40:00,43344099999,TIRUCHIRAPPALLI,10.767,78.717,31.0,,62.5
2004-10-15T11:40:00,43344099999,TIRUCHIRAPPALLI,10.767,78.717,30.0,,66.18
2004-10-15T12:00:00,43344099999,TIRUCHIRAPPALLI,10.767,78.717,29.6,1008.9,66.1
2004-10-15T12:40:00,43344099999,TIRUCHIRAPPALLI,10.767,78.717,29.0,,74.47
2004-10-15T14:40:00,43344099999,TIRUCHIRAPPALLI,10.767,78.717,28.0,,83.79
2004-10-15T15:00:00,43344099999,TIRUCHIRAPPALLI,10.767,78.717,27.8,1012.0,81.3
2004-10-15T20:40:00,43344099999,TIRUCHIRAPPALLI,10.767,78.717,26.0,,94.23
2004-10-15T21:00:00,43344099999,TIRUCHIRAPPALLI,10.767,78.717,26.2,1010.6,92.02
2004-10-16T00:00:00,43344099999,TIRUCHIRAPPALLI,10.767,78.717,25.6,1011.1,98.23
2004-10-16T01:40:00,43344099999,TIRUCHIRAPPALLI,10.767,78.717,26.0,,88.76
2004-10-16T02:40:00,43344099999,TIRUCHIRAPPALLI,10.767,78.717,27.0,,83.68
2004-10-16T03:00:00,43344099999,TIRUCHIRAPPALLI,10.767,78.717,27.4,1013.3,88.87
2004-10-16T03:40:00,43344099999,TIRUCHIRAPPALLI,10.767,78.717,28.0,,78.92
2004-10-16T04:40:00,43344099999,TIRUCHIRAPPALLI,10.767,78.717,29.0,,74.47
2004-10-16T05:40:00,43344099999,TIRUCHIRAPPALLI,10.767,78.717,30.0,,70.29
2004-10-16T06:00:00,43344099999,TIRUCHIRAPPALLI,10.767,78.717,30.6,1011.7,63.94
2004-10-16T06:40:00,43344099999,TIRUCHIRAPPALLI,10.767,78.717,32.0,,59.04
2004-10-16T07:40:00,43344099999,TIRUCHIRAPPALLI,10.767,78.717,33.0,,55.81
2004-10-16T09:00:00,43344099999,TIRUCHIRAPPALLI,10.767,78.717,32.4,1008.5,54.99
2004-10-16T09:40:00,43344099999,TIRUCHIRAPPALLI,10.767,78.717,33.0,,55.81
2004-10-16T12:00:00,43344099999,TIRUCHIRAPPALLI,10.77,78.72,30.4,1008.6,57.96
2004-10-16T12:40:00,43344099999,TIRUCHIRAPPALLI,10.77,78.72,30.0,,62.28
2004-10-16T13:40:00,43344099999,TIRUCHIRAPPALLI,10.77,78.72,29.0,,74.47
2004-10-16T14:40:00,43344099999,TIRUCHIRAPPALLI,10.77,78.72,28.0,,69.92
2004-10-16T15:00:00,43344099999,TIRUCHIRAPPALLI,10.77,78.72,27.8,1012.0,78.42
2004-10-16T15:40:00,43344099999,TIRUCHIRAPPALLI,10.77,78.72,28.0,,78.92
2004-10-16T16:40:00,43344099999,TIRUCHIRAPPALLI,10.77,78.72,27.0,,78.78
2004-10-16T18:00:00,43344099999,TIRUCHIRAPPALLI,10.77,78.72,27.6,1012.4,85.77
2004-10-16T20:40:00,43344099999,TIRUCHIRAPPALLI,10.77,78.72,27.0,,83.68
2004-10-16T21:00:00,43344099999,TIRUCHIRAPPALLI,10.77,78.72,26.6,1010.6,93.7
2004-10-16T23:40:00,43344099999,TIRUCHIRAPPALLI,10.77,78.72,26.0,,94.23
2004-10-17T00:00:00,43344099999,TIRUCHIRAPPALLI,10.77,78.72,25.8,1010.8,94.79
2004-10-17T03:00:00,43344099999,TIRUCHIRAPPALLI,10.77,78.72,28.4,1013.2,73.03
2004-10-17T06:00:00,43344099999,TIRUCHIRAPPALLI,10.77,78.72,30.4,1011.4,59.03
2004-10-17T07:40:00,43344099999,TIRUCHIRAPPALLI,10.77,78.72,32.0,,55.56
2004-10-17T09:00:00,43344099999,TIRUCHIRAPPALLI,10.77,78.72,28.6,1009.1,77.6
2004-10-17T10:40:00,43344099999,TIRUCHIRAPPALLI,10.77,78.72,26.0,,83.57
2004-10-17T12:00:00,43344099999,TIRUCHIRAPPALLI,10.77,78.72,25.4,1010.3,93.09
2004-10-17T12:40:00,43344099999,TIRUCHIRAPPALLI,10.77,78.72,25.0,,94.19
2004-10-17T15:00:00,43344099999,TIRUCHIRAPPALLI,10.77,78.72,25.4,,94.77
2004-10-17T17:40:00,43344099999,TIRUCHIRAPPALLI,10.77,78.72,25.0,,94.19
2004-10-17T18:00:00,43344099999,TIRUCHIRAPPALLI,10.77,78.72,25.0,1012.4,96.48
2004-10-17T20:40:00,43344099999,TIRUCHIRAPPALLI,10.77,78.72,25.0,,88.68
2004-10-17T21:00:00,43344099999,TIRUCHIRAPPALLI,10.77,78.72,25.0,1010.6,94.76
2004-10-17T22:40:00,43344099999,TIRUCHIRAPPALLI,10.77,78.72,25.0,,94.19
2004-10-18T00:00:00,43344099999,TIRUCHIRAPPALLI,10.767,78.717,25.0,1011.0,94.76
2004-10-18T02:40:00,43344099999,TIRUCHIRAPPALLI,10.767,78.717,27.0,,83.68
2004-10-18T03:00:00,43344099999,TIRUCHIRAPPALLI,10.767,78.717,26.6,1013.0,92.04
2004-10-18T04:40:00,43344099999,TIRUCHIRAPPALLI,10.767,78.717,28.0,,78.92
2004-10-18T05:40:00,43344099999,TIRUCHIRAPPALLI,10.767,78.717,29.0,,79.06
2004-10-18T06:00:00,43344099999,TIRUCHIRAPPALLI,10.767,78.717,29.2,1011.5,80.51
2004-10-18T06:40:00,43344099999,TIRUCHIRAPPALLI,10.767,78.717,30.0,,74.63
2004-10-18T08:40:00,43344099999,TIRUCHIRAPPALLI,10.767,78.717,29.0,,79.06
2004-10-18T09:00:00,43344099999,TIRUCHIRAPPALLI,10.767,78.717,30.2,1008.7,69.07
2004-10-18T12:00:00,43344099999,TIRUCHIRAPPALLI,10.767,78.717,28.0,1009.3,77.51
2004-10-18T13:40:00,43344099999,TIRUCHIRAPPALLI,10.767,78.717,27.0,,78.78
2004-10-18T15:00:00,43344099999,TIRUCHIRAPPALLI,10.767,78.717,25.8,1011.8,85.59
2004-10-18T15:40:00,43344099999,TIRUCHIRAPPALLI,10.767,78.717,25.0,,94.19
2004-10-18T18:00:00,43344099999,TIRUCHIRAPPALLI,10.767,78.717,24.8,1011.6,91.39
2004-10-18T18:40:00,43344099999,TIRUCHIRAPPALLI,10.767,78.717,25.0,,94.19
2004-10-18T21:00:00,43344099999,TIRUCHIRAPPALLI,10.767,78.717,24.4,1010.0,91.36
2004-10-19T00:00:00,43344099999,TIRUCHIRAPPALLI,10.767,78.717,24.4,1010.5,93.04
2004-10-19T02:40:00,43344099999,TIRUCHIRAPPALLI,10.767,78.717,27.0,,74.14
2004-10-19T03:00:00,43344099999,TIRUCHIRAPPALLI,10.767,78.717,27.0,1012.8,82.68
2004-10-19T03:40:00,43344099999,TIRUCHIRAPPALLI,10.767,78.717,29.0,,74.47
2004-10-19T04:40:00,43344099999,TIRUCHIRAPPALLI,10.767,78.717,30.0,,70.29
2004-10-19T05:40:00,43344099999,TIRUCHIRAPPALLI,10.767,78.717,31.0,,66.38
2004-10-19T06:00:00,43344099999,TIRUCHIRAPPALLI,10.767,78.717,29.6,1011.3,71.07
2004-10-19T06:40:00,43344099999,TIRUCHIRAPPALLI,10.767,78.717,31.0,,66.38
2004-10-19T07:40:00,43344099999,TIRUCHIRAPPALLI,10.767,78.717,31.0,,66.38
2004-10-19T08:40:00,43344099999,TIRUCHIRAPPALLI,10.767,78.717,32.0,,62.71
2004-10-19T09:00:00,43344099999,TIRUCHIRAPPALLI,10.767,78.717,30.0,1008.3,69.04
2004-10-19T11:40:00,43344099999,TIRUCHIRAPPALLI,10.767,78.717,27.0,,83.68
2004-10-19T12:00:00,43344099999,TIRUCHIRAPPALLI,10.767,78.717,26.6,1009.2,98.25
2004-10-19T14:40:00,43344099999,TIRUCHIRAPPALLI,10.767,78.717,25.0,,94.19
2004-10-19T15:00:00,43344099999,TIRUCHIRAPPALLI,10.767,78.717,25.2,1011.6,96.48
2004-10-19T15:40:00,43344099999,TIRUCHIRAPPALLI,10.767,78.717,25.0,,94.19
2004-10-19T16:40:00,43344099999,TIRUCHIRAPPALLI,10.767,78.717,25.0,,94.19
2004-10-19T18:00:00,43344099999,TIRUCHIRAPPALLI,10.767,78.717,24.8,1011.6,94.75
2004-10-19T20:40:00,43344099999,TIRUCHIRAPPALLI,10.767,78.717,25.0,,94.19
2004-10-19T21:00:00,43344099999,TIRUCHIRAPPALLI,10.767,78.717,24.8,1009.5,94.75
2004-10-19T21:40:00,43344099999,TIRUCHIRAPPALLI,10.767,78.717,28.0,,78.92
2004-10-19T22:40:00,43344099999,TIRUCHIRAPPALLI,10.767,78.717,25.0,,94.19
2004-10-19T23:40:00,43344099999,TIRUCHIRAPPALLI,10.767,78.717,25.0,,94.19
2004-10-20T00:00:00,43344099999,TIRUCHIRAPPALLI,10.767,78.717,24.0,1009.9,96.45
2004-10-20T01:40:00,43344099999,TIRUCHIRAPPALLI,10.767,78.717,25.0,,88.68
2004-10-20T03:00:00,43344099999,TIRUCHIRAPPALLI,10.767,78.717,26.8,1011.2,82.65
2004-10-20T04:40:00,43344099999,TIRUCHIRAPPALLI,10.767,78.717,29.0,,74.47
2004-10-20T05:40:00,43344099999,TIRUCHIRAPPALLI,10.767,78.717,30.0,,70.29
2004-10-20T06:00:00,43344099999,TIRUCHIRAPPALLI,10.767,78.717,29.6,1010.8,69.8
2004-10-20T06:40:00,43344099999,TIRUCHIRAPPALLI,10.767,78.717,30.0,,70.29
2004-10-20T07:40:00,43344099999,TIRUCHIRAPPALLI,10.767,78.717,31.0,,66.38
2004-10-20T09:00:00,43344099999,TIRUCHIRAPPALLI,10.767,78.717,31.0,1007.9,65.59
2004-10-20T12:00:00,43344099999,TIRUCHIRAPPALLI,10.767,78.717,26.8,1009.0,87.24
2004-10-20T15:00:00,43344099999,TIRUCHIRAPPALLI,10.767,78.717,26.0,1011.2,93.67
2004-10-20T18:00:00,43344099999,TIRUCHIRAPPALLI,10.767,78.717,25.4,1011.5,96.49
2004-10-20T21:00:00,43344099999,TIRUCHIRAPPALLI,10.767,78.717,24.8,1009.7,96.47
2004-10-20T23:40:00,43344099999,TIRUCHIRAPPALLI,10.767,78.717,25.0,,94.19
2004-10-21T00:00:00,43344099999,TIRUCHIRAPPALLI,10.767,78.717,24.6,1010.3,94.74
2004-10-21T02:40:00,43344099999,TIRUCHIRAPPALLI,10.767,78.717,26.0,,83.57
2004-10-21T03:00:00,43344099999,TIRUCHIRAPPALLI,10.767,78.717,27.6,1012.4,82.75
2004-10-21T03:40:00,43344099999,TIRUCHIRAPPALLI,10.767,78.717,29.0,,74.47
2004-10-21T04:40:00,43344099999,TIRUCHIRAPPALLI,10.767,78.717,29.0,,74.47
2004-10-21T05:40:00,43344099999,TIRUCHIRAPPALLI,10.767,78.717,30.0,,62.28
2004-10-21T06:00:00,43344099999,TIRUCHIRAPPALLI,10.767,78.717,29.4,1011.5,68.51
2004-10-21T06:40:00,43344099999,TIRUCHIRAPPALLI,10.767,78.717,31.0,,62.5
2004-10-21T09:00:00,43344099999,TIRUCHIRAPPALLI,10.767,78.717,30.2,1009.5,67.84
2004-10-21T12:00:00,43344099999,TIRUCHIRAPPALLI,10.767,78.717,27.0,1009.4,81.2
2004-10-21T12:40:00,43344099999,TIRUCHIRAPPALLI,10.767,78.717,26.0,,83.57
2004-10-21T14:40:00,43344099999,TIRUCHIRAPPALLI,10.767,78.717,26.0,,83.57
2004-10-21T15:00:00,43344099999,TIRUCHIRAPPALLI,10.767,78.717,25.6,1012.1,91.44
2004-10-21T16:40:00,43344099999,TIRUCHIRAPPALLI,10.767,78.717,25.0,,88.68
2004-10-21T17:40:00,43344099999,TIRUCHIRAPPALLI,10.767,78.717,25.0,,94.19
2004-10-21T18:00:00,43344099999,TIRUCHIRAPPALLI,10.767,78.717,25.2,1012.3,93.08
2004-10-21T20:40:00,43344099999,TIRUCHIRAPPALLI,10.767,78.717,25.0,,94.19
2004-10-21T21:00:00,43344099999,TIRUCHIRAPPALLI,10.767,78.717,24.6,1011.1,96.47
2004-10-21T21:40:00,43344099999,TIRUCHIRAPPALLI,10.767,78.717,25.0,,94.19
2004-10-21T22:40:00,43344099999,TIRUCHIRAPPALLI,10.767,78.717,24.0,,94.15
2004-10-21T23:40:00,43344099999,TIRUCHIRAPPALLI,10.767,78.717,24.0,,94.15
2004-10-22T00:00:00,43344099999,TIRUCHIRAPPALLI,10.767,78.717,24.4,1011.3,96.46
2004-10-22T00:40:00,43344099999,TIRUCHIRAPPALLI,10.767,78.717,25.0,,83.45
2004-10-22T01:40:00,43344099999,TIRUCHIRAPPALLI,10.767,78.717,25.0,,83.45
2004-10-22T02:40:00,43344099999,TIRUCHIRAPPALLI,10.767,78.717,26.0,,83.57
2004-10-22T03:00:00,43344099999,TIRUCHIRAPPALLI,10.767,78.717,26.6,1013.6,84.14
2004-10-22T04:40:00,43344099999,TIRUCHIRAPPALLI,10.767,78.717,29.0,,74.47
2004-10-22T05:40:00,43344099999,TIRUCHIRAPPALLI,10.767,78.717,30.0,,70.29
2004-10-22T06:00:00,43344099999,TIRUCHIRAPPALLI,10.767,78.717,30.4,1012.7,66.66
2004-10-22T06:40:00,43344099999,TIRUCHIRAPPALLI,10.767,78.717,31.0,,66.38
2004-10-22T07:40:00,43344099999,TIRUCHIRAPPALLI,10.767,78.717,32.0,,62.71
2004-10-22T09:00:00,43344099999,TIRUCHIRAPPALLI,10.767,78.717,27.0,1009.5,84.18
2004-10-22T12:00:00,43344099999,TIRUCHIRAPPALLI,10.767,78.717,27.4,1009.9,78.36
2004-10-22T12:40:00,43344099999,TIRUCHIRAPPALLI,10.767,78.717,27.0,,78.78
2004-10-22T15:00:00,43344099999,TIRUCHIRAPPALLI,10.767,78.717,26.4,1012.4,85.65
2004-10-22T15:40:00,43344099999,TIRUCHIRAPPALLI,10.767,78.717,26.0,,88.76
2004-10-22T18:00:00,43344099999,TIRUCHIRAPPALLI,10.767,78.717,25.4,1012.5,91.42
2004-10-22T21:00:00,43344099999,TIRUCHIRAPPALLI,10.767,78.717,24.6,1010.8,94.74
2004-10-23T00:00:00,43344099999,TIRUCHIRAPPALLI,10.767,78.717,24.2,1010.8,94.73
2004-10-23T03:00:00,43344099999,TIRUCHIRAPPALLI,10.767,78.717,24.0,1013.7,96.45
2004-10-23T06:00:00,43344099999,TIRUCHIRAPPALLI,10.767,78.717,24.8,1012.9,98.22
2004-10-23T10:40:00,43344099999,TIRUCHIRAPPALLI,10.767,78.717,25.0,,94.19
2004-10-23T12:00:00,43344099999,TIRUCHIRAPPALLI,10.767,78.717,23.8,1010.1,96.45
2004-10-23T12:40:00,43344099999,TIRUCHIRAPPALLI,10.767,78.717,24.0,,94.15
2004-10-23T13:40:00,43344099999,TIRUCHIRAPPALLI,10.767,78.717,25.0,,88.68
2004-10-23T14:40:00,43344099999,TIRUCHIRAPPALLI,10.767,78.717,24.0,,94.15
2004-10-23T15:00:00,43344099999,TIRUCHIRAPPALLI,10.767,78.717,23.6,1012.6,98.21
2004-10-23T15:40:00,43344099999,TIRUCHIRAPPALLI,10.767,78.717,24.0,,94.15
2004-10-23T16:40:00,43344099999,TIRUCHIRAPPALLI,10.767,78.717,24.0,,94.15
2004-10-23T18:00:00,43344099999,TIRUCHIRAPPALLI,10.767,78.717,23.6,1012.9,98.21
2004-10-23T18:40:00,43344099999,TIRUCHIRAPPALLI,10.767,78.717,24.0,,94.15
2004-10-23T20:40:00,43344099999,TIRUCHIRAPPALLI,10.767,78.717,24.0,,94.15
2004-10-23T21:00:00,43344099999,TIRUCHIRAPPALLI,10.767,78.717,23.6,1010.8,98.21
2004-10-23T21:40:00,43344099999,TIRUCHIRAPPALLI,10.767,78.717,24.0,,94.15
2004-10-23T22:40:00,43344099999,TIRUCHIRAPPALLI,10.767,78.717,24.0,,94.15
2004-10-23T23:40:00,43344099999,TIRUCHIRAPPALLI,10.767,78.717,24.0,,94.15
2004-10-24T00:00:00,43344099999,TIRUCHIRAPPALLI,10.767,78.717,22.8,1011.2,98.2
2004-10-24T03:00:00,43344099999,TIRUCHIRAPPALLI,10.767,78.717,26.0,1013.2,87.17
2004-10-24T03:40:00,43344099999,TIRUCHIRAPPALLI,10.767,78.717,27.0,,83.68
2004-10-24T04:40:00,43344099999,TIRUCHIRAPPALLI,10.767,78.717,29.0,,74.47
2004-10-24T05:40:00,43344099999,TIRUCHIRAPPALLI,10.767,78.717,29.0,,70.11
2004-10-24T06:00:00,43344099999,TIRUCHIRAPPALLI,10.767,78.717,29.4,1012.3,69.76
2004-10-24T06:40:00,43344099999,TIRUCHIRAPPALLI,10.767,78.717,30.0,,70.29
2004-10-24T07:40:00,43344099999,TIRUCHIRAPPALLI,10.767,78.717,31.0,,66.38
2004-10-24T08:40:00,43344099999,TIRUCHIRAPPALLI,10.767,78.717,32.0,,62.71
2004-10-24T09:00:00,43344099999,TIRUCHIRAPPALLI,10.767,78.717,30.4,1009.1,61.61
2004-10-24T10:40:00,43344099999,TIRUCHIRAPPALLI,10.767,78.717,29.0,,74.47
2004-10-24T11:40:00,43344099999,TIRUCHIRAPPALLI,10.767,78.717,29.0,,74.47
2004-10-24T12:00:00,43344099999,TIRUCHIRAPPALLI,10.767,78.717,29.8,1010.0,71.53
2004-10-24T12:40:00,43344099999,TIRUCHIRAPPALLI,10.767,78.717,28.0,,74.3
2004-10-24T15:00:00,43344099999,TIRUCHIRAPPALLI,10.767,78.717,26.8,1013.4,85.69
2004-10-24T15:40:00,43344099999,TIRUCHIRAPPALLI,10.767,78.717,27.0,,83.68
2004-10-24T16:40:00,43344099999,TIRUCHIRAPPALLI,10.767,78.717,26.0,,88.76
2004-10-24T18:00:00,43344099999,TIRUCHIRAPPALLI,10.767,78.717,26.4,1013.7,92.03
2004-10-24T22:40:00,43344099999,TIRUCHIRAPPALLI,10.767,78.717,24.0,,94.15
2004-10-24T23:40:00,43344099999,TIRUCHIRAPPALLI,10.767,78.717,24.0,,88.6
2004-10-25T00:00:00,43344099999,TIRUCHIRAPPALLI,10.767,78.717,23.0,1011.8,96.43
2004-10-25T00:40:00,43344099999,TIRUCHIRAPPALLI,10.767,78.717,24.0,,88.6
2004-10-25T01:40:00,43344099999,TIRUCHIRAPPALLI,10.767,78.717,24.0,,88.6
2004-10-25T03:00:00,43344099999,TIRUCHIRAPPALLI,10.767,78.717,27.0,1013.2,79.74
2004-10-25T06:00:00,43344099999,TIRUCHIRAPPALLI,10.767,78.717,29.4,1012.6,68.51
2004-10-25T06:40:00,43344099999,TIRUCHIRAPPALLI,10.767,78.717,30.0,,70.29
2004-10-25T07:40:00,43344099999,TIRUCHIRAPPALLI,10.767,78.717,30.0,,66.18
2004-10-25T08:40:00,43344099999,TIRUCHIRAPPALLI,10.767,78.717,31.0,,62.5
2004-10-25T09:00:00,43344099999,TIRUCHIRAPPALLI,10.767,78.717,30.5,1009.3,66.28
2004-10-25T12:00:00,43344099999,TIRUCHIRAPPALLI,10.767,78.717,27.0,1009.8,84.18
2004-10-25T15:00:00,43344099999,TIRUCHIRAPPALLI,10.767,78.717,26.0,1013.0,92.56
2004-10-25T15:40:00,43344099999,TIRUCHIRAPPALLI,10.767,78.717,26.0,,88.76
2004-10-25T16:40:00,43344099999,TIRUCHIRAPPALLI,10.767,78.717,25.0,,94.19
2004-10-25T17:40:00,43344099999,TIRUCHIRAPPALLI,10.767,78.717,25.0,,94.19
2004-10-25T18:00:00,43344099999,TIRUCHIRAPPALLI,10.767,78.717,25.4,1013.4,93.09
2004-10-25T18:40:00,43344099999,TIRUCHIRAPPALLI,10.767,78.717,25.0,,94.19
2004-10-25T21:00:00,43344099999,TIRUCHIRAPPALLI,10.767,78.717,24.0,1011.5,96.45
2004-10-26T00:00:00,43344099999,TIRUCHIRAPPALLI,10.767,78.717,24.8,1011.8,96.47
2004-10-26T01:40:00,43344099999,TIRUCHIRAPPALLI,10.767,78.717,26.0,,88.76
2004-10-26T02:40:00,43344099999,TIRUCHIRAPPALLI,10.767,78.717,26.0,,83.57
2004-10-26T03:00:00,43344099999,TIRUCHIRAPPALLI,10.767,78.717,25.2,1014.5,91.41
2004-10-26T04:40:00,43344099999,TIRUCHIRAPPALLI,10.767,78.717,26.0,,94.23
2004-10-26T05:40:00,43344099999,TIRUCHIRAPPALLI,10.767,78.717,28.0,,78.92
2004-10-26T06:00:00,43344099999,TIRUCHIRAPPALLI,10.767,78.717,28.0,1013.2,83.29
2004-10-26T06:40:00,43344099999,TIRUCHIRAPPALLI,10.767,78.717,28.0,,83.79
2004-10-26T07:40:00,43344099999,TIRUCHIRAPPALLI,10.767,78.717,30.0,,70.29
2004-10-26T09:00:00,43344099999,TIRUCHIRAPPALLI,10.767,78.717,25.0,1010.4,94.76
2004-10-26T11:40:00,43344099999,TIRUCHIRAPPALLI,10.767,78.717,27.0,,74.14
2004-10-26T12:00:00,43344099999,TIRUCHIRAPPALLI,10.767,78.717,26.8,1010.6,79.71
2004-10-26T12:40:00,43344099999,TIRUCHIRAPPALLI,10.767,78.717,26.0,,83.57
2004-10-26T14:40:00,43344099999,TIRUCHIRAPPALLI,10.767,78.717,26.0,,83.57
2004-10-26T15:00:00,43344099999,TIRUCHIRAPPALLI,10.767,78.717,25.4,1012.9,88.18
2004-10-26T16:40:00,43344099999,TIRUCHIRAPPALLI,10.767,78.717,25.0,,94.19
2004-10-26T18:00:00,43344099999,TIRUCHIRAPPALLI,10.767,78.717,25.4,1012.4,94.77
2004-10-26T21:00:00,43344099999,TIRUCHIRAPPALLI,10.767,78.717,24.8,1010.2,93.06
2004-10-26T21:40:00,43344099999,TIRUCHIRAPPALLI,10.767,78.717,25.0,,88.68
2004-10-26T22:40:00,43344099999,TIRUCHIRAPPALLI,10.767,78.717,24.0,,94.15
2004-10-26T23:40:00,43344099999,TIRUCHIRAPPALLI,10.767,78.717,24.0,,94.15
2004-10-27T00:00:00,43344099999,TIRUCHIRAPPALLI,10.767,78.717,24.2,1011.3,89.7
2004-10-27T03:00:00,43344099999,TIRUCHIRAPPALLI,10.767,78.717,25.4,1013.2,90.33
2004-10-27T04:40:00,43344099999,TIRUCHIRAPPALLI,10.767,78.717,26.0,,83.57
2004-10-27T05:40:00,43344099999,TIRUCHIRAPPALLI,10.767,78.717,25.0,,83.45
2004-10-27T06:00:00,43344099999,TIRUCHIRAPPALLI,10.767,78.717,23.6,1013.9,98.21
2004-10-27T07:40:00,43344099999,TIRUCHIRAPPALLI,10.767,78.717,26.0,,78.64
2004-10-27T08:40:00,43344099999,TIRUCHIRAPPALLI,10.767,78.717,26.0,,83.57
2004-10-27T09:00:00,43344099999,TIRUCHIRAPPALLI,10.767,78.717,25.4,1010.8,86.59
2004-10-27T09:40:00,43344099999,TIRUCHIRAPPALLI,10.767,78.717,26.0,,78.64
2004-10-27T12:00:00,43344099999,TIRUCHIRAPPALLI,10.767,78.717,26.2,1010.8,79.15
2004-10-27T12:40:00,43344099999,TIRUCHIRAPPALLI,10.767,78.717,26.0,,83.57
2004-10-27T14:40:00,43344099999,TIRUCHIRAPPALLI,10.767,78.717,25.0,,83.45
2004-10-27T15:00:00,43344099999,TIRUCHIRAPPALLI,10.767,78.717,24.6,1013.0,89.73
2004-10-27T15:40:00,43344099999,TIRUCHIRAPPALLI,10.767,78.717,25.0,,94.19
2004-10-27T16:40:00,43344099999,TIRUCHIRAPPALLI,10.767,78.717,24.0,,100.0
2004-10-27T18:00:00,43344099999,TIRUCHIRAPPALLI,10.767,78.717,24.2,1013.0,91.35
2004-10-27T21:00:00,43344099999,TIRUCHIRAPPALLI,10.767,78.717,24.0,1012.3,91.34
2004-10-28T00:00:00,43344099999,TIRUCHIRAPPALLI,10.767,78.717,23.2,1010.1,98.2
2004-10-28T03:00:00,43344099999,TIRUCHIRAPPALLI,10.767,78.717,24.0,1012.6,94.72
2004-10-28T03:40:00,43344099999,TIRUCHIRAPPALLI,10.767,78.717,25.0,,88.68
2004-10-28T06:00:00,43344099999,TIRUCHIRAPPALLI,10.767,78.717,27.4,1011.8,74.2
2004-10-28T06:40:00,43344099999,TIRUCHIRAPPALLI,10.767,78.717,28.0,,74.3
2004-10-28T07:40:00,43344099999,TIRUCHIRAPPALLI,10.767,78.717,29.0,,70.11
2004-10-28T08:40:00,43344099999,TIRUCHIRAPPALLI,10.767,78.717,30.0,,66.18
2004-10-28T09:00:00,43344099999,TIRUCHIRAPPALLI,10.767,78.717,29.0,1009.3,70.96
2004-10-28T10:40:00,43344099999,TIRUCHIRAPPALLI,10.767,78.717,28.0,,74.3
2004-10-28T12:00:00,43344099999,TIRUCHIRAPPALLI,10.767,78.717,27.2,1009.6,65.61
2004-10-28T15:00:00,43344099999,TIRUCHIRAPPALLI,10.767,78.717,26.0,1012.2,88.76
2004-10-28T17:40:00,43344099999,TIRUCHIRAPPALLI,10.767,78.717,25.0,,88.68
2004-10-28T18:00:00,43344099999,TIRUCHIRAPPALLI,10.767,78.717,23.8,1012.8,93.0
2004-10-28T18:40:00,43344099999,TIRUCHIRAPPALLI,10.767,78.717,24.0,,94.15
2004-10-28T20:40:00,43344099999,TIRUCHIRAPPALLI,10.767,78.717,23.0,,94.11
2004-10-28T21:00:00,43344099999,TIRUCHIRAPPALLI,10.767,78.717,23.4,1011.3,90.74
2004-10-28T23:40:00,43344099999,TIRUCHIRAPPALLI,10.767,78.717,23.0,,100.0
2004-10-29T00:00:00,43344099999,TIRUCHIRAPPALLI,10.767,78.717,22.6,1011.2,98.19
2004-10-29T02:40:00,43344099999,TIRUCHIRAPPALLI,10.767,78.717,23.0,,94.11
2004-10-29T03:00:00,43344099999,TIRUCHIRAPPALLI,10.767,78.717,22.6,1012.5,98.19
2004-10-29T06:00:00,43344099999,TIRUCHIRAPPALLI,10.767,78.717,24.8,1012.0,88.13
2004-10-29T06:40:00,43344099999,TIRUCHIRAPPALLI,10.767,78.717,25.0,,88.68
2004-10-29T07:40:00,43344099999,TIRUCHIRAPPALLI,10.767,78.717,26.0,,83.57
2004-10-29T08:40:00,43344099999,TIRUCHIRAPPALLI,10.767,78.717,26.0,,83.57
2004-10-29T09:00:00,43344099999,TIRUCHIRAPPALLI,10.767,78.717,26.0,1009.9,80.58
2004-10-29T11:40:00,43344099999,TIRUCHIRAPPALLI,10.767,78.717,26.0,,78.64
2004-10-29T12:00:00,43344099999,TIRUCHIRAPPALLI,10.767,78.717,24.8,1009.7,80.42
2004-10-29T12:40:00,43344099999,TIRUCHIRAPPALLI,10.767,78.717,25.0,,83.45
2004-10-29T15:00:00,43344099999,TIRUCHIRAPPALLI,10.767,78.717,23.6,1011.8,94.7
2004-10-29T15:40:00,43344099999,TIRUCHIRAPPALLI,10.767,78.717,24.0,,94.15
2004-10-29T18:00:00,43344099999,TIRUCHIRAPPALLI,10.767,78.717,23.6,1011.9,94.7
2004-10-29T20:40:00,43344099999,TIRUCHIRAPPALLI,10.767,78.717,23.0,,94.11
2004-10-29T21:00:00,43344099999,TIRUCHIRAPPALLI,10.767,78.717,23.2,1010.5,94.69
2004-10-30T00:00:00,43344099999,TIRUCHIRAPPALLI,10.767,78.717,23.2,1010.3,94.69
2004-10-30T01:40:00,43344099999,TIRUCHIRAPPALLI,10.767,78.717,23.0,,94.11
2004-10-30T02:40:00,43344099999,TIRUCHIRAPPALLI,10.767,78.717,23.0,,94.11
2004-10-30T03:00:00,43344099999,TIRUCHIRAPPALLI,10.767,78.717,23.6,1012.7,98.21
2004-10-30T06:00:00,43344099999,TIRUCHIRAPPALLI,10.767,78.717,26.5,1012.1,85.66
2004-10-30T08:40:00,43344099999,TIRUCHIRAPPALLI,10.767,78.717,27.0,,78.78
2004-10-30T09:00:00,43344099999,TIRUCHIRAPPALLI,10.767,78.717,27.0,1009.3,81.2
2004-10-30T12:00:00,43344099999,TIRUCHIRAPPALLI,10.767,78.717,25.0,1009.6,91.4
2004-10-30T15:00:00,43344099999,TIRUCHIRAPPALLI,10.767,78.717,24.0,1011.8,96.45
2004-10-30T18:00:00,43344099999,TIRUCHIRAPPALLI,10.767,78.717,24.0,1011.8,96.45
2004-10-30T20:40:00,43344099999,TIRUCHIRAPPALLI,10.767,78.717,24.0,,94.15
2004-10-30T21:00:00,43344099999,TIRUCHIRAPPALLI,10.767,78.717,23.8,1010.3,96.45
2004-10-30T22:40:00,43344099999,TIRUCHIRAPPALLI,10.767,78.717,24.0,,94.15
2004-10-30T23:40:00,43344099999,TIRUCHIRAPPALLI,10.767,78.717,24.0,,94.15
2004-10-31T00:00:00,43344099999,TIRUCHIRAPPALLI,10.77,78.72,23.0,1011.2,98.2
2004-10-31T02:40:00,43344099999,TIRUCHIRAPPALLI,10.77,78.72,23.0,,94.11
2004-10-31T03:00:00,43344099999,TIRUCHIRAPPALLI,10.77,78.72,23.4,1013.2,98.2
2004-10-31T06:00:00,43344099999,TIRUCHIRAPPALLI,10.77,78.72,25.4,1012.5,88.18
2004-10-31T06:40:00,43344099999,TIRUCHIRAPPALLI,10.77,78.72,26.0,,83.57
2004-10-31T08:40:00,43344099999,TIRUCHIRAPPALLI,10.77,78.72,26.0,,83.57
2004-10-31T09:00:00,43344099999,TIRUCHIRAPPALLI,10.77,78.72,27.0,1009.6,69.74
2004-10-31T09:40:00,43344099999,TIRUCHIRAPPALLI,10.77,78.72,27.0,,69.74
2004-10-31T11:40:00,43344099999,TIRUCHIRAPPALLI,10.77,78.72,27.0,,69.74
2004-10-31T12:00:00,43344099999,TIRUCHIRAPPALLI,10.77,78.72,26.0,1009.6,84.07
2004-10-31T12:40:00,43344099999,TIRUCHIRAPPALLI,10.77,78.72,25.0,,83.45
2004-10-31T15:00:00,43344099999,TIRUCHIRAPPALLI,10.77,78.72,25.0,1012.4,93.07
2004-10-31T16:40:00,43344099999,TIRUCHIRAPPALLI,10.77,78.72,24.0,,94.15
2004-10-31T17:40:00,43344099999,TIRUCHIRAPPALLI,10.77,78.72,24.0,,94.15
2004-10-31T18:00:00,43344099999,TIRUCHIRAPPALLI,10.77,78.72,24.4,1012.9,94.74
2004-10-31T21:00:00,43344099999,TIRUCHIRAPPALLI,10.77,78.72,23.8,1011.2,96.45
2004-10-31T22:40:00,43344099999,TIRUCHIRAPPALLI,10.77,78.72,24.0,,94.15
2004-11-01T00:00:00,43344099999,TIRUCHIRAPPALLI,10.77,78.72,23.6,1011.3,96.44
2004-11-01T01:40:00,43344099999,TIRUCHIRAPPALLI,10.77,78.72,24.0,,94.15
2004-11-01T02:40:00,43344099999,TIRUCHIRAPPALLI,10.77,78.72,25.0,,94.19
2004-11-01T03:00:00,43344099999,TIRUCHIRAPPALLI,10.77,78.72,25.6,1013.2,87.14
2004-11-01T04:40:00,43344099999,TIRUCHIRAPPALLI,10.77,78.72,27.0,,83.68
2004-11-01T06:00:00,43344099999,TIRUCHIRAPPALLI,10.77,78.72,29.2,1012.7,76.3
2004-11-01T06:40:00,43344099999,TIRUCHIRAPPALLI,10.77,78.72,30.0,,74.63
2004-11-01T09:00:00,43344099999,TIRUCHIRAPPALLI,10.77,78.72,29.4,1009.6,68.51
2004-11-01T12:00:00,43344099999,TIRUCHIRAPPALLI,10.77,78.72,28.2,1009.9,73.0
2004-11-01T13:40:00,43344099999,TIRUCHIRAPPALLI,10.77,78.72,27.0,,83.68
2004-11-01T15:00:00,43344099999,TIRUCHIRAPPALLI,10.77,78.72,26.6,1012.6,88.81
2004-11-01T15:40:00,43344099999,TIRUCHIRAPPALLI,10.77,78.72,26.0,,88.76
2004-11-01T16:40:00,43344099999,TIRUCHIRAPPALLI,10.77,78.72,26.0,,88.76
2004-11-01T18:00:00,43344099999,TIRUCHIRAPPALLI,10.77,78.72,25.6,1013.6,94.78
2004-11-01T18:40:00,43344099999,TIRUCHIRAPPALLI,10.77,78.72,25.0,,100.0
2004-11-01T21:00:00,43344099999,TIRUCHIRAPPALLI,10.77,78.72,24.8,1012.1,96.47
2004-11-02T00:00:00,43344099999,TIRUCHIRAPPALLI,10.767,78.717,24.6,1011.8,96.47
2004-11-02T01:40:00,43344099999,TIRUCHIRAPPALLI,10.767,78.717,25.0,,94.19
2004-11-02T03:00:00,43344099999,TIRUCHIRAPPALLI,10.767,78.717,25.8,1013.9,85.59
2004-11-02T04:40:00,43344099999,TIRUCHIRAPPALLI,10.767,78.717,28.0,,74.3
2004-11-02T05:40:00,43344099999,TIRUCHIRAPPALLI,10.767,78.717,30.0,,66.18
2004-11-02T06:00:00,43344099999,TIRUCHIRAPPALLI,10.767,78.717,30.0,1012.9,64.99
2004-11-02T09:00:00,43344099999,TIRUCHIRAPPALLI,10.767,78.717,30.6,1010.5,56.95
2004-11-02T10:40:00,43344099999,TIRUCHIRAPPALLI,10.767,78.717,31.0,,55.32
2004-11-02T12:00:00,43344099999,TIRUCHIRAPPALLI,10.767,78.717,29.6,1010.3,60.69
2004-11-02T13:40:00,43344099999,TIRUCHIRAPPALLI,10.767,78.717,28.0,,65.77
2004-11-02T15:00:00,43344099999,TIRUCHIRAPPALLI,10.767,78.717,27.0,1013.0,79.74
2004-11-02T15:40:00,43344099999,TIRUCHIRAPPALLI,10.767,78.717,27.0,,78.78
2004-11-02T18:00:00,43344099999,TIRUCHIRAPPALLI,10.767,78.717,25.6,1013.4,94.78
2004-11-02T21:00:00,43344099999,TIRUCHIRAPPALLI,10.767,78.717,25.0,1011.6,94.76
2004-11-02T22:40:00,43344099999,TIRUCHIRAPPALLI,10.767,78.717,24.0,,94.15
2004-11-02T23:40:00,43344099999,TIRUCHIRAPPALLI,10.767,78.717,24.0,,94.15
2004-11-03T01:40:00,43344099999,TIRUCHIRAPPALLI,10.767,78.717,25.0,,88.68
2004-11-03T03:00:00,43344099999,TIRUCHIRAPPALLI,10.767,78.717,26.0,1014.2,84.07
2004-11-03T03:40:00,43344099999,TIRUCHIRAPPALLI,10.767,78.717,27.0,,78.78
2004-11-03T04:40:00,43344099999,TIRUCHIRAPPALLI,10.767,78.717,29.0,,65.98
2004-11-03T05:40:00,43344099999,TIRUCHIRAPPALLI,10.767,78.717,29.0,,65.98
2004-11-03T06:00:00,43344099999,TIRUCHIRAPPALLI,10.767,78.717,29.0,1013.3,61.68
2004-11-03T06:40:00,43344099999,TIRUCHIRAPPALLI,10.767,78.717,30.0,,62.28
2004-11-03T09:00:00,43344099999,TIRUCHIRAPPALLI,10.767,78.717,30.6,1010.3,56.95
2004-11-03T09:40:00,43344099999,TIRUCHIRAPPALLI,10.767,78.717,31.0,,62.5
2004-11-03T10:40:00,43344099999,TIRUCHIRAPPALLI,10.767,78.717,31.0,,62.5
2004-11-03T11:40:00,43344099999,TIRUCHIRAPPALLI,10.767,78.717,30.0,,66.18
2004-11-03T12:00:00,43344099999,TIRUCHIRAPPALLI,10.767,78.717,29.0,1010.2,65.58
2004-11-03T12:40:00,43344099999,TIRUCHIRAPPALLI,10.767,78.717,28.0,,74.3
2004-11-03T13:40:00,43344099999,TIRUCHIRAPPALLI,10.767,78.717,28.0,,74.3
2004-11-03T14:40:00,43344099999,TIRUCHIRAPPALLI,10.767,78.717,27.0,,78.78
2004-11-03T15:00:00,43344099999,TIRUCHIRAPPALLI,10.767,78.717,26.4,1012.8,76.34
2004-11-03T15:40:00,43344099999,TIRUCHIRAPPALLI,10.767,78.717,26.0,,78.64
2004-11-03T18:00:00,43344099999,TIRUCHIRAPPALLI,10.767,78.717,25.2,1013.1,93.08
2004-11-03T18:40:00,43344099999,TIRUCHIRAPPALLI,10.767,78.717,25.0,,94.19
2004-11-03T21:00:00,43344099999,TIRUCHIRAPPALLI,10.767,78.717,24.6,1011.3,94.74
2004-11-04T00:00:00,43344099999,TIRUCHIRAPPALLI,10.767,78.717,23.0,1011.8,87.98
2004-11-04T01:40:00,43344099999,TIRUCHIRAPPALLI,10.767,78.717,25.0,,88.68
2004-11-04T02:40:00,43344099999,TIRUCHIRAPPALLI,10.767,78.717,26.0,,83.57
2004-11-04T03:00:00,43344099999,TIRUCHIRAPPALLI,10.767,78.717,26.0,1013.6,80.58
2004-11-04T04:40:00,43344099999,TIRUCHIRAPPALLI,10.767,78.717,27.0,,74.14
2004-11-04T05:40:00,43344099999,TIRUCHIRAPPALLI,10.767,78.717,28.0,,69.92
2004-11-04T06:00:00,43344099999,TIRUCHIRAPPALLI,10.767,78.717,28.4,1010.2,67.9
2004-11-04T06:40:00,43344099999,TIRUCHIRAPPALLI,10.767,78.717,29.0,,65.98
2004-11-04T08:40:00,43344099999,TIRUCHIRAPPALLI,10.767,78.717,29.0,,65.98
2004-11-04T09:00:00,43344099999,TIRUCHIRAPPALLI,10.767,78.717,28.6,1009.7,66.7
2004-11-04T09:40:00,43344099999,TIRUCHIRAPPALLI,10.767,78.717,29.0,,65.98
2004-11-04T10:40:00,43344099999,TIRUCHIRAPPALLI,10.767,78.717,29.0,,65.98
2004-11-04T11:40:00,43344099999,TIRUCHIRAPPALLI,10.767,78.717,28.0,,69.92
2004-11-04T12:00:00,43344099999,TIRUCHIRAPPALLI,10.767,78.717,27.0,1010.0,72.35
2004-11-04T12:40:00,43344099999,TIRUCHIRAPPALLI,10.767,78.717,27.0,,74.14
2004-11-04T13:40:00,43344099999,TIRUCHIRAPPALLI,10.767,78.717,26.0,,78.64
2004-11-04T15:00:00,43344099999,TIRUCHIRAPPALLI,10.767,78.717,26.2,1012.0,74.92
2004-11-04T15:40:00,43344099999,TIRUCHIRAPPALLI,10.767,78.717,26.0,,73.97
2004-11-04T16:40:00,43344099999,TIRUCHIRAPPALLI,10.767,78.717,26.0,,73.97
2004-11-04T18:00:00,43344099999,TIRUCHIRAPPALLI,10.767,78.717,25.0,1012.6,74.26
2004-11-04T20:40:00,43344099999,TIRUCHIRAPPALLI,10.767,78.717,25.0,,78.5
2004-11-04T21:00:00,43344099999,TIRUCHIRAPPALLI,10.767,78.717,24.0,1010.5,84.89
2004-11-04T22:40:00,43344099999,TIRUCHIRAPPALLI,10.767,78.717,24.0,,94.15
2004-11-04T23:40:00,43344099999,TIRUCHIRAPPALLI,10.767,78.717,24.0,,83.34
2004-11-05T00:00:00,43344099999,TIRUCHIRAPPALLI,10.767,78.717,23.6,1010.3,86.42
2004-11-05T01:40:00,43344099999,TIRUCHIRAPPALLI,10.767,78.717,23.0,,83.22
2004-11-05T02:40:00,43344099999,TIRUCHIRAPPALLI,10.767,78.717,23.0,,83.22
2004-11-05T03:00:00,43344099999,TIRUCHIRAPPALLI,10.767,78.717,23.0,1012.8,91.27
2004-11-05T03:40:00,43344099999,TIRUCHIRAPPALLI,10.767,78.717,23.0,,94.11
2004-11-05T06:00:00,43344099999,TIRUCHIRAPPALLI,10.767,78.717,23.0,1010.7,92.96
2004-11-05T06:40:00,43344099999,TIRUCHIRAPPALLI,10.767,78.717,23.0,,94.11
2004-11-05T07:40:00,43344099999,TIRUCHIRAPPALLI,10.767,78.717,23.0,,94.11
2004-11-05T09:00:00,43344099999,TIRUCHIRAPPALLI,10.767,78.717,23.0,1009.6,96.43
2004-11-05T09:40:00,43344099999,TIRUCHIRAPPALLI,10.767,78.717,23.0,,88.52
2004-11-05T10:40:00,43344099999,TIRUCHIRAPPALLI,10.767,78.717,24.0,,94.15
2004-11-05T11:40:00,43344099999,TIRUCHIRAPPALLI,10.767,78.717,24.0,,94.15
2004-11-05T12:00:00,43344099999,TIRUCHIRAPPALLI,10.767,78.717,23.6,1009.6,92.99
2004-11-05T14:40:00,43344099999,TIRUCHIRAPPALLI,10.767,78.717,23.0,,94.11
2004-11-05T15:00:00,43344099999,TIRUCHIRAPPALLI,10.767,78.717,23.0,1011.9,96.43
2004-11-05T15:40:00,43344099999,TIRUCHIRAPPALLI,10.767,78.717,23.0,,100.0
2004-11-05T18:00:00,43344099999,TIRUCHIRAPPALLI,10.767,78.717,22.6,1011.9,97.6
2004-11-05T21:00:00,43344099999,TIRUCHIRAPPALLI,10.767,78.717,22.6,1009.6,92.94
2004-11-06T00:00:00,43344099999,TIRUCHIRAPPALLI,10.767,78.717,22.4,1009.8,94.66
2004-11-06T01:40:00,43344099999,TIRUCHIRAPPALLI,10.767,78.717,23.0,,88.52
2004-11-06T02:40:00,43344099999,TIRUCHIRAPPALLI,10.767,78.717,23.0,,94.11
2004-11-06T03:00:00,43344099999,TIRUCHIRAPPALLI,10.767,78.717,22.6,1011.8,94.67
2004-11-06T04:40:00,43344099999,TIRUCHIRAPPALLI,10.767,78.717,24.0,,94.15
2004-11-06T05:40:00,43344099999,TIRUCHIRAPPALLI,10.767,78.717,24.0,,94.15
2004-11-06T06:00:00,43344099999,TIRUCHIRAPPALLI,10.767,78.717,23.0,1011.8,96.43
2004-11-06T06:40:00,43344099999,TIRUCHIRAPPALLI,10.767,78.717,24.0,,94.15
2004-11-06T07:40:00,43344099999,TIRUCHIRAPPALLI,10.767,78.717,23.0,,94.11
2004-11-06T08:40:00,43344099999,TIRUCHIRAPPALLI,10.767,78.717,23.0,,94.11
2004-11-06T09:00:00,43344099999,TIRUCHIRAPPALLI,10.767,78.717,23.4,1009.1,98.2
2004-11-06T09:40:00,43344099999,TIRUCHIRAPPALLI,10.767,78.717,23.0,,100.0
2004-11-06T10:40:00,43344099999,TIRUCHIRAPPALLI,10.767,78.717,24.0,,94.15
2004-11-06T12:00:00,43344099999,TIRUCHIRAPPALLI,10.767,78.717,24.2,1009.4,94.73
2004-11-06T12:40:00,43344099999,TIRUCHIRAPPALLI,10.767,78.717,24.0,,94.15
2004-11-06T13:40:00,43344099999,TIRUCHIRAPPALLI,10.767,78.717,24.0,,94.15
2004-11-06T15:00:00,43344099999,TIRUCHIRAPPALLI,10.767,78.717,23.8,1011.3,94.71
2004-11-06T15:40:00,43344099999,TIRUCHIRAPPALLI,10.767,78.717,34.0,,52.77
2004-11-06T17:40:00,43344099999,TIRUCHIRAPPALLI,10.767,78.717,24.0,,94.15
2004-11-06T18:00:00,43344099999,TIRUCHIRAPPALLI,10.767,78.717,23.6,1011.3,94.7
2004-11-06T20:40:00,43344099999,TIRUCHIRAPPALLI,10.77,78.72,24.0,,94.15
2004-11-06T21:00:00,43344099999,TIRUCHIRAPPALLI,10.767,78.717,23.4,1010.1,94.7
2004-11-06T21:40:00,43344099999,TIRUCHIRAPPALLI,10.767,78.717,23.0,,94.11
2004-11-06T22:40:00,43344099999,TIRUCHIRAPPALLI,10.767,78.717,23.0,,94.11
2004-11-06T23:40:00,43344099999,TIRUCHIRAPPALLI,10.767,78.717,23.0,,94.11
2004-11-07T00:00:00,43344099999,TIRUCHIRAPPALLI,10.767,78.717,23.2,1009.9,94.69
2004-11-07T00:40:00,43344099999,TIRUCHIRAPPALLI,10.767,78.717,23.0,,94.11
2004-11-07T03:00:00,43344099999,TIRUCHIRAPPALLI,10.767,78.717,24.6,1012.0,94.74
2004-11-07T04:40:00,43344099999,TIRUCHIRAPPALLI,10.767,78.717,27.0,,78.78
2004-11-07T05:40:00,43344099999,TIRUCHIRAPPALLI,10.767,78.717,27.0,,78.78
2004-11-07T06:00:00,43344099999,TIRUCHIRAPPALLI,10.767,78.717,27.8,1011.2,81.3
2004-11-07T08:40:00,43344099999,TIRUCHIRAPPALLI,10.767,78.717,27.0,,74.14
2004-11-07T09:00:00,43344099999,TIRUCHIRAPPALLI,10.767,78.717,27.4,1008.1,84.22
2004-11-07T09:40:00,43344099999,TIRUCHIRAPPALLI,10.767,78.717,27.0,,74.14
2004-11-07T10:40:00,43344099999,TIRUCHIRAPPALLI,10.767,78.717,27.0,,74.14
2004-11-07T12:00:00,43344099999,TIRUCHIRAPPALLI,10.767,78.717,26.6,1008.1,87.23
2004-11-07T14:40:00,43344099999,TIRUCHIRAPPALLI,10.767,78.717,24.0,,94.15
2004-11-07T15:00:00,43344099999,TIRUCHIRAPPALLI,10.767,78.717,24.0,1011.0,96.45
2004-11-07T18:00:00,43344099999,TIRUCHIRAPPALLI,10.767,78.717,23.4,1010.8,92.98
2004-11-07T20:40:00,43344099999,TIRUCHIRAPPALLI,10.767,78.717,23.0,,94.11
2004-11-07T21:00:00,43344099999,TIRUCHIRAPPALLI,10.767,78.717,23.4,1009.4,92.98
2004-11-07T23:40:00,43344099999,TIRUCHIRAPPALLI,10.767,78.717,23.0,,94.11
2004-11-08T00:00:00,43344099999,TIRUCHIRAPPALLI,10.77,78.72,23.0,1010.1,94.68
2004-11-08T00:40:00,43344099999,TIRUCHIRAPPALLI,10.77,78.72,23.0,,94.11
2004-11-08T01:40:00,43344099999,TIRUCHIRAPPALLI,10.77,78.72,23.0,,94.11
2004-11-08T02:40:00,43344099999,TIRUCHIRAPPALLI,10.77,78.72,24.0,,94.15
2004-11-08T03:00:00,43344099999,TIRUCHIRAPPALLI,10.77,78.72,24.2,1012.6,96.46
2004-11-08T03:40:00,43344099999,TIRUCHIRAPPALLI,10.77,78.72,25.0,,88.68
2004-11-08T04:40:00,43344099999,TIRUCHIRAPPALLI,10.77,78.72,26.0,,83.57
2004-11-08T05:40:00,43344099999,TIRUCHIRAPPALLI,10.77,78.72,26.0,,83.57
2004-11-08T06:00:00,43344099999,TIRUCHIRAPPALLI,10.77,78.72,25.8,1012.2,90.36
2004-11-08T08:40:00,43344099999,TIRUCHIRAPPALLI,10.77,78.72,28.0,,74.3
2004-11-08T09:00:00,43344099999,TIRUCHIRAPPALLI,10.77,78.72,27.8,1009.4,74.27
2004-11-08T10:40:00,43344099999,TIRUCHIRAPPALLI,10.77,78.72,28.0,,74.3
2004-11-08T11:40:00,43344099999,TIRUCHIRAPPALLI,10.77,78.72,26.0,,83.57
2004-11-08T12:00:00,43344099999,TIRUCHIRAPPALLI,10.77,78.72,26.2,1009.8,85.63
2004-11-08T15:00:00,43344099999,TIRUCHIRAPPALLI,10.77,78.72,25.0,1012.5,94.76
2004-11-08T16:40:00,43344099999,TIRUCHIRAPPALLI,10.77,78.72,25.0,,94.19
2004-11-08T18:00:00,43344099999,TIRUCHIRAPPALLI,10.77,78.72,24.4,1012.3,96.46
2004-11-08T20:40:00,43344099999,TIRUCHIRAPPALLI,10.77,78.72,24.0,,94.15
2004-11-08T21:00:00,43344099999,TIRUCHIRAPPALLI,10.77,78.72,24.0,1010.4,94.72
2004-11-09T00:00:00,43344099999,TIRUCHIRAPPALLI,10.767,78.717,23.2,1010.4,98.2
2004-11-09T00:40:00,43344099999,TIRUCHIRAPPALLI,10.767,78.717,23.0,,100.0
2004-11-09T02:40:00,43344099999,TIRUCHIRAPPALLI,10.767,78.717,26.0,,78.64
2004-11-09T03:00:00,43344099999,TIRUCHIRAPPALLI,10.767,78.717,26.6,1012.3,82.63
2004-11-09T03:40:00,43344099999,TIRUCHIRAPPALLI,10.767,78.717,27.0,,78.78
2004-11-09T04:40:00,43344099999,TIRUCHIRAPPALLI,10.767,78.717,28.0,,74.3
2004-11-09T05:40:00,43344099999,TIRUCHIRAPPALLI,10.767,78.717,29.0,,65.98
2004-11-09T06:00:00,43344099999,TIRUCHIRAPPALLI,10.767,78.717,29.4,1011.9,68.51
2004-11-09T06:40:00,43344099999,TIRUCHIRAPPALLI,10.767,78.717,30.0,,62.28
2004-11-09T07:40:00,43344099999,TIRUCHIRAPPALLI,10.767,78.717,31.0,,58.81
2004-11-09T09:00:00,43344099999,TIRUCHIRAPPALLI,10.767,78.717,30.0,1008.7,67.39
2004-11-09T12:00:00,43344099999,TIRUCHIRAPPALLI,10.767,78.717,26.0,1009.4,92.01
2004-11-09T13:40:00,43344099999,TIRUCHIRAPPALLI,10.767,78.717,26.0,,88.76
2004-11-09T14:40:00,43344099999,TIRUCHIRAPPALLI,10.767,78.717,26.0,,83.57
2004-11-09T15:00:00,43344099999,TIRUCHIRAPPALLI,10.767,78.717,25.6,1012.2,87.14
2004-11-09T16:40:00,43344099999,TIRUCHIRAPPALLI,10.767,78.717,25.0,,94.19
2004-11-09T18:00:00,43344099999,TIRUCHIRAPPALLI,10.767,78.717,25.0,1012.6,96.48
2004-11-09T20:40:00,43344099999,TIRUCHIRAPPALLI,10.767,78.717,25.0,,94.19
2004-11-09T21:00:00,43344099999,TIRUCHIRAPPALLI,10.767,78.717,24.8,1010.6,98.22
2004-11-09T23:40:00,43344099999,TIRUCHIRAPPALLI,10.767,78.717,25.0,,94.19
2004-11-10T00:00:00,43344099999,TIRUCHIRAPPALLI,10.767,78.717,24.6,1010.7,98.22
2004-11-10T01:40:00,43344099999,TIRUCHIRAPPALLI,10.767,78.717,25.0,,94.19
2004-11-10T03:00:00,43344099999,TIRUCHIRAPPALLI,10.767,78.717,26.4,1012.5,88.79
2004-11-10T03:40:00,43344099999,TIRUCHIRAPPALLI,10.767,78.717,27.0,,83.68
2004-11-10T04:40:00,43344099999,TIRUCHIRAPPALLI,10.767,78.717,28.0,,78.92
2004-11-10T05:40:00,43344099999,TIRUCHIRAPPALLI,10.767,78.717,28.0,,78.92
2004-11-10T06:00:00,43344099999,TIRUCHIRAPPALLI,10.767,78.717,29.4,1011.7,68.51
2004-11-10T07:40:00,43344099999,TIRUCHIRAPPALLI,10.767,78.717,30.0,,70.29
2004-11-10T09:00:00,43344099999,TIRUCHIRAPPALLI,10.767,78.717,26.0,1009.4,87.17
2004-11-10T12:00:00,43344099999,TIRUCHIRAPPALLI,10.767,78.717,26.2,1009.3,90.38
2004-11-10T12:40:00,43344099999,TIRUCHIRAPPALLI,10.767,78.717,26.0,,83.57
2004-11-10T15:00:00,43344099999,TIRUCHIRAPPALLI,10.767,78.717,26.0,1012.0,92.01
2004-11-10T15:40:00,43344099999,TIRUCHIRAPPALLI,10.767,78.717,26.0,,83.57
2004-11-10T17:40:00,43344099999,TIRUCHIRAPPALLI,10.767,78.717,25.0,,88.68
2004-11-10T18:00:00,43344099999,TIRUCHIRAPPALLI,10.767,78.717,25.4,1012.5,91.42
2004-11-10T20:40:00,43344099999,TIRUCHIRAPPALLI,10.767,78.717,25.0,,94.19
2004-11-10T21:00:00,43344099999,TIRUCHIRAPPALLI,10.767,78.717,25.4,1011.1,93.09
2004-11-10T23:40:00,43344099999,TIRUCHIRAPPALLI,10.767,78.717,25.0,,94.19
2004-11-11T00:00:00,43344099999,TIRUCHIRAPPALLI,10.767,78.717,25.4,1010.7,93.09
2004-11-11T01:40:00,43344099999,TIRUCHIRAPPALLI,10.767,78.717,25.0,,94.19
2004-11-11T02:40:00,43344099999,TIRUCHIRAPPALLI,10.767,78.717,25.0,,88.68
2004-11-11T03:00:00,43344099999,TIRUCHIRAPPALLI,10.767,78.717,26.2,1012.8,90.38
2004-11-11T03:40:00,43344099999,TIRUCHIRAPPALLI,10.767,78.717,27.0,,83.68
2004-11-11T04:40:00,43344099999,TIRUCHIRAPPALLI,10.767,78.717,28.0,,78.92
2004-11-11T05:40:00,43344099999,TIRUCHIRAPPALLI,10.767,78.717,29.0,,74.47
2004-11-11T06:00:00,43344099999,TIRUCHIRAPPALLI,10.767,78.717,29.6,1012.7,69.8
2004-11-11T06:40:00,43344099999,TIRUCHIRAPPALLI,10.767,78.717,30.0,,70.29
2004-11-11T07:40:00,43344099999,TIRUCHIRAPPALLI,10.767,78.717,30.0,,66.18
2004-11-11T08:40:00,43344099999,TIRUCHIRAPPALLI,10.767,78.717,28.0,,78.92
2004-11-11T09:00:00,43344099999,TIRUCHIRAPPALLI,10.767,78.717,27.6,1010.1,79.82
2004-11-11T10:40:00,43344099999,TIRUCHIRAPPALLI,10.767,78.717,28.0,,78.92
2004-11-11T11:40:00,43344099999,TIRUCHIRAPPALLI,10.767,78.717,27.0,,83.68
2004-11-11T12:00:00,43344099999,TIRUCHIRAPPALLI,10.767,78.717,26.8,1010.9,84.16
2004-11-11T12:40:00,43344099999,TIRUCHIRAPPALLI,10.767,78.717,26.0,,88.76
2004-11-11T15:00:00,43344099999,TIRUCHIRAPPALLI,10.767,78.717,25.4,1013.3,91.42
2004-11-11T15:40:00,43344099999,TIRUCHIRAPPALLI,10.767,78.717,25.0,,94.19
2004-11-11T16:40:00,43344099999,TIRUCHIRAPPALLI,10.767,78.717,25.0,,94.19
2004-11-11T18:00:00,43344099999,TIRUCHIRAPPALLI,10.767,78.717,24.6,1013.6,94.74
2004-11-11T20:40:00,43344099999,TIRUCHIRAPPALLI,10.767,78.717,24.0,,94.15
2004-11-11T21:00:00,43344099999,TIRUCHIRAPPALLI,10.767,78.717,,1011.9,
2004-11-11T21:40:00,43344099999,TIRUCHIRAPPALLI,10.767,78.717,24.0,,88.6
2004-11-11T22:40:00,43344099999,TIRUCHIRAPPALLI,10.767,78.717,24.0,,94.15
2004-11-12T00:00:00,43344099999,TIRUCHIRAPPALLI,10.767,78.717,24.0,1011.8,94.72
2004-11-12T00:40:00,43344099999,TIRUCHIRAPPALLI,10.767,78.717,24.0,,94.15
2004-11-12T01:40:00,43344099999,TIRUCHIRAPPALLI,10.767,78.717,24.0,,94.15
2004-11-12T02:40:00,43344099999,TIRUCHIRAPPALLI,10.767,78.717,25.0,,94.19
2004-11-12T03:00:00,43344099999,TIRUCHIRAPPALLI,10.767,78.717,25.0,1014.7,93.07
2004-11-12T06:00:00,43344099999,TIRUCHIRAPPALLI,10.767,78.717,25.6,1014.1,94.78
2004-11-12T08:40:00,43344099999,TIRUCHIRAPPALLI,10.767,78.717,24.0,,94.15
2004-11-12T09:00:00,43344099999,TIRUCHIRAPPALLI,10.767,78.717,24.0,1012.1,94.72
2004-11-12T09:40:00,43344099999,TIRUCHIRAPPALLI,10.767,78.717,25.0,,83.45
2004-11-12T11:40:00,43344099999,TIRUCHIRAPPALLI,10.767,78.717,26.0,,83.57
2004-11-12T12:00:00,43344099999,TIRUCHIRAPPALLI,10.767,78.717,25.0,1012.2,93.07
2004-11-12T13:40:00,43344099999,TIRUCHIRAPPALLI,10.77,78.72,25.0,,94.19
2004-11-12T15:00:00,43344099999,TIRUCHIRAPPALLI,10.77,78.72,24.4,1014.7,94.74
2004-11-12T15:40:00,43344099999,TIRUCHIRAPPALLI,10.77,78.72,24.0,,94.15
2004-11-12T16:40:00,43344099999,TIRUCHIRAPPALLI,10.77,78.72,24.0,,94.15
2004-11-12T18:00:00,43344099999,TIRUCHIRAPPALLI,10.77,78.72,24.0,1015.1,96.45
2004-11-12T21:00:00,43344099999,TIRUCHIRAPPALLI,10.77,78.72,23.8,1013.3,96.45
2004-11-13T00:00:00,43344099999,TIRUCHIRAPPALLI,10.77,78.72,23.4,1013.5,96.44
2004-11-13T01:40:00,43344099999,TIRUCHIRAPPALLI,10.77,78.72,24.0,,94.15
2004-11-13T02:40:00,43344099999,TIRUCHIRAPPALLI,10.77,78.72,24.0,,94.15
2004-11-13T03:00:00,43344099999,TIRUCHIRAPPALLI,10.77,78.72,24.4,1015.2,96.46
2004-11-13T05:40:00,43344099999,TIRUCHIRAPPALLI,10.77,78.72,26.0,,88.76
2004-11-13T06:00:00,43344099999,TIRUCHIRAPPALLI,10.77,78.72,28.4,1014.5,70.42
2004-11-13T06:40:00,43344099999,TIRUCHIRAPPALLI,10.77,78.72,29.0,,74.47
2004-11-13T07:40:00,43344099999,TIRUCHIRAPPALLI,10.77,78.72,29.0,,70.11
2004-11-13T09:00:00,43344099999,TIRUCHIRAPPALLI,10.77,78.72,29.0,1011.3,65.58
2004-11-13T09:40:00,43344099999,TIRUCHIRAPPALLI,10.77,78.72,30.0,,66.18
2004-11-13T10:40:00,43344099999,TIRUCHIRAPPALLI,10.77,78.72,29.0,,74.47
2004-11-13T11:40:00,43344099999,TIRUCHIRAPPALLI,10.77,78.72,28.0,,74.3
2004-11-13T12:00:00,43344099999,TIRUCHIRAPPALLI,10.77,78.72,27.6,1011.4,79.82
2004-11-13T15:00:00,43344099999,TIRUCHIRAPPALLI,10.77,78.72,26.0,1014.4,87.17
2004-11-13T15:40:00,43344099999,TIRUCHIRAPPALLI,10.77,78.72,25.0,,94.19
2004-11-13T16:40:00,43344099999,TIRUCHIRAPPALLI,10.77,78.72,25.0,,88.68
2004-11-13T18:00:00,43344099999,TIRUCHIRAPPALLI,10.77,78.72,25.0,1014.5,93.07
2004-11-13T20:40:00,43344099999,TIRUCHIRAPPALLI,10.77,78.72,25.0,,94.19
2004-11-13T21:00:00,43344099999,TIRUCHIRAPPALLI,10.77,78.72,24.6,1012.6,94.74
2004-11-13T21:40:00,43344099999,TIRUCHIRAPPALLI,10.77,78.72,25.0,,94.19
2004-11-13T22:40:00,43344099999,TIRUCHIRAPPALLI,10.77,78.72,24.0,,88.6
2004-11-13T23:40:00,43344099999,TIRUCHIRAPPALLI,10.77,78.72,24.0,,94.15
2004-11-14T00:00:00,43344099999,TIRUCHIRAPPALLI,10.767,78.717,24.0,1012.5,93.02
2004-11-14T01:40:00,43344099999,TIRUCHIRAPPALLI,10.767,78.717,25.0,,88.68
2004-11-14T02:40:00,43344099999,TIRUCHIRAPPALLI,10.767,78.717,26.0,,83.57
2004-11-14T03:00:00,43344099999,TIRUCHIRAPPALLI,10.767,78.717,26.4,1014.8,81.12
2004-11-14T04:40:00,43344099999,TIRUCHIRAPPALLI,10.767,78.717,28.0,,74.3
2004-11-14T05:40:00,43344099999,TIRUCHIRAPPALLI,10.767,78.717,29.0,,70.11
2004-11-14T06:00:00,43344099999,TIRUCHIRAPPALLI,10.767,78.717,28.6,1014.3,69.19
2004-11-14T06:40:00,43344099999,TIRUCHIRAPPALLI,10.767,78.717,29.0,,70.11
2004-11-14T09:00:00,43344099999,TIRUCHIRAPPALLI,10.767,78.717,29.8,1011.2,68.58
2004-11-14T09:40:00,43344099999,TIRUCHIRAPPALLI,10.767,78.717,30.0,,66.18
2004-11-14T12:00:00,43344099999,TIRUCHIRAPPALLI,10.767,78.717,24.4,1011.7,96.46
2004-11-14T12:40:00,43344099999,TIRUCHIRAPPALLI,10.767,78.717,24.0,,94.15
2004-11-14T13:40:00,43344099999,TIRUCHIRAPPALLI,10.767,78.717,25.0,,94.19
2004-11-14T14:40:00,43344099999,TIRUCHIRAPPALLI,10.767,78.717,25.0,,94.19
2004-11-14T15:00:00,43344099999,TIRUCHIRAPPALLI,10.767,78.717,25.0,1013.9,97.06
2004-11-14T15:40:00,43344099999,TIRUCHIRAPPALLI,10.767,78.717,25.0,,100.0
2004-11-14T16:40:00,43344099999,TIRUCHIRAPPALLI,10.767,78.717,25.0,,100.0
2004-11-14T18:00:00,43344099999,TIRUCHIRAPPALLI,10.767,78.717,25.2,1013.9,96.48
2004-11-14T18:40:00,43344099999,TIRUCHIRAPPALLI,10.767,78.717,25.0,,100.0
2004-11-14T20:40:00,43344099999,TIRUCHIRAPPALLI,10.767,78.717,25.0,,100.0
2004-11-14T21:00:00,43344099999,TIRUCHIRAPPALLI,10.767,78.717,24.8,1011.6,96.47
2004-11-15T00:00:00,43344099999,TIRUCHIRAPPALLI,10.767,78.717,24.6,1011.9,93.05
2004-11-15T03:00:00,43344099999,TIRUCHIRAPPALLI,10.767,78.717,24.2,1014.2,98.21
2004-11-15T05:40:00,43344099999,TIRUCHIRAPPALLI,10.767,78.717,25.0,,94.19
2004-11-15T06:00:00,43344099999,TIRUCHIRAPPALLI,10.767,78.717,25.0,1014.4,96.48
2004-11-15T06:40:00,43344099999,TIRUCHIRAPPALLI,10.767,78.717,25.0,,94.19
2004-11-15T08:40:00,43344099999,TIRUCHIRAPPALLI,10.767,78.717,26.0,,94.23
2004-11-15T09:00:00,43344099999,TIRUCHIRAPPALLI,10.767,78.717,26.0,1011.5,92.01
2004-11-15T09:40:00,43344099999,TIRUCHIRAPPALLI,10.767,78.717,26.0,,94.23
2004-11-15T11:40:00,43344099999,TIRUCHIRAPPALLI,10.767,78.717,26.0,,94.23
2004-11-15T12:00:00,43344099999,TIRUCHIRAPPALLI,10.767,78.717,26.0,1011.6,94.8
2004-11-15T12:40:00,43344099999,TIRUCHIRAPPALLI,10.767,78.717,26.0,,94.23
2004-11-15T13:40:00,43344099999,TIRUCHIRAPPALLI,10.767,78.717,26.0,,88.76
2004-11-15T14:40:00,43344099999,TIRUCHIRAPPALLI,10.767,78.717,25.0,,94.19
2004-11-15T15:00:00,43344099999,TIRUCHIRAPPALLI,10.767,78.717,25.0,1013.7,94.76
2004-11-15T16:40:00,43344099999,TIRUCHIRAPPALLI,10.767,78.717,24.0,,94.15
2004-11-15T18:00:00,43344099999,TIRUCHIRAPPALLI,10.767,78.717,24.2,1014.0,94.73
2004-11-15T21:00:00,43344099999,TIRUCHIRAPPALLI,10.767,78.717,24.0,1012.1,94.72
2004-11-16T00:00:00,43344099999,TIRUCHIRAPPALLI,10.767,78.717,23.0,1012.6,98.2
2004-11-16T01:40:00,43344099999,TIRUCHIRAPPALLI,10.767,78.717,25.0,,83.45
2004-11-16T02:40:00,43344099999,TIRUCHIRAPPALLI,10.767,78.717,26.0,,73.97
2004-11-16T03:00:00,43344099999,TIRUCHIRAPPALLI,10.767,78.717,24.8,1014.6,93.06
2004-11-16T06:00:00,43344099999,TIRUCHIRAPPALLI,10.767,78.717,28.8,1014.0,72.22
2004-11-16T06:40:00,43344099999,TIRUCHIRAPPALLI,10.767,78.717,29.0,,65.98
2004-11-16T09:00:00,43344099999,TIRUCHIRAPPALLI,10.767,78.717,29.6,1011.0,62.19
2004-11-16T12:00:00,43344099999,TIRUCHIRAPPALLI,10.767,78.717,28.8,1011.3,72.22
2004-11-16T15:00:00,43344099999,TIRUCHIRAPPALLI,10.767,78.717,25.6,1013.7,90.34
2004-11-16T15:40:00,43344099999,TIRUCHIRAPPALLI,10.767,78.717,26.0,,83.57
2004-11-16T16:40:00,43344099999,TIRUCHIRAPPALLI,10.767,78.717,26.0,,83.57
2004-11-16T17:40:00,43344099999,TIRUCHIRAPPALLI,10.767,78.717,25.0,,94.19
2004-11-16T18:00:00,43344099999,TIRUCHIRAPPALLI,10.767,78.717,24.8,1013.8,93.06
2004-11-16T18:40:00,43344099999,TIRUCHIRAPPALLI,10.767,78.717,25.0,,94.19
2004-11-16T20:40:00,43344099999,TIRUCHIRAPPALLI,10.767,78.717,24.0,,94.15
2004-11-16T21:00:00,43344099999,TIRUCHIRAPPALLI,10.767,78.717,24.4,1012.3,93.04
2004-11-17T00:00:00,43344099999,TIRUCHIRAPPALLI,10.767,78.717,23.0,1012.5,98.8
2004-11-17T02:40:00,43344099999,TIRUCHIRAPPALLI,10.767,78.717,25.0,,83.45
2004-11-17T03:00:00,43344099999,TIRUCHIRAPPALLI,10.767,78.717,25.4,1015.3,88.18
2004-11-17T04:40:00,43344099999,TIRUCHIRAPPALLI,10.767,78.717,28.0,,78.92
2004-11-17T06:00:00,43344099999,TIRUCHIRAPPALLI,10.767,78.717,29.4,1014.6,62.15
2004-11-17T06:40:00,43344099999,TIRUCHIRAPPALLI,10.767,78.717,30.0,,66.18
2004-11-17T09:00:00,43344099999,TIRUCHIRAPPALLI,10.767,78.717,30.2,1011.3,63.86
2004-11-17T11:40:00,43344099999,TIRUCHIRAPPALLI,10.767,78.717,29.0,,65.98
2004-11-17T12:00:00,43344099999,TIRUCHIRAPPALLI,10.767,78.717,28.6,1011.6,66.7
2004-11-17T12:40:00,43344099999,TIRUCHIRAPPALLI,10.767,78.717,28.0,,69.92
2004-11-17T13:40:00,43344099999,TIRUCHIRAPPALLI,10.767,78.717,27.0,,78.78
2004-11-17T15:00:00,43344099999,TIRUCHIRAPPALLI,10.767,78.717,25.8,1013.4,80.55
2004-11-17T15:40:00,43344099999,TIRUCHIRAPPALLI,10.767,78.717,25.0,,88.68
2004-11-17T18:00:00,43344099999,TIRUCHIRAPPALLI,10.767,78.717,24.6,1014.2,94.74
2004-11-17T18:40:00,43344099999,TIRUCHIRAPPALLI,10.767,78.717,25.0,,94.19
2004-11-17T21:00:00,43344099999,TIRUCHIRAPPALLI,10.767,78.717,24.0,1013.0,96.45
2004-11-18T00:00:00,43344099999,TIRUCHIRAPPALLI,10.767,78.717,23.2,1013.1,98.2
2004-11-18T03:00:00,43344099999,TIRUCHIRAPPALLI,10.767,78.717,25.4,1014.8,88.18
2004-11-18T03:40:00,43344099999,TIRUCHIRAPPALLI,10.767,78.717,27.0,,69.74
2004-11-18T05:40:00,43344099999,TIRUCHIRAPPALLI,10.767,78.717,29.0,,65.98
2004-11-18T06:00:00,43344099999,TIRUCHIRAPPALLI,10.767,78.717,29.0,1013.6,60.55
2004-11-18T06:40:00,43344099999,TIRUCHIRAPPALLI,10.767,78.717,30.0,,62.28
2004-11-18T07:40:00,43344099999,TIRUCHIRAPPALLI,10.767,78.717,35.0,,44.18
2004-11-18T09:00:00,43344099999,TIRUCHIRAPPALLI,10.767,78.717,30.2,1011.0,50.53
2004-11-18T09:40:00,43344099999,TIRUCHIRAPPALLI,10.767,78.717,30.0,,58.58
2004-11-18T10:40:00,43344099999,TIRUCHIRAPPALLI,10.767,78.717,30.0,,62.28
2004-11-18T11:40:00,43344099999,TIRUCHIRAPPALLI,10.767,78.717,29.0,,62.06
2004-11-18T12:00:00,43344099999,TIRUCHIRAPPALLI,10.767,78.717,29.0,1011.4,53.81
2004-11-18T12:40:00,43344099999,TIRUCHIRAPPALLI,10.767,78.717,27.0,,65.56
2004-11-18T15:00:00,43344099999,TIRUCHIRAPPALLI,10.767,78.717,25.2,1013.8,75.68
2004-11-18T18:00:00,43344099999,TIRUCHIRAPPALLI,10.767,78.717,23.4,1013.7,88.01
2004-11-18T20:40:00,43344099999,TIRUCHIRAPPALLI,10.767,78.717,23.0,,88.52
2004-11-18T21:40:00,43344099999,TIRUCHIRAPPALLI,10.767,78.717,22.0,,94.06
2004-11-18T22:40:00,43344099999,TIRUCHIRAPPALLI,10.767,78.717,22.0,,94.06
2004-11-18T23:40:00,43344099999,TIRUCHIRAPPALLI,10.767,78.717,22.0,,94.06
2004-11-19T00:00:00,43344099999,TIRUCHIRAPPALLI,10.767,78.717,21.8,1012.7,91.2
2004-11-19T01:40:00,43344099999,TIRUCHIRAPPALLI,10.767,78.717,23.0,,83.22
2004-11-19T02:40:00,43344099999,TIRUCHIRAPPALLI,10.767,78.717,24.0,,83.34
2004-11-19T03:00:00,43344099999,TIRUCHIRAPPALLI,10.767,78.717,24.6,1014.6,72.37
2004-11-19T04:40:00,43344099999,TIRUCHIRAPPALLI,10.767,78.717,28.0,,65.77
2004-11-19T05:40:00,43344099999,TIRUCHIRAPPALLI,10.767,78.717,28.0,,65.77
2004-11-19T06:00:00,43344099999,TIRUCHIRAPPALLI,10.767,78.717,28.4,1013.2,61.17
2004-11-19T06:40:00,43344099999,TIRUCHIRAPPALLI,10.767,78.717,29.0,,62.06
2004-11-19T07:40:00,43344099999,TIRUCHIRAPPALLI,10.767,78.717,30.0,,55.08
2004-11-19T09:00:00,43344099999,TIRUCHIRAPPALLI,10.767,78.717,29.6,1010.2,56.01
2004-11-19T10:40:00,43344099999,TIRUCHIRAPPALLI,10.767,78.717,29.0,,65.98
2004-11-19T11:40:00,43344099999,TIRUCHIRAPPALLI,10.767,78.717,28.0,,69.92
2004-11-19T12:00:00,43344099999,TIRUCHIRAPPALLI,10.767,78.717,27.6,1010.8,59.11
2004-11-19T14:40:00,43344099999,TIRUCHIRAPPALLI,10.767,78.717,26.0,,83.57
2004-11-19T15:00:00,43344099999,TIRUCHIRAPPALLI,10.767,78.717,25.4,1013.0,80.5
2004-11-19T16:40:00,43344099999,TIRUCHIRAPPALLI,10.767,78.717,25.0,,88.68
2004-11-19T18:00:00,43344099999,TIRUCHIRAPPALLI,10.767,78.717,24.4,1012.9,75.55
2004-11-19T21:00:00,43344099999,TIRUCHIRAPPALLI,10.767,78.717,25.8,1011.4,65.72
2004-11-20T00:00:00,43344099999,TIRUCHIRAPPALLI,10.767,78.717,23.0,1011.7,69.85
2004-11-20T00:40:00,43344099999,TIRUCHIRAPPALLI,10.767,78.717,23.0,,73.46
2004-11-20T01:40:00,43344099999,TIRUCHIRAPPALLI,10.767,78.717,24.0,,73.63
2004-11-20T02:40:00,43344099999,TIRUCHIRAPPALLI,10.767,78.717,25.0,,69.36
2004-11-20T03:00:00,43344099999,TIRUCHIRAPPALLI,10.767,78.717,24.4,1014.4,67.95
2004-11-20T03:40:00,43344099999,TIRUCHIRAPPALLI,10.767,78.717,26.0,,65.36
2004-11-20T04:40:00,43344099999,TIRUCHIRAPPALLI,10.767,78.717,27.0,,65.56
2004-11-20T05:40:00,43344099999,TIRUCHIRAPPALLI,10.767,78.717,28.0,,61.84
2004-11-20T06:00:00,43344099999,TIRUCHIRAPPALLI,10.767,78.717,27.6,1013.9,63.3
2004-11-20T06:40:00,43344099999,TIRUCHIRAPPALLI,10.767,78.717,28.0,,61.84
2004-11-20T07:40:00,43344099999,TIRUCHIRAPPALLI,10.767,78.717,25.0,,83.45
2004-11-20T08:40:00,43344099999,TIRUCHIRAPPALLI,10.767,78.717,26.0,,83.57
2004-11-20T09:00:00,43344099999,TIRUCHIRAPPALLI,10.767,78.717,25.6,1011.5,88.73
2004-11-20T09:40:00,43344099999,TIRUCHIRAPPALLI,10.767,78.717,25.0,,88.68
2004-11-20T11:40:00,43344099999,TIRUCHIRAPPALLI,10.767,78.717,25.0,,83.45
2004-11-20T12:00:00,43344099999,TIRUCHIRAPPALLI,10.767,78.717,25.0,1011.7,91.4
2004-11-20T13:40:00,43344099999,TIRUCHIRAPPALLI,10.767,78.717,25.0,,83.45
2004-11-20T14:40:00,43344099999,TIRUCHIRAPPALLI,10.767,78.717,24.0,,94.15
2004-11-20T15:00:00,43344099999,TIRUCHIRAPPALLI,10.767,78.717,25.0,1014.2,93.07
2004-11-20T15:40:00,43344099999,TIRUCHIRAPPALLI,10.767,78.717,24.0,,94.15
2004-11-20T18:00:00,43344099999,TIRUCHIRAPPALLI,10.767,78.717,23.6,1014.2,98.8
2004-11-20T20:40:00,43344099999,TIRUCHIRAPPALLI,10.767,78.717,23.0,,100.0
2004-11-20T21:00:00,43344099999,TIRUCHIRAPPALLI,10.767,78.717,23.0,1012.2,98.2
2004-11-20T21:40:00,43344099999,TIRUCHIRAPPALLI,10.767,78.717,23.0,,100.0
2004-11-20T22:40:00,43344099999,TIRUCHIRAPPALLI,10.767,78.717,23.0,,100.0
2004-11-20T23:40:00,43344099999,TIRUCHIRAPPALLI,10.767,78.717,22.0,,94.06
2004-11-21T00:00:00,43344099999,TIRUCHIRAPPALLI,10.77,78.72,22.4,1012.6,89.57
2004-11-21T03:00:00,43344099999,TIRUCHIRAPPALLI,10.77,78.72,25.6,1014.4,76.21
2004-11-21T04:40:00,43344099999,TIRUCHIRAPPALLI,10.77,78.72,28.0,,65.77
2004-11-21T05:40:00,43344099999,TIRUCHIRAPPALLI,10.77,78.72,30.0,,58.58
2004-11-21T06:00:00,43344099999,TIRUCHIRAPPALLI,10.77,78.72,29.4,1013.3,60.64
2004-11-21T07:40:00,43344099999,TIRUCHIRAPPALLI,10.77,78.72,31.0,,55.32
2004-11-21T08:40:00,43344099999,TIRUCHIRAPPALLI,10.77,78.72,31.0,,55.32
2004-11-21T09:00:00,43344099999,TIRUCHIRAPPALLI,10.77,78.72,30.0,1010.2,58.58
2004-11-21T09:40:00,43344099999,TIRUCHIRAPPALLI,10.77,78.72,31.0,,55.32
2004-11-21T12:00:00,43344099999,TIRUCHIRAPPALLI,10.77,78.72,28.4,1010.8,63.86
2004-11-21T13:40:00,43344099999,TIRUCHIRAPPALLI,10.77,78.72,27.0,,69.74
2004-11-21T15:40:00,43344099999,TIRUCHIRAPPALLI,10.77,78.72,26.0,,73.97
2004-11-21T16:40:00,43344099999,TIRUCHIRAPPALLI,10.77,78.72,25.0,,73.8
2004-11-21T18:00:00,43344099999,TIRUCHIRAPPALLI,10.77,78.72,24.0,1013.9,84.89
2004-11-21T18:40:00,43344099999,TIRUCHIRAPPALLI,10.77,78.72,24.0,,83.34
2004-11-21T20:40:00,43344099999,TIRUCHIRAPPALLI,10.77,78.72,24.0,,83.34
2004-11-21T21:00:00,43344099999,TIRUCHIRAPPALLI,10.77,78.72,24.0,1012.0,81.31
2004-11-21T21:40:00,43344099999,TIRUCHIRAPPALLI,10.77,78.72,24.0,,83.34
2004-11-21T22:40:00,43344099999,TIRUCHIRAPPALLI,10.77,78.72,24.0,,83.34
2004-11-21T23:40:00,43344099999,TIRUCHIRAPPALLI,10.77,78.72,24.0,,83.34
2004-11-22T00:00:00,43344099999,TIRUCHIRAPPALLI,10.767,78.717,23.6,1011.2,84.85
2004-11-22T01:40:00,43344099999,TIRUCHIRAPPALLI,10.767,78.717,24.0,,78.35
2004-11-22T02:40:00,43344099999,TIRUCHIRAPPALLI,10.767,78.717,25.0,,78.5
2004-11-22T03:00:00,43344099999,TIRUCHIRAPPALLI,10.767,78.717,25.0,1013.3,77.06
2004-11-22T04:40:00,43344099999,TIRUCHIRAPPALLI,10.767,78.717,26.0,,73.97
2004-11-22T06:00:00,43344099999,TIRUCHIRAPPALLI,10.767,78.717,27.6,1013.0,68.58
2004-11-22T06:40:00,43344099999,TIRUCHIRAPPALLI,10.767,78.717,28.0,,69.92
2004-11-22T07:40:00,43344099999,TIRUCHIRAPPALLI,10.767,78.717,23.0,,100.0
2004-11-22T08:40:00,43344099999,TIRUCHIRAPPALLI,10.767,78.717,29.0,,62.06
2004-11-22T09:00:00,43344099999,TIRUCHIRAPPALLI,10.767,78.717,28.2,1010.6,67.44
2004-11-22T09:40:00,43344099999,TIRUCHIRAPPALLI,10.767,78.717,28.0,,69.92
2004-11-22T10:40:00,43344099999,TIRUCHIRAPPALLI,10.767,78.717,27.0,,74.14
2004-11-22T11:40:00,43344099999,TIRUCHIRAPPALLI,10.767,78.717,27.0,,74.14
2004-11-22T12:00:00,43344099999,TIRUCHIRAPPALLI,10.767,78.717,26.8,1010.8,85.69
2004-11-22T13:40:00,43344099999,TIRUCHIRAPPALLI,10.767,78.717,26.0,,88.76
2004-11-22T14:40:00,43344099999,TIRUCHIRAPPALLI,10.767,78.717,25.0,,88.68
2004-11-22T15:00:00,43344099999,TIRUCHIRAPPALLI,10.767,78.717,25.2,1013.1,88.16
2004-11-22T17:40:00,43344099999,TIRUCHIRAPPALLI,10.767,78.717,25.0,,83.45
2004-11-22T18:00:00,43344099999,TIRUCHIRAPPALLI,10.767,78.717,25.2,1013.0,93.08
2004-11-22T20:40:00,43344099999,TIRUCHIRAPPALLI,10.767,78.717,24.0,,83.34
2004-11-22T21:00:00,43344099999,TIRUCHIRAPPALLI,10.767,78.717,24.2,1011.8,81.34
2004-11-22T23:40:00,43344099999,TIRUCHIRAPPALLI,10.767,78.717,23.0,,88.52
2004-11-23T00:00:00,43344099999,TIRUCHIRAPPALLI,10.767,78.717,23.2,1011.9,87.99
2004-11-23T02:40:00,43344099999,TIRUCHIRAPPALLI,10.767,78.717,26.0,,69.55
2004-11-23T03:00:00,43344099999,TIRUCHIRAPPALLI,10.767,78.717,25.0,1014.4,72.89
2004-11-23T04:40:00,43344099999,TIRUCHIRAPPALLI,10.767,78.717,27.0,,65.56
2004-11-23T06:00:00,43344099999,TIRUCHIRAPPALLI,10.767,78.717,27.6,1013.4,65.69
2004-11-23T06:40:00,43344099999,TIRUCHIRAPPALLI,10.767,78.717,28.0,,69.92
2004-11-23T07:40:00,43344099999,TIRUCHIRAPPALLI,10.767,78.717,29.0,,65.98
2004-11-23T08:40:00,43344099999,TIRUCHIRAPPALLI,10.767,78.717,29.0,,65.98
2004-11-23T09:00:00,43344099999,TIRUCHIRAPPALLI,10.767,78.717,29.6,1010.5,59.58
2004-11-23T10:40:00,43344099999,TIRUCHIRAPPALLI,10.767,78.717,29.0,,65.98
2004-11-23T12:00:00,43344099999,TIRUCHIRAPPALLI,10.767,78.717,27.4,1010.3,74.2
2004-11-23T13:40:00,43344099999,TIRUCHIRAPPALLI,10.767,78.717,26.0,,78.64
2004-11-23T14:40:00,43344099999,TIRUCHIRAPPALLI,10.767,78.717,26.0,,83.57
2004-11-23T15:00:00,43344099999,TIRUCHIRAPPALLI,10.767,78.717,25.0,1012.3,80.45
2004-11-23T15:40:00,43344099999,TIRUCHIRAPPALLI,10.767,78.717,25.0,,83.45
2004-11-23T18:00:00,43344099999,TIRUCHIRAPPALLI,10.767,78.717,24.4,1011.8,91.36
2004-11-23T20:40:00,43344099999,TIRUCHIRAPPALLI,10.767,78.717,24.0,,94.15
2004-11-23T21:00:00,43344099999,TIRUCHIRAPPALLI,10.767,78.717,24.6,1010.6,88.11
2004-11-23T21:40:00,43344099999,TIRUCHIRAPPALLI,10.767,78.717,24.0,,94.15
2004-11-23T22:40:00,43344099999,TIRUCHIRAPPALLI,10.767,78.717,24.0,,94.15
2004-11-23T23:40:00,43344099999,TIRUCHIRAPPALLI,10.767,78.717,23.0,,94.11
2004-11-24T00:00:00,43344099999,TIRUCHIRAPPALLI,10.767,78.717,23.6,1010.8,89.66
2004-11-24T01:40:00,43344099999,TIRUCHIRAPPALLI,10.767,78.717,25.0,,83.45
2004-11-24T02:40:00,43344099999,TIRUCHIRAPPALLI,10.767,78.717,26.0,,78.64
2004-11-24T03:00:00,43344099999,TIRUCHIRAPPALLI,10.767,78.717,25.4,1013.4,86.59
2004-11-24T06:00:00,43344099999,TIRUCHIRAPPALLI,10.767,78.717,27.4,1013.0,72.86
2004-11-24T08:40:00,43344099999,TIRUCHIRAPPALLI,10.767,78.717,28.0,,69.92
2004-11-24T09:00:00,43344099999,TIRUCHIRAPPALLI,10.767,78.717,28.4,1010.4,73.03
2004-11-24T09:40:00,43344099999,TIRUCHIRAPPALLI,10.767,78.717,28.0,,74.3
2004-11-24T11:40:00,43344099999,TIRUCHIRAPPALLI,10.767,78.717,25.0,,83.45
2004-11-24T12:00:00,43344099999,TIRUCHIRAPPALLI,10.767,78.717,23.8,1011.0,96.45
2004-11-24T12:40:00,43344099999,TIRUCHIRAPPALLI,10.767,78.717,23.0,,94.11
2004-11-24T14:40:00,43344099999,TIRUCHIRAPPALLI,10.767,78.717,25.0,,83.45
2004-11-24T15:00:00,43344099999,TIRUCHIRAPPALLI,10.767,78.717,24.2,,94.73
2004-11-24T17:40:00,43344099999,TIRUCHIRAPPALLI,10.767,78.717,24.0,,94.15
2004-11-24T18:00:00,43344099999,TIRUCHIRAPPALLI,10.767,78.717,23.8,1013.1,96.45
2004-11-24T21:00:00,43344099999,TIRUCHIRAPPALLI,10.767,78.717,23.2,1011.2,94.69
2004-11-24T23:40:00,43344099999,TIRUCHIRAPPALLI,10.767,78.717,23.0,,94.11
2004-11-25T00:00:00,43344099999,TIRUCHIRAPPALLI,10.767,78.717,23.0,1011.5,92.96
2004-11-25T01:40:00,43344099999,TIRUCHIRAPPALLI,10.767,78.717,24.0,,83.34
2004-11-25T03:00:00,43344099999,TIRUCHIRAPPALLI,10.767,78.717,25.0,1014.2,78.98
2004-11-25T03:40:00,43344099999,TIRUCHIRAPPALLI,10.767,78.717,26.0,,73.97
2004-11-25T04:40:00,43344099999,TIRUCHIRAPPALLI,10.767,78.717,26.0,,73.97
2004-11-25T05:40:00,43344099999,TIRUCHIRAPPALLI,10.767,78.717,27.0,,69.74
2004-11-25T06:00:00,43344099999,TIRUCHIRAPPALLI,10.767,78.717,28.2,1013.4,70.39
2004-11-25T06:40:00,43344099999,TIRUCHIRAPPALLI,10.767,78.717,29.0,,70.11
2004-11-25T09:00:00,43344099999,TIRUCHIRAPPALLI,10.767,78.717,29.4,1010.2,68.51
2004-11-25T09:40:00,43344099999,TIRUCHIRAPPALLI,10.767,78.717,29.0,,70.11
2004-11-25T10:40:00,43344099999,TIRUCHIRAPPALLI,10.767,78.717,29.0,,74.47
2004-11-25T11:40:00,43344099999,TIRUCHIRAPPALLI,10.767,78.717,28.0,,74.3
2004-11-25T12:00:00,43344099999,TIRUCHIRAPPALLI,10.767,78.717,28.4,1010.2,63.86
2004-11-25T15:00:00,43344099999,TIRUCHIRAPPALLI,10.767,78.717,25.4,1013.5,83.5
2004-11-25T15:40:00,43344099999,TIRUCHIRAPPALLI,10.767,78.717,26.0,,83.57
2004-11-25T16:40:00,43344099999,TIRUCHIRAPPALLI,10.767,78.717,25.0,,83.45
2004-11-25T18:00:00,43344099999,TIRUCHIRAPPALLI,10.767,78.717,24.0,1013.8,94.72
2004-11-25T18:40:00,43344099999,TIRUCHIRAPPALLI,10.767,78.717,24.0,,94.15
2004-11-25T21:00:00,43344099999,TIRUCHIRAPPALLI,10.767,78.717,23.2,1011.8,92.97
2004-11-25T21:40:00,43344099999,TIRUCHIRAPPALLI,10.767,78.717,23.0,,94.11
2004-11-25T22:40:00,43344099999,TIRUCHIRAPPALLI,10.767,78.717,23.0,,94.11
2004-11-25T23:40:00,43344099999,TIRUCHIRAPPALLI,10.767,78.717,23.0,,94.11
2004-11-26T00:00:00,43344099999,TIRUCHIRAPPALLI,10.767,78.717,22.6,1012.3,94.67
2004-11-26T00:40:00,43344099999,TIRUCHIRAPPALLI,10.767,78.717,23.0,,94.11
2004-11-26T01:40:00,43344099999,TIRUCHIRAPPALLI,10.767,78.717,24.0,,83.34
2004-11-26T02:40:00,43344099999,TIRUCHIRAPPALLI,10.767,78.717,25.0,,83.45
2004-11-26T03:00:00,43344099999,TIRUCHIRAPPALLI,10.767,78.717,25.4,1014.2,86.59
2004-11-26T03:40:00,43344099999,TIRUCHIRAPPALLI,10.767,78.717,26.0,,83.57
2004-11-26T06:00:00,43344099999,TIRUCHIRAPPALLI,10.767,78.717,27.4,1013.5,72.86
2004-11-26T06:40:00,43344099999,TIRUCHIRAPPALLI,10.767,78.717,28.0,,74.3
2004-11-26T08:40:00,43344099999,TIRUCHIRAPPALLI,10.767,78.717,29.0,,70.11
2004-11-26T09:00:00,43344099999,TIRUCHIRAPPALLI,10.767,78.717,29.6,1010.7,67.31
2004-11-26T11:40:00,43344099999,TIRUCHIRAPPALLI,10.767,78.717,26.0,,83.57
2004-11-26T12:00:00,43344099999,TIRUCHIRAPPALLI,10.767,78.717,25.2,1011.0,91.41
2004-11-26T12:40:00,43344099999,TIRUCHIRAPPALLI,10.767,78.717,25.0,,88.68
2004-11-26T13:40:00,43344099999,TIRUCHIRAPPALLI,10.767,78.717,25.0,,88.68
2004-11-26T14:40:00,43344099999,TIRUCHIRAPPALLI,10.767,78.717,25.0,,88.68
2004-11-26T18:00:00,43344099999,TIRUCHIRAPPALLI,10.767,78.717,24.6,1013.5,94.74
2004-11-26T20:40:00,43344099999,TIRUCHIRAPPALLI,10.767,78.717,24.0,,94.15
2004-11-26T21:00:00,43344099999,TIRUCHIRAPPALLI,10.767,78.717,24.2,1011.8,94.73
2004-11-26T22:40:00,43344099999,TIRUCHIRAPPALLI,10.767,78.717,24.0,,94.15
2004-11-26T23:40:00,43344099999,TIRUCHIRAPPALLI,10.767,78.717,24.0,,94.15
2004-11-27T00:00:00,43344099999,TIRUCHIRAPPALLI,10.767,78.717,23.4,1012.4,96.44
2004-11-27T01:40:00,43344099999,TIRUCHIRAPPALLI,10.767,78.717,25.0,,83.45
2004-11-27T03:00:00,43344099999,TIRUCHIRAPPALLI,10.767,78.717,25.4,1014.6,90.33
2004-11-27T03:40:00,43344099999,TIRUCHIRAPPALLI,10.767,78.717,27.0,,78.78
2004-11-27T04:40:00,43344099999,TIRUCHIRAPPALLI,10.767,78.717,28.0,,69.92
2004-11-27T05:40:00,43344099999,TIRUCHIRAPPALLI,10.767,78.717,28.0,,69.92
2004-11-27T06:00:00,43344099999,TIRUCHIRAPPALLI,10.767,78.717,27.8,1014.2,78.42
2004-11-27T06:40:00,43344099999,TIRUCHIRAPPALLI,10.767,78.717,28.0,,78.92
2004-11-27T07:40:00,43344099999,TIRUCHIRAPPALLI,10.767,78.717,29.0,,74.47
2004-11-27T08:40:00,43344099999,TIRUCHIRAPPALLI,10.767,78.717,29.0,,70.11
2004-11-27T09:00:00,43344099999,TIRUCHIRAPPALLI,10.767,78.717,30.4,1010.6,59.03
2004-11-27T09:40:00,43344099999,TIRUCHIRAPPALLI,10.767,78.717,30.0,,62.28
2004-11-27T11:40:00,43344099999,TIRUCHIRAPPALLI,10.767,78.717,29.0,,65.98
2004-11-27T12:00:00,43344099999,TIRUCHIRAPPALLI,10.767,78.717,29.0,1011.1,61.68
2004-11-27T12:40:00,43344099999,TIRUCHIRAPPALLI,10.767,78.717,27.0,,74.14
2004-11-27T15:00:00,43344099999,TIRUCHIRAPPALLI,10.767,78.717,26.0,1013.7,80.58
2004-11-27T16:40:00,43344099999,TIRUCHIRAPPALLI,10.767,78.717,25.0,,88.68
2004-11-27T18:00:00,43344099999,TIRUCHIRAPPALLI,10.767,78.717,25.2,1014.4,89.77
2004-11-27T20:40:00,43344099999,TIRUCHIRAPPALLI,10.767,78.717,24.0,,94.15
2004-11-27T21:00:00,43344099999,TIRUCHIRAPPALLI,10.767,78.717,24.0,1012.9,93.02
2004-11-27T21:40:00,43344099999,TIRUCHIRAPPALLI,10.767,78.717,24.0,,94.15
2004-11-27T22:40:00,43344099999,TIRUCHIRAPPALLI,10.767,78.717,24.0,,94.15
2004-11-27T23:40:00,43344099999,TIRUCHIRAPPALLI,10.767,78.717,23.0,,94.11
2004-11-28T00:00:00,43344099999,TIRUCHIRAPPALLI,10.767,78.717,23.2,1013.1,89.63
2004-11-28T01:40:00,43344099999,TIRUCHIRAPPALLI,10.767,78.717,24.0,,88.6
2004-11-28T02:40:00,43344099999,TIRUCHIRAPPALLI,10.767,78.717,25.0,,88.68
2004-11-28T03:00:00,43344099999,TIRUCHIRAPPALLI,10.767,78.717,26.0,1016.5,77.69
2004-11-28T06:00:00,43344099999,TIRUCHIRAPPALLI,10.767,78.717,29.6,1015.2,59.58
2004-11-28T06:40:00,43344099999,TIRUCHIRAPPALLI,10.767,78.717,30.0,,58.58
2004-11-28T07:40:00,43344099999,TIRUCHIRAPPALLI,10.767,78.717,30.0,,58.58
2004-11-28T08:40:00,43344099999,TIRUCHIRAPPALLI,10.767,78.717,31.0,,58.81
2004-11-28T09:00:00,43344099999,TIRUCHIRAPPALLI,10.767,78.717,30.2,1012.3,52.79
2004-11-28T09:40:00,43344099999,TIRUCHIRAPPALLI,10.767,78.717,30.0,,58.58
2004-11-28T10:40:00,43344099999,TIRUCHIRAPPALLI,10.767,78.717,30.0,,58.58
2004-11-28T11:40:00,43344099999,TIRUCHIRAPPALLI,10.767,78.717,29.0,,62.06
2004-11-28T12:00:00,43344099999,TIRUCHIRAPPALLI,10.767,78.717,28.6,1012.6,57.53
2004-11-28T15:00:00,43344099999,TIRUCHIRAPPALLI,10.767,78.717,25.2,1015.4,83.48
2004-11-28T15:40:00,43344099999,TIRUCHIRAPPALLI,10.767,78.717,25.0,,88.68
2004-11-28T17:40:00,43344099999,TIRUCHIRAPPALLI,10.767,78.717,23.0,,88.52
2004-11-28T18:00:00,43344099999,TIRUCHIRAPPALLI,10.767,78.717,23.0,1015.9,89.61
2004-11-28T18:40:00,43344099999,TIRUCHIRAPPALLI,10.767,78.717,23.0,,88.52
2004-11-28T21:00:00,43344099999,TIRUCHIRAPPALLI,10.767,78.717,22.4,1014.4,87.38
2004-11-28T21:40:00,43344099999,TIRUCHIRAPPALLI,10.767,78.717,22.0,,88.44
2004-11-28T22:40:00,43344099999,TIRUCHIRAPPALLI,10.767,78.717,22.0,,94.06
2004-11-29T00:00:00,43344099999,TIRUCHIRAPPALLI,10.767,78.717,20.8,1014.4,90.57
2004-11-29T01:40:00,43344099999,TIRUCHIRAPPALLI,10.767,78.717,22.0,,83.11
2004-11-29T03:00:00,43344099999,TIRUCHIRAPPALLI,10.767,78.717,24.4,1016.1,73.7
2004-11-29T03:40:00,43344099999,TIRUCHIRAPPALLI,10.767,78.717,25.0,,69.36
2004-11-29T04:40:00,43344099999,TIRUCHIRAPPALLI,10.767,78.717,26.0,,65.36
2004-11-29T05:40:00,43344099999,TIRUCHIRAPPALLI,10.767,78.717,28.0,,61.84
2004-11-29T06:00:00,43344099999,TIRUCHIRAPPALLI,10.767,78.717,28.2,1014.8,59.62
2004-11-29T06:40:00,43344099999,TIRUCHIRAPPALLI,10.767,78.717,29.0,,54.83
2004-11-29T07:40:00,43344099999,TIRUCHIRAPPALLI,10.767,78.717,29.0,,62.06
2004-11-29T08:40:00,43344099999,TIRUCHIRAPPALLI,10.767,78.717,29.0,,58.35
2004-11-29T09:00:00,43344099999,TIRUCHIRAPPALLI,10.767,78.717,30.0,1011.4,57.51
2004-11-29T09:40:00,43344099999,TIRUCHIRAPPALLI,10.767,78.717,30.0,,55.08
2004-11-29T10:40:00,43344099999,TIRUCHIRAPPALLI,10.767,78.717,29.0,,58.35
2004-11-29T11:40:00,43344099999,TIRUCHIRAPPALLI,10.767,78.717,29.0,,58.35
2004-11-29T12:00:00,43344099999,TIRUCHIRAPPALLI,10.767,78.717,27.4,1011.7,64.44
2004-11-29T15:00:00,43344099999,TIRUCHIRAPPALLI,10.767,78.717,24.6,1014.0,80.4
2004-11-29T15:40:00,43344099999,TIRUCHIRAPPALLI,10.767,78.717,24.0,,83.34
2004-11-29T16:40:00,43344099999,TIRUCHIRAPPALLI,10.767,78.717,24.0,,83.34
2004-11-29T18:00:00,43344099999,TIRUCHIRAPPALLI,10.767,78.717,23.6,1014.4,88.03
2004-11-29T18:40:00,43344099999,TIRUCHIRAPPALLI,10.767,78.717,23.0,,88.52
2004-11-29T21:00:00,43344099999,TIRUCHIRAPPALLI,10.767,78.717,22.8,1012.7,89.6
2004-11-30T00:00:00,43344099999,TIRUCHIRAPPALLI,10.767,78.717,21.4,1012.9,94.62
2004-11-30T01:40:00,43344099999,TIRUCHIRAPPALLI,10.767,78.717,23.0,,83.22
2004-11-30T02:40:00,43344099999,TIRUCHIRAPPALLI,10.767,78.717,25.0,,73.8
2004-11-30T03:00:00,43344099999,TIRUCHIRAPPALLI,10.767,78.717,24.4,1015.0,76.97
2004-11-30T04:40:00,43344099999,TIRUCHIRAPPALLI,10.767,78.717,27.0,,69.74
2004-11-30T06:00:00,43344099999,TIRUCHIRAPPALLI,10.767,78.717,27.4,1013.7,51.42
2004-11-30T06:40:00,43344099999,TIRUCHIRAPPALLI,10.767,78.717,28.0,,51.25
2004-11-30T09:00:00,43344099999,TIRUCHIRAPPALLI,10.767,78.717,28.6,1011.0,80.91
2004-11-30T10:40:00,43344099999,TIRUCHIRAPPALLI,10.767,78.717,28.0,,54.58
2004-11-30T11:40:00,43344099999,TIRUCHIRAPPALLI,10.767,78.717,27.0,,57.87
2004-11-30T12:00:00,43344099999,TIRUCHIRAPPALLI,10.767,78.717,27.0,1011.0,56.08
2004-11-30T15:00:00,43344099999,TIRUCHIRAPPALLI,10.767,78.717,24.6,1013.1,77.0
2004-11-30T16:40:00,43344099999,TIRUCHIRAPPALLI,10.767,78.717,24.0,,78.35
2004-11-30T17:40:00,43344099999,TIRUCHIRAPPALLI,10.767,78.717,23.0,,88.52
2004-11-30T18:00:00,43344099999,TIRUCHIRAPPALLI,10.767,78.717,23.2,1013.0,91.29
2004-11-30T21:00:00,43344099999,TIRUCHIRAPPALLI,10.767,78.717,22.6,1011.8,92.94
2004-11-30T22:40:00,43344099999,TIRUCHIRAPPALLI,10.767,78.717,22.0,,94.06
2004-12-01T03:00:00,43344099999,TIRUCHIRAPPALLI,10.767,78.717,24.6,1014.2,73.73
2004-12-01T03:40:00,43344099999,TIRUCHIRAPPALLI,10.767,78.717,26.0,,65.36
2004-12-01T04:40:00,43344099999,TIRUCHIRAPPALLI,10.767,78.717,27.0,,61.61
2004-12-01T05:40:00,43344099999,TIRUCHIRAPPALLI,10.767,78.717,29.0,,51.5
2004-12-01T06:00:00,43344099999,TIRUCHIRAPPALLI,10.767,78.717,28.4,1013.5,54.68
2004-12-01T06:40:00,43344099999,TIRUCHIRAPPALLI,10.767,78.717,29.0,,54.83
2004-12-01T07:40:00,43344099999,TIRUCHIRAPPALLI,10.767,78.717,30.0,,51.76
2004-12-01T08:40:00,43344099999,TIRUCHIRAPPALLI,10.767,78.717,31.0,,48.88
2004-12-01T09:00:00,43344099999,TIRUCHIRAPPALLI,10.767,78.717,30.0,1010.5,52.74
2004-12-01T12:00:00,43344099999,TIRUCHIRAPPALLI,10.767,78.717,27.6,1011.0,60.61
2004-12-01T14:40:00,43344099999,TIRUCHIRAPPALLI,10.767,78.717,26.0,,69.55
2004-12-01T15:00:00,43344099999,TIRUCHIRAPPALLI,10.767,78.717,25.8,1012.9,80.55
2004-12-01T15:40:00,43344099999,TIRUCHIRAPPALLI,10.767,78.717,25.0,,88.68
2004-12-01T18:00:00,43344099999,TIRUCHIRAPPALLI,10.767,78.717,24.4,1013.4,91.36
2004-12-01T21:00:00,43344099999,TIRUCHIRAPPALLI,10.767,78.717,24.0,1012.7,85.93
2004-12-02T00:00:00,43344099999,TIRUCHIRAPPALLI,10.767,78.717,23.4,1013.0,84.3
2004-12-02T01:40:00,43344099999,TIRUCHIRAPPALLI,10.767,78.717,24.0,,83.34
2004-12-02T02:40:00,43344099999,TIRUCHIRAPPALLI,10.767,78.717,25.0,,78.5
2004-12-02T03:00:00,43344099999,TIRUCHIRAPPALLI,10.767,78.717,25.6,1015.3,76.21
2004-12-02T04:40:00,43344099999,TIRUCHIRAPPALLI,10.767,78.717,28.0,,65.77
2004-12-02T05:40:00,43344099999,TIRUCHIRAPPALLI,10.767,78.717,29.0,,62.06
2004-12-02T06:00:00,43344099999,TIRUCHIRAPPALLI,10.767,78.717,29.2,1014.6,60.6
2004-12-02T06:40:00,43344099999,TIRUCHIRAPPALLI,10.767,78.717,30.0,,58.58
2004-12-02T08:40:00,43344099999,TIRUCHIRAPPALLI,10.767,78.717,30.0,,58.58
2004-12-02T09:00:00,43344099999,TIRUCHIRAPPALLI,10.767,78.717,29.6,1012.3,62.19
2004-12-02T09:40:00,43344099999,TIRUCHIRAPPALLI,10.767,78.717,30.0,,58.58
2004-12-02T10:40:00,43344099999,TIRUCHIRAPPALLI,10.767,78.717,30.0,,58.58
2004-12-02T11:40:00,43344099999,TIRUCHIRAPPALLI,10.767,78.717,28.0,,74.3
2004-12-02T12:00:00,43344099999,TIRUCHIRAPPALLI,10.767,78.717,27.4,1013.0,75.57
2004-12-02T13:40:00,43344099999,TIRUCHIRAPPALLI,10.767,78.717,27.0,,78.78
2004-12-02T15:00:00,43344099999,TIRUCHIRAPPALLI,10.767,78.717,26.4,1015.5,81.12
2004-12-02T15:40:00,43344099999,TIRUCHIRAPPALLI,10.767,78.717,26.0,,83.57
2004-12-02T16:40:00,43344099999,TIRUCHIRAPPALLI,10.767,78.717,26.0,,83.57
2004-12-02T17:40:00,43344099999,TIRUCHIRAPPALLI,10.767,78.717,25.0,,94.19
2004-12-02T18:00:00,43344099999,TIRUCHIRAPPALLI,10.767,78.717,25.0,1015.6,91.4
2004-12-02T20:40:00,43344099999,TIRUCHIRAPPALLI,10.767,78.717,24.0,,94.15
2004-12-02T21:00:00,43344099999,TIRUCHIRAPPALLI,10.767,78.717,24.6,1014.0,86.52
2004-12-02T21:40:00,43344099999,TIRUCHIRAPPALLI,10.767,78.717,24.0,,94.15
2004-12-02T22:40:00,43344099999,TIRUCHIRAPPALLI,10.767,78.717,25.0,,83.45
2004-12-02T23:40:00,43344099999,TIRUCHIRAPPALLI,10.767,78.717,25.0,,83.45
2004-12-03T00:00:00,43344099999,TIRUCHIRAPPALLI,10.767,78.717,24.4,1014.0,86.5
2004-12-03T00:40:00,43344099999,TIRUCHIRAPPALLI,10.767,78.717,24.0,,94.15
2004-12-03T01:40:00,43344099999,TIRUCHIRAPPALLI,10.767,78.717,25.0,,83.45
2004-12-03T02:40:00,43344099999,TIRUCHIRAPPALLI,10.767,78.717,26.0,,73.97
2004-12-03T03:00:00,43344099999,TIRUCHIRAPPALLI,10.767,78.717,25.8,1016.3,79.09
2004-12-03T04:40:00,43344099999,TIRUCHIRAPPALLI,10.767,78.717,27.0,,74.14
2004-12-03T05:40:00,43344099999,TIRUCHIRAPPALLI,10.767,78.717,28.0,,65.77
2004-12-03T06:00:00,43344099999,TIRUCHIRAPPALLI,10.767,78.717,28.8,1015.2,69.23
2004-12-03T07:40:00,43344099999,TIRUCHIRAPPALLI,10.767,78.717,27.0,,74.14
2004-12-03T08:40:00,43344099999,TIRUCHIRAPPALLI,10.767,78.717,28.0,,65.77
2004-12-03T09:00:00,43344099999,TIRUCHIRAPPALLI,10.767,78.717,28.4,1012.3,67.9
2004-12-03T09:40:00,43344099999,TIRUCHIRAPPALLI,10.767,78.717,28.0,,65.77
2004-12-03T10:40:00,43344099999,TIRUCHIRAPPALLI,10.767,78.717,28.0,,65.77
2004-12-03T11:40:00,43344099999,TIRUCHIRAPPALLI,10.767,78.717,28.0,,65.77
2004-12-03T12:00:00,43344099999,TIRUCHIRAPPALLI,10.767,78.717,27.6,1012.8,72.9
2004-12-03T12:40:00,43344099999,TIRUCHIRAPPALLI,10.767,78.717,27.0,,69.74
2004-12-03T13:40:00,43344099999,TIRUCHIRAPPALLI,10.767,78.717,27.0,,69.74
2004-12-03T15:00:00,43344099999,TIRUCHIRAPPALLI,10.767,78.717,25.2,1015.4,89.77
2004-12-03T16:40:00,43344099999,TIRUCHIRAPPALLI,10.767,78.717,25.0,,88.68
2004-12-03T18:00:00,43344099999,TIRUCHIRAPPALLI,10.767,78.717,24.4,1016.0,91.36
2004-12-03T18:40:00,43344099999,TIRUCHIRAPPALLI,10.767,78.717,24.0,,94.15
2004-12-03T20:40:00,43344099999,TIRUCHIRAPPALLI,10.767,78.717,24.0,,83.34
2004-12-03T21:00:00,43344099999,TIRUCHIRAPPALLI,10.767,78.717,24.2,1013.9,79.85
2004-12-03T23:40:00,43344099999,TIRUCHIRAPPALLI,10.767,78.717,23.0,,83.22
2004-12-04T00:00:00,43344099999,TIRUCHIRAPPALLI,10.767,78.717,22.4,1014.3,87.38
2004-12-04T02:40:00,43344099999,TIRUCHIRAPPALLI,10.767,78.717,25.0,,78.5
2004-12-04T03:00:00,43344099999,TIRUCHIRAPPALLI,10.767,78.717,23.8,1016.8,68.69
2004-12-04T03:40:00,43344099999,TIRUCHIRAPPALLI,10.767,78.717,25.0,,65.15
2004-12-04T04:40:00,43344099999,TIRUCHIRAPPALLI,10.767,78.717,25.0,,65.15
2004-12-04T05:40:00,43344099999,TIRUCHIRAPPALLI,10.767,78.717,26.0,,61.39
2004-12-04T06:00:00,43344099999,TIRUCHIRAPPALLI,10.767,78.717,26.0,1015.2,61.78
2004-12-04T06:40:00,43344099999,TIRUCHIRAPPALLI,10.767,78.717,27.0,,61.61
2004-12-04T07:40:00,43344099999,TIRUCHIRAPPALLI,10.767,78.717,27.0,,61.61
2004-12-04T09:00:00,43344099999,TIRUCHIRAPPALLI,10.767,78.717,27.6,1012.5,59.11
2004-12-04T12:00:00,43344099999,TIRUCHIRAPPALLI,10.767,78.717,26.2,1012.3,60.29
2004-12-04T13:40:00,43344099999,TIRUCHIRAPPALLI,10.767,78.717,25.0,,73.8
2004-12-04T14:40:00,43344099999,TIRUCHIRAPPALLI,10.767,78.717,25.0,,73.8
2004-12-04T15:00:00,43344099999,TIRUCHIRAPPALLI,10.767,78.717,24.2,1014.4,86.48
2004-12-04T16:40:00,43344099999,TIRUCHIRAPPALLI,10.767,78.717,23.0,,88.52
2004-12-04T17:40:00,43344099999,TIRUCHIRAPPALLI,10.767,78.717,22.0,,94.06
2004-12-04T18:00:00,43344099999,TIRUCHIRAPPALLI,10.767,78.717,22.4,1014.8,96.41
2004-12-04T20:40:00,43344099999,TIRUCHIRAPPALLI,10.767,78.717,22.0,,94.06
2004-12-04T21:00:00,43344099999,TIRUCHIRAPPALLI,10.767,78.717,22.2,1013.5,96.4
2004-12-04T21:40:00,43344099999,TIRUCHIRAPPALLI,10.767,78.717,23.0,,88.52
2004-12-04T22:40:00,43344099999,TIRUCHIRAPPALLI,10.767,78.717,22.0,,94.06
2004-12-04T23:40:00,43344099999,TIRUCHIRAPPALLI,10.767,78.717,22.0,,94.06
2004-12-05T00:00:00,43344099999,TIRUCHIRAPPALLI,10.767,78.717,22.2,1014.0,92.92
2004-12-05T01:40:00,43344099999,TIRUCHIRAPPALLI,10.767,78.717,23.0,,83.22
2004-12-05T03:00:00,43344099999,TIRUCHIRAPPALLI,10.767,78.717,24.6,1015.7,77.0
2004-12-05T04:40:00,43344099999,TIRUCHIRAPPALLI,10.767,78.717,27.0,,65.56
2004-12-05T05:40:00,43344099999,TIRUCHIRAPPALLI,10.767,78.717,29.0,,62.06
2004-12-05T06:00:00,43344099999,TIRUCHIRAPPALLI,10.767,78.717,28.0,1014.8,63.39
2004-12-05T06:40:00,43344099999,TIRUCHIRAPPALLI,10.767,78.717,29.0,,62.06
2004-12-05T09:00:00,43344099999,TIRUCHIRAPPALLI,10.767,78.717,29.4,1011.7,53.25
2004-12-05T09:40:00,43344099999,TIRUCHIRAPPALLI,10.767,78.717,29.0,,58.35
2004-12-05T10:40:00,43344099999,TIRUCHIRAPPALLI,10.767,78.717,29.0,,58.35
2004-12-05T12:00:00,43344099999,TIRUCHIRAPPALLI,10.767,78.717,27.8,1011.6,55.57
2004-12-05T12:40:00,43344099999,TIRUCHIRAPPALLI,10.767,78.717,26.0,,69.55
2004-12-05T15:00:00,43344099999,TIRUCHIRAPPALLI,10.767,78.717,24.0,1014.4,79.82
2004-12-05T18:00:00,43344099999,TIRUCHIRAPPALLI,10.767,78.717,23.0,1014.8,87.98
2004-12-05T20:40:00,43344099999,TIRUCHIRAPPALLI,10.767,78.717,22.0,,94.06
2004-12-05T21:00:00,43344099999,TIRUCHIRAPPALLI,10.767,78.717,22.4,1013.5,91.24
2004-12-05T21:40:00,43344099999,TIRUCHIRAPPALLI,10.767,78.717,22.0,,94.06
2004-12-05T22:40:00,43344099999,TIRUCHIRAPPALLI,10.767,78.717,22.0,,94.06
2004-12-06T00:00:00,43344099999,TIRUCHIRAPPALLI,10.77,78.72,20.0,1014.0,90.51
2004-12-06T02:40:00,43344099999,TIRUCHIRAPPALLI,10.77,78.72,24.0,,69.16
2004-12-06T03:00:00,43344099999,TIRUCHIRAPPALLI,10.77,78.72,24.0,1017.0,71.37
2004-12-06T03:40:00,43344099999,TIRUCHIRAPPALLI,10.77,78.72,25.0,,65.15
2004-12-06T05:40:00,43344099999,TIRUCHIRAPPALLI,10.77,78.72,27.0,,57.87
2004-12-06T06:00:00,43344099999,TIRUCHIRAPPALLI,10.77,78.72,27.0,1015.9,57.51
2004-12-06T07:40:00,43344099999,TIRUCHIRAPPALLI,10.77,78.72,28.0,,58.11
2004-12-06T08:40:00,43344099999,TIRUCHIRAPPALLI,10.77,78.72,29.0,,48.35
2004-12-06T09:00:00,43344099999,TIRUCHIRAPPALLI,10.77,78.72,29.0,1012.6,48.05
2004-12-06T09:40:00,43344099999,TIRUCHIRAPPALLI,10.77,78.72,29.0,,51.5
2004-12-06T10:40:00,43344099999,TIRUCHIRAPPALLI,10.77,78.72,29.0,,51.5
2004-12-06T11:40:00,43344099999,TIRUCHIRAPPALLI,10.77,78.72,28.0,,54.58
2004-12-06T12:00:00,43344099999,TIRUCHIRAPPALLI,10.77,78.72,28.0,1012.7,54.58
2004-12-06T12:40:00,43344099999,TIRUCHIRAPPALLI,10.77,78.72,27.0,,57.87
2004-12-06T13:40:00,43344099999,TIRUCHIRAPPALLI,10.77,78.72,26.0,,65.36
2004-12-06T14:40:00,43344099999,TIRUCHIRAPPALLI,10.77,78.72,25.0,,69.36
2004-12-06T15:00:00,43344099999,TIRUCHIRAPPALLI,10.77,78.72,24.0,1015.9,79.82
2004-12-06T16:40:00,43344099999,TIRUCHIRAPPALLI,10.77,78.72,23.0,,94.11
2004-12-06T17:40:00,43344099999,TIRUCHIRAPPALLI,10.77,78.72,22.0,,88.44
2004-12-06T18:00:00,43344099999,TIRUCHIRAPPALLI,10.77,78.72,22.2,1016.4,89.0
2004-12-06T20:40:00,43344099999,TIRUCHIRAPPALLI,10.77,78.72,22.0,,88.44
2004-12-06T21:00:00,43344099999,TIRUCHIRAPPALLI,10.77,78.72,21.4,1015.5,90.61
2004-12-06T23:40:00,43344099999,TIRUCHIRAPPALLI,10.767,78.717,20.0,,93.97
2004-12-07T00:00:00,43344099999,TIRUCHIRAPPALLI,10.767,78.717,20.2,1015.8,90.53
2004-12-07T01:40:00,43344099999,TIRUCHIRAPPALLI,10.767,78.717,22.0,,78.06
2004-12-07T02:40:00,43344099999,TIRUCHIRAPPALLI,10.767,78.717,23.0,,73.46
2004-12-07T03:00:00,43344099999,TIRUCHIRAPPALLI,10.767,78.717,23.4,1017.1,69.92
2004-12-07T03:40:00,43344099999,TIRUCHIRAPPALLI,10.767,78.717,24.0,,69.16
2004-12-07T05:40:00,43344099999,TIRUCHIRAPPALLI,10.767,78.717,28.0,,54.58
2004-12-07T06:00:00,43344099999,TIRUCHIRAPPALLI,10.767,78.717,28.6,1015.9,45.27
2004-12-07T06:40:00,43344099999,TIRUCHIRAPPALLI,10.767,78.717,29.0,,48.35
2004-12-07T07:40:00,43344099999,TIRUCHIRAPPALLI,10.767,78.717,29.0,,48.35
2004-12-07T08:40:00,43344099999,TIRUCHIRAPPALLI,10.767,78.717,30.0,,48.62
2004-12-07T09:00:00,43344099999,TIRUCHIRAPPALLI,10.767,78.717,29.8,1012.5,47.96
2004-12-07T09:40:00,43344099999,TIRUCHIRAPPALLI,10.767,78.717,30.0,,48.62
2004-12-07T10:40:00,43344099999,TIRUCHIRAPPALLI,10.767,78.717,29.0,,54.83
2004-12-07T12:00:00,43344099999,TIRUCHIRAPPALLI,10.767,78.717,28.2,1012.7,53.28
2004-12-07T12:40:00,43344099999,TIRUCHIRAPPALLI,10.767,78.717,27.0,,57.87
2004-12-07T13:40:00,43344099999,TIRUCHIRAPPALLI,10.767,78.717,26.0,,69.55
2004-12-07T14:40:00,43344099999,TIRUCHIRAPPALLI,10.767,78.717,25.0,,78.5
2004-12-07T15:00:00,43344099999,TIRUCHIRAPPALLI,10.767,78.717,25.0,1015.5,78.98
2004-12-07T15:40:00,43344099999,TIRUCHIRAPPALLI,10.767,78.717,25.0,,83.45
2004-12-07T18:00:00,43344099999,TIRUCHIRAPPALLI,10.767,78.717,23.4,1015.7,88.01
2004-12-07T18:40:00,43344099999,TIRUCHIRAPPALLI,10.767,78.717,23.0,,88.52
2004-12-07T20:40:00,43344099999,TIRUCHIRAPPALLI,10.767,78.717,23.0,,83.22
2004-12-07T21:40:00,43344099999,TIRUCHIRAPPALLI,10.767,78.717,22.0,,88.44
2004-12-07T22:40:00,43344099999,TIRUCHIRAPPALLI,10.767,78.717,22.0,,88.44
2004-12-07T23:40:00,43344099999,TIRUCHIRAPPALLI,10.767,78.717,22.0,,88.44
2004-12-08T00:00:00,43344099999,TIRUCHIRAPPALLI,10.767,78.717,21.6,1013.7,91.19
2004-12-08T01:40:00,43344099999,TIRUCHIRAPPALLI,10.767,78.717,23.0,,83.22
2004-12-08T03:00:00,43344099999,TIRUCHIRAPPALLI,10.767,78.717,24.4,1015.8,79.88
2004-12-08T03:40:00,43344099999,TIRUCHIRAPPALLI,10.767,78.717,25.0,,78.5
2004-12-08T04:40:00,43344099999,TIRUCHIRAPPALLI,10.767,78.717,26.0,,73.97
2004-12-08T05:40:00,43344099999,TIRUCHIRAPPALLI,10.767,78.717,27.0,,69.74
2004-12-08T06:00:00,43344099999,TIRUCHIRAPPALLI,10.767,78.717,26.8,1015.0,72.31
2004-12-08T07:40:00,43344099999,TIRUCHIRAPPALLI,10.767,78.717,28.0,,69.92
2004-12-08T08:40:00,43344099999,TIRUCHIRAPPALLI,10.767,78.717,27.0,,74.14
2004-12-08T09:00:00,43344099999,TIRUCHIRAPPALLI,10.767,78.717,26.5,1012.2,81.63
2004-12-08T11:40:00,43344099999,TIRUCHIRAPPALLI,10.767,78.717,25.0,,83.45
2004-12-08T12:00:00,43344099999,TIRUCHIRAPPALLI,10.767,78.717,24.8,1012.4,94.75
2004-12-08T12:40:00,43344099999,TIRUCHIRAPPALLI,10.767,78.717,24.0,,94.15
2004-12-08T15:00:00,43344099999,TIRUCHIRAPPALLI,10.767,78.717,24.8,1014.2,91.39
2004-12-08T15:40:00,43344099999,TIRUCHIRAPPALLI,10.767,78.717,24.0,,94.15
2004-12-08T16:40:00,43344099999,TIRUCHIRAPPALLI,10.767,78.717,24.0,,94.15
2004-12-08T17:40:00,43344099999,TIRUCHIRAPPALLI,10.767,78.717,24.0,,94.15
2004-12-08T18:00:00,43344099999,TIRUCHIRAPPALLI,10.767,78.717,24.0,1014.4,96.45
2004-12-08T20:40:00,43344099999,TIRUCHIRAPPALLI,10.767,78.717,24.0,,88.6
2004-12-08T21:00:00,43344099999,TIRUCHIRAPPALLI,10.767,78.717,23.6,1012.6,91.31
2004-12-08T23:40:00,43344099999,TIRUCHIRAPPALLI,10.767,78.717,23.0,,94.11
2004-12-09T00:00:00,43344099999,TIRUCHIRAPPALLI,10.767,78.717,23.2,1012.8,91.29
2004-12-09T02:40:00,43344099999,TIRUCHIRAPPALLI,10.767,78.717,25.0,,83.45
2004-12-09T03:00:00,43344099999,TIRUCHIRAPPALLI,10.767,78.717,25.0,1014.9,84.99
2004-12-09T04:40:00,43344099999,TIRUCHIRAPPALLI,10.767,78.717,27.0,,69.74
2004-12-09T05:40:00,43344099999,TIRUCHIRAPPALLI,10.767,78.717,28.0,,65.77
2004-12-09T06:00:00,43344099999,TIRUCHIRAPPALLI,10.767,78.717,28.0,1014.8,70.35
2004-12-09T06:40:00,43344099999,TIRUCHIRAPPALLI,10.767,78.717,29.0,,65.98
2004-12-09T07:40:00,43344099999,TIRUCHIRAPPALLI,10.767,78.717,29.0,,65.98
2004-12-09T08:40:00,43344099999,TIRUCHIRAPPALLI,10.767,78.717,30.0,,62.28
2004-12-09T09:00:00,43344099999,TIRUCHIRAPPALLI,10.767,78.717,30.0,1011.1,60.04
2004-12-09T09:40:00,43344099999,TIRUCHIRAPPALLI,10.767,78.717,30.0,,62.28
2004-12-09T10:40:00,43344099999,TIRUCHIRAPPALLI,10.767,78.717,30.0,,62.28
2004-12-09T12:00:00,43344099999,TIRUCHIRAPPALLI,10.767,78.717,28.8,1010.6,60.13
2004-12-09T13:40:00,43344099999,TIRUCHIRAPPALLI,10.767,78.717,26.0,,78.64
2004-12-09T14:40:00,43344099999,TIRUCHIRAPPALLI,10.767,78.717,25.0,,88.68
2004-12-09T15:00:00,43344099999,TIRUCHIRAPPALLI,10.767,78.717,25.0,1013.0,83.45
2004-12-09T16:40:00,43344099999,TIRUCHIRAPPALLI,10.767,78.717,24.0,,94.15
2004-12-09T18:00:00,43344099999,TIRUCHIRAPPALLI,10.767,78.717,23.6,1013.5,92.99
2004-12-09T21:00:00,43344099999,TIRUCHIRAPPALLI,10.767,78.717,22.6,1012.4,91.25
2004-12-09T21:40:00,43344099999,TIRUCHIRAPPALLI,10.767,78.717,23.0,,88.52
2004-12-09T22:40:00,43344099999,TIRUCHIRAPPALLI,10.767,78.717,22.0,,94.06
2004-12-09T23:40:00,43344099999,TIRUCHIRAPPALLI,10.767,78.717,22.0,,94.06
2004-12-10T00:00:00,43344099999,TIRUCHIRAPPALLI,10.767,78.717,22.0,1012.6,91.21
2004-12-10T01:40:00,43344099999,TIRUCHIRAPPALLI,10.767,78.717,23.0,,83.22
2004-12-10T03:00:00,43344099999,TIRUCHIRAPPALLI,10.767,78.717,24.8,1014.9,80.42
2004-12-10T04:40:00,43344099999,TIRUCHIRAPPALLI,10.767,78.717,27.0,,65.56
2004-12-10T05:40:00,43344099999,TIRUCHIRAPPALLI,10.767,78.717,28.0,,61.84
2004-12-10T06:00:00,43344099999,TIRUCHIRAPPALLI,10.767,78.717,28.4,1014.3,57.49
2004-12-10T07:40:00,43344099999,TIRUCHIRAPPALLI,10.767,78.717,30.0,,55.08
2004-12-10T12:00:00,43344099999,TIRUCHIRAPPALLI,10.767,78.717,29.0,1011.4,51.83
2004-12-10T13:40:00,43344099999,TIRUCHIRAPPALLI,10.767,78.717,27.0,,69.74
2004-12-10T15:00:00,43344099999,TIRUCHIRAPPALLI,10.767,78.717,24.5,1014.0,79.4
2004-12-10T16:40:00,43344099999,TIRUCHIRAPPALLI,10.767,78.717,24.0,,83.34
2004-12-10T18:00:00,43344099999,TIRUCHIRAPPALLI,10.767,78.717,23.0,1015.5,89.61
2004-12-10T21:00:00,43344099999,TIRUCHIRAPPALLI,10.767,78.717,23.0,1014.1,89.61
2004-12-10T23:40:00,43344099999,TIRUCHIRAPPALLI,10.767,78.717,21.0,,94.02
2004-12-11T00:00:00,43344099999,TIRUCHIRAPPALLI,10.767,78.717,21.0,1012.8,94.6
2004-12-11T01:40:00,43344099999,TIRUCHIRAPPALLI,10.767,78.717,22.0,,88.44
2004-12-11T02:40:00,43344099999,TIRUCHIRAPPALLI,10.767,78.717,24.0,,78.35
2004-12-11T03:00:00,43344099999,TIRUCHIRAPPALLI,10.767,78.717,24.6,1015.2,78.44
2004-12-11T05:40:00,43344099999,TIRUCHIRAPPALLI,10.767,78.717,29.0,,58.35
2004-12-11T06:00:00,43344099999,TIRUCHIRAPPALLI,10.767,78.717,29.0,1014.2,56.57
2004-12-11T06:40:00,43344099999,TIRUCHIRAPPALLI,10.767,78.717,30.0,,58.58
2004-12-11T07:40:00,43344099999,TIRUCHIRAPPALLI,10.767,78.717,30.0,,51.76
2004-12-11T08:40:00,43344099999,TIRUCHIRAPPALLI,10.767,78.717,30.0,,51.76
2004-12-11T09:00:00,43344099999,TIRUCHIRAPPALLI,10.767,78.717,30.2,1011.1,55.13
2004-12-11T11:40:00,43344099999,TIRUCHIRAPPALLI,10.767,78.717,28.0,,65.77
2004-12-11T12:00:00,43344099999,TIRUCHIRAPPALLI,10.767,78.717,28.4,1011.6,62.31
2004-12-11T12:40:00,43344099999,TIRUCHIRAPPALLI,10.767,78.717,27.0,,65.56
2004-12-11T13:40:00,43344099999,TIRUCHIRAPPALLI,10.767,78.717,26.0,,69.55
2004-12-11T15:00:00,43344099999,TIRUCHIRAPPALLI,10.767,78.717,25.0,1014.8,78.98
2004-12-11T16:40:00,43344099999,TIRUCHIRAPPALLI,10.767,78.717,24.0,,83.34
2004-12-11T18:00:00,43344099999,TIRUCHIRAPPALLI,10.767,78.717,23.6,1015.6,92.99
2004-12-11T18:40:00,43344099999,TIRUCHIRAPPALLI,10.767,78.717,23.0,,94.11
2004-12-11T20:40:00,43344099999,TIRUCHIRAPPALLI,10.767,78.717,23.0,,94.11
2004-12-11T21:00:00,43344099999,TIRUCHIRAPPALLI,10.767,78.717,21.8,1013.3,94.63
2004-12-11T22:40:00,43344099999,TIRUCHIRAPPALLI,10.77,78.72,21.0,,94.02
2004-12-11T23:40:00,43344099999,TIRUCHIRAPPALLI,10.77,78.72,21.0,,94.02
2004-12-12T00:00:00,43344099999,TIRUCHIRAPPALLI,10.77,78.72,21.4,1013.7,94.62
2004-12-12T01:40:00,43344099999,TIRUCHIRAPPALLI,10.77,78.72,22.0,,94.06
2004-12-12T02:40:00,43344099999,TIRUCHIRAPPALLI,10.77,78.72,24.0,,83.34
2004-12-12T03:00:00,43344099999,TIRUCHIRAPPALLI,10.77,78.72,24.0,1016.7,84.89
2004-12-12T03:40:00,43344099999,TIRUCHIRAPPALLI,10.77,78.72,25.0,,78.5
2004-12-12T04:40:00,43344099999,TIRUCHIRAPPALLI,10.77,78.72,27.0,,69.74
2004-12-12T05:40:00,43344099999,TIRUCHIRAPPALLI,10.77,78.72,28.0,,65.77
2004-12-12T06:00:00,43344099999,TIRUCHIRAPPALLI,10.77,78.72,29.0,1014.9,57.99
2004-12-12T06:40:00,43344099999,TIRUCHIRAPPALLI,10.77,78.72,30.0,,55.08
2004-12-12T07:40:00,43344099999,TIRUCHIRAPPALLI,10.77,78.72,30.0,,55.08
2004-12-12T08:40:00,43344099999,TIRUCHIRAPPALLI,10.77,78.72,29.0,,62.06
2004-12-12T09:00:00,43344099999,TIRUCHIRAPPALLI,10.77,78.72,29.4,1012.0,58.08
2004-12-12T09:40:00,43344099999,TIRUCHIRAPPALLI,10.77,78.72,29.0,,62.06
2004-12-12T10:40:00,43344099999,TIRUCHIRAPPALLI,10.77,78.72,29.0,,62.06
2004-12-12T11:40:00,43344099999,TIRUCHIRAPPALLI,10.77,78.72,28.0,,65.77
2004-12-12T12:00:00,43344099999,TIRUCHIRAPPALLI,10.77,78.72,28.0,1012.0,60.7
2004-12-12T12:40:00,43344099999,TIRUCHIRAPPALLI,10.77,78.72,28.0,,65.77
2004-12-12T13:40:00,43344099999,TIRUCHIRAPPALLI,10.77,78.72,27.0,,69.74
2004-12-12T14:40:00,43344099999,TIRUCHIRAPPALLI,10.77,78.72,26.0,,73.97
2004-12-12T15:00:00,43344099999,TIRUCHIRAPPALLI,10.77,78.72,26.0,1014.5,79.12
2004-12-12T18:00:00,43344099999,TIRUCHIRAPPALLI,10.77,78.72,25.0,1015.4,84.99
2004-12-12T20:40:00,43344099999,TIRUCHIRAPPALLI,10.77,78.72,24.0,,88.6
2004-12-12T21:00:00,43344099999,TIRUCHIRAPPALLI,10.77,78.72,24.4,1013.5,88.09
2004-12-13T00:00:00,43344099999,TIRUCHIRAPPALLI,10.767,78.717,23.4,1013.1,94.7
2004-12-13T02:40:00,43344099999,TIRUCHIRAPPALLI,10.767,78.717,25.0,,83.45
2004-12-13T03:00:00,43344099999,TIRUCHIRAPPALLI,10.767,78.717,25.0,1015.6,83.45
2004-12-13T04:40:00,43344099999,TIRUCHIRAPPALLI,10.767,78.717,27.0,,69.74
2004-12-13T05:40:00,43344099999,TIRUCHIRAPPALLI,10.767,78.717,27.0,,74.14
2004-12-13T06:00:00,43344099999,TIRUCHIRAPPALLI,10.767,78.717,27.2,1014.7,69.77
2004-12-13T06:40:00,43344099999,TIRUCHIRAPPALLI,10.767,78.717,28.0,,69.92
2004-12-13T07:40:00,43344099999,TIRUCHIRAPPALLI,10.767,78.717,28.0,,65.77
2004-12-13T09:00:00,43344099999,TIRUCHIRAPPALLI,10.767,78.717,28.6,1011.4,65.09
2004-12-13T09:40:00,43344099999,TIRUCHIRAPPALLI,10.767,78.717,28.0,,74.3
2004-12-13T10:40:00,43344099999,TIRUCHIRAPPALLI,10.767,78.717,28.0,,74.3
2004-12-13T11:40:00,43344099999,TIRUCHIRAPPALLI,10.767,78.717,29.0,,70.11
2004-12-13T12:00:00,43344099999,TIRUCHIRAPPALLI,10.767,78.717,26.6,1011.5,73.62
2004-12-13T12:40:00,43344099999,TIRUCHIRAPPALLI,10.767,78.717,27.0,,78.78
2004-12-13T15:00:00,43344099999,TIRUCHIRAPPALLI,10.767,78.717,25.4,1013.0,83.5
2004-12-13T15:40:00,43344099999,TIRUCHIRAPPALLI,10.767,78.717,25.0,,88.68
2004-12-13T18:00:00,43344099999,TIRUCHIRAPPALLI,10.767,78.717,25.4,1013.2,80.5
2004-12-13T20:40:00,43344099999,TIRUCHIRAPPALLI,10.767,78.717,25.0,,83.45
2004-12-13T21:00:00,43344099999,TIRUCHIRAPPALLI,10.767,78.717,24.6,1011.2,86.52
2004-12-14T00:00:00,43344099999,TIRUCHIRAPPALLI,10.767,78.717,23.6,1011.2,91.31
2004-12-14T00:40:00,43344099999,TIRUCHIRAPPALLI,10.767,78.717,24.0,,88.6
2004-12-14T01:40:00,43344099999,TIRUCHIRAPPALLI,10.767,78.717,23.0,,94.11
2004-12-14T02:40:00,43344099999,TIRUCHIRAPPALLI,10.767,78.717,24.0,,88.6
2004-12-14T03:00:00,43344099999,TIRUCHIRAPPALLI,10.767,78.717,23.8,1013.5,89.67
2004-12-14T03:40:00,43344099999,TIRUCHIRAPPALLI,10.767,78.717,25.0,,78.5
2004-12-14T04:40:00,43344099999,TIRUCHIRAPPALLI,10.767,78.717,26.0,,73.97
2004-12-14T06:00:00,43344099999,TIRUCHIRAPPALLI,10.767,78.717,26.0,1012.5,76.27
2004-12-14T06:40:00,43344099999,TIRUCHIRAPPALLI,10.767,78.717,27.0,,69.74
2004-12-14T07:40:00,43344099999,TIRUCHIRAPPALLI,10.767,78.717,28.0,,69.92
2004-12-14T08:40:00,43344099999,TIRUCHIRAPPALLI,10.767,78.717,28.0,,69.92
2004-12-14T09:00:00,43344099999,TIRUCHIRAPPALLI,10.767,78.717,26.8,1009.9,75.01
2004-12-14T09:40:00,43344099999,TIRUCHIRAPPALLI,10.767,78.717,27.0,,74.14
2004-12-14T12:00:00,43344099999,TIRUCHIRAPPALLI,10.767,78.717,25.0,1010.1,93.07
2004-12-14T12:40:00,43344099999,TIRUCHIRAPPALLI,10.767,78.717,25.0,,94.19
2004-12-14T14:40:00,43344099999,TIRUCHIRAPPALLI,10.767,78.717,24.0,,94.15
2004-12-14T15:00:00,43344099999,TIRUCHIRAPPALLI,10.767,78.717,24.6,1012.5,88.11
2004-12-14T18:00:00,43344099999,TIRUCHIRAPPALLI,10.767,78.717,24.0,1012.4,94.72
2004-12-14T20:40:00,43344099999,TIRUCHIRAPPALLI,10.767,78.717,24.0,,88.6
2004-12-14T21:00:00,43344099999,TIRUCHIRAPPALLI,10.767,78.717,23.6,1010.9,92.99
2004-12-14T21:40:00,43344099999,TIRUCHIRAPPALLI,10.767,78.717,24.0,,88.6
2004-12-14T22:40:00,43344099999,TIRUCHIRAPPALLI,10.767,78.717,23.0,,88.52
2004-12-14T23:40:00,43344099999,TIRUCHIRAPPALLI,10.767,78.717,23.0,,88.52
2004-12-15T00:00:00,43344099999,TIRUCHIRAPPALLI,10.767,78.717,22.8,1010.8,85.82
2004-12-15T00:40:00,43344099999,TIRUCHIRAPPALLI,10.767,78.717,22.0,,94.06
2004-12-15T01:40:00,43344099999,TIRUCHIRAPPALLI,10.767,78.717,23.0,,83.22
2004-12-15T02:40:00,43344099999,TIRUCHIRAPPALLI,10.767,78.717,24.0,,78.35
2004-12-15T03:00:00,43344099999,TIRUCHIRAPPALLI,10.767,78.717,25.2,1012.3,72.93
2004-12-15T03:40:00,43344099999,TIRUCHIRAPPALLI,10.767,78.717,26.0,,69.55
2004-12-15T04:40:00,43344099999,TIRUCHIRAPPALLI,10.767,78.717,27.0,,65.56
2004-12-15T05:40:00,43344099999,TIRUCHIRAPPALLI,10.767,78.717,28.0,,61.84
2004-12-15T06:00:00,43344099999,TIRUCHIRAPPALLI,10.767,78.717,28.6,1012.1,53.71
2004-12-15T06:40:00,43344099999,TIRUCHIRAPPALLI,10.767,78.717,29.0,,54.83
2004-12-15T07:40:00,43344099999,TIRUCHIRAPPALLI,10.767,78.717,29.0,,54.83
2004-12-15T08:40:00,43344099999,TIRUCHIRAPPALLI,10.767,78.717,30.0,,48.62
2004-12-15T09:00:00,43344099999,TIRUCHIRAPPALLI,10.767,78.717,29.4,1009.1,46.36
2004-12-15T09:40:00,43344099999,TIRUCHIRAPPALLI,10.767,78.717,30.0,,48.62
2004-12-15T11:40:00,43344099999,TIRUCHIRAPPALLI,10.767,78.717,29.0,,54.83
2004-12-15T12:00:00,43344099999,TIRUCHIRAPPALLI,10.767,78.717,27.6,1009.8,56.58
2004-12-15T13:40:00,43344099999,TIRUCHIRAPPALLI,10.767,78.717,25.0,,73.8
2004-12-15T15:00:00,43344099999,TIRUCHIRAPPALLI,10.767,78.717,23.4,1012.7,77.78
2004-12-15T16:40:00,43344099999,TIRUCHIRAPPALLI,10.767,78.717,23.0,,83.22
2004-12-15T18:00:00,43344099999,TIRUCHIRAPPALLI,10.767,78.717,23.0,1012.7,85.84
2004-12-15T18:40:00,43344099999,TIRUCHIRAPPALLI,10.767,78.717,23.0,,83.22
2004-12-15T21:00:00,43344099999,TIRUCHIRAPPALLI,10.767,78.717,21.2,1011.1,90.6
2004-12-15T23:40:00,43344099999,TIRUCHIRAPPALLI,10.767,78.717,21.0,,94.02
2004-12-16T00:00:00,43344099999,TIRUCHIRAPPALLI,10.767,78.717,21.0,1011.7,92.86
2004-12-16T01:40:00,43344099999,TIRUCHIRAPPALLI,10.767,78.717,22.0,,83.11
2004-12-16T02:40:00,43344099999,TIRUCHIRAPPALLI,10.767,78.717,23.0,,83.22
2004-12-16T03:00:00,43344099999,TIRUCHIRAPPALLI,10.767,78.717,22.4,1014.3,84.19
2004-12-16T03:40:00,43344099999,TIRUCHIRAPPALLI,10.767,78.717,24.0,,78.35
2004-12-16T05:40:00,43344099999,TIRUCHIRAPPALLI,10.767,78.717,27.0,,65.56
2004-12-16T06:00:00,43344099999,TIRUCHIRAPPALLI,10.767,78.717,28.0,1013.5,54.58
2004-12-16T06:40:00,43344099999,TIRUCHIRAPPALLI,10.767,78.717,28.0,,58.11
2004-12-16T07:40:00,43344099999,TIRUCHIRAPPALLI,10.767,78.717,29.0,,
2004-12-16T08:40:00,43344099999,TIRUCHIRAPPALLI,10.767,78.717,30.0,,51.76
2004-12-16T09:00:00,43344099999,TIRUCHIRAPPALLI,10.767,78.717,29.6,1011.0,48.82
2004-12-16T10:40:00,43344099999,TIRUCHIRAPPALLI,10.767,78.717,29.0,,54.83
2004-12-16T11:40:00,43344099999,TIRUCHIRAPPALLI,10.767,78.717,29.0,,58.35
2004-12-16T12:00:00,43344099999,TIRUCHIRAPPALLI,10.767,78.717,28.6,1010.6,50.12
2004-12-16T12:40:00,43344099999,TIRUCHIRAPPALLI,10.767,78.717,27.0,,65.56
2004-12-16T15:00:00,43344099999,TIRUCHIRAPPALLI,10.767,78.717,24.6,1013.5,75.59
2004-12-16T15:40:00,43344099999,TIRUCHIRAPPALLI,10.767,78.717,24.0,,78.35
2004-12-16T17:40:00,43344099999,TIRUCHIRAPPALLI,10.767,78.717,23.0,,88.52
2004-12-16T18:00:00,43344099999,TIRUCHIRAPPALLI,10.767,78.717,22.8,1014.0,91.26
2004-12-16T21:00:00,43344099999,TIRUCHIRAPPALLI,10.767,78.717,21.4,1012.9,92.88
2004-12-16T21:40:00,43344099999,TIRUCHIRAPPALLI,10.767,78.717,21.0,,94.02
2004-12-16T22:40:00,43344099999,TIRUCHIRAPPALLI,10.767,78.717,21.0,,94.02
2004-12-16T23:40:00,43344099999,TIRUCHIRAPPALLI,10.767,78.717,21.0,,94.02
2004-12-17T00:00:00,43344099999,TIRUCHIRAPPALLI,10.767,78.717,20.4,1013.2,94.58
2004-12-17T00:40:00,43344099999,TIRUCHIRAPPALLI,10.767,78.717,21.0,,88.35
2004-12-17T01:40:00,43344099999,TIRUCHIRAPPALLI,10.767,78.717,22.0,,78.06
2004-12-17T02:40:00,43344099999,TIRUCHIRAPPALLI,10.767,78.717,23.0,,78.21
2004-12-17T03:00:00,43344099999,TIRUCHIRAPPALLI,10.767,78.717,23.6,1016.2,79.77
2004-12-17T05:40:00,43344099999,TIRUCHIRAPPALLI,10.767,78.717,27.0,,57.87
2004-12-17T06:00:00,43344099999,TIRUCHIRAPPALLI,10.767,78.717,28.0,1015.7,54.58
2004-12-17T06:40:00,43344099999,TIRUCHIRAPPALLI,10.767,78.717,28.0,,54.58
2004-12-17T09:00:00,43344099999,TIRUCHIRAPPALLI,10.767,78.717,29.6,1012.3,33.15
2004-12-17T09:40:00,43344099999,TIRUCHIRAPPALLI,10.767,78.717,30.0,,48.62
2004-12-17T10:40:00,43344099999,TIRUCHIRAPPALLI,10.767,78.717,29.0,,51.5
2004-12-17T11:40:00,43344099999,TIRUCHIRAPPALLI,10.767,78.717,28.0,,54.58
2004-12-17T12:00:00,43344099999,TIRUCHIRAPPALLI,10.767,78.717,28.0,1012.0,51.9
2004-12-17T13:40:00,43344099999,TIRUCHIRAPPALLI,10.767,78.717,26.0,,65.36
2004-12-17T14:40:00,43344099999,TIRUCHIRAPPALLI,10.767,78.717,25.0,,78.5
2004-12-17T15:00:00,43344099999,TIRUCHIRAPPALLI,10.767,78.717,24.0,1014.9,75.02
2004-12-17T16:40:00,43344099999,TIRUCHIRAPPALLI,10.767,78.717,23.0,,88.52
2004-12-17T18:00:00,43344099999,TIRUCHIRAPPALLI,10.767,78.717,21.4,1015.1,90.61
2004-12-17T21:00:00,43344099999,TIRUCHIRAPPALLI,10.767,78.717,20.6,1013.8,92.26
2004-12-17T23:40:00,43344099999,TIRUCHIRAPPALLI,10.767,78.717,19.0,,93.93
2004-12-18T00:00:00,43344099999,TIRUCHIRAPPALLI,10.767,78.717,19.4,1013.7,90.47
2004-12-18T00:40:00,43344099999,TIRUCHIRAPPALLI,10.767,78.717,19.0,,93.93
2004-12-18T01:40:00,43344099999,TIRUCHIRAPPALLI,10.767,78.717,20.0,,88.27
2004-12-18T02:40:00,43344099999,TIRUCHIRAPPALLI,10.767,78.717,22.0,,78.06
2004-12-18T03:00:00,43344099999,TIRUCHIRAPPALLI,10.767,78.717,21.8,1015.9,84.13
2004-12-18T05:40:00,43344099999,TIRUCHIRAPPALLI,10.767,78.717,28.0,,58.11
2004-12-18T06:00:00,43344099999,TIRUCHIRAPPALLI,10.767,78.717,28.0,1014.5,50.6
2004-12-18T06:40:00,43344099999,TIRUCHIRAPPALLI,10.767,78.717,29.0,,51.5
2004-12-18T07:40:00,43344099999,TIRUCHIRAPPALLI,10.767,78.717,29.0,,51.5
2004-12-18T08:40:00,43344099999,TIRUCHIRAPPALLI,10.767,78.717,30.0,,48.62
2004-12-18T09:00:00,43344099999,TIRUCHIRAPPALLI,10.767,78.717,29.2,1011.4,40.21
2004-12-18T10:40:00,43344099999,TIRUCHIRAPPALLI,10.767,78.717,29.0,,42.56
2004-12-18T11:40:00,43344099999,TIRUCHIRAPPALLI,10.767,78.717,28.0,,48.09
2004-12-18T12:00:00,43344099999,TIRUCHIRAPPALLI,10.767,78.717,27.8,1011.3,45.63
2004-12-18T12:40:00,43344099999,TIRUCHIRAPPALLI,10.767,78.717,27.0,,50.99
2004-12-18T13:40:00,43344099999,TIRUCHIRAPPALLI,10.767,78.717,27.0,,50.99
2004-12-18T14:40:00,43344099999,TIRUCHIRAPPALLI,10.767,78.717,25.0,,69.36
2004-12-18T15:00:00,43344099999,TIRUCHIRAPPALLI,10.767,78.717,23.4,1013.8,74.92
2004-12-18T17:40:00,43344099999,TIRUCHIRAPPALLI,10.767,78.717,22.0,,88.44
2004-12-18T18:00:00,43344099999,TIRUCHIRAPPALLI,10.767,78.717,21.8,1013.6,87.33
2004-12-18T21:00:00,43344099999,TIRUCHIRAPPALLI,10.767,78.717,21.6,1012.3,88.95
2004-12-18T21:40:00,43344099999,TIRUCHIRAPPALLI,10.77,78.72,22.0,,88.44
2004-12-18T22:40:00,43344099999,TIRUCHIRAPPALLI,10.77,78.72,21.0,,46.19
2004-12-19T00:00:00,43344099999,TIRUCHIRAPPALLI,10.77,78.72,20.4,1011.6,96.36
2004-12-19T03:00:00,43344099999,TIRUCHIRAPPALLI,10.77,78.72,21.8,1013.8,88.97
2004-12-19T03:40:00,43344099999,TIRUCHIRAPPALLI,10.77,78.72,23.0,,78.21
2004-12-19T05:40:00,43344099999,TIRUCHIRAPPALLI,10.77,78.72,28.0,,54.58
2004-12-19T06:00:00,43344099999,TIRUCHIRAPPALLI,10.77,78.72,27.6,1012.3,45.29
2004-12-19T06:40:00,43344099999,TIRUCHIRAPPALLI,10.77,78.72,28.0,,48.09
2004-12-19T07:40:00,43344099999,TIRUCHIRAPPALLI,10.77,78.72,29.0,,45.37
2004-12-19T09:00:00,43344099999,TIRUCHIRAPPALLI,10.77,78.72,29.6,1009.7,46.41
2004-12-19T09:40:00,43344099999,TIRUCHIRAPPALLI,10.77,78.72,30.0,,48.62
2004-12-19T11:40:00,43344099999,TIRUCHIRAPPALLI,10.77,78.72,29.0,,51.5
2004-12-19T12:00:00,43344099999,TIRUCHIRAPPALLI,10.77,78.72,28.0,1009.4,42.28
2004-12-19T12:40:00,43344099999,TIRUCHIRAPPALLI,10.77,78.72,27.0,,61.61
2004-12-19T14:40:00,43344099999,TIRUCHIRAPPALLI,10.77,78.72,25.0,,69.36
2004-12-19T15:00:00,43344099999,TIRUCHIRAPPALLI,10.77,78.72,24.0,1011.8,72.27
2004-12-19T15:40:00,43344099999,TIRUCHIRAPPALLI,10.77,78.72,24.0,,73.63
2004-12-19T18:00:00,43344099999,TIRUCHIRAPPALLI,10.77,78.72,22.2,1011.7,85.76
2004-12-19T18:40:00,43344099999,TIRUCHIRAPPALLI,10.77,78.72,22.0,,88.44
2004-12-19T20:40:00,43344099999,TIRUCHIRAPPALLI,10.77,78.72,21.0,,88.35
2004-12-19T21:00:00,43344099999,TIRUCHIRAPPALLI,10.77,78.72,20.8,1010.1,94.59
2004-12-19T21:40:00,43344099999,TIRUCHIRAPPALLI,10.77,78.72,21.0,,94.02
2004-12-19T22:40:00,43344099999,TIRUCHIRAPPALLI,10.77,78.72,20.0,,93.97
2004-12-19T23:40:00,43344099999,TIRUCHIRAPPALLI,10.77,78.72,20.0,,93.97
2004-12-20T00:00:00,43344099999,TIRUCHIRAPPALLI,10.767,78.717,20.0,1010.5,96.35
2004-12-20T01:40:00,43344099999,TIRUCHIRAPPALLI,10.767,78.717,21.0,,88.35
2004-12-20T02:40:00,43344099999,TIRUCHIRAPPALLI,10.767,78.717,22.0,,83.11
2004-12-20T03:00:00,43344099999,TIRUCHIRAPPALLI,10.767,78.717,22.8,1012.8,84.24
2004-12-20T05:40:00,43344099999,TIRUCHIRAPPALLI,10.767,78.717,26.0,,69.55
2004-12-20T06:00:00,43344099999,TIRUCHIRAPPALLI,10.767,78.717,28.0,1011.6,51.9
2004-12-20T07:40:00,43344099999,TIRUCHIRAPPALLI,10.767,78.717,29.0,,48.35
2004-12-20T08:40:00,43344099999,TIRUCHIRAPPALLI,10.767,78.717,30.0,,51.76
2004-12-20T09:00:00,43344099999,TIRUCHIRAPPALLI,10.767,78.717,29.8,1008.9,46.76
2004-12-20T09:40:00,43344099999,TIRUCHIRAPPALLI,10.767,78.717,30.0,,48.62
2004-12-20T10:40:00,43344099999,TIRUCHIRAPPALLI,10.767,78.717,30.0,,51.76
2004-12-20T11:40:00,43344099999,TIRUCHIRAPPALLI,10.767,78.717,28.0,,58.11
2004-12-20T12:00:00,43344099999,TIRUCHIRAPPALLI,10.767,78.717,28.4,1008.7,46.38
2004-12-20T12:40:00,43344099999,TIRUCHIRAPPALLI,10.767,78.717,27.0,,61.61
2004-12-20T13:40:00,43344099999,TIRUCHIRAPPALLI,10.767,78.717,26.0,,65.36
2004-12-20T15:00:00,43344099999,TIRUCHIRAPPALLI,10.767,78.717,24.6,1010.9,71.03
2004-12-20T16:40:00,43344099999,TIRUCHIRAPPALLI,10.767,78.717,23.0,,83.22
2004-12-20T17:40:00,43344099999,TIRUCHIRAPPALLI,10.767,78.717,22.0,,83.11
2004-12-20T18:00:00,43344099999,TIRUCHIRAPPALLI,10.767,78.717,22.4,1011.0,84.19
2004-12-20T20:40:00,43344099999,TIRUCHIRAPPALLI,10.767,78.717,21.0,,94.02
2004-12-20T21:00:00,43344099999,TIRUCHIRAPPALLI,10.767,78.717,20.8,1010.1,94.59
2004-12-20T23:40:00,43344099999,TIRUCHIRAPPALLI,10.767,78.717,20.0,,93.97
2004-12-21T00:00:00,43344099999,TIRUCHIRAPPALLI,10.767,78.717,20.4,1010.7,94.58
2004-12-21T03:00:00,43344099999,TIRUCHIRAPPALLI,10.767,78.717,22.6,1013.0,82.66
2004-12-21T04:40:00,43344099999,TIRUCHIRAPPALLI,10.767,78.717,25.0,,73.8
2004-12-21T06:00:00,43344099999,TIRUCHIRAPPALLI,10.767,78.717,28.0,1011.7,54.58
2004-12-21T06:40:00,43344099999,TIRUCHIRAPPALLI,10.767,78.717,29.0,,58.35
2004-12-21T07:40:00,43344099999,TIRUCHIRAPPALLI,10.767,78.717,29.0,,54.83
2004-12-21T08:40:00,43344099999,TIRUCHIRAPPALLI,10.767,78.717,30.0,,51.76
2004-12-21T09:00:00,43344099999,TIRUCHIRAPPALLI,10.767,78.717,29.8,1008.3,39.86
2004-12-21T09:40:00,43344099999,TIRUCHIRAPPALLI,10.767,78.717,30.0,,42.83
2004-12-21T11:40:00,43344099999,TIRUCHIRAPPALLI,10.767,78.717,28.0,,51.25
2004-12-21T12:00:00,43344099999,TIRUCHIRAPPALLI,10.767,78.717,28.8,1008.4,44.46
2004-12-21T12:40:00,43344099999,TIRUCHIRAPPALLI,10.767,78.717,28.0,,61.84
2004-12-21T14:40:00,43344099999,TIRUCHIRAPPALLI,10.767,78.717,25.0,,69.36
2004-12-21T18:00:00,43344099999,TIRUCHIRAPPALLI,10.767,78.717,22.4,1011.4,87.38
2004-12-21T20:40:00,43344099999,TIRUCHIRAPPALLI,10.767,78.717,22.0,,88.44
2004-12-21T21:00:00,43344099999,TIRUCHIRAPPALLI,10.767,78.717,21.2,1010.0,90.6
2004-12-21T21:40:00,43344099999,TIRUCHIRAPPALLI,10.767,78.717,21.0,,94.02
2004-12-21T23:40:00,43344099999,TIRUCHIRAPPALLI,10.767,78.717,20.0,,93.97
2004-12-22T00:00:00,43344099999,TIRUCHIRAPPALLI,10.767,78.717,20.0,1010.2,96.35
2004-12-22T01:40:00,43344099999,TIRUCHIRAPPALLI,10.767,78.717,21.0,,88.35
2004-12-22T02:40:00,43344099999,TIRUCHIRAPPALLI,10.767,78.717,23.0,,78.21
2004-12-22T03:00:00,43344099999,TIRUCHIRAPPALLI,10.767,78.717,22.4,1012.8,87.38
2004-12-22T03:40:00,43344099999,TIRUCHIRAPPALLI,10.767,78.717,24.0,,78.35
2004-12-22T05:40:00,43344099999,TIRUCHIRAPPALLI,10.767,78.717,28.0,,58.11
2004-12-22T06:00:00,43344099999,TIRUCHIRAPPALLI,10.767,78.717,28.4,1011.8,57.49
2004-12-22T06:40:00,43344099999,TIRUCHIRAPPALLI,10.767,78.717,29.0,,54.83
2004-12-22T07:40:00,43344099999,TIRUCHIRAPPALLI,10.767,78.717,30.0,,51.76
2004-12-22T09:00:00,43344099999,TIRUCHIRAPPALLI,10.767,78.717,30.6,1008.7,38.81
2004-12-22T09:40:00,43344099999,TIRUCHIRAPPALLI,10.767,78.717,31.0,,40.45
2004-12-22T10:40:00,43344099999,TIRUCHIRAPPALLI,10.767,78.717,30.0,,45.64
2004-12-22T11:40:00,43344099999,TIRUCHIRAPPALLI,10.767,78.717,29.0,,48.35
2004-12-22T12:00:00,43344099999,TIRUCHIRAPPALLI,10.767,78.717,29.6,1008.4,43.0
2004-12-22T12:40:00,43344099999,TIRUCHIRAPPALLI,10.767,78.717,29.0,,48.35
2004-12-22T14:40:00,43344099999,TIRUCHIRAPPALLI,10.767,78.717,25.0,,73.8
2004-12-22T15:00:00,43344099999,TIRUCHIRAPPALLI,10.767,78.717,25.4,1011.4,68.57
2004-12-22T16:40:00,43344099999,TIRUCHIRAPPALLI,10.767,78.717,24.0,,78.35
2004-12-22T18:00:00,43344099999,TIRUCHIRAPPALLI,10.767,78.717,23.4,1012.0,88.01
2004-12-22T20:40:00,43344099999,TIRUCHIRAPPALLI,10.767,78.717,22.0,,94.06
2004-12-22T21:00:00,43344099999,TIRUCHIRAPPALLI,10.767,78.717,21.6,1010.4,91.19
2004-12-22T23:40:00,43344099999,TIRUCHIRAPPALLI,10.767,78.717,22.0,,94.06
2004-12-23T00:00:00,43344099999,TIRUCHIRAPPALLI,10.767,78.717,21.6,1010.5,96.39
2004-12-23T01:40:00,43344099999,TIRUCHIRAPPALLI,10.767,78.717,22.0,,88.44
2004-12-23T02:40:00,43344099999,TIRUCHIRAPPALLI,10.767,78.717,23.0,,83.22
2004-12-23T03:00:00,43344099999,TIRUCHIRAPPALLI,10.767,78.717,24.4,1012.3,83.38
2004-12-23T04:40:00,43344099999,TIRUCHIRAPPALLI,10.767,78.717,27.0,,69.74
2004-12-23T05:40:00,43344099999,TIRUCHIRAPPALLI,10.767,78.717,28.0,,61.84
2004-12-23T06:00:00,43344099999,TIRUCHIRAPPALLI,10.767,78.717,28.4,1011.9,56.07
2004-12-23T06:40:00,43344099999,TIRUCHIRAPPALLI,10.767,78.717,29.0,,54.83
2004-12-23T08:40:00,43344099999,TIRUCHIRAPPALLI,10.767,78.717,30.0,,51.76
2004-12-23T09:00:00,43344099999,TIRUCHIRAPPALLI,10.767,78.717,30.4,1008.8,49.65
2004-12-23T11:40:00,43344099999,TIRUCHIRAPPALLI,10.767,78.717,29.0,,62.06
2004-12-23T12:00:00,43344099999,TIRUCHIRAPPALLI,10.767,78.717,29.0,1008.6,45.66
2004-12-23T13:40:00,43344099999,TIRUCHIRAPPALLI,10.767,78.717,27.0,,57.87
2004-12-23T14:40:00,43344099999,TIRUCHIRAPPALLI,10.767,78.717,25.0,,83.45
2004-12-23T15:00:00,43344099999,TIRUCHIRAPPALLI,10.767,78.717,24.8,1011.7,80.42
2004-12-23T15:40:00,43344099999,TIRUCHIRAPPALLI,10.767,78.717,24.0,,88.6
2004-12-23T16:40:00,43344099999,TIRUCHIRAPPALLI,10.767,78.717,24.0,,83.34
2004-12-23T17:40:00,43344099999,TIRUCHIRAPPALLI,10.767,78.717,23.0,,88.52
2004-12-23T18:00:00,43344099999,TIRUCHIRAPPALLI,10.767,78.717,22.6,,
2004-12-23T18:40:00,43344099999,TIRUCHIRAPPALLI,10.767,78.717,22.0,,94.06
2004-12-23T20:40:00,43344099999,TIRUCHIRAPPALLI,10.767,78.717,22.0,,94.06
2004-12-23T21:00:00,43344099999,TIRUCHIRAPPALLI,10.767,78.717,22.0,1011.0,91.21
2004-12-23T21:40:00,43344099999,TIRUCHIRAPPALLI,10.767,78.717,22.0,,94.06
2004-12-23T22:40:00,43344099999,TIRUCHIRAPPALLI,10.767,78.717,22.0,,94.06
2004-12-23T23:40:00,43344099999,TIRUCHIRAPPALLI,10.767,78.717,22.0,,94.06
2004-12-24T00:00:00,43344099999,TIRUCHIRAPPALLI,10.767,78.717,22.2,1011.3,94.65
2004-12-24T00:40:00,43344099999,TIRUCHIRAPPALLI,10.767,78.717,23.0,,94.11
2004-12-24T01:40:00,43344099999,TIRUCHIRAPPALLI,10.767,78.717,24.0,,83.34
2004-12-24T03:00:00,43344099999,TIRUCHIRAPPALLI,10.767,78.717,23.8,1013.3,81.29
2004-12-24T04:40:00,43344099999,TIRUCHIRAPPALLI,10.767,78.717,26.0,,69.55
2004-12-24T06:00:00,43344099999,TIRUCHIRAPPALLI,10.767,78.717,29.4,1012.2,55.62
2004-12-24T06:40:00,43344099999,TIRUCHIRAPPALLI,10.767,78.717,29.0,,62.06
2004-12-24T08:40:00,43344099999,TIRUCHIRAPPALLI,10.767,78.717,30.0,,48.62
2004-12-24T09:00:00,43344099999,TIRUCHIRAPPALLI,10.767,78.717,30.2,1009.8,52.79
2004-12-24T12:00:00,43344099999,TIRUCHIRAPPALLI,10.767,78.717,27.4,1010.5,69.81
2004-12-24T13:40:00,43344099999,TIRUCHIRAPPALLI,10.767,78.717,25.0,,78.5
2004-12-24T14:40:00,43344099999,TIRUCHIRAPPALLI,10.767,78.717,25.0,,78.5
2004-12-24T15:00:00,43344099999,TIRUCHIRAPPALLI,10.767,78.717,25.4,1013.0,81.99
2004-12-24T17:40:00,43344099999,TIRUCHIRAPPALLI,10.767,78.717,25.0,,88.68
2004-12-24T18:00:00,43344099999,TIRUCHIRAPPALLI,10.767,78.717,25.2,1013.3,89.77
2004-12-24T21:00:00,43344099999,TIRUCHIRAPPALLI,10.767,78.717,24.6,1012.1,91.37
2004-12-24T21:40:00,43344099999,TIRUCHIRAPPALLI,10.767,78.717,25.0,,88.68
2004-12-24T23:40:00,43344099999,TIRUCHIRAPPALLI,10.767,78.717,23.0,,94.11
2004-12-25T00:00:00,43344099999,TIRUCHIRAPPALLI,10.767,78.717,23.2,1012.1,92.97
2004-12-25T01:40:00,43344099999,TIRUCHIRAPPALLI,10.767,78.717,23.0,,88.52
2004-12-25T03:00:00,43344099999,TIRUCHIRAPPALLI,10.767,78.717,25.4,1014.6,77.6
2004-12-25T03:40:00,43344099999,TIRUCHIRAPPALLI,10.767,78.717,26.0,,69.55
2004-12-25T04:40:00,43344099999,TIRUCHIRAPPALLI,10.767,78.717,28.0,,65.77
2004-12-25T05:40:00,43344099999,TIRUCHIRAPPALLI,10.767,78.717,28.0,,61.84
2004-12-25T06:00:00,43344099999,TIRUCHIRAPPALLI,10.767,78.717,27.8,,63.34
2004-12-25T06:40:00,43344099999,TIRUCHIRAPPALLI,10.767,78.717,29.0,,54.83
2004-12-25T08:40:00,43344099999,TIRUCHIRAPPALLI,10.767,78.717,31.0,,48.88
2004-12-25T09:00:00,43344099999,TIRUCHIRAPPALLI,10.767,78.717,30.4,1010.9,41.86
2004-12-25T09:40:00,43344099999,TIRUCHIRAPPALLI,10.767,78.717,31.0,,45.91
2004-12-25T10:40:00,43344099999,TIRUCHIRAPPALLI,10.767,78.717,29.0,,62.06
2004-12-25T11:40:00,43344099999,TIRUCHIRAPPALLI,10.767,78.717,28.0,,65.77
2004-12-25T12:00:00,43344099999,TIRUCHIRAPPALLI,10.767,78.717,28.0,1011.0,63.39
2004-12-25T12:40:00,43344099999,TIRUCHIRAPPALLI,10.767,78.717,27.0,,65.56
2004-12-25T15:00:00,43344099999,TIRUCHIRAPPALLI,10.767,78.717,24.0,1012.9,79.82
2004-12-25T18:00:00,43344099999,TIRUCHIRAPPALLI,10.767,78.717,21.8,1013.6,91.2
2004-12-25T20:40:00,43344099999,TIRUCHIRAPPALLI,10.767,78.717,21.0,,94.02
2004-12-25T21:00:00,43344099999,TIRUCHIRAPPALLI,10.767,78.717,20.8,1012.0,92.28
2004-12-25T21:40:00,43344099999,TIRUCHIRAPPALLI,10.767,78.717,21.0,,88.35
2004-12-25T22:40:00,43344099999,TIRUCHIRAPPALLI,10.767,78.717,20.0,,93.97
2004-12-25T23:40:00,43344099999,TIRUCHIRAPPALLI,10.767,78.717,20.0,,93.97
2004-12-26T00:00:00,43344099999,TIRUCHIRAPPALLI,10.77,78.72,20.4,1011.9,87.2
2004-12-26T00:40:00,43344099999,TIRUCHIRAPPALLI,10.77,78.72,22.0,,83.11
2004-12-26T01:40:00,43344099999,TIRUCHIRAPPALLI,10.77,78.72,22.0,,83.11
2004-12-26T02:40:00,43344099999,TIRUCHIRAPPALLI,10.77,78.72,23.0,,78.21
2004-12-26T03:00:00,43344099999,TIRUCHIRAPPALLI,10.77,78.72,22.6,1013.7,74.32
2004-12-26T03:40:00,43344099999,TIRUCHIRAPPALLI,10.77,78.72,24.0,,78.35
2004-12-26T04:40:00,43344099999,TIRUCHIRAPPALLI,10.77,78.72,25.0,,65.15
2004-12-26T05:40:00,43344099999,TIRUCHIRAPPALLI,10.77,78.72,27.0,,54.33
2004-12-26T06:00:00,43344099999,TIRUCHIRAPPALLI,10.77,78.72,27.6,1012.9,52.79
2004-12-26T08:40:00,43344099999,TIRUCHIRAPPALLI,10.77,78.72,30.0,,48.62
2004-12-26T09:00:00,43344099999,TIRUCHIRAPPALLI,10.77,78.72,30.0,1009.6,44.5
2004-12-26T10:40:00,43344099999,TIRUCHIRAPPALLI,10.77,78.72,29.0,,51.5
2004-12-26T12:00:00,43344099999,TIRUCHIRAPPALLI,10.77,78.72,29.4,1009.0,46.36
2004-12-26T12:40:00,43344099999,TIRUCHIRAPPALLI,10.77,78.72,28.0,,58.11
2004-12-26T14:40:00,43344099999,TIRUCHIRAPPALLI,10.77,78.72,25.0,,83.45
2004-12-26T15:00:00,43344099999,TIRUCHIRAPPALLI,10.77,78.72,24.8,1011.5,77.03
2004-12-26T18:00:00,43344099999,TIRUCHIRAPPALLI,10.77,78.72,23.6,1012.3,86.42
2004-12-26T20:40:00,43344099999,TIRUCHIRAPPALLI,10.77,78.72,23.0,,94.11
2004-12-26T21:00:00,43344099999,TIRUCHIRAPPALLI,10.77,78.72,23.0,1010.9,91.27
2004-12-26T22:40:00,43344099999,TIRUCHIRAPPALLI,10.77,78.72,23.0,,94.11
2004-12-26T23:40:00,43344099999,TIRUCHIRAPPALLI,10.77,78.72,24.0,,83.34
2004-12-27T00:00:00,43344099999,TIRUCHIRAPPALLI,10.77,78.72,23.4,1010.6,77.78
2004-12-27T00:40:00,43344099999,TIRUCHIRAPPALLI,10.77,78.72,24.0,,78.35
2004-12-27T01:40:00,43344099999,TIRUCHIRAPPALLI,10.77,78.72,24.0,,78.35
2004-12-27T02:40:00,43344099999,TIRUCHIRAPPALLI,10.77,78.72,24.0,,78.35
2004-12-27T03:00:00,43344099999,TIRUCHIRAPPALLI,10.77,78.72,24.6,1013.1,73.73
2004-12-27T03:40:00,43344099999,TIRUCHIRAPPALLI,10.77,78.72,25.0,,69.36
2004-12-27T04:40:00,43344099999,TIRUCHIRAPPALLI,10.77,78.72,27.0,,65.56
2004-12-27T05:40:00,43344099999,TIRUCHIRAPPALLI,10.77,78.72,27.0,,65.56
2004-12-27T06:00:00,43344099999,TIRUCHIRAPPALLI,10.77,78.72,27.0,1013.1,68.04
2004-12-27T06:40:00,43344099999,TIRUCHIRAPPALLI,10.77,78.72,27.0,,65.56
2004-12-27T07:40:00,43344099999,TIRUCHIRAPPALLI,10.77,78.72,28.0,,65.77
2004-12-27T08:40:00,43344099999,TIRUCHIRAPPALLI,10.77,78.72,28.0,,65.77
2004-12-27T09:00:00,43344099999,TIRUCHIRAPPALLI,10.77,78.72,26.0,1010.4,76.27
2004-12-27T09:40:00,43344099999,TIRUCHIRAPPALLI,10.77,78.72,25.0,,83.45
2004-12-27T10:40:00,43344099999,TIRUCHIRAPPALLI,10.77,78.72,25.0,,83.45
2004-12-27T12:00:00,43344099999,TIRUCHIRAPPALLI,10.77,78.72,25.2,1010.7,86.57
2004-12-27T12:40:00,43344099999,TIRUCHIRAPPALLI,10.77,78.72,25.0,,83.45
2004-12-27T13:40:00,43344099999,TIRUCHIRAPPALLI,10.77,78.72,25.0,,83.45
2004-12-27T14:40:00,43344099999,TIRUCHIRAPPALLI,10.77,78.72,24.0,,88.6
2004-12-27T15:00:00,43344099999,TIRUCHIRAPPALLI,10.77,78.72,24.0,1013.3,91.34
2004-12-27T15:40:00,43344099999,TIRUCHIRAPPALLI,10.77,78.72,24.0,,94.15
2004-12-27T16:40:00,43344099999,TIRUCHIRAPPALLI,10.77,78.72,23.0,,94.11
2004-12-27T17:40:00,43344099999,TIRUCHIRAPPALLI,10.77,78.72,24.0,,94.15
2004-12-27T18:00:00,43344099999,TIRUCHIRAPPALLI,10.77,78.72,24.0,1013.3,91.34
2004-12-27T21:00:00,43344099999,TIRUCHIRAPPALLI,10.77,78.72,23.8,1011.6,88.04
2004-12-27T23:40:00,43344099999,TIRUCHIRAPPALLI,10.767,78.717,23.0,,94.11
2004-12-28T00:00:00,43344099999,TIRUCHIRAPPALLI,10.767,78.717,24.4,1011.8,75.55
2004-12-28T02:40:00,43344099999,TIRUCHIRAPPALLI,10.767,78.717,25.0,,78.5
2004-12-28T03:00:00,43344099999,TIRUCHIRAPPALLI,10.767,78.717,25.0,1014.0,75.65
2004-12-28T04:40:00,43344099999,TIRUCHIRAPPALLI,10.767,78.717,27.0,,65.56
2004-12-28T05:40:00,43344099999,TIRUCHIRAPPALLI,10.767,78.717,27.0,,65.56
2004-12-28T06:00:00,43344099999,TIRUCHIRAPPALLI,10.767,78.717,28.4,1013.5,54.68
2004-12-28T06:40:00,43344099999,TIRUCHIRAPPALLI,10.767,78.717,29.0,,54.83
2004-12-28T07:40:00,43344099999,TIRUCHIRAPPALLI,10.767,78.717,29.0,,54.83
2004-12-28T08:40:00,43344099999,TIRUCHIRAPPALLI,10.767,78.717,29.0,,62.06
2004-12-28T09:00:00,43344099999,TIRUCHIRAPPALLI,10.767,78.717,28.6,1011.3,53.71
2004-12-28T09:40:00,43344099999,TIRUCHIRAPPALLI,10.767,78.717,29.0,,62.06
2004-12-28T10:40:00,43344099999,TIRUCHIRAPPALLI,10.767,78.717,29.0,,62.06
2004-12-28T11:40:00,43344099999,TIRUCHIRAPPALLI,10.767,78.717,28.0,,58.11
2004-12-28T12:00:00,43344099999,TIRUCHIRAPPALLI,10.767,78.717,28.0,1010.8,62.22
2004-12-28T12:40:00,43344099999,TIRUCHIRAPPALLI,10.767,78.717,27.0,,65.56
2004-12-28T13:40:00,43344099999,TIRUCHIRAPPALLI,10.767,78.717,26.0,,73.97
2004-12-28T15:00:00,43344099999,TIRUCHIRAPPALLI,10.767,78.717,24.2,1013.3,76.94
2004-12-28T17:40:00,43344099999,TIRUCHIRAPPALLI,10.767,78.717,23.0,,88.52
2004-12-28T18:00:00,43344099999,TIRUCHIRAPPALLI,10.767,78.717,22.8,1013.5,91.26
2004-12-28T20:40:00,43344099999,TIRUCHIRAPPALLI,10.767,78.717,21.0,,94.02
2004-12-28T21:00:00,43344099999,TIRUCHIRAPPALLI,10.767,78.717,21.0,1013.0,96.37
2004-12-28T22:40:00,43344099999,TIRUCHIRAPPALLI,10.767,78.717,21.0,,94.02
2004-12-28T23:40:00,43344099999,TIRUCHIRAPPALLI,10.767,78.717,21.0,,94.02
2004-12-29T00:00:00,43344099999,TIRUCHIRAPPALLI,10.767,78.717,21.4,1013.1,90.61
2004-12-29T01:40:00,43344099999,TIRUCHIRAPPALLI,10.767,78.717,22.0,,83.11
2004-12-29T02:40:00,43344099999,TIRUCHIRAPPALLI,10.767,78.717,23.0,,83.22
2004-12-29T03:00:00,43344099999,TIRUCHIRAPPALLI,10.767,78.717,24.0,1015.6,81.31
2004-12-29T04:40:00,43344099999,TIRUCHIRAPPALLI,10.767,78.717,27.0,,65.56
2004-12-29T05:40:00,43344099999,TIRUCHIRAPPALLI,10.767,78.717,28.0,,65.77
2004-12-29T06:00:00,43344099999,TIRUCHIRAPPALLI,10.767,78.717,28.0,1014.7,63.39
2004-12-29T06:40:00,43344099999,TIRUCHIRAPPALLI,10.767,78.717,29.0,,62.06
2004-12-29T07:40:00,43344099999,TIRUCHIRAPPALLI,10.767,78.717,29.0,,58.35
2004-12-29T08:40:00,43344099999,TIRUCHIRAPPALLI,10.767,78.717,29.0,,58.35
2004-12-29T09:00:00,43344099999,TIRUCHIRAPPALLI,10.767,78.717,29.8,1011.4,47.96
2004-12-29T12:00:00,43344099999,TIRUCHIRAPPALLI,10.767,78.717,28.0,1010.9,50.6
2004-12-29T15:00:00,43344099999,TIRUCHIRAPPALLI,10.767,78.717,24.4,1013.7,76.97
2004-12-29T15:40:00,43344099999,TIRUCHIRAPPALLI,10.767,78.717,24.0,,78.35
2004-12-29T16:40:00,43344099999,TIRUCHIRAPPALLI,10.767,78.717,24.0,,78.35
2004-12-29T17:40:00,43344099999,TIRUCHIRAPPALLI,10.767,78.717,23.0,,83.22
2004-12-29T18:00:00,43344099999,TIRUCHIRAPPALLI,10.767,78.717,22.4,1013.4,89.57
2004-12-29T18:40:00,43344099999,TIRUCHIRAPPALLI,10.767,78.717,22.0,,94.06
2004-12-29T19:40:00,43344099999,TIRUCHIRAPPALLI,10.767,78.717,22.0,,94.06
2004-12-29T21:00:00,43344099999,TIRUCHIRAPPALLI,10.767,78.717,21.4,1011.9,92.88
2004-12-29T21:40:00,43344099999,TIRUCHIRAPPALLI,10.767,78.717,21.0,,94.02
2004-12-29T23:40:00,43344099999,TIRUCHIRAPPALLI,10.767,78.717,21.0,,94.02
2004-12-30T00:00:00,43344099999,TIRUCHIRAPPALLI,10.767,78.717,21.2,1011.7,92.87
2004-12-30T00:40:00,43344099999,TIRUCHIRAPPALLI,10.767,78.717,21.0,,94.02
2004-12-30T01:40:00,43344099999,TIRUCHIRAPPALLI,10.767,78.717,23.0,,83.22
2004-12-30T02:40:00,43344099999,TIRUCHIRAPPALLI,10.767,78.717,24.0,,83.34
2004-12-30T03:00:00,43344099999,TIRUCHIRAPPALLI,10.767,78.717,23.4,1014.1,75.39
2004-12-30T04:40:00,43344099999,TIRUCHIRAPPALLI,10.767,78.717,27.0,,65.56
2004-12-30T06:00:00,43344099999,TIRUCHIRAPPALLI,10.767,78.717,28.4,1013.6,54.68
2004-12-30T06:40:00,43344099999,TIRUCHIRAPPALLI,10.767,78.717,29.0,,54.83
2004-12-30T07:40:00,43344099999,TIRUCHIRAPPALLI,10.767,78.717,29.0,,54.83
2004-12-30T08:40:00,43344099999,TIRUCHIRAPPALLI,10.767,78.717,29.0,,54.83
2004-12-30T09:00:00,43344099999,TIRUCHIRAPPALLI,10.767,78.717,28.6,1011.2,53.71
2004-12-30T09:40:00,43344099999,TIRUCHIRAPPALLI,10.767,78.717,29.0,,54.83
2004-12-30T10:40:00,43344099999,TIRUCHIRAPPALLI,10.767,78.717,28.0,,58.11
2004-12-30T11:40:00,43344099999,TIRUCHIRAPPALLI,10.767,78.717,28.0,,65.77
2004-12-30T12:00:00,43344099999,TIRUCHIRAPPALLI,10.767,78.717,27.4,1011.2,64.44
2004-12-30T13:40:00,43344099999,TIRUCHIRAPPALLI,10.767,78.717,27.0,,69.74
2004-12-30T14:40:00,43344099999,TIRUCHIRAPPALLI,10.767,78.717,26.0,,73.97
2004-12-30T15:00:00,43344099999,TIRUCHIRAPPALLI,10.767,78.717,25.4,1014.1,77.6
2004-12-30T15:40:00,43344099999,TIRUCHIRAPPALLI,10.767,78.717,25.0,,83.45
2004-12-30T17:40:00,43344099999,TIRUCHIRAPPALLI,10.767,78.717,24.0,,88.6
2004-12-30T18:00:00,43344099999,TIRUCHIRAPPALLI,10.767,78.717,23.8,1014.3,91.32
2004-12-30T20:40:00,43344099999,TIRUCHIRAPPALLI,10.767,78.717,24.0,,83.34
2004-12-30T21:00:00,43344099999,TIRUCHIRAPPALLI,10.767,78.717,23.4,1012.5,88.01
2004-12-30T21:40:00,43344099999,TIRUCHIRAPPALLI,10.767,78.717,23.0,,88.52
2004-12-30T22:40:00,43344099999,TIRUCHIRAPPALLI,10.767,78.717,23.0,,83.22
2004-12-30T23:40:00,43344099999,TIRUCHIRAPPALLI,10.767,78.717,23.0,,88.52
2004-12-31T00:00:00,43344099999,TIRUCHIRAPPALLI,10.767,78.717,22.8,1012.8,82.69
2004-12-31T00:40:00,43344099999,TIRUCHIRAPPALLI,10.767,78.717,23.0,,83.22
2004-12-31T01:40:00,43344099999,TIRUCHIRAPPALLI,10.767,78.717,24.0,,78.35
2004-12-31T02:40:00,43344099999,TIRUCHIRAPPALLI,10.767,78.717,24.0,,78.35
2004-12-31T03:00:00,43344099999,TIRUCHIRAPPALLI,10.767,78.717,24.0,1014.9,78.35
2004-12-31T03:40:00,43344099999,TIRUCHIRAPPALLI,10.767,78.717,24.0,,78.35
2004-12-31T04:40:00,43344099999,TIRUCHIRAPPALLI,10.767,78.717,25.0,,73.8
2004-12-31T06:00:00,43344099999,TIRUCHIRAPPALLI,10.767,78.717,27.6,1014.6,63.3
2004-12-31T06:40:00,43344099999,TIRUCHIRAPPALLI,10.767,78.717,28.0,,65.77
2004-12-31T09:00:00,43344099999,TIRUCHIRAPPALLI,10.767,78.717,30.0,1010.7,56.11
2004-12-31T09:40:00,43344099999,TIRUCHIRAPPALLI,10.767,78.717,30.0,,58.58
2004-12-31T10:40:00,43344099999,TIRUCHIRAPPALLI,10.767,78.717,29.0,,65.98
2004-12-31T12:00:00,43344099999,TIRUCHIRAPPALLI,10.767,78.717,28.0,1010.7,67.41
2004-12-31T14:40:00,43344099999,TIRUCHIRAPPALLI,10.767,78.717,26.0,,78.64
2004-12-31T15:00:00,43344099999,TIRUCHIRAPPALLI,10.767,78.717,25.4,1013.5,75.71
2004-12-31T15:40:00,43344099999,TIRUCHIRAPPALLI,10.767,78.717,25.0,,83.45
2004-12-31T16:40:00,43344099999,TIRUCHIRAPPALLI,10.767,78.717,24.0,,94.15
2004-12-31T18:00:00,43344099999,TIRUCHIRAPPALLI,10.767,78.717,24.0,1014.4,86.46
2004-12-31T20:40:00,43344099999,TIRUCHIRAPPALLI,10.767,78.717,23.0,,88.52
2004-12-31T21:00:00,43344099999,TIRUCHIRAPPALLI,10.767,78.717,23.4,1013.5,88.01
