timestamp,station_id,station_name,latitude,longitude,temperature,pressure,humidity
2025-01-01T00:00:00,43361099999,TONDI,9.733,79.033,24.4,1011.6,86.5
2025-01-01T03:00:00,43361099999,TONDI,9.733,79.033,26.0,1014.0,77.69
2025-01-01T06:00:00,43361099999,TONDI,9.733,79.033,30.0,1013.8,51.44
2025-01-01T09:00:00,43361099999,TONDI,9.733,79.033,30.6,1010.9,49.7
2025-01-01T15:00:00,43361099999,TONDI,9.733,79.033,27.0,1012.9,75.5
2025-01-01T18:00:00,43361099999,TONDI,9.733,79.033,26.0,1013.1,84.07
2025-01-01T21:00:00,43361099999,TONDI,9.733,79.033,25.0,1011.5,88.14
2025-01-02T00:00:00,43361099999,TONDI,9.733,79.033,24.6,1011.5,88.11
2025-01-02T03:00:00,43361099999,TONDI,9.733,79.033,25.8,1014.1,84.05
2025-01-02T06:00:00,43361099999,TONDI,9.733,79.033,30.0,1014.0,60.41
2025-01-02T09:00:00,43361099999,TONDI,9.733,79.033,30.4,1011.3,60.13
2025-01-02T12:00:00,43361099999,TONDI,9.733,79.033,28.2,1011.3,64.21
2025-01-02T15:00:00,43361099999,TONDI,9.733,79.033,26.6,1013.6,67.96
2025-01-02T18:00:00,43361099999,TONDI,9.733,79.033,25.8,1013.4,69.51
2025-01-02T21:00:00,43361099999,TONDI,9.733,79.033,25.0,1012.0,71.55
2025-01-03T00:00:00,43361099999,TONDI,9.733,79.033,24.4,1012.2,76.5
2025-01-03T03:00:00,43361099999,TONDI,9.733,79.033,25.0,1014.8,80.45
2025-01-03T06:00:00,43361099999,TONDI,9.733,79.033,29.4,1014.0,49.7
2025-01-03T09:00:00,43361099999,TONDI,9.733,79.033,29.6,1011.3,64.12
2025-01-03T12:00:00,43361099999,TONDI,9.733,79.033,28.6,1011.3,60.09
2025-01-03T15:00:00,43361099999,TONDI,9.733,79.033,25.2,1013.2,78.05
2025-01-03T18:00:00,43361099999,TONDI,9.733,79.033,24.4,1013.3,78.9
2025-01-04T00:00:00,43361099999,TONDI,9.733,79.033,23.2,1012.0,79.71
2025-01-04T03:00:00,43361099999,TONDI,9.733,79.033,24.8,1014.4,75.62
2025-01-04T06:00:00,43361099999,TONDI,9.733,79.033,29.4,1013.5,47.85
2025-01-04T09:00:00,43361099999,TONDI,9.733,79.033,30.0,1010.3,60.04
2025-01-04T12:00:00,43361099999,TONDI,9.733,79.033,28.2,1010.6,67.44
2025-01-04T15:00:00,43361099999,TONDI,9.733,79.033,27.4,1013.0,74.2
2025-01-04T18:00:00,43361099999,TONDI,9.733,79.033,25.6,1013.2,77.63
2025-01-04T21:00:00,43361099999,TONDI,9.733,79.033,24.0,1012.0,86.46
2025-01-05T00:00:00,43361099999,TONDI,9.733,79.033,23.4,1012.7,88.01
2025-01-05T03:00:00,43361099999,TONDI,9.733,79.033,24.6,1014.3,80.4
2025-01-05T06:00:00,43361099999,TONDI,9.733,79.033,29.6,1013.7,39.8
2025-01-05T12:00:00,43361099999,TONDI,9.733,79.033,28.0,1010.4,69.07
2025-01-05T15:00:00,43361099999,TONDI,9.733,79.033,27.2,1013.4,76.92
2025-01-05T18:00:00,43361099999,TONDI,9.733,79.033,26.4,1013.4,72.24
2025-01-05T21:00:00,43361099999,TONDI,9.733,79.033,25.0,1010.8,78.98
2025-01-06T00:00:00,43361099999,TONDI,9.733,79.033,23.4,1011.1,84.3
2025-01-06T03:00:00,43361099999,TONDI,9.733,79.033,25.0,1014.2,78.98
2025-01-06T06:00:00,43361099999,TONDI,9.733,79.033,30.0,1013.2,43.38
2025-01-06T09:00:00,43361099999,TONDI,9.733,79.033,30.8,1010.7,58.05
2025-01-06T15:00:00,43361099999,TONDI,9.733,79.033,27.2,1012.6,78.33
2025-01-06T18:00:00,43361099999,TONDI,9.733,79.033,26.2,1013.0,76.3
2025-01-06T21:00:00,43361099999,TONDI,9.733,79.033,25.2,1010.6,74.29
2025-01-07T00:00:00,43361099999,TONDI,9.733,79.033,23.8,1010.4,76.88
2025-01-07T03:00:00,43361099999,TONDI,9.733,79.033,26.8,1013.7,78.28
2025-01-07T06:00:00,43361099999,TONDI,9.733,79.033,29.2,1013.0,61.72
2025-01-07T09:00:00,43361099999,TONDI,9.733,79.033,30.2,1010.1,67.84
2025-01-07T18:00:00,43361099999,TONDI,9.733,79.033,26.4,1012.4,80.14
2025-01-08T00:00:00,43361099999,TONDI,9.733,79.033,24.8,1010.0,82.92
2025-01-08T03:00:00,43361099999,TONDI,9.733,79.033,26.2,1013.4,80.12
2025-01-08T06:00:00,43361099999,TONDI,9.733,79.033,28.0,1013.1,62.22
2025-01-08T09:00:00,43361099999,TONDI,9.733,79.033,28.0,1009.9,70.35
2025-01-08T12:00:00,43361099999,TONDI,9.733,79.033,27.4,1010.8,75.57
2025-01-08T15:00:00,43361099999,TONDI,9.733,79.033,26.4,1012.3,69.19
2025-01-08T18:00:00,43361099999,TONDI,9.733,79.033,25.0,1012.4,77.06
2025-01-08T21:00:00,43361099999,TONDI,9.733,79.033,24.0,1010.4,83.34
2025-01-09T03:00:00,43361099999,TONDI,9.733,79.033,25.4,1014.0,75.71
2025-01-09T06:00:00,43361099999,TONDI,9.733,79.033,29.6,1013.1,46.41
2025-01-09T09:00:00,43361099999,TONDI,9.733,79.033,29.6,1010.2,59.58
2025-01-09T12:00:00,43361099999,TONDI,9.733,79.033,28.2,1011.2,70.39
2025-01-09T15:00:00,43361099999,TONDI,9.733,79.033,26.2,1014.5,70.45
2025-01-09T18:00:00,43361099999,TONDI,9.733,79.033,25.2,1014.6,80.47
2025-01-10T00:00:00,43361099999,TONDI,9.733,79.033,24.0,1012.6,83.34
2025-01-10T03:00:00,43361099999,TONDI,9.733,79.033,25.0,1014.7,75.65
2025-01-10T06:00:00,43361099999,TONDI,9.733,79.033,29.0,1014.2,61.68
2025-01-10T09:00:00,43361099999,TONDI,9.733,79.033,29.8,1011.6,68.17
2025-01-10T15:00:00,43361099999,TONDI,9.733,79.033,27.2,1015.0,71.94
2025-01-10T18:00:00,43361099999,TONDI,9.733,79.033,26.2,,72.65
2025-01-10T21:00:00,43361099999,TONDI,9.733,79.033,25.4,1013.7,71.62
2025-01-11T03:00:00,43361099999,TONDI,9.733,79.033,26.4,1014.8,80.14
2025-01-11T09:00:00,43361099999,TONDI,9.733,79.033,29.0,1012.1,65.58
2025-01-11T12:00:00,43361099999,TONDI,9.733,79.033,28.0,1011.7,71.65
2025-01-11T15:00:00,43361099999,TONDI,9.733,79.033,26.6,1014.2,73.62
2025-01-11T18:00:00,43361099999,TONDI,9.733,79.033,25.6,1014.3,79.07
2025-01-11T21:00:00,43361099999,TONDI,9.733,79.033,25.0,1012.1,81.94
2025-01-12T00:00:00,43361099999,TONDI,9.733,79.033,24.8,1012.0,81.91
2025-01-12T03:00:00,43361099999,TONDI,9.733,79.033,24.8,1014.9,75.62
2025-01-12T06:00:00,43361099999,TONDI,9.733,79.033,27.4,1014.3,57.61
2025-01-12T09:00:00,43361099999,TONDI,9.733,79.033,29.4,1010.6,58.08
2025-01-12T15:00:00,43361099999,TONDI,9.733,79.033,26.0,1013.6,80.09
2025-01-12T18:00:00,43361099999,TONDI,9.733,79.033,25.4,1013.7,80.99
2025-01-12T21:00:00,43361099999,TONDI,9.733,79.033,24.8,1011.9,81.91
2025-01-13T00:00:00,43361099999,TONDI,9.733,79.033,24.2,1011.6,79.85
2025-01-13T03:00:00,43361099999,TONDI,9.733,79.033,24.4,1013.4,89.71
2025-01-13T06:00:00,43361099999,TONDI,9.733,79.033,30.0,1012.3,63.81
2025-01-13T09:00:00,43361099999,TONDI,9.733,79.033,30.6,1009.4,69.98
2025-01-13T12:00:00,43361099999,TONDI,9.733,79.033,28.0,1010.2,80.35
2025-01-13T15:00:00,43361099999,TONDI,9.733,79.033,27.4,1012.3,84.22
2025-01-13T18:00:00,43361099999,TONDI,9.733,79.033,26.6,1012.4,86.19
2025-01-14T00:00:00,43361099999,TONDI,9.733,79.033,24.4,1010.8,92.47
2025-01-14T03:00:00,43361099999,TONDI,9.733,79.033,26.8,1013.4,70.13
2025-01-14T06:00:00,43361099999,TONDI,9.733,79.033,28.2,1014.6,67.44
2025-01-14T09:00:00,43361099999,TONDI,9.733,79.033,28.4,1012.3,74.82
2025-01-14T12:00:00,43361099999,TONDI,9.733,79.033,27.4,1012.5,76.95
2025-01-14T15:00:00,43361099999,TONDI,9.733,79.033,27.0,1015.0,78.31
2025-01-14T18:00:00,43361099999,TONDI,9.733,79.033,26.0,1014.6,84.07
2025-01-14T21:00:00,43361099999,TONDI,9.733,79.033,25.0,1011.2,84.99
2025-01-15T00:00:00,43361099999,TONDI,9.733,79.033,24.4,1011.4,86.5
2025-01-15T06:00:00,43361099999,TONDI,9.733,79.033,28.6,1014.4,79.0
2025-01-15T09:00:00,43361099999,TONDI,9.733,79.033,26.4,1011.3,84.12
2025-01-15T12:00:00,43361099999,TONDI,9.733,79.033,27.0,1012.1,73.69
2025-01-15T15:00:00,43361099999,TONDI,9.733,79.033,26.8,1014.5,78.28
2025-01-15T18:00:00,43361099999,TONDI,9.733,79.033,25.6,1013.9,85.05
2025-01-15T21:00:00,43361099999,TONDI,9.733,79.033,24.6,1012.1,88.11
2025-01-16T00:00:00,43361099999,TONDI,9.733,79.033,24.6,1011.9,88.11
2025-01-16T03:00:00,43361099999,TONDI,9.733,79.033,25.4,1014.2,80.5
2025-01-16T06:00:00,43361099999,TONDI,9.733,79.033,29.0,1014.3,60.55
2025-01-16T09:00:00,43361099999,TONDI,9.733,79.033,29.9,1011.8,70.7
2025-01-16T18:00:00,43361099999,TONDI,9.733,79.033,25.5,1015.1,83.51
2025-01-16T21:00:00,43361099999,TONDI,9.733,79.033,23.8,1012.4,91.32
2025-01-17T00:00:00,43361099999,TONDI,9.733,79.033,22.6,1011.8,92.94
2025-01-17T03:00:00,43361099999,TONDI,9.733,79.033,24.2,1013.8,85.43
2025-01-17T06:00:00,43361099999,TONDI,9.733,79.033,29.2,1013.6,63.26
2025-01-17T09:00:00,43361099999,TONDI,9.733,79.033,29.9,1010.2,66.97
2025-01-17T12:00:00,43361099999,TONDI,9.733,79.033,28.2,1009.5,70.39
2025-01-17T15:00:00,43361099999,TONDI,9.733,79.033,26.5,1012.5,72.26
2025-01-17T18:00:00,43361099999,TONDI,9.733,79.033,24.9,1012.6,83.44
2025-01-17T21:00:00,43361099999,TONDI,9.733,79.033,24.8,1010.0,83.43
2025-01-18T00:00:00,43361099999,TONDI,9.733,79.033,24.0,1010.0,84.89
2025-01-18T03:00:00,43361099999,TONDI,9.733,79.033,24.8,1012.3,76.56
2025-01-18T06:00:00,43361099999,TONDI,9.733,79.033,26.7,1012.6,71.41
2025-01-18T09:00:00,43361099999,TONDI,9.733,79.033,26.4,1009.7,72.24
2025-01-18T12:00:00,43361099999,TONDI,9.733,79.033,24.0,1009.9,83.34
2025-01-18T15:00:00,43361099999,TONDI,9.733,79.033,23.0,1012.0,85.84
2025-01-18T18:00:00,43361099999,TONDI,9.733,79.033,23.2,1011.6,86.39
2025-01-18T21:00:00,43361099999,TONDI,9.733,79.033,23.0,1010.2,87.98
2025-01-19T00:00:00,43361099999,TONDI,9.733,79.033,23.0,1010.3,87.98
2025-01-19T03:00:00,43361099999,TONDI,9.733,79.033,23.4,1012.9,84.3
2025-01-19T06:00:00,43361099999,TONDI,9.733,79.033,24.4,1013.1,86.5
2025-01-19T12:00:00,43361099999,TONDI,9.733,79.033,26.7,1010.5,93.7
2025-01-19T15:00:00,43361099999,TONDI,9.733,79.033,25.8,1012.2,94.22
2025-01-19T18:00:00,43361099999,TONDI,9.733,79.033,25.2,1012.5,95.91
2025-01-19T21:00:00,43361099999,TONDI,9.733,79.033,24.9,1010.4,94.75
2025-01-20T03:00:00,43361099999,TONDI,9.733,79.033,24.9,1012.6,92.5
2025-01-20T06:00:00,43361099999,TONDI,9.733,79.033,28.0,1012.1,77.04
2025-01-20T09:00:00,43361099999,TONDI,9.733,79.033,29.4,1009.0,69.76
2025-01-20T12:00:00,43361099999,TONDI,9.733,79.033,27.2,1009.0,72.38
2025-01-20T15:00:00,43361099999,TONDI,9.733,79.033,26.0,1011.7,74.88
2025-01-20T18:00:00,43361099999,TONDI,9.733,79.033,25.0,1011.7,78.98
2025-01-21T03:00:00,43361099999,TONDI,9.733,79.033,25.0,1012.7,77.06
2025-01-21T06:00:00,43361099999,TONDI,9.733,79.033,29.4,1012.3,54.59
2025-01-21T09:00:00,43361099999,TONDI,9.733,79.033,30.6,1008.9,65.9
2025-01-21T15:00:00,43361099999,TONDI,9.733,79.033,26.8,1010.4,76.86
2025-01-21T18:00:00,43361099999,TONDI,9.733,79.033,25.7,1011.5,83.53
2025-01-21T21:00:00,43361099999,TONDI,9.733,79.033,24.7,1009.7,86.53
2025-01-22T00:00:00,43361099999,TONDI,9.733,79.033,24.3,1009.6,89.16
2025-01-22T03:00:00,43361099999,TONDI,9.733,79.033,24.7,1012.0,87.59
2025-01-22T06:00:00,43361099999,TONDI,9.733,79.033,26.2,1012.2,81.1
2025-01-22T09:00:00,43361099999,TONDI,9.733,79.033,28.0,1009.4,80.35
2025-01-22T12:00:00,43361099999,TONDI,9.733,79.033,27.6,1009.1,80.79
2025-01-22T15:00:00,43361099999,TONDI,9.733,79.033,26.6,1011.1,79.69
2025-01-22T18:00:00,43361099999,TONDI,9.733,79.033,25.8,1012.2,87.15
2025-01-22T21:00:00,43361099999,TONDI,9.733,79.033,24.2,1010.3,95.88
2025-01-23T03:00:00,43361099999,TONDI,9.733,79.033,24.5,1012.2,93.04
2025-01-23T09:00:00,43361099999,TONDI,9.733,79.033,19.0,1009.5,
2025-01-23T12:00:00,43361099999,TONDI,9.733,79.033,27.6,1009.4,79.82
2025-01-23T15:00:00,43361099999,TONDI,9.733,79.033,27.0,1011.4,79.74
2025-01-23T18:00:00,43361099999,TONDI,9.733,79.033,26.4,1011.2,81.12
2025-01-24T00:00:00,43361099999,TONDI,9.733,79.033,23.4,1009.2,88.01
2025-01-24T03:00:00,43361099999,TONDI,9.733,79.033,24.8,1011.7,80.42
2025-01-24T06:00:00,43361099999,TONDI,9.733,79.033,30.0,1012.6,53.73
2025-01-24T09:00:00,43361099999,TONDI,9.733,79.033,30.0,1010.0,60.04
2025-01-24T12:00:00,43361099999,TONDI,9.733,79.033,27.0,1009.5,69.74
2025-01-24T15:00:00,43361099999,TONDI,9.733,79.033,27.0,1011.4,73.69
2025-01-24T18:00:00,43361099999,TONDI,9.733,79.033,25.6,1011.9,80.53
2025-01-24T21:00:00,43361099999,TONDI,9.733,79.033,25.0,1009.9,81.94
2025-01-25T00:00:00,43361099999,TONDI,9.733,79.033,24.8,1010.1,83.43
2025-01-25T03:00:00,43361099999,TONDI,9.733,79.033,24.6,1012.2,83.41
2025-01-25T06:00:00,43361099999,TONDI,9.733,79.033,28.0,1012.1,63.39
2025-01-25T09:00:00,43361099999,TONDI,9.733,79.033,29.8,1009.7,71.11
2025-01-25T12:00:00,43361099999,TONDI,9.733,79.033,28.2,1009.3,73.89
2025-01-25T15:00:00,43361099999,TONDI,9.733,79.033,26.6,1011.6,76.37
2025-01-25T18:00:00,43361099999,TONDI,9.733,79.033,25.3,1012.2,81.97
2025-01-25T21:00:00,43361099999,TONDI,9.733,79.033,23.8,1010.6,91.32
2025-01-26T00:00:00,43361099999,TONDI,9.733,79.033,23.0,1010.5,90.16
2025-01-26T03:00:00,43361099999,TONDI,9.733,79.033,24.6,1012.2,80.4
2025-01-26T06:00:00,43361099999,TONDI,9.733,79.033,28.9,1012.3,63.58
2025-01-26T15:00:00,43361099999,TONDI,9.733,79.033,26.1,1011.1,69.57
2025-01-26T18:00:00,43361099999,TONDI,9.733,79.033,23.8,1011.4,84.87
2025-01-26T21:00:00,43361099999,TONDI,9.733,79.033,22.3,1010.1,97.0
2025-01-27T03:00:00,43361099999,TONDI,9.733,79.033,22.6,1011.9,91.25
2025-01-27T06:00:00,43361099999,TONDI,9.733,79.033,28.7,1012.7,65.92
2025-01-27T09:00:00,43361099999,TONDI,9.733,79.033,30.0,1009.5,60.04
2025-01-27T12:00:00,43361099999,TONDI,9.733,79.033,28.0,1008.6,71.65
2025-01-27T15:00:00,43361099999,TONDI,9.733,79.033,27.0,1011.1,76.89
2025-01-27T21:00:00,43361099999,TONDI,9.733,79.033,24.2,1009.6,88.08
2025-01-28T00:00:00,43361099999,TONDI,9.733,79.033,23.4,1009.4,88.01
2025-01-28T03:00:00,43361099999,TONDI,9.733,79.033,24.2,1012.3,81.34
2025-01-28T09:00:00,43361099999,TONDI,9.733,79.033,29.4,1010.2,50.96
2025-01-28T12:00:00,43361099999,TONDI,9.733,79.033,28.0,1009.9,67.41
2025-01-28T15:00:00,43361099999,TONDI,9.733,79.033,27.6,1012.3,61.75
2025-01-28T18:00:00,43361099999,TONDI,9.733,79.033,27.0,1013.1,76.89
2025-01-28T21:00:00,43361099999,TONDI,9.733,79.033,25.6,1011.8,82.01
2025-01-29T00:00:00,43361099999,TONDI,9.733,79.033,24.0,1011.0,86.46
2025-01-29T03:00:00,43361099999,TONDI,9.733,79.033,24.2,1012.9,81.34
2025-01-29T06:00:00,43361099999,TONDI,9.733,79.033,27.4,1013.2,61.7
2025-01-29T09:00:00,43361099999,TONDI,9.733,79.033,29.3,1010.4,67.66
2025-01-29T15:00:00,43361099999,TONDI,9.733,79.033,26.8,1011.8,81.17
2025-01-29T18:00:00,43361099999,TONDI,9.733,79.033,25.6,1012.4,80.04
2025-01-29T21:00:00,43361099999,TONDI,9.733,79.033,25.0,1010.8,84.48
2025-01-30T00:00:00,43361099999,TONDI,9.733,79.033,24.8,1010.6,84.97
2025-01-30T03:00:00,43361099999,TONDI,9.733,79.033,25.3,1012.7,80.49
2025-01-30T06:00:00,43361099999,TONDI,9.733,79.033,29.1,1012.7,68.86
2025-01-30T09:00:00,43361099999,TONDI,9.733,79.033,29.8,1009.1,67.35
2025-01-30T12:00:00,43361099999,TONDI,9.733,79.033,28.4,1008.7,74.82
2025-01-30T18:00:00,43361099999,TONDI,9.733,79.033,26.8,1011.2,87.24
2025-01-31T00:00:00,43361099999,TONDI,9.733,79.033,25.0,1009.3,91.4
2025-01-31T03:00:00,43361099999,TONDI,9.733,79.033,26.0,1012.5,93.67
2025-01-31T06:00:00,43361099999,TONDI,9.733,79.033,30.8,1012.1,71.71
2025-01-31T09:00:00,43361099999,TONDI,9.733,79.033,30.6,1009.4,71.68
2025-01-31T12:00:00,43361099999,TONDI,9.733,79.033,28.0,1008.7,81.81
2025-01-31T15:00:00,43361099999,TONDI,9.733,79.033,28.0,1010.7,85.81
2025-01-31T18:00:00,43361099999,TONDI,9.733,79.033,27.4,1011.5,85.75
2025-01-31T21:00:00,43361099999,TONDI,9.733,79.033,27.0,1009.8,87.26
2025-02-01T00:00:00,43361099999,TONDI,9.733,79.033,26.2,1010.3,87.19
2025-02-01T03:00:00,43361099999,TONDI,9.733,79.033,27.0,1012.7,82.68
2025-02-01T06:00:00,43361099999,TONDI,9.733,79.033,31.4,1012.9,62.21
2025-02-01T09:00:00,43361099999,TONDI,9.733,79.033,31.0,1009.8,69.23
2025-02-01T12:00:00,43361099999,TONDI,9.733,79.033,29.0,1009.5,77.19
2025-02-01T15:00:00,43361099999,TONDI,9.733,79.033,28.2,1012.3,83.31
2025-02-01T18:00:00,43361099999,TONDI,9.733,79.033,27.8,1012.8,82.77
2025-02-01T21:00:00,43361099999,TONDI,9.733,79.033,27.0,1011.4,84.18
2025-02-02T00:00:00,43361099999,TONDI,9.733,79.033,27.0,1011.1,84.18
2025-02-02T03:00:00,43361099999,TONDI,9.733,79.033,27.0,1013.0,82.68
2025-02-02T06:00:00,43361099999,TONDI,9.733,79.033,31.9,1012.6,66.96
2025-02-02T09:00:00,43361099999,TONDI,9.733,79.033,30.9,1009.8,71.3
2025-02-02T12:00:00,43361099999,TONDI,9.733,79.033,28.5,1008.9,78.99
2025-02-02T15:00:00,43361099999,TONDI,9.733,79.033,27.4,1011.2,81.25
2025-02-02T18:00:00,43361099999,TONDI,9.733,79.033,27.0,1012.0,82.68
2025-02-02T21:00:00,43361099999,TONDI,9.733,79.033,26.6,1011.3,82.63
2025-02-03T00:00:00,43361099999,TONDI,9.733,79.033,24.1,1011.4,94.72
2025-02-03T03:00:00,43361099999,TONDI,9.733,79.033,25.7,1013.2,87.67
2025-02-03T06:00:00,43361099999,TONDI,9.733,79.033,30.5,1013.5,68.31
2025-02-03T09:00:00,43361099999,TONDI,9.733,79.033,31.0,1010.6,63.64
2025-02-03T12:00:00,43361099999,TONDI,9.733,79.033,28.2,1010.7,73.0
2025-02-03T18:00:00,43361099999,TONDI,9.733,79.033,26.3,1013.2,80.13
2025-02-03T21:00:00,43361099999,TONDI,9.733,79.033,24.1,1011.9,89.15
2025-02-04T00:00:00,43361099999,TONDI,9.733,79.033,22.5,1012.2,95.24
2025-02-04T03:00:00,43361099999,TONDI,9.733,79.033,24.3,1014.3,89.16
2025-02-04T06:00:00,43361099999,TONDI,9.733,79.033,30.2,1013.9,57.56
2025-02-04T09:00:00,43361099999,TONDI,9.733,79.033,30.2,1010.7,60.08
2025-02-04T12:00:00,43361099999,TONDI,9.733,79.033,28.6,1010.1,70.46
2025-02-04T15:00:00,43361099999,TONDI,9.733,79.033,27.6,1011.9,78.39
2025-02-04T18:00:00,43361099999,TONDI,9.733,79.033,27.0,1012.6,79.74
2025-02-04T21:00:00,43361099999,TONDI,9.733,79.033,25.0,1011.0,86.56
2025-02-05T00:00:00,43361099999,TONDI,9.733,79.033,24.0,1011.1,88.06
2025-02-05T03:00:00,43361099999,TONDI,9.733,79.033,25.2,1013.5,81.96
2025-02-05T06:00:00,43361099999,TONDI,9.733,79.033,31.6,1013.0,49.65
2025-02-05T09:00:00,43361099999,TONDI,9.733,79.033,31.6,1009.5,48.43
2025-02-05T12:00:00,43361099999,TONDI,9.733,79.033,29.0,1009.0,72.26
2025-02-05T15:00:00,43361099999,TONDI,9.733,79.033,28.0,1010.9,77.04
2025-02-05T18:00:00,43361099999,TONDI,9.733,79.033,27.4,1011.7,79.79
2025-02-05T21:00:00,43361099999,TONDI,9.733,79.033,25.0,1010.3,88.14
2025-02-06T00:00:00,43361099999,TONDI,9.733,79.033,24.0,1010.5,88.06
2025-02-06T03:00:00,43361099999,TONDI,9.733,79.033,25.4,1012.6,85.03
2025-02-06T09:00:00,43361099999,TONDI,9.733,79.033,31.5,1009.8,61.11
2025-02-06T12:00:00,43361099999,TONDI,9.733,79.033,29.2,1009.3,68.47
2025-02-06T15:00:00,43361099999,TONDI,9.733,79.033,27.9,1011.4,80.82
2025-02-06T18:00:00,43361099999,TONDI,9.733,79.033,26.8,1011.9,81.17
2025-02-06T21:00:00,43361099999,TONDI,9.733,79.033,24.4,1010.7,91.36
2025-02-07T00:00:00,43361099999,TONDI,9.733,79.033,23.4,1011.6,94.12
2025-02-07T03:00:00,43361099999,TONDI,9.733,79.033,25.7,1014.2,83.03
2025-02-07T06:00:00,43361099999,TONDI,9.733,79.033,31.8,1014.7,59.36
2025-02-07T09:00:00,43361099999,TONDI,9.733,79.033,31.8,1011.7,62.67
2025-02-07T12:00:00,43361099999,TONDI,9.733,79.033,28.3,1011.1,73.9
2025-02-07T15:00:00,43361099999,TONDI,9.733,79.033,27.2,1012.7,74.17
2025-02-07T18:00:00,43361099999,TONDI,9.733,79.033,26.5,1013.4,78.23
2025-02-08T00:00:00,43361099999,TONDI,9.733,79.033,22.8,1011.6,91.82
2025-02-08T06:00:00,43361099999,TONDI,9.733,79.033,31.2,1014.5,57.44
2025-02-08T09:00:00,43361099999,TONDI,9.733,79.033,31.4,1011.0,62.21
2025-02-08T12:00:00,43361099999,TONDI,9.733,79.033,29.0,1010.6,72.26
2025-02-08T15:00:00,43361099999,TONDI,9.733,79.033,28.0,1012.8,75.66
2025-02-08T18:00:00,43361099999,TONDI,9.733,79.033,27.2,1012.8,78.33
2025-02-09T00:00:00,43361099999,TONDI,9.733,79.033,25.2,1011.6,82.97
2025-02-09T03:00:00,43361099999,TONDI,9.733,79.033,26.0,1013.6,80.09
2025-02-09T09:00:00,43361099999,TONDI,9.733,79.033,31.4,1010.1,64.5
2025-02-09T12:00:00,43361099999,TONDI,9.733,79.033,29.2,1009.7,74.5
2025-02-09T15:00:00,43361099999,TONDI,9.733,79.033,27.9,1011.8,76.57
2025-02-09T18:00:00,43361099999,TONDI,9.733,79.033,26.2,1013.3,80.12
2025-02-10T00:00:00,43361099999,TONDI,9.733,79.033,23.8,1012.2,91.32
2025-02-10T03:00:00,43361099999,TONDI,9.733,79.033,25.7,1014.3,81.53
2025-02-10T06:00:00,43361099999,TONDI,9.733,79.033,31.4,1014.4,56.45
2025-02-10T12:00:00,43361099999,TONDI,9.733,79.033,29.0,1010.0,69.69
2025-02-10T15:00:00,43361099999,TONDI,9.733,79.033,28.2,1012.9,78.95
2025-02-10T18:00:00,43361099999,TONDI,9.733,79.033,27.6,1014.2,72.9
2025-02-11T00:00:00,43361099999,TONDI,9.733,79.033,24.0,1013.0,88.06
2025-02-11T03:00:00,43361099999,TONDI,9.733,79.033,25.4,1015.2,75.71
2025-02-11T06:00:00,43361099999,TONDI,9.733,79.033,31.0,1014.8,53.65
2025-02-11T15:00:00,43361099999,TONDI,9.733,79.033,27.7,1012.8,83.75
2025-02-12T00:00:00,43361099999,TONDI,9.733,79.033,24.3,1012.1,94.73
2025-02-12T03:00:00,43361099999,TONDI,9.733,79.033,26.6,1014.3,81.15
2025-02-12T06:00:00,43361099999,TONDI,9.733,79.033,32.0,1014.9,64.62
2025-02-12T09:00:00,43361099999,TONDI,9.733,79.033,32.4,1011.6,59.85
2025-02-12T12:00:00,43361099999,TONDI,9.733,79.033,29.4,1010.8,77.71
2025-02-12T15:00:00,43361099999,TONDI,9.733,79.033,27.8,1013.0,81.3
2025-02-12T18:00:00,43361099999,TONDI,9.733,79.033,27.4,1013.6,82.23
2025-02-12T21:00:00,43361099999,TONDI,9.733,79.033,26.6,1012.0,84.65
2025-02-13T00:00:00,43361099999,TONDI,9.733,79.033,24.6,1012.0,94.17
2025-02-13T06:00:00,43361099999,TONDI,9.733,79.033,32.6,1014.7,49.6
2025-02-13T09:00:00,43361099999,TONDI,9.733,79.033,31.8,1011.7,60.81
2025-02-13T12:00:00,43361099999,TONDI,9.733,79.033,29.0,1011.0,70.11
2025-02-13T15:00:00,43361099999,TONDI,9.733,79.033,27.3,1012.6,74.64
2025-02-13T18:00:00,43361099999,TONDI,9.733,79.033,26.6,1013.5,79.69
2025-02-13T21:00:00,43361099999,TONDI,9.733,79.033,25.7,1011.4,83.03
2025-02-14T00:00:00,43361099999,TONDI,9.733,79.033,22.6,1011.9,92.94
2025-02-14T03:00:00,43361099999,TONDI,9.733,79.033,25.2,1014.7,80.47
2025-02-14T06:00:00,43361099999,TONDI,9.733,79.033,33.3,1014.7,54.87
2025-02-14T09:00:00,43361099999,TONDI,9.733,79.033,32.0,1011.5,58.69
2025-02-14T15:00:00,43361099999,TONDI,9.733,79.033,27.2,1012.2,75.54
2025-02-14T18:00:00,43361099999,TONDI,9.733,79.033,26.5,1012.4,79.67
2025-02-14T21:00:00,43361099999,TONDI,9.733,79.033,25.8,1010.7,84.05
2025-02-15T00:00:00,43361099999,TONDI,9.733,79.033,23.3,1011.3,90.18
2025-02-15T03:00:00,43361099999,TONDI,9.733,79.033,24.8,1014.1,84.45
2025-02-15T09:00:00,43361099999,TONDI,9.733,79.033,31.8,1009.6,52.22
2025-02-15T12:00:00,43361099999,TONDI,9.733,79.033,27.8,1009.2,71.61
2025-02-15T15:00:00,43361099999,TONDI,9.733,79.033,27.4,1011.1,69.81
2025-02-15T18:00:00,43361099999,TONDI,9.733,79.033,26.6,1011.4,70.96
2025-02-15T21:00:00,43361099999,TONDI,9.733,79.033,26.0,1010.0,69.98
2025-02-16T00:00:00,43361099999,TONDI,9.733,79.033,24.6,1010.4,73.28
2025-02-16T03:00:00,43361099999,TONDI,9.733,79.033,26.0,1013.6,70.41
2025-02-16T06:00:00,43361099999,TONDI,9.733,79.033,31.0,1013.1,53.65
2025-02-16T09:00:00,43361099999,TONDI,9.733,79.033,31.6,1010.3,63.39
2025-02-16T12:00:00,43361099999,TONDI,9.733,79.033,28.5,1010.1,70.02
2025-02-16T15:00:00,43361099999,TONDI,9.733,79.033,27.2,1012.4,76.92
2025-02-16T18:00:00,43361099999,TONDI,9.733,79.033,26.8,1013.6,75.93
2025-02-16T21:00:00,43361099999,TONDI,9.733,79.033,26.4,1012.6,76.34
2025-02-17T00:00:00,43361099999,TONDI,9.733,79.033,24.3,1013.2,87.55
2025-02-17T03:00:00,43361099999,TONDI,9.733,79.033,25.9,1015.1,76.73
2025-02-17T06:00:00,43361099999,TONDI,9.733,79.033,32.5,1015.1,56.02
2025-02-17T09:00:00,43361099999,TONDI,9.733,79.033,32.6,1011.8,48.39
2025-02-17T12:00:00,43361099999,TONDI,9.733,79.033,29.4,1011.2,62.15
2025-02-17T15:00:00,43361099999,TONDI,9.733,79.033,27.8,1013.4,71.61
2025-02-17T18:00:00,43361099999,TONDI,9.733,79.033,27.2,1014.2,73.27
2025-02-17T21:00:00,43361099999,TONDI,9.733,79.033,26.6,1013.0,74.98
2025-02-18T00:00:00,43361099999,TONDI,9.733,79.033,24.6,1013.4,81.39
2025-02-18T03:00:00,43361099999,TONDI,9.733,79.033,25.6,1015.4,73.9
2025-02-18T06:00:00,43361099999,TONDI,9.733,79.033,32.8,1015.5,47.55
2025-02-18T09:00:00,43361099999,TONDI,9.733,79.033,31.8,1012.2,61.92
2025-02-18T15:00:00,43361099999,TONDI,9.733,79.033,27.8,1013.5,72.93
2025-02-18T18:00:00,43361099999,TONDI,9.733,79.033,27.2,1013.5,76.92
2025-02-18T21:00:00,43361099999,TONDI,9.733,79.033,26.5,1010.9,78.71
2025-02-19T00:00:00,43361099999,TONDI,9.733,79.033,23.7,1011.1,90.76
2025-02-19T03:00:00,43361099999,TONDI,9.733,79.033,25.1,1013.5,82.96
2025-02-19T06:00:00,43361099999,TONDI,9.733,79.033,34.0,1013.4,56.05
2025-02-19T09:00:00,43361099999,TONDI,9.733,79.033,32.0,1009.9,61.59
2025-02-19T15:00:00,43361099999,TONDI,9.733,79.033,28.0,1011.2,74.3
2025-02-19T18:00:00,43361099999,TONDI,9.733,79.033,27.4,1011.5,75.57
2025-02-19T21:00:00,43361099999,TONDI,9.733,79.033,26.6,1009.2,77.77
2025-02-20T00:00:00,43361099999,TONDI,9.733,79.033,23.8,1009.4,88.58
2025-02-20T03:00:00,43361099999,TONDI,9.733,79.033,26.8,1013.8,75.93
2025-02-20T06:00:00,43361099999,TONDI,9.733,79.033,33.0,1013.8,47.61
2025-02-20T09:00:00,43361099999,TONDI,9.733,79.033,33.0,1010.7,57.52
2025-02-20T12:00:00,43361099999,TONDI,9.733,79.033,29.8,1010.7,68.17
2025-02-20T18:00:00,43361099999,TONDI,9.733,79.033,27.2,1013.6,78.33
2025-02-20T21:00:00,43361099999,TONDI,9.733,79.033,26.2,1011.8,82.58
2025-02-21T00:00:00,43361099999,TONDI,9.733,79.033,24.6,1012.6,87.05
2025-02-21T03:00:00,43361099999,TONDI,9.733,79.033,27.6,1015.1,75.6
2025-02-21T06:00:00,43361099999,TONDI,9.733,79.033,32.0,1014.6,52.27
2025-02-21T09:00:00,43361099999,TONDI,9.733,79.033,32.0,1012.1,54.56
2025-02-21T12:00:00,43361099999,TONDI,9.733,79.033,29.4,1011.5,69.76
2025-02-21T15:00:00,43361099999,TONDI,9.733,79.033,28.0,1013.7,75.66
2025-02-21T18:00:00,43361099999,TONDI,9.733,79.033,27.4,1014.2,78.36
2025-02-21T21:00:00,43361099999,TONDI,9.733,79.033,26.4,1013.0,81.12
2025-02-22T00:00:00,43361099999,TONDI,9.733,79.033,25.2,1012.7,83.48
2025-02-22T06:00:00,43361099999,TONDI,9.733,79.033,33.4,1015.3,51.35
2025-02-22T09:00:00,43361099999,TONDI,9.733,79.033,32.2,1012.4,60.53
2025-02-22T18:00:00,43361099999,TONDI,9.733,79.033,27.6,1014.6,79.82
2025-02-22T21:00:00,43361099999,TONDI,9.733,79.033,26.6,1013.4,83.13
2025-02-23T00:00:00,43361099999,TONDI,9.733,79.033,24.8,1013.2,89.2
2025-02-23T03:00:00,43361099999,TONDI,9.733,79.033,27.4,1015.4,79.79
2025-02-23T09:00:00,43361099999,TONDI,9.733,79.033,32.1,1011.9,61.62
2025-02-23T12:00:00,43361099999,TONDI,9.733,79.033,29.5,1011.4,75.9
2025-02-23T15:00:00,43361099999,TONDI,9.733,79.033,28.2,1013.7,78.95
2025-02-23T21:00:00,43361099999,TONDI,9.733,79.033,27.2,1012.5,82.7
2025-02-24T00:00:00,43361099999,TONDI,9.733,79.033,25.0,1012.5,88.14
2025-02-24T03:00:00,43361099999,TONDI,9.733,79.033,27.8,1015.1,78.42
2025-02-24T06:00:00,43361099999,TONDI,9.733,79.033,32.0,1015.1,60.13
2025-02-24T12:00:00,43361099999,TONDI,9.733,79.033,29.6,1011.6,72.36
2025-02-24T15:00:00,43361099999,TONDI,9.733,79.033,28.0,1014.1,69.07
2025-02-24T18:00:00,43361099999,TONDI,9.733,79.033,27.0,1015.3,75.5
2025-02-24T21:00:00,43361099999,TONDI,9.733,79.033,26.0,1013.0,79.12
2025-02-25T00:00:00,43361099999,TONDI,9.733,79.033,25.0,1013.2,83.45
2025-02-25T03:00:00,43361099999,TONDI,9.733,79.033,26.0,1015.2,82.56
2025-02-25T09:00:00,43361099999,TONDI,9.733,79.033,28.2,1012.9,85.32
2025-02-25T12:00:00,43361099999,TONDI,9.733,79.033,29.6,1012.2,69.8
2025-02-25T15:00:00,43361099999,TONDI,9.733,79.033,28.6,1014.7,69.19
2025-02-25T18:00:00,43361099999,TONDI,9.733,79.033,27.4,1015.7,76.03
2025-02-25T21:00:00,43361099999,TONDI,9.733,79.033,26.2,1013.6,80.12
2025-02-26T00:00:00,43361099999,TONDI,9.733,79.033,25.4,1013.1,83.5
2025-02-26T03:00:00,43361099999,TONDI,9.733,79.033,27.6,1015.1,76.52
2025-02-26T06:00:00,43361099999,TONDI,9.733,79.033,27.0,1015.0,92.07
2025-02-26T09:00:00,43361099999,TONDI,9.733,79.033,31.8,1011.4,69.79
2025-02-26T12:00:00,43361099999,TONDI,9.733,79.033,30.0,1011.3,72.0
2025-02-26T15:00:00,43361099999,TONDI,9.733,79.033,28.6,1013.8,72.19
2025-02-26T18:00:00,43361099999,TONDI,9.73,79.03,27.6,1014.6,75.14
2025-02-26T21:00:00,43361099999,TONDI,9.733,79.033,26.4,1012.8,78.7
2025-02-27T03:00:00,43361099999,TONDI,9.733,79.033,27.8,1014.1,75.63
2025-02-27T09:00:00,43361099999,TONDI,9.733,79.033,33.0,1010.3,63.31
2025-02-27T12:00:00,43361099999,TONDI,9.733,79.033,30.0,1010.1,76.88
2025-02-27T15:00:00,43361099999,TONDI,9.733,79.033,28.6,1012.2,79.0
2025-02-27T18:00:00,43361099999,TONDI,9.733,79.033,27.4,1013.2,81.25
2025-02-27T21:00:00,43361099999,TONDI,9.733,79.033,25.4,1011.6,86.59
2025-02-28T00:00:00,43361099999,TONDI,9.733,79.033,24.4,1010.6,86.5
2025-02-28T03:00:00,43361099999,TONDI,9.733,79.033,26.2,1013.2,81.1
2025-02-28T06:00:00,43361099999,TONDI,9.733,79.033,29.6,1013.1,64.51
2025-02-28T21:00:00,43361099999,TONDI,9.733,79.033,25.6,1010.4,90.34
2025-03-01T00:00:00,43361099999,TONDI,9.733,79.033,25.2,1010.4,93.08
2025-03-01T03:00:00,43361099999,TONDI,9.733,79.033,25.8,1012.2,92.0
2025-03-01T06:00:00,43361099999,TONDI,9.73,79.03,28.6,1012.4,79.0
2025-03-01T09:00:00,43361099999,TONDI,9.733,79.033,31.4,1009.1,72.24
2025-03-01T12:00:00,43361099999,TONDI,9.733,79.033,29.0,1008.8,84.39
2025-03-01T15:00:00,43361099999,TONDI,9.733,79.033,28.8,1011.8,81.91
2025-03-01T21:00:00,43361099999,TONDI,9.733,79.033,27.0,1010.3,86.74
2025-03-02T00:00:00,43361099999,TONDI,9.733,79.033,26.6,1009.2,81.64
2025-03-02T03:00:00,43361099999,TONDI,9.733,79.033,29.0,1011.6,80.01
2025-03-02T06:00:00,43361099999,TONDI,9.733,79.033,32.0,1011.6,66.19
2025-03-02T09:00:00,43361099999,TONDI,9.733,79.033,32.0,1008.6,69.83
2025-03-02T15:00:00,43361099999,TONDI,9.733,79.033,29.4,1010.5,83.45
2025-03-02T18:00:00,43361099999,TONDI,9.733,79.033,29.0,1011.6,84.9
2025-03-02T21:00:00,43361099999,TONDI,9.733,79.033,28.6,1009.8,84.85
2025-03-03T00:00:00,43361099999,TONDI,9.733,79.033,28.0,1010.1,84.79
2025-03-03T03:00:00,43361099999,TONDI,9.733,79.033,28.0,1012.4,81.81
2025-03-03T09:00:00,43361099999,TONDI,9.733,79.033,31.0,1009.1,70.9
2025-03-03T12:00:00,43361099999,TONDI,9.733,79.033,30.0,1008.6,72.87
2025-03-03T15:00:00,43361099999,TONDI,9.733,79.033,28.8,1010.5,81.91
2025-03-03T18:00:00,43361099999,TONDI,9.733,79.033,28.4,1011.2,84.83
2025-03-03T21:00:00,43361099999,TONDI,9.733,79.033,28.0,1009.5,83.29
2025-03-04T00:00:00,43361099999,TONDI,9.733,79.033,26.2,1009.3,88.77
2025-03-04T03:00:00,43361099999,TONDI,9.733,79.033,27.2,1011.8,87.28
2025-03-04T09:00:00,43361099999,TONDI,9.733,79.033,33.0,1010.2,62.18
2025-03-04T12:00:00,43361099999,TONDI,9.733,79.033,30.4,1009.1,67.88
2025-03-04T15:00:00,43361099999,TONDI,9.733,79.033,29.4,1010.6,79.11
2025-03-04T18:00:00,43361099999,TONDI,9.733,79.033,28.6,1011.3,80.43
2025-03-04T21:00:00,43361099999,TONDI,9.733,79.033,28.0,1009.7,84.79
2025-03-05T00:00:00,43361099999,TONDI,9.733,79.033,26.0,1009.7,90.37
2025-03-05T03:00:00,43361099999,TONDI,9.733,79.033,29.0,1012.0,76.27
2025-03-05T06:00:00,43361099999,TONDI,9.733,79.033,31.0,1011.8,72.17
2025-03-05T09:00:00,43361099999,TONDI,9.733,79.033,31.2,1009.1,66.82
2025-03-05T12:00:00,43361099999,TONDI,9.733,79.033,30.4,1008.8,71.64
2025-03-05T15:00:00,43361099999,TONDI,9.733,79.033,29.2,1010.8,74.95
2025-03-05T18:00:00,43361099999,TONDI,9.733,79.033,29.0,1011.6,76.27
2025-03-05T21:00:00,43361099999,TONDI,9.733,79.033,28.8,1010.4,84.87
2025-03-06T00:00:00,43361099999,TONDI,9.733,79.033,27.6,1011.4,85.77
2025-03-06T03:00:00,43361099999,TONDI,9.733,79.033,28.0,1013.3,78.92
2025-03-06T06:00:00,43361099999,TONDI,9.733,79.033,32.0,1012.5,60.13
2025-03-06T09:00:00,43361099999,TONDI,9.733,79.033,31.6,1009.2,61.13
2025-03-06T12:00:00,43361099999,TONDI,9.733,79.033,30.8,1008.5,70.44
2025-03-06T15:00:00,43361099999,TONDI,9.733,79.033,30.0,1010.2,81.09
2025-03-06T18:00:00,43361099999,TONDI,9.733,79.033,29.6,1011.0,75.46
2025-03-06T21:00:00,43361099999,TONDI,9.733,79.033,28.8,1009.2,83.38
2025-03-07T00:00:00,43361099999,TONDI,9.733,79.033,26.6,1009.4,87.23
2025-03-07T06:00:00,43361099999,TONDI,9.733,79.033,32.4,1011.8,50.47
2025-03-07T09:00:00,43361099999,TONDI,9.733,79.033,33.0,1008.6,59.99
2025-03-07T15:00:00,43361099999,TONDI,9.733,79.033,29.6,1009.6,78.21
2025-03-07T18:00:00,43361099999,TONDI,9.733,79.033,29.2,1010.3,79.09
2025-03-07T21:00:00,43361099999,TONDI,9.733,79.033,28.4,1008.6,81.37
2025-03-08T00:00:00,43361099999,TONDI,9.733,79.033,26.0,1009.0,90.37
2025-03-08T03:00:00,43361099999,TONDI,9.733,79.033,29.4,1011.3,75.88
2025-03-08T06:00:00,43361099999,TONDI,9.733,79.033,33.0,1011.0,59.99
2025-03-08T09:00:00,43361099999,TONDI,9.733,79.033,31.2,1007.4,68.44
2025-03-08T12:00:00,43361099999,TONDI,9.733,79.033,30.0,1006.7,74.18
2025-03-08T15:00:00,43361099999,TONDI,9.733,79.033,29.6,1008.7,71.93
2025-03-08T18:00:00,43361099999,TONDI,9.733,79.033,29.4,1009.7,73.64
2025-03-08T21:00:00,43361099999,TONDI,9.733,79.033,26.6,1008.0,84.14
2025-03-09T03:00:00,43361099999,TONDI,9.733,79.033,28.0,1011.4,77.98
2025-03-09T06:00:00,43361099999,TONDI,9.733,79.033,32.0,1011.8,47.94
2025-03-09T09:00:00,43361099999,TONDI,9.733,79.033,32.4,1008.8,51.41
2025-03-09T12:00:00,43361099999,TONDI,9.733,79.033,30.2,1008.5,56.5
2025-03-09T15:00:00,43361099999,TONDI,9.733,79.033,28.6,1011.1,66.7
2025-03-09T18:00:00,43361099999,TONDI,9.733,79.033,28.2,1012.5,73.0
2025-03-09T21:00:00,43361099999,TONDI,9.733,79.033,25.4,1010.5,80.5
2025-03-10T00:00:00,43361099999,TONDI,9.733,79.033,24.4,1010.7,81.86
2025-03-10T03:00:00,43361099999,TONDI,9.733,79.033,28.4,1013.2,65.05
2025-03-10T06:00:00,43361099999,TONDI,9.733,79.033,33.2,1013.2,55.52
2025-03-10T09:00:00,43361099999,TONDI,9.733,79.033,33.0,1009.5,62.18
2025-03-10T12:00:00,43361099999,TONDI,9.733,79.033,31.0,1008.4,72.17
2025-03-10T15:00:00,43361099999,TONDI,9.733,79.033,29.4,1011.1,67.27
2025-03-10T18:00:00,43361099999,TONDI,9.733,79.033,28.4,1011.7,76.18
2025-03-10T21:00:00,43361099999,TONDI,9.733,79.033,26.6,1009.8,88.81
2025-03-11T00:00:00,43361099999,TONDI,9.733,79.033,26.4,1009.7,90.4
2025-03-11T03:00:00,43361099999,TONDI,9.733,79.033,27.0,1011.9,85.71
2025-03-11T09:00:00,43361099999,TONDI,9.733,79.033,28.4,1010.0,81.86
2025-03-11T15:00:00,43361099999,TONDI,9.733,79.033,26.4,1012.7,87.73
2025-03-11T18:00:00,43361099999,TONDI,9.733,79.033,26.2,1013.2,87.72
2025-03-12T00:00:00,43361099999,TONDI,9.733,79.033,25.0,1010.4,88.14
2025-03-12T03:00:00,43361099999,TONDI,9.733,79.033,24.6,1012.6,88.11
2025-03-12T06:00:00,43361099999,TONDI,9.733,79.033,27.0,1012.2,88.31
2025-03-12T09:00:00,43361099999,TONDI,9.733,79.033,30.4,1009.8,67.88
2025-03-12T15:00:00,43361099999,TONDI,9.733,79.033,27.0,1011.6,82.18
2025-03-12T18:00:00,43361099999,TONDI,9.733,79.033,26.6,1012.0,81.64
2025-03-13T00:00:00,43361099999,TONDI,9.733,79.033,25.2,1010.2,80.47
2025-03-13T03:00:00,43361099999,TONDI,9.733,79.033,28.4,1012.1,80.41
2025-03-13T09:00:00,43361099999,TONDI,9.733,79.033,31.4,1009.0,68.48
2025-03-13T15:00:00,43361099999,TONDI,9.733,79.033,29.2,1010.1,74.95
2025-03-13T21:00:00,43361099999,TONDI,9.733,79.033,28.2,1009.3,84.81
2025-03-14T03:00:00,43361099999,TONDI,9.733,79.033,30.2,1012.6,69.07
2025-03-14T06:00:00,43361099999,TONDI,9.733,79.033,33.4,1012.6,63.77
2025-03-14T09:00:00,43361099999,TONDI,9.733,79.033,32.6,1009.6,64.36
2025-03-14T12:00:00,43361099999,TONDI,9.733,79.033,31.0,1008.9,66.78
2025-03-15T03:00:00,43361099999,TONDI,9.733,79.033,30.4,1012.5,71.64
2025-03-15T09:00:00,43361099999,TONDI,9.733,79.033,33.0,1010.2,59.99
2025-03-15T12:00:00,43361099999,TONDI,9.733,79.033,31.0,1009.6,77.94
2025-03-15T15:00:00,43361099999,TONDI,9.733,79.033,29.8,1011.6,78.23
2025-03-15T18:00:00,43361099999,TONDI,9.733,79.033,29.2,1012.4,79.09
2025-03-15T21:00:00,43361099999,TONDI,9.733,79.033,28.4,1010.8,81.86
2025-03-16T00:00:00,43361099999,TONDI,9.733,79.033,28.0,1010.8,83.79
2025-03-16T03:00:00,43361099999,TONDI,9.733,79.033,31.0,1013.4,70.06
2025-03-16T06:00:00,43361099999,TONDI,9.733,79.033,34.4,1013.6,59.59
2025-03-16T09:00:00,43361099999,TONDI,9.733,79.033,34.0,1009.8,63.89
2025-03-16T12:00:00,43361099999,TONDI,9.733,79.033,31.0,1009.2,76.13
2025-03-16T15:00:00,43361099999,TONDI,9.733,79.033,30.0,1011.0,78.26
2025-03-16T18:00:00,43361099999,TONDI,9.733,79.033,29.4,1011.8,80.06
2025-03-16T21:00:00,43361099999,TONDI,9.733,79.033,28.8,1010.2,80.94
2025-03-17T00:00:00,43361099999,TONDI,9.733,79.033,28.2,1010.0,82.82
2025-03-17T03:00:00,43361099999,TONDI,9.733,79.033,29.6,1013.2,83.47
2025-03-17T06:00:00,43361099999,TONDI,9.733,79.033,34.4,1013.0,59.59
2025-03-17T09:00:00,43361099999,TONDI,9.733,79.033,33.6,1009.3,66.12
2025-03-17T18:00:00,43361099999,TONDI,9.733,79.033,30.0,1011.7,82.54
2025-03-17T21:00:00,43361099999,TONDI,9.733,79.033,29.4,1010.4,83.45
2025-03-18T00:00:00,43361099999,TONDI,9.733,79.033,29.0,1009.9,79.06
2025-03-18T03:00:00,43361099999,TONDI,9.733,79.033,31.6,1011.7,67.3
2025-03-18T09:00:00,43361099999,TONDI,9.733,79.033,33.8,1009.8,61.62
2025-03-18T12:00:00,43361099999,TONDI,9.733,79.033,31.4,1009.2,68.48
2025-03-18T15:00:00,43361099999,TONDI,9.733,79.033,30.4,1011.7,81.14
2025-03-18T18:00:00,43361099999,TONDI,9.733,79.033,30.0,1012.7,81.09
2025-03-18T21:00:00,43361099999,TONDI,9.733,79.033,29.6,1011.2,83.47
2025-03-19T00:00:00,43361099999,TONDI,9.733,79.033,29.2,1011.6,80.51
2025-03-19T03:00:00,43361099999,TONDI,9.733,79.033,31.2,1014.0,76.16
2025-03-19T06:00:00,43361099999,TONDI,9.733,79.033,34.0,1014.3,68.57
2025-03-19T09:00:00,43361099999,TONDI,9.733,79.033,35.0,1011.4,60.08
2025-03-19T12:00:00,43361099999,TONDI,9.733,79.033,31.8,1011.2,66.15
2025-03-19T15:00:00,43361099999,TONDI,9.733,79.033,30.6,1012.8,79.75
2025-03-19T18:00:00,43361099999,TONDI,9.733,79.033,30.0,1013.9,80.14
2025-03-19T21:00:00,43361099999,TONDI,9.733,79.033,29.2,1012.4,81.96
2025-03-20T00:00:00,43361099999,TONDI,9.733,79.033,27.6,1013.0,85.77
2025-03-20T03:00:00,43361099999,TONDI,9.733,79.033,31.6,1015.6,67.7
2025-03-20T06:00:00,43361099999,TONDI,9.733,79.033,34.0,1015.6,56.05
2025-03-20T09:00:00,43361099999,TONDI,9.733,79.033,34.8,1012.2,49.86
2025-03-20T12:00:00,43361099999,TONDI,9.733,79.033,32.0,1011.5,65.79
2025-03-20T15:00:00,43361099999,TONDI,9.733,79.033,30.6,1014.0,76.52
2025-03-20T18:00:00,43361099999,TONDI,9.733,79.033,30.2,1015.0,77.37
2025-03-20T21:00:00,43361099999,TONDI,9.733,79.033,29.6,1013.4,79.14
2025-03-21T00:00:00,43361099999,TONDI,9.733,79.033,29.0,1013.6,81.93
2025-03-21T03:00:00,43361099999,TONDI,9.733,79.033,32.0,1015.6,71.92
2025-03-21T06:00:00,43361099999,TONDI,9.733,79.033,34.8,1015.1,55.57
2025-03-21T09:00:00,43361099999,TONDI,9.733,79.033,34.4,1011.7,60.66
2025-03-21T12:00:00,43361099999,TONDI,9.733,79.033,32.0,1011.2,71.08
2025-03-21T15:00:00,43361099999,TONDI,9.733,79.033,30.4,1013.1,78.32
2025-03-21T21:00:00,43361099999,TONDI,9.733,79.033,30.0,1011.6,78.26
2025-03-22T00:00:00,43361099999,TONDI,9.733,79.033,29.4,1012.0,79.11
2025-03-22T03:00:00,43361099999,TONDI,9.733,79.033,32.0,1014.6,71.08
2025-03-22T06:00:00,43361099999,TONDI,9.733,79.033,34.2,1014.6,63.94
2025-03-22T09:00:00,43361099999,TONDI,9.733,79.033,34.4,1011.6,59.59
2025-03-22T12:00:00,43361099999,TONDI,9.733,79.033,32.6,1010.9,71.6
2025-03-22T15:00:00,43361099999,TONDI,9.733,79.033,30.6,1013.2,79.75
2025-03-22T21:00:00,43361099999,TONDI,9.733,79.033,29.4,1011.8,79.11
2025-03-23T00:00:00,43361099999,TONDI,9.733,79.033,29.4,1012.2,77.71
2025-03-23T03:00:00,43361099999,TONDI,9.733,79.033,31.0,1014.1,70.9
2025-03-23T06:00:00,43361099999,TONDI,9.733,79.033,34.6,1014.0,62.16
2025-03-23T09:00:00,43361099999,TONDI,9.733,79.033,34.8,1011.1,61.11
2025-03-23T12:00:00,43361099999,TONDI,9.733,79.033,32.0,1010.8,71.08
2025-03-23T15:00:00,43361099999,TONDI,9.733,79.033,30.6,1013.2,79.75
2025-03-23T18:00:00,43361099999,TONDI,9.733,79.033,30.0,1013.4,81.09
2025-03-23T21:00:00,43361099999,TONDI,9.733,79.033,29.6,1011.4,78.21
2025-03-24T00:00:00,43361099999,TONDI,9.733,79.033,28.0,1011.7,85.81
2025-03-24T03:00:00,43361099999,TONDI,9.733,79.033,29.8,1013.9,78.23
2025-03-24T06:00:00,43361099999,TONDI,9.733,79.033,35.0,1013.1,50.52
2025-03-24T09:00:00,43361099999,TONDI,9.733,79.033,34.0,1009.6,59.5
2025-03-24T12:00:00,43361099999,TONDI,9.733,79.033,31.6,1009.7,72.28
2025-03-24T15:00:00,43361099999,TONDI,9.733,79.033,30.4,1012.1,75.59
2025-03-24T18:00:00,43361099999,TONDI,9.733,79.033,30.0,1011.9,78.26
2025-03-24T21:00:00,43361099999,TONDI,9.733,79.033,28.6,1009.7,80.43
2025-03-25T00:00:00,43361099999,TONDI,9.733,79.033,27.0,1009.3,82.68
2025-03-25T03:00:00,43361099999,TONDI,9.733,79.033,29.4,1011.8,76.34
2025-03-25T09:00:00,43361099999,TONDI,9.733,79.033,33.6,1007.5,51.4
2025-03-25T12:00:00,43361099999,TONDI,9.733,79.033,31.4,1007.2,69.71
2025-03-25T15:00:00,43361099999,TONDI,9.733,79.033,30.0,1009.4,70.29
2025-03-25T18:00:00,43361099999,TONDI,9.733,79.033,29.6,1009.6,71.07
2025-03-25T21:00:00,43361099999,TONDI,9.733,79.033,28.4,1007.6,74.37
2025-03-26T00:00:00,43361099999,TONDI,9.733,79.033,27.0,1008.2,78.78
2025-03-26T03:00:00,43361099999,TONDI,9.733,79.033,28.6,1010.8,76.21
2025-03-26T06:00:00,43361099999,TONDI,9.733,79.033,33.0,1010.3,51.88
2025-03-26T09:00:00,43361099999,TONDI,9.733,79.033,32.4,1007.1,51.41
2025-03-26T12:00:00,43361099999,TONDI,9.733,79.033,31.0,1006.3,59.54
2025-03-26T15:00:00,43361099999,TONDI,9.733,79.033,30.4,1009.0,70.37
2025-03-26T18:00:00,43361099999,TONDI,9.733,79.033,30.0,1009.9,70.29
2025-03-26T21:00:00,43361099999,TONDI,9.733,79.033,27.6,1007.9,84.25
2025-03-27T00:00:00,43361099999,TONDI,9.733,79.033,27.4,1008.5,87.3
2025-03-27T03:00:00,43361099999,TONDI,9.733,79.033,30.6,1010.5,67.92
2025-03-27T06:00:00,43361099999,TONDI,9.733,79.033,33.0,1009.8,51.88
2025-03-27T09:00:00,43361099999,TONDI,9.733,79.033,32.8,1006.3,54.09
2025-03-27T12:00:00,43361099999,TONDI,9.733,79.033,32.0,1005.4,63.85
2025-03-27T15:00:00,43361099999,TONDI,9.733,79.033,31.0,1007.9,74.79
2025-03-27T18:00:00,43361099999,TONDI,9.733,79.033,30.6,1008.6,74.28
2025-03-27T21:00:00,43361099999,TONDI,9.73,79.03,28.5,1006.9,82.85
2025-03-28T00:00:00,43361099999,TONDI,9.73,79.03,28.0,1007.6,88.39
2025-03-28T03:00:00,43361099999,TONDI,9.73,79.03,29.0,1009.5,84.9
2025-03-28T06:00:00,43361099999,TONDI,9.733,79.033,32.4,1009.4,60.58
2025-03-28T09:00:00,43361099999,TONDI,9.733,79.033,32.4,1006.5,65.48
2025-03-28T12:00:00,43361099999,TONDI,9.733,79.033,30.6,1005.7,72.97
2025-03-28T15:00:00,43361099999,TONDI,9.733,79.033,30.2,1007.9,71.61
2025-03-28T18:00:00,43361099999,TONDI,9.733,79.033,28.0,1008.4,78.92
2025-03-28T21:00:00,43361099999,TONDI,9.733,79.033,26.4,1006.5,81.12
2025-03-29T00:00:00,43361099999,TONDI,9.733,79.033,26.0,1006.9,85.61
2025-03-29T03:00:00,43361099999,TONDI,9.733,79.033,30.0,1009.4,76.88
2025-03-29T06:00:00,43361099999,TONDI,9.733,79.033,34.0,1008.7,51.82
2025-03-29T09:00:00,43361099999,TONDI,9.733,79.033,34.4,1005.8,59.59
2025-03-29T12:00:00,43361099999,TONDI,9.733,79.033,31.8,1005.1,68.15
2025-03-29T15:00:00,43361099999,TONDI,9.733,79.033,31.0,1008.0,61.75
2025-03-29T18:00:00,43361099999,TONDI,9.733,79.033,30.0,1008.6,64.59
2025-03-29T21:00:00,43361099999,TONDI,9.733,79.033,29.2,1006.7,66.42
2025-03-30T00:00:00,43361099999,TONDI,9.733,79.033,27.4,1008.4,72.42
2025-03-30T03:00:00,43361099999,TONDI,9.733,79.033,30.4,1010.8,67.88
2025-03-30T09:00:00,43361099999,TONDI,9.733,79.033,33.8,1007.8,51.77
2025-03-30T12:00:00,43361099999,TONDI,9.733,79.033,31.2,1006.8,44.82
2025-03-30T15:00:00,43361099999,TONDI,9.733,79.033,28.4,1009.0,48.81
2025-03-30T18:00:00,43361099999,TONDI,9.733,79.033,29.6,1009.9,72.36
2025-03-30T21:00:00,43361099999,TONDI,9.733,79.033,29.2,1008.1,77.68
2025-03-31T00:00:00,43361099999,TONDI,9.733,79.033,29.2,1008.8,79.09
2025-03-31T03:00:00,43361099999,TONDI,9.733,79.033,30.2,1010.6,70.33
2025-03-31T06:00:00,43361099999,TONDI,9.733,79.033,32.4,1010.4,60.58
2025-03-31T09:00:00,43361099999,TONDI,9.733,79.033,32.0,1007.7,63.85
2025-03-31T12:00:00,43361099999,TONDI,9.733,79.033,30.8,1006.6,65.55
2025-03-31T15:00:00,43361099999,TONDI,9.733,79.033,30.2,1008.8,75.55
2025-03-31T18:00:00,43361099999,TONDI,9.733,79.033,29.6,1009.4,77.28
2025-03-31T21:00:00,43361099999,TONDI,9.733,79.033,28.4,1007.8,81.37
2025-04-01T00:00:00,43361099999,TONDI,9.733,79.033,27.8,1007.6,82.77
2025-04-01T03:00:00,43361099999,TONDI,9.733,79.033,30.4,1010.4,70.37
2025-04-01T06:00:00,43361099999,TONDI,9.733,79.033,33.6,1010.6,60.13
2025-04-01T09:00:00,43361099999,TONDI,9.733,79.033,33.2,1007.2,55.52
2025-04-01T12:00:00,43361099999,TONDI,9.733,79.033,31.4,1006.3,50.53
2025-04-01T15:00:00,43361099999,TONDI,9.733,79.033,30.4,1008.7,74.25
2025-04-01T18:00:00,43361099999,TONDI,9.733,79.033,30.0,1009.2,75.52
2025-04-01T21:00:00,43361099999,TONDI,9.733,79.033,30.0,1008.0,74.18
2025-04-02T00:00:00,43361099999,TONDI,9.733,79.033,29.4,1007.6,73.64
2025-04-02T03:00:00,43361099999,TONDI,9.733,79.033,32.0,1010.6,65.01
2025-04-02T06:00:00,43361099999,TONDI,9.733,79.033,34.4,1010.3,58.54
2025-04-02T09:00:00,43361099999,TONDI,9.733,79.033,34.4,1007.6,59.59
2025-04-02T12:00:00,43361099999,TONDI,9.733,79.033,32.6,1007.4,65.52
2025-04-02T15:00:00,43361099999,TONDI,9.733,79.033,30.8,1010.3,77.92
2025-04-02T21:00:00,43361099999,TONDI,9.733,79.033,29.6,1009.9,82.0
2025-04-03T00:00:00,43361099999,TONDI,9.733,79.033,25.8,1010.2,92.0
2025-04-03T03:00:00,43361099999,TONDI,9.733,79.033,24.8,1013.6,91.39
2025-04-03T06:00:00,43361099999,TONDI,9.733,79.033,27.0,1012.6,90.44
2025-04-03T09:00:00,43361099999,TONDI,9.733,79.033,28.4,1009.7,80.41
2025-04-03T12:00:00,43361099999,TONDI,9.733,79.033,28.8,1009.4,77.63
2025-04-03T15:00:00,43361099999,TONDI,9.733,79.033,29.0,1011.5,77.66
2025-04-03T18:00:00,43361099999,TONDI,9.733,79.033,29.0,1012.3,76.27
2025-04-03T21:00:00,43361099999,TONDI,9.733,79.033,27.6,1011.1,76.98
2025-04-04T00:00:00,43361099999,TONDI,9.733,79.033,27.2,1010.9,84.2
2025-04-04T03:00:00,43361099999,TONDI,9.733,79.033,28.4,1012.9,77.57
2025-04-04T06:00:00,43361099999,TONDI,9.733,79.033,32.4,1012.5,67.86
2025-04-04T09:00:00,43361099999,TONDI,9.733,79.033,32.4,1009.2,65.48
2025-04-04T12:00:00,43361099999,TONDI,9.733,79.033,31.0,1009.1,70.9
2025-04-04T15:00:00,43361099999,TONDI,9.733,79.033,30.0,1011.3,75.52
2025-04-04T18:00:00,43361099999,TONDI,9.733,79.033,30.0,1011.9,75.52
2025-04-04T21:00:00,43361099999,TONDI,9.733,79.033,26.4,1010.3,87.21
2025-04-05T00:00:00,43361099999,TONDI,9.733,79.033,26.2,1009.9,87.19
2025-04-05T03:00:00,43361099999,TONDI,9.733,79.033,30.0,1011.9,85.0
2025-04-05T06:00:00,43361099999,TONDI,9.733,79.033,34.0,1011.7,59.5
2025-04-05T09:00:00,43361099999,TONDI,9.733,79.033,33.0,1008.4,59.99
2025-04-05T12:00:00,43361099999,TONDI,9.733,79.033,31.0,1008.0,70.06
2025-04-05T15:00:00,43361099999,TONDI,9.733,79.033,30.0,1009.6,74.18
2025-04-05T18:00:00,43361099999,TONDI,9.733,79.033,29.6,1010.4,75.46
2025-04-05T21:00:00,43361099999,TONDI,9.733,79.033,29.0,1009.1,76.73
2025-04-06T00:00:00,43361099999,TONDI,9.733,79.033,26.8,1008.2,84.16
2025-04-06T03:00:00,43361099999,TONDI,9.733,79.033,28.0,1010.6,83.79
2025-04-06T06:00:00,43361099999,TONDI,9.733,79.033,33.0,1009.6,62.18
2025-04-06T09:00:00,43361099999,TONDI,9.733,79.033,33.4,1006.6,60.08
2025-04-06T12:00:00,43361099999,TONDI,9.733,79.033,31.8,1005.8,72.31
2025-04-06T15:00:00,43361099999,TONDI,9.733,79.033,31.2,1008.8,77.97
2025-04-06T18:00:00,43361099999,TONDI,9.733,79.033,30.4,1009.6,81.14
2025-04-07T00:00:00,43361099999,TONDI,9.733,79.033,26.4,1008.4,87.73
2025-04-07T03:00:00,43361099999,TONDI,9.733,79.033,27.0,1010.8,82.18
2025-04-07T06:00:00,43361099999,TONDI,9.733,79.033,31.8,1009.8,61.92
2025-04-07T09:00:00,43361099999,TONDI,9.733,79.033,34.0,1006.8,63.89
2025-04-07T12:00:00,43361099999,TONDI,9.733,79.033,32.0,1006.4,71.08
2025-04-07T15:00:00,43361099999,TONDI,9.733,79.033,31.0,1010.0,70.9
2025-04-07T21:00:00,43361099999,TONDI,9.733,79.033,29.4,1008.9,80.54
2025-04-08T00:00:00,43361099999,TONDI,9.733,79.033,28.0,1009.3,84.79
2025-04-08T03:00:00,43361099999,TONDI,9.733,79.033,31.0,1011.6,74.79
2025-04-08T06:00:00,43361099999,TONDI,9.733,79.033,34.4,1011.1,63.23
2025-04-08T09:00:00,43361099999,TONDI,9.733,79.033,33.4,1008.2,62.27
2025-04-08T12:00:00,43361099999,TONDI,9.733,79.033,31.8,1007.7,68.15
2025-04-08T15:00:00,43361099999,TONDI,9.733,79.033,30.8,1010.4,71.71
2025-04-08T18:00:00,43361099999,TONDI,9.733,79.033,30.2,1010.8,73.78
2025-04-08T21:00:00,43361099999,TONDI,9.73,79.03,29.5,1009.4,76.35
2025-04-09T00:00:00,43361099999,TONDI,9.733,79.033,27.6,1009.6,82.75
2025-04-09T03:00:00,43361099999,TONDI,9.733,79.033,30.4,1011.2,75.59
2025-04-09T06:00:00,43361099999,TONDI,9.733,79.033,34.6,1010.8,57.55
2025-04-09T09:00:00,43361099999,TONDI,9.733,79.033,33.4,1007.8,60.08
2025-04-09T12:00:00,43361099999,TONDI,9.733,79.033,31.6,1007.2,60.03
2025-04-09T15:00:00,43361099999,TONDI,9.733,79.033,30.8,1009.2,70.44
2025-04-09T18:00:00,43361099999,TONDI,9.733,79.033,30.6,1009.8,72.97
2025-04-09T21:00:00,43361099999,TONDI,9.733,79.033,28.6,1007.6,83.36
2025-04-10T00:00:00,43361099999,TONDI,9.733,79.033,28.2,1007.7,86.34
2025-04-10T03:00:00,43361099999,TONDI,9.733,79.033,29.8,1009.2,75.49
2025-04-10T06:00:00,43361099999,TONDI,9.733,79.033,34.6,1009.3,59.99
2025-04-10T09:00:00,43361099999,TONDI,9.733,79.033,34.0,1005.9,59.5
2025-04-10T12:00:00,43361099999,TONDI,9.733,79.033,32.2,1004.5,67.82
2025-04-10T15:00:00,43361099999,TONDI,9.733,79.033,31.0,1005.8,73.47
2025-04-10T18:00:00,43361099999,TONDI,9.733,79.033,30.4,1007.1,70.37
2025-04-10T21:00:00,43361099999,TONDI,9.733,79.033,29.4,1006.7,72.33
2025-04-11T00:00:00,43361099999,TONDI,9.733,79.033,28.0,1006.5,74.3
2025-04-11T03:00:00,43361099999,TONDI,9.733,79.033,31.0,1008.6,67.99
2025-04-11T06:00:00,43361099999,TONDI,9.733,79.033,35.0,1008.6,47.55
2025-04-11T09:00:00,43361099999,TONDI,9.733,79.033,33.4,1005.6,62.27
2025-04-11T12:00:00,43361099999,TONDI,9.733,79.033,32.0,1005.0,76.28
2025-04-11T15:00:00,43361099999,TONDI,9.733,79.033,30.8,1007.4,82.63
2025-04-11T18:00:00,43361099999,TONDI,9.733,79.033,30.0,1008.6,85.0
2025-04-11T21:00:00,43361099999,TONDI,9.733,79.033,28.2,1008.1,91.59
2025-04-12T00:00:00,43361099999,TONDI,9.733,79.033,26.6,1008.4,96.52
2025-04-12T03:00:00,43361099999,TONDI,9.733,79.033,31.0,1009.2,69.23
2025-04-12T06:00:00,43361099999,TONDI,9.733,79.033,33.6,1009.6,61.58
2025-04-12T09:00:00,43361099999,TONDI,9.733,79.033,33.2,1005.7,74.27
2025-04-12T12:00:00,43361099999,TONDI,9.733,79.033,31.6,1005.7,74.88
2025-04-12T15:00:00,43361099999,TONDI,9.733,79.033,30.6,1008.1,76.97
2025-04-12T18:00:00,43361099999,TONDI,9.733,79.033,29.6,1008.9,78.21
2025-04-12T21:00:00,43361099999,TONDI,9.733,79.033,29.4,1007.6,80.54
2025-04-13T00:00:00,43361099999,TONDI,9.733,79.033,28.0,1007.8,81.81
2025-04-13T03:00:00,43361099999,TONDI,9.733,79.033,31.6,1010.0,77.57
2025-04-13T06:00:00,43361099999,TONDI,9.733,79.033,33.2,1009.7,57.91
2025-04-13T09:00:00,43361099999,TONDI,9.733,79.033,33.8,1006.1,62.73
2025-04-13T15:00:00,43361099999,TONDI,9.733,79.033,31.0,1008.5,76.13
2025-04-13T18:00:00,43361099999,TONDI,9.733,79.033,30.4,1009.0,76.94
2025-04-13T21:00:00,43361099999,TONDI,9.733,79.033,29.4,1007.8,79.11
2025-04-14T00:00:00,43361099999,TONDI,9.733,79.033,28.4,1008.0,83.33
2025-04-14T03:00:00,43361099999,TONDI,9.733,79.033,32.0,1010.5,69.83
2025-04-14T09:00:00,43361099999,TONDI,9.733,79.033,34.6,1006.6,64.4
2025-04-14T12:00:00,43361099999,TONDI,9.733,79.033,32.4,1005.3,71.57
2025-04-14T15:00:00,43361099999,TONDI,9.733,79.033,31.8,1008.6,69.79
2025-04-14T18:00:00,43361099999,TONDI,9.733,79.033,31.0,1009.2,71.75
2025-04-14T21:00:00,43361099999,TONDI,9.733,79.033,29.5,1008.2,76.35
2025-04-15T00:00:00,43361099999,TONDI,9.733,79.033,28.0,1008.3,79.87
2025-04-15T03:00:00,43361099999,TONDI,9.733,79.033,32.0,1009.9,76.28
2025-04-15T06:00:00,43361099999,TONDI,9.733,79.033,35.0,1009.8,63.35
2025-04-15T09:00:00,43361099999,TONDI,9.733,79.033,32.6,1006.6,65.52
2025-04-15T12:00:00,43361099999,TONDI,9.733,79.033,32.0,1006.2,72.35
2025-04-15T15:00:00,43361099999,TONDI,9.733,79.033,30.6,1008.9,71.68
2025-04-15T18:00:00,43361099999,TONDI,9.733,79.033,30.8,1009.8,77.0
2025-04-15T21:00:00,43361099999,TONDI,9.733,79.033,30.6,1008.4,78.35
2025-04-16T00:00:00,43361099999,TONDI,9.733,79.033,30.2,1008.8,79.69
2025-04-16T03:00:00,43361099999,TONDI,9.733,79.033,32.0,1010.5,72.35
2025-04-16T06:00:00,43361099999,TONDI,9.733,79.033,33.0,1010.2,67.98
2025-04-16T09:00:00,43361099999,TONDI,9.733,79.033,33.6,1007.3,67.29
2025-04-16T12:00:00,43361099999,TONDI,9.733,79.033,32.0,1006.8,73.64
2025-04-16T15:00:00,43361099999,TONDI,9.733,79.033,31.4,1009.0,70.97
2025-04-16T18:00:00,43361099999,TONDI,9.733,79.033,31.0,1009.8,70.9
2025-04-16T21:00:00,43361099999,TONDI,9.733,79.033,30.0,1008.1,76.88
2025-04-17T00:00:00,43361099999,TONDI,9.733,79.033,29.0,1008.3,81.93
2025-04-17T03:00:00,43361099999,TONDI,9.733,79.033,32.0,1010.4,73.64
2025-04-17T06:00:00,43361099999,TONDI,9.733,79.033,34.0,1009.6,61.66
2025-04-17T09:00:00,43361099999,TONDI,9.733,79.033,33.8,1006.8,63.85
2025-04-17T15:00:00,43361099999,TONDI,9.733,79.033,31.4,1007.4,77.54
2025-04-17T18:00:00,43361099999,TONDI,9.733,79.033,30.2,1008.4,82.08
2025-04-18T00:00:00,43361099999,TONDI,9.733,79.033,28.0,1007.9,79.87
2025-04-18T03:00:00,43361099999,TONDI,9.733,79.033,32.2,1010.0,76.31
2025-04-18T06:00:00,43361099999,TONDI,9.733,79.033,34.2,1009.2,76.17
2025-04-18T09:00:00,43361099999,TONDI,9.733,79.033,33.8,1006.0,74.8
2025-04-18T12:00:00,43361099999,TONDI,9.733,79.033,32.0,1005.0,79.0
2025-04-18T15:00:00,43361099999,TONDI,9.733,79.033,31.2,1007.2,81.24
2025-04-18T18:00:00,43361099999,TONDI,9.733,79.033,30.6,1008.2,81.16
2025-04-18T21:00:00,43361099999,TONDI,9.733,79.033,30.0,1006.4,81.09
2025-04-19T00:00:00,43361099999,TONDI,9.733,79.033,29.0,1006.7,83.4
2025-04-19T03:00:00,43361099999,TONDI,9.733,79.033,33.0,1009.1,75.55
2025-04-19T06:00:00,43361099999,TONDI,9.733,79.033,34.0,1008.4,61.66
2025-04-19T09:00:00,43361099999,TONDI,9.733,79.033,33.6,1006.2,68.49
2025-04-19T12:00:00,43361099999,TONDI,9.733,79.033,,1004.5,
2025-04-19T15:00:00,43361099999,TONDI,9.733,79.033,31.2,1007.1,81.24
2025-04-19T18:00:00,43361099999,TONDI,9.733,79.033,30.6,1007.5,84.07
2025-04-19T21:00:00,43361099999,TONDI,9.733,79.033,30.5,1006.3,84.55
2025-04-20T00:00:00,43361099999,TONDI,9.733,79.033,30.1,1007.2,84.51
2025-04-20T03:00:00,43361099999,TONDI,9.733,79.033,32.6,1008.9,74.17
2025-04-20T06:00:00,43361099999,TONDI,9.733,79.033,34.7,1008.7,65.95
2025-04-20T09:00:00,43361099999,TONDI,9.733,79.033,34.4,1005.5,65.5
2025-04-20T12:00:00,43361099999,TONDI,9.733,79.033,32.4,1005.3,75.45
2025-04-20T15:00:00,43361099999,TONDI,9.733,79.033,31.4,1007.1,77.54
2025-04-20T18:00:00,43361099999,TONDI,9.733,79.033,31.0,1008.5,81.21
2025-04-20T21:00:00,43361099999,TONDI,9.733,79.033,30.4,1007.3,80.66
2025-04-21T00:00:00,43361099999,TONDI,9.733,79.033,30.0,1007.5,82.54
2025-04-21T03:00:00,43361099999,TONDI,9.733,79.033,33.0,1009.9,75.55
2025-04-21T06:00:00,43361099999,TONDI,9.733,79.033,34.4,1009.7,67.85
2025-04-21T09:00:00,43361099999,TONDI,9.733,79.033,34.2,1007.0,67.41
2025-04-21T12:00:00,43361099999,TONDI,9.733,79.033,32.2,1007.1,71.96
2025-04-21T15:00:00,43361099999,TONDI,9.733,79.033,31.4,1010.0,76.19
2025-04-21T21:00:00,43361099999,TONDI,9.733,79.033,30.9,1008.6,77.93
2025-04-22T00:00:00,43361099999,TONDI,9.733,79.033,29.9,1010.3,78.25
2025-04-22T03:00:00,43361099999,TONDI,9.733,79.033,32.0,1012.2,74.51
2025-04-22T06:00:00,43361099999,TONDI,9.733,79.033,33.3,1011.7,62.25
2025-04-22T09:00:00,43361099999,TONDI,9.733,79.033,33.9,1008.2,61.64
2025-04-22T12:00:00,43361099999,TONDI,9.733,79.033,31.8,1008.0,69.79
2025-04-22T15:00:00,43361099999,TONDI,9.733,79.033,30.9,1010.5,73.89
2025-04-22T21:00:00,43361099999,TONDI,9.733,79.033,29.7,1009.0,80.1
2025-04-23T00:00:00,43361099999,TONDI,9.733,79.033,27.7,1008.9,85.27
2025-04-23T03:00:00,43361099999,TONDI,9.733,79.033,32.2,1010.4,73.67
2025-04-23T06:00:00,43361099999,TONDI,9.733,79.033,34.4,1010.2,68.24
2025-04-23T09:00:00,43361099999,TONDI,9.733,79.033,34.8,1006.9,54.58
2025-04-23T15:00:00,43361099999,TONDI,9.733,79.033,31.4,1008.6,76.19
2025-04-23T18:00:00,43361099999,TONDI,9.733,79.033,31.0,1008.0,78.4
2025-04-23T21:00:00,43361099999,TONDI,9.733,79.033,30.4,1006.8,81.14
2025-04-24T00:00:00,43361099999,TONDI,9.733,79.033,30.0,1006.6,82.54
2025-04-24T03:00:00,43361099999,TONDI,9.733,79.033,32.4,1009.2,71.57
2025-04-24T06:00:00,43361099999,TONDI,9.733,79.033,34.6,1009.0,62.16
2025-04-24T09:00:00,43361099999,TONDI,9.733,79.033,33.5,1005.8,72.6
2025-04-24T12:00:00,43361099999,TONDI,9.733,79.033,32.6,1004.8,75.93
2025-04-24T15:00:00,43361099999,TONDI,9.733,79.033,31.7,1007.7,79.43
2025-04-24T18:00:00,43361099999,TONDI,9.733,79.033,31.4,1008.0,82.7
2025-04-24T21:00:00,43361099999,TONDI,9.733,79.033,30.7,1006.7,84.08
2025-04-25T00:00:00,43361099999,TONDI,9.733,79.033,30.4,1007.0,82.58
2025-04-25T03:00:00,43361099999,TONDI,9.733,79.033,32.4,1009.0,77.69
2025-04-25T06:00:00,43361099999,TONDI,9.733,79.033,34.5,1008.9,69.06
2025-04-25T09:00:00,43361099999,TONDI,9.733,79.033,32.6,1005.8,74.17
2025-04-25T12:00:00,43361099999,TONDI,9.733,79.033,32.4,1005.4,77.69
2025-04-25T15:00:00,43361099999,TONDI,9.733,79.033,31.4,1007.9,80.32
2025-04-25T18:00:00,43361099999,TONDI,9.733,79.033,31.0,1008.0,84.11
2025-04-25T21:00:00,43361099999,TONDI,9.73,79.03,30.6,1006.4,84.07
2025-04-26T00:00:00,43361099999,TONDI,9.733,79.033,30.4,1007.1,82.58
2025-04-26T03:00:00,43361099999,TONDI,9.733,79.033,31.2,1009.1,77.52
2025-04-26T06:00:00,43361099999,TONDI,9.733,79.033,32.0,1008.8,72.35
2025-04-26T09:00:00,43361099999,TONDI,9.733,79.033,32.0,1006.8,77.63
2025-04-26T12:00:00,43361099999,TONDI,9.733,79.033,31.6,1006.0,81.29
2025-04-26T15:00:00,43361099999,TONDI,9.733,79.033,31.0,1008.4,79.8
2025-04-26T18:00:00,43361099999,TONDI,9.733,79.033,31.0,1008.8,79.8
2025-04-26T21:00:00,43361099999,TONDI,9.733,79.033,30.0,1007.3,82.54
2025-04-27T00:00:00,43361099999,TONDI,9.733,79.033,29.6,1007.6,83.47
2025-04-27T03:00:00,43361099999,TONDI,9.733,79.033,29.6,1010.4,84.96
2025-04-27T06:00:00,43361099999,TONDI,9.733,79.033,29.4,1010.9,86.45
2025-04-27T09:00:00,43361099999,TONDI,9.733,79.033,30.8,1007.3,73.0
2025-04-27T12:00:00,43361099999,TONDI,9.733,79.033,30.6,1006.7,75.62
2025-04-27T18:00:00,43361099999,TONDI,9.733,79.033,30.2,1009.6,79.69
2025-04-27T21:00:00,43361099999,TONDI,9.733,79.033,29.0,1007.5,80.48
2025-04-28T00:00:00,43361099999,TONDI,9.733,79.033,28.0,1007.7,83.29
2025-04-28T03:00:00,43361099999,TONDI,9.733,79.033,30.0,1009.4,79.67
2025-04-28T06:00:00,43361099999,TONDI,9.733,79.033,31.6,1009.2,72.28
2025-04-28T09:00:00,43361099999,TONDI,9.733,79.033,27.6,1006.7,88.88
2025-04-28T12:00:00,43361099999,TONDI,9.733,79.033,30.4,1005.7,79.72
2025-04-28T15:00:00,43361099999,TONDI,9.733,79.033,30.4,1007.8,78.32
2025-04-28T18:00:00,43361099999,TONDI,9.733,79.033,30.2,1008.6,79.69
2025-04-29T00:00:00,43361099999,TONDI,9.733,79.033,27.8,1006.8,90.49
2025-04-29T03:00:00,43361099999,TONDI,9.733,79.033,29.4,1009.5,80.54
2025-04-29T06:00:00,43361099999,TONDI,9.733,79.033,32.0,1008.8,72.35
2025-04-29T09:00:00,43361099999,TONDI,9.733,79.033,32.0,1005.9,71.08
2025-04-29T12:00:00,43361099999,TONDI,9.733,79.033,31.4,1005.5,70.97
2025-04-29T15:00:00,43361099999,TONDI,9.733,79.033,30.4,1008.0,81.14
2025-04-29T18:00:00,43361099999,TONDI,9.733,79.033,30.0,1008.3,81.09
2025-04-29T21:00:00,43361099999,TONDI,9.733,79.033,28.4,1006.5,84.83
2025-04-30T00:00:00,43361099999,TONDI,9.733,79.033,27.8,1007.4,88.9
2025-04-30T03:00:00,43361099999,TONDI,9.733,79.033,29.2,1009.3,89.53
2025-04-30T06:00:00,43361099999,TONDI,9.733,79.033,34.0,1009.1,69.78
2025-04-30T09:00:00,43361099999,TONDI,9.733,79.033,33.0,1006.1,75.55
2025-04-30T12:00:00,43361099999,TONDI,9.733,79.033,31.6,1005.9,76.22
2025-04-30T15:00:00,43361099999,TONDI,9.733,79.033,30.4,1008.5,81.14
2025-04-30T18:00:00,43361099999,TONDI,9.733,79.033,30.0,1009.2,81.09
2025-04-30T21:00:00,43361099999,TONDI,9.733,79.033,29.0,1008.2,84.9
2025-05-01T00:00:00,43361099999,TONDI,9.733,79.033,28.0,1008.6,87.35
2025-05-01T03:00:00,43361099999,TONDI,9.733,79.033,31.0,1010.3,85.6
2025-05-01T06:00:00,43361099999,TONDI,9.733,79.033,34.8,1009.1,73.67
2025-05-01T09:00:00,43361099999,TONDI,9.733,79.033,33.8,1006.8,73.5
2025-05-01T12:00:00,43361099999,TONDI,9.733,79.033,31.8,1007.0,78.98
2025-05-01T15:00:00,43361099999,TONDI,9.733,79.033,30.8,1008.7,79.77
2025-05-01T18:00:00,43361099999,TONDI,9.733,79.033,30.0,1009.0,79.67
2025-05-01T21:00:00,43361099999,TONDI,9.733,79.033,29.0,1007.3,84.9
2025-05-02T00:00:00,43361099999,TONDI,9.733,79.033,28.6,1008.2,87.92
2025-05-02T03:00:00,43361099999,TONDI,9.733,79.033,32.4,1010.3,71.57
2025-05-02T06:00:00,43361099999,TONDI,9.733,79.033,34.6,1010.2,71.12
2025-05-02T09:00:00,43361099999,TONDI,9.733,79.033,33.6,1007.8,73.47
2025-05-02T12:00:00,43361099999,TONDI,9.733,79.033,31.6,1006.1,80.35
2025-05-02T15:00:00,43361099999,TONDI,9.733,79.033,30.8,1009.4,81.19
2025-05-02T18:00:00,43361099999,TONDI,9.733,79.033,30.0,1009.6,79.67
2025-05-02T21:00:00,43361099999,TONDI,9.733,79.033,29.0,1008.3,83.4
2025-05-03T00:00:00,43361099999,TONDI,9.733,79.033,28.0,1008.4,84.79
2025-05-03T03:00:00,43361099999,TONDI,9.733,79.033,31.0,1009.7,74.79
2025-05-03T06:00:00,43361099999,TONDI,9.733,79.033,32.6,1009.3,66.7
2025-05-03T09:00:00,43361099999,TONDI,9.733,79.033,33.4,1006.2,69.67
2025-05-03T12:00:00,43361099999,TONDI,9.733,79.033,32.0,1005.6,73.64
2025-05-03T15:00:00,43361099999,TONDI,9.733,79.033,31.0,1007.8,77.03
2025-05-03T18:00:00,43361099999,TONDI,9.733,79.033,30.4,1008.0,78.32
2025-05-03T21:00:00,43361099999,TONDI,9.733,79.033,30.0,1006.3,81.09
2025-05-04T00:00:00,43361099999,TONDI,9.733,79.033,29.4,1006.6,83.45
2025-05-04T03:00:00,43361099999,TONDI,9.733,79.033,32.4,1008.6,62.8
2025-05-04T06:00:00,43361099999,TONDI,9.733,79.033,35.4,1007.9,61.61
2025-05-04T09:00:00,43361099999,TONDI,9.733,79.033,33.2,1004.9,74.27
2025-05-04T12:00:00,43361099999,TONDI,9.733,79.033,32.2,1004.4,79.03
2025-05-04T15:00:00,43361099999,TONDI,9.733,79.033,31.4,1007.2,80.32
2025-05-04T18:00:00,43361099999,TONDI,9.733,79.033,29.6,1008.1,78.21
2025-05-04T21:00:00,43361099999,TONDI,9.733,79.033,27.0,1008.2,78.31
2025-05-05T00:00:00,43361099999,TONDI,9.733,79.033,28.6,1007.8,84.85
2025-05-05T03:00:00,43361099999,TONDI,9.733,79.033,28.6,1008.6,77.6
2025-05-05T06:00:00,43361099999,TONDI,9.733,79.033,35.0,1006.8,39.77
2025-05-05T09:00:00,43361099999,TONDI,9.733,79.033,32.4,1005.3,70.31
2025-05-05T12:00:00,43361099999,TONDI,9.733,79.033,31.6,1005.5,73.57
2025-05-05T15:00:00,43361099999,TONDI,9.733,79.033,31.0,1007.7,76.13
2025-05-05T18:00:00,43361099999,TONDI,9.733,79.033,31.0,1008.1,78.4
2025-05-05T21:00:00,43361099999,TONDI,9.733,79.033,30.0,1008.2,82.54
2025-05-06T00:00:00,43361099999,TONDI,9.733,79.033,29.0,1007.8,84.9
2025-05-06T03:00:00,43361099999,TONDI,9.733,79.033,31.4,1009.1,77.54
2025-05-06T06:00:00,43361099999,TONDI,9.733,79.033,35.0,1008.3,66.78
2025-05-06T09:00:00,43361099999,TONDI,9.733,79.033,33.0,1005.7,72.94
2025-05-06T12:00:00,43361099999,TONDI,9.733,79.033,32.0,1004.7,77.63
2025-05-06T15:00:00,43361099999,TONDI,9.733,79.033,29.0,1008.8,51.83
2025-05-06T18:00:00,43361099999,TONDI,9.733,79.033,27.6,1007.4,65.69
2025-05-06T21:00:00,43361099999,TONDI,9.733,79.033,27.0,1006.4,72.35
2025-05-07T00:00:00,43361099999,TONDI,9.733,79.033,26.6,1007.2,79.69
2025-05-07T03:00:00,43361099999,TONDI,9.733,79.033,30.2,1007.8,60.08
2025-05-07T06:00:00,43361099999,TONDI,9.733,79.033,33.2,1007.5,60.03
2025-05-07T09:00:00,43361099999,TONDI,9.733,79.033,32.4,1005.2,70.31
2025-05-07T15:00:00,43361099999,TONDI,9.733,79.033,31.0,1008.4,60.26
2025-05-07T18:00:00,43361099999,TONDI,9.733,79.033,30.2,1008.0,62.7
2025-05-07T21:00:00,43361099999,TONDI,9.733,79.033,28.8,1007.6,66.34
2025-05-08T00:00:00,43361099999,TONDI,9.733,79.033,27.2,1006.4,70.2
2025-05-08T03:00:00,43361099999,TONDI,9.733,79.033,30.0,1008.7,60.04
2025-05-08T06:00:00,43361099999,TONDI,9.733,79.033,33.0,1008.6,64.06
2025-05-08T09:00:00,43361099999,TONDI,9.733,79.033,33.0,1006.2,66.78
2025-05-08T12:00:00,43361099999,TONDI,9.733,79.033,32.0,1005.7,63.85
2025-05-08T15:00:00,43361099999,TONDI,9.733,79.033,31.2,1007.5,70.93
2025-05-08T18:00:00,43361099999,TONDI,9.733,79.033,30.8,1008.4,75.65
2025-05-08T21:00:00,43361099999,TONDI,9.733,79.033,29.4,1007.1,77.71
2025-05-09T00:00:00,43361099999,TONDI,9.733,79.033,28.4,1007.4,80.41
2025-05-09T03:00:00,43361099999,TONDI,9.733,79.033,32.0,1009.3,55.56
2025-05-09T06:00:00,43361099999,TONDI,9.733,79.033,35.0,1008.1,57.98
2025-05-09T09:00:00,43361099999,TONDI,9.733,79.033,33.8,1005.6,68.13
2025-05-09T12:00:00,43361099999,TONDI,9.733,79.033,32.4,1006.0,74.14
2025-05-09T15:00:00,43361099999,TONDI,9.733,79.033,31.6,1008.4,77.57
2025-05-09T18:00:00,43361099999,TONDI,9.733,79.033,30.4,1009.2,82.58
2025-05-09T21:00:00,43361099999,TONDI,9.733,79.033,29.4,1008.0,86.45
2025-05-10T00:00:00,43361099999,TONDI,9.733,79.033,27.4,1007.5,92.63
2025-05-10T03:00:00,43361099999,TONDI,9.733,79.033,33.0,1009.4,71.67
2025-05-10T09:00:00,43361099999,TONDI,9.733,79.033,36.2,1006.4,64.35
2025-05-10T12:00:00,43361099999,TONDI,9.733,79.033,32.4,1005.8,71.57
2025-05-10T15:00:00,43361099999,TONDI,9.733,79.033,32.0,1007.7,76.28
2025-05-10T18:00:00,43361099999,TONDI,9.733,79.033,31.0,1008.2,78.4
2025-05-10T21:00:00,43361099999,TONDI,9.733,79.033,29.4,1006.7,80.54
2025-05-11T00:00:00,43361099999,TONDI,9.733,79.033,28.4,1007.0,83.33
2025-05-11T03:00:00,43361099999,TONDI,9.733,79.033,33.0,1008.6,70.42
2025-05-11T06:00:00,43361099999,TONDI,9.733,79.033,35.0,1008.1,71.6
2025-05-11T09:00:00,43361099999,TONDI,9.733,79.033,34.8,1005.6,65.58
2025-05-11T15:00:00,43361099999,TONDI,9.733,79.033,31.2,1006.4,77.97
2025-05-11T21:00:00,43361099999,TONDI,9.733,79.033,29.4,1005.9,83.45
2025-05-12T00:00:00,43361099999,TONDI,9.733,79.033,28.2,1005.2,86.34
2025-05-12T03:00:00,43361099999,TONDI,9.733,79.033,31.8,1007.4,68.15
2025-05-12T06:00:00,43361099999,TONDI,9.733,79.033,34.0,1006.6,59.5
2025-05-12T09:00:00,43361099999,TONDI,9.733,79.033,33.8,1003.8,69.75
2025-05-12T12:00:00,43361099999,TONDI,9.733,79.033,32.4,1003.3,67.86
2025-05-12T15:00:00,43361099999,TONDI,9.733,79.033,31.8,1005.8,73.6
2025-05-12T21:00:00,43361099999,TONDI,9.733,79.033,30.0,1004.7,81.09
2025-05-13T00:00:00,43361099999,TONDI,9.733,79.033,28.4,1004.8,83.33
2025-05-13T03:00:00,43361099999,TONDI,9.733,79.033,33.4,1006.8,57.96
2025-05-13T06:00:00,43361099999,TONDI,9.733,79.033,35.0,1006.4,61.16
2025-05-13T09:00:00,43361099999,TONDI,9.733,79.033,34.0,1003.9,66.2
2025-05-13T15:00:00,43361099999,TONDI,9.733,79.033,31.6,1004.7,87.15
2025-05-13T18:00:00,43361099999,TONDI,9.733,79.033,31.0,1005.8,79.8
2025-05-13T21:00:00,43361099999,TONDI,9.733,79.033,30.4,1005.1,82.58
2025-05-14T00:00:00,43361099999,TONDI,9.733,79.033,29.2,1005.4,72.29
2025-05-14T03:00:00,43361099999,TONDI,9.733,79.033,30.0,1007.3,67.39
2025-05-14T06:00:00,43361099999,TONDI,9.733,79.033,35.2,1006.4,55.0
2025-05-14T09:00:00,43361099999,TONDI,9.733,79.033,33.6,1004.0,66.12
2025-05-14T12:00:00,43361099999,TONDI,9.733,79.033,32.6,1003.5,85.75
2025-05-14T15:00:00,43361099999,TONDI,9.733,79.033,26.4,1007.8,92.03
2025-05-14T18:00:00,43361099999,TONDI,9.733,79.033,25.2,1007.2,89.77
2025-05-14T21:00:00,43361099999,TONDI,9.733,79.033,25.4,1005.9,89.79
2025-05-15T00:00:00,43361099999,TONDI,9.733,79.033,25.6,1005.9,90.34
2025-05-15T03:00:00,43361099999,TONDI,9.733,79.033,28.8,1007.5,80.46
2025-05-15T06:00:00,43361099999,TONDI,9.733,79.033,33.8,1007.4,62.73
2025-05-15T09:00:00,43361099999,TONDI,9.733,79.033,33.2,1005.0,64.49
2025-05-15T12:00:00,43361099999,TONDI,9.733,79.033,32.0,1004.4,77.63
2025-05-15T15:00:00,43361099999,TONDI,9.733,79.033,28.0,1008.2,77.98
2025-05-15T18:00:00,43361099999,TONDI,9.733,79.033,27.8,1007.6,78.89
2025-05-15T21:00:00,43361099999,TONDI,9.733,79.033,27.6,1006.6,79.34
2025-05-16T00:00:00,43361099999,TONDI,9.733,79.033,26.0,1005.4,84.07
2025-05-16T03:00:00,43361099999,TONDI,9.733,79.033,31.0,1007.0,67.99
2025-05-16T06:00:00,43361099999,TONDI,9.733,79.033,33.6,1007.0,66.12
2025-05-16T09:00:00,43361099999,TONDI,9.733,79.033,32.6,1004.5,71.6
2025-05-16T12:00:00,43361099999,TONDI,9.733,79.033,32.2,1004.2,73.67
2025-05-16T15:00:00,43361099999,TONDI,9.733,79.033,31.4,1006.5,74.85
2025-05-16T18:00:00,43361099999,TONDI,9.733,79.033,30.6,1006.5,84.07
2025-05-16T21:00:00,43361099999,TONDI,9.733,79.033,30.2,1005.1,89.6
2025-05-17T00:00:00,43361099999,TONDI,9.733,79.033,29.0,1004.9,77.66
2025-05-17T03:00:00,43361099999,TONDI,9.733,79.033,27.4,1007.7,85.75
2025-05-17T12:00:00,43361099999,TONDI,9.733,79.033,30.4,1004.5,78.32
2025-05-17T18:00:00,43361099999,TONDI,9.733,79.033,26.0,1007.9,85.61
2025-05-17T21:00:00,43361099999,TONDI,9.733,79.033,25.0,1005.2,86.56
2025-05-18T00:00:00,43361099999,TONDI,9.733,79.033,24.4,1005.7,88.09
2025-05-18T03:00:00,43361099999,TONDI,9.733,79.033,27.0,1006.4,85.71
2025-05-18T06:00:00,43361099999,TONDI,9.733,79.033,33.4,1006.1,60.08
2025-05-18T12:00:00,43361099999,TONDI,9.733,79.033,30.8,1002.7,84.09
2025-05-18T15:00:00,43361099999,TONDI,9.733,79.033,26.9,1004.8,89.36
2025-05-18T18:00:00,43361099999,TONDI,9.733,79.033,26.6,1004.9,87.75
2025-05-18T21:00:00,43361099999,TONDI,9.733,79.033,25.9,1003.8,97.66
2025-05-19T00:00:00,43361099999,TONDI,9.733,79.033,25.9,1003.0,97.66
2025-05-19T03:00:00,43361099999,TONDI,9.733,79.033,27.1,1005.9,95.96
2025-05-19T06:00:00,43361099999,TONDI,9.733,79.033,31.2,1005.5,76.16
2025-05-19T09:00:00,43361099999,TONDI,9.733,79.033,31.4,1003.4,72.24
2025-05-19T12:00:00,43361099999,TONDI,9.733,79.033,30.8,1002.6,77.92
2025-05-19T15:00:00,43361099999,TONDI,9.733,79.033,29.4,1004.2,71.03
2025-05-19T18:00:00,43361099999,TONDI,9.733,79.033,28.6,1004.6,73.07
2025-05-19T21:00:00,43361099999,TONDI,9.733,79.033,27.4,1003.7,76.49
2025-05-20T00:00:00,43361099999,TONDI,9.733,79.033,26.2,1002.8,78.19
2025-05-20T03:00:00,43361099999,TONDI,9.733,79.033,29.0,1005.0,73.58
2025-05-20T06:00:00,43361099999,TONDI,9.733,79.033,33.0,1004.8,53.16
2025-05-20T09:00:00,43361099999,TONDI,9.733,79.033,33.0,1002.9,58.57
2025-05-20T12:00:00,43361099999,TONDI,9.733,79.033,31.4,1002.5,72.24
2025-05-20T15:00:00,43361099999,TONDI,9.733,79.033,31.2,1004.3,77.52
2025-05-20T18:00:00,43361099999,TONDI,9.733,79.033,30.0,1004.5,74.18
2025-05-20T21:00:00,43361099999,TONDI,9.733,79.033,28.0,1004.5,75.66
2025-05-21T00:00:00,43361099999,TONDI,9.733,79.033,27.0,1005.0,78.31
2025-05-21T03:00:00,43361099999,TONDI,9.733,79.033,32.0,1006.7,54.56
2025-05-21T06:00:00,43361099999,TONDI,9.733,79.033,36.4,1006.1,31.47
2025-05-21T09:00:00,43361099999,TONDI,9.733,79.033,33.4,1003.1,68.45
2025-05-21T12:00:00,43361099999,TONDI,9.733,79.033,31.6,1003.1,81.29
2025-05-21T15:00:00,43361099999,TONDI,9.733,79.033,31.6,1005.1,84.18
2025-05-21T18:00:00,43361099999,TONDI,9.733,79.033,29.8,1006.3,59.62
2025-05-21T21:00:00,43361099999,TONDI,9.733,79.033,28.6,1004.7,67.94
2025-05-22T00:00:00,43361099999,TONDI,9.733,79.033,28.6,1005.9,72.19
2025-05-22T03:00:00,43361099999,TONDI,9.733,79.033,31.4,1007.6,62.21
2025-05-22T06:00:00,43361099999,TONDI,9.733,79.033,33.0,1006.9,51.88
2025-05-22T09:00:00,43361099999,TONDI,9.733,79.033,33.8,1004.4,68.13
2025-05-22T12:00:00,43361099999,TONDI,9.733,79.033,31.9,1004.0,78.07
2025-05-22T21:00:00,43361099999,TONDI,9.733,79.033,28.4,1004.7,76.64
2025-05-23T00:00:00,43361099999,TONDI,9.733,79.033,27.6,1004.7,81.27
2025-05-23T03:00:00,43361099999,TONDI,9.733,79.033,31.7,1006.0,71.87
2025-05-23T06:00:00,43361099999,TONDI,9.733,79.033,35.3,1004.9,66.45
2025-05-23T09:00:00,43361099999,TONDI,9.733,79.033,32.4,1001.6,79.06
2025-05-23T12:00:00,43361099999,TONDI,9.733,79.033,33.2,1001.4,75.58
2025-05-23T15:00:00,43361099999,TONDI,9.733,79.033,31.6,1004.6,72.28
2025-05-23T18:00:00,43361099999,TONDI,9.733,79.033,30.0,1005.2,67.39
2025-05-23T21:00:00,43361099999,TONDI,9.733,79.033,28.4,1004.0,73.03
2025-05-24T00:00:00,43361099999,TONDI,9.733,79.033,27.2,1004.4,80.25
2025-05-24T03:00:00,43361099999,TONDI,9.733,79.033,30.0,1005.4,76.88
2025-05-24T06:00:00,43361099999,TONDI,9.733,79.033,33.0,1003.9,71.67
2025-05-24T09:00:00,43361099999,TONDI,9.733,79.033,32.6,1001.8,70.35
2025-05-24T12:00:00,43361099999,TONDI,9.733,79.033,32.6,1001.5,50.52
2025-05-24T15:00:00,43361099999,TONDI,9.733,79.033,31.6,1005.8,49.65
2025-05-24T18:00:00,43361099999,TONDI,9.733,79.033,30.4,1005.9,63.9
2025-05-24T21:00:00,43361099999,TONDI,9.733,79.033,29.2,1004.9,61.72
2025-05-25T00:00:00,43361099999,TONDI,9.733,79.033,28.4,1005.5,67.9
2025-05-25T03:00:00,43361099999,TONDI,9.733,79.033,30.2,1006.1,63.86
2025-05-25T06:00:00,43361099999,TONDI,9.733,79.033,34.4,1004.9,44.02
2025-05-25T09:00:00,43361099999,TONDI,9.733,79.033,34.4,1003.3,42.15
2025-05-25T12:00:00,43361099999,TONDI,9.733,79.033,34.2,1003.7,39.8
2025-05-25T15:00:00,43361099999,TONDI,9.733,79.033,31.4,1006.3,52.76
2025-05-25T18:00:00,43361099999,TONDI,9.733,79.033,29.4,1007.6,68.51
2025-05-25T21:00:00,43361099999,TONDI,9.733,79.033,28.4,1005.5,70.42
2025-05-26T00:00:00,43361099999,TONDI,9.733,79.033,28.0,1005.3,72.96
2025-05-26T03:00:00,43361099999,TONDI,9.733,79.033,30.0,1006.4,67.39
2025-05-26T06:00:00,43361099999,TONDI,9.733,79.033,34.0,1006.4,49.66
2025-05-26T09:00:00,43361099999,TONDI,9.733,79.033,33.6,1004.1,49.25
2025-05-26T15:00:00,43361099999,TONDI,9.733,79.033,31.5,1004.5,61.11
2025-05-26T18:00:00,43361099999,TONDI,9.733,79.033,29.8,1006.5,69.83
2025-05-26T21:00:00,43361099999,TONDI,9.733,79.033,28.2,1004.1,80.38
2025-05-27T00:00:00,43361099999,TONDI,9.733,79.033,27.7,1003.6,84.26
2025-05-27T03:00:00,43361099999,TONDI,9.733,79.033,30.6,1005.1,68.74
2025-05-27T06:00:00,43361099999,TONDI,9.733,79.033,35.1,1004.8,55.31
2025-05-27T09:00:00,43361099999,TONDI,9.733,79.033,37.0,1001.8,46.36
2025-05-27T12:00:00,43361099999,TONDI,9.733,79.033,35.8,1001.0,47.18
2025-05-27T15:00:00,43361099999,TONDI,9.733,79.033,32.0,1004.2,65.01
2025-05-27T18:00:00,43361099999,TONDI,9.733,79.033,30.4,1005.0,71.21
2025-05-27T21:00:00,43361099999,TONDI,9.733,79.033,29.0,1004.0,77.19
2025-05-28T00:00:00,43361099999,TONDI,9.733,79.033,27.8,1003.4,80.33
2025-05-28T03:00:00,43361099999,TONDI,9.733,79.033,32.0,1004.1,71.08
2025-05-28T06:00:00,43361099999,TONDI,9.733,79.033,37.8,1003.8,43.33
2025-05-28T09:00:00,43361099999,TONDI,9.733,79.033,39.0,1001.3,25.8
2025-05-28T12:00:00,43361099999,TONDI,9.733,79.033,36.0,1001.9,30.18
2025-05-28T15:00:00,43361099999,TONDI,9.733,79.033,33.0,1004.1,46.16
2025-05-28T18:00:00,43361099999,TONDI,9.733,79.033,31.0,1004.7,59.54
2025-05-28T21:00:00,43361099999,TONDI,9.733,79.033,30.0,1002.9,64.99
2025-05-29T00:00:00,43361099999,TONDI,9.733,79.033,29.0,1003.4,68.02
2025-05-29T03:00:00,43361099999,TONDI,9.733,79.033,31.4,1005.0,59.99
2025-05-29T06:00:00,43361099999,TONDI,9.733,79.033,35.2,1004.2,39.09
2025-05-29T09:00:00,43361099999,TONDI,9.733,79.033,37.2,1002.0,43.69
2025-05-29T12:00:00,43361099999,TONDI,9.733,79.033,34.2,1001.9,53.14
2025-05-29T15:00:00,43361099999,TONDI,9.733,79.033,31.2,1004.0,62.16
2025-05-29T18:00:00,43361099999,TONDI,9.733,79.033,30.0,1004.6,66.18
2025-05-29T21:00:00,43361099999,TONDI,9.733,79.033,29.2,1003.2,68.47
2025-05-30T03:00:00,43361099999,TONDI,9.733,79.033,32.0,1005.0,59.04
2025-05-30T06:00:00,43361099999,TONDI,9.733,79.033,38.0,1004.8,45.52
2025-05-30T09:00:00,43361099999,TONDI,9.733,79.033,37.7,1003.0,42.78
2025-05-30T12:00:00,43361099999,TONDI,9.733,79.033,34.1,1002.9,53.11
2025-05-30T15:00:00,43361099999,TONDI,9.733,79.033,31.2,1005.6,59.22
2025-05-30T21:00:00,43361099999,TONDI,9.733,79.033,,1005.4,
2025-05-31T00:00:00,43361099999,TONDI,9.733,79.033,27.6,1006.1,75.6
2025-05-31T03:00:00,43361099999,TONDI,9.733,79.033,30.6,1007.2,65.9
2025-05-31T06:00:00,43361099999,TONDI,9.733,79.033,32.7,1006.8,67.12
2025-05-31T09:00:00,43361099999,TONDI,9.733,79.033,32.8,1004.9,66.74
2025-05-31T12:00:00,43361099999,TONDI,9.733,79.033,31.6,1005.4,78.95
2025-05-31T15:00:00,43361099999,TONDI,9.733,79.033,31.0,1006.8,82.65
2025-05-31T18:00:00,43361099999,TONDI,9.733,79.033,30.0,1007.2,87.01
2025-05-31T21:00:00,43361099999,TONDI,9.733,79.033,28.4,1006.0,93.23
2025-06-01T03:00:00,43361099999,TONDI,9.733,79.033,30.8,1008.6,65.55
2025-06-01T06:00:00,43361099999,TONDI,9.733,79.033,33.2,1008.2,69.23
2025-06-01T09:00:00,43361099999,TONDI,9.733,79.033,33.0,1006.3,69.19
2025-06-01T12:00:00,43361099999,TONDI,9.733,79.033,32.0,1006.0,77.63
2025-06-01T15:00:00,43361099999,TONDI,9.733,79.033,30.4,1007.9,81.14
2025-06-01T18:00:00,43361099999,TONDI,9.733,79.033,30.0,1008.6,81.09
2025-06-01T21:00:00,43361099999,TONDI,9.733,79.033,29.0,1007.0,81.93
2025-06-02T00:00:00,43361099999,TONDI,9.733,79.033,28.2,1007.3,80.38
2025-06-02T03:00:00,43361099999,TONDI,9.733,79.033,32.0,1008.7,69.83
2025-06-02T06:00:00,43361099999,TONDI,9.733,79.033,33.7,1008.1,72.22
2025-06-02T09:00:00,43361099999,TONDI,9.733,79.033,32.9,1006.2,75.97
2025-06-02T12:00:00,43361099999,TONDI,9.733,79.033,31.3,1005.9,82.21
2025-06-02T15:00:00,43361099999,TONDI,9.733,79.033,30.9,1008.4,75.22
2025-06-02T18:00:00,43361099999,TONDI,9.733,79.033,30.6,1008.2,84.56
2025-06-02T21:00:00,43361099999,TONDI,9.733,79.033,27.7,1007.0,76.54
2025-06-03T03:00:00,43361099999,TONDI,9.733,79.033,30.9,1009.3,64.78
2025-06-03T09:00:00,43361099999,TONDI,9.733,79.033,33.1,1006.0,72.54
2025-06-03T12:00:00,43361099999,TONDI,9.733,79.033,31.8,1005.8,78.06
2025-06-03T15:00:00,43361099999,TONDI,9.733,79.033,31.1,1007.4,84.12
2025-06-03T18:00:00,43361099999,TONDI,9.733,79.033,29.9,1008.4,72.85
2025-06-03T21:00:00,43361099999,TONDI,9.733,79.033,28.1,1007.5,75.22
2025-06-04T00:00:00,43361099999,TONDI,9.733,79.033,27.7,1008.2,77.93
2025-06-04T03:00:00,43361099999,TONDI,9.733,79.033,31.1,1009.5,69.66
2025-06-04T06:00:00,43361099999,TONDI,9.733,79.033,33.9,1008.9,65.02
2025-06-04T09:00:00,43361099999,TONDI,9.733,79.033,33.0,1006.2,75.11
2025-06-04T12:00:00,43361099999,TONDI,9.733,79.033,26.4,1006.0,96.51
2025-06-04T15:00:00,43361099999,TONDI,9.733,79.033,30.8,1007.4,85.58
2025-06-04T18:00:00,43361099999,TONDI,9.733,79.033,29.6,1008.2,88.0
2025-06-04T21:00:00,43361099999,TONDI,9.733,79.033,28.4,1007.4,88.95
2025-06-05T00:00:00,43361099999,TONDI,9.733,79.033,27.4,1007.6,88.87
2025-06-05T03:00:00,43361099999,TONDI,9.733,79.033,30.4,1009.6,75.59
2025-06-05T06:00:00,43361099999,TONDI,9.733,79.033,32.8,1008.4,71.22
2025-06-05T09:00:00,43361099999,TONDI,9.733,79.033,32.4,1006.1,62.8
2025-06-05T12:00:00,43361099999,TONDI,9.733,79.033,31.0,1006.6,74.79
2025-06-05T15:00:00,43361099999,TONDI,9.733,79.033,30.4,1008.7,76.94
2025-06-05T18:00:00,43361099999,TONDI,9.733,79.033,30.0,1009.7,76.88
2025-06-05T21:00:00,43361099999,TONDI,9.733,79.033,29.4,1008.3,79.11
2025-06-06T00:00:00,43361099999,TONDI,9.733,79.033,28.0,1008.3,81.81
2025-06-06T03:00:00,43361099999,TONDI,9.733,79.033,30.0,1009.6,78.26
2025-06-06T06:00:00,43361099999,TONDI,9.733,79.033,33.8,1009.0,73.5
2025-06-06T09:00:00,43361099999,TONDI,9.733,79.033,32.7,1006.7,79.1
2025-06-06T12:00:00,43361099999,TONDI,9.733,79.033,31.0,1006.4,81.21
2025-06-06T15:00:00,43361099999,TONDI,9.733,79.033,29.6,1008.2,82.0
2025-06-06T18:00:00,43361099999,TONDI,9.733,79.033,29.0,1009.3,74.91
2025-06-06T21:00:00,43361099999,TONDI,9.733,79.033,28.4,1008.5,81.86
2025-06-07T00:00:00,43361099999,TONDI,9.733,79.033,27.6,1008.6,81.27
2025-06-07T03:00:00,43361099999,TONDI,9.733,79.033,31.2,1009.9,66.82
2025-06-07T06:00:00,43361099999,TONDI,9.733,79.033,32.0,1008.7,71.08
2025-06-07T09:00:00,43361099999,TONDI,9.733,79.033,31.2,1006.6,69.68
2025-06-07T12:00:00,43361099999,TONDI,9.733,79.033,31.2,1006.2,78.89
2025-06-07T15:00:00,43361099999,TONDI,9.733,79.033,30.7,1007.9,77.9
2025-06-07T21:00:00,43361099999,TONDI,9.733,79.033,28.4,1005.6,83.33
2025-06-08T00:00:00,43361099999,TONDI,9.733,79.033,28.1,1007.3,86.84
2025-06-08T03:00:00,43361099999,TONDI,9.733,79.033,30.7,1008.3,64.35
2025-06-08T06:00:00,43361099999,TONDI,9.733,79.033,33.9,1007.8,63.87
2025-06-08T09:00:00,43361099999,TONDI,9.733,79.033,33.0,1005.6,70.42
2025-06-08T15:00:00,43361099999,TONDI,9.73,79.03,31.0,1008.0,75.23
2025-06-08T18:00:00,43361099999,TONDI,9.733,79.033,30.2,1008.5,76.91
2025-06-08T21:00:00,43361099999,TONDI,9.733,79.033,28.8,1007.0,81.91
2025-06-09T00:00:00,43361099999,TONDI,9.733,79.033,28.2,1006.0,84.81
2025-06-09T03:00:00,43361099999,TONDI,9.73,79.03,31.2,1008.0,68.44
2025-06-09T06:00:00,43361099999,TONDI,9.733,79.033,32.8,1007.0,63.26
2025-06-09T09:00:00,43361099999,TONDI,9.73,79.03,33.0,1004.1,67.98
2025-06-09T15:00:00,43361099999,TONDI,9.733,79.033,31.0,1005.7,74.79
2025-06-09T18:00:00,43361099999,TONDI,9.733,79.033,31.0,1005.3,77.03
2025-06-09T21:00:00,43361099999,TONDI,9.733,79.033,29.4,1004.2,79.11
2025-06-10T00:00:00,43361099999,TONDI,9.733,79.033,29.0,1004.2,80.48
2025-06-10T03:00:00,43361099999,TONDI,9.733,79.033,30.2,1005.5,69.07
2025-06-10T06:00:00,43361099999,TONDI,9.733,79.033,33.4,1004.8,60.08
2025-06-10T09:00:00,43361099999,TONDI,9.733,79.033,32.8,1002.3,62.14
2025-06-10T12:00:00,43361099999,TONDI,9.733,79.033,31.4,1001.4,77.54
2025-06-10T15:00:00,43361099999,TONDI,9.733,79.033,28.6,1002.9,73.51
2025-06-10T18:00:00,43361099999,TONDI,9.733,79.033,28.2,1004.2,77.54
2025-06-10T21:00:00,43361099999,TONDI,9.733,79.033,27.0,1003.1,88.84
2025-06-11T00:00:00,43361099999,TONDI,9.733,79.033,26.6,1002.9,88.81
2025-06-11T03:00:00,43361099999,TONDI,9.733,79.033,29.0,1004.0,81.45
2025-06-11T06:00:00,43361099999,TONDI,9.733,79.033,34.7,1003.9,55.21
2025-06-11T09:00:00,43361099999,TONDI,9.733,79.033,32.6,1001.5,72.03
2025-06-11T12:00:00,43361099999,TONDI,9.733,79.033,26.4,1002.5,90.4
2025-06-11T15:00:00,43361099999,TONDI,9.733,79.033,29.4,1003.8,87.99
2025-06-12T03:00:00,43361099999,TONDI,9.733,79.033,29.4,1004.0,73.64
2025-06-12T06:00:00,43361099999,TONDI,9.733,79.033,34.3,1003.5,54.13
2025-06-12T09:00:00,43361099999,TONDI,9.733,79.033,32.2,1001.2,67.82
2025-06-12T12:00:00,43361099999,TONDI,9.733,79.033,32.6,1000.6,74.17
2025-06-12T15:00:00,43361099999,TONDI,9.733,79.033,31.0,1003.4,64.41
2025-06-12T18:00:00,43361099999,TONDI,9.733,79.033,30.2,1003.2,67.84
2025-06-12T21:00:00,43361099999,TONDI,9.733,79.033,28.8,1002.2,77.63
2025-06-13T00:00:00,43361099999,TONDI,9.733,79.033,27.2,1003.4,79.77
2025-06-13T03:00:00,43361099999,TONDI,9.733,79.033,31.4,1004.8,70.97
2025-06-13T06:00:00,43361099999,TONDI,9.733,79.033,37.0,1004.0,50.12
2025-06-13T09:00:00,43361099999,TONDI,9.733,79.033,33.0,1002.2,75.55
2025-06-13T12:00:00,43361099999,TONDI,9.733,79.033,33.8,1001.8,59.46
2025-06-13T15:00:00,43361099999,TONDI,9.733,79.033,31.4,1004.6,64.11
2025-06-13T18:00:00,43361099999,TONDI,9.733,79.033,30.4,1004.6,67.88
2025-06-13T21:00:00,43361099999,TONDI,9.733,79.033,29.0,1003.4,74.91
2025-06-14T00:00:00,43361099999,TONDI,9.733,79.033,27.8,1004.4,75.63
2025-06-14T03:00:00,43361099999,TONDI,9.733,79.033,31.0,1006.0,66.78
2025-06-14T06:00:00,43361099999,TONDI,9.733,79.033,33.8,1005.2,66.16
2025-06-14T09:00:00,43361099999,TONDI,9.733,79.033,31.7,1003.5,78.96
2025-06-14T12:00:00,43361099999,TONDI,9.733,79.033,32.1,1003.3,73.22
2025-06-14T15:00:00,43361099999,TONDI,9.733,79.033,28.1,1005.8,80.85
2025-06-14T18:00:00,43361099999,TONDI,9.733,79.033,27.4,1005.8,78.36
2025-06-14T21:00:00,43361099999,TONDI,9.733,79.033,25.9,1005.0,68.25
2025-06-15T00:00:00,43361099999,TONDI,9.733,79.033,27.1,1004.8,80.72
2025-06-15T03:00:00,43361099999,TONDI,9.733,79.033,29.8,1006.0,68.17
2025-06-15T06:00:00,43361099999,TONDI,9.733,79.033,34.6,1005.8,54.86
2025-06-15T09:00:00,43361099999,TONDI,9.733,79.033,36.2,1002.6,46.71
2025-06-15T12:00:00,43361099999,TONDI,9.733,79.033,34.3,1003.3,49.43
2025-06-15T15:00:00,43361099999,TONDI,9.733,79.033,30.7,1006.0,59.1
2025-06-15T18:00:00,43361099999,TONDI,9.733,79.033,29.0,1007.1,68.02
2025-06-15T21:00:00,43361099999,TONDI,9.733,79.033,27.7,1005.0,76.54
2025-06-16T00:00:00,43361099999,TONDI,9.733,79.033,26.9,1005.3,76.88
2025-06-16T03:00:00,43361099999,TONDI,9.733,79.033,30.1,1006.3,65.01
2025-06-16T06:00:00,43361099999,TONDI,9.733,79.033,32.2,1006.2,65.83
2025-06-16T09:00:00,43361099999,TONDI,9.733,79.033,32.2,1004.4,71.53
2025-06-16T12:00:00,43361099999,TONDI,9.733,79.033,32.2,1004.3,72.81
2025-06-16T15:00:00,43361099999,TONDI,9.733,79.033,31.4,1006.6,61.09
2025-06-17T00:00:00,43361099999,TONDI,9.733,79.033,28.2,1007.6,77.54
2025-06-17T03:00:00,43361099999,TONDI,9.733,79.033,30.8,1008.4,66.74
2025-06-17T06:00:00,43361099999,TONDI,9.733,79.033,36.6,1007.0,44.07
2025-06-17T09:00:00,43361099999,TONDI,9.733,79.033,37.0,1006.3,54.78
2025-06-17T12:00:00,43361099999,TONDI,9.733,79.033,31.1,1005.1,82.18
2025-06-17T15:00:00,43361099999,TONDI,9.733,79.033,32.3,1007.2,53.64
2025-06-17T18:00:00,43361099999,TONDI,9.733,79.033,30.6,1007.9,64.72
2025-06-17T21:00:00,43361099999,TONDI,9.733,79.033,28.6,1006.8,75.3
2025-06-18T00:00:00,43361099999,TONDI,9.733,79.033,27.7,1007.5,76.54
2025-06-18T03:00:00,43361099999,TONDI,9.733,79.033,30.7,1008.6,72.55
2025-06-18T06:00:00,43361099999,TONDI,9.733,79.033,32.6,1008.0,67.9
2025-06-18T09:00:00,43361099999,TONDI,9.733,79.033,32.2,1005.4,76.31
2025-06-18T12:00:00,43361099999,TONDI,9.733,79.033,31.2,1005.5,79.82
2025-06-18T15:00:00,43361099999,TONDI,9.733,79.033,30.4,1007.1,81.14
2025-06-18T18:00:00,43361099999,TONDI,9.733,79.033,30.2,1007.6,65.03
2025-06-18T21:00:00,43361099999,TONDI,9.733,79.033,28.8,1006.1,66.75
2025-06-19T00:00:00,43361099999,TONDI,9.733,79.033,28.2,1006.8,78.95
2025-06-19T03:00:00,43361099999,TONDI,9.733,79.033,30.6,1008.3,72.97
2025-06-19T06:00:00,43361099999,TONDI,9.733,79.033,32.2,1007.6,67.82
2025-06-19T09:00:00,43361099999,TONDI,9.733,79.033,32.2,1004.4,75.86
2025-06-19T12:00:00,43361099999,TONDI,9.733,79.033,31.1,1004.9,82.66
2025-06-19T15:00:00,43361099999,TONDI,9.733,79.033,30.5,1007.3,86.05
2025-06-19T18:00:00,43361099999,TONDI,9.733,79.033,30.4,1008.4,88.07
2025-06-19T21:00:00,43361099999,TONDI,9.733,79.033,28.3,1006.9,76.17
2025-06-20T00:00:00,43361099999,TONDI,9.733,79.033,27.7,1007.3,77.0
2025-06-20T03:00:00,43361099999,TONDI,9.733,79.033,30.4,1009.2,74.25
2025-06-20T06:00:00,43361099999,TONDI,9.733,79.033,33.1,1008.4,68.8
2025-06-20T09:00:00,43361099999,TONDI,9.733,79.033,32.4,1006.2,70.31
2025-06-20T12:00:00,43361099999,TONDI,9.733,79.033,31.0,1005.4,82.17
2025-06-20T15:00:00,43361099999,TONDI,9.733,79.033,30.8,1007.8,86.58
2025-06-20T18:00:00,43361099999,TONDI,9.733,79.033,30.4,1008.6,88.07
2025-06-21T00:00:00,43361099999,TONDI,9.733,79.033,28.2,1007.2,88.93
2025-06-21T03:00:00,43361099999,TONDI,9.733,79.033,31.2,1009.0,74.82
2025-06-21T06:00:00,43361099999,TONDI,9.733,79.033,32.4,1008.2,66.66
2025-06-21T09:00:00,43361099999,TONDI,9.733,79.033,32.4,1006.0,74.14
2025-06-21T15:00:00,43361099999,TONDI,9.733,79.033,30.6,1008.0,86.56
2025-06-21T18:00:00,43361099999,TONDI,9.733,79.033,30.0,1008.2,88.04
2025-06-22T00:00:00,43361099999,TONDI,9.733,79.033,27.8,1006.6,88.9
2025-06-22T03:00:00,43361099999,TONDI,9.733,79.033,31.0,1008.2,67.59
2025-06-22T06:00:00,43361099999,TONDI,9.733,79.033,33.4,1007.4,61.17
2025-06-22T09:00:00,43361099999,TONDI,9.733,79.033,32.8,1005.2,74.2
2025-06-22T12:00:00,43361099999,TONDI,9.733,79.033,24.8,1006.6,91.39
2025-06-22T15:00:00,43361099999,TONDI,9.733,79.033,27.2,1008.0,88.85
2025-06-22T18:00:00,43361099999,TONDI,9.733,79.033,27.4,1008.6,88.87
2025-06-22T21:00:00,43361099999,TONDI,9.733,79.033,27.0,1006.8,88.84
2025-06-23T00:00:00,43361099999,TONDI,9.733,79.033,26.8,1007.2,93.71
2025-06-23T03:00:00,43361099999,TONDI,9.733,79.033,28.2,1008.4,87.37
2025-06-23T06:00:00,43361099999,TONDI,9.733,79.033,31.8,1007.0,66.15
2025-06-23T09:00:00,43361099999,TONDI,9.733,79.033,30.9,1005.5,73.02
2025-06-23T12:00:00,43361099999,TONDI,9.733,79.033,30.9,1004.5,79.32
2025-06-23T15:00:00,43361099999,TONDI,9.733,79.033,29.5,1006.5,81.51
2025-06-23T18:00:00,43361099999,TONDI,9.733,79.033,27.8,1006.8,77.01
2025-06-23T21:00:00,43361099999,TONDI,9.733,79.033,26.9,1005.7,82.67
2025-06-24T00:00:00,43361099999,TONDI,9.733,79.033,26.2,1005.6,87.19
2025-06-24T03:00:00,43361099999,TONDI,9.733,79.033,29.2,1007.0,74.5
2025-06-24T06:00:00,43361099999,TONDI,9.733,79.033,35.0,1006.2,51.75
2025-06-24T09:00:00,43361099999,TONDI,9.733,79.033,33.0,1003.6,74.23
2025-06-24T12:00:00,43361099999,TONDI,9.733,79.033,36.0,1002.8,42.58
2025-06-24T15:00:00,43361099999,TONDI,9.733,79.033,32.0,1005.6,59.04
2025-06-24T18:00:00,43361099999,TONDI,9.733,79.033,31.2,1006.6,64.46
2025-06-24T21:00:00,43361099999,TONDI,9.733,79.033,30.0,1005.4,70.29
2025-06-25T00:00:00,43361099999,TONDI,9.733,79.033,28.0,1005.6,77.51
2025-06-25T03:00:00,43361099999,TONDI,9.733,79.033,30.4,1006.8,70.37
2025-06-25T06:00:00,43361099999,TONDI,9.733,79.033,32.8,1006.4,72.91
2025-06-25T09:00:00,43361099999,TONDI,9.733,79.033,32.4,1004.0,75.45
2025-06-25T12:00:00,43361099999,TONDI,9.733,79.033,31.8,1004.2,62.67
2025-06-25T15:00:00,43361099999,TONDI,9.733,79.033,30.8,1006.0,74.31
2025-06-25T18:00:00,43361099999,TONDI,9.733,79.033,29.8,1006.6,78.23
2025-06-25T21:00:00,43361099999,TONDI,9.733,79.033,29.0,1005.6,80.48
2025-06-26T00:00:00,43361099999,TONDI,9.733,79.033,28.0,1006.0,85.81
2025-06-26T03:00:00,43361099999,TONDI,9.733,79.033,30.6,1007.8,72.97
2025-06-26T06:00:00,43361099999,TONDI,9.733,79.033,34.2,1007.2,66.63
2025-06-26T09:00:00,43361099999,TONDI,9.733,79.033,31.6,1005.4,80.35
2025-06-26T12:00:00,43361099999,TONDI,9.733,79.033,30.8,1004.4,84.09
2025-06-26T15:00:00,43361099999,TONDI,9.733,79.033,30.6,1006.3,76.97
2025-06-26T18:00:00,43361099999,TONDI,9.733,79.033,29.6,1007.3,71.93
2025-06-26T21:00:00,43361099999,TONDI,9.733,79.033,27.7,1005.6,76.54
2025-06-27T00:00:00,43361099999,TONDI,9.733,79.033,27.6,1006.6,77.92
2025-06-27T03:00:00,43361099999,TONDI,9.733,79.033,30.6,1007.5,72.97
2025-06-27T06:00:00,43361099999,TONDI,9.733,79.033,32.5,1007.4,62.45
2025-06-27T09:00:00,43361099999,TONDI,9.733,79.033,32.2,1005.8,76.31
2025-06-27T12:00:00,43361099999,TONDI,9.733,79.033,31.1,1004.9,81.23
2025-06-27T15:00:00,43361099999,TONDI,9.733,79.033,30.1,1007.6,90.12
2025-06-27T21:00:00,43361099999,TONDI,9.733,79.033,28.7,1007.1,93.25
2025-06-28T00:00:00,43361099999,TONDI,9.733,79.033,28.1,1007.1,91.59
2025-06-28T03:00:00,43361099999,TONDI,9.733,79.033,30.2,1008.6,84.52
2025-06-28T06:00:00,43361099999,TONDI,9.733,79.033,33.6,1007.8,68.9
2025-06-28T09:00:00,43361099999,TONDI,9.733,79.033,32.4,1005.4,75.45
2025-06-28T15:00:00,43361099999,TONDI,9.733,79.033,30.8,1007.4,86.58
2025-06-28T18:00:00,43361099999,TONDI,9.733,79.033,29.8,1007.1,91.15
2025-06-28T21:00:00,43361099999,TONDI,9.733,79.033,29.0,1006.9,92.18
2025-06-29T00:00:00,43361099999,TONDI,9.733,79.033,28.0,1006.2,77.51
2025-06-29T03:00:00,43361099999,TONDI,9.733,79.033,30.4,1007.2,71.21
2025-06-29T06:00:00,43361099999,TONDI,9.733,79.033,33.8,1006.4,61.62
2025-06-29T09:00:00,43361099999,TONDI,9.733,79.033,31.7,1004.5,71.87
2025-06-29T12:00:00,43361099999,TONDI,9.733,79.033,30.7,1004.4,85.07
2025-06-29T15:00:00,43361099999,TONDI,9.733,79.033,30.0,1006.6,83.51
2025-06-29T18:00:00,43361099999,TONDI,9.733,79.033,28.9,1005.8,81.43
2025-06-29T21:00:00,43361099999,TONDI,9.733,79.033,28.6,1005.5,80.91
2025-06-30T00:00:00,43361099999,TONDI,9.733,79.033,27.7,1005.7,83.75
2025-06-30T03:00:00,43361099999,TONDI,9.733,79.033,31.2,1006.9,76.16
2025-06-30T06:00:00,43361099999,TONDI,9.733,79.033,33.1,1006.8,62.2
2025-06-30T09:00:00,43361099999,TONDI,9.733,79.033,32.0,1004.3,68.59
2025-06-30T12:00:00,43361099999,TONDI,9.733,79.033,31.8,1004.1,80.37
2025-06-30T15:00:00,43361099999,TONDI,9.733,79.033,30.0,1005.8,86.5
2025-06-30T18:00:00,43361099999,TONDI,9.733,79.033,29.6,1006.6,83.47
2025-06-30T21:00:00,43361099999,TONDI,9.733,79.033,28.6,1006.0,84.85
2025-07-01T00:00:00,43361099999,TONDI,9.733,79.033,28.0,1006.9,84.79
2025-07-01T03:00:00,43361099999,TONDI,9.733,79.033,29.2,1008.2,68.47
2025-07-01T06:00:00,43361099999,TONDI,9.733,79.033,33.0,1007.1,57.52
2025-07-01T09:00:00,43361099999,TONDI,9.733,79.033,32.4,1004.8,69.08
2025-07-01T12:00:00,43361099999,TONDI,9.733,79.033,31.5,1004.4,78.02
2025-07-01T15:00:00,43361099999,TONDI,9.733,79.033,30.6,1005.9,86.06
2025-07-01T18:00:00,43361099999,TONDI,9.733,79.033,29.7,1007.1,73.25
2025-07-01T21:00:00,43361099999,TONDI,9.733,79.033,28.1,1006.0,75.22
2025-07-02T00:00:00,43361099999,TONDI,9.733,79.033,27.6,1006.3,73.34
2025-07-02T03:00:00,43361099999,TONDI,9.733,79.033,30.1,1007.4,64.22
2025-07-02T06:00:00,43361099999,TONDI,9.733,79.033,35.9,1007.3,45.79
2025-07-02T09:00:00,43361099999,TONDI,9.733,79.033,33.0,1004.8,70.42
2025-07-02T15:00:00,43361099999,TONDI,9.733,79.033,32.0,1006.2,53.24
2025-07-02T18:00:00,43361099999,TONDI,9.733,79.033,31.2,1006.9,61.05
2025-07-02T21:00:00,43361099999,TONDI,9.733,79.033,29.8,1006.0,69.83
2025-07-03T00:00:00,43361099999,TONDI,9.733,79.033,28.8,1006.6,70.93
2025-07-03T03:00:00,43361099999,TONDI,9.733,79.033,32.0,1008.8,65.01
2025-07-03T06:00:00,43361099999,TONDI,9.733,79.033,32.2,1007.8,65.05
2025-07-03T09:00:00,43361099999,TONDI,9.733,79.033,32.0,1005.6,71.08
2025-07-03T15:00:00,43361099999,TONDI,9.733,79.033,30.6,1008.0,86.56
2025-07-03T18:00:00,43361099999,TONDI,9.733,79.033,30.0,1008.6,88.04
2025-07-03T21:00:00,43361099999,TONDI,9.733,79.033,29.4,1007.6,92.2
2025-07-04T00:00:00,43361099999,TONDI,9.733,79.033,27.6,1008.0,75.14
2025-07-04T03:00:00,43361099999,TONDI,9.733,79.033,30.4,1009.6,75.59
2025-07-04T06:00:00,43361099999,TONDI,9.733,79.033,34.6,1008.0,57.55
2025-07-04T09:00:00,43361099999,TONDI,9.733,79.033,32.7,1005.9,74.62
2025-07-04T12:00:00,43361099999,TONDI,9.733,79.033,31.5,1005.4,78.94
2025-07-04T15:00:00,43361099999,TONDI,9.733,79.033,30.7,1007.5,85.57
2025-07-04T18:00:00,43361099999,TONDI,9.733,79.033,30.1,1008.2,84.51
2025-07-04T21:00:00,43361099999,TONDI,9.733,79.033,28.1,1007.6,73.87
2025-07-05T00:00:00,43361099999,TONDI,9.733,79.033,27.5,1008.4,72.0
2025-07-05T03:00:00,43361099999,TONDI,9.733,79.033,31.1,1008.6,58.84
2025-07-05T06:00:00,43361099999,TONDI,9.733,79.033,34.6,1007.9,63.27
2025-07-05T09:00:00,43361099999,TONDI,9.733,79.033,32.6,1005.4,67.1
2025-07-05T12:00:00,43361099999,TONDI,9.733,79.033,31.9,1004.7,79.45
2025-07-06T00:00:00,43361099999,TONDI,9.733,79.033,27.3,1006.5,67.68
2025-07-06T03:00:00,43361099999,TONDI,9.733,79.033,31.1,1008.6,68.83
2025-07-06T06:00:00,43361099999,TONDI,9.733,79.033,35.4,1007.4,53.43
2025-07-06T09:00:00,43361099999,TONDI,9.733,79.033,33.4,1004.4,65.3
2025-07-06T12:00:00,43361099999,TONDI,9.733,79.033,32.0,1004.0,79.0
2025-07-06T15:00:00,43361099999,TONDI,9.733,79.033,32.6,1006.4,52.74
2025-07-06T18:00:00,43361099999,TONDI,9.733,79.033,30.8,1006.8,61.7
2025-07-06T21:00:00,43361099999,TONDI,9.733,79.033,29.6,1006.2,69.8
2025-07-07T00:00:00,43361099999,TONDI,9.733,79.033,28.0,1006.6,73.85
2025-07-07T03:00:00,43361099999,TONDI,9.733,79.033,31.4,1007.8,60.35
2025-07-07T06:00:00,43361099999,TONDI,9.733,79.033,33.8,1007.2,63.85
2025-07-07T09:00:00,43361099999,TONDI,9.733,79.033,32.4,1005.3,75.89
2025-07-07T12:00:00,43361099999,TONDI,9.733,79.033,31.7,1004.6,80.36
2025-07-07T15:00:00,43361099999,TONDI,9.733,79.033,30.6,1006.3,89.11
2025-07-07T18:00:00,43361099999,TONDI,9.733,79.033,29.9,1007.0,86.5
2025-07-07T21:00:00,43361099999,TONDI,9.733,79.033,28.4,1006.4,71.72
2025-07-08T00:00:00,43361099999,TONDI,9.733,79.033,27.5,1006.8,74.22
2025-07-08T03:00:00,43361099999,TONDI,9.733,79.033,30.7,1008.4,66.72
2025-07-08T06:00:00,43361099999,TONDI,9.733,79.033,33.2,1007.4,63.35
2025-07-08T09:00:00,43361099999,TONDI,9.733,79.033,32.0,1005.2,61.59
2025-07-08T12:00:00,43361099999,TONDI,9.733,79.033,31.2,1005.3,79.82
2025-07-08T15:00:00,43361099999,TONDI,9.733,79.033,30.6,1007.3,86.56
2025-07-08T18:00:00,43361099999,TONDI,9.733,79.033,30.0,1008.0,85.0
2025-07-08T21:00:00,43361099999,TONDI,9.733,79.033,29.2,1006.7,83.42
2025-07-09T00:00:00,43361099999,TONDI,9.733,79.033,28.8,1007.3,86.39
2025-07-09T03:00:00,43361099999,TONDI,9.733,79.033,30.2,1008.5,67.84
2025-07-09T09:00:00,43361099999,TONDI,9.733,79.033,32.7,1004.4,65.54
2025-07-09T12:00:00,43361099999,TONDI,9.733,79.033,31.8,1004.8,73.17
2025-07-09T15:00:00,43361099999,TONDI,9.733,79.033,30.5,1006.4,81.63
2025-07-09T18:00:00,43361099999,TONDI,9.733,79.033,30.6,1006.9,79.28
2025-07-09T21:00:00,43361099999,TONDI,9.733,79.033,28.6,1005.7,83.85
2025-07-10T00:00:00,43361099999,TONDI,9.733,79.033,28.2,1006.2,83.81
2025-07-10T03:00:00,43361099999,TONDI,9.733,79.033,31.1,1007.5,68.83
2025-07-10T06:00:00,43361099999,TONDI,9.733,79.033,32.8,1007.2,71.22
2025-07-10T09:00:00,43361099999,TONDI,9.733,79.033,32.8,1004.6,69.15
2025-07-10T12:00:00,43361099999,TONDI,9.733,79.033,31.8,1003.6,78.98
2025-07-10T15:00:00,43361099999,TONDI,9.733,79.033,31.0,1006.2,76.13
2025-07-10T18:00:00,43361099999,TONDI,9.733,79.033,30.2,1006.8,79.69
2025-07-10T21:00:00,43361099999,TONDI,9.733,79.033,29.2,1005.8,84.92
2025-07-11T00:00:00,43361099999,TONDI,9.733,79.033,28.8,1005.6,84.87
2025-07-11T03:00:00,43361099999,TONDI,9.733,79.033,31.2,1007.0,72.21
2025-07-11T06:00:00,43361099999,TONDI,9.733,79.033,34.0,1006.2,69.78
2025-07-11T09:00:00,43361099999,TONDI,9.733,79.033,33.2,1004.1,78.26
2025-07-11T12:00:00,43361099999,TONDI,9.733,79.033,31.6,1004.7,56.49
2025-07-11T15:00:00,43361099999,TONDI,9.733,79.033,29.0,1006.4,81.93
2025-07-11T18:00:00,43361099999,TONDI,9.733,79.033,30.0,1006.7,82.54
2025-07-11T21:00:00,43361099999,TONDI,9.733,79.033,29.6,1005.7,72.36
2025-07-12T00:00:00,43361099999,TONDI,9.733,79.033,29.0,1006.0,77.66
2025-07-12T03:00:00,43361099999,TONDI,9.733,79.033,31.2,1007.1,64.46
2025-07-12T06:00:00,43361099999,TONDI,9.733,79.033,35.0,1007.0,59.02
2025-07-12T09:00:00,43361099999,TONDI,9.733,79.033,33.0,1004.6,67.98
2025-07-12T12:00:00,43361099999,TONDI,9.733,79.033,31.8,1004.2,78.98
2025-07-12T15:00:00,43361099999,TONDI,9.733,79.033,31.4,1006.4,76.19
2025-07-12T18:00:00,43361099999,TONDI,9.733,79.033,30.4,1006.6,84.05
2025-07-13T00:00:00,43361099999,TONDI,9.733,79.033,28.6,1005.6,83.85
2025-07-13T06:00:00,43361099999,TONDI,9.733,79.033,33.0,1007.2,65.6
2025-07-13T09:00:00,43361099999,TONDI,9.733,79.033,32.6,1005.0,66.7
2025-07-13T12:00:00,43361099999,TONDI,9.733,79.033,31.1,1004.6,83.63
2025-07-13T15:00:00,43361099999,TONDI,9.733,79.033,31.5,1006.0,82.23
2025-07-13T18:00:00,43361099999,TONDI,9.733,79.033,31.0,1007.3,77.94
2025-07-13T21:00:00,43361099999,TONDI,9.733,79.033,29.5,1006.4,77.73
2025-07-14T00:00:00,43361099999,TONDI,9.733,79.033,28.5,1006.6,71.74
2025-07-14T03:00:00,43361099999,TONDI,9.733,79.033,30.8,1008.2,62.45
2025-07-14T06:00:00,43361099999,TONDI,9.733,79.033,33.7,1007.0,60.87
2025-07-14T09:00:00,43361099999,TONDI,9.733,79.033,33.0,1004.8,69.19
2025-07-14T12:00:00,43361099999,TONDI,9.733,79.033,32.0,1004.2,79.0
2025-07-14T15:00:00,43361099999,TONDI,9.733,79.033,28.4,1007.6,74.82
2025-07-14T18:00:00,43361099999,TONDI,9.733,79.033,28.0,1007.4,77.51
2025-07-14T21:00:00,43361099999,TONDI,9.733,79.033,27.8,1005.6,78.42
2025-07-15T00:00:00,43361099999,TONDI,9.733,79.033,28.0,1005.2,77.51
2025-07-15T03:00:00,43361099999,TONDI,9.733,79.033,30.8,1007.0,65.55
2025-07-15T06:00:00,43361099999,TONDI,9.733,79.033,34.6,1006.2,57.55
2025-07-15T09:00:00,43361099999,TONDI,9.733,79.033,32.8,1004.2,66.74
2025-07-15T12:00:00,43361099999,TONDI,9.733,79.033,31.6,1003.4,71.0
2025-07-15T15:00:00,43361099999,TONDI,9.733,79.033,30.6,1005.8,76.97
2025-07-15T18:00:00,43361099999,TONDI,9.733,79.033,29.4,1006.2,80.54
2025-07-15T21:00:00,43361099999,TONDI,9.733,79.033,28.6,1004.1,84.85
2025-07-16T00:00:00,43361099999,TONDI,9.733,79.033,27.6,1004.6,89.41
2025-07-16T03:00:00,43361099999,TONDI,9.733,79.033,31.6,1006.0,67.3
2025-07-16T06:00:00,43361099999,TONDI,9.733,79.033,33.8,1005.2,61.62
2025-07-16T09:00:00,43361099999,TONDI,9.733,79.033,32.6,1003.3,71.6
2025-07-16T12:00:00,43361099999,TONDI,9.733,79.033,31.8,1003.0,74.92
2025-07-16T15:00:00,43361099999,TONDI,9.733,79.033,30.6,1005.2,70.4
2025-07-16T18:00:00,43361099999,TONDI,9.733,79.033,29.6,1005.8,71.07
2025-07-16T21:00:00,43361099999,TONDI,9.733,79.033,28.8,1004.9,63.95
2025-07-17T00:00:00,43361099999,TONDI,9.733,79.033,28.0,1005.0,70.35
2025-07-17T03:00:00,43361099999,TONDI,9.733,79.033,30.6,1005.9,60.54
2025-07-17T06:00:00,43361099999,TONDI,9.733,79.033,33.2,1006.2,57.56
2025-07-17T09:00:00,43361099999,TONDI,9.733,79.033,32.2,1004.0,69.04
2025-07-17T12:00:00,43361099999,TONDI,9.733,79.033,30.9,1003.6,84.1
2025-07-17T15:00:00,43361099999,TONDI,9.733,79.033,30.8,1005.9,84.09
2025-07-17T18:00:00,43361099999,TONDI,9.733,79.033,30.2,1005.5,84.52
2025-07-17T21:00:00,43361099999,TONDI,9.733,79.033,28.6,1005.1,86.37
2025-07-18T00:00:00,43361099999,TONDI,9.733,79.033,28.2,1005.1,83.81
2025-07-18T03:00:00,43361099999,TONDI,9.733,79.033,31.1,1006.5,69.66
2025-07-18T06:00:00,43361099999,TONDI,9.733,79.033,33.6,1006.1,60.85
2025-07-18T09:00:00,43361099999,TONDI,9.733,79.033,33.0,1003.8,70.42
2025-07-18T15:00:00,43361099999,TONDI,9.733,79.033,31.0,1004.2,85.6
2025-07-18T18:00:00,43361099999,TONDI,9.733,79.033,30.2,1004.8,86.52
2025-07-18T21:00:00,43361099999,TONDI,9.733,79.033,29.0,1004.4,89.52
2025-07-19T00:00:00,43361099999,TONDI,9.733,79.033,28.2,1004.2,71.68
2025-07-19T03:00:00,43361099999,TONDI,9.733,79.033,31.2,1005.6,61.42
2025-07-19T06:00:00,43361099999,TONDI,9.733,79.033,34.0,1004.8,55.04
2025-07-19T09:00:00,43361099999,TONDI,9.733,79.033,35.9,1001.9,50.75
2025-07-19T12:00:00,43361099999,TONDI,9.733,79.033,35.2,1001.1,47.6
2025-07-19T15:00:00,43361099999,TONDI,9.733,79.033,32.1,1003.7,55.25
2025-07-19T18:00:00,43361099999,TONDI,9.733,79.033,30.2,1004.7,64.64
2025-07-19T21:00:00,43361099999,TONDI,9.733,79.033,29.3,1002.8,68.9
2025-07-20T00:00:00,43361099999,TONDI,9.733,79.033,28.2,1003.4,74.34
2025-07-20T03:00:00,43361099999,TONDI,9.733,79.033,28.6,1005.0,71.32
2025-07-20T06:00:00,43361099999,TONDI,9.733,79.033,34.0,1004.9,53.41
2025-07-20T09:00:00,43361099999,TONDI,9.733,79.033,33.0,1002.3,64.45
2025-07-20T12:00:00,43361099999,TONDI,9.733,79.033,32.0,1002.2,72.35
2025-07-20T15:00:00,43361099999,TONDI,9.733,79.033,31.4,1003.9,48.38
2025-07-20T18:00:00,43361099999,TONDI,9.733,79.033,30.2,1005.0,52.79
2025-07-21T00:00:00,43361099999,TONDI,9.733,79.033,28.0,1004.4,63.39
2025-07-21T03:00:00,43361099999,TONDI,9.733,79.033,29.0,1005.2,65.58
2025-07-21T06:00:00,43361099999,TONDI,9.733,79.033,34.0,1005.1,39.75
2025-07-21T09:00:00,43361099999,TONDI,9.733,79.033,31.6,1003.3,70.58
2025-07-21T12:00:00,43361099999,TONDI,9.733,79.033,30.5,1003.5,85.55
2025-07-21T18:00:00,43361099999,TONDI,9.733,79.033,29.3,1006.0,73.63
2025-07-21T21:00:00,43361099999,TONDI,9.733,79.033,28.9,1005.2,74.9
2025-07-22T00:00:00,43361099999,TONDI,9.733,79.033,28.2,1005.9,77.54
2025-07-22T03:00:00,43361099999,TONDI,9.733,79.033,29.9,1007.6,73.29
2025-07-22T06:00:00,43361099999,TONDI,9.733,79.033,34.9,1006.4,56.26
2025-07-22T12:00:00,43361099999,TONDI,9.733,79.033,31.8,1003.8,72.31
2025-07-22T15:00:00,43361099999,TONDI,9.733,79.033,31.6,1005.3,49.65
2025-07-22T18:00:00,43361099999,TONDI,9.733,79.033,30.0,1006.7,57.51
2025-07-22T21:00:00,43361099999,TONDI,9.733,79.033,29.0,1005.6,64.38
2025-07-23T00:00:00,43361099999,TONDI,9.733,79.033,28.0,1005.6,69.07
2025-07-23T03:00:00,43361099999,TONDI,9.733,79.033,31.0,1005.9,57.04
2025-07-23T09:00:00,43361099999,TONDI,9.733,79.033,31.7,1002.9,68.13
2025-07-23T12:00:00,43361099999,TONDI,9.733,79.033,31.1,1002.4,76.59
2025-07-23T15:00:00,43361099999,TONDI,9.733,79.033,31.1,1005.1,63.66
2025-07-23T18:00:00,43361099999,TONDI,9.733,79.033,29.2,1006.2,61.35
2025-07-23T21:00:00,43361099999,TONDI,9.733,79.033,28.2,1004.2,67.44
2025-07-24T00:00:00,43361099999,TONDI,9.733,79.033,27.2,1004.3,70.63
2025-07-24T03:00:00,43361099999,TONDI,9.733,79.033,29.1,1005.4,62.46
2025-07-24T06:00:00,43361099999,TONDI,9.733,79.033,32.0,1004.7,60.86
2025-07-24T09:00:00,43361099999,TONDI,9.733,79.033,31.0,1003.4,75.23
2025-07-24T12:00:00,43361099999,TONDI,9.733,79.033,34.4,1002.8,31.73
2025-07-24T15:00:00,43361099999,TONDI,9.733,79.033,31.8,1005.0,43.32
2025-07-24T18:00:00,43361099999,TONDI,9.733,79.033,29.8,1006.0,58.53
2025-07-24T21:00:00,43361099999,TONDI,9.733,79.033,29.0,1004.5,60.55
2025-07-25T00:00:00,43361099999,TONDI,9.733,79.033,28.0,1004.3,69.07
2025-07-25T03:00:00,43361099999,TONDI,9.733,79.033,30.0,1006.1,62.28
2025-07-25T06:00:00,43361099999,TONDI,9.733,79.033,31.0,1006.1,69.23
2025-07-25T09:00:00,43361099999,TONDI,9.733,79.033,30.7,1004.3,78.36
2025-07-25T12:00:00,43361099999,TONDI,9.733,79.033,34.3,1003.3,38.6
2025-07-25T15:00:00,43361099999,TONDI,9.733,79.033,30.9,1006.0,40.16
2025-07-25T18:00:00,43361099999,TONDI,9.733,79.033,29.1,1006.6,60.57
2025-07-25T21:00:00,43361099999,TONDI,9.733,79.033,28.2,1005.4,77.54
2025-07-26T00:00:00,43361099999,TONDI,9.733,79.033,27.1,1005.8,87.27
2025-07-26T03:00:00,43361099999,TONDI,9.733,79.033,28.9,1007.6,83.39
2025-07-26T09:00:00,43361099999,TONDI,9.733,79.033,36.0,1004.8,27.76
2025-07-26T12:00:00,43361099999,TONDI,9.733,79.033,33.0,1006.0,41.51
2025-07-26T15:00:00,43361099999,TONDI,9.733,79.033,30.4,1008.5,46.04
2025-07-26T18:00:00,43361099999,TONDI,9.733,79.033,30.0,1009.5,48.01
2025-07-26T21:00:00,43361099999,TONDI,9.733,79.033,29.0,1007.1,69.69
2025-07-27T03:00:00,43361099999,TONDI,9.733,79.033,31.0,1009.2,69.23
2025-07-27T06:00:00,43361099999,TONDI,9.733,79.033,33.0,1007.7,70.42
2025-07-27T09:00:00,43361099999,TONDI,9.733,79.033,31.7,1005.5,80.36
2025-07-27T12:00:00,43361099999,TONDI,9.733,79.033,30.4,1005.1,85.54
2025-07-27T15:00:00,43361099999,TONDI,9.733,79.033,29.5,1007.6,86.97
2025-07-27T18:00:00,43361099999,TONDI,9.733,79.033,29.4,1008.2,87.99
2025-07-27T21:00:00,43361099999,TONDI,9.733,79.033,29.0,1006.5,90.57
2025-07-28T00:00:00,43361099999,TONDI,9.733,79.033,28.8,1006.6,90.56
2025-07-28T03:00:00,43361099999,TONDI,9.733,79.033,30.3,1007.7,81.13
2025-07-28T06:00:00,43361099999,TONDI,9.733,79.033,31.8,1007.7,77.15
2025-07-28T09:00:00,43361099999,TONDI,9.733,79.033,31.4,1005.3,80.32
2025-07-28T12:00:00,43361099999,TONDI,9.733,79.033,30.4,1005.1,75.59
2025-07-28T15:00:00,43361099999,TONDI,9.733,79.033,29.6,1007.9,78.21
2025-07-28T18:00:00,43361099999,TONDI,9.733,79.033,29.0,1008.6,76.27
2025-07-28T21:00:00,43361099999,TONDI,9.733,79.033,28.2,1007.2,76.15
2025-07-29T00:00:00,43361099999,TONDI,9.733,79.033,27.4,1007.2,75.57
2025-07-29T09:00:00,43361099999,TONDI,9.733,79.033,31.8,1004.8,78.98
2025-07-29T15:00:00,43361099999,TONDI,9.733,79.033,30.1,1007.2,81.58
2025-07-29T18:00:00,43361099999,TONDI,9.733,79.033,29.8,1008.7,83.49
2025-07-29T21:00:00,43361099999,TONDI,9.733,79.033,29.2,1006.5,74.5
2025-07-30T00:00:00,43361099999,TONDI,9.733,79.033,27.6,1006.5,71.58
2025-07-30T03:00:00,43361099999,TONDI,9.733,79.033,30.9,1007.8,57.72
2025-07-30T06:00:00,43361099999,TONDI,9.733,79.033,33.7,1007.3,63.83
2025-07-30T12:00:00,43361099999,TONDI,9.733,79.033,30.7,1005.2,79.29
2025-07-30T15:00:00,43361099999,TONDI,9.733,79.033,30.4,1006.9,75.59
2025-07-30T18:00:00,43361099999,TONDI,9.733,79.033,30.2,1007.6,78.29
2025-07-30T21:00:00,43361099999,TONDI,9.733,79.033,30.2,1006.5,78.29
2025-07-31T00:00:00,43361099999,TONDI,9.733,79.033,28.0,1006.5,78.92
2025-07-31T03:00:00,43361099999,TONDI,9.733,79.033,30.4,1008.0,61.61
2025-07-31T06:00:00,43361099999,TONDI,9.733,79.033,34.8,1007.1,61.11
2025-07-31T09:00:00,43361099999,TONDI,9.733,79.033,32.0,1004.9,72.35
2025-07-31T12:00:00,43361099999,TONDI,9.733,79.033,31.4,1004.5,80.32
2025-07-31T15:00:00,43361099999,TONDI,9.733,79.033,30.1,1007.0,79.21
2025-07-31T21:00:00,43361099999,TONDI,9.733,79.033,29.0,1005.6,77.66
2025-08-01T00:00:00,43361099999,TONDI,9.733,79.033,28.2,1005.9,83.31
2025-08-01T03:00:00,43361099999,TONDI,9.733,79.033,30.2,1007.5,66.22
2025-08-01T06:00:00,43361099999,TONDI,9.733,79.033,32.6,1006.5,63.22
2025-08-01T09:00:00,43361099999,TONDI,9.733,79.033,32.2,1004.7,77.21
2025-08-01T15:00:00,43361099999,TONDI,9.733,79.033,30.1,1008.3,84.51
2025-08-01T18:00:00,43361099999,TONDI,9.733,79.033,26.2,1007.1,95.94
2025-08-01T21:00:00,43361099999,TONDI,9.733,79.033,25.8,1006.0,93.11
2025-08-02T00:00:00,43361099999,TONDI,9.733,79.033,25.7,1006.2,94.78
2025-08-02T03:00:00,43361099999,TONDI,9.733,79.033,27.7,1007.4,84.26
2025-08-02T06:00:00,43361099999,TONDI,9.733,79.033,32.9,1006.9,72.5
2025-08-02T09:00:00,43361099999,TONDI,9.733,79.033,31.8,1004.6,73.6
2025-08-02T15:00:00,43361099999,TONDI,9.733,79.033,26.8,1006.9,78.28
2025-08-02T18:00:00,43361099999,TONDI,9.733,79.033,25.2,1008.4,91.41
2025-08-02T21:00:00,43361099999,TONDI,9.733,79.033,25.6,1006.4,88.73
2025-08-03T00:00:00,43361099999,TONDI,9.733,79.033,25.6,1006.3,88.73
2025-08-03T03:00:00,43361099999,TONDI,9.733,79.033,26.6,1008.3,88.81
2025-08-03T06:00:00,43361099999,TONDI,9.733,79.033,30.6,1008.5,71.68
2025-08-03T09:00:00,43361099999,TONDI,9.733,79.033,30.2,1006.5,75.55
2025-08-03T12:00:00,43361099999,TONDI,9.733,79.033,30.0,1006.5,72.87
2025-08-03T15:00:00,43361099999,TONDI,9.733,79.033,29.0,1007.7,76.27
2025-08-03T18:00:00,43361099999,TONDI,9.733,79.033,28.2,1008.1,77.54
2025-08-03T21:00:00,43361099999,TONDI,9.733,79.033,27.4,1006.0,79.79
2025-08-04T00:00:00,43361099999,TONDI,9.733,79.033,27.2,1006.2,81.22
2025-08-04T03:00:00,43361099999,TONDI,9.733,79.033,29.0,1007.8,64.38
2025-08-04T06:00:00,43361099999,TONDI,9.733,79.033,33.0,1008.0,57.52
2025-08-04T09:00:00,43361099999,TONDI,9.733,79.033,30.6,1006.0,84.56
2025-08-04T12:00:00,43361099999,TONDI,9.733,79.033,30.1,1005.3,82.55
2025-08-04T15:00:00,43361099999,TONDI,9.733,79.033,29.1,1007.6,77.67
2025-08-04T18:00:00,43361099999,TONDI,9.733,79.033,28.5,1008.1,85.35
2025-08-04T21:00:00,43361099999,TONDI,9.733,79.033,28.2,1006.4,86.85
2025-08-05T00:00:00,43361099999,TONDI,9.733,79.033,27.8,1006.7,89.96
2025-08-05T03:00:00,43361099999,TONDI,9.733,79.033,29.2,1008.3,81.96
2025-08-05T06:00:00,43361099999,TONDI,9.733,79.033,32.3,1007.8,75.0
2025-08-05T09:00:00,43361099999,TONDI,9.733,79.033,31.6,1005.3,74.88
2025-08-05T15:00:00,43361099999,TONDI,9.733,79.033,29.2,1007.3,76.3
2025-08-05T21:00:00,43361099999,TONDI,9.733,79.033,26.6,1006.3,82.63
2025-08-06T00:00:00,43361099999,TONDI,9.733,79.033,26.0,1006.6,87.17
2025-08-06T03:00:00,43361099999,TONDI,9.733,79.033,28.2,1007.7,73.0
2025-08-06T06:00:00,43361099999,TONDI,9.733,79.033,32.6,1007.3,56.05
2025-08-06T09:00:00,43361099999,TONDI,9.733,79.033,32.0,1005.2,59.04
2025-08-06T12:00:00,43361099999,TONDI,9.733,79.033,30.4,1004.8,81.14
2025-08-06T15:00:00,43361099999,TONDI,9.733,79.033,30.0,1005.7,70.29
2025-08-06T18:00:00,43361099999,TONDI,9.733,79.033,30.0,1006.3,82.54
2025-08-06T21:00:00,43361099999,TONDI,9.733,79.033,28.0,1005.0,75.66
2025-08-07T00:00:00,43361099999,TONDI,9.733,79.033,27.6,1005.3,79.82
2025-08-07T03:00:00,43361099999,TONDI,9.733,79.033,30.2,1007.7,57.56
2025-08-07T09:00:00,43361099999,TONDI,9.733,79.033,31.6,1004.7,79.41
2025-08-07T12:00:00,43361099999,TONDI,9.733,79.033,30.5,1004.3,85.55
2025-08-07T15:00:00,43361099999,TONDI,9.733,79.033,29.9,1006.2,83.01
2025-08-07T18:00:00,43361099999,TONDI,9.733,79.033,29.1,1006.6,91.65
2025-08-07T21:00:00,43361099999,TONDI,9.733,79.033,28.5,1005.7,91.61
2025-08-08T00:00:00,43361099999,TONDI,9.733,79.033,27.9,1005.5,92.66
2025-08-08T03:00:00,43361099999,TONDI,9.733,79.033,30.9,1007.6,83.13
2025-08-08T09:00:00,43361099999,TONDI,9.733,79.033,32.2,1006.1,74.98
2025-08-08T12:00:00,43361099999,TONDI,9.733,79.033,30.8,1005.8,81.19
2025-08-08T15:00:00,43361099999,TONDI,9.733,79.033,30.0,1008.8,81.09
2025-08-08T18:00:00,43361099999,TONDI,9.733,79.033,28.2,1010.0,69.11
2025-08-08T21:00:00,43361099999,TONDI,9.733,79.033,26.7,1008.8,78.74
2025-08-09T00:00:00,43361099999,TONDI,9.733,79.033,27.6,1008.5,85.77
2025-08-09T03:00:00,43361099999,TONDI,9.733,79.033,28.0,1010.3,83.29
2025-08-09T06:00:00,43361099999,TONDI,9.733,79.033,30.0,1010.6,78.26
2025-08-09T09:00:00,43361099999,TONDI,9.733,79.033,32.4,1007.9,70.31
2025-08-09T12:00:00,43361099999,TONDI,9.733,79.033,30.0,1007.7,79.67
2025-08-09T15:00:00,43361099999,TONDI,9.733,79.033,29.0,1009.5,81.93
2025-08-09T18:00:00,43361099999,TONDI,9.733,79.033,28.4,1009.5,81.86
2025-08-09T21:00:00,43361099999,TONDI,9.733,79.033,28.0,1007.9,83.29
2025-08-10T00:00:00,43361099999,TONDI,9.733,79.033,28.0,1008.6,83.29
2025-08-10T03:00:00,43361099999,TONDI,9.733,79.033,30.0,1009.9,78.26
2025-08-10T06:00:00,43361099999,TONDI,9.733,79.033,29.8,1009.4,83.49
2025-08-10T09:00:00,43361099999,TONDI,9.733,79.033,30.1,1007.1,85.01
2025-08-11T03:00:00,43361099999,TONDI,9.733,79.033,26.7,1010.8,97.67
2025-08-11T09:00:00,43361099999,TONDI,9.733,79.033,28.8,1007.8,88.45
2025-08-11T12:00:00,43361099999,TONDI,9.733,79.033,29.4,1007.2,83.45
2025-08-11T15:00:00,43361099999,TONDI,9.733,79.033,28.4,1008.6,88.95
2025-08-11T18:00:00,43361099999,TONDI,9.733,79.033,27.8,1008.8,94.31
2025-08-11T21:00:00,43361099999,TONDI,9.733,79.033,27.2,1007.6,96.53
2025-08-12T00:00:00,43361099999,TONDI,9.733,79.033,26.2,1007.0,90.38
2025-08-12T03:00:00,43361099999,TONDI,9.733,79.033,28.0,1008.6,83.29
2025-08-12T06:00:00,43361099999,TONDI,9.733,79.033,32.8,1008.2,66.74
2025-08-12T12:00:00,43361099999,TONDI,9.733,79.033,30.0,1005.7,74.18
2025-08-12T15:00:00,43361099999,TONDI,9.733,79.033,29.4,1006.7,80.54
2025-08-12T18:00:00,43361099999,TONDI,9.733,79.033,28.4,1007.1,83.33
2025-08-12T21:00:00,43361099999,TONDI,9.733,79.033,27.0,1005.5,72.35
2025-08-13T00:00:00,43361099999,TONDI,9.733,79.033,26.4,1005.3,76.34
2025-08-13T03:00:00,43361099999,TONDI,9.733,79.033,28.4,1007.0,69.15
2025-08-13T06:00:00,43361099999,TONDI,9.733,79.033,31.6,1007.0,57.54
2025-08-13T09:00:00,43361099999,TONDI,9.733,79.033,31.0,1004.8,64.41
2025-08-13T12:00:00,43361099999,TONDI,9.733,79.033,28.6,1004.6,84.85
2025-08-13T15:00:00,43361099999,TONDI,9.733,79.033,27.6,1006.7,79.82
2025-08-13T18:00:00,43361099999,TONDI,9.733,79.033,26.6,1007.9,82.63
2025-08-13T21:00:00,43361099999,TONDI,9.733,79.033,26.0,1005.9,76.27
2025-08-14T00:00:00,43361099999,TONDI,9.733,79.033,25.4,1006.6,79.04
2025-08-14T03:00:00,43361099999,TONDI,9.733,79.033,28.8,1008.4,67.98
2025-08-14T06:00:00,43361099999,TONDI,9.733,79.033,31.6,1008.0,60.03
2025-08-14T09:00:00,43361099999,TONDI,9.733,79.033,31.4,1005.0,80.32
2025-08-14T15:00:00,43361099999,TONDI,9.733,79.033,29.2,1005.8,86.43
2025-08-14T18:00:00,43361099999,TONDI,9.733,79.033,28.4,1006.8,87.9
2025-08-14T21:00:00,43361099999,TONDI,9.733,79.033,27.6,1005.6,88.88
2025-08-15T00:00:00,43361099999,TONDI,9.733,79.033,26.4,1005.8,82.61
2025-08-15T03:00:00,43361099999,TONDI,9.733,79.033,30.0,1007.4,70.29
2025-08-15T06:00:00,43361099999,TONDI,9.733,79.033,32.4,1006.6,67.86
2025-08-15T09:00:00,43361099999,TONDI,9.733,79.033,31.0,1004.0,82.65
2025-08-15T12:00:00,43361099999,TONDI,9.733,79.033,29.2,1004.0,90.59
2025-08-15T15:00:00,43361099999,TONDI,9.733,79.033,29.2,1005.2,89.53
2025-08-15T18:00:00,43361099999,TONDI,9.733,79.033,28.2,1006.2,92.13
2025-08-15T21:00:00,43361099999,TONDI,9.733,79.033,27.4,1005.4,92.09
2025-08-16T00:00:00,43361099999,TONDI,9.733,79.033,26.0,1004.6,87.17
2025-08-16T03:00:00,43361099999,TONDI,9.733,79.033,29.4,1005.6,76.34
2025-08-16T06:00:00,43361099999,TONDI,9.733,79.033,31.4,1004.4,73.54
2025-08-16T09:00:00,43361099999,TONDI,9.733,79.033,31.8,1002.2,69.79
2025-08-16T12:00:00,43361099999,TONDI,9.733,79.033,30.8,1001.7,75.65
2025-08-16T15:00:00,43361099999,TONDI,9.733,79.033,30.2,1003.7,71.61
2025-08-16T18:00:00,43361099999,TONDI,9.733,79.033,29.4,1004.6,52.26
2025-08-16T21:00:00,43361099999,TONDI,9.733,79.033,28.4,1003.7,62.31
2025-08-17T00:00:00,43361099999,TONDI,9.733,79.033,27.4,1004.1,69.81
2025-08-17T03:00:00,43361099999,TONDI,9.733,79.033,28.2,1005.5,70.39
2025-08-17T06:00:00,43361099999,TONDI,9.733,79.033,31.4,1005.0,59.99
2025-08-17T09:00:00,43361099999,TONDI,9.733,79.033,32.4,1002.8,75.45
2025-08-17T12:00:00,43361099999,TONDI,9.733,79.033,31.2,1002.6,82.68
2025-08-17T15:00:00,43361099999,TONDI,9.733,79.033,30.6,1005.4,79.75
2025-08-17T18:00:00,43361099999,TONDI,9.733,79.033,29.4,1006.2,81.98
2025-08-17T21:00:00,43361099999,TONDI,9.733,79.033,28.2,1005.2,81.83
2025-08-18T00:00:00,43361099999,TONDI,9.733,79.033,27.2,1006.4,88.85
2025-08-18T03:00:00,43361099999,TONDI,9.733,79.033,28.6,1008.2,77.6
2025-08-18T06:00:00,43361099999,TONDI,9.733,79.033,33.4,1007.4,62.27
2025-08-18T09:00:00,43361099999,TONDI,9.733,79.033,32.8,1004.7,64.4
2025-08-18T12:00:00,43361099999,TONDI,9.733,79.033,30.6,1004.8,78.35
2025-08-18T15:00:00,43361099999,TONDI,9.733,79.033,30.2,1007.0,66.22
2025-08-18T21:00:00,43361099999,TONDI,9.733,79.033,28.0,1006.8,59.58
2025-08-19T00:00:00,43361099999,TONDI,9.733,79.033,27.4,1007.6,84.22
2025-08-19T03:00:00,43361099999,TONDI,9.733,79.033,28.6,1008.9,63.91
2025-08-19T06:00:00,43361099999,TONDI,9.733,79.033,34.4,1008.3,42.15
2025-08-19T09:00:00,43361099999,TONDI,9.733,79.033,32.6,1005.6,64.36
2025-08-19T12:00:00,43361099999,TONDI,9.733,79.033,30.4,1005.0,78.32
2025-08-19T15:00:00,43361099999,TONDI,9.733,79.033,29.6,1007.0,82.0
2025-08-19T18:00:00,43361099999,TONDI,9.733,79.033,29.0,1007.3,84.9
2025-08-19T21:00:00,43361099999,TONDI,9.73,79.03,27.6,1006.6,85.77
2025-08-20T00:00:00,43361099999,TONDI,9.733,79.033,27.2,1007.4,85.73
2025-08-20T03:00:00,43361099999,TONDI,9.733,79.033,30.2,1009.4,66.22
2025-08-20T06:00:00,43361099999,TONDI,9.733,79.033,32.6,1009.2,61.73
2025-08-20T09:00:00,43361099999,TONDI,9.733,79.033,31.6,1006.1,68.52
2025-08-20T12:00:00,43361099999,TONDI,9.733,79.033,30.4,1005.7,71.64
2025-08-20T15:00:00,43361099999,TONDI,9.733,79.033,29.4,1007.9,80.54
2025-08-20T18:00:00,43361099999,TONDI,9.733,79.033,29.0,1009.1,81.93
2025-08-20T21:00:00,43361099999,TONDI,9.733,79.033,28.2,1008.2,83.31
2025-08-21T00:00:00,43361099999,TONDI,9.733,79.033,27.4,1008.7,84.22
2025-08-21T03:00:00,43361099999,TONDI,9.733,79.033,31.0,1011.0,52.34
2025-08-21T06:00:00,43361099999,TONDI,9.733,79.033,32.4,1010.1,69.08
2025-08-21T09:00:00,43361099999,TONDI,9.733,79.033,31.6,1006.6,73.57
2025-08-21T12:00:00,43361099999,TONDI,9.733,79.033,30.4,1006.1,81.14
2025-08-21T15:00:00,43361099999,TONDI,9.733,79.033,30.2,1008.6,82.56
2025-08-21T18:00:00,43361099999,TONDI,9.733,79.033,29.2,1009.7,81.96
2025-08-21T21:00:00,43361099999,TONDI,9.733,79.033,28.4,1009.0,81.86
2025-08-22T00:00:00,43361099999,TONDI,9.733,79.033,27.4,1008.8,81.25
2025-08-22T03:00:00,43361099999,TONDI,9.733,79.033,30.2,1010.7,74.22
2025-08-22T06:00:00,43361099999,TONDI,9.733,79.033,31.6,1010.2,69.75
2025-08-22T09:00:00,43361099999,TONDI,9.733,79.033,31.4,1006.8,70.97
2025-08-22T12:00:00,43361099999,TONDI,9.733,79.033,30.6,1006.5,75.62
2025-08-22T15:00:00,43361099999,TONDI,9.733,79.033,30.2,1009.0,79.69
2025-08-22T18:00:00,43361099999,TONDI,9.733,79.033,29.4,1009.8,81.98
2025-08-22T21:00:00,43361099999,TONDI,9.733,79.033,29.0,1007.0,83.4
2025-08-23T00:00:00,43361099999,TONDI,9.733,79.033,28.0,1007.7,83.29
2025-08-23T03:00:00,43361099999,TONDI,9.733,79.033,30.0,1010.1,75.52
2025-08-23T06:00:00,43361099999,TONDI,9.733,79.033,32.8,1009.4,70.39
2025-08-23T09:00:00,43361099999,TONDI,9.733,79.033,31.8,1006.6,72.31
2025-08-23T12:00:00,43361099999,TONDI,9.733,79.033,31.0,1007.0,77.03
2025-08-23T15:00:00,43361099999,TONDI,9.733,79.033,26.6,1010.2,93.7
2025-08-23T18:00:00,43361099999,TONDI,9.733,79.033,26.8,1010.0,86.2
2025-08-23T21:00:00,43361099999,TONDI,9.733,79.033,26.2,1008.0,90.38
2025-08-24T00:00:00,43361099999,TONDI,9.733,79.033,26.6,1008.8,93.7
2025-08-24T06:00:00,43361099999,TONDI,9.733,79.033,32.0,1009.6,71.08
2025-08-24T09:00:00,43361099999,TONDI,9.733,79.033,31.8,1007.2,72.31
2025-08-24T12:00:00,43361099999,TONDI,9.733,79.033,30.8,1006.4,84.58
2025-08-24T15:00:00,43361099999,TONDI,9.733,79.033,29.8,1008.8,78.23
2025-08-24T18:00:00,43361099999,TONDI,9.733,79.033,28.4,1009.7,83.33
